step,episode,episode_return,negative_return,initial_outages,initial_outage_type,initial_outage_order,chronic_index,mask_enabled,mean_valid_action_count,sampled_invalid_action_count,policy_loss,value_loss,entropy,approx_kl,clip_fraction,num_generations,num_line_outages,load_shed_MW,num_proactive_actions,num_invalid_actions
1,1,-102.08484742651449,102.08484742651449,"76,77",common_bus_N-2,2,1714,True,0.0,0,0.0,0.0,0.0,0.0,0.0,1,5,15.091485977172852,1,0
2,2,-108.70688147287719,108.70688147287719,"66,68,97,105",N-4,4,1715,True,0.0,0,0.0,0.0,0.0,0.0,0.0,1,14,0.0,1,0
3,3,-100.1,100.1,"20,35,177",N-3,3,748,True,0.0,0,0.0,0.0,0.0,0.0,0.0,1,4,0.0,1,0
4,4,-113.18138532386293,113.18138532386293,"41,42,179",N-3,3,1737,True,0.0,0,0.0,0.0,0.0,0.0,0.0,1,18,62.79114866256714,1,0
6,5,-132.01152076045423,132.01152076045423,"40,178",common_bus_N-2,2,3,True,0.0,0,0.0,0.0,0.0,0.0,0.0,2,38,316.43781661987305,2,0
8,6,-108.06190497644307,108.06190497644307,"68,69",common_bus_N-2,2,1142,True,0.0,0,0.0,0.0,0.0,0.0,0.0,2,11,16.344594955444336,2,0
9,7,-100.1,100.1,"16,18",common_bus_N-2,2,979,True,0.0,0,0.0,0.0,0.0,0.0,0.0,1,3,16.13941979408264,1,0
10,8,-108.71041754076968,108.71041754076968,"147,152",common_bus_N-2,2,1292,True,0.0,0,0.0,0.0,0.0,0.0,0.0,1,12,16.06352984905243,1,0
11,9,-107.82231161310446,107.82231161310446,"123,124,150,152",N-4,4,589,True,0.0,0,0.0,0.0,0.0,0.0,0.0,1,13,142.260666847229,1,0
12,10,-103.06322599451269,103.06322599451269,"78,79,84",N-3,3,1382,True,0.0,0,0.0,0.0,0.0,0.0,0.0,1,7,25.5991593003273,1,0
13,11,-102.08909070798548,102.08909070798548,"147,149,155,156",N-4,4,1354,True,0.0,0,0.0,0.0,0.0,0.0,0.0,1,7,31.895501017570496,1,0
15,12,-124.35262146034593,124.35262146034593,"66,68,69,75",N-4,4,771,True,0.0,0,0.0,0.0,0.0,0.0,0.0,2,31,99.88438987731934,2,0
16,13,-134.42997148384086,134.42997148384086,"70,74,98",N-3,3,707,True,0.0,0,0.0,0.0,0.0,0.0,0.0,1,46,178.22948813438416,1,0
17,14,-110.52106548967768,110.52106548967768,"158,159,166",N-3,3,1466,True,0.0,0,0.0,0.0,0.0,0.0,0.0,1,15,17.184185326099396,1,0
18,15,-100.1,100.1,"105,115,118",N-3,3,1199,True,0.0,0,0.0,0.0,0.0,0.0,0.0,1,4,0.0,1,0
19,16,-109.62309459432956,109.62309459432956,"75,76,77",N-3,3,1555,True,0.0,0,0.0,0.0,0.0,0.0,0.0,1,14,31.156060099601746,1,0
20,17,-100.1,100.1,"67,68,98,105",N-4,4,1399,True,0.0,0,0.0,0.0,0.0,0.0,0.0,1,5,0.0,1,0
21,18,-123.0092214290729,123.0092214290729,"67,74,97,98",N-4,4,1222,True,0.0,0,0.0,0.0,0.0,0.0,0.0,1,31,64.30994820594788,1,0
22,19,-109.61861557499905,109.61861557499905,"153,157,162,166",N-4,4,563,True,0.0,0,0.0,0.0,0.0,0.0,0.0,1,15,9.32049572467804,1,0
23,20,-132.4333891827996,132.4333891827996,"22,35,38",N-3,3,1538,True,0.0,0,0.0,0.0,0.0,0.0,0.0,1,43,178.61897921562195,1,0
24,21,-102.08013266932447,102.08013266932447,"123,126,147,152",N-4,4,1402,True,0.0,0,0.0,0.0,0.0,0.0,0.0,1,7,0.0,1,0
26,22,-103.19151746046566,103.19151746046566,"83,88",common_bus_N-2,2,1466,True,0.0,0,0.0,0.0,0.0,0.0,0.0,2,6,43.67883825302124,2,0
27,23,-100.1,100.1,"2,9",common_bus_N-2,2,491,True,0.0,0,0.0,0.0,0.0,0.0,0.0,1,3,0.0,1,0
28,24,-113.16417646011942,113.16417646011942,"64,67,97,98",N-4,4,1371,True,0.0,0,0.0,0.0,0.0,0.0,0.0,1,19,0.0,1,0
29,25,-128.27245777790506,128.27245777790506,"135,138,140,141",N-4,4,1558,True,0.0,0,0.0,0.0,0.0,0.0,0.0,1,38,299.9014947414398,1,0
30,26,-114.91367390865939,114.91367390865939,"67,70,75",N-3,3,1613,True,0.0,0,0.0,0.0,0.0,0.0,0.0,1,20,110.78233194351196,1,0
31,27,-107.79991651645193,107.79991651645193,"32,33",common_bus_N-2,2,231,True,0.0,0,0.0,0.0,0.0,0.0,0.0,1,11,43.01214098930359,1,0
32,28,-121.4834185138067,121.4834185138067,"117,120,122,127",N-4,4,343,True,0.0,0,0.0,0.0,0.0,0.0,0.0,1,29,228.22606468200684,1,0
33,29,-114.02920235749421,114.02920235749421,"105,118",common_bus_N-2,2,1001,True,0.0,0,0.0,0.0,0.0,0.0,0.0,1,18,0.0,1,0
34,30,-100.1,100.1,"131,132,134,135",N-4,4,1059,True,0.0,0,0.0,0.0,0.0,0.0,0.0,1,5,0.0,1,0
35,31,-101.1006743337112,101.1006743337112,"147,155",common_bus_N-2,2,1135,True,0.0,0,0.0,0.0,0.0,0.0,0.0,1,4,20.021783351898193,1,0
36,32,-122.23783777018153,122.23783777018153,"75,98",common_bus_N-2,2,1761,True,0.0,0,0.0,0.0,0.0,0.0,0.0,1,28,72.92175197601318,1,0
37,33,-105.92354664157513,105.92354664157513,"136,140",common_bus_N-2,2,1595,True,0.0,0,0.0,0.0,0.0,0.0,0.0,1,9,0.0,1,0
39,34,-111.90174154855603,111.90174154855603,"20,38",common_bus_N-2,2,1389,True,0.0,0,0.0,0.0,0.0,0.0,0.0,2,15,67.40920281410217,2,0
40,35,-104.9770575499286,104.9770575499286,"67,68,75,97",N-4,4,1695,True,0.0,0,0.0,0.0,0.0,0.0,0.0,1,10,0.0,1,0
41,36,-108.7339913267197,108.7339913267197,"70,74",common_bus_N-2,2,1170,True,0.0,0,0.0,0.0,0.0,0.0,0.0,1,12,106.94590866565704,1,0
42,37,-111.41573567764776,111.41573567764776,"36,53",common_bus_N-2,2,1547,True,0.0,0,0.0,0.0,0.0,0.0,0.0,1,15,35.38594973087311,1,0
43,38,-114.03603875541972,114.03603875541972,"65,74,75",N-3,3,881,True,0.0,0,0.0,0.0,0.0,0.0,0.0,1,19,27.876372933387756,1,0
45,39,-129.57332786093016,129.57332786093016,"64,74,105",N-3,3,547,True,0.0,0,0.0,0.0,0.0,0.0,0.0,2,37,122.2297078371048,2,0
46,40,-111.41597141550726,111.41597141550726,"64,68,75,98",N-4,4,312,True,0.0,0,0.0,0.0,0.0,0.0,0.0,1,17,35.27307152748108,1,0
47,41,-0.1,0.1,"25,44",common_bus_N-2,2,1115,True,0.0,0,0.0,0.0,0.0,0.0,0.0,1,3,0.0,1,0
48,42,-105.92354664157513,105.92354664157513,"4,10",common_bus_N-2,2,850,True,0.0,0,0.0,0.0,0.0,0.0,0.0,1,9,0.0,1,0
49,43,-112.30170128682128,112.30170128682128,"107,109",common_bus_N-2,2,757,True,0.0,0,0.0,0.0,0.0,0.0,0.0,1,16,48.927727699279785,1,0
50,44,-114.04240367762623,114.04240367762623,"9,11",common_bus_N-2,2,620,True,0.0,0,0.0,0.0,0.0,0.0,0.0,1,18,62.60085201263428,1,0
51,45,-0.1,0.1,"83,88",common_bus_N-2,2,1984,True,0.0,0,0.0,0.0,0.0,0.0,0.0,1,3,0.0,1,0
52,46,-133.09948175582704,133.09948175582704,"66,74",common_bus_N-2,2,652,True,0.0,0,0.0,0.0,0.0,0.0,0.0,1,43,162.84705877304077,1,0
53,47,-114.89245750130438,114.89245750130438,"77,84",common_bus_N-2,2,453,True,0.0,0,0.0,0.0,0.0,0.0,0.0,1,19,32.83828043937683,1,0
54,48,-109.618063027328,109.618063027328,"17,20,43",N-3,3,294,True,0.0,0,0.0,0.0,0.0,0.0,0.0,1,14,7.449727296829224,1,0
55,49,-108.71371787080268,108.71371787080268,"73,74,75,83",N-4,4,1915,True,0.0,0,0.0,0.0,0.0,0.0,0.0,1,14,27.238458931446075,1,0
56,50,-108.74059198678572,108.74059198678572,"117,120",common_bus_N-2,2,488,True,0.0,0,0.0,0.0,0.0,0.0,0.0,1,12,144.80310475826263,1,0
57,51,-133.7748276939241,133.7748276939241,"64,67,68,69",N-4,4,663,True,0.0,0,0.0,0.0,0.0,0.0,0.0,1,46,207.80811649560928,1,0
58,52,-141.32027238673192,141.32027238673192,"65,68,70,97",N-4,4,700,True,0.0,0,0.0,0.0,0.0,0.0,0.0,1,58,428.74900341033936,1,0
59,53,-100.1,100.1,"174,175,176",N-3,3,1001,True,0.0,0,0.0,0.0,0.0,0.0,0.0,1,4,0.0,1,0
60,54,-100.1,100.1,"122,147,150,152",N-4,4,616,True,0.0,0,0.0,0.0,0.0,0.0,0.0,1,5,0.0,1,0
61,55,-113.16417646011942,113.16417646011942,"163,166",common_bus_N-2,2,1775,True,0.0,0,0.0,0.0,0.0,0.0,0.0,1,17,0.0,1,0
62,56,-117.40871102967657,117.40871102967657,"64,66,75",N-3,3,724,True,0.0,0,0.0,0.0,0.0,0.0,0.0,1,23,22.584821581840515,1,0
64,57,-109.95697953938641,109.95697953938641,"86,87",common_bus_N-2,2,1343,True,0.0,0,0.0,0.0,0.0,0.0,0.0,2,13,59.62771129608154,2,0
66,58,-107.0798535243753,107.0798535243753,"154,157,163",N-3,3,1741,True,0.0,0,0.0,0.0,0.0,0.0,0.0,2,11,28.9425687789917,2,0
68,59,-134.85735692853945,134.85735692853945,"78,81",common_bus_N-2,2,1790,True,0.0,0,0.0,0.0,0.0,0.0,0.0,2,42,234.03949630260468,2,0
69,60,-111.42540092988727,111.42540092988727,"129,130",common_bus_N-2,2,1305,True,0.0,0,0.0,0.0,0.0,0.0,0.0,1,15,77.6581826210022,1,0
70,61,-106.89550721261121,106.89550721261121,"87,89",common_bus_N-2,2,530,True,0.0,0,0.0,0.0,0.0,0.0,0.0,1,10,131.24715733528137,1,0
71,62,-132.47496284473178,132.47496284473178,"97,98,99,101",N-4,4,98,True,0.0,0,0.0,0.0,0.0,0.0,0.0,1,44,403.29505133628845,1,0
72,63,-100.1,100.1,"64,67,70,74",N-4,4,870,True,0.0,0,0.0,0.0,0.0,0.0,0.0,1,5,0.0,1,0
73,64,-132.4572545586701,132.4572545586701,"140,142,143,144",N-4,4,91,True,0.0,0,0.0,0.0,0.0,0.0,0.0,1,44,321.76960945129395,1,0
74,65,-103.06322599451269,103.06322599451269,"117,123",common_bus_N-2,2,1139,True,0.0,0,0.0,0.0,0.0,0.0,0.0,1,6,25.98236507177353,1,0
76,66,-117.42394698789742,117.42394698789742,"68,70,98,105",N-4,4,1151,True,0.0,0,0.0,0.0,0.0,0.0,0.0,2,23,138.96997594833374,2,0
77,67,-112.30822579757526,112.30822579757526,"104,106,107,118",N-4,4,1694,True,0.0,0,0.0,0.0,0.0,0.0,0.0,1,18,56.27011024951935,1,0
79,68,-120.89819120491102,120.89819120491102,"130,135",common_bus_N-2,2,1461,True,0.0,0,0.0,0.0,0.0,0.0,0.0,2,25,137.92413234710693,2,0
80,69,-118.25804208965585,118.25804208965585,"66,70,105",N-3,3,1513,True,0.0,0,0.0,0.0,0.0,0.0,0.0,1,24,136.28976774215698,1,0
81,70,-112.31238052887738,112.31238052887738,"64,66,69,105",N-4,4,591,True,0.0,0,0.0,0.0,0.0,0.0,0.0,1,18,92.5834926366806,1,0
83,71,-107.11957630713317,107.11957630713317,"42,180",common_bus_N-2,2,533,True,0.0,0,0.0,0.0,0.0,0.0,0.0,2,10,68.54563558101654,2,0
84,72,-114.04028203689073,114.04028203689073,"64,75",common_bus_N-2,2,1851,True,0.0,0,0.0,0.0,0.0,0.0,0.0,1,18,54.121126890182495,1,0
85,73,-118.23625902799583,118.23625902799583,"65,75,98",N-3,3,1797,True,0.0,0,0.0,0.0,0.0,0.0,0.0,1,24,43.59982407093048,1,0
86,74,-117.40408660566376,117.40408660566376,"104,105,107,118",N-4,4,47,True,0.0,0,0.0,0.0,0.0,0.0,0.0,1,24,0.0,1,0
87,75,-128.2144630547329,128.2144630547329,"141,144",common_bus_N-2,2,398,True,0.0,0,0.0,0.0,0.0,0.0,0.0,1,36,36.17683804035187,1,0
88,76,-126.04623073710874,126.04623073710874,"67,70",common_bus_N-2,2,972,True,0.0,0,0.0,0.0,0.0,0.0,0.0,1,33,141.1229053735733,1,0
89,77,-100.10636492220651,100.10636492220651,"153,157,159,166",N-4,4,1023,True,0.0,0,0.0,0.0,0.0,0.0,0.0,1,5,27.97948694229126,1,0
90,78,-114.02920235749421,114.02920235749421,"66,75,98,105",N-4,4,1026,True,0.0,0,0.0,0.0,0.0,0.0,0.0,1,20,0.0,1,0
91,79,-108.71088901648868,108.71088901648868,"64,65,69,74",N-4,4,846,True,0.0,0,0.0,0.0,0.0,0.0,0.0,1,14,15.547126173973083,1,0
93,80,-136.2341454465328,136.2341454465328,"84,85,86,88",N-4,4,1891,True,0.0,0,0.0,0.0,0.0,0.0,0.0,2,45,277.17416048049927,2,0
94,81,-114.89552209347788,114.89552209347788,"68,69,75,105",N-4,4,1194,True,0.0,0,0.0,0.0,0.0,0.0,0.0,1,21,41.551674485206604,1,0
95,82,-105.92896861234364,105.92896861234364,"17,18,20,25",N-4,4,1082,True,0.0,0,0.0,0.0,0.0,0.0,0.0,1,11,19.22169852256775,1,0
96,83,-104.0288354341312,104.0288354341312,"46,51",common_bus_N-2,2,1355,True,0.0,0,0.0,0.0,0.0,0.0,0.0,1,7,27.32759392261505,1,0
97,84,-109.63872484552822,109.63872484552822,"104,105,115,118",N-4,4,1737,True,0.0,0,0.0,0.0,0.0,0.0,0.0,1,15,81.97558689117432,1,0
98,85,-120.68777551998107,120.68777551998107,"69,74,75",N-3,3,329,True,0.0,0,0.0,0.0,0.0,0.0,0.0,1,27,197.3990280032158,1,0
99,86,-108.71937557943069,108.71937557943069,"66,68,69,98",N-4,4,844,True,0.0,0,0.0,0.0,0.0,0.0,0.0,1,14,46.864093005657196,1,0
100,87,-106.88986310011046,106.88986310011046,"54,56",common_bus_N-2,2,1264,True,0.0,0,0.0,0.0,0.0,0.0,0.0,1,10,132.17866349220276,1,0
101,88,-112.32826395341652,112.32826395341652,"117,119,120,122",N-4,4,600,True,0.0,0,0.0,0.0,0.0,0.0,0.0,1,18,167.5801854133606,1,0
102,89,-112.31207869974651,112.31207869974651,"64,67,74,98",N-4,4,1300,True,0.0,0,0.0,0.0,0.0,0.0,0.0,1,18,92.74968445301056,1,0
103,90,-105.92991156378163,105.92991156378163,"48,49,59",N-3,3,1645,True,0.0,0,0.0,0.0,0.0,0.0,0.0,1,10,22.093607783317566,1,0
104,91,-100.1,100.1,"141,144,153,160",N-4,4,1340,True,0.0,0,0.0,0.0,0.0,0.0,0.0,1,5,0.0,1,0
105,92,-131.0965810805361,131.0965810805361,"20,21,35,38",N-4,4,326,True,0.0,0,0.0,0.0,0.0,0.0,0.0,1,42,322.77375197410583,1,0
106,93,-109.62168016717256,109.62168016717256,"11,13,14",N-3,3,1873,True,0.0,0,0.0,0.0,0.0,0.0,0.0,1,14,25.2611243724823,1,0
107,94,-104.03225066044092,104.03225066044092,"103,106",common_bus_N-2,2,1710,True,0.0,0,0.0,0.0,0.0,0.0,0.0,1,7,35.975255489349365,1,0
108,95,-105.95372108759116,105.95372108759116,"74,75,76,77",N-4,4,1622,True,0.0,0,0.0,0.0,0.0,0.0,0.0,1,11,116.50980377197266,1,0
109,96,-106.88112720318169,106.88112720318169,"47,52",common_bus_N-2,2,1059,True,0.0,0,0.0,0.0,0.0,0.0,0.0,1,10,83.4838285446167,1,0
110,97,-115.75096294196464,115.75096294196464,"73,75",common_bus_N-2,2,71,True,0.0,0,0.0,0.0,0.0,0.0,0.0,1,20,86.51956963539124,1,0
112,98,-112.83936015426063,112.83936015426063,"64,66,70,98",N-4,4,1712,True,0.0,0,0.0,0.0,0.0,0.0,0.0,2,18,100.93130898475647,2,0
113,99,-100.1,100.1,"125,182",common_bus_N-2,2,279,True,0.0,0,0.0,0.0,0.0,0.0,0.0,1,3,82.09361600875854,1,0
114,100,-138.9011436094577,138.9011436094577,"64,68,74",N-3,3,419,True,0.0,0,0.0,0.0,0.0,0.0,0.0,1,53,345.8133296966553,1,0
115,101,-113.20165877977995,113.20165877977995,"122,123,124,126",N-4,4,212,True,0.0,0,0.0,0.0,0.0,0.0,0.0,1,19,142.86309617757797,1,0
116,102,-140.6943720709869,140.6943720709869,"46,47,50,51",N-4,4,96,True,0.0,0,0.0,0.0,0.0,0.0,0.0,1,57,238.90079975128174,1,0
117,103,-100.1,100.1,"12,13,183",N-3,3,1500,True,0.0,0,0.0,0.0,0.0,0.0,0.0,1,4,19.984368085861206,1,0
118,104,-109.63700312804006,109.63700312804006,"122,123,147,151",N-4,4,12,True,0.0,0,0.0,0.0,0.0,0.0,0.0,1,15,82.80849170684814,1,0
119,105,-110.52389434399169,110.52389434399169,"140,142,144,153",N-4,4,1616,True,0.0,0,0.0,0.0,0.0,0.0,0.0,1,16,29.64740890264511,1,0
120,106,-104.9770575499286,104.9770575499286,"69,98",common_bus_N-2,2,776,True,0.0,0,0.0,0.0,0.0,0.0,0.0,1,8,0.0,1,0
121,107,-100.1,100.1,"60,61",common_bus_N-2,2,1198,True,0.0,0,0.0,0.0,0.0,0.0,0.0,1,3,0.0,1,0
122,108,-100.1,100.1,"83,88,92",N-3,3,285,True,0.0,0,0.0,0.0,0.0,0.0,0.0,1,4,0.0,1,0
123,109,-106.87570523241318,106.87570523241318,"52,55,56",N-3,3,307,True,0.0,0,0.0,0.0,0.0,0.0,0.0,1,11,65.41014862060547,1,0
124,110,-106.86061800940517,106.86061800940517,"68,69,105",N-3,3,1632,True,0.0,0,0.0,0.0,0.0,0.0,0.0,1,11,0.0,1,0
125,111,-106.88365804437333,106.88365804437333,"126,152",common_bus_N-2,2,1505,True,0.0,0,0.0,0.0,0.0,0.0,0.0,1,10,101.94985032081604,1,0
126,112,-137.67563184952337,137.67563184952337,"136,137,138,140",N-4,4,690,True,0.0,0,0.0,0.0,0.0,0.0,0.0,1,52,409.5238699913025,1,0
127,113,-114.90495160785788,114.90495160785788,"65,67,70,74",N-4,4,1046,True,0.0,0,0.0,0.0,0.0,0.0,0.0,1,21,79.56452333927155,1,0
128,114,-126.05007425289708,126.05007425289708,"142,144,153,160",N-4,4,136,True,0.0,0,0.0,0.0,0.0,0.0,0.0,1,35,162.5260763168335,1,0
129,115,-123.79151779875221,123.79151779875221,"122,124,147",N-3,3,1851,True,0.0,0,0.0,0.0,0.0,0.0,0.0,1,31,143.93916726112366,1,0
130,116,-108.71654672511669,108.71654672511669,"97,98,102",N-3,3,1672,True,0.0,0,0.0,0.0,0.0,0.0,0.0,1,13,32.497065782547,1,0
132,117,-108.07650272991687,108.07650272991687,"11,14",common_bus_N-2,2,8,True,0.0,0,0.0,0.0,0.0,0.0,0.0,2,11,0.0,2,0
133,118,-132.47773271623092,132.47773271623092,"117,122,123,127",N-4,4,713,True,0.0,0,0.0,0.0,0.0,0.0,0.0,1,44,429.4694012403488,1,0
134,119,-123.0294948849899,123.0294948849899,"50,95",common_bus_N-2,2,2013,True,0.0,0,0.0,0.0,0.0,0.0,0.0,1,29,131.00393003225327,1,0
135,120,-108.70688147287719,108.70688147287719,"68,69,74,98",N-4,4,259,True,0.0,0,0.0,0.0,0.0,0.0,0.0,1,14,0.0,1,0
136,121,-110.52695893616519,110.52695893616519,"64,68,97,105",N-4,4,269,True,0.0,0,0.0,0.0,0.0,0.0,0.0,1,16,38.18305039405823,1,0
137,122,-100.1,100.1,"173,176",common_bus_N-2,2,840,True,0.0,0,0.0,0.0,0.0,0.0,0.0,1,3,0.0,1,0
138,123,-118.23140371153232,118.23140371153232,"168,170",common_bus_N-2,2,984,True,0.0,0,0.0,0.0,0.0,0.0,0.0,1,23,22.201122999191284,1,0
139,124,-111.42045043483776,111.42045043483776,"154,157,158,162",N-4,4,1322,True,0.0,0,0.0,0.0,0.0,0.0,0.0,1,17,50.222430765628815,1,0
140,125,-104.9770575499286,104.9770575499286,"76,86",common_bus_N-2,2,883,True,0.0,0,0.0,0.0,0.0,0.0,0.0,1,8,0.0,1,0
141,126,-103.05544664514919,103.05544664514919,"74,75,76,77",N-4,4,830,True,0.0,0,0.0,0.0,0.0,0.0,0.0,1,8,0.0,1,0
143,127,-126.67022262315257,126.67022262315257,"68,74,75,97",N-4,4,202,True,0.0,0,0.0,0.0,0.0,0.0,0.0,2,34,188.7051671743393,2,0
145,128,-119.84153452817937,119.84153452817937,"143,153,160",N-3,3,1086,True,0.0,0,0.0,0.0,0.0,0.0,0.0,2,25,179.1112487912178,2,0
146,129,-125.29368096020099,125.29368096020099,"36,37",common_bus_N-2,2,757,True,0.0,0,0.0,0.0,0.0,0.0,0.0,1,32,87.19023287296295,1,0
147,130,-104.03095707486669,104.03095707486669,"144,146",common_bus_N-2,2,1088,True,0.0,0,0.0,0.0,0.0,0.0,0.0,1,7,34.01751673221588,1,0
149,131,-122.77656822470753,122.77656822470753,"84,85",common_bus_N-2,2,294,True,0.0,0,0.0,0.0,0.0,0.0,0.0,2,27,125.18824338912964,2,0
150,132,-118.24342634236683,118.24342634236683,"141,144,153,160",N-4,4,455,True,0.0,0,0.0,0.0,0.0,0.0,0.0,1,25,78.40294599533081,1,0
151,133,-100.1,100.1,"169,171",common_bus_N-2,2,1272,True,0.0,0,0.0,0.0,0.0,0.0,0.0,1,3,0.0,1,0
152,134,-127.53083908856459,127.53083908856459,"117,118,122,123",N-4,4,950,True,0.0,0,0.0,0.0,0.0,0.0,0.0,1,37,231.64280772209167,1,0
153,135,-104.02105608476768,104.02105608476768,"153,159,166",N-3,3,1388,True,0.0,0,0.0,0.0,0.0,0.0,0.0,1,8,0.0,1,0
154,136,-103.06181156735569,103.06181156735569,"47,52",common_bus_N-2,2,797,True,0.0,0,0.0,0.0,0.0,0.0,0.0,1,6,23.709084033966064,1,0
155,137,-131.08394082066374,131.08394082066374,"64,65,97,98",N-4,4,127,True,0.0,0,0.0,0.0,0.0,0.0,0.0,1,42,292.3471217751503,1,0
156,138,-122.22275054717352,122.22275054717352,"75,105",common_bus_N-2,2,128,True,0.0,0,0.0,0.0,0.0,0.0,0.0,1,28,14.132400512695312,1,0
157,139,-100.10471475719001,100.10471475719001,"88,91",common_bus_N-2,2,694,True,0.0,0,0.0,0.0,0.0,0.0,0.0,1,3,24.263811111450195,1,0
158,140,-108.73021952096771,108.73021952096771,"66,68,75,105",N-4,4,207,True,0.0,0,0.0,0.0,0.0,0.0,0.0,1,14,91.79573464393616,1,0
159,141,-100.1,100.1,"74,83",common_bus_N-2,2,679,True,0.0,0,0.0,0.0,0.0,0.0,0.0,1,3,0.0,1,0
160,142,-109.64996871031258,109.64996871031258,"117,120",common_bus_N-2,2,1249,True,0.0,0,0.0,0.0,0.0,0.0,0.0,1,13,163.7484302520752,1,0
161,143,-105.93156172879813,105.93156172879813,"153,154,159",N-3,3,285,True,0.0,0,0.0,0.0,0.0,0.0,0.0,1,10,32.554948687553406,1,0
163,144,-123.11953521181209,123.11953521181209,"64,69,74,105",N-4,4,1071,True,0.0,0,0.0,0.0,0.0,0.0,0.0,2,30,83.03686320781708,2,0
164,145,-107.79809292376189,107.79809292376189,"65,66,74,105",N-4,4,1431,True,0.0,0,0.0,0.0,0.0,0.0,0.0,1,13,32.906731367111206,1,0
166,146,-112.70112000675519,112.70112000675519,"65,69,98,105",N-4,4,1967,True,0.0,0,0.0,0.0,0.0,0.0,0.0,2,18,16.19573014974594,2,0
167,147,-104.9770575499286,104.9770575499286,"154,158,166",N-3,3,533,True,0.0,0,0.0,0.0,0.0,0.0,0.0,1,9,0.0,1,0
168,148,-117.40644398425877,117.40644398425877,"165,173",common_bus_N-2,2,727,True,0.0,0,0.0,0.0,0.0,0.0,0.0,1,22,11.36211633682251,1,0
169,149,-125.29785246744426,125.29785246744426,"66,67,75,105",N-4,4,723,True,0.0,0,0.0,0.0,0.0,0.0,0.0,1,34,119.58689212799072,1,0
170,150,-114.89905816137038,114.89905816137038,"49,50",common_bus_N-2,2,1332,True,0.0,0,0.0,0.0,0.0,0.0,0.0,1,19,51.26358461380005,1,0
172,151,-125.07207224207826,125.07207224207826,"64,75,105",N-3,3,293,True,0.0,0,0.0,0.0,0.0,0.0,0.0,2,31,219.24150705337524,2,0
173,152,-120.65418336117061,120.65418336117061,"154,157",common_bus_N-2,2,86,True,0.0,0,0.0,0.0,0.0,0.0,0.0,1,26,37.1600341796875,1,0
176,153,-107.24547989531557,107.24547989531557,"73,76",common_bus_N-2,2,1126,True,0.0,0,0.0,0.0,0.0,0.0,0.0,3,10,0.0,3,0
177,154,-122.24824587938555,122.24824587938555,"64,65,66,74",N-4,4,761,True,0.0,0,0.0,0.0,0.0,0.0,0.0,1,30,125.84067952632904,1,0
178,155,-100.1,100.1,"173,174,175",N-3,3,331,True,0.0,0,0.0,0.0,0.0,0.0,0.0,1,4,0.0,1,0
179,156,-107.80769586581545,107.80769586581545,"70,74",common_bus_N-2,2,1071,True,0.0,0,0.0,0.0,0.0,0.0,0.0,1,11,71.29804050922394,1,0
180,157,-113.16653383871441,113.16653383871441,"154,157,162",N-3,3,1292,True,0.0,0,0.0,0.0,0.0,0.0,0.0,1,18,10.709019899368286,1,0
181,158,-100.1,100.1,"15,17",common_bus_N-2,2,36,True,0.0,0,0.0,0.0,0.0,0.0,0.0,1,3,34.21784687042236,1,0
182,159,-108.7233831230422,108.7233831230422,"65,68,70",N-3,3,1658,True,0.0,0,0.0,0.0,0.0,0.0,0.0,1,13,54.6983939409256,1,0
183,160,-107.80156668146844,107.80156668146844,"126,147,151,152",N-4,4,821,True,0.0,0,0.0,0.0,0.0,0.0,0.0,1,13,47.86359214782715,1,0
184,161,-106.8943285233137,106.8943285233137,"117,118,120,127",N-4,4,588,True,0.0,0,0.0,0.0,0.0,0.0,0.0,1,12,140.10337740182877,1,0
185,162,-109.64053919593258,109.64053919593258,"64,69,70,97",N-4,4,1079,True,0.0,0,0.0,0.0,0.0,0.0,0.0,1,15,90.5891724228859,1,0
187,163,-131.04906970388947,131.04906970388947,"66,67,74,75",N-4,4,1651,True,0.0,0,0.0,0.0,0.0,0.0,0.0,2,39,140.47184038162231,2,0
188,164,-117.40691545997777,117.40691545997777,"64,74,75,98",N-4,4,460,True,0.0,0,0.0,0.0,0.0,0.0,0.0,1,24,12.928735256195068,1,0
189,165,-113.17693292263259,113.17693292263259,"66,75",common_bus_N-2,2,1531,True,0.0,0,0.0,0.0,0.0,0.0,0.0,1,17,58.0439567565918,1,0
190,166,-100.1,100.1,"11,13,19,183",N-4,4,1981,True,0.0,0,0.0,0.0,0.0,0.0,0.0,1,5,16.4977765083313,1,0
191,167,-100.1,100.1,"121,124",common_bus_N-2,2,603,True,0.0,0,0.0,0.0,0.0,0.0,0.0,1,3,42.4301472902298,1,0
192,168,-107.80486701150144,107.80486701150144,"69,70",common_bus_N-2,2,1156,True,0.0,0,0.0,0.0,0.0,0.0,0.0,1,11,60.65368294715881,1,0
193,169,-120.66997779775711,120.66997779775711,"64,70,74,97",N-4,4,1537,True,0.0,0,0.0,0.0,0.0,0.0,0.0,1,28,105.07734274864197,1,0
195,170,-118.95780513655257,118.95780513655257,"24,25",common_bus_N-2,2,1080,True,0.0,0,0.0,0.0,0.0,0.0,0.0,2,23,58.52287447452545,2,0
196,171,-122.21992169285951,122.21992169285951,"107,108,109,114",N-4,4,941,True,0.0,0,0.0,0.0,0.0,0.0,0.0,1,30,0.0,1,0
197,172,-103.06322599451269,103.06322599451269,"114,116,184",N-3,3,1142,True,0.0,0,0.0,0.0,0.0,0.0,0.0,1,7,26.968581676483154,1,0
198,173,-111.40795632828426,111.40795632828426,"98,105",common_bus_N-2,2,1871,True,0.0,0,0.0,0.0,0.0,0.0,0.0,1,15,0.0,1,0
199,174,-111.41667862908577,111.41667862908577,"153,154,157,162",N-4,4,2000,True,0.0,0,0.0,0.0,0.0,0.0,0.0,1,17,31.77864980697632,1,0
200,175,-126.78099980425661,126.78099980425661,"153,157,158,163",N-4,4,371,True,0.0,0,0.0,0.0,0.0,0.0,0.0,1,36,133.61749255657196,1,0
201,176,-100.1,100.1,"154,163",common_bus_N-2,2,713,True,0.0,0,0.0,0.0,0.0,0.0,0.0,1,3,0.0,1,0
202,177,-123.01040011837038,123.01040011837038,"98,101",common_bus_N-2,2,493,True,0.0,0,0.0,0.0,0.0,0.0,0.0,1,29,64.55545377731323,1,0
203,178,-111.42227597549855,111.42227597549855,"115,119",common_bus_N-2,2,1515,True,0.0,0,0.0,0.0,0.0,0.0,0.0,1,15,63.00783824920654,1,0
204,179,-107.78836536133643,107.78836536133643,"105,115",common_bus_N-2,2,1492,True,0.0,0,0.0,0.0,0.0,0.0,0.0,1,11,0.0,1,0
205,180,-109.61625819640405,109.61625819640405,"158,159,163",N-3,3,1520,True,0.0,0,0.0,0.0,0.0,0.0,0.0,1,14,0.0,1,0
206,181,-107.79638044855943,107.79638044855943,"153,154,159",N-3,3,1514,True,0.0,0,0.0,0.0,0.0,0.0,0.0,1,12,35.71282243728638,1,0
208,182,-121.82401923010251,121.82401923010251,"83,86,88",N-3,3,493,True,0.0,0,0.0,0.0,0.0,0.0,0.0,2,27,61.62111496925354,2,0
209,183,-108.71654672511669,108.71654672511669,"157,163,166",N-3,3,1301,True,0.0,0,0.0,0.0,0.0,0.0,0.0,1,13,42.47008168697357,1,0
210,184,-114.90388794613189,114.90388794613189,"140,141,143,144",N-4,4,2002,True,0.0,0,0.0,0.0,0.0,0.0,0.0,1,21,64.46111464500427,1,0
211,185,-100.1,100.1,"13,183",common_bus_N-2,2,638,True,0.0,0,0.0,0.0,0.0,0.0,0.0,1,3,23.570525646209717,1,0
213,186,-134.67427783325473,134.67427783325473,"104,105",common_bus_N-2,2,523,True,0.0,0,0.0,0.0,0.0,0.0,0.0,2,42,229.3703646659851,2,0
214,187,-103.05544664514919,103.05544664514919,"136,141",common_bus_N-2,2,1101,True,0.0,0,0.0,0.0,0.0,0.0,0.0,1,6,0.0,1,0
215,188,-100.1,100.1,"71,72",common_bus_N-2,2,823,True,0.0,0,0.0,0.0,0.0,0.0,0.0,1,3,15.40911054611206,1,0
216,189,-121.43912175997758,121.43912175997758,"163,167",common_bus_N-2,2,1834,True,0.0,0,0.0,0.0,0.0,0.0,0.0,1,27,9.568982362747192,1,0
217,190,-112.3199241403814,112.3199241403814,"124,147",common_bus_N-2,2,607,True,0.0,0,0.0,0.0,0.0,0.0,0.0,1,16,133.40803980827332,1,0
218,191,-114.89245750130438,114.89245750130438,"154,162",common_bus_N-2,2,1875,True,0.0,0,0.0,0.0,0.0,0.0,0.0,1,19,31.537060260772705,1,0
219,192,-112.31379495603439,112.31379495603439,"64,65,70,75",N-4,4,1748,True,0.0,0,0.0,0.0,0.0,0.0,0.0,1,18,90.3316959142685,1,0
220,193,-100.1,100.1,"125,182",common_bus_N-2,2,131,True,0.0,0,0.0,0.0,0.0,0.0,0.0,1,3,124.86320376396179,1,0
221,194,-113.16417646011942,113.16417646011942,"66,69,75,97",N-4,4,1767,True,0.0,0,0.0,0.0,0.0,0.0,0.0,1,19,0.0,1,0
222,195,-106.86533276659517,106.86533276659517,"158,163",common_bus_N-2,2,1780,True,0.0,0,0.0,0.0,0.0,0.0,0.0,1,10,20.030949115753174,1,0
223,196,-104.9817723071186,104.9817723071186,"64,66,67",N-3,3,871,True,0.0,0,0.0,0.0,0.0,0.0,0.0,1,9,18.310678005218506,1,0
224,197,-115.74695539835314,115.74695539835314,"141,144,153",N-3,3,281,True,0.0,0,0.0,0.0,0.0,0.0,0.0,1,21,53.110759019851685,1,0
225,198,-111.43530191998627,111.43530191998627,"64,67,68,70",N-4,4,1466,True,0.0,0,0.0,0.0,0.0,0.0,0.0,1,17,104.91397356987,1,0
226,199,-123.77124434283519,123.77124434283519,"123,150,152",N-3,3,352,True,0.0,0,0.0,0.0,0.0,0.0,0.0,1,31,47.33075022697449,1,0
227,200,-100.1,100.1,"11,13,16,183",N-4,4,1120,True,0.0,0,0.0,0.0,0.0,0.0,0.0,1,5,16.02403163909912,1,0
228,201,-100.12261687228033,100.12261687228033,"65,70,98,105",N-4,4,412,True,0.0,0,0.0,0.0,0.0,0.0,0.0,1,5,118.3764419555664,1,0
229,202,-104.02647805553619,104.02647805553619,"47,51",common_bus_N-2,2,1941,True,0.0,0,0.0,0.0,0.0,0.0,0.0,1,7,20.363116919994354,1,0
230,203,-0.1,0.1,"11,14,19",N-3,3,821,True,0.0,0,0.0,0.0,0.0,0.0,0.0,1,4,0.0,1,0
231,204,-140.10772641863196,140.10772641863196,"142,143,144,153",N-4,4,682,True,0.0,0,0.0,0.0,0.0,0.0,0.0,1,56,305.61555898189545,1,0
232,205,-121.48413537857584,121.48413537857584,"122,126,150,151",N-4,4,950,True,0.0,0,0.0,0.0,0.0,0.0,0.0,1,29,237.61172354221344,1,0
233,206,-100.1,100.1,"120,121",common_bus_N-2,2,559,True,0.0,0,0.0,0.0,0.0,0.0,0.0,1,3,63.665553629398346,1,0
234,207,-121.44357881555116,121.44357881555116,"153,154,157",N-3,3,644,True,0.0,0,0.0,0.0,0.0,0.0,0.0,1,28,32.554367780685425,1,0
235,208,-108.7170182008357,108.7170182008357,"158,159,166",N-3,3,1298,True,0.0,0,0.0,0.0,0.0,0.0,0.0,1,13,45.00347125530243,1,0
236,209,-109.62922377867656,109.62922377867656,"20,22,35",N-3,3,1401,True,0.0,0,0.0,0.0,0.0,0.0,0.0,1,14,42.060824036598206,1,0
237,210,-117.41210169288678,117.41210169288678,"64,97,105",N-3,3,1803,True,0.0,0,0.0,0.0,0.0,0.0,0.0,1,23,37.73038649559021,1,0
238,211,-119.09131609133584,119.09131609133584,"67,68,70,105",N-4,4,166,True,0.0,0,0.0,0.0,0.0,0.0,0.0,1,26,235.06679511070251,1,0
241,212,-109.17156981942549,109.17156981942549,"81,85",common_bus_N-2,2,1364,True,0.0,0,0.0,0.0,0.0,0.0,0.0,3,12,15.004792094230652,3,0
242,213,-113.17926368312743,113.17926368312743,"65,66,97,98",N-4,4,1434,True,0.0,0,0.0,0.0,0.0,0.0,0.0,1,19,52.225440979003906,1,0
243,214,-100.1,100.1,"125,182",common_bus_N-2,2,792,True,0.0,0,0.0,0.0,0.0,0.0,0.0,1,3,63.42609882354736,1,0
244,215,-101.09501662508319,101.09501662508319,"153,157,158",N-3,3,1097,True,0.0,0,0.0,0.0,0.0,0.0,0.0,1,5,0.0,1,0
245,216,-105.93061877736014,105.93061877736014,"88,92",common_bus_N-2,2,1410,True,0.0,0,0.0,0.0,0.0,0.0,0.0,1,9,21.98774814605713,1,0
246,217,-114.06880605893122,114.06880605893122,"40,42",common_bus_N-2,2,165,True,0.0,0,0.0,0.0,0.0,0.0,0.0,1,18,178.30094575881958,1,0
247,218,-112.3199241403814,112.3199241403814,"123,124,152",N-3,3,1872,True,0.0,0,0.0,0.0,0.0,0.0,0.0,1,17,134.42611694335938,1,0
248,219,-114.02920235749421,114.02920235749421,"106,115,118",N-3,3,1606,True,0.0,0,0.0,0.0,0.0,0.0,0.0,1,19,0.0,1,0
249,220,-0.1,0.1,"154,157",common_bus_N-2,2,1668,True,0.0,0,0.0,0.0,0.0,0.0,0.0,1,3,0.0,1,0
250,221,-125.29415243592,125.29415243592,"73,74,75",N-3,3,95,True,0.0,0,0.0,0.0,0.0,0.0,0.0,1,33,104.03708446025848,1,0
251,222,-131.7371173847691,131.7371173847691,"66,67,98,105",N-4,4,421,True,0.0,0,0.0,0.0,0.0,0.0,0.0,1,43,121.42438554763794,1,0
253,223,-109.90162489319749,109.90162489319749,"25,44",common_bus_N-2,2,1463,True,0.0,0,0.0,0.0,0.0,0.0,0.0,2,13,67.8947114944458,2,0
254,224,-107.79638044855943,107.79638044855943,"153,154,159",N-3,3,1498,True,0.0,0,0.0,0.0,0.0,0.0,0.0,1,12,35.0341362953186,1,0
255,225,-110.51678943503022,110.51678943503022,"104,105,115",N-3,3,1484,True,0.0,0,0.0,0.0,0.0,0.0,0.0,1,15,0.8125100135803223,1,0
256,226,-119.06420623749331,119.06420623749331,"42,180",common_bus_N-2,2,932,True,0.0,0,0.0,0.0,0.0,0.0,0.0,1,24,109.69469833374023,1,0
257,227,-100.1,100.1,"14,183",common_bus_N-2,2,78,True,0.0,0,0.0,0.0,0.0,0.0,0.0,1,3,23.27892303466797,1,0
259,228,-128.21465958225062,128.21465958225062,"77,78",common_bus_N-2,2,1579,True,0.0,0,0.0,0.0,0.0,0.0,0.0,2,34,75.29451549053192,2,0
260,229,-135.07808628438687,135.07808628438687,"117,118,122",N-3,3,673,True,0.0,0,0.0,0.0,0.0,0.0,0.0,1,47,151.96095478534698,1,0
261,230,-103.07879195327989,103.07879195327989,"126,150",common_bus_N-2,2,484,True,0.0,0,0.0,0.0,0.0,0.0,0.0,1,6,97.13534712791443,1,0
262,231,-130.36254773626447,130.36254773626447,"66,69,70",N-3,3,1243,True,0.0,0,0.0,0.0,0.0,0.0,0.0,1,40,139.04882287979126,1,0
263,232,-104.9834224721351,104.9834224721351,"143,153",common_bus_N-2,2,1066,True,0.0,0,0.0,0.0,0.0,0.0,0.0,1,8,24.50285965204239,1,0
264,233,-108.61442508438118,108.61442508438118,"153,154,162,163",N-4,4,1140,True,0.0,0,0.0,0.0,0.0,0.0,0.0,1,13,25.956565856933594,0,0
265,234,-118.25945651681285,118.25945651681285,"20,22,177",N-3,3,1482,True,0.0,0,0.0,0.0,0.0,0.0,0.0,1,24,128.6457735300064,1,0
266,235,-100.1,100.1,"65,67",common_bus_N-2,2,554,True,0.0,0,0.0,0.0,0.0,0.0,0.0,1,3,0.0,1,0
267,236,-109.53747460375907,109.53747460375907,"66,67,70",N-3,3,1749,True,0.0,0,0.0,0.0,0.0,0.0,0.0,1,13,80.78846275806427,0,0
268,237,-100.1,100.1,"130,131,132",N-3,3,19,True,0.0,0,0.0,0.0,0.0,0.0,0.0,1,4,0.0,1,0
269,238,-113.17478466379693,113.17478466379693,"74,75,83",N-3,3,1059,True,0.0,0,0.0,0.0,0.0,0.0,0.0,1,18,43.18129062652588,1,0
270,239,-111.41479272620975,111.41479272620975,"65,69",common_bus_N-2,2,1041,True,0.0,0,0.0,0.0,0.0,0.0,0.0,1,15,28.599664449691772,1,0
271,240,-100.102828854314,100.102828854314,"78,79,85",N-3,3,1351,True,0.0,0,0.0,0.0,0.0,0.0,0.0,1,4,10.359355688095093,1,0
274,241,-112.03576730381283,112.03576730381283,"61,62",common_bus_N-2,2,236,True,0.0,0,0.0,0.0,0.0,0.0,0.0,3,15,0.0,3,0
275,242,-100.1,100.1,"11,12,19,183",N-4,4,1878,True,0.0,0,0.0,0.0,0.0,0.0,0.0,1,5,21.16140365600586,1,0
276,243,-121.47328178584819,121.47328178584819,"65,66,67,75",N-4,4,1916,True,0.0,0,0.0,0.0,0.0,0.0,0.0,1,29,148.91093909740448,1,0
277,244,-124.57741823286524,124.57741823286524,"140,141,144,160",N-4,4,622,True,0.0,0,0.0,0.0,0.0,0.0,0.0,1,33,263.7815387248993,1,0
278,245,-105.92613975802963,105.92613975802963,"157,159,166",N-3,3,1054,True,0.0,0,0.0,0.0,0.0,0.0,0.0,1,10,10.192333579063416,1,0
279,246,-100.1,100.1,"121,124",common_bus_N-2,2,1232,True,0.0,0,0.0,0.0,0.0,0.0,0.0,1,3,43.52000856399536,1,0
280,247,-115.74011900042764,115.74011900042764,"67,75,97,98",N-4,4,1132,True,0.0,0,0.0,0.0,0.0,0.0,0.0,1,22,23.00139093399048,1,0
281,248,-110.55901928505722,110.55901928505722,"117,119,120,127",N-4,4,1321,True,0.0,0,0.0,0.0,0.0,0.0,0.0,1,16,171.37802839279175,1,0
282,249,-115.75081915358858,115.75081915358858,"18,20",common_bus_N-2,2,1806,True,0.0,0,0.0,0.0,0.0,0.0,0.0,1,20,83.54581224918365,1,0
283,250,-131.09313014033097,131.09313014033097,"21,22,35,177",N-4,4,172,True,0.0,0,0.0,0.0,0.0,0.0,0.0,1,42,295.07620215415955,1,0
284,251,-100.1,100.1,"12,14,19,183",N-4,4,1629,True,0.0,0,0.0,0.0,0.0,0.0,0.0,1,5,17.471243143081665,1,0
285,252,-119.07138256735008,119.07138256735008,"2,4,10",N-3,3,1779,True,0.0,0,0.0,0.0,0.0,0.0,0.0,1,25,130.9492883682251,1,0
286,253,-107.79567323498094,107.79567323498094,"141,143,144,160",N-4,4,1702,True,0.0,0,0.0,0.0,0.0,0.0,0.0,1,13,23.583377361297607,1,0
287,254,-100.1,100.1,"9,10,11,15",N-4,4,1965,True,0.0,0,0.0,0.0,0.0,0.0,0.0,1,5,59.844589829444885,1,0
288,255,-102.08814775654749,102.08814775654749,"11,12,19",N-3,3,231,True,0.0,0,0.0,0.0,0.0,0.0,0.0,1,6,29.84515905380249,1,0
289,256,-109.61625819640405,109.61625819640405,"107,115",common_bus_N-2,2,1361,True,0.0,0,0.0,0.0,0.0,0.0,0.0,1,13,0.0,1,0
290,257,-100.1,100.1,"107,109",common_bus_N-2,2,1904,True,0.0,0,0.0,0.0,0.0,0.0,0.0,1,3,0.0,1,0
291,258,-100.1,100.1,"119,120,122,123",N-4,4,894,True,0.0,0,0.0,0.0,0.0,0.0,0.0,1,5,0.0,1,0
292,259,-100.1,100.1,"29,108,110",N-3,3,514,True,0.0,0,0.0,0.0,0.0,0.0,0.0,1,4,0.0,1,0
293,260,-108.72409033662069,108.72409033662069,"122,126,150,151",N-4,4,788,True,0.0,0,0.0,0.0,0.0,0.0,0.0,1,14,67.34056913852692,1,0
295,261,-104.17109570062861,104.17109570062861,"68,97",common_bus_N-2,2,499,True,0.0,0,0.0,0.0,0.0,0.0,0.0,2,7,62.45540523529053,2,0
296,262,-113.19057910038345,113.19057910038345,"135,140,141",N-3,3,1679,True,0.0,0,0.0,0.0,0.0,0.0,0.0,1,18,88.1129379272461,1,0
297,263,-114.05631221133675,114.05631221133675,"67,70,75",N-3,3,275,True,0.0,0,0.0,0.0,0.0,0.0,0.0,1,19,102.56382554769516,1,0
298,264,-106.8851347467932,106.8851347467932,"117,120,122",N-3,3,555,True,0.0,0,0.0,0.0,0.0,0.0,0.0,1,11,97.55047750473022,1,0
299,265,-105.95301387401265,105.95301387401265,"123,124,126,147",N-4,4,1632,True,0.0,0,0.0,0.0,0.0,0.0,0.0,1,11,111.0641285777092,1,0
300,266,-110.5293163147602,110.5293163147602,"62,104",common_bus_N-2,2,41,True,0.0,0,0.0,0.0,0.0,0.0,0.0,1,14,56.55543494224548,1,0
301,267,-109.62097295359405,109.62097295359405,"67,74,98",N-3,3,1196,True,0.0,0,0.0,0.0,0.0,0.0,0.0,1,14,20.44116497039795,1,0
302,268,-119.86367890247917,119.86367890247917,"65,67,75,105",N-4,4,739,True,0.0,0,0.0,0.0,0.0,0.0,0.0,1,27,72.66081190109253,1,0
303,269,-100.1,100.1,"29,108,110",N-3,3,421,True,0.0,0,0.0,0.0,0.0,0.0,0.0,1,4,0.0,1,0
304,270,-128.2376920062321,128.2376920062321,"65,67,74,75",N-4,4,1813,True,0.0,0,0.0,0.0,0.0,0.0,0.0,1,38,145.61025762557983,1,0
305,271,-108.71159623006719,108.71159623006719,"64,69,98,105",N-4,4,1422,True,0.0,0,0.0,0.0,0.0,0.0,0.0,1,14,15.756469964981079,1,0
306,272,-106.88112720318169,106.88112720318169,"66,67,68,98",N-4,4,1652,True,0.0,0,0.0,0.0,0.0,0.0,0.0,1,12,70.19402235746384,1,0
307,273,-0.1,0.1,"123,126,152",N-3,3,1363,True,0.0,0,0.0,0.0,0.0,0.0,0.0,1,4,0.0,1,0
308,274,-105.95725715548366,105.95725715548366,"124,126,150",N-3,3,1623,True,0.0,0,0.0,0.0,0.0,0.0,0.0,1,10,125.99989950656891,1,0
309,275,-100.1,100.1,"74,75,98,105",N-4,4,884,True,0.0,0,0.0,0.0,0.0,0.0,0.0,1,5,0.0,1,0
310,276,-107.79826635143543,107.79826635143543,"98,101",common_bus_N-2,2,1900,True,0.0,0,0.0,0.0,0.0,0.0,0.0,1,11,41.861459612846375,1,0
311,277,-114.03284599329346,114.03284599329346,"154,163,166",N-3,3,331,True,0.0,0,0.0,0.0,0.0,0.0,0.0,1,19,17.486754417419434,1,0
312,278,-0.1,0.1,"76,77",common_bus_N-2,2,1380,True,0.0,0,0.0,0.0,0.0,0.0,0.0,1,3,0.0,1,0
313,279,-116.58570870328582,116.58570870328582,"64,66,67,97",N-4,4,170,True,0.0,0,0.0,0.0,0.0,0.0,0.0,1,23,58.46532440185547,1,0
314,280,-119.07151411113782,119.07151411113782,"70,105",common_bus_N-2,2,510,True,0.0,0,0.0,0.0,0.0,0.0,0.0,1,24,116.00522083044052,1,0
315,281,-126.78995784291762,126.78995784291762,"67,70,74",N-3,3,740,True,0.0,0,0.0,0.0,0.0,0.0,0.0,1,35,166.35673391819,1,0
316,282,-100.1,100.1,"11,14,16,19",N-4,4,950,True,0.0,0,0.0,0.0,0.0,0.0,0.0,1,5,0.0,1,0
317,283,-106.87503020594639,106.87503020594639,"69,74",common_bus_N-2,2,561,True,0.0,0,0.0,0.0,0.0,0.0,0.0,1,10,57.738046646118164,1,0
318,284,-129.54392087254166,129.54392087254166,"22,177",common_bus_N-2,2,682,True,0.0,0,0.0,0.0,0.0,0.0,0.0,1,37,67.91456866264343,0,0
319,285,-100.1,100.1,"132,133",common_bus_N-2,2,1246,True,0.0,0,0.0,0.0,0.0,0.0,0.0,1,3,22.68832218647003,1,0
321,286,-116.34826093168806,116.34826093168806,"153,163,166",N-3,3,1115,True,0.0,0,0.0,0.0,0.0,0.0,0.0,2,21,7.933743596076965,2,0
323,287,-107.02826139876514,107.02826139876514,"123,147",common_bus_N-2,2,269,True,0.0,0,0.0,0.0,0.0,0.0,0.0,2,10,17.355931997299194,2,0
324,288,-111.41267108547426,111.41267108547426,"123,147,150",N-3,3,754,True,0.0,0,0.0,0.0,0.0,0.0,0.0,1,16,20.773937702178955,1,0
325,289,-138.27047696602918,138.27047696602918,"64,69,70,74",N-4,4,649,True,0.0,0,0.0,0.0,0.0,0.0,0.0,1,53,251.36784625053406,1,0
326,290,-104.9810650935401,104.9810650935401,"41,42",common_bus_N-2,2,490,True,0.0,0,0.0,0.0,0.0,0.0,0.0,1,8,16.695970714092255,1,0
327,291,-120.67380015956152,120.67380015956152,"147,148,149",N-3,3,632,True,0.0,0,0.0,0.0,0.0,0.0,0.0,1,27,132.49725663661957,1,0
328,292,-114.89811520993237,114.89811520993237,"153,159,162,163",N-4,4,761,True,0.0,0,0.0,0.0,0.0,0.0,0.0,1,21,55.50969159603119,1,0
329,293,-107.78836536133643,107.78836536133643,"42,179",common_bus_N-2,2,1313,True,0.0,0,0.0,0.0,0.0,0.0,0.0,1,11,0.0,1,0
330,294,-111.42445797844927,111.42445797844927,"69,70,98,105",N-4,4,1923,True,0.0,0,0.0,0.0,0.0,0.0,0.0,1,17,63.145912885665894,1,0
331,295,-104.9850726371516,104.9850726371516,"123,151",common_bus_N-2,2,1480,True,0.0,0,0.0,0.0,0.0,0.0,0.0,1,8,31.13050138950348,1,0
332,296,-114.94712536875481,114.94712536875481,"122,123,126,151",N-4,4,1028,True,0.0,0,0.0,0.0,0.0,0.0,0.0,1,21,270.5801088809967,1,0
333,297,-106.87711965957018,106.87711965957018,"64,70,74,105",N-4,4,1449,True,0.0,0,0.0,0.0,0.0,0.0,0.0,1,12,57.871668338775635,1,0
334,298,-123.80801373677048,123.80801373677048,"136,137,138,140",N-4,4,1207,True,0.0,0,0.0,0.0,0.0,0.0,0.0,1,32,204.4320592880249,1,0
335,299,-105.00298871447363,105.00298871447363,"124,150",common_bus_N-2,2,1457,True,0.0,0,0.0,0.0,0.0,0.0,0.0,1,8,98.66458594799042,1,0
336,300,-124.53718455315447,124.53718455315447,"97,99",common_bus_N-2,2,1030,True,0.0,0,0.0,0.0,0.0,0.0,0.0,1,31,67.22759914398193,1,0
337,301,-104.9862513264491,104.9862513264491,"11,13",common_bus_N-2,2,1136,True,0.0,0,0.0,0.0,0.0,0.0,0.0,1,8,33.690607845783234,1,0
338,302,-100.1,100.1,"85,88",common_bus_N-2,2,723,True,0.0,0,0.0,0.0,0.0,0.0,0.0,1,3,0.0,1,0
339,303,-119.06255607247681,119.06255607247681,"64,65,97,98",N-4,4,1891,True,0.0,0,0.0,0.0,0.0,0.0,0.0,1,26,90.66776967048645,1,0
340,304,-100.1,100.1,"92,93",common_bus_N-2,2,1152,True,0.0,0,0.0,0.0,0.0,0.0,0.0,1,3,0.0,1,0
341,305,-100.1,100.1,"69,80",common_bus_N-2,2,1372,True,0.0,0,0.0,0.0,0.0,0.0,0.0,1,3,14.276958703994751,1,0
342,306,-127.53905982424162,127.53905982424162,"18,20",common_bus_N-2,2,1813,True,0.0,0,0.0,0.0,0.0,0.0,0.0,1,35,261.3521509170532,1,0
344,307,-130.2635102552862,130.2635102552862,"78,85",common_bus_N-2,2,1802,True,0.0,0,0.0,0.0,0.0,0.0,0.0,2,36,175.4415946006775,2,0
345,308,-112.31332348031539,112.31332348031539,"66,70,97,105",N-4,4,1782,True,0.0,0,0.0,0.0,0.0,0.0,0.0,1,18,99.05564272403717,1,0
346,309,-105.92944008806263,105.92944008806263,"21,22,177",N-3,3,1045,True,0.0,0,0.0,0.0,0.0,0.0,0.0,1,10,24.385933578014374,1,0
347,310,-120.66308767073369,120.66308767073369,"154,157,166",N-3,3,942,True,0.0,0,0.0,0.0,0.0,0.0,0.0,1,27,82.92415499687195,1,0
348,311,-118.23989027447433,118.23989027447433,"96,101,103",N-3,3,1429,True,0.0,0,0.0,0.0,0.0,0.0,0.0,1,24,44.08849060535431,1,0
349,312,-123.7721872942732,123.7721872942732,"75,97",common_bus_N-2,2,637,True,0.0,0,0.0,0.0,0.0,0.0,0.0,1,30,51.566882967948914,1,0
350,313,-100.1,100.1,"153,162,163,166",N-4,4,289,True,0.0,0,0.0,0.0,0.0,0.0,0.0,1,5,0.0,1,0
351,314,-100.1,100.1,"120,127",common_bus_N-2,2,878,True,0.0,0,0.0,0.0,0.0,0.0,0.0,1,3,0.0,1,0
352,315,-117.40408660566376,117.40408660566376,"108,113",common_bus_N-2,2,147,True,0.0,0,0.0,0.0,0.0,0.0,0.0,1,22,0.0,1,0
353,316,-110.52648746044619,110.52648746044619,"35,38",common_bus_N-2,2,1720,True,0.0,0,0.0,0.0,0.0,0.0,0.0,1,14,34.47044599056244,1,0
354,317,-119.89525581364795,119.89525581364795,"137,138,140",N-3,3,1270,True,0.0,0,0.0,0.0,0.0,0.0,0.0,1,26,219.65162694454193,1,0
355,318,-123.02710074436632,123.02710074436632,"64,69,70,98",N-4,4,323,True,0.0,0,0.0,0.0,0.0,0.0,0.0,1,31,152.83766269683838,1,0
356,319,-100.1,100.1,"61,63",common_bus_N-2,2,286,True,0.0,0,0.0,0.0,0.0,0.0,0.0,1,3,0.0,1,0
357,320,-114.90604420938715,114.90604420938715,"65,70,74,98",N-4,4,199,True,0.0,0,0.0,0.0,0.0,0.0,0.0,1,21,81.6815595626831,1,0
358,321,-106.86698293161167,106.86698293161167,"64,66,97",N-3,3,1322,True,0.0,0,0.0,0.0,0.0,0.0,0.0,1,11,25.585011899471283,1,0
359,322,-116.59336005998331,116.59336005998331,"65,66,67,98",N-4,4,1061,True,0.0,0,0.0,0.0,0.0,0.0,0.0,1,23,81.35117650032043,1,0
360,323,-142.4760864578439,142.4760864578439,"65,66,67,70",N-4,4,648,True,0.0,0,0.0,0.0,0.0,0.0,0.0,1,60,366.8746540546417,1,0
361,324,-111.41573567764776,111.41573567764776,"46,47",common_bus_N-2,2,461,True,0.0,0,0.0,0.0,0.0,0.0,0.0,1,15,37.021058320999146,1,0
362,325,-120.55846386110481,120.55846386110481,"65,105",common_bus_N-2,2,90,True,0.0,0,0.0,0.0,0.0,0.0,0.0,1,25,59.59019136428833,0,0
363,326,-114.03721744471723,114.03721744471723,"66,67,68,97",N-4,4,904,True,0.0,0,0.0,0.0,0.0,0.0,0.0,1,20,36.33551073074341,1,0
364,327,-100.1,100.1,"160,161",common_bus_N-2,2,83,True,0.0,0,0.0,0.0,0.0,0.0,0.0,1,3,5.812864899635315,1,0
365,328,-104.0394436378087,104.0394436378087,"89,90",common_bus_N-2,2,770,True,0.0,0,0.0,0.0,0.0,0.0,0.0,1,7,74.30346035957336,1,0
366,329,-126.05579809507151,126.05579809507151,"118,122,123",N-3,3,1838,True,0.0,0,0.0,0.0,0.0,0.0,0.0,1,34,185.14398574829102,1,0
368,330,-103.18013266932446,103.18013266932446,"9,11",common_bus_N-2,2,1339,True,0.0,0,0.0,0.0,0.0,0.0,0.0,2,6,0.0,2,0
369,331,-100.1,100.1,"41,179",common_bus_N-2,2,195,True,0.0,0,0.0,0.0,0.0,0.0,0.0,1,3,0.0,1,0
370,332,-135.06158463422184,135.06158463422184,"165,167,168,169",N-4,4,410,True,0.0,0,0.0,0.0,0.0,0.0,0.0,1,48,66.53372025489807,1,0
371,333,-128.24122699472136,128.24122699472136,"20,35,177",N-3,3,1220,True,0.0,0,0.0,0.0,0.0,0.0,0.0,1,37,156.53521180152893,1,0
372,334,-109.61625819640405,109.61625819640405,"66,68,75,105",N-4,4,303,True,0.0,0,0.0,0.0,0.0,0.0,0.0,1,15,0.0,1,0
373,335,-130.3516978973759,130.3516978973759,"136,140",common_bus_N-2,2,920,True,0.0,0,0.0,0.0,0.0,0.0,0.0,1,39,89.81487035751343,1,0
374,336,-104.9850726371516,104.9850726371516,"76,86",common_bus_N-2,2,1935,True,0.0,0,0.0,0.0,0.0,0.0,0.0,1,8,29.831046104431152,1,0
375,337,-114.03627449327922,114.03627449327922,"140,144,153",N-3,3,238,True,0.0,0,0.0,0.0,0.0,0.0,0.0,1,19,27.270871996879578,1,0
376,338,-105.92354664157513,105.92354664157513,"140,153",common_bus_N-2,2,806,True,0.0,0,0.0,0.0,0.0,0.0,0.0,1,9,0.0,1,0
377,339,-132.42711822356074,132.42711822356074,"66,68,97,98",N-4,4,429,True,0.0,0,0.0,0.0,0.0,0.0,0.0,1,44,169.68800288438797,1,0
378,340,-119.0415754029813,119.0415754029813,"75,97,105",N-3,3,56,True,0.0,0,0.0,0.0,0.0,0.0,0.0,1,25,0.0,1,0
379,341,-115.75527266017116,115.75527266017116,"61,62",common_bus_N-2,2,2000,True,0.0,0,0.0,0.0,0.0,0.0,0.0,1,20,79.25923752784729,1,0
380,342,-122.24986040101604,122.24986040101604,"68,70",common_bus_N-2,2,1917,True,0.0,0,0.0,0.0,0.0,0.0,0.0,1,28,119.72410720586777,1,0
381,343,-100.101885902876,100.101885902876,"173,174,175",N-3,3,1307,True,0.0,0,0.0,0.0,0.0,0.0,0.0,1,4,8.455510139465332,1,0
382,344,-104.9770575499286,104.9770575499286,"107,109,113",N-3,3,1730,True,0.0,0,0.0,0.0,0.0,0.0,0.0,1,9,0.0,1,0
383,345,-123.80377616744623,123.80377616744623,"46,47,50",N-3,3,604,True,0.0,0,0.0,0.0,0.0,0.0,0.0,1,31,180.35397863388062,1,0
385,346,-125.8652531897958,125.8652531897958,"64,75",common_bus_N-2,2,577,True,0.0,0,0.0,0.0,0.0,0.0,0.0,2,31,160.65427482128143,2,0
386,347,-113.16417646011942,113.16417646011942,"153,163",common_bus_N-2,2,1211,True,0.0,0,0.0,0.0,0.0,0.0,0.0,1,17,0.0,1,0
387,348,-109.61625819640405,109.61625819640405,"21,22,35",N-3,3,815,True,0.0,0,0.0,0.0,0.0,0.0,0.0,1,14,0.0,1,0
388,349,-109.61885131285855,109.61885131285855,"140,143,153,160",N-4,4,205,True,0.0,0,0.0,0.0,0.0,0.0,0.0,1,15,9.948415637016296,1,0
389,350,-125.30390349908963,125.30390349908963,"20,43",common_bus_N-2,2,659,True,0.0,0,0.0,0.0,0.0,0.0,0.0,1,32,155.30726647377014,1,0
390,351,-118.28314300137188,118.28314300137188,"123,124,150",N-3,3,1252,True,0.0,0,0.0,0.0,0.0,0.0,0.0,1,24,266.2870922088623,1,0
391,352,-106.86061800940517,106.86061800940517,"21,22,177",N-3,3,496,True,0.0,0,0.0,0.0,0.0,0.0,0.0,1,11,0.0,1,0
392,353,-107.78836536133643,107.78836536133643,"83,86,87,92",N-4,4,1966,True,0.0,0,0.0,0.0,0.0,0.0,0.0,1,13,0.0,1,0
393,354,-128.96375037343256,128.96375037343256,"66,74,75,105",N-4,4,984,True,0.0,0,0.0,0.0,0.0,0.0,0.0,1,39,202.1470673084259,1,0
394,355,-104.02105608476768,104.02105608476768,"154,162,166",N-3,3,1082,True,0.0,0,0.0,0.0,0.0,0.0,0.0,1,8,0.0,1,0
396,356,-154.21174611674658,154.21174611674658,"68,69",common_bus_N-2,2,1521,True,0.0,0,0.0,0.0,0.0,0.0,0.0,2,68,470.4234613776207,2,0
397,357,-132.4501824228851,132.4501824228851,"153,154,158,159",N-4,4,1260,True,0.0,0,0.0,0.0,0.0,0.0,0.0,1,44,256.5554337501526,1,0
398,358,-100.1,100.1,"157,158,162,163",N-4,4,762,True,0.0,0,0.0,0.0,0.0,0.0,0.0,1,5,0.0,1,0
399,359,-128.95455488649958,128.95455488649958,"114,116",common_bus_N-2,2,397,True,0.0,0,0.0,0.0,0.0,0.0,0.0,1,37,165.63249897956848,1,0
400,360,-0.1,0.1,"74,76,83",N-3,3,1123,True,0.0,0,0.0,0.0,0.0,0.0,0.0,1,4,0.0,1,0
401,361,-136.3907639483378,136.3907639483378,"136,137,140",N-3,3,1555,True,0.0,0,0.0,0.0,0.0,0.0,0.0,1,49,244.18034255504608,1,0
402,362,-100.1,100.1,"173,175,176",N-3,3,661,True,0.0,0,0.0,0.0,0.0,0.0,0.0,1,4,0.0,1,0
404,363,-116.14354948705643,116.14354948705643,"13,16",common_bus_N-2,2,851,True,0.0,0,0.0,0.0,0.0,0.0,0.0,2,20,73.50519382953644,2,0
405,364,-108.70688147287719,108.70688147287719,"67,75,97,105",N-4,4,522,True,0.0,0,0.0,0.0,0.0,0.0,0.0,1,14,0.0,1,0
406,365,-100.1,100.1,"121,124",common_bus_N-2,2,1189,True,0.0,0,0.0,0.0,0.0,0.0,0.0,1,3,37.283866345882416,1,0
408,366,-136.68724140876031,136.68724140876031,"87,92",common_bus_N-2,2,1976,True,0.0,0,0.0,0.0,0.0,0.0,0.0,2,44,185.53550148010254,2,0
409,367,-119.06750656752632,119.06750656752632,"83,87,88,92",N-4,4,1327,True,0.0,0,0.0,0.0,0.0,0.0,0.0,1,26,100.7835191488266,1,0
410,368,-102.08791201868799,102.08791201868799,"47,49",common_bus_N-2,2,1426,True,0.0,0,0.0,0.0,0.0,0.0,0.0,1,5,25.802416384220123,1,0
411,369,-100.1,100.1,"103,106,125,182",N-4,4,386,True,0.0,0,0.0,0.0,0.0,0.0,0.0,1,5,132.23596096038818,1,0
412,370,-100.12509578101377,100.12509578101377,"123,147,152",N-3,3,331,True,0.0,0,0.0,0.0,0.0,0.0,0.0,1,4,120.44117021560669,1,0
413,371,-113.17054138232592,113.17054138232592,"142,143",common_bus_N-2,2,1818,True,0.0,0,0.0,0.0,0.0,0.0,0.0,1,17,30.032458305358887,1,0
414,372,-119.0484118009068,119.0484118009068,"84,92",common_bus_N-2,2,62,True,0.0,0,0.0,0.0,0.0,0.0,0.0,1,24,32.84877264499664,1,0
415,373,-104.9817723071186,104.9817723071186,"64,67,105",N-3,3,2006,True,0.0,0,0.0,0.0,0.0,0.0,0.0,1,9,16.85953140258789,1,0
416,374,-130.3422683829959,130.3422683829959,"142,143,153",N-3,3,661,True,0.0,0,0.0,0.0,0.0,0.0,0.0,1,40,52.91465735435486,1,0
417,375,-106.87721543091283,106.87721543091283,"147,148,149,155",N-4,4,614,True,0.0,0,0.0,0.0,0.0,0.0,0.0,1,12,74.20368611812592,1,0
418,376,-114.04570400765924,114.04570400765924,"68,70,97",N-3,3,35,True,0.0,0,0.0,0.0,0.0,0.0,0.0,1,19,73.27667713165283,1,0
419,377,-103.05544664514919,103.05544664514919,"67,74,105",N-3,3,270,True,0.0,0,0.0,0.0,0.0,0.0,0.0,1,7,0.0,1,0
421,378,-108.02634261602182,108.02634261602182,"98,101,102",N-3,3,1677,True,0.0,0,0.0,0.0,0.0,0.0,0.0,2,12,25.185562133789062,2,0
422,379,-114.07163517220427,114.07163517220427,"68,70,97,105",N-4,4,10,True,0.0,0,0.0,0.0,0.0,0.0,0.0,1,20,168.81614327430725,1,0
423,380,-129.66092339732947,129.66092339732947,"114,115",common_bus_N-2,2,697,True,0.0,0,0.0,0.0,0.0,0.0,0.0,1,38,155.97397089004517,1,0
424,381,-100.1,100.1,"164,173",common_bus_N-2,2,803,True,0.0,0,0.0,0.0,0.0,0.0,0.0,1,3,0.0,1,0
426,382,-109.95960970748966,109.95960970748966,"119,123,127",N-3,3,1330,True,0.0,0,0.0,0.0,0.0,0.0,0.0,2,14,75.9686279296875,2,0
427,383,-129.69121774014445,129.69121774014445,"66,74,75",N-3,3,351,True,0.0,0,0.0,0.0,0.0,0.0,0.0,1,39,298.73416578769684,1,0
428,384,-104.9848368992921,104.9848368992921,"115,116,184",N-3,3,252,True,0.0,0,0.0,0.0,0.0,0.0,0.0,1,9,28.007278561592102,1,0
429,385,-121.46781945701518,121.46781945701518,"66,70,97",N-3,3,1304,True,0.0,0,0.0,0.0,0.0,0.0,0.0,1,28,129.5611608028412,1,0
430,386,-121.46149489287318,121.46149489287318,"40,179",common_bus_N-2,2,557,True,0.0,0,0.0,0.0,0.0,0.0,0.0,1,27,95.47886210680008,1,0
431,387,-110.51658647034718,110.51658647034718,"75,97",common_bus_N-2,2,1294,True,0.0,0,0.0,0.0,0.0,0.0,0.0,1,14,0.0,1,0
432,388,-139.51755606053544,139.51755606053544,"66,70,105",N-3,3,375,True,0.0,0,0.0,0.0,0.0,0.0,0.0,1,54,380.23765206336975,1,0
433,389,-116.5854729654263,116.5854729654263,"164,165,173",N-3,3,1821,True,0.0,0,0.0,0.0,0.0,0.0,0.0,1,22,58.47987735271454,1,0
434,390,-100.1,100.1,"34,39",common_bus_N-2,2,515,True,0.0,0,0.0,0.0,0.0,0.0,0.0,1,3,21.459693431854248,1,0
435,391,-129.64109201822765,129.64109201822765,"68,69,75,98",N-4,4,712,True,0.0,0,0.0,0.0,0.0,0.0,0.0,1,40,49.31190633773804,1,0
436,392,-132.45384541560648,132.45384541560648,"65,67,68,105",N-4,4,1594,True,0.0,0,0.0,0.0,0.0,0.0,0.0,1,44,251.2377769947052,1,0
437,393,-100.1,100.1,"6,8",common_bus_N-2,2,13,True,0.0,0,0.0,0.0,0.0,0.0,0.0,1,3,0.0,1,0
438,394,-106.86863309662819,106.86863309662819,"67,68,98",N-3,3,567,True,0.0,0,0.0,0.0,0.0,0.0,0.0,1,11,31.909119129180908,1,0
440,395,-123.54802495501436,123.54802495501436,"118,119,127",N-3,3,19,True,0.0,0,0.0,0.0,0.0,0.0,0.0,2,30,64.10281145572662,2,0
441,396,-0.1,0.1,"108,113,114",N-3,3,1438,True,0.0,0,0.0,0.0,0.0,0.0,0.0,1,4,0.0,1,0
442,397,-100.1,100.1,"162,164,165,173",N-4,4,1229,True,0.0,0,0.0,0.0,0.0,0.0,0.0,1,5,0.0,1,0
444,398,-144.876704960884,144.876704960884,"66,74,105",N-3,3,1183,True,0.0,0,0.0,0.0,0.0,0.0,0.0,2,58,173.37837535142899,2,0
445,399,-108.7311624724057,108.7311624724057,"69,70,74,98",N-4,4,1670,True,0.0,0,0.0,0.0,0.0,0.0,0.0,1,14,78.24818527698517,1,0
447,400,-134.36099489123134,134.36099489123134,"157,159,166",N-3,3,1279,True,0.0,0,0.0,0.0,0.0,0.0,0.0,2,41,370.24151611328125,1,0
448,401,-117.4340253138203,117.4340253138203,"46,49,51,52",N-4,4,1065,True,0.0,0,0.0,0.0,0.0,0.0,0.0,1,24,110.34161758422852,1,0
449,402,-100.1,100.1,"122,124,150,152",N-4,4,1631,True,0.0,0,0.0,0.0,0.0,0.0,0.0,1,5,0.0,1,0
450,403,-112.30295101449738,112.30295101449738,"158,159",common_bus_N-2,2,1785,True,0.0,0,0.0,0.0,0.0,0.0,0.0,1,16,58.33060610294342,1,0
451,404,-121.46166188855808,121.46166188855808,"64,65,74,75",N-4,4,1193,True,0.0,0,0.0,0.0,0.0,0.0,0.0,1,29,108.1347097158432,1,0
452,405,-113.1754177575702,113.1754177575702,"84,85,86,87",N-4,4,1501,True,0.0,0,0.0,0.0,0.0,0.0,0.0,1,19,49.15813612937927,1,0
454,406,-115.49290662205603,115.49290662205603,"68,74",common_bus_N-2,2,1500,True,0.0,0,0.0,0.0,0.0,0.0,0.0,2,19,125.05665725469589,2,0
455,407,-100.1,100.1,"165,169",common_bus_N-2,2,1257,True,0.0,0,0.0,0.0,0.0,0.0,0.0,1,3,0.0,1,0
456,408,-118.24484076952383,118.24484076952383,"83,84,85,92",N-4,4,1548,True,0.0,0,0.0,0.0,0.0,0.0,0.0,1,25,81.77187585830688,1,0
457,409,-119.06279181033631,119.06279181033631,"68,70,97",N-3,3,1215,True,0.0,0,0.0,0.0,0.0,0.0,0.0,1,25,96.00634574890137,1,0
458,410,-109.62427328362706,109.62427328362706,"150,151",common_bus_N-2,2,166,True,0.0,0,0.0,0.0,0.0,0.0,0.0,1,13,37.87806177139282,1,0
459,411,-119.85686958777208,119.85686958777208,"69,98,105",N-3,3,727,True,0.0,0,0.0,0.0,0.0,0.0,0.0,1,26,42.170366406440735,1,0
460,412,-109.62262311861056,109.62262311861056,"141,142,143,153",N-4,4,1303,True,0.0,0,0.0,0.0,0.0,0.0,0.0,1,15,28.027296781539917,1,0
461,413,-112.29317251707702,112.29317251707702,"157,158,162,166",N-4,4,318,True,0.0,0,0.0,0.0,0.0,0.0,0.0,1,18,12.351399421691895,1,0
462,414,-121.45065095133617,121.45065095133617,"74,105",common_bus_N-2,2,188,True,0.0,0,0.0,0.0,0.0,0.0,0.0,1,27,55.354995131492615,1,0
463,415,-103.05544664514919,103.05544664514919,"67,68",common_bus_N-2,2,1146,True,0.0,0,0.0,0.0,0.0,0.0,0.0,1,6,0.0,1,0
464,416,-132.45714216419822,132.45714216419822,"66,68,69",N-3,3,642,True,0.0,0,0.0,0.0,0.0,0.0,0.0,1,43,320.61954391002655,1,0
465,417,-106.86533276659517,106.86533276659517,"66,67,75,105",N-4,4,855,True,0.0,0,0.0,0.0,0.0,0.0,0.0,1,12,17.94481635093689,1,0
466,418,-116.60221035345083,116.60221035345083,"67,70,75,98",N-4,4,1592,True,0.0,0,0.0,0.0,0.0,0.0,0.0,1,23,123.0054407119751,1,0
468,419,-113.63293783284666,113.63293783284666,"109,114",common_bus_N-2,2,1175,True,0.0,0,0.0,0.0,0.0,0.0,0.0,2,17,150.16098392009735,2,0
469,420,-117.41988104225028,117.41988104225028,"46,47,49,51",N-4,4,27,True,0.0,0,0.0,0.0,0.0,0.0,0.0,1,24,66.05315446853638,1,0
470,421,-0.1,0.1,"148,156",common_bus_N-2,2,862,True,0.0,0,0.0,0.0,0.0,0.0,0.0,1,3,0.0,1,0
471,422,-113.17101285804492,113.17101285804492,"84,92",common_bus_N-2,2,1501,True,0.0,0,0.0,0.0,0.0,0.0,0.0,1,17,29.895533084869385,1,0
472,423,-100.1,100.1,"64,67,69,105",N-4,4,785,True,0.0,0,0.0,0.0,0.0,0.0,0.0,1,5,0.0,1,0
473,424,-126.7696843870006,126.7696843870006,"153,154,163",N-3,3,666,True,0.0,0,0.0,0.0,0.0,0.0,0.0,1,35,75.58345532417297,1,0
474,425,-128.23645835768608,128.23645835768608,"64,69",common_bus_N-2,2,701,True,0.0,0,0.0,0.0,0.0,0.0,0.0,1,36,149.0064353942871,1,0
475,426,-102.08013266932447,102.08013266932447,"98,99,101",N-3,3,1759,True,0.0,0,0.0,0.0,0.0,0.0,0.0,1,6,0.0,1,0
476,427,-118.26181389540785,118.26181389540785,"105,106,107,115",N-4,4,1289,True,0.0,0,0.0,0.0,0.0,0.0,0.0,1,25,157.85019636154175,1,0
477,428,-109.62766078415265,109.62766078415265,"20,43",common_bus_N-2,2,762,True,0.0,0,0.0,0.0,0.0,0.0,0.0,1,13,49.9641170501709,1,0
478,429,-103.06181156735569,103.06181156735569,"75,76",common_bus_N-2,2,523,True,0.0,0,0.0,0.0,0.0,0.0,0.0,1,6,25.017793893814087,1,0
479,430,-114.90923906065011,114.90923906065011,"46,49,50",N-3,3,1446,True,0.0,0,0.0,0.0,0.0,0.0,0.0,1,20,82.36864924430847,1,0
480,431,-116.5809939460958,116.5809939460958,"64,67,98,105",N-4,4,1552,True,0.0,0,0.0,0.0,0.0,0.0,0.0,1,23,36.33632135391235,1,0
481,432,-114.89717225849438,114.89717225849438,"162,166",common_bus_N-2,2,1310,True,0.0,0,0.0,0.0,0.0,0.0,0.0,1,19,47.24188441038132,1,0
482,433,-113.18822172178844,113.18822172178844,"140,141,153",N-3,3,1946,True,0.0,0,0.0,0.0,0.0,0.0,0.0,1,18,84.15176796913147,1,0
484,434,-112.62373965287918,112.62373965287918,"11,14,16",N-3,3,1085,True,0.0,0,0.0,0.0,0.0,0.0,0.0,2,17,43.98072522878647,2,0
485,435,-131.7427455704137,131.7427455704137,"65,69,75,98",N-4,4,144,True,0.0,0,0.0,0.0,0.0,0.0,0.0,1,43,142.21234679222107,1,0
487,436,-132.64951716848927,132.64951716848927,"69,75,105",N-3,3,1895,True,0.0,0,0.0,0.0,0.0,0.0,0.0,2,39,201.06929695606232,1,0
488,437,-112.19941494660488,112.19941494660488,"147,149,155,156",N-4,4,1262,True,0.0,0,0.0,0.0,0.0,0.0,0.0,1,17,42.71626091003418,0,0
489,438,-109.62403754576756,109.62403754576756,"117,123",common_bus_N-2,2,47,True,0.0,0,0.0,0.0,0.0,0.0,0.0,1,13,35.326701164245605,1,0
490,439,-119.08330100411284,119.08330100411284,"117,120,127",N-3,3,518,True,0.0,0,0.0,0.0,0.0,0.0,0.0,1,25,154.5554187297821,1,0
491,440,-110.52295139255368,110.52295139255368,"153,154,157,166",N-4,4,1782,True,0.0,0,0.0,0.0,0.0,0.0,0.0,1,16,27.572189211845398,1,0
492,441,-105.92708270946763,105.92708270946763,"147,152",common_bus_N-2,2,830,True,0.0,0,0.0,0.0,0.0,0.0,0.0,1,9,12.587920725345612,1,0
493,442,-113.16417646011942,113.16417646011942,"22,35,38",N-3,3,1417,True,0.0,0,0.0,0.0,0.0,0.0,0.0,1,18,0.0,1,0
494,443,-100.1,100.1,"109,111",common_bus_N-2,2,334,True,0.0,0,0.0,0.0,0.0,0.0,0.0,1,3,0.0,1,0
495,444,-114.04570400765924,114.04570400765924,"69,70,105",N-3,3,197,True,0.0,0,0.0,0.0,0.0,0.0,0.0,1,19,70.22764205932617,1,0
496,445,-116.59466674194682,116.59466674194682,"67,74",common_bus_N-2,2,224,True,0.0,0,0.0,0.0,0.0,0.0,0.0,1,21,80.06525802612305,1,0
497,446,-100.1,100.1,"113,116",common_bus_N-2,2,498,True,0.0,0,0.0,0.0,0.0,0.0,0.0,1,3,0.0,1,0
498,447,-129.69128296623458,129.69128296623458,"66,70",common_bus_N-2,2,965,True,0.0,0,0.0,0.0,0.0,0.0,0.0,1,38,306.5372042655945,1,0
499,448,-119.05957640896499,119.05957640896499,"2,10",common_bus_N-2,2,929,True,0.0,0,0.0,0.0,0.0,0.0,0.0,1,24,85.24685502052307,1,0
500,449,-112.30776541410572,112.30776541410572,"140,141",common_bus_N-2,2,1685,True,0.0,0,0.0,0.0,0.0,0.0,0.0,1,16,57.72406351566315,1,0
502,450,-109.99811363469628,109.99811363469628,"84,85,86,87",N-4,4,1385,True,0.0,0,0.0,0.0,0.0,0.0,0.0,2,15,0.0,2,0
503,451,-126.03758504978468,126.03758504978468,"75,83",common_bus_N-2,2,435,True,0.0,0,0.0,0.0,0.0,0.0,0.0,1,33,98.33641815185547,1,0
505,452,-122.69269818985889,122.69269818985889,"165,168",common_bus_N-2,2,1911,True,0.0,0,0.0,0.0,0.0,0.0,0.0,2,27,141.68598341941833,2,0
506,453,-109.63275984656907,109.63275984656907,"66,67,70,105",N-4,4,264,True,0.0,0,0.0,0.0,0.0,0.0,0.0,1,15,63.35254728794098,1,0
507,454,-103.06322599451269,103.06322599451269,"39,41",common_bus_N-2,2,1407,True,0.0,0,0.0,0.0,0.0,0.0,0.0,1,6,25.642440140247345,1,0
508,455,-104.9770575499286,104.9770575499286,"140,142",common_bus_N-2,2,1100,True,0.0,0,0.0,0.0,0.0,0.0,0.0,1,8,0.0,1,0
509,456,-104.02105608476768,104.02105608476768,"18,25",common_bus_N-2,2,1573,True,0.0,0,0.0,0.0,0.0,0.0,0.0,1,7,0.0,1,0
510,457,-124.53152684452647,124.53152684452647,"84,85,87",N-3,3,1867,True,0.0,0,0.0,0.0,0.0,0.0,0.0,1,32,47.8657751083374,1,0
511,458,-100.1,100.1,"64,65,69",N-3,3,139,True,0.0,0,0.0,0.0,0.0,0.0,0.0,1,4,0.0,1,0
512,459,-121.4751676887242,121.4751676887242,"46,49",common_bus_N-2,2,39,True,0.0,0,0.0,0.0,0.0,0.0,0.0,1,27,170.29306483268738,1,0
513,460,-117.41068726572978,117.41068726572978,"96,101",common_bus_N-2,2,845,True,0.0,0,0.0,0.0,0.0,0.0,0.0,1,22,25.021745920181274,1,0
515,461,-123.52416543086609,123.52416543086609,"98,102",common_bus_N-2,2,1333,True,0.0,0,0.0,0.0,0.0,0.0,0.0,2,28,112.81989926099777,2,0
516,462,-100.1,100.1,"22,23",common_bus_N-2,2,202,True,0.0,0,0.0,0.0,0.0,0.0,0.0,1,3,0.0,1,0
517,463,-110.5399245184377,110.5399245184377,"65,68,70,74",N-4,4,210,True,0.0,0,0.0,0.0,0.0,0.0,0.0,1,16,87.38653546571732,1,0
518,464,-100.1,100.1,"110,111",common_bus_N-2,2,199,True,0.0,0,0.0,0.0,0.0,0.0,0.0,1,3,0.0,1,0
519,465,-100.10471475719001,100.10471475719001,"66,68,74,75",N-4,4,1179,True,0.0,0,0.0,0.0,0.0,0.0,0.0,1,5,18.941214084625244,1,0
520,466,-119.88371662053669,119.88371662053669,"86,88,92",N-3,3,773,True,0.0,0,0.0,0.0,0.0,0.0,0.0,1,26,150.76457011699677,1,0
521,467,-111.42870125992027,111.42870125992027,"122,123,126,151",N-4,4,800,True,0.0,0,0.0,0.0,0.0,0.0,0.0,1,17,78.26285219192505,1,0
522,468,-108.70971032719119,108.70971032719119,"11,12,16",N-3,3,187,True,0.0,0,0.0,0.0,0.0,0.0,0.0,1,13,12.515702247619629,1,0
524,469,-116.37349776140248,116.37349776140248,"77,84",common_bus_N-2,2,1494,True,0.0,0,0.0,0.0,0.0,0.0,0.0,2,20,115.80627197027206,2,0
525,470,-110.5354454991072,110.5354454991072,"56,65",common_bus_N-2,2,1293,True,0.0,0,0.0,0.0,0.0,0.0,0.0,1,14,81.5658950805664,1,0
526,471,-104.0375577349327,104.0375577349327,"68,70,98",N-3,3,1991,True,0.0,0,0.0,0.0,0.0,0.0,0.0,1,8,57.84950494766235,1,0
527,472,-144.17571769370656,144.17571769370656,"20,21,35,38",N-4,4,354,True,0.0,0,0.0,0.0,0.0,0.0,0.0,1,63,337.59441697597504,1,0
528,473,-104.98719427788711,104.98719427788711,"167,169",common_bus_N-2,2,268,True,0.0,0,0.0,0.0,0.0,0.0,0.0,1,8,37.117684960365295,1,0
529,474,-114.89434340418038,114.89434340418038,"107,108,113",N-3,3,1008,True,0.0,0,0.0,0.0,0.0,0.0,0.0,1,20,41.31879734992981,1,0
530,475,-100.1,100.1,"122,151,152",N-3,3,1617,True,0.0,0,0.0,0.0,0.0,0.0,0.0,1,4,0.0,1,0
531,476,-119.85099797236805,119.85099797236805,"154,158,166",N-3,3,345,True,0.0,0,0.0,0.0,0.0,0.0,0.0,1,26,14.123360276222229,1,0
533,477,-143.6127918153261,143.6127918153261,"65,105",common_bus_N-2,2,12,True,0.0,0,0.0,0.0,0.0,0.0,0.0,2,55,222.8029357790947,2,0
534,478,-123.7853886144052,123.7853886144052,"66,70,75,97",N-4,4,50,True,0.0,0,0.0,0.0,0.0,0.0,0.0,1,32,107.0434502363205,1,0
535,479,-100.1,100.1,"166,168,171",N-3,3,842,True,0.0,0,0.0,0.0,0.0,0.0,0.0,1,4,38.54015749692917,1,0
536,480,-105.92354664157513,105.92354664157513,"66,68,69,75",N-4,4,1711,True,0.0,0,0.0,0.0,0.0,0.0,0.0,1,11,0.0,1,0
537,481,-131.7167276602038,131.7167276602038,"153,166",common_bus_N-2,2,691,True,0.0,0,0.0,0.0,0.0,0.0,0.0,1,41,15.084703207015991,1,0
538,482,-108.71159623006719,108.71159623006719,"17,18,43",N-3,3,1296,True,0.0,0,0.0,0.0,0.0,0.0,0.0,1,13,21.11501932144165,1,0
539,483,-105.92354664157513,105.92354664157513,"157,158,163,166",N-4,4,783,True,0.0,0,0.0,0.0,0.0,0.0,0.0,1,11,0.0,1,0
541,484,-136.13543891767642,136.13543891767642,"42,179",common_bus_N-2,2,1568,True,0.0,0,0.0,0.0,0.0,0.0,0.0,2,44,305.4618799686432,2,0
542,485,-114.0749560456215,114.0749560456215,"122,126,147,151",N-4,4,1239,True,0.0,0,0.0,0.0,0.0,0.0,0.0,1,20,210.80260276794434,1,0
543,486,-133.1036266276423,133.1036266276423,"77,84,85",N-3,3,967,True,0.0,0,0.0,0.0,0.0,0.0,0.0,1,44,178.37202370166779,1,0
544,487,-100.1,100.1,"65,74,75,97",N-4,4,897,True,0.0,0,0.0,0.0,0.0,0.0,0.0,1,5,0.0,1,0
545,488,-100.1035360678925,100.1035360678925,"126,147,150",N-3,3,285,True,0.0,0,0.0,0.0,0.0,0.0,0.0,1,4,14.362477362155914,1,0
546,489,-114.92310342303941,114.92310342303941,"123,124,151",N-3,3,729,True,0.0,0,0.0,0.0,0.0,0.0,0.0,1,20,181.2646415233612,1,0
547,490,-110.53215260789929,110.53215260789929,"65,66,74,98",N-4,4,1405,True,0.0,0,0.0,0.0,0.0,0.0,0.0,1,16,52.973581075668335,1,0
548,491,-100.1,100.1,"69,105",common_bus_N-2,2,1491,True,0.0,0,0.0,0.0,0.0,0.0,0.0,1,3,0.0,1,0
549,492,-107.79614471069993,107.79614471069993,"117,119,127",N-3,3,1466,True,0.0,0,0.0,0.0,0.0,0.0,0.0,1,12,29.84621661901474,1,0
553,493,-113.22253744524417,113.22253744524417,"79,84",common_bus_N-2,2,1676,True,0.0,0,0.0,0.0,0.0,0.0,0.0,4,16,0.0,4,0
554,494,-105.92354664157513,105.92354664157513,"65,75,97,105",N-4,4,1331,True,0.0,0,0.0,0.0,0.0,0.0,0.0,1,11,0.0,1,0
555,495,-104.9850726371516,104.9850726371516,"147,150,151",N-3,3,1791,True,0.0,0,0.0,0.0,0.0,0.0,0.0,1,9,35.17788004875183,1,0
556,496,-131.75911456908747,131.75911456908747,"140,160",common_bus_N-2,2,128,True,0.0,0,0.0,0.0,0.0,0.0,0.0,1,41,226.08754062652588,1,0
557,497,-113.17219154734242,113.17219154734242,"64,105",common_bus_N-2,2,337,True,0.0,0,0.0,0.0,0.0,0.0,0.0,1,17,38.98279929161072,1,0
558,498,-107.81170340942695,107.81170340942695,"67,69,74,75",N-4,4,1673,True,0.0,0,0.0,0.0,0.0,0.0,0.0,1,13,72.65530443191528,1,0
559,499,-110.52012253823968,110.52012253823968,"126,147,152",N-3,3,1816,True,0.0,0,0.0,0.0,0.0,0.0,0.0,1,15,15.886870622634888,1,0
560,500,-100.1,100.1,"73,76",common_bus_N-2,2,954,True,0.0,0,0.0,0.0,0.0,0.0,0.0,1,3,0.0,1,0
561,501,-114.0486062150018,114.0486062150018,"64,66,98",N-3,3,184,True,0.0,0,0.0,0.0,0.0,0.0,0.0,1,19,82.43613243103027,1,0
563,502,-124.27308626802454,124.27308626802454,"66,68,74,105",N-4,4,1892,True,0.0,0,0.0,0.0,0.0,0.0,0.0,2,30,194.7660093307495,1,0
564,503,-118.24460503166434,118.24460503166434,"47,50,51",N-3,3,200,True,0.0,0,0.0,0.0,0.0,0.0,0.0,1,24,71.16516530513763,1,0
565,504,-102.08013266932447,102.08013266932447,"90,91,100",N-3,3,839,True,0.0,0,0.0,0.0,0.0,0.0,0.0,1,6,0.0,1,0
566,505,-100.1,100.1,"170,172",common_bus_N-2,2,1581,True,0.0,0,0.0,0.0,0.0,0.0,0.0,1,3,2.082075595855713,1,0
567,506,-114.89858668565138,114.89858668565138,"64,65,75,97",N-4,4,1597,True,0.0,0,0.0,0.0,0.0,0.0,0.0,1,21,55.82184553146362,1,0
568,507,-105.93274041809563,105.93274041809563,"119,122,123,127",N-4,4,1064,True,0.0,0,0.0,0.0,0.0,0.0,0.0,1,11,34.660953104496,1,0
569,508,-100.1,100.1,"100,102",common_bus_N-2,2,109,True,0.0,0,0.0,0.0,0.0,0.0,0.0,1,3,33.186580657958984,1,0
570,509,-121.44758635916267,121.44758635916267,"65,75,97,105",N-4,4,928,True,0.0,0,0.0,0.0,0.0,0.0,0.0,1,29,49.279654026031494,1,0
571,510,-104.02105608476768,104.02105608476768,"4,10",common_bus_N-2,2,1402,True,0.0,0,0.0,0.0,0.0,0.0,0.0,1,7,0.0,1,0
573,511,-137.2505902548774,137.2505902548774,"64,74,105",N-3,3,1801,True,0.0,0,0.0,0.0,0.0,0.0,0.0,2,46,265.6827336549759,2,0
575,512,-111.89911277969573,111.89911277969573,"13,16",common_bus_N-2,2,544,True,0.0,0,0.0,0.0,0.0,0.0,0.0,2,15,68.91115617752075,2,0
576,513,-115.74082621400613,115.74082621400613,"140,142,153",N-3,3,1803,True,0.0,0,0.0,0.0,0.0,0.0,0.0,1,21,34.40123474597931,1,0
577,514,-100.1,100.1,"158,159,162,163",N-4,4,348,True,0.0,0,0.0,0.0,0.0,0.0,0.0,1,5,0.0,1,0
581,515,-112.2085965168247,112.2085965168247,"74,97",common_bus_N-2,2,2000,True,0.0,0,0.0,0.0,0.0,0.0,0.0,4,15,0.0,4,0
582,516,-109.64902916286532,109.64902916286532,"123,126,152",N-3,3,1560,True,0.0,0,0.0,0.0,0.0,0.0,0.0,1,14,152.595520734787,1,0
583,517,-105.92802566090563,105.92802566090563,"97,105",common_bus_N-2,2,540,True,0.0,0,0.0,0.0,0.0,0.0,0.0,1,9,16.761139810085297,1,0
584,518,-122.23335875085102,122.23335875085102,"38,41",common_bus_N-2,2,647,True,0.0,0,0.0,0.0,0.0,0.0,0.0,1,28,67.66108131408691,1,0
585,519,-120.68270764217013,120.68270764217013,"122,123,126,147",N-4,4,1250,True,0.0,0,0.0,0.0,0.0,0.0,0.0,1,28,170.82973766326904,1,0
586,520,-100.1,100.1,"157,158,162,163",N-4,4,946,True,0.0,0,0.0,0.0,0.0,0.0,0.0,1,5,0.0,1,0
587,521,-140.13094234130406,140.13094234130406,"122,124,151,152",N-4,4,605,True,0.0,0,0.0,0.0,0.0,0.0,0.0,1,56,367.7169533967972,1,0
588,522,-122.22251480931402,122.22251480931402,"88,94",common_bus_N-2,2,731,True,0.0,0,0.0,0.0,0.0,0.0,0.0,1,28,12.783053636550903,1,0
589,523,-109.63275984656907,109.63275984656907,"46,51,52",N-3,3,1064,True,0.0,0,0.0,0.0,0.0,0.0,0.0,1,14,62.21196711063385,1,0
590,524,-123.79198927447122,123.79198927447122,"70,74,98",N-3,3,63,True,0.0,0,0.0,0.0,0.0,0.0,0.0,1,31,143.69415724277496,1,0
591,525,-117.45531458587357,117.45531458587357,"122,124,147,150",N-4,4,464,True,0.0,0,0.0,0.0,0.0,0.0,0.0,1,24,239.44713354110718,1,0
592,526,-100.1,100.1,"103,106,125,182",N-4,4,1422,True,0.0,0,0.0,0.0,0.0,0.0,0.0,1,5,53.92625570297241,1,0
593,527,-101.09501662508319,101.09501662508319,"11,12,16,19",N-4,4,1102,True,0.0,0,0.0,0.0,0.0,0.0,0.0,1,6,0.0,1,0
594,528,-124.54998355421326,124.54998355421326,"64,69,97,98",N-4,4,1818,True,0.0,0,0.0,0.0,0.0,0.0,0.0,1,33,133.80390346050262,1,0
595,529,-128.93820828567738,128.93820828567738,"64,65,74,97",N-4,4,108,True,0.0,0,0.0,0.0,0.0,0.0,0.0,1,39,77.1753134727478,1,0
596,530,-100.1,100.1,"90,91,99,100",N-4,4,474,True,0.0,0,0.0,0.0,0.0,0.0,0.0,1,5,0.0,1,0
597,531,-113.18067811028443,113.18067811028443,"64,70,97,98",N-4,4,210,True,0.0,0,0.0,0.0,0.0,0.0,0.0,1,19,61.78845942020416,1,0
598,532,-115.74035473828714,115.74035473828714,"64,74,75",N-3,3,1820,True,0.0,0,0.0,0.0,0.0,0.0,0.0,1,21,32.023096561431885,1,0
600,533,-121.817182832177,121.817182832177,"67,68,75,97",N-4,4,1939,True,0.0,0,0.0,0.0,0.0,0.0,0.0,2,28,28.86363422870636,2,0
601,534,-110.53308812051219,110.53308812051219,"68,70,105",N-3,3,522,True,0.0,0,0.0,0.0,0.0,0.0,0.0,1,15,62.16642200946808,1,0
602,535,-119.86155726174367,119.86155726174367,"96,103",common_bus_N-2,2,1535,True,0.0,0,0.0,0.0,0.0,0.0,0.0,1,25,62.20018672943115,1,0
603,536,-121.45798291276118,121.45798291276118,"153,154,157,163",N-4,4,1506,True,0.0,0,0.0,0.0,0.0,0.0,0.0,1,29,89.17381298542023,1,0
604,537,-114.90212275354388,114.90212275354388,"64,69,70,75",N-4,4,203,True,0.0,0,0.0,0.0,0.0,0.0,0.0,1,21,64.41275596618652,1,0
606,538,-118.29029182480114,118.29029182480114,"147,152",common_bus_N-2,2,1067,True,0.0,0,0.0,0.0,0.0,0.0,0.0,2,22,85.14478421211243,2,0
607,539,-100.1,100.1,"0,1",common_bus_N-2,2,880,True,0.0,0,0.0,0.0,0.0,0.0,0.0,1,3,0.0,1,0
608,540,-121.4768178537407,121.4768178537407,"65,66,69,70",N-4,4,1906,True,0.0,0,0.0,0.0,0.0,0.0,0.0,1,29,157.98191356658936,1,0
609,541,-100.1,100.1,"110,111",common_bus_N-2,2,98,True,0.0,0,0.0,0.0,0.0,0.0,0.0,1,3,0.0,1,0
610,542,-118.23847584731733,118.23847584731733,"35,36,53",N-3,3,1074,True,0.0,0,0.0,0.0,0.0,0.0,0.0,1,24,42.90413910150528,1,0
611,543,-123.80990535179323,123.80990535179323,"135,136,137,141",N-4,4,1028,True,0.0,0,0.0,0.0,0.0,0.0,0.0,1,32,210.53097677230835,1,0
612,544,-100.1,100.1,"170,172",common_bus_N-2,2,1450,True,0.0,0,0.0,0.0,0.0,0.0,0.0,1,3,1.6273787021636963,1,0
614,545,-118.12542366122307,118.12542366122307,"119,127",common_bus_N-2,2,1040,True,0.0,0,0.0,0.0,0.0,0.0,0.0,2,22,173.48702430725098,2,0
615,546,-133.12667493784681,133.12667493784681,"64,67,74,75",N-4,4,411,True,0.0,0,0.0,0.0,0.0,0.0,0.0,1,45,310.15833365917206,1,0
616,547,-118.23976749247413,118.23976749247413,"97,98,99,101",N-4,4,1596,True,0.0,0,0.0,0.0,0.0,0.0,0.0,1,25,55.32393366098404,1,0
618,548,-110.00612872191928,110.00612872191928,"36,53",common_bus_N-2,2,1741,True,0.0,0,0.0,0.0,0.0,0.0,0.0,2,13,29.819616317749023,2,0
619,549,-100.10471475719001,100.10471475719001,"123,150",common_bus_N-2,2,1874,True,0.0,0,0.0,0.0,0.0,0.0,0.0,1,3,21.79332733154297,1,0
620,550,-105.92354664157513,105.92354664157513,"20,21",common_bus_N-2,2,1453,True,0.0,0,0.0,0.0,0.0,0.0,0.0,1,9,0.0,1,0
622,551,-109.01075144668461,109.01075144668461,"164,165",common_bus_N-2,2,1458,True,0.0,0,0.0,0.0,0.0,0.0,0.0,2,12,26.78900420665741,2,0
623,552,-131.0468354713386,131.0468354713386,"46,52",common_bus_N-2,2,687,True,0.0,0,0.0,0.0,0.0,0.0,0.0,1,40,109.18802511692047,1,0
624,553,-100.1,100.1,"130,132,134",N-3,3,604,True,0.0,0,0.0,0.0,0.0,0.0,0.0,1,4,0.0,1,0
625,554,-123.0221870113454,123.0221870113454,"3,7",common_bus_N-2,2,558,True,0.0,0,0.0,0.0,0.0,0.0,0.0,1,29,108.53376030921936,1,0
627,555,-114.49586834697223,114.49586834697223,"64,75,97,105",N-4,4,1713,True,0.0,0,0.0,0.0,0.0,0.0,0.0,2,20,26.21495532989502,2,0
628,556,-121.44098569909666,121.44098569909666,"42,178",common_bus_N-2,2,90,True,0.0,0,0.0,0.0,0.0,0.0,0.0,1,27,19.008838653564453,1,0
629,557,-111.42634388132527,111.42634388132527,"162,166",common_bus_N-2,2,24,True,0.0,0,0.0,0.0,0.0,0.0,0.0,1,15,74.1790999174118,1,0
630,558,-133.7719648524135,133.7719648524135,"79,81,85",N-3,3,364,True,0.0,0,0.0,0.0,0.0,0.0,0.0,1,45,196.391996383667,1,0
631,559,-106.86297538800018,106.86297538800018,"159,162",common_bus_N-2,2,1091,True,0.0,0,0.0,0.0,0.0,0.0,0.0,1,10,8.019619584083557,1,0
632,560,-138.27197765778212,138.27197765778212,"64,70,74,97",N-4,4,708,True,0.0,0,0.0,0.0,0.0,0.0,0.0,1,53,260.96915888786316,1,0
633,561,-117.41788127730605,117.41788127730605,"66,68,69,75",N-4,4,612,True,0.0,0,0.0,0.0,0.0,0.0,0.0,1,24,63.29085111618042,1,0
634,562,-115.74789834979114,115.74789834979114,"66,68",common_bus_N-2,2,1880,True,0.0,0,0.0,0.0,0.0,0.0,0.0,1,20,65.698317527771,1,0
635,563,-127.51053772333152,127.51053772333152,"116,119",common_bus_N-2,2,387,True,0.0,0,0.0,0.0,0.0,0.0,0.0,1,35,135.04865503311157,1,0
636,564,-106.8865491739502,106.8865491739502,"66,68,75,97",N-4,4,1617,True,0.0,0,0.0,0.0,0.0,0.0,0.0,1,12,101.50105059146881,1,0
637,565,-100.12203616436237,100.12203616436237,"147,150,151,152",N-4,4,1362,True,0.0,0,0.0,0.0,0.0,0.0,0.0,1,5,79.24794268608093,1,0
638,566,-126.7725132413146,126.7725132413146,"162,173",common_bus_N-2,2,88,True,0.0,0,0.0,0.0,0.0,0.0,0.0,1,34,89.65955424308777,1,0
639,567,-111.42728683276327,111.42728683276327,"65,70,74,97",N-4,4,513,True,0.0,0,0.0,0.0,0.0,0.0,0.0,1,17,76.70305001735687,1,0
640,568,-100.1,100.1,"13,14,183",N-3,3,129,True,0.0,0,0.0,0.0,0.0,0.0,0.0,1,4,24.41129446029663,1,0
641,569,-106.86061800940517,106.86061800940517,"136,141",common_bus_N-2,2,588,True,0.0,0,0.0,0.0,0.0,0.0,0.0,1,10,0.0,1,0
642,570,-108.71466082224069,108.71466082224069,"118,123",common_bus_N-2,2,1050,True,0.0,0,0.0,0.0,0.0,0.0,0.0,1,12,31.252218425273895,1,0
643,571,-137.0304429339191,137.0304429339191,"95,101,103",N-3,3,1824,True,0.0,0,0.0,0.0,0.0,0.0,0.0,1,50,282.3030481338501,1,0
644,572,-0.1,0.1,"147,149",common_bus_N-2,2,1680,True,0.0,0,0.0,0.0,0.0,0.0,0.0,1,3,0.0,1,0
645,573,-108.71654672511669,108.71654672511669,"33,42",common_bus_N-2,2,478,True,0.0,0,0.0,0.0,0.0,0.0,0.0,1,12,41.87097668647766,1,0
646,574,-104.0288354341312,104.0288354341312,"23,24",common_bus_N-2,2,1610,True,0.0,0,0.0,0.0,0.0,0.0,0.0,1,7,29.92301630973816,1,0
647,575,-104.9848368992921,104.9848368992921,"117,123",common_bus_N-2,2,1190,True,0.0,0,0.0,0.0,0.0,0.0,0.0,1,8,32.1267494559288,1,0
648,576,-123.79198927447122,123.79198927447122,"69,70,75,98",N-4,4,1858,True,0.0,0,0.0,0.0,0.0,0.0,0.0,1,32,142.2895221710205,1,0
650,577,-113.68396321024726,113.68396321024726,"68,69,75",N-3,3,1716,True,0.0,0,0.0,0.0,0.0,0.0,0.0,2,18,42.58983516693115,2,0
651,578,-105.92873287448413,105.92873287448413,"141,142,143,144",N-4,4,1732,True,0.0,0,0.0,0.0,0.0,0.0,0.0,1,11,17.764771938323975,1,0
654,579,-119.20435165190187,119.20435165190187,"78,81",common_bus_N-2,2,1620,True,0.0,0,0.0,0.0,0.0,0.0,0.0,3,23,0.0,3,0
655,580,-103.05544664514919,103.05544664514919,"21,22,38",N-3,3,251,True,0.0,0,0.0,0.0,0.0,0.0,0.0,1,7,0.0,1,0
657,581,-105.15046327023238,105.15046327023238,"64,67,74,97",N-4,4,1090,True,0.0,0,0.0,0.0,0.0,0.0,0.0,2,10,0.0,2,0
658,582,-101.1039746637442,101.1039746637442,"148,149,155,156",N-4,4,1144,True,0.0,0,0.0,0.0,0.0,0.0,0.0,1,6,31.790725469589233,1,0
659,583,-115.73823309755163,115.73823309755163,"67,75",common_bus_N-2,2,1820,True,0.0,0,0.0,0.0,0.0,0.0,0.0,1,20,22.08489418029785,1,0
660,584,-117.42151100293964,117.42151100293964,"65,67,74,97",N-4,4,1567,True,0.0,0,0.0,0.0,0.0,0.0,0.0,1,24,77.43139111995697,1,0
661,585,-147.4302699184632,147.4302699184632,"65,70,74,97",N-4,4,698,True,0.0,0,0.0,0.0,0.0,0.0,0.0,1,69,320.47278130054474,1,0
662,586,-102.08484742651449,102.08484742651449,"13,19",common_bus_N-2,2,1943,True,0.0,0,0.0,0.0,0.0,0.0,0.0,1,5,16.886245012283325,1,0
663,587,-130.37377765250113,130.37377765250113,"65,66,67",N-3,3,132,True,0.0,0,0.0,0.0,0.0,0.0,0.0,1,40,206.42001342773438,1,0
665,588,-123.70156779427683,123.70156779427683,"78,79,81,84",N-4,4,1403,True,0.0,0,0.0,0.0,0.0,0.0,0.0,2,30,92.39658433198929,2,0
666,589,-118.24271912878834,118.24271912878834,"64,75,97,98",N-4,4,786,True,0.0,0,0.0,0.0,0.0,0.0,0.0,1,25,61.22103786468506,1,0
667,590,-100.1,100.1,"40,178",common_bus_N-2,2,1346,True,0.0,0,0.0,0.0,0.0,0.0,0.0,1,3,0.0,1,0
669,591,-111.61658647034717,111.61658647034717,"68,97,98",N-3,3,1713,True,0.0,0,0.0,0.0,0.0,0.0,0.0,2,16,0.0,2,0
670,592,-111.40795632828426,111.40795632828426,"163,166",common_bus_N-2,2,1512,True,0.0,0,0.0,0.0,0.0,0.0,0.0,1,15,0.0,1,0
671,593,-109.63294996983933,109.63294996983933,"106,115",common_bus_N-2,2,1651,True,0.0,0,0.0,0.0,0.0,0.0,0.0,1,13,57.49317789077759,1,0
672,594,-104.03095707486669,104.03095707486669,"28,30,40",N-3,3,1645,True,0.0,0,0.0,0.0,0.0,0.0,0.0,1,8,34.3678343296051,1,0
673,595,-104.03119281272619,104.03119281272619,"153,157,159,166",N-4,4,1672,True,0.0,0,0.0,0.0,0.0,0.0,0.0,1,9,34.08228850364685,1,0
674,596,-118.24083322591233,118.24083322591233,"35,36,53",N-3,3,1086,True,0.0,0,0.0,0.0,0.0,0.0,0.0,1,24,47.388177931308746,1,0
675,597,-107.80085946788994,107.80085946788994,"85,87,92",N-3,3,1642,True,0.0,0,0.0,0.0,0.0,0.0,0.0,1,12,43.41682177782059,1,0
676,598,-106.86863309662819,106.86863309662819,"64,65,67,68",N-4,4,1654,True,0.0,0,0.0,0.0,0.0,0.0,0.0,1,12,27.618050932884216,1,0
677,599,-115.78559747751501,115.78559747751501,"124,126",common_bus_N-2,2,445,True,0.0,0,0.0,0.0,0.0,0.0,0.0,1,20,254.7634720802307,1,0
678,600,-112.29045690794386,112.29045690794386,"68,75,98,105",N-4,4,1039,True,0.0,0,0.0,0.0,0.0,0.0,0.0,1,18,0.0,1,0
679,601,-110.52389434399169,110.52389434399169,"143,144",common_bus_N-2,2,581,True,0.0,0,0.0,0.0,0.0,0.0,0.0,1,14,30.431547105312347,1,0
680,602,-119.0415754029813,119.0415754029813,"76,78",common_bus_N-2,2,1834,True,0.0,0,0.0,0.0,0.0,0.0,0.0,1,24,0.0,1,0
682,603,-119.15207795158503,119.15207795158503,"68,74,105",N-3,3,1161,True,0.0,0,0.0,0.0,0.0,0.0,0.0,2,24,41.12008988857269,2,0
683,604,-119.8505064874086,119.8505064874086,"65,98,105",N-3,3,1005,True,0.0,0,0.0,0.0,0.0,0.0,0.0,1,26,11.643161296844482,1,0
684,605,-118.23504733131875,118.23504733131875,"40,41",common_bus_N-2,2,733,True,0.0,0,0.0,0.0,0.0,0.0,0.0,1,23,39.53895831108093,1,0
685,606,-115.74129768972514,115.74129768972514,"104,118",common_bus_N-2,2,1822,True,0.0,0,0.0,0.0,0.0,0.0,0.0,1,20,36.42329728603363,1,0
687,607,-114.50152605560024,114.50152605560024,"99,100",common_bus_N-2,2,1691,True,0.0,0,0.0,0.0,0.0,0.0,0.0,2,18,43.29331576824188,2,0
688,608,-114.02920235749421,114.02920235749421,"77,78,79,81",N-4,4,626,True,0.0,0,0.0,0.0,0.0,0.0,0.0,1,20,0.0,1,0
689,609,-100.1,100.1,"68,69,74",N-3,3,1873,True,0.0,0,0.0,0.0,0.0,0.0,0.0,1,4,0.0,1,0
690,610,-113.17077712018542,113.17077712018542,"99,102",common_bus_N-2,2,1267,True,0.0,0,0.0,0.0,0.0,0.0,0.0,1,17,31.127978801727295,1,0
691,611,-121.49625718089726,121.49625718089726,"124,126,150,152",N-4,4,635,True,0.0,0,0.0,0.0,0.0,0.0,0.0,1,29,295.8448612689972,1,0
692,612,-110.5460537027847,110.5460537027847,"122,124,126,152",N-4,4,247,True,0.0,0,0.0,0.0,0.0,0.0,0.0,1,16,109.36278104782104,1,0
693,613,-119.05925574244381,119.05925574244381,"66,97,98",N-3,3,1909,True,0.0,0,0.0,0.0,0.0,0.0,0.0,1,25,71.87153846025467,1,0
694,614,-104.9770575499286,104.9770575499286,"17,18,20",N-3,3,211,True,0.0,0,0.0,0.0,0.0,0.0,0.0,1,9,0.0,1,0
695,615,-106.89645527491727,106.89645527491727,"123,124,150,152",N-4,4,1377,True,0.0,0,0.0,0.0,0.0,0.0,0.0,1,12,117.12856435775757,1,0
696,616,-118.25270761713638,118.25270761713638,"66,70,74,105",N-4,4,1501,True,0.0,0,0.0,0.0,0.0,0.0,0.0,1,25,112.74859857559204,1,0
697,617,-100.1,100.1,"174,175",common_bus_N-2,2,605,True,0.0,0,0.0,0.0,0.0,0.0,0.0,1,3,0.0,1,0
698,618,-106.86061800940517,106.86061800940517,"23,24,44",N-3,3,38,True,0.0,0,0.0,0.0,0.0,0.0,0.0,1,11,0.0,1,0
699,619,-114.05230466772524,114.05230466772524,"64,65,66,98",N-4,4,1170,True,0.0,0,0.0,0.0,0.0,0.0,0.0,1,20,91.1365134716034,1,0
700,620,-0.1,0.1,"122,127",common_bus_N-2,2,1677,True,0.0,0,0.0,0.0,0.0,0.0,0.0,1,3,0.0,1,0
703,621,-115.80703264061097,115.80703264061097,"144,154",common_bus_N-2,2,290,True,0.0,0,0.0,0.0,0.0,0.0,0.0,3,19,159.38549154996872,3,0
704,622,-110.52436581971068,110.52436581971068,"46,51",common_bus_N-2,2,1015,True,0.0,0,0.0,0.0,0.0,0.0,0.0,1,14,34.66975450515747,1,0
706,623,-111.86432120026214,111.86432120026214,"64,67,74,98",N-4,4,1691,True,0.0,0,0.0,0.0,0.0,0.0,0.0,2,17,66.07927143573761,2,0
707,624,-117.44994918909781,117.44994918909781,"105,106,107,118",N-4,4,763,True,0.0,0,0.0,0.0,0.0,0.0,0.0,1,24,199.90048384666443,1,0
708,625,-105.93132599093863,105.93132599093863,"115,184",common_bus_N-2,2,2007,True,0.0,0,0.0,0.0,0.0,0.0,0.0,1,9,28.951182067394257,1,0
709,626,-100.10471475719001,100.10471475719001,"122,123,124,152",N-4,4,1889,True,0.0,0,0.0,0.0,0.0,0.0,0.0,1,5,20.514380931854248,1,0
710,627,-131.75550740396233,131.75550740396233,"65,66,74",N-3,3,63,True,0.0,0,0.0,0.0,0.0,0.0,0.0,1,42,199.8957656621933,1,0
711,628,-114.04570400765924,114.04570400765924,"73,74,75,83",N-4,4,1299,True,0.0,0,0.0,0.0,0.0,0.0,0.0,1,20,75.04752039909363,1,0
712,629,-109.63959624449457,109.63959624449457,"69,70",common_bus_N-2,2,29,True,0.0,0,0.0,0.0,0.0,0.0,0.0,1,13,97.42668324708939,1,0
715,630,-126.85650896049303,126.85650896049303,"118,119,123",N-3,3,1345,True,0.0,0,0.0,0.0,0.0,0.0,0.0,3,33,213.70296692848206,3,0
716,631,-100.1,100.1,"109,111",common_bus_N-2,2,110,True,0.0,0,0.0,0.0,0.0,0.0,0.0,1,3,0.0,1,0
717,632,-137.01618990475296,137.01618990475296,"46,49",common_bus_N-2,2,673,True,0.0,0,0.0,0.0,0.0,0.0,0.0,1,49,233.50097930431366,1,0
718,633,-113.20734177749935,113.20734177749935,"105,106,107,118",N-4,4,1167,True,0.0,0,0.0,0.0,0.0,0.0,0.0,1,19,166.56746804714203,1,0
719,634,-100.1,100.1,"174,176",common_bus_N-2,2,1640,True,0.0,0,0.0,0.0,0.0,0.0,0.0,1,3,0.0,1,0
720,635,-100.1,100.1,"23,24,25,44",N-4,4,1632,True,0.0,0,0.0,0.0,0.0,0.0,0.0,1,5,0.0,1,0
721,636,-116.58523722756681,116.58523722756681,"162,164,173",N-3,3,169,True,0.0,0,0.0,0.0,0.0,0.0,0.0,1,22,54.6501030921936,1,0
722,637,-100.1,100.1,"162,163",common_bus_N-2,2,1135,True,0.0,0,0.0,0.0,0.0,0.0,0.0,1,3,0.0,1,0
723,638,-100.1,100.1,"175,176",common_bus_N-2,2,1511,True,0.0,0,0.0,0.0,0.0,0.0,0.0,1,3,0.0,1,0
724,639,-115.65764151296734,115.65764151296734,"136,140",common_bus_N-2,2,982,True,0.0,0,0.0,0.0,0.0,0.0,0.0,1,19,116.60020089149475,0,0
725,640,-100.1,100.1,"132,135",common_bus_N-2,2,1755,True,0.0,0,0.0,0.0,0.0,0.0,0.0,1,3,0.0,1,0
727,641,-122.56936691328042,122.56936691328042,"67,97,98",N-3,3,1705,True,0.0,0,0.0,0.0,0.0,0.0,0.0,2,28,62.46313691139221,2,0
728,642,-139.49562125074763,139.49562125074763,"47,49,50,51",N-4,4,997,True,0.0,0,0.0,0.0,0.0,0.0,0.0,1,55,237.72834253311157,1,0
730,643,-104.18316438163068,104.18316438163068,"65,75",common_bus_N-2,2,1397,True,0.0,0,0.0,0.0,0.0,0.0,0.0,2,7,24.774528741836548,2,0
731,644,-118.25827782751534,118.25827782751534,"70,75,105",N-3,3,1607,True,0.0,0,0.0,0.0,0.0,0.0,0.0,1,24,124.71344643831253,1,0
732,645,-126.79978064772664,126.79978064772664,"143,153,160",N-3,3,954,True,0.0,0,0.0,0.0,0.0,0.0,0.0,1,35,226.61025893688202,1,0
733,646,-101.09501662508319,101.09501662508319,"153,157,158,159",N-4,4,1152,True,0.0,0,0.0,0.0,0.0,0.0,0.0,1,6,0.0,1,0
734,647,-106.86061800940517,106.86061800940517,"74,77",common_bus_N-2,2,770,True,0.0,0,0.0,0.0,0.0,0.0,0.0,1,10,0.0,1,0
735,648,-100.1,100.1,"150,152",common_bus_N-2,2,1328,True,0.0,0,0.0,0.0,0.0,0.0,0.0,1,3,0.0,1,0
736,649,-112.3109661017204,112.3109661017204,"90,100",common_bus_N-2,2,1266,True,0.0,0,0.0,0.0,0.0,0.0,0.0,1,16,99.43431115150452,1,0
737,650,-138.88474389131795,138.88474389131795,"2,3",common_bus_N-2,2,619,True,0.0,0,0.0,0.0,0.0,0.0,0.0,1,52,223.0979504585266,1,0
738,651,-123.0106358562299,123.0106358562299,"48,49",common_bus_N-2,2,720,True,0.0,0,0.0,0.0,0.0,0.0,0.0,1,29,78.21043288707733,1,0
739,652,-126.75530437757108,126.75530437757108,"68,75,98,105",N-4,4,121,True,0.0,0,0.0,0.0,0.0,0.0,0.0,1,36,0.0,1,0
740,653,-137.61674629761393,137.61674629761393,"147,152",common_bus_N-2,2,382,True,0.0,0,0.0,0.0,0.0,0.0,0.0,1,50,91.87712574005127,1,0
741,654,-100.10047236655645,100.10047236655645,"172,174",common_bus_N-2,2,1531,True,0.0,0,0.0,0.0,0.0,0.0,0.0,1,3,10.726451873779297,1,0
743,655,-110.00495003262178,110.00495003262178,"84,85,88",N-3,3,800,True,0.0,0,0.0,0.0,0.0,0.0,0.0,2,14,25.791167199611664,2,0
744,656,-136.374834270995,136.374834270995,"11,13,14",N-3,3,705,True,0.0,0,0.0,0.0,0.0,0.0,0.0,1,49,199.07289505004883,1,0
745,657,-123.77939570178353,123.77939570178353,"64,65,74,98",N-4,4,437,True,0.0,0,0.0,0.0,0.0,0.0,0.0,1,32,85.64881682395935,1,0
747,658,-109.95893928504874,109.95893928504874,"78,79",common_bus_N-2,2,1911,True,0.0,0,0.0,0.0,0.0,0.0,0.0,2,13,72.32216024398804,2,0
748,659,-119.88365657735109,119.88365657735109,"49,50,52",N-3,3,877,True,0.0,0,0.0,0.0,0.0,0.0,0.0,1,26,144.52925610542297,1,0
749,660,-107.79638044855943,107.79638044855943,"73,77",common_bus_N-2,2,481,True,0.0,0,0.0,0.0,0.0,0.0,0.0,1,11,34.77796721458435,1,0
750,661,-100.1,100.1,"153,162,163,166",N-4,4,1630,True,0.0,0,0.0,0.0,0.0,0.0,0.0,1,5,0.0,1,0
751,662,-116.5968659947485,116.5968659947485,"64,65,97,105",N-4,4,624,True,0.0,0,0.0,0.0,0.0,0.0,0.0,1,23,115.99652767181396,1,0
752,663,-100.1,100.1,"169,171",common_bus_N-2,2,498,True,0.0,0,0.0,0.0,0.0,0.0,0.0,1,3,0.0,1,0
753,664,-117.41398759576278,117.41398759576278,"28,30",common_bus_N-2,2,920,True,0.0,0,0.0,0.0,0.0,0.0,0.0,1,22,46.00273847579956,1,0
754,665,-120.65993144777993,120.65993144777993,"66,68,105",N-3,3,934,True,0.0,0,0.0,0.0,0.0,0.0,0.0,1,27,65.37252724170685,1,0
755,666,-113.18468565389594,113.18468565389594,"67,70,97",N-3,3,1312,True,0.0,0,0.0,0.0,0.0,0.0,0.0,1,18,84.17483103275299,1,0
756,667,-0.1,0.1,"21,38",common_bus_N-2,2,1676,True,0.0,0,0.0,0.0,0.0,0.0,0.0,1,3,0.0,1,0
758,668,-132.74260953662582,132.74260953662582,"77,79,81",N-3,3,1509,True,0.0,0,0.0,0.0,0.0,0.0,0.0,2,40,178.65721333026886,2,0
759,669,-104.9867228021681,104.9867228021681,"140,142",common_bus_N-2,2,1084,True,0.0,0,0.0,0.0,0.0,0.0,0.0,1,8,33.32408356666565,1,0
760,670,-117.41068726572978,117.41068726572978,"74,97,98",N-3,3,577,True,0.0,0,0.0,0.0,0.0,0.0,0.0,1,23,26.46070408821106,1,0
761,671,-0.1,0.1,"141,142",common_bus_N-2,2,1432,True,0.0,0,0.0,0.0,0.0,0.0,0.0,1,3,0.0,1,0
762,672,-0.1,0.1,"164,165",common_bus_N-2,2,1699,True,0.0,0,0.0,0.0,0.0,0.0,0.0,1,3,0.0,1,0
763,673,-111.44941964449984,111.44941964449984,"122,123,126,147",N-4,4,1479,True,0.0,0,0.0,0.0,0.0,0.0,0.0,1,17,165.42793095111847,1,0
764,674,-122.24278826523104,122.24278826523104,"32,42",common_bus_N-2,2,1546,True,0.0,0,0.0,0.0,0.0,0.0,0.0,1,28,102.55599272251129,1,0
765,675,-139.47569404759568,139.47569404759568,"67,70,98",N-3,3,129,True,0.0,0,0.0,0.0,0.0,0.0,0.0,1,54,148.90889620780945,1,0
766,676,-125.29090987352069,125.29090987352069,"83,86",common_bus_N-2,2,74,True,0.0,0,0.0,0.0,0.0,0.0,0.0,1,32,82.96127820014954,1,0
767,677,-103.0646404216697,103.0646404216697,"11,12,13,16",N-4,4,537,True,0.0,0,0.0,0.0,0.0,0.0,0.0,1,8,34.06486076116562,1,0
768,678,-126.02289557191,126.02289557191,"119,122,127",N-3,3,938,True,0.0,0,0.0,0.0,0.0,0.0,0.0,1,34,23.710465908050537,1,0
769,679,-126.79153735225346,126.79153735225346,"67,74",common_bus_N-2,2,994,True,0.0,0,0.0,0.0,0.0,0.0,0.0,1,34,181.23712873458862,1,0
770,680,-127.51197040861393,127.51197040861393,"64,70,97,105",N-4,4,947,True,0.0,0,0.0,0.0,0.0,0.0,0.0,1,37,133.24170470237732,1,0
772,681,-111.71127482148724,111.71127482148724,"12,13",common_bus_N-2,2,1403,True,0.0,0,0.0,0.0,0.0,0.0,0.0,2,15,0.0,2,0
773,682,-100.1,100.1,"117,120",common_bus_N-2,2,952,True,0.0,0,0.0,0.0,0.0,0.0,0.0,1,3,0.0,1,0
774,683,-100.1,100.1,"100,102",common_bus_N-2,2,1493,True,0.0,0,0.0,0.0,0.0,0.0,0.0,1,3,28.46410608291626,1,0
775,684,-122.26171346818825,122.26171346818825,"64,69,70,75",N-4,4,981,True,0.0,0,0.0,0.0,0.0,0.0,0.0,1,30,203.45398950576782,1,0
776,685,-132.4378090777285,132.4378090777285,"104,105,106",N-3,3,777,True,0.0,0,0.0,0.0,0.0,0.0,0.0,1,43,180.23333835601807,1,0
777,686,-132.42549648547856,132.42549648547856,"157,158,159,163",N-4,4,703,True,0.0,0,0.0,0.0,0.0,0.0,0.0,1,44,164.26366472244263,1,0
778,687,-109.61861557499905,109.61861557499905,"77,81,84,85",N-4,4,850,True,0.0,0,0.0,0.0,0.0,0.0,0.0,1,15,8.523496389389038,1,0
779,688,-106.86061800940517,106.86061800940517,"108,113,114",N-3,3,1045,True,0.0,0,0.0,0.0,0.0,0.0,0.0,1,11,0.0,1,0
780,689,-137.01123940970345,137.01123940970345,"70,97,105",N-3,3,363,True,0.0,0,0.0,0.0,0.0,0.0,0.0,1,50,205.61903858184814,1,0
781,690,-112.30012216018338,112.30012216018338,"38,39",common_bus_N-2,2,622,True,0.0,0,0.0,0.0,0.0,0.0,0.0,1,16,45.696476459503174,1,0
782,691,-107.79308011852643,107.79308011852643,"67,75",common_bus_N-2,2,589,True,0.0,0,0.0,0.0,0.0,0.0,0.0,1,11,19.75842595100403,1,0
783,692,-100.12042241274219,100.12042241274219,"71,82",common_bus_N-2,2,60,True,0.0,0,0.0,0.0,0.0,0.0,0.0,1,3,99.09993982315063,1,0
784,693,-100.1,100.1,"13,14,19,183",N-4,4,275,True,0.0,0,0.0,0.0,0.0,0.0,0.0,1,5,17.83718705177307,1,0
785,694,-120.66930539860033,120.66930539860033,"105,106",common_bus_N-2,2,967,True,0.0,0,0.0,0.0,0.0,0.0,0.0,1,26,113.46556186676025,1,0
786,695,-137.03493860871419,137.03493860871419,"68,70,74",N-3,3,697,True,0.0,0,0.0,0.0,0.0,0.0,0.0,1,50,332.08403527736664,1,0
787,696,-151.5120351360838,151.5120351360838,"70,82",common_bus_N-2,2,702,True,0.0,0,0.0,0.0,0.0,0.0,0.0,1,75,462.74115777015686,1,0
788,697,-119.07670034404683,119.07670034404683,"64,67,97,98",N-4,4,171,True,0.0,0,0.0,0.0,0.0,0.0,0.0,1,26,155.3240658044815,1,0
789,698,-141.87518519109034,141.87518519109034,"74,97",common_bus_N-2,2,393,True,0.0,0,0.0,0.0,0.0,0.0,0.0,1,57,272.83296966552734,1,0
790,699,-112.30059363590237,112.30059363590237,"168,169,170",N-3,3,1230,True,0.0,0,0.0,0.0,0.0,0.0,0.0,1,17,46.50753688812256,1,0
791,700,-131.8045970882172,131.8045970882172,"117,118,122,123",N-4,4,958,True,0.0,0,0.0,0.0,0.0,0.0,0.0,1,43,459.219434261322,1,0
792,701,-111.42233633771377,111.42233633771377,"153,154,157,158",N-4,4,1004,True,0.0,0,0.0,0.0,0.0,0.0,0.0,1,17,68.51364016532898,1,0
793,702,-111.43072785535868,111.43072785535868,"65,75",common_bus_N-2,2,38,True,0.0,0,0.0,0.0,0.0,0.0,0.0,1,15,100.69241952896118,1,0
794,703,-101.1077464694962,101.1077464694962,"128,148",common_bus_N-2,2,1377,True,0.0,0,0.0,0.0,0.0,0.0,0.0,1,4,41.60552930831909,1,0
795,704,-110.52978779047919,110.52978779047919,"64,65,69,97",N-4,4,1896,True,0.0,0,0.0,0.0,0.0,0.0,0.0,1,16,55.64429426193237,1,0
796,705,-119.06714488055941,119.06714488055941,"69,70,74,98",N-4,4,1567,True,0.0,0,0.0,0.0,0.0,0.0,0.0,1,26,113.6268984079361,1,0
797,706,-104.9770575499286,104.9770575499286,"90,99",common_bus_N-2,2,1311,True,0.0,0,0.0,0.0,0.0,0.0,0.0,1,8,0.0,1,0
798,707,-115.63351834036163,115.63351834036163,"90,100",common_bus_N-2,2,975,True,0.0,0,0.0,0.0,0.0,0.0,0.0,1,19,0.0,0,0
799,708,-126.05424582433174,126.05424582433174,"145,146,149,154",N-4,4,113,True,0.0,0,0.0,0.0,0.0,0.0,0.0,1,35,181.1804916858673,1,0
800,709,-117.43779711957231,117.43779711957231,"118,120",common_bus_N-2,2,370,True,0.0,0,0.0,0.0,0.0,0.0,0.0,1,22,173.04221105575562,1,0
801,710,-100.10636492220651,100.10636492220651,"144,160",common_bus_N-2,2,1778,True,0.0,0,0.0,0.0,0.0,0.0,0.0,1,3,27.191120266914368,1,0
802,711,-106.86839735876868,106.86839735876868,"44,49",common_bus_N-2,2,29,True,0.0,0,0.0,0.0,0.0,0.0,0.0,1,10,32.47556108236313,1,0
803,712,-103.0721840331737,103.0721840331737,"142,153",common_bus_N-2,2,783,True,0.0,0,0.0,0.0,0.0,0.0,0.0,1,6,66.48025244474411,1,0
804,713,-100.1,100.1,"103,125,182",N-3,3,79,True,0.0,0,0.0,0.0,0.0,0.0,0.0,1,4,117.79482221603394,1,0
805,714,-113.16417646011942,113.16417646011942,"64,69,97,98",N-4,4,2003,True,0.0,0,0.0,0.0,0.0,0.0,0.0,1,19,0.0,1,0
806,715,-122.25056761459454,122.25056761459454,"144,145,149",N-3,3,731,True,0.0,0,0.0,0.0,0.0,0.0,0.0,1,29,151.07245206832886,1,0
807,716,-100.1,100.1,"26,27",common_bus_N-2,2,1818,True,0.0,0,0.0,0.0,0.0,0.0,0.0,1,3,15.572385787963867,1,0
808,717,-131.06776651338143,131.06776651338143,"57,65,66",N-3,3,1813,True,0.0,0,0.0,0.0,0.0,0.0,0.0,1,41,199.53471863269806,1,0
809,718,-137.65878033894612,137.65878033894612,"36,37",common_bus_N-2,2,724,True,0.0,0,0.0,0.0,0.0,0.0,0.0,1,50,288.1799635887146,1,0
810,719,-108.7257405016372,108.7257405016372,"12,13,19",N-3,3,884,True,0.0,0,0.0,0.0,0.0,0.0,0.0,1,13,79.19150829315186,1,0
811,720,-100.1,100.1,"129,131",common_bus_N-2,2,1582,True,0.0,0,0.0,0.0,0.0,0.0,0.0,1,3,11.226038336753845,1,0
812,721,-104.9850726371516,104.9850726371516,"123,150,151,152",N-4,4,856,True,0.0,0,0.0,0.0,0.0,0.0,0.0,1,10,30.03962755203247,1,0
813,722,-100.1,100.1,"35,36,37",N-3,3,442,True,0.0,0,0.0,0.0,0.0,0.0,0.0,1,4,0.0,1,0
814,723,-137.01203739633615,137.01203739633615,"68,75,98",N-3,3,698,True,0.0,0,0.0,0.0,0.0,0.0,0.0,1,50,217.5637537240982,1,0
815,724,-115.74082621400613,115.74082621400613,"140,143",common_bus_N-2,2,883,True,0.0,0,0.0,0.0,0.0,0.0,0.0,1,20,30.04236787557602,1,0
816,725,-114.04570400765924,114.04570400765924,"65,70,74,98",N-4,4,860,True,0.0,0,0.0,0.0,0.0,0.0,0.0,1,20,64.82584536075592,1,0
817,726,-103.06534763524819,103.06534763524819,"144,146,149",N-3,3,2014,True,0.0,0,0.0,0.0,0.0,0.0,0.0,1,7,36.31674242019653,1,0
818,727,-132.41496331107817,132.41496331107817,"17,20",common_bus_N-2,2,370,True,0.0,0,0.0,0.0,0.0,0.0,0.0,1,42,106.00411891937256,1,0
819,728,-104.02105608476768,104.02105608476768,"11,12,19",N-3,3,881,True,0.0,0,0.0,0.0,0.0,0.0,0.0,1,8,0.0,1,0
820,729,-106.86533276659517,106.86533276659517,"67,69",common_bus_N-2,2,1064,True,0.0,0,0.0,0.0,0.0,0.0,0.0,1,10,17.774847745895386,1,0
821,730,-100.1,100.1,"74,98,105",N-3,3,714,True,0.0,0,0.0,0.0,0.0,0.0,0.0,1,4,0.0,1,0
822,731,-115.74261643392887,115.74261643392887,"17,20",common_bus_N-2,2,1803,True,0.0,0,0.0,0.0,0.0,0.0,0.0,1,20,42.8285528421402,1,0
823,732,-100.1035360678925,100.1035360678925,"149,156",common_bus_N-2,2,1959,True,0.0,0,0.0,0.0,0.0,0.0,0.0,1,3,12.215458452701569,1,0
826,733,-143.1405750276289,143.1405750276289,"68,74,75",N-3,3,1388,True,0.0,0,0.0,0.0,0.0,0.0,0.0,3,54,133.8610816001892,3,0
827,734,-111.42681535704428,111.42681535704428,"65,66,74,105",N-4,4,251,True,0.0,0,0.0,0.0,0.0,0.0,0.0,1,17,68.48315715789795,1,0
828,735,-133.11216667131785,133.11216667131785,"162,164",common_bus_N-2,2,160,True,0.0,0,0.0,0.0,0.0,0.0,0.0,1,43,205.72314620018005,1,0
829,736,-122.24703154670205,122.24703154670205,"66,69,70",N-3,3,757,True,0.0,0,0.0,0.0,0.0,0.0,0.0,1,29,117.96325623989105,1,0
830,737,-112.29045690794386,112.29045690794386,"159,163",common_bus_N-2,2,1878,True,0.0,0,0.0,0.0,0.0,0.0,0.0,1,16,0.0,1,0
831,738,-107.78836536133643,107.78836536133643,"165,167",common_bus_N-2,2,1206,True,0.0,0,0.0,0.0,0.0,0.0,0.0,1,11,0.0,1,0
832,739,-0.1,0.1,"90,91",common_bus_N-2,2,1673,True,0.0,0,0.0,0.0,0.0,0.0,0.0,1,3,0.0,1,0
833,740,-106.87051899950418,106.87051899950418,"115,184",common_bus_N-2,2,1985,True,0.0,0,0.0,0.0,0.0,0.0,0.0,1,10,34.5919007062912,1,0
834,741,-100.1,100.1,"65,67,74",N-3,3,812,True,0.0,0,0.0,0.0,0.0,0.0,0.0,1,4,0.0,1,0
835,742,-114.89198602558537,114.89198602558537,"65,68,97,98",N-4,4,831,True,0.0,0,0.0,0.0,0.0,0.0,0.0,1,21,23.368158102035522,1,0
836,743,-119.07245706257582,119.07245706257582,"64,67,98",N-3,3,913,True,0.0,0,0.0,0.0,0.0,0.0,0.0,1,25,143.83794403076172,1,0
837,744,-104.0290711719907,104.0290711719907,"126,151",common_bus_N-2,2,558,True,0.0,0,0.0,0.0,0.0,0.0,0.0,1,7,31.81161940097809,1,0
839,745,-131.50456239818888,131.50456239818888,"11,14,19",N-3,3,1224,True,0.0,0,0.0,0.0,0.0,0.0,0.0,2,39,274.98945713043213,2,0
841,746,-107.96533276659518,107.96533276659518,"68,75,97,105",N-4,4,865,True,0.0,0,0.0,0.0,0.0,0.0,0.0,2,13,18.594425916671753,2,0
842,747,-114.03698170685773,114.03698170685773,"114,116,119",N-3,3,1799,True,0.0,0,0.0,0.0,0.0,0.0,0.0,1,19,34.85902261734009,1,0
843,748,-119.06491345107182,119.06491345107182,"64,70,74,75",N-4,4,601,True,0.0,0,0.0,0.0,0.0,0.0,0.0,1,26,102.56653869152069,1,0
844,749,-110.52224417897519,110.52224417897519,"77,79,81,84",N-4,4,744,True,0.0,0,0.0,0.0,0.0,0.0,0.0,1,16,26.21058940887451,1,0
845,750,-116.58688739258331,116.58688739258331,"103,125",common_bus_N-2,2,812,True,0.0,0,0.0,0.0,0.0,0.0,0.0,1,21,51.39454883337021,1,0
846,751,-131.0971229962031,131.0971229962031,"105,106,107,115",N-4,4,123,True,0.0,0,0.0,0.0,0.0,0.0,0.0,1,42,358.60305666923523,1,0
847,752,-114.90023685066788,114.90023685066788,"40,41,178,179",N-4,4,1796,True,0.0,0,0.0,0.0,0.0,0.0,0.0,1,21,67.43516850471497,1,0
848,753,-104.05665250155222,104.05665250155222,"71,82",common_bus_N-2,2,1904,True,0.0,0,0.0,0.0,0.0,0.0,0.0,1,7,144.7068452835083,1,0
849,754,-137.65679521066141,137.65679521066141,"35,36",common_bus_N-2,2,149,True,0.0,0,0.0,0.0,0.0,0.0,0.0,1,50,284.8623422384262,1,0
850,755,-104.02577084195768,104.02577084195768,"64,65,67,74",N-4,4,1451,True,0.0,0,0.0,0.0,0.0,0.0,0.0,1,9,16.208055019378662,1,0
851,756,-110.51941532466118,110.51941532466118,"77,79,84,85",N-4,4,1217,True,0.0,0,0.0,0.0,0.0,0.0,0.0,1,16,12.702821731567383,1,0
852,757,-123.02373597175094,123.02373597175094,"66,69,105",N-3,3,1285,True,0.0,0,0.0,0.0,0.0,0.0,0.0,1,30,128.08003902435303,1,0
853,758,-0.1,0.1,"126,147",common_bus_N-2,2,1666,True,0.0,0,0.0,0.0,0.0,0.0,0.0,1,3,0.0,1,0
854,759,-113.17219154734242,113.17219154734242,"64,97,105",N-3,3,1215,True,0.0,0,0.0,0.0,0.0,0.0,0.0,1,18,36.26906394958496,1,0
855,760,-100.1,100.1,"141,142,160",N-3,3,1512,True,0.0,0,0.0,0.0,0.0,0.0,0.0,1,4,0.0,1,0
856,761,-109.62780935151956,109.62780935151956,"40,42",common_bus_N-2,2,844,True,0.0,0,0.0,0.0,0.0,0.0,0.0,1,13,43.327180325984955,1,0
857,762,-113.18468565389594,113.18468565389594,"47,49,52",N-3,3,457,True,0.0,0,0.0,0.0,0.0,0.0,0.0,1,18,93.24981451034546,1,0
858,763,-121.43957127193966,121.43957127193966,"164,173",common_bus_N-2,2,1001,True,0.0,0,0.0,0.0,0.0,0.0,0.0,1,27,11.412289142608643,1,0
859,764,-125.29413716064194,125.29413716064194,"64,66,98,105",N-4,4,1550,True,0.0,0,0.0,0.0,0.0,0.0,0.0,1,34,93.87853944301605,1,0
861,765,-119.17541599967555,119.17541599967555,"153,166",common_bus_N-2,2,1478,True,0.0,0,0.0,0.0,0.0,0.0,0.0,2,23,137.7249950170517,2,0
862,766,-104.0288354341312,104.0288354341312,"117,123",common_bus_N-2,2,861,True,0.0,0,0.0,0.0,0.0,0.0,0.0,1,7,28.698721647262573,1,0
863,767,-103.06056255792899,103.06056255792899,"138,141",common_bus_N-2,2,1686,True,0.0,0,0.0,0.0,0.0,0.0,0.0,1,6,16.124607145786285,1,0
864,768,-100.1,100.1,"64,69,70,105",N-4,4,343,True,0.0,0,0.0,0.0,0.0,0.0,0.0,1,5,0.0,1,0
865,769,-100.1,100.1,"135,136,137,141",N-4,4,1314,True,0.0,0,0.0,0.0,0.0,0.0,0.0,1,5,0.0,1,0
866,770,-105.92802566090563,105.92802566090563,"9,11",common_bus_N-2,2,1566,True,0.0,0,0.0,0.0,0.0,0.0,0.0,1,9,20.66847002506256,1,0
867,771,-112.29965068446438,112.29965068446438,"123,150,152",N-3,3,1272,True,0.0,0,0.0,0.0,0.0,0.0,0.0,1,17,42.43723726272583,1,0
868,772,-104.0469872493127,104.0469872493127,"119,120,123",N-3,3,1067,True,0.0,0,0.0,0.0,0.0,0.0,0.0,1,8,96.93409323692322,1,0
869,773,-126.7736919306121,126.7736919306121,"64,67,74,97",N-4,4,963,True,0.0,0,0.0,0.0,0.0,0.0,0.0,1,36,90.89126229286194,1,0
870,774,-125.28165832936648,125.28165832936648,"42,178",common_bus_N-2,2,653,True,0.0,0,0.0,0.0,0.0,0.0,0.0,1,32,41.41218018531799,1,0
871,775,-111.41529753056633,111.41529753056633,"65,68,98,105",N-4,4,1285,True,0.0,0,0.0,0.0,0.0,0.0,0.0,1,17,32.541133403778076,1,0
872,776,-118.24366208022633,118.24366208022633,"95,101",common_bus_N-2,2,1737,True,0.0,0,0.0,0.0,0.0,0.0,0.0,1,23,61.07084321975708,1,0
873,777,-113.21382728005109,113.21382728005109,"124,126,147",N-3,3,1783,True,0.0,0,0.0,0.0,0.0,0.0,0.0,1,18,217.22157990932465,1,0
874,778,-110.51658647034718,110.51658647034718,"135,141",common_bus_N-2,2,308,True,0.0,0,0.0,0.0,0.0,0.0,0.0,1,14,0.0,1,0
875,779,-126.76932017217803,126.76932017217803,"85,86",common_bus_N-2,2,965,True,0.0,0,0.0,0.0,0.0,0.0,0.0,1,34,71.4964873790741,1,0
876,780,-115.78137312584018,115.78137312584018,"67,70,75,98",N-4,4,1765,True,0.0,0,0.0,0.0,0.0,0.0,0.0,1,22,202.90391594171524,1,0
878,781,-122.17000505274827,122.17000505274827,"126,151",common_bus_N-2,2,1947,True,0.0,0,0.0,0.0,0.0,0.0,0.0,2,27,163.92772048711777,2,0
880,782,-133.2520936826702,133.2520936826702,"98,101",common_bus_N-2,2,1226,True,0.0,0,0.0,0.0,0.0,0.0,0.0,2,41,107.63284713029861,2,0
881,783,-106.8943285233137,106.8943285233137,"117,118,120,127",N-4,4,9,True,0.0,0,0.0,0.0,0.0,0.0,0.0,1,12,129.1825269460678,1,0
882,784,-133.8012038345724,133.8012038345724,"135,137,138,140",N-4,4,96,True,0.0,0,0.0,0.0,0.0,0.0,0.0,1,46,340.7967300415039,1,0
883,785,-122.24585285740454,122.24585285740454,"88,91",common_bus_N-2,2,136,True,0.0,0,0.0,0.0,0.0,0.0,0.0,1,28,132.130925655365,1,0
885,786,-118.21771106332008,118.21771106332008,"64,67,97,105",N-4,4,1436,True,0.0,0,0.0,0.0,0.0,0.0,0.0,2,24,113.78894060850143,2,0
886,787,-115.73351834036163,115.73351834036163,"147,149,156",N-3,3,316,True,0.0,0,0.0,0.0,0.0,0.0,0.0,1,21,0.0,1,0
887,788,-103.0719482953142,103.0719482953142,"67,70,98",N-3,3,1688,True,0.0,0,0.0,0.0,0.0,0.0,0.0,1,7,53.59092950820923,1,0
888,789,-116.59089493619481,116.59089493619481,"123,151,152",N-3,3,1246,True,0.0,0,0.0,0.0,0.0,0.0,0.0,1,22,82.11011838912964,1,0
890,790,-147.0033428073786,147.0033428073786,"86,87",common_bus_N-2,2,160,True,0.0,0,0.0,0.0,0.0,0.0,0.0,2,57,424.5439068675041,2,0
891,791,-100.12330555365554,100.12330555365554,"150,156",common_bus_N-2,2,730,True,0.0,0,0.0,0.0,0.0,0.0,0.0,1,3,131.5335556268692,1,0
892,792,-130.36937823683843,130.36937823683843,"67,69,74,75",N-4,4,1855,True,0.0,0,0.0,0.0,0.0,0.0,0.0,1,41,172.38907718658447,1,0
893,793,-104.9770575499286,104.9770575499286,"114,116",common_bus_N-2,2,473,True,0.0,0,0.0,0.0,0.0,0.0,0.0,1,8,0.0,1,0
894,794,-112.29611461657187,112.29611461657187,"154,158",common_bus_N-2,2,1276,True,0.0,0,0.0,0.0,0.0,0.0,0.0,1,16,26.082770347595215,1,0
896,795,-104.1601614023392,104.1601614023392,"74,97",common_bus_N-2,2,266,True,0.0,0,0.0,0.0,0.0,0.0,0.0,2,7,17.402987480163574,2,0
897,796,-123.0212157931871,123.0212157931871,"136,137,138,141",N-4,4,441,True,0.0,0,0.0,0.0,0.0,0.0,0.0,1,31,131.18667888641357,1,0
898,797,-119.06705048996464,119.06705048996464,"64,97,98",N-3,3,321,True,0.0,0,0.0,0.0,0.0,0.0,0.0,1,25,111.23008418083191,1,0
899,798,-123.76574009818948,123.76574009818948,"154,157,163,166",N-4,4,127,True,0.0,0,0.0,0.0,0.0,0.0,0.0,1,32,18.799912810325623,1,0
900,799,-119.85799470520347,119.85799470520347,"64,68,69,74",N-4,4,1880,True,0.0,0,0.0,0.0,0.0,0.0,0.0,1,27,45.113887786865234,1,0
901,800,-102.08013266932447,102.08013266932447,"149,154",common_bus_N-2,2,549,True,0.0,0,0.0,0.0,0.0,0.0,0.0,1,5,0.0,1,0
902,801,-100.1,100.1,"175,176",common_bus_N-2,2,1886,True,0.0,0,0.0,0.0,0.0,0.0,0.0,1,3,0.0,1,0
903,802,-100.1,100.1,"58,60",common_bus_N-2,2,511,True,0.0,0,0.0,0.0,0.0,0.0,0.0,1,3,14.172948837280273,1,0
904,803,-109.61814409928004,109.61814409928004,"153,158,162",N-3,3,1650,True,0.0,0,0.0,0.0,0.0,0.0,0.0,1,14,6.606443405151367,1,0
905,804,-118.24224765306933,118.24224765306933,"165,167,169,170",N-4,4,984,True,0.0,0,0.0,0.0,0.0,0.0,0.0,1,25,75.95121026039124,1,0
906,805,-103.06322599451269,103.06322599451269,"78,86",common_bus_N-2,2,1623,True,0.0,0,0.0,0.0,0.0,0.0,0.0,1,6,29.076899886131287,1,0
907,806,-114.04169646404773,114.04169646404773,"123,147",common_bus_N-2,2,168,True,0.0,0,0.0,0.0,0.0,0.0,0.0,1,18,55.60098171234131,1,0
908,807,-100.1,100.1,"4,7",common_bus_N-2,2,1123,True,0.0,0,0.0,0.0,0.0,0.0,0.0,1,3,0.0,1,0
909,808,-106.86250391228117,106.86250391228117,"153,157,162,166",N-4,4,1352,True,0.0,0,0.0,0.0,0.0,0.0,0.0,1,12,6.767398834228516,1,0
910,809,-108.7278621423727,108.7278621423727,"47,49",common_bus_N-2,2,1068,True,0.0,0,0.0,0.0,0.0,0.0,0.0,1,12,79.11107987165451,1,0
911,810,-120.65441909903011,120.65441909903011,"66,75,98",N-3,3,466,True,0.0,0,0.0,0.0,0.0,0.0,0.0,1,27,35.900850892066956,1,0
912,811,-107.78836536133643,107.78836536133643,"167,169",common_bus_N-2,2,310,True,0.0,0,0.0,0.0,0.0,0.0,0.0,1,11,0.0,1,0
914,812,-114.51222740834919,114.51222740834919,"128,129",common_bus_N-2,2,1370,True,0.0,0,0.0,0.0,0.0,0.0,0.0,2,18,79.59539079666138,2,0
915,813,-127.51197040861393,127.51197040861393,"20,21,38",N-3,3,735,True,0.0,0,0.0,0.0,0.0,0.0,0.0,1,36,130.02665662765503,1,0
916,814,-121.46665769276815,121.46665769276815,"64,66,69,70",N-4,4,745,True,0.0,0,0.0,0.0,0.0,0.0,0.0,1,29,134.47030007839203,1,0
917,815,-111.44190258005229,111.44190258005229,"124,150,151,152",N-4,4,1477,True,0.0,0,0.0,0.0,0.0,0.0,0.0,1,17,138.0314712524414,1,0
918,816,-100.12169048064663,100.12169048064663,"66,67,69,105",N-4,4,1903,True,0.0,0,0.0,0.0,0.0,0.0,0.0,1,5,90.00297570228577,1,0
919,817,-116.58287984897181,116.58287984897181,"146,154",common_bus_N-2,2,1539,True,0.0,0,0.0,0.0,0.0,0.0,0.0,1,21,45.35396862030029,1,0
920,818,-127.49429006915142,127.49429006915142,"153,159,162,166",N-4,4,153,True,0.0,0,0.0,0.0,0.0,0.0,0.0,1,37,44.269551157951355,1,0
921,819,-119.88133671649614,119.88133671649614,"68,97,98",N-3,3,196,True,0.0,0,0.0,0.0,0.0,0.0,0.0,1,26,136.80458945035934,1,0
922,820,-123.7825597600912,123.7825597600912,"118,122,127",N-3,3,719,True,0.0,0,0.0,0.0,0.0,0.0,0.0,1,31,104.50466001033783,1,0
923,821,-119.85849266957017,119.85849266957017,"154,162,166",N-3,3,1457,True,0.0,0,0.0,0.0,0.0,0.0,0.0,1,26,39.46583437919617,1,0
924,822,-128.24619542717394,128.24619542717394,"70,97,105",N-3,3,378,True,0.0,0,0.0,0.0,0.0,0.0,0.0,1,37,203.65896463394165,1,0
926,823,-138.9228662683753,138.9228662683753,"104,105",common_bus_N-2,2,517,True,0.0,0,0.0,0.0,0.0,0.0,0.0,2,48,133.7052000761032,2,0
927,824,-114.04051777475023,114.04051777475023,"135,141",common_bus_N-2,2,67,True,0.0,0,0.0,0.0,0.0,0.0,0.0,1,18,55.489871978759766,1,0
928,825,-100.1,100.1,"163,164,167",N-3,3,1620,True,0.0,0,0.0,0.0,0.0,0.0,0.0,1,4,0.0,1,0
930,826,-123.40839657106221,123.40839657106221,"67,68,69,105",N-4,4,1114,True,0.0,0,0.0,0.0,0.0,0.0,0.0,2,30,92.95791864395142,2,0
931,827,-106.87711965957018,106.87711965957018,"68,70,74",N-3,3,1106,True,0.0,0,0.0,0.0,0.0,0.0,0.0,1,11,55.82988262176514,1,0
932,828,-119.85778545599166,119.85778545599166,"83,86,88,92",N-4,4,1218,True,0.0,0,0.0,0.0,0.0,0.0,0.0,1,27,43.11790120601654,1,0
933,829,-104.03119281272619,104.03119281272619,"165,167,168",N-3,3,1646,True,0.0,0,0.0,0.0,0.0,0.0,0.0,1,8,34.599012315273285,1,0
934,830,-124.571366542782,124.571366542782,"65,67,70,98",N-4,4,2004,True,0.0,0,0.0,0.0,0.0,0.0,0.0,1,33,185.6383956670761,1,0
935,831,-104.0368505213542,104.0368505213542,"126,151",common_bus_N-2,2,535,True,0.0,0,0.0,0.0,0.0,0.0,0.0,1,7,57.28136718273163,1,0
936,832,-100.1,100.1,"22,35,177",N-3,3,1104,True,0.0,0,0.0,0.0,0.0,0.0,0.0,1,4,0.0,1,0
937,833,-107.83477274986859,107.83477274986859,"119,120,122",N-3,3,1818,True,0.0,0,0.0,0.0,0.0,0.0,0.0,1,12,218.970148563385,1,0
938,834,-121.44522898056766,121.44522898056766,"95,101",common_bus_N-2,2,523,True,0.0,0,0.0,0.0,0.0,0.0,0.0,1,27,31.503888607025146,1,0
939,835,-119.0524193445183,119.0524193445183,"141,143,153",N-3,3,144,True,0.0,0,0.0,0.0,0.0,0.0,0.0,1,25,53.38628149032593,1,0
940,836,-135.72596584997095,135.72596584997095,"56,57,66",N-3,3,671,True,0.0,0,0.0,0.0,0.0,0.0,0.0,1,48,158.53470993041992,1,0
941,837,-119.052447520793,119.052447520793,"74,98,105",N-3,3,312,True,0.0,0,0.0,0.0,0.0,0.0,0.0,1,25,47.84639000892639,1,0
942,838,-100.1,100.1,"121,124",common_bus_N-2,2,1802,True,0.0,0,0.0,0.0,0.0,0.0,0.0,1,3,42.5238139629364,1,0
944,839,-113.70093633613126,113.70093633613126,"64,65,68,98",N-4,4,1344,True,0.0,0,0.0,0.0,0.0,0.0,0.0,2,19,109.55839514732361,2,0
947,840,-116.74482501280843,116.74482501280843,"79,84",common_bus_N-2,2,520,True,0.0,0,0.0,0.0,0.0,0.0,0.0,3,20,46.3806009888649,3,0
949,841,-110.91606465455436,110.91606465455436,"66,74,98",N-3,3,1630,True,0.0,0,0.0,0.0,0.0,0.0,0.0,2,15,0.0,2,0
950,842,-107.79850208929493,107.79850208929493,"165,169",common_bus_N-2,2,160,True,0.0,0,0.0,0.0,0.0,0.0,0.0,1,11,47.21076250076294,1,0
951,843,-100.1,100.1,"11,12,183",N-3,3,0,True,0.0,0,0.0,0.0,0.0,0.0,0.0,1,4,18.019943237304688,1,0
952,844,-123.80094731313223,123.80094731313223,"20,35",common_bus_N-2,2,1495,True,0.0,0,0.0,0.0,0.0,0.0,0.0,1,30,164.46232348680496,1,0
954,845,-103.19003325016638,103.19003325016638,"118,127",common_bus_N-2,2,1099,True,0.0,0,0.0,0.0,0.0,0.0,0.0,2,6,0.0,2,0
955,846,-110.51658647034718,110.51658647034718,"158,166",common_bus_N-2,2,1030,True,0.0,0,0.0,0.0,0.0,0.0,0.0,1,14,0.0,1,0
956,847,-106.87829834886769,106.87829834886769,"144,146",common_bus_N-2,2,760,True,0.0,0,0.0,0.0,0.0,0.0,0.0,1,10,76.9006222486496,1,0
957,848,-100.1,100.1,"6,7",common_bus_N-2,2,1544,True,0.0,0,0.0,0.0,0.0,0.0,0.0,1,3,0.0,1,0
958,849,-132.42708011265407,132.42708011265407,"68,70,75,105",N-4,4,970,True,0.0,0,0.0,0.0,0.0,0.0,0.0,1,44,166.9507281780243,1,0
960,850,-131.66093938341868,131.66093938341868,"66,68,69,75",N-4,4,1342,True,0.0,0,0.0,0.0,0.0,0.0,0.0,2,40,146.14014744758606,2,0
961,851,-128.22889025907983,128.22889025907983,"67,68,69,75",N-4,4,71,True,0.0,0,0.0,0.0,0.0,0.0,0.0,1,38,105.46057510375977,1,0
962,852,-100.1,100.1,"24,26",common_bus_N-2,2,1201,True,0.0,0,0.0,0.0,0.0,0.0,0.0,1,3,18.264459371566772,1,0
964,853,-116.43867766529144,116.43867766529144,"84,85",common_bus_N-2,2,1328,True,0.0,0,0.0,0.0,0.0,0.0,0.0,2,20,37.03559762239456,2,0
965,854,-100.1,100.1,"45,46",common_bus_N-2,2,1479,True,0.0,0,0.0,0.0,0.0,0.0,0.0,1,3,31.03759628534317,1,0
966,855,-112.32416742185241,112.32416742185241,"117,119,120",N-3,3,334,True,0.0,0,0.0,0.0,0.0,0.0,0.0,1,17,161.57245802879333,1,0
967,856,-104.02105608476768,104.02105608476768,"126,147,150",N-3,3,504,True,0.0,0,0.0,0.0,0.0,0.0,0.0,1,8,0.0,1,0
968,857,-100.1,100.1,"92,93",common_bus_N-2,2,72,True,0.0,0,0.0,0.0,0.0,0.0,0.0,1,3,0.0,1,0
969,858,-107.80510274936094,107.80510274936094,"33,180",common_bus_N-2,2,1040,True,0.0,0,0.0,0.0,0.0,0.0,0.0,1,11,71.21383094787598,1,0
970,859,-116.58405853826932,116.58405853826932,"74,75,97",N-3,3,1245,True,0.0,0,0.0,0.0,0.0,0.0,0.0,1,22,49.9340318441391,1,0
971,860,-100.12403695839443,100.12403695839443,"147,151",common_bus_N-2,2,361,True,0.0,0,0.0,0.0,0.0,0.0,0.0,1,3,122.55816411972046,1,0
972,861,-106.8839560574957,106.8839560574957,"64,70,74",N-3,3,520,True,0.0,0,0.0,0.0,0.0,0.0,0.0,1,11,86.63546222448349,1,0
973,862,-110.53167369335519,110.53167369335519,"64,65,66,97",N-4,4,1984,True,0.0,0,0.0,0.0,0.0,0.0,0.0,1,16,53.32250213623047,1,0
974,863,-111.42162912413526,111.42162912413526,"73,74,75",N-3,3,887,True,0.0,0,0.0,0.0,0.0,0.0,0.0,1,16,59.136974811553955,1,0
975,864,-108.71253918150519,108.71253918150519,"109,113,114",N-3,3,1783,True,0.0,0,0.0,0.0,0.0,0.0,0.0,1,13,24.752388954162598,1,0
977,865,-104.17514929440766,104.17514929440766,"89,94",common_bus_N-2,2,1693,True,0.0,0,0.0,0.0,0.0,0.0,0.0,2,7,0.0,2,0
978,866,-119.77609628786506,119.77609628786506,"46,47,51,52",N-4,4,939,True,0.0,0,0.0,0.0,0.0,0.0,0.0,1,26,137.17294025421143,0,0
979,867,-124.54166357248498,124.54166357248498,"68,75,98,105",N-4,4,90,True,0.0,0,0.0,0.0,0.0,0.0,0.0,1,33,100.98445534706116,1,0
980,868,-106.87782687314869,106.87782687314869,"122,126,150,151",N-4,4,203,True,0.0,0,0.0,0.0,0.0,0.0,0.0,1,12,67.17330265045166,1,0
981,869,-100.1,100.1,"106,125,182",N-3,3,418,True,0.0,0,0.0,0.0,0.0,0.0,0.0,1,4,132.74965620040894,1,0
982,870,-110.5460537027847,110.5460537027847,"122,123,124,151",N-4,4,1657,True,0.0,0,0.0,0.0,0.0,0.0,0.0,1,16,100.15151649713516,1,0
983,871,-104.0375577349327,104.0375577349327,"66,70",common_bus_N-2,2,1655,True,0.0,0,0.0,0.0,0.0,0.0,0.0,1,7,56.334304213523865,1,0
984,872,-133.765788402545,133.765788402545,"68,74,97",N-3,3,170,True,0.0,0,0.0,0.0,0.0,0.0,0.0,1,45,141.5191195011139,1,0
986,873,-107.11085400633166,107.11085400633166,"65,68,74,97",N-4,4,1404,True,0.0,0,0.0,0.0,0.0,0.0,0.0,2,12,30.314665615558624,2,0
987,874,-117.4304892459278,117.4304892459278,"70,105",common_bus_N-2,2,1932,True,0.0,0,0.0,0.0,0.0,0.0,0.0,1,22,97.39568042755127,1,0
988,875,-111.41785731838326,111.41785731838326,"28,40",common_bus_N-2,2,18,True,0.0,0,0.0,0.0,0.0,0.0,0.0,1,15,40.7122585773468,1,0
989,876,-126.04079054367297,126.04079054367297,"65,68,69,105",N-4,4,1824,True,0.0,0,0.0,0.0,0.0,0.0,0.0,1,35,108.55096578598022,1,0
990,877,-115.74719113621265,115.74719113621265,"11,13,16,19",N-4,4,963,True,0.0,0,0.0,0.0,0.0,0.0,0.0,1,22,67.58581042289734,1,0
991,878,-131.7336693608167,131.7336693608167,"66,68,69,98",N-4,4,945,True,0.0,0,0.0,0.0,0.0,0.0,0.0,1,43,98.3274507522583,1,0
992,879,-102.08013266932447,102.08013266932447,"90,91,100",N-3,3,553,True,0.0,0,0.0,0.0,0.0,0.0,0.0,1,6,0.0,1,0
993,880,-103.08137780969422,103.08137780969422,"120,127",common_bus_N-2,2,816,True,0.0,0,0.0,0.0,0.0,0.0,0.0,1,6,95.59101819992065,1,0
994,881,-122.99955617683338,122.99955617683338,"90,99",common_bus_N-2,2,706,True,0.0,0,0.0,0.0,0.0,0.0,0.0,1,29,24.336209297180176,1,0
996,882,-117.12826332367396,117.12826332367396,"147,149",common_bus_N-2,2,1065,True,0.0,0,0.0,0.0,0.0,0.0,0.0,2,21,69.76182413101196,2,0
997,883,-108.70688147287719,108.70688147287719,"165,170",common_bus_N-2,2,148,True,0.0,0,0.0,0.0,0.0,0.0,0.0,1,12,0.0,1,0
998,884,-127.5152283562454,127.5152283562454,"64,66,69,74",N-4,4,983,True,0.0,0,0.0,0.0,0.0,0.0,0.0,1,37,148.98435401916504,1,0
999,885,-100.1,100.1,"158,162,163,166",N-4,4,436,True,0.0,0,0.0,0.0,0.0,0.0,0.0,1,5,0.0,1,0
1002,886,-112.08381198022408,112.08381198022408,"24,44",common_bus_N-2,2,1067,True,0.0,0,0.0,0.0,0.0,0.0,0.0,3,15,0.0,3,0
1003,887,-100.1,100.1,"83,88,92",N-3,3,671,True,0.0,0,0.0,0.0,0.0,0.0,0.0,1,4,0.0,1,0
1004,888,-109.63110968155256,109.63110968155256,"33,42",common_bus_N-2,2,176,True,0.0,0,0.0,0.0,0.0,0.0,0.0,1,13,65.47258579730988,1,0
1006,889,-107.02826139876514,107.02826139876514,"66,75,98,105",N-4,4,1174,True,0.0,0,0.0,0.0,0.0,0.0,0.0,2,12,18.210177421569824,2,0
1007,890,-109.61625819640405,109.61625819640405,"74,98",common_bus_N-2,2,898,True,0.0,0,0.0,0.0,0.0,0.0,0.0,1,13,0.0,1,0
1008,891,-112.3248746354309,112.3248746354309,"130,131",common_bus_N-2,2,42,True,0.0,0,0.0,0.0,0.0,0.0,0.0,1,16,152.21628093719482,1,0
1009,892,-113.17148433376393,113.17148433376393,"140,141,144,153",N-4,4,1332,True,0.0,0,0.0,0.0,0.0,0.0,0.0,1,19,27.880195140838623,1,0
1011,893,-127.05660077825124,127.05660077825124,"65,75,105",N-3,3,17,True,0.0,0,0.0,0.0,0.0,0.0,0.0,2,33,158.67554879188538,2,0
1012,894,-103.0721840331737,103.0721840331737,"119,120,127",N-3,3,1380,True,0.0,0,0.0,0.0,0.0,0.0,0.0,1,7,55.13002210855484,1,0
1013,895,-104.0375577349327,104.0375577349327,"65,70,74,97",N-4,4,1684,True,0.0,0,0.0,0.0,0.0,0.0,0.0,1,9,54.313693046569824,1,0
1014,896,-121.46290932003018,121.46290932003018,"105,106,115,118",N-4,4,475,True,0.0,0,0.0,0.0,0.0,0.0,0.0,1,29,109.8577995300293,1,0
1015,897,-106.87405506739668,106.87405506739668,"17,43",common_bus_N-2,2,182,True,0.0,0,0.0,0.0,0.0,0.0,0.0,1,10,58.22917556762695,1,0
1016,898,-116.59681382798527,116.59681382798527,"46,49,50",N-3,3,270,True,0.0,0,0.0,0.0,0.0,0.0,0.0,1,22,85.65676927566528,1,0
1017,899,-100.1,100.1,"132,135",common_bus_N-2,2,1286,True,0.0,0,0.0,0.0,0.0,0.0,0.0,1,3,0.0,1,0
1018,900,-109.62097295359405,109.62097295359405,"65,67,75,97",N-4,4,1310,True,0.0,0,0.0,0.0,0.0,0.0,0.0,1,15,19.28240180015564,1,0
1019,901,-112.29045690794386,112.29045690794386,"99,100",common_bus_N-2,2,1240,True,0.0,0,0.0,0.0,0.0,0.0,0.0,1,16,0.0,1,0
1021,902,-125.31476460597973,125.31476460597973,"119,123",common_bus_N-2,2,1281,True,0.0,0,0.0,0.0,0.0,0.0,0.0,2,30,229.19106256961823,2,0
1022,903,-100.1,100.1,"130,132,134,135",N-4,4,646,True,0.0,0,0.0,0.0,0.0,0.0,0.0,1,5,0.0,1,0
1023,904,-108.70923885147218,108.70923885147218,"162,164",common_bus_N-2,2,7,True,0.0,0,0.0,0.0,0.0,0.0,0.0,1,12,9.379405975341797,1,0
1024,905,-121.44687914558416,121.44687914558416,"84,86,92",N-3,3,1262,True,183.5009765625,0,-0.07928217202425003,6343.150390625,5.156617641448975,0.06110620126128197,0.37890625,1,28,46.08859729766846,1,0
1025,906,-119.0493547523448,119.0493547523448,"20,38",common_bus_N-2,2,1257,True,0.0,0,0.0,0.0,0.0,0.0,0.0,1,24,36.01850616931915,1,0
1026,907,-111.41549993978826,111.41549993978826,"64,66,67,75",N-4,4,1180,True,0.0,0,0.0,0.0,0.0,0.0,0.0,1,17,31.011240005493164,1,0
1028,908,-103.18013266932446,103.18013266932446,"64,66,68,69",N-4,4,1710,True,0.0,0,0.0,0.0,0.0,0.0,0.0,2,8,0.0,2,0
1029,909,-124.54967865970798,124.54967865970798,"68,70,74,105",N-4,4,738,True,0.0,0,0.0,0.0,0.0,0.0,0.0,1,33,133.80719137191772,1,0
1030,910,-104.98295099641611,104.98295099641611,"68,105",common_bus_N-2,2,215,True,0.0,0,0.0,0.0,0.0,0.0,0.0,1,8,22.78786599636078,1,0
1031,911,-116.5758077131868,116.5758077131868,"67,75,98,105",N-4,4,18,True,0.0,0,0.0,0.0,0.0,0.0,0.0,1,23,11.632073879241943,1,0
1033,912,-129.00679912409444,129.00679912409444,"64,98",common_bus_N-2,2,1518,True,0.0,0,0.0,0.0,0.0,0.0,0.0,2,35,152.05561518669128,2,0
1034,913,-102.08013266932447,102.08013266932447,"153,158,159",N-3,3,1932,True,0.0,0,0.0,0.0,0.0,0.0,0.0,1,6,0.0,1,0
1035,914,-118.27347331349924,118.27347331349924,"135,136,138",N-3,3,1045,True,0.0,0,0.0,0.0,0.0,0.0,0.0,1,24,192.60912770032883,1,0
1036,915,-100.1,100.1,"64,67,69,98",N-4,4,636,True,0.0,0,0.0,0.0,0.0,0.0,0.0,1,5,0.0,1,0
1037,916,-104.0469872493127,104.0469872493127,"68,69,75,105",N-4,4,1658,True,0.0,0,0.0,0.0,0.0,0.0,0.0,1,9,85.95461905002594,1,0
1038,917,-111.41691436694526,111.41691436694526,"140,160",common_bus_N-2,2,1458,True,0.0,0,0.0,0.0,0.0,0.0,0.0,1,15,33.93273866176605,1,0
1039,918,-128.94559855825105,128.94559855825105,"75,97,98",N-3,3,1728,True,0.0,0,0.0,0.0,0.0,0.0,0.0,1,38,82.51238822937012,1,0
1040,919,-111.41526420192876,111.41526420192876,"140,142,144,160",N-4,4,1106,True,0.0,0,0.0,0.0,0.0,0.0,0.0,1,17,24.72466230392456,1,0
1041,920,-126.03652130762019,126.03652130762019,"153,154,159,166",N-4,4,1553,True,0.0,0,0.0,0.0,0.0,0.0,0.0,1,35,85.61630058288574,1,0
1042,921,-117.41587349863879,117.41587349863879,"142,144,153",N-3,3,740,True,0.0,0,0.0,0.0,0.0,0.0,0.0,1,23,56.58392310142517,1,0
1043,922,-114.89005716551107,114.89005716551107,"54,56",common_bus_N-2,2,1792,True,0.0,0,0.0,0.0,0.0,0.0,0.0,1,19,19.778116941452026,1,0
1044,923,-100.10636492220651,100.10636492220651,"47,51",common_bus_N-2,2,455,True,0.0,0,0.0,0.0,0.0,0.0,0.0,1,3,30.24113631248474,1,0
1045,924,-118.23069649795382,118.23069649795382,"107,109,113,114",N-4,4,64,True,0.0,0,0.0,0.0,0.0,0.0,0.0,1,25,17.972610473632812,1,0
1047,925,-106.13557931447366,106.13557931447366,"168,170",common_bus_N-2,2,261,True,0.0,0,0.0,0.0,0.0,0.0,0.0,2,9,0.0,2,0
1048,926,-100.1,100.1,"159,161",common_bus_N-2,2,1605,True,0.0,0,0.0,0.0,0.0,0.0,0.0,1,3,21.19020402431488,1,0
1049,927,-100.10471475719001,100.10471475719001,"75,98,105",N-3,3,532,True,0.0,0,0.0,0.0,0.0,0.0,0.0,1,4,18.241939544677734,1,0
1052,928,-113.95782447650589,113.95782447650589,"61,63",common_bus_N-2,2,1343,True,0.0,0,0.0,0.0,0.0,0.0,0.0,3,17,33.779564917087555,3,0
1053,929,-130.37709435135005,130.37709435135005,"122,123,126",N-3,3,424,True,0.0,0,0.0,0.0,0.0,0.0,0.0,1,40,236.64548325538635,1,0
1054,930,-106.86934031020668,106.86934031020668,"150,152",common_bus_N-2,2,1485,True,0.0,0,0.0,0.0,0.0,0.0,0.0,1,10,36.54639911651611,1,0
1055,931,-100.12361598631206,100.12361598631206,"70,74,98",N-3,3,101,True,0.0,0,0.0,0.0,0.0,0.0,0.0,1,4,118.63714027404785,1,0
1056,932,-114.88562110337887,114.88562110337887,"74,97,105",N-3,3,1867,True,0.0,0,0.0,0.0,0.0,0.0,0.0,1,20,0.0,1,0
1057,933,-137.01906991071283,137.01906991071283,"162,166",common_bus_N-2,2,662,True,0.0,0,0.0,0.0,0.0,0.0,0.0,1,49,255.86353826522827,1,0
1059,934,-115.5838471755769,115.5838471755769,"64,68,74,75",N-4,4,1140,True,0.0,0,0.0,0.0,0.0,0.0,0.0,2,21,158.98396587371826,2,0
1060,935,-103.06322599451269,103.06322599451269,"101,103",common_bus_N-2,2,4,True,0.0,0,0.0,0.0,0.0,0.0,0.0,1,6,29.87492036819458,1,0
1061,936,-111.41337829905275,111.41337829905275,"163,166",common_bus_N-2,2,1790,True,0.0,0,0.0,0.0,0.0,0.0,0.0,1,15,24.972732186317444,1,0
1062,937,-104.99355920009361,104.99355920009361,"66,68,70,97",N-4,4,250,True,0.0,0,0.0,0.0,0.0,0.0,0.0,1,10,61.72410547733307,1,0
1063,938,-103.08137780969422,103.08137780969422,"124,152",common_bus_N-2,2,1077,True,0.0,0,0.0,0.0,0.0,0.0,0.0,1,6,97.12411403656006,1,0
1064,939,-103.9326072398832,103.9326072398832,"123,126,147,151",N-4,4,1720,True,0.0,0,0.0,0.0,0.0,0.0,0.0,1,8,40.215520322322845,0,0
1065,940,-100.1,100.1,"108,109",common_bus_N-2,2,1934,True,0.0,0,0.0,0.0,0.0,0.0,0.0,1,3,0.0,1,0
1066,941,-133.1073636189726,133.1073636189726,"7,10",common_bus_N-2,2,179,True,0.0,0,0.0,0.0,0.0,0.0,0.0,1,43,174.46138072013855,1,0
1067,942,-126.03703696058822,126.03703696058822,"56,57",common_bus_N-2,2,423,True,0.0,0,0.0,0.0,0.0,0.0,0.0,1,33,98.13972473144531,1,0
1069,943,-145.34399637751474,145.34399637751474,"68,69",common_bus_N-2,2,1885,True,0.0,0,0.0,0.0,0.0,0.0,0.0,2,56,411.05308842658997,2,0
1070,944,-126.7831214449921,126.7831214449921,"67,70,98",N-3,3,135,True,0.0,0,0.0,0.0,0.0,0.0,0.0,1,35,136.56746220588684,1,0
1071,945,-116.5776936160628,116.5776936160628,"67,69,98",N-3,3,1511,True,0.0,0,0.0,0.0,0.0,0.0,0.0,1,22,21.49237871170044,1,0
1072,946,-100.1,100.1,"51,54",common_bus_N-2,2,800,True,0.0,0,0.0,0.0,0.0,0.0,0.0,1,3,24.01246601343155,1,0
1073,947,-121.43957127193966,121.43957127193966,"162,166",common_bus_N-2,2,342,True,0.0,0,0.0,0.0,0.0,0.0,0.0,1,27,11.486954689025879,1,0
1074,948,-142.45094911505947,142.45094911505947,"65,67,75,98",N-4,4,399,True,0.0,0,0.0,0.0,0.0,0.0,0.0,1,60,245.3830623626709,1,0
1075,949,-100.11683761146665,100.11683761146665,"65,74",common_bus_N-2,2,246,True,0.0,0,0.0,0.0,0.0,0.0,0.0,1,3,61.70731472969055,1,0
1077,950,-119.67857121702329,119.67857121702329,"108,114",common_bus_N-2,2,1739,True,0.0,0,0.0,0.0,0.0,0.0,0.0,2,24,98.08983850479126,2,0
1078,951,-108.73634870531471,108.73634870531471,"118,120,122",N-3,3,1913,True,0.0,0,0.0,0.0,0.0,0.0,0.0,1,13,115.72054773569107,1,0
1079,952,-107.78836536133643,107.78836536133643,"98,99,102",N-3,3,1019,True,0.0,0,0.0,0.0,0.0,0.0,0.0,1,12,0.0,1,0
1080,953,-106.86509702873568,106.86509702873568,"123,150",common_bus_N-2,2,1458,True,0.0,0,0.0,0.0,0.0,0.0,0.0,1,10,16.966369330883026,1,0
1081,954,-125.32777563150773,125.32777563150773,"122,126,147,151",N-4,4,120,True,0.0,0,0.0,0.0,0.0,0.0,0.0,1,34,279.99583184719086,1,0
1082,955,-114.04876859983274,114.04876859983274,"64,68,69,105",N-4,4,1877,True,0.0,0,0.0,0.0,0.0,0.0,0.0,1,20,89.61797869205475,1,0
1083,956,-119.76808719738976,119.76808719738976,"65,67,69,105",N-4,4,1263,True,0.0,0,0.0,0.0,0.0,0.0,0.0,1,26,92.34743356704712,0,0
1084,957,-107.79803061357593,107.79803061357593,"33,42",common_bus_N-2,2,1202,True,0.0,0,0.0,0.0,0.0,0.0,0.0,1,11,42.38870346546173,1,0
1085,958,-136.38928290477222,136.38928290477222,"144,146",common_bus_N-2,2,738,True,0.0,0,0.0,0.0,0.0,0.0,0.0,1,48,248.49906969070435,1,0
1086,959,-142.4804322454171,142.4804322454171,"22,35,38",N-3,3,106,True,0.0,0,0.0,0.0,0.0,0.0,0.0,1,59,394.09630823135376,1,0
1087,960,-119.87499431973518,119.87499431973518,"104,107,115",N-3,3,52,True,0.0,0,0.0,0.0,0.0,0.0,0.0,1,26,122.53224349021912,1,0
1088,961,-104.0375577349327,104.0375577349327,"64,65,70,98",N-4,4,1955,True,0.0,0,0.0,0.0,0.0,0.0,0.0,1,9,57.65716910362244,1,0
1089,962,-100.1,100.1,"173,176",common_bus_N-2,2,1769,True,0.0,0,0.0,0.0,0.0,0.0,0.0,1,3,0.0,1,0
1090,963,-129.6776313864502,129.6776313864502,"68,70,75,98",N-4,4,994,True,0.0,0,0.0,0.0,0.0,0.0,0.0,1,40,232.29440236091614,1,0
1091,964,-123.01156678700983,123.01156678700983,"83,85,87,88",N-4,4,72,True,0.0,0,0.0,0.0,0.0,0.0,0.0,1,31,83.05394506454468,1,0
1092,965,-122.24160957593354,122.24160957593354,"66,74,97,98",N-4,4,488,True,0.0,0,0.0,0.0,0.0,0.0,0.0,1,30,93.16003942489624,1,0
1093,966,-109.65374051606459,109.65374051606459,"122,124,147,151",N-4,4,170,True,0.0,0,0.0,0.0,0.0,0.0,0.0,1,15,172.14789962768555,1,0
1094,967,-102.08885497012598,102.08885497012598,"64,65,68,74",N-4,4,816,True,0.0,0,0.0,0.0,0.0,0.0,0.0,1,7,32.153342485427856,1,0
1095,968,-109.63275984656907,109.63275984656907,"70,98,105",N-3,3,492,True,0.0,0,0.0,0.0,0.0,0.0,0.0,1,14,66.79113566875458,1,0
1097,969,-127.74827823475967,127.74827823475967,"76,77,83",N-3,3,1516,True,0.0,0,0.0,0.0,0.0,0.0,0.0,2,34,174.41864109039307,2,0
1098,970,-129.7022312141597,129.7022312141597,"137,139",common_bus_N-2,2,406,True,0.0,0,0.0,0.0,0.0,0.0,0.0,1,38,385.457949757576,1,0
1099,971,-100.1,100.1,"84,86",common_bus_N-2,2,477,True,0.0,0,0.0,0.0,0.0,0.0,0.0,1,3,0.0,1,0
1101,972,-111.84664086079961,111.84664086079961,"69,75,97",N-3,3,1371,True,0.0,0,0.0,0.0,0.0,0.0,0.0,2,16,9.569616794586182,2,0
1102,973,-112.29517166513388,112.29517166513388,"67,74,75,97",N-4,4,1316,True,0.0,0,0.0,0.0,0.0,0.0,0.0,1,18,19.49934959411621,1,0
1103,974,-128.92939918378656,128.92939918378656,"54,56",common_bus_N-2,2,703,True,0.0,0,0.0,0.0,0.0,0.0,0.0,1,37,33.87818717956543,1,0
1104,975,-125.30853244534951,125.30853244534951,"64,67,69,75",N-4,4,1853,True,0.0,0,0.0,0.0,0.0,0.0,0.0,1,34,165.64899110794067,1,0
1105,976,-100.1,100.1,"44,48,59",N-3,3,1747,True,0.0,0,0.0,0.0,0.0,0.0,0.0,1,4,0.0,1,0
1107,977,-105.12105608476767,105.12105608476767,"74,75,77",N-3,3,1763,True,0.0,0,0.0,0.0,0.0,0.0,0.0,2,9,0.0,2,0
1108,978,-111.41597141550726,111.41597141550726,"46,47,50",N-3,3,1704,True,0.0,0,0.0,0.0,0.0,0.0,0.0,1,16,26.066925525665283,1,0
1109,979,-137.6480815651365,137.6480815651365,"69,70,97",N-3,3,656,True,0.0,0,0.0,0.0,0.0,0.0,0.0,1,51,253.93010365962982,1,0
1110,980,-104.9850726371516,104.9850726371516,"66,67,74,105",N-4,4,265,True,0.0,0,0.0,0.0,0.0,0.0,0.0,1,10,30.173410773277283,1,0
1112,981,-120.98837526446253,120.98837526446253,"56,65",common_bus_N-2,2,569,True,0.0,0,0.0,0.0,0.0,0.0,0.0,2,25,139.4497799873352,2,0
1113,982,-104.02553510409818,104.02553510409818,"66,68,74",N-3,3,262,True,0.0,0,0.0,0.0,0.0,0.0,0.0,1,8,16.541383862495422,1,0
1114,983,-104.9770575499286,104.9770575499286,"40,41,42,179",N-4,4,1141,True,0.0,0,0.0,0.0,0.0,0.0,0.0,1,10,0.0,1,0
1115,984,-100.1,100.1,"6,8",common_bus_N-2,2,1208,True,0.0,0,0.0,0.0,0.0,0.0,0.0,1,3,0.0,1,0
1116,985,-126.0634922813462,126.0634922813462,"67,69,70,97",N-4,4,1864,True,0.0,0,0.0,0.0,0.0,0.0,0.0,1,35,211.6030638217926,1,0
1117,986,-100.1,100.1,"166,168,171",N-3,3,1176,True,0.0,0,0.0,0.0,0.0,0.0,0.0,1,4,40.981719732284546,1,0
1118,987,-100.11838606670713,100.11838606670713,"70,98,105",N-3,3,180,True,0.0,0,0.0,0.0,0.0,0.0,0.0,1,4,80.16079187393188,1,0
1119,988,-117.42793023444581,117.42793023444581,"73,74,77,83",N-4,4,1238,True,0.0,0,0.0,0.0,0.0,0.0,0.0,1,24,113.83572173118591,1,0
1120,989,-131.07945405768945,131.07945405768945,"70,97,98",N-3,3,633,True,0.0,0,0.0,0.0,0.0,0.0,0.0,1,41,259.6543347835541,1,0
1121,990,-117.43358851309904,117.43358851309904,"140,144,160",N-3,3,1502,True,0.0,0,0.0,0.0,0.0,0.0,0.0,1,23,128.04524195194244,1,0
1122,991,-105.93627648598815,105.93627648598815,"64,67",common_bus_N-2,2,314,True,0.0,0,0.0,0.0,0.0,0.0,0.0,1,9,55.188332319259644,1,0
1123,992,-102.08814775654749,102.08814775654749,"64,75,97,105",N-4,4,1664,True,0.0,0,0.0,0.0,0.0,0.0,0.0,1,7,27.131482481956482,1,0
1124,993,-104.9770575499286,104.9770575499286,"67,98,105",N-3,3,1079,True,0.0,0,0.0,0.0,0.0,0.0,0.0,1,9,0.0,1,0
1125,994,-108.70971032719119,108.70971032719119,"67,74,75,97",N-4,4,1078,True,0.0,0,0.0,0.0,0.0,0.0,0.0,1,14,9.65954875946045,1,0
1126,995,-113.17431318807792,113.17431318807792,"165,168,169",N-3,3,1273,True,0.0,0,0.0,0.0,0.0,0.0,0.0,1,18,46.77245879173279,1,0
1127,996,-100.1,100.1,"151,157",common_bus_N-2,2,1617,True,0.0,0,0.0,0.0,0.0,0.0,0.0,1,3,31.37305200099945,1,0
1128,997,-123.00285650686638,123.00285650686638,"64,105",common_bus_N-2,2,418,True,0.0,0,0.0,0.0,0.0,0.0,0.0,1,29,41.72142481803894,1,0
1129,998,-107.79284438066693,107.79284438066693,"2,10",common_bus_N-2,2,797,True,0.0,0,0.0,0.0,0.0,0.0,0.0,1,11,16.684170246124268,1,0
1130,999,-123.81744896329724,123.81744896329724,"130,131,135",N-3,3,1832,True,0.0,0,0.0,0.0,0.0,0.0,0.0,1,31,268.52832674980164,1,0
1131,1000,-134.44812329902237,134.44812329902237,"67,70,74,97",N-4,4,787,True,0.0,0,0.0,0.0,0.0,0.0,0.0,1,47,210.16979026794434,1,0
1132,1001,-117.42058825582879,117.42058825582879,"70,97",common_bus_N-2,2,1886,True,0.0,0,0.0,0.0,0.0,0.0,0.0,1,22,73.69624614715576,1,0
1133,1002,-117.41328038218428,117.41328038218428,"154,166",common_bus_N-2,2,931,True,0.0,0,0.0,0.0,0.0,0.0,0.0,1,22,44.88422155380249,1,0
1134,1003,-104.9796506663831,104.9796506663831,"140,142,143,144",N-4,4,1374,True,0.0,0,0.0,0.0,0.0,0.0,0.0,1,10,8.286747932434082,1,0
1135,1004,-123.78413289830004,123.78413289830004,"65,66,97,98",N-4,4,176,True,0.0,0,0.0,0.0,0.0,0.0,0.0,1,32,97.34968328475952,1,0
1136,1005,-109.62592344864356,109.62592344864356,"153,159,163",N-3,3,29,True,0.0,0,0.0,0.0,0.0,0.0,0.0,1,14,40.34842437505722,1,0
1138,1006,-109.9015844663745,109.9015844663745,"77,81",common_bus_N-2,2,1756,True,0.0,0,0.0,0.0,0.0,0.0,0.0,2,13,70.24141216278076,2,0
1139,1007,-131.76170556096835,131.76170556096835,"20,21",common_bus_N-2,2,361,True,0.0,0,0.0,0.0,0.0,0.0,0.0,1,41,243.95669877529144,1,0
1140,1008,-114.03702860392757,114.03702860392757,"67,69,74,75",N-4,4,1354,True,0.0,0,0.0,0.0,0.0,0.0,0.0,1,20,27.86570370197296,1,0
1141,1009,-103.0646404216697,103.0646404216697,"12,13",common_bus_N-2,2,1017,True,0.0,0,0.0,0.0,0.0,0.0,0.0,1,6,40.085890889167786,1,0
1142,1010,-132.4426123542132,132.4426123542132,"64,67,74,75",N-4,4,722,True,0.0,0,0.0,0.0,0.0,0.0,0.0,1,44,244.2451313138008,1,0
1143,1011,-136.38517407006384,136.38517407006384,"65,74,97,105",N-4,4,672,True,0.0,0,0.0,0.0,0.0,0.0,0.0,1,50,254.6917462348938,1,0
1144,1012,-105.93274041809563,105.93274041809563,"12,13,16",N-3,3,1660,True,0.0,0,0.0,0.0,0.0,0.0,0.0,1,10,31.09591269493103,1,0
1146,1013,-105.15046327023238,105.15046327023238,"153,163",common_bus_N-2,2,1446,True,0.0,0,0.0,0.0,0.0,0.0,0.0,2,8,0.0,2,0
1147,1014,-102.08013266932447,102.08013266932447,"153,154,158,163",N-4,4,1376,True,0.0,0,0.0,0.0,0.0,0.0,0.0,1,7,0.0,1,0
1148,1015,-100.1,100.1,"158,162,163",N-3,3,205,True,0.0,0,0.0,0.0,0.0,0.0,0.0,1,4,0.0,1,0
1149,1016,-114.04028203689073,114.04028203689073,"66,67,97",N-3,3,47,True,0.0,0,0.0,0.0,0.0,0.0,0.0,1,19,50.31378650665283,1,0
1150,1017,-128.9927461301511,128.9927461301511,"143,144,153,160",N-4,4,1238,True,0.0,0,0.0,0.0,0.0,0.0,0.0,1,39,333.14036750793457,1,0
1151,1018,-109.61625819640405,109.61625819640405,"65,75,98,105",N-4,4,282,True,0.0,0,0.0,0.0,0.0,0.0,0.0,1,15,0.0,1,0
1152,1019,-107.79072273993143,107.79072273993143,"157,158,159,162",N-4,4,568,True,0.0,0,0.0,0.0,0.0,0.0,0.0,1,13,9.319664239883423,1,0
1153,1020,-107.80345258434444,107.80345258434444,"42,179",common_bus_N-2,2,910,True,0.0,0,0.0,0.0,0.0,0.0,0.0,1,11,70.09503173828125,1,0
1154,1021,-100.1,100.1,"70,74",common_bus_N-2,2,889,True,0.0,0,0.0,0.0,0.0,0.0,0.0,1,3,0.0,1,0
1155,1022,-108.71088901648868,108.71088901648868,"41,178",common_bus_N-2,2,1573,True,0.0,0,0.0,0.0,0.0,0.0,0.0,1,12,17.797768712043762,1,0
1156,1023,-122.25128104275439,122.25128104275439,"66,69,74,75",N-4,4,1505,True,0.0,0,0.0,0.0,0.0,0.0,0.0,1,30,138.76198679208755,1,0
1157,1024,-101.1037389258847,101.1037389258847,"141,142,143",N-3,3,552,True,0.0,0,0.0,0.0,0.0,0.0,0.0,1,5,33.11759281158447,1,0
1158,1025,-100.1,100.1,"125,182",common_bus_N-2,2,1491,True,0.0,0,0.0,0.0,0.0,0.0,0.0,1,3,86.63798689842224,1,0
1159,1026,-105.92826139876513,105.92826139876513,"3,13",common_bus_N-2,2,537,True,0.0,0,0.0,0.0,0.0,0.0,0.0,1,9,17.469159364700317,1,0
1160,1027,-133.78142257681867,133.78142257681867,"78,84,85",N-3,3,402,True,0.0,0,0.0,0.0,0.0,0.0,0.0,1,45,248.70201063156128,1,0
1161,1028,-100.1,100.1,"142,143",common_bus_N-2,2,294,True,0.0,0,0.0,0.0,0.0,0.0,0.0,1,3,0.0,1,0
1162,1029,-104.02341346336269,104.02341346336269,"13,19",common_bus_N-2,2,265,True,0.0,0,0.0,0.0,0.0,0.0,0.0,1,7,8.874532580375671,1,0
1163,1030,-115.74813408765064,115.74813408765064,"64,98",common_bus_N-2,2,444,True,0.0,0,0.0,0.0,0.0,0.0,0.0,1,20,72.10851216316223,1,0
1164,1031,-114.03155973608922,114.03155973608922,"153,157,162",N-3,3,1209,True,0.0,0,0.0,0.0,0.0,0.0,0.0,1,19,10.415070056915283,1,0
1165,1032,-116.57863656750081,116.57863656750081,"83,88,92",N-3,3,1301,True,0.0,0,0.0,0.0,0.0,0.0,0.0,1,22,24.860535621643066,1,0
1166,1033,-128.24481541680905,128.24481541680905,"65,66,74,97",N-4,4,336,True,0.0,0,0.0,0.0,0.0,0.0,0.0,1,38,180.67022323608398,1,0
1167,1034,-104.0335501913212,104.0335501913212,"1,13",common_bus_N-2,2,1442,True,0.0,0,0.0,0.0,0.0,0.0,0.0,1,7,44.38935625553131,1,0
1168,1035,-111.44520291008529,111.44520291008529,"118,120,122,123",N-4,4,1359,True,0.0,0,0.0,0.0,0.0,0.0,0.0,1,17,138.73323249816895,1,0
1169,1036,-123.79915328196876,123.79915328196876,"69,70,75",N-3,3,334,True,0.0,0,0.0,0.0,0.0,0.0,0.0,1,31,177.83107620477676,1,0
1170,1037,-117.4217669451263,117.4217669451263,"66,67,97,105",N-4,4,1885,True,0.0,0,0.0,0.0,0.0,0.0,0.0,1,24,78.6235123872757,1,0
1172,1038,-115.56376769035973,115.56376769035973,"79,81,84",N-3,3,1607,True,0.0,0,0.0,0.0,0.0,0.0,0.0,2,20,103.9180172085762,2,0
1173,1039,-100.11867904970369,100.11867904970369,"154,157",common_bus_N-2,2,483,True,0.0,0,0.0,0.0,0.0,0.0,0.0,1,3,79.65653324127197,1,0
1174,1040,-109.62427328362706,109.62427328362706,"147,150,151,152",N-4,4,1881,True,0.0,0,0.0,0.0,0.0,0.0,0.0,1,15,35.27299451828003,1,0
1175,1041,-100.1,100.1,"35,36,37,53",N-4,4,1522,True,0.0,0,0.0,0.0,0.0,0.0,0.0,1,5,0.0,1,0
1176,1042,-133.78652039961244,133.78652039961244,"65,70,75,105",N-4,4,938,True,0.0,0,0.0,0.0,0.0,0.0,0.0,1,46,259.06295144557953,1,0
1177,1043,-100.1,100.1,"68,70,74",N-3,3,424,True,0.0,0,0.0,0.0,0.0,0.0,0.0,1,4,0.0,1,0
1178,1044,-108.7283336180917,108.7283336180917,"147,151",common_bus_N-2,2,1323,True,0.0,0,0.0,0.0,0.0,0.0,0.0,1,12,87.54722988605499,1,0
1179,1045,-112.30833132803846,112.30833132803846,"122,147",common_bus_N-2,2,320,True,0.0,0,0.0,0.0,0.0,0.0,0.0,1,16,80.65945839881897,1,0
1180,1046,-121.4437486728745,121.4437486728745,"65,69,105",N-3,3,929,True,0.0,0,0.0,0.0,0.0,0.0,0.0,1,28,30.94657063484192,1,0
1182,1047,-115.98562110337886,115.98562110337886,"13,14",common_bus_N-2,2,68,True,0.0,0,0.0,0.0,0.0,0.0,0.0,2,20,0.0,2,0
1183,1048,-111.41479272620975,111.41479272620975,"70,74,75,97",N-4,4,1151,True,0.0,0,0.0,0.0,0.0,0.0,0.0,1,17,24.402213513851166,1,0
1184,1049,-112.30554413095189,112.30554413095189,"65,66,68,98",N-4,4,1715,True,0.0,0,0.0,0.0,0.0,0.0,0.0,1,18,50.695858001708984,1,0
1185,1050,-100.1,100.1,"12,13,19,183",N-4,4,4,True,0.0,0,0.0,0.0,0.0,0.0,0.0,1,5,18.10601234436035,1,0
1186,1051,-108.71466082224069,108.71466082224069,"117,119,122,123",N-4,4,1057,True,0.0,0,0.0,0.0,0.0,0.0,0.0,1,14,29.458150506019592,1,0
1187,1052,-100.10636492220651,100.10636492220651,"47,50,51,52",N-4,4,1201,True,0.0,0,0.0,0.0,0.0,0.0,0.0,1,5,27.39668905735016,1,0
1188,1053,-100.1,100.1,"73,74,75",N-3,3,1292,True,0.0,0,0.0,0.0,0.0,0.0,0.0,1,4,0.0,1,0
1189,1054,-128.9687050194092,128.9687050194092,"2,4,10",N-3,3,945,True,0.0,0,0.0,0.0,0.0,0.0,0.0,1,38,227.01502561569214,1,0
1190,1055,-114.89882242351088,114.89882242351088,"47,49,51",N-3,3,1511,True,0.0,0,0.0,0.0,0.0,0.0,0.0,1,20,60.17866039276123,1,0
1191,1056,-138.26467932960745,138.26467932960745,"74,75,98,105",N-4,4,433,True,0.0,0,0.0,0.0,0.0,0.0,0.0,1,53,224.41276037693024,1,0
1192,1057,-126.06502821241544,126.06502821241544,"104,105,106,107",N-4,4,1262,True,0.0,0,0.0,0.0,0.0,0.0,0.0,1,35,223.40479707717896,1,0
1193,1058,-107.79119421565042,107.79119421565042,"77,78,79,85",N-4,4,1628,True,0.0,0,0.0,0.0,0.0,0.0,0.0,1,13,10.415451049804688,1,0
1195,1059,-120.6461058434845,120.6461058434845,"65,75",common_bus_N-2,2,1058,True,0.0,0,0.0,0.0,0.0,0.0,0.0,2,25,65.8783346414566,2,0
1196,1060,-100.1,100.1,"14,183",common_bus_N-2,2,1037,True,0.0,0,0.0,0.0,0.0,0.0,0.0,1,3,20.660271644592285,1,0
1197,1061,-100.1,100.1,"180,181",common_bus_N-2,2,738,True,0.0,0,0.0,0.0,0.0,0.0,0.0,1,3,24.73746395111084,1,0
1198,1062,-113.17313449878043,113.17313449878043,"147,148,155,156",N-4,4,914,True,0.0,0,0.0,0.0,0.0,0.0,0.0,1,19,41.11118531227112,1,0
1199,1063,-133.7727808160313,133.7727808160313,"118,122,123,127",N-4,4,974,True,0.0,0,0.0,0.0,0.0,0.0,0.0,1,46,199.179945230484,1,0
1200,1064,-115.75803507774965,115.75803507774965,"32,33,42",N-3,3,1239,True,0.0,0,0.0,0.0,0.0,0.0,0.0,1,21,112.95684051513672,1,0
1201,1065,-110.55053272211521,110.55053272211521,"124,150,151,152",N-4,4,1591,True,0.0,0,0.0,0.0,0.0,0.0,0.0,1,16,144.81817245483398,1,0
1202,1066,-132.42613716121608,132.42613716121608,"68,70,98",N-3,3,641,True,0.0,0,0.0,0.0,0.0,0.0,0.0,1,43,161.0374528169632,1,0
1203,1067,-108.7262119773562,108.7262119773562,"18,20,25,43",N-4,4,1614,True,0.0,0,0.0,0.0,0.0,0.0,0.0,1,14,75.08698117733002,1,0
1204,1068,-111.44192592034383,111.44192592034383,"119,122,123,127",N-4,4,1299,True,0.0,0,0.0,0.0,0.0,0.0,0.0,1,17,154.4896193742752,1,0
1205,1069,-112.30790150954688,112.30790150954688,"129,130",common_bus_N-2,2,622,True,0.0,0,0.0,0.0,0.0,0.0,0.0,1,16,82.47656726837158,1,0
1206,1070,-105.94004829174014,105.94004829174014,"68,70,105",N-3,3,1419,True,0.0,0,0.0,0.0,0.0,0.0,0.0,1,10,54.952392578125,1,0
1207,1071,-100.1,100.1,"169,171",common_bus_N-2,2,1564,True,0.0,0,0.0,0.0,0.0,0.0,0.0,1,3,0.0,1,0
1208,1072,-114.03981056117173,114.03981056117173,"67,75",common_bus_N-2,2,1248,True,0.0,0,0.0,0.0,0.0,0.0,0.0,1,18,49.348692297935486,1,0
1209,1073,-120.687034582771,120.687034582771,"65,66,68,69",N-4,4,178,True,0.0,0,0.0,0.0,0.0,0.0,0.0,1,28,175.17237901687622,1,0
1210,1074,-114.03556727970073,114.03556727970073,"65,67,68,98",N-4,4,43,True,0.0,0,0.0,0.0,0.0,0.0,0.0,1,20,29.11693239212036,1,0
1211,1075,-113.16794826587142,113.16794826587142,"66,68,105",N-3,3,904,True,0.0,0,0.0,0.0,0.0,0.0,0.0,1,18,17.099063873291016,1,0
1212,1076,-100.1,100.1,"5,14",common_bus_N-2,2,212,True,0.0,0,0.0,0.0,0.0,0.0,0.0,1,3,17.07169073820114,1,0
1213,1077,-104.02105608476768,104.02105608476768,"165,167",common_bus_N-2,2,831,True,0.0,0,0.0,0.0,0.0,0.0,0.0,1,7,0.0,1,0
1214,1078,-105.94004829174014,105.94004829174014,"70,105",common_bus_N-2,2,845,True,0.0,0,0.0,0.0,0.0,0.0,0.0,1,9,62.554364800453186,1,0
1215,1079,-100.1,100.1,"119,120,127",N-3,3,246,True,0.0,0,0.0,0.0,0.0,0.0,0.0,1,4,0.0,1,0
1216,1080,-131.06680948589135,131.06680948589135,"48,59",common_bus_N-2,2,705,True,0.0,0,0.0,0.0,0.0,0.0,0.0,1,40,212.78410279750824,1,0
1217,1081,-126.77548690361033,126.77548690361033,"138,141",common_bus_N-2,2,678,True,0.0,0,0.0,0.0,0.0,0.0,0.0,1,34,107.19155073165894,1,0
1218,1082,-100.1,100.1,"3,7,10",N-3,3,1872,True,0.0,0,0.0,0.0,0.0,0.0,0.0,1,4,0.0,1,0
1219,1083,-100.10471475719001,100.10471475719001,"46,47,50",N-3,3,1314,True,0.0,0,0.0,0.0,0.0,0.0,0.0,1,4,19.366540908813477,1,0
1220,1084,-140.70664746122628,140.70664746122628,"53,95",common_bus_N-2,2,626,True,0.0,0,0.0,0.0,0.0,0.0,0.0,1,55,285.88861083984375,1,0
1221,1085,-111.40978929984497,111.40978929984497,"66,68,74,98",N-4,4,305,True,0.0,0,0.0,0.0,0.0,0.0,0.0,1,17,7.900943636894226,1,0
1222,1086,-126.07375550130696,126.07375550130696,"64,65,97,98",N-4,4,939,True,0.0,0,0.0,0.0,0.0,0.0,0.0,1,35,272.5091398358345,1,0
1223,1087,-118.95949148030331,118.95949148030331,"69,74,75",N-3,3,1795,True,0.0,0,0.0,0.0,0.0,0.0,0.0,1,24,83.37850522994995,0,0
1224,1088,-105.92826139876513,105.92826139876513,"64,66,74,97",N-4,4,1344,True,0.0,0,0.0,0.0,0.0,0.0,0.0,1,11,17.670708894729614,1,0
1225,1089,-100.1,100.1,"104,106,118",N-3,3,1280,True,0.0,0,0.0,0.0,0.0,0.0,0.0,1,4,0.0,1,0
1226,1090,-103.0655833731077,103.0655833731077,"167,168,169",N-3,3,1996,True,0.0,0,0.0,0.0,0.0,0.0,0.0,1,7,35.59541177749634,1,0
1227,1091,-114.06904205574976,114.06904205574976,"124,150",common_bus_N-2,2,1429,True,0.0,0,0.0,0.0,0.0,0.0,0.0,1,18,135.47190749645233,1,0
1228,1092,-114.04287515334524,114.04287515334524,"104,106",common_bus_N-2,2,1891,True,0.0,0,0.0,0.0,0.0,0.0,0.0,1,18,59.08686113357544,1,0
1229,1093,-141.29695062668006,141.29695062668006,"23,25",common_bus_N-2,2,955,True,0.0,0,0.0,0.0,0.0,0.0,0.0,1,56,290.29970026016235,1,0
1230,1094,-120.6537118854516,120.6537118854516,"178,179",common_bus_N-2,2,961,True,0.0,0,0.0,0.0,0.0,0.0,0.0,1,26,35.97195267677307,1,0
1231,1095,-100.1,100.1,"106,107,115,118",N-4,4,0,True,0.0,0,0.0,0.0,0.0,0.0,0.0,1,5,0.0,1,0
1232,1096,-113.17219154734242,113.17219154734242,"105,106",common_bus_N-2,2,1920,True,0.0,0,0.0,0.0,0.0,0.0,0.0,1,17,31.961546182632446,1,0
1233,1097,-117.42058825582879,117.42058825582879,"68,69,70,98",N-4,4,1775,True,0.0,0,0.0,0.0,0.0,0.0,0.0,1,24,72.9321014881134,1,0
1234,1098,-108.70688147287719,108.70688147287719,"169,170",common_bus_N-2,2,1547,True,0.0,0,0.0,0.0,0.0,0.0,0.0,1,12,0.0,1,0
1235,1099,-118.24319060450733,118.24319060450733,"144,145,146",N-3,3,451,True,0.0,0,0.0,0.0,0.0,0.0,0.0,1,24,77.11533522605896,1,0
1236,1100,-107.78836536133643,107.78836536133643,"164,165",common_bus_N-2,2,612,True,0.0,0,0.0,0.0,0.0,0.0,0.0,1,11,0.0,1,0
1237,1101,-137.00793907967045,137.00793907967045,"65,67,69,70",N-4,4,941,True,0.0,0,0.0,0.0,0.0,0.0,0.0,1,51,183.02091121673584,1,0
1238,1102,-112.30978741242289,112.30978741242289,"67,70,74,105",N-4,4,518,True,0.0,0,0.0,0.0,0.0,0.0,0.0,1,18,71.60194540023804,1,0
1239,1103,-116.58948050903781,116.58948050903781,"64,69,70,74",N-4,4,1776,True,0.0,0,0.0,0.0,0.0,0.0,0.0,1,23,71.58934712409973,1,0
1240,1104,-100.10473484848485,100.10473484848485,"24,26",common_bus_N-2,2,1062,True,0.0,0,0.0,0.0,0.0,0.0,0.0,1,3,34.1016651391983,1,0
1241,1105,-100.10471475719001,100.10471475719001,"40,179",common_bus_N-2,2,1872,True,0.0,0,0.0,0.0,0.0,0.0,0.0,1,3,21.5081787109375,1,0
1243,1106,-137.79573173559314,137.79573173559314,"109,113",common_bus_N-2,2,1283,True,0.0,0,0.0,0.0,0.0,0.0,0.0,2,46,384.7001905441284,2,0
1244,1107,-133.10519799398497,133.10519799398497,"11,14,16,19",N-4,4,669,True,0.0,0,0.0,0.0,0.0,0.0,0.0,1,45,199.83583414554596,1,0
1245,1108,-105.94947780612016,105.94947780612016,"124,126",common_bus_N-2,2,266,True,0.0,0,0.0,0.0,0.0,0.0,0.0,1,9,95.71643114089966,1,0
1247,1109,-126.104044351772,126.104044351772,"78,81,84",N-3,3,1965,True,0.0,0,0.0,0.0,0.0,0.0,0.0,2,32,59.844589829444885,2,0
1248,1110,-128.24228012215391,128.24228012215391,"67,68,70,74",N-4,4,935,True,0.0,0,0.0,0.0,0.0,0.0,0.0,1,38,172.84629249572754,1,0
1250,1111,-111.90949116159388,111.90949116159388,"20,21,38",N-3,3,1663,True,0.0,0,0.0,0.0,0.0,0.0,0.0,2,16,92.21508479118347,2,0
1251,1112,-116.58429427612882,116.58429427612882,"40,41,178",N-3,3,326,True,0.0,0,0.0,0.0,0.0,0.0,0.0,1,22,52.16545486450195,1,0
1252,1113,-116.60185000157952,116.60185000157952,"136,138,140,141",N-4,4,1187,True,0.0,0,0.0,0.0,0.0,0.0,0.0,1,23,117.06947374343872,1,0
1253,1114,-107.80986087573501,107.80986087573501,"40,42",common_bus_N-2,2,844,True,0.0,0,0.0,0.0,0.0,0.0,0.0,1,11,80.62743675708771,1,0
1254,1115,-104.9770575499286,104.9770575499286,"20,38,177",N-3,3,1354,True,0.0,0,0.0,0.0,0.0,0.0,0.0,1,9,0.0,1,0
1255,1116,-110.51658647034718,110.51658647034718,"67,74,75,98",N-4,4,775,True,0.0,0,0.0,0.0,0.0,0.0,0.0,1,16,0.0,1,0
1256,1117,-135.11269141514833,135.11269141514833,"84,85,86,92",N-4,4,656,True,0.0,0,0.0,0.0,0.0,0.0,0.0,1,48,334.3141597509384,1,0
1258,1118,-125.17941066337788,125.17941066337788,"68,69,105",N-3,3,1898,True,0.0,0,0.0,0.0,0.0,0.0,0.0,2,31,120.48609972000122,2,0
1259,1119,-122.25018314008553,122.25018314008553,"68,69,70,98",N-4,4,1581,True,0.0,0,0.0,0.0,0.0,0.0,0.0,1,30,133.6370426416397,1,0
1260,1120,-103.0721840331737,103.0721840331737,"118,120,122",N-3,3,1705,True,0.0,0,0.0,0.0,0.0,0.0,0.0,1,7,54.083935618400574,1,0
1261,1121,-100.1,100.1,"74,77",common_bus_N-2,2,1755,True,0.0,0,0.0,0.0,0.0,0.0,0.0,1,3,0.0,1,0
1263,1122,-122.69244277048571,122.69244277048571,"74,77",common_bus_N-2,2,490,True,0.0,0,0.0,0.0,0.0,0.0,0.0,2,27,147.38866966962814,2,0
1264,1123,-105.92637549588913,105.92637549588913,"142,144,160",N-3,3,278,True,0.0,0,0.0,0.0,0.0,0.0,0.0,1,10,10.86132001876831,1,0
1265,1124,-114.90259422926289,114.90259422926289,"117,118,122,127",N-4,4,1175,True,0.0,0,0.0,0.0,0.0,0.0,0.0,1,21,70.36977481842041,1,0
1266,1125,-101.1049176151822,101.1049176151822,"144,146",common_bus_N-2,2,1644,True,0.0,0,0.0,0.0,0.0,0.0,0.0,1,4,34.11373722553253,1,0
1267,1126,-109.62333033218906,109.62333033218906,"157,162,166",N-3,3,1142,True,0.0,0,0.0,0.0,0.0,0.0,0.0,1,14,24.516892433166504,1,0
1268,1127,-107.81214831572869,107.81214831572869,"126,151",common_bus_N-2,2,861,True,0.0,0,0.0,0.0,0.0,0.0,0.0,1,11,87.737464427948,1,0
1269,1128,-133.07196424797448,133.07196424797448,"153,166",common_bus_N-2,2,683,True,0.0,0,0.0,0.0,0.0,0.0,0.0,1,43,21.325950622558594,1,0
1271,1129,-114.59843371969096,114.59843371969096,"105,118",common_bus_N-2,2,1145,True,0.0,0,0.0,0.0,0.0,0.0,0.0,2,18,94.58272767066956,2,0
1272,1130,-115.75237736912165,115.75237736912165,"164,165,173",N-3,3,761,True,0.0,0,0.0,0.0,0.0,0.0,0.0,1,21,83.7882137298584,1,0
1274,1131,-120.76267865330746,120.76267865330746,"68,97",common_bus_N-2,2,1494,True,0.0,0,0.0,0.0,0.0,0.0,0.0,2,24,0.0,1,0
1275,1132,-112.29682183015038,112.29682183015038,"141,142,160",N-3,3,1854,True,0.0,0,0.0,0.0,0.0,0.0,0.0,1,17,31.25193750858307,1,0
1276,1133,-107.80109520574943,107.80109520574943,"67,68",common_bus_N-2,2,597,True,0.0,0,0.0,0.0,0.0,0.0,0.0,1,11,55.28387475013733,1,0
1277,1134,-127.51032024359743,127.51032024359743,"67,75,98,105",N-4,4,1256,True,0.0,0,0.0,0.0,0.0,0.0,0.0,1,37,122.66887903213501,1,0
1278,1135,-139.49514977502864,139.49514977502864,"141,143",common_bus_N-2,2,997,True,0.0,0,0.0,0.0,0.0,0.0,0.0,1,53,235.42623662948608,1,0
1279,1136,-103.05544664514919,103.05544664514919,"115,116",common_bus_N-2,2,1989,True,0.0,0,0.0,0.0,0.0,0.0,0.0,1,6,0.0,1,0
1280,1137,-109.63346706014757,109.63346706014757,"122,150,151,152",N-4,4,236,True,0.0,0,0.0,0.0,0.0,0.0,0.0,1,15,62.50904256105423,1,0
1281,1138,-100.1,100.1,"12,19,183",N-3,3,1112,True,0.0,0,0.0,0.0,0.0,0.0,0.0,1,4,15.867490768432617,1,0
1282,1139,-121.44739262896441,121.44739262896441,"20,43",common_bus_N-2,2,143,True,0.0,0,0.0,0.0,0.0,0.0,0.0,1,27,50.33477783203125,1,0
1283,1140,-115.73823309755163,115.73823309755163,"65,67,75,105",N-4,4,309,True,0.0,0,0.0,0.0,0.0,0.0,0.0,1,22,20.798511505126953,1,0
1284,1141,-105.93061877736014,105.93061877736014,"64,66,69,97",N-4,4,793,True,0.0,0,0.0,0.0,0.0,0.0,0.0,1,11,26.833966970443726,1,0
1285,1142,-124.55324688571945,124.55324688571945,"65,67,70,98",N-4,4,1275,True,0.0,0,0.0,0.0,0.0,0.0,0.0,1,33,146.00854587554932,1,0
1286,1143,-119.85649147738687,119.85649147738687,"65,69,97,98",N-4,4,38,True,0.0,0,0.0,0.0,0.0,0.0,0.0,1,27,37.01656872034073,1,0
1287,1144,-127.49311137985391,127.49311137985391,"64,105",common_bus_N-2,2,383,True,0.0,0,0.0,0.0,0.0,0.0,0.0,1,35,42.5577974319458,1,0
1288,1145,-100.1,100.1,"6,8",common_bus_N-2,2,1796,True,0.0,0,0.0,0.0,0.0,0.0,0.0,1,3,0.0,1,0
1289,1146,-113.17407745021842,113.17407745021842,"20,35,177",N-3,3,1932,True,0.0,0,0.0,0.0,0.0,0.0,0.0,1,18,36.523380160331726,1,0
1290,1147,-113.18327122673894,113.18327122673894,"64,65,68,97",N-4,4,1547,True,0.0,0,0.0,0.0,0.0,0.0,0.0,1,19,86.85642206668854,1,0
1291,1148,-136.37455053712839,136.37455053712839,"64,75,97,98",N-4,4,425,True,0.0,0,0.0,0.0,0.0,0.0,0.0,1,50,197.10647475719452,1,0
1292,1149,-109.63134541941207,109.63134541941207,"11,12,13,19",N-4,4,1571,True,0.0,0,0.0,0.0,0.0,0.0,0.0,1,15,67.98092651367188,1,0
1293,1150,-109.66117574299905,109.66117574299905,"122,126,147,152",N-4,4,1222,True,0.0,0,0.0,0.0,0.0,0.0,0.0,1,15,200.879221200943,1,0
1294,1151,-0.1,0.1,"24,25",common_bus_N-2,2,1412,True,0.0,0,0.0,0.0,0.0,0.0,0.0,1,3,0.0,1,0
1295,1152,-110.55194714927221,110.55194714927221,"65,66,70,97",N-4,4,1424,True,0.0,0,0.0,0.0,0.0,0.0,0.0,1,16,116.84408783912659,1,0
1296,1153,-103.05544664514919,103.05544664514919,"153,154,158,166",N-4,4,1074,True,0.0,0,0.0,0.0,0.0,0.0,0.0,1,8,0.0,1,0
1297,1154,-100.1,100.1,"174,175,176",N-3,3,1130,True,0.0,0,0.0,0.0,0.0,0.0,0.0,1,4,0.0,1,0
1299,1155,-136.6681466421408,136.6681466421408,"64,70,97",N-3,3,1678,True,0.0,0,0.0,0.0,0.0,0.0,0.0,2,45,110.50465923547745,2,0
1300,1156,-107.78836536133643,107.78836536133643,"64,67,69,98",N-4,4,866,True,0.0,0,0.0,0.0,0.0,0.0,0.0,1,13,0.0,1,0
1301,1157,-110.54511075134671,110.54511075134671,"64,67,68,105",N-4,4,1517,True,0.0,0,0.0,0.0,0.0,0.0,0.0,1,16,127.3070068359375,1,0
1302,1158,-119.85495660167766,119.85495660167766,"64,65,68,74",N-4,4,1513,True,0.0,0,0.0,0.0,0.0,0.0,0.0,1,27,29.9424489736557,1,0
1303,1159,-133.8013695528984,133.8013695528984,"70,97,98,105",N-4,4,452,True,0.0,0,0.0,0.0,0.0,0.0,0.0,1,46,318.18613517284393,1,0
1304,1160,-113.16417646011942,113.16417646011942,"77,78,79",N-3,3,1533,True,0.0,0,0.0,0.0,0.0,0.0,0.0,1,18,0.0,1,0
1306,1161,-115.54942944808987,115.54942944808987,"83,85,86,88",N-4,4,1348,True,0.0,0,0.0,0.0,0.0,0.0,0.0,2,21,42.043787240982056,2,0
1307,1162,-105.94227985520091,105.94227985520091,"119,122",common_bus_N-2,2,1349,True,0.0,0,0.0,0.0,0.0,0.0,0.0,1,9,70.83348035812378,1,0
1308,1163,-113.17101285804492,113.17101285804492,"83,84,86,88",N-4,4,302,True,0.0,0,0.0,0.0,0.0,0.0,0.0,1,19,29.261319875717163,1,0
1309,1164,-134.45019039146223,134.45019039146223,"20,35,177",N-3,3,1813,True,0.0,0,0.0,0.0,0.0,0.0,0.0,1,46,265.75378358364105,1,0
1310,1165,-0.1,0.1,"73,77",common_bus_N-2,2,1439,True,0.0,0,0.0,0.0,0.0,0.0,0.0,1,3,0.0,1,0
1311,1166,-138.28466313888723,138.28466313888723,"64,69,97,98",N-4,4,314,True,0.0,0,0.0,0.0,0.0,0.0,0.0,1,53,273.1371124982834,1,0
1313,1167,-123.74244875257791,123.74244875257791,"68,74,97,98",N-4,4,2008,True,0.0,0,0.0,0.0,0.0,0.0,0.0,2,30,22.039215803146362,2,0
1314,1168,-100.10471475719001,100.10471475719001,"147,156",common_bus_N-2,2,1478,True,0.0,0,0.0,0.0,0.0,0.0,0.0,1,3,18.996551036834717,1,0
1316,1169,-119.81065286858484,119.81065286858484,"107,109",common_bus_N-2,2,1449,True,0.0,0,0.0,0.0,0.0,0.0,0.0,2,24,76.05990695953369,2,0
1317,1170,-137.04211485463378,137.04211485463378,"46,49,50",N-3,3,630,True,0.0,0,0.0,0.0,0.0,0.0,0.0,1,50,343.66096901893616,1,0
1318,1171,-130.42181242943997,130.42181242943997,"122,124,126,151",N-4,4,1477,True,0.0,0,0.0,0.0,0.0,0.0,0.0,1,41,363.69935846328735,1,0
1320,1172,-116.34268520890295,116.34268520890295,"79,84,85",N-3,3,574,True,0.0,0,0.0,0.0,0.0,0.0,0.0,2,20,54.16666316986084,1,0
1321,1173,-109.63275984656907,109.63275984656907,"69,70",common_bus_N-2,2,485,True,0.0,0,0.0,0.0,0.0,0.0,0.0,1,13,66.51996374130249,1,0
1322,1174,-114.9172553086349,114.9172553086349,"135,137,140,141",N-4,4,1480,True,0.0,0,0.0,0.0,0.0,0.0,0.0,1,21,122.86686885356903,1,0
1323,1175,-116.58287984897181,116.58287984897181,"114,116",common_bus_N-2,2,1523,True,0.0,0,0.0,0.0,0.0,0.0,0.0,1,21,45.4452223777771,1,0
1324,1176,-112.29517166513388,112.29517166513388,"66,67,69,74",N-4,4,1907,True,0.0,0,0.0,0.0,0.0,0.0,0.0,1,18,19.036802053451538,1,0
1327,1177,-112.91530227608457,112.91530227608457,"73,74",common_bus_N-2,2,1174,True,0.0,0,0.0,0.0,0.0,0.0,0.0,3,16,71.01969194412231,3,0
1329,1178,-109.96195569250345,109.96195569250345,"108,113,114",N-3,3,1624,True,0.0,0,0.0,0.0,0.0,0.0,0.0,2,14,78.73249626159668,2,0
1330,1179,-104.9848368992921,104.9848368992921,"47,49",common_bus_N-2,2,1053,True,0.0,0,0.0,0.0,0.0,0.0,0.0,1,8,30.915316700935364,1,0
1331,1180,-105.94947780612016,105.94947780612016,"118,120",common_bus_N-2,2,319,True,0.0,0,0.0,0.0,0.0,0.0,0.0,1,9,116.2709093093872,1,0
1332,1181,-115.74389080617964,115.74389080617964,"153,154,159,162",N-4,4,1278,True,0.0,0,0.0,0.0,0.0,0.0,0.0,1,22,47.68371534347534,1,0
1333,1182,-119.89512148955566,119.89512148955566,"135,137,140,141",N-4,4,900,True,0.0,0,0.0,0.0,0.0,0.0,0.0,1,27,200.53447842597961,1,0
1334,1183,-116.58641591686431,116.58641591686431,"65,69,75,105",N-4,4,1534,True,0.0,0,0.0,0.0,0.0,0.0,0.0,1,23,60.814401626586914,1,0
1335,1184,-0.1,0.1,"73,76,77",N-3,3,1711,True,0.0,0,0.0,0.0,0.0,0.0,0.0,1,4,0.0,1,0
1336,1185,-114.03839613401473,114.03839613401473,"142,144,160",N-3,3,623,True,0.0,0,0.0,0.0,0.0,0.0,0.0,1,19,44.54572534561157,1,0
1337,1186,-115.73351834036163,115.73351834036163,"98,102",common_bus_N-2,2,1266,True,0.0,0,0.0,0.0,0.0,0.0,0.0,1,20,0.0,1,0
1338,1187,-122.23312301299153,122.23312301299153,"65,68,69,105",N-4,4,1262,True,0.0,0,0.0,0.0,0.0,0.0,0.0,1,30,62.950279235839844,1,0
1339,1188,-105.93061877736014,105.93061877736014,"32,180",common_bus_N-2,2,1997,True,0.0,0,0.0,0.0,0.0,0.0,0.0,1,9,25.620447993278503,1,0
1340,1189,-123.02855193355191,123.02855193355191,"117,118,119,120",N-4,4,713,True,0.0,0,0.0,0.0,0.0,0.0,0.0,1,31,173.5507720708847,1,0
1341,1190,-105.92590402017014,105.92590402017014,"165,173",common_bus_N-2,2,1385,True,0.0,0,0.0,0.0,0.0,0.0,0.0,1,9,7.794931530952454,1,0
1342,1191,-126.77043901996642,126.77043901996642,"65,75,97,98",N-4,4,1527,True,0.0,0,0.0,0.0,0.0,0.0,0.0,1,36,66.90655946731567,1,0
1343,1192,-100.1,100.1,"65,67,74,105",N-4,4,471,True,0.0,0,0.0,0.0,0.0,0.0,0.0,1,5,0.0,1,0
1344,1193,-107.80207234806898,107.80207234806898,"98,99",common_bus_N-2,2,1731,True,0.0,0,0.0,0.0,0.0,0.0,0.0,1,11,48.60888910293579,1,0
1345,1194,-118.24507650738333,118.24507650738333,"17,18,20,25",N-4,4,1214,True,0.0,0,0.0,0.0,0.0,0.0,0.0,1,25,82.55867028236389,1,0
1346,1195,-131.7597409351425,131.7597409351425,"46,47,51,52",N-4,4,430,True,0.0,0,0.0,0.0,0.0,0.0,0.0,1,43,242.2796130180359,1,0
1347,1196,-126.03373663055523,126.03373663055523,"141,144",common_bus_N-2,2,355,True,0.0,0,0.0,0.0,0.0,0.0,0.0,1,33,79.79709935188293,1,0
1348,1197,-114.05112597842773,114.05112597842773,"141,144,153",N-3,3,593,True,0.0,0,0.0,0.0,0.0,0.0,0.0,1,19,96.52142679691315,1,0
1349,1198,-117.43610589824287,117.43610589824287,"66,68,70,105",N-4,4,1245,True,0.0,0,0.0,0.0,0.0,0.0,0.0,1,24,144.30493140220642,1,0
1350,1199,-114.05395483274174,114.05395483274174,"20,22",common_bus_N-2,2,1963,True,0.0,0,0.0,0.0,0.0,0.0,0.0,1,18,88.32658767700195,1,0
1351,1200,-114.89528635561838,114.89528635561838,"73,77",common_bus_N-2,2,1859,True,0.0,0,0.0,0.0,0.0,0.0,0.0,1,19,46.041197538375854,1,0
1352,1201,-100.1,100.1,"6,7",common_bus_N-2,2,473,True,0.0,0,0.0,0.0,0.0,0.0,0.0,1,3,0.0,1,0
1353,1202,-100.1,100.1,"64,65,98",N-3,3,928,True,0.0,0,0.0,0.0,0.0,0.0,0.0,1,4,0.0,1,0
1354,1203,-111.42681535704428,111.42681535704428,"104,106,107,115",N-4,4,1982,True,0.0,0,0.0,0.0,0.0,0.0,0.0,1,17,66.04529857635498,1,0
1355,1204,-111.40795632828426,111.40795632828426,"157,158,163,166",N-4,4,1579,True,0.0,0,0.0,0.0,0.0,0.0,0.0,1,17,0.0,1,0
1356,1205,-125.28872200832382,125.28872200832382,"84,86,87,92",N-4,4,1273,True,0.0,0,0.0,0.0,0.0,0.0,0.0,1,34,69.57580125331879,1,0
1357,1206,-112.30993200813988,112.30993200813988,"107,118",common_bus_N-2,2,1034,True,0.0,0,0.0,0.0,0.0,0.0,0.0,1,16,84.16840887069702,1,0
1358,1207,-106.86839735876868,106.86839735876868,"81,84,85",N-3,3,1333,True,0.0,0,0.0,0.0,0.0,0.0,0.0,1,11,31.753531873226166,1,0
1359,1208,-115.75459537967886,115.75459537967886,"103,125",common_bus_N-2,2,737,True,0.0,0,0.0,0.0,0.0,0.0,0.0,1,20,104.78584003448486,1,0
1360,1209,-116.57981525679831,116.57981525679831,"86,92",common_bus_N-2,2,1822,True,0.0,0,0.0,0.0,0.0,0.0,0.0,1,21,32.008352160453796,1,0
1361,1210,-100.1,100.1,"120,121",common_bus_N-2,2,341,True,0.0,0,0.0,0.0,0.0,0.0,0.0,1,3,82.17732214927673,1,0
1362,1211,-114.88562110337887,114.88562110337887,"68,97,98",N-3,3,510,True,0.0,0,0.0,0.0,0.0,0.0,0.0,1,20,0.0,1,0
1363,1212,-109.64030345807308,109.64030345807308,"64,67,70,75",N-4,4,532,True,0.0,0,0.0,0.0,0.0,0.0,0.0,1,15,93.03389167785645,1,0
1364,1213,-108.70688147287719,108.70688147287719,"98,102",common_bus_N-2,2,1298,True,0.0,0,0.0,0.0,0.0,0.0,0.0,1,12,0.0,1,0
1365,1214,-113.17667056667293,113.17667056667293,"165,167,168,169",N-4,4,1258,True,0.0,0,0.0,0.0,0.0,0.0,0.0,1,19,58.741010427474976,1,0
1366,1215,-114.89245750130438,114.89245750130438,"83,86,92",N-3,3,614,True,0.0,0,0.0,0.0,0.0,0.0,0.0,1,20,30.564140677452087,1,0
1367,1216,-102.09286251373749,102.09286251373749,"128,148",common_bus_N-2,2,1934,True,0.0,0,0.0,0.0,0.0,0.0,0.0,1,5,48.21809935569763,1,0
1368,1217,-100.1,100.1,"6,8",common_bus_N-2,2,1228,True,0.0,0,0.0,0.0,0.0,0.0,0.0,1,3,0.0,1,0
1369,1218,-116.59631690696332,116.59631690696332,"64,70,75,105",N-4,4,1869,True,0.0,0,0.0,0.0,0.0,0.0,0.0,1,23,104.87645387649536,1,0
1370,1219,-117.40408660566376,117.40408660566376,"153,166",common_bus_N-2,2,616,True,0.0,0,0.0,0.0,0.0,0.0,0.0,1,22,0.0,1,0
1371,1220,-131.04471875144606,131.04471875144606,"145,146,154",N-3,3,378,True,0.0,0,0.0,0.0,0.0,0.0,0.0,1,41,95.84904706478119,1,0
1374,1221,-121.76274390056948,121.76274390056948,"64,74,97",N-3,3,259,True,0.0,0,0.0,0.0,0.0,0.0,0.0,3,27,53.575008034706116,3,0
1375,1222,-136.36352980705132,136.36352980705132,"83,85",common_bus_N-2,2,674,True,0.0,0,0.0,0.0,0.0,0.0,0.0,1,48,144.56664896011353,1,0
1377,1223,-108.07650272991687,108.07650272991687,"64,66,74,97",N-4,4,1638,True,0.0,0,0.0,0.0,0.0,0.0,0.0,2,13,0.0,2,0
1378,1224,-100.1,100.1,"153,157,159,163",N-4,4,1201,True,0.0,0,0.0,0.0,0.0,0.0,0.0,1,5,0.0,1,0
1379,1225,-100.1,100.1,"103,182",common_bus_N-2,2,802,True,0.0,0,0.0,0.0,0.0,0.0,0.0,1,3,58.594801902770996,1,0
1380,1226,-100.1,100.1,"113,116",common_bus_N-2,2,815,True,0.0,0,0.0,0.0,0.0,0.0,0.0,1,3,0.0,1,0
1382,1227,-118.95214742792457,118.95214742792457,"64,98",common_bus_N-2,2,300,True,0.0,0,0.0,0.0,0.0,0.0,0.0,2,23,45.92448228597641,2,0
1384,1228,-116.42901241305194,116.42901241305194,"68,75,97",N-3,3,791,True,0.0,0,0.0,0.0,0.0,0.0,0.0,2,21,0.0,2,0
1385,1229,-107.79119421565042,107.79119421565042,"74,75,76,83",N-4,4,793,True,0.0,0,0.0,0.0,0.0,0.0,0.0,1,13,10.73358678817749,1,0
1386,1230,-119.07481444117083,119.07481444117083,"138,140",common_bus_N-2,2,1856,True,0.0,0,0.0,0.0,0.0,0.0,0.0,1,24,160.13603460788727,1,0
1387,1231,-138.92024056357724,138.92024056357724,"64,66,70,105",N-4,4,404,True,0.0,0,0.0,0.0,0.0,0.0,0.0,1,54,448.5726312994957,1,0
1388,1232,-105.95230666043416,105.95230666043416,"154,157,162,163",N-4,4,1398,True,0.0,0,0.0,0.0,0.0,0.0,0.0,1,11,90.13333690166473,1,0
1389,1233,-100.1,100.1,"97,105",common_bus_N-2,2,1466,True,0.0,0,0.0,0.0,0.0,0.0,0.0,1,3,0.0,1,0
1390,1234,-100.1,100.1,"68,69,98,105",N-4,4,1372,True,0.0,0,0.0,0.0,0.0,0.0,0.0,1,5,0.0,1,0
1391,1235,-115.73894031113014,115.73894031113014,"11,14",common_bus_N-2,2,717,True,0.0,0,0.0,0.0,0.0,0.0,0.0,1,20,26.831788778305054,1,0
1392,1236,-101.1117540131077,101.1117540131077,"108,114",common_bus_N-2,2,1455,True,0.0,0,0.0,0.0,0.0,0.0,0.0,1,4,61.40928757190704,1,0
1393,1237,-104.02977838556919,104.02977838556919,"122,152",common_bus_N-2,2,251,True,0.0,0,0.0,0.0,0.0,0.0,0.0,1,7,31.6734601855278,1,0
1394,1238,-108.71937557943069,108.71937557943069,"57,66",common_bus_N-2,2,1213,True,0.0,0,0.0,0.0,0.0,0.0,0.0,1,12,54.56409430503845,1,0
1395,1239,-106.86839735876868,106.86839735876868,"114,116,119,184",N-4,4,1309,True,0.0,0,0.0,0.0,0.0,0.0,0.0,1,12,32.72119617462158,1,0
1396,1240,-100.1,100.1,"12,16,183",N-3,3,506,True,0.0,0,0.0,0.0,0.0,0.0,0.0,1,4,18.022348880767822,1,0
1397,1241,-116.58523722756681,116.58523722756681,"83,86,88,92",N-4,4,1888,True,0.0,0,0.0,0.0,0.0,0.0,0.0,1,23,53.2415246963501,1,0
1398,1242,-104.0415652785442,104.0415652785442,"67,75,97",N-3,3,1125,True,0.0,0,0.0,0.0,0.0,0.0,0.0,1,8,69.33473664522171,1,0
1399,1243,-133.77852709432366,133.77852709432366,"65,66,67,69",N-4,4,338,True,0.0,0,0.0,0.0,0.0,0.0,0.0,1,46,209.21095776557922,1,0
1400,1244,-112.29517166513388,112.29517166513388,"65,67,75,105",N-4,4,1206,True,0.0,0,0.0,0.0,0.0,0.0,0.0,1,18,20.50290584564209,1,0
1401,1245,-105.00298871447363,105.00298871447363,"118,120",common_bus_N-2,2,839,True,0.0,0,0.0,0.0,0.0,0.0,0.0,1,8,91.53087913990021,1,0
1402,1246,-117.41658071221728,117.41658071221728,"40,42,178",N-3,3,333,True,0.0,0,0.0,0.0,0.0,0.0,0.0,1,23,59.541165232658386,1,0
1403,1247,-111.41078518259826,111.41078518259826,"83,85,86,87",N-4,4,184,True,0.0,0,0.0,0.0,0.0,0.0,0.0,1,17,12.018218994140625,1,0
1404,1248,-117.42320801884672,117.42320801884672,"64,66,75,98",N-4,4,1555,True,0.0,0,0.0,0.0,0.0,0.0,0.0,1,24,87.14353740215302,1,0
1405,1249,-108.71466082224069,108.71466082224069,"114,119,184",N-3,3,1254,True,0.0,0,0.0,0.0,0.0,0.0,0.0,1,13,36.88705766201019,1,0
1406,1250,-104.98577985073011,104.98577985073011,"154,157,158,166",N-4,4,813,True,0.0,0,0.0,0.0,0.0,0.0,0.0,1,10,32.922291696071625,1,0
1407,1251,-114.03391711468423,114.03391711468423,"140,143",common_bus_N-2,2,1598,True,0.0,0,0.0,0.0,0.0,0.0,0.0,1,18,20.018365383148193,1,0
1408,1252,-108.7189041037117,108.7189041037117,"162,164",common_bus_N-2,2,223,True,0.0,0,0.0,0.0,0.0,0.0,0.0,1,12,44.52967071533203,1,0
1409,1253,-100.1,100.1,"87,90",common_bus_N-2,2,631,True,0.0,0,0.0,0.0,0.0,0.0,0.0,1,3,0.0,1,0
1410,1254,-109.62945951653606,109.62945951653606,"17,18,20,25",N-4,4,272,True,0.0,0,0.0,0.0,0.0,0.0,0.0,1,15,50.210251331329346,1,0
1411,1255,-130.35429101383042,130.35429101383042,"64,65,68,75",N-4,4,73,True,0.0,0,0.0,0.0,0.0,0.0,0.0,1,41,109.81592631340027,1,0
1413,1256,-109.03250419507779,109.03250419507779,"147,149",common_bus_N-2,2,1052,True,0.0,0,0.0,0.0,0.0,0.0,0.0,2,12,0.0,2,0
1414,1257,-107.79991651645193,107.79991651645193,"147,151,152",N-3,3,1061,True,0.0,0,0.0,0.0,0.0,0.0,0.0,1,12,46.10621589422226,1,0
1415,1258,-104.0469872493127,104.0469872493127,"153,154,157,159",N-4,4,1369,True,0.0,0,0.0,0.0,0.0,0.0,0.0,1,9,90.87371349334717,1,0
1416,1259,-105.93462632097165,105.93462632097165,"115,116,119,184",N-4,4,2001,True,0.0,0,0.0,0.0,0.0,0.0,0.0,1,11,38.93718755245209,1,0
1418,1260,-104.15544664514918,104.15544664514918,"47,51",common_bus_N-2,2,1083,True,0.0,0,0.0,0.0,0.0,0.0,0.0,2,7,0.0,2,0
1419,1261,-128.98488555329288,128.98488555329288,"21,22,177",N-3,3,1227,True,0.0,0,0.0,0.0,0.0,0.0,0.0,1,38,288.2113194465637,1,0
1420,1262,-122.22463645004952,122.22463645004952,"74,105",common_bus_N-2,2,100,True,0.0,0,0.0,0.0,0.0,0.0,0.0,1,28,23.907499313354492,1,0
1421,1263,-107.79072273993143,107.79072273993143,"153,158,162",N-3,3,1131,True,0.0,0,0.0,0.0,0.0,0.0,0.0,1,12,8.215940594673157,1,0
1422,1264,-113.17384171235892,113.17384171235892,"17,20,43",N-3,3,764,True,0.0,0,0.0,0.0,0.0,0.0,0.0,1,18,41.683616161346436,1,0
1423,1265,-102.08013266932447,102.08013266932447,"22,38",common_bus_N-2,2,1374,True,0.0,0,0.0,0.0,0.0,0.0,0.0,1,5,0.0,1,0
1424,1266,-122.23453744014853,122.23453744014853,"95,96,101",N-3,3,1422,True,0.0,0,0.0,0.0,0.0,0.0,0.0,1,29,48.845056891441345,1,0
1425,1267,-114.02920235749421,114.02920235749421,"154,163",common_bus_N-2,2,737,True,0.0,0,0.0,0.0,0.0,0.0,0.0,1,18,0.0,1,0
1426,1268,-114.89292897702337,114.89292897702337,"140,153",common_bus_N-2,2,203,True,0.0,0,0.0,0.0,0.0,0.0,0.0,1,19,28.525649070739746,1,0
1427,1269,-100.1,100.1,"12,14,183",N-3,3,563,True,0.0,0,0.0,0.0,0.0,0.0,0.0,1,4,18.64099144935608,1,0
1429,1270,-117.97895509283535,117.97895509283535,"108,110",common_bus_N-2,2,557,True,0.0,0,0.0,0.0,0.0,0.0,0.0,2,22,51.91083765029907,2,0
1430,1271,-118.25564985412359,118.25564985412359,"106,118",common_bus_N-2,2,21,True,0.0,0,0.0,0.0,0.0,0.0,0.0,1,23,116.89737915992737,1,0
1431,1272,-100.1,100.1,"1,3,13",N-3,3,1243,True,0.0,0,0.0,0.0,0.0,0.0,0.0,1,4,42.35815966129303,1,0
1432,1273,-119.05454098525381,119.05454098525381,"66,74,75",N-3,3,180,True,0.0,0,0.0,0.0,0.0,0.0,0.0,1,25,56.528204679489136,1,0
1433,1274,-108.73587722959572,108.73587722959572,"158,162,163",N-3,3,1648,True,0.0,0,0.0,0.0,0.0,0.0,0.0,1,13,99.80623179674149,1,0
1434,1275,-100.10471475719001,100.10471475719001,"65,68,75,97",N-4,4,1220,True,0.0,0,0.0,0.0,0.0,0.0,0.0,1,5,21.964824199676514,1,0
1435,1276,-100.1,100.1,"35,36,37,53",N-4,4,56,True,0.0,0,0.0,0.0,0.0,0.0,0.0,1,5,0.0,1,0
1436,1277,-0.1,0.1,"11,12,13,16",N-4,4,1710,True,0.0,0,0.0,0.0,0.0,0.0,0.0,1,5,0.0,1,0
1437,1278,-135.11071214953853,135.11071214953853,"66,67,69,98",N-4,4,431,True,0.0,0,0.0,0.0,0.0,0.0,0.0,1,48,312.26480907201767,1,0
1438,1279,-100.12593116454502,100.12593116454502,"117,118,120",N-3,3,256,True,0.0,0,0.0,0.0,0.0,0.0,0.0,1,4,93.64715695381165,1,0
1439,1280,-112.29045690794386,112.29045690794386,"107,108",common_bus_N-2,2,1281,True,0.0,0,0.0,0.0,0.0,0.0,0.0,1,16,0.0,1,0
1440,1281,-100.1,100.1,"100,102",common_bus_N-2,2,787,True,0.0,0,0.0,0.0,0.0,0.0,0.0,1,3,26.271223783493042,1,0
1441,1282,-108.7233831230422,108.7233831230422,"69,70,75,105",N-4,4,230,True,0.0,0,0.0,0.0,0.0,0.0,0.0,1,14,60.47231614589691,1,0
1442,1283,-102.08013266932447,102.08013266932447,"13,16",common_bus_N-2,2,246,True,0.0,0,0.0,0.0,0.0,0.0,0.0,1,5,0.0,1,0
1443,1284,-132.42516344547073,132.42516344547073,"64,65,105",N-3,3,654,True,0.0,0,0.0,0.0,0.0,0.0,0.0,1,43,164.03759670257568,1,0
1444,1285,-120.67654915513802,120.67654915513802,"122,150",common_bus_N-2,2,107,True,0.0,0,0.0,0.0,0.0,0.0,0.0,1,26,147.88689613342285,1,0
1445,1286,-114.94853309650848,114.94853309650848,"124,126,150,151",N-4,4,598,True,0.0,0,0.0,0.0,0.0,0.0,0.0,1,21,283.7811484336853,1,0
1446,1287,-117.4333181002418,117.4333181002418,"65,67,70,97",N-4,4,1799,True,0.0,0,0.0,0.0,0.0,0.0,0.0,1,24,130.98541831970215,1,0
1447,1288,-100.1,100.1,"13,16,19,183",N-4,4,1881,True,0.0,0,0.0,0.0,0.0,0.0,0.0,1,5,20.748820304870605,1,0
1448,1289,-123.01346471054389,123.01346471054389,"140,142,144,153",N-4,4,557,True,0.0,0,0.0,0.0,0.0,0.0,0.0,1,31,73.2313602566719,1,0
1449,1290,-102.08409894157934,102.08409894157934,"135,137,138",N-3,3,1404,True,0.0,0,0.0,0.0,0.0,0.0,0.0,1,6,12.440049588680267,1,0
1450,1291,-135.10376902486868,135.10376902486868,"69,97,105",N-3,3,402,True,0.0,0,0.0,0.0,0.0,0.0,0.0,1,47,292.7741150856018,1,0
1451,1292,-108.7233831230422,108.7233831230422,"64,70,98",N-3,3,1322,True,0.0,0,0.0,0.0,0.0,0.0,0.0,1,13,66.33151233196259,1,0
1452,1293,-110.56521344213446,110.56521344213446,"122,123,126,150",N-4,4,1882,True,0.0,0,0.0,0.0,0.0,0.0,0.0,1,16,218.07867670059204,1,0
1453,1294,-119.05619115027031,119.05619115027031,"64,67,97,98",N-4,4,1050,True,0.0,0,0.0,0.0,0.0,0.0,0.0,1,26,58.7162891626358,1,0
1454,1295,-100.1,100.1,"158,159",common_bus_N-2,2,585,True,0.0,0,0.0,0.0,0.0,0.0,0.0,1,3,0.0,1,0
1455,1296,-109.61692238679657,109.61692238679657,"154,157,166",N-3,3,1223,True,0.0,0,0.0,0.0,0.0,0.0,0.0,1,14,3.0689839124679565,1,0
1456,1297,-114.03721744471723,114.03721744471723,"46,47,50,51",N-4,4,213,True,0.0,0,0.0,0.0,0.0,0.0,0.0,1,20,30.666040658950806,1,0
1457,1298,-113.16417646011942,113.16417646011942,"87,90",common_bus_N-2,2,449,True,0.0,0,0.0,0.0,0.0,0.0,0.0,1,17,0.0,1,0
1458,1299,-100.12172429925907,100.12172429925907,"64,66,70,97",N-4,4,1500,True,0.0,0,0.0,0.0,0.0,0.0,0.0,1,5,92.0824499130249,1,0
1459,1300,-114.02920235749421,114.02920235749421,"158,163",common_bus_N-2,2,98,True,0.0,0,0.0,0.0,0.0,0.0,0.0,1,18,0.0,1,0
1460,1301,-104.02105608476768,104.02105608476768,"66,67,69,98",N-4,4,1719,True,0.0,0,0.0,0.0,0.0,0.0,0.0,1,9,0.0,1,0
1461,1302,-109.62733787580056,109.62733787580056,"68,69,74,75",N-4,4,799,True,0.0,0,0.0,0.0,0.0,0.0,0.0,1,15,41.451323211193085,1,0
1462,1303,-138.90861276283692,138.90861276283692,"65,69,75,105",N-4,4,669,True,0.0,0,0.0,0.0,0.0,0.0,0.0,1,54,382.7350781559944,1,0
1464,1304,-117.83843595554383,117.83843595554383,"141,142,143",N-3,3,1962,True,0.0,0,0.0,0.0,0.0,0.0,0.0,2,23,35.20615875720978,2,0
1465,1305,-125.2953311252175,125.2953311252175,"123,151",common_bus_N-2,2,123,True,0.0,0,0.0,0.0,0.0,0.0,0.0,1,32,110.22924423217773,1,0
1466,1306,-116.62271954722735,116.62271954722735,"67,68,70,105",N-4,4,1526,True,0.0,0,0.0,0.0,0.0,0.0,0.0,1,23,226.14144778251648,1,0
1467,1307,-102.09003365942348,102.09003365942348,"146,154",common_bus_N-2,2,1107,True,0.0,0,0.0,0.0,0.0,0.0,0.0,1,5,34.921249866485596,1,0
1468,1308,-127.51644942794444,127.51644942794444,"56,57",common_bus_N-2,2,951,True,0.0,0,0.0,0.0,0.0,0.0,0.0,1,35,161.77278470993042,1,0
1469,1309,-120.71135174833023,120.71135174833023,"135,136,137,140",N-4,4,28,True,0.0,0,0.0,0.0,0.0,0.0,0.0,1,28,272.74874848127365,1,0
1470,1310,-134.43175409380274,134.43175409380274,"159,166",common_bus_N-2,2,650,True,0.0,0,0.0,0.0,0.0,0.0,0.0,1,45,189.9162459373474,1,0
1472,1311,-102.19784547939719,102.19784547939719,"141,143,160",N-3,3,1971,True,0.0,0,0.0,0.0,0.0,0.0,0.0,2,6,9.68506407737732,2,0
1473,1312,-103.05544664514919,103.05544664514919,"157,158,159",N-3,3,792,True,0.0,0,0.0,0.0,0.0,0.0,0.0,1,7,0.0,1,0
1474,1313,-113.18468565389594,113.18468565389594,"68,70",common_bus_N-2,2,168,True,0.0,0,0.0,0.0,0.0,0.0,0.0,1,17,91.26953601837158,1,0
1475,1314,-100.1,100.1,"64,74,75,98",N-4,4,467,True,0.0,0,0.0,0.0,0.0,0.0,0.0,1,5,0.0,1,0
1476,1315,-104.0290711719907,104.0290711719907,"10,15",common_bus_N-2,2,1325,True,0.0,0,0.0,0.0,0.0,0.0,0.0,1,7,33.2019739151001,1,0
1477,1316,-114.88841828164121,114.88841828164121,"65,69",common_bus_N-2,2,758,True,0.0,0,0.0,0.0,0.0,0.0,0.0,1,19,12.210893869400024,1,0
1478,1317,-108.71654672511669,108.71654672511669,"32,42,180",N-3,3,838,True,0.0,0,0.0,0.0,0.0,0.0,0.0,1,13,34.59462243318558,1,0
1479,1318,-114.90212275354388,114.90212275354388,"68,70,98,105",N-4,4,1201,True,0.0,0,0.0,0.0,0.0,0.0,0.0,1,21,71.02845311164856,1,0
1480,1319,-108.71489656010019,108.71489656010019,"64,68,74",N-3,3,1188,True,0.0,0,0.0,0.0,0.0,0.0,0.0,1,13,33.80830788612366,1,0
1481,1320,-126.09429967280292,126.09429967280292,"64,69,70,97",N-4,4,985,True,0.0,0,0.0,0.0,0.0,0.0,0.0,1,35,377.5017075538635,1,0
1482,1321,-106.87075473736368,106.87075473736368,"158,159,163,166",N-4,4,17,True,0.0,0,0.0,0.0,0.0,0.0,0.0,1,12,38.93543100357056,1,0
1483,1322,-100.1,100.1,"175,176",common_bus_N-2,2,1227,True,0.0,0,0.0,0.0,0.0,0.0,0.0,1,3,0.0,1,0
1485,1323,-105.12977838556918,105.12977838556918,"66,97",common_bus_N-2,2,1353,True,0.0,0,0.0,0.0,0.0,0.0,0.0,2,8,30.93724751472473,2,0
1486,1324,-118.24672667239984,118.24672667239984,"64,65,66,67",N-4,4,599,True,0.0,0,0.0,0.0,0.0,0.0,0.0,1,25,84.95142030715942,1,0
1488,1325,-107.11792614211667,107.11792614211667,"119,122,127",N-3,3,839,True,0.0,0,0.0,0.0,0.0,0.0,0.0,2,11,59.079021990299225,2,0
1490,1326,-104.15544664514918,104.15544664514918,"64,65,74",N-3,3,550,True,0.0,0,0.0,0.0,0.0,0.0,0.0,2,8,0.0,2,0
1491,1327,-112.30978741242289,112.30978741242289,"65,70,74",N-3,3,1170,True,0.0,0,0.0,0.0,0.0,0.0,0.0,1,17,76.25708270072937,1,0
1492,1328,-114.89481487989937,114.89481487989937,"66,69,75,97",N-4,4,1302,True,0.0,0,0.0,0.0,0.0,0.0,0.0,1,21,40.16598200798035,1,0
1493,1329,-100.1,100.1,"113,116",common_bus_N-2,2,1614,True,0.0,0,0.0,0.0,0.0,0.0,0.0,1,3,0.0,1,0
1494,1330,-144.7521333572297,144.7521333572297,"65,67,70",N-3,3,677,True,0.0,0,0.0,0.0,0.0,0.0,0.0,1,63,445.3988492488861,1,0
1495,1331,-100.1,100.1,"64,65,98,105",N-4,4,1279,True,0.0,0,0.0,0.0,0.0,0.0,0.0,1,5,0.0,1,0
1496,1332,-132.4401491607259,132.4401491607259,"64,69,98,105",N-4,4,953,True,0.0,0,0.0,0.0,0.0,0.0,0.0,1,44,235.62059372663498,1,0
1497,1333,-127.50617931294832,127.50617931294832,"64,66,97",N-3,3,713,True,0.0,0,0.0,0.0,0.0,0.0,0.0,1,36,108.5410463809967,1,0
1498,1334,-100.1,100.1,"2,9",common_bus_N-2,2,1551,True,0.0,0,0.0,0.0,0.0,0.0,0.0,1,3,0.0,1,0
1499,1335,-108.71489656010019,108.71489656010019,"12,19",common_bus_N-2,2,762,True,0.0,0,0.0,0.0,0.0,0.0,0.0,1,12,35.12069058418274,1,0
1500,1336,-105.94193419461615,105.94193419461615,"89,90",common_bus_N-2,2,771,True,0.0,0,0.0,0.0,0.0,0.0,0.0,1,9,73.49983406066895,1,0
1501,1337,-100.1,100.1,"33,42,180",N-3,3,504,True,0.0,0,0.0,0.0,0.0,0.0,0.0,1,4,0.0,1,0
1502,1338,-104.03119281272619,104.03119281272619,"167,168,169",N-3,3,1339,True,0.0,0,0.0,0.0,0.0,0.0,0.0,1,8,38.419729828834534,1,0
1504,1339,-123.76658016859409,123.76658016859409,"64,74,75,97",N-4,4,1924,True,0.0,0,0.0,0.0,0.0,0.0,0.0,2,31,153.50310754776,2,0
1506,1340,-109.97899328672432,109.97899328672432,"64,65,74,97",N-4,4,1362,True,0.0,0,0.0,0.0,0.0,0.0,0.0,2,15,0.0,2,0
1507,1341,-100.1,100.1,"157,158,162,163",N-4,4,1011,True,0.0,0,0.0,0.0,0.0,0.0,0.0,1,5,0.0,1,0
1508,1342,-100.1,100.1,"170,172",common_bus_N-2,2,331,True,0.0,0,0.0,0.0,0.0,0.0,0.0,1,3,2.2627344131469727,1,0
1509,1343,-116.58523722756681,116.58523722756681,"65,68,69,97",N-4,4,904,True,0.0,0,0.0,0.0,0.0,0.0,0.0,1,23,55.5719575881958,1,0
1510,1344,-108.72409033662069,108.72409033662069,"122,150,151",N-3,3,879,True,0.0,0,0.0,0.0,0.0,0.0,0.0,1,13,73.153360247612,1,0
1511,1345,-104.9770575499286,104.9770575499286,"154,157,163,166",N-4,4,1447,True,0.0,0,0.0,0.0,0.0,0.0,0.0,1,10,0.0,1,0
1513,1346,-124.34578506242042,124.34578506242042,"153,154,166",N-3,3,1326,True,0.0,0,0.0,0.0,0.0,0.0,0.0,2,30,73.59320348501205,2,0
1514,1347,-108.71489656010019,108.71489656010019,"29,30",common_bus_N-2,2,1335,True,0.0,0,0.0,0.0,0.0,0.0,0.0,1,12,30.601125955581665,1,0
1515,1348,-108.70688147287719,108.70688147287719,"66,67,105",N-3,3,1632,True,0.0,0,0.0,0.0,0.0,0.0,0.0,1,13,0.0,1,0
1516,1349,-100.10471475719001,100.10471475719001,"65,67",common_bus_N-2,2,1680,True,0.0,0,0.0,0.0,0.0,0.0,0.0,1,3,15.1035475730896,1,0
1517,1350,-124.55588172420394,124.55588172420394,"64,97,98",N-3,3,733,True,0.0,0,0.0,0.0,0.0,0.0,0.0,1,32,166.74893313646317,1,0
1518,1351,-0.1,0.1,"24,44",common_bus_N-2,2,1982,True,0.0,0,0.0,0.0,0.0,0.0,0.0,1,3,0.0,1,0
1521,1352,-118.5614061438788,118.5614061438788,"25,44",common_bus_N-2,2,223,True,0.0,0,0.0,0.0,0.0,0.0,0.0,3,22,138.4381034374237,3,0
1522,1353,-121.4695947014226,121.4695947014226,"83,85,88",N-3,3,1008,True,0.0,0,0.0,0.0,0.0,0.0,0.0,1,28,153.3925597667694,1,0
1523,1354,-100.1,100.1,"130,132,134",N-3,3,1444,True,0.0,0,0.0,0.0,0.0,0.0,0.0,1,4,0.0,1,0
1524,1355,-124.42610487375796,124.42610487375796,"10,11",common_bus_N-2,2,435,True,0.0,0,0.0,0.0,0.0,0.0,0.0,1,30,22.6953182220459,0,0
1525,1356,-116.59631690696332,116.59631690696332,"64,69,70,105",N-4,4,761,True,0.0,0,0.0,0.0,0.0,0.0,0.0,1,23,103.68791449069977,1,0
1526,1357,-104.99355920009361,104.99355920009361,"68,70,75,97",N-4,4,1128,True,0.0,0,0.0,0.0,0.0,0.0,0.0,1,10,56.481820940971375,1,0
1527,1358,-112.3277034897449,112.3277034897449,"118,119,122,123",N-4,4,1340,True,0.0,0,0.0,0.0,0.0,0.0,0.0,1,18,136.3807419538498,1,0
1528,1359,-124.58214752433744,124.58214752433744,"122,124,126,150",N-4,4,428,True,0.0,0,0.0,0.0,0.0,0.0,0.0,1,33,308.04576349258423,1,0
1529,1360,-100.1,100.1,"173,175",common_bus_N-2,2,447,True,0.0,0,0.0,0.0,0.0,0.0,0.0,1,3,0.0,1,0
1530,1361,-147.45314893194336,147.45314893194336,"50,51",common_bus_N-2,2,427,True,0.0,0,0.0,0.0,0.0,0.0,0.0,1,67,433.5797197818756,1,0
1532,1362,-111.86432120026214,111.86432120026214,"67,69,75",N-3,3,1129,True,0.0,0,0.0,0.0,0.0,0.0,0.0,2,16,69.69044315814972,2,0
1533,1363,-100.1,100.1,"13,14,16,183",N-4,4,550,True,0.0,0,0.0,0.0,0.0,0.0,0.0,1,5,17.362085580825806,1,0
1534,1364,-100.1,100.1,"6,8",common_bus_N-2,2,417,True,0.0,0,0.0,0.0,0.0,0.0,0.0,1,3,0.0,1,0
1535,1365,-110.52460155757018,110.52460155757018,"105,106,107",N-3,3,1755,True,0.0,0,0.0,0.0,0.0,0.0,0.0,1,15,30.381886839866638,1,0
1536,1366,-122.25476108015098,122.25476108015098,"65,68,70",N-3,3,1536,True,0.0,0,0.0,0.0,0.0,0.0,0.0,1,29,158.41065406799316,1,0
1537,1367,-122.24325974095004,122.24325974095004,"65,70,74,75",N-4,4,1580,True,0.0,0,0.0,0.0,0.0,0.0,0.0,1,30,101.62766468524933,1,0
1538,1368,-124.55062161114598,124.55062161114598,"66,69,70,74",N-4,4,200,True,0.0,0,0.0,0.0,0.0,0.0,0.0,1,33,116.71087110042572,1,0
1539,1369,-131.7424249049247,131.7424249049247,"126,147",common_bus_N-2,2,406,True,0.0,0,0.0,0.0,0.0,0.0,0.0,1,41,154.99572002887726,1,0
1540,1370,-112.31354787727224,112.31354787727224,"105,106,118",N-3,3,1670,True,0.0,0,0.0,0.0,0.0,0.0,0.0,1,17,74.41318237781525,1,0
1542,1371,-111.84381200648562,111.84381200648562,"74,105",common_bus_N-2,2,841,True,0.0,0,0.0,0.0,0.0,0.0,0.0,2,15,0.0,2,0
1543,1372,-126.80627776370075,126.80627776370075,"65,75",common_bus_N-2,2,111,True,0.0,0,0.0,0.0,0.0,0.0,0.0,1,34,264.94865596294403,1,0
1544,1373,-113.18177302753627,113.18177302753627,"107,109,114",N-3,3,1605,True,0.0,0,0.0,0.0,0.0,0.0,0.0,1,18,71.8970513343811,1,0
1545,1374,-104.9770575499286,104.9770575499286,"64,66,75,98",N-4,4,1135,True,0.0,0,0.0,0.0,0.0,0.0,0.0,1,10,0.0,1,0
1546,1375,-109.65666846890994,109.65666846890994,"136,137,138,141",N-4,4,1632,True,0.0,0,0.0,0.0,0.0,0.0,0.0,1,15,152.30923742055893,1,0
1547,1376,-111.44661733724229,111.44661733724229,"124,126,151",N-3,3,1322,True,0.0,0,0.0,0.0,0.0,0.0,0.0,1,16,155.4052574634552,1,0
1548,1377,-123.79411091520672,123.79411091520672,"141,144,153,160",N-4,4,1836,True,0.0,0,0.0,0.0,0.0,0.0,0.0,1,32,150.05594635009766,1,0
1549,1378,-112.29281428653887,112.29281428653887,"165,173",common_bus_N-2,2,1505,True,0.0,0,0.0,0.0,0.0,0.0,0.0,1,16,10.431164503097534,1,0
1551,1379,-140.54159266263738,140.54159266263738,"66,68,75,105",N-4,4,792,True,0.0,0,0.0,0.0,0.0,0.0,0.0,2,52,152.09440916776657,2,0
1552,1380,-100.1,100.1,"154,162,163,166",N-4,4,1182,True,0.0,0,0.0,0.0,0.0,0.0,0.0,1,5,0.0,1,0
1553,1381,-100.1,100.1,"130,132",common_bus_N-2,2,405,True,0.0,0,0.0,0.0,0.0,0.0,0.0,1,3,0.0,1,0
1554,1382,-114.06967612635749,114.06967612635749,"126,150,151,152",N-4,4,1015,True,0.0,0,0.0,0.0,0.0,0.0,0.0,1,20,180.37699103355408,1,0
1555,1383,-100.1,100.1,"11,12,16,183",N-4,4,365,True,0.0,0,0.0,0.0,0.0,0.0,0.0,1,5,24.793872833251953,1,0
1556,1384,-100.1,100.1,"36,53",common_bus_N-2,2,735,True,0.0,0,0.0,0.0,0.0,0.0,0.0,1,3,0.0,1,0
1557,1385,-131.72605462071897,131.72605462071897,"65,67,74,105",N-4,4,638,True,0.0,0,0.0,0.0,0.0,0.0,0.0,1,43,60.969276428222656,1,0
1558,1386,-119.04893129679655,119.04893129679655,"66,67,69",N-3,3,1874,True,0.0,0,0.0,0.0,0.0,0.0,0.0,1,25,34.00162410736084,1,0
1559,1387,-119.07174984899733,119.07174984899733,"135,136,137,141",N-4,4,1763,True,0.0,0,0.0,0.0,0.0,0.0,0.0,1,26,120.25083923339844,1,0
1561,1388,-108.07722793731058,108.07722793731058,"130,131",common_bus_N-2,2,826,True,0.0,0,0.0,0.0,0.0,0.0,0.0,2,11,72.56363213062286,2,0
1562,1389,-114.0295704168142,114.0295704168142,"78,79,85",N-3,3,1005,True,0.0,0,0.0,0.0,0.0,0.0,0.0,1,19,1.7958359718322754,1,0
1563,1390,-115.75756360203066,115.75756360203066,"65,67,70,74",N-4,4,875,True,0.0,0,0.0,0.0,0.0,0.0,0.0,1,22,94.18024456501007,1,0
1564,1391,-126.7880719400416,126.7880719400416,"21,35",common_bus_N-2,2,181,True,0.0,0,0.0,0.0,0.0,0.0,0.0,1,34,142.9663164615631,1,0
1566,1392,-110.96039716292933,110.96039716292933,"20,38,177",N-3,3,1692,True,0.0,0,0.0,0.0,0.0,0.0,0.0,2,15,50.19579607248306,2,0
1567,1393,-104.9848368992921,104.9848368992921,"117,118,119,123",N-4,4,1474,True,0.0,0,0.0,0.0,0.0,0.0,0.0,1,10,30.839569330215454,1,0
1568,1394,-114.89310786537843,114.89310786537843,"64,65,105",N-3,3,32,True,0.0,0,0.0,0.0,0.0,0.0,0.0,1,20,32.51021146774292,1,0
1569,1395,-133.79288410273855,133.79288410273855,"65,66,69,74",N-4,4,1266,True,0.0,0,0.0,0.0,0.0,0.0,0.0,1,46,280.7596026659012,1,0
1570,1396,-100.10471475719001,100.10471475719001,"35,37",common_bus_N-2,2,599,True,0.0,0,0.0,0.0,0.0,0.0,0.0,1,3,20.226528644561768,1,0
1571,1397,-115.74389080617964,115.74389080617964,"164,173",common_bus_N-2,2,919,True,0.0,0,0.0,0.0,0.0,0.0,0.0,1,20,48.324312686920166,1,0
1572,1398,-104.9850726371516,104.9850726371516,"64,68,98",N-3,3,496,True,0.0,0,0.0,0.0,0.0,0.0,0.0,1,9,33.78429114818573,1,0
1573,1399,-114.04598017304043,114.04598017304043,"65,66,67",N-3,3,1101,True,0.0,0,0.0,0.0,0.0,0.0,0.0,1,19,59.526206254959106,1,0
1574,1400,-116.5938975645314,116.5938975645314,"140,141,143,144",N-4,4,308,True,0.0,0,0.0,0.0,0.0,0.0,0.0,1,23,90.58817076683044,1,0
1575,1401,-100.10471475719001,100.10471475719001,"126,151,152",N-3,3,1650,True,0.0,0,0.0,0.0,0.0,0.0,0.0,1,4,16.516108512878418,1,0
1576,1402,-117.4234171101428,117.4234171101428,"108,109",common_bus_N-2,2,66,True,0.0,0,0.0,0.0,0.0,0.0,0.0,1,22,92.34825015068054,1,0
1578,1403,-111.85418447230363,111.85418447230363,"13,19",common_bus_N-2,2,1048,True,0.0,0,0.0,0.0,0.0,0.0,0.0,2,15,42.647040367126465,2,0
1579,1404,-121.4818799092512,121.4818799092512,"137,141",common_bus_N-2,2,1218,True,0.0,0,0.0,0.0,0.0,0.0,0.0,1,27,199.260693192482,1,0
1580,1405,-109.61625819640405,109.61625819640405,"104,105,107",N-3,3,1615,True,0.0,0,0.0,0.0,0.0,0.0,0.0,1,14,0.0,1,0
1581,1406,-100.1,100.1,"151,157",common_bus_N-2,2,1342,True,0.0,0,0.0,0.0,0.0,0.0,0.0,1,3,30.606253147125244,1,0
1582,1407,-117.42742465375429,117.42742465375429,"64,68,70",N-3,3,1267,True,0.0,0,0.0,0.0,0.0,0.0,0.0,1,23,110.05963933467865,1,0
1583,1408,-100.1,100.1,"6,7",common_bus_N-2,2,424,True,0.0,0,0.0,0.0,0.0,0.0,0.0,1,3,0.0,1,0
1584,1409,-115.73823309755163,115.73823309755163,"66,67,75,97",N-4,4,1580,True,0.0,0,0.0,0.0,0.0,0.0,0.0,1,22,20.53084135055542,1,0
1586,1410,-108.08182095539513,108.08182095539513,"144,154",common_bus_N-2,2,1937,True,0.0,0,0.0,0.0,0.0,0.0,0.0,2,11,88.45223224163055,2,0
1587,1411,-114.02920235749421,114.02920235749421,"168,171",common_bus_N-2,2,1861,True,0.0,0,0.0,0.0,0.0,0.0,0.0,1,18,0.0,1,0
1588,1412,-100.1,100.1,"100,102",common_bus_N-2,2,1623,True,0.0,0,0.0,0.0,0.0,0.0,0.0,1,3,24.671308994293213,1,0
1589,1413,-109.62450902148656,109.62450902148656,"153,154,162,166",N-4,4,1478,True,0.0,0,0.0,0.0,0.0,0.0,0.0,1,15,33.243964314460754,1,0
1591,1414,-104.17514929440766,104.17514929440766,"24,25",common_bus_N-2,2,1385,True,0.0,0,0.0,0.0,0.0,0.0,0.0,2,7,0.0,2,0
1592,1415,-100.1,100.1,"170,172",common_bus_N-2,2,1786,True,0.0,0,0.0,0.0,0.0,0.0,0.0,1,3,2.0741050243377686,1,0
1593,1416,-100.102828854314,100.102828854314,"140,141,143",N-3,3,1755,True,0.0,0,0.0,0.0,0.0,0.0,0.0,1,4,10.723018884658813,1,0
1594,1417,-114.04193220190723,114.04193220190723,"67,75",common_bus_N-2,2,54,True,0.0,0,0.0,0.0,0.0,0.0,0.0,1,18,57.60463786125183,1,0
1595,1418,-100.1,100.1,"83,88,92",N-3,3,1079,True,0.0,0,0.0,0.0,0.0,0.0,0.0,1,4,0.0,1,0
1596,1419,-116.5729788588728,116.5729788588728,"69,74,98,105",N-4,4,1264,True,0.0,0,0.0,0.0,0.0,0.0,0.0,1,23,0.0,1,0
1597,1420,-114.90201332472732,114.90201332472732,"104,105,106,115",N-4,4,823,True,0.0,0,0.0,0.0,0.0,0.0,0.0,1,21,59.52693748474121,1,0
1598,1421,-113.19226837576394,113.19226837576394,"135,140,141",N-3,3,1974,True,0.0,0,0.0,0.0,0.0,0.0,0.0,1,18,96.44452702999115,1,0
1599,1422,-137.62772340749353,137.62772340749353,"74,98",common_bus_N-2,2,405,True,0.0,0,0.0,0.0,0.0,0.0,0.0,1,50,152.93547302484512,1,0
1600,1423,-131.75117955595096,131.75117955595096,"65,68,98,105",N-4,4,707,True,0.0,0,0.0,0.0,0.0,0.0,0.0,1,43,191.94644689559937,1,0
1601,1424,-118.2411231782785,118.2411231782785,"123,150,151,152",N-4,4,164,True,0.0,0,0.0,0.0,0.0,0.0,0.0,1,25,63.72331476211548,1,0
1602,1425,-108.7328126374222,108.7328126374222,"124,150",common_bus_N-2,2,1591,True,0.0,0,0.0,0.0,0.0,0.0,0.0,1,12,110.62499284744263,1,0
1603,1426,-100.1,100.1,"130,131,132",N-3,3,825,True,0.0,0,0.0,0.0,0.0,0.0,0.0,1,4,0.0,1,0
1604,1427,-100.1,100.1,"66,70,97,98",N-4,4,905,True,0.0,0,0.0,0.0,0.0,0.0,0.0,1,5,0.0,1,0
1605,1428,-100.1,100.1,"14,19,183",N-3,3,984,True,0.0,0,0.0,0.0,0.0,0.0,0.0,1,4,23.369603157043457,1,0
1606,1429,-114.89434340418038,114.89434340418038,"154,159,163",N-3,3,275,True,0.0,0,0.0,0.0,0.0,0.0,0.0,1,20,32.99879604578018,1,0
1607,1430,-106.86061800940517,106.86061800940517,"153,158,159,163",N-4,4,289,True,0.0,0,0.0,0.0,0.0,0.0,0.0,1,12,0.0,1,0
1608,1431,-106.86839735876868,106.86839735876868,"104,105",common_bus_N-2,2,1984,True,0.0,0,0.0,0.0,0.0,0.0,0.0,1,10,27.494415163993835,1,0
1609,1432,-113.18303548887944,113.18303548887944,"65,66,69,97",N-4,4,225,True,0.0,0,0.0,0.0,0.0,0.0,0.0,1,19,71.33402347564697,1,0
1610,1433,-112.29847199516688,112.29847199516688,"147,149,155",N-3,3,1875,True,0.0,0,0.0,0.0,0.0,0.0,0.0,1,17,36.97448444366455,1,0
1611,1434,-102.08013266932447,102.08013266932447,"41,42",common_bus_N-2,2,1679,True,0.0,0,0.0,0.0,0.0,0.0,0.0,1,5,0.0,1,0
1612,1435,-112.29446445155537,112.29446445155537,"153,159,166",N-3,3,599,True,0.0,0,0.0,0.0,0.0,0.0,0.0,1,17,17.192549347877502,1,0
1613,1436,-108.70688147287719,108.70688147287719,"105,107",common_bus_N-2,2,1916,True,0.0,0,0.0,0.0,0.0,0.0,0.0,1,12,0.0,1,0
1614,1437,-120.69545398388146,120.69545398388146,"122,126,150,152",N-4,4,642,True,0.0,0,0.0,0.0,0.0,0.0,0.0,1,28,249.09905552864075,1,0
1615,1438,-112.29045690794386,112.29045690794386,"104,105,115",N-3,3,1527,True,0.0,0,0.0,0.0,0.0,0.0,0.0,1,17,0.0,1,0
1616,1439,-100.10471475719001,100.10471475719001,"106,107",common_bus_N-2,2,1397,True,0.0,0,0.0,0.0,0.0,0.0,0.0,1,3,14.573252201080322,1,0
1617,1440,-100.10471475719001,100.10471475719001,"87,88",common_bus_N-2,2,538,True,0.0,0,0.0,0.0,0.0,0.0,0.0,1,3,17.679874897003174,1,0
1618,1441,-117.40785841141577,117.40785841141577,"107,109",common_bus_N-2,2,632,True,0.0,0,0.0,0.0,0.0,0.0,0.0,1,22,18.400087356567383,1,0
1619,1442,-100.1,100.1,"154,159,162,163",N-4,4,685,True,0.0,0,0.0,0.0,0.0,0.0,0.0,1,5,0.0,1,0
1620,1443,-100.1,100.1,"73,74,76,83",N-4,4,907,True,0.0,0,0.0,0.0,0.0,0.0,0.0,1,5,0.0,1,0
1622,1444,-102.19501662508318,102.19501662508318,"149,154",common_bus_N-2,2,1401,True,0.0,0,0.0,0.0,0.0,0.0,0.0,2,5,0.0,2,0
1623,1445,-107.78836536133643,107.78836536133643,"20,177",common_bus_N-2,2,1612,True,0.0,0,0.0,0.0,0.0,0.0,0.0,1,11,0.0,1,0
1624,1446,-100.1,100.1,"66,75,97,98",N-4,4,363,True,0.0,0,0.0,0.0,0.0,0.0,0.0,1,5,0.0,1,0
1625,1447,-106.87484378387872,106.87484378387872,"64,67,68,97",N-4,4,20,True,0.0,0,0.0,0.0,0.0,0.0,0.0,1,12,59.627897560596466,1,0
1626,1448,-124.52162585442746,124.52162585442746,"104,106,115",N-3,3,418,True,0.0,0,0.0,0.0,0.0,0.0,0.0,1,32,0.0,1,0
1627,1449,-100.1,100.1,"147,148",common_bus_N-2,2,1516,True,0.0,0,0.0,0.0,0.0,0.0,0.0,1,3,0.0,1,0
1628,1450,-114.88562110337887,114.88562110337887,"119,127",common_bus_N-2,2,1565,True,0.0,0,0.0,0.0,0.0,0.0,0.0,1,19,0.0,1,0
1629,1451,-115.75858795131428,115.75858795131428,"117,119,122,123",N-4,4,1879,True,0.0,0,0.0,0.0,0.0,0.0,0.0,1,22,115.78240776062012,1,0
1630,1452,-123.00238503114738,123.00238503114738,"83,85,87",N-3,3,731,True,0.0,0,0.0,0.0,0.0,0.0,0.0,1,30,37.18706512451172,1,0
1632,1453,-120.902518351563,120.902518351563,"135,137",common_bus_N-2,2,1955,True,0.0,0,0.0,0.0,0.0,0.0,0.0,2,25,139.2008796930313,2,0
1633,1454,-100.1,100.1,"177,178",common_bus_N-2,2,463,True,0.0,0,0.0,0.0,0.0,0.0,0.0,1,3,0.0,1,0
1634,1455,-117.41186595502728,117.41186595502728,"115,184",common_bus_N-2,2,1875,True,0.0,0,0.0,0.0,0.0,0.0,0.0,1,22,35.88699960708618,1,0
1635,1456,-132.43698110275307,132.43698110275307,"124,151,152",N-3,3,700,True,0.0,0,0.0,0.0,0.0,0.0,0.0,1,43,226.4980262517929,1,0
1636,1457,-138.29160574215794,138.29160574215794,"66,69,75,97",N-4,4,121,True,0.0,0,0.0,0.0,0.0,0.0,0.0,1,53,360.4116187095642,1,0
1637,1458,-120.69178406805443,120.69178406805443,"126,151",common_bus_N-2,2,159,True,0.0,0,0.0,0.0,0.0,0.0,0.0,1,26,219.6493377685547,1,0
1638,1459,-104.0290711719907,104.0290711719907,"64,67,98,105",N-4,4,814,True,0.0,0,0.0,0.0,0.0,0.0,0.0,1,9,29.182053089141846,1,0
1639,1460,-126.0399150884666,126.0399150884666,"65,68",common_bus_N-2,2,719,True,0.0,0,0.0,0.0,0.0,0.0,0.0,1,33,110.76174855232239,1,0
1640,1461,-117.46402073244275,117.46402073244275,"122,123,126,152",N-4,4,457,True,0.0,0,0.0,0.0,0.0,0.0,0.0,1,24,272.5044322013855,1,0
1643,1462,-109.16709080009498,109.16709080009498,"123,147",common_bus_N-2,2,519,True,0.0,0,0.0,0.0,0.0,0.0,0.0,3,12,0.0,3,0
1644,1463,-121.45458875848533,121.45458875848533,"65,68,75,105",N-4,4,145,True,0.0,0,0.0,0.0,0.0,0.0,0.0,1,29,84.1908597946167,1,0
1646,1464,-116.45394362667622,116.45394362667622,"99,101,102",N-3,3,1131,True,0.0,0,0.0,0.0,0.0,0.0,0.0,2,21,86.89031559228897,2,0
1647,1465,-100.1,100.1,"106,107,115,118",N-4,4,1238,True,0.0,0,0.0,0.0,0.0,0.0,0.0,1,5,0.0,1,0
1648,1466,-126.066204339167,126.066204339167,"46,52",common_bus_N-2,2,659,True,0.0,0,0.0,0.0,0.0,0.0,0.0,1,33,246.48997712135315,1,0
1649,1467,-105.92354664157513,105.92354664157513,"67,105",common_bus_N-2,2,261,True,0.0,0,0.0,0.0,0.0,0.0,0.0,1,9,0.0,1,0
1651,1468,-118.11250028931227,118.11250028931227,"75,76",common_bus_N-2,2,490,True,0.0,0,0.0,0.0,0.0,0.0,0.0,2,22,116.03224110603333,2,0
1652,1469,-100.1,100.1,"162,164,165,173",N-4,4,1729,True,0.0,0,0.0,0.0,0.0,0.0,0.0,1,5,0.0,1,0
1653,1470,-131.06244023103577,131.06244023103577,"66,69,74,105",N-4,4,985,True,0.0,0,0.0,0.0,0.0,0.0,0.0,1,42,177.90226364135742,1,0
1655,1471,-110.8725055742724,110.8725055742724,"64,74,75",N-3,3,814,True,0.0,0,0.0,0.0,0.0,0.0,0.0,2,15,14.591026544570923,2,0
1657,1472,-136.61442653138795,136.61442653138795,"64,68,74,98",N-4,4,763,True,0.0,0,0.0,0.0,0.0,0.0,0.0,2,47,260.1648541688919,2,0
1659,1473,-122.58535961573999,122.58535961573999,"165,170",common_bus_N-2,2,1498,True,0.0,0,0.0,0.0,0.0,0.0,0.0,2,27,154.39857506752014,2,0
1660,1474,-125.28260128080449,125.28260128080449,"108,109,114",N-3,3,432,True,0.0,0,0.0,0.0,0.0,0.0,0.0,1,33,45.86979675292969,1,0
1661,1475,-115.76288810807992,115.76288810807992,"64,70,74,105",N-4,4,817,True,0.0,0,0.0,0.0,0.0,0.0,0.0,1,22,111.62650436162949,1,0
1662,1476,-126.03161498981973,126.03161498981973,"105,107,115",N-3,3,282,True,0.0,0,0.0,0.0,0.0,0.0,0.0,1,34,52.55251479148865,1,0
1664,1477,-107.0749030293258,107.0749030293258,"153,163",common_bus_N-2,2,1082,True,0.0,0,0.0,0.0,0.0,0.0,0.0,2,10,10.028712272644043,2,0
1665,1478,-119.07080689755932,119.07080689755932,"64,68,70,97",N-4,4,625,True,0.0,0,0.0,0.0,0.0,0.0,0.0,1,26,142.11412906646729,1,0
1666,1479,-104.02105608476768,104.02105608476768,"119,123,127",N-3,3,280,True,0.0,0,0.0,0.0,0.0,0.0,0.0,1,8,0.0,1,0
1667,1480,-103.05544664514919,103.05544664514919,"122,152",common_bus_N-2,2,1936,True,0.0,0,0.0,0.0,0.0,0.0,0.0,1,6,0.0,1,0
1668,1481,-111.40795632828426,111.40795632828426,"21,22",common_bus_N-2,2,1023,True,0.0,0,0.0,0.0,0.0,0.0,0.0,1,15,0.0,1,0
1669,1482,-126.79348357016863,126.79348357016863,"66,67,69,97",N-4,4,1252,True,0.0,0,0.0,0.0,0.0,0.0,0.0,1,36,180.84190595149994,1,0
1670,1483,-122.12652235292552,122.12652235292552,"67,98,105",N-3,3,956,True,0.0,0,0.0,0.0,0.0,0.0,0.0,1,28,32.80427551269531,0,0
1671,1484,-119.88804283338202,119.88804283338202,"135,137,140,141",N-4,4,1492,True,0.0,0,0.0,0.0,0.0,0.0,0.0,1,27,166.91748881340027,1,0
1672,1485,-110.52365860613219,110.52365860613219,"77,81,84,85",N-4,4,174,True,0.0,0,0.0,0.0,0.0,0.0,0.0,1,16,30.738941431045532,1,0
1673,1486,-114.90495160785788,114.90495160785788,"66,70,75",N-3,3,1190,True,0.0,0,0.0,0.0,0.0,0.0,0.0,1,20,79.83010470867157,1,0
1674,1487,-100.1,100.1,"170,172",common_bus_N-2,2,1554,True,0.0,0,0.0,0.0,0.0,0.0,0.0,1,3,2.1651580333709717,1,0
1675,1488,-100.1,100.1,"66,67,69,70",N-4,4,984,True,0.0,0,0.0,0.0,0.0,0.0,0.0,1,5,0.0,1,0
1676,1489,-117.42671744017579,117.42671744017579,"32,180",common_bus_N-2,2,1054,True,0.0,0,0.0,0.0,0.0,0.0,0.0,1,22,88.95127487182617,1,0
1677,1490,-138.25764963338383,138.25764963338383,"78,81,85",N-3,3,392,True,0.0,0,0.0,0.0,0.0,0.0,0.0,1,52,196.56509214639664,1,0
1678,1491,-112.29281428653887,112.29281428653887,"165,169",common_bus_N-2,2,909,True,0.0,0,0.0,0.0,0.0,0.0,0.0,1,16,10.670686960220337,1,0
1679,1492,-123.03868262641942,123.03868262641942,"69,70,97,98",N-4,4,171,True,0.0,0,0.0,0.0,0.0,0.0,0.0,1,31,193.86778396368027,1,0
1680,1493,-115.77095225110268,115.77095225110268,"123,126,151",N-3,3,1871,True,0.0,0,0.0,0.0,0.0,0.0,0.0,1,21,172.9793711900711,1,0
1682,1494,-107.10920384131516,107.10920384131516,"64,67,97,105",N-4,4,1692,True,0.0,0,0.0,0.0,0.0,0.0,0.0,2,12,25.472493529319763,2,0
1683,1495,-100.10482721787044,100.10482721787044,"106,182",common_bus_N-2,2,1580,True,0.0,0,0.0,0.0,0.0,0.0,0.0,1,3,121.98064756393433,1,0
1684,1496,-124.54402095107997,124.54402095107997,"64,67,69,74",N-4,4,632,True,0.0,0,0.0,0.0,0.0,0.0,0.0,1,33,109.25051867961884,1,0
1685,1497,-124.52162585442746,124.52162585442746,"131,135",common_bus_N-2,2,80,True,0.0,0,0.0,0.0,0.0,0.0,0.0,1,31,0.0,1,0
1686,1498,-105.92637549588913,105.92637549588913,"75,76,83",N-3,3,513,True,0.0,0,0.0,0.0,0.0,0.0,0.0,1,10,11.224836587905884,1,0
1687,1499,-0.1,0.1,"17,25,43",N-3,3,549,True,0.0,0,0.0,0.0,0.0,0.0,0.0,1,4,0.0,1,0
1688,1500,-113.17195580948292,113.17195580948292,"117,123",common_bus_N-2,2,730,True,0.0,0,0.0,0.0,0.0,0.0,0.0,1,17,38.23899972438812,1,0
1689,1501,-100.1,100.1,"13,16",common_bus_N-2,2,1466,True,0.0,0,0.0,0.0,0.0,0.0,0.0,1,3,0.0,1,0
1690,1502,-100.1,100.1,"14,16,183",N-3,3,1432,True,0.0,0,0.0,0.0,0.0,0.0,0.0,1,4,15.782272815704346,1,0
1691,1503,-104.02105608476768,104.02105608476768,"118,119,127",N-3,3,1167,True,0.0,0,0.0,0.0,0.0,0.0,0.0,1,8,0.0,1,0
1692,1504,-107.79402306996442,107.79402306996442,"40,179",common_bus_N-2,2,1494,True,0.0,0,0.0,0.0,0.0,0.0,0.0,1,11,23.744045734405518,1,0
1693,1505,-112.32416742185241,112.32416742185241,"117,118,120,123",N-4,4,1828,True,0.0,0,0.0,0.0,0.0,0.0,0.0,1,18,159.38310396671295,1,0
1694,1506,-100.1,100.1,"179,181",common_bus_N-2,2,1014,True,0.0,0,0.0,0.0,0.0,0.0,0.0,1,3,8.932525634765625,1,0
1695,1507,-100.1,100.1,"131,132",common_bus_N-2,2,432,True,0.0,0,0.0,0.0,0.0,0.0,0.0,1,3,0.0,1,0
1696,1508,-109.62780935151956,109.62780935151956,"122,147,151,152",N-4,4,260,True,0.0,0,0.0,0.0,0.0,0.0,0.0,1,15,42.816797733306885,1,0
1697,1509,-101.1117540131077,101.1117540131077,"118,120",common_bus_N-2,2,839,True,0.0,0,0.0,0.0,0.0,0.0,0.0,1,4,59.079021990299225,1,0
1698,1510,-138.26977594735465,138.26977594735465,"66,98",common_bus_N-2,2,464,True,0.0,0,0.0,0.0,0.0,0.0,0.0,1,51,224.89720314741135,1,0
1699,1511,-114.89714028909754,114.89714028909754,"114,115,119,184",N-4,4,1516,True,0.0,0,0.0,0.0,0.0,0.0,0.0,1,21,50.81334400177002,1,0
1701,1512,-108.05719021925307,108.05719021925307,"141,142",common_bus_N-2,2,1318,True,0.0,0,0.0,0.0,0.0,0.0,0.0,2,11,0.0,2,0
1702,1513,-137.01592494743693,137.01592494743693,"65,69,74",N-3,3,709,True,0.0,0,0.0,0.0,0.0,0.0,0.0,1,50,231.58018136024475,1,0
1703,1514,-100.1,100.1,"6,7,36",N-3,3,1473,True,0.0,0,0.0,0.0,0.0,0.0,0.0,1,4,0.0,1,0
1704,1515,-100.1,100.1,"47,50,51",N-3,3,1147,True,0.0,0,0.0,0.0,0.0,0.0,0.0,1,4,0.0,1,0
1705,1516,-133.12179719165928,133.12179719165928,"65,66,67,98",N-4,4,119,True,0.0,0,0.0,0.0,0.0,0.0,0.0,1,45,273.1479344367981,1,0
1706,1517,-108.70688147287719,108.70688147287719,"107,108,109,113",N-4,4,1607,True,0.0,0,0.0,0.0,0.0,0.0,0.0,1,14,0.0,1,0
1707,1518,-100.1,100.1,"132,135",common_bus_N-2,2,978,True,0.0,0,0.0,0.0,0.0,0.0,0.0,1,3,0.0,1,0
1708,1519,-131.07560041104057,131.07560041104057,"130,134,135",N-3,3,994,True,0.0,0,0.0,0.0,0.0,0.0,0.0,1,41,245.26515579223633,1,0
1709,1520,-100.1,100.1,"162,163,166",N-3,3,590,True,0.0,0,0.0,0.0,0.0,0.0,0.0,1,4,0.0,1,0
1710,1521,-113.17832073168942,113.17832073168942,"46,52",common_bus_N-2,2,1558,True,0.0,0,0.0,0.0,0.0,0.0,0.0,1,17,65.42981386184692,1,0
1711,1522,-105.93957681602114,105.93957681602114,"144,145",common_bus_N-2,2,1664,True,0.0,0,0.0,0.0,0.0,0.0,0.0,1,9,54.262964963912964,1,0
1712,1523,-103.05544664514919,103.05544664514919,"131,134",common_bus_N-2,2,1485,True,0.0,0,0.0,0.0,0.0,0.0,0.0,1,6,0.0,1,0
1714,1524,-123.54249438305048,123.54249438305048,"157,166",common_bus_N-2,2,1481,True,0.0,0,0.0,0.0,0.0,0.0,0.0,2,28,180.6982585787773,2,0
1715,1525,-104.03119281272619,104.03119281272619,"168,169",common_bus_N-2,2,1210,True,0.0,0,0.0,0.0,0.0,0.0,0.0,1,7,45.015071392059326,1,0
1717,1526,-131.39906510869156,131.39906510869156,"68,98",common_bus_N-2,2,470,True,0.0,0,0.0,0.0,0.0,0.0,0.0,2,37,152.1215249300003,2,0
1718,1527,-123.02626077742958,123.02626077742958,"149,154",common_bus_N-2,2,650,True,0.0,0,0.0,0.0,0.0,0.0,0.0,1,29,163.7675416469574,1,0
1719,1528,-142.45700436957543,142.45700436957543,"66,67,70",N-3,3,682,True,0.0,0,0.0,0.0,0.0,0.0,0.0,1,59,277.34561562538147,1,0
1720,1529,-136.36207129963938,136.36207129963938,"30,32",common_bus_N-2,2,359,True,0.0,0,0.0,0.0,0.0,0.0,0.0,1,48,122.85021376609802,1,0
1721,1530,-100.1033159639981,100.1033159639981,"16,19,183",N-3,3,217,True,0.0,0,0.0,0.0,0.0,0.0,0.0,1,4,31.576485991477966,1,0
1722,1531,-105.94253510902614,105.94253510902614,"123,126",common_bus_N-2,2,763,True,0.0,0,0.0,0.0,0.0,0.0,0.0,1,9,82.76471900939941,1,0
1724,1532,-113.52866504095982,113.52866504095982,"77,83",common_bus_N-2,2,290,True,0.0,0,0.0,0.0,0.0,0.0,0.0,2,17,101.58339750766754,2,0
1725,1533,-103.07692346876827,103.07692346876827,"76,77",common_bus_N-2,2,1780,True,0.0,0,0.0,0.0,0.0,0.0,0.0,1,6,91.24566626548767,1,0
1726,1534,-128.26561202822063,128.26561202822063,"70,98,105",N-3,3,112,True,0.0,0,0.0,0.0,0.0,0.0,0.0,1,37,294.8262316584587,1,0
1727,1535,-105.01194675313464,105.01194675313464,"147,149,155,156",N-4,4,1972,True,0.0,0,0.0,0.0,0.0,0.0,0.0,1,10,125.22408390045166,1,0
1728,1536,-104.9770575499286,104.9770575499286,"12,13,14",N-3,3,1643,True,0.0,0,0.0,0.0,0.0,0.0,0.0,1,9,0.0,1,0
1729,1537,-137.67662622910396,137.67662622910396,"118,120,123,127",N-4,4,403,True,0.0,0,0.0,0.0,0.0,0.0,0.0,1,52,421.1853218078613,1,0
1730,1538,-115.73634719467563,115.73634719467563,"85,92",common_bus_N-2,2,912,True,0.0,0,0.0,0.0,0.0,0.0,0.0,1,20,13.179383754730225,1,0
1733,1539,-112.9710582672481,112.9710582672481,"167,168",common_bus_N-2,2,1339,True,0.0,0,0.0,0.0,0.0,0.0,0.0,3,16,28.591426849365234,3,0
1734,1540,-137.0149654432603,137.0149654432603,"94,96",common_bus_N-2,2,416,True,0.0,0,0.0,0.0,0.0,0.0,0.0,1,49,229.16851270198822,1,0
1735,1541,-119.0554839366918,119.0554839366918,"35,36,37",N-3,3,1731,True,0.0,0,0.0,0.0,0.0,0.0,0.0,1,25,49.32363224029541,1,0
1736,1542,-109.61625819640405,109.61625819640405,"66,69,74,105",N-4,4,572,True,0.0,0,0.0,0.0,0.0,0.0,0.0,1,15,0.0,1,0
1737,1543,-121.45607292210467,121.45607292210467,"69,74,75,105",N-4,4,1915,True,0.0,0,0.0,0.0,0.0,0.0,0.0,1,29,75.14057636260986,1,0
1738,1544,-106.86415407729767,106.86415407729767,"147,152",common_bus_N-2,2,1582,True,0.0,0,0.0,0.0,0.0,0.0,0.0,1,10,15.308234095573425,1,0
1739,1545,-115.74624818477464,115.74624818477464,"64,65,68,75",N-4,4,74,True,0.0,0,0.0,0.0,0.0,0.0,0.0,1,22,61.16330051422119,1,0
1740,1546,-119.0481760630473,119.0481760630473,"97,98,99",N-3,3,1503,True,0.0,0,0.0,0.0,0.0,0.0,0.0,1,25,29.099975109100342,1,0
1741,1547,-103.05544664514919,103.05544664514919,"107,109,113",N-3,3,1121,True,0.0,0,0.0,0.0,0.0,0.0,0.0,1,7,0.0,1,0
1742,1548,-104.02105608476768,104.02105608476768,"167,169",common_bus_N-2,2,1070,True,0.0,0,0.0,0.0,0.0,0.0,0.0,1,7,0.0,1,0
1743,1549,-128.9684825039623,128.9684825039623,"69,70,97,98",N-4,4,86,True,0.0,0,0.0,0.0,0.0,0.0,0.0,1,39,224.20703768730164,1,0
1744,1550,-123.01969600525165,123.01969600525165,"98,99",common_bus_N-2,2,1016,True,0.0,0,0.0,0.0,0.0,0.0,0.0,1,29,114.98486930131912,1,0
1745,1551,-100.1,100.1,"2,3,4,10",N-4,4,714,True,0.0,0,0.0,0.0,0.0,0.0,0.0,1,5,0.0,1,0
1747,1552,-112.82757326128562,112.82757326128562,"153,154,166",N-3,3,1740,True,0.0,0,0.0,0.0,0.0,0.0,0.0,2,17,66.9226256608963,2,0
1748,1553,-104.99073034577961,104.99073034577961,"70,82",common_bus_N-2,2,1043,True,0.0,0,0.0,0.0,0.0,0.0,0.0,1,8,55.49921131134033,1,0
1749,1554,-110.5276661497437,110.5276661497437,"153,154,158,162",N-4,4,1310,True,0.0,0,0.0,0.0,0.0,0.0,0.0,1,16,45.31364423036575,1,0
1750,1555,-100.10330033003301,100.10330033003301,"13,16",common_bus_N-2,2,131,True,0.0,0,0.0,0.0,0.0,0.0,0.0,1,3,16.335662603378296,1,0
1751,1556,-109.61625819640405,109.61625819640405,"108,109",common_bus_N-2,2,1582,True,0.0,0,0.0,0.0,0.0,0.0,0.0,1,13,0.0,1,0
1752,1557,-122.24915318743754,122.24915318743754,"95,103",common_bus_N-2,2,1618,True,0.0,0,0.0,0.0,0.0,0.0,0.0,1,28,116.93981456756592,1,0
1753,1558,-128.24157290857542,128.24157290857542,"50,53",common_bus_N-2,2,1535,True,0.0,0,0.0,0.0,0.0,0.0,0.0,1,36,157.13731384277344,1,0
1754,1559,-100.12244769518206,100.12244769518206,"137,141",common_bus_N-2,2,84,True,0.0,0,0.0,0.0,0.0,0.0,0.0,1,3,115.01504278182983,1,0
1755,1560,-108.71159623006719,108.71159623006719,"65,67,69",N-3,3,838,True,0.0,0,0.0,0.0,0.0,0.0,0.0,1,13,16.875425577163696,1,0
1756,1561,-113.17690630453242,113.17690630453242,"64,65,67,98",N-4,4,1791,True,0.0,0,0.0,0.0,0.0,0.0,0.0,1,19,55.87075066566467,1,0
1757,1562,-111.40795632828426,111.40795632828426,"84,87,88",N-3,3,607,True,0.0,0,0.0,0.0,0.0,0.0,0.0,1,16,0.0,1,0
1758,1563,-104.0375577349327,104.0375577349327,"12,13",common_bus_N-2,2,1113,True,0.0,0,0.0,0.0,0.0,0.0,0.0,1,7,56.650954484939575,1,0
1759,1564,-114.90448013213889,114.90448013213889,"65,66,74,97",N-4,4,842,True,0.0,0,0.0,0.0,0.0,0.0,0.0,1,21,71.70261859893799,1,0
1760,1565,-110.52177270325618,110.52177270325618,"153,154,163,166",N-4,4,556,True,0.0,0,0.0,0.0,0.0,0.0,0.0,1,16,19.7067449092865,1,0
1761,1566,-119.90251871963912,119.90251871963912,"135,136,138,140",N-4,4,1627,True,0.0,0,0.0,0.0,0.0,0.0,0.0,1,27,214.95486569404602,1,0
1762,1567,-100.1,100.1,"12,13,183",N-3,3,934,True,0.0,0,0.0,0.0,0.0,0.0,0.0,1,4,23.188579082489014,1,0
1764,1568,-106.1420038743959,106.1420038743959,"168,170",common_bus_N-2,2,1769,True,0.0,0,0.0,0.0,0.0,0.0,0.0,2,9,109.00834739208221,2,0
1765,1569,-120.66368294646139,120.66368294646139,"20,38,177",N-3,3,931,True,0.0,0,0.0,0.0,0.0,0.0,0.0,1,27,83.20526599884033,1,0
1766,1570,-126.81730343461965,126.81730343461965,"143,144,153,160",N-4,4,148,True,0.0,0,0.0,0.0,0.0,0.0,0.0,1,36,299.7172555923462,1,0
1767,1571,-104.0375577349327,104.0375577349327,"64,66,70",N-3,3,1708,True,0.0,0,0.0,0.0,0.0,0.0,0.0,1,8,55.93080282211304,1,0
1768,1572,-114.03933908545272,114.03933908545272,"117,122",common_bus_N-2,2,1909,True,0.0,0,0.0,0.0,0.0,0.0,0.0,1,18,41.20634871721268,1,0
1769,1573,-114.89811520993237,114.89811520993237,"153,159,162,163",N-4,4,1303,True,0.0,0,0.0,0.0,0.0,0.0,0.0,1,21,55.01654553413391,1,0
1770,1574,-113.18492139175544,113.18492139175544,"122,123,147,151",N-4,4,1805,True,0.0,0,0.0,0.0,0.0,0.0,0.0,1,19,97.5074234008789,1,0
1771,1575,-135.74766001381576,135.74766001381576,"64,65,67,69",N-4,4,700,True,0.0,0,0.0,0.0,0.0,0.0,0.0,1,49,272.3277145624161,1,0
1772,1576,-100.11890758157122,100.11890758157122,"74,97,98",N-3,3,1789,True,0.0,0,0.0,0.0,0.0,0.0,0.0,1,4,85.1626992225647,1,0
1773,1577,-138.2748746156514,138.2748746156514,"65,66,67,98",N-4,4,428,True,0.0,0,0.0,0.0,0.0,0.0,0.0,1,53,270.84983813762665,1,0
1774,1578,-100.1,100.1,"15,17",common_bus_N-2,2,144,True,0.0,0,0.0,0.0,0.0,0.0,0.0,1,3,39.45942544937134,1,0
1775,1579,-152.4854649068981,152.4854649068981,"35,177",common_bus_N-2,2,998,True,0.0,0,0.0,0.0,0.0,0.0,0.0,1,77,487.94525969028473,1,0
1776,1580,-122.28734272067658,122.28734272067658,"65,66,67,70",N-4,4,1074,True,0.0,0,0.0,0.0,0.0,0.0,0.0,1,30,250.42007720470428,1,0
1778,1581,-106.1420038743959,106.1420038743959,"159,166",common_bus_N-2,2,828,True,0.0,0,0.0,0.0,0.0,0.0,0.0,2,9,92.99080431461334,2,0
1779,1582,-124.55792948479049,124.55792948479049,"66,69,70,98",N-4,4,1527,True,0.0,0,0.0,0.0,0.0,0.0,0.0,1,33,160.48948764801025,1,0
1780,1583,-100.1,100.1,"64,65,97",N-3,3,1710,True,0.0,0,0.0,0.0,0.0,0.0,0.0,1,4,0.0,1,0
1781,1584,-124.55647459116166,124.55647459116166,"122,127",common_bus_N-2,2,88,True,0.0,0,0.0,0.0,0.0,0.0,0.0,1,31,181.56470108032227,1,0
1782,1585,-129.64745694043418,129.64745694043418,"73,74",common_bus_N-2,2,381,True,0.0,0,0.0,0.0,0.0,0.0,0.0,1,38,88.55973672866821,1,0
1785,1586,-114.9049095469063,114.9049095469063,"69,97",common_bus_N-2,2,1646,True,0.0,0,0.0,0.0,0.0,0.0,0.0,3,18,1.609256386756897,3,0
1786,1587,-115.74719113621265,115.74719113621265,"83,84,85",N-3,3,346,True,0.0,0,0.0,0.0,0.0,0.0,0.0,1,21,66.3786985874176,1,0
1787,1588,-100.1,100.1,"74,75,97,105",N-4,4,764,True,0.0,0,0.0,0.0,0.0,0.0,0.0,1,5,0.0,1,0
1788,1589,-115.75639495509287,115.75639495509287,"104,105",common_bus_N-2,2,1533,True,0.0,0,0.0,0.0,0.0,0.0,0.0,1,20,109.00208282470703,1,0
1789,1590,-100.1,100.1,"124,147",common_bus_N-2,2,798,True,0.0,0,0.0,0.0,0.0,0.0,0.0,1,3,0.0,1,0
1790,1591,-115.74153342758464,115.74153342758464,"64,66,68,97",N-4,4,168,True,0.0,0,0.0,0.0,0.0,0.0,0.0,1,22,35.66855430603027,1,0
1791,1592,-128.2503732692779,128.2503732692779,"66,69,75,98",N-4,4,982,True,0.0,0,0.0,0.0,0.0,0.0,0.0,1,38,206.61725068092346,1,0
1792,1593,-114.03957482331224,114.03957482331224,"3,4",common_bus_N-2,2,1563,True,0.0,0,0.0,0.0,0.0,0.0,0.0,1,18,47.301093101501465,1,0
1793,1594,-115.74035473828714,115.74035473828714,"84,85,87,88",N-4,4,58,True,0.0,0,0.0,0.0,0.0,0.0,0.0,1,22,31.756919503211975,1,0
1794,1595,-109.62309459432956,109.62309459432956,"64,69,74,97",N-4,4,315,True,0.0,0,0.0,0.0,0.0,0.0,0.0,1,15,30.00683343410492,1,0
1796,1596,-112.63423392994238,112.63423392994238,"136,141",common_bus_N-2,2,1374,True,0.0,0,0.0,0.0,0.0,0.0,0.0,2,16,72.32070922851562,2,0
1797,1597,-137.03897201969517,137.03897201969517,"65,66,74",N-3,3,725,True,0.0,0,0.0,0.0,0.0,0.0,0.0,1,50,340.61278104782104,1,0
1798,1598,-135.1007171188989,135.1007171188989,"20,22,35",N-3,3,955,True,0.0,0,0.0,0.0,0.0,0.0,0.0,1,47,260.8844475746155,1,0
1799,1599,-100.1,100.1,"173,174,175,176",N-4,4,804,True,0.0,0,0.0,0.0,0.0,0.0,0.0,1,5,0.0,1,0
1800,1600,-104.98719427788711,104.98719427788711,"165,168,169,170",N-4,4,821,True,0.0,0,0.0,0.0,0.0,0.0,0.0,1,10,36.75240111351013,1,0
1801,1601,-117.43674457515269,117.43674457515269,"135,140,141",N-3,3,183,True,0.0,0,0.0,0.0,0.0,0.0,0.0,1,23,139.61975717544556,1,0
1803,1602,-121.72282475184787,121.72282475184787,"66,68,75,97",N-4,4,856,True,0.0,0,0.0,0.0,0.0,0.0,0.0,2,28,45.9073281288147,2,0
1804,1603,-118.23658994444133,118.23658994444133,"73,76,77,83",N-4,4,628,True,0.0,0,0.0,0.0,0.0,0.0,0.0,1,25,47.26194417476654,1,0
1805,1604,-100.1,100.1,"174,175",common_bus_N-2,2,81,True,0.0,0,0.0,0.0,0.0,0.0,0.0,1,3,0.0,1,0
1808,1605,-105.29036704841621,105.29036704841621,"164,167",common_bus_N-2,2,1376,True,0.0,0,0.0,0.0,0.0,0.0,0.0,3,8,50.16810846328735,3,0
1809,1606,-112.34366910698093,112.34366910698093,"123,124,126",N-3,3,333,True,0.0,0,0.0,0.0,0.0,0.0,0.0,1,17,253.58486592769623,1,0
1810,1607,-132.42165410317736,132.42165410317736,"87,88",common_bus_N-2,2,400,True,0.0,0,0.0,0.0,0.0,0.0,0.0,1,42,146.53765869140625,1,0
1811,1608,-119.88027838124798,119.88027838124798,"66,67,74,98",N-4,4,345,True,0.0,0,0.0,0.0,0.0,0.0,0.0,1,27,157.82419896125793,1,0
1812,1609,-100.1,100.1,"117,118,123",N-3,3,1644,True,0.0,0,0.0,0.0,0.0,0.0,0.0,1,4,0.0,1,0
1814,1610,-117.32259267210806,117.32259267210806,"150,152",common_bus_N-2,2,1667,True,0.0,0,0.0,0.0,0.0,0.0,0.0,2,21,36.02349400520325,2,0
1815,1611,-118.25285585674685,118.25285585674685,"68,70",common_bus_N-2,2,74,True,0.0,0,0.0,0.0,0.0,0.0,0.0,1,23,124.59190845489502,1,0
1817,1612,-126.95595970968114,126.95595970968114,"66,68,74,105",N-4,4,1318,True,0.0,0,0.0,0.0,0.0,0.0,0.0,2,33,172.87787282466888,1,0
1819,1613,-117.23471032827662,117.23471032827662,"64,66,75",N-3,3,1104,True,0.0,0,0.0,0.0,0.0,0.0,0.0,2,22,51.64105987548828,2,0
1821,1614,-118.67459614402199,118.67459614402199,"11,13,16",N-3,3,1063,True,0.0,0,0.0,0.0,0.0,0.0,0.0,2,24,25.863559246063232,2,0
1822,1615,-104.0288354341312,104.0288354341312,"47,51",common_bus_N-2,2,261,True,0.0,0,0.0,0.0,0.0,0.0,0.0,1,7,29.12354815006256,1,0
1823,1616,-100.1,100.1,"11,13,19,183",N-4,4,1150,True,0.0,0,0.0,0.0,0.0,0.0,0.0,1,5,17.47937321662903,1,0
1824,1617,-125.28330849438298,125.28330849438298,"68,69,74,105",N-4,4,1866,True,0.0,0,0.0,0.0,0.0,0.0,0.0,1,34,44.71118414402008,1,0
1825,1618,-138.294953885388,138.294953885388,"65,66,74,75",N-4,4,1226,True,0.0,0,0.0,0.0,0.0,0.0,0.0,1,53,336.9681439399719,1,0
1826,1619,-103.06322599451269,103.06322599451269,"78,86",common_bus_N-2,2,1429,True,0.0,0,0.0,0.0,0.0,0.0,0.0,1,6,26.453094363212585,1,0
1827,1620,-134.43379553360617,134.43379553360617,"20,35",common_bus_N-2,2,1835,True,0.0,0,0.0,0.0,0.0,0.0,0.0,1,45,183.15796333551407,1,0
1828,1621,-101.09501662508319,101.09501662508319,"153,158",common_bus_N-2,2,1142,True,0.0,0,0.0,0.0,0.0,0.0,0.0,1,4,0.0,1,0
1829,1622,-119.86250021318166,119.86250021318166,"64,65,98,105",N-4,4,1859,True,0.0,0,0.0,0.0,0.0,0.0,0.0,1,27,68.5003182888031,1,0
1831,1623,-109.98323656819532,109.98323656819532,"65,69,74",N-3,3,1640,True,0.0,0,0.0,0.0,0.0,0.0,0.0,2,14,14.822331190109253,2,0
1832,1624,-121.47116014511269,121.47116014511269,"123,124,150,152",N-4,4,719,True,0.0,0,0.0,0.0,0.0,0.0,0.0,1,29,172.97323036193848,1,0
1833,1625,-101.09501662508319,101.09501662508319,"168,169,170",N-3,3,1621,True,0.0,0,0.0,0.0,0.0,0.0,0.0,1,5,0.0,1,0
1834,1626,-123.79929714811573,123.79929714811573,"35,38",common_bus_N-2,2,1565,True,0.0,0,0.0,0.0,0.0,0.0,0.0,1,30,166.89352345466614,1,0
1835,1627,-100.1,100.1,"14,183",common_bus_N-2,2,138,True,0.0,0,0.0,0.0,0.0,0.0,0.0,1,3,23.319649696350098,1,0
1836,1628,-140.10112575856596,140.10112575856596,"124,150,151,152",N-4,4,369,True,0.0,0,0.0,0.0,0.0,0.0,0.0,1,56,277.300346493721,1,0
1837,1629,-131.7605303692893,131.7605303692893,"64,66,68,70",N-4,4,72,True,0.0,0,0.0,0.0,0.0,0.0,0.0,1,43,231.75782716274261,1,0
1838,1630,-123.01205028338688,123.01205028338688,"146,149",common_bus_N-2,2,639,True,0.0,0,0.0,0.0,0.0,0.0,0.0,1,29,86.34820687770844,1,0
1839,1631,-111.41785731838326,111.41785731838326,"52,54",common_bus_N-2,2,1042,True,0.0,0,0.0,0.0,0.0,0.0,0.0,1,15,41.45021939277649,1,0
1840,1632,-105.00298871447363,105.00298871447363,"123,124,126,147",N-4,4,855,True,0.0,0,0.0,0.0,0.0,0.0,0.0,1,10,98.6964899301529,1,0
1841,1633,-104.0290711719907,104.0290711719907,"64,68,105",N-3,3,796,True,0.0,0,0.0,0.0,0.0,0.0,0.0,1,8,30.166812300682068,1,0
1842,1634,-119.07739164377548,119.07739164377548,"65,70",common_bus_N-2,2,1528,True,0.0,0,0.0,0.0,0.0,0.0,0.0,1,24,160.20192670822144,1,0
1843,1635,-126.80716670666114,126.80716670666114,"140,141,142",N-3,3,924,True,0.0,0,0.0,0.0,0.0,0.0,0.0,1,35,252.63088941574097,1,0
1844,1636,-100.1,100.1,"143,144",common_bus_N-2,2,218,True,0.0,0,0.0,0.0,0.0,0.0,0.0,1,3,0.0,1,0
1845,1637,-121.4836542516662,121.4836542516662,"65,66,70,98",N-4,4,28,True,0.0,0,0.0,0.0,0.0,0.0,0.0,1,29,195.73726469278336,1,0
1846,1638,-109.61625819640405,109.61625819640405,"12,16",common_bus_N-2,2,585,True,0.0,0,0.0,0.0,0.0,0.0,0.0,1,13,0.0,1,0
1847,1639,-111.41054944473875,111.41054944473875,"140,160",common_bus_N-2,2,26,True,0.0,0,0.0,0.0,0.0,0.0,0.0,1,15,10.779359638690948,1,0
1848,1640,-109.64195362308958,109.64195362308958,"64,65,70,74",N-4,4,1089,True,0.0,0,0.0,0.0,0.0,0.0,0.0,1,15,90.44678473472595,1,0
1849,1641,-112.30695855810889,112.30695855810889,"68,70,74,98",N-4,4,771,True,0.0,0,0.0,0.0,0.0,0.0,0.0,1,18,65.96138954162598,1,0
1850,1642,-102.08013266932447,102.08013266932447,"46,52",common_bus_N-2,2,1404,True,0.0,0,0.0,0.0,0.0,0.0,0.0,1,5,0.0,1,0
1851,1643,-109.62427328362706,109.62427328362706,"64,75,98",N-3,3,1543,True,0.0,0,0.0,0.0,0.0,0.0,0.0,1,14,35.521414041519165,1,0
1852,1644,-126.04858811570374,126.04858811570374,"144,145",common_bus_N-2,2,155,True,0.0,0,0.0,0.0,0.0,0.0,0.0,1,33,145.6248310804367,1,0
1853,1645,-100.1,100.1,"16,18",common_bus_N-2,2,1986,True,0.0,0,0.0,0.0,0.0,0.0,0.0,1,3,11.419814109802246,1,0
1855,1646,-108.02704522246498,108.02704522246498,"119,127",common_bus_N-2,2,1994,True,0.0,0,0.0,0.0,0.0,0.0,0.0,2,11,29.99781596660614,2,0
1856,1647,-119.09465569377411,119.09465569377411,"124,126",common_bus_N-2,2,147,True,0.0,0,0.0,0.0,0.0,0.0,0.0,1,24,265.8860995769501,1,0
1857,1648,-114.9101378407669,114.9101378407669,"141,144,153,160",N-4,4,1201,True,0.0,0,0.0,0.0,0.0,0.0,0.0,1,21,105.52798748016357,1,0
1858,1649,-104.9770575499286,104.9770575499286,"77,79,84",N-3,3,1743,True,0.0,0,0.0,0.0,0.0,0.0,0.0,1,9,0.0,1,0
1859,1650,-120.6758960708866,120.6758960708866,"66,68,69",N-3,3,458,True,0.0,0,0.0,0.0,0.0,0.0,0.0,1,27,139.45757389068604,1,0
1860,1651,-115.75992098062565,115.75992098062565,"3,4,10",N-3,3,197,True,0.0,0,0.0,0.0,0.0,0.0,0.0,1,21,112.36422729492188,1,0
1861,1652,-124.53883471817097,124.53883471817097,"67,97",common_bus_N-2,2,720,True,0.0,0,0.0,0.0,0.0,0.0,0.0,1,31,85.21435225009918,1,0
1862,1653,-100.1,100.1,"113,116",common_bus_N-2,2,958,True,0.0,0,0.0,0.0,0.0,0.0,0.0,1,3,0.0,1,0
1863,1654,-100.1,100.1,"65,68,69,97",N-4,4,1205,True,0.0,0,0.0,0.0,0.0,0.0,0.0,1,5,0.0,1,0
1864,1655,-112.29045690794386,112.29045690794386,"107,115",common_bus_N-2,2,587,True,0.0,0,0.0,0.0,0.0,0.0,0.0,1,16,0.0,1,0
1865,1656,-100.1,100.1,"125,126",common_bus_N-2,2,1047,True,0.0,0,0.0,0.0,0.0,0.0,0.0,1,3,0.0,1,0
1866,1657,-100.1,100.1,"146,155",common_bus_N-2,2,1346,True,0.0,0,0.0,0.0,0.0,0.0,0.0,1,3,36.19814658164978,1,0
1867,1658,-131.04663711231962,131.04663711231962,"65,68,69,74",N-4,4,973,True,0.0,0,0.0,0.0,0.0,0.0,0.0,1,42,100.20145893096924,1,0
1869,1659,-114.58004820271937,114.58004820271937,"64,68,75,105",N-4,4,210,True,0.0,0,0.0,0.0,0.0,0.0,0.0,2,20,30.011537432670593,2,0
1870,1660,-123.01471507716174,123.01471507716174,"65,66,68,105",N-4,4,443,True,0.0,0,0.0,0.0,0.0,0.0,0.0,1,31,98.26205825805664,1,0
1871,1661,-100.1,100.1,"123,147,151,152",N-4,4,1158,True,0.0,0,0.0,0.0,0.0,0.0,0.0,1,5,0.0,1,0
1872,1662,-133.0933353795511,133.0933353795511,"65,74,75,97",N-4,4,689,True,0.0,0,0.0,0.0,0.0,0.0,0.0,1,45,134.25240695476532,1,0
1873,1663,-121.45112242705517,121.45112242705517,"142,144,160",N-3,3,83,True,0.0,0,0.0,0.0,0.0,0.0,0.0,1,28,68.59180581569672,1,0
1874,1664,-113.16417646011942,113.16417646011942,"23,24,44",N-3,3,62,True,0.0,0,0.0,0.0,0.0,0.0,0.0,1,18,0.0,1,0
1875,1665,-100.1,100.1,"11,12,19,183",N-4,4,1443,True,0.0,0,0.0,0.0,0.0,0.0,0.0,1,5,15.79044222831726,1,0
1876,1666,-100.1,100.1,"2,3,7,10",N-4,4,773,True,0.0,0,0.0,0.0,0.0,0.0,0.0,1,5,0.0,1,0
1877,1667,-105.93061877736014,105.93061877736014,"30,40",common_bus_N-2,2,1082,True,0.0,0,0.0,0.0,0.0,0.0,0.0,1,9,25.071780681610107,1,0
1878,1668,-122.24325974095004,122.24325974095004,"2,7",common_bus_N-2,2,17,True,0.0,0,0.0,0.0,0.0,0.0,0.0,1,28,89.64203882217407,1,0
1879,1669,-100.1,100.1,"152,158",common_bus_N-2,2,339,True,0.0,0,0.0,0.0,0.0,0.0,0.0,1,3,0.0,1,0
1880,1670,-133.12542961822825,133.12542961822825,"46,49,50,51",N-4,4,736,True,0.0,0,0.0,0.0,0.0,0.0,0.0,1,45,264.6794443130493,1,0
1881,1671,-106.8865491739502,106.8865491739502,"118,120",common_bus_N-2,2,1894,True,0.0,0,0.0,0.0,0.0,0.0,0.0,1,10,112.16890692710876,1,0
1882,1672,-119.0531265580968,119.0531265580968,"64,66,67,69",N-4,4,910,True,0.0,0,0.0,0.0,0.0,0.0,0.0,1,26,53.66650867462158,1,0
1883,1673,-104.98295099641611,104.98295099641611,"14,19",common_bus_N-2,2,314,True,0.0,0,0.0,0.0,0.0,0.0,0.0,1,8,25.550153851509094,1,0
1885,1674,-117.22928835750811,117.22928835750811,"64,68,74,98",N-4,4,1957,True,0.0,0,0.0,0.0,0.0,0.0,0.0,2,23,33.52982139587402,2,0
1886,1675,-106.86061800940517,106.86061800940517,"67,97",common_bus_N-2,2,891,True,0.0,0,0.0,0.0,0.0,0.0,0.0,1,10,0.0,1,0
1887,1676,-113.17337023663993,113.17337023663993,"12,14",common_bus_N-2,2,67,True,0.0,0,0.0,0.0,0.0,0.0,0.0,1,17,45.08552098274231,1,0
1888,1677,-114.89811520993237,114.89811520993237,"162,165",common_bus_N-2,2,932,True,0.0,0,0.0,0.0,0.0,0.0,0.0,1,19,60.560614705085754,1,0
1889,1678,-103.05544664514919,103.05544664514919,"154,158,159,163",N-4,4,277,True,0.0,0,0.0,0.0,0.0,0.0,0.0,1,8,0.0,1,0
1890,1679,-105.94051976745915,105.94051976745915,"117,122,123",N-3,3,1389,True,0.0,0,0.0,0.0,0.0,0.0,0.0,1,10,57.01494884490967,1,0
1891,1680,-109.61625819640405,109.61625819640405,"83,84,87,92",N-4,4,1921,True,0.0,0,0.0,0.0,0.0,0.0,0.0,1,15,0.0,1,0
1892,1681,-114.04570400765924,114.04570400765924,"65,70,97,105",N-4,4,767,True,0.0,0,0.0,0.0,0.0,0.0,0.0,1,20,69.255411028862,1,0
1893,1682,-100.1,100.1,"11,12,14,183",N-4,4,1931,True,0.0,0,0.0,0.0,0.0,0.0,0.0,1,5,17.856528759002686,1,0
1894,1683,-114.89693652063488,114.89693652063488,"67,69,75,97",N-4,4,593,True,0.0,0,0.0,0.0,0.0,0.0,0.0,1,21,49.8175106048584,1,0
1895,1684,-104.9848368992921,104.9848368992921,"117,119,123",N-3,3,1662,True,0.0,0,0.0,0.0,0.0,0.0,0.0,1,9,25.573581039905548,1,0
1896,1685,-108.7175227565717,108.7175227565717,"32,180",common_bus_N-2,2,594,True,0.0,0,0.0,0.0,0.0,0.0,0.0,1,12,46.433022022247314,1,0
1897,1686,-124.55465969089913,124.55465969089913,"65,66,74,98",N-4,4,1291,True,0.0,0,0.0,0.0,0.0,0.0,0.0,1,33,147.96713209152222,1,0
1898,1687,-125.29431567149489,125.29431567149489,"65,67,98,105",N-4,4,712,True,0.0,0,0.0,0.0,0.0,0.0,0.0,1,34,102.95908689498901,1,0
1900,1688,-105.12105608476767,105.12105608476767,"83,86,87",N-3,3,843,True,0.0,0,0.0,0.0,0.0,0.0,0.0,2,9,0.0,2,0
1901,1689,-100.1,100.1,"46,47",common_bus_N-2,2,1210,True,0.0,0,0.0,0.0,0.0,0.0,0.0,1,3,0.0,1,0
1902,1690,-116.58674258930759,116.58674258930759,"75,97,98",N-3,3,565,True,0.0,0,0.0,0.0,0.0,0.0,0.0,1,22,53.91093170642853,1,0
1903,1691,-104.05052331720522,104.05052331720522,"123,124,126,147",N-4,4,857,True,0.0,0,0.0,0.0,0.0,0.0,0.0,1,9,112.54815757274628,1,0
1904,1692,-100.1,100.1,"55,57",common_bus_N-2,2,786,True,0.0,0,0.0,0.0,0.0,0.0,0.0,1,3,33.80863285064697,1,0
1905,1693,-100.10471475719001,100.10471475719001,"145,149,154",N-3,3,447,True,0.0,0,0.0,0.0,0.0,0.0,0.0,1,4,22.759170532226562,1,0
1906,1694,-119.06467771321232,119.06467771321232,"70,74,97,98",N-4,4,1496,True,0.0,0,0.0,0.0,0.0,0.0,0.0,1,26,99.34451675415039,1,0
1907,1695,-114.04744335339062,114.04744335339062,"115,119,184",N-3,3,1817,True,0.0,0,0.0,0.0,0.0,0.0,0.0,1,19,85.80308246612549,1,0
1908,1696,-124.54378521322047,124.54378521322047,"50,53",common_bus_N-2,2,24,True,0.0,0,0.0,0.0,0.0,0.0,0.0,1,31,89.39532554149628,1,0
1909,1697,-126.06296812513325,126.06296812513325,"66,67,70,75",N-4,4,1785,True,0.0,0,0.0,0.0,0.0,0.0,0.0,1,35,209.10971999168396,1,0
1910,1698,-126.05570877991796,126.05570877991796,"107,115,118",N-3,3,1900,True,0.0,0,0.0,0.0,0.0,0.0,0.0,1,34,158.68070423603058,1,0
1911,1699,-100.1,100.1,"130,132,134",N-3,3,382,True,0.0,0,0.0,0.0,0.0,0.0,0.0,1,4,0.0,1,0
1912,1700,-103.06534763524819,103.06534763524819,"69,75,98,105",N-4,4,1964,True,0.0,0,0.0,0.0,0.0,0.0,0.0,1,8,33.49587678909302,1,0
1913,1701,-146.39093867046125,146.39093867046125,"3,7",common_bus_N-2,2,415,True,0.0,0,0.0,0.0,0.0,0.0,0.0,1,65,451.185542345047,1,0
1914,1702,-104.9770575499286,104.9770575499286,"67,68,98",N-3,3,274,True,0.0,0,0.0,0.0,0.0,0.0,0.0,1,9,0.0,1,0
1916,1703,-119.14123401004802,119.14123401004802,"83,85,88",N-3,3,1601,True,0.0,0,0.0,0.0,0.0,0.0,0.0,2,24,0.0,2,0
1917,1704,-108.70688147287719,108.70688147287719,"23,44",common_bus_N-2,2,1811,True,0.0,0,0.0,0.0,0.0,0.0,0.0,1,12,0.0,1,0
1918,1705,-119.8870199713344,119.8870199713344,"117,122,127",N-3,3,1251,True,0.0,0,0.0,0.0,0.0,0.0,0.0,1,26,188.05742192268372,1,0
1919,1706,-131.05249810080954,131.05249810080954,"118,120,127",N-3,3,399,True,0.0,0,0.0,0.0,0.0,0.0,0.0,1,41,138.53793501853943,1,0
1920,1707,-126.78034861187655,126.78034861187655,"47,51",common_bus_N-2,2,714,True,0.0,0,0.0,0.0,0.0,0.0,0.0,1,34,126.9830527305603,1,0
1921,1708,-100.1,100.1,"26,27",common_bus_N-2,2,427,True,0.0,0,0.0,0.0,0.0,0.0,0.0,1,3,17.367799043655396,1,0
1923,1709,-112.61443194974437,112.61443194974437,"135,137,141",N-3,3,861,True,0.0,0,0.0,0.0,0.0,0.0,0.0,2,17,10.435898780822754,2,0
1924,1710,-113.17556708777191,113.17556708777191,"87,92",common_bus_N-2,2,878,True,0.0,0,0.0,0.0,0.0,0.0,0.0,1,17,47.09184908866882,1,0
1925,1711,-100.1,100.1,"0,1",common_bus_N-2,2,1111,True,0.0,0,0.0,0.0,0.0,0.0,0.0,1,3,0.0,1,0
1926,1712,-100.1,100.1,"20,35,38,177",N-4,4,462,True,0.0,0,0.0,0.0,0.0,0.0,0.0,1,5,0.0,1,0
1927,1713,-123.7813810707937,123.7813810707937,"75,76",common_bus_N-2,2,607,True,0.0,0,0.0,0.0,0.0,0.0,0.0,1,30,87.5156741142273,1,0
1928,1714,-102.09003365942348,102.09003365942348,"74,75,76,77",N-4,4,1704,True,0.0,0,0.0,0.0,0.0,0.0,0.0,1,7,32.20031976699829,1,0
1929,1715,-103.06511189738869,103.06511189738869,"38,41",common_bus_N-2,2,855,True,0.0,0,0.0,0.0,0.0,0.0,0.0,1,6,36.786873519420624,1,0
1930,1716,-100.10471475719001,100.10471475719001,"144,146",common_bus_N-2,2,371,True,0.0,0,0.0,0.0,0.0,0.0,0.0,1,3,24.516971111297607,1,0
1933,1717,-122.57923590007142,122.57923590007142,"74,77",common_bus_N-2,2,1083,True,0.0,0,0.0,0.0,0.0,0.0,0.0,3,27,0.0,3,0
1934,1718,-105.92354664157513,105.92354664157513,"52,54,55",N-3,3,800,True,0.0,0,0.0,0.0,0.0,0.0,0.0,1,10,0.0,1,0
1935,1719,-100.1,100.1,"14,19,183",N-3,3,1479,True,0.0,0,0.0,0.0,0.0,0.0,0.0,1,4,18.810664415359497,1,0
1936,1720,-107.78836536133643,107.78836536133643,"64,66,105",N-3,3,490,True,0.0,0,0.0,0.0,0.0,0.0,0.0,1,12,0.0,1,0
1937,1721,-127.52234287443194,127.52234287443194,"2,7",common_bus_N-2,2,1312,True,0.0,0,0.0,0.0,0.0,0.0,0.0,1,35,152.86923336982727,1,0
1938,1722,-138.86434682115157,138.86434682115157,"64,66,75,105",N-4,4,376,True,0.0,0,0.0,0.0,0.0,0.0,0.0,1,54,144.45197224617004,1,0
1940,1723,-133.3288502445239,133.3288502445239,"74,75,98",N-3,3,878,True,0.0,0,0.0,0.0,0.0,0.0,0.0,2,41,77.96818256378174,2,0
1941,1724,-112.3443667579642,112.3443667579642,"122,123,126,152",N-4,4,1501,True,0.0,0,0.0,0.0,0.0,0.0,0.0,1,18,235.74749779701233,1,0
1942,1725,-105.92354664157513,105.92354664157513,"66,67,74",N-3,3,1634,True,0.0,0,0.0,0.0,0.0,0.0,0.0,1,10,0.0,1,0
1944,1726,-113.67170484155324,113.67170484155324,"65,68,69,105",N-4,4,1098,True,0.0,0,0.0,0.0,0.0,0.0,0.0,2,19,0.0,2,0
1945,1727,-102.08885497012598,102.08885497012598,"157,166",common_bus_N-2,2,1678,True,0.0,0,0.0,0.0,0.0,0.0,0.0,1,5,28.592114627361298,1,0
1946,1728,-119.868007149186,119.868007149186,"66,68,74,105",N-4,4,202,True,0.0,0,0.0,0.0,0.0,0.0,0.0,1,27,80.66079020500183,1,0
1948,1729,-3.180132669324475,3.180132669324475,"141,142,153",N-3,3,1132,True,0.0,0,0.0,0.0,0.0,0.0,0.0,2,7,0.0,2,0
1949,1730,-116.58028673251731,116.58028673251731,"83,84,88,92",N-4,4,1959,True,0.0,0,0.0,0.0,0.0,0.0,0.0,1,23,25.24528080224991,1,0
1950,1731,-110.53057383764724,110.53057383764724,"140,153",common_bus_N-2,2,168,True,0.0,0,0.0,0.0,0.0,0.0,0.0,1,14,62.24625587463379,1,0
1951,1732,-148.52786474659894,148.52786474659894,"66,69,75",N-3,3,393,True,0.0,0,0.0,0.0,0.0,0.0,0.0,1,70,616.4640905857086,1,0
1952,1733,-105.92354664157513,105.92354664157513,"67,69,75,105",N-4,4,1636,True,0.0,0,0.0,0.0,0.0,0.0,0.0,1,11,0.0,1,0
1953,1734,-103.05544664514919,103.05544664514919,"89,94",common_bus_N-2,2,1688,True,0.0,0,0.0,0.0,0.0,0.0,0.0,1,6,0.0,1,0
1954,1735,-107.80415979792294,107.80415979792294,"97,99",common_bus_N-2,2,1209,True,0.0,0,0.0,0.0,0.0,0.0,0.0,1,11,69.7809693813324,1,0
1955,1736,-126.82495539991743,126.82495539991743,"144,146,154",N-3,3,972,True,0.0,0,0.0,0.0,0.0,0.0,0.0,1,35,350.38758289813995,1,0
1956,1737,-109.63275984656907,109.63275984656907,"65,67,70,98",N-4,4,870,True,0.0,0,0.0,0.0,0.0,0.0,0.0,1,15,62.77359962463379,1,0
1957,1738,-104.9798864042426,104.9798864042426,"68,69,74,75",N-4,4,1134,True,0.0,0,0.0,0.0,0.0,0.0,0.0,1,10,9.272098302841187,1,0
1958,1739,-109.64411137768975,109.64411137768975,"122,126,147,152",N-4,4,764,True,0.0,0,0.0,0.0,0.0,0.0,0.0,1,15,120.12322998046875,1,0
1959,1740,-100.1,100.1,"58,59",common_bus_N-2,2,1298,True,0.0,0,0.0,0.0,0.0,0.0,0.0,1,3,18.83866238594055,1,0
1960,1741,-108.7359620265172,108.7359620265172,"126,147,150,151",N-4,4,878,True,0.0,0,0.0,0.0,0.0,0.0,0.0,1,14,120.22665345668793,1,0
1961,1742,-100.1,100.1,"61,67",common_bus_N-2,2,1289,True,0.0,0,0.0,0.0,0.0,0.0,0.0,1,3,0.0,1,0
1962,1743,-118.28424826446565,118.28424826446565,"117,120,122",N-3,3,147,True,0.0,0,0.0,0.0,0.0,0.0,0.0,1,24,287.1412498950958,1,0
1963,1744,-104.0455728221557,104.0455728221557,"118,120,122,127",N-4,4,1375,True,0.0,0,0.0,0.0,0.0,0.0,0.0,1,9,80.8185019493103,1,0
1964,1745,-100.1,100.1,"12,16,19,183",N-4,4,536,True,0.0,0,0.0,0.0,0.0,0.0,0.0,1,5,18.091986179351807,1,0
1965,1746,-119.06962820826182,119.06962820826182,"84,88,92",N-3,3,1239,True,0.0,0,0.0,0.0,0.0,0.0,0.0,1,25,129.2486925125122,1,0
1966,1747,-100.1,100.1,"22,23",common_bus_N-2,2,924,True,0.0,0,0.0,0.0,0.0,0.0,0.0,1,3,0.0,1,0
1967,1748,-133.78007447723112,133.78007447723112,"115,119",common_bus_N-2,2,670,True,0.0,0,0.0,0.0,0.0,0.0,0.0,1,44,237.209370970726,1,0
1968,1749,-111.41762158052376,111.41762158052376,"83,84,85,86",N-4,4,549,True,0.0,0,0.0,0.0,0.0,0.0,0.0,1,17,35.494555592536926,1,0
1969,1750,-100.1,100.1,"33,34",common_bus_N-2,2,590,True,0.0,0,0.0,0.0,0.0,0.0,0.0,1,3,16.635899484157562,1,0
1970,1751,-119.05275067338088,119.05275067338088,"64,69,75,105",N-4,4,1824,True,0.0,0,0.0,0.0,0.0,0.0,0.0,1,26,53.64645195007324,1,0
1971,1752,-118.27745260699947,118.27745260699947,"135,138,140,141",N-4,4,296,True,0.0,0,0.0,0.0,0.0,0.0,0.0,1,25,208.71007829904556,1,0
1972,1753,-100.1,100.1,"142,143,160",N-3,3,1030,True,0.0,0,0.0,0.0,0.0,0.0,0.0,1,4,0.0,1,0
1973,1754,-116.58948050903781,116.58948050903781,"64,65,70",N-3,3,40,True,0.0,0,0.0,0.0,0.0,0.0,0.0,1,22,72.79362201690674,1,0
1974,1755,-110.5279722417391,110.5279722417391,"136,137,138,140",N-4,4,1747,True,0.0,0,0.0,0.0,0.0,0.0,0.0,1,16,43.03445482254028,1,0
1975,1756,-104.02105608476768,104.02105608476768,"140,144,153",N-3,3,1646,True,0.0,0,0.0,0.0,0.0,0.0,0.0,1,8,0.0,1,0
1976,1757,-128.94872333170173,128.94872333170173,"66,98,105",N-3,3,960,True,0.0,0,0.0,0.0,0.0,0.0,0.0,1,38,131.4139325618744,1,0
1977,1758,-134.45600465521167,134.45600465521167,"115,118",common_bus_N-2,2,393,True,0.0,0,0.0,0.0,0.0,0.0,0.0,1,45,331.0772535800934,1,0
1978,1759,-105.94004829174014,105.94004829174014,"64,66,70,105",N-4,4,1729,True,0.0,0,0.0,0.0,0.0,0.0,0.0,1,11,58.195186257362366,1,0
1980,1760,-125.03560607879392,125.03560607879392,"83,85,86,92",N-4,4,1664,True,0.0,0,0.0,0.0,0.0,0.0,0.0,2,32,57.454904079437256,2,0
1981,1761,-100.1,100.1,"100,102",common_bus_N-2,2,1392,True,0.0,0,0.0,0.0,0.0,0.0,0.0,1,3,20.753215312957764,1,0
1982,1762,-100.1,100.1,"179,181",common_bus_N-2,2,1379,True,0.0,0,0.0,0.0,0.0,0.0,0.0,1,3,6.25244665145874,1,0
1983,1763,-106.86061800940517,106.86061800940517,"98,99,101,102",N-4,4,1030,True,0.0,0,0.0,0.0,0.0,0.0,0.0,1,12,0.0,1,0
1985,1764,-108.07463482085609,108.07463482085609,"78,79",common_bus_N-2,2,506,True,0.0,0,0.0,0.0,0.0,0.0,0.0,2,11,66.68269085884094,2,0
1986,1765,-133.12869098336165,133.12869098336165,"85,86,88,92",N-4,4,85,True,0.0,0,0.0,0.0,0.0,0.0,0.0,1,45,304.48191553354263,1,0
1987,1766,-114.91367390865939,114.91367390865939,"117,118,119,122",N-4,4,309,True,0.0,0,0.0,0.0,0.0,0.0,0.0,1,21,123.75114345550537,1,0
1988,1767,-126.7845358721491,126.7845358721491,"130,131,134",N-3,3,721,True,0.0,0,0.0,0.0,0.0,0.0,0.0,1,35,147.29106426239014,1,0
1989,1768,-100.1,100.1,"180,181",common_bus_N-2,2,1376,True,0.0,0,0.0,0.0,0.0,0.0,0.0,1,3,17.097365021705627,1,0
1990,1769,-107.80486701150144,107.80486701150144,"68,70,75,105",N-4,4,1105,True,0.0,0,0.0,0.0,0.0,0.0,0.0,1,13,57.07827568054199,1,0
1991,1770,-115.73823309755163,115.73823309755163,"11,13,14,16",N-4,4,435,True,0.0,0,0.0,0.0,0.0,0.0,0.0,1,22,23.889808654785156,1,0
1992,1771,-133.78985150997903,133.78985150997903,"66,69,74,98",N-4,4,663,True,0.0,0,0.0,0.0,0.0,0.0,0.0,1,46,286.1483625769615,1,0
1993,1772,-119.8940890863547,119.8940890863547,"140,143,153,160",N-4,4,1582,True,0.0,0,0.0,0.0,0.0,0.0,0.0,1,27,199.00704324245453,1,0
1995,1773,-113.67170484155324,113.67170484155324,"66,69,75,97",N-4,4,1128,True,0.0,0,0.0,0.0,0.0,0.0,0.0,2,19,0.0,2,0
1996,1774,-110.51894384894219,110.51894384894219,"158,159,162,166",N-4,4,477,True,0.0,0,0.0,0.0,0.0,0.0,0.0,1,16,10.018340349197388,1,0
1997,1775,-125.28731603799449,125.28731603799449,"141,143,153,160",N-4,4,621,True,0.0,0,0.0,0.0,0.0,0.0,0.0,1,34,67.91840815544128,1,0
1998,1776,-107.79473028354293,107.79473028354293,"130,131,134",N-3,3,291,True,0.0,0,0.0,0.0,0.0,0.0,0.0,1,12,25.145350635051727,1,0
1999,1777,-100.1,100.1,"64,66",common_bus_N-2,2,783,True,0.0,0,0.0,0.0,0.0,0.0,0.0,1,3,0.0,1,0
2000,1778,-116.63356348876437,116.63356348876437,"140,141,142",N-3,3,836,True,0.0,0,0.0,0.0,0.0,0.0,0.0,1,22,220.1826390028,1,0
2001,1779,-100.1,100.1,"130,131,132,134",N-4,4,1858,True,0.0,0,0.0,0.0,0.0,0.0,0.0,1,5,0.0,1,0
2002,1780,-119.87122251398317,119.87122251398317,"65,66,68,75",N-4,4,785,True,0.0,0,0.0,0.0,0.0,0.0,0.0,1,27,92.58876633644104,1,0
2003,1781,-138.8923996264321,138.8923996264321,"66,68,70",N-3,3,376,True,0.0,0,0.0,0.0,0.0,0.0,0.0,1,53,294.61305844783783,1,0
2005,1782,-112.82191555265761,112.82191555265761,"74,83",common_bus_N-2,2,256,True,0.0,0,0.0,0.0,0.0,0.0,0.0,2,16,45.12090289592743,2,0
2006,1783,-118.23824010945783,118.23824010945783,"74,75",common_bus_N-2,2,1539,True,0.0,0,0.0,0.0,0.0,0.0,0.0,1,23,51.833106994628906,1,0
2007,1784,-100.1,100.1,"0,12",common_bus_N-2,2,394,True,0.0,0,0.0,0.0,0.0,0.0,0.0,1,3,25.126185417175293,1,0
2008,1785,-104.02105608476768,104.02105608476768,"65,67,69,97",N-4,4,1688,True,0.0,0,0.0,0.0,0.0,0.0,0.0,1,9,0.0,1,0
2009,1786,-121.45065095133617,121.45065095133617,"69,98",common_bus_N-2,2,83,True,0.0,0,0.0,0.0,0.0,0.0,0.0,1,27,66.26665985584259,1,0
2010,1787,-107.79991651645193,107.79991651645193,"32,33",common_bus_N-2,2,795,True,0.0,0,0.0,0.0,0.0,0.0,0.0,1,11,43.26461464166641,1,0
2011,1788,-126.81721171372384,126.81721171372384,"140,143,144",N-3,3,993,True,0.0,0,0.0,0.0,0.0,0.0,0.0,1,35,306.5947791337967,1,0
2012,1789,-138.30319486728357,138.30319486728357,"66,74,97,98",N-4,4,697,True,0.0,0,0.0,0.0,0.0,0.0,0.0,1,53,427.7220267057419,1,0
2013,1790,-100.1,100.1,"19,21",common_bus_N-2,2,247,True,0.0,0,0.0,0.0,0.0,0.0,0.0,1,3,21.87255620956421,1,0
2014,1791,-123.04545757742868,123.04545757742868,"135,136,140",N-3,3,1019,True,0.0,0,0.0,0.0,0.0,0.0,0.0,1,30,221.92312598228455,1,0
2015,1792,-140.07886233019715,140.07886233019715,"66,67,74,105",N-4,4,974,True,0.0,0,0.0,0.0,0.0,0.0,0.0,1,56,149.73183250427246,1,0
2016,1793,-115.74506949547714,115.74506949547714,"151,152",common_bus_N-2,2,1805,True,0.0,0,0.0,0.0,0.0,0.0,0.0,1,20,54.29390621185303,1,0
2018,1794,-110.71625819640404,110.71625819640404,"68,105",common_bus_N-2,2,1557,True,0.0,0,0.0,0.0,0.0,0.0,0.0,2,14,0.0,2,0
2019,1795,-119.87441137577017,119.87441137577017,"65,70",common_bus_N-2,2,1850,True,0.0,0,0.0,0.0,0.0,0.0,0.0,1,25,125.48122107982635,1,0
2020,1796,-108.7184326279927,108.7184326279927,"48,49",common_bus_N-2,2,829,True,0.0,0,0.0,0.0,0.0,0.0,0.0,1,12,44.847586035728455,1,0
2021,1797,-0.1,0.1,"68,74,98",N-3,3,1658,True,0.0,0,0.0,0.0,0.0,0.0,0.0,1,4,0.0,1,0
2022,1798,-100.1,100.1,"88,94",common_bus_N-2,2,906,True,0.0,0,0.0,0.0,0.0,0.0,0.0,1,3,0.0,1,0
2023,1799,-109.65091166175058,109.65091166175058,"118,119,120,122",N-4,4,859,True,0.0,0,0.0,0.0,0.0,0.0,0.0,1,15,135.54943710565567,1,0
2024,1800,-100.1,100.1,"11,14,183",N-3,3,446,True,0.0,0,0.0,0.0,0.0,0.0,0.0,1,4,23.089599609375,1,0
2025,1801,-116.60103166415333,116.60103166415333,"153,159,162,163",N-4,4,1050,True,0.0,0,0.0,0.0,0.0,0.0,0.0,1,23,112.69739371538162,1,0
2026,1802,-100.1,100.1,"124,126,147,151",N-4,4,254,True,0.0,0,0.0,0.0,0.0,0.0,0.0,1,5,0.0,1,0
2027,1803,-111.41502846406927,111.41502846406927,"67,69,97,105",N-4,4,196,True,0.0,0,0.0,0.0,0.0,0.0,0.0,1,17,29.127098321914673,1,0
2028,1804,-104.99355920009361,104.99355920009361,"64,70,98",N-3,3,561,True,0.0,0,0.0,0.0,0.0,0.0,0.0,1,9,66.10880196094513,1,0
2029,1805,-100.1,100.1,"150,156",common_bus_N-2,2,790,True,0.0,0,0.0,0.0,0.0,0.0,0.0,1,3,13.743404746055603,1,0
2030,1806,-107.80486701150144,107.80486701150144,"65,67,70",N-3,3,1661,True,0.0,0,0.0,0.0,0.0,0.0,0.0,1,12,55.90850591659546,1,0
2031,1807,-123.02945578935406,123.02945578935406,"52,56",common_bus_N-2,2,352,True,0.0,0,0.0,0.0,0.0,0.0,0.0,1,29,178.1992506980896,1,0
2032,1808,-123.0188866813124,123.0188866813124,"66,67,70,75",N-4,4,468,True,0.0,0,0.0,0.0,0.0,0.0,0.0,1,31,107.28266501426697,1,0
2033,1809,-109.64996871031258,109.64996871031258,"117,120,122",N-3,3,1863,True,0.0,0,0.0,0.0,0.0,0.0,0.0,1,14,153.55182707309723,1,0
2034,1810,-115.74011900042764,115.74011900042764,"69,74,98,105",N-4,4,908,True,0.0,0,0.0,0.0,0.0,0.0,0.0,1,22,29.716240882873535,1,0
2035,1811,-107.79614471069993,107.79614471069993,"117,119,127",N-3,3,1176,True,0.0,0,0.0,0.0,0.0,0.0,0.0,1,12,31.45108723640442,1,0
2036,1812,-107.81688964233595,107.81688964233595,"64,67,68,75",N-4,4,228,True,0.0,0,0.0,0.0,0.0,0.0,0.0,1,13,109.76756972074509,1,0
2037,1813,-100.1,100.1,"67,69,98",N-3,3,308,True,0.0,0,0.0,0.0,0.0,0.0,0.0,1,4,0.0,1,0
2038,1814,-140.10621697946303,140.10621697946303,"64,65,66,68",N-4,4,671,True,0.0,0,0.0,0.0,0.0,0.0,0.0,1,56,298.64441430568695,1,0
2040,1815,-128.54858798109964,128.54858798109964,"147,148",common_bus_N-2,2,1206,True,0.0,0,0.0,0.0,0.0,0.0,0.0,2,34,179.7313449382782,2,0
2041,1816,-113.18303548887944,113.18303548887944,"65,66,69,75",N-4,4,270,True,0.0,0,0.0,0.0,0.0,0.0,0.0,1,19,67.77451515197754,1,0
2042,1817,-109.62097295359405,109.62097295359405,"64,67,69",N-3,3,768,True,0.0,0,0.0,0.0,0.0,0.0,0.0,1,14,20.27113437652588,1,0
2043,1818,-100.1,100.1,"140,142,143,144",N-4,4,1637,True,0.0,0,0.0,0.0,0.0,0.0,0.0,1,5,0.0,1,0
2044,1819,-100.1,100.1,"31,37",common_bus_N-2,2,1418,True,0.0,0,0.0,0.0,0.0,0.0,0.0,1,3,0.0,1,0
2045,1820,-119.0580770531463,119.0580770531463,"153,166",common_bus_N-2,2,1813,True,0.0,0,0.0,0.0,0.0,0.0,0.0,1,24,79.91956114768982,1,0
2046,1821,-100.1,100.1,"157,162,163,166",N-4,4,1725,True,0.0,0,0.0,0.0,0.0,0.0,0.0,1,5,0.0,1,0
2047,1822,-100.1,100.1,"134,135",common_bus_N-2,2,1128,True,0.0,0,0.0,0.0,0.0,0.0,0.0,1,3,0.0,1,0
2048,1823,-105.92354664157513,105.92354664157513,"77,79,84,85",N-4,4,1650,True,183.5634765625,0,-0.1418851613998413,6222.33837890625,5.07247257232666,0.08604799956083298,0.421875,1,11,0.0,1,0
