scenario_id,seed,path,first_line,second_line,converged,critical,total_load_shed_mw,island_load_shed_mw,redispatch_load_shed_mw,final_max_loading_ratio,final_outage_labels,num_final_outages,max_event_loading_ratio,max_pre_redispatch_loading_ratio,num_relay_trips,relay_trip_labels,num_passive_outages,has_overload_cascade,critical_mechanism,error
1,20260708,L001->L002,L001,L002,True,False,0.0,0.0,0.0,1.0000000000000122,"L001,L002,L018,L044,L045,L046,L060,L065,L102,L104,L109,L110,L111,L113,L115,L128,L134,L140,L150,L153,L154,L155,L156,L158,L160,L169,L178,L179,L182",29,38.94350690918843,38.94350690918843,27,"L018,L044,L045,L046,L060,L065,L102,L104,L109,L110,L111,L113,L115,L128,L134,L140,L150,L153,L154,L155,L156,L158,L160,L169,L178,L179,L182",27,True,non_critical,
1,20260708,L001->L003,L001,L003,True,False,0.0,0.0,0.0,1.0000000000000113,"L001,L003,L015,L018,L019",5,2.9197216881883166,2.9197216881883166,3,"L015,L018,L019",3,True,non_critical,
1,20260708,L001->L004,L001,L004,True,False,0.0,0.0,0.0,1.0000000000000007,"L001,L004,L014,L015,L018,L030,L044,L045,L046,L060,L065,L102,L104,L109,L110,L111,L113,L115,L128,L134,L140,L150,L153,L154,L155,L156,L158,L160,L169,L178,L179,L182",32,38.1344695803141,38.1344695803141,30,"L014,L015,L018,L030,L044,L045,L046,L060,L065,L102,L104,L109,L110,L111,L113,L115,L128,L134,L140,L150,L153,L154,L155,L156,L158,L160,L169,L178,L179,L182",30,True,non_critical,
1,20260708,L001->L005,L001,L005,True,False,0.0,0.0,0.0,1.0000000000000002,"L001,L005,L012,L015,L018,L019,L044,L045,L046,L054,L060,L102,L104,L109,L110,L111,L113,L115,L128,L134,L140,L150,L153,L154,L155,L156,L158,L160,L169,L178,L179,L182",32,38.455867114548504,38.455867114548504,30,"L012,L015,L018,L019,L044,L045,L046,L054,L060,L102,L104,L109,L110,L111,L113,L115,L128,L134,L140,L150,L153,L154,L155,L156,L158,L160,L169,L178,L179,L182",30,True,non_critical,
1,20260708,L001->L006,L001,L006,True,False,0.0,0.0,0.0,1.0000000000000113,"L001,L006",2,1.054940431904023,1.054940431904023,0,,0,False,non_critical,
1,20260708,L001->L007,L001,L007,True,False,0.0,0.0,0.0,1.0000000000000004,"L001,L007,L018,L019,L030,L045,L046,L060,L065,L102,L104,L109,L111,L112,L113,L115,L128,L134,L140,L150,L153,L154,L155,L156,L157,L158,L159,L160,L169,L178,L179,L182",32,44.112992538169344,44.112992538169344,30,"L018,L019,L030,L045,L046,L060,L065,L102,L104,L109,L111,L112,L113,L115,L128,L134,L140,L150,L153,L154,L155,L156,L157,L158,L159,L160,L169,L178,L179,L182",30,True,non_critical,
1,20260708,L001->L008,L001,L008,True,True,40.354199858188814,40.354199858188814,0.0,1.0000000000000004,"L001,L008,L014,L015,L017,L018,L019,L020,L022,L024,L026,L037,L044,L045,L046,L060,L102,L109,L110,L111,L113,L115,L128,L134,L140,L150,L153,L154,L155,L156,L157,L158,L160,L169,L178,L179,L182",37,65.15977608799152,65.15977608799152,35,"L014,L015,L017,L018,L019,L020,L022,L024,L026,L037,L044,L045,L046,L060,L102,L109,L110,L111,L113,L115,L128,L134,L140,L150,L153,L154,L155,L156,L157,L158,L160,L169,L178,L179,L182",35,True,relay_cascade,
1,20260708,L001->L009,L001,L009,True,False,0.0,0.0,0.0,1.0000000000000004,"L001,L009,L018,L019,L030,L045,L046,L060,L065,L102,L104,L109,L111,L112,L113,L115,L128,L134,L140,L150,L153,L154,L155,L156,L157,L158,L159,L160,L169,L178,L179,L182",32,44.112992538169344,44.112992538169344,30,"L018,L019,L030,L045,L046,L060,L065,L102,L104,L109,L111,L112,L113,L115,L128,L134,L140,L150,L153,L154,L155,L156,L157,L158,L159,L160,L169,L178,L179,L182",30,True,non_critical,
1,20260708,L001->L010,L001,L010,True,False,0.0,0.0,0.0,1.0000000000000029,"L001,L010,L015,L018",4,1.6228626103532195,1.6228626103532195,2,"L015,L018",2,True,non_critical,
1,20260708,L001->L011,L001,L011,True,False,0.0,0.0,0.0,1.000000000000023,"L001,L011,L015,L018,L019",5,2.2939221647373613,2.2939221647373613,3,"L015,L018,L019",3,True,non_critical,
1,20260708,L001->L012,L001,L012,True,True,25.67010059251546,25.67010059251546,0.0,1.0000000000000024,"L001,L012,L014,L015,L018,L019,L020,L022,L030,L044,L045,L046,L054,L060,L102,L109,L110,L111,L113,L115,L128,L134,L140,L150,L153,L154,L155,L156,L157,L158,L160,L169,L178,L179,L182",35,37.899680428034436,37.899680428034436,33,"L014,L015,L018,L019,L020,L022,L030,L044,L045,L046,L054,L060,L102,L109,L110,L111,L113,L115,L128,L134,L140,L150,L153,L154,L155,L156,L157,L158,L160,L169,L178,L179,L182",33,True,relay_cascade,
1,20260708,L001->L013,L001,L013,True,True,20.67354040745169,20.67354040745169,0.0,1.0000000000000062,"L001,L013,L018,L044,L045,L046,L060,L065,L102,L104,L109,L110,L111,L113,L115,L128,L134,L140,L150,L153,L154,L155,L156,L158,L160,L169,L178,L179,L182",29,38.60558557002037,38.60558557002037,27,"L018,L044,L045,L046,L060,L065,L102,L104,L109,L110,L111,L113,L115,L128,L134,L140,L150,L153,L154,L155,L156,L158,L160,L169,L178,L179,L182",27,True,relay_cascade,
1,20260708,L001->L014,L001,L014,True,False,0.0,0.0,0.0,1.0000000000000049,"L001,L014",2,1.0274707841478616,1.0274707841478616,0,,0,False,non_critical,
1,20260708,L001->L015,L001,L015,True,False,0.0,0.0,0.0,1.0000000000000675,"L001,L015",2,1.0005126421079626,1.0005126421079626,0,,0,False,non_critical,
1,20260708,L001->L016,L001,L016,True,True,31.514792047850804,31.514792047850804,0.0,1.0,"L001,L016,L018,L019,L044,L045,L046,L054,L060,L102,L104,L109,L110,L111,L113,L115,L128,L134,L140,L150,L153,L154,L155,L156,L158,L160,L169,L178,L179,L182",30,38.382005570610126,38.382005570610126,28,"L018,L019,L044,L045,L046,L054,L060,L102,L104,L109,L110,L111,L113,L115,L128,L134,L140,L150,L153,L154,L155,L156,L158,L160,L169,L178,L179,L182",28,True,relay_cascade,
1,20260708,L001->L017,L001,L017,True,True,14.684099265673353,14.684099265673353,0.0,1.0000000000000002,"L001,L017,L018,L019,L044,L045,L046,L060,L065,L102,L104,L109,L110,L111,L113,L115,L128,L134,L140,L150,L153,L154,L155,L156,L158,L160,L169,L178,L179,L182",30,38.72903526288175,38.72903526288175,28,"L018,L019,L044,L045,L046,L060,L065,L102,L104,L109,L110,L111,L113,L115,L128,L134,L140,L150,L153,L154,L155,L156,L158,L160,L169,L178,L179,L182",28,True,relay_cascade,
1,20260708,L001->L018,L001,L018,True,False,0.0,0.0,0.0,1.0000000000000058,"L001,L018",2,1.0000446044749443,1.0000446044749443,0,,0,False,non_critical,
1,20260708,L001->L019,L001,L019,True,False,0.0,0.0,0.0,1.000000000000023,"L001,L019",2,1.1509680403391374,1.1509680403391374,0,,0,False,non_critical,
1,20260708,L001->L020,L001,L020,True,False,0.0,0.0,0.0,1.0000000000000018,"L001,L018,L020",3,1.554659446762045,1.554659446762045,1,L018,1,True,non_critical,
1,20260708,L001->L021,L001,L021,True,True,22.50545676159403,22.50545676159403,0.0,1.0000000000000018,"L001,L018,L019,L021,L024,L026,L044,L045,L046,L048,L054,L060,L102,L104,L109,L110,L111,L113,L115,L128,L134,L140,L150,L153,L154,L155,L156,L158,L160,L169,L178,L179,L182",33,39.821681698792105,39.821681698792105,31,"L018,L019,L024,L026,L044,L045,L046,L048,L054,L060,L102,L104,L109,L110,L111,L113,L115,L128,L134,L140,L150,L153,L154,L155,L156,L158,L160,L169,L178,L179,L182",31,True,relay_cascade,
1,20260708,L001->L022,L001,L022,True,True,3.373982453970864,0.0,3.373982453970864,1.000000000000003,"L001,L022",2,1.1513260036121742,1.1513260036121742,0,,0,False,island_only,
1,20260708,L001->L023,L001,L023,True,False,0.0,0.0,0.0,1.0000000000000675,"L001,L018,L023,L178",4,2.145695426556032,2.145695426556032,2,"L018,L178",2,True,non_critical,
1,20260708,L001->L024,L001,L024,True,False,0.0,0.0,0.0,1.0000000000000029,"L001,L018,L024,L178",4,2.2340716462272954,2.2340716462272954,2,"L018,L178",2,True,non_critical,
1,20260708,L001->L025,L001,L025,True,False,0.0,0.0,0.0,1.000000000000002,"L001,L025",2,1.075037784942731,1.075037784942731,0,,0,False,non_critical,
1,20260708,L001->L026,L001,L026,True,False,0.0,0.0,0.0,1.0000000000000675,"L001,L026",2,1.0339267785953934,1.0339267785953934,0,,0,False,non_critical,
1,20260708,L001->L027,L001,L027,True,False,0.0,0.0,0.0,1.000000000000023,"L001,L018,L027,L115",4,1.413120335998693,1.413120335998693,2,"L018,L115",2,True,non_critical,
1,20260708,L001->L028,L001,L028,True,True,1.2263267694651248,0.0,1.2263267694651248,1.0000000000000675,"L001,L018,L028,L115",4,1.7628635124492,1.7628635124492,2,"L018,L115",2,True,relay_cascade,
1,20260708,L001->L029,L001,L029,True,True,42.3080770354206,42.3080770354206,0.0,1.0000000000000013,"L001,L018,L025,L029,L030,L044,L045,L046,L060,L065,L102,L104,L109,L110,L111,L113,L115,L128,L134,L140,L150,L153,L154,L155,L156,L158,L160,L169,L178,L179,L182",31,38.186252080211496,38.186252080211496,29,"L018,L025,L030,L044,L045,L046,L060,L065,L102,L104,L109,L110,L111,L113,L115,L128,L134,L140,L150,L153,L154,L155,L156,L158,L160,L169,L178,L179,L182",29,True,relay_cascade,
1,20260708,L001->L030,L001,L030,True,False,0.0,0.0,0.0,1.0000000000000675,"L001,L030",2,1.1197948966577955,1.1197948966577955,0,,0,False,non_critical,
1,20260708,L001->L031,L001,L031,True,False,0.0,0.0,0.0,1.0000000000000004,"L001,L018,L031,L044,L045,L046,L060,L065,L102,L104,L109,L110,L111,L113,L115,L128,L134,L140,L150,L153,L154,L155,L156,L158,L160,L169,L178,L179,L182",29,39.845486088452994,39.845486088452994,27,"L018,L044,L045,L046,L060,L065,L102,L104,L109,L110,L111,L113,L115,L128,L134,L140,L150,L153,L154,L155,L156,L158,L160,L169,L178,L179,L182",27,True,non_critical,
1,20260708,L001->L032,L001,L032,True,True,7.272188818003705,7.272188818003705,0.0,1.000000000000003,"L001,L018,L019,L025,L030,L032,L039,L040,L044,L045,L046,L060,L065,L102,L104,L109,L111,L112,L113,L115,L128,L134,L140,L150,L153,L154,L155,L156,L158,L160,L169,L178,L179,L180,L182,L186",36,40.69200152704845,40.69200152704845,34,"L018,L019,L025,L030,L039,L040,L044,L045,L046,L060,L065,L102,L104,L109,L111,L112,L113,L115,L128,L134,L140,L150,L153,L154,L155,L156,L158,L160,L169,L178,L179,L180,L182,L186",34,True,relay_cascade,
1,20260708,L001->L033,L001,L033,True,True,35.958503168233044,35.958503168233044,0.0,1.0000000000000013,"L001,L018,L019,L033,L039,L040,L043,L044,L045,L046,L054,L060,L102,L104,L109,L110,L111,L113,L115,L128,L134,L140,L149,L150,L153,L154,L155,L156,L158,L160,L169,L178,L179,L180,L182",35,39.64644612018001,39.64644612018001,33,"L018,L019,L039,L040,L043,L044,L045,L046,L054,L060,L102,L104,L109,L110,L111,L113,L115,L128,L134,L140,L149,L150,L153,L154,L155,L156,L158,L160,L169,L178,L179,L180,L182",33,True,relay_cascade,
1,20260708,L001->L034,L001,L034,True,True,41.04569367595296,41.04569367595296,0.0,1.0,"L001,L018,L030,L034,L040,L044,L045,L046,L060,L065,L102,L104,L109,L110,L111,L113,L115,L128,L134,L140,L150,L153,L154,L155,L156,L158,L160,L169,L178,L179,L182",31,38.175961252000874,38.175961252000874,29,"L018,L030,L040,L044,L045,L046,L060,L065,L102,L104,L109,L110,L111,L113,L115,L128,L134,L140,L150,L153,L154,L155,L156,L158,L160,L169,L178,L179,L182",29,True,relay_cascade,
1,20260708,L001->L035,L001,L035,True,True,1.3253703923010784,0.0,1.3253703923010784,1.0000000000000058,"L001,L035,L182",3,2.3847193797190247,2.3847193797190247,1,L182,1,True,relay_cascade,
1,20260708,L001->L036,L001,L036,True,False,0.0,0.0,0.0,1.000000000000004,"L001,L015,L018,L019,L020,L025,L036,L039,L045,L046,L048,L054,L060,L102,L104,L109,L110,L111,L113,L115,L128,L134,L140,L150,L153,L154,L155,L156,L158,L160,L169,L178,L179,L182",34,39.80229517533892,39.80229517533892,32,"L015,L018,L019,L020,L025,L039,L045,L046,L048,L054,L060,L102,L104,L109,L110,L111,L113,L115,L128,L134,L140,L150,L153,L154,L155,L156,L158,L160,L169,L178,L179,L182",32,True,non_critical,
1,20260708,L001->L037,L001,L037,True,True,14.684099265673353,14.684099265673353,0.0,1.0000000000000004,"L001,L015,L017,L018,L019,L020,L037,L044,L045,L046,L060,L102,L109,L110,L111,L113,L115,L128,L134,L140,L150,L153,L154,L155,L156,L157,L158,L159,L160,L169,L178,L179,L182",33,40.9991605996469,40.9991605996469,31,"L015,L017,L018,L019,L020,L044,L045,L046,L060,L102,L109,L110,L111,L113,L115,L128,L134,L140,L150,L153,L154,L155,L156,L157,L158,L159,L160,L169,L178,L179,L182",31,True,relay_cascade,
1,20260708,L001->L038,L001,L038,True,False,0.0,0.0,0.0,1.0000000000000027,"L001,L018,L030,L032,L038,L045,L046,L060,L065,L102,L104,L109,L110,L111,L113,L115,L128,L134,L140,L150,L153,L154,L155,L156,L157,L158,L159,L160,L169,L178,L179,L182",32,40.905161585632634,40.905161585632634,30,"L018,L030,L032,L045,L046,L060,L065,L102,L104,L109,L110,L111,L113,L115,L128,L134,L140,L150,L153,L154,L155,L156,L157,L158,L159,L160,L169,L178,L179,L182",30,True,non_critical,
1,20260708,L001->L039,L001,L039,True,False,0.0,0.0,0.0,1.0000000000000002,"L001,L018,L039,L044,L045,L046,L060,L065,L102,L104,L109,L110,L111,L113,L115,L128,L134,L140,L150,L153,L154,L155,L156,L158,L160,L169,L178,L179,L182",29,39.78364527874345,39.78364527874345,27,"L018,L044,L045,L046,L060,L065,L102,L104,L109,L110,L111,L113,L115,L128,L134,L140,L150,L153,L154,L155,L156,L158,L160,L169,L178,L179,L182",27,True,non_critical,
1,20260708,L001->L040,L001,L040,True,False,0.0,0.0,0.0,1.0000000000000058,"L001,L040,L182",3,4.026030720909013,4.026030720909013,1,L182,1,True,non_critical,
1,20260708,L001->L041,L001,L041,True,False,0.0,0.0,0.0,1.0000000000000002,"L001,L018,L041,L044,L045,L046,L060,L065,L102,L104,L109,L110,L111,L113,L115,L128,L134,L140,L150,L153,L154,L155,L156,L158,L160,L169,L178,L179,L182",29,38.53959648464423,38.53959648464423,27,"L018,L044,L045,L046,L060,L065,L102,L104,L109,L110,L111,L113,L115,L128,L134,L140,L150,L153,L154,L155,L156,L158,L160,L169,L178,L179,L182",27,True,non_critical,
1,20260708,L001->L042,L001,L042,True,False,0.0,0.0,0.0,1.0,"L001,L042,L182",3,5.526023579558803,5.526023579558803,1,L182,1,True,non_critical,
1,20260708,L001->L043,L001,L043,True,False,0.0,0.0,0.0,1.0000000000000113,"L001,L043,L178,L182",4,5.384841076241242,5.384841076241242,2,"L178,L182",2,True,non_critical,
1,20260708,L001->L044,L001,L044,True,False,0.0,0.0,0.0,1.000000000000007,"L001,L044,L045,L115",4,1.715518091316654,1.715518091316654,2,"L045,L115",2,True,non_critical,
1,20260708,L001->L045,L001,L045,True,False,0.0,0.0,0.0,1.0000000000000675,"L001,L045",2,1.0695390632619908,1.0695390632619908,0,,0,False,non_critical,
1,20260708,L001->L046,L001,L046,True,False,0.0,0.0,0.0,1.0000000000000675,"L001,L046",2,1.0066401395138747,1.0066401395138747,0,,0,False,non_critical,
1,20260708,L001->L047,L001,L047,True,True,31.300605334860514,31.300605334860514,0.0,1.0000000000000018,"L001,L018,L044,L045,L046,L047,L056,L057,L060,L065,L077,L078,L082,L095,L102,L104,L109,L110,L111,L113,L115,L128,L134,L140,L150,L153,L154,L155,L156,L158,L160,L169,L178,L179,L182",35,38.391957906800286,38.391957906800286,33,"L018,L044,L045,L046,L056,L057,L060,L065,L077,L078,L082,L095,L102,L104,L109,L110,L111,L113,L115,L128,L134,L140,L150,L153,L154,L155,L156,L158,L160,L169,L178,L179,L182",33,True,relay_cascade,
1,20260708,L001->L048,L001,L048,True,False,0.0,0.0,0.0,1.0000000000000049,"L001,L018,L048",3,1.2378403446957382,1.2378403446957382,1,L018,1,True,non_critical,
1,20260708,L001->L049,L001,L049,True,False,0.0,0.0,0.0,1.000000000000005,"L001,L018,L044,L045,L046,L049,L060,L065,L102,L104,L109,L110,L111,L113,L115,L128,L134,L140,L150,L153,L154,L155,L156,L158,L160,L169,L178,L179,L182",29,39.21900571098568,39.21900571098568,27,"L018,L044,L045,L046,L060,L065,L102,L104,L109,L110,L111,L113,L115,L128,L134,L140,L150,L153,L154,L155,L156,L158,L160,L169,L178,L179,L182",27,True,non_critical,
1,20260708,L001->L050,L001,L050,True,True,33.88157185629734,33.88157185629734,0.0,1.0,"L001,L018,L044,L045,L046,L050,L059,L060,L061,L065,L102,L104,L109,L110,L111,L113,L115,L128,L134,L140,L150,L153,L154,L155,L156,L158,L160,L169,L178,L179,L182",31,39.077189311493875,39.077189311493875,29,"L018,L044,L045,L046,L059,L060,L061,L065,L102,L104,L109,L110,L111,L113,L115,L128,L134,L140,L150,L153,L154,L155,L156,L158,L160,L169,L178,L179,L182",29,True,relay_cascade,
1,20260708,L001->L051,L001,L051,True,True,59.27261934980908,59.27261934980908,0.0,1.0000000000000004,"L001,L018,L019,L024,L044,L045,L046,L048,L051,L056,L057,L058,L060,L065,L077,L078,L082,L095,L102,L104,L109,L110,L111,L112,L113,L115,L128,L134,L140,L149,L150,L153,L154,L155,L156,L158,L159,L160,L169,L178,L179,L182",42,38.636682449357764,38.636682449357764,40,"L018,L019,L024,L044,L045,L046,L048,L056,L057,L058,L060,L065,L077,L078,L082,L095,L102,L104,L109,L110,L111,L112,L113,L115,L128,L134,L140,L149,L150,L153,L154,L155,L156,L158,L159,L160,L169,L178,L179,L182",40,True,relay_cascade,
1,20260708,L001->L052,L001,L052,True,False,0.0,0.0,0.0,1.0000000000000024,"L001,L052,L060,L115",4,1.3331135399688283,1.3331135399688283,2,"L060,L115",2,True,non_critical,
1,20260708,L001->L053,L001,L053,True,False,0.0,0.0,0.0,1.000000000000002,"L001,L053,L060,L115",4,1.2765994478117497,1.2765994478117497,2,"L060,L115",2,True,non_critical,
1,20260708,L001->L054,L001,L054,True,False,0.0,0.0,0.0,1.0000000000000004,"L001,L018,L019,L030,L044,L045,L046,L054,L060,L065,L102,L104,L109,L110,L111,L113,L114,L115,L128,L134,L140,L150,L153,L154,L155,L156,L157,L158,L159,L160,L169,L178,L179,L182",34,38.53959648464427,38.53959648464427,32,"L018,L019,L030,L044,L045,L046,L060,L065,L102,L104,L109,L110,L111,L113,L114,L115,L128,L134,L140,L150,L153,L154,L155,L156,L157,L158,L159,L160,L169,L178,L179,L182",32,True,non_critical,
1,20260708,L001->L055,L001,L055,True,False,0.0,0.0,0.0,1.0000000000000113,"L001,L055",2,1.105506709617152,1.105506709617152,0,,0,False,non_critical,
1,20260708,L001->L056,L001,L056,True,False,0.0,0.0,0.0,1.0000000000000382,"L001,L056",2,1.023691878487175,1.023691878487175,0,,0,False,non_critical,
1,20260708,L001->L057,L001,L057,True,False,0.0,0.0,0.0,1.0000000000000675,"L001,L057,L102",3,1.214164289052206,1.214164289052206,1,L102,1,True,non_critical,
1,20260708,L001->L058,L001,L058,True,False,0.0,0.0,0.0,1.0000000000000455,"L001,L018,L045,L057,L058,L060,L065,L102,L104,L109,L111,L115,L128,L178,L182,L186",16,2.6174190413953813,2.6174190413953813,14,"L018,L045,L057,L060,L065,L102,L104,L109,L111,L115,L128,L178,L182,L186",14,True,non_critical,
1,20260708,L001->L059,L001,L059,True,True,18.346497960874867,18.346497960874867,0.0,1.0000000000000004,"L001,L018,L044,L045,L046,L059,L060,L065,L102,L104,L109,L110,L111,L113,L115,L128,L134,L140,L150,L153,L154,L155,L156,L158,L160,L169,L178,L179,L182",29,38.69005686454383,38.69005686454383,27,"L018,L044,L045,L046,L060,L065,L102,L104,L109,L110,L111,L113,L115,L128,L134,L140,L150,L153,L154,L155,L156,L158,L160,L169,L178,L179,L182",27,True,relay_cascade,
1,20260708,L001->L060,L001,L060,True,False,0.0,0.0,0.0,1.000000000000023,"L001,L060",2,1.1032544898990888,1.1032544898990888,0,,0,False,non_critical,
1,20260708,L001->L061,L001,L061,True,True,33.88157185629734,33.88157185629734,0.0,1.0000000000000033,"L001,L018,L044,L045,L046,L060,L061,L065,L102,L104,L109,L110,L111,L113,L115,L128,L134,L140,L150,L153,L154,L155,L156,L158,L160,L169,L178,L179,L182",29,38.36580935799015,38.36580935799015,27,"L018,L044,L045,L046,L060,L065,L102,L104,L109,L110,L111,L113,L115,L128,L134,L140,L150,L153,L154,L155,L156,L158,L160,L169,L178,L179,L182",27,True,relay_cascade,
1,20260708,L001->L062,L001,L062,True,False,0.0,0.0,0.0,1.0000000000000007,"L001,L018,L030,L044,L045,L046,L060,L062,L064,L065,L102,L104,L109,L111,L112,L113,L115,L128,L134,L140,L150,L153,L154,L155,L156,L157,L158,L160,L169,L178,L179,L182,L186",33,38.84214619184263,38.84214619184263,31,"L018,L030,L044,L045,L046,L060,L064,L065,L102,L104,L109,L111,L112,L113,L115,L128,L134,L140,L150,L153,L154,L155,L156,L157,L158,L160,L169,L178,L179,L182,L186",31,True,non_critical,
1,20260708,L001->L063,L001,L063,True,False,0.0,0.0,0.0,1.0000000000000007,"L001,L063",2,1.0053443579937615,1.0053443579937615,0,,0,False,non_critical,
1,20260708,L001->L064,L001,L064,True,False,0.0,0.0,0.0,1.0000000000000113,"L001,L064,L065,L128",4,1.2792374379738807,1.2792374379738807,2,"L065,L128",2,True,non_critical,
1,20260708,L001->L065,L001,L065,True,False,0.0,0.0,0.0,1.000000000000023,"L001,L065",2,1.1249676717701107,1.1249676717701107,0,,0,False,non_critical,
1,20260708,L001->L066,L001,L066,True,False,0.0,0.0,0.0,1.000000000000019,"L001,L066,L102",3,1.3590193067966163,1.3590193067966163,1,L102,1,True,non_critical,
1,20260708,L001->L067,L001,L067,True,False,0.0,0.0,0.0,1.000000000000019,"L001,L067,L102",3,1.3590193067966163,1.3590193067966163,1,L102,1,True,non_critical,
1,20260708,L001->L068,L001,L068,True,False,0.0,0.0,0.0,1.000000000000002,"L001,L060,L068,L102",4,1.913495744030484,1.913495744030484,2,"L060,L102",2,True,non_critical,
1,20260708,L001->L069,L001,L069,True,False,0.0,0.0,0.0,1.000000000000023,"L001,L069",2,1.1078953093341195,1.1078953093341195,0,,0,False,non_critical,
1,20260708,L001->L070,L001,L070,True,False,0.0,0.0,0.0,1.0000000000000675,"L001,L070",2,1.1830635139586767,1.1830635139586767,0,,0,False,non_critical,
1,20260708,L001->L071,L001,L071,True,True,70.56694602954056,70.56694602954056,0.0,1.0000000000000018,"L001,L018,L044,L045,L046,L060,L065,L071,L073,L074,L082,L102,L104,L109,L110,L111,L113,L115,L128,L134,L140,L149,L150,L153,L154,L155,L156,L158,L160,L169,L178,L179,L182",33,37.616244852786856,37.616244852786856,31,"L018,L044,L045,L046,L060,L065,L073,L074,L082,L102,L104,L109,L110,L111,L113,L115,L128,L134,L140,L149,L150,L153,L154,L155,L156,L158,L160,L169,L178,L179,L182",31,True,relay_cascade,
1,20260708,L001->L072,L001,L072,True,True,3.2519812514692075,0.0,3.2519812514692075,1.000000000000023,"L001,L072",2,1.082046527824238,1.082046527824238,0,,0,False,island_only,
1,20260708,L001->L073,L001,L073,True,False,0.0,0.0,0.0,1.0000000000000022,"L001,L073",2,1.0559626648261051,1.0559626648261051,0,,0,False,non_critical,
1,20260708,L001->L074,L001,L074,True,False,0.0,0.0,0.0,1.0000000000000675,"L001,L074,L082",3,1.7041892452735745,1.7041892452735745,1,L082,1,True,non_critical,
1,20260708,L001->L075,L001,L075,True,False,0.0,0.0,0.0,1.0000000000000024,"L001,L075",2,1.033727446505151,1.033727446505151,0,,0,False,non_critical,
1,20260708,L001->L076,L001,L076,True,False,0.0,0.0,0.0,1.000000000000008,"L001,L076",2,1.033446557068178,1.033446557068178,0,,0,False,non_critical,
1,20260708,L001->L077,L001,L077,True,False,0.0,0.0,0.0,1.0000000000000675,"L001,L077",2,1.0039060714723052,1.0039060714723052,0,,0,False,non_critical,
1,20260708,L001->L078,L001,L078,True,False,0.0,0.0,0.0,1.0000000000000675,"L001,L078",2,1.0034276844210832,1.0034276844210832,0,,0,False,non_critical,
1,20260708,L001->L079,L001,L079,True,False,0.0,0.0,0.0,1.0000000000000113,"L001,L077,L079",3,1.2532258967796983,1.2532258967796983,1,L077,1,True,non_critical,
1,20260708,L001->L080,L001,L080,True,False,0.0,0.0,0.0,1.0000000000000675,"L001,L080",2,1.080791367538813,1.080791367538813,0,,0,False,non_critical,
1,20260708,L001->L081,L001,L081,True,False,0.0,0.0,0.0,1.0000000000000675,"L001,L081",2,1.0343557700591988,1.0343557700591988,0,,0,False,non_critical,
1,20260708,L001->L082,L001,L082,True,False,0.0,0.0,0.0,1.000000000000023,"L001,L082",2,1.0268401097918902,1.0268401097918902,0,,0,False,non_critical,
1,20260708,L001->L083,L001,L083,True,False,0.0,0.0,0.0,1.000000000000023,"L001,L083",2,1.0107049453488106,1.0107049453488106,0,,0,False,non_critical,
1,20260708,L001->L084,L001,L084,True,False,0.0,0.0,0.0,1.0000000000000675,"L001,L084",2,1.0661685676913712,1.0661685676913712,0,,0,False,non_critical,
1,20260708,L001->L085,L001,L085,True,False,0.0,0.0,0.0,1.000000000000023,"L001,L085",2,1.0557484765059324,1.0557484765059324,0,,0,False,non_critical,
1,20260708,L001->L086,L001,L086,True,False,0.0,0.0,0.0,1.000000000000023,"L001,L086",2,1.0591962687188012,1.0591962687188012,0,,0,False,non_critical,
1,20260708,L001->L087,L001,L087,True,False,0.0,0.0,0.0,1.0000000000000675,"L001,L087",2,1.0784022610414026,1.0784022610414026,0,,0,False,non_critical,
1,20260708,L001->L088,L001,L088,True,False,0.0,0.0,0.0,1.0000000000000675,"L001,L088",2,1.038154889116795,1.038154889116795,0,,0,False,non_critical,
1,20260708,L001->L089,L001,L089,True,False,0.0,0.0,0.0,1.0000000000000022,"L001,L089",2,1.040588959352188,1.040588959352188,0,,0,False,non_critical,
1,20260708,L001->L090,L001,L090,True,False,0.0,0.0,0.0,1.0000000000000018,"L001,L018,L019,L044,L045,L046,L054,L060,L082,L089,L090,L091,L092,L095,L102,L109,L110,L111,L113,L115,L128,L134,L140,L150,L153,L154,L155,L156,L157,L158,L160,L169,L178,L179,L182",35,41.35998205144589,41.35998205144589,33,"L018,L019,L044,L045,L046,L054,L060,L082,L089,L091,L092,L095,L102,L109,L110,L111,L113,L115,L128,L134,L140,L150,L153,L154,L155,L156,L157,L158,L160,L169,L178,L179,L182",33,True,non_critical,
1,20260708,L001->L091,L001,L091,True,False,0.0,0.0,0.0,1.000000000000023,"L001,L091",2,1.00119042232744,1.00119042232744,0,,0,False,non_critical,
1,20260708,L001->L092,L001,L092,True,False,0.0,0.0,0.0,1.0000000000000675,"L001,L060,L065,L082,L091,L092,L102",7,1.3284553572729585,1.3284553572729585,5,"L060,L065,L082,L091,L102",5,True,non_critical,
1,20260708,L001->L093,L001,L093,True,False,0.0,0.0,0.0,1.0000000000000675,"L001,L060,L093",3,1.2543991141348039,1.2543991141348039,1,L060,1,True,non_critical,
1,20260708,L001->L094,L001,L094,True,False,0.0,0.0,0.0,1.0000000000000675,"L001,L060,L094",3,1.2543991141348063,1.2543991141348063,1,L060,1,True,non_critical,
1,20260708,L001->L095,L001,L095,True,False,0.0,0.0,0.0,1.000000000000028,"L001,L095,L102,L128",4,1.8011858658960163,1.8011858658960163,2,"L102,L128",2,True,non_critical,
1,20260708,L001->L096,L001,L096,True,True,36.767162588215044,36.767162588215044,0.0,1.0,"L001,L018,L046,L056,L057,L058,L060,L096,L102,L109,L110,L111,L113,L115,L128,L134,L140,L150,L153,L154,L155,L156,L157,L158,L160,L169,L178,L179,L182",29,39.7401234100658,39.7401234100658,27,"L018,L046,L056,L057,L058,L060,L102,L109,L110,L111,L113,L115,L128,L134,L140,L150,L153,L154,L155,L156,L157,L158,L160,L169,L178,L179,L182",27,True,relay_cascade,
1,20260708,L001->L097,L001,L097,True,False,0.0,0.0,0.0,1.0000000000000113,"L001,L045,L060,L065,L097,L102",6,3.2616234639026884,3.2616234639026884,4,"L045,L060,L065,L102",4,True,non_critical,
1,20260708,L001->L098,L001,L098,True,False,0.0,0.0,0.0,1.000000000000023,"L001,L060,L065,L098,L102",5,2.877056298800671,2.877056298800671,3,"L060,L065,L102",3,True,non_critical,
1,20260708,L001->L099,L001,L099,True,False,0.0,0.0,0.0,1.000000000000023,"L001,L060,L065,L099,L102",5,2.877056298800671,2.877056298800671,3,"L060,L065,L102",3,True,non_critical,
1,20260708,L001->L100,L001,L100,True,False,0.0,0.0,0.0,1.000000000000014,"L001,L100,L102",3,1.5942723240644177,1.5942723240644177,1,L102,1,True,non_critical,
1,20260708,L001->L101,L001,L101,True,False,0.0,0.0,0.0,1.0000000000000049,"L001,L101",2,1.1878111889668923,1.1878111889668923,0,,0,False,non_critical,
1,20260708,L001->L102,L001,L102,True,False,0.0,0.0,0.0,1.0000000000000036,"L001,L102",2,1.0818134153755536,1.0818134153755536,0,,0,False,non_critical,
1,20260708,L001->L103,L001,L103,True,False,0.0,0.0,0.0,1.0000000000000013,"L001,L102,L103,L128",4,2.0590280628427085,2.0590280628427085,2,"L102,L128",2,True,non_critical,
1,20260708,L001->L104,L001,L104,True,False,0.0,0.0,0.0,1.0000000000000115,"L001,L045,L065,L102,L104,L109,L111,L115,L178,L182,L186",11,3.1961937155785938,3.1961937155785938,9,"L045,L065,L102,L109,L111,L115,L178,L182,L186",9,True,non_critical,
1,20260708,L001->L105,L001,L105,True,False,0.0,0.0,0.0,1.0000000000000004,"L001,L018,L030,L044,L045,L046,L060,L065,L102,L104,L105,L109,L111,L112,L113,L115,L128,L134,L140,L150,L153,L154,L155,L156,L157,L158,L160,L169,L178,L179,L182,L186",32,38.84214619184263,38.84214619184263,30,"L018,L030,L044,L045,L046,L060,L065,L102,L104,L109,L111,L112,L113,L115,L128,L134,L140,L150,L153,L154,L155,L156,L157,L158,L160,L169,L178,L179,L182,L186",30,True,non_critical,
1,20260708,L001->L106,L001,L106,True,False,0.0,0.0,0.0,1.0,"L001,L018,L030,L044,L045,L046,L060,L064,L065,L102,L104,L106,L109,L111,L112,L113,L115,L128,L134,L140,L150,L153,L154,L155,L156,L157,L158,L160,L169,L178,L179,L182,L186",33,38.84214619184263,38.84214619184263,31,"L018,L030,L044,L045,L046,L060,L064,L065,L102,L104,L109,L111,L112,L113,L115,L128,L134,L140,L150,L153,L154,L155,L156,L157,L158,L160,L169,L178,L179,L182,L186",31,True,non_critical,
1,20260708,L001->L107,L001,L107,True,False,0.0,0.0,0.0,1.0000000000000098,"L001,L045,L065,L102,L107,L109,L111,L115,L128,L155,L178,L182",12,13.147638755941502,13.147638755941502,10,"L045,L065,L102,L109,L111,L115,L128,L155,L178,L182",10,True,non_critical,
1,20260708,L001->L108,L001,L108,True,False,0.0,0.0,0.0,1.0000000000000002,"L001,L018,L044,L045,L046,L060,L065,L102,L104,L108,L109,L110,L111,L113,L115,L128,L134,L140,L150,L153,L154,L155,L156,L158,L160,L169,L178,L179,L182,L186",30,39.83084627506282,39.83084627506282,28,"L018,L044,L045,L046,L060,L065,L102,L104,L109,L110,L111,L113,L115,L128,L134,L140,L150,L153,L154,L155,L156,L158,L160,L169,L178,L179,L182,L186",28,True,non_critical,
1,20260708,L001->L109,L001,L109,True,False,0.0,0.0,0.0,1.0000000000000675,"L001,L109,L115",3,1.3302318461575746,1.3302318461575746,1,L115,1,True,non_critical,
1,20260708,L001->L110,L001,L110,True,False,0.0,0.0,0.0,1.0,"L001,L018,L044,L045,L046,L060,L065,L102,L104,L109,L110,L111,L115,L128,L134,L140,L150,L153,L154,L155,L156,L158,L160,L169,L178,L179,L182",27,40.58352335787945,40.58352335787945,25,"L018,L044,L045,L046,L060,L065,L102,L104,L109,L111,L115,L128,L134,L140,L150,L153,L154,L155,L156,L158,L160,L169,L178,L179,L182",25,True,non_critical,
1,20260708,L001->L111,L001,L111,True,False,0.0,0.0,0.0,1.000000000000023,"L001,L111",2,1.1381431845976369,1.1381431845976369,0,,0,False,non_critical,
1,20260708,L001->L112,L001,L112,True,False,0.0,0.0,0.0,1.0000000000000027,"L001,L018,L044,L045,L046,L060,L065,L102,L104,L109,L111,L112,L113,L115,L128,L134,L140,L150,L153,L154,L155,L156,L158,L160,L169,L178,L179,L182",28,39.75408736049701,39.75408736049701,26,"L018,L044,L045,L046,L060,L065,L102,L104,L109,L111,L113,L115,L128,L134,L140,L150,L153,L154,L155,L156,L158,L160,L169,L178,L179,L182",26,True,non_critical,
1,20260708,L001->L113,L001,L113,True,False,0.0,0.0,0.0,1.0000000000000027,"L001,L018,L044,L045,L046,L060,L065,L102,L104,L109,L111,L112,L113,L115,L128,L134,L140,L150,L153,L154,L155,L156,L158,L160,L169,L178,L179,L182",28,39.860974269500126,39.860974269500126,26,"L018,L044,L045,L046,L060,L065,L102,L104,L109,L111,L112,L115,L128,L134,L140,L150,L153,L154,L155,L156,L158,L160,L169,L178,L179,L182",26,True,non_critical,
1,20260708,L001->L114,L001,L114,True,False,0.0,0.0,0.0,1.0000000000000675,"L001,L114,L115",3,2.2006931374439747,2.2006931374439747,1,L115,1,True,non_critical,
1,20260708,L001->L115,L001,L115,True,False,0.0,0.0,0.0,1.0000000000000058,"L001,L115",2,1.01542850542862,1.01542850542862,0,,0,False,non_critical,
1,20260708,L001->L116,L001,L116,True,False,0.0,0.0,0.0,1.0000000000000024,"L001,L115,L116,L178,L186",5,8.740703249527634,8.740703249527634,3,"L115,L178,L186",3,True,non_critical,
1,20260708,L001->L117,L001,L117,True,False,0.0,0.0,0.0,1.0000000000000675,"L001,L117",2,1.1118120539104805,1.1118120539104805,0,,0,False,non_critical,
1,20260708,L001->L118,L001,L118,True,False,0.0,0.0,0.0,1.0000000000000004,"L001,L018,L044,L045,L046,L060,L065,L102,L104,L109,L110,L111,L113,L115,L118,L128,L134,L140,L150,L153,L154,L155,L156,L158,L160,L169,L178,L179,L182,L186",30,38.4390659068809,38.4390659068809,28,"L018,L044,L045,L046,L060,L065,L102,L104,L109,L110,L111,L113,L115,L128,L134,L140,L150,L153,L154,L155,L156,L158,L160,L169,L178,L179,L182,L186",28,True,non_critical,
1,20260708,L001->L119,L001,L119,True,False,0.0,0.0,0.0,1.0000000000000004,"L001,L018,L044,L045,L046,L060,L065,L102,L104,L109,L110,L111,L113,L114,L115,L119,L120,L126,L127,L128,L134,L140,L150,L153,L154,L155,L156,L158,L160,L169,L178,L179,L182,L186",34,38.07079290957111,38.07079290957111,32,"L018,L044,L045,L046,L060,L065,L102,L104,L109,L110,L111,L113,L114,L115,L120,L126,L127,L128,L134,L140,L150,L153,L154,L155,L156,L158,L160,L169,L178,L179,L182,L186",32,True,non_critical,
1,20260708,L001->L120,L001,L120,True,False,0.0,0.0,0.0,1.0000000000000095,"L001,L120",2,1.0150644479883597,1.0150644479883597,0,,0,False,non_critical,
1,20260708,L001->L121,L001,L121,True,False,0.0,0.0,0.0,1.000000000000023,"L001,L121,L128,L155",4,10.246621347766796,10.246621347766796,2,"L128,L155",2,True,non_critical,
1,20260708,L001->L122,L001,L122,True,False,0.0,0.0,0.0,1.000000000000023,"L001,L122,L128",3,2.2656495811505937,2.2656495811505937,1,L128,1,True,non_critical,
1,20260708,L001->L123,L001,L123,True,False,0.0,0.0,0.0,1.000000000000023,"L001,L123",2,1.0581064635084265,1.0581064635084265,0,,0,False,non_critical,
1,20260708,L001->L124,L001,L124,True,False,0.0,0.0,0.0,1.0000000000000226,"L001,L124",2,1.0197446614856338,1.0197446614856338,0,,0,False,non_critical,
1,20260708,L001->L125,L001,L125,True,False,0.0,0.0,0.0,1.000000000000023,"L001,L125,L128",3,1.653575615662898,1.653575615662898,1,L128,1,True,non_critical,
1,20260708,L001->L126,L001,L126,True,False,0.0,0.0,0.0,1.0000000000000675,"L001,L115,L126,L128,L155",5,7.50569421845052,7.50569421845052,3,"L115,L128,L155",3,True,non_critical,
1,20260708,L001->L127,L001,L127,True,False,0.0,0.0,0.0,1.0000000000000029,"L001,L115,L127,L128,L155",5,7.505694218450509,7.505694218450509,3,"L115,L128,L155",3,True,non_critical,
1,20260708,L001->L128,L001,L128,True,False,0.0,0.0,0.0,1.000000000000004,"L001,L128",2,1.0028276240403964,1.0028276240403964,0,,0,False,non_critical,
1,20260708,L001->L129,L001,L129,True,True,58.608730684473244,58.608730684473244,0.0,1.000000000000001,"L001,L018,L044,L045,L046,L060,L102,L109,L110,L111,L113,L115,L128,L129,L134,L140,L149,L150,L153,L155,L156,L158,L159,L160,L169,L178,L179,L182",28,19.33707750429255,19.33707750429255,26,"L018,L044,L045,L046,L060,L102,L109,L110,L111,L113,L115,L128,L134,L140,L149,L150,L153,L155,L156,L158,L159,L160,L169,L178,L179,L182",26,True,relay_cascade,
1,20260708,L001->L130,L001,L130,True,False,0.0,0.0,0.0,1.0000000000000675,"L001,L128,L130",3,4.276028213643845,4.276028213643845,1,L128,1,True,non_critical,
1,20260708,L001->L131,L001,L131,True,False,0.0,0.0,0.0,1.0000000000000007,"L001,L128,L131,L155,L156,L158",6,6.734706129927784,6.734706129927784,4,"L128,L155,L156,L158",4,True,non_critical,
1,20260708,L001->L132,L001,L132,True,False,0.0,0.0,0.0,1.0000000000000675,"L001,L128,L132",3,5.372009330526909,5.372009330526909,1,L128,1,True,non_critical,
1,20260708,L001->L133,L001,L133,True,True,20.77635989697293,20.77635989697293,0.0,1.0000000000000004,"L001,L018,L044,L045,L046,L060,L065,L102,L104,L109,L110,L111,L113,L115,L128,L133,L134,L140,L150,L153,L154,L155,L156,L157,L158,L160,L169,L178,L179,L182",30,40.375411271775086,40.375411271775086,28,"L018,L044,L045,L046,L060,L065,L102,L104,L109,L110,L111,L113,L115,L128,L134,L140,L150,L153,L154,L155,L156,L157,L158,L160,L169,L178,L179,L182",28,True,relay_cascade,
1,20260708,L001->L134,L001,L134,True,False,0.0,0.0,0.0,1.0,"L001,L018,L044,L045,L046,L060,L065,L102,L104,L109,L110,L111,L113,L115,L128,L134,L140,L150,L153,L154,L155,L156,L158,L160,L169,L178,L179,L182",28,41.57568429542691,41.57568429542691,26,"L018,L044,L045,L046,L060,L065,L102,L104,L109,L110,L111,L113,L115,L128,L140,L150,L153,L154,L155,L156,L158,L160,L169,L178,L179,L182",26,True,non_critical,
1,20260708,L001->L135,L001,L135,True,False,0.0,0.0,0.0,1.0000000000000113,"L001,L128,L135",3,1.7157928028710252,1.7157928028710252,1,L128,1,True,non_critical,
1,20260708,L001->L136,L001,L136,True,False,0.0,0.0,0.0,1.0000000000000029,"L001,L128,L136",3,3.6821347369446835,3.6821347369446835,1,L128,1,True,non_critical,
1,20260708,L001->L137,L001,L137,True,False,0.0,0.0,0.0,1.0000000000000113,"L001,L128,L137",3,6.486919038749256,6.486919038749256,1,L128,1,True,non_critical,
1,20260708,L001->L138,L001,L138,True,False,0.0,0.0,0.0,1.000000000000023,"L001,L128,L138,L140",4,1.7492186498487414,1.7492186498487414,2,"L128,L140",2,True,non_critical,
1,20260708,L001->L139,L001,L139,True,False,0.0,0.0,0.0,1.000000000000023,"L001,L128,L139,L140",4,3.1208596271603226,3.1208596271603226,2,"L128,L140",2,True,non_critical,
1,20260708,L001->L140,L001,L140,True,False,0.0,0.0,0.0,1.000000000000023,"L001,L128,L140",3,1.2546543597921291,1.2546543597921291,1,L128,1,True,non_critical,
1,20260708,L001->L141,L001,L141,True,False,0.0,0.0,0.0,1.0000000000000009,"L001,L128,L140,L141,L155,L156",6,5.3372330142556335,5.3372330142556335,4,"L128,L140,L155,L156",4,True,non_critical,
1,20260708,L001->L142,L001,L142,True,False,0.0,0.0,0.0,1.0000000000000058,"L001,L142",2,1.1089917910146498,1.1089917910146498,0,,0,False,non_critical,
1,20260708,L001->L143,L001,L143,True,False,0.0,0.0,0.0,1.000000000000005,"L001,L018,L044,L045,L046,L060,L065,L102,L104,L109,L110,L111,L113,L115,L128,L134,L140,L143,L149,L150,L153,L154,L155,L156,L157,L158,L160,L169,L178,L179,L182",31,40.65507551565515,40.65507551565515,29,"L018,L044,L045,L046,L060,L065,L102,L104,L109,L110,L111,L113,L115,L128,L134,L140,L149,L150,L153,L154,L155,L156,L157,L158,L160,L169,L178,L179,L182",29,True,non_critical,
1,20260708,L001->L144,L001,L144,True,False,0.0,0.0,0.0,1.0000000000000049,"L001,L128,L140,L144,L155,L156,L158",7,8.577396241479684,8.577396241479684,5,"L128,L140,L155,L156,L158",5,True,non_critical,
1,20260708,L001->L145,L001,L145,True,False,0.0,0.0,0.0,1.0000000000000675,"L001,L128,L145,L155,L156,L158",6,7.733148995066872,7.733148995066872,4,"L128,L155,L156,L158",4,True,non_critical,
1,20260708,L001->L146,L001,L146,True,False,0.0,0.0,0.0,1.0000000000000022,"L001,L128,L146,L155,L156,L158",6,6.7551139336487855,6.7551139336487855,4,"L128,L155,L156,L158",4,True,non_critical,
1,20260708,L001->L147,L001,L147,True,True,139.02370200842836,139.02370200842836,0.0,1.000000000000001,"L001,L018,L044,L045,L046,L060,L102,L109,L110,L111,L113,L115,L128,L129,L134,L140,L147,L148,L149,L150,L153,L154,L155,L156,L157,L158,L160,L169,L178,L179,L182",31,10.704610878950973,10.704610878950973,29,"L018,L044,L045,L046,L060,L102,L109,L110,L111,L113,L115,L128,L129,L134,L140,L148,L149,L150,L153,L154,L155,L156,L157,L158,L160,L169,L178,L179,L182",29,True,relay_cascade,
1,20260708,L001->L148,L001,L148,True,False,0.0,0.0,0.0,1.0000000000000058,"L001,L128,L148",3,3.0013493883140536,3.0013493883140536,1,L128,1,True,non_critical,
1,20260708,L001->L149,L001,L149,True,False,0.0,0.0,0.0,1.000000000000003,"L001,L128,L149",3,5.385904649023621,5.385904649023621,1,L128,1,True,non_critical,
1,20260708,L001->L150,L001,L150,True,False,0.0,0.0,0.0,1.000000000000023,"L001,L128,L140,L150,L155,L156,L158",7,3.4973081651076563,3.4973081651076563,5,"L128,L140,L155,L156,L158",5,True,non_critical,
1,20260708,L001->L151,L001,L151,True,False,0.0,0.0,0.0,1.0000000000000029,"L001,L128,L151,L155",4,5.696897819405891,5.696897819405891,2,"L128,L155",2,True,non_critical,
1,20260708,L001->L152,L001,L152,True,True,31.05817161312981,31.05817161312981,0.0,1.0000000000000007,"L001,L018,L044,L045,L046,L060,L102,L109,L110,L111,L113,L115,L128,L134,L140,L150,L152,L153,L154,L155,L156,L158,L160,L169,L178,L179,L182",27,10.919333272646087,10.919333272646087,25,"L018,L044,L045,L046,L060,L102,L109,L110,L111,L113,L115,L128,L134,L140,L150,L153,L154,L155,L156,L158,L160,L169,L178,L179,L182",25,True,relay_cascade,
1,20260708,L001->L153,L001,L153,True,False,0.0,0.0,0.0,1.0000000000000004,"L001,L128,L153,L155,L156,L158",6,3.88119772387325,3.88119772387325,4,"L128,L155,L156,L158",4,True,non_critical,
1,20260708,L001->L154,L001,L154,True,False,0.0,0.0,0.0,1.0000000000000675,"L001,L128,L154,L155",4,9.152587424444903,9.152587424444903,2,"L128,L155",2,True,non_critical,
1,20260708,L001->L155,L001,L155,True,False,0.0,0.0,0.0,1.0000000000000675,"L001,L155",2,1.0004323014302743,1.0004323014302743,0,,0,False,non_critical,
1,20260708,L001->L156,L001,L156,True,False,0.0,0.0,0.0,1.0000000000000049,"L001,L156",2,1.025310153252351,1.025310153252351,0,,0,False,non_critical,
1,20260708,L001->L157,L001,L157,True,False,0.0,0.0,0.0,1.0000000000000675,"L001,L155,L157",3,1.2690605383470468,1.2690605383470468,1,L155,1,True,non_critical,
1,20260708,L001->L158,L001,L158,True,False,0.0,0.0,0.0,1.000000000000028,"L001,L128,L155,L158",4,2.6694031240392775,2.6694031240392775,2,"L128,L155",2,True,non_critical,
1,20260708,L001->L159,L001,L159,True,False,0.0,0.0,0.0,1.000000000000001,"L001,L128,L155,L156,L159",5,11.062558193162866,11.062558193162866,3,"L128,L155,L156",3,True,non_critical,
1,20260708,L001->L160,L001,L160,True,False,0.0,0.0,0.0,1.000000000000023,"L001,L128,L155,L160",4,5.474392291977746,5.474392291977746,2,"L128,L155",2,True,non_critical,
1,20260708,L001->L161,L001,L161,True,False,0.0,0.0,0.0,1.000000000000023,"L001,L128,L155,L161",4,12.906872195573127,12.906872195573127,2,"L128,L155",2,True,non_critical,
1,20260708,L001->L162,L001,L162,True,False,0.0,0.0,0.0,1.000000000000023,"L001,L128,L155,L162",4,11.506071866788641,11.506071866788641,2,"L128,L155",2,True,non_critical,
1,20260708,L001->L163,L001,L163,True,False,0.0,0.0,0.0,1.0000000000000455,"L001,L163",2,1.000000000000023,1.000000000000023,0,,0,False,non_critical,
1,20260708,L001->L164,L001,L164,True,False,0.0,0.0,0.0,1.000000000000001,"L001,L164",2,1.000727932629104,1.000727932629104,0,,0,False,non_critical,
1,20260708,L001->L165,L001,L165,True,False,0.0,0.0,0.0,1.0000000000000047,"L001,L165",2,1.0427879264031288,1.0427879264031288,0,,0,False,non_critical,
1,20260708,L001->L166,L001,L166,True,False,0.0,0.0,0.0,1.000000000000003,"L001,L166",2,1.000000000000023,1.000000000000023,0,,0,False,non_critical,
1,20260708,L001->L167,L001,L167,True,False,0.0,0.0,0.0,1.000000000000023,"L001,L167,L169",3,1.5739814905530007,1.5739814905530007,1,L169,1,True,non_critical,
1,20260708,L001->L168,L001,L168,True,False,0.0,0.0,0.0,1.0000000000000016,"L001,L168",2,1.0000000000000675,1.0000000000000675,0,,0,False,non_critical,
1,20260708,L001->L169,L001,L169,True,False,0.0,0.0,0.0,1.0000000000000033,"L001,L169",2,1.000000000000023,1.000000000000023,0,,0,False,non_critical,
1,20260708,L001->L170,L001,L170,True,False,0.0,0.0,0.0,1.0000000000000033,"L001,L170",2,1.073379299738059,1.073379299738059,0,,0,False,non_critical,
1,20260708,L001->L171,L001,L171,True,False,0.0,0.0,0.0,1.0000000000000029,"L001,L171",2,1.0280501028610018,1.0280501028610018,0,,0,False,non_critical,
1,20260708,L001->L172,L001,L172,True,False,0.0,0.0,0.0,1.0000000000000675,"L001,L172",2,1.1814683253876759,1.1814683253876759,0,,0,False,non_critical,
1,20260708,L001->L173,L001,L173,True,False,0.0,0.0,0.0,1.0000000000000004,"L001,L173",2,1.0147402711746916,1.0147402711746916,0,,0,False,non_critical,
1,20260708,L001->L174,L001,L174,True,False,0.0,0.0,0.0,1.0000000000000675,"L001,L174",2,1.000000000000023,1.000000000000023,0,,0,False,non_critical,
1,20260708,L001->L175,L001,L175,True,False,0.0,0.0,0.0,1.0000000000000675,"L001,L175",2,1.000000000000023,1.000000000000023,0,,0,False,non_critical,
1,20260708,L001->L176,L001,L176,True,False,0.0,0.0,0.0,1.0000000000000004,"L001,L018,L044,L045,L046,L060,L102,L109,L110,L111,L113,L115,L128,L134,L140,L155,L156,L158,L169,L176,L178,L179,L182",23,28.517657292073018,28.517657292073018,21,"L018,L044,L045,L046,L060,L102,L109,L110,L111,L113,L115,L128,L134,L140,L155,L156,L158,L169,L178,L179,L182",21,True,non_critical,
1,20260708,L001->L177,L001,L177,True,False,0.0,0.0,0.0,1.0000000000000004,"L001,L018,L044,L045,L046,L060,L102,L104,L109,L110,L111,L113,L115,L128,L134,L140,L148,L150,L153,L154,L155,L156,L157,L158,L159,L160,L169,L177,L178,L179,L182",31,43.09809048327401,43.09809048327401,29,"L018,L044,L045,L046,L060,L102,L104,L109,L110,L111,L113,L115,L128,L134,L140,L148,L150,L153,L154,L155,L156,L157,L158,L159,L160,L169,L178,L179,L182",29,True,non_critical,
1,20260708,L001->L178,L001,L178,True,False,0.0,0.0,0.0,1.0000000000000113,"L001,L178",2,1.021886765797766,1.021886765797766,0,,0,False,non_critical,
1,20260708,L001->L179,L001,L179,True,False,0.0,0.0,0.0,1.0000000000000022,"L001,L179",2,1.113550071668227,1.113550071668227,0,,0,False,non_critical,
1,20260708,L001->L180,L001,L180,True,True,7.272188818003705,7.272188818003705,0.0,1.0000000000000024,"L001,L018,L044,L045,L046,L060,L065,L102,L104,L109,L110,L111,L113,L115,L128,L134,L140,L150,L153,L154,L155,L156,L158,L160,L169,L178,L179,L180,L182",29,38.880091754232375,38.880091754232375,27,"L018,L044,L045,L046,L060,L065,L102,L104,L109,L110,L111,L113,L115,L128,L134,L140,L150,L153,L154,L155,L156,L158,L160,L169,L178,L179,L182",27,True,relay_cascade,
1,20260708,L001->L181,L001,L181,True,True,28.04448492287076,28.04448492287076,0.0,1.0000000000000016,"L001,L018,L030,L044,L045,L046,L060,L065,L102,L104,L109,L110,L111,L113,L115,L128,L134,L140,L150,L153,L154,L155,L156,L158,L160,L169,L178,L179,L180,L181,L182",31,38.43006881411311,38.43006881411311,29,"L018,L030,L044,L045,L046,L060,L065,L102,L104,L109,L110,L111,L113,L115,L128,L134,L140,L150,L153,L154,L155,L156,L158,L160,L169,L178,L179,L180,L182",29,True,relay_cascade,
1,20260708,L001->L182,L001,L182,True,False,0.0,0.0,0.0,1.0000000000000226,"L001,L182",2,1.000397470483015,1.000397470483015,0,,0,False,non_critical,
1,20260708,L001->L183,L001,L183,True,True,81.35922639729833,81.35922639729833,0.0,1.0000000000000004,"L001,L018,L044,L045,L046,L060,L065,L102,L104,L109,L110,L111,L113,L115,L128,L134,L140,L149,L150,L153,L154,L155,L156,L158,L159,L160,L169,L178,L179,L182,L183",31,36.2666726213722,36.2666726213722,29,"L018,L044,L045,L046,L060,L065,L102,L104,L109,L110,L111,L113,L115,L128,L134,L140,L149,L150,L153,L154,L155,L156,L158,L159,L160,L169,L178,L179,L182",29,True,relay_cascade,
1,20260708,L001->L184,L001,L184,True,True,21.648461416338748,21.648461416338748,0.0,1.0,"L001,L018,L044,L045,L046,L060,L065,L102,L104,L109,L110,L111,L113,L115,L128,L134,L140,L150,L153,L154,L155,L156,L158,L160,L169,L178,L179,L182,L184",29,38.585476625874655,38.585476625874655,27,"L018,L044,L045,L046,L060,L065,L102,L104,L109,L110,L111,L113,L115,L128,L134,L140,L150,L153,L154,L155,L156,L158,L160,L169,L178,L179,L182",27,True,relay_cascade,
1,20260708,L001->L185,L001,L185,True,True,35.11713329264434,35.11713329264434,0.0,1.0000000000000002,"L001,L018,L044,L045,L046,L060,L102,L109,L110,L111,L113,L115,L128,L134,L140,L150,L153,L154,L155,L156,L158,L160,L169,L178,L179,L182,L185,L186",28,38.24563920157638,38.24563920157638,26,"L018,L044,L045,L046,L060,L102,L109,L110,L111,L113,L115,L128,L134,L140,L150,L153,L154,L155,L156,L158,L160,L169,L178,L179,L182,L186",26,True,relay_cascade,
1,20260708,L001->L186,L001,L186,True,False,0.0,0.0,0.0,1.0000000000000675,"L001,L115,L128,L186",4,1.9046408967784978,1.9046408967784978,2,"L115,L128",2,True,non_critical,
1,20260708,L002->L001,L002,L001,True,False,0.0,0.0,0.0,1.0000000000000122,"L001,L002,L018,L044,L045,L046,L060,L065,L102,L104,L109,L110,L111,L113,L115,L128,L134,L140,L150,L153,L154,L155,L156,L158,L160,L169,L178,L179,L182",29,1.1352229154055902,1.1352229154055902,0,,27,False,non_critical,
1,20260708,L002->L003,L002,L003,True,False,0.0,0.0,0.0,1.0000000000000007,"L001,L002,L003,L018,L044,L045,L046,L060,L065,L102,L104,L109,L110,L111,L113,L115,L128,L134,L140,L150,L153,L154,L155,L156,L158,L160,L169,L178,L179,L182",30,1.1352229154055973,1.1352229154055973,0,,28,False,non_critical,
1,20260708,L002->L004,L002,L004,True,True,38.8500870832418,38.8500870832418,0.0,1.0000000000000002,"L001,L002,L004,L014,L018,L044,L045,L046,L054,L056,L060,L065,L102,L104,L109,L110,L111,L113,L115,L128,L134,L140,L150,L153,L154,L155,L156,L158,L160,L169,L178,L179,L182",33,1.5366275131737128,1.5366275131737128,3,"L014,L054,L056",31,True,relay_cascade,
1,20260708,L002->L005,L002,L005,True,False,0.0,0.0,0.0,1.0000000000000007,"L001,L002,L005,L018,L019,L044,L045,L046,L060,L065,L102,L104,L109,L110,L111,L113,L115,L128,L134,L140,L150,L153,L154,L155,L156,L158,L160,L169,L178,L179,L182",31,1.224626536895426,1.224626536895426,1,L019,29,True,non_critical,
1,20260708,L002->L006,L002,L006,True,False,0.0,0.0,0.0,1.0000000000000149,"L001,L002,L006,L018,L044,L045,L046,L060,L065,L102,L104,L109,L110,L111,L113,L115,L128,L134,L140,L150,L153,L154,L155,L156,L158,L160,L169,L178,L179,L182",30,1.1657030313875498,1.1657030313875498,0,,28,False,non_critical,
1,20260708,L002->L007,L002,L007,True,False,0.0,0.0,0.0,1.0000000000000009,"L001,L002,L007,L018,L019,L044,L045,L046,L060,L065,L102,L104,L109,L110,L111,L113,L115,L128,L134,L140,L150,L153,L154,L155,L156,L158,L160,L169,L178,L179,L182",31,3.3934082710196716,3.3934082710196716,1,L019,29,True,non_critical,
1,20260708,L002->L008,L002,L008,True,True,40.354199858188814,40.354199858188814,0.0,1.0000000000000002,"L001,L002,L008,L017,L018,L019,L020,L022,L037,L044,L045,L046,L060,L065,L102,L104,L109,L110,L111,L113,L115,L128,L134,L140,L150,L153,L154,L155,L156,L158,L160,L169,L178,L179,L182",35,11.272944695650121,11.272944695650121,5,"L017,L019,L020,L022,L037",33,True,relay_cascade,
1,20260708,L002->L009,L002,L009,True,False,0.0,0.0,0.0,1.0000000000000004,"L001,L002,L009,L018,L019,L044,L045,L046,L060,L065,L102,L104,L109,L110,L111,L113,L115,L128,L134,L140,L150,L153,L154,L155,L156,L158,L160,L169,L178,L179,L182",31,3.3934082710197147,3.3934082710197147,1,L019,29,True,non_critical,
1,20260708,L002->L010,L002,L010,True,False,0.0,0.0,0.0,1.0000000000000024,"L001,L002,L010,L018,L044,L045,L046,L060,L065,L102,L104,L109,L110,L111,L113,L115,L128,L134,L140,L150,L153,L154,L155,L156,L158,L160,L169,L178,L179,L182",30,1.1411426168101801,1.1411426168101801,0,,28,False,non_critical,
1,20260708,L002->L011,L002,L011,True,False,0.0,0.0,0.0,1.0000000000000122,"L001,L002,L011,L018,L044,L045,L046,L060,L065,L102,L104,L109,L110,L111,L113,L115,L128,L134,L140,L150,L153,L154,L155,L156,L158,L160,L169,L178,L179,L182",30,1.199211701737992,1.199211701737992,0,,28,False,non_critical,
1,20260708,L002->L012,L002,L012,True,False,0.0,0.0,0.0,1.0000000000000002,"L001,L002,L012,L018,L044,L045,L046,L060,L065,L102,L104,L109,L110,L111,L113,L115,L128,L134,L140,L150,L153,L154,L155,L156,L158,L160,L169,L178,L179,L182",30,1.1352229154055937,1.1352229154055937,0,,28,False,non_critical,
1,20260708,L002->L013,L002,L013,True,True,20.67354040745169,20.67354040745169,0.0,1.0000000000000062,"L001,L002,L013,L018,L044,L045,L046,L060,L065,L102,L104,L109,L110,L111,L113,L115,L128,L134,L140,L150,L153,L154,L155,L156,L158,L160,L169,L178,L179,L182",30,1.1953160519890225,1.1953160519890225,0,,28,False,island_only,
1,20260708,L002->L014,L002,L014,True,False,0.0,0.0,0.0,1.0000000000000122,"L001,L002,L014,L018,L044,L045,L046,L060,L065,L102,L104,L109,L110,L111,L113,L115,L128,L134,L140,L150,L153,L154,L155,L156,L158,L160,L169,L178,L179,L182",30,1.1352229154055937,1.1352229154055937,0,,28,False,non_critical,
1,20260708,L002->L015,L002,L015,True,False,0.0,0.0,0.0,1.0000000000000115,"L001,L002,L015,L018,L044,L045,L046,L060,L065,L102,L104,L109,L110,L111,L113,L115,L128,L134,L140,L150,L153,L154,L155,L156,L158,L160,L169,L178,L179,L182",30,1.1352229154055973,1.1352229154055973,0,,28,False,non_critical,
1,20260708,L002->L016,L002,L016,True,True,31.514792047850804,31.514792047850804,0.0,1.0000000000000002,"L001,L002,L016,L018,L044,L045,L046,L054,L056,L060,L065,L102,L104,L109,L110,L111,L113,L115,L128,L134,L140,L150,L153,L154,L155,L156,L158,L160,L169,L178,L179,L182",32,1.2336892082733981,1.2336892082733981,2,"L054,L056",30,True,relay_cascade,
1,20260708,L002->L017,L002,L017,True,True,14.684099265673353,14.684099265673353,0.0,1.0,"L001,L002,L017,L018,L019,L044,L045,L046,L060,L065,L102,L104,L109,L110,L111,L113,L115,L128,L134,L140,L150,L153,L154,L155,L156,L158,L160,L169,L178,L179,L182",31,1.7873420388102486,1.7873420388102486,1,L019,29,True,relay_cascade,
1,20260708,L002->L018,L002,L018,True,False,0.0,0.0,0.0,1.0000000000000122,"L001,L002,L018,L044,L045,L046,L060,L065,L102,L104,L109,L110,L111,L113,L115,L128,L134,L140,L150,L153,L154,L155,L156,L158,L160,L169,L178,L179,L182",29,1.1352229154055902,1.1352229154055902,0,,27,False,non_critical,
1,20260708,L002->L019,L002,L019,True,False,0.0,0.0,0.0,1.0000000000000004,"L001,L002,L018,L019,L044,L045,L046,L060,L065,L102,L104,L109,L110,L111,L113,L115,L128,L134,L140,L150,L153,L154,L155,L156,L158,L160,L169,L178,L179,L182",30,1.1352229154055937,1.1352229154055937,0,,28,False,non_critical,
1,20260708,L002->L020,L002,L020,True,False,0.0,0.0,0.0,1.0000000000000002,"L001,L002,L018,L020,L044,L045,L046,L060,L065,L102,L104,L109,L110,L111,L113,L115,L128,L134,L140,L150,L153,L154,L155,L156,L158,L160,L169,L178,L179,L182",30,1.1352229154055937,1.1352229154055937,0,,28,False,non_critical,
1,20260708,L002->L021,L002,L021,True,False,0.0,0.0,0.0,1.0000000000000033,"L001,L002,L018,L021,L044,L045,L046,L060,L065,L102,L104,L109,L110,L111,L113,L115,L128,L134,L140,L150,L153,L154,L155,L156,L158,L160,L169,L178,L179,L182",30,1.1352229154055973,1.1352229154055973,0,,28,False,non_critical,
1,20260708,L002->L022,L002,L022,True,True,3.373982453970864,0.0,3.373982453970864,1.0000000000000009,"L001,L002,L018,L019,L022,L044,L045,L046,L060,L065,L102,L104,L109,L110,L111,L113,L115,L128,L134,L140,L150,L153,L154,L155,L156,L158,L160,L169,L178,L179,L182",31,1.4837172687973035,1.4837172687973035,1,L019,29,True,relay_cascade,
1,20260708,L002->L023,L002,L023,True,False,0.0,0.0,0.0,1.0000000000000002,"L001,L002,L018,L023,L044,L045,L046,L060,L065,L102,L104,L109,L110,L111,L113,L115,L128,L134,L140,L150,L153,L154,L155,L156,L158,L160,L169,L178,L179,L182",30,1.1352229154055902,1.1352229154055902,0,,28,False,non_critical,
1,20260708,L002->L024,L002,L024,True,False,0.0,0.0,0.0,1.0000000000000122,"L001,L002,L018,L024,L044,L045,L046,L060,L065,L102,L104,L109,L110,L111,L113,L115,L128,L134,L140,L150,L153,L154,L155,L156,L158,L160,L169,L178,L179,L182",30,1.1352229154055902,1.1352229154055902,0,,28,False,non_critical,
1,20260708,L002->L025,L002,L025,True,False,0.0,0.0,0.0,1.0000000000000024,"L001,L002,L018,L025,L044,L045,L046,L060,L065,L102,L104,L109,L110,L111,L113,L115,L128,L134,L140,L150,L153,L154,L155,L156,L158,L160,L169,L178,L179,L182",30,1.1352229154055937,1.1352229154055937,0,,28,False,non_critical,
1,20260708,L002->L026,L002,L026,True,False,0.0,0.0,0.0,1.0000000000000033,"L001,L002,L018,L026,L044,L045,L046,L060,L065,L102,L104,L109,L110,L111,L113,L115,L128,L134,L140,L150,L153,L154,L155,L156,L158,L160,L169,L178,L179,L182",30,1.1352229154055937,1.1352229154055937,0,,28,False,non_critical,
1,20260708,L002->L027,L002,L027,True,False,0.0,0.0,0.0,1.0000000000000024,"L001,L002,L018,L027,L044,L045,L046,L060,L065,L102,L104,L109,L110,L111,L113,L115,L128,L134,L140,L150,L153,L154,L155,L156,L158,L160,L169,L178,L179,L182",30,1.1352229154055937,1.1352229154055937,0,,28,False,non_critical,
1,20260708,L002->L028,L002,L028,True,True,1.2263267694651137,0.0,1.2263267694651137,1.0000000000000122,"L001,L002,L018,L028,L044,L045,L046,L060,L065,L102,L104,L109,L110,L111,L113,L115,L128,L134,L140,L150,L153,L154,L155,L156,L158,L160,L169,L178,L179,L182",30,1.1352229154055937,1.1352229154055937,0,,28,False,island_only,
1,20260708,L002->L029,L002,L029,True,True,42.3080770354206,42.3080770354206,0.0,1.0000000000000013,"L001,L002,L018,L019,L025,L029,L044,L045,L046,L054,L056,L057,L060,L065,L102,L104,L109,L110,L111,L113,L115,L128,L134,L140,L150,L153,L154,L155,L156,L158,L160,L169,L178,L179,L182",35,1.6576593495983443,1.6576593495983443,5,"L019,L025,L054,L056,L057",33,True,relay_cascade,
1,20260708,L002->L030,L002,L030,True,False,0.0,0.0,0.0,1.000000000000001,"L001,L002,L018,L030,L044,L045,L046,L060,L065,L102,L104,L109,L110,L111,L113,L115,L128,L134,L140,L150,L153,L154,L155,L156,L158,L160,L169,L178,L179,L182",30,1.0645291300869388,1.0645291300869388,0,,28,False,non_critical,
1,20260708,L002->L031,L002,L031,True,False,0.0,0.0,0.0,1.0000000000000122,"L001,L002,L018,L031,L044,L045,L046,L060,L065,L102,L104,L109,L110,L111,L113,L115,L128,L134,L140,L150,L153,L154,L155,L156,L158,L160,L169,L178,L179,L182",30,1.1352229154055902,1.1352229154055902,0,,28,False,non_critical,
1,20260708,L002->L032,L002,L032,True,False,0.0,0.0,0.0,1.0000000000000009,"L001,L002,L018,L032,L044,L045,L046,L060,L065,L102,L104,L109,L110,L111,L113,L115,L128,L134,L140,L150,L153,L154,L155,L156,L158,L160,L169,L178,L179,L182",30,1.1352229154055973,1.1352229154055973,0,,28,False,non_critical,
1,20260708,L002->L033,L002,L033,True,True,28.68631435022934,28.68631435022934,0.0,1.0,"L001,L002,L018,L019,L033,L040,L043,L044,L045,L046,L054,L056,L057,L060,L065,L102,L104,L109,L110,L111,L113,L115,L128,L134,L140,L149,L150,L153,L154,L155,L156,L158,L160,L169,L178,L179,L182",37,1.972638839508129,1.972638839508129,7,"L019,L040,L043,L054,L056,L057,L149",35,True,relay_cascade,
1,20260708,L002->L034,L002,L034,True,True,41.04569367595296,41.04569367595296,0.0,1.0000000000000013,"L001,L002,L018,L019,L034,L040,L044,L045,L046,L054,L056,L057,L060,L065,L102,L104,L109,L110,L111,L113,L115,L128,L134,L140,L150,L153,L154,L155,L156,L158,L160,L169,L178,L179,L182",35,1.8168638415549956,1.8168638415549956,5,"L019,L040,L054,L056,L057",33,True,relay_cascade,
1,20260708,L002->L035,L002,L035,True,True,1.325370392301073,0.0,1.325370392301073,1.0000000000000002,"L001,L002,L018,L035,L044,L045,L046,L060,L065,L102,L104,L109,L110,L111,L113,L115,L128,L134,L140,L150,L153,L154,L155,L156,L158,L160,L169,L178,L179,L182",30,1.1352229154055937,1.1352229154055937,0,,28,False,island_only,
1,20260708,L002->L036,L002,L036,True,False,0.0,0.0,0.0,1.0,"L001,L002,L018,L036,L044,L045,L046,L060,L065,L102,L104,L109,L110,L111,L113,L115,L128,L134,L140,L150,L153,L154,L155,L156,L158,L160,L169,L178,L179,L182",30,1.1808057510037944,1.1808057510037944,0,,28,False,non_critical,
1,20260708,L002->L037,L002,L037,True,False,0.0,0.0,0.0,1.0,"L001,L002,L018,L019,L020,L037,L044,L045,L046,L060,L065,L102,L104,L109,L110,L111,L113,L115,L128,L134,L140,L150,L153,L154,L155,L156,L158,L160,L169,L178,L179,L182",32,4.126559525340705,4.126559525340705,2,"L019,L020",30,True,non_critical,
1,20260708,L002->L038,L002,L038,True,False,0.0,0.0,0.0,1.0000000000000007,"L001,L002,L018,L019,L025,L026,L038,L039,L040,L044,L045,L046,L060,L065,L102,L104,L109,L110,L111,L113,L115,L128,L134,L140,L150,L153,L154,L155,L156,L158,L160,L169,L178,L179,L182",35,3.3079101236256507,3.3079101236256507,5,"L019,L025,L026,L039,L040",33,True,non_critical,
1,20260708,L002->L039,L002,L039,True,False,0.0,0.0,0.0,1.0000000000000016,"L001,L002,L018,L039,L044,L045,L046,L060,L065,L102,L104,L109,L110,L111,L113,L115,L128,L134,L140,L150,L153,L154,L155,L156,L158,L160,L169,L178,L179,L182",30,1.1352229154055937,1.1352229154055937,0,,28,False,non_critical,
1,20260708,L002->L040,L002,L040,True,False,0.0,0.0,0.0,1.0000000000000004,"L001,L002,L018,L040,L044,L045,L046,L060,L065,L102,L104,L109,L110,L111,L113,L115,L128,L134,L140,L150,L153,L154,L155,L156,L158,L160,L169,L178,L179,L182",30,1.1352229154055937,1.1352229154055937,0,,28,False,non_critical,
1,20260708,L002->L041,L002,L041,True,False,0.0,0.0,0.0,1.0000000000000122,"L001,L002,L018,L041,L044,L045,L046,L060,L065,L102,L104,L109,L110,L111,L113,L115,L128,L134,L140,L150,L153,L154,L155,L156,L158,L160,L169,L178,L179,L182",30,1.1352229154055937,1.1352229154055937,0,,28,False,non_critical,
1,20260708,L002->L042,L002,L042,True,False,0.0,0.0,0.0,1.0000000000000018,"L001,L002,L018,L042,L044,L045,L046,L060,L065,L102,L104,L109,L110,L111,L113,L115,L128,L134,L140,L150,L153,L154,L155,L156,L158,L160,L169,L178,L179,L182",30,1.1352229154055937,1.1352229154055937,0,,28,False,non_critical,
1,20260708,L002->L043,L002,L043,True,False,0.0,0.0,0.0,1.0000000000000122,"L001,L002,L018,L043,L044,L045,L046,L060,L065,L102,L104,L109,L110,L111,L113,L115,L128,L134,L140,L150,L153,L154,L155,L156,L158,L160,L169,L178,L179,L182",30,1.1352229154055902,1.1352229154055902,0,,28,False,non_critical,
1,20260708,L002->L044,L002,L044,True,False,0.0,0.0,0.0,1.0000000000000122,"L001,L002,L018,L044,L045,L046,L060,L065,L102,L104,L109,L110,L111,L113,L115,L128,L134,L140,L150,L153,L154,L155,L156,L158,L160,L169,L178,L179,L182",29,1.1352229154055902,1.1352229154055902,0,,27,False,non_critical,
1,20260708,L002->L045,L002,L045,True,False,0.0,0.0,0.0,1.0000000000000122,"L001,L002,L018,L044,L045,L046,L060,L065,L102,L104,L109,L110,L111,L113,L115,L128,L134,L140,L150,L153,L154,L155,L156,L158,L160,L169,L178,L179,L182",29,1.1352229154055902,1.1352229154055902,0,,27,False,non_critical,
1,20260708,L002->L046,L002,L046,True,False,0.0,0.0,0.0,1.0000000000000122,"L001,L002,L018,L044,L045,L046,L060,L065,L102,L104,L109,L110,L111,L113,L115,L128,L134,L140,L150,L153,L154,L155,L156,L158,L160,L169,L178,L179,L182",29,1.1352229154055902,1.1352229154055902,0,,27,False,non_critical,
1,20260708,L002->L047,L002,L047,True,True,31.300605334860514,31.300605334860514,0.0,1.0,"L001,L002,L018,L044,L045,L046,L047,L056,L057,L060,L065,L077,L078,L082,L095,L102,L104,L109,L110,L111,L113,L115,L128,L134,L140,L150,L153,L154,L155,L156,L158,L160,L169,L178,L179,L182",36,2.8181330105675064,2.8181330105675064,6,"L056,L057,L077,L078,L082,L095",34,True,relay_cascade,
1,20260708,L002->L048,L002,L048,True,True,22.50545676159403,22.50545676159403,0.0,1.0,"L001,L002,L018,L044,L045,L046,L048,L060,L065,L102,L104,L109,L110,L111,L113,L115,L128,L134,L140,L150,L153,L154,L155,L156,L158,L160,L169,L178,L179,L182",30,1.1967882167216122,1.1967882167216122,0,,28,False,island_only,
1,20260708,L002->L049,L002,L049,True,False,0.0,0.0,0.0,1.0000000000000024,"L001,L002,L018,L044,L045,L046,L049,L060,L065,L102,L104,L109,L110,L111,L113,L115,L128,L134,L140,L150,L153,L154,L155,L156,L158,L160,L169,L178,L179,L182",30,1.1416247398667767,1.1416247398667767,0,,28,False,non_critical,
1,20260708,L002->L050,L002,L050,True,False,0.0,0.0,0.0,1.0000000000000024,"L001,L002,L018,L044,L045,L046,L050,L060,L065,L102,L104,L109,L110,L111,L113,L115,L128,L134,L140,L150,L153,L154,L155,L156,L158,L160,L169,L178,L179,L182",30,1.1290851617976079,1.1290851617976079,0,,28,False,non_critical,
1,20260708,L002->L051,L002,L051,True,False,0.0,0.0,0.0,1.0000000000000033,"L001,L002,L018,L019,L044,L045,L046,L051,L057,L058,L060,L065,L077,L078,L080,L082,L084,L091,L092,L095,L102,L104,L109,L110,L111,L113,L115,L128,L134,L140,L149,L150,L153,L154,L155,L156,L158,L160,L169,L178,L179,L182",42,3.194174398389928,3.194174398389928,12,"L019,L057,L058,L077,L078,L080,L082,L084,L091,L092,L095,L149",40,True,non_critical,
1,20260708,L002->L052,L002,L052,True,False,0.0,0.0,0.0,1.0000000000000062,"L001,L002,L018,L044,L045,L046,L052,L060,L065,L102,L104,L109,L110,L111,L113,L115,L128,L134,L140,L150,L153,L154,L155,L156,L158,L160,L169,L178,L179,L182",30,1.1221410143346604,1.1221410143346604,0,,28,False,non_critical,
1,20260708,L002->L053,L002,L053,True,False,0.0,0.0,0.0,1.000000000000001,"L001,L002,L018,L044,L045,L046,L053,L060,L065,L102,L104,L109,L110,L111,L113,L115,L128,L134,L140,L150,L153,L154,L155,L156,L158,L160,L169,L178,L179,L182",30,1.1221410143346597,1.1221410143346597,0,,28,False,non_critical,
1,20260708,L002->L054,L002,L054,True,False,0.0,0.0,0.0,1.0000000000000009,"L001,L002,L018,L019,L044,L045,L046,L054,L060,L065,L102,L104,L109,L110,L111,L113,L115,L128,L134,L140,L150,L153,L154,L155,L156,L158,L160,L169,L178,L179,L182",31,1.3930654643190314,1.3930654643190314,1,L019,29,True,non_critical,
1,20260708,L002->L055,L002,L055,True,False,0.0,0.0,0.0,1.000000000000001,"L001,L002,L018,L044,L045,L046,L055,L060,L065,L102,L104,L109,L110,L111,L113,L115,L128,L134,L140,L150,L153,L154,L155,L156,L158,L160,L169,L178,L179,L182",30,1.1221410143346597,1.1221410143346597,0,,28,False,non_critical,
1,20260708,L002->L056,L002,L056,True,False,0.0,0.0,0.0,1.0000000000000002,"L001,L002,L018,L044,L045,L046,L056,L057,L060,L065,L077,L078,L082,L095,L102,L104,L109,L110,L111,L113,L115,L128,L134,L140,L150,L153,L154,L155,L156,L158,L160,L169,L178,L179,L182",35,2.6249823838139794,2.6249823838139794,5,"L057,L077,L078,L082,L095",33,True,non_critical,
1,20260708,L002->L057,L002,L057,True,False,0.0,0.0,0.0,1.0000000000000002,"L001,L002,L018,L044,L045,L046,L056,L057,L060,L065,L077,L078,L082,L095,L102,L104,L109,L110,L111,L113,L115,L128,L134,L140,L150,L153,L154,L155,L156,L158,L160,L169,L178,L179,L182",35,2.6249823838139794,2.6249823838139794,5,"L056,L077,L078,L082,L095",33,True,non_critical,
1,20260708,L002->L058,L002,L058,True,False,0.0,0.0,0.0,1.0000000000000013,"L001,L002,L018,L044,L045,L046,L057,L058,L060,L065,L102,L104,L109,L110,L111,L113,L115,L128,L134,L140,L150,L153,L154,L155,L156,L158,L160,L169,L178,L179,L182",31,1.5756895891211289,1.5756895891211289,1,L057,29,True,non_critical,
1,20260708,L002->L059,L002,L059,True,True,18.346497960874867,18.346497960874867,0.0,1.000000000000005,"L001,L002,L018,L044,L045,L046,L059,L060,L065,L102,L104,L109,L110,L111,L113,L115,L128,L134,L140,L150,L153,L154,L155,L156,L158,L160,L169,L178,L179,L182",30,1.1076294020316975,1.1076294020316975,0,,28,False,island_only,
1,20260708,L002->L060,L002,L060,True,False,0.0,0.0,0.0,1.0000000000000122,"L001,L002,L018,L044,L045,L046,L060,L065,L102,L104,L109,L110,L111,L113,L115,L128,L134,L140,L150,L153,L154,L155,L156,L158,L160,L169,L178,L179,L182",29,1.1352229154055902,1.1352229154055902,0,,27,False,non_critical,
1,20260708,L002->L061,L002,L061,True,True,33.88157185629734,33.88157185629734,0.0,1.0,"L001,L002,L018,L044,L045,L046,L060,L061,L065,L102,L104,L109,L110,L111,L113,L115,L128,L134,L140,L150,L153,L154,L155,L156,L158,L160,L169,L178,L179,L182",30,1.1036218492329237,1.1036218492329237,0,,28,False,island_only,
1,20260708,L002->L062,L002,L062,True,False,0.0,0.0,0.0,1.0000000000000122,"L001,L002,L018,L044,L045,L046,L060,L062,L065,L102,L104,L109,L110,L111,L113,L115,L128,L134,L140,L150,L153,L154,L155,L156,L158,L160,L169,L178,L179,L182",30,1.1352229154055902,1.1352229154055902,0,,28,False,non_critical,
1,20260708,L002->L063,L002,L063,True,False,0.0,0.0,0.0,1.0000000000000169,"L001,L002,L018,L044,L045,L046,L060,L063,L065,L102,L104,L109,L110,L111,L113,L115,L128,L134,L140,L150,L153,L154,L155,L156,L158,L160,L169,L178,L179,L182",30,1.1352229154055937,1.1352229154055937,0,,28,False,non_critical,
1,20260708,L002->L064,L002,L064,True,False,0.0,0.0,0.0,1.0000000000000122,"L001,L002,L018,L044,L045,L046,L060,L064,L065,L102,L104,L109,L110,L111,L113,L115,L128,L134,L140,L150,L153,L154,L155,L156,L158,L160,L169,L178,L179,L182",30,1.1352229154055937,1.1352229154055937,0,,28,False,non_critical,
1,20260708,L002->L065,L002,L065,True,False,0.0,0.0,0.0,1.0000000000000122,"L001,L002,L018,L044,L045,L046,L060,L065,L102,L104,L109,L110,L111,L113,L115,L128,L134,L140,L150,L153,L154,L155,L156,L158,L160,L169,L178,L179,L182",29,1.1352229154055902,1.1352229154055902,0,,27,False,non_critical,
1,20260708,L002->L066,L002,L066,True,False,0.0,0.0,0.0,1.0000000000000024,"L001,L002,L018,L044,L045,L046,L060,L065,L066,L102,L104,L109,L110,L111,L113,L115,L128,L134,L140,L150,L153,L154,L155,L156,L158,L160,L169,L178,L179,L182",30,1.1252810339437578,1.1252810339437578,0,,28,False,non_critical,
1,20260708,L002->L067,L002,L067,True,False,0.0,0.0,0.0,1.0000000000000024,"L001,L002,L018,L044,L045,L046,L060,L065,L067,L102,L104,L109,L110,L111,L113,L115,L128,L134,L140,L150,L153,L154,L155,L156,L158,L160,L169,L178,L179,L182",30,1.1252810339437578,1.1252810339437578,0,,28,False,non_critical,
1,20260708,L002->L068,L002,L068,True,False,0.0,0.0,0.0,1.0,"L001,L002,L018,L044,L045,L046,L060,L064,L065,L068,L102,L104,L109,L110,L111,L113,L115,L128,L134,L140,L150,L153,L154,L155,L156,L158,L160,L169,L178,L179,L182",31,1.708613394931948,1.708613394931948,1,L064,29,True,non_critical,
1,20260708,L002->L069,L002,L069,True,False,0.0,0.0,0.0,1.0000000000000002,"L001,L002,L018,L044,L045,L046,L060,L065,L069,L102,L104,L109,L110,L111,L113,L115,L128,L134,L140,L150,L153,L154,L155,L156,L158,L160,L169,L178,L179,L182",30,1.1352229154055937,1.1352229154055937,0,,28,False,non_critical,
1,20260708,L002->L070,L002,L070,True,False,0.0,0.0,0.0,1.0000000000000007,"L001,L002,L018,L044,L045,L046,L060,L065,L070,L102,L104,L109,L110,L111,L113,L115,L128,L134,L140,L150,L153,L154,L155,L156,L158,L160,L169,L178,L179,L182",30,1.1221410143346593,1.1221410143346593,0,,28,False,non_critical,
1,20260708,L002->L071,L002,L071,True,True,70.56694602954056,70.56694602954056,0.0,1.0000000000000007,"L001,L002,L018,L044,L045,L046,L060,L065,L071,L073,L074,L078,L082,L102,L104,L109,L110,L111,L113,L115,L128,L134,L140,L149,L150,L153,L154,L155,L156,L158,L160,L169,L178,L179,L182",35,1.9040505795161122,1.9040505795161122,5,"L073,L074,L078,L082,L149",33,True,relay_cascade,
1,20260708,L002->L072,L002,L072,True,True,3.2519812514691715,0.0,3.2519812514691715,1.0000000000000024,"L001,L002,L018,L044,L045,L046,L060,L065,L072,L102,L104,L109,L110,L111,L113,L115,L128,L134,L140,L150,L153,L154,L155,L156,L158,L160,L169,L178,L179,L182",30,1.1277208788352218,1.1277208788352218,0,,28,False,island_only,
1,20260708,L002->L073,L002,L073,True,False,0.0,0.0,0.0,1.0000000000000002,"L001,L002,L018,L044,L045,L046,L060,L065,L073,L102,L104,L109,L110,L111,L113,L115,L128,L134,L140,L150,L153,L154,L155,L156,L158,L160,L169,L178,L179,L182",30,1.1345163628177335,1.1345163628177335,0,,28,False,non_critical,
1,20260708,L002->L074,L002,L074,True,False,0.0,0.0,0.0,1.0000000000000004,"L001,L002,L018,L044,L045,L046,L060,L065,L074,L082,L102,L104,L109,L110,L111,L113,L115,L128,L134,L140,L150,L153,L154,L155,L156,L158,L160,L169,L178,L179,L182",31,1.2288644587881108,1.2288644587881108,1,L082,29,True,non_critical,
1,20260708,L002->L075,L002,L075,True,False,0.0,0.0,0.0,1.0000000000000122,"L001,L002,L018,L044,L045,L046,L060,L065,L075,L102,L104,L109,L110,L111,L113,L115,L128,L134,L140,L150,L153,L154,L155,L156,L158,L160,L169,L178,L179,L182",30,1.1245112164264797,1.1245112164264797,0,,28,False,non_critical,
1,20260708,L002->L076,L002,L076,True,False,0.0,0.0,0.0,1.000000000000001,"L001,L002,L018,L044,L045,L046,L060,L065,L076,L102,L104,L109,L110,L111,L113,L115,L128,L134,L140,L150,L153,L154,L155,L156,L158,L160,L169,L178,L179,L182",30,1.124602227730417,1.124602227730417,0,,28,False,non_critical,
1,20260708,L002->L077,L002,L077,True,False,0.0,0.0,0.0,1.0000000000000122,"L001,L002,L018,L044,L045,L046,L060,L065,L077,L102,L104,L109,L110,L111,L113,L115,L128,L134,L140,L150,L153,L154,L155,L156,L158,L160,L169,L178,L179,L182",30,1.1354613608995243,1.1354613608995243,0,,28,False,non_critical,
1,20260708,L002->L078,L002,L078,True,False,0.0,0.0,0.0,1.0000000000000002,"L001,L002,L018,L044,L045,L046,L060,L065,L078,L102,L104,L109,L110,L111,L113,L115,L128,L134,L140,L150,L153,L154,L155,L156,L158,L160,L169,L178,L179,L182",30,1.1372690295246368,1.1372690295246368,0,,28,False,non_critical,
1,20260708,L002->L079,L002,L079,True,False,0.0,0.0,0.0,1.0000000000000007,"L001,L002,L018,L044,L045,L046,L060,L065,L079,L102,L104,L109,L110,L111,L113,L115,L128,L134,L140,L150,L153,L154,L155,L156,L158,L160,L169,L178,L179,L182",30,1.1363409834208755,1.1363409834208755,0,,28,False,non_critical,
1,20260708,L002->L080,L002,L080,True,False,0.0,0.0,0.0,1.0000000000000122,"L001,L002,L018,L044,L045,L046,L060,L065,L080,L102,L104,L109,L110,L111,L113,L115,L128,L134,L140,L150,L153,L154,L155,L156,L158,L160,L169,L178,L179,L182",30,1.1353972885112873,1.1353972885112873,0,,28,False,non_critical,
1,20260708,L002->L081,L002,L081,True,False,0.0,0.0,0.0,1.0000000000000122,"L001,L002,L018,L044,L045,L046,L060,L065,L081,L102,L104,L109,L110,L111,L113,L115,L128,L134,L140,L150,L153,L154,L155,L156,L158,L160,L169,L178,L179,L182",30,1.1251921038399137,1.1251921038399137,0,,28,False,non_critical,
1,20260708,L002->L082,L002,L082,True,False,0.0,0.0,0.0,1.0000000000000024,"L001,L002,L018,L044,L045,L046,L060,L065,L082,L102,L104,L109,L110,L111,L113,L115,L128,L134,L140,L150,L153,L154,L155,L156,L158,L160,L169,L178,L179,L182",30,1.141575314352422,1.141575314352422,0,,28,False,non_critical,
1,20260708,L002->L083,L002,L083,True,False,0.0,0.0,0.0,1.000000000000001,"L001,L002,L018,L044,L045,L046,L060,L065,L083,L102,L104,L109,L110,L111,L113,L115,L128,L134,L140,L150,L153,L154,L155,L156,L158,L160,L169,L178,L179,L182",30,1.1354698121248639,1.1354698121248639,0,,28,False,non_critical,
1,20260708,L002->L084,L002,L084,True,True,12.982362609762252,12.982362609762252,0.0,1.0000000000000018,"L001,L002,L018,L044,L045,L046,L056,L057,L060,L065,L077,L078,L080,L081,L082,L084,L091,L092,L095,L102,L104,L109,L110,L111,L113,L115,L128,L134,L140,L150,L153,L154,L155,L156,L158,L160,L169,L178,L179,L182",40,2.9794523671548645,2.9794523671548645,10,"L056,L057,L077,L078,L080,L081,L082,L091,L092,L095",38,True,relay_cascade,
1,20260708,L002->L085,L002,L085,True,False,0.0,0.0,0.0,1.0000000000000016,"L001,L002,L018,L044,L045,L046,L060,L065,L085,L102,L104,L109,L110,L111,L113,L115,L128,L134,L140,L150,L153,L154,L155,L156,L158,L160,L169,L178,L179,L182",30,1.1524025650748904,1.1524025650748904,0,,28,False,non_critical,
1,20260708,L002->L086,L002,L086,True,False,0.0,0.0,0.0,1.0000000000000016,"L001,L002,L018,L044,L045,L046,L060,L065,L086,L102,L104,L109,L110,L111,L113,L115,L128,L134,L140,L150,L153,L154,L155,L156,L158,L160,L169,L178,L179,L182",30,1.1534837061793217,1.1534837061793217,0,,28,False,non_critical,
1,20260708,L002->L087,L002,L087,True,False,0.0,0.0,0.0,1.0000000000000007,"L001,L002,L018,L044,L045,L046,L060,L065,L087,L102,L104,L109,L110,L111,L113,L115,L128,L134,L140,L150,L153,L154,L155,L156,L158,L160,L169,L178,L179,L182",30,1.1553421840258877,1.1553421840258877,0,,28,False,non_critical,
1,20260708,L002->L088,L002,L088,True,False,0.0,0.0,0.0,1.0000000000000002,"L001,L002,L018,L044,L045,L046,L060,L065,L088,L102,L104,L109,L110,L111,L113,L115,L128,L134,L140,L150,L153,L154,L155,L156,L158,L160,L169,L178,L179,L182",30,1.1413961033048998,1.1413961033048998,0,,28,False,non_critical,
1,20260708,L002->L089,L002,L089,True,False,0.0,0.0,0.0,1.0000000000000007,"L001,L002,L018,L044,L045,L046,L060,L065,L089,L102,L104,L109,L110,L111,L113,L115,L128,L134,L140,L150,L153,L154,L155,L156,L158,L160,L169,L178,L179,L182",30,1.1452702175965908,1.1452702175965908,0,,28,False,non_critical,
1,20260708,L002->L090,L002,L090,True,False,0.0,0.0,0.0,1.0000000000000002,"L001,L002,L018,L044,L045,L046,L056,L057,L060,L065,L077,L078,L082,L090,L091,L092,L102,L104,L109,L110,L111,L113,L115,L128,L134,L140,L150,L153,L154,L155,L156,L158,L160,L169,L178,L179,L182",37,3.908374944239434,3.908374944239434,7,"L056,L057,L077,L078,L082,L091,L092",35,True,non_critical,
1,20260708,L002->L091,L002,L091,True,False,0.0,0.0,0.0,1.0000000000000244,"L001,L002,L018,L044,L045,L046,L060,L065,L091,L102,L104,L109,L110,L111,L113,L115,L128,L134,L140,L150,L153,L154,L155,L156,L158,L160,L169,L178,L179,L182",30,1.1354466996851844,1.1354466996851844,0,,28,False,non_critical,
1,20260708,L002->L092,L002,L092,True,False,0.0,0.0,0.0,1.0000000000000013,"L001,L002,L018,L044,L045,L046,L056,L057,L060,L065,L077,L078,L082,L091,L092,L102,L104,L109,L110,L111,L113,L115,L128,L134,L140,L150,L153,L154,L155,L156,L158,L160,L169,L178,L179,L182",36,3.9083749442394438,3.9083749442394438,6,"L056,L057,L077,L078,L082,L091",34,True,non_critical,
1,20260708,L002->L093,L002,L093,True,False,0.0,0.0,0.0,1.0,"L001,L002,L018,L019,L044,L045,L046,L056,L057,L060,L065,L093,L095,L102,L104,L109,L110,L111,L113,L115,L128,L134,L140,L150,L153,L154,L155,L156,L158,L160,L169,L178,L179,L182",34,2.2877324641258188,2.2877324641258188,4,"L019,L056,L057,L095",32,True,non_critical,
1,20260708,L002->L094,L002,L094,True,False,0.0,0.0,0.0,1.0,"L001,L002,L018,L019,L044,L045,L046,L056,L057,L060,L065,L094,L095,L102,L104,L109,L110,L111,L113,L115,L128,L134,L140,L150,L153,L154,L155,L156,L158,L160,L169,L178,L179,L182",34,2.2877324641258223,2.2877324641258223,4,"L019,L056,L057,L095",32,True,non_critical,
1,20260708,L002->L095,L002,L095,True,False,0.0,0.0,0.0,1.0000000000000002,"L001,L002,L018,L044,L045,L046,L056,L057,L060,L065,L077,L078,L082,L095,L102,L104,L109,L110,L111,L113,L115,L128,L134,L140,L150,L153,L154,L155,L156,L158,L160,L169,L178,L179,L182",35,2.6249823838139794,2.6249823838139794,5,"L056,L057,L077,L078,L082",33,True,non_critical,
1,20260708,L002->L096,L002,L096,True,False,0.0,0.0,0.0,1.0,"L001,L002,L018,L044,L045,L046,L056,L057,L060,L065,L096,L102,L104,L109,L110,L111,L113,L115,L128,L134,L140,L150,L153,L154,L155,L156,L158,L160,L169,L178,L179,L182",32,1.6331384361352104,1.6331384361352104,2,"L056,L057",30,True,non_critical,
1,20260708,L002->L097,L002,L097,True,True,64.23175195900302,64.23175195900302,0.0,1.0,"L001,L002,L018,L019,L044,L045,L046,L052,L053,L055,L056,L057,L058,L060,L065,L091,L097,L102,L104,L109,L110,L111,L113,L115,L128,L134,L140,L150,L153,L154,L155,L156,L158,L160,L169,L178,L179,L182",38,5.413503102195299,5.413503102195299,8,"L019,L052,L053,L055,L056,L057,L058,L091",36,True,relay_cascade,
1,20260708,L002->L098,L002,L098,True,False,0.0,0.0,0.0,1.0000000000000122,"L001,L002,L018,L044,L045,L046,L060,L065,L098,L102,L104,L109,L110,L111,L113,L115,L128,L134,L140,L150,L153,L154,L155,L156,L158,L160,L169,L178,L179,L182",30,1.186552398503459,1.186552398503459,0,,28,False,non_critical,
1,20260708,L002->L099,L002,L099,True,False,0.0,0.0,0.0,1.0000000000000122,"L001,L002,L018,L044,L045,L046,L060,L065,L099,L102,L104,L109,L110,L111,L113,L115,L128,L134,L140,L150,L153,L154,L155,L156,L158,L160,L169,L178,L179,L182",30,1.186552398503459,1.186552398503459,0,,28,False,non_critical,
1,20260708,L002->L100,L002,L100,True,False,0.0,0.0,0.0,1.0000000000000007,"L001,L002,L018,L044,L045,L046,L060,L065,L100,L102,L104,L109,L110,L111,L113,L115,L128,L134,L140,L150,L153,L154,L155,L156,L158,L160,L169,L178,L179,L182",30,1.1370223716474392,1.1370223716474392,0,,28,False,non_critical,
1,20260708,L002->L101,L002,L101,True,False,0.0,0.0,0.0,1.0000000000000024,"L001,L002,L018,L044,L045,L046,L060,L065,L101,L102,L104,L109,L110,L111,L113,L115,L128,L134,L140,L150,L153,L154,L155,L156,L158,L160,L169,L178,L179,L182",30,1.1523058355125457,1.1523058355125457,0,,28,False,non_critical,
1,20260708,L002->L102,L002,L102,True,False,0.0,0.0,0.0,1.0000000000000122,"L001,L002,L018,L044,L045,L046,L060,L065,L102,L104,L109,L110,L111,L113,L115,L128,L134,L140,L150,L153,L154,L155,L156,L158,L160,L169,L178,L179,L182",29,1.1352229154055902,1.1352229154055902,0,,27,False,non_critical,
1,20260708,L002->L103,L002,L103,True,False,0.0,0.0,0.0,1.000000000000017,"L001,L002,L018,L044,L045,L046,L060,L065,L102,L103,L104,L109,L110,L111,L113,L115,L128,L134,L140,L150,L153,L154,L155,L156,L158,L160,L169,L178,L179,L182",30,1.1221410143346597,1.1221410143346597,0,,28,False,non_critical,
1,20260708,L002->L104,L002,L104,True,False,0.0,0.0,0.0,1.0000000000000122,"L001,L002,L018,L044,L045,L046,L060,L065,L102,L104,L109,L110,L111,L113,L115,L128,L134,L140,L150,L153,L154,L155,L156,L158,L160,L169,L178,L179,L182",29,1.1352229154055902,1.1352229154055902,0,,27,False,non_critical,
1,20260708,L002->L105,L002,L105,True,False,0.0,0.0,0.0,1.0,"L001,L002,L018,L044,L045,L046,L060,L065,L102,L104,L105,L109,L110,L111,L113,L115,L128,L134,L140,L150,L153,L154,L155,L156,L158,L160,L169,L178,L179,L182",30,1.1352229154055937,1.1352229154055937,0,,28,False,non_critical,
1,20260708,L002->L106,L002,L106,True,False,0.0,0.0,0.0,1.0000000000000122,"L001,L002,L018,L044,L045,L046,L060,L065,L102,L104,L106,L109,L110,L111,L113,L115,L128,L134,L140,L150,L153,L154,L155,L156,L158,L160,L169,L178,L179,L182",30,1.1352229154055937,1.1352229154055937,0,,28,False,non_critical,
1,20260708,L002->L107,L002,L107,True,True,81.35922639729833,81.35922639729833,0.0,1.0000000000000007,"L001,L002,L018,L044,L045,L046,L060,L065,L102,L104,L107,L109,L110,L111,L113,L115,L126,L127,L128,L134,L140,L149,L150,L153,L154,L155,L156,L158,L160,L169,L178,L179,L182,L186",34,1.6855084391553232,1.6855084391553232,4,"L126,L127,L149,L186",32,True,relay_cascade,
1,20260708,L002->L108,L002,L108,True,False,0.0,0.0,0.0,1.0000000000000122,"L001,L002,L018,L044,L045,L046,L060,L065,L102,L104,L108,L109,L110,L111,L113,L115,L128,L134,L140,L150,L153,L154,L155,L156,L158,L160,L169,L178,L179,L182",30,1.1352229154055902,1.1352229154055902,0,,28,False,non_critical,
1,20260708,L002->L109,L002,L109,True,False,0.0,0.0,0.0,1.0000000000000122,"L001,L002,L018,L044,L045,L046,L060,L065,L102,L104,L109,L110,L111,L113,L115,L128,L134,L140,L150,L153,L154,L155,L156,L158,L160,L169,L178,L179,L182",29,1.1352229154055902,1.1352229154055902,0,,27,False,non_critical,
1,20260708,L002->L110,L002,L110,True,False,0.0,0.0,0.0,1.0000000000000122,"L001,L002,L018,L044,L045,L046,L060,L065,L102,L104,L109,L110,L111,L113,L115,L128,L134,L140,L150,L153,L154,L155,L156,L158,L160,L169,L178,L179,L182",29,1.1352229154055902,1.1352229154055902,0,,27,False,non_critical,
1,20260708,L002->L111,L002,L111,True,False,0.0,0.0,0.0,1.0000000000000122,"L001,L002,L018,L044,L045,L046,L060,L065,L102,L104,L109,L110,L111,L113,L115,L128,L134,L140,L150,L153,L154,L155,L156,L158,L160,L169,L178,L179,L182",29,1.1352229154055902,1.1352229154055902,0,,27,False,non_critical,
1,20260708,L002->L112,L002,L112,True,False,0.0,0.0,0.0,1.0000000000000122,"L001,L002,L018,L044,L045,L046,L060,L065,L102,L104,L109,L110,L111,L112,L113,L115,L128,L134,L140,L150,L153,L154,L155,L156,L158,L160,L169,L178,L179,L182",30,1.1352229154055902,1.1352229154055902,0,,28,False,non_critical,
1,20260708,L002->L113,L002,L113,True,False,0.0,0.0,0.0,1.0000000000000122,"L001,L002,L018,L044,L045,L046,L060,L065,L102,L104,L109,L110,L111,L113,L115,L128,L134,L140,L150,L153,L154,L155,L156,L158,L160,L169,L178,L179,L182",29,1.1352229154055902,1.1352229154055902,0,,27,False,non_critical,
1,20260708,L002->L114,L002,L114,True,False,0.0,0.0,0.0,1.0000000000000018,"L001,L002,L018,L044,L045,L046,L060,L065,L102,L104,L109,L110,L111,L113,L114,L115,L128,L134,L140,L150,L153,L154,L155,L156,L158,L160,L169,L178,L179,L182",30,1.1352229154055902,1.1352229154055902,0,,28,False,non_critical,
1,20260708,L002->L115,L002,L115,True,False,0.0,0.0,0.0,1.0000000000000122,"L001,L002,L018,L044,L045,L046,L060,L065,L102,L104,L109,L110,L111,L113,L115,L128,L134,L140,L150,L153,L154,L155,L156,L158,L160,L169,L178,L179,L182",29,1.1352229154055902,1.1352229154055902,0,,27,False,non_critical,
1,20260708,L002->L116,L002,L116,True,False,0.0,0.0,0.0,1.0000000000000122,"L001,L002,L018,L044,L045,L046,L060,L065,L102,L104,L109,L110,L111,L113,L115,L116,L128,L134,L140,L150,L153,L154,L155,L156,L158,L160,L169,L178,L179,L182",30,1.1352229154055902,1.1352229154055902,0,,28,False,non_critical,
1,20260708,L002->L117,L002,L117,True,False,0.0,0.0,0.0,1.0000000000000002,"L001,L002,L018,L044,L045,L046,L060,L065,L102,L104,L109,L110,L111,L113,L115,L117,L128,L134,L140,L150,L153,L154,L155,L156,L158,L160,L169,L178,L179,L182",30,1.1352229154055902,1.1352229154055902,0,,28,False,non_critical,
1,20260708,L002->L118,L002,L118,True,False,0.0,0.0,0.0,1.0000000000000007,"L001,L002,L018,L044,L045,L046,L060,L065,L102,L104,L109,L110,L111,L113,L115,L118,L128,L134,L140,L150,L153,L154,L155,L156,L158,L160,L169,L178,L179,L182",30,1.1352229154055902,1.1352229154055902,0,,28,False,non_critical,
1,20260708,L002->L119,L002,L119,True,False,0.0,0.0,0.0,1.0000000000000007,"L001,L002,L018,L044,L045,L046,L060,L065,L102,L104,L109,L110,L111,L113,L115,L119,L128,L134,L140,L150,L153,L154,L155,L156,L158,L160,L169,L178,L179,L182",30,1.1352229154055902,1.1352229154055902,0,,28,False,non_critical,
1,20260708,L002->L120,L002,L120,True,False,0.0,0.0,0.0,1.0000000000000122,"L001,L002,L018,L044,L045,L046,L060,L065,L102,L104,L109,L110,L111,L113,L115,L120,L128,L134,L140,L150,L153,L154,L155,L156,L158,L160,L169,L178,L179,L182",30,1.1352229154055902,1.1352229154055902,0,,28,False,non_critical,
1,20260708,L002->L121,L002,L121,True,False,0.0,0.0,0.0,1.0000000000000007,"L001,L002,L018,L044,L045,L046,L060,L065,L102,L104,L109,L110,L111,L113,L115,L121,L128,L134,L140,L150,L153,L154,L155,L156,L158,L160,L169,L178,L179,L182",30,1.1352229154055902,1.1352229154055902,0,,28,False,non_critical,
1,20260708,L002->L122,L002,L122,True,False,0.0,0.0,0.0,1.0000000000000007,"L001,L002,L018,L044,L045,L046,L060,L065,L102,L104,L109,L110,L111,L113,L115,L122,L128,L134,L140,L150,L153,L154,L155,L156,L158,L160,L169,L178,L179,L182",30,1.1352229154055902,1.1352229154055902,0,,28,False,non_critical,
1,20260708,L002->L123,L002,L123,True,False,0.0,0.0,0.0,1.0000000000000007,"L001,L002,L018,L044,L045,L046,L060,L065,L102,L104,L109,L110,L111,L113,L115,L123,L128,L134,L140,L150,L153,L154,L155,L156,L158,L160,L169,L178,L179,L182",30,1.1352229154055902,1.1352229154055902,0,,28,False,non_critical,
1,20260708,L002->L124,L002,L124,True,False,0.0,0.0,0.0,1.000000000000001,"L001,L002,L018,L044,L045,L046,L060,L065,L102,L104,L109,L110,L111,L113,L115,L124,L128,L134,L140,L150,L153,L154,L155,L156,L158,L160,L169,L178,L179,L182",30,1.1352229154055902,1.1352229154055902,0,,28,False,non_critical,
1,20260708,L002->L125,L002,L125,True,False,0.0,0.0,0.0,1.0000000000000007,"L001,L002,L018,L044,L045,L046,L060,L065,L102,L104,L109,L110,L111,L113,L115,L125,L128,L134,L140,L150,L153,L154,L155,L156,L158,L160,L169,L178,L179,L182",30,1.1352229154055902,1.1352229154055902,0,,28,False,non_critical,
1,20260708,L002->L126,L002,L126,True,False,0.0,0.0,0.0,1.0000000000000115,"L001,L002,L018,L044,L045,L046,L060,L065,L102,L104,L109,L110,L111,L113,L115,L126,L128,L134,L140,L150,L153,L154,L155,L156,L158,L160,L169,L178,L179,L182",30,1.1352229154055902,1.1352229154055902,0,,28,False,non_critical,
1,20260708,L002->L127,L002,L127,True,False,0.0,0.0,0.0,1.0000000000000115,"L001,L002,L018,L044,L045,L046,L060,L065,L102,L104,L109,L110,L111,L113,L115,L127,L128,L134,L140,L150,L153,L154,L155,L156,L158,L160,L169,L178,L179,L182",30,1.1352229154055902,1.1352229154055902,0,,28,False,non_critical,
1,20260708,L002->L128,L002,L128,True,False,0.0,0.0,0.0,1.0000000000000122,"L001,L002,L018,L044,L045,L046,L060,L065,L102,L104,L109,L110,L111,L113,L115,L128,L134,L140,L150,L153,L154,L155,L156,L158,L160,L169,L178,L179,L182",29,1.1352229154055902,1.1352229154055902,0,,27,False,non_critical,
1,20260708,L002->L129,L002,L129,True,True,58.608730684473244,58.608730684473244,0.0,1.0000000000000002,"L001,L002,L018,L044,L045,L046,L060,L065,L102,L104,L109,L110,L111,L113,L115,L128,L129,L134,L140,L149,L150,L153,L154,L155,L156,L157,L158,L160,L169,L178,L179,L182",32,1.5341025827065873,1.5341025827065873,2,"L149,L157",30,True,relay_cascade,
1,20260708,L002->L130,L002,L130,True,False,0.0,0.0,0.0,1.0000000000000007,"L001,L002,L018,L044,L045,L046,L060,L065,L102,L104,L109,L110,L111,L113,L115,L128,L130,L134,L140,L150,L153,L154,L155,L156,L158,L160,L169,L178,L179,L182",30,1.1352229154055902,1.1352229154055902,0,,28,False,non_critical,
1,20260708,L002->L131,L002,L131,True,False,0.0,0.0,0.0,1.0000000000000122,"L001,L002,L018,L044,L045,L046,L060,L065,L102,L104,L109,L110,L111,L113,L115,L128,L131,L134,L140,L150,L153,L154,L155,L156,L158,L160,L169,L178,L179,L182",30,1.1352229154055902,1.1352229154055902,0,,28,False,non_critical,
1,20260708,L002->L132,L002,L132,True,False,0.0,0.0,0.0,1.0000000000000022,"L001,L002,L018,L044,L045,L046,L060,L065,L102,L104,L109,L110,L111,L113,L115,L128,L132,L134,L140,L150,L153,L154,L155,L156,L158,L160,L169,L178,L179,L182",30,1.1352229154055902,1.1352229154055902,0,,28,False,non_critical,
1,20260708,L002->L133,L002,L133,True,True,20.77635989697293,20.77635989697293,0.0,1.0000000000000007,"L001,L002,L018,L044,L045,L046,L060,L065,L102,L104,L109,L110,L111,L113,L115,L128,L133,L134,L140,L150,L153,L154,L155,L156,L158,L160,L169,L178,L179,L182",30,1.103974839293159,1.103974839293159,0,,28,False,island_only,
1,20260708,L002->L134,L002,L134,True,False,0.0,0.0,0.0,1.0000000000000122,"L001,L002,L018,L044,L045,L046,L060,L065,L102,L104,L109,L110,L111,L113,L115,L128,L134,L140,L150,L153,L154,L155,L156,L158,L160,L169,L178,L179,L182",29,1.1352229154055902,1.1352229154055902,0,,27,False,non_critical,
1,20260708,L002->L135,L002,L135,True,False,0.0,0.0,0.0,1.000000000000017,"L001,L002,L018,L044,L045,L046,L060,L065,L102,L104,L109,L110,L111,L113,L115,L128,L134,L135,L140,L150,L153,L154,L155,L156,L158,L160,L169,L178,L179,L182",30,1.1352229154055902,1.1352229154055902,0,,28,False,non_critical,
1,20260708,L002->L136,L002,L136,True,False,0.0,0.0,0.0,1.0000000000000002,"L001,L002,L018,L044,L045,L046,L060,L065,L102,L104,L109,L110,L111,L113,L115,L128,L134,L136,L140,L150,L153,L154,L155,L156,L158,L160,L169,L178,L179,L182",30,1.1352229154055902,1.1352229154055902,0,,28,False,non_critical,
1,20260708,L002->L137,L002,L137,True,False,0.0,0.0,0.0,1.0000000000000244,"L001,L002,L018,L044,L045,L046,L060,L065,L102,L104,L109,L110,L111,L113,L115,L128,L134,L137,L140,L150,L153,L154,L155,L156,L158,L160,L169,L178,L179,L182",30,1.1352229154055902,1.1352229154055902,0,,28,False,non_critical,
1,20260708,L002->L138,L002,L138,True,False,0.0,0.0,0.0,1.000000000000001,"L001,L002,L018,L044,L045,L046,L060,L065,L102,L104,L109,L110,L111,L113,L115,L128,L134,L138,L140,L150,L153,L154,L155,L156,L158,L160,L169,L178,L179,L182",30,1.1352229154055902,1.1352229154055902,0,,28,False,non_critical,
1,20260708,L002->L139,L002,L139,True,False,0.0,0.0,0.0,1.000000000000001,"L001,L002,L018,L044,L045,L046,L060,L065,L102,L104,L109,L110,L111,L113,L115,L128,L134,L139,L140,L150,L153,L154,L155,L156,L158,L160,L169,L178,L179,L182",30,1.1352229154055902,1.1352229154055902,0,,28,False,non_critical,
1,20260708,L002->L140,L002,L140,True,False,0.0,0.0,0.0,1.0000000000000122,"L001,L002,L018,L044,L045,L046,L060,L065,L102,L104,L109,L110,L111,L113,L115,L128,L134,L140,L150,L153,L154,L155,L156,L158,L160,L169,L178,L179,L182",29,1.1352229154055902,1.1352229154055902,0,,27,False,non_critical,
1,20260708,L002->L141,L002,L141,True,False,0.0,0.0,0.0,1.0000000000000122,"L001,L002,L018,L044,L045,L046,L060,L065,L102,L104,L109,L110,L111,L113,L115,L128,L134,L140,L141,L150,L153,L154,L155,L156,L158,L160,L169,L178,L179,L182",30,1.1352229154055902,1.1352229154055902,0,,28,False,non_critical,
1,20260708,L002->L142,L002,L142,True,False,0.0,0.0,0.0,1.0000000000000122,"L001,L002,L018,L044,L045,L046,L060,L065,L102,L104,L109,L110,L111,L113,L115,L128,L134,L140,L142,L150,L153,L154,L155,L156,L158,L160,L169,L178,L179,L182",30,1.1352229154055902,1.1352229154055902,0,,28,False,non_critical,
1,20260708,L002->L143,L002,L143,True,False,0.0,0.0,0.0,1.0000000000000002,"L001,L002,L018,L044,L045,L046,L060,L065,L102,L104,L109,L110,L111,L113,L115,L128,L134,L140,L143,L149,L150,L153,L154,L155,L156,L157,L158,L160,L169,L178,L179,L182",32,1.798353481862086,1.798353481862086,2,"L149,L157",30,True,non_critical,
1,20260708,L002->L144,L002,L144,True,False,0.0,0.0,0.0,1.000000000000001,"L001,L002,L018,L044,L045,L046,L060,L065,L102,L104,L109,L110,L111,L113,L115,L128,L134,L140,L144,L150,L153,L154,L155,L156,L158,L160,L169,L178,L179,L182",30,1.1352229154055902,1.1352229154055902,0,,28,False,non_critical,
1,20260708,L002->L145,L002,L145,True,False,0.0,0.0,0.0,1.000000000000001,"L001,L002,L018,L044,L045,L046,L060,L065,L102,L104,L109,L110,L111,L113,L115,L128,L134,L140,L145,L150,L153,L154,L155,L156,L158,L160,L169,L178,L179,L182",30,1.1352229154055902,1.1352229154055902,0,,28,False,non_critical,
1,20260708,L002->L146,L002,L146,True,False,0.0,0.0,0.0,1.000000000000001,"L001,L002,L018,L044,L045,L046,L060,L065,L102,L104,L109,L110,L111,L113,L115,L128,L134,L140,L146,L150,L153,L154,L155,L156,L158,L160,L169,L178,L179,L182",30,1.1352229154055902,1.1352229154055902,0,,28,False,non_critical,
1,20260708,L002->L147,L002,L147,True,True,43.59265123807146,43.59265123807146,0.0,1.0000000000000007,"L001,L002,L018,L044,L045,L046,L060,L065,L102,L104,L109,L110,L111,L113,L115,L128,L134,L140,L147,L150,L153,L154,L155,L156,L158,L160,L169,L178,L179,L182",30,1.069658663987878,1.069658663987878,0,,28,False,island_only,
1,20260708,L002->L148,L002,L148,True,False,0.0,0.0,0.0,1.0000000000000018,"L001,L002,L018,L044,L045,L046,L060,L065,L102,L104,L109,L110,L111,L113,L115,L128,L134,L140,L148,L150,L153,L154,L155,L156,L157,L158,L160,L169,L178,L179,L182",31,2.0663526822501117,2.0663526822501117,1,L157,29,True,non_critical,
1,20260708,L002->L149,L002,L149,True,False,0.0,0.0,0.0,1.0000000000000002,"L001,L002,L018,L044,L045,L046,L060,L065,L102,L104,L109,L110,L111,L113,L115,L128,L134,L140,L149,L150,L153,L154,L155,L156,L158,L160,L169,L178,L179,L182",30,1.0698748611033917,1.0698748611033917,0,,28,False,non_critical,
1,20260708,L002->L150,L002,L150,True,False,0.0,0.0,0.0,1.0000000000000122,"L001,L002,L018,L044,L045,L046,L060,L065,L102,L104,L109,L110,L111,L113,L115,L128,L134,L140,L150,L153,L154,L155,L156,L158,L160,L169,L178,L179,L182",29,1.1352229154055902,1.1352229154055902,0,,27,False,non_critical,
1,20260708,L002->L151,L002,L151,True,True,53.17287589503822,53.17287589503822,0.0,1.0000000000000018,"L001,L002,L018,L044,L045,L046,L060,L065,L102,L104,L109,L110,L111,L113,L115,L128,L134,L140,L148,L149,L150,L151,L153,L154,L155,L156,L158,L160,L169,L178,L179,L182",32,1.4840002963186008,1.4840002963186008,2,"L148,L149",30,True,relay_cascade,
1,20260708,L002->L152,L002,L152,True,True,31.05817161312981,31.05817161312981,0.0,1.000000000000001,"L001,L002,L018,L044,L045,L046,L060,L065,L102,L104,L109,L110,L111,L113,L115,L128,L134,L140,L150,L152,L153,L154,L155,L156,L158,L160,L169,L178,L179,L182",30,1.0936863260138112,1.0936863260138112,0,,28,False,island_only,
1,20260708,L002->L153,L002,L153,True,False,0.0,0.0,0.0,1.0000000000000122,"L001,L002,L018,L044,L045,L046,L060,L065,L102,L104,L109,L110,L111,L113,L115,L128,L134,L140,L150,L153,L154,L155,L156,L158,L160,L169,L178,L179,L182",29,1.1352229154055902,1.1352229154055902,0,,27,False,non_critical,
1,20260708,L002->L154,L002,L154,True,False,0.0,0.0,0.0,1.0000000000000122,"L001,L002,L018,L044,L045,L046,L060,L065,L102,L104,L109,L110,L111,L113,L115,L128,L134,L140,L150,L153,L154,L155,L156,L158,L160,L169,L178,L179,L182",29,1.1352229154055902,1.1352229154055902,0,,27,False,non_critical,
1,20260708,L002->L155,L002,L155,True,False,0.0,0.0,0.0,1.0000000000000122,"L001,L002,L018,L044,L045,L046,L060,L065,L102,L104,L109,L110,L111,L113,L115,L128,L134,L140,L150,L153,L154,L155,L156,L158,L160,L169,L178,L179,L182",29,1.1352229154055902,1.1352229154055902,0,,27,False,non_critical,
1,20260708,L002->L156,L002,L156,True,False,0.0,0.0,0.0,1.0000000000000122,"L001,L002,L018,L044,L045,L046,L060,L065,L102,L104,L109,L110,L111,L113,L115,L128,L134,L140,L150,L153,L154,L155,L156,L158,L160,L169,L178,L179,L182",29,1.1352229154055902,1.1352229154055902,0,,27,False,non_critical,
1,20260708,L002->L157,L002,L157,True,False,0.0,0.0,0.0,1.0000000000000018,"L001,L002,L018,L044,L045,L046,L060,L065,L102,L104,L109,L110,L111,L113,L115,L128,L134,L140,L148,L150,L153,L154,L155,L156,L157,L158,L160,L169,L178,L179,L182",31,1.2167158168912355,1.2167158168912355,1,L148,29,True,non_critical,
1,20260708,L002->L158,L002,L158,True,False,0.0,0.0,0.0,1.0000000000000122,"L001,L002,L018,L044,L045,L046,L060,L065,L102,L104,L109,L110,L111,L113,L115,L128,L134,L140,L150,L153,L154,L155,L156,L158,L160,L169,L178,L179,L182",29,1.1352229154055902,1.1352229154055902,0,,27,False,non_critical,
1,20260708,L002->L159,L002,L159,True,False,0.0,0.0,0.0,1.0000000000000122,"L001,L002,L018,L044,L045,L046,L060,L065,L102,L104,L109,L110,L111,L113,L115,L128,L134,L140,L150,L153,L154,L155,L156,L158,L159,L160,L169,L178,L179,L182",30,1.1352229154055902,1.1352229154055902,0,,28,False,non_critical,
1,20260708,L002->L160,L002,L160,True,False,0.0,0.0,0.0,1.0000000000000122,"L001,L002,L018,L044,L045,L046,L060,L065,L102,L104,L109,L110,L111,L113,L115,L128,L134,L140,L150,L153,L154,L155,L156,L158,L160,L169,L178,L179,L182",29,1.1352229154055902,1.1352229154055902,0,,27,False,non_critical,
1,20260708,L002->L161,L002,L161,True,True,25.8591841142224,25.8591841142224,0.0,1.000000000000001,"L001,L002,L018,L044,L045,L046,L060,L065,L102,L104,L109,L110,L111,L113,L115,L128,L134,L140,L150,L153,L154,L155,L156,L158,L160,L161,L169,L178,L179,L182",30,1.0963301662708183,1.0963301662708183,0,,28,False,island_only,
1,20260708,L002->L162,L002,L162,True,True,20.98550075696534,20.98550075696534,0.0,1.000000000000001,"L001,L002,L018,L044,L045,L046,L060,L065,L102,L104,L109,L110,L111,L113,L115,L128,L134,L140,L150,L153,L154,L155,L156,L158,L160,L162,L169,L178,L179,L182",30,1.103660287102901,1.103660287102901,0,,28,False,island_only,
1,20260708,L002->L163,L002,L163,True,False,0.0,0.0,0.0,1.0000000000000122,"L001,L002,L018,L044,L045,L046,L060,L065,L102,L104,L109,L110,L111,L113,L115,L128,L134,L140,L150,L153,L154,L155,L156,L158,L160,L163,L169,L178,L179,L182",30,1.1352229154055902,1.1352229154055902,0,,28,False,non_critical,
1,20260708,L002->L164,L002,L164,True,False,0.0,0.0,0.0,1.0000000000000122,"L001,L002,L018,L044,L045,L046,L060,L065,L102,L104,L109,L110,L111,L113,L115,L128,L134,L140,L150,L153,L154,L155,L156,L158,L160,L164,L169,L178,L179,L182",30,1.1352229154055902,1.1352229154055902,0,,28,False,non_critical,
1,20260708,L002->L165,L002,L165,True,False,0.0,0.0,0.0,1.0000000000000122,"L001,L002,L018,L044,L045,L046,L060,L065,L102,L104,L109,L110,L111,L113,L115,L128,L134,L140,L150,L153,L154,L155,L156,L158,L160,L165,L169,L178,L179,L182",30,1.1352229154055902,1.1352229154055902,0,,28,False,non_critical,
1,20260708,L002->L166,L002,L166,True,False,0.0,0.0,0.0,1.0000000000000122,"L001,L002,L018,L044,L045,L046,L060,L065,L102,L104,L109,L110,L111,L113,L115,L128,L134,L140,L150,L153,L154,L155,L156,L158,L160,L166,L169,L178,L179,L182",30,1.1352229154055902,1.1352229154055902,0,,28,False,non_critical,
1,20260708,L002->L167,L002,L167,True,False,0.0,0.0,0.0,1.0000000000000122,"L001,L002,L018,L044,L045,L046,L060,L065,L102,L104,L109,L110,L111,L113,L115,L128,L134,L140,L150,L153,L154,L155,L156,L158,L160,L167,L169,L178,L179,L182",30,1.1352229154055902,1.1352229154055902,0,,28,False,non_critical,
1,20260708,L002->L168,L002,L168,True,False,0.0,0.0,0.0,1.0000000000000122,"L001,L002,L018,L044,L045,L046,L060,L065,L102,L104,L109,L110,L111,L113,L115,L128,L134,L140,L150,L153,L154,L155,L156,L158,L160,L168,L169,L178,L179,L182",30,1.1352229154055902,1.1352229154055902,0,,28,False,non_critical,
1,20260708,L002->L169,L002,L169,True,False,0.0,0.0,0.0,1.0000000000000122,"L001,L002,L018,L044,L045,L046,L060,L065,L102,L104,L109,L110,L111,L113,L115,L128,L134,L140,L150,L153,L154,L155,L156,L158,L160,L169,L178,L179,L182",29,1.1352229154055902,1.1352229154055902,0,,27,False,non_critical,
1,20260708,L002->L170,L002,L170,True,False,0.0,0.0,0.0,1.0000000000000122,"L001,L002,L018,L044,L045,L046,L060,L065,L102,L104,L109,L110,L111,L113,L115,L128,L134,L140,L150,L153,L154,L155,L156,L158,L160,L169,L170,L178,L179,L182",30,1.1352229154055902,1.1352229154055902,0,,28,False,non_critical,
1,20260708,L002->L171,L002,L171,True,False,0.0,0.0,0.0,1.0000000000000122,"L001,L002,L018,L044,L045,L046,L060,L065,L102,L104,L109,L110,L111,L113,L115,L128,L134,L140,L150,L153,L154,L155,L156,L158,L160,L169,L171,L178,L179,L182",30,1.1352229154055902,1.1352229154055902,0,,28,False,non_critical,
1,20260708,L002->L172,L002,L172,True,False,0.0,0.0,0.0,1.0000000000000122,"L001,L002,L018,L044,L045,L046,L060,L065,L102,L104,L109,L110,L111,L113,L115,L128,L134,L140,L150,L153,L154,L155,L156,L158,L160,L169,L172,L178,L179,L182",30,1.1352229154055902,1.1352229154055902,0,,28,False,non_critical,
1,20260708,L002->L173,L002,L173,True,False,0.0,0.0,0.0,1.0000000000000122,"L001,L002,L018,L044,L045,L046,L060,L065,L102,L104,L109,L110,L111,L113,L115,L128,L134,L140,L150,L153,L154,L155,L156,L158,L160,L169,L173,L178,L179,L182",30,1.1352229154055902,1.1352229154055902,0,,28,False,non_critical,
1,20260708,L002->L174,L002,L174,True,False,0.0,0.0,0.0,1.0000000000000122,"L001,L002,L018,L044,L045,L046,L060,L065,L102,L104,L109,L110,L111,L113,L115,L128,L134,L140,L150,L153,L154,L155,L156,L158,L160,L169,L174,L178,L179,L182",30,1.1352229154055902,1.1352229154055902,0,,28,False,non_critical,
1,20260708,L002->L175,L002,L175,True,False,0.0,0.0,0.0,1.0000000000000122,"L001,L002,L018,L044,L045,L046,L060,L065,L102,L104,L109,L110,L111,L113,L115,L128,L134,L140,L150,L153,L154,L155,L156,L158,L160,L169,L175,L178,L179,L182",30,1.1352229154055902,1.1352229154055902,0,,28,False,non_critical,
1,20260708,L002->L176,L002,L176,True,False,0.0,0.0,0.0,1.0000000000000122,"L001,L002,L018,L044,L045,L046,L060,L065,L102,L104,L109,L110,L111,L113,L115,L128,L134,L140,L150,L153,L154,L155,L156,L158,L160,L169,L176,L178,L179,L182",30,1.1352229154055902,1.1352229154055902,0,,28,False,non_critical,
1,20260708,L002->L177,L002,L177,True,False,0.0,0.0,0.0,1.0000000000000122,"L001,L002,L018,L044,L045,L046,L060,L065,L102,L104,L109,L110,L111,L113,L115,L128,L134,L140,L150,L153,L154,L155,L156,L158,L160,L169,L177,L178,L179,L182",30,1.1352229154055902,1.1352229154055902,0,,28,False,non_critical,
1,20260708,L002->L178,L002,L178,True,False,0.0,0.0,0.0,1.0000000000000122,"L001,L002,L018,L044,L045,L046,L060,L065,L102,L104,L109,L110,L111,L113,L115,L128,L134,L140,L150,L153,L154,L155,L156,L158,L160,L169,L178,L179,L182",29,1.1352229154055902,1.1352229154055902,0,,27,False,non_critical,
1,20260708,L002->L179,L002,L179,True,False,0.0,0.0,0.0,1.0000000000000122,"L001,L002,L018,L044,L045,L046,L060,L065,L102,L104,L109,L110,L111,L113,L115,L128,L134,L140,L150,L153,L154,L155,L156,L158,L160,L169,L178,L179,L182",29,1.1352229154055902,1.1352229154055902,0,,27,False,non_critical,
1,20260708,L002->L180,L002,L180,True,True,7.272188818003705,7.272188818003705,0.0,1.000000000000001,"L001,L002,L018,L044,L045,L046,L060,L065,L102,L104,L109,L110,L111,L113,L115,L128,L134,L140,L150,L153,L154,L155,L156,L158,L160,L169,L178,L179,L180,L182",30,1.1509603594783469,1.1509603594783469,0,,28,False,island_only,
1,20260708,L002->L181,L002,L181,True,True,20.772296104867053,20.772296104867053,0.0,1.000000000000001,"L001,L002,L018,L044,L045,L046,L060,L065,L102,L104,L109,L110,L111,L113,L115,L128,L134,L140,L150,L153,L154,L155,L156,L158,L160,L169,L178,L179,L181,L182",30,1.1956656027546113,1.1956656027546113,0,,28,False,island_only,
1,20260708,L002->L182,L002,L182,True,False,0.0,0.0,0.0,1.0000000000000122,"L001,L002,L018,L044,L045,L046,L060,L065,L102,L104,L109,L110,L111,L113,L115,L128,L134,L140,L150,L153,L154,L155,L156,L158,L160,L169,L178,L179,L182",29,1.1352229154055902,1.1352229154055902,0,,27,False,non_critical,
1,20260708,L002->L183,L002,L183,True,True,81.35922639729833,81.35922639729833,0.0,1.0,"L001,L002,L018,L044,L045,L046,L060,L065,L102,L104,L109,L110,L111,L113,L115,L128,L134,L140,L149,L150,L153,L154,L155,L156,L158,L160,L169,L178,L179,L182,L183",31,1.466844273847872,1.466844273847872,1,L149,29,True,relay_cascade,
1,20260708,L002->L184,L002,L184,True,True,21.648461416338748,21.648461416338748,0.0,1.000000000000005,"L001,L002,L018,L044,L045,L046,L060,L065,L102,L104,L109,L110,L111,L113,L115,L128,L134,L140,L150,L153,L154,L155,L156,L158,L160,L169,L178,L179,L182,L184",30,1.1987668340093842,1.1987668340093842,0,,28,False,island_only,
1,20260708,L002->L185,L002,L185,True,True,35.11713329264434,35.11713329264434,0.0,1.0,"L001,L002,L018,L044,L045,L046,L060,L065,L102,L104,L109,L110,L111,L113,L115,L128,L134,L140,L150,L153,L154,L155,L156,L158,L160,L169,L178,L179,L182,L185,L186",31,2.0050045253607056,2.0050045253607056,1,L186,29,True,relay_cascade,
1,20260708,L002->L186,L002,L186,True,False,0.0,0.0,0.0,1.000000000000001,"L001,L002,L018,L044,L045,L046,L060,L065,L102,L104,L109,L110,L111,L113,L115,L128,L134,L140,L150,L153,L154,L155,L156,L158,L160,L169,L178,L179,L182,L186",30,1.1352229154055902,1.1352229154055902,0,,28,False,non_critical,
1,20260708,L003->L001,L003,L001,True,False,0.0,0.0,0.0,1.0000000000000675,"L001,L003,L018",3,1.005307466337847,1.005307466337847,0,,1,False,non_critical,
1,20260708,L003->L002,L003,L002,True,False,0.0,0.0,0.0,1.0000000000000018,"L001,L002,L003,L018,L019,L044,L045,L046,L060,L065,L102,L104,L109,L110,L111,L113,L115,L128,L134,L140,L150,L153,L154,L155,L156,L158,L160,L169,L178,L179,L182",31,38.943576421066766,38.943576421066766,28,"L001,L019,L044,L045,L046,L060,L065,L102,L104,L109,L110,L111,L113,L115,L128,L134,L140,L150,L153,L154,L155,L156,L158,L160,L169,L178,L179,L182",29,True,non_critical,
1,20260708,L003->L004,L003,L004,True,False,0.0,0.0,0.0,1.0000000000000004,"L001,L003,L004,L014,L015,L018,L019,L030,L044,L045,L046,L060,L065,L102,L104,L109,L110,L111,L113,L115,L128,L134,L140,L150,L153,L154,L155,L156,L158,L160,L169,L178,L179,L182",34,38.134935000595625,38.134935000595625,31,"L001,L014,L015,L019,L030,L044,L045,L046,L060,L065,L102,L104,L109,L110,L111,L113,L115,L128,L134,L140,L150,L153,L154,L155,L156,L158,L160,L169,L178,L179,L182",32,True,non_critical,
1,20260708,L003->L005,L003,L005,True,False,0.0,0.0,0.0,1.0000000000000226,"L003,L005,L018,L019",4,2.033666700738606,2.033666700738606,1,L019,2,True,non_critical,
1,20260708,L003->L006,L003,L006,True,False,0.0,0.0,0.0,1.0000000000001563,"L003,L006,L018,L019",4,1.7651374930160362,1.7651374930160362,1,L019,2,True,non_critical,
1,20260708,L003->L007,L003,L007,True,False,0.0,0.0,0.0,1.0000000000000122,"L003,L007,L018,L019,L020,L030,L045,L046,L060,L065,L102,L104,L109,L111,L112,L113,L115,L128,L134,L140,L150,L153,L154,L155,L156,L157,L158,L159,L160,L169,L178,L179,L182",33,44.112845203715345,44.112845203715345,30,"L019,L020,L030,L045,L046,L060,L065,L102,L104,L109,L111,L112,L113,L115,L128,L134,L140,L150,L153,L154,L155,L156,L157,L158,L159,L160,L169,L178,L179,L182",31,True,non_critical,
1,20260708,L003->L008,L003,L008,True,True,40.354199858188814,40.354199858188814,0.0,1.000000000000001,"L003,L008,L014,L017,L018,L019,L020,L022,L037,L044,L045,L046,L060,L102,L109,L110,L111,L113,L115,L128,L134,L140,L150,L153,L154,L155,L156,L157,L158,L160,L169,L178,L179,L182",34,39.50808514013677,39.50808514013677,31,"L014,L017,L019,L020,L022,L037,L044,L045,L046,L060,L102,L109,L110,L111,L113,L115,L128,L134,L140,L150,L153,L154,L155,L156,L157,L158,L160,L169,L178,L179,L182",32,True,relay_cascade,
1,20260708,L003->L009,L003,L009,True,False,0.0,0.0,0.0,1.0000000000000004,"L003,L009,L018,L019,L020,L030,L045,L046,L060,L065,L102,L104,L109,L111,L112,L113,L115,L128,L134,L140,L150,L153,L154,L155,L156,L157,L158,L159,L160,L169,L178,L179,L182",33,44.112845203715345,44.112845203715345,30,"L019,L020,L030,L045,L046,L060,L065,L102,L104,L109,L111,L112,L113,L115,L128,L134,L140,L150,L153,L154,L155,L156,L157,L158,L159,L160,L169,L178,L179,L182",31,True,non_critical,
1,20260708,L003->L010,L003,L010,True,False,0.0,0.0,0.0,1.000000000000003,"L003,L010,L018,L019,L044,L045,L046,L060,L065,L102,L104,L109,L110,L111,L113,L115,L128,L134,L140,L150,L153,L154,L155,L156,L158,L160,L169,L178,L179,L182",30,39.05860155086287,39.05860155086287,27,"L019,L044,L045,L046,L060,L065,L102,L104,L109,L110,L111,L113,L115,L128,L134,L140,L150,L153,L154,L155,L156,L158,L160,L169,L178,L179,L182",28,True,non_critical,
1,20260708,L003->L011,L003,L011,True,True,25.67010059251546,25.67010059251546,0.0,1.0000000000000024,"L001,L003,L011,L014,L015,L018,L019,L020,L022,L044,L045,L046,L054,L060,L102,L109,L110,L111,L112,L113,L115,L128,L134,L140,L150,L153,L154,L155,L156,L157,L158,L159,L160,L169,L178,L179,L182",37,35.77155912747632,35.77155912747632,34,"L001,L014,L015,L019,L020,L022,L044,L045,L046,L054,L060,L102,L109,L110,L111,L112,L113,L115,L128,L134,L140,L150,L153,L154,L155,L156,L157,L158,L159,L160,L169,L178,L179,L182",35,True,relay_cascade,
1,20260708,L003->L012,L003,L012,True,True,25.67010059251546,25.67010059251546,0.0,1.0,"L003,L012,L014,L015,L018,L019,L020,L022,L030,L044,L045,L046,L060,L065,L102,L104,L109,L110,L111,L113,L115,L128,L134,L140,L150,L153,L154,L155,L156,L158,L160,L169,L178,L179,L182",35,38.48790790918308,38.48790790918308,32,"L014,L015,L019,L020,L022,L030,L044,L045,L046,L060,L065,L102,L104,L109,L110,L111,L113,L115,L128,L134,L140,L150,L153,L154,L155,L156,L158,L160,L169,L178,L179,L182",33,True,relay_cascade,
1,20260708,L003->L013,L003,L013,True,False,0.0,0.0,0.0,1.0000000000000675,"L003,L013,L018",3,1.0239681856920562,1.0239681856920562,0,,1,False,non_critical,
1,20260708,L003->L014,L003,L014,True,False,0.0,0.0,0.0,1.000000000000004,"L003,L014,L018",3,1.0031292692958191,1.0031292692958191,0,,1,False,non_critical,
1,20260708,L003->L015,L003,L015,True,False,0.0,0.0,0.0,1.000000000000023,"L003,L015,L018,L019",4,1.5602067966873687,1.5602067966873687,1,L019,2,True,non_critical,
1,20260708,L003->L016,L003,L016,True,True,31.514792047850804,31.514792047850804,0.0,1.0,"L003,L016,L018,L019,L044,L045,L046,L054,L060,L102,L104,L109,L110,L111,L113,L115,L128,L134,L140,L150,L153,L154,L155,L156,L158,L160,L169,L178,L179,L182",30,38.38219097485481,38.38219097485481,27,"L019,L044,L045,L046,L054,L060,L102,L104,L109,L110,L111,L113,L115,L128,L134,L140,L150,L153,L154,L155,L156,L158,L160,L169,L178,L179,L182",28,True,relay_cascade,
1,20260708,L003->L017,L003,L017,True,True,14.684099265673353,14.684099265673353,0.0,1.0000000000000004,"L003,L017,L018,L019,L044,L045,L046,L060,L065,L102,L104,L109,L110,L111,L113,L115,L128,L134,L140,L150,L153,L154,L155,L156,L158,L160,L169,L178,L179,L182",30,38.72921802504311,38.72921802504311,27,"L019,L044,L045,L046,L060,L065,L102,L104,L109,L110,L111,L113,L115,L128,L134,L140,L150,L153,L154,L155,L156,L158,L160,L169,L178,L179,L182",28,True,relay_cascade,
1,20260708,L003->L018,L003,L018,True,False,0.0,0.0,0.0,1.0000000000000675,"L003,L018",2,1.0000000000000675,1.0000000000000675,0,,0,False,non_critical,
1,20260708,L003->L019,L003,L019,True,False,0.0,0.0,0.0,1.000000000000004,"L003,L018,L019",3,1.0821675106359456,1.0821675106359456,0,,1,False,non_critical,
1,20260708,L003->L020,L003,L020,True,False,0.0,0.0,0.0,1.0000000000000049,"L003,L018,L020",3,1.1315361693280026,1.1315361693280026,0,,1,False,non_critical,
1,20260708,L003->L021,L003,L021,True,True,22.50545676159403,22.50545676159403,0.0,1.0000000000000033,"L003,L018,L019,L021,L024,L026,L030,L044,L045,L046,L048,L056,L057,L060,L065,L077,L078,L082,L095,L102,L104,L109,L110,L111,L113,L115,L128,L134,L140,L150,L153,L154,L155,L156,L158,L160,L169,L178,L179,L182",40,37.73244564190135,37.73244564190135,37,"L019,L024,L026,L030,L044,L045,L046,L048,L056,L057,L060,L065,L077,L078,L082,L095,L102,L104,L109,L110,L111,L113,L115,L128,L134,L140,L150,L153,L154,L155,L156,L158,L160,L169,L178,L179,L182",38,True,relay_cascade,
1,20260708,L003->L022,L003,L022,True,True,3.373982453970864,0.0,3.373982453970864,1.000000000000002,"L003,L015,L018,L019,L022,L045,L182",7,2.1508643059155115,2.1508643059155115,4,"L015,L019,L045,L182",5,True,relay_cascade,
1,20260708,L003->L023,L003,L023,True,False,0.0,0.0,0.0,1.000000000000008,"L003,L018,L023",3,1.0391163064601194,1.0391163064601194,0,,1,False,non_critical,
1,20260708,L003->L024,L003,L024,True,False,0.0,0.0,0.0,1.000000000000019,"L003,L018,L024",3,1.0844645184318047,1.0844645184318047,0,,1,False,non_critical,
1,20260708,L003->L025,L003,L025,True,False,0.0,0.0,0.0,1.000000000000008,"L003,L018,L025",3,1.1162084271132962,1.1162084271132962,0,,1,False,non_critical,
1,20260708,L003->L026,L003,L026,True,False,0.0,0.0,0.0,1.0000000000000027,"L003,L018,L026",3,1.1855838524233888,1.1855838524233888,0,,1,False,non_critical,
1,20260708,L003->L027,L003,L027,True,False,0.0,0.0,0.0,1.0000000000000058,"L003,L018,L027,L178,L182",5,2.1574676728545406,2.1574676728545406,2,"L178,L182",3,True,non_critical,
1,20260708,L003->L028,L003,L028,True,True,1.2263267694651248,0.0,1.2263267694651248,1.0000000000000009,"L003,L018,L028,L128,L178,L182",6,2.5227710868025888,2.5227710868025888,3,"L128,L178,L182",4,True,relay_cascade,
1,20260708,L003->L029,L003,L029,True,True,42.3080770354206,42.3080770354206,0.0,1.0000000000000004,"L003,L018,L019,L025,L029,L030,L044,L045,L046,L060,L065,L102,L104,L109,L110,L111,L112,L113,L115,L128,L134,L140,L150,L153,L154,L155,L156,L158,L160,L169,L178,L179,L182",33,37.53393893147401,37.53393893147401,30,"L019,L025,L030,L044,L045,L046,L060,L065,L102,L104,L109,L110,L111,L112,L113,L115,L128,L134,L140,L150,L153,L154,L155,L156,L158,L160,L169,L178,L179,L182",31,True,relay_cascade,
1,20260708,L003->L030,L003,L030,True,False,0.0,0.0,0.0,1.0000000000000078,"L003,L018,L030,L060,L065,L077,L078,L102,L104,L111,L115,L128",12,4.514162661368001,4.514162661368001,9,"L060,L065,L077,L078,L102,L104,L111,L115,L128",10,True,non_critical,
1,20260708,L003->L031,L003,L031,True,False,0.0,0.0,0.0,1.0000000000000002,"L003,L018,L030,L031,L044,L045,L046,L060,L065,L102,L104,L109,L110,L111,L113,L115,L128,L134,L140,L150,L153,L154,L155,L156,L157,L158,L160,L169,L178,L179,L182",31,39.685039227360775,39.685039227360775,28,"L030,L044,L045,L046,L060,L065,L102,L104,L109,L110,L111,L113,L115,L128,L134,L140,L150,L153,L154,L155,L156,L157,L158,L160,L169,L178,L179,L182",29,True,non_critical,
1,20260708,L003->L032,L003,L032,True,False,0.0,0.0,0.0,1.0000000000000004,"L003,L018,L030,L032,L039,L040,L044,L045,L046,L060,L065,L102,L104,L109,L111,L112,L113,L115,L128,L134,L140,L150,L153,L154,L155,L156,L157,L158,L160,L169,L178,L179,L182,L186",34,41.16576147506048,41.16576147506048,31,"L030,L039,L040,L044,L045,L046,L060,L065,L102,L104,L109,L111,L112,L113,L115,L128,L134,L140,L150,L153,L154,L155,L156,L157,L158,L160,L169,L178,L179,L182,L186",32,True,non_critical,
1,20260708,L003->L033,L003,L033,True,True,35.958503168233044,35.958503168233044,0.0,1.0,"L003,L018,L019,L033,L040,L043,L044,L045,L046,L054,L060,L102,L104,L109,L110,L111,L113,L115,L128,L134,L140,L149,L150,L153,L154,L155,L156,L158,L160,L169,L178,L179,L180,L182",34,39.643603619639656,39.643603619639656,31,"L019,L040,L043,L044,L045,L046,L054,L060,L102,L104,L109,L110,L111,L113,L115,L128,L134,L140,L149,L150,L153,L154,L155,L156,L158,L160,L169,L178,L179,L180,L182",32,True,relay_cascade,
1,20260708,L003->L034,L003,L034,True,True,41.04569367595296,41.04569367595296,0.0,1.0000000000000024,"L003,L018,L019,L030,L034,L040,L044,L045,L046,L060,L065,L102,L104,L109,L110,L111,L113,L115,L128,L134,L140,L150,L153,L154,L155,L156,L158,L160,L169,L178,L179,L182",32,38.15881290821745,38.15881290821745,29,"L019,L030,L040,L044,L045,L046,L060,L065,L102,L104,L109,L110,L111,L113,L115,L128,L134,L140,L150,L153,L154,L155,L156,L158,L160,L169,L178,L179,L182",30,True,relay_cascade,
1,20260708,L003->L035,L003,L035,True,True,1.325370392301095,0.0,1.325370392301095,1.0000000000000029,"L003,L018,L035,L178,L182",5,3.0091771078756047,3.0091771078756047,2,"L178,L182",3,True,relay_cascade,
1,20260708,L003->L036,L003,L036,True,True,55.20177544137835,55.20177544137835,0.0,1.0000000000000009,"L003,L015,L018,L019,L020,L025,L026,L027,L030,L036,L039,L045,L046,L048,L054,L060,L102,L104,L109,L110,L111,L113,L115,L128,L134,L140,L148,L149,L150,L153,L154,L155,L156,L157,L158,L160,L169,L178,L179,L182",40,39.7197427194679,39.7197427194679,37,"L015,L019,L020,L025,L026,L027,L030,L039,L045,L046,L048,L054,L060,L102,L104,L109,L110,L111,L113,L115,L128,L134,L140,L148,L149,L150,L153,L154,L155,L156,L157,L158,L160,L169,L178,L179,L182",38,True,relay_cascade,
1,20260708,L003->L037,L003,L037,True,False,0.0,0.0,0.0,1.0000000000000004,"L003,L015,L018,L019,L020,L037,L044,L045,L046,L060,L102,L109,L110,L111,L113,L115,L128,L134,L140,L150,L153,L154,L155,L156,L157,L158,L160,L169,L178,L179,L182",31,40.12719349692072,40.12719349692072,28,"L015,L019,L020,L044,L045,L046,L060,L102,L109,L110,L111,L113,L115,L128,L134,L140,L150,L153,L154,L155,L156,L157,L158,L160,L169,L178,L179,L182",29,True,non_critical,
1,20260708,L003->L038,L003,L038,True,False,0.0,0.0,0.0,1.0000000000000004,"L003,L018,L019,L025,L030,L032,L038,L045,L046,L060,L065,L102,L104,L109,L110,L111,L113,L115,L128,L134,L140,L150,L153,L154,L155,L156,L157,L158,L159,L160,L169,L178,L179,L182",34,40.90516158563241,40.90516158563241,31,"L019,L025,L030,L032,L045,L046,L060,L065,L102,L104,L109,L110,L111,L113,L115,L128,L134,L140,L150,L153,L154,L155,L156,L157,L158,L159,L160,L169,L178,L179,L182",32,True,non_critical,
1,20260708,L003->L039,L003,L039,True,False,0.0,0.0,0.0,1.0000000000000062,"L003,L018,L019,L039,L044,L045,L046,L060,L065,L102,L104,L109,L110,L111,L113,L115,L128,L134,L140,L150,L153,L154,L155,L156,L158,L160,L169,L178,L179,L182",30,39.801809033024746,39.801809033024746,27,"L019,L044,L045,L046,L060,L065,L102,L104,L109,L110,L111,L113,L115,L128,L134,L140,L150,L153,L154,L155,L156,L158,L160,L169,L178,L179,L182",28,True,non_critical,
1,20260708,L003->L040,L003,L040,True,False,0.0,0.0,0.0,1.0000000000000013,"L003,L018,L040,L182",4,3.4022702212727296,3.4022702212727296,1,L182,2,True,non_critical,
1,20260708,L003->L041,L003,L041,True,False,0.0,0.0,0.0,1.0000000000000002,"L003,L018,L041,L044,L045,L046,L060,L065,L102,L104,L109,L110,L111,L113,L115,L128,L134,L140,L150,L153,L154,L155,L156,L158,L160,L169,L178,L179,L182",29,38.53959648464423,38.53959648464423,26,"L044,L045,L046,L060,L065,L102,L104,L109,L110,L111,L113,L115,L128,L134,L140,L150,L153,L154,L155,L156,L158,L160,L169,L178,L179,L182",27,True,non_critical,
1,20260708,L003->L042,L003,L042,True,False,0.0,0.0,0.0,1.0000000000000226,"L003,L018,L042,L178,L182",5,6.455427901897082,6.455427901897082,2,"L178,L182",3,True,non_critical,
1,20260708,L003->L043,L003,L043,True,False,0.0,0.0,0.0,1.0000000000000049,"L003,L018,L043,L182",4,5.385159791319527,5.385159791319527,1,L182,2,True,non_critical,
1,20260708,L003->L044,L003,L044,True,False,0.0,0.0,0.0,1.0000000000000095,"L003,L018,L019,L044,L045,L182",6,1.6473665521492311,1.6473665521492311,3,"L019,L045,L182",4,True,non_critical,
1,20260708,L003->L045,L003,L045,True,False,0.0,0.0,0.0,1.000000000000012,"L003,L018,L045",3,1.0503553699337678,1.0503553699337678,0,,1,False,non_critical,
1,20260708,L003->L046,L003,L046,True,False,0.0,0.0,0.0,1.0000000000000049,"L003,L018,L046",3,1.0030638201031024,1.0030638201031024,0,,1,False,non_critical,
1,20260708,L003->L047,L003,L047,True,True,31.300605334860514,31.300605334860514,0.0,1.0,"L003,L018,L044,L045,L046,L047,L056,L057,L060,L065,L077,L078,L082,L095,L102,L104,L109,L110,L111,L113,L115,L128,L134,L140,L150,L153,L154,L155,L156,L158,L160,L169,L178,L179,L182",35,38.39209977232821,38.39209977232821,32,"L044,L045,L046,L056,L057,L060,L065,L077,L078,L082,L095,L102,L104,L109,L110,L111,L113,L115,L128,L134,L140,L150,L153,L154,L155,L156,L158,L160,L169,L178,L179,L182",33,True,relay_cascade,
1,20260708,L003->L048,L003,L048,True,False,0.0,0.0,0.0,1.000000000000019,"L003,L018,L048",3,1.076087706532417,1.076087706532417,0,,1,False,non_critical,
1,20260708,L003->L049,L003,L049,True,False,0.0,0.0,0.0,1.0000000000000004,"L003,L018,L019,L044,L045,L046,L049,L060,L065,L102,L104,L109,L110,L111,L113,L115,L128,L134,L140,L150,L153,L154,L155,L156,L158,L160,L169,L178,L179,L182",30,39.219154290948254,39.219154290948254,27,"L019,L044,L045,L046,L060,L065,L102,L104,L109,L110,L111,L113,L115,L128,L134,L140,L150,L153,L154,L155,L156,L158,L160,L169,L178,L179,L182",28,True,non_critical,
1,20260708,L003->L050,L003,L050,True,True,33.88157185629734,33.88157185629734,0.0,1.0000000000000004,"L003,L018,L019,L044,L045,L046,L050,L059,L060,L061,L065,L102,L104,L109,L110,L111,L113,L115,L128,L134,L140,L150,L153,L154,L155,L156,L158,L160,L169,L178,L179,L182",32,38.26434138540567,38.26434138540567,29,"L019,L044,L045,L046,L059,L060,L061,L065,L102,L104,L109,L110,L111,L113,L115,L128,L134,L140,L150,L153,L154,L155,L156,L158,L160,L169,L178,L179,L182",30,True,relay_cascade,
1,20260708,L003->L051,L003,L051,True,True,59.27261934980908,59.27261934980908,0.0,1.0000000000000004,"L003,L018,L019,L024,L044,L045,L046,L048,L051,L056,L057,L058,L060,L065,L077,L078,L082,L095,L102,L104,L109,L110,L111,L112,L113,L115,L128,L134,L140,L149,L150,L153,L154,L155,L156,L158,L159,L160,L169,L178,L179,L182",42,38.6268292955718,38.6268292955718,39,"L019,L024,L044,L045,L046,L048,L056,L057,L058,L060,L065,L077,L078,L082,L095,L102,L104,L109,L110,L111,L112,L113,L115,L128,L134,L140,L149,L150,L153,L154,L155,L156,L158,L159,L160,L169,L178,L179,L182",40,True,relay_cascade,
1,20260708,L003->L052,L003,L052,True,False,0.0,0.0,0.0,1.0000000000000062,"L003,L018,L052,L060",4,1.4522231372540226,1.4522231372540226,1,L060,2,True,non_critical,
1,20260708,L003->L053,L003,L053,True,False,0.0,0.0,0.0,1.0000000000000069,"L003,L018,L053,L060",4,1.3709941232441425,1.3709941232441425,1,L060,2,True,non_critical,
1,20260708,L003->L054,L003,L054,True,False,0.0,0.0,0.0,1.0000000000000004,"L003,L018,L019,L030,L044,L045,L046,L054,L060,L065,L078,L102,L104,L109,L110,L111,L113,L115,L128,L134,L140,L150,L153,L154,L155,L156,L157,L158,L159,L160,L169,L178,L179,L182",34,40.936269321213146,40.936269321213146,31,"L019,L030,L044,L045,L046,L060,L065,L078,L102,L104,L109,L110,L111,L113,L115,L128,L134,L140,L150,L153,L154,L155,L156,L157,L158,L159,L160,L169,L178,L179,L182",32,True,non_critical,
1,20260708,L003->L055,L003,L055,True,False,0.0,0.0,0.0,1.0000000000000058,"L003,L018,L055,L060",4,1.2442814392364903,1.2442814392364903,1,L060,2,True,non_critical,
1,20260708,L003->L056,L003,L056,True,False,0.0,0.0,0.0,1.0000000000000069,"L003,L018,L056",3,1.171979579635361,1.171979579635361,0,,1,False,non_critical,
1,20260708,L003->L057,L003,L057,True,False,0.0,0.0,0.0,1.0000000000000049,"L003,L018,L057",3,1.0524034037225865,1.0524034037225865,0,,1,False,non_critical,
1,20260708,L003->L058,L003,L058,True,False,0.0,0.0,0.0,1.0000000000000024,"L003,L018,L058",3,1.1380954388671547,1.1380954388671547,0,,1,False,non_critical,
1,20260708,L003->L059,L003,L059,True,True,18.346497960874867,18.346497960874867,0.0,1.000000000000001,"L003,L018,L019,L044,L045,L046,L059,L060,L065,L102,L104,L109,L110,L111,L113,L115,L128,L134,L140,L150,L153,L154,L155,L156,L158,L160,L169,L178,L179,L182",30,38.690200098018636,38.690200098018636,27,"L019,L044,L045,L046,L060,L065,L102,L104,L109,L110,L111,L113,L115,L128,L134,L140,L150,L153,L154,L155,L156,L158,L160,L169,L178,L179,L182",28,True,relay_cascade,
1,20260708,L003->L060,L003,L060,True,False,0.0,0.0,0.0,1.0000000000000113,"L003,L018,L060",3,1.0106984896186793,1.0106984896186793,0,,1,False,non_critical,
1,20260708,L003->L061,L003,L061,True,True,33.88157185629734,33.88157185629734,0.0,1.0000000000000007,"L003,L018,L044,L045,L046,L060,L061,L065,L102,L104,L109,L110,L111,L113,L115,L128,L134,L140,L150,L153,L154,L155,L156,L158,L160,L169,L178,L179,L182",29,38.36057533190329,38.36057533190329,26,"L044,L045,L046,L060,L065,L102,L104,L109,L110,L111,L113,L115,L128,L134,L140,L150,L153,L154,L155,L156,L158,L160,L169,L178,L179,L182",27,True,relay_cascade,
1,20260708,L003->L062,L003,L062,True,False,0.0,0.0,0.0,1.0000000000000113,"L003,L018,L060,L062",4,1.8255923155274196,1.8255923155274196,1,L060,2,True,non_critical,
1,20260708,L003->L063,L003,L063,True,False,0.0,0.0,0.0,1.0,"L003,L018,L030,L044,L045,L046,L060,L063,L065,L102,L104,L109,L110,L111,L113,L115,L128,L134,L140,L150,L153,L154,L155,L156,L157,L158,L160,L169,L178,L179,L182,L186",32,38.43843817701982,38.43843817701982,29,"L030,L044,L045,L046,L060,L065,L102,L104,L109,L110,L111,L113,L115,L128,L134,L140,L150,L153,L154,L155,L156,L157,L158,L160,L169,L178,L179,L182,L186",30,True,non_critical,
1,20260708,L003->L064,L003,L064,True,False,0.0,0.0,0.0,1.0000000000000069,"L003,L018,L064",3,1.1767041282289261,1.1767041282289261,0,,1,False,non_critical,
1,20260708,L003->L065,L003,L065,True,False,0.0,0.0,0.0,1.000000000000004,"L003,L018,L065",3,1.040336131651887,1.040336131651887,0,,1,False,non_critical,
1,20260708,L003->L066,L003,L066,True,False,0.0,0.0,0.0,1.0000000000000113,"L003,L018,L045,L066,L102,L111,L128",7,1.797636710829523,1.797636710829523,4,"L045,L102,L111,L128",5,True,non_critical,
1,20260708,L003->L067,L003,L067,True,False,0.0,0.0,0.0,1.0000000000000113,"L003,L018,L045,L067,L102,L111,L128",7,1.797636710829523,1.797636710829523,4,"L045,L102,L111,L128",5,True,non_critical,
1,20260708,L003->L068,L003,L068,True,False,0.0,0.0,0.0,1.000000000000014,"L003,L018,L060,L068,L102",5,2.6392394754138517,2.6392394754138517,2,"L060,L102",3,True,non_critical,
1,20260708,L003->L069,L003,L069,True,False,0.0,0.0,0.0,1.0000000000000113,"L003,L018,L060,L069",4,1.4135969868833926,1.4135969868833926,1,L060,2,True,non_critical,
1,20260708,L003->L070,L003,L070,True,False,0.0,0.0,0.0,1.000000000000023,"L003,L018,L070,L077,L078,L079,L082,L102,L128",9,1.4985748129971992,1.4985748129971992,6,"L077,L078,L079,L082,L102,L128",7,True,non_critical,
1,20260708,L003->L071,L003,L071,True,True,70.56694602954056,70.56694602954056,0.0,1.0,"L003,L018,L019,L044,L045,L046,L060,L065,L071,L073,L074,L078,L082,L102,L104,L109,L110,L111,L113,L115,L128,L134,L140,L149,L150,L153,L154,L155,L156,L158,L160,L169,L178,L179,L182",35,37.61610343665291,37.61610343665291,32,"L019,L044,L045,L046,L060,L065,L073,L074,L078,L082,L102,L104,L109,L110,L111,L113,L115,L128,L134,L140,L149,L150,L153,L154,L155,L156,L158,L160,L169,L178,L179,L182",33,True,relay_cascade,
1,20260708,L003->L072,L003,L072,True,True,3.251981251469199,0.0,3.251981251469199,1.0000000000000049,"L003,L018,L072",3,1.0851056441807272,1.0851056441807272,0,,1,False,island_only,
1,20260708,L003->L073,L003,L073,True,False,0.0,0.0,0.0,1.0000000000000226,"L003,L018,L073",3,1.0041414368409,1.0041414368409,0,,1,False,non_critical,
1,20260708,L003->L074,L003,L074,True,False,0.0,0.0,0.0,1.0000000000000027,"L003,L018,L074,L078,L082",5,1.5004377644209403,1.5004377644209403,2,"L078,L082",3,True,non_critical,
1,20260708,L003->L075,L003,L075,True,False,0.0,0.0,0.0,1.0000000000000038,"L003,L018,L075",3,1.112140769493357,1.112140769493357,0,,1,False,non_critical,
1,20260708,L003->L076,L003,L076,True,False,0.0,0.0,0.0,1.0000000000000675,"L003,L018,L076",3,1.111206836730751,1.111206836730751,0,,1,False,non_critical,
1,20260708,L003->L077,L003,L077,True,False,0.0,0.0,0.0,1.0000000000000058,"L003,L018,L077",3,1.0007786084204373,1.0007786084204373,0,,1,False,non_critical,
1,20260708,L003->L078,L003,L078,True,False,0.0,0.0,0.0,1.000000000000004,"L003,L018,L078",3,1.0441055975696163,1.0441055975696163,0,,1,False,non_critical,
1,20260708,L003->L079,L003,L079,True,False,0.0,0.0,0.0,1.0000000000000027,"L003,L018,L077,L078,L079",5,2.1595384290232147,2.1595384290232147,2,"L077,L078",3,True,non_critical,
1,20260708,L003->L080,L003,L080,True,False,0.0,0.0,0.0,1.0000000000000675,"L003,L018,L080",3,1.0004409987377485,1.0004409987377485,0,,1,False,non_critical,
1,20260708,L003->L081,L003,L081,True,False,0.0,0.0,0.0,1.000000000000002,"L003,L018,L078,L081,L102",5,1.2201764257104568,1.2201764257104568,2,"L078,L102",3,True,non_critical,
1,20260708,L003->L082,L003,L082,True,False,0.0,0.0,0.0,1.000000000000003,"L003,L018,L082",3,1.0161378830413803,1.0161378830413803,0,,1,False,non_critical,
1,20260708,L003->L083,L003,L083,True,False,0.0,0.0,0.0,1.000000000000003,"L003,L018,L083",3,1.0000050412734884,1.0000050412734884,0,,1,False,non_critical,
1,20260708,L003->L084,L003,L084,True,False,0.0,0.0,0.0,1.0000000000000022,"L003,L018,L084",3,1.0194409548573529,1.0194409548573529,0,,1,False,non_critical,
1,20260708,L003->L085,L003,L085,True,False,0.0,0.0,0.0,1.0000000000000049,"L003,L018,L085",3,1.1441160354536286,1.1441160354536286,0,,1,False,non_critical,
1,20260708,L003->L086,L003,L086,True,False,0.0,0.0,0.0,1.0000000000000675,"L003,L018,L086",3,1.153028965619857,1.153028965619857,0,,1,False,non_critical,
1,20260708,L003->L087,L003,L087,True,False,0.0,0.0,0.0,1.0000000000000009,"L003,L018,L087",3,1.0698234233132873,1.0698234233132873,0,,1,False,non_critical,
1,20260708,L003->L088,L003,L088,True,False,0.0,0.0,0.0,1.0000000000000027,"L003,L018,L088",3,1.0849323078632298,1.0849323078632298,0,,1,False,non_critical,
1,20260708,L003->L089,L003,L089,True,False,0.0,0.0,0.0,1.0000000000000049,"L003,L018,L089",3,1.0970834612521487,1.0970834612521487,0,,1,False,non_critical,
1,20260708,L003->L090,L003,L090,True,False,0.0,0.0,0.0,1.0,"L003,L018,L019,L044,L045,L046,L054,L060,L089,L090,L091,L092,L095,L102,L109,L110,L111,L113,L115,L128,L134,L140,L150,L153,L154,L155,L156,L157,L158,L160,L169,L178,L179,L182",34,41.36155578620093,41.36155578620093,31,"L019,L044,L045,L046,L054,L060,L089,L091,L092,L095,L102,L109,L110,L111,L113,L115,L128,L134,L140,L150,L153,L154,L155,L156,L157,L158,L160,L169,L178,L179,L182",32,True,non_critical,
1,20260708,L003->L091,L003,L091,True,False,0.0,0.0,0.0,1.0000000000000009,"L003,L018,L091",3,1.0479022832761313,1.0479022832761313,0,,1,False,non_critical,
1,20260708,L003->L092,L003,L092,True,False,0.0,0.0,0.0,1.0000000000000113,"L003,L018,L092",3,1.0138963359828908,1.0138963359828908,0,,1,False,non_critical,
1,20260708,L003->L093,L003,L093,True,False,0.0,0.0,0.0,1.000000000000023,"L003,L018,L060,L077,L078,L093,L102",7,1.4521321871066928,1.4521321871066928,4,"L060,L077,L078,L102",5,True,non_critical,
1,20260708,L003->L094,L003,L094,True,False,0.0,0.0,0.0,1.000000000000023,"L003,L018,L060,L077,L078,L094,L102",7,1.4521321871066897,1.4521321871066897,4,"L060,L077,L078,L102",5,True,non_critical,
1,20260708,L003->L095,L003,L095,True,False,0.0,0.0,0.0,1.0000000000000095,"L003,L018,L095,L102",4,1.463768651712473,1.463768651712473,1,L102,2,True,non_critical,
1,20260708,L003->L096,L003,L096,True,False,0.0,0.0,0.0,1.0000000000000033,"L003,L018,L019,L030,L044,L045,L046,L056,L057,L060,L096,L102,L109,L111,L112,L113,L115,L128,L134,L140,L150,L153,L154,L155,L156,L157,L158,L160,L169,L178,L179,L182,L186",33,40.43881041973537,40.43881041973537,30,"L019,L030,L044,L045,L046,L056,L057,L060,L102,L109,L111,L112,L113,L115,L128,L134,L140,L150,L153,L154,L155,L156,L157,L158,L160,L169,L178,L179,L182,L186",31,True,non_critical,
1,20260708,L003->L097,L003,L097,True,False,0.0,0.0,0.0,1.0000000000000675,"L003,L018,L045,L060,L065,L077,L078,L091,L097,L102",10,6.31649460093711,6.31649460093711,7,"L045,L060,L065,L077,L078,L091,L102",8,True,non_critical,
1,20260708,L003->L098,L003,L098,True,False,0.0,0.0,0.0,1.000000000000004,"L003,L018,L060,L098,L102",5,4.55745965552178,4.55745965552178,2,"L060,L102",3,True,non_critical,
1,20260708,L003->L099,L003,L099,True,False,0.0,0.0,0.0,1.000000000000004,"L003,L018,L060,L099,L102",5,4.55745965552178,4.55745965552178,2,"L060,L102",3,True,non_critical,
1,20260708,L003->L100,L003,L100,True,False,0.0,0.0,0.0,1.000000000000001,"L003,L018,L100,L102",4,1.8748471951652914,1.8748471951652914,1,L102,2,True,non_critical,
1,20260708,L003->L101,L003,L101,True,False,0.0,0.0,0.0,1.0000000000000009,"L003,L018,L101,L102",4,1.4675568923877624,1.4675568923877624,1,L102,2,True,non_critical,
1,20260708,L003->L102,L003,L102,True,False,0.0,0.0,0.0,1.0000000000000095,"L003,L018,L102",3,1.0818173733921665,1.0818173733921665,0,,1,False,non_critical,
1,20260708,L003->L103,L003,L103,True,False,0.0,0.0,0.0,1.0000000000000058,"L003,L018,L102,L103,L128",5,2.338776040110887,2.338776040110887,2,"L102,L128",3,True,non_critical,
1,20260708,L003->L104,L003,L104,True,False,0.0,0.0,0.0,1.0000000000000002,"L003,L018,L030,L044,L045,L046,L060,L065,L102,L104,L109,L110,L111,L113,L115,L128,L134,L140,L150,L153,L154,L155,L156,L157,L158,L160,L169,L178,L179,L182,L186",31,39.78076011501769,39.78076011501769,28,"L030,L044,L045,L046,L060,L065,L102,L109,L110,L111,L113,L115,L128,L134,L140,L150,L153,L154,L155,L156,L157,L158,L160,L169,L178,L179,L182,L186",29,True,non_critical,
1,20260708,L003->L105,L003,L105,True,False,0.0,0.0,0.0,1.0000000000000007,"L003,L018,L030,L044,L045,L046,L060,L064,L065,L102,L104,L105,L106,L109,L110,L111,L113,L115,L128,L134,L140,L153,L154,L155,L156,L158,L160,L169,L178,L179,L182,L186",32,34.38955688937111,34.38955688937111,29,"L030,L044,L045,L046,L060,L064,L065,L102,L104,L106,L109,L110,L111,L113,L115,L128,L134,L140,L153,L154,L155,L156,L158,L160,L169,L178,L179,L182,L186",30,True,non_critical,
1,20260708,L003->L106,L003,L106,True,False,0.0,0.0,0.0,1.0000000000000002,"L003,L018,L030,L044,L045,L046,L060,L063,L064,L065,L102,L104,L106,L109,L110,L111,L113,L115,L128,L134,L140,L150,L153,L154,L155,L156,L158,L160,L169,L178,L179,L182,L186",33,38.43843817701982,38.43843817701982,30,"L030,L044,L045,L046,L060,L063,L064,L065,L102,L104,L109,L110,L111,L113,L115,L128,L134,L140,L150,L153,L154,L155,L156,L158,L160,L169,L178,L179,L182,L186",31,True,non_critical,
1,20260708,L003->L107,L003,L107,True,True,81.35922639729833,81.35922639729833,0.0,1.0,"L003,L018,L030,L045,L046,L060,L065,L102,L104,L107,L109,L110,L111,L113,L115,L126,L127,L128,L134,L140,L149,L150,L153,L154,L155,L156,L158,L160,L169,L178,L179,L182",32,14.639164179088038,14.639164179088038,29,"L030,L045,L046,L060,L065,L102,L104,L109,L110,L111,L113,L115,L126,L127,L128,L134,L140,L149,L150,L153,L154,L155,L156,L158,L160,L169,L178,L179,L182",30,True,relay_cascade,
1,20260708,L003->L108,L003,L108,True,False,0.0,0.0,0.0,1.0000000000000009,"L003,L018,L030,L044,L045,L046,L060,L063,L065,L078,L102,L104,L106,L108,L109,L111,L113,L114,L115,L128,L134,L140,L153,L154,L155,L156,L158,L160,L169,L178,L179,L182,L186",33,36.4546351324416,36.4546351324416,30,"L030,L044,L045,L046,L060,L063,L065,L078,L102,L104,L106,L109,L111,L113,L114,L115,L128,L134,L140,L153,L154,L155,L156,L158,L160,L169,L178,L179,L182,L186",31,True,non_critical,
1,20260708,L003->L109,L003,L109,True,False,0.0,0.0,0.0,1.0000000000000058,"L003,L018,L109,L111,L115,L128",6,2.0135606562430586,2.0135606562430586,3,"L111,L115,L128",4,True,non_critical,
1,20260708,L003->L110,L003,L110,True,False,0.0,0.0,0.0,1.0000000000000036,"L003,L018,L019,L044,L045,L046,L060,L065,L102,L104,L109,L110,L111,L115,L128,L134,L140,L150,L153,L154,L155,L156,L158,L160,L169,L178,L179,L182",28,38.946025227336044,38.946025227336044,25,"L019,L044,L045,L046,L060,L065,L102,L104,L109,L111,L115,L128,L134,L140,L150,L153,L154,L155,L156,L158,L160,L169,L178,L179,L182",26,True,non_critical,
1,20260708,L003->L111,L003,L111,True,False,0.0,0.0,0.0,1.0000000000000226,"L003,L018,L111",3,1.070783531266138,1.070783531266138,0,,1,False,non_critical,
1,20260708,L003->L112,L003,L112,True,False,0.0,0.0,0.0,1.0,"L003,L018,L019,L044,L045,L046,L060,L065,L102,L104,L109,L111,L112,L113,L115,L128,L134,L140,L150,L153,L154,L155,L156,L158,L160,L169,L178,L179,L182",29,38.466682784864325,38.466682784864325,26,"L019,L044,L045,L046,L060,L065,L102,L104,L109,L111,L113,L115,L128,L134,L140,L150,L153,L154,L155,L156,L158,L160,L169,L178,L179,L182",27,True,non_critical,
1,20260708,L003->L113,L003,L113,True,False,0.0,0.0,0.0,1.000000000000001,"L003,L018,L030,L044,L045,L046,L060,L065,L102,L104,L109,L111,L112,L113,L115,L128,L134,L140,L150,L153,L154,L155,L156,L158,L160,L169,L178,L179,L182",29,39.861124572030214,39.861124572030214,26,"L030,L044,L045,L046,L060,L065,L102,L104,L109,L111,L112,L115,L128,L134,L140,L150,L153,L154,L155,L156,L158,L160,L169,L178,L179,L182",27,True,non_critical,
1,20260708,L003->L114,L003,L114,True,False,0.0,0.0,0.0,1.000000000000023,"L003,L018,L111,L114,L115",5,2.9042728950491528,2.9042728950491528,2,"L111,L115",3,True,non_critical,
1,20260708,L003->L115,L003,L115,True,False,0.0,0.0,0.0,1.0000000000000029,"L003,L018,L115",3,1.0073425166111494,1.0073425166111494,0,,1,False,non_critical,
1,20260708,L003->L116,L003,L116,True,True,51.84086026986975,51.84086026986975,0.0,1.0000000000000004,"L003,L018,L019,L044,L045,L046,L060,L102,L109,L110,L111,L113,L114,L115,L116,L120,L126,L127,L128,L134,L140,L149,L150,L153,L154,L155,L156,L158,L159,L160,L169,L178,L179,L182,L186",35,36.667195714571726,36.667195714571726,32,"L019,L044,L045,L046,L060,L102,L109,L110,L111,L113,L114,L115,L120,L126,L127,L128,L134,L140,L149,L150,L153,L154,L155,L156,L158,L159,L160,L169,L178,L179,L182,L186",33,True,relay_cascade,
1,20260708,L003->L117,L003,L117,True,False,0.0,0.0,0.0,1.0000000000000007,"L003,L018,L019,L044,L045,L046,L060,L102,L109,L111,L113,L114,L115,L117,L128,L134,L140,L150,L153,L154,L155,L156,L158,L160,L169,L178,L179,L182",28,37.72551231179241,37.72551231179241,25,"L019,L044,L045,L046,L060,L102,L109,L111,L113,L114,L115,L128,L134,L140,L150,L153,L154,L155,L156,L158,L160,L169,L178,L179,L182",26,True,non_critical,
1,20260708,L003->L118,L003,L118,True,False,0.0,0.0,0.0,1.0000000000000049,"L003,L018,L118",3,1.052390842810559,1.052390842810559,0,,1,False,non_critical,
1,20260708,L003->L119,L003,L119,True,False,0.0,0.0,0.0,1.0000000000000004,"L003,L018,L019,L044,L045,L046,L060,L065,L102,L104,L109,L110,L111,L113,L114,L115,L119,L120,L126,L127,L128,L134,L140,L150,L153,L154,L155,L156,L158,L160,L169,L178,L179,L182,L186",35,38.07079290957107,38.07079290957107,32,"L019,L044,L045,L046,L060,L065,L102,L104,L109,L110,L111,L113,L114,L115,L120,L126,L127,L128,L134,L140,L150,L153,L154,L155,L156,L158,L160,L169,L178,L179,L182,L186",33,True,non_critical,
1,20260708,L003->L120,L003,L120,True,False,0.0,0.0,0.0,1.000000000000001,"L003,L018,L120",3,1.0598717705569138,1.0598717705569138,0,,1,False,non_critical,
1,20260708,L003->L121,L003,L121,True,False,0.0,0.0,0.0,1.0000000000000033,"L003,L018,L121,L128,L155",5,10.246622456665156,10.246622456665156,2,"L128,L155",3,True,non_critical,
1,20260708,L003->L122,L003,L122,True,False,0.0,0.0,0.0,1.0000000000000226,"L003,L018,L122,L128",4,2.2656497329334244,2.2656497329334244,1,L128,2,True,non_critical,
1,20260708,L003->L123,L003,L123,True,False,0.0,0.0,0.0,1.0000000000000049,"L003,L018,L123",3,1.0044933228779005,1.0044933228779005,0,,1,False,non_critical,
1,20260708,L003->L124,L003,L124,True,False,0.0,0.0,0.0,1.000000000000019,"L003,L018,L124",3,1.0015268376351094,1.0015268376351094,0,,1,False,non_critical,
1,20260708,L003->L125,L003,L125,True,False,0.0,0.0,0.0,1.0000000000000004,"L003,L018,L125,L128",4,1.6535759338920137,1.6535759338920137,1,L128,2,True,non_critical,
1,20260708,L003->L126,L003,L126,True,False,0.0,0.0,0.0,1.0000000000000002,"L003,L018,L030,L044,L045,L046,L060,L065,L102,L104,L109,L110,L111,L113,L115,L126,L128,L134,L140,L150,L153,L154,L155,L156,L157,L158,L160,L169,L178,L179,L182",31,10.219061647238943,10.219061647238943,28,"L030,L044,L045,L046,L060,L065,L102,L104,L109,L110,L111,L113,L115,L128,L134,L140,L150,L153,L154,L155,L156,L157,L158,L160,L169,L178,L179,L182",29,True,non_critical,
1,20260708,L003->L127,L003,L127,True,False,0.0,0.0,0.0,1.0000000000000002,"L003,L018,L030,L044,L045,L046,L060,L065,L102,L104,L109,L110,L111,L113,L115,L127,L128,L134,L140,L150,L153,L154,L155,L156,L157,L158,L160,L169,L178,L179,L182",31,10.219061647238943,10.219061647238943,28,"L030,L044,L045,L046,L060,L065,L102,L104,L109,L110,L111,L113,L115,L128,L134,L140,L150,L153,L154,L155,L156,L157,L158,L160,L169,L178,L179,L182",29,True,non_critical,
1,20260708,L003->L128,L003,L128,True,False,0.0,0.0,0.0,1.0000000000000022,"L003,L018,L128",3,1.0028276240403964,1.0028276240403964,0,,1,False,non_critical,
1,20260708,L003->L129,L003,L129,True,True,58.608730684473244,58.608730684473244,0.0,1.0000000000000004,"L003,L018,L044,L045,L046,L060,L102,L109,L110,L111,L113,L115,L128,L129,L134,L140,L149,L150,L153,L155,L156,L158,L159,L160,L169,L178,L179,L182",28,19.337077312213438,19.337077312213438,25,"L044,L045,L046,L060,L102,L109,L110,L111,L113,L115,L128,L134,L140,L149,L150,L153,L155,L156,L158,L159,L160,L169,L178,L179,L182",26,True,relay_cascade,
1,20260708,L003->L130,L003,L130,True,False,0.0,0.0,0.0,1.000000000000003,"L003,L018,L128,L130",4,4.276028177567104,4.276028177567104,1,L128,2,True,non_critical,
1,20260708,L003->L131,L003,L131,True,False,0.0,0.0,0.0,1.0000000000000022,"L003,L018,L128,L131,L155,L156,L158",7,6.734706067087103,6.734706067087103,4,"L128,L155,L156,L158",5,True,non_critical,
