path,num_seeds_seen,num_samples,critical_count,critical_rate,mean_pio_score,mean_lodf_score,mean_max_loading_ratio
L02->L07,5,5,5,1.0,0.39927317500114434,0.7860158692481736,0.9071058443043964
L02->L27,5,5,5,1.0,0.45288572311401365,0.7860158692481694,0.9071058443043964
L03->L09,5,5,5,1.0,0.5770960330963135,0.8115147207360988,0.9071058443043964
L04->L08,5,5,5,1.0,0.5066664814949036,0.8015696117074496,0.9331056673583082
L05->L10,5,5,5,1.0,0.5661762356758118,1.0069905373336059,0.8912282461813591
L06->L07,5,5,5,1.0,0.4572065532207489,0.788388273681344,0.9071058443043964
L06->L27,5,5,5,1.0,0.4962702989578247,0.7883882736813466,0.9071058443043964
L07->L02,5,5,5,1.0,0.5818408489227295,1.0610435956873339,0.9362612621225068
L07->L06,5,5,5,1.0,0.653199291229248,1.061043595687337,0.9362612621225068
L07->L23,5,5,5,1.0,0.7068114042282104,1.168606705829123,0.9362612621225068
L07->L29,5,5,5,1.0,0.6586762070655823,1.1686067058291205,0.9362612621225068
L08->L01,5,5,5,1.0,0.5406128406524658,0.9644859323359324,0.9779069571440158
L08->L04,5,5,5,1.0,0.5425533056259155,0.8091249351540837,0.9779069571440158
L08->L09,5,5,5,1.0,0.6101355910301208,0.9184463669035559,0.9779069571440158
L08->L10,5,5,5,1.0,0.6217123150825501,0.9724670485958559,0.9779069571440158
L09->L03,5,5,5,1.0,0.47023904919624326,0.8044342431033232,0.9071058443043964
L10->L01,5,5,5,1.0,0.756846022605896,1.3181492793250469,0.9603548903072108
L10->L05,5,5,5,1.0,0.7310801267623901,1.0069905373336079,0.9603548903072108
L10->L07,5,5,5,1.0,0.735713005065918,1.078757354015228,0.9603548903072108
L10->L08,5,5,5,1.0,0.7422402262687683,1.318149279325043,0.9603548903072108
L10->L27,5,5,5,1.0,0.7262818694114686,1.0787573540152278,0.9603548903072108
L11->L12,5,5,5,1.0,0.548454999923706,1.327389379961025,0.6345690443755352
L11->L13,5,5,5,1.0,0.5473078608512878,1.3273893799610241,0.6345690443755352
L12->L11,5,5,5,1.0,0.40920497179031373,0.8804219848405832,1.0000000000000002
L12->L13,5,5,5,1.0,0.6913172245025635,0.8804219848405832,1.0000000000000002
L13->L11,5,5,5,1.0,0.501576554775238,0.8804219848405828,0.9071058443043964
L13->L12,5,5,5,1.0,0.44138360023498535,0.8804219848405828,0.9071058443043964
L19->L23,5,5,5,1.0,0.480082768201828,0.7717415779991109,0.7460201544115659
L21->L22,5,5,5,1.0,0.6607051014900207,1.0211826172515441,0.9071058443043964
L23->L19,5,5,5,1.0,0.6609840512275695,0.9649451191335142,0.9071058443043964
L24->L28,5,5,5,1.0,0.6238896727561951,1.0455802761207746,0.9071058443043964
L25->L26,5,5,5,1.0,0.7580097436904907,1.1184144308679844,0.9071058443043964
L25->L28,5,5,5,1.0,0.7767406702041626,1.1184144308679842,0.9071058443043964
L26->L25,5,5,5,1.0,0.7580097436904907,1.1184144308679844,0.9071058443043964
L26->L28,5,5,5,1.0,0.7767406702041626,1.1184144308679842,0.9071058443043964
L27->L02,5,5,5,1.0,0.6275382399559021,1.0610435956873312,0.9362612621225059
L27->L06,5,5,5,1.0,0.711961817741394,1.061043595687335,0.9362612621225059
L27->L23,5,5,5,1.0,0.7675826549530029,1.168606705829108,0.9362612621225059
L27->L29,5,5,5,1.0,0.7148367166519165,1.1686067058291116,0.9362612621225059
L28->L24,5,5,5,1.0,0.8234426498413085,1.1306832320047375,0.9071058443043964
L28->L25,5,5,5,1.0,0.8269238233566284,1.0557667067223986,0.9071058443043964
L28->L26,5,5,5,1.0,0.8269238233566284,1.0557667067223986,0.9071058443043964
L29->L07,5,5,5,1.0,0.49367684721946714,0.9535506179043158,0.9071058443043964
L29->L23,5,5,5,1.0,0.574345076084137,1.2707031596397975,0.9071058443043964
L29->L27,5,5,5,1.0,0.5480425119400024,0.9535506179043157,0.9071058443043964
L10->L09,5,5,4,0.8,0.7468719601631164,1.1078599396104045,0.9603548903072108
L16->L17,5,5,4,0.8,0.7027682423591614,0.8276849984061936,0.9071058443043964
L17->L16,5,5,4,0.8,0.7278144001960755,0.8058798805472371,0.9071058443043964
L31->L38,5,5,4,0.8,0.6640769243240356,0.7961787154482236,0.9071058443043964
L38->L31,5,5,4,0.8,0.6115084767341614,0.8195237031531327,0.9071058443043964
L04->L09,5,5,3,0.6,0.5389712452888489,0.8033044832402144,0.9331056673583082
L08->L07,5,5,3,0.6,0.5806535005569458,0.8311619229721424,0.9779069571440158
L08->L27,5,5,3,0.6,0.5824416279792786,0.831161922972141,0.9779069571440158
L10->L02,5,5,3,0.6,0.7362307429313659,1.011978977122006,0.9603548903072108
L04->L10,5,5,2,0.4,0.5589684247970581,0.7831860208667485,0.9331056673583082
L07->L24,5,5,2,0.4,0.6832306504249572,1.0860798685290918,0.9362612621225068
L07->L28,5,5,2,0.4,0.6962565422058106,1.0860798685290909,0.9362612621225068
L08->L02,5,5,2,0.4,0.5620356917381286,0.7884291494984884,0.9779069571440158
L10->L04,5,5,2,0.4,0.7095942735671997,0.9722197880260282,0.9603548903072108
L24->L07,5,5,2,0.4,0.505574518442154,0.8089217123281418,0.9071058443043964
L24->L27,5,5,2,0.4,0.5636403322219848,0.8089217123281427,0.9071058443043964
L27->L24,5,5,2,0.4,0.7416279196739197,1.0860798685290818,0.9362612621225059
L27->L28,5,5,2,0.4,0.7561967492103576,1.0860798685290756,0.9362612621225059
L28->L07,5,5,2,0.4,0.7006219863891602,0.8749371642760684,0.9071058443043964
L28->L27,5,5,2,0.4,0.7807840824127197,0.8749371642760682,0.9071058443043964
L01->L12,5,5,1,0.2,0.482253634929657,0.6477429612266002,0.6962698384559577
L01->L13,5,5,1,0.2,0.4758646488189697,0.646976719864109,0.6962698384559577
L04->L01,5,5,1,0.2,0.5020054578781128,0.742028709967619,0.9331056673583082
L23->L29,5,5,1,0.2,0.5502003788948059,0.7838209899605906,0.9071058443043964
L01->L02,5,5,0,0.0,0.46027061343193054,0.5401272946370226,0.6962698384559577
L01->L03,5,5,0,0.0,0.3462848007678986,0.46420876209979844,0.6962698384559577
L01->L04,5,5,0,0.0,0.39467833638191224,0.46097966250329947,0.6962698384559577
L01->L05,5,5,0,0.0,0.4218761444091797,0.5596369425583629,0.6962698384559577
L01->L06,5,5,0,0.0,0.3687920391559601,0.46028852161590345,0.6962698384559577
L01->L07,5,5,0,0.0,0.4627240002155304,0.742230559298584,0.6962698384559577
L01->L08,5,5,0,0.0,0.4240474820137024,0.5514974469517759,0.6962698384559577
L01->L09,5,5,0,0.0,0.48445825576782225,0.5401272946370241,0.6962698384559577
L01->L10,5,5,0,0.0,0.48972630500793457,0.568345620609134,0.6962698384559577
L01->L11,5,5,0,0.0,0.34526081681251525,0.8005461431262795,0.6962698384559577
L01->L14,5,5,0,0.0,0.4927566111087799,0.47565635339873535,0.6962698384559577
L01->L15,5,5,0,0.0,0.49733195900917054,0.5280413884014654,0.6962698384559577
L01->L16,5,5,0,0.0,0.5168338656425476,0.6256456699224253,0.6962698384559577
L01->L17,5,5,0,0.0,0.5201541423797608,0.6141420291745092,0.6962698384559577
L01->L18,5,5,0,0.0,0.49478003978729246,0.5830401335443185,0.6962698384559577
L01->L19,5,5,0,0.0,0.4619249105453491,0.49344079192141804,0.6962698384559577
L01->L20,5,5,0,0.0,0.48403998613357546,0.48695756661541517,0.6962698384559577
L01->L21,5,5,0,0.0,0.4902139902114868,0.552223795762765,0.6962698384559577
L01->L22,5,5,0,0.0,0.4485020935535431,0.5327172962415997,0.6962698384559577
L01->L23,5,5,0,0.0,0.5027201235294342,0.5991712703978506,0.6962698384559577
L01->L24,5,5,0,0.0,0.41459137201309204,0.463844497923838,0.6962698384559577
L01->L25,5,5,0,0.0,0.4851929783821106,0.515853199734091,0.6962698384559577
L01->L26,5,5,0,0.0,0.4851929783821106,0.515853199734091,0.6962698384559577
L01->L27,5,5,0,0.0,0.4902279913425446,0.7422305592985848,0.6962698384559577
L01->L28,5,5,0,0.0,0.5034037351608276,0.4845959633304996,0.6962698384559577
L01->L29,5,5,0,0.0,0.3797325909137726,0.5085053451117437,0.6962698384559577
L01->L30,5,5,0,0.0,0.43712236881256106,0.46118604325436224,0.6962698384559577
L01->L31,5,5,0,0.0,0.42549991607666016,0.4633100799039422,0.6962698384559577
L01->L32,5,5,0,0.0,0.3898127615451813,0.464127856072443,0.6962698384559577
L01->L33,5,5,0,0.0,0.3898127615451813,0.464127856072443,0.6962698384559577
L01->L34,5,5,0,0.0,0.35320147275924685,0.4533461823314736,0.6962698384559577
L01->L35,5,5,0,0.0,0.35320147275924685,0.4533461823314736,0.6962698384559577
L01->L36,5,5,0,0.0,0.42990670800209047,0.4520656876468799,0.6962698384559577
L01->L37,5,5,0,0.0,0.42990670800209047,0.4520656876468799,0.6962698384559577
L01->L38,5,5,0,0.0,0.4546813011169434,0.4668525285711631,0.6962698384559577
L02->L01,5,5,0,0.0,0.3193707585334778,0.606256596798621,0.9071058443043964
L02->L03,5,5,0,0.0,0.4044901132583618,0.606256596798621,0.9071058443043964
L02->L04,5,5,0,0.0,0.325280749797821,0.6062565967986211,0.9071058443043964
L02->L05,5,5,0,0.0,0.328901606798172,0.608729989145254,0.9071058443043964
L02->L06,5,5,0,0.0,0.30449426174163813,0.6062565967986211,0.9071058443043964
L02->L08,5,5,0,0.0,0.3513262867927551,0.6062565967986208,0.9071058443043964
L02->L09,5,5,0,0.0,0.3007340550422668,0.6062565967986208,0.9071058443043964
L02->L10,5,5,0,0.0,0.3973856568336486,0.608729989145254,0.9071058443043964
L02->L11,5,5,0,0.0,0.3741393208503723,0.8019941138784242,0.9071058443043964
L02->L12,5,5,0,0.0,0.3194883406162262,0.6062565967986211,0.9071058443043964
L02->L13,5,5,0,0.0,0.2946592032909393,0.6062565967986211,0.9071058443043964
L02->L14,5,5,0,0.0,0.3753446102142334,0.606256596798621,0.9071058443043964
L02->L15,5,5,0,0.0,0.3758110046386719,0.6062565967986214,0.9071058443043964
L02->L16,5,5,0,0.0,0.4156838238239288,0.6062565967986207,0.9071058443043964
L02->L17,5,5,0,0.0,0.4140950977802277,0.6062565967986212,0.9071058443043964
L02->L18,5,5,0,0.0,0.36875776052474973,0.606256596798621,0.9071058443043964
L02->L19,5,5,0,0.0,0.4015773952007294,0.6062565967986215,0.9071058443043964
L02->L20,5,5,0,0.0,0.33424960374832147,0.6062565967986205,0.9071058443043964
L02->L21,5,5,0,0.0,0.3931167960166931,0.606256596798621,0.9071058443043964
L02->L22,5,5,0,0.0,0.3775953948497772,0.6062565967986216,0.9071058443043964
L02->L23,5,5,0,0.0,0.4813132643699646,0.606256596798621,0.9071058443043964
L02->L24,5,5,0,0.0,0.418330317735672,0.606256596798621,0.9071058443043964
L02->L25,5,5,0,0.0,0.46686562299728396,0.6062565967986207,0.9071058443043964
L02->L26,5,5,0,0.0,0.46686562299728396,0.6062565967986207,0.9071058443043964
L02->L28,5,5,0,0.0,0.4891467750072479,0.6062565967986201,0.9071058443043964
L02->L29,5,5,0,0.0,0.39069938659667963,0.6062565967986215,0.9071058443043964
L02->L30,5,5,0,0.0,0.42901669144630433,0.606256596798621,0.9071058443043964
L02->L31,5,5,0,0.0,0.41425666213035583,0.6062565967986211,0.9071058443043964
L02->L32,5,5,0,0.0,0.38026992082595823,0.606256596798621,0.9071058443043964
L02->L33,5,5,0,0.0,0.3802699148654938,0.606256596798621,0.9071058443043964
L02->L34,5,5,0,0.0,0.3053531050682068,0.6062565967986211,0.9071058443043964
L02->L35,5,5,0,0.0,0.30535309910774233,0.6062565967986211,0.9071058443043964
L02->L36,5,5,0,0.0,0.3365441203117371,0.6062565967986211,0.9071058443043964
L02->L37,5,5,0,0.0,0.3365441024303436,0.6062565967986211,0.9071058443043964
L02->L38,5,5,0,0.0,0.4405142068862915,0.6062565967986214,0.9071058443043964
L03->L01,5,5,0,0.0,0.49056389927864075,0.6134952363546802,0.9071058443043964
L03->L02,5,5,0,0.0,0.4663106739521027,0.6134952363546797,0.9071058443043964
L03->L04,5,5,0,0.0,0.44700281620025634,0.61349523635468,0.9071058443043964
L03->L05,5,5,0,0.0,0.476540744304657,0.6159896161617843,0.9071058443043964
L03->L06,5,5,0,0.0,0.3989681780338287,0.6134952363546796,0.9071058443043964
L03->L07,5,5,0,0.0,0.4386414587497711,0.6134952363546813,0.9071058443043964
L03->L08,5,5,0,0.0,0.45117862820625304,0.6134952363546795,0.9071058443043964
L03->L10,5,5,0,0.0,0.5645701885223389,0.6159896161617828,0.9071058443043964
L03->L11,5,5,0,0.0,0.5347190856933594,0.8115147207360988,0.9071058443043964
L03->L12,5,5,0,0.0,0.4742296993732452,0.6134952363546796,0.9071058443043964
L03->L13,5,5,0,0.0,0.40928969979286195,0.6134952363546796,0.9071058443043964
L03->L14,5,5,0,0.0,0.5321249485015869,0.6134952363546795,0.9071058443043964
L03->L15,5,5,0,0.0,0.5657143115997314,0.6134952363546795,0.9071058443043964
L03->L16,5,5,0,0.0,0.6050034880638122,0.6134952363546796,0.9071058443043964
L03->L17,5,5,0,0.0,0.6227329850196839,0.6134952363546796,0.9071058443043964
L03->L18,5,5,0,0.0,0.5918119192123413,0.6134952363546796,0.9071058443043964
L03->L19,5,5,0,0.0,0.42058347463607787,0.6134952363546804,0.9071058443043964
L03->L20,5,5,0,0.0,0.5756001472473145,0.6134952363546796,0.9071058443043964
L03->L21,5,5,0,0.0,0.5856287360191346,0.6134952363546811,0.9071058443043964
L03->L22,5,5,0,0.0,0.505312728881836,0.6134952363546805,0.9071058443043964
L03->L23,5,5,0,0.0,0.492084139585495,0.6134952363546816,0.9071058443043964
L03->L24,5,5,0,0.0,0.3522975087165833,0.6134952363546797,0.9071058443043964
L03->L25,5,5,0,0.0,0.3917295277118683,0.6134952363546792,0.9071058443043964
L03->L26,5,5,0,0.0,0.3917295157909393,0.6134952363546792,0.9071058443043964
L03->L27,5,5,0,0.0,0.3827978909015655,0.6134952363546814,0.9071058443043964
L03->L28,5,5,0,0.0,0.4358915865421295,0.6134952363546802,0.9071058443043964
L03->L29,5,5,0,0.0,0.36072561144828796,0.6134952363546794,0.9071058443043964
L03->L30,5,5,0,0.0,0.3936427593231201,0.6134952363546796,0.9071058443043964
L03->L31,5,5,0,0.0,0.35962516069412226,0.6134952363546796,0.9071058443043964
L03->L32,5,5,0,0.0,0.3646118342876434,0.6134952363546795,0.9071058443043964
L03->L33,5,5,0,0.0,0.3646118342876434,0.6134952363546795,0.9071058443043964
L03->L34,5,5,0,0.0,0.45395064949989317,0.6134952363546796,0.9071058443043964
L03->L35,5,5,0,0.0,0.45395064949989317,0.6134952363546796,0.9071058443043964
L03->L36,5,5,0,0.0,0.5499103307723999,0.6134952363546796,0.9071058443043964
L03->L37,5,5,0,0.0,0.5499103307723999,0.6134952363546796,0.9071058443043964
L03->L38,5,5,0,0.0,0.3814375936985016,0.6134952363546797,0.9071058443043964
L04->L02,5,5,0,0.0,0.4806871771812439,0.692406287237238,0.9331056673583082
L04->L03,5,5,0,0.0,0.37798325419425965,0.6543396417666216,0.9331056673583082
L04->L05,5,5,0,0.0,0.38759151101112366,0.6084409235165903,0.9331056673583082
L04->L06,5,5,0,0.0,0.42912850975990297,0.6300971602709178,0.9331056673583082
L04->L07,5,5,0,0.0,0.5185398697853089,0.746847147920924,0.9331056673583082
L04->L11,5,5,0,0.0,0.49729660153388977,0.8015696117074496,0.9331056673583082
L04->L12,5,5,0,0.0,0.46818873286247253,0.6183391352727996,0.9331056673583082
L04->L13,5,5,0,0.0,0.43785067796707156,0.6230973374202877,0.9331056673583082
L04->L14,5,5,0,0.0,0.5355351328849792,0.6330746275702028,0.9331056673583082
L04->L15,5,5,0,0.0,0.5413382530212403,0.6369139078691453,0.9331056673583082
L04->L16,5,5,0,0.0,0.5678441524505615,0.6533351401344175,0.9331056673583082
L04->L17,5,5,0,0.0,0.5717034459114074,0.6444551249202272,0.9331056673583082
L04->L18,5,5,0,0.0,0.5426859140396119,0.6223001044218064,0.9331056673583082
L04->L19,5,5,0,0.0,0.5015227973461152,0.6144561730071159,0.9331056673583082
L04->L20,5,5,0,0.0,0.5308593392372132,0.619649110217042,0.9331056673583082
L04->L21,5,5,0,0.0,0.5366359114646911,0.6153296612653935,0.9331056673583082
L04->L22,5,5,0,0.0,0.4893720030784607,0.6191628664077922,0.9331056673583082
L04->L23,5,5,0,0.0,0.5478013396263123,0.6114055952812392,0.9331056673583082
L04->L24,5,5,0,0.0,0.44021989703178405,0.6212343073488504,0.9331056673583082
L04->L25,5,5,0,0.0,0.5308233380317688,0.624700743607465,0.9331056673583082
L04->L26,5,5,0,0.0,0.5308233380317688,0.624700743607465,0.9331056673583082
L04->L27,5,5,0,0.0,0.5363639712333679,0.746847147920923,0.9331056673583082
L04->L28,5,5,0,0.0,0.5483562469482421,0.6187562872302623,0.9331056673583082
L04->L29,5,5,0,0.0,0.40571955442428587,0.6200230486812237,0.9331056673583082
L04->L30,5,5,0,0.0,0.474285751581192,0.6215425535014255,0.9331056673583082
L04->L31,5,5,0,0.0,0.46337281465530394,0.6226488403602592,0.9331056673583082
L04->L32,5,5,0,0.0,0.42330636382102965,0.623075052766755,0.9331056673583082
L04->L33,5,5,0,0.0,0.42330636382102965,0.623075052766755,0.9331056673583082
L04->L34,5,5,0,0.0,0.3854768455028533,0.6244191783603601,0.9331056673583082
L04->L35,5,5,0,0.0,0.3854768455028533,0.6244191783603601,0.9331056673583082
L04->L36,5,5,0,0.0,0.47173984050750734,0.624485992642023,0.9331056673583082
L04->L37,5,5,0,0.0,0.47173985838890076,0.624485992642023,0.9331056673583082
L04->L38,5,5,0,0.0,0.49660844802856446,0.6239761073943424,0.9331056673583082
L05->L01,5,5,0,0.0,0.4822924375534058,0.7474647952503456,0.8912282461813591
L05->L02,5,5,0,0.0,0.4923418939113617,0.7474647952503469,0.8912282461813591
L05->L03,5,5,0,0.0,0.3795940101146698,0.747464795250346,0.8912282461813591
L05->L04,5,5,0,0.0,0.44279659986495973,0.7474647952503461,0.8912282461813591
L05->L06,5,5,0,0.0,0.42470099329948424,0.7474647952503459,0.8912282461813591
L05->L07,5,5,0,0.0,0.5282802820205689,0.9011171441844592,0.8912282461813591
L05->L08,5,5,0,0.0,0.5362234115600586,0.7709917966270086,0.8912282461813591
L05->L09,5,5,0,0.0,0.5439900994300843,0.7779612178297468,0.8912282461813591
L05->L11,5,5,0,0.0,0.5006082832813263,1.0069905373336059,0.8912282461813591
L05->L12,5,5,0,0.0,0.49108354449272157,0.7474647952503457,0.8912282461813591
L05->L13,5,5,0,0.0,0.45922589898109434,0.7474647952503458,0.8912282461813591
L05->L14,5,5,0,0.0,0.5542434692382813,0.7474647952503464,0.8912282461813591
L05->L15,5,5,0,0.0,0.5590736627578735,0.7474647952503466,0.8912282461813591
L05->L16,5,5,0,0.0,0.5789961576461792,0.8050877515320106,0.8912282461813591
L05->L17,5,5,0,0.0,0.5825597882270813,0.794562302401356,0.8912282461813591
L05->L18,5,5,0,0.0,0.5560483455657959,0.7574410920077461,0.8912282461813591
L05->L19,5,5,0,0.0,0.5194640755653381,0.7474647952503469,0.8912282461813591
L05->L20,5,5,0,0.0,0.5442080020904541,0.7474647952503464,0.8912282461813591
L05->L21,5,5,0,0.0,0.5503866314888001,0.7474647952503465,0.8912282461813591
L05->L22,5,5,0,0.0,0.5041449964046478,0.747464795250346,0.8912282461813591
L05->L23,5,5,0,0.0,0.5628798365592956,0.770662046571325,0.8912282461813591
L05->L24,5,5,0,0.0,0.46372437477111816,0.7474647952503456,0.8912282461813591
L05->L25,5,5,0,0.0,0.5432342886924744,0.7474647952503457,0.8912282461813591
L05->L26,5,5,0,0.0,0.5432342886924744,0.7474647952503457,0.8912282461813591
L05->L27,5,5,0,0.0,0.5498169302940369,0.9011171441844594,0.8912282461813591
L05->L28,5,5,0,0.0,0.5632160305976868,0.7474647952503448,0.8912282461813591
L05->L29,5,5,0,0.0,0.4242019891738892,0.7474647952503453,0.8912282461813591
L05->L30,5,5,0,0.0,0.48879926204681395,0.7474647952503459,0.8912282461813591
L05->L31,5,5,0,0.0,0.4759168803691864,0.747464795250346,0.8912282461813591
L05->L32,5,5,0,0.0,0.43623682856559753,0.7474647952503458,0.8912282461813591
L05->L33,5,5,0,0.0,0.436236834526062,0.7474647952503458,0.8912282461813591
L05->L34,5,5,0,0.0,0.3955095946788788,0.7474647952503457,0.8912282461813591
L05->L35,5,5,0,0.0,0.3955095946788788,0.7474647952503457,0.8912282461813591
L05->L36,5,5,0,0.0,0.4827946305274963,0.7474647952503456,0.8912282461813591
L05->L37,5,5,0,0.0,0.4827946305274963,0.7474647952503456,0.8912282461813591
L05->L38,5,5,0,0.0,0.5088108479976654,0.7474647952503465,0.8912282461813591
L06->L01,5,5,0,0.0,0.43069909811019896,0.6081297706677998,0.9071058443043964
L06->L02,5,5,0,0.0,0.3772372484207153,0.6081297706677995,0.9071058443043964
L06->L03,5,5,0,0.0,0.3450422823429108,0.608129770667799,0.9071058443043964
L06->L04,5,5,0,0.0,0.3162501633167267,0.6081297706677993,0.9071058443043964
L06->L05,5,5,0,0.0,0.3448707818984985,0.6106083935071935,0.9071058443043964
L06->L08,5,5,0,0.0,0.46621357798576357,0.6105939948355199,0.9071058443043964
L06->L09,5,5,0,0.0,0.4441165626049042,0.61222891246244,0.9071058443043964
L06->L10,5,5,0,0.0,0.49069286584854127,0.6106083935071938,0.9071058443043964
L06->L11,5,5,0,0.0,0.445093035697937,0.8045098802590939,0.9071058443043964
L06->L12,5,5,0,0.0,0.38562610745429987,0.6081297706677992,0.9071058443043964
L06->L13,5,5,0,0.0,0.352961403131485,0.6081297706677993,0.9071058443043964
L06->L14,5,5,0,0.0,0.46574615240097045,0.608129770667799,0.9071058443043964
L06->L15,5,5,0,0.0,0.47499108910560606,0.608129770667799,0.9071058443043964
L06->L16,5,5,0,0.0,0.4991342008113861,0.6081297706677999,0.9071058443043964
L06->L17,5,5,0,0.0,0.5039823472499847,0.6081297706678,0.9071058443043964
L06->L18,5,5,0,0.0,0.4671208143234253,0.6081297706677993,0.9071058443043964
L06->L19,5,5,0,0.0,0.4510897397994995,0.6081297706677993,0.9071058443043964
L06->L20,5,5,0,0.0,0.4460017442703247,0.6081297706677993,0.9071058443043964
L06->L21,5,5,0,0.0,0.4787497818470001,0.608129770667799,0.9071058443043964
L06->L22,5,5,0,0.0,0.4473654866218567,0.608129770667799,0.9071058443043964
L06->L23,5,5,0,0.0,0.5173212647438049,0.6081297706677978,0.9071058443043964
L06->L24,5,5,0,0.0,0.4349066257476807,0.608129770667799,0.9071058443043964
L06->L25,5,5,0,0.0,0.5002755403518677,0.6081297706677993,0.9071058443043964
L06->L26,5,5,0,0.0,0.5002755403518677,0.6081297706677993,0.9071058443043964
L06->L28,5,5,0,0.0,0.5210672616958618,0.6081297706677993,0.9071058443043964
L06->L29,5,5,0,0.0,0.4024436056613922,0.6081297706677993,0.9071058443043964
L06->L30,5,5,0,0.0,0.45474858283996583,0.6081297706677982,0.9071058443043964
L06->L31,5,5,0,0.0,0.44107659459114074,0.6081297706677986,0.9071058443043964
L06->L32,5,5,0,0.0,0.40444419980049134,0.6081297706677993,0.9071058443043964
L06->L33,5,5,0,0.0,0.4044442057609558,0.6081297706677993,0.9071058443043964
L06->L34,5,5,0,0.0,0.34100986719131465,0.6081297706677993,0.9071058443043964
L06->L35,5,5,0,0.0,0.34100986719131465,0.6081297706677993,0.9071058443043964
L06->L36,5,5,0,0.0,0.4019424140453339,0.6081297706677995,0.9071058443043964
L06->L37,5,5,0,0.0,0.40194242596626284,0.6081297706677995,0.9071058443043964
L06->L38,5,5,0,0.0,0.47051274180412295,0.6081297706677983,0.9071058443043964
L07->L01,5,5,0,0.0,0.5042966723442077,0.8446460185397504,0.9362612621225068
L07->L03,5,5,0,0.0,0.47245293855667114,0.84464601853975,0.9362612621225068
L07->L04,5,5,0,0.0,0.5145077705383301,0.84464601853975,0.9362612621225068
L07->L05,5,5,0,0.0,0.47278590202331544,0.84464601853975,0.9362612621225068
L07->L08,5,5,0,0.0,0.5771477818489075,0.8446460185397504,0.9362612621225068
L07->L09,5,5,0,0.0,0.5804221153259277,0.8446460185397505,0.9362612621225068
L07->L10,5,5,0,0.0,0.6408592462539673,0.847597422415493,0.9362612621225068
L07->L11,5,5,0,0.0,0.5905344247817993,1.082412431210564,0.9362612621225068
L07->L12,5,5,0,0.0,0.5316224217414856,0.8446460185397502,0.9362612621225068
L07->L13,5,5,0,0.0,0.5345657229423523,0.8446460185397502,0.9362612621225068
L07->L14,5,5,0,0.0,0.6655478596687316,0.8182935152163161,0.9362612621225068
L07->L15,5,5,0,0.0,0.6583749651908875,0.9008964211208139,0.9362612621225068
L07->L16,5,5,0,0.0,0.66849684715271,0.82317040033289,0.9362612621225068
L07->L17,5,5,0,0.0,0.6615843415260315,0.9018558126041757,0.9362612621225068
L07->L18,5,5,0,0.0,0.6115036010742188,0.9385225431892685,0.9362612621225068
L07->L19,5,5,0,0.0,0.6678915739059448,0.8320625036839188,0.9362612621225068
L07->L20,5,5,0,0.0,0.5914388060569763,0.8371737990743652,0.9362612621225068
L07->L21,5,5,0,0.0,0.656651771068573,1.034325149103844,0.9362612621225068
L07->L22,5,5,0,0.0,0.6302656769752503,1.0238400502781677,0.9362612621225068
L07->L25,5,5,0,0.0,0.6337264657020569,0.8446460185397502,0.9362612621225068
L07->L26,5,5,0,0.0,0.6337264657020569,0.8446460185397502,0.9362612621225068
L07->L27,5,5,0,0.0,0.4359146058559418,1.082412431210564,0.9362612621225068
L07->L30,5,5,0,0.0,0.6273218750953674,0.8446460185397502,0.9362612621225068
L07->L31,5,5,0,0.0,0.589146864414215,0.8446460185397502,0.9362612621225068
L07->L32,5,5,0,0.0,0.5514535427093505,0.84464601853975,0.9362612621225068
L07->L33,5,5,0,0.0,0.5514535427093505,0.84464601853975,0.9362612621225068
L07->L34,5,5,0,0.0,0.4659949839115143,0.84312163918536,0.9362612621225068
L07->L35,5,5,0,0.0,0.4659949719905853,0.84312163918536,0.9362612621225068
L07->L36,5,5,0,0.0,0.5192541897296905,0.8340723960575407,0.9362612621225068
L07->L37,5,5,0,0.0,0.5192541956901551,0.8340723960575407,0.9362612621225068
L07->L38,5,5,0,0.0,0.6069074034690857,0.8446460185397504,0.9362612621225068
L08->L03,5,5,0,0.0,0.4890855312347412,0.7392161347193366,0.9779069571440158
L08->L05,5,5,0,0.0,0.45826558470726014,0.6140930336800677,0.9779069571440158
L08->L06,5,5,0,0.0,0.5271817743778229,0.6831023086061434,0.9779069571440158
L08->L11,5,5,0,0.0,0.5504712104797364,0.8091249351540837,0.9779069571440158
L08->L12,5,5,0,0.0,0.5351780533790589,0.6514416155588687,0.9779069571440158
L08->L13,5,5,0,0.0,0.523686695098877,0.6575998761501601,0.9779069571440158
L08->L14,5,5,0,0.0,0.5741710424423218,0.6731487969332399,0.9779069571440158
L08->L15,5,5,0,0.0,0.582624089717865,0.6794073091842902,0.9779069571440158
L08->L16,5,5,0,0.0,0.6277827739715576,0.6961929162416121,0.9779069571440158
L08->L17,5,5,0,0.0,0.6311753392219543,0.6841311037912989,0.9779069571440158
L08->L18,5,5,0,0.0,0.5901533365249634,0.658255946469236,0.9779069571440158
L08->L19,5,5,0,0.0,0.5389816761016846,0.6469867310857926,0.9779069571440158
L08->L20,5,5,0,0.0,0.5774141550064087,0.654744160345903,0.9779069571440158
L08->L21,5,5,0,0.0,0.5817320942878723,0.6482792232887623,0.9779069571440158
L08->L22,5,5,0,0.0,0.5276849150657654,0.654200747886889,0.9779069571440158
L08->L23,5,5,0,0.0,0.588278877735138,0.6299500676720334,0.9779069571440158
L08->L24,5,5,0,0.0,0.4636004149913788,0.6579557963120134,0.9779069571440158
L08->L25,5,5,0,0.0,0.5747238278388977,0.661645945325818,0.9779069571440158
L08->L26,5,5,0,0.0,0.5747238278388977,0.661645945325818,0.9779069571440158
L08->L28,5,5,0,0.0,0.5877842426300048,0.65359106911207,0.9779069571440158
L08->L29,5,5,0,0.0,0.42681664824485777,0.6564835534924577,0.9779069571440158
L08->L30,5,5,0,0.0,0.5071366012096405,0.6573283045278236,0.9779069571440158
L08->L31,5,5,0,0.0,0.4978726267814636,0.6587377528232634,0.9779069571440158
L08->L32,5,5,0,0.0,0.45308088064193724,0.6593125019856736,0.9779069571440158
L08->L33,5,5,0,0.0,0.45308088660240176,0.6593125019856736,0.9779069571440158
L08->L34,5,5,0,0.0,0.4168164968490601,0.6612535771475533,0.9779069571440158
L08->L35,5,5,0,0.0,0.4168164968490601,0.6612535771475533,0.9779069571440158
L08->L36,5,5,0,0.0,0.5123946964740753,0.6613712227226293,0.9779069571440158
L08->L37,5,5,0,0.0,0.5123946845531464,0.6613712227226293,0.9779069571440158
L08->L38,5,5,0,0.0,0.5358320474624634,0.6605405674120791,0.9779069571440158
L09->L01,5,5,0,0.0,0.35200826525688167,0.6079613704825199,0.9071058443043964
L09->L02,5,5,0,0.0,0.3249268054962158,0.6079613704825197,0.9071058443043964
L09->L04,5,5,0,0.0,0.36354141235351556,0.60796137048252,0.9071058443043964
L09->L05,5,5,0,0.0,0.36550950407981875,0.6105536331512096,0.9071058443043964
L09->L06,5,5,0,0.0,0.3254573166370392,0.60796137048252,0.9071058443043964
L09->L07,5,5,0,0.0,0.4593637704849243,0.6277519866477691,0.9071058443043964
L09->L08,5,5,0,0.0,0.40513094067573546,0.6079613704825194,0.9071058443043964
L09->L10,5,5,0,0.0,0.4483962833881378,0.6105536331512079,0.9071058443043964
L09->L11,5,5,0,0.0,0.42183432579040525,0.8044342431033232,0.9071058443043964
L09->L12,5,5,0,0.0,0.35697688460350036,0.60796137048252,0.9071058443043964
L09->L13,5,5,0,0.0,0.32949620485305786,0.60796137048252,0.9071058443043964
L09->L14,5,5,0,0.0,0.42547379732131957,0.6079613704825196,0.9071058443043964
L09->L15,5,5,0,0.0,0.42609061002731324,0.6079613704825201,0.9071058443043964
L09->L16,5,5,0,0.0,0.4635735034942627,0.6079613704825202,0.9071058443043964
L09->L17,5,5,0,0.0,0.46303829550743103,0.6079613704825209,0.9071058443043964
L09->L18,5,5,0,0.0,0.4138232469558716,0.6079613704825202,0.9071058443043964
L09->L19,5,5,0,0.0,0.4503182888031006,0.60796137048252,0.9071058443043964
L09->L20,5,5,0,0.0,0.37464494109153745,0.6079613704825196,0.9071058443043964
L09->L21,5,5,0,0.0,0.44288271069526675,0.6079613704825192,0.9071058443043964
L09->L22,5,5,0,0.0,0.42593458890914915,0.6079613704825195,0.9071058443043964
L09->L23,5,5,0,0.0,0.5449842095375061,0.6079613704825185,0.9071058443043964
L09->L24,5,5,0,0.0,0.47233524918556213,0.6079613704825201,0.9071058443043964
L09->L25,5,5,0,0.0,0.5304300308227539,0.6079613704825195,0.9071058443043964
L09->L26,5,5,0,0.0,0.5304300308227539,0.6079613704825195,0.9071058443043964
L09->L27,5,5,0,0.0,0.5165378332138062,0.627751986647769,0.9071058443043964
L09->L28,5,5,0,0.0,0.5545983433723449,0.60796137048252,0.9071058443043964
L09->L29,5,5,0,0.0,0.4409226179122925,0.6079613704825187,0.9071058443043964
L09->L30,5,5,0,0.0,0.4862183690071106,0.6079613704825213,0.9071058443043964
L09->L31,5,5,0,0.0,0.46979795694351195,0.60796137048252,0.9071058443043964
L09->L32,5,5,0,0.0,0.43132892847061155,0.6079613704825196,0.9071058443043964
L09->L33,5,5,0,0.0,0.43132892847061155,0.6079613704825196,0.9071058443043964
L09->L34,5,5,0,0.0,0.34575424790382386,0.60796137048252,0.9071058443043964
L09->L35,5,5,0,0.0,0.34575424790382386,0.60796137048252,0.9071058443043964
L09->L36,5,5,0,0.0,0.38089184761047357,0.6079613704825196,0.9071058443043964
L09->L37,5,5,0,0.0,0.3808918535709381,0.6079613704825196,0.9071058443043964
L09->L38,5,5,0,0.0,0.5000343203544617,0.60796137048252,0.9071058443043964
L10->L03,5,5,0,0.0,0.7189613699913024,0.8998876683963986,0.9603548903072108
L10->L06,5,5,0,0.0,0.6811689615249634,0.8168030729651589,0.9603548903072108
L10->L11,5,5,0,0.0,0.6594119429588318,1.0069905373336079,0.9603548903072108
L10->L12,5,5,0,0.0,0.6642109513282776,0.78592002756498,0.9603548903072108
L10->L13,5,5,0,0.0,0.6512113690376282,0.8257478283001858,0.9603548903072108
L10->L14,5,5,0,0.0,0.7436595797538758,0.8918658898637208,0.9603548903072108
L10->L15,5,5,0,0.0,0.747990608215332,0.9190599111797383,0.9603548903072108
L10->L16,5,5,0,0.0,0.7429314255714417,0.8058458821520394,0.9603548903072108
L10->L17,5,5,0,0.0,0.7473690867424011,0.8166669746869264,0.9603548903072108
L10->L18,5,5,0,0.0,0.7190954685211182,0.8044945222288321,0.9603548903072108
L10->L19,5,5,0,0.0,0.66855309009552,0.7793767415079805,0.9603548903072108
L10->L20,5,5,0,0.0,0.7047982335090637,0.7981815032398354,0.9603548903072108
L10->L21,5,5,0,0.0,0.7090997695922852,0.7852824078851957,0.9603548903072108
L10->L22,5,5,0,0.0,0.6451676964759827,0.7970054736429176,0.9603548903072108
L10->L23,5,5,0,0.0,0.7160795092582702,0.791071714837632,0.9603548903072108
L10->L24,5,5,0,0.0,0.5844547510147095,0.8016012916974301,0.9603548903072108
L10->L25,5,5,0,0.0,0.700842308998108,0.8101803312277595,0.9603548903072108
L10->L26,5,5,0,0.0,0.700842308998108,0.8101803312277595,0.9603548903072108
L10->L28,5,5,0,0.0,0.7162364602088929,0.7960759610299624,0.9603548903072108
L10->L29,5,5,0,0.0,0.5306607484817505,0.798822633721553,0.9603548903072108
L10->L30,5,5,0,0.0,0.6195909261703492,0.8026876386515734,0.9603548903072108
L10->L31,5,5,0,0.0,0.6053842067718506,0.805322373418379,0.9603548903072108
L10->L32,5,5,0,0.0,0.5577607035636902,0.8063310146914924,0.9603548903072108
L10->L33,5,5,0,0.0,0.5577606916427612,0.8063310146914924,0.9603548903072108
L10->L34,5,5,0,0.0,0.5044499218463898,0.8094884275680044,0.9603548903072108
L10->L35,5,5,0,0.0,0.5044499099254608,0.8094884275680044,0.9603548903072108
L10->L36,5,5,0,0.0,0.6197474956512451,0.8096578643453199,0.9603548903072108
L10->L37,5,5,0,0.0,0.6197474956512451,0.8096578643453199,0.9603548903072108
L10->L38,5,5,0,0.0,0.6516350865364074,0.8084674361744628,0.9603548903072108
L11->L01,5,5,0,0.0,0.37753170132637026,0.7676014638035633,0.6345690443755352
L11->L02,5,5,0,0.0,0.36921856999397273,0.7629394285192601,0.6345690443755352
L11->L03,5,5,0,0.0,0.518786883354187,0.7887684052026827,0.6345690443755352
L11->L04,5,5,0,0.0,0.4376196265220642,0.7530300194595803,0.6345690443755352
L11->L05,5,5,0,0.0,0.4428110718727112,1.006990537333604,0.6345690443755352
L11->L06,5,5,0,0.0,0.3973458588123321,0.7633489109907158,0.6345690443755352
L11->L07,5,5,0,0.0,0.48089399337768557,1.0273056889982692,0.6345690443755352
L11->L08,5,5,0,0.0,0.4557830929756165,0.7908273134767418,0.6345690443755352
L11->L09,5,5,0,0.0,0.42461787462234496,0.7704619852526438,0.6345690443755352
L11->L10,5,5,0,0.0,0.5511487483978271,1.0069905373336048,0.6345690443755352
L11->L14,5,5,0,0.0,0.5502954363822937,0.777438521839025,0.6345690443755352
L11->L15,5,5,0,0.0,0.5616076111793518,0.8774755256955344,0.6345690443755352
L11->L16,5,5,0,0.0,0.5752617239952087,1.0092917332987839,0.6345690443755352
L11->L17,5,5,0,0.0,0.5842123389244079,0.9907488021578071,0.6345690443755352
L11->L18,5,5,0,0.0,0.5595165967941285,0.9655186108347378,0.6345690443755352
L11->L19,5,5,0,0.0,0.4825190842151642,0.7532541637569045,0.6345690443755352
L11->L20,5,5,0,0.0,0.5451447129249573,0.8558736959572777,0.6345690443755352
L11->L21,5,5,0,0.0,0.5528748869895935,0.8996131912849712,0.6345690443755352
L11->L22,5,5,0,0.0,0.49634974598884585,0.8655896572825998,0.6345690443755352
L11->L23,5,5,0,0.0,0.5421933710575104,0.961360477283753,0.6345690443755352
L11->L24,5,5,0,0.0,0.40192886590957644,0.7538684466693754,0.6345690443755352
L11->L25,5,5,0,0.0,0.46345011591911317,0.7864283898533293,0.6345690443755352
L11->L26,5,5,0,0.0,0.46345011591911317,0.7864283898533293,0.6345690443755352
L11->L27,5,5,0,0.0,0.4776939988136292,1.0273056889982706,0.6345690443755352
L11->L28,5,5,0,0.0,0.5130539476871491,0.7615853036587943,0.6345690443755352
L11->L29,5,5,0,0.0,0.377912026643753,0.7886272621879487,0.6345690443755352
L11->L30,5,5,0,0.0,0.4172100484371185,0.756361306829658,0.6345690443755352
L11->L31,5,5,0,0.0,0.40104896426200864,0.7599842427922838,0.6345690443755352
L11->L32,5,5,0,0.0,0.35736669898033135,0.7608644327835974,0.6345690443755352
L11->L33,5,5,0,0.0,0.35736668705940244,0.7608644327835974,0.6345690443755352
L11->L34,5,5,0,0.0,0.3985509574413299,0.7472692949743209,0.6345690443755352
L11->L35,5,5,0,0.0,0.3985509574413299,0.7472692949743209,0.6345690443755352
L11->L36,5,5,0,0.0,0.49227099418640136,0.7528543980051123,0.6345690443755352
L11->L37,5,5,0,0.0,0.49227099418640136,0.7528543980051123,0.6345690443755352
L11->L38,5,5,0,0.0,0.4179588258266449,0.7630472219893412,0.6345690443755352
L12->L01,5,5,0,0.0,0.4392493724822998,0.7336849873671529,1.0000000000000002
L12->L02,5,5,0,0.0,0.42194581031799316,0.7336849873671527,1.0000000000000002
L12->L03,5,5,0,0.0,0.6285359621047973,0.7336849873671534,1.0000000000000002
L12->L04,5,5,0,0.0,0.45147271156311036,0.7336849873671529,1.0000000000000002
L12->L05,5,5,0,0.0,0.5638455986976624,0.7336849873671532,1.0000000000000002
L12->L06,5,5,0,0.0,0.47724537253379823,0.7336849873671529,1.0000000000000002
L12->L07,5,5,0,0.0,0.5248904466629029,0.7336849873671515,1.0000000000000002
L12->L08,5,5,0,0.0,0.5965987801551819,0.7336849873671527,1.0000000000000002
L12->L09,5,5,0,0.0,0.48371183276176455,0.7336849873671528,1.0000000000000002
L12->L10,5,5,0,0.0,0.6451519846916198,0.7336849873671517,1.0000000000000002
L12->L14,5,5,0,0.0,0.602864670753479,0.7336849873671517,1.0000000000000002
L12->L15,5,5,0,0.0,0.6290533781051636,0.7336849873671518,1.0000000000000002
L12->L16,5,5,0,0.0,0.6886512994766235,0.7568289078132366,1.0000000000000002
L12->L17,5,5,0,0.0,0.6969658374786377,0.7472113007685628,1.0000000000000002
L12->L18,5,5,0,0.0,0.6498774528503418,0.7336849873671522,1.0000000000000002
L12->L19,5,5,0,0.0,0.5540005445480347,0.7336849873671524,1.0000000000000002
L12->L20,5,5,0,0.0,0.6320690870285034,0.7336849873671517,1.0000000000000002
L12->L21,5,5,0,0.0,0.6404747724533081,0.7336849873671514,1.0000000000000002
L12->L22,5,5,0,0.0,0.5726905465126038,0.7336849873671524,1.0000000000000002
L12->L23,5,5,0,0.0,0.6170631289482117,0.7336849873671476,1.0000000000000002
L12->L24,5,5,0,0.0,0.4433633327484131,0.7336849873671525,1.0000000000000002
L12->L25,5,5,0,0.0,0.5067233204841614,0.7336849873671529,1.0000000000000002
L12->L26,5,5,0,0.0,0.5067233085632324,0.7336849873671529,1.0000000000000002
L12->L27,5,5,0,0.0,0.5231878936290741,0.7336849873671494,1.0000000000000002
L12->L28,5,5,0,0.0,0.5756971120834351,0.7336849873671509,1.0000000000000002
L12->L29,5,5,0,0.0,0.42302954792976377,0.7336849873671528,1.0000000000000002
L12->L30,5,5,0,0.0,0.46358811259269717,0.7336849873671529,1.0000000000000002
L12->L31,5,5,0,0.0,0.4426915407180786,0.7336849873671527,1.0000000000000002
L12->L32,5,5,0,0.0,0.3966460645198822,0.7336849873671529,1.0000000000000002
L12->L33,5,5,0,0.0,0.3966460585594177,0.7336849873671529,1.0000000000000002
L12->L34,5,5,0,0.0,0.46013243198394777,0.7336849873671529,1.0000000000000002
L12->L35,5,5,0,0.0,0.4601324200630188,0.7336849873671529,1.0000000000000002
L12->L36,5,5,0,0.0,0.5697133898735046,0.7336849873671533,1.0000000000000002
L12->L37,5,5,0,0.0,0.5697133898735046,0.7336849873671533,1.0000000000000002
L12->L38,5,5,0,0.0,0.4570089042186737,0.7336849873671525,1.0000000000000002
L13->L01,5,5,0,0.0,0.41425780653953553,0.6647385998128776,0.9071058443043964
L13->L02,5,5,0,0.0,0.38884087204933165,0.6647385998128779,0.9071058443043964
L13->L03,5,5,0,0.0,0.5324887990951538,0.6647385998128754,0.9071058443043964
L13->L04,5,5,0,0.0,0.44080637097358705,0.6647385998128771,0.9071058443043964
L13->L05,5,5,0,0.0,0.43698799014091494,0.6675788417638471,0.9071058443043964
L13->L06,5,5,0,0.0,0.3951353311538696,0.6647385998128779,0.9071058443043964
L13->L07,5,5,0,0.0,0.5414389729499817,0.6866528264086529,0.9071058443043964
L13->L08,5,5,0,0.0,0.4659633219242096,0.6647385998128784,0.9071058443043964
L13->L09,5,5,0,0.0,0.39842275381088255,0.664738599812878,0.9071058443043964
L13->L10,5,5,0,0.0,0.5296099424362183,0.6675788417638493,0.9071058443043964
L13->L14,5,5,0,0.0,0.5070899188518524,0.6647385998128785,0.9071058443043964
L13->L15,5,5,0,0.0,0.5077711284160614,0.6647385998128783,0.9071058443043964
L13->L16,5,5,0,0.0,0.5531038522720337,0.6647385998128787,0.9071058443043964
L13->L17,5,5,0,0.0,0.5520784854888916,0.6647385998128785,0.9071058443043964
L13->L18,5,5,0,0.0,0.4943198382854462,0.6647385998128776,0.9071058443043964
L13->L19,5,5,0,0.0,0.5382589221000671,0.6647385998128792,0.9071058443043964
L13->L20,5,5,0,0.0,0.4477583408355713,0.664738599812878,0.9071058443043964
L13->L21,5,5,0,0.0,0.5278750658035278,0.6647385998128779,0.9071058443043964
L13->L22,5,5,0,0.0,0.5075379252433777,0.6647385998128776,0.9071058443043964
L13->L23,5,5,0,0.0,0.6477588176727295,0.6647385998128755,0.9071058443043964
L13->L24,5,5,0,0.0,0.5628385543823242,0.6647385998128775,0.9071058443043964
L13->L25,5,5,0,0.0,0.6292505741119385,0.6647385998128781,0.9071058443043964
L13->L26,5,5,0,0.0,0.6292505741119385,0.6647385998128781,0.9071058443043964
L13->L27,5,5,0,0.0,0.6112346649169922,0.6866528264086533,0.9071058443043964
L13->L28,5,5,0,0.0,0.6585794687271118,0.6647385998128783,0.9071058443043964
L13->L29,5,5,0,0.0,0.5251882553100586,0.6647385998128786,0.9071058443043964
L13->L30,5,5,0,0.0,0.5774999022483825,0.6647385998128779,0.9071058443043964
L13->L31,5,5,0,0.0,0.5577600359916687,0.6647385998128779,0.9071058443043964
L13->L32,5,5,0,0.0,0.5120926976203919,0.6647385998128779,0.9071058443043964
L13->L33,5,5,0,0.0,0.5120926976203919,0.6647385998128779,0.9071058443043964
L13->L34,5,5,0,0.0,0.4108810663223267,0.6647385998128779,0.9071058443043964
L13->L35,5,5,0,0.0,0.4108810663223267,0.6647385998128779,0.9071058443043964
L13->L36,5,5,0,0.0,0.45284311175346376,0.6647385998128779,0.9071058443043964
L13->L37,5,5,0,0.0,0.45284311175346376,0.6647385998128779,0.9071058443043964
L13->L38,5,5,0,0.0,0.5933188676834107,0.6647385998128781,0.9071058443043964
L14->L01,5,5,0,0.0,0.4520865917205811,0.4932539598537059,0.762493128746582
L14->L02,5,5,0,0.0,0.43391937017440796,0.4785820410176174,0.762493128746582
L14->L03,5,5,0,0.0,0.5582770109176636,0.4713195230252948,0.762493128746582
L14->L04,5,5,0,0.0,0.5257152438163757,0.4805301003543292,0.762493128746582
L14->L05,5,5,0,0.0,0.460692697763443,0.5578747466449832,0.762493128746582
L14->L06,5,5,0,0.0,0.4786301553249359,0.4803564366113102,0.762493128746582
L14->L07,5,5,0,0.0,0.5020279228687287,0.5531753989461762,0.762493128746582
L14->L08,5,5,0,0.0,0.5088952302932739,0.49237565008593515,0.762493128746582
L14->L09,5,5,0,0.0,0.5197238445281982,0.5059100468746642,0.762493128746582
L14->L10,5,5,0,0.0,0.6341792225837708,0.5578747466449833,0.762493128746582
L14->L11,5,5,0,0.0,0.5580988764762879,0.7592472370665387,0.762493128746582
L14->L12,5,5,0,0.0,0.48459659814834594,0.47846180450961934,0.762493128746582
L14->L13,5,5,0,0.0,0.550152587890625,0.4923568472165784,0.762493128746582
L14->L15,5,5,0,0.0,0.6410233020782471,0.5441363704455205,0.762493128746582
L14->L16,5,5,0,0.0,0.6554371118545532,0.5463618668362631,0.762493128746582
L14->L17,5,5,0,0.0,0.6630891799926758,0.538054207960504,0.762493128746582
L14->L18,5,5,0,0.0,0.5987586140632629,0.488583527379462,0.762493128746582
L14->L19,5,5,0,0.0,0.41135838627815247,0.4799492809396872,0.762493128746582
L14->L20,5,5,0,0.0,0.6348996877670288,0.5136101148133798,0.762493128746582
L14->L21,5,5,0,0.0,0.6350852370262146,0.4958015458799701,0.762493128746582
L14->L22,5,5,0,0.0,0.5315375685691833,0.4794419362191779,0.762493128746582
L14->L23,5,5,0,0.0,0.5093103051185608,0.48844753071453056,0.762493128746582
L14->L24,5,5,0,0.0,0.37246550917625426,0.4824095122269941,0.762493128746582
L14->L25,5,5,0,0.0,0.4192262589931488,0.482503052013887,0.762493128746582
L14->L26,5,5,0,0.0,0.4192262589931488,0.482503052013887,0.762493128746582
L14->L27,5,5,0,0.0,0.456374853849411,0.5531753989461744,0.762493128746582
L14->L28,5,5,0,0.0,0.44139888882637024,0.47992133384152924,0.762493128746582
L14->L29,5,5,0,0.0,0.37924817204475403,0.4825138094217481,0.762493128746582
L14->L30,5,5,0,0.0,0.42250766754150393,0.48075844545712254,0.762493128746582
L14->L31,5,5,0,0.0,0.38355281949043274,0.48163697251840903,0.762493128746582
L14->L32,5,5,0,0.0,0.388804417848587,0.48165611112501744,0.762493128746582
L14->L33,5,5,0,0.0,0.388804417848587,0.48165611112501744,0.762493128746582
L14->L34,5,5,0,0.0,0.46443408727645874,0.48254993376415944,0.762493128746582
L14->L35,5,5,0,0.0,0.46443408727645874,0.48254993376415944,0.762493128746582
L14->L36,5,5,0,0.0,0.5768049001693726,0.4910003291891295,0.762493128746582
L14->L37,5,5,0,0.0,0.5768049001693726,0.4910003291891295,0.762493128746582
L14->L38,5,5,0,0.0,0.4083344042301178,0.4818245624952501,0.762493128746582
L15->L01,5,5,0,0.0,0.46276426315307617,0.6285226701895508,0.9071058443043964
L15->L02,5,5,0,0.0,0.45171462893486025,0.6285226701895507,0.9071058443043964
L15->L03,5,5,0,0.0,0.554967737197876,0.6285226701895505,0.9071058443043964
L15->L04,5,5,0,0.0,0.5432120442390442,0.6285226701895504,0.9071058443043964
L15->L05,5,5,0,0.0,0.4567450940608978,0.6311314691914246,0.9071058443043964
L15->L06,5,5,0,0.0,0.5086996853351593,0.628522670189551,0.9071058443043964
L15->L07,5,5,0,0.0,0.5418891429901123,0.6285226701895498,0.9071058443043964
L15->L08,5,5,0,0.0,0.5201514184474945,0.6285226701895507,0.9071058443043964
L15->L09,5,5,0,0.0,0.5456402659416199,0.6285226701895509,0.9071058443043964
L15->L10,5,5,0,0.0,0.6501702785491943,0.6311314691914258,0.9071058443043964
L15->L11,5,5,0,0.0,0.5792531490325927,0.831400621110341,0.9071058443043964
L15->L12,5,5,0,0.0,0.4547420561313629,0.6285226701895509,0.9071058443043964
L15->L13,5,5,0,0.0,0.5439247131347656,0.6285226701895507,0.9071058443043964
L15->L14,5,5,0,0.0,0.638943076133728,0.628522670189551,0.9071058443043964
L15->L16,5,5,0,0.0,0.6538241147994995,0.6285226701895509,0.9071058443043964
L15->L17,5,5,0,0.0,0.6870792031288147,0.6521378629291464,0.9071058443043964
L15->L18,5,5,0,0.0,0.6658137083053589,0.6917764292798751,0.9071058443043964
L15->L19,5,5,0,0.0,0.4826951503753662,0.628522670189551,0.9071058443043964
L15->L20,5,5,0,0.0,0.5581748604774475,0.628522670189551,0.9071058443043964
L15->L21,5,5,0,0.0,0.613765275478363,0.6285226701895509,0.9071058443043964
L15->L22,5,5,0,0.0,0.5504575610160828,0.6285226701895507,0.9071058443043964
L15->L23,5,5,0,0.0,0.6284112572669983,0.6285226701895503,0.9071058443043964
L15->L24,5,5,0,0.0,0.4734523296356201,0.628522670189551,0.9071058443043964
L15->L25,5,5,0,0.0,0.5922715544700623,0.628522670189551,0.9071058443043964
L15->L26,5,5,0,0.0,0.5922715544700623,0.628522670189551,0.9071058443043964
L15->L27,5,5,0,0.0,0.5819100856781005,0.6285226701895514,0.9071058443043964
L15->L28,5,5,0,0.0,0.6102517127990723,0.6285226701895514,0.9071058443043964
L15->L29,5,5,0,0.0,0.509866464138031,0.6285226701895503,0.9071058443043964
L15->L30,5,5,0,0.0,0.4624168038368225,0.6285226701895513,0.9071058443043964
L15->L31,5,5,0,0.0,0.5358572602272034,0.628522670189551,0.9071058443043964
L15->L32,5,5,0,0.0,0.5063181400299073,0.6285226701895507,0.9071058443043964
L15->L33,5,5,0,0.0,0.5063181400299073,0.6285226701895507,0.9071058443043964
L15->L34,5,5,0,0.0,0.5630073189735413,0.6285226701895505,0.9071058443043964
L15->L35,5,5,0,0.0,0.5630073428153992,0.6285226701895505,0.9071058443043964
L15->L36,5,5,0,0.0,0.6315840244293213,0.6285226701895512,0.9071058443043964
L15->L37,5,5,0,0.0,0.6315840244293213,0.6285226701895512,0.9071058443043964
L15->L38,5,5,0,0.0,0.5873584985733032,0.6285226701895509,0.9071058443043964
L16->L01,5,5,0,0.0,0.4690181612968445,0.7154440286775973,0.9071058443043964
L16->L02,5,5,0,0.0,0.4409107804298401,0.7154440286775973,0.9071058443043964
L16->L03,5,5,0,0.0,0.6253801107406616,0.7154440286775969,0.9071058443043964
L16->L04,5,5,0,0.0,0.45656023621559144,0.7154440286775975,0.9071058443043964
L16->L05,5,5,0,0.0,0.5538282871246338,0.7184163260321297,0.9071058443043964
L16->L06,5,5,0,0.0,0.4981547832489014,0.7154440286775975,0.9071058443043964
L16->L07,5,5,0,0.0,0.5614864826202393,0.7179524502386597,0.9071058443043964
L16->L08,5,5,0,0.0,0.5866088509559632,0.7154440286775969,0.9071058443043964
L16->L09,5,5,0,0.0,0.43636355400085447,0.7154440286775973,0.9071058443043964
L16->L10,5,5,0,0.0,0.6119402527809144,0.7184163260321295,0.9071058443043964
L16->L11,5,5,0,0.0,0.6049906015396118,0.9462971657611522,0.9071058443043964
L16->L12,5,5,0,0.0,0.5946395516395568,0.7154440286775964,0.9071058443043964
L16->L13,5,5,0,0.0,0.49831201434135436,0.7154440286775976,0.9071058443043964
L16->L14,5,5,0,0.0,0.6375624418258667,0.7154440286775955,0.9071058443043964
L16->L15,5,5,0,0.0,0.6593749642372131,0.7154440286775976,0.9071058443043964
L16->L18,5,5,0,0.0,0.6073022723197937,0.7154440286775987,0.9071058443043964
L16->L19,5,5,0,0.0,0.41358262300491333,0.7154440286775973,0.9071058443043964
L16->L20,5,5,0,0.0,0.6696351528167724,0.7154440286775954,0.9071058443043964
L16->L21,5,5,0,0.0,0.6703761696815491,0.7154440286775964,0.9071058443043964
L16->L22,5,5,0,0.0,0.5535398125648499,0.7154440286775975,0.9071058443043964
L16->L23,5,5,0,0.0,0.5453368782997131,0.7154440286775973,0.9071058443043964
L16->L24,5,5,0,0.0,0.3960685610771179,0.7154440286775973,0.9071058443043964
L16->L25,5,5,0,0.0,0.5129929780960083,0.7154440286775972,0.9071058443043964
L16->L26,5,5,0,0.0,0.5129929661750794,0.7154440286775972,0.9071058443043964
L16->L27,5,5,0,0.0,0.5358317375183106,0.7179524502386604,0.9071058443043964
L16->L28,5,5,0,0.0,0.49328333139419556,0.7154440286775967,0.9071058443043964
L16->L29,5,5,0,0.0,0.40380607843399047,0.7154440286775975,0.9071058443043964
L16->L30,5,5,0,0.0,0.40001967549324036,0.7154440286775974,0.9071058443043964
L16->L31,5,5,0,0.0,0.47442920207977296,0.7154440286775976,0.9071058443043964
L16->L32,5,5,0,0.0,0.46510196924209596,0.7154440286775973,0.9071058443043964
L16->L33,5,5,0,0.0,0.4651019752025604,0.7154440286775973,0.9071058443043964
L16->L34,5,5,0,0.0,0.4908010244369507,0.7154440286775976,0.9071058443043964
L16->L35,5,5,0,0.0,0.4908010244369507,0.7154440286775976,0.9071058443043964
L16->L36,5,5,0,0.0,0.6073682904243469,0.7154440286775976,0.9071058443043964
L16->L37,5,5,0,0.0,0.607368266582489,0.7154440286775976,0.9071058443043964
L16->L38,5,5,0,0.0,0.536487627029419,0.7154440286775978,0.9071058443043964
L17->L01,5,5,0,0.0,0.4772859811782837,0.6960800081334896,0.9071058443043964
L17->L02,5,5,0,0.0,0.4535536766052245,0.6960800081334897,0.9071058443043964
L17->L03,5,5,0,0.0,0.64139244556427,0.6960800081334904,0.9071058443043964
L17->L04,5,5,0,0.0,0.4580268859863281,0.6960800081334897,0.9071058443043964
L17->L05,5,5,0,0.0,0.5795155167579651,0.6989798866738693,0.9071058443043964
L17->L06,5,5,0,0.0,0.5387442350387573,0.6960800081334897,0.9071058443043964
L17->L07,5,5,0,0.0,0.6060611486434937,0.7046229022687147,0.9071058443043964
L17->L08,5,5,0,0.0,0.6319107294082642,0.6960800081334901,0.9071058443043964
L17->L09,5,5,0,0.0,0.4605724155902863,0.6960800081334897,0.9071058443043964
L17->L10,5,5,0,0.0,0.6273520708084106,0.6989798866738689,0.9071058443043964
L17->L11,5,5,0,0.0,0.6334156155586242,0.9207531345577091,0.9071058443043964
L17->L12,5,5,0,0.0,0.6366775035858154,0.6960800081334908,0.9071058443043964
L17->L13,5,5,0,0.0,0.5379455208778381,0.6960800081334894,0.9071058443043964
L17->L14,5,5,0,0.0,0.6498855590820313,0.6960800081334892,0.9071058443043964
L17->L15,5,5,0,0.0,0.7088986754417419,0.7222687966524517,0.9071058443043964
L17->L18,5,5,0,0.0,0.7211532354354858,0.7513309508153216,0.9071058443043964
L17->L19,5,5,0,0.0,0.5436196506023407,0.6960800081334897,0.9071058443043964
L17->L20,5,5,0,0.0,0.567995548248291,0.6960800081334899,0.9071058443043964
L17->L21,5,5,0,0.0,0.6382851481437684,0.6960800081334902,0.9071058443043964
L17->L22,5,5,0,0.0,0.5875868797302246,0.6960800081334899,0.9071058443043964
L17->L23,5,5,0,0.0,0.6798220038414001,0.7200610613182709,0.9071058443043964
L17->L24,5,5,0,0.0,0.5177407205104828,0.6960800081334897,0.9071058443043964
L17->L25,5,5,0,0.0,0.6234837412834168,0.6960800081334899,0.9071058443043964
L17->L26,5,5,0,0.0,0.6234837293624877,0.6960800081334899,0.9071058443043964
L17->L27,5,5,0,0.0,0.6147369623184205,0.704622902268716,0.9071058443043964
L17->L28,5,5,0,0.0,0.6549507856369019,0.69608000813349,0.9071058443043964
L17->L29,5,5,0,0.0,0.5431491374969483,0.6960800081334897,0.9071058443043964
L17->L30,5,5,0,0.0,0.49366286396980286,0.69608000813349,0.9071058443043964
L17->L31,5,5,0,0.0,0.568604850769043,0.6960800081334895,0.9071058443043964
L17->L32,5,5,0,0.0,0.53466756939888,0.6960800081334897,0.9071058443043964
L17->L33,5,5,0,0.0,0.53466756939888,0.6960800081334897,0.9071058443043964
L17->L34,5,5,0,0.0,0.5924481630325318,0.6960800081334897,0.9071058443043964
L17->L35,5,5,0,0.0,0.5924481630325318,0.6960800081334897,0.9071058443043964
L17->L36,5,5,0,0.0,0.6661429286003113,0.6960800081334899,0.9071058443043964
L17->L37,5,5,0,0.0,0.6661429286003113,0.6960800081334899,0.9071058443043964
L17->L38,5,5,0,0.0,0.6177793622016907,0.696080008133489,0.9071058443043964
L18->L01,5,5,0,0.0,0.44545590281486513,0.738275249145006,0.9071058443043964
L18->L02,5,5,0,0.0,0.4301630616188049,0.738275249145006,0.9071058443043964
L18->L03,5,5,0,0.0,0.5676881074905396,0.7382752491450058,0.9071058443043964
L18->L04,5,5,0,0.0,0.46988036036491393,0.7382752491450063,0.9071058443043964
L18->L05,5,5,0,0.0,0.47121492624282835,0.7412741487044251,0.9071058443043964
L18->L06,5,5,0,0.0,0.41831645369529724,0.738275249145006,0.9071058443043964
L18->L07,5,5,0,0.0,0.5647852778434753,0.7922837126282015,0.9071058443043964
L18->L08,5,5,0,0.0,0.5104776740074157,0.7382752491450061,0.9071058443043964
L18->L09,5,5,0,0.0,0.4285241425037384,0.738275249145006,0.9071058443043964
L18->L10,5,5,0,0.0,0.5675653219223022,0.741274148704425,0.9071058443043964
L18->L11,5,5,0,0.0,0.5375459671020508,0.9763183397599317,0.9071058443043964
L18->L12,5,5,0,0.0,0.4555684566497803,0.7382752491450063,0.9071058443043964
L18->L13,5,5,0,0.0,0.42322354912757876,0.7382752491450061,0.9071058443043964
L18->L14,5,5,0,0.0,0.5080630660057068,0.7382752491450061,0.9071058443043964
L18->L15,5,5,0,0.0,0.5790071129798889,0.7387536067404958,0.9071058443043964
L18->L16,5,5,0,0.0,0.5355962872505188,0.7382752491450053,0.9071058443043964
L18->L17,5,5,0,0.0,0.6145588994026184,0.7384191470240871,0.9071058443043964
L18->L19,5,5,0,0.0,0.5658811926841736,0.7382752491450069,0.9071058443043964
L18->L20,5,5,0,0.0,0.589063310623169,0.7382752491450053,0.9071058443043964
L18->L21,5,5,0,0.0,0.5191682815551758,0.738275249145006,0.9071058443043964
L18->L22,5,5,0,0.0,0.38398581743240356,0.738275249145006,0.9071058443043964
L18->L23,5,5,0,0.0,0.6923129081726074,0.7466304858043958,0.9071058443043964
L18->L24,5,5,0,0.0,0.614061427116394,0.7382752491450058,0.9071058443043964
L18->L25,5,5,0,0.0,0.6746375322341919,0.7382752491450063,0.9071058443043964
L18->L26,5,5,0,0.0,0.6746375322341919,0.7382752491450063,0.9071058443043964
L18->L27,5,5,0,0.0,0.6470810651779175,0.7922837126282014,0.9071058443043964
L18->L28,5,5,0,0.0,0.7084041476249695,0.7382752491450076,0.9071058443043964
L18->L29,5,5,0,0.0,0.5527104258537292,0.7382752491450064,0.9071058443043964
L18->L30,5,5,0,0.0,0.6222378969192505,0.7382752491450055,0.9071058443043964
L18->L31,5,5,0,0.0,0.5995195627212524,0.7382752491450058,0.9071058443043964
L18->L32,5,5,0,0.0,0.5516637802124024,0.738275249145006,0.9071058443043964
L18->L33,5,5,0,0.0,0.5516637802124024,0.738275249145006,0.9071058443043964
L18->L34,5,5,0,0.0,0.44054619073867796,0.738275249145006,0.9071058443043964
L18->L35,5,5,0,0.0,0.44054619073867796,0.738275249145006,0.9071058443043964
L18->L36,5,5,0,0.0,0.482208776473999,0.738275249145006,0.9071058443043964
L18->L37,5,5,0,0.0,0.48220877647399896,0.738275249145006,0.9071058443043964
L18->L38,5,5,0,0.0,0.6372507452964783,0.7382752491450063,0.9071058443043964
L19->L01,5,5,0,0.0,0.41310249567031854,0.4833827453339268,0.7460201544115659
L19->L02,5,5,0,0.0,0.3993747889995575,0.4791830733044568,0.7460201544115659
L19->L03,5,5,0,0.0,0.5318617820739746,0.48046861415372744,0.7460201544115659
L19->L04,5,5,0,0.0,0.4430468320846558,0.4777545423903293,0.7460201544115659
L19->L05,5,5,0,0.0,0.4468394160270691,0.5666448462006779,0.7460201544115659
L19->L06,5,5,0,0.0,0.37321634292602535,0.47941181681265926,0.7460201544115659
L19->L07,5,5,0,0.0,0.45661087036132814,0.5305679693121503,0.7460201544115659
L19->L08,5,5,0,0.0,0.47382286190986633,0.4925255570366067,0.7460201544115659
L19->L09,5,5,0,0.0,0.42641104459762574,0.487573650680014,0.7460201544115659
L19->L10,5,5,0,0.0,0.5545286178588867,0.566644846200679,0.7460201544115659
L19->L11,5,5,0,0.0,0.505737429857254,0.7717415779991109,0.7460201544115659
L19->L12,5,5,0,0.0,0.47229768633842467,0.4863026067518092,0.7460201544115659
L19->L13,5,5,0,0.0,0.44433414936065674,0.4863026067518092,0.7460201544115659
L19->L14,5,5,0,0.0,0.5091968774795532,0.4881077453226578,0.7460201544115659
L19->L15,5,5,0,0.0,0.5615057587623596,0.5004315199444634,0.7460201544115659
L19->L16,5,5,0,0.0,0.567323625087738,0.5221869869656414,0.7460201544115659
L19->L17,5,5,0,0.0,0.600316298007965,0.5178216861971651,0.7460201544115659
L19->L18,5,5,0,0.0,0.5763930439949035,0.5480523814730376,0.7460201544115659
L19->L20,5,5,0,0.0,0.5607202887535095,0.5151380943087823,0.7460201544115659
L19->L21,5,5,0,0.0,0.5736881256103515,0.486855842990895,0.7460201544115659
L19->L22,5,5,0,0.0,0.5174531817436219,0.4848954290307563,0.7460201544115659
L19->L24,5,5,0,0.0,0.34416923522949217,0.47950202223231003,0.7460201544115659
L19->L25,5,5,0,0.0,0.3859107494354248,0.4798153588771813,0.7460201544115659
L19->L26,5,5,0,0.0,0.3859107494354248,0.4798153588771813,0.7460201544115659
L19->L27,5,5,0,0.0,0.40572800040245055,0.5305679693121494,0.7460201544115659
L19->L28,5,5,0,0.0,0.4045907199382782,0.47898368423794474,0.7460201544115659
L19->L29,5,5,0,0.0,0.3653899252414703,0.4784578289366278,0.7460201544115659
L19->L30,5,5,0,0.0,0.39117439389228814,0.4792577477780924,0.7460201544115659
L19->L31,5,5,0,0.0,0.3553034424781799,0.47954158725565443,0.7460201544115659
L19->L32,5,5,0,0.0,0.3611813306808472,0.47954493893407024,0.7460201544115659
L19->L33,5,5,0,0.0,0.3611813306808472,0.47954493893407024,0.7460201544115659
L19->L34,5,5,0,0.0,0.3988251805305481,0.4803167597676937,0.7460201544115659
L19->L35,5,5,0,0.0,0.3988251805305481,0.4803167597676937,0.7460201544115659
L19->L36,5,5,0,0.0,0.5071126520633698,0.49143798796401883,0.7460201544115659
L19->L37,5,5,0,0.0,0.5071126520633698,0.49143798796401883,0.7460201544115659
L19->L38,5,5,0,0.0,0.37804425358772276,0.4796023973649367,0.7460201544115659
L20->L01,5,5,0,0.0,0.42648155689239503,0.5828569609198258,0.9071058443043964
L20->L02,5,5,0,0.0,0.4123606622219086,0.5828569609198258,0.9071058443043964
L20->L03,5,5,0,0.0,0.5386987686157226,0.5828569609198258,0.9071058443043964
L20->L04,5,5,0,0.0,0.451474928855896,0.5828569609198256,0.9071058443043964
L20->L05,5,5,0,0.0,0.45339993238449094,0.5852278470538108,0.9071058443043964
L20->L06,5,5,0,0.0,0.4000652492046356,0.5828569609198258,0.9071058443043964
L20->L07,5,5,0,0.0,0.4608526110649109,0.5828569609198266,0.9071058443043964
L20->L08,5,5,0,0.0,0.48490664958953855,0.5828569609198258,0.9071058443043964
L20->L09,5,5,0,0.0,0.42911513447761535,0.582856960919826,0.9071058443043964
L20->L10,5,5,0,0.0,0.5559463977813721,0.585227847053811,0.9071058443043964
L20->L11,5,5,0,0.0,0.522443813085556,0.7710231160568484,0.9071058443043964
L20->L12,5,5,0,0.0,0.4413411319255829,0.5828569609198253,0.9071058443043964
L20->L13,5,5,0,0.0,0.4124548852443695,0.5828569609198256,0.9071058443043964
L20->L14,5,5,0,0.0,0.557686734199524,0.5828569609198258,0.9071058443043964
L20->L15,5,5,0,0.0,0.4968463182449341,0.5828569609198258,0.9071058443043964
L20->L16,5,5,0,0.0,0.6005770564079285,0.5828569609198253,0.9071058443043964
L20->L17,5,5,0,0.0,0.5530335485935212,0.5828569609198254,0.9071058443043964
L20->L18,5,5,0,0.0,0.5979045271873474,0.5828569609198251,0.9071058443043964
L20->L19,5,5,0,0.0,0.41209415793418885,0.5828569609198258,0.9071058443043964
L20->L21,5,5,0,0.0,0.5485552191734314,0.5842567549771112,0.9071058443043964
L20->L22,5,5,0,0.0,0.3970206022262573,0.5828569609198256,0.9071058443043964
L20->L23,5,5,0,0.0,0.49837822914123536,0.5828688444456495,0.9071058443043964
L20->L24,5,5,0,0.0,0.35726228952407835,0.5828569609198258,0.9071058443043964
L20->L25,5,5,0,0.0,0.40046283006668093,0.582856960919826,0.9071058443043964
L20->L26,5,5,0,0.0,0.40046283006668093,0.582856960919826,0.9071058443043964
L20->L27,5,5,0,0.0,0.4129518747329712,0.5828569609198258,0.9071058443043964
L20->L28,5,5,0,0.0,0.43232224583625795,0.5828569609198262,0.9071058443043964
L20->L29,5,5,0,0.0,0.3629385530948639,0.5828569609198258,0.9071058443043964
L20->L30,5,5,0,0.0,0.40408570170402525,0.5828569609198254,0.9071058443043964
L20->L31,5,5,0,0.0,0.3677015960216522,0.5828569609198258,0.9071058443043964
L20->L32,5,5,0,0.0,0.37255649566650384,0.5828569609198258,0.9071058443043964
L20->L33,5,5,0,0.0,0.37255649566650384,0.5828569609198258,0.9071058443043964
L20->L34,5,5,0,0.0,0.40381675958633423,0.5828569609198255,0.9071058443043964
L20->L35,5,5,0,0.0,0.40381675958633423,0.5828569609198255,0.9071058443043964
L20->L36,5,5,0,0.0,0.4878599762916565,0.5828569609198256,0.9071058443043964
L20->L37,5,5,0,0.0,0.4878599762916565,0.5828569609198256,0.9071058443043964
L20->L38,5,5,0,0.0,0.3901495337486267,0.5828569609198258,0.9071058443043964
L21->L01,5,5,0,0.0,0.4462679624557495,0.7196622705042269,0.9071058443043964
L21->L02,5,5,0,0.0,0.4181464195251465,0.7196622705042268,0.9071058443043964
L21->L03,5,5,0,0.0,0.5968510270118713,0.7196622705042274,0.9071058443043964
L21->L04,5,5,0,0.0,0.48457913398742675,0.719662270504227,0.9071058443043964
L21->L05,5,5,0,0.0,0.48685571551322937,0.7226055046693988,0.9071058443043964
L21->L06,5,5,0,0.0,0.5043817579746246,0.7196622705042269,0.9071058443043964
L21->L07,5,5,0,0.0,0.6280253767967224,0.9094897811033686,0.9071058443043964
L21->L08,5,5,0,0.0,0.5316278159618377,0.7196622705042266,0.9071058443043964
L21->L09,5,5,0,0.0,0.4424334764480591,0.7196622705042268,0.9071058443043964
L21->L10,5,5,0,0.0,0.5909870982170105,0.7226055046693982,0.9071058443043964
L21->L11,5,5,0,0.0,0.5576193928718567,0.9520078554465318,0.9071058443043964
L21->L12,5,5,0,0.0,0.4993888080120087,0.719662270504227,0.9071058443043964
L21->L13,5,5,0,0.0,0.43855801224708557,0.7196622705042269,0.9071058443043964
L21->L14,5,5,0,0.0,0.6252099990844726,0.7196622705042265,0.9071058443043964
L21->L15,5,5,0,0.0,0.5482900023460389,0.7196622705042264,0.9071058443043964
L21->L16,5,5,0,0.0,0.6591910004615784,0.7196622705042267,0.9071058443043964
L21->L17,5,5,0,0.0,0.6056441307067871,0.7196622705042264,0.9071058443043964
L21->L18,5,5,0,0.0,0.5883040070533753,0.7321006057091239,0.9071058443043964
L21->L19,5,5,0,0.0,0.6584704518318176,0.7261823784665461,0.9071058443043964
L21->L20,5,5,0,0.0,0.6347562432289123,0.7196622705042269,0.9071058443043964
L21->L23,5,5,0,0.0,0.7327806353569031,0.8959032266016823,0.9071058443043964
L21->L24,5,5,0,0.0,0.6035154819488525,0.7196622705042273,0.9071058443043964
L21->L25,5,5,0,0.0,0.6937462568283081,0.7196622705042268,0.9071058443043964
L21->L26,5,5,0,0.0,0.6937462568283081,0.7196622705042268,0.9071058443043964
L21->L27,5,5,0,0.0,0.6935154676437378,0.9094897811033678,0.9071058443043964
L21->L28,5,5,0,0.0,0.7229793429374695,0.7196622705042269,0.9071058443043964
L21->L29,5,5,0,0.0,0.5026055574417114,0.7196622705042268,0.9071058443043964
L21->L30,5,5,0,0.0,0.6300070881843567,0.7196622705042282,0.9071058443043964
L21->L31,5,5,0,0.0,0.612617290019989,0.7196622705042272,0.9071058443043964
L21->L32,5,5,0,0.0,0.5615675926208497,0.7196622705042268,0.9071058443043964
L21->L33,5,5,0,0.0,0.5615675926208497,0.7196622705042268,0.9071058443043964
L21->L34,5,5,0,0.0,0.5230914235115052,0.719662270504227,0.9071058443043964
L21->L35,5,5,0,0.0,0.5230914235115052,0.719662270504227,0.9071058443043964
L21->L36,5,5,0,0.0,0.6041458010673523,0.7196622705042265,0.9071058443043964
L21->L37,5,5,0,0.0,0.6041457891464234,0.7196622705042265,0.9071058443043964
L21->L38,5,5,0,0.0,0.6523168444633484,0.7196622705042272,0.9071058443043964
L22->L01,5,5,0,0.0,0.41916754841804504,0.7077775383181096,0.9071058443043964
L22->L02,5,5,0,0.0,0.404590380191803,0.7077775383181097,0.9071058443043964
L22->L03,5,5,0,0.0,0.528426468372345,0.7077775383181093,0.9071058443043964
L22->L04,5,5,0,0.0,0.44224714040756224,0.7077775383181099,0.9071058443043964
L22->L05,5,5,0,0.0,0.44430566430091856,0.7106767475947733,0.9071058443043964
L22->L06,5,5,0,0.0,0.3899109184741974,0.7077775383181097,0.9071058443043964
L22->L07,5,5,0,0.0,0.45608543157577514,0.7077775383181086,0.9071058443043964
L22->L08,5,5,0,0.0,0.47131651639938354,0.7077775383181093,0.9071058443043964
L22->L09,5,5,0,0.0,0.4199219048023224,0.7077775383181092,0.9071058443043964
L22->L10,5,5,0,0.0,0.5447269439697265,0.7106767475947726,0.9071058443043964
L22->L11,5,5,0,0.0,0.512355899810791,0.9363976228000229,0.9071058443043964
L22->L12,5,5,0,0.0,0.43030354380607605,0.7077775383181097,0.9071058443043964
L22->L13,5,5,0,0.0,0.4034548819065094,0.7077775383181096,0.9071058443043964
L22->L14,5,5,0,0.0,0.4928331673145294,0.7077775383181093,0.9071058443043964
L22->L15,5,5,0,0.0,0.5292205214500427,0.7077775383181096,0.9071058443043964
L22->L16,5,5,0,0.0,0.5501219868659973,0.707777538318109,0.9071058443043964
L22->L17,5,5,0,0.0,0.576604688167572,0.7077775383181095,0.9071058443043964
L22->L18,5,5,0,0.0,0.5207208752632141,0.7077775383181103,0.9071058443043964
L22->L19,5,5,0,0.0,0.4341998517513275,0.7077775383181092,0.9071058443043964
L22->L20,5,5,0,0.0,0.48130856156349183,0.7077775383181095,0.9071058443043964
L22->L21,5,5,0,0.0,0.5728648543357849,0.7191024165673972,0.9071058443043964
L22->L23,5,5,0,0.0,0.529409396648407,0.7077775383181065,0.9071058443043964
L22->L24,5,5,0,0.0,0.35421957373619073,0.7077775383181096,0.9071058443043964
L22->L25,5,5,0,0.0,0.4029381275177002,0.7077775383181095,0.9071058443043964
L22->L26,5,5,0,0.0,0.40293813347816465,0.7077775383181095,0.9071058443043964
L22->L27,5,5,0,0.0,0.418882292509079,0.7077775383181103,0.9071058443043964
L22->L28,5,5,0,0.0,0.46489450335502625,0.7077775383181096,0.9071058443043964
L22->L29,5,5,0,0.0,0.4126599967479706,0.7077775383181104,0.9071058443043964
L22->L30,5,5,0,0.0,0.39792982339859007,0.7077775383181104,0.9071058443043964
L22->L31,5,5,0,0.0,0.3614161550998688,0.7077775383181096,0.9071058443043964
L22->L32,5,5,0,0.0,0.36527079343795776,0.7077775383181095,0.9071058443043964
L22->L33,5,5,0,0.0,0.3652707874774933,0.7077775383181095,0.9071058443043964
L22->L34,5,5,0,0.0,0.47951212525367737,0.7077775383181097,0.9071058443043964
L22->L35,5,5,0,0.0,0.47951212525367737,0.7077775383181097,0.9071058443043964
L22->L36,5,5,0,0.0,0.5508810877799988,0.7077775383181096,0.9071058443043964
L22->L37,5,5,0,0.0,0.5508810877799988,0.7077775383181096,0.9071058443043964
L22->L38,5,5,0,0.0,0.3835270881652832,0.7077775383181096,0.9071058443043964
L23->L01,5,5,0,0.0,0.47635955810546876,0.7294986610464231,0.9071058443043964
L23->L02,5,5,0,0.0,0.44980925917625425,0.7294986610464232,0.9071058443043964
L23->L03,5,5,0,0.0,0.6449530363082886,0.7294986610464222,0.9071058443043964
L23->L04,5,5,0,0.0,0.5283175706863403,0.7294986610464229,0.9071058443043964
L23->L05,5,5,0,0.0,0.5303494930267334,0.7325069080087127,0.9071058443043964
L23->L06,5,5,0,0.0,0.558686375617981,0.729498661046423,0.9071058443043964
L23->L07,5,5,0,0.0,0.6410546779632569,0.7357649235203452,0.9071058443043964
L23->L08,5,5,0,0.0,0.5867414951324463,0.7294986610464236,0.9071058443043964
L23->L09,5,5,0,0.0,0.48581597208976746,0.7294986610464231,0.9071058443043964
L23->L10,5,5,0,0.0,0.6561043620109558,0.7325069080087131,0.9071058443043964
L23->L11,5,5,0,0.0,0.6143071413040161,0.9649451191335142,0.9071058443043964
L23->L12,5,5,0,0.0,0.5508052587509156,0.7294986610464235,0.9071058443043964
L23->L13,5,5,0,0.0,0.4811692416667938,0.7294986610464231,0.9071058443043964
L23->L14,5,5,0,0.0,0.5669713735580444,0.7294986610464232,0.9071058443043964
L23->L15,5,5,0,0.0,0.6975681066513062,0.7294986610464232,0.9071058443043964
L23->L16,5,5,0,0.0,0.6425119996070862,0.7294986610464238,0.9071058443043964
L23->L17,5,5,0,0.0,0.726373016834259,0.7569917603291428,0.9071058443043964
L23->L18,5,5,0,0.0,0.7337108254432678,0.7688315338738487,0.9071058443043964
L23->L20,5,5,0,0.0,0.6609683156013488,0.7308530728552778,0.9071058443043964
L23->L21,5,5,0,0.0,0.7049936890602112,0.7294986610464221,0.9071058443043964
L23->L22,5,5,0,0.0,0.6847052216529846,0.7294986610464218,0.9071058443043964
L23->L24,5,5,0,0.0,0.457487028837204,0.729498661046423,0.9071058443043964
L23->L25,5,5,0,0.0,0.5901742815971375,0.7294986610464229,0.9071058443043964
L23->L26,5,5,0,0.0,0.5901742815971375,0.7294986610464229,0.9071058443043964
L23->L27,5,5,0,0.0,0.64069744348526,0.7357649235203491,0.9071058443043964
L23->L28,5,5,0,0.0,0.5421998620033264,0.7294986610464235,0.9071058443043964
L23->L30,5,5,0,0.0,0.41064072847366334,0.7294986610464231,0.9071058443043964
L23->L31,5,5,0,0.0,0.4978015422821045,0.7294986610464224,0.9071058443043964
L23->L32,5,5,0,0.0,0.5149651825428009,0.7294986610464228,0.9071058443043964
L23->L33,5,5,0,0.0,0.514965170621872,0.7294986610464228,0.9071058443043964
L23->L34,5,5,0,0.0,0.46161085963249204,0.7294986610464232,0.9071058443043964
L23->L35,5,5,0,0.0,0.46161085963249204,0.7294986610464232,0.9071058443043964
L23->L36,5,5,0,0.0,0.5383336663246154,0.7294986610464234,0.9071058443043964
L23->L37,5,5,0,0.0,0.5383336663246154,0.7294986610464234,0.9071058443043964
L23->L38,5,5,0,0.0,0.5896899461746216,0.7294986610464222,0.9071058443043964
L24->L01,5,5,0,0.0,0.3798353493213653,0.608832464999955,0.9071058443043964
L24->L02,5,5,0,0.0,0.34402320384979246,0.6088324649999551,0.9071058443043964
L24->L03,5,5,0,0.0,0.49656314253807066,0.6088324649999549,0.9071058443043964
L24->L04,5,5,0,0.0,0.4028823733329773,0.6088324649999551,0.9071058443043964
L24->L05,5,5,0,0.0,0.40592984557151796,0.6112667246998497,0.9071058443043964
L24->L06,5,5,0,0.0,0.3827995061874389,0.6088324649999549,0.9071058443043964
L24->L08,5,5,0,0.0,0.4297929108142853,0.6088324649999554,0.9071058443043964
L24->L09,5,5,0,0.0,0.3617040753364563,0.6088324649999552,0.9071058443043964
L24->L10,5,5,0,0.0,0.48572616577148436,0.6112667246998498,0.9071058443043964
L24->L11,5,5,0,0.0,0.4629339098930359,0.8056625485072575,0.9071058443043964
L24->L12,5,5,0,0.0,0.3956340909004211,0.6088324649999548,0.9071058443043964
L24->L13,5,5,0,0.0,0.36119669079780575,0.6088324649999551,0.9071058443043964
L24->L14,5,5,0,0.0,0.4551238834857941,0.6088324649999551,0.9071058443043964
L24->L15,5,5,0,0.0,0.45960226058959963,0.6088324649999552,0.9071058443043964
L24->L16,5,5,0,0.0,0.5052434921264648,0.6088324649999549,0.9071058443043964
L24->L17,5,5,0,0.0,0.5054670870304108,0.6088324649999551,0.9071058443043964
L24->L18,5,5,0,0.0,0.4480832040309906,0.6088324649999552,0.9071058443043964
L24->L19,5,5,0,0.0,0.4827468156814575,0.6088324649999548,0.9071058443043964
L24->L20,5,5,0,0.0,0.40477434992790223,0.6088324649999551,0.9071058443043964
L24->L21,5,5,0,0.0,0.4819463014602661,0.6088324649999548,0.9071058443043964
L24->L22,5,5,0,0.0,0.46171943545341493,0.6088324649999549,0.9071058443043964
L24->L23,5,5,0,0.0,0.595746123790741,0.6088324649999557,0.9071058443043964
L24->L25,5,5,0,0.0,0.5650944471359253,0.6088324649999552,0.9071058443043964
L24->L26,5,5,0,0.0,0.5650944471359253,0.6088324649999552,0.9071058443043964
L24->L29,5,5,0,0.0,0.47451736927032473,0.6088324649999545,0.9071058443043964
L24->L30,5,5,0,0.0,0.5756043195724487,0.608832464999957,0.9071058443043964
L24->L31,5,5,0,0.0,0.529314923286438,0.6088324649999548,0.9071058443043964
L24->L32,5,5,0,0.0,0.5051837265491486,0.6088324649999548,0.9071058443043964
L24->L33,5,5,0,0.0,0.5051837086677551,0.6088324649999548,0.9071058443043964
L24->L34,5,5,0,0.0,0.3790010213851928,0.6088324649999551,0.9071058443043964
L24->L35,5,5,0,0.0,0.3790010213851928,0.6088324649999551,0.9071058443043964
L24->L36,5,5,0,0.0,0.4178234875202179,0.6088324649999549,0.9071058443043964
L24->L37,5,5,0,0.0,0.4178234875202179,0.6088324649999549,0.9071058443043964
L24->L38,5,5,0,0.0,0.5450653553009033,0.6088324649999548,0.9071058443043964
L25->L01,5,5,0,0.0,0.46768171191215513,0.6974685205395479,0.9071058443043964
L25->L02,5,5,0,0.0,0.4478538691997528,0.6974685205395479,0.9071058443043964
L25->L03,5,5,0,0.0,0.6011120915412903,0.6974685205395472,0.9071058443043964
L25->L04,5,5,0,0.0,0.49362037181854246,0.6974685205395478,0.9071058443043964
L25->L05,5,5,0,0.0,0.49801006317138674,0.700372278876728,0.9071058443043964
L25->L06,5,5,0,0.0,0.43765689730644225,0.6974685205395479,0.9071058443043964
L25->L07,5,5,0,0.0,0.5903983235359191,0.7204024303816018,0.9071058443043964
L25->L08,5,5,0,0.0,0.5318766593933105,0.6974685205395483,0.9071058443043964
L25->L09,5,5,0,0.0,0.46057975888252256,0.6974685205395479,0.9071058443043964
L25->L10,5,5,0,0.0,0.6072661280632019,0.700372278876728,0.9071058443043964
L25->L11,5,5,0,0.0,0.5697075366973877,0.9232477665188681,0.9071058443043964
L25->L12,5,5,0,0.0,0.4848861753940582,0.6974685205395487,0.9071058443043964
L25->L13,5,5,0,0.0,0.45034792423248293,0.697468520539548,0.9071058443043964
L25->L14,5,5,0,0.0,0.5757500648498535,0.6974685205395479,0.9071058443043964
L25->L15,5,5,0,0.0,0.5734068036079407,0.6974685205395482,0.9071058443043964
L25->L16,5,5,0,0.0,0.636273193359375,0.6974685205395488,0.9071058443043964
L25->L17,5,5,0,0.0,0.6321498036384583,0.6974685205395492,0.9071058443043964
L25->L18,5,5,0,0.0,0.5652995467185974,0.6974685205395488,0.9071058443043964
L25->L19,5,5,0,0.0,0.6191758513450623,0.6974685205395482,0.9071058443043964
L25->L20,5,5,0,0.0,0.51124227643013,0.6974685205395483,0.9071058443043964
L25->L21,5,5,0,0.0,0.6005623459815979,0.6974685205395487,0.9071058443043964
L25->L22,5,5,0,0.0,0.5779237866401672,0.697468520539548,0.9071058443043964
L25->L23,5,5,0,0.0,0.7448574542999268,0.6974685205395527,0.9071058443043964
L25->L24,5,5,0,0.0,0.5595259189605712,0.6974685205395479,0.9071058443043964
L25->L27,5,5,0,0.0,0.6804140090942383,0.7204024303816021,0.9071058443043964
L25->L29,5,5,0,0.0,0.6121234893798828,0.6974685205395479,0.9071058443043964
L25->L30,5,5,0,0.0,0.721755576133728,0.7555666051057447,0.9071058443043964
L25->L31,5,5,0,0.0,0.6603662252426148,0.6974685205395479,0.9071058443043964
L25->L32,5,5,0,0.0,0.6347270846366883,0.6974685205395477,0.9071058443043964
L25->L33,5,5,0,0.0,0.6347270846366883,0.6974685205395477,0.9071058443043964
L25->L34,5,5,0,0.0,0.47279858589172363,0.6974685205395479,0.9071058443043964
L25->L35,5,5,0,0.0,0.47279858589172363,0.6974685205395479,0.9071058443043964
L25->L36,5,5,0,0.0,0.5166399955749512,0.6974685205395479,0.9071058443043964
L25->L37,5,5,0,0.0,0.5166399955749512,0.6974685205395479,0.9071058443043964
L25->L38,5,5,0,0.0,0.6692195892333984,0.6974685205395483,0.9071058443043964
L26->L01,5,5,0,0.0,0.46768171191215513,0.6974685205395479,0.9071058443043964
L26->L02,5,5,0,0.0,0.4478538691997528,0.6974685205395479,0.9071058443043964
L26->L03,5,5,0,0.0,0.6011120915412903,0.6974685205395472,0.9071058443043964
L26->L04,5,5,0,0.0,0.49362037181854246,0.6974685205395478,0.9071058443043964
L26->L05,5,5,0,0.0,0.49801006317138674,0.700372278876728,0.9071058443043964
L26->L06,5,5,0,0.0,0.43765689730644225,0.6974685205395479,0.9071058443043964
L26->L07,5,5,0,0.0,0.5903983235359191,0.7204024303816018,0.9071058443043964
L26->L08,5,5,0,0.0,0.5318766593933105,0.6974685205395483,0.9071058443043964
L26->L09,5,5,0,0.0,0.46057975888252256,0.6974685205395479,0.9071058443043964
L26->L10,5,5,0,0.0,0.6072661280632019,0.700372278876728,0.9071058443043964
L26->L11,5,5,0,0.0,0.5697075366973877,0.9232477665188681,0.9071058443043964
L26->L12,5,5,0,0.0,0.4848861753940582,0.6974685205395487,0.9071058443043964
L26->L13,5,5,0,0.0,0.45034792423248293,0.697468520539548,0.9071058443043964
L26->L14,5,5,0,0.0,0.5757500648498535,0.6974685205395479,0.9071058443043964
L26->L15,5,5,0,0.0,0.5734068036079407,0.6974685205395482,0.9071058443043964
L26->L16,5,5,0,0.0,0.636273193359375,0.6974685205395488,0.9071058443043964
L26->L17,5,5,0,0.0,0.6321498036384583,0.6974685205395492,0.9071058443043964
L26->L18,5,5,0,0.0,0.5652995467185974,0.6974685205395488,0.9071058443043964
L26->L19,5,5,0,0.0,0.6191758513450623,0.6974685205395482,0.9071058443043964
L26->L20,5,5,0,0.0,0.51124227643013,0.6974685205395483,0.9071058443043964
L26->L21,5,5,0,0.0,0.6005623459815979,0.6974685205395487,0.9071058443043964
L26->L22,5,5,0,0.0,0.5779237866401672,0.697468520539548,0.9071058443043964
L26->L23,5,5,0,0.0,0.7448574542999268,0.6974685205395527,0.9071058443043964
L26->L24,5,5,0,0.0,0.5595259189605712,0.6974685205395479,0.9071058443043964
L26->L27,5,5,0,0.0,0.6804140090942383,0.7204024303816021,0.9071058443043964
L26->L29,5,5,0,0.0,0.6121234893798828,0.6974685205395479,0.9071058443043964
L26->L30,5,5,0,0.0,0.721755576133728,0.7555666051057447,0.9071058443043964
L26->L31,5,5,0,0.0,0.6603662252426148,0.6974685205395479,0.9071058443043964
L26->L32,5,5,0,0.0,0.6347271084785462,0.6974685205395477,0.9071058443043964
L26->L33,5,5,0,0.0,0.6347270965576172,0.6974685205395477,0.9071058443043964
L26->L34,5,5,0,0.0,0.4727985918521881,0.6974685205395479,0.9071058443043964
L26->L35,5,5,0,0.0,0.47279858589172363,0.6974685205395479,0.9071058443043964
L26->L36,5,5,0,0.0,0.5166399955749512,0.6974685205395479,0.9071058443043964
L26->L37,5,5,0,0.0,0.5166399955749512,0.6974685205395479,0.9071058443043964
L26->L38,5,5,0,0.0,0.6692195892333984,0.6974685205395483,0.9071058443043964
L27->L01,5,5,0,0.0,0.547062337398529,0.8446460185397463,0.9362612621225059
L27->L03,5,5,0,0.0,0.5141798257827759,0.8446460185397461,0.9362612621225059
L27->L04,5,5,0,0.0,0.5582937479019165,0.8446460185397463,0.9362612621225059
L27->L05,5,5,0,0.0,0.5131564259529113,0.8446460185397461,0.9362612621225059
L27->L07,5,5,0,0.0,0.42140190601348876,1.0824124312105603,0.9362612621225059
L27->L08,5,5,0,0.0,0.6297276854515076,0.8446460185397463,0.9362612621225059
L27->L09,5,5,0,0.0,0.631397831439972,0.8446460185397463,0.9362612621225059
L27->L10,5,5,0,0.0,0.6964329838752746,0.8475974224154879,0.9362612621225059
L27->L11,5,5,0,0.0,0.6421797513961792,1.0824124312105603,0.9362612621225059
L27->L12,5,5,0,0.0,0.5804396271705627,0.8446460185397463,0.9362612621225059
L27->L13,5,5,0,0.0,0.5810212135314942,0.8446460185397461,0.9362612621225059
L27->L14,5,5,0,0.0,0.724314284324646,0.8182935152163093,0.9362612621225059
L27->L15,5,5,0,0.0,0.7166007995605469,0.9008964211208095,0.9362612621225059
L27->L16,5,5,0,0.0,0.7266087770462036,0.8231704003328867,0.9362612621225059
L27->L17,5,5,0,0.0,0.7191047549247742,0.9018558126041706,0.9362612621225059
L27->L18,5,5,0,0.0,0.6647249221801758,0.9385225431892641,0.9362612621225059
L27->L19,5,5,0,0.0,0.7258223056793213,0.832062503683909,0.9362612621225059
L27->L20,5,5,0,0.0,0.6429463028907776,0.8371737990743607,0.9362612621225059
L27->L21,5,5,0,0.0,0.7137505054473877,1.0343251491038372,0.9362612621225059
L27->L22,5,5,0,0.0,0.6850102066993713,1.0238400502781615,0.9362612621225059
L27->L25,5,5,0,0.0,0.6866035461425781,0.844646018539746,0.9362612621225059
L27->L26,5,5,0,0.0,0.6866035699844361,0.844646018539746,0.9362612621225059
L27->L30,5,5,0,0.0,0.6812022566795349,0.8446460185397452,0.9362612621225059
L27->L31,5,5,0,0.0,0.6396540999412537,0.844646018539746,0.9362612621225059
L27->L32,5,5,0,0.0,0.5956933856010437,0.844646018539746,0.9362612621225059
L27->L33,5,5,0,0.0,0.5956934094429016,0.844646018539746,0.9362612621225059
L27->L34,5,5,0,0.0,0.5063253402709961,0.843121639185356,0.9362612621225059
L27->L35,5,5,0,0.0,0.5063253402709961,0.843121639185356,0.9362612621225059
L27->L36,5,5,0,0.0,0.5643702626228333,0.8340723960575371,0.9362612621225059
L27->L37,5,5,0,0.0,0.5643702864646911,0.8340723960575371,0.9362612621225059
L27->L38,5,5,0,0.0,0.6572050213813782,0.8446460185397466,0.9362612621225059
L28->L01,5,5,0,0.0,0.48499545454978943,0.6585464193461367,0.9071058443043964
L28->L02,5,5,0,0.0,0.46976675391197203,0.6585464193461367,0.9071058443043964
L28->L03,5,5,0,0.0,0.6338155627250671,0.658546419346137,0.9071058443043964
L28->L04,5,5,0,0.0,0.5122550368309021,0.658546419346137,0.9071058443043964
L28->L05,5,5,0,0.0,0.5158169507980347,0.6612994647515755,0.9071058443043964
L28->L06,5,5,0,0.0,0.49249762296676636,0.6585464193461367,0.9071058443043964
L28->L08,5,5,0,0.0,0.5529633641242981,0.6585464193461366,0.9071058443043964
L28->L09,5,5,0,0.0,0.4689957141876221,0.6585464193461367,0.9071058443043964
L28->L10,5,5,0,0.0,0.6222427248954773,0.6612994647515748,0.9071058443043964
L28->L11,5,5,0,0.0,0.5888559818267822,0.8716216718441763,0.9071058443043964
L28->L12,5,5,0,0.0,0.5051411271095276,0.6585464193461366,0.9071058443043964
L28->L13,5,5,0,0.0,0.4616710066795349,0.6585464193461367,0.9071058443043964
L28->L14,5,5,0,0.0,0.5820826292037964,0.658546419346137,0.9071058443043964
L28->L15,5,5,0,0.0,0.6013463735580444,0.658546419346137,0.9071058443043964
L28->L16,5,5,0,0.0,0.6423435688018799,0.6585464193461367,0.9071058443043964
L28->L17,5,5,0,0.0,0.6546745538711548,0.6585464193461366,0.9071058443043964
L28->L18,5,5,0,0.0,0.6082657217979431,0.6585464193461367,0.9071058443043964
L28->L19,5,5,0,0.0,0.5602029681205749,0.6585464193461366,0.9071058443043964
L28->L20,5,5,0,0.0,0.5586477160453797,0.6585464193461368,0.9071058443043964
L28->L21,5,5,0,0.0,0.626535975933075,0.6585464193461362,0.9071058443043964
L28->L22,5,5,0,0.0,0.5825727820396424,0.6585464193461361,0.9071058443043964
L28->L23,5,5,0,0.0,0.7510179996490478,0.6585464193461342,0.9071058443043964
L28->L29,5,5,0,0.0,0.550621509552002,0.6585464193461368,0.9071058443043964
L28->L30,5,5,0,0.0,0.6703412413597107,0.6585464193461361,0.9071058443043964
L28->L31,5,5,0,0.0,0.6335021495819092,0.658546419346137,0.9071058443043964
L28->L32,5,5,0,0.0,0.6862756490707398,0.6585464193461366,0.9071058443043964
L28->L33,5,5,0,0.0,0.6862756252288819,0.6585464193461366,0.9071058443043964
L28->L34,5,5,0,0.0,0.5025478422641754,0.6585464193461368,0.9071058443043964
L28->L35,5,5,0,0.0,0.5025478422641754,0.6585464193461368,0.9071058443043964
L28->L36,5,5,0,0.0,0.5717343091964722,0.6585464193461367,0.9071058443043964
L28->L37,5,5,0,0.0,0.5717343091964722,0.6585464193461367,0.9071058443043964
L28->L38,5,5,0,0.0,0.7749288558959961,0.6585464193461361,0.9071058443043964
L29->L01,5,5,0,0.0,0.3579469203948974,0.6670681223978453,0.9071058443043964
L29->L02,5,5,0,0.0,0.3281331598758697,0.6670681223978452,0.9071058443043964
L29->L03,5,5,0,0.0,0.4715675592422485,0.6670681223978465,0.9071058443043964
L29->L04,5,5,0,0.0,0.3810637712478638,0.6670681223978453,0.9071058443043964
L29->L05,5,5,0,0.0,0.38334007263183595,0.6697663914927888,0.9071058443043964
L29->L06,5,5,0,0.0,0.3736028730869293,0.6670681223978452,0.9071058443043964
L29->L08,5,5,0,0.0,0.4043571650981903,0.6670681223978445,0.9071058443043964
L29->L09,5,5,0,0.0,0.3344589114189148,0.6670681223978453,0.9071058443043964
L29->L10,5,5,0,0.0,0.45253207087516784,0.6697663914927882,0.9071058443043964
L29->L11,5,5,0,0.0,0.43612454533576966,0.8828443176426086,0.9071058443043964
L29->L12,5,5,0,0.0,0.3726096749305725,0.6670681223978454,0.9071058443043964
L29->L13,5,5,0,0.0,0.3371200144290924,0.6670681223978453,0.9071058443043964
L29->L14,5,5,0,0.0,0.4532528221607208,0.6670681223978455,0.9071058443043964
L29->L15,5,5,0,0.0,0.39426248669624325,0.6670681223978455,0.9071058443043964
L29->L16,5,5,0,0.0,0.48926315307617185,0.6670681223978456,0.9071058443043964
L29->L17,5,5,0,0.0,0.441845691204071,0.6670681223978457,0.9071058443043964
L29->L18,5,5,0,0.0,0.4052716553211212,0.6670681223978457,0.9071058443043964
L29->L19,5,5,0,0.0,0.49619874358177185,0.8097814072929698,0.9071058443043964
L29->L20,5,5,0,0.0,0.4072127044200897,0.6670681223978455,0.9071058443043964
L29->L21,5,5,0,0.0,0.33972735404968263,0.6670681223978455,0.9071058443043964
L29->L22,5,5,0,0.0,0.3125396192073822,0.6670681223978452,0.9071058443043964
L29->L24,5,5,0,0.0,0.4740016758441925,0.6670681223978453,0.9071058443043964
L29->L25,5,5,0,0.0,0.5519237279891968,0.6670681223978454,0.9071058443043964
L29->L26,5,5,0,0.0,0.5519237279891968,0.6670681223978454,0.9071058443043964
L29->L28,5,5,0,0.0,0.5728513240814209,0.6670681223978453,0.9071058443043964
L29->L30,5,5,0,0.0,0.5003754377365113,0.6670681223978456,0.9071058443043964
L29->L31,5,5,0,0.0,0.48502521514892577,0.667068122397845,0.9071058443043964
L29->L32,5,5,0,0.0,0.4470842957496643,0.6670681223978453,0.9071058443043964
L29->L33,5,5,0,0.0,0.44708428382873533,0.6670681223978453,0.9071058443043964
L29->L34,5,5,0,0.0,0.36608450412750243,0.6670681223978453,0.9071058443043964
L29->L35,5,5,0,0.0,0.36608450412750243,0.6670681223978453,0.9071058443043964
L29->L36,5,5,0,0.0,0.3851182579994201,0.6670681223978456,0.9071058443043964
L29->L37,5,5,0,0.0,0.3851182639598846,0.6670681223978456,0.9071058443043964
L29->L38,5,5,0,0.0,0.5196699678897858,0.6670681223978446,0.9071058443043964
L30->L01,5,5,0,0.0,0.4208705544471741,0.5981024893561883,0.9071058443043964
L30->L02,5,5,0,0.0,0.40237786769866946,0.5981024893561881,0.9071058443043964
L30->L03,5,5,0,0.0,0.5416750550270081,0.5981024893561895,0.9071058443043964
L30->L04,5,5,0,0.0,0.4436140596866608,0.5981024893561889,0.9071058443043964
L30->L05,5,5,0,0.0,0.4472450137138367,0.600535203359138,0.9071058443043964
L30->L06,5,5,0,0.0,0.39584530591964723,0.5981024893561881,0.9071058443043964
L30->L07,5,5,0,0.0,0.5443415880203247,0.5981024893561888,0.9071058443043964
L30->L08,5,5,0,0.0,0.4788180708885193,0.5981024893561876,0.9071058443043964
L30->L09,5,5,0,0.0,0.41373202204704285,0.5981024893561879,0.9071058443043964
L30->L10,5,5,0,0.0,0.5446367025375366,0.6005352033591366,0.9071058443043964
L30->L11,5,5,0,0.0,0.5117671012878418,0.791145958340925,0.9071058443043964
L30->L12,5,5,0,0.0,0.43581793904304506,0.5981024893561884,0.9071058443043964
L30->L13,5,5,0,0.0,0.4036146104335785,0.5981024893561883,0.9071058443043964
L30->L14,5,5,0,0.0,0.5081096112728118,0.5981024893561885,0.9071058443043964
L30->L15,5,5,0,0.0,0.5235645353794098,0.598102489356188,0.9071058443043964
L30->L16,5,5,0,0.0,0.5626972556114197,0.5981024893561877,0.9071058443043964
L30->L17,5,5,0,0.0,0.5728722214698792,0.598102489356187,0.9071058443043964
L30->L18,5,5,0,0.0,0.5313735365867615,0.5981024893561877,0.9071058443043964
L30->L19,5,5,0,0.0,0.48952582478523254,0.5981024893561877,0.9071058443043964
L30->L20,5,5,0,0.0,0.49031609296798706,0.5981024893561885,0.9071058443043964
L30->L21,5,5,0,0.0,0.5467596769332885,0.5981024893561888,0.9071058443043964
L30->L22,5,5,0,0.0,0.5102775931358338,0.5981024893561884,0.9071058443043964
L30->L23,5,5,0,0.0,0.6194907784461975,0.5981024893561887,0.9071058443043964
L30->L24,5,5,0,0.0,0.6329773306846619,0.5981024893561881,0.9071058443043964
L30->L25,5,5,0,0.0,0.636653196811676,0.6458141437664388,0.9071058443043964
L30->L26,5,5,0,0.0,0.636653196811676,0.6458141437664388,0.9071058443043964
L30->L27,5,5,0,0.0,0.6038832902908325,0.5981024893561872,0.9071058443043964
L30->L28,5,5,0,0.0,0.5915741682052612,0.5981024893561881,0.9071058443043964
L30->L29,5,5,0,0.0,0.44648298621177673,0.5981024893561879,0.9071058443043964
L30->L31,5,5,0,0.0,0.5210393130779266,0.5981024893561874,0.9071058443043964
L30->L32,5,5,0,0.0,0.42970348000526426,0.5981024893561881,0.9071058443043964
L30->L33,5,5,0,0.0,0.42970348000526426,0.5981024893561881,0.9071058443043964
L30->L34,5,5,0,0.0,0.42431229948997495,0.598102489356188,0.9071058443043964
L30->L35,5,5,0,0.0,0.42431230545043946,0.598102489356188,0.9071058443043964
L30->L36,5,5,0,0.0,0.4925126016139984,0.5981024893561881,0.9071058443043964
L30->L37,5,5,0,0.0,0.4925126016139984,0.5981024893561881,0.9071058443043964
L30->L38,5,5,0,0.0,0.5423622727394104,0.5981024893561881,0.9071058443043964
L31->L01,5,5,0,0.0,0.4119791448116302,0.6018989834201663,0.9071058443043964
L31->L02,5,5,0,0.0,0.3969779372215271,0.6018989834201666,0.9071058443043964
L31->L03,5,5,0,0.0,0.5286733150482178,0.6018989834201646,0.9071058443043964
L31->L04,5,5,0,0.0,0.43427719473838805,0.6018989834201658,0.9071058443043964
L31->L05,5,5,0,0.0,0.4378323793411255,0.6043479865430894,0.9071058443043964
L31->L06,5,5,0,0.0,0.3902385592460632,0.6018989834201666,0.9071058443043964
L31->L07,5,5,0,0.0,0.5520832419395447,0.6018989834201682,0.9071058443043964
L31->L08,5,5,0,0.0,0.4694953203201294,0.6018989834201673,0.9071058443043964
L31->L09,5,5,0,0.0,0.4082771062850952,0.601898983420167,0.9071058443043964
L31->L10,5,5,0,0.0,0.5352126955986023,0.6043479865430913,0.9071058443043964
L31->L11,5,5,0,0.0,0.5017143905162811,0.7961787154482236,0.9071058443043964
L31->L12,5,5,0,0.0,0.42748398184776304,0.6018989834201662,0.9071058443043964
L31->L13,5,5,0,0.0,0.39644193649291987,0.6018989834201665,0.9071058443043964
L31->L14,5,5,0,0.0,0.5022430062294007,0.6018989834201671,0.9071058443043964
L31->L15,5,5,0,0.0,0.5148877382278443,0.6018989834201669,0.9071058443043964
L31->L16,5,5,0,0.0,0.5550297498703003,0.601898983420167,0.9071058443043964
L31->L17,5,5,0,0.0,0.5631557822227478,0.6018989834201667,0.9071058443043964
L31->L18,5,5,0,0.0,0.5243254542350769,0.6018989834201666,0.9071058443043964
L31->L19,5,5,0,0.0,0.49185395836830137,0.601898983420166,0.9071058443043964
L31->L20,5,5,0,0.0,0.48297242522239686,0.6018989834201669,0.9071058443043964
L31->L21,5,5,0,0.0,0.5371161580085755,0.6018989834201665,0.9071058443043964
L31->L22,5,5,0,0.0,0.5021091103553772,0.6018989834201662,0.9071058443043964
L31->L23,5,5,0,0.0,0.6374704122543335,0.6018989834201666,0.9071058443043964
L31->L24,5,5,0,0.0,0.618110191822052,0.6018989834201662,0.9071058443043964
L31->L25,5,5,0,0.0,0.6645026326179504,0.6018989834201667,0.9071058443043964
L31->L26,5,5,0,0.0,0.6645026326179504,0.6018989834201667,0.9071058443043964
L31->L27,5,5,0,0.0,0.6314662098884583,0.6018989834201676,0.9071058443043964
L31->L28,5,5,0,0.0,0.6503019094467163,0.601898983420167,0.9071058443043964
L31->L29,5,5,0,0.0,0.4709804117679596,0.6018989834201667,0.9071058443043964
L31->L30,5,5,0,0.0,0.6375803112983703,0.6018989834201658,0.9071058443043964
L31->L32,5,5,0,0.0,0.6160479784011841,0.6018989834201666,0.9071058443043964
L31->L33,5,5,0,0.0,0.6160479784011841,0.6018989834201666,0.9071058443043964
L31->L34,5,5,0,0.0,0.4268800258636475,0.6018989834201665,0.9071058443043964
L31->L35,5,5,0,0.0,0.4268800258636475,0.6018989834201665,0.9071058443043964
L31->L36,5,5,0,0.0,0.4853398084640503,0.6018989834201668,0.9071058443043964
L31->L37,5,5,0,0.0,0.4853398084640503,0.6018989834201668,0.9071058443043964
L32->L01,5,5,0,0.0,0.37173635363578794,0.603392116434552,0.9071058443043964
L32->L02,5,5,0,0.0,0.34887051582336426,0.6033921164345522,0.9071058443043964
L32->L03,5,5,0,0.0,0.4807052195072174,0.6033921164345517,0.9071058443043964
L32->L04,5,5,0,0.0,0.39248373508453366,0.6033921164345519,0.9071058443043964
L32->L05,5,5,0,0.0,0.39572537541389463,0.6058474584804284,0.9071058443043964
L32->L06,5,5,0,0.0,0.3563289761543274,0.6033921164345522,0.9071058443043964
L32->L07,5,5,0,0.0,0.48661995530128477,0.6228805536800525,0.9071058443043964
L32->L08,5,5,0,0.0,0.4222573757171631,0.6033921164345527,0.9071058443043964
L32->L09,5,5,0,0.0,0.3622601866722107,0.6033921164345522,0.9071058443043964
L32->L10,5,5,0,0.0,0.4800633430480957,0.6058474584804282,0.9071058443043964
L32->L11,5,5,0,0.0,0.45233572125434873,0.7981553149776672,0.9071058443043964
L32->L12,5,5,0,0.0,0.38577219247817995,0.6033921164345526,0.9071058443043964
L32->L13,5,5,0,0.0,0.3562383711338043,0.6033921164345522,0.9071058443043964
L32->L14,5,5,0,0.0,0.45315784215927124,0.6033921164345518,0.9071058443043964
L32->L15,5,5,0,0.0,0.4539949297904968,0.6033921164345522,0.9071058443043964
L32->L16,5,5,0,0.0,0.5011767327785492,0.6033921164345527,0.9071058443043964
L32->L17,5,5,0,0.0,0.49968281388282776,0.6033921164345533,0.9071058443043964
L32->L18,5,5,0,0.0,0.4446312189102173,0.6033921164345524,0.9071058443043964
L32->L19,5,5,0,0.0,0.4837609827518463,0.6033921164345531,0.9071058443043964
L32->L20,5,5,0,0.0,0.4029602468013763,0.6033921164345519,0.9071058443043964
L32->L21,5,5,0,0.0,0.4748741686344147,0.6033921164345519,0.9071058443043964
L32->L22,5,5,0,0.0,0.45617098212242124,0.6033921164345523,0.9071058443043964
L32->L23,5,5,0,0.0,0.5806413769721985,0.6033921164345528,0.9071058443043964
L32->L24,5,5,0,0.0,0.5128711938858033,0.6033921164345524,0.9071058443043964
L32->L25,5,5,0,0.0,0.5630988955497742,0.6033921164345519,0.9071058443043964
L32->L26,5,5,0,0.0,0.5630988955497742,0.6033921164345519,0.9071058443043964
L32->L27,5,5,0,0.0,0.5480618596076965,0.6228805536800519,0.9071058443043964
L32->L28,5,5,0,0.0,0.5859681367874146,0.6033921164345512,0.9071058443043964
L32->L29,5,5,0,0.0,0.4695433735847473,0.6033921164345529,0.9071058443043964
L32->L30,5,5,0,0.0,0.4951466739177704,0.6033921164345528,0.9071058443043964
L32->L31,5,5,0,0.0,0.49672306776046754,0.6033921164345524,0.9071058443043964
L32->L33,5,5,0,0.0,0.4908516764640808,0.6033921164345522,0.9071058443043964
L32->L34,5,5,0,0.0,0.3688752293586731,0.6033921164345522,0.9071058443043964
L32->L35,5,5,0,0.0,0.3688752293586731,0.6033921164345522,0.9071058443043964
L32->L36,5,5,0,0.0,0.40700051188468933,0.6033921164345522,0.9071058443043964
L32->L37,5,5,0,0.0,0.40700051188468933,0.6033921164345522,0.9071058443043964
L32->L38,5,5,0,0.0,0.5235280513763427,0.6033921164345522,0.9071058443043964
L33->L01,5,5,0,0.0,0.37173635959625245,0.603392116434552,0.9071058443043964
L33->L02,5,5,0,0.0,0.3488705217838287,0.6033921164345522,0.9071058443043964
L33->L03,5,5,0,0.0,0.48070523142814636,0.6033921164345517,0.9071058443043964
L33->L04,5,5,0,0.0,0.3924837410449981,0.6033921164345519,0.9071058443043964
L33->L05,5,5,0,0.0,0.39572538137435914,0.6058474584804284,0.9071058443043964
L33->L06,5,5,0,0.0,0.35632898211479186,0.6033921164345522,0.9071058443043964
L33->L07,5,5,0,0.0,0.4866199612617493,0.6228805536800525,0.9071058443043964
L33->L08,5,5,0,0.0,0.42225738167762755,0.6033921164345527,0.9071058443043964
L33->L09,5,5,0,0.0,0.36226019263267517,0.6033921164345522,0.9071058443043964
L33->L10,5,5,0,0.0,0.4800633490085602,0.6058474584804282,0.9071058443043964
L33->L11,5,5,0,0.0,0.4523357331752777,0.7981553149776672,0.9071058443043964
L33->L12,5,5,0,0.0,0.3857721984386444,0.6033921164345526,0.9071058443043964
L33->L13,5,5,0,0.0,0.35623837709426875,0.6033921164345522,0.9071058443043964
L33->L14,5,5,0,0.0,0.4531578481197357,0.6033921164345518,0.9071058443043964
L33->L15,5,5,0,0.0,0.4539949357509613,0.6033921164345522,0.9071058443043964
L33->L16,5,5,0,0.0,0.5011767387390137,0.6033921164345527,0.9071058443043964
L33->L17,5,5,0,0.0,0.4996828198432922,0.6033921164345533,0.9071058443043964
L33->L18,5,5,0,0.0,0.44463123083114625,0.6033921164345524,0.9071058443043964
L33->L19,5,5,0,0.0,0.48376098871231077,0.6033921164345531,0.9071058443043964
L33->L20,5,5,0,0.0,0.4029602587223053,0.6033921164345519,0.9071058443043964
L33->L21,5,5,0,0.0,0.47487418055534364,0.6033921164345519,0.9071058443043964
L33->L22,5,5,0,0.0,0.45617098808288575,0.6033921164345523,0.9071058443043964
L33->L23,5,5,0,0.0,0.5806413888931274,0.6033921164345528,0.9071058443043964
L33->L24,5,5,0,0.0,0.5128711998462677,0.6033921164345524,0.9071058443043964
L33->L25,5,5,0,0.0,0.5630989074707031,0.6033921164345519,0.9071058443043964
L33->L26,5,5,0,0.0,0.5630989074707031,0.6033921164345519,0.9071058443043964
L33->L27,5,5,0,0.0,0.5480618715286255,0.6228805536800519,0.9071058443043964
L33->L28,5,5,0,0.0,0.5859681487083435,0.6033921164345512,0.9071058443043964
L33->L29,5,5,0,0.0,0.4695433795452118,0.6033921164345529,0.9071058443043964
L33->L30,5,5,0,0.0,0.4951466917991638,0.6033921164345528,0.9071058443043964
L33->L31,5,5,0,0.0,0.49672306776046754,0.6033921164345524,0.9071058443043964
L33->L32,5,5,0,0.0,0.49085168838500975,0.6033921164345522,0.9071058443043964
L33->L34,5,5,0,0.0,0.3688752353191376,0.6033921164345522,0.9071058443043964
L33->L35,5,5,0,0.0,0.3688752353191376,0.6033921164345522,0.9071058443043964
L33->L36,5,5,0,0.0,0.4070005178451538,0.6033921164345522,0.9071058443043964
L33->L37,5,5,0,0.0,0.4070005178451538,0.6033921164345522,0.9071058443043964
L33->L38,5,5,0,0.0,0.5235280632972718,0.6033921164345522,0.9071058443043964
L34->L01,5,5,0,0.0,0.3224968731403351,0.5854245005129247,0.9071058443043964
L34->L02,5,5,0,0.0,0.3061662971973419,0.5854245005129247,0.9071058443043964
L34->L03,5,5,0,0.0,0.41568203568458556,0.5854245005129247,0.9071058443043964
L34->L04,5,5,0,0.0,0.34032958149909975,0.5854245005129245,0.9071058443043964
L34->L05,5,5,0,0.0,0.3432977318763733,0.5878057526615301,0.9071058443043964
L34->L06,5,5,0,0.0,0.30442687273025515,0.5854245005129247,0.9071058443043964
L34->L07,5,5,0,0.0,0.41807096600532534,0.6032573602923815,0.9071058443043964
L34->L08,5,5,0,0.0,0.3668707430362701,0.5854245005129247,0.9071058443043964
L34->L09,5,5,0,0.0,0.3162009656429291,0.5854245005129248,0.9071058443043964
L34->L10,5,5,0,0.0,0.4175653994083405,0.587805752661531,0.9071058443043964
L34->L11,5,5,0,0.0,0.3925067067146301,0.7743978708468887,0.9071058443043964
L34->L12,5,5,0,0.0,0.3344038188457489,0.5854245005129247,0.9071058443043964
L34->L13,5,5,0,0.0,0.3098084211349487,0.5854245005129247,0.9071058443043964
L34->L14,5,5,0,0.0,0.3928730309009552,0.5854245005129253,0.9071058443043964
L34->L15,5,5,0,0.0,0.39638155102729794,0.5854245005129256,0.9071058443043964
L34->L16,5,5,0,0.0,0.43510436415672304,0.585424500512925,0.9071058443043964
L34->L17,5,5,0,0.0,0.43582391142845156,0.5854245005129253,0.9071058443043964
L34->L18,5,5,0,0.0,0.3902488946914673,0.585424500512925,0.9071058443043964
L34->L19,5,5,0,0.0,0.4149321436882019,0.5854245005129258,0.9071058443043964
L34->L20,5,5,0,0.0,0.3512989044189453,0.5854245005129248,0.9071058443043964
L34->L21,5,5,0,0.0,0.4144852697849274,0.5854245005129265,0.9071058443043964
L34->L22,5,5,0,0.0,0.39932626485824585,0.585424500512926,0.9071058443043964
L34->L23,5,5,0,0.0,0.5037783026695252,0.5854245005129307,0.9071058443043964
L34->L24,5,5,0,0.0,0.4393430709838867,0.5854245005129248,0.9071058443043964
L34->L25,5,5,0,0.0,0.49058361649513244,0.5854245005129244,0.9071058443043964
L34->L26,5,5,0,0.0,0.49058361649513244,0.5854245005129244,0.9071058443043964
L34->L27,5,5,0,0.0,0.47448051571846006,0.6032573602923804,0.9071058443043964
L34->L28,5,5,0,0.0,0.5132449507713318,0.585424500512925,0.9071058443043964
L34->L29,5,5,0,0.0,0.4149475872516632,0.5854245005129243,0.9071058443043964
L34->L30,5,5,0,0.0,0.4507725596427917,0.5854245005129239,0.9071058443043964
L34->L31,5,5,0,0.0,0.4350030720233917,0.5854245005129244,0.9071058443043964
L34->L32,5,5,0,0.0,0.39964004755020144,0.5854245005129247,0.9071058443043964
L34->L33,5,5,0,0.0,0.39964004755020144,0.5854245005129247,0.9071058443043964
L34->L35,5,5,0,0.0,0.36877760887145994,0.5854245005129242,0.9071058443043964
L34->L36,5,5,0,0.0,0.3493530750274658,0.5854245005129245,0.9071058443043964
L34->L37,5,5,0,0.0,0.3493530750274658,0.5854245005129245,0.9071058443043964
L34->L38,5,5,0,0.0,0.462745201587677,0.5854245005129244,0.9071058443043964
L35->L01,5,5,0,0.0,0.3224968731403351,0.5854245005129247,0.9071058443043964
L35->L02,5,5,0,0.0,0.3061662971973419,0.5854245005129247,0.9071058443043964
L35->L03,5,5,0,0.0,0.41568203568458556,0.5854245005129247,0.9071058443043964
L35->L04,5,5,0,0.0,0.34032958149909975,0.5854245005129245,0.9071058443043964
L35->L05,5,5,0,0.0,0.3432977318763733,0.5878057526615301,0.9071058443043964
L35->L06,5,5,0,0.0,0.30442687273025515,0.5854245005129247,0.9071058443043964
L35->L07,5,5,0,0.0,0.41807096600532534,0.6032573602923815,0.9071058443043964
L35->L08,5,5,0,0.0,0.3668707430362701,0.5854245005129247,0.9071058443043964
L35->L09,5,5,0,0.0,0.3162009656429291,0.5854245005129248,0.9071058443043964
L35->L10,5,5,0,0.0,0.4175653994083405,0.587805752661531,0.9071058443043964
L35->L11,5,5,0,0.0,0.3925067067146301,0.7743978708468887,0.9071058443043964
L35->L12,5,5,0,0.0,0.3344038188457489,0.5854245005129247,0.9071058443043964
L35->L13,5,5,0,0.0,0.3098084211349487,0.5854245005129247,0.9071058443043964
L35->L14,5,5,0,0.0,0.3928730249404907,0.5854245005129253,0.9071058443043964
L35->L15,5,5,0,0.0,0.39638155698776245,0.5854245005129256,0.9071058443043964
L35->L16,5,5,0,0.0,0.43510436415672304,0.585424500512925,0.9071058443043964
L35->L17,5,5,0,0.0,0.43582391142845156,0.5854245005129253,0.9071058443043964
L35->L18,5,5,0,0.0,0.3902488946914673,0.585424500512925,0.9071058443043964
L35->L19,5,5,0,0.0,0.4149321436882019,0.5854245005129258,0.9071058443043964
L35->L20,5,5,0,0.0,0.3512989044189453,0.5854245005129248,0.9071058443043964
L35->L21,5,5,0,0.0,0.4144852697849274,0.5854245005129265,0.9071058443043964
L35->L22,5,5,0,0.0,0.39932626485824585,0.585424500512926,0.9071058443043964
L35->L23,5,5,0,0.0,0.5037783026695252,0.5854245005129307,0.9071058443043964
L35->L24,5,5,0,0.0,0.4393430709838867,0.5854245005129248,0.9071058443043964
L35->L25,5,5,0,0.0,0.49058361649513244,0.5854245005129244,0.9071058443043964
L35->L26,5,5,0,0.0,0.49058361649513244,0.5854245005129244,0.9071058443043964
L35->L27,5,5,0,0.0,0.47448051571846006,0.6032573602923804,0.9071058443043964
L35->L28,5,5,0,0.0,0.5132449388504028,0.585424500512925,0.9071058443043964
L35->L29,5,5,0,0.0,0.4149475932121277,0.5854245005129243,0.9071058443043964
L35->L30,5,5,0,0.0,0.45077256560325624,0.5854245005129239,0.9071058443043964
L35->L31,5,5,0,0.0,0.4350030720233917,0.5854245005129244,0.9071058443043964
L35->L32,5,5,0,0.0,0.39964004755020144,0.5854245005129247,0.9071058443043964
L35->L33,5,5,0,0.0,0.39964004755020144,0.5854245005129247,0.9071058443043964
L35->L34,5,5,0,0.0,0.36877760887145994,0.5854245005129242,0.9071058443043964
L35->L36,5,5,0,0.0,0.3493530750274658,0.5854245005129245,0.9071058443043964
L35->L37,5,5,0,0.0,0.3493530750274658,0.5854245005129245,0.9071058443043964
L35->L38,5,5,0,0.0,0.462745201587677,0.5854245005129244,0.9071058443043964
L36->L01,5,5,0,0.0,0.3856788814067841,0.583282890776745,0.9071058443043964
L36->L02,5,5,0,0.0,0.36692810654640196,0.5832828907767451,0.9071058443043964
L36->L03,5,5,0,0.0,0.49687197208404543,0.5832828907767451,0.9071058443043964
L36->L04,5,5,0,0.0,0.40708547830581665,0.583282890776745,0.9071058443043964
L36->L05,5,5,0,0.0,0.4106389284133911,0.5856590585540304,0.9071058443043964
L36->L06,5,5,0,0.0,0.3637954592704773,0.5832828907767451,0.9071058443043964
L36->L07,5,5,0,0.0,0.4989808678627014,0.5945994723593099,0.9071058443043964
L36->L08,5,5,0,0.0,0.43929556012153625,0.5832828907767451,0.9071058443043964
L36->L09,5,5,0,0.0,0.3787019491195679,0.5832828907767451,0.9071058443043964
L36->L10,5,5,0,0.0,0.49971011877059934,0.5856590585540307,0.9071058443043964
L36->L11,5,5,0,0.0,0.46949357986450196,0.771574304581882,0.9071058443043964
L36->L12,5,5,0,0.0,0.40007382035255434,0.5832828907767448,0.9071058443043964
L36->L13,5,5,0,0.0,0.3707108616828918,0.583282890776745,0.9071058443043964
L36->L14,5,5,0,0.0,0.47023584246635436,0.5832828907767451,0.9071058443043964
L36->L15,5,5,0,0.0,0.47614589929580686,0.583282890776745,0.9071058443043964
L36->L16,5,5,0,0.0,0.520497614145279,0.5832828907767448,0.9071058443043964
L36->L17,5,5,0,0.0,0.5230692505836487,0.5832828907767447,0.9071058443043964
L36->L18,5,5,0,0.0,0.4695218622684479,0.5832828907767447,0.9071058443043964
L36->L19,5,5,0,0.0,0.49429763555526735,0.5832828907767451,0.9071058443043964
L36->L20,5,5,0,0.0,0.4229251444339752,0.5832828907767449,0.9071058443043964
L36->L21,5,5,0,0.0,0.5067942321300507,0.5832828907767449,0.9071058443043964
L36->L22,5,5,0,0.0,0.48936172723770144,0.5832828907767452,0.9071058443043964
L36->L23,5,5,0,0.0,0.6024880528450012,0.583282890776743,0.9071058443043964
L36->L24,5,5,0,0.0,0.5274414539337158,0.5832828907767452,0.9071058443043964
L36->L25,5,5,0,0.0,0.586511754989624,0.5832828907767451,0.9071058443043964
L36->L26,5,5,0,0.0,0.586511754989624,0.5832828907767451,0.9071058443043964
L36->L27,5,5,0,0.0,0.5666814088821411,0.5945994723593074,0.9071058443043964
L36->L28,5,5,0,0.0,0.6143169522285461,0.5832828907767447,0.9071058443043964
L36->L29,5,5,0,0.0,0.5012578129768371,0.5832828907767444,0.9071058443043964
L36->L30,5,5,0,0.0,0.5390809535980224,0.5832828907767454,0.9071058443043964
L36->L31,5,5,0,0.0,0.5203225255012512,0.583282890776745,0.9071058443043964
L36->L32,5,5,0,0.0,0.4777917623519897,0.5832828907767451,0.9071058443043964
L36->L33,5,5,0,0.0,0.47779176831245423,0.5832828907767451,0.9071058443043964
L36->L34,5,5,0,0.0,0.4124046742916107,0.5832828907767451,0.9071058443043964
L36->L35,5,5,0,0.0,0.4124046802520752,0.5832828907767451,0.9071058443043964
L36->L37,5,5,0,0.0,0.4909968674182892,0.5832828907767451,0.9071058443043964
L36->L38,5,5,0,0.0,0.5531797409057617,0.5832828907767446,0.9071058443043964
L37->L01,5,5,0,0.0,0.38567887544631957,0.583282890776745,0.9071058443043964
L37->L02,5,5,0,0.0,0.36692810058593744,0.5832828907767451,0.9071058443043964
L37->L03,5,5,0,0.0,0.49687197208404543,0.5832828907767451,0.9071058443043964
L37->L04,5,5,0,0.0,0.4070854723453522,0.583282890776745,0.9071058443043964
L37->L05,5,5,0,0.0,0.41063892245292666,0.5856590585540304,0.9071058443043964
L37->L06,5,5,0,0.0,0.36379545331001284,0.5832828907767451,0.9071058443043964
L37->L07,5,5,0,0.0,0.49898085594177244,0.5945994723593099,0.9071058443043964
L37->L08,5,5,0,0.0,0.4392955541610718,0.5832828907767451,0.9071058443043964
L37->L09,5,5,0,0.0,0.3787019431591034,0.5832828907767451,0.9071058443043964
L37->L10,5,5,0,0.0,0.49971011877059934,0.5856590585540307,0.9071058443043964
L37->L11,5,5,0,0.0,0.46949357390403745,0.771574304581882,0.9071058443043964
L37->L12,5,5,0,0.0,0.40007381439208983,0.5832828907767448,0.9071058443043964
L37->L13,5,5,0,0.0,0.37071085572242735,0.583282890776745,0.9071058443043964
L37->L14,5,5,0,0.0,0.4702358365058899,0.5832828907767451,0.9071058443043964
L37->L15,5,5,0,0.0,0.4761458933353424,0.583282890776745,0.9071058443043964
L37->L16,5,5,0,0.0,0.520497614145279,0.5832828907767448,0.9071058443043964
L37->L17,5,5,0,0.0,0.5230692386627197,0.5832828907767447,0.9071058443043964
L37->L18,5,5,0,0.0,0.4695218503475189,0.5832828907767447,0.9071058443043964
L37->L19,5,5,0,0.0,0.49429762959480283,0.5832828907767451,0.9071058443043964
L37->L20,5,5,0,0.0,0.4229251265525818,0.5832828907767449,0.9071058443043964
L37->L21,5,5,0,0.0,0.5067942321300507,0.5832828907767449,0.9071058443043964
L37->L22,5,5,0,0.0,0.48936170935630796,0.5832828907767452,0.9071058443043964
L37->L23,5,5,0,0.0,0.6024880409240723,0.583282890776743,0.9071058443043964
L37->L24,5,5,0,0.0,0.5274414539337158,0.5832828907767452,0.9071058443043964
L37->L25,5,5,0,0.0,0.586511743068695,0.5832828907767451,0.9071058443043964
L37->L26,5,5,0,0.0,0.586511743068695,0.5832828907767451,0.9071058443043964
L37->L27,5,5,0,0.0,0.5666813969612121,0.5945994723593074,0.9071058443043964
L37->L28,5,5,0,0.0,0.6143169522285461,0.5832828907767447,0.9071058443043964
L37->L29,5,5,0,0.0,0.5012578070163727,0.5832828907767444,0.9071058443043964
L37->L30,5,5,0,0.0,0.5390809416770935,0.5832828907767454,0.9071058443043964
L37->L31,5,5,0,0.0,0.5203225135803222,0.583282890776745,0.9071058443043964
L37->L32,5,5,0,0.0,0.47779175639152527,0.5832828907767451,0.9071058443043964
L37->L33,5,5,0,0.0,0.4777917623519897,0.5832828907767451,0.9071058443043964
L37->L34,5,5,0,0.0,0.4124046564102173,0.5832828907767451,0.9071058443043964
L37->L35,5,5,0,0.0,0.4124046564102173,0.5832828907767451,0.9071058443043964
L37->L36,5,5,0,0.0,0.4909968554973602,0.5832828907767451,0.9071058443043964
L37->L38,5,5,0,0.0,0.5531797289848328,0.5832828907767446,0.9071058443043964
L38->L01,5,5,0,0.0,0.4395078122615814,0.6192813596315785,0.9071058443043964
L38->L02,5,5,0,0.0,0.41736358404159546,0.6192813596315784,0.9071058443043964
L38->L03,5,5,0,0.0,0.5654257655143737,0.6192813596315798,0.9071058443043964
L38->L04,5,5,0,0.0,0.46395633816719056,0.6192813596315787,0.9071058443043964
L38->L05,5,5,0,0.0,0.46804561018943786,0.6218268577794703,0.9071058443043964
L38->L06,5,5,0,0.0,0.4075905501842499,0.6192813596315785,0.9071058443043964
L38->L07,5,5,0,0.0,0.5324856042861938,0.6395108607103068,0.9071058443043964
L38->L08,5,5,0,0.0,0.4989739716053009,0.6192813596315772,0.9071058443043964
L38->L09,5,5,0,0.0,0.4308804154396057,0.619281359631578,0.9071058443043964
L38->L10,5,5,0,0.0,0.5694605946540833,0.6218268577794699,0.9071058443043964
L38->L11,5,5,0,0.0,0.5352037072181701,0.8195237031531327,0.9071058443043964
L38->L12,5,5,0,0.0,0.45520504117012023,0.6192813596315784,0.9071058443043964
L38->L13,5,5,0,0.0,0.4224028766155243,0.6192813596315784,0.9071058443043964
L38->L14,5,5,0,0.0,0.5373211562633514,0.6192813596315786,0.9071058443043964
L38->L15,5,5,0,0.0,0.5374763369560241,0.6192813596315784,0.9071058443043964
L38->L16,5,5,0,0.0,0.5948760986328125,0.6192813596315782,0.9071058443043964
L38->L17,5,5,0,0.0,0.5927627921104431,0.6192813596315779,0.9071058443043964
L38->L18,5,5,0,0.0,0.5277188062667847,0.619281359631578,0.9071058443043964
L38->L19,5,5,0,0.0,0.5697824954986572,0.619281359631578,0.9071058443043964
L38->L20,5,5,0,0.0,0.4787020444869995,0.6192813596315784,0.9071058443043964
L38->L21,5,5,0,0.0,0.5630368590354919,0.6192813596315787,0.9071058443043964
L38->L22,5,5,0,0.0,0.5412956595420837,0.6192813596315787,0.9071058443043964
L38->L23,5,5,0,0.0,0.6711613893508911,0.6192813596315805,0.9071058443043964
L38->L24,5,5,0,0.0,0.5093040704727173,0.6192813596315785,0.9071058443043964
L38->L25,5,5,0,0.0,0.5470723628997802,0.6192813596315784,0.9071058443043964
L38->L26,5,5,0,0.0,0.5470723748207093,0.6192813596315784,0.9071058443043964
L38->L27,5,5,0,0.0,0.5495033502578736,0.6395108607103064,0.9071058443043964
L38->L28,5,5,0,0.0,0.6831917881965637,0.6192813596315789,0.9071058443043964
L38->L29,5,5,0,0.0,0.5460556387901306,0.6192813596315793,0.9071058443043964
L38->L30,5,5,0,0.0,0.45182469487190247,0.6192813596315782,0.9071058443043964
L38->L32,5,5,0,0.0,0.40663382411003113,0.6192813596315784,0.9071058443043964
L38->L33,5,5,0,0.0,0.40663384199142455,0.6192813596315784,0.9071058443043964
L38->L34,5,5,0,0.0,0.43169877529144285,0.6192813596315784,0.9071058443043964
L38->L35,5,5,0,0.0,0.43169877529144285,0.6192813596315784,0.9071058443043964
L38->L36,5,5,0,0.0,0.48127288818359376,0.6192813596315784,0.9071058443043964
L38->L37,5,5,0,0.0,0.48127288818359376,0.6192813596315784,0.9071058443043964
