library_path,block_name,mask_type,port_structure,physical_port_count,inport_count,outport_count,likely_compatible_with_l01,requires_control_input,note
"ee_lib/Electromechanical/Reluctance & Stepper/Switched Reluctance\nMachine\n(Multi-Phase)","Switched Reluctance\nMachine\n(Multi-Phase)","Switched Reluctance\nMachine\n(Multi-Phase)",Inport:0;Outport:0;Enable:0;Trigger:0;State:0;LConn:8;RConn:2;Ifaction:0;Reset:0;Event:0,10,0,0,1,0,Candidate has physical ports and breaker/switch naming; standalone probe still required before wrapper insertion.
"sps_lib/Electrical Machines/Switched Reluctance\nMotor/SwitcheReluctanceMotor","SwitcheReluctanceMotor","InnerPowersysBlock",Inport:0;Outport:0;Enable:0;Trigger:0;State:0;LConn:6;RConn:4;Ifaction:0;Reset:0;Event:0,10,0,0,1,0,Candidate has physical ports and breaker/switch naming; standalone probe still required before wrapper insertion.
"ee_lib/Switches & Breakers/DPDT Switch","DPDT Switch","DPDT Switch",Inport:0;Outport:0;Enable:0;Trigger:0;State:0;LConn:3;RConn:4;Ifaction:0;Reset:0;Event:0,7,0,0,1,0,Candidate has physical ports and breaker/switch naming; standalone probe still required before wrapper insertion.
"ee_lib/Switches & Breakers/SPMT Switch","SPMT Switch","SPMT Switch",Inport:0;Outport:0;Enable:0;Trigger:0;State:0;LConn:2;RConn:4;Ifaction:0;Reset:0;Event:0,6,0,0,1,0,Candidate has physical ports and breaker/switch naming; standalone probe still required before wrapper insertion.
"sps_lib/Electrical Machines/Switched Reluctance\nMotor","Switched Reluctance\nMotor","Switched Reluctance Motor",Inport:1;Outport:1;Enable:0;Trigger:0;State:0;LConn:6;RConn:0;Ifaction:0;Reset:0;Event:0,6,1,1,1,1,Candidate has physical ports and breaker/switch naming; standalone probe still required before wrapper insertion.
"sps_lib/Electrical Machines/Wind Turbine\nInduction Generator\n(Phasor Type)/Trip Breaker1","Trip Breaker1","Three-Phase Breaker",Inport:1;Outport:0;Enable:0;Trigger:0;State:0;LConn:3;RConn:3;Ifaction:0;Reset:0;Event:0,6,1,0,1,1,Candidate has physical ports and breaker/switch naming; standalone probe still required before wrapper insertion.
"sps_lib/Electrical Machines/Wind Turbine\nInduction Generator\n(Phasor Type)/Trip Breaker1/ThreePhaseBreaker","ThreePhaseBreaker","InnerPowersysBlock",Inport:0;Outport:0;Enable:0;Trigger:0;State:0;LConn:3;RConn:3;Ifaction:0;Reset:0;Event:0,6,0,0,1,0,Candidate has physical ports and breaker/switch naming; standalone probe still required before wrapper insertion.
"sps_lib/Electrical Machines/Wind Turbine\nInduction Generator\n(Phasor Type)/Trip Breaker2","Trip Breaker2","Three-Phase Breaker",Inport:1;Outport:0;Enable:0;Trigger:0;State:0;LConn:3;RConn:3;Ifaction:0;Reset:0;Event:0,6,1,0,1,1,Candidate has physical ports and breaker/switch naming; standalone probe still required before wrapper insertion.
"sps_lib/Electrical Machines/Wind Turbine\nInduction Generator\n(Phasor Type)/Trip Breaker2/ThreePhaseBreaker","ThreePhaseBreaker","InnerPowersysBlock",Inport:0;Outport:0;Enable:0;Trigger:0;State:0;LConn:3;RConn:3;Ifaction:0;Reset:0;Event:0,6,0,0,1,0,Candidate has physical ports and breaker/switch naming; standalone probe still required before wrapper insertion.
"sps_lib/Power Grid Elements/Three-Phase Breaker","Three-Phase Breaker","Three-Phase Breaker",Inport:0;Outport:0;Enable:0;Trigger:0;State:0;LConn:3;RConn:3;Ifaction:0;Reset:0;Event:0,6,0,0,1,0,Candidate has physical ports and breaker/switch naming; standalone probe still required before wrapper insertion.
"sps_lib/Power Grid Elements/Three-Phase Breaker/ThreePhaseBreaker","ThreePhaseBreaker","InnerPowersysBlock",Inport:0;Outport:0;Enable:0;Trigger:0;State:0;LConn:3;RConn:3;Ifaction:0;Reset:0;Event:0,6,0,0,1,0,Candidate has physical ports and breaker/switch naming; standalone probe still required before wrapper insertion.
"ee_lib/Semiconductors &\nConverters/Half-Bridge (Ideal,\nSwitching)","Half-Bridge (Ideal,\nSwitching)","Half-Bridge (Ideal,\nSwitching)",Inport:0;Outport:0;Enable:0;Trigger:0;State:0;LConn:3;RConn:2;Ifaction:0;Reset:0;Event:0,5,0,0,1,0,Candidate has physical ports and breaker/switch naming; standalone probe still required before wrapper insertion.
"ee_lib/Switches & Breakers/DPST Switch","DPST Switch","DPST Switch",Inport:0;Outport:0;Enable:0;Trigger:0;State:0;LConn:3;RConn:2;Ifaction:0;Reset:0;Event:0,5,0,0,1,0,Candidate has physical ports and breaker/switch naming; standalone probe still required before wrapper insertion.
"ee_lib/Additional\nComponents/SPICE Passives/Current-Controlled\nSwitch","Current-Controlled\nSwitch","Current-Controlled\nSwitch",Inport:0;Outport:0;Enable:0;Trigger:0;State:0;LConn:2;RConn:2;Ifaction:0;Reset:0;Event:0,4,0,0,1,1,Candidate has physical ports and breaker/switch naming; standalone probe still required before wrapper insertion.
"ee_lib/Additional\nComponents/SPICE Passives/Voltage-Controlled\nSwitch","Voltage-Controlled\nSwitch","Voltage-Controlled\nSwitch",Inport:0;Outport:0;Enable:0;Trigger:0;State:0;LConn:2;RConn:2;Ifaction:0;Reset:0;Event:0,4,0,0,1,1,Candidate has physical ports and breaker/switch naming; standalone probe still required before wrapper insertion.
"ee_lib/Electromechanical/Reluctance & Stepper/Switched Reluctance\nMachine","Switched Reluctance\nMachine","Switched Reluctance\nMachine",Inport:0;Outport:0;Enable:0;Trigger:0;State:0;LConn:2;RConn:2;Ifaction:0;Reset:0;Event:0,4,0,0,1,0,Candidate has physical ports and breaker/switch naming; standalone probe still required before wrapper insertion.
"ee_lib/Switches & Breakers/SPDT Switch","SPDT Switch","SPDT Switch",Inport:0;Outport:0;Enable:0;Trigger:0;State:0;LConn:2;RConn:2;Ifaction:0;Reset:0;Event:0,4,0,0,1,0,Candidate has physical ports and breaker/switch naming; standalone probe still required before wrapper insertion.
"ee_lib/Switches & Breakers/SPDT Switch\n(Three-Phase)","SPDT Switch\n(Three-Phase)","SPDT Switch\n(Three-Phase)",Inport:0;Outport:0;Enable:0;Trigger:0;State:0;LConn:2;RConn:2;Ifaction:0;Reset:0;Event:0,4,0,0,1,0,Candidate has physical ports and breaker/switch naming; standalone probe still required before wrapper insertion.
"fl_lib/Physical Signals/Nonlinear Operators/PS Switch","PS Switch","PS Switch",Inport:0;Outport:0;Enable:0;Trigger:0;State:0;LConn:3;RConn:1;Ifaction:0;Reset:0;Event:0,4,0,0,1,0,Candidate has physical ports and breaker/switch naming; standalone probe still required before wrapper insertion.
"ee_lib/Semiconductors &\nConverters/IGBT\n(Ideal,\nSwitching)","IGBT\n(Ideal,\nSwitching)","IGBT\n(Ideal,\nSwitching)",Inport:0;Outport:0;Enable:0;Trigger:0;State:0;LConn:1;RConn:2;Ifaction:0;Reset:0;Event:0,3,0,0,1,0,Candidate has physical ports and breaker/switch naming; standalone probe still required before wrapper insertion.
"ee_lib/Semiconductors &\nConverters/Ideal Semiconductor\nSwitch","Ideal Semiconductor\nSwitch","Ideal Semiconductor\nSwitch",Inport:0;Outport:0;Enable:0;Trigger:0;State:0;LConn:1;RConn:2;Ifaction:0;Reset:0;Event:0,3,0,0,1,0,Candidate has physical ports and breaker/switch naming; standalone probe still required before wrapper insertion.
"ee_lib/Semiconductors &\nConverters/MOSFET\n(Ideal,\nSwitching)","MOSFET\n(Ideal,\nSwitching)","MOSFET\n(Ideal,\nSwitching)",Inport:0;Outport:0;Enable:0;Trigger:0;State:0;LConn:1;RConn:2;Ifaction:0;Reset:0;Event:0,3,0,0,1,0,Candidate has physical ports and breaker/switch naming; standalone probe still required before wrapper insertion.
"ee_lib/Semiconductors &\nConverters/Semiconductor Switch Selector","Semiconductor Switch Selector","Semiconductor Switch Selector",Inport:0;Outport:0;Enable:0;Trigger:0;State:0;LConn:1;RConn:2;Ifaction:0;Reset:0;Event:0,3,0,0,1,0,Candidate has physical ports and breaker/switch naming; standalone probe still required before wrapper insertion.
"ee_lib/Semiconductors &\nConverters/Semiconductor Switch Selector/Switch","Switch","Ideal Semiconductor\nSwitch",Inport:0;Outport:0;Enable:0;Trigger:0;State:0;LConn:1;RConn:2;Ifaction:0;Reset:0;Event:0,3,0,0,1,0,Candidate has physical ports and breaker/switch naming; standalone probe still required before wrapper insertion.
"ee_lib/Switches & Breakers/Circuit Breaker","Circuit Breaker","Circuit Breaker",Inport:0;Outport:0;Enable:0;Trigger:0;State:0;LConn:2;RConn:1;Ifaction:0;Reset:0;Event:0,3,0,0,1,0,Candidate has physical ports and breaker/switch naming; standalone probe still required before wrapper insertion.
"ee_lib/Switches & Breakers/Circuit Breaker\n(Three-Phase)","Circuit Breaker\n(Three-Phase)","Circuit Breaker\n(Three-Phase)",Inport:0;Outport:0;Enable:0;Trigger:0;State:0;LConn:2;RConn:1;Ifaction:0;Reset:0;Event:0,3,0,0,1,0,Candidate has physical ports and breaker/switch naming; standalone probe still required before wrapper insertion.
"ee_lib/Switches & Breakers/Circuit Breaker\n(with arc)","Circuit Breaker\n(with arc)","Circuit Breaker\n(with arc)",Inport:0;Outport:0;Enable:0;Trigger:0;State:0;LConn:2;RConn:1;Ifaction:0;Reset:0;Event:0,3,0,0,1,0,Candidate has physical ports and breaker/switch naming; standalone probe still required before wrapper insertion.
"ee_lib/Switches & Breakers/SPST Switch","SPST Switch","SPST Switch",Inport:0;Outport:0;Enable:0;Trigger:0;State:0;LConn:2;RConn:1;Ifaction:0;Reset:0;Event:0,3,0,0,1,0,Candidate has physical ports and breaker/switch naming; standalone probe still required before wrapper insertion.
"ee_lib/Switches & Breakers/SPST Switch\n(Three-Phase)","SPST Switch\n(Three-Phase)","SPST Switch\n(Three-Phase)",Inport:0;Outport:0;Enable:0;Trigger:0;State:0;LConn:2;RConn:1;Ifaction:0;Reset:0;Event:0,3,0,0,1,0,Candidate has physical ports and breaker/switch naming; standalone probe still required before wrapper insertion.
"fl_lib/Electrical/Electrical Elements/Switch","Switch","Switch",Inport:0;Outport:0;Enable:0;Trigger:0;State:0;LConn:1;RConn:2;Ifaction:0;Reset:0;Event:0,3,0,0,1,0,Candidate has physical ports and breaker/switch naming; standalone probe still required before wrapper insertion.
"sps_lib/Electrical Machines/Wind Turbine\nInduction Generator\n(Phasor Type)/Trip Breaker1/Breaker A","Breaker A","Breaker",Inport:1;Outport:0;Enable:0;Trigger:0;State:0;LConn:1;RConn:1;Ifaction:0;Reset:0;Event:0,2,1,0,0,1,Candidate is not clearly compatible with the four-port IEEE39 line block.
"sps_lib/Electrical Machines/Wind Turbine\nInduction Generator\n(Phasor Type)/Trip Breaker1/Breaker A/Breaker","Breaker","InnerPowersysBlock",Inport:0;Outport:0;Enable:0;Trigger:0;State:0;LConn:1;RConn:1;Ifaction:0;Reset:0;Event:0,2,0,0,0,0,Candidate is not clearly compatible with the four-port IEEE39 line block.
"sps_lib/Electrical Machines/Wind Turbine\nInduction Generator\n(Phasor Type)/Trip Breaker1/Breaker B","Breaker B","Breaker",Inport:1;Outport:0;Enable:0;Trigger:0;State:0;LConn:1;RConn:1;Ifaction:0;Reset:0;Event:0,2,1,0,0,1,Candidate is not clearly compatible with the four-port IEEE39 line block.
"sps_lib/Electrical Machines/Wind Turbine\nInduction Generator\n(Phasor Type)/Trip Breaker1/Breaker B/Breaker","Breaker","InnerPowersysBlock",Inport:0;Outport:0;Enable:0;Trigger:0;State:0;LConn:1;RConn:1;Ifaction:0;Reset:0;Event:0,2,0,0,0,0,Candidate is not clearly compatible with the four-port IEEE39 line block.
"sps_lib/Electrical Machines/Wind Turbine\nInduction Generator\n(Phasor Type)/Trip Breaker1/Breaker C","Breaker C","Breaker",Inport:1;Outport:0;Enable:0;Trigger:0;State:0;LConn:1;RConn:1;Ifaction:0;Reset:0;Event:0,2,1,0,0,1,Candidate is not clearly compatible with the four-port IEEE39 line block.
"sps_lib/Electrical Machines/Wind Turbine\nInduction Generator\n(Phasor Type)/Trip Breaker1/Breaker C/Breaker","Breaker","InnerPowersysBlock",Inport:0;Outport:0;Enable:0;Trigger:0;State:0;LConn:1;RConn:1;Ifaction:0;Reset:0;Event:0,2,0,0,0,0,Candidate is not clearly compatible with the four-port IEEE39 line block.
"sps_lib/Electrical Machines/Wind Turbine\nInduction Generator\n(Phasor Type)/Trip Breaker2/Breaker A","Breaker A","Breaker",Inport:1;Outport:0;Enable:0;Trigger:0;State:0;LConn:1;RConn:1;Ifaction:0;Reset:0;Event:0,2,1,0,0,1,Candidate is not clearly compatible with the four-port IEEE39 line block.
"sps_lib/Electrical Machines/Wind Turbine\nInduction Generator\n(Phasor Type)/Trip Breaker2/Breaker A/Breaker","Breaker","InnerPowersysBlock",Inport:0;Outport:0;Enable:0;Trigger:0;State:0;LConn:1;RConn:1;Ifaction:0;Reset:0;Event:0,2,0,0,0,0,Candidate is not clearly compatible with the four-port IEEE39 line block.
"sps_lib/Electrical Machines/Wind Turbine\nInduction Generator\n(Phasor Type)/Trip Breaker2/Breaker B","Breaker B","Breaker",Inport:1;Outport:0;Enable:0;Trigger:0;State:0;LConn:1;RConn:1;Ifaction:0;Reset:0;Event:0,2,1,0,0,1,Candidate is not clearly compatible with the four-port IEEE39 line block.
"sps_lib/Electrical Machines/Wind Turbine\nInduction Generator\n(Phasor Type)/Trip Breaker2/Breaker B/Breaker","Breaker","InnerPowersysBlock",Inport:0;Outport:0;Enable:0;Trigger:0;State:0;LConn:1;RConn:1;Ifaction:0;Reset:0;Event:0,2,0,0,0,0,Candidate is not clearly compatible with the four-port IEEE39 line block.
"sps_lib/Electrical Machines/Wind Turbine\nInduction Generator\n(Phasor Type)/Trip Breaker2/Breaker C","Breaker C","Breaker",Inport:1;Outport:0;Enable:0;Trigger:0;State:0;LConn:1;RConn:1;Ifaction:0;Reset:0;Event:0,2,1,0,0,1,Candidate is not clearly compatible with the four-port IEEE39 line block.
"sps_lib/Electrical Machines/Wind Turbine\nInduction Generator\n(Phasor Type)/Trip Breaker2/Breaker C/Breaker","Breaker","InnerPowersysBlock",Inport:0;Outport:0;Enable:0;Trigger:0;State:0;LConn:1;RConn:1;Ifaction:0;Reset:0;Event:0,2,0,0,0,0,Candidate is not clearly compatible with the four-port IEEE39 line block.
"sps_lib/Power Electronics/Ideal Switch","Ideal Switch","Ideal Switch",Inport:1;Outport:1;Enable:0;Trigger:0;State:0;LConn:1;RConn:1;Ifaction:0;Reset:0;Event:0,2,1,1,0,1,Candidate is not clearly compatible with the four-port IEEE39 line block.
"sps_lib/Power Electronics/Ideal Switch/IdealSwitch","IdealSwitch","InnerPowersysBlock",Inport:0;Outport:0;Enable:0;Trigger:0;State:0;LConn:1;RConn:1;Ifaction:0;Reset:0;Event:0,2,0,0,0,0,Candidate is not clearly compatible with the four-port IEEE39 line block.
"sps_lib/Power Electronics/Mosfet/Ideal Switch","Ideal Switch","Ideal Switch",Inport:1;Outport:1;Enable:0;Trigger:0;State:0;LConn:1;RConn:1;Ifaction:0;Reset:0;Event:0,2,1,1,0,1,Candidate is not clearly compatible with the four-port IEEE39 line block.
"sps_lib/Power Electronics/Mosfet/Ideal Switch/IdealSwitch","IdealSwitch","InnerPowersysBlock",Inport:0;Outport:0;Enable:0;Trigger:0;State:0;LConn:1;RConn:1;Ifaction:0;Reset:0;Event:0,2,0,0,0,0,Candidate is not clearly compatible with the four-port IEEE39 line block.
"sps_lib/Power Grid Elements/Breaker","Breaker","Breaker",Inport:1;Outport:0;Enable:0;Trigger:0;State:0;LConn:1;RConn:1;Ifaction:0;Reset:0;Event:0,2,1,0,0,1,Candidate is not clearly compatible with the four-port IEEE39 line block.
"sps_lib/Power Grid Elements/Breaker/Breaker","Breaker","InnerPowersysBlock",Inport:0;Outport:0;Enable:0;Trigger:0;State:0;LConn:1;RConn:1;Ifaction:0;Reset:0;Event:0,2,0,0,0,0,Candidate is not clearly compatible with the four-port IEEE39 line block.
"sps_lib/Power Grid Elements/Three-Phase Breaker/Breaker A","Breaker A","Breaker",Inport:1;Outport:0;Enable:0;Trigger:0;State:0;LConn:1;RConn:1;Ifaction:0;Reset:0;Event:0,2,1,0,0,1,Candidate is not clearly compatible with the four-port IEEE39 line block.
"sps_lib/Power Grid Elements/Three-Phase Breaker/Breaker A/Breaker","Breaker","InnerPowersysBlock",Inport:0;Outport:0;Enable:0;Trigger:0;State:0;LConn:1;RConn:1;Ifaction:0;Reset:0;Event:0,2,0,0,0,0,Candidate is not clearly compatible with the four-port IEEE39 line block.
"sps_lib/Power Grid Elements/Three-Phase Breaker/Breaker B","Breaker B","Breaker",Inport:1;Outport:0;Enable:0;Trigger:0;State:0;LConn:1;RConn:1;Ifaction:0;Reset:0;Event:0,2,1,0,0,1,Candidate is not clearly compatible with the four-port IEEE39 line block.
"sps_lib/Power Grid Elements/Three-Phase Breaker/Breaker B/Breaker","Breaker","InnerPowersysBlock",Inport:0;Outport:0;Enable:0;Trigger:0;State:0;LConn:1;RConn:1;Ifaction:0;Reset:0;Event:0,2,0,0,0,0,Candidate is not clearly compatible with the four-port IEEE39 line block.
"sps_lib/Power Grid Elements/Three-Phase Breaker/Breaker C","Breaker C","Breaker",Inport:1;Outport:0;Enable:0;Trigger:0;State:0;LConn:1;RConn:1;Ifaction:0;Reset:0;Event:0,2,1,0,0,1,Candidate is not clearly compatible with the four-port IEEE39 line block.
"sps_lib/Power Grid Elements/Three-Phase Breaker/Breaker C/Breaker","Breaker","InnerPowersysBlock",Inport:0;Outport:0;Enable:0;Trigger:0;State:0;LConn:1;RConn:1;Ifaction:0;Reset:0;Event:0,2,0,0,0,0,Candidate is not clearly compatible with the four-port IEEE39 line block.
"sps_lib/Power Grid Elements/Three-Phase Fault/Fault A/Breaker","Breaker","InnerPowersysBlock",Inport:0;Outport:0;Enable:0;Trigger:0;State:0;LConn:1;RConn:1;Ifaction:0;Reset:0;Event:0,2,0,0,0,0,Candidate is not clearly compatible with the four-port IEEE39 line block.
"sps_lib/Power Grid Elements/Three-Phase Fault/Fault B/Breaker","Breaker","InnerPowersysBlock",Inport:0;Outport:0;Enable:0;Trigger:0;State:0;LConn:1;RConn:1;Ifaction:0;Reset:0;Event:0,2,0,0,0,0,Candidate is not clearly compatible with the four-port IEEE39 line block.
"sps_lib/Power Grid Elements/Three-Phase Fault/Fault C/Breaker","Breaker","InnerPowersysBlock",Inport:0;Outport:0;Enable:0;Trigger:0;State:0;LConn:1;RConn:1;Ifaction:0;Reset:0;Event:0,2,0,0,0,0,Candidate is not clearly compatible with the four-port IEEE39 line block.
"ee_lib/Switches & Breakers","Switches & Breakers","",Inport:0;Outport:0;Enable:0;Trigger:0;State:0;LConn:0;RConn:0;Ifaction:0;Reset:0;Event:0,0,0,0,0,0,Candidate is not clearly compatible with the four-port IEEE39 line block.
"sps_lib/Control/Alpha-Beta-Zero\nto dq0/Switch","Switch","",Inport:3;Outport:1;Enable:0;Trigger:0;State:0;LConn:0;RConn:0;Ifaction:0;Reset:0;Event:0,0,3,1,0,1,Candidate is not clearly compatible with the four-port IEEE39 line block.
"sps_lib/Control/Edge Detector/Model/Multiport\nSwitch","Multiport\nSwitch","",Inport:4;Outport:1;Enable:0;Trigger:0;State:0;LConn:0;RConn:0;Ifaction:0;Reset:0;Event:0,0,4,1,0,1,Candidate is not clearly compatible with the four-port IEEE39 line block.
"sps_lib/Control/Filters/Second-Order\nFilter\n(Variable-Tuned)/Model/Multiport\nSwitch","Multiport\nSwitch","",Inport:5;Outport:1;Enable:0;Trigger:0;State:0;LConn:0;RConn:0;Ifaction:0;Reset:0;Event:0,0,5,1,0,1,Candidate is not clearly compatible with the four-port IEEE39 line block.
"sps_lib/Control/Monostable/Model/Continuous\nEdge Detector/Multiport\nSwitch","Multiport\nSwitch","",Inport:4;Outport:1;Enable:0;Trigger:0;State:0;LConn:0;RConn:0;Ifaction:0;Reset:0;Event:0,0,4,1,0,1,Candidate is not clearly compatible with the four-port IEEE39 line block.
"sps_lib/Control/Monostable/Model/Sample and\nHold/Model/Switch","Switch","",Inport:3;Outport:1;Enable:0;Trigger:0;State:0;LConn:0;RConn:0;Ifaction:0;Reset:0;Event:0,0,3,1,0,1,Candidate is not clearly compatible with the four-port IEEE39 line block.
"sps_lib/Control/Off Delay/Model/OFF Delay/Edge Detector/Model/Multiport\nSwitch","Multiport\nSwitch","",Inport:4;Outport:1;Enable:0;Trigger:0;State:0;LConn:0;RConn:0;Ifaction:0;Reset:0;Event:0,0,4,1,0,1,Candidate is not clearly compatible with the four-port IEEE39 line block.
"sps_lib/Control/Off Delay/Model/OFF Delay/Sample and\nHold/Model/Switch","Switch","",Inport:3;Outport:1;Enable:0;Trigger:0;State:0;LConn:0;RConn:0;Ifaction:0;Reset:0;Event:0,0,3,1,0,1,Candidate is not clearly compatible with the four-port IEEE39 line block.
"sps_lib/Control/Off Delay/Model/ON Delay/Edge Detector/Model/Multiport\nSwitch","Multiport\nSwitch","",Inport:4;Outport:1;Enable:0;Trigger:0;State:0;LConn:0;RConn:0;Ifaction:0;Reset:0;Event:0,0,4,1,0,1,Candidate is not clearly compatible with the four-port IEEE39 line block.
"sps_lib/Control/Off Delay/Model/ON Delay/Sample and\nHold/Model/Switch","Switch","",Inport:3;Outport:1;Enable:0;Trigger:0;State:0;LConn:0;RConn:0;Ifaction:0;Reset:0;Event:0,0,3,1,0,1,Candidate is not clearly compatible with the four-port IEEE39 line block.
"sps_lib/Control/On Delay/Model/OFF Delay/Edge Detector/Model/Multiport\nSwitch","Multiport\nSwitch","",Inport:4;Outport:1;Enable:0;Trigger:0;State:0;LConn:0;RConn:0;Ifaction:0;Reset:0;Event:0,0,4,1,0,1,Candidate is not clearly compatible with the four-port IEEE39 line block.
"sps_lib/Control/On Delay/Model/OFF Delay/Sample and\nHold/Model/Switch","Switch","",Inport:3;Outport:1;Enable:0;Trigger:0;State:0;LConn:0;RConn:0;Ifaction:0;Reset:0;Event:0,0,3,1,0,1,Candidate is not clearly compatible with the four-port IEEE39 line block.
"sps_lib/Control/On Delay/Model/ON Delay/Edge Detector/Model/Multiport\nSwitch","Multiport\nSwitch","",Inport:4;Outport:1;Enable:0;Trigger:0;State:0;LConn:0;RConn:0;Ifaction:0;Reset:0;Event:0,0,4,1,0,1,Candidate is not clearly compatible with the four-port IEEE39 line block.
"sps_lib/Control/On Delay/Model/ON Delay/Sample and\nHold/Model/Switch","Switch","",Inport:3;Outport:1;Enable:0;Trigger:0;State:0;LConn:0;RConn:0;Ifaction:0;Reset:0;Event:0,0,3,1,0,1,Candidate is not clearly compatible with the four-port IEEE39 line block.
"sps_lib/Control/PLL/Model/Automatic Gain\nControl/Fundamental\n(PLL-Driven)/Mean\n(Variable Frequency)1/Model/Switch","Switch","",Inport:3;Outport:1;Enable:0;Trigger:0;State:0;LConn:0;RConn:0;Ifaction:0;Reset:0;Event:0,0,3,1,0,1,Candidate is not clearly compatible with the four-port IEEE39 line block.
"sps_lib/Control/PLL/Model/Automatic Gain\nControl/Fundamental\n(PLL-Driven)/Mean\n(Variable Frequency)2/Model/Switch","Switch","",Inport:3;Outport:1;Enable:0;Trigger:0;State:0;LConn:0;RConn:0;Ifaction:0;Reset:0;Event:0,0,3,1,0,1,Candidate is not clearly compatible with the four-port IEEE39 line block.
"sps_lib/Control/PLL/Model/Mean\n(Variable Frequency)/Model/Switch","Switch","",Inport:3;Outport:1;Enable:0;Trigger:0;State:0;LConn:0;RConn:0;Ifaction:0;Reset:0;Event:0,0,3,1,0,1,Candidate is not clearly compatible with the four-port IEEE39 line block.
"sps_lib/Control/PLL\n(3ph)/Model/Automatic Gain\nControl/Positive-Sequence\n(PLL-Driven)/Mean\n(Variable Frequency)1/Model/Switch","Switch","",Inport:3;Outport:1;Enable:0;Trigger:0;State:0;LConn:0;RConn:0;Ifaction:0;Reset:0;Event:0,0,3,1,0,1,Candidate is not clearly compatible with the four-port IEEE39 line block.
"sps_lib/Control/PLL\n(3ph)/Model/Automatic Gain\nControl/Positive-Sequence\n(PLL-Driven)/Mean\n(Variable Frequency)2/Model/Switch","Switch","",Inport:3;Outport:1;Enable:0;Trigger:0;State:0;LConn:0;RConn:0;Ifaction:0;Reset:0;Event:0,0,3,1,0,1,Candidate is not clearly compatible with the four-port IEEE39 line block.
"sps_lib/Control/PLL\n(3ph)/Model/Automatic Gain\nControl/Positive-Sequence\n(PLL-Driven)/abc ->dq0/Alpha-Beta-Zero\nto dq0/Switch","Switch","",Inport:3;Outport:1;Enable:0;Trigger:0;State:0;LConn:0;RConn:0;Ifaction:0;Reset:0;Event:0,0,3,1,0,1,Candidate is not clearly compatible with the four-port IEEE39 line block.
"sps_lib/Control/PLL\n(3ph)/Model/Variable Frequency\nMean value/Model/Switch","Switch","",Inport:3;Outport:1;Enable:0;Trigger:0;State:0;LConn:0;RConn:0;Ifaction:0;Reset:0;Event:0,0,3,1,0,1,Candidate is not clearly compatible with the four-port IEEE39 line block.
"sps_lib/Control/PLL\n(3ph)/Model/abc to dq0/Alpha-Beta-Zero\nto dq0/Switch","Switch","",Inport:3;Outport:1;Enable:0;Trigger:0;State:0;LConn:0;RConn:0;Ifaction:0;Reset:0;Event:0,0,3,1,0,1,Candidate is not clearly compatible with the four-port IEEE39 line block.
"sps_lib/Control/Sample and\nHold/Model/Switch","Switch","",Inport:3;Outport:1;Enable:0;Trigger:0;State:0;LConn:0;RConn:0;Ifaction:0;Reset:0;Event:0,0,3,1,0,1,Candidate is not clearly compatible with the four-port IEEE39 line block.
"sps_lib/Control/abc to dq0/Alpha-Beta-Zero\nto dq0/Switch","Switch","",Inport:3;Outport:1;Enable:0;Trigger:0;State:0;LConn:0;RConn:0;Ifaction:0;Reset:0;Event:0,0,3,1,0,1,Candidate is not clearly compatible with the four-port IEEE39 line block.
"sps_lib/Control/dq0 to\nAlpha-Beta-Zero/Switch","Switch","",Inport:3;Outport:1;Enable:0;Trigger:0;State:0;LConn:0;RConn:0;Ifaction:0;Reset:0;Event:0,0,3,1,0,1,Candidate is not clearly compatible with the four-port IEEE39 line block.
"sps_lib/Control/dq0 to abc/dq0 to\nAlpha-Beta-Zero/Switch","Switch","",Inport:3;Outport:1;Enable:0;Trigger:0;State:0;LConn:0;RConn:0;Ifaction:0;Reset:0;Event:0,0,3,1,0,1,Candidate is not clearly compatible with the four-port IEEE39 line block.
"sps_lib/Electrical Machines/Asynchronous Machine\nSI Units/Electrical model/Asynchronous Machine\nState-space model/Saturation/Switch","Switch","",Inport:3;Outport:1;Enable:0;Trigger:0;State:0;LConn:0;RConn:0;Ifaction:0;Reset:0;Event:0,0,3,1,0,1,Candidate is not clearly compatible with the four-port IEEE39 line block.
"sps_lib/Electrical Machines/Asynchronous Machine\nSI Units/Electrical model/Asynchronous Machine\nState-space model/Switch","Switch","",Inport:3;Outport:1;Enable:0;Trigger:0;State:0;LConn:0;RConn:0;Ifaction:0;Reset:0;Event:0,0,3,1,0,1,Candidate is not clearly compatible with the four-port IEEE39 line block.
"sps_lib/Electrical Machines/Asynchronous Machine\nSI Units/Electrical model/Asynchronous Machine\nState-space model/Switch1","Switch1","",Inport:3;Outport:1;Enable:0;Trigger:0;State:0;LConn:0;RConn:0;Ifaction:0;Reset:0;Event:0,0,3,1,0,1,Candidate is not clearly compatible with the four-port IEEE39 line block.
"sps_lib/Electrical Machines/Asynchronous Machine\nSI Units/Electrical model/Asynchronous Machine\nState-space model/Switch2","Switch2","",Inport:3;Outport:1;Enable:0;Trigger:0;State:0;LConn:0;RConn:0;Ifaction:0;Reset:0;Event:0,0,3,1,0,1,Candidate is not clearly compatible with the four-port IEEE39 line block.
"sps_lib/Electrical Machines/Asynchronous Machine\nSI Units/Electrical model/abc to dq \ntransformation/Multiport\nSwitch","Multiport\nSwitch","",Inport:4;Outport:1;Enable:0;Trigger:0;State:0;LConn:0;RConn:0;Ifaction:0;Reset:0;Event:0,0,4,1,0,1,Candidate is not clearly compatible with the four-port IEEE39 line block.
"sps_lib/Electrical Machines/Asynchronous Machine\nSI Units/Electrical model/abc to dq \ntransformation/Multiport\nSwitch1","Multiport\nSwitch1","",Inport:4;Outport:1;Enable:0;Trigger:0;State:0;LConn:0;RConn:0;Ifaction:0;Reset:0;Event:0,0,4,1,0,1,Candidate is not clearly compatible with the four-port IEEE39 line block.
"sps_lib/Electrical Machines/Asynchronous Machine\nSI Units/Electrical model/dq to abc\ntransformation/Multiport\nSwitch","Multiport\nSwitch","",Inport:4;Outport:1;Enable:0;Trigger:0;State:0;LConn:0;RConn:0;Ifaction:0;Reset:0;Event:0,0,4,1,0,1,Candidate is not clearly compatible with the four-port IEEE39 line block.
"sps_lib/Electrical Machines/Asynchronous Machine\nSI Units/Electrical model/dq to abc\ntransformation/Multiport\nSwitch1","Multiport\nSwitch1","",Inport:4;Outport:1;Enable:0;Trigger:0;State:0;LConn:0;RConn:0;Ifaction:0;Reset:0;Event:0,0,4,1,0,1,Candidate is not clearly compatible with the four-port IEEE39 line block.
"sps_lib/Electrical Machines/Asynchronous Machine\nSI Units/Electrical model/sin,cos/Multiport\nSwitch","Multiport\nSwitch","",Inport:4;Outport:1;Enable:0;Trigger:0;State:0;LConn:0;RConn:0;Ifaction:0;Reset:0;Event:0,0,4,1,0,1,Candidate is not clearly compatible with the four-port IEEE39 line block.
"sps_lib/Electrical Machines/Asynchronous Machine\nSI Units/Electrical model/sin,cos/Multiport\nSwitch1","Multiport\nSwitch1","",Inport:4;Outport:1;Enable:0;Trigger:0;State:0;LConn:0;RConn:0;Ifaction:0;Reset:0;Event:0,0,4,1,0,1,Candidate is not clearly compatible with the four-port IEEE39 line block.
"sps_lib/Electrical Machines/Asynchronous Machine\npu Units/Electrical model/Asynchronous Machine\nState-space model/Saturation/Switch","Switch","",Inport:3;Outport:1;Enable:0;Trigger:0;State:0;LConn:0;RConn:0;Ifaction:0;Reset:0;Event:0,0,3,1,0,1,Candidate is not clearly compatible with the four-port IEEE39 line block.
"sps_lib/Electrical Machines/Asynchronous Machine\npu Units/Electrical model/Asynchronous Machine\nState-space model/Switch","Switch","",Inport:3;Outport:1;Enable:0;Trigger:0;State:0;LConn:0;RConn:0;Ifaction:0;Reset:0;Event:0,0,3,1,0,1,Candidate is not clearly compatible with the four-port IEEE39 line block.
"sps_lib/Electrical Machines/Asynchronous Machine\npu Units/Electrical model/Asynchronous Machine\nState-space model/Switch1","Switch1","",Inport:3;Outport:1;Enable:0;Trigger:0;State:0;LConn:0;RConn:0;Ifaction:0;Reset:0;Event:0,0,3,1,0,1,Candidate is not clearly compatible with the four-port IEEE39 line block.
"sps_lib/Electrical Machines/Asynchronous Machine\npu Units/Electrical model/Asynchronous Machine\nState-space model/Switch2","Switch2","",Inport:3;Outport:1;Enable:0;Trigger:0;State:0;LConn:0;RConn:0;Ifaction:0;Reset:0;Event:0,0,3,1,0,1,Candidate is not clearly compatible with the four-port IEEE39 line block.
"sps_lib/Electrical Machines/Asynchronous Machine\npu Units/Electrical model/abc to dq \ntransformation/Multiport\nSwitch","Multiport\nSwitch","",Inport:4;Outport:1;Enable:0;Trigger:0;State:0;LConn:0;RConn:0;Ifaction:0;Reset:0;Event:0,0,4,1,0,1,Candidate is not clearly compatible with the four-port IEEE39 line block.
"sps_lib/Electrical Machines/Asynchronous Machine\npu Units/Electrical model/abc to dq \ntransformation/Multiport\nSwitch1","Multiport\nSwitch1","",Inport:4;Outport:1;Enable:0;Trigger:0;State:0;LConn:0;RConn:0;Ifaction:0;Reset:0;Event:0,0,4,1,0,1,Candidate is not clearly compatible with the four-port IEEE39 line block.
"sps_lib/Electrical Machines/Asynchronous Machine\npu Units/Electrical model/dq to abc\ntransformation/Multiport\nSwitch","Multiport\nSwitch","",Inport:4;Outport:1;Enable:0;Trigger:0;State:0;LConn:0;RConn:0;Ifaction:0;Reset:0;Event:0,0,4,1,0,1,Candidate is not clearly compatible with the four-port IEEE39 line block.
"sps_lib/Electrical Machines/Asynchronous Machine\npu Units/Electrical model/dq to abc\ntransformation/Multiport\nSwitch1","Multiport\nSwitch1","",Inport:4;Outport:1;Enable:0;Trigger:0;State:0;LConn:0;RConn:0;Ifaction:0;Reset:0;Event:0,0,4,1,0,1,Candidate is not clearly compatible with the four-port IEEE39 line block.
"sps_lib/Electrical Machines/Asynchronous Machine\npu Units/Electrical model/sin,cos/Multiport\nSwitch","Multiport\nSwitch","",Inport:4;Outport:1;Enable:0;Trigger:0;State:0;LConn:0;RConn:0;Ifaction:0;Reset:0;Event:0,0,4,1,0,1,Candidate is not clearly compatible with the four-port IEEE39 line block.
"sps_lib/Electrical Machines/Asynchronous Machine\npu Units/Electrical model/sin,cos/Multiport\nSwitch1","Multiport\nSwitch1","",Inport:4;Outport:1;Enable:0;Trigger:0;State:0;LConn:0;RConn:0;Ifaction:0;Reset:0;Event:0,0,4,1,0,1,Candidate is not clearly compatible with the four-port IEEE39 line block.
"sps_lib/Electrical Machines/Simplified Synchronous\nMachine SI Units/Electrical model/Vt/Switch2","Switch2","",Inport:3;Outport:1;Enable:0;Trigger:0;State:0;LConn:0;RConn:0;Ifaction:0;Reset:0;Event:0,0,3,1,0,1,Candidate is not clearly compatible with the four-port IEEE39 line block.
"sps_lib/Electrical Machines/Simplified Synchronous\nMachine pu Units/Electrical model/Vt/Switch2","Switch2","",Inport:3;Outport:1;Enable:0;Trigger:0;State:0;LConn:0;RConn:0;Ifaction:0;Reset:0;Event:0,0,3,1,0,1,Candidate is not clearly compatible with the four-port IEEE39 line block.
"sps_lib/Electrical Machines/Single Phase\nAsynchronous Machine/Electrical model/disconnection system/Switch","Switch","",Inport:3;Outport:1;Enable:0;Trigger:0;State:0;LConn:0;RConn:0;Ifaction:0;Reset:0;Event:0,0,3,1,0,1,Candidate is not clearly compatible with the four-port IEEE39 line block.
"sps_lib/Electrical Machines/Single Phase\nAsynchronous Machine/Electrical model/disconnection system/Switch1","Switch1","",Inport:3;Outport:1;Enable:0;Trigger:0;State:0;LConn:0;RConn:0;Ifaction:0;Reset:0;Event:0,0,3,1,0,1,Candidate is not clearly compatible with the four-port IEEE39 line block.
"sps_lib/Electrical Machines/Single Phase\nAsynchronous Machine/Electrical model/disconnection system/Switch2","Switch2","",Inport:3;Outport:1;Enable:0;Trigger:0;State:0;LConn:0;RConn:0;Ifaction:0;Reset:0;Event:0,0,3,1,0,1,Candidate is not clearly compatible with the four-port IEEE39 line block.
"sps_lib/Electrical Machines/Single Phase\nAsynchronous Machine/Electrical model/disconnection system/Switch3","Switch3","",Inport:3;Outport:1;Enable:0;Trigger:0;State:0;LConn:0;RConn:0;Ifaction:0;Reset:0;Event:0,0,3,1,0,1,Candidate is not clearly compatible with the four-port IEEE39 line block.
"sps_lib/Electrical Machines/Single Phase\nAsynchronous Machine/Electrical model/disconnection system/Switch4","Switch4","",Inport:3;Outport:1;Enable:0;Trigger:0;State:0;LConn:0;RConn:0;Ifaction:0;Reset:0;Event:0,0,3,1,0,1,Candidate is not clearly compatible with the four-port IEEE39 line block.
"sps_lib/Electrical Machines/Synchronous Machine\nSI Fundamental/Electrical model/Machine measurements/Switch","Switch","",Inport:3;Outport:1;Enable:0;Trigger:0;State:0;LConn:0;RConn:0;Ifaction:0;Reset:0;Event:0,0,3,1,0,1,Candidate is not clearly compatible with the four-port IEEE39 line block.
"sps_lib/Electrical Machines/Synchronous Machine\nSI Fundamental/Electrical model/Synchronous Machine\nContinuous Model/Saturation/Lmd_sat/Switch","Switch","",Inport:3;Outport:1;Enable:0;Trigger:0;State:0;LConn:0;RConn:0;Ifaction:0;Reset:0;Event:0,0,3,1,0,1,Candidate is not clearly compatible with the four-port IEEE39 line block.
"sps_lib/Electrical Machines/Synchronous Machine\nSI Fundamental/Electrical model/Synchronous Machine\nContinuous Model/Saturation/Lmq_sat/Switch","Switch","",Inport:3;Outport:1;Enable:0;Trigger:0;State:0;LConn:0;RConn:0;Ifaction:0;Reset:0;Event:0,0,3,1,0,1,Candidate is not clearly compatible with the four-port IEEE39 line block.
"sps_lib/Electrical Machines/Synchronous Machine\nSI Fundamental/Electrical model/Synchronous Machine\nContinuous Model/Saturation/Switch1","Switch1","",Inport:3;Outport:1;Enable:0;Trigger:0;State:0;LConn:0;RConn:0;Ifaction:0;Reset:0;Event:0,0,3,1,0,1,Candidate is not clearly compatible with the four-port IEEE39 line block.
"sps_lib/Electrical Machines/Synchronous Machine\nSI Fundamental/Electrical model/Synchronous Machine\nContinuous Model/Saturation/Switch2","Switch2","",Inport:3;Outport:1;Enable:0;Trigger:0;State:0;LConn:0;RConn:0;Ifaction:0;Reset:0;Event:0,0,3,1,0,1,Candidate is not clearly compatible with the four-port IEEE39 line block.
"sps_lib/Electrical Machines/Synchronous Machine\nSI Fundamental/Electrical model/Synchronous Machine\nContinuous Model/Switch","Switch","",Inport:3;Outport:1;Enable:0;Trigger:0;State:0;LConn:0;RConn:0;Ifaction:0;Reset:0;Event:0,0,3,1,0,1,Candidate is not clearly compatible with the four-port IEEE39 line block.
"sps_lib/Electrical Machines/Synchronous Machine\nSI Fundamental/Electrical model/Synchronous Machine\nContinuous Model/Switch1","Switch1","",Inport:3;Outport:1;Enable:0;Trigger:0;State:0;LConn:0;RConn:0;Ifaction:0;Reset:0;Event:0,0,3,1,0,1,Candidate is not clearly compatible with the four-port IEEE39 line block.
"sps_lib/Electrical Machines/Synchronous Machine\nSI Fundamental/Electrical model/Synchronous Machine\nContinuous Model/Switch2","Switch2","",Inport:3;Outport:1;Enable:0;Trigger:0;State:0;LConn:0;RConn:0;Ifaction:0;Reset:0;Event:0,0,3,1,0,1,Candidate is not clearly compatible with the four-port IEEE39 line block.
"sps_lib/Electrical Machines/Synchronous Machine\nSI Fundamental/Electrical model/Synchronous Machine\nContinuous Model/Switch3","Switch3","",Inport:3;Outport:1;Enable:0;Trigger:0;State:0;LConn:0;RConn:0;Ifaction:0;Reset:0;Event:0,0,3,1,0,1,Candidate is not clearly compatible with the four-port IEEE39 line block.
"sps_lib/Electrical Machines/Synchronous Machine\npu Fundamental/Electrical model/Machine measurements/Switch","Switch","",Inport:3;Outport:1;Enable:0;Trigger:0;State:0;LConn:0;RConn:0;Ifaction:0;Reset:0;Event:0,0,3,1,0,1,Candidate is not clearly compatible with the four-port IEEE39 line block.
"sps_lib/Electrical Machines/Synchronous Machine\npu Fundamental/Electrical model/Synchronous Machine\nContinuous Model/Saturation/Lmd_sat/Switch","Switch","",Inport:3;Outport:1;Enable:0;Trigger:0;State:0;LConn:0;RConn:0;Ifaction:0;Reset:0;Event:0,0,3,1,0,1,Candidate is not clearly compatible with the four-port IEEE39 line block.
"sps_lib/Electrical Machines/Synchronous Machine\npu Fundamental/Electrical model/Synchronous Machine\nContinuous Model/Saturation/Lmq_sat/Switch","Switch","",Inport:3;Outport:1;Enable:0;Trigger:0;State:0;LConn:0;RConn:0;Ifaction:0;Reset:0;Event:0,0,3,1,0,1,Candidate is not clearly compatible with the four-port IEEE39 line block.
"sps_lib/Electrical Machines/Synchronous Machine\npu Fundamental/Electrical model/Synchronous Machine\nContinuous Model/Saturation/Switch1","Switch1","",Inport:3;Outport:1;Enable:0;Trigger:0;State:0;LConn:0;RConn:0;Ifaction:0;Reset:0;Event:0,0,3,1,0,1,Candidate is not clearly compatible with the four-port IEEE39 line block.
"sps_lib/Electrical Machines/Synchronous Machine\npu Fundamental/Electrical model/Synchronous Machine\nContinuous Model/Saturation/Switch2","Switch2","",Inport:3;Outport:1;Enable:0;Trigger:0;State:0;LConn:0;RConn:0;Ifaction:0;Reset:0;Event:0,0,3,1,0,1,Candidate is not clearly compatible with the four-port IEEE39 line block.
"sps_lib/Electrical Machines/Synchronous Machine\npu Fundamental/Electrical model/Synchronous Machine\nContinuous Model/Switch","Switch","",Inport:3;Outport:1;Enable:0;Trigger:0;State:0;LConn:0;RConn:0;Ifaction:0;Reset:0;Event:0,0,3,1,0,1,Candidate is not clearly compatible with the four-port IEEE39 line block.
"sps_lib/Electrical Machines/Synchronous Machine\npu Fundamental/Electrical model/Synchronous Machine\nContinuous Model/Switch1","Switch1","",Inport:3;Outport:1;Enable:0;Trigger:0;State:0;LConn:0;RConn:0;Ifaction:0;Reset:0;Event:0,0,3,1,0,1,Candidate is not clearly compatible with the four-port IEEE39 line block.
"sps_lib/Electrical Machines/Synchronous Machine\npu Fundamental/Electrical model/Synchronous Machine\nContinuous Model/Switch2","Switch2","",Inport:3;Outport:1;Enable:0;Trigger:0;State:0;LConn:0;RConn:0;Ifaction:0;Reset:0;Event:0,0,3,1,0,1,Candidate is not clearly compatible with the four-port IEEE39 line block.
"sps_lib/Electrical Machines/Synchronous Machine\npu Fundamental/Electrical model/Synchronous Machine\nContinuous Model/Switch3","Switch3","",Inport:3;Outport:1;Enable:0;Trigger:0;State:0;LConn:0;RConn:0;Ifaction:0;Reset:0;Event:0,0,3,1,0,1,Candidate is not clearly compatible with the four-port IEEE39 line block.
"sps_lib/Electrical Machines/Synchronous Machine\npu Standard/Electrical model/Machine measurements/Switch","Switch","",Inport:3;Outport:1;Enable:0;Trigger:0;State:0;LConn:0;RConn:0;Ifaction:0;Reset:0;Event:0,0,3,1,0,1,Candidate is not clearly compatible with the four-port IEEE39 line block.
"sps_lib/Electrical Machines/Synchronous Machine\npu Standard/Electrical model/Synchronous Machine\nContinuous Model/Saturation/Lmd_sat/Switch","Switch","",Inport:3;Outport:1;Enable:0;Trigger:0;State:0;LConn:0;RConn:0;Ifaction:0;Reset:0;Event:0,0,3,1,0,1,Candidate is not clearly compatible with the four-port IEEE39 line block.
"sps_lib/Electrical Machines/Synchronous Machine\npu Standard/Electrical model/Synchronous Machine\nContinuous Model/Saturation/Lmq_sat/Switch","Switch","",Inport:3;Outport:1;Enable:0;Trigger:0;State:0;LConn:0;RConn:0;Ifaction:0;Reset:0;Event:0,0,3,1,0,1,Candidate is not clearly compatible with the four-port IEEE39 line block.
"sps_lib/Electrical Machines/Synchronous Machine\npu Standard/Electrical model/Synchronous Machine\nContinuous Model/Saturation/Switch1","Switch1","",Inport:3;Outport:1;Enable:0;Trigger:0;State:0;LConn:0;RConn:0;Ifaction:0;Reset:0;Event:0,0,3,1,0,1,Candidate is not clearly compatible with the four-port IEEE39 line block.
"sps_lib/Electrical Machines/Synchronous Machine\npu Standard/Electrical model/Synchronous Machine\nContinuous Model/Saturation/Switch2","Switch2","",Inport:3;Outport:1;Enable:0;Trigger:0;State:0;LConn:0;RConn:0;Ifaction:0;Reset:0;Event:0,0,3,1,0,1,Candidate is not clearly compatible with the four-port IEEE39 line block.
"sps_lib/Electrical Machines/Synchronous Machine\npu Standard/Electrical model/Synchronous Machine\nContinuous Model/Switch","Switch","",Inport:3;Outport:1;Enable:0;Trigger:0;State:0;LConn:0;RConn:0;Ifaction:0;Reset:0;Event:0,0,3,1,0,1,Candidate is not clearly compatible with the four-port IEEE39 line block.
"sps_lib/Electrical Machines/Synchronous Machine\npu Standard/Electrical model/Synchronous Machine\nContinuous Model/Switch1","Switch1","",Inport:3;Outport:1;Enable:0;Trigger:0;State:0;LConn:0;RConn:0;Ifaction:0;Reset:0;Event:0,0,3,1,0,1,Candidate is not clearly compatible with the four-port IEEE39 line block.
"sps_lib/Electrical Machines/Synchronous Machine\npu Standard/Electrical model/Synchronous Machine\nContinuous Model/Switch2","Switch2","",Inport:3;Outport:1;Enable:0;Trigger:0;State:0;LConn:0;RConn:0;Ifaction:0;Reset:0;Event:0,0,3,1,0,1,Candidate is not clearly compatible with the four-port IEEE39 line block.
"sps_lib/Electrical Machines/Synchronous Machine\npu Standard/Electrical model/Synchronous Machine\nContinuous Model/Switch3","Switch3","",Inport:3;Outport:1;Enable:0;Trigger:0;State:0;LConn:0;RConn:0;Ifaction:0;Reset:0;Event:0,0,3,1,0,1,Candidate is not clearly compatible with the four-port IEEE39 line block.
"sps_lib/Electrical Machines/Synchronous Machine Control/AC1A\nExcitation System/Model/Rectifier/Switch Case","Switch Case","",Inport:1;Outport:4;Enable:0;Trigger:0;State:0;LConn:0;RConn:0;Ifaction:0;Reset:0;Event:0,0,1,4,0,1,Candidate is not clearly compatible with the four-port IEEE39 line block.
"sps_lib/Electrical Machines/Synchronous Machine Control/AC4A\nExcitation System/Model/Vaminmax/Subsystem/Saturation\nDynamic/Switch","Switch","",Inport:3;Outport:1;Enable:0;Trigger:0;State:0;LConn:0;RConn:0;Ifaction:0;Reset:0;Event:0,0,3,1,0,1,Candidate is not clearly compatible with the four-port IEEE39 line block.
"sps_lib/Electrical Machines/Synchronous Machine Control/AC4A\nExcitation System/Model/Vaminmax/Subsystem/Saturation\nDynamic/Switch2","Switch2","",Inport:3;Outport:1;Enable:0;Trigger:0;State:0;LConn:0;RConn:0;Ifaction:0;Reset:0;Event:0,0,3,1,0,1,Candidate is not clearly compatible with the four-port IEEE39 line block.
"sps_lib/Electrical Machines/Synchronous Machine Control/DC2A\nExcitation System/Model/Vaminmax1/Subsystem/Saturation\nDynamic/Switch","Switch","",Inport:3;Outport:1;Enable:0;Trigger:0;State:0;LConn:0;RConn:0;Ifaction:0;Reset:0;Event:0,0,3,1,0,1,Candidate is not clearly compatible with the four-port IEEE39 line block.
"sps_lib/Electrical Machines/Synchronous Machine Control/DC2A\nExcitation System/Model/Vaminmax1/Subsystem/Saturation\nDynamic/Switch2","Switch2","",Inport:3;Outport:1;Enable:0;Trigger:0;State:0;LConn:0;RConn:0;Ifaction:0;Reset:0;Event:0,0,3,1,0,1,Candidate is not clearly compatible with the four-port IEEE39 line block.
"sps_lib/Electrical Machines/Synchronous Machine Control/Hydraulic Turbine\nand Governor/Model/Switch","Switch","",Inport:3;Outport:1;Enable:0;Trigger:0;State:0;LConn:0;RConn:0;Ifaction:0;Reset:0;Event:0,0,3,1,0,1,Candidate is not clearly compatible with the four-port IEEE39 line block.
"sps_lib/Electrical Machines/Synchronous Machine Control/Multi-Band\nPower System Stabilizer/Model/Transfer function\nfor detailed model\n(HF)/Switch1","Switch1","",Inport:3;Outport:1;Enable:0;Trigger:0;State:0;LConn:0;RConn:0;Ifaction:0;Reset:0;Event:0,0,3,1,0,1,Candidate is not clearly compatible with the four-port IEEE39 line block.
"sps_lib/Electrical Machines/Synchronous Machine Control/Multi-Band\nPower System Stabilizer/Model/Transfer function\nfor detailed model\n(HF)/Switch2","Switch2","",Inport:3;Outport:1;Enable:0;Trigger:0;State:0;LConn:0;RConn:0;Ifaction:0;Reset:0;Event:0,0,3,1,0,1,Candidate is not clearly compatible with the four-port IEEE39 line block.
"sps_lib/Electrical Machines/Synchronous Machine Control/Multi-Band\nPower System Stabilizer/Model/Transfer function\nfor detailed model\n(IF)/Switch1","Switch1","",Inport:3;Outport:1;Enable:0;Trigger:0;State:0;LConn:0;RConn:0;Ifaction:0;Reset:0;Event:0,0,3,1,0,1,Candidate is not clearly compatible with the four-port IEEE39 line block.
"sps_lib/Electrical Machines/Synchronous Machine Control/Multi-Band\nPower System Stabilizer/Model/Transfer function\nfor detailed model\n(IF)/Switch2","Switch2","",Inport:3;Outport:1;Enable:0;Trigger:0;State:0;LConn:0;RConn:0;Ifaction:0;Reset:0;Event:0,0,3,1,0,1,Candidate is not clearly compatible with the four-port IEEE39 line block.
"sps_lib/Electrical Machines/Synchronous Machine Control/Multi-Band\nPower System Stabilizer/Model/Transfer function\nfor detailed model\n(LF)/Switch1","Switch1","",Inport:3;Outport:1;Enable:0;Trigger:0;State:0;LConn:0;RConn:0;Ifaction:0;Reset:0;Event:0,0,3,1,0,1,Candidate is not clearly compatible with the four-port IEEE39 line block.
"sps_lib/Electrical Machines/Synchronous Machine Control/Multi-Band\nPower System Stabilizer/Model/Transfer function\nfor detailed model\n(LF)/Switch2","Switch2","",Inport:3;Outport:1;Enable:0;Trigger:0;State:0;LConn:0;RConn:0;Ifaction:0;Reset:0;Event:0,0,3,1,0,1,Candidate is not clearly compatible with the four-port IEEE39 line block.
"sps_lib/Electrical Machines/Synchronous Machine Control/ST1A\nExcitation System/Model/Subsystem/Saturation\nDynamic/Switch","Switch","",Inport:3;Outport:1;Enable:0;Trigger:0;State:0;LConn:0;RConn:0;Ifaction:0;Reset:0;Event:0,0,3,1,0,1,Candidate is not clearly compatible with the four-port IEEE39 line block.
"sps_lib/Electrical Machines/Synchronous Machine Control/ST1A\nExcitation System/Model/Subsystem/Saturation\nDynamic/Switch2","Switch2","",Inport:3;Outport:1;Enable:0;Trigger:0;State:0;LConn:0;RConn:0;Ifaction:0;Reset:0;Event:0,0,3,1,0,1,Candidate is not clearly compatible with the four-port IEEE39 line block.
"sps_lib/Electrical Machines/Synchronous Machine Control/ST2A\nExcitation System/Model/Rectifier/Switch Case","Switch Case","",Inport:1;Outport:4;Enable:0;Trigger:0;State:0;LConn:0;RConn:0;Ifaction:0;Reset:0;Event:0,0,1,4,0,1,Candidate is not clearly compatible with the four-port IEEE39 line block.
"sps_lib/Electrical Machines/Synchronous Machine Control/Steam Turbine\nand Governor/Model/4 mass shaft/Multiport\nSwitch1","Multiport\nSwitch1","",Inport:5;Outport:1;Enable:0;Trigger:0;State:0;LConn:0;RConn:0;Ifaction:0;Reset:0;Event:0,0,5,1,0,1,Candidate is not clearly compatible with the four-port IEEE39 line block.
"sps_lib/Electrical Machines/Synchronous Machine Control/Steam Turbine\nand Governor/Model/4 mass shaft/Multiport\nSwitch2","Multiport\nSwitch2","",Inport:5;Outport:1;Enable:0;Trigger:0;State:0;LConn:0;RConn:0;Ifaction:0;Reset:0;Event:0,0,5,1,0,1,Candidate is not clearly compatible with the four-port IEEE39 line block.
"sps_lib/Electrical Machines/Synchronous Machine Control/Steam Turbine\nand Governor/Model/4 mass shaft/Multiport\nSwitch3","Multiport\nSwitch3","",Inport:5;Outport:1;Enable:0;Trigger:0;State:0;LConn:0;RConn:0;Ifaction:0;Reset:0;Event:0,0,5,1,0,1,Candidate is not clearly compatible with the four-port IEEE39 line block.
"sps_lib/Electrical Machines/Synchronous Machine Control/Steam Turbine\nand Governor/Model/Switch1","Switch1","",Inport:3;Outport:1;Enable:0;Trigger:0;State:0;LConn:0;RConn:0;Ifaction:0;Reset:0;Event:0,0,3,1,0,1,Candidate is not clearly compatible with the four-port IEEE39 line block.
"sps_lib/Electrical Machines/Synchronous Machine Control/Steam Turbine\nand Governor/Model/steam\nturbine/Stage1/Switch","Switch","",Inport:3;Outport:1;Enable:0;Trigger:0;State:0;LConn:0;RConn:0;Ifaction:0;Reset:0;Event:0,0,3,1,0,1,Candidate is not clearly compatible with the four-port IEEE39 line block.
"sps_lib/Electrical Machines/Synchronous Machine Control/Steam Turbine\nand Governor/Model/steam\nturbine/Stage2 /Switch1","Switch1","",Inport:3;Outport:1;Enable:0;Trigger:0;State:0;LConn:0;RConn:0;Ifaction:0;Reset:0;Event:0,0,3,1,0,1,Candidate is not clearly compatible with the four-port IEEE39 line block.
"sps_lib/Electrical Machines/Synchronous Machine Control/Steam Turbine\nand Governor/Model/steam\nturbine/Stage3/Switch2","Switch2","",Inport:3;Outport:1;Enable:0;Trigger:0;State:0;LConn:0;RConn:0;Ifaction:0;Reset:0;Event:0,0,3,1,0,1,Candidate is not clearly compatible with the four-port IEEE39 line block.
"sps_lib/Electrical Machines/Synchronous Machine Control/Steam Turbine\nand Governor/Model/steam\nturbine/Stage4 /Switch3","Switch3","",Inport:3;Outport:1;Enable:0;Trigger:0;State:0;LConn:0;RConn:0;Ifaction:0;Reset:0;Event:0,0,3,1,0,1,Candidate is not clearly compatible with the four-port IEEE39 line block.
"sps_lib/Electrical Machines/Wind Turbine\nDoubly-Fed Induction Generator\n(Phasor Type)/Generator & Converters/Asynchronous machine\nPositive sequence phasor model\nInputs and outputs are in per unit (pu)/Positive Sequence\nModel/Rotor/Switch","Switch","",Inport:3;Outport:1;Enable:0;Trigger:0;State:0;LConn:0;RConn:0;Ifaction:0;Reset:0;Event:0,0,3,1,0,1,Candidate is not clearly compatible with the four-port IEEE39 line block.
"sps_lib/Electrical Machines/Wind Turbine\nDoubly-Fed Induction Generator\n(Phasor Type)/Generator & Converters/Asynchronous machine\nPositive sequence phasor model\nInputs and outputs are in per unit (pu)/Positive Sequence\nModel/Rotor/Switch1","Switch1","",Inport:3;Outport:1;Enable:0;Trigger:0;State:0;LConn:0;RConn:0;Ifaction:0;Reset:0;Event:0,0,3,1,0,1,Candidate is not clearly compatible with the four-port IEEE39 line block.
"sps_lib/Electrical Machines/Wind Turbine\nDoubly-Fed Induction Generator\n(Phasor Type)/Generator & Converters/Asynchronous machine\nPositive sequence phasor model\nInputs and outputs are in per unit (pu)/Positive Sequence\nModel/Rotor/Switch2","Switch2","",Inport:3;Outport:1;Enable:0;Trigger:0;State:0;LConn:0;RConn:0;Ifaction:0;Reset:0;Event:0,0,3,1,0,1,Candidate is not clearly compatible with the four-port IEEE39 line block.
"sps_lib/Electrical Machines/Wind Turbine\nDoubly-Fed Induction Generator\n(Phasor Type)/Generator & Converters/Asynchronous machine\nPositive sequence phasor model\nInputs and outputs are in per unit (pu)/Positive Sequence\nModel/Rotor/Switch3","Switch3","",Inport:3;Outport:1;Enable:0;Trigger:0;State:0;LConn:0;RConn:0;Ifaction:0;Reset:0;Event:0,0,3,1,0,1,Candidate is not clearly compatible with the four-port IEEE39 line block.
"sps_lib/Electrical Machines/Wind Turbine\nDoubly-Fed Induction Generator\n(Phasor Type)/Generator & Converters/Asynchronous machine\nPositive sequence phasor model\nInputs and outputs are in per unit (pu)/Positive Sequence\nModel/Stator/Switch","Switch","",Inport:3;Outport:1;Enable:0;Trigger:0;State:0;LConn:0;RConn:0;Ifaction:0;Reset:0;Event:0,0,3,1,0,1,Candidate is not clearly compatible with the four-port IEEE39 line block.
"sps_lib/Electrical Machines/Wind Turbine\nDoubly-Fed Induction Generator\n(Phasor Type)/Generator & Converters/Asynchronous machine\nPositive sequence phasor model\nInputs and outputs are in per unit (pu)/Positive Sequence\nModel/Stator/Switch1","Switch1","",Inport:3;Outport:1;Enable:0;Trigger:0;State:0;LConn:0;RConn:0;Ifaction:0;Reset:0;Event:0,0,3,1,0,1,Candidate is not clearly compatible with the four-port IEEE39 line block.
"sps_lib/Electrical Machines/Wind Turbine\nDoubly-Fed Induction Generator\n(Phasor Type)/Generator & Converters/Asynchronous machine\nPositive sequence phasor model\nInputs and outputs are in per unit (pu)/Positive Sequence\nModel/Stator/Switch2","Switch2","",Inport:3;Outport:1;Enable:0;Trigger:0;State:0;LConn:0;RConn:0;Ifaction:0;Reset:0;Event:0,0,3,1,0,1,Candidate is not clearly compatible with the four-port IEEE39 line block.
"sps_lib/Electrical Machines/Wind Turbine\nDoubly-Fed Induction Generator\n(Phasor Type)/Generator & Converters/Asynchronous machine\nPositive sequence phasor model\nInputs and outputs are in per unit (pu)/Positive Sequence\nModel/Stator/Switch3","Switch3","",Inport:3;Outport:1;Enable:0;Trigger:0;State:0;LConn:0;RConn:0;Ifaction:0;Reset:0;Event:0,0,3,1,0,1,Candidate is not clearly compatible with the four-port IEEE39 line block.
"sps_lib/Electrical Machines/Wind Turbine\nDoubly-Fed Induction Generator\n(Phasor Type)/Generator & Converters/Control/wind_dfig_grid/Idq references/Switch","Switch","",Inport:3;Outport:1;Enable:0;Trigger:0;State:0;LConn:0;RConn:0;Ifaction:0;Reset:0;Event:0,0,3,1,0,1,Candidate is not clearly compatible with the four-port IEEE39 line block.
"sps_lib/Electrical Machines/Wind Turbine\nDoubly-Fed Induction Generator\n(Phasor Type)/Generator & Converters/Control/wind_dfig_rotor/Power Regulator/Subsystem/Looses/Mean Value/Switch","Switch","",Inport:3;Outport:1;Enable:0;Trigger:0;State:0;LConn:0;RConn:0;Ifaction:0;Reset:0;Event:0,0,3,1,0,1,Candidate is not clearly compatible with the four-port IEEE39 line block.
"sps_lib/Electrical Machines/Wind Turbine\nDoubly-Fed Induction Generator\n(Phasor Type)/Generator & Converters/Control/wind_dfig_rotor/Power Regulator/Subsystem/Mean Value/Switch","Switch","",Inport:3;Outport:1;Enable:0;Trigger:0;State:0;LConn:0;RConn:0;Ifaction:0;Reset:0;Event:0,0,3,1,0,1,Candidate is not clearly compatible with the four-port IEEE39 line block.
"sps_lib/Electrical Machines/Wind Turbine\nDoubly-Fed Induction Generator\n(Phasor Type)/Generator & Converters/Control/wind_dfig_rotor/Power Regulator/Subsystem/Switch","Switch","",Inport:3;Outport:1;Enable:0;Trigger:0;State:0;LConn:0;RConn:0;Ifaction:0;Reset:0;Event:0,0,3,1,0,1,Candidate is not clearly compatible with the four-port IEEE39 line block.
"sps_lib/Electrical Machines/Wind Turbine\nDoubly-Fed Induction Generator\n(Phasor Type)/Generator & Converters/Control/wind_dfig_rotor/Power Regulator/Subsystem /Mean Value/Switch","Switch","",Inport:3;Outport:1;Enable:0;Trigger:0;State:0;LConn:0;RConn:0;Ifaction:0;Reset:0;Event:0,0,3,1,0,1,Candidate is not clearly compatible with the four-port IEEE39 line block.
"sps_lib/Electrical Machines/Wind Turbine\nDoubly-Fed Induction Generator\n(Phasor Type)/Generator & Converters/Control/wind_dfig_rotor/Power Regulator/Switch","Switch","",Inport:3;Outport:1;Enable:0;Trigger:0;State:0;LConn:0;RConn:0;Ifaction:0;Reset:0;Event:0,0,3,1,0,1,Candidate is not clearly compatible with the four-port IEEE39 line block.
"sps_lib/Electrical Machines/Wind Turbine\nDoubly-Fed Induction Generator\n(Phasor Type)/Generator & Converters/Control/wind_dfig_rotor/Priority Idr/Switch","Switch","",Inport:3;Outport:1;Enable:0;Trigger:0;State:0;LConn:0;RConn:0;Ifaction:0;Reset:0;Event:0,0,3,1,0,1,Candidate is not clearly compatible with the four-port IEEE39 line block.
"sps_lib/Electrical Machines/Wind Turbine\nDoubly-Fed Induction Generator\n(Phasor Type)/Generator & Converters/Control/wind_dfig_rotor/Q Regulator/Mean Value/Switch","Switch","",Inport:3;Outport:1;Enable:0;Trigger:0;State:0;LConn:0;RConn:0;Ifaction:0;Reset:0;Event:0,0,3,1,0,1,Candidate is not clearly compatible with the four-port IEEE39 line block.
"sps_lib/Electrical Machines/Wind Turbine\nDoubly-Fed Induction Generator\n(Phasor Type)/Generator & Converters/Control/wind_dfig_rotor/Switch","Switch","",Inport:3;Outport:1;Enable:0;Trigger:0;State:0;LConn:0;RConn:0;Ifaction:0;Reset:0;Event:0,0,3,1,0,1,Candidate is not clearly compatible with the four-port IEEE39 line block.
"sps_lib/Electrical Machines/Wind Turbine\nDoubly-Fed Induction Generator\n(Phasor Type)/Generator & Converters/Control/wind_dfig_rotor/V Regulator/Mean Value/Switch","Switch","",Inport:3;Outport:1;Enable:0;Trigger:0;State:0;LConn:0;RConn:0;Ifaction:0;Reset:0;Event:0,0,3,1,0,1,Candidate is not clearly compatible with the four-port IEEE39 line block.
"sps_lib/Electrical Machines/Wind Turbine\nDoubly-Fed Induction Generator\n(Phasor Type)/Generator & Converters/Control/wind_dfig_rotor/V Regulator/Mean Value1/Switch","Switch","",Inport:3;Outport:1;Enable:0;Trigger:0;State:0;LConn:0;RConn:0;Ifaction:0;Reset:0;Event:0,0,3,1,0,1,Candidate is not clearly compatible with the four-port IEEE39 line block.
"sps_lib/Electrical Machines/Wind Turbine\nDoubly-Fed Induction Generator\n(Phasor Type)/Generator & Converters/Grid-side converter currents\n&\nConverters power/d-q axis model\nof a 3-phase\nseries R-L branch/Switch","Switch","",Inport:3;Outport:1;Enable:0;Trigger:0;State:0;LConn:0;RConn:0;Ifaction:0;Reset:0;Event:0,0,3,1,0,1,Candidate is not clearly compatible with the four-port IEEE39 line block.
"sps_lib/Electrical Machines/Wind Turbine\nDoubly-Fed Induction Generator\n(Phasor Type)/Generator & Converters/Grid-side converter currents\n&\nConverters power/d-q axis model\nof a 3-phase\nseries R-L branch/Switch1","Switch1","",Inport:3;Outport:1;Enable:0;Trigger:0;State:0;LConn:0;RConn:0;Ifaction:0;Reset:0;Event:0,0,3,1,0,1,Candidate is not clearly compatible with the four-port IEEE39 line block.
"sps_lib/Electrical Machines/Wind Turbine\nDoubly-Fed Induction Generator\n(Phasor Type)/Switch","Switch","",Inport:3;Outport:1;Enable:0;Trigger:0;State:0;LConn:0;RConn:0;Ifaction:0;Reset:0;Event:0,0,3,1,0,1,Candidate is not clearly compatible with the four-port IEEE39 line block.
"sps_lib/Electrical Machines/Wind Turbine\nInduction Generator\n(Phasor Type)/Asynchronous Machine/Electrical model/Asynchronous Machine\nState-space model/Saturation/Switch","Switch","",Inport:3;Outport:1;Enable:0;Trigger:0;State:0;LConn:0;RConn:0;Ifaction:0;Reset:0;Event:0,0,3,1,0,1,Candidate is not clearly compatible with the four-port IEEE39 line block.
"sps_lib/Electrical Machines/Wind Turbine\nInduction Generator\n(Phasor Type)/Asynchronous Machine/Electrical model/Asynchronous Machine\nState-space model/Switch","Switch","",Inport:3;Outport:1;Enable:0;Trigger:0;State:0;LConn:0;RConn:0;Ifaction:0;Reset:0;Event:0,0,3,1,0,1,Candidate is not clearly compatible with the four-port IEEE39 line block.
"sps_lib/Electrical Machines/Wind Turbine\nInduction Generator\n(Phasor Type)/Asynchronous Machine/Electrical model/Asynchronous Machine\nState-space model/Switch1","Switch1","",Inport:3;Outport:1;Enable:0;Trigger:0;State:0;LConn:0;RConn:0;Ifaction:0;Reset:0;Event:0,0,3,1,0,1,Candidate is not clearly compatible with the four-port IEEE39 line block.
"sps_lib/Electrical Machines/Wind Turbine\nInduction Generator\n(Phasor Type)/Asynchronous Machine/Electrical model/Asynchronous Machine\nState-space model/Switch2","Switch2","",Inport:3;Outport:1;Enable:0;Trigger:0;State:0;LConn:0;RConn:0;Ifaction:0;Reset:0;Event:0,0,3,1,0,1,Candidate is not clearly compatible with the four-port IEEE39 line block.
"sps_lib/Electrical Machines/Wind Turbine\nInduction Generator\n(Phasor Type)/Asynchronous Machine/Electrical model/abc to dq \ntransformation/Multiport\nSwitch","Multiport\nSwitch","",Inport:4;Outport:1;Enable:0;Trigger:0;State:0;LConn:0;RConn:0;Ifaction:0;Reset:0;Event:0,0,4,1,0,1,Candidate is not clearly compatible with the four-port IEEE39 line block.
"sps_lib/Electrical Machines/Wind Turbine\nInduction Generator\n(Phasor Type)/Asynchronous Machine/Electrical model/abc to dq \ntransformation/Multiport\nSwitch1","Multiport\nSwitch1","",Inport:4;Outport:1;Enable:0;Trigger:0;State:0;LConn:0;RConn:0;Ifaction:0;Reset:0;Event:0,0,4,1,0,1,Candidate is not clearly compatible with the four-port IEEE39 line block.
"sps_lib/Electrical Machines/Wind Turbine\nInduction Generator\n(Phasor Type)/Asynchronous Machine/Electrical model/dq to abc\ntransformation/Multiport\nSwitch","Multiport\nSwitch","",Inport:4;Outport:1;Enable:0;Trigger:0;State:0;LConn:0;RConn:0;Ifaction:0;Reset:0;Event:0,0,4,1,0,1,Candidate is not clearly compatible with the four-port IEEE39 line block.
"sps_lib/Electrical Machines/Wind Turbine\nInduction Generator\n(Phasor Type)/Asynchronous Machine/Electrical model/dq to abc\ntransformation/Multiport\nSwitch1","Multiport\nSwitch1","",Inport:4;Outport:1;Enable:0;Trigger:0;State:0;LConn:0;RConn:0;Ifaction:0;Reset:0;Event:0,0,4,1,0,1,Candidate is not clearly compatible with the four-port IEEE39 line block.
"sps_lib/Electrical Machines/Wind Turbine\nInduction Generator\n(Phasor Type)/Asynchronous Machine/Electrical model/sin,cos/Multiport\nSwitch","Multiport\nSwitch","",Inport:4;Outport:1;Enable:0;Trigger:0;State:0;LConn:0;RConn:0;Ifaction:0;Reset:0;Event:0,0,4,1,0,1,Candidate is not clearly compatible with the four-port IEEE39 line block.
"sps_lib/Electrical Machines/Wind Turbine\nInduction Generator\n(Phasor Type)/Asynchronous Machine/Electrical model/sin,cos/Multiport\nSwitch1","Multiport\nSwitch1","",Inport:4;Outport:1;Enable:0;Trigger:0;State:0;LConn:0;RConn:0;Ifaction:0;Reset:0;Event:0,0,4,1,0,1,Candidate is not clearly compatible with the four-port IEEE39 line block.
"sps_lib/Electrical Machines/Wind Turbine\nInduction Generator\n(Phasor Type)/Data acquisition/Mean Value/Switch","Switch","",Inport:3;Outport:1;Enable:0;Trigger:0;State:0;LConn:0;RConn:0;Ifaction:0;Reset:0;Event:0,0,3,1,0,1,Candidate is not clearly compatible with the four-port IEEE39 line block.
"sps_lib/Electrical Machines/Wind Turbine\nInduction Generator\n(Phasor Type)/Switch","Switch","",Inport:3;Outport:1;Enable:0;Trigger:0;State:0;LConn:0;RConn:0;Ifaction:0;Reset:0;Event:0,0,3,1,0,1,Candidate is not clearly compatible with the four-port IEEE39 line block.
"sps_lib/Electrical Machines/Wind Turbine\nInduction Generator\n(Phasor Type)/Trip Breaker1/Breaker A/Model/Switch3","Switch3","",Inport:3;Outport:1;Enable:0;Trigger:0;State:0;LConn:0;RConn:0;Ifaction:0;Reset:0;Event:0,0,3,1,0,1,Candidate is not clearly compatible with the four-port IEEE39 line block.
"sps_lib/Electrical Machines/Wind Turbine\nInduction Generator\n(Phasor Type)/Trip Breaker1/Breaker B/Model/Switch3","Switch3","",Inport:3;Outport:1;Enable:0;Trigger:0;State:0;LConn:0;RConn:0;Ifaction:0;Reset:0;Event:0,0,3,1,0,1,Candidate is not clearly compatible with the four-port IEEE39 line block.
"sps_lib/Electrical Machines/Wind Turbine\nInduction Generator\n(Phasor Type)/Trip Breaker1/Breaker C/Model/Switch3","Switch3","",Inport:3;Outport:1;Enable:0;Trigger:0;State:0;LConn:0;RConn:0;Ifaction:0;Reset:0;Event:0,0,3,1,0,1,Candidate is not clearly compatible with the four-port IEEE39 line block.
"sps_lib/Electrical Machines/Wind Turbine\nInduction Generator\n(Phasor Type)/Trip Breaker1/Switch","Switch","",Inport:3;Outport:1;Enable:0;Trigger:0;State:0;LConn:0;RConn:0;Ifaction:0;Reset:0;Event:0,0,3,1,0,1,Candidate is not clearly compatible with the four-port IEEE39 line block.
"sps_lib/Electrical Machines/Wind Turbine\nInduction Generator\n(Phasor Type)/Trip Breaker1/Switch1","Switch1","",Inport:3;Outport:1;Enable:0;Trigger:0;State:0;LConn:0;RConn:0;Ifaction:0;Reset:0;Event:0,0,3,1,0,1,Candidate is not clearly compatible with the four-port IEEE39 line block.
"sps_lib/Electrical Machines/Wind Turbine\nInduction Generator\n(Phasor Type)/Trip Breaker1/Switch2","Switch2","",Inport:3;Outport:1;Enable:0;Trigger:0;State:0;LConn:0;RConn:0;Ifaction:0;Reset:0;Event:0,0,3,1,0,1,Candidate is not clearly compatible with the four-port IEEE39 line block.
"sps_lib/Electrical Machines/Wind Turbine\nInduction Generator\n(Phasor Type)/Trip Breaker1/Switch3","Switch3","",Inport:3;Outport:1;Enable:0;Trigger:0;State:0;LConn:0;RConn:0;Ifaction:0;Reset:0;Event:0,0,3,1,0,1,Candidate is not clearly compatible with the four-port IEEE39 line block.
"sps_lib/Electrical Machines/Wind Turbine\nInduction Generator\n(Phasor Type)/Trip Breaker2/Breaker A/Model/Switch3","Switch3","",Inport:3;Outport:1;Enable:0;Trigger:0;State:0;LConn:0;RConn:0;Ifaction:0;Reset:0;Event:0,0,3,1,0,1,Candidate is not clearly compatible with the four-port IEEE39 line block.
"sps_lib/Electrical Machines/Wind Turbine\nInduction Generator\n(Phasor Type)/Trip Breaker2/Breaker B/Model/Switch3","Switch3","",Inport:3;Outport:1;Enable:0;Trigger:0;State:0;LConn:0;RConn:0;Ifaction:0;Reset:0;Event:0,0,3,1,0,1,Candidate is not clearly compatible with the four-port IEEE39 line block.
"sps_lib/Electrical Machines/Wind Turbine\nInduction Generator\n(Phasor Type)/Trip Breaker2/Breaker C/Model/Switch3","Switch3","",Inport:3;Outport:1;Enable:0;Trigger:0;State:0;LConn:0;RConn:0;Ifaction:0;Reset:0;Event:0,0,3,1,0,1,Candidate is not clearly compatible with the four-port IEEE39 line block.
"sps_lib/Electrical Machines/Wind Turbine\nInduction Generator\n(Phasor Type)/Trip Breaker2/Switch","Switch","",Inport:3;Outport:1;Enable:0;Trigger:0;State:0;LConn:0;RConn:0;Ifaction:0;Reset:0;Event:0,0,3,1,0,1,Candidate is not clearly compatible with the four-port IEEE39 line block.
"sps_lib/Electrical Machines/Wind Turbine\nInduction Generator\n(Phasor Type)/Trip Breaker2/Switch1","Switch1","",Inport:3;Outport:1;Enable:0;Trigger:0;State:0;LConn:0;RConn:0;Ifaction:0;Reset:0;Event:0,0,3,1,0,1,Candidate is not clearly compatible with the four-port IEEE39 line block.
"sps_lib/Electrical Machines/Wind Turbine\nInduction Generator\n(Phasor Type)/Trip Breaker2/Switch2","Switch2","",Inport:3;Outport:1;Enable:0;Trigger:0;State:0;LConn:0;RConn:0;Ifaction:0;Reset:0;Event:0,0,3,1,0,1,Candidate is not clearly compatible with the four-port IEEE39 line block.
"sps_lib/Electrical Machines/Wind Turbine\nInduction Generator\n(Phasor Type)/Trip Breaker2/Switch3","Switch3","",Inport:3;Outport:1;Enable:0;Trigger:0;State:0;LConn:0;RConn:0;Ifaction:0;Reset:0;Event:0,0,3,1,0,1,Candidate is not clearly compatible with the four-port IEEE39 line block.
"sps_lib/Passives/Surge Arrester/Model/Switch1","Switch1","",Inport:3;Outport:1;Enable:0;Trigger:0;State:0;LConn:0;RConn:0;Ifaction:0;Reset:0;Event:0,0,3,1,0,1,Candidate is not clearly compatible with the four-port IEEE39 line block.
"sps_lib/Passives/Surge Arrester/Model/Switch2","Switch2","",Inport:3;Outport:1;Enable:0;Trigger:0;State:0;LConn:0;RConn:0;Ifaction:0;Reset:0;Event:0,0,3,1,0,1,Candidate is not clearly compatible with the four-port IEEE39 line block.
"sps_lib/Passives/Three-Phase\nDynamic Load/Model/Mean\n(Variable Frequency)/Model/Switch","Switch","",Inport:3;Outport:1;Enable:0;Trigger:0;State:0;LConn:0;RConn:0;Ifaction:0;Reset:0;Event:0,0,3,1,0,1,Candidate is not clearly compatible with the four-port IEEE39 line block.
"sps_lib/Passives/Three-Phase\nDynamic Load/Model/Mean\n(Variable Frequency)1/Model/Switch","Switch","",Inport:3;Outport:1;Enable:0;Trigger:0;State:0;LConn:0;RConn:0;Ifaction:0;Reset:0;Event:0,0,3,1,0,1,Candidate is not clearly compatible with the four-port IEEE39 line block.
"sps_lib/Passives/Three-Phase\nDynamic Load/Model/PLL/Variable Frequency\nMean value/Model/Switch","Switch","",Inport:3;Outport:1;Enable:0;Trigger:0;State:0;LConn:0;RConn:0;Ifaction:0;Reset:0;Event:0,0,3,1,0,1,Candidate is not clearly compatible with the four-port IEEE39 line block.
"sps_lib/Passives/Three-Phase\nDynamic Load/Model/Positive Sequence \ncurrent/Switch1","Switch1","",Inport:3;Outport:1;Enable:0;Trigger:0;State:0;LConn:0;RConn:0;Ifaction:0;Reset:0;Event:0,0,3,1,0,1,Candidate is not clearly compatible with the four-port IEEE39 line block.
"sps_lib/Passives/Three-Phase\nDynamic Load/Model/Positive Sequence \ncurrent/Switch3","Switch3","",Inport:3;Outport:1;Enable:0;Trigger:0;State:0;LConn:0;RConn:0;Ifaction:0;Reset:0;Event:0,0,3,1,0,1,Candidate is not clearly compatible with the four-port IEEE39 line block.
"sps_lib/Passives/Three-Phase\nDynamic Load/Model/Positive Sequence \ncurrent/Switch4","Switch4","",Inport:3;Outport:1;Enable:0;Trigger:0;State:0;LConn:0;RConn:0;Ifaction:0;Reset:0;Event:0,0,3,1,0,1,Candidate is not clearly compatible with the four-port IEEE39 line block.
"sps_lib/Passives/Three-Phase\nDynamic Load/Model/dq0 to abc/dq0 to\nAlpha-Beta-Zero/Switch","Switch","",Inport:3;Outport:1;Enable:0;Trigger:0;State:0;LConn:0;RConn:0;Ifaction:0;Reset:0;Event:0,0,3,1,0,1,Candidate is not clearly compatible with the four-port IEEE39 line block.
"sps_lib/Passives/Variable Capacitor/Nearzero\nresistance/Switch","Switch","",Inport:3;Outport:1;Enable:0;Trigger:0;State:0;LConn:0;RConn:0;Ifaction:0;Reset:0;Event:0,0,3,1,0,1,Candidate is not clearly compatible with the four-port IEEE39 line block.
"sps_lib/Passives/Variable Capacitor/Nearzero\nresistance/Switch1","Switch1","",Inport:3;Outport:1;Enable:0;Trigger:0;State:0;LConn:0;RConn:0;Ifaction:0;Reset:0;Event:0,0,3,1,0,1,Candidate is not clearly compatible with the four-port IEEE39 line block.
"sps_lib/Passives/Variable Inductor/Nearzero\nresistance/Switch","Switch","",Inport:3;Outport:1;Enable:0;Trigger:0;State:0;LConn:0;RConn:0;Ifaction:0;Reset:0;Event:0,0,3,1,0,1,Candidate is not clearly compatible with the four-port IEEE39 line block.
"sps_lib/Passives/Variable Inductor/Nearzero\nresistance/Switch1","Switch1","",Inport:3;Outport:1;Enable:0;Trigger:0;State:0;LConn:0;RConn:0;Ifaction:0;Reset:0;Event:0,0,3,1,0,1,Candidate is not clearly compatible with the four-port IEEE39 line block.
"sps_lib/Passives/Variable Resistor/Nearzero\nresistance/Switch","Switch","",Inport:3;Outport:1;Enable:0;Trigger:0;State:0;LConn:0;RConn:0;Ifaction:0;Reset:0;Event:0,0,3,1,0,1,Candidate is not clearly compatible with the four-port IEEE39 line block.
"sps_lib/Passives/Variable Resistor/Nearzero\nresistance/Switch1","Switch1","",Inport:3;Outport:1;Enable:0;Trigger:0;State:0;LConn:0;RConn:0;Ifaction:0;Reset:0;Event:0,0,3,1,0,1,Candidate is not clearly compatible with the four-port IEEE39 line block.
"sps_lib/Power Electronics/Boost Converter/Model/D1/Model/iSwitch","iSwitch","",Inport:1;Outport:0;Enable:0;Trigger:0;State:0;LConn:0;RConn:0;Ifaction:0;Reset:0;Event:0,0,1,0,0,1,Candidate is not clearly compatible with the four-port IEEE39 line block.
"sps_lib/Power Electronics/Boost Converter/Model/Q2/Model/iSwitch","iSwitch","",Inport:1;Outport:0;Enable:0;Trigger:0;State:0;LConn:0;RConn:0;Ifaction:0;Reset:0;Event:0,0,1,0,0,1,Candidate is not clearly compatible with the four-port IEEE39 line block.
"sps_lib/Power Electronics/Buck Converter/Model/D2/Model/iSwitch","iSwitch","",Inport:1;Outport:0;Enable:0;Trigger:0;State:0;LConn:0;RConn:0;Ifaction:0;Reset:0;Event:0,0,1,0,0,1,Candidate is not clearly compatible with the four-port IEEE39 line block.
"sps_lib/Power Electronics/Buck Converter/Model/Q1/Model/iSwitch","iSwitch","",Inport:1;Outport:0;Enable:0;Trigger:0;State:0;LConn:0;RConn:0;Ifaction:0;Reset:0;Event:0,0,1,0,0,1,Candidate is not clearly compatible with the four-port IEEE39 line block.
"sps_lib/Power Electronics/Detailed Thyristor/Model/iSwitch","iSwitch","",Inport:1;Outport:0;Enable:0;Trigger:0;State:0;LConn:0;RConn:0;Ifaction:0;Reset:0;Event:0,0,1,0,0,1,Candidate is not clearly compatible with the four-port IEEE39 line block.
"sps_lib/Power Electronics/Diode/Model/iSwitch","iSwitch","",Inport:1;Outport:0;Enable:0;Trigger:0;State:0;LConn:0;RConn:0;Ifaction:0;Reset:0;Event:0,0,1,0,0,1,Candidate is not clearly compatible with the four-port IEEE39 line block.
"sps_lib/Power Electronics/Gto/Model/iSwitch","iSwitch","",Inport:1;Outport:0;Enable:0;Trigger:0;State:0;LConn:0;RConn:0;Ifaction:0;Reset:0;Event:0,0,1,0,0,1,Candidate is not clearly compatible with the four-port IEEE39 line block.
"sps_lib/Power Electronics/IGBT/Model/iSwitch","iSwitch","",Inport:1;Outport:0;Enable:0;Trigger:0;State:0;LConn:0;RConn:0;Ifaction:0;Reset:0;Event:0,0,1,0,0,1,Candidate is not clearly compatible with the four-port IEEE39 line block.
"sps_lib/Power Electronics/Mosfet/Diode/Model/iSwitch","iSwitch","",Inport:1;Outport:0;Enable:0;Trigger:0;State:0;LConn:0;RConn:0;Ifaction:0;Reset:0;Event:0,0,1,0,0,1,Candidate is not clearly compatible with the four-port IEEE39 line block.
"sps_lib/Power Electronics/Power Electronics Control/Overmodulation/Multiport\nSwitch","Multiport\nSwitch","",Inport:4;Outport:1;Enable:0;Trigger:0;State:0;LConn:0;RConn:0;Ifaction:0;Reset:0;Event:0,0,4,1,0,1,Candidate is not clearly compatible with the four-port IEEE39 line block.
"sps_lib/Power Electronics/Power Electronics Control/PWM Generator\n(3-Level)/Multiport\nSwitch","Multiport\nSwitch","",Inport:3;Outport:1;Enable:0;Trigger:0;State:0;LConn:0;RConn:0;Ifaction:0;Reset:0;Event:0,0,3,1,0,1,Candidate is not clearly compatible with the four-port IEEE39 line block.
"sps_lib/Power Electronics/Power Electronics Control/PWM Generator\n(3-Level)/Multiport\nSwitch1","Multiport\nSwitch1","",Inport:3;Outport:1;Enable:0;Trigger:0;State:0;LConn:0;RConn:0;Ifaction:0;Reset:0;Event:0,0,3,1,0,1,Candidate is not clearly compatible with the four-port IEEE39 line block.
"sps_lib/Power Electronics/Power Electronics Control/PWM Generator\n(3-Level)/Multiport\nSwitch2","Multiport\nSwitch2","",Inport:3;Outport:1;Enable:0;Trigger:0;State:0;LConn:0;RConn:0;Ifaction:0;Reset:0;Event:0,0,3,1,0,1,Candidate is not clearly compatible with the four-port IEEE39 line block.
"sps_lib/Power Electronics/Power Electronics Control/PWM Generator\n(3-Level)/State-to-Pulses\nDecoder/Multiport\nSwitch","Multiport\nSwitch","",Inport:4;Outport:1;Enable:0;Trigger:0;State:0;LConn:0;RConn:0;Ifaction:0;Reset:0;Event:0,0,4,1,0,1,Candidate is not clearly compatible with the four-port IEEE39 line block.
"sps_lib/Power Electronics/Power Electronics Control/PWM Generator\n(3-Level)/State-to-Pulses\nDecoder/Multiport\nSwitch3","Multiport\nSwitch3","",Inport:4;Outport:1;Enable:0;Trigger:0;State:0;LConn:0;RConn:0;Ifaction:0;Reset:0;Event:0,0,4,1,0,1,Candidate is not clearly compatible with the four-port IEEE39 line block.
"sps_lib/Power Electronics/Power Electronics Control/PWM Generator\n(3-Level)/State-to-Pulses\nDecoder/Multiport\nSwitch4","Multiport\nSwitch4","",Inport:4;Outport:1;Enable:0;Trigger:0;State:0;LConn:0;RConn:0;Ifaction:0;Reset:0;Event:0,0,4,1,0,1,Candidate is not clearly compatible with the four-port IEEE39 line block.
"sps_lib/Power Electronics/Power Electronics Control/Pulse Generator\n(Thyristor, 12-Pulse)/Sample and\nHold/Model/Switch","Switch","",Inport:3;Outport:1;Enable:0;Trigger:0;State:0;LConn:0;RConn:0;Ifaction:0;Reset:0;Event:0,0,3,1,0,1,Candidate is not clearly compatible with the four-port IEEE39 line block.
"sps_lib/Power Electronics/Power Electronics Control/Pulse Generator\n(Thyristor, 6-Pulse)/Sample and\nHold/Model/Switch","Switch","",Inport:3;Outport:1;Enable:0;Trigger:0;State:0;LConn:0;RConn:0;Ifaction:0;Reset:0;Event:0,0,3,1,0,1,Candidate is not clearly compatible with the four-port IEEE39 line block.
"sps_lib/Power Electronics/Power Electronics Control/SVPWM Generator\n(2-Level)/Model/Determine\nreference vector (U*)/Switch","Switch","",Inport:3;Outport:1;Enable:0;Trigger:0;State:0;LConn:0;RConn:0;Ifaction:0;Reset:0;Event:0,0,3,1,0,1,Candidate is not clearly compatible with the four-port IEEE39 line block.
"sps_lib/Power Electronics/Power Electronics Control/SVPWM Generator\n(2-Level)/Model/Determine\nreference vector (U*)/Switch1","Switch1","",Inport:3;Outport:1;Enable:0;Trigger:0;State:0;LConn:0;RConn:0;Ifaction:0;Reset:0;Event:0,0,3,1,0,1,Candidate is not clearly compatible with the four-port IEEE39 line block.
"sps_lib/Power Electronics/Power Electronics Control/SVPWM Generator\n(2-Level)/Model/Determine\nreference vector (U*)/Switch2","Switch2","",Inport:3;Outport:1;Enable:0;Trigger:0;State:0;LConn:0;RConn:0;Ifaction:0;Reset:0;Event:0,0,3,1,0,1,Candidate is not clearly compatible with the four-port IEEE39 line block.
"sps_lib/Power Electronics/Power Electronics Control/SVPWM Generator\n(2-Level)/Model/Determine\nreference vector (U*)/Switch3","Switch3","",Inport:3;Outport:1;Enable:0;Trigger:0;State:0;LConn:0;RConn:0;Ifaction:0;Reset:0;Event:0,0,3,1,0,1,Candidate is not clearly compatible with the four-port IEEE39 line block.
"sps_lib/Power Electronics/Power Electronics Control/SVPWM Generator\n(2-Level)/Model/Multiport\nSwitch","Multiport\nSwitch","",Inport:3;Outport:1;Enable:0;Trigger:0;State:0;LConn:0;RConn:0;Ifaction:0;Reset:0;Event:0,0,3,1,0,1,Candidate is not clearly compatible with the four-port IEEE39 line block.
"sps_lib/Power Electronics/Power Electronics Control/SVPWM Generator\n(2-Level)/Model/SV Modulator\nPattern #1/Compute time duration of\nswitching states (Ta,Tb,To) /Switch1","Switch1","",Inport:3;Outport:1;Enable:0;Trigger:0;State:0;LConn:0;RConn:0;Ifaction:0;Reset:0;Event:0,0,3,1,0,1,Candidate is not clearly compatible with the four-port IEEE39 line block.
"sps_lib/Power Electronics/Power Electronics Control/SVPWM Generator\n(2-Level)/Model/SV Modulator\nPattern #2/Multiport\nSwitch","Multiport\nSwitch","",Inport:7;Outport:1;Enable:0;Trigger:0;State:0;LConn:0;RConn:0;Ifaction:0;Reset:0;Event:0,0,7,1,0,1,Candidate is not clearly compatible with the four-port IEEE39 line block.
"sps_lib/Power Electronics/Power Electronics Control/SVPWM Generator\n(2-Level)/Model/SV Modulator\nPattern #2/Multiport\nSwitch1","Multiport\nSwitch1","",Inport:7;Outport:1;Enable:0;Trigger:0;State:0;LConn:0;RConn:0;Ifaction:0;Reset:0;Event:0,0,7,1,0,1,Candidate is not clearly compatible with the four-port IEEE39 line block.
"sps_lib/Power Electronics/Power Electronics Control/SVPWM Generator\n(2-Level)/Model/SV Modulator\nPattern #2/Multiport\nSwitch2","Multiport\nSwitch2","",Inport:7;Outport:1;Enable:0;Trigger:0;State:0;LConn:0;RConn:0;Ifaction:0;Reset:0;Event:0,0,7,1,0,1,Candidate is not clearly compatible with the four-port IEEE39 line block.
"sps_lib/Power Electronics/Power Electronics Control/SVPWM Generator\n(3-Level)/Pulses Generation/Multiport\nSwitch1","Multiport\nSwitch1","",Inport:7;Outport:1;Enable:0;Trigger:0;State:0;LConn:0;RConn:0;Ifaction:0;Reset:0;Event:0,0,7,1,0,1,Candidate is not clearly compatible with the four-port IEEE39 line block.
"sps_lib/Power Electronics/Power Electronics Control/SVPWM Generator\n(3-Level)/Pulses Generation/Multiport\nSwitch2","Multiport\nSwitch2","",Inport:7;Outport:1;Enable:0;Trigger:0;State:0;LConn:0;RConn:0;Ifaction:0;Reset:0;Event:0,0,7,1,0,1,Candidate is not clearly compatible with the four-port IEEE39 line block.
"sps_lib/Power Electronics/Power Electronics Control/SVPWM Generator\n(3-Level)/Pulses Generation/Multiport\nSwitch3","Multiport\nSwitch3","",Inport:7;Outport:1;Enable:0;Trigger:0;State:0;LConn:0;RConn:0;Ifaction:0;Reset:0;Event:0,0,7,1,0,1,Candidate is not clearly compatible with the four-port IEEE39 line block.
"sps_lib/Power Electronics/Power Electronics Control/SVPWM Generator\n(3-Level)/Pulses Generation/Switch","Switch","",Inport:3;Outport:1;Enable:0;Trigger:0;State:0;LConn:0;RConn:0;Ifaction:0;Reset:0;Event:0,0,3,1,0,1,Candidate is not clearly compatible with the four-port IEEE39 line block.
"sps_lib/Power Electronics/Power Electronics Control/SVPWM Generator\n(3-Level)/Pulses Generation/Switch1","Switch1","",Inport:3;Outport:1;Enable:0;Trigger:0;State:0;LConn:0;RConn:0;Ifaction:0;Reset:0;Event:0,0,3,1,0,1,Candidate is not clearly compatible with the four-port IEEE39 line block.
"sps_lib/Power Electronics/Power Electronics Control/SVPWM Generator\n(3-Level)/Pulses Generation/Switch10","Switch10","",Inport:3;Outport:1;Enable:0;Trigger:0;State:0;LConn:0;RConn:0;Ifaction:0;Reset:0;Event:0,0,3,1,0,1,Candidate is not clearly compatible with the four-port IEEE39 line block.
"sps_lib/Power Electronics/Power Electronics Control/SVPWM Generator\n(3-Level)/Pulses Generation/Switch11","Switch11","",Inport:3;Outport:1;Enable:0;Trigger:0;State:0;LConn:0;RConn:0;Ifaction:0;Reset:0;Event:0,0,3,1,0,1,Candidate is not clearly compatible with the four-port IEEE39 line block.
"sps_lib/Power Electronics/Power Electronics Control/SVPWM Generator\n(3-Level)/Pulses Generation/Switch12","Switch12","",Inport:3;Outport:1;Enable:0;Trigger:0;State:0;LConn:0;RConn:0;Ifaction:0;Reset:0;Event:0,0,3,1,0,1,Candidate is not clearly compatible with the four-port IEEE39 line block.
"sps_lib/Power Electronics/Power Electronics Control/SVPWM Generator\n(3-Level)/Pulses Generation/Switch13","Switch13","",Inport:3;Outport:1;Enable:0;Trigger:0;State:0;LConn:0;RConn:0;Ifaction:0;Reset:0;Event:0,0,3,1,0,1,Candidate is not clearly compatible with the four-port IEEE39 line block.
"sps_lib/Power Electronics/Power Electronics Control/SVPWM Generator\n(3-Level)/Pulses Generation/Switch14","Switch14","",Inport:3;Outport:1;Enable:0;Trigger:0;State:0;LConn:0;RConn:0;Ifaction:0;Reset:0;Event:0,0,3,1,0,1,Candidate is not clearly compatible with the four-port IEEE39 line block.
"sps_lib/Power Electronics/Power Electronics Control/SVPWM Generator\n(3-Level)/Pulses Generation/Switch15","Switch15","",Inport:3;Outport:1;Enable:0;Trigger:0;State:0;LConn:0;RConn:0;Ifaction:0;Reset:0;Event:0,0,3,1,0,1,Candidate is not clearly compatible with the four-port IEEE39 line block.
"sps_lib/Power Electronics/Power Electronics Control/SVPWM Generator\n(3-Level)/Pulses Generation/Switch16","Switch16","",Inport:3;Outport:1;Enable:0;Trigger:0;State:0;LConn:0;RConn:0;Ifaction:0;Reset:0;Event:0,0,3,1,0,1,Candidate is not clearly compatible with the four-port IEEE39 line block.
"sps_lib/Power Electronics/Power Electronics Control/SVPWM Generator\n(3-Level)/Pulses Generation/Switch17","Switch17","",Inport:3;Outport:1;Enable:0;Trigger:0;State:0;LConn:0;RConn:0;Ifaction:0;Reset:0;Event:0,0,3,1,0,1,Candidate is not clearly compatible with the four-port IEEE39 line block.
"sps_lib/Power Electronics/Power Electronics Control/SVPWM Generator\n(3-Level)/Pulses Generation/Switch2","Switch2","",Inport:3;Outport:1;Enable:0;Trigger:0;State:0;LConn:0;RConn:0;Ifaction:0;Reset:0;Event:0,0,3,1,0,1,Candidate is not clearly compatible with the four-port IEEE39 line block.
"sps_lib/Power Electronics/Power Electronics Control/SVPWM Generator\n(3-Level)/Pulses Generation/Switch3","Switch3","",Inport:3;Outport:1;Enable:0;Trigger:0;State:0;LConn:0;RConn:0;Ifaction:0;Reset:0;Event:0,0,3,1,0,1,Candidate is not clearly compatible with the four-port IEEE39 line block.
"sps_lib/Power Electronics/Power Electronics Control/SVPWM Generator\n(3-Level)/Pulses Generation/Switch4","Switch4","",Inport:3;Outport:1;Enable:0;Trigger:0;State:0;LConn:0;RConn:0;Ifaction:0;Reset:0;Event:0,0,3,1,0,1,Candidate is not clearly compatible with the four-port IEEE39 line block.
"sps_lib/Power Electronics/Power Electronics Control/SVPWM Generator\n(3-Level)/Pulses Generation/Switch5","Switch5","",Inport:3;Outport:1;Enable:0;Trigger:0;State:0;LConn:0;RConn:0;Ifaction:0;Reset:0;Event:0,0,3,1,0,1,Candidate is not clearly compatible with the four-port IEEE39 line block.
"sps_lib/Power Electronics/Power Electronics Control/SVPWM Generator\n(3-Level)/Pulses Generation/Switch6","Switch6","",Inport:3;Outport:1;Enable:0;Trigger:0;State:0;LConn:0;RConn:0;Ifaction:0;Reset:0;Event:0,0,3,1,0,1,Candidate is not clearly compatible with the four-port IEEE39 line block.
"sps_lib/Power Electronics/Power Electronics Control/SVPWM Generator\n(3-Level)/Pulses Generation/Switch7","Switch7","",Inport:3;Outport:1;Enable:0;Trigger:0;State:0;LConn:0;RConn:0;Ifaction:0;Reset:0;Event:0,0,3,1,0,1,Candidate is not clearly compatible with the four-port IEEE39 line block.
"sps_lib/Power Electronics/Power Electronics Control/SVPWM Generator\n(3-Level)/Pulses Generation/Switch8","Switch8","",Inport:3;Outport:1;Enable:0;Trigger:0;State:0;LConn:0;RConn:0;Ifaction:0;Reset:0;Event:0,0,3,1,0,1,Candidate is not clearly compatible with the four-port IEEE39 line block.
"sps_lib/Power Electronics/Power Electronics Control/SVPWM Generator\n(3-Level)/Pulses Generation/Switch9","Switch9","",Inport:3;Outport:1;Enable:0;Trigger:0;State:0;LConn:0;RConn:0;Ifaction:0;Reset:0;Event:0,0,3,1,0,1,Candidate is not clearly compatible with the four-port IEEE39 line block.
"sps_lib/Power Electronics/Three-Level\nNPC Converter/Model/D5a/Model/iSwitch","iSwitch","",Inport:1;Outport:0;Enable:0;Trigger:0;State:0;LConn:0;RConn:0;Ifaction:0;Reset:0;Event:0,0,1,0,0,1,Candidate is not clearly compatible with the four-port IEEE39 line block.
"sps_lib/Power Electronics/Three-Level\nNPC Converter/Model/D5a1/Model/iSwitch","iSwitch","",Inport:1;Outport:0;Enable:0;Trigger:0;State:0;LConn:0;RConn:0;Ifaction:0;Reset:0;Event:0,0,1,0,0,1,Candidate is not clearly compatible with the four-port IEEE39 line block.
"sps_lib/Power Electronics/Three-Level\nNPC Converter/Model/D5a2/Model/iSwitch","iSwitch","",Inport:1;Outport:0;Enable:0;Trigger:0;State:0;LConn:0;RConn:0;Ifaction:0;Reset:0;Event:0,0,1,0,0,1,Candidate is not clearly compatible with the four-port IEEE39 line block.
"sps_lib/Power Electronics/Three-Level\nNPC Converter/Model/D6a/Model/iSwitch","iSwitch","",Inport:1;Outport:0;Enable:0;Trigger:0;State:0;LConn:0;RConn:0;Ifaction:0;Reset:0;Event:0,0,1,0,0,1,Candidate is not clearly compatible with the four-port IEEE39 line block.
"sps_lib/Power Electronics/Three-Level\nNPC Converter/Model/D6a1/Model/iSwitch","iSwitch","",Inport:1;Outport:0;Enable:0;Trigger:0;State:0;LConn:0;RConn:0;Ifaction:0;Reset:0;Event:0,0,1,0,0,1,Candidate is not clearly compatible with the four-port IEEE39 line block.
"sps_lib/Power Electronics/Three-Level\nNPC Converter/Model/D6a2/Model/iSwitch","iSwitch","",Inport:1;Outport:0;Enable:0;Trigger:0;State:0;LConn:0;RConn:0;Ifaction:0;Reset:0;Event:0,0,1,0,0,1,Candidate is not clearly compatible with the four-port IEEE39 line block.
"sps_lib/Power Electronics/Three-Level Bridge/Model/Switch","Switch","",Inport:3;Outport:1;Enable:0;Trigger:0;State:0;LConn:0;RConn:0;Ifaction:0;Reset:0;Event:0,0,3,1,0,1,Candidate is not clearly compatible with the four-port IEEE39 line block.
"sps_lib/Power Electronics/Three-Level Bridge/Model/iSwitch","iSwitch","",Inport:1;Outport:0;Enable:0;Trigger:0;State:0;LConn:0;RConn:0;Ifaction:0;Reset:0;Event:0,0,1,0,0,1,Candidate is not clearly compatible with the four-port IEEE39 line block.
"sps_lib/Power Electronics/Thyristor/Model/iSwitch","iSwitch","",Inport:1;Outport:0;Enable:0;Trigger:0;State:0;LConn:0;RConn:0;Ifaction:0;Reset:0;Event:0,0,1,0,0,1,Candidate is not clearly compatible with the four-port IEEE39 line block.
"sps_lib/Power Electronics/Universal Bridge/Model/iSwitch","iSwitch","",Inport:1;Outport:0;Enable:0;Trigger:0;State:0;LConn:0;RConn:0;Ifaction:0;Reset:0;Event:0,0,1,0,0,1,Candidate is not clearly compatible with the four-port IEEE39 line block.
"sps_lib/Power Grid Elements/Breaker/Model/Switch3","Switch3","",Inport:3;Outport:1;Enable:0;Trigger:0;State:0;LConn:0;RConn:0;Ifaction:0;Reset:0;Event:0,0,3,1,0,1,Candidate is not clearly compatible with the four-port IEEE39 line block.
"sps_lib/Power Grid Elements/Distributed Parameters Line/Model/Switch1","Switch1","",Inport:3;Outport:1;Enable:0;Trigger:0;State:0;LConn:0;RConn:0;Ifaction:0;Reset:0;Event:0,0,3,1,0,1,Candidate is not clearly compatible with the four-port IEEE39 line block.
"sps_lib/Power Grid Elements/Distributed Parameters Line/Model/Switch2","Switch2","",Inport:3;Outport:1;Enable:0;Trigger:0;State:0;LConn:0;RConn:0;Ifaction:0;Reset:0;Event:0,0,3,1,0,1,Candidate is not clearly compatible with the four-port IEEE39 line block.
"sps_lib/Power Grid Elements/Distributed Parameters Line/Model/Switch3","Switch3","",Inport:3;Outport:1;Enable:0;Trigger:0;State:0;LConn:0;RConn:0;Ifaction:0;Reset:0;Event:0,0,3,1,0,1,Candidate is not clearly compatible with the four-port IEEE39 line block.
"sps_lib/Power Grid Elements/Distributed Parameters Line/Model/Switch4","Switch4","",Inport:3;Outport:1;Enable:0;Trigger:0;State:0;LConn:0;RConn:0;Ifaction:0;Reset:0;Event:0,0,3,1,0,1,Candidate is not clearly compatible with the four-port IEEE39 line block.
"sps_lib/Power Grid Elements/Three-Phase\nTap-Changing Transformer\n(Three-Windings)/Control Type/Tap control/Edge Detector2/Model/Multiport\nSwitch","Multiport\nSwitch","",Inport:4;Outport:1;Enable:0;Trigger:0;State:0;LConn:0;RConn:0;Ifaction:0;Reset:0;Event:0,0,4,1,0,1,Candidate is not clearly compatible with the four-port IEEE39 line block.
"sps_lib/Power Grid Elements/Three-Phase\nTap-Changing Transformer\n(Three-Windings)/Control Type/Tap control/Edge Detector3/Model/Multiport\nSwitch","Multiport\nSwitch","",Inport:4;Outport:1;Enable:0;Trigger:0;State:0;LConn:0;RConn:0;Ifaction:0;Reset:0;Event:0,0,4,1,0,1,Candidate is not clearly compatible with the four-port IEEE39 line block.
"sps_lib/Power Grid Elements/Three-Phase\nTap-Changing Transformer\n(Three-Windings)/Tap Changer\nControl/Edge Detector/Multiport\nSwitch","Multiport\nSwitch","",Inport:4;Outport:1;Enable:0;Trigger:0;State:0;LConn:0;RConn:0;Ifaction:0;Reset:0;Event:0,0,4,1,0,1,Candidate is not clearly compatible with the four-port IEEE39 line block.
"sps_lib/Power Grid Elements/Three-Phase\nTap-Changing Transformer\n(Three-Windings)/Tap Changer\nControl/Switch","Switch","",Inport:3;Outport:1;Enable:0;Trigger:0;State:0;LConn:0;RConn:0;Ifaction:0;Reset:0;Event:0,0,3,1,0,1,Candidate is not clearly compatible with the four-port IEEE39 line block.
"sps_lib/Power Grid Elements/Three-Phase\nTap-Changing Transformer\n(Two-Windings)/Control Type/Tap control/Edge Detector2/Model/Multiport\nSwitch","Multiport\nSwitch","",Inport:4;Outport:1;Enable:0;Trigger:0;State:0;LConn:0;RConn:0;Ifaction:0;Reset:0;Event:0,0,4,1,0,1,Candidate is not clearly compatible with the four-port IEEE39 line block.
"sps_lib/Power Grid Elements/Three-Phase\nTap-Changing Transformer\n(Two-Windings)/Control Type/Tap control/Edge Detector3/Model/Multiport\nSwitch","Multiport\nSwitch","",Inport:4;Outport:1;Enable:0;Trigger:0;State:0;LConn:0;RConn:0;Ifaction:0;Reset:0;Event:0,0,4,1,0,1,Candidate is not clearly compatible with the four-port IEEE39 line block.
"sps_lib/Power Grid Elements/Three-Phase\nTap-Changing Transformer\n(Two-Windings)/Tap Changer\nControl/Edge Detector/Multiport\nSwitch","Multiport\nSwitch","",Inport:4;Outport:1;Enable:0;Trigger:0;State:0;LConn:0;RConn:0;Ifaction:0;Reset:0;Event:0,0,4,1,0,1,Candidate is not clearly compatible with the four-port IEEE39 line block.
"sps_lib/Power Grid Elements/Three-Phase\nTap-Changing Transformer\n(Two-Windings)/Tap Changer\nControl/Switch","Switch","",Inport:3;Outport:1;Enable:0;Trigger:0;State:0;LConn:0;RConn:0;Ifaction:0;Reset:0;Event:0,0,3,1,0,1,Candidate is not clearly compatible with the four-port IEEE39 line block.
"sps_lib/Power Grid Elements/Three-Phase Breaker/Breaker A/Model/Switch3","Switch3","",Inport:3;Outport:1;Enable:0;Trigger:0;State:0;LConn:0;RConn:0;Ifaction:0;Reset:0;Event:0,0,3,1,0,1,Candidate is not clearly compatible with the four-port IEEE39 line block.
"sps_lib/Power Grid Elements/Three-Phase Breaker/Breaker B/Model/Switch3","Switch3","",Inport:3;Outport:1;Enable:0;Trigger:0;State:0;LConn:0;RConn:0;Ifaction:0;Reset:0;Event:0,0,3,1,0,1,Candidate is not clearly compatible with the four-port IEEE39 line block.
"sps_lib/Power Grid Elements/Three-Phase Breaker/Breaker C/Model/Switch3","Switch3","",Inport:3;Outport:1;Enable:0;Trigger:0;State:0;LConn:0;RConn:0;Ifaction:0;Reset:0;Event:0,0,3,1,0,1,Candidate is not clearly compatible with the four-port IEEE39 line block.
"sps_lib/Power Grid Elements/Three-Phase Breaker/Switch","Switch","",Inport:3;Outport:1;Enable:0;Trigger:0;State:0;LConn:0;RConn:0;Ifaction:0;Reset:0;Event:0,0,3,1,0,1,Candidate is not clearly compatible with the four-port IEEE39 line block.
"sps_lib/Power Grid Elements/Three-Phase Breaker/Switch1","Switch1","",Inport:3;Outport:1;Enable:0;Trigger:0;State:0;LConn:0;RConn:0;Ifaction:0;Reset:0;Event:0,0,3,1,0,1,Candidate is not clearly compatible with the four-port IEEE39 line block.
"sps_lib/Power Grid Elements/Three-Phase Breaker/Switch2","Switch2","",Inport:3;Outport:1;Enable:0;Trigger:0;State:0;LConn:0;RConn:0;Ifaction:0;Reset:0;Event:0,0,3,1,0,1,Candidate is not clearly compatible with the four-port IEEE39 line block.
"sps_lib/Power Grid Elements/Three-Phase Breaker/Switch3","Switch3","",Inport:3;Outport:1;Enable:0;Trigger:0;State:0;LConn:0;RConn:0;Ifaction:0;Reset:0;Event:0,0,3,1,0,1,Candidate is not clearly compatible with the four-port IEEE39 line block.
"sps_lib/Power Grid Elements/Three-Phase Fault/Fault A/Model/Switch3","Switch3","",Inport:3;Outport:1;Enable:0;Trigger:0;State:0;LConn:0;RConn:0;Ifaction:0;Reset:0;Event:0,0,3,1,0,1,Candidate is not clearly compatible with the four-port IEEE39 line block.
"sps_lib/Power Grid Elements/Three-Phase Fault/Fault B/Model/Switch3","Switch3","",Inport:3;Outport:1;Enable:0;Trigger:0;State:0;LConn:0;RConn:0;Ifaction:0;Reset:0;Event:0,0,3,1,0,1,Candidate is not clearly compatible with the four-port IEEE39 line block.
"sps_lib/Power Grid Elements/Three-Phase Fault/Fault C/Model/Switch3","Switch3","",Inport:3;Outport:1;Enable:0;Trigger:0;State:0;LConn:0;RConn:0;Ifaction:0;Reset:0;Event:0,0,3,1,0,1,Candidate is not clearly compatible with the four-port IEEE39 line block.
"sps_lib/Power Grid Elements/Three-Phase Fault/Switch3","Switch3","",Inport:3;Outport:1;Enable:0;Trigger:0;State:0;LConn:0;RConn:0;Ifaction:0;Reset:0;Event:0,0,3,1,0,1,Candidate is not clearly compatible with the four-port IEEE39 line block.
"sps_lib/Power Grid Elements/Three-Phase OLTC\nPhase Shifting Transformer\nDelta-Hexagonal\n(Phasor Type)/Tap Changer\nControl/Edge Detector/Multiport\nSwitch","Multiport\nSwitch","",Inport:4;Outport:1;Enable:0;Trigger:0;State:0;LConn:0;RConn:0;Ifaction:0;Reset:0;Event:0,0,4,1,0,1,Candidate is not clearly compatible with the four-port IEEE39 line block.
"sps_lib/Power Grid Elements/Three-Phase OLTC\nPhase Shifting Transformer\nDelta-Hexagonal\n(Phasor Type)/Tap Changer\nControl/Switch","Switch","",Inport:3;Outport:1;Enable:0;Trigger:0;State:0;LConn:0;RConn:0;Ifaction:0;Reset:0;Event:0,0,3,1,0,1,Candidate is not clearly compatible with the four-port IEEE39 line block.
"sps_lib/Power Grid Elements/Three-Phase OLTC\nRegulating Transformer\n(Phasor Type)/Switch1","Switch1","",Inport:3;Outport:1;Enable:0;Trigger:0;State:0;LConn:0;RConn:0;Ifaction:0;Reset:0;Event:0,0,3,1,0,1,Candidate is not clearly compatible with the four-port IEEE39 line block.
"sps_lib/Power Grid Elements/Three-Phase OLTC\nRegulating Transformer\n(Phasor Type)/Switch2","Switch2","",Inport:3;Outport:1;Enable:0;Trigger:0;State:0;LConn:0;RConn:0;Ifaction:0;Reset:0;Event:0,0,3,1,0,1,Candidate is not clearly compatible with the four-port IEEE39 line block.
"sps_lib/Power Grid Elements/Three-Phase OLTC\nRegulating Transformer\n(Phasor Type)/Tap Changer\nControl/Edge Detector/Multiport\nSwitch","Multiport\nSwitch","",Inport:4;Outport:1;Enable:0;Trigger:0;State:0;LConn:0;RConn:0;Ifaction:0;Reset:0;Event:0,0,4,1,0,1,Candidate is not clearly compatible with the four-port IEEE39 line block.
"sps_lib/Power Grid Elements/Three-Phase OLTC\nRegulating Transformer\n(Phasor Type)/Tap Changer\nControl/Switch","Switch","",Inport:3;Outport:1;Enable:0;Trigger:0;State:0;LConn:0;RConn:0;Ifaction:0;Reset:0;Event:0,0,3,1,0,1,Candidate is not clearly compatible with the four-port IEEE39 line block.
"sps_lib/Power Grid Elements/Three-Phase OLTC\nRegulating Transformer\n(Phasor Type)/Voltage regulator/On//Off Delay/OFF Delay/Edge Detector/Multiport\nSwitch","Multiport\nSwitch","",Inport:4;Outport:1;Enable:0;Trigger:0;State:0;LConn:0;RConn:0;Ifaction:0;Reset:0;Event:0,0,4,1,0,1,Candidate is not clearly compatible with the four-port IEEE39 line block.
"sps_lib/Power Grid Elements/Three-Phase OLTC\nRegulating Transformer\n(Phasor Type)/Voltage regulator/On//Off Delay/OFF Delay/Sample & Hold/Switch","Switch","",Inport:3;Outport:1;Enable:0;Trigger:0;State:0;LConn:0;RConn:0;Ifaction:0;Reset:0;Event:0,0,3,1,0,1,Candidate is not clearly compatible with the four-port IEEE39 line block.
"sps_lib/Power Grid Elements/Three-Phase OLTC\nRegulating Transformer\n(Phasor Type)/Voltage regulator/On//Off Delay/ON Delay/Edge Detector/Multiport\nSwitch","Multiport\nSwitch","",Inport:4;Outport:1;Enable:0;Trigger:0;State:0;LConn:0;RConn:0;Ifaction:0;Reset:0;Event:0,0,4,1,0,1,Candidate is not clearly compatible with the four-port IEEE39 line block.
"sps_lib/Power Grid Elements/Three-Phase OLTC\nRegulating Transformer\n(Phasor Type)/Voltage regulator/On//Off Delay/ON Delay/Sample & Hold/Switch","Switch","",Inport:3;Outport:1;Enable:0;Trigger:0;State:0;LConn:0;RConn:0;Ifaction:0;Reset:0;Event:0,0,3,1,0,1,Candidate is not clearly compatible with the four-port IEEE39 line block.
"sps_lib/Power Grid Elements/Three-Phase OLTC\nRegulating Transformer\n(Phasor Type)/Voltage regulator/On//Off Delay1/OFF Delay/Edge Detector/Multiport\nSwitch","Multiport\nSwitch","",Inport:4;Outport:1;Enable:0;Trigger:0;State:0;LConn:0;RConn:0;Ifaction:0;Reset:0;Event:0,0,4,1,0,1,Candidate is not clearly compatible with the four-port IEEE39 line block.
"sps_lib/Power Grid Elements/Three-Phase OLTC\nRegulating Transformer\n(Phasor Type)/Voltage regulator/On//Off Delay1/OFF Delay/Sample & Hold/Switch","Switch","",Inport:3;Outport:1;Enable:0;Trigger:0;State:0;LConn:0;RConn:0;Ifaction:0;Reset:0;Event:0,0,3,1,0,1,Candidate is not clearly compatible with the four-port IEEE39 line block.
"sps_lib/Power Grid Elements/Three-Phase OLTC\nRegulating Transformer\n(Phasor Type)/Voltage regulator/On//Off Delay1/ON Delay/Edge Detector/Multiport\nSwitch","Multiport\nSwitch","",Inport:4;Outport:1;Enable:0;Trigger:0;State:0;LConn:0;RConn:0;Ifaction:0;Reset:0;Event:0,0,4,1,0,1,Candidate is not clearly compatible with the four-port IEEE39 line block.
"sps_lib/Power Grid Elements/Three-Phase OLTC\nRegulating Transformer\n(Phasor Type)/Voltage regulator/On//Off Delay1/ON Delay/Sample & Hold/Switch","Switch","",Inport:3;Outport:1;Enable:0;Trigger:0;State:0;LConn:0;RConn:0;Ifaction:0;Reset:0;Event:0,0,3,1,0,1,Candidate is not clearly compatible with the four-port IEEE39 line block.
"sps_lib/Power Grid Elements/Three-Phase OLTC\nRegulating Transformer\n(Phasor Type)/Voltage regulator/Switch","Switch","",Inport:3;Outport:1;Enable:0;Trigger:0;State:0;LConn:0;RConn:0;Ifaction:0;Reset:0;Event:0,0,3,1,0,1,Candidate is not clearly compatible with the four-port IEEE39 line block.
"sps_lib/Power Grid Elements/Three-Phase OLTC\nRegulating Transformer\n(Phasor Type)/Voltage regulator/Switch1","Switch1","",Inport:3;Outport:1;Enable:0;Trigger:0;State:0;LConn:0;RConn:0;Ifaction:0;Reset:0;Event:0,0,3,1,0,1,Candidate is not clearly compatible with the four-port IEEE39 line block.
"sps_lib/Power Grid Elements/Three-Phase OLTC\nRegulating Transformer\n(Phasor Type)/Voltage regulator/Switch2","Switch2","",Inport:3;Outport:1;Enable:0;Trigger:0;State:0;LConn:0;RConn:0;Ifaction:0;Reset:0;Event:0,0,3,1,0,1,Candidate is not clearly compatible with the four-port IEEE39 line block.
"sps_lib/Power Grid Elements/Three-Phase OLTC\nRegulating Transformer\n(Phasor Type)/Z & Voltage Ratio/Switch","Switch","",Inport:3;Outport:1;Enable:0;Trigger:0;State:0;LConn:0;RConn:0;Ifaction:0;Reset:0;Event:0,0,3,1,0,1,Candidate is not clearly compatible with the four-port IEEE39 line block.
"sps_lib/Power Grid Elements/Three-Phase OLTC\nRegulating Transformer\n(Phasor Type)/Z & Voltage Ratio/Switch1","Switch1","",Inport:3;Outport:1;Enable:0;Trigger:0;State:0;LConn:0;RConn:0;Ifaction:0;Reset:0;Event:0,0,3,1,0,1,Candidate is not clearly compatible with the four-port IEEE39 line block.
"sps_lib/Sensors and Measurements/Digital\nFlickermeter/Digital Flickermeter \nmodules/MODULE 1/RMS/RMS /Fourier1/Mean/Model/Switch","Switch","",Inport:3;Outport:1;Enable:0;Trigger:0;State:0;LConn:0;RConn:0;Ifaction:0;Reset:0;Event:0,0,3,1,0,1,Candidate is not clearly compatible with the four-port IEEE39 line block.
"sps_lib/Sensors and Measurements/Digital\nFlickermeter/Digital Flickermeter \nmodules/MODULE 1/RMS/RMS /Fourier1/Mean value1/Model/Switch","Switch","",Inport:3;Outport:1;Enable:0;Trigger:0;State:0;LConn:0;RConn:0;Ifaction:0;Reset:0;Event:0,0,3,1,0,1,Candidate is not clearly compatible with the four-port IEEE39 line block.
"sps_lib/Sensors and Measurements/Digital\nFlickermeter/Digital Flickermeter \nmodules/MODULE 1/RMS/Switch","Switch","",Inport:3;Outport:1;Enable:0;Trigger:0;State:0;LConn:0;RConn:0;Ifaction:0;Reset:0;Event:0,0,3,1,0,1,Candidate is not clearly compatible with the four-port IEEE39 line block.
"sps_lib/Sensors and Measurements/Digital\nFlickermeter/Digital Flickermeter \nmodules/MODULE 1/RMS/TrueRMS /Mean value/Model/Switch","Switch","",Inport:3;Outport:1;Enable:0;Trigger:0;State:0;LConn:0;RConn:0;Ifaction:0;Reset:0;Event:0,0,3,1,0,1,Candidate is not clearly compatible with the four-port IEEE39 line block.
"sps_lib/Sensors and Measurements/Digital\nFlickermeter/Digital Flickermeter \nmodules/MODULE 1/Switch","Switch","",Inport:3;Outport:1;Enable:0;Trigger:0;State:0;LConn:0;RConn:0;Ifaction:0;Reset:0;Event:0,0,3,1,0,1,Candidate is not clearly compatible with the four-port IEEE39 line block.
"sps_lib/Sensors and Measurements/Digital\nFlickermeter/Digital Flickermeter \nmodules/MODULE 4/Edge Detector/Model/Multiport\nSwitch","Multiport\nSwitch","",Inport:4;Outport:1;Enable:0;Trigger:0;State:0;LConn:0;RConn:0;Ifaction:0;Reset:0;Event:0,0,4,1,0,1,Candidate is not clearly compatible with the four-port IEEE39 line block.
"sps_lib/Sensors and Measurements/Digital\nFlickermeter/Digital Flickermeter \nmodules/MODULE 4/Sample and\nHold/Model/Switch","Switch","",Inport:3;Outport:1;Enable:0;Trigger:0;State:0;LConn:0;RConn:0;Ifaction:0;Reset:0;Event:0,0,3,1,0,1,Candidate is not clearly compatible with the four-port IEEE39 line block.
"sps_lib/Sensors and Measurements/Digital\nFlickermeter/Digital Flickermeter \nmodules/MODULE 4/Switch","Switch","",Inport:3;Outport:1;Enable:0;Trigger:0;State:0;LConn:0;RConn:0;Ifaction:0;Reset:0;Event:0,0,3,1,0,1,Candidate is not clearly compatible with the four-port IEEE39 line block.
"sps_lib/Sensors and Measurements/Digital\nFlickermeter/Digital Flickermeter \nmodules/Monostable/Model/Discrete\nEdge Detector/Multiport\nSwitch","Multiport\nSwitch","",Inport:4;Outport:1;Enable:0;Trigger:0;State:0;LConn:0;RConn:0;Ifaction:0;Reset:0;Event:0,0,4,1,0,1,Candidate is not clearly compatible with the four-port IEEE39 line block.
"sps_lib/Sensors and Measurements/Digital\nFlickermeter/Digital Flickermeter \nmodules/Monostable/Model/Switch","Switch","",Inport:3;Outport:1;Enable:0;Trigger:0;State:0;LConn:0;RConn:0;Ifaction:0;Reset:0;Event:0,0,3,1,0,1,Candidate is not clearly compatible with the four-port IEEE39 line block.
"sps_lib/Sensors and Measurements/Digital\nFlickermeter/Digital Flickermeter \nmodules/Switch","Switch","",Inport:3;Outport:1;Enable:0;Trigger:0;State:0;LConn:0;RConn:0;Ifaction:0;Reset:0;Event:0,0,3,1,0,1,Candidate is not clearly compatible with the four-port IEEE39 line block.
"sps_lib/Sensors and Measurements/Digital\nFlickermeter/Digital Flickermeter \nmodules/Voltage fluctuation\ngenerator\n (part of Module 1)/Switch","Switch","",Inport:3;Outport:1;Enable:0;Trigger:0;State:0;LConn:0;RConn:0;Ifaction:0;Reset:0;Event:0,0,3,1,0,1,Candidate is not clearly compatible with the four-port IEEE39 line block.
"sps_lib/Sensors and Measurements/Fourier/Mean/Model/Switch","Switch","",Inport:3;Outport:1;Enable:0;Trigger:0;State:0;LConn:0;RConn:0;Ifaction:0;Reset:0;Event:0,0,3,1,0,1,Candidate is not clearly compatible with the four-port IEEE39 line block.
"sps_lib/Sensors and Measurements/Fourier/Mean value1/Model/Switch","Switch","",Inport:3;Outport:1;Enable:0;Trigger:0;State:0;LConn:0;RConn:0;Ifaction:0;Reset:0;Event:0,0,3,1,0,1,Candidate is not clearly compatible with the four-port IEEE39 line block.
"sps_lib/Sensors and Measurements/Fundamental\n(PLL-Driven)/Mean\n(Variable Frequency)1/Model/Switch","Switch","",Inport:3;Outport:1;Enable:0;Trigger:0;State:0;LConn:0;RConn:0;Ifaction:0;Reset:0;Event:0,0,3,1,0,1,Candidate is not clearly compatible with the four-port IEEE39 line block.
"sps_lib/Sensors and Measurements/Fundamental\n(PLL-Driven)/Mean\n(Variable Frequency)2/Model/Switch","Switch","",Inport:3;Outport:1;Enable:0;Trigger:0;State:0;LConn:0;RConn:0;Ifaction:0;Reset:0;Event:0,0,3,1,0,1,Candidate is not clearly compatible with the four-port IEEE39 line block.
"sps_lib/Sensors and Measurements/Mean/Model/Switch","Switch","",Inport:3;Outport:1;Enable:0;Trigger:0;State:0;LConn:0;RConn:0;Ifaction:0;Reset:0;Event:0,0,3,1,0,1,Candidate is not clearly compatible with the four-port IEEE39 line block.
"sps_lib/Sensors and Measurements/Mean\n(Phasor)/Mean_Imag/Model/Switch","Switch","",Inport:3;Outport:1;Enable:0;Trigger:0;State:0;LConn:0;RConn:0;Ifaction:0;Reset:0;Event:0,0,3,1,0,1,Candidate is not clearly compatible with the four-port IEEE39 line block.
"sps_lib/Sensors and Measurements/Mean\n(Phasor)/Mean_Real/Model/Switch","Switch","",Inport:3;Outport:1;Enable:0;Trigger:0;State:0;LConn:0;RConn:0;Ifaction:0;Reset:0;Event:0,0,3,1,0,1,Candidate is not clearly compatible with the four-port IEEE39 line block.
"sps_lib/Sensors and Measurements/Mean\n(Variable Frequency)/Model/Switch","Switch","",Inport:3;Outport:1;Enable:0;Trigger:0;State:0;LConn:0;RConn:0;Ifaction:0;Reset:0;Event:0,0,3,1,0,1,Candidate is not clearly compatible with the four-port IEEE39 line block.
"sps_lib/Sensors and Measurements/PMU\n(PLL-Based,\nPositive-Sequence)/PLL\n(3ph)/Model/Automatic Gain\nControl/Positive-Sequence\n(PLL-Driven)/Mean\n(Variable Frequency)1/Model/Switch","Switch","",Inport:3;Outport:1;Enable:0;Trigger:0;State:0;LConn:0;RConn:0;Ifaction:0;Reset:0;Event:0,0,3,1,0,1,Candidate is not clearly compatible with the four-port IEEE39 line block.
"sps_lib/Sensors and Measurements/PMU\n(PLL-Based,\nPositive-Sequence)/PLL\n(3ph)/Model/Automatic Gain\nControl/Positive-Sequence\n(PLL-Driven)/Mean\n(Variable Frequency)2/Model/Switch","Switch","",Inport:3;Outport:1;Enable:0;Trigger:0;State:0;LConn:0;RConn:0;Ifaction:0;Reset:0;Event:0,0,3,1,0,1,Candidate is not clearly compatible with the four-port IEEE39 line block.
"sps_lib/Sensors and Measurements/PMU\n(PLL-Based,\nPositive-Sequence)/PLL\n(3ph)/Model/Automatic Gain\nControl/Positive-Sequence\n(PLL-Driven)/abc ->dq0/Alpha-Beta-Zero\nto dq0/Switch","Switch","",Inport:3;Outport:1;Enable:0;Trigger:0;State:0;LConn:0;RConn:0;Ifaction:0;Reset:0;Event:0,0,3,1,0,1,Candidate is not clearly compatible with the four-port IEEE39 line block.
"sps_lib/Sensors and Measurements/PMU\n(PLL-Based,\nPositive-Sequence)/PLL\n(3ph)/Model/Variable Frequency\nMean value/Model/Switch","Switch","",Inport:3;Outport:1;Enable:0;Trigger:0;State:0;LConn:0;RConn:0;Ifaction:0;Reset:0;Event:0,0,3,1,0,1,Candidate is not clearly compatible with the four-port IEEE39 line block.
"sps_lib/Sensors and Measurements/PMU\n(PLL-Based,\nPositive-Sequence)/PLL\n(3ph)/Model/abc to dq0/Alpha-Beta-Zero\nto dq0/Switch","Switch","",Inport:3;Outport:1;Enable:0;Trigger:0;State:0;LConn:0;RConn:0;Ifaction:0;Reset:0;Event:0,0,3,1,0,1,Candidate is not clearly compatible with the four-port IEEE39 line block.
"sps_lib/Sensors and Measurements/PMU\n(PLL-Based,\nPositive-Sequence)/Positive-Sequence\n(PLL-Driven)/Mean\n(Variable Frequency)1/Model/Switch","Switch","",Inport:3;Outport:1;Enable:0;Trigger:0;State:0;LConn:0;RConn:0;Ifaction:0;Reset:0;Event:0,0,3,1,0,1,Candidate is not clearly compatible with the four-port IEEE39 line block.
"sps_lib/Sensors and Measurements/PMU\n(PLL-Based,\nPositive-Sequence)/Positive-Sequence\n(PLL-Driven)/Mean\n(Variable Frequency)2/Model/Switch","Switch","",Inport:3;Outport:1;Enable:0;Trigger:0;State:0;LConn:0;RConn:0;Ifaction:0;Reset:0;Event:0,0,3,1,0,1,Candidate is not clearly compatible with the four-port IEEE39 line block.
"sps_lib/Sensors and Measurements/PMU\n(PLL-Based,\nPositive-Sequence)/Positive-Sequence\n(PLL-Driven)/abc ->dq0/Alpha-Beta-Zero\nto dq0/Switch","Switch","",Inport:3;Outport:1;Enable:0;Trigger:0;State:0;LConn:0;RConn:0;Ifaction:0;Reset:0;Event:0,0,3,1,0,1,Candidate is not clearly compatible with the four-port IEEE39 line block.
"sps_lib/Sensors and Measurements/PMU\n(PLL-Based,\nPositive-Sequence)/Synchronous\nReference/Model/Amplitude/Switch2","Switch2","",Inport:3;Outport:1;Enable:0;Trigger:0;State:0;LConn:0;RConn:0;Ifaction:0;Reset:0;Event:0,0,3,1,0,1,Candidate is not clearly compatible with the four-port IEEE39 line block.
"sps_lib/Sensors and Measurements/PMU\n(PLL-Based,\nPositive-Sequence)/Synchronous\nReference/Model/Amplitude/Time-Amplitude pairs/Switch1","Switch1","",Inport:3;Outport:1;Enable:0;Trigger:0;State:0;LConn:0;RConn:0;Ifaction:0;Reset:0;Event:0,0,3,1,0,1,Candidate is not clearly compatible with the four-port IEEE39 line block.
"sps_lib/Sensors and Measurements/PMU\n(PLL-Based,\nPositive-Sequence)/Synchronous\nReference/Model/Amplitude/Variation on phase A only/Switch5","Switch5","",Inport:3;Outport:1;Enable:0;Trigger:0;State:0;LConn:0;RConn:0;Ifaction:0;Reset:0;Event:0,0,3,1,0,1,Candidate is not clearly compatible with the four-port IEEE39 line block.
"sps_lib/Sensors and Measurements/PMU\n(PLL-Based,\nPositive-Sequence)/Synchronous\nReference/Model/Frequency/Switch4","Switch4","",Inport:3;Outport:1;Enable:0;Trigger:0;State:0;LConn:0;RConn:0;Ifaction:0;Reset:0;Event:0,0,3,1,0,1,Candidate is not clearly compatible with the four-port IEEE39 line block.
"sps_lib/Sensors and Measurements/PMU\n(PLL-Based,\nPositive-Sequence)/Synchronous\nReference/Model/Harmonic\nGeneration/Harmonic A\ngeneration/Multiport\nSwitch","Multiport\nSwitch","",Inport:4;Outport:1;Enable:0;Trigger:0;State:0;LConn:0;RConn:0;Ifaction:0;Reset:0;Event:0,0,4,1,0,1,Candidate is not clearly compatible with the four-port IEEE39 line block.
"sps_lib/Sensors and Measurements/PMU\n(PLL-Based,\nPositive-Sequence)/Synchronous\nReference/Model/Harmonic\nGeneration/Harmonic B\ngeneration/Multiport\nSwitch","Multiport\nSwitch","",Inport:4;Outport:1;Enable:0;Trigger:0;State:0;LConn:0;RConn:0;Ifaction:0;Reset:0;Event:0,0,4,1,0,1,Candidate is not clearly compatible with the four-port IEEE39 line block.
"sps_lib/Sensors and Measurements/PMU\n(PLL-Based,\nPositive-Sequence)/Synchronous\nReference/Model/Phase/Switch3","Switch3","",Inport:3;Outport:1;Enable:0;Trigger:0;State:0;LConn:0;RConn:0;Ifaction:0;Reset:0;Event:0,0,3,1,0,1,Candidate is not clearly compatible with the four-port IEEE39 line block.
"sps_lib/Sensors and Measurements/PMU\n(PLL-Based,\nPositive-Sequence)/Synchronous\nReference/Model/Phase/Time-Phase pairs/Switch1","Switch1","",Inport:3;Outport:1;Enable:0;Trigger:0;State:0;LConn:0;RConn:0;Ifaction:0;Reset:0;Event:0,0,3,1,0,1,Candidate is not clearly compatible with the four-port IEEE39 line block.
"sps_lib/Sensors and Measurements/PMU\n(PLL-Based,\nPositive-Sequence)/Synchronous\nReference/Model/Phase/Variation on phase A only/Switch5","Switch5","",Inport:3;Outport:1;Enable:0;Trigger:0;State:0;LConn:0;RConn:0;Ifaction:0;Reset:0;Event:0,0,3,1,0,1,Candidate is not clearly compatible with the four-port IEEE39 line block.
"sps_lib/Sensors and Measurements/PMU\n(PLL-Based,\nPositive-Sequence)/Synchronous\nReference/Model/Variation value\n(step ramp mod)/Subsystem1/Multiport\nSwitch1","Multiport\nSwitch1","",Inport:5;Outport:1;Enable:0;Trigger:0;State:0;LConn:0;RConn:0;Ifaction:0;Reset:0;Event:0,0,5,1,0,1,Candidate is not clearly compatible with the four-port IEEE39 line block.
"sps_lib/Sensors and Measurements/PMU\n(PLL-Based,\nPositive-Sequence)/Synchronous\nReference/Model/Variation value\n(step ramp mod)/Subsystem1/Switch","Switch","",Inport:3;Outport:1;Enable:0;Trigger:0;State:0;LConn:0;RConn:0;Ifaction:0;Reset:0;Event:0,0,3,1,0,1,Candidate is not clearly compatible with the four-port IEEE39 line block.
"sps_lib/Sensors and Measurements/PMU\n(PLL-Based,\nPositive-Sequence)/Synchronous\nReference/Model/Variation value\n(step ramp mod)/Subsystem1/Switch1","Switch1","",Inport:3;Outport:1;Enable:0;Trigger:0;State:0;LConn:0;RConn:0;Ifaction:0;Reset:0;Event:0,0,3,1,0,1,Candidate is not clearly compatible with the four-port IEEE39 line block.
"sps_lib/Sensors and Measurements/PMU\n(PLL-Based,\nPositive-Sequence)/Synchronous\nReference/Model/Variation value\n(step ramp mod)/Subsystem1/Switch2","Switch2","",Inport:3;Outport:1;Enable:0;Trigger:0;State:0;LConn:0;RConn:0;Ifaction:0;Reset:0;Event:0,0,3,1,0,1,Candidate is not clearly compatible with the four-port IEEE39 line block.
"sps_lib/Sensors and Measurements/PMU\n(PLL-Based,\nPositive-Sequence)/Synchronous\nReference/Model/Variation value\n(step ramp mod)/Subsystem1/Switch3","Switch3","",Inport:3;Outport:1;Enable:0;Trigger:0;State:0;LConn:0;RConn:0;Ifaction:0;Reset:0;Event:0,0,3,1,0,1,Candidate is not clearly compatible with the four-port IEEE39 line block.
"sps_lib/Sensors and Measurements/Positive-Sequence\n(PLL-Driven)/Mean\n(Variable Frequency)1/Model/Switch","Switch","",Inport:3;Outport:1;Enable:0;Trigger:0;State:0;LConn:0;RConn:0;Ifaction:0;Reset:0;Event:0,0,3,1,0,1,Candidate is not clearly compatible with the four-port IEEE39 line block.
"sps_lib/Sensors and Measurements/Positive-Sequence\n(PLL-Driven)/Mean\n(Variable Frequency)2/Model/Switch","Switch","",Inport:3;Outport:1;Enable:0;Trigger:0;State:0;LConn:0;RConn:0;Ifaction:0;Reset:0;Event:0,0,3,1,0,1,Candidate is not clearly compatible with the four-port IEEE39 line block.
"sps_lib/Sensors and Measurements/Positive-Sequence\n(PLL-Driven)/abc ->dq0/Alpha-Beta-Zero\nto dq0/Switch","Switch","",Inport:3;Outport:1;Enable:0;Trigger:0;State:0;LConn:0;RConn:0;Ifaction:0;Reset:0;Event:0,0,3,1,0,1,Candidate is not clearly compatible with the four-port IEEE39 line block.
"sps_lib/Sensors and Measurements/Power/Fourier/Mean/Model/Switch","Switch","",Inport:3;Outport:1;Enable:0;Trigger:0;State:0;LConn:0;RConn:0;Ifaction:0;Reset:0;Event:0,0,3,1,0,1,Candidate is not clearly compatible with the four-port IEEE39 line block.
"sps_lib/Sensors and Measurements/Power/Fourier/Mean value1/Model/Switch","Switch","",Inport:3;Outport:1;Enable:0;Trigger:0;State:0;LConn:0;RConn:0;Ifaction:0;Reset:0;Event:0,0,3,1,0,1,Candidate is not clearly compatible with the four-port IEEE39 line block.
"sps_lib/Sensors and Measurements/Power/Fourier1/Mean/Model/Switch","Switch","",Inport:3;Outport:1;Enable:0;Trigger:0;State:0;LConn:0;RConn:0;Ifaction:0;Reset:0;Event:0,0,3,1,0,1,Candidate is not clearly compatible with the four-port IEEE39 line block.
"sps_lib/Sensors and Measurements/Power/Fourier1/Mean value1/Model/Switch","Switch","",Inport:3;Outport:1;Enable:0;Trigger:0;State:0;LConn:0;RConn:0;Ifaction:0;Reset:0;Event:0,0,3,1,0,1,Candidate is not clearly compatible with the four-port IEEE39 line block.
"sps_lib/Sensors and Measurements/Power\n(PLL-Driven,\nPositive-Sequence)/Positive-Sequence\n(PLL-Driven)/Mean\n(Variable Frequency)1/Model/Switch","Switch","",Inport:3;Outport:1;Enable:0;Trigger:0;State:0;LConn:0;RConn:0;Ifaction:0;Reset:0;Event:0,0,3,1,0,1,Candidate is not clearly compatible with the four-port IEEE39 line block.
"sps_lib/Sensors and Measurements/Power\n(PLL-Driven,\nPositive-Sequence)/Positive-Sequence\n(PLL-Driven)/Mean\n(Variable Frequency)2/Model/Switch","Switch","",Inport:3;Outport:1;Enable:0;Trigger:0;State:0;LConn:0;RConn:0;Ifaction:0;Reset:0;Event:0,0,3,1,0,1,Candidate is not clearly compatible with the four-port IEEE39 line block.
"sps_lib/Sensors and Measurements/Power\n(PLL-Driven,\nPositive-Sequence)/Positive-Sequence\n(PLL-Driven)/abc ->dq0/Alpha-Beta-Zero\nto dq0/Switch","Switch","",Inport:3;Outport:1;Enable:0;Trigger:0;State:0;LConn:0;RConn:0;Ifaction:0;Reset:0;Event:0,0,3,1,0,1,Candidate is not clearly compatible with the four-port IEEE39 line block.
"sps_lib/Sensors and Measurements/Power\n(PLL-Driven,\nPositive-Sequence)/Positive-Sequence\n(PLL-Driven)1/Mean\n(Variable Frequency)1/Model/Switch","Switch","",Inport:3;Outport:1;Enable:0;Trigger:0;State:0;LConn:0;RConn:0;Ifaction:0;Reset:0;Event:0,0,3,1,0,1,Candidate is not clearly compatible with the four-port IEEE39 line block.
"sps_lib/Sensors and Measurements/Power\n(PLL-Driven,\nPositive-Sequence)/Positive-Sequence\n(PLL-Driven)1/Mean\n(Variable Frequency)2/Model/Switch","Switch","",Inport:3;Outport:1;Enable:0;Trigger:0;State:0;LConn:0;RConn:0;Ifaction:0;Reset:0;Event:0,0,3,1,0,1,Candidate is not clearly compatible with the four-port IEEE39 line block.
"sps_lib/Sensors and Measurements/Power\n(PLL-Driven,\nPositive-Sequence)/Positive-Sequence\n(PLL-Driven)1/abc ->dq0/Alpha-Beta-Zero\nto dq0/Switch","Switch","",Inport:3;Outport:1;Enable:0;Trigger:0;State:0;LConn:0;RConn:0;Ifaction:0;Reset:0;Event:0,0,3,1,0,1,Candidate is not clearly compatible with the four-port IEEE39 line block.
"sps_lib/Sensors and Measurements/Power\n(Positive-Sequence)/Sequence Analyzer/Fourier_A/Mean/Model/Switch","Switch","",Inport:3;Outport:1;Enable:0;Trigger:0;State:0;LConn:0;RConn:0;Ifaction:0;Reset:0;Event:0,0,3,1,0,1,Candidate is not clearly compatible with the four-port IEEE39 line block.
"sps_lib/Sensors and Measurements/Power\n(Positive-Sequence)/Sequence Analyzer/Fourier_A/Mean value1/Model/Switch","Switch","",Inport:3;Outport:1;Enable:0;Trigger:0;State:0;LConn:0;RConn:0;Ifaction:0;Reset:0;Event:0,0,3,1,0,1,Candidate is not clearly compatible with the four-port IEEE39 line block.
"sps_lib/Sensors and Measurements/Power\n(Positive-Sequence)/Sequence Analyzer/Fourier_B/Mean/Model/Switch","Switch","",Inport:3;Outport:1;Enable:0;Trigger:0;State:0;LConn:0;RConn:0;Ifaction:0;Reset:0;Event:0,0,3,1,0,1,Candidate is not clearly compatible with the four-port IEEE39 line block.
"sps_lib/Sensors and Measurements/Power\n(Positive-Sequence)/Sequence Analyzer/Fourier_B/Mean value1/Model/Switch","Switch","",Inport:3;Outport:1;Enable:0;Trigger:0;State:0;LConn:0;RConn:0;Ifaction:0;Reset:0;Event:0,0,3,1,0,1,Candidate is not clearly compatible with the four-port IEEE39 line block.
"sps_lib/Sensors and Measurements/Power\n(Positive-Sequence)/Sequence Analyzer/Fourier_C/Mean/Model/Switch","Switch","",Inport:3;Outport:1;Enable:0;Trigger:0;State:0;LConn:0;RConn:0;Ifaction:0;Reset:0;Event:0,0,3,1,0,1,Candidate is not clearly compatible with the four-port IEEE39 line block.
"sps_lib/Sensors and Measurements/Power\n(Positive-Sequence)/Sequence Analyzer/Fourier_C/Mean value1/Model/Switch","Switch","",Inport:3;Outport:1;Enable:0;Trigger:0;State:0;LConn:0;RConn:0;Ifaction:0;Reset:0;Event:0,0,3,1,0,1,Candidate is not clearly compatible with the four-port IEEE39 line block.
"sps_lib/Sensors and Measurements/Power\n(Positive-Sequence)/Sequence Analyzer1/Fourier_A/Mean/Model/Switch","Switch","",Inport:3;Outport:1;Enable:0;Trigger:0;State:0;LConn:0;RConn:0;Ifaction:0;Reset:0;Event:0,0,3,1,0,1,Candidate is not clearly compatible with the four-port IEEE39 line block.
"sps_lib/Sensors and Measurements/Power\n(Positive-Sequence)/Sequence Analyzer1/Fourier_A/Mean value1/Model/Switch","Switch","",Inport:3;Outport:1;Enable:0;Trigger:0;State:0;LConn:0;RConn:0;Ifaction:0;Reset:0;Event:0,0,3,1,0,1,Candidate is not clearly compatible with the four-port IEEE39 line block.
"sps_lib/Sensors and Measurements/Power\n(Positive-Sequence)/Sequence Analyzer1/Fourier_B/Mean/Model/Switch","Switch","",Inport:3;Outport:1;Enable:0;Trigger:0;State:0;LConn:0;RConn:0;Ifaction:0;Reset:0;Event:0,0,3,1,0,1,Candidate is not clearly compatible with the four-port IEEE39 line block.
"sps_lib/Sensors and Measurements/Power\n(Positive-Sequence)/Sequence Analyzer1/Fourier_B/Mean value1/Model/Switch","Switch","",Inport:3;Outport:1;Enable:0;Trigger:0;State:0;LConn:0;RConn:0;Ifaction:0;Reset:0;Event:0,0,3,1,0,1,Candidate is not clearly compatible with the four-port IEEE39 line block.
"sps_lib/Sensors and Measurements/Power\n(Positive-Sequence)/Sequence Analyzer1/Fourier_C/Mean/Model/Switch","Switch","",Inport:3;Outport:1;Enable:0;Trigger:0;State:0;LConn:0;RConn:0;Ifaction:0;Reset:0;Event:0,0,3,1,0,1,Candidate is not clearly compatible with the four-port IEEE39 line block.
"sps_lib/Sensors and Measurements/Power\n(Positive-Sequence)/Sequence Analyzer1/Fourier_C/Mean value1/Model/Switch","Switch","",Inport:3;Outport:1;Enable:0;Trigger:0;State:0;LConn:0;RConn:0;Ifaction:0;Reset:0;Event:0,0,3,1,0,1,Candidate is not clearly compatible with the four-port IEEE39 line block.
"sps_lib/Sensors and Measurements/RMS/RMS /Fourier1/Mean/Model/Switch","Switch","",Inport:3;Outport:1;Enable:0;Trigger:0;State:0;LConn:0;RConn:0;Ifaction:0;Reset:0;Event:0,0,3,1,0,1,Candidate is not clearly compatible with the four-port IEEE39 line block.
"sps_lib/Sensors and Measurements/RMS/RMS /Fourier1/Mean value1/Model/Switch","Switch","",Inport:3;Outport:1;Enable:0;Trigger:0;State:0;LConn:0;RConn:0;Ifaction:0;Reset:0;Event:0,0,3,1,0,1,Candidate is not clearly compatible with the four-port IEEE39 line block.
"sps_lib/Sensors and Measurements/RMS/Switch","Switch","",Inport:3;Outport:1;Enable:0;Trigger:0;State:0;LConn:0;RConn:0;Ifaction:0;Reset:0;Event:0,0,3,1,0,1,Candidate is not clearly compatible with the four-port IEEE39 line block.
"sps_lib/Sensors and Measurements/RMS/TrueRMS /Mean value/Model/Switch","Switch","",Inport:3;Outport:1;Enable:0;Trigger:0;State:0;LConn:0;RConn:0;Ifaction:0;Reset:0;Event:0,0,3,1,0,1,Candidate is not clearly compatible with the four-port IEEE39 line block.
"sps_lib/Sensors and Measurements/Sequence Analyzer/Fourier_A/Mean/Model/Switch","Switch","",Inport:3;Outport:1;Enable:0;Trigger:0;State:0;LConn:0;RConn:0;Ifaction:0;Reset:0;Event:0,0,3,1,0,1,Candidate is not clearly compatible with the four-port IEEE39 line block.
"sps_lib/Sensors and Measurements/Sequence Analyzer/Fourier_A/Mean value1/Model/Switch","Switch","",Inport:3;Outport:1;Enable:0;Trigger:0;State:0;LConn:0;RConn:0;Ifaction:0;Reset:0;Event:0,0,3,1,0,1,Candidate is not clearly compatible with the four-port IEEE39 line block.
"sps_lib/Sensors and Measurements/Sequence Analyzer/Fourier_B/Mean/Model/Switch","Switch","",Inport:3;Outport:1;Enable:0;Trigger:0;State:0;LConn:0;RConn:0;Ifaction:0;Reset:0;Event:0,0,3,1,0,1,Candidate is not clearly compatible with the four-port IEEE39 line block.
"sps_lib/Sensors and Measurements/Sequence Analyzer/Fourier_B/Mean value1/Model/Switch","Switch","",Inport:3;Outport:1;Enable:0;Trigger:0;State:0;LConn:0;RConn:0;Ifaction:0;Reset:0;Event:0,0,3,1,0,1,Candidate is not clearly compatible with the four-port IEEE39 line block.
"sps_lib/Sensors and Measurements/Sequence Analyzer/Fourier_C/Mean/Model/Switch","Switch","",Inport:3;Outport:1;Enable:0;Trigger:0;State:0;LConn:0;RConn:0;Ifaction:0;Reset:0;Event:0,0,3,1,0,1,Candidate is not clearly compatible with the four-port IEEE39 line block.
"sps_lib/Sensors and Measurements/Sequence Analyzer/Fourier_C/Mean value1/Model/Switch","Switch","",Inport:3;Outport:1;Enable:0;Trigger:0;State:0;LConn:0;RConn:0;Ifaction:0;Reset:0;Event:0,0,3,1,0,1,Candidate is not clearly compatible with the four-port IEEE39 line block.
"sps_lib/Sensors and Measurements/THD/Mean/Model/Switch","Switch","",Inport:3;Outport:1;Enable:0;Trigger:0;State:0;LConn:0;RConn:0;Ifaction:0;Reset:0;Event:0,0,3,1,0,1,Candidate is not clearly compatible with the four-port IEEE39 line block.
"sps_lib/Sensors and Measurements/THD/RMS1/RMS /Fourier1/Mean/Model/Switch","Switch","",Inport:3;Outport:1;Enable:0;Trigger:0;State:0;LConn:0;RConn:0;Ifaction:0;Reset:0;Event:0,0,3,1,0,1,Candidate is not clearly compatible with the four-port IEEE39 line block.
"sps_lib/Sensors and Measurements/THD/RMS1/RMS /Fourier1/Mean value1/Model/Switch","Switch","",Inport:3;Outport:1;Enable:0;Trigger:0;State:0;LConn:0;RConn:0;Ifaction:0;Reset:0;Event:0,0,3,1,0,1,Candidate is not clearly compatible with the four-port IEEE39 line block.
"sps_lib/Sensors and Measurements/THD/RMS1/Switch","Switch","",Inport:3;Outport:1;Enable:0;Trigger:0;State:0;LConn:0;RConn:0;Ifaction:0;Reset:0;Event:0,0,3,1,0,1,Candidate is not clearly compatible with the four-port IEEE39 line block.
"sps_lib/Sensors and Measurements/THD/RMS1/TrueRMS /Mean value/Model/Switch","Switch","",Inport:3;Outport:1;Enable:0;Trigger:0;State:0;LConn:0;RConn:0;Ifaction:0;Reset:0;Event:0,0,3,1,0,1,Candidate is not clearly compatible with the four-port IEEE39 line block.
"sps_lib/Sensors and Measurements/THD/RMS2/RMS /Fourier1/Mean/Model/Switch","Switch","",Inport:3;Outport:1;Enable:0;Trigger:0;State:0;LConn:0;RConn:0;Ifaction:0;Reset:0;Event:0,0,3,1,0,1,Candidate is not clearly compatible with the four-port IEEE39 line block.
"sps_lib/Sensors and Measurements/THD/RMS2/RMS /Fourier1/Mean value1/Model/Switch","Switch","",Inport:3;Outport:1;Enable:0;Trigger:0;State:0;LConn:0;RConn:0;Ifaction:0;Reset:0;Event:0,0,3,1,0,1,Candidate is not clearly compatible with the four-port IEEE39 line block.
"sps_lib/Sensors and Measurements/THD/RMS2/Switch","Switch","",Inport:3;Outport:1;Enable:0;Trigger:0;State:0;LConn:0;RConn:0;Ifaction:0;Reset:0;Event:0,0,3,1,0,1,Candidate is not clearly compatible with the four-port IEEE39 line block.
"sps_lib/Sensors and Measurements/THD/RMS2/TrueRMS /Mean value/Model/Switch","Switch","",Inport:3;Outport:1;Enable:0;Trigger:0;State:0;LConn:0;RConn:0;Ifaction:0;Reset:0;Event:0,0,3,1,0,1,Candidate is not clearly compatible with the four-port IEEE39 line block.
"sps_lib/Sources/Fuel Cell Stack/Model/Continuous//Detailed/Subsystem1/Nernst Potential/Switch","Switch","",Inport:3;Outport:1;Enable:0;Trigger:0;State:0;LConn:0;RConn:0;Ifaction:0;Reset:0;Event:0,0,3,1,0,1,Candidate is not clearly compatible with the four-port IEEE39 line block.
"sps_lib/Sources/Signal Generator Sources/Three-Phase\nProgrammable\nGenerator/Model/ Variation value\n(step ramp mod)/Subsystem/Multiport\nSwitch1","Multiport\nSwitch1","",Inport:5;Outport:1;Enable:0;Trigger:0;State:0;LConn:0;RConn:0;Ifaction:0;Reset:0;Event:0,0,5,1,0,1,Candidate is not clearly compatible with the four-port IEEE39 line block.
"sps_lib/Sources/Signal Generator Sources/Three-Phase\nProgrammable\nGenerator/Model/ Variation value\n(step ramp mod)/Subsystem/Switch","Switch","",Inport:3;Outport:1;Enable:0;Trigger:0;State:0;LConn:0;RConn:0;Ifaction:0;Reset:0;Event:0,0,3,1,0,1,Candidate is not clearly compatible with the four-port IEEE39 line block.
"sps_lib/Sources/Signal Generator Sources/Three-Phase\nProgrammable\nGenerator/Model/ Variation value\n(step ramp mod)/Subsystem/Switch1","Switch1","",Inport:3;Outport:1;Enable:0;Trigger:0;State:0;LConn:0;RConn:0;Ifaction:0;Reset:0;Event:0,0,3,1,0,1,Candidate is not clearly compatible with the four-port IEEE39 line block.
"sps_lib/Sources/Signal Generator Sources/Three-Phase\nProgrammable\nGenerator/Model/ Variation value\n(step ramp mod)/Subsystem/Switch2","Switch2","",Inport:3;Outport:1;Enable:0;Trigger:0;State:0;LConn:0;RConn:0;Ifaction:0;Reset:0;Event:0,0,3,1,0,1,Candidate is not clearly compatible with the four-port IEEE39 line block.
"sps_lib/Sources/Signal Generator Sources/Three-Phase\nProgrammable\nGenerator/Model/ Variation value\n(step ramp mod)/Subsystem/Switch3","Switch3","",Inport:3;Outport:1;Enable:0;Trigger:0;State:0;LConn:0;RConn:0;Ifaction:0;Reset:0;Event:0,0,3,1,0,1,Candidate is not clearly compatible with the four-port IEEE39 line block.
"sps_lib/Sources/Signal Generator Sources/Three-Phase\nProgrammable\nGenerator/Model/Amplitude/Switch2","Switch2","",Inport:3;Outport:1;Enable:0;Trigger:0;State:0;LConn:0;RConn:0;Ifaction:0;Reset:0;Event:0,0,3,1,0,1,Candidate is not clearly compatible with the four-port IEEE39 line block.
"sps_lib/Sources/Signal Generator Sources/Three-Phase\nProgrammable\nGenerator/Model/Amplitude/Time-Amplitude pairs/Switch1","Switch1","",Inport:3;Outport:1;Enable:0;Trigger:0;State:0;LConn:0;RConn:0;Ifaction:0;Reset:0;Event:0,0,3,1,0,1,Candidate is not clearly compatible with the four-port IEEE39 line block.
"sps_lib/Sources/Signal Generator Sources/Three-Phase\nProgrammable\nGenerator/Model/Amplitude/Variation on phase A only/Switch5","Switch5","",Inport:3;Outport:1;Enable:0;Trigger:0;State:0;LConn:0;RConn:0;Ifaction:0;Reset:0;Event:0,0,3,1,0,1,Candidate is not clearly compatible with the four-port IEEE39 line block.
"sps_lib/Sources/Signal Generator Sources/Three-Phase\nProgrammable\nGenerator/Model/Frequency/Switch4","Switch4","",Inport:3;Outport:1;Enable:0;Trigger:0;State:0;LConn:0;RConn:0;Ifaction:0;Reset:0;Event:0,0,3,1,0,1,Candidate is not clearly compatible with the four-port IEEE39 line block.
"sps_lib/Sources/Signal Generator Sources/Three-Phase\nProgrammable\nGenerator/Model/Harmonic\nGeneration/Harmonic A\ngeneration/Multiport\nSwitch","Multiport\nSwitch","",Inport:4;Outport:1;Enable:0;Trigger:0;State:0;LConn:0;RConn:0;Ifaction:0;Reset:0;Event:0,0,4,1,0,1,Candidate is not clearly compatible with the four-port IEEE39 line block.
"sps_lib/Sources/Signal Generator Sources/Three-Phase\nProgrammable\nGenerator/Model/Harmonic\nGeneration/Harmonic B\ngeneration/Multiport\nSwitch","Multiport\nSwitch","",Inport:4;Outport:1;Enable:0;Trigger:0;State:0;LConn:0;RConn:0;Ifaction:0;Reset:0;Event:0,0,4,1,0,1,Candidate is not clearly compatible with the four-port IEEE39 line block.
"sps_lib/Sources/Signal Generator Sources/Three-Phase\nProgrammable\nGenerator/Model/Phase/Switch3","Switch3","",Inport:3;Outport:1;Enable:0;Trigger:0;State:0;LConn:0;RConn:0;Ifaction:0;Reset:0;Event:0,0,3,1,0,1,Candidate is not clearly compatible with the four-port IEEE39 line block.
"sps_lib/Sources/Signal Generator Sources/Three-Phase\nProgrammable\nGenerator/Model/Phase/Time-Phase pairs/Switch1","Switch1","",Inport:3;Outport:1;Enable:0;Trigger:0;State:0;LConn:0;RConn:0;Ifaction:0;Reset:0;Event:0,0,3,1,0,1,Candidate is not clearly compatible with the four-port IEEE39 line block.
"sps_lib/Sources/Signal Generator Sources/Three-Phase\nProgrammable\nGenerator/Model/Phase/Variation on phase A only/Switch5","Switch5","",Inport:3;Outport:1;Enable:0;Trigger:0;State:0;LConn:0;RConn:0;Ifaction:0;Reset:0;Event:0,0,3,1,0,1,Candidate is not clearly compatible with the four-port IEEE39 line block.
"sps_lib/Sources/Three-Phase\nProgrammable\nVoltage Source/Model/Harmonic\nGenerator/Harmonic A\ngeneration/Multiport\nSwitch","Multiport\nSwitch","",Inport:4;Outport:1;Enable:0;Trigger:0;State:0;LConn:0;RConn:0;Ifaction:0;Reset:0;Event:0,0,4,1,0,1,Candidate is not clearly compatible with the four-port IEEE39 line block.
"sps_lib/Sources/Three-Phase\nProgrammable\nVoltage Source/Model/Harmonic\nGenerator/Harmonic B\ngeneration/Multiport\nSwitch","Multiport\nSwitch","",Inport:4;Outport:1;Enable:0;Trigger:0;State:0;LConn:0;RConn:0;Ifaction:0;Reset:0;Event:0,0,4,1,0,1,Candidate is not clearly compatible with the four-port IEEE39 line block.
"sps_lib/Sources/Three-Phase\nProgrammable\nVoltage Source/Model/Signal\nGenerator/Switch2","Switch2","",Inport:3;Outport:1;Enable:0;Trigger:0;State:0;LConn:0;RConn:0;Ifaction:0;Reset:0;Event:0,0,3,1,0,1,Candidate is not clearly compatible with the four-port IEEE39 line block.
"sps_lib/Sources/Three-Phase\nProgrammable\nVoltage Source/Model/Signal\nGenerator/Switch3","Switch3","",Inport:3;Outport:1;Enable:0;Trigger:0;State:0;LConn:0;RConn:0;Ifaction:0;Reset:0;Event:0,0,3,1,0,1,Candidate is not clearly compatible with the four-port IEEE39 line block.
"sps_lib/Sources/Three-Phase\nProgrammable\nVoltage Source/Model/Signal\nGenerator/Switch4","Switch4","",Inport:3;Outport:1;Enable:0;Trigger:0;State:0;LConn:0;RConn:0;Ifaction:0;Reset:0;Event:0,0,3,1,0,1,Candidate is not clearly compatible with the four-port IEEE39 line block.
"sps_lib/Sources/Three-Phase\nProgrammable\nVoltage Source/Model/Signal\nGenerator/Variation\nSubSystem/Switch","Switch","",Inport:3;Outport:1;Enable:0;Trigger:0;State:0;LConn:0;RConn:0;Ifaction:0;Reset:0;Event:0,0,3,1,0,1,Candidate is not clearly compatible with the four-port IEEE39 line block.
"sps_lib/Sources/Three-Phase\nProgrammable\nVoltage Source/Model/Signal\nGenerator/Variation\nSubSystem/Switch1","Switch1","",Inport:3;Outport:1;Enable:0;Trigger:0;State:0;LConn:0;RConn:0;Ifaction:0;Reset:0;Event:0,0,3,1,0,1,Candidate is not clearly compatible with the four-port IEEE39 line block.
"sps_lib/Sources/Three-Phase\nProgrammable\nVoltage Source/Model/Signal\nGenerator/Variation\nSubSystem/Switch2","Switch2","",Inport:3;Outport:1;Enable:0;Trigger:0;State:0;LConn:0;RConn:0;Ifaction:0;Reset:0;Event:0,0,3,1,0,1,Candidate is not clearly compatible with the four-port IEEE39 line block.
"sps_lib/Sources/Three-Phase\nProgrammable\nVoltage Source/Model/Signal\nGenerator/Variation\nSubSystem/Switch3","Switch3","",Inport:3;Outport:1;Enable:0;Trigger:0;State:0;LConn:0;RConn:0;Ifaction:0;Reset:0;Event:0,0,3,1,0,1,Candidate is not clearly compatible with the four-port IEEE39 line block.
"sps_lib/Sources/Three-Phase\nProgrammable\nVoltage Source/Model/Switch1","Switch1","",Inport:3;Outport:1;Enable:0;Trigger:0;State:0;LConn:0;RConn:0;Ifaction:0;Reset:0;Event:0,0,3,1,0,1,Candidate is not clearly compatible with the four-port IEEE39 line block.
"sps_lib/Sources/Three-Phase\nProgrammable\nVoltage Source/Model/Switch5","Switch5","",Inport:3;Outport:1;Enable:0;Trigger:0;State:0;LConn:0;RConn:0;Ifaction:0;Reset:0;Event:0,0,3,1,0,1,Candidate is not clearly compatible with the four-port IEEE39 line block.
"sps_lib/Utilities/Discrete-to-Phasor Interface/Fourier/Mean/Model/Switch","Switch","",Inport:3;Outport:1;Enable:0;Trigger:0;State:0;LConn:0;RConn:0;Ifaction:0;Reset:0;Event:0,0,3,1,0,1,Candidate is not clearly compatible with the four-port IEEE39 line block.
"sps_lib/Utilities/Discrete-to-Phasor Interface/Fourier/Mean value1/Model/Switch","Switch","",Inport:3;Outport:1;Enable:0;Trigger:0;State:0;LConn:0;RConn:0;Ifaction:0;Reset:0;Event:0,0,3,1,0,1,Candidate is not clearly compatible with the four-port IEEE39 line block.
