scenario_id,seed,path,first_line,second_line,converged,critical,total_load_shed_mw,island_load_shed_mw,redispatch_load_shed_mw,final_max_loading_ratio,final_outage_labels,num_final_outages,max_event_loading_ratio,max_pre_redispatch_loading_ratio,num_relay_trips,relay_trip_labels,num_passive_outages,has_overload_cascade,critical_mechanism,error
1,20260708,L001->L002,L001,L002,True,True,408.7226966194702,408.7226966194702,0.0,1.0000000000000016,"L001,L002,L024,L044,L045,L048,L054,L056,L057,L058,L060,L062,L065,L068,L095,L102,L104,L105,L106,L109,L110,L111,L113,L114,L115,L121,L122,L125,L128,L129,L134,L140,L143,L147,L148,L149,L150,L151,L153,L154,L155,L156,L157,L158,L159,L160,L169,L176,L178,L179",50,4.158116941864683,4.158116941864683,48,"L024,L044,L045,L048,L054,L056,L057,L058,L060,L062,L065,L068,L095,L102,L104,L105,L106,L109,L110,L111,L113,L114,L115,L121,L122,L125,L128,L129,L134,L140,L143,L147,L148,L149,L150,L151,L153,L154,L155,L156,L157,L158,L159,L160,L169,L176,L178,L179",48,True,relay_cascade,
1,20260708,L001->L003,L001,L003,True,False,0.0,0.0,0.0,1.0000000000000009,"L001,L003",2,1.1142560641820713,1.1142560641820713,0,,0,False,non_critical,
1,20260708,L001->L004,L001,L004,True,True,453.8736466247565,453.8736466247565,0.0,1.0000000000000002,"L001,L004,L012,L015,L016,L017,L018,L019,L020,L022,L024,L030,L037,L039,L044,L045,L048,L054,L056,L057,L058,L060,L062,L063,L064,L065,L068,L091,L093,L094,L095,L097,L102,L104,L105,L106,L109,L110,L111,L113,L121,L122,L125,L128,L134,L140,L143,L147,L148,L149,L150,L151,L153,L154,L155,L156,L157,L158,L160,L169,L176,L178,L179",63,3.4200571924036534,3.4200571924036534,61,"L012,L015,L016,L017,L018,L019,L020,L022,L024,L030,L037,L039,L044,L045,L048,L054,L056,L057,L058,L060,L062,L063,L064,L065,L068,L091,L093,L094,L095,L097,L102,L104,L105,L106,L109,L110,L111,L113,L121,L122,L125,L128,L134,L140,L143,L147,L148,L149,L150,L151,L153,L154,L155,L156,L157,L158,L160,L169,L176,L178,L179",61,True,relay_cascade,
1,20260708,L001->L005,L001,L005,True,True,497.8997655609304,497.22966496841497,0.6701005925154602,1.0000000000000107,"L001,L005,L012,L014,L015,L016,L017,L018,L019,L021,L022,L024,L025,L026,L027,L028,L029,L039,L040,L044,L045,L048,L054,L056,L057,L058,L060,L062,L065,L068,L102,L104,L105,L106,L109,L110,L111,L113,L114,L115,L121,L122,L125,L128,L129,L134,L140,L143,L147,L148,L149,L150,L151,L153,L154,L155,L156,L157,L158,L159,L160,L169,L176,L178,L179",65,4.158116941864679,4.158116941864679,63,"L012,L014,L015,L016,L017,L018,L019,L021,L022,L024,L025,L026,L027,L028,L029,L039,L040,L044,L045,L048,L054,L056,L057,L058,L060,L062,L065,L068,L102,L104,L105,L106,L109,L110,L111,L113,L114,L115,L121,L122,L125,L128,L129,L134,L140,L143,L147,L148,L149,L150,L151,L153,L154,L155,L156,L157,L158,L159,L160,L169,L176,L178,L179",63,True,relay_cascade,
1,20260708,L001->L006,L001,L006,True,True,453.8736466247565,453.8736466247565,0.0,1.0000000000000002,"L001,L006,L012,L014,L016,L017,L018,L019,L020,L022,L024,L030,L037,L039,L044,L045,L048,L054,L056,L057,L058,L060,L062,L063,L064,L065,L068,L091,L093,L094,L095,L097,L102,L104,L105,L106,L109,L110,L111,L113,L121,L122,L125,L128,L134,L140,L143,L147,L148,L149,L150,L151,L153,L154,L155,L156,L157,L158,L160,L169,L176,L178,L179",63,3.4200571924036534,3.4200571924036534,61,"L012,L014,L016,L017,L018,L019,L020,L022,L024,L030,L037,L039,L044,L045,L048,L054,L056,L057,L058,L060,L062,L063,L064,L065,L068,L091,L093,L094,L095,L097,L102,L104,L105,L106,L109,L110,L111,L113,L121,L122,L125,L128,L134,L140,L143,L147,L148,L149,L150,L151,L153,L154,L155,L156,L157,L158,L160,L169,L176,L178,L179",61,True,relay_cascade,
1,20260708,L001->L007,L001,L007,True,True,382.39690311606796,381.7268025235525,0.6701005925154546,1.0000000000000002,"L001,L007,L016,L018,L019,L022,L024,L026,L030,L037,L039,L044,L045,L048,L054,L056,L057,L058,L060,L065,L093,L094,L095,L102,L104,L105,L106,L109,L110,L111,L113,L121,L122,L125,L126,L127,L128,L129,L130,L131,L132,L134,L135,L136,L137,L140,L143,L147,L149,L150,L153,L154,L155,L156,L158,L159,L160,L169,L176,L178,L179",61,6.3075478754130145,6.3075478754130145,59,"L016,L018,L019,L022,L024,L026,L030,L037,L039,L044,L045,L048,L054,L056,L057,L058,L060,L065,L093,L094,L095,L102,L104,L105,L106,L109,L110,L111,L113,L121,L122,L125,L126,L127,L128,L129,L130,L131,L132,L134,L135,L136,L137,L140,L143,L147,L149,L150,L153,L154,L155,L156,L158,L159,L160,L169,L176,L178,L179",59,True,relay_cascade,
1,20260708,L001->L008,L001,L008,True,True,347.1210291506391,344.1733433469325,2.9476858037066345,1.0000000000000004,"L001,L008,L012,L014,L015,L017,L018,L019,L020,L022,L024,L026,L030,L037,L039,L044,L045,L048,L054,L056,L058,L065,L102,L104,L105,L106,L109,L110,L111,L112,L113,L114,L115,L121,L122,L125,L128,L129,L130,L131,L132,L134,L140,L143,L147,L149,L150,L153,L154,L155,L156,L158,L159,L160,L169,L176,L178,L179",58,6.793262638402954,6.793262638402954,56,"L012,L014,L015,L017,L018,L019,L020,L022,L024,L026,L030,L037,L039,L044,L045,L048,L054,L056,L058,L065,L102,L104,L105,L106,L109,L110,L111,L112,L113,L114,L115,L121,L122,L125,L128,L129,L130,L131,L132,L134,L140,L143,L147,L149,L150,L153,L154,L155,L156,L158,L159,L160,L169,L176,L178,L179",56,True,relay_cascade,
1,20260708,L001->L009,L001,L009,True,True,382.39690311606796,381.7268025235525,0.6701005925154546,1.0000000000000002,"L001,L009,L016,L018,L019,L022,L024,L026,L030,L037,L039,L044,L045,L048,L054,L056,L057,L058,L060,L065,L093,L094,L095,L102,L104,L105,L106,L109,L110,L111,L113,L121,L122,L125,L126,L127,L128,L129,L130,L131,L132,L134,L135,L136,L137,L140,L143,L147,L149,L150,L153,L154,L155,L156,L158,L159,L160,L169,L176,L178,L179",61,6.307547875413013,6.307547875413013,59,"L016,L018,L019,L022,L024,L026,L030,L037,L039,L044,L045,L048,L054,L056,L057,L058,L060,L065,L093,L094,L095,L102,L104,L105,L106,L109,L110,L111,L113,L121,L122,L125,L126,L127,L128,L129,L130,L131,L132,L134,L135,L136,L137,L140,L143,L147,L149,L150,L153,L154,L155,L156,L158,L159,L160,L169,L176,L178,L179",59,True,relay_cascade,
1,20260708,L001->L010,L001,L010,True,True,570.5774288362262,570.5774288362262,0.0,1.0000000000000016,"L001,L006,L010,L011,L012,L014,L015,L017,L018,L019,L020,L022,L024,L037,L044,L045,L048,L054,L056,L057,L058,L060,L062,L065,L068,L095,L102,L104,L105,L106,L109,L110,L111,L113,L114,L115,L121,L122,L125,L128,L129,L134,L140,L143,L147,L148,L149,L150,L151,L153,L154,L155,L156,L157,L158,L159,L160,L169,L176,L178,L179",61,4.158116941864683,4.158116941864683,59,"L006,L011,L012,L014,L015,L017,L018,L019,L020,L022,L024,L037,L044,L045,L048,L054,L056,L057,L058,L060,L062,L065,L068,L095,L102,L104,L105,L106,L109,L110,L111,L113,L114,L115,L121,L122,L125,L128,L129,L134,L140,L143,L147,L148,L149,L150,L151,L153,L154,L155,L156,L157,L158,L159,L160,L169,L176,L178,L179",59,True,relay_cascade,
1,20260708,L001->L011,L001,L011,True,True,563.7204603989263,563.7204603989263,0.0,1.0000000000000107,"L001,L006,L010,L011,L012,L014,L015,L018,L019,L020,L021,L022,L024,L026,L037,L039,L044,L045,L048,L054,L056,L057,L058,L060,L062,L065,L068,L102,L104,L105,L106,L109,L110,L111,L113,L114,L115,L121,L122,L125,L128,L129,L134,L140,L143,L147,L148,L149,L150,L151,L153,L154,L155,L156,L157,L158,L159,L160,L169,L176,L178,L179",62,4.158116941864683,4.158116941864683,60,"L006,L010,L012,L014,L015,L018,L019,L020,L021,L022,L024,L026,L037,L039,L044,L045,L048,L054,L056,L057,L058,L060,L062,L065,L068,L102,L104,L105,L106,L109,L110,L111,L113,L114,L115,L121,L122,L125,L128,L129,L134,L140,L143,L147,L148,L149,L150,L151,L153,L154,L155,L156,L157,L158,L159,L160,L169,L176,L178,L179",60,True,relay_cascade,
1,20260708,L001->L012,L001,L012,True,True,515.4155541107655,514.74545351825,0.6701005925154602,1.0000000000000016,"L001,L006,L012,L014,L015,L016,L017,L018,L019,L021,L022,L024,L025,L026,L027,L028,L029,L039,L040,L044,L045,L048,L054,L056,L057,L058,L060,L062,L065,L068,L095,L102,L104,L105,L106,L109,L110,L111,L113,L114,L115,L121,L122,L125,L128,L129,L134,L140,L143,L147,L148,L149,L150,L151,L153,L154,L155,L156,L157,L158,L159,L160,L169,L176,L178,L179",66,4.158116941864683,4.158116941864683,64,"L006,L014,L015,L016,L017,L018,L019,L021,L022,L024,L025,L026,L027,L028,L029,L039,L040,L044,L045,L048,L054,L056,L057,L058,L060,L062,L065,L068,L095,L102,L104,L105,L106,L109,L110,L111,L113,L114,L115,L121,L122,L125,L128,L129,L134,L140,L143,L147,L148,L149,L150,L151,L153,L154,L155,L156,L157,L158,L159,L160,L169,L176,L178,L179",64,True,relay_cascade,
1,20260708,L001->L013,L001,L013,True,True,429.3962370269219,429.3962370269219,0.0,1.0000000000000016,"L001,L013,L024,L044,L045,L048,L054,L056,L057,L058,L060,L062,L065,L068,L095,L102,L104,L105,L106,L109,L110,L111,L113,L114,L115,L121,L122,L125,L128,L129,L134,L140,L143,L147,L148,L149,L150,L151,L153,L154,L155,L156,L157,L158,L159,L160,L169,L176,L178,L179",50,4.158116941864683,4.158116941864683,48,"L024,L044,L045,L048,L054,L056,L057,L058,L060,L062,L065,L068,L095,L102,L104,L105,L106,L109,L110,L111,L113,L114,L115,L121,L122,L125,L128,L129,L134,L140,L143,L147,L148,L149,L150,L151,L153,L154,L155,L156,L157,L158,L159,L160,L169,L176,L178,L179",48,True,relay_cascade,
1,20260708,L001->L014,L001,L014,True,True,453.8736466247565,453.8736466247565,0.0,1.0000000000000002,"L001,L012,L014,L015,L016,L017,L018,L019,L020,L022,L024,L030,L037,L039,L044,L045,L048,L054,L056,L057,L058,L060,L062,L063,L064,L065,L068,L091,L093,L094,L095,L097,L102,L104,L105,L106,L109,L110,L111,L113,L121,L122,L125,L128,L134,L140,L143,L147,L148,L149,L150,L151,L153,L154,L155,L156,L157,L158,L160,L169,L176,L178,L179",63,3.4200571924036534,3.4200571924036534,61,"L012,L015,L016,L017,L018,L019,L020,L022,L024,L030,L037,L039,L044,L045,L048,L054,L056,L057,L058,L060,L062,L063,L064,L065,L068,L091,L093,L094,L095,L097,L102,L104,L105,L106,L109,L110,L111,L113,L121,L122,L125,L128,L134,L140,L143,L147,L148,L149,L150,L151,L153,L154,L155,L156,L157,L158,L160,L169,L176,L178,L179",61,True,relay_cascade,
1,20260708,L001->L015,L001,L015,True,True,419.7454523561441,419.07535176362865,0.6701005925154602,1.0000000000000016,"L001,L010,L011,L012,L014,L015,L016,L017,L018,L019,L022,L023,L024,L026,L037,L044,L045,L054,L056,L057,L058,L060,L065,L102,L104,L105,L106,L109,L110,L111,L113,L114,L115,L121,L122,L125,L128,L129,L134,L140,L143,L146,L147,L148,L149,L150,L151,L153,L154,L155,L156,L157,L158,L159,L160,L169,L176,L178,L179",59,7.4330957084180485,7.4330957084180485,57,"L010,L011,L012,L014,L016,L017,L018,L019,L022,L023,L024,L026,L037,L044,L045,L054,L056,L057,L058,L060,L065,L102,L104,L105,L106,L109,L110,L111,L113,L114,L115,L121,L122,L125,L128,L129,L134,L140,L143,L146,L147,L148,L149,L150,L151,L153,L154,L155,L156,L157,L158,L159,L160,L169,L176,L178,L179",57,True,relay_cascade,
1,20260708,L001->L016,L001,L016,True,True,455.59168852550977,454.9215879329943,0.6701005925154602,1.0000000000000107,"L001,L012,L014,L015,L016,L017,L018,L019,L022,L024,L044,L045,L048,L054,L056,L057,L058,L060,L062,L065,L068,L102,L104,L105,L106,L109,L110,L111,L113,L114,L115,L121,L122,L125,L128,L129,L134,L140,L143,L147,L148,L149,L150,L151,L153,L154,L155,L156,L157,L158,L159,L160,L169,L176,L178,L179",56,4.158116941864679,4.158116941864679,54,"L012,L014,L015,L017,L018,L019,L022,L024,L044,L045,L048,L054,L056,L057,L058,L060,L062,L065,L068,L102,L104,L105,L106,L109,L110,L111,L113,L114,L115,L121,L122,L125,L128,L129,L134,L140,L143,L147,L148,L149,L150,L151,L153,L154,L155,L156,L157,L158,L159,L160,L169,L176,L178,L179",54,True,relay_cascade,
1,20260708,L001->L017,L001,L017,True,False,0.0,0.0,0.0,1.0000000000000009,"L001,L017",2,1.0472157046071782,1.0472157046071782,0,,0,False,non_critical,
1,20260708,L001->L018,L001,L018,True,False,0.0,0.0,0.0,1.0000000000000009,"L001,L018",2,1.017849207516542,1.017849207516542,0,,0,False,non_critical,
1,20260708,L001->L019,L001,L019,True,False,0.0,0.0,0.0,1.0000000000000009,"L001,L019",2,1.0591922855820122,1.0591922855820122,0,,0,False,non_critical,
1,20260708,L001->L020,L001,L020,True,True,0.6701005925154546,0.0,0.6701005925154546,1.0000000000000009,"L001,L020",2,1.053035833012003,1.053035833012003,0,,0,False,island_only,
1,20260708,L001->L021,L001,L021,True,True,490.3512014899864,489.68110089747097,0.6701005925154602,1.0000000000000004,"L001,L004,L006,L010,L011,L012,L014,L015,L016,L017,L018,L019,L021,L022,L024,L026,L032,L037,L039,L044,L045,L048,L054,L056,L058,L065,L102,L104,L105,L106,L109,L110,L111,L113,L114,L115,L121,L122,L125,L128,L129,L130,L131,L132,L134,L140,L143,L147,L148,L149,L150,L151,L153,L154,L155,L156,L157,L158,L159,L160,L169,L176,L178,L179",64,5.299562966682001,5.299562966682001,62,"L004,L006,L010,L011,L012,L014,L015,L016,L017,L018,L019,L022,L024,L026,L032,L037,L039,L044,L045,L048,L054,L056,L058,L065,L102,L104,L105,L106,L109,L110,L111,L113,L114,L115,L121,L122,L125,L128,L129,L130,L131,L132,L134,L140,L143,L147,L148,L149,L150,L151,L153,L154,L155,L156,L157,L158,L159,L160,L169,L176,L178,L179",62,True,relay_cascade,
1,20260708,L001->L022,L001,L022,True,True,0.6701005925154546,0.0,0.6701005925154546,1.000000000000007,"L001,L022",2,1.1691884586619086,1.1691884586619086,0,,0,False,island_only,
1,20260708,L001->L023,L001,L023,True,True,381.99736972035504,381.3272691278396,0.6701005925154546,1.0000000000000007,"L001,L018,L019,L022,L023,L025,L026,L027,L028,L029,L030,L032,L037,L039,L044,L054,L056,L058,L065,L104,L105,L106,L109,L110,L112,L114,L119,L121,L122,L125,L126,L127,L128,L129,L134,L140,L147,L148,L149,L150,L151,L153,L155,L156,L157,L158,L159,L169,L175,L176,L178,L179,L185,L186",54,3.6283152826709593,3.6283152826709593,52,"L018,L019,L022,L025,L026,L027,L028,L029,L030,L032,L037,L039,L044,L054,L056,L058,L065,L104,L105,L106,L109,L110,L112,L114,L119,L121,L122,L125,L126,L127,L128,L129,L134,L140,L147,L148,L149,L150,L151,L153,L155,L156,L157,L158,L159,L169,L175,L176,L178,L179,L185,L186",52,True,relay_cascade,
1,20260708,L001->L024,L001,L024,True,True,398.72109669758044,398.050996105065,0.6701005925154546,1.0000000000000004,"L001,L018,L019,L022,L024,L025,L026,L027,L028,L029,L030,L032,L037,L039,L044,L054,L056,L058,L065,L104,L105,L106,L109,L110,L112,L114,L115,L116,L119,L120,L121,L122,L125,L126,L127,L128,L129,L134,L140,L147,L148,L149,L150,L151,L153,L155,L156,L157,L158,L159,L169,L175,L176,L178,L179,L185,L186",57,3.6075178395064675,3.6075178395064675,55,"L018,L019,L022,L025,L026,L027,L028,L029,L030,L032,L037,L039,L044,L054,L056,L058,L065,L104,L105,L106,L109,L110,L112,L114,L115,L116,L119,L120,L121,L122,L125,L126,L127,L128,L129,L134,L140,L147,L148,L149,L150,L151,L153,L155,L156,L157,L158,L159,L169,L175,L176,L178,L179,L185,L186",55,True,relay_cascade,
1,20260708,L001->L025,L001,L025,True,False,0.0,0.0,0.0,1.0000000000000018,"L001,L025",2,1.126739542364016,1.126739542364016,0,,0,False,non_critical,
1,20260708,L001->L026,L001,L026,True,True,398.72109669758044,398.050996105065,0.6701005925154546,1.0000000000000004,"L001,L018,L019,L022,L024,L025,L026,L027,L028,L029,L030,L032,L037,L039,L044,L054,L056,L058,L065,L104,L105,L106,L109,L110,L112,L114,L115,L116,L119,L120,L121,L122,L125,L126,L127,L128,L129,L134,L140,L147,L148,L149,L150,L151,L153,L155,L156,L157,L158,L159,L169,L175,L176,L178,L179,L185,L186",57,3.6075178395064675,3.6075178395064675,55,"L018,L019,L022,L024,L025,L027,L028,L029,L030,L032,L037,L039,L044,L054,L056,L058,L065,L104,L105,L106,L109,L110,L112,L114,L115,L116,L119,L120,L121,L122,L125,L126,L127,L128,L129,L134,L140,L147,L148,L149,L150,L151,L153,L155,L156,L157,L158,L159,L169,L175,L176,L178,L179,L185,L186",55,True,relay_cascade,
1,20260708,L001->L027,L001,L027,True,False,0.0,0.0,0.0,1.0000000000000009,"L001,L027",2,1.0443707456764815,1.0443707456764815,0,,0,False,non_critical,
1,20260708,L001->L028,L001,L028,True,True,410.7287746318231,410.7287746318231,0.0,1.0000000000000007,"L001,L024,L025,L026,L028,L030,L039,L044,L054,L056,L058,L065,L102,L104,L105,L106,L107,L108,L109,L110,L111,L112,L113,L114,L115,L116,L119,L120,L121,L122,L125,L126,L127,L128,L134,L140,L143,L147,L148,L149,L150,L151,L153,L154,L155,L156,L157,L158,L159,L160,L169,L176,L178,L179,L185,L186",56,10.529770578532816,10.529770578532816,54,"L024,L025,L026,L030,L039,L044,L054,L056,L058,L065,L102,L104,L105,L106,L107,L108,L109,L110,L111,L112,L113,L114,L115,L116,L119,L120,L121,L122,L125,L126,L127,L128,L134,L140,L143,L147,L148,L149,L150,L151,L153,L154,L155,L156,L157,L158,L159,L160,L169,L176,L178,L179,L185,L186",54,True,relay_cascade,
1,20260708,L001->L029,L001,L029,True,True,420.80149181789005,420.80149181789005,0.0,1.0000000000000004,"L001,L024,L025,L026,L029,L030,L032,L039,L044,L054,L056,L058,L065,L102,L104,L105,L106,L107,L108,L109,L110,L111,L112,L113,L114,L115,L116,L119,L120,L121,L122,L125,L126,L127,L128,L134,L140,L143,L147,L148,L149,L150,L151,L153,L154,L155,L156,L157,L158,L159,L160,L169,L176,L178,L179,L185,L186",57,9.724196205156852,9.724196205156852,55,"L024,L025,L026,L030,L032,L039,L044,L054,L056,L058,L065,L102,L104,L105,L106,L107,L108,L109,L110,L111,L112,L113,L114,L115,L116,L119,L120,L121,L122,L125,L126,L127,L128,L134,L140,L143,L147,L148,L149,L150,L151,L153,L154,L155,L156,L157,L158,L159,L160,L169,L176,L178,L179,L185,L186",55,True,relay_cascade,
1,20260708,L001->L030,L001,L030,True,True,303.81914348874363,303.81914348874363,0.0,1.0000000000000018,"L001,L024,L030,L039,L044,L045,L048,L054,L056,L057,L058,L060,L095,L102,L104,L109,L110,L111,L121,L122,L125,L128,L129,L130,L131,L132,L134,L135,L136,L140,L143,L147,L149,L150,L153,L154,L155,L156,L158,L160,L169,L176,L178,L179",44,3.9871148601010433,3.9871148601010433,42,"L024,L039,L044,L045,L048,L054,L056,L057,L058,L060,L095,L102,L104,L109,L110,L111,L121,L122,L125,L128,L129,L130,L131,L132,L134,L135,L136,L140,L143,L147,L149,L150,L153,L154,L155,L156,L158,L160,L169,L176,L178,L179",42,True,relay_cascade,
1,20260708,L001->L031,L001,L031,True,True,184.77420273860199,184.10410214608652,0.6701005925154657,1.0000000000000007,"L001,L015,L022,L024,L025,L026,L030,L031,L034,L035,L039,L040,L042,L043,L044,L045,L048,L054,L056,L057,L058,L060,L102,L109,L110,L111,L112,L134,L140,L143,L147,L150,L153,L154,L155,L156,L158,L160,L169,L176,L178,L179,L181,L182",44,4.040859398394819,4.040859398394819,42,"L015,L022,L024,L025,L026,L030,L034,L035,L039,L040,L042,L043,L044,L045,L048,L054,L056,L057,L058,L060,L102,L109,L110,L111,L112,L134,L140,L143,L147,L150,L153,L154,L155,L156,L158,L160,L169,L176,L178,L179,L181,L182",42,True,relay_cascade,
1,20260708,L001->L032,L001,L032,True,True,418.90111828764174,418.0250133305651,0.8761049570766066,1.0000000000000004,"L001,L024,L025,L026,L030,L032,L039,L040,L043,L044,L045,L048,L054,L056,L058,L060,L062,L063,L064,L065,L068,L102,L104,L105,L106,L109,L110,L111,L112,L113,L114,L115,L121,L122,L125,L128,L129,L130,L131,L132,L134,L135,L136,L140,L143,L147,L149,L150,L153,L154,L155,L156,L158,L159,L160,L169,L176,L178,L179,L180",60,3.9642809803134087,3.9642809803134087,58,"L024,L025,L026,L030,L039,L040,L043,L044,L045,L048,L054,L056,L058,L060,L062,L063,L064,L065,L068,L102,L104,L105,L106,L109,L110,L111,L112,L113,L114,L115,L121,L122,L125,L128,L129,L130,L131,L132,L134,L135,L136,L140,L143,L147,L149,L150,L153,L154,L155,L156,L158,L159,L160,L169,L176,L178,L179,L180",58,True,relay_cascade,
1,20260708,L001->L033,L001,L033,True,True,340.5306625605231,339.8605619680077,0.6701005925154546,1.0000000000000004,"L001,L022,L024,L026,L027,L030,L033,L039,L040,L043,L044,L045,L046,L050,L054,L056,L057,L058,L060,L065,L095,L102,L104,L105,L106,L109,L110,L111,L112,L113,L114,L115,L121,L122,L125,L128,L129,L134,L140,L143,L146,L147,L148,L149,L150,L151,L153,L154,L155,L156,L157,L158,L159,L160,L169,L176,L178,L179,L180,L182",60,7.186859016763013,7.186859016763013,58,"L022,L024,L026,L027,L030,L039,L040,L043,L044,L045,L046,L050,L054,L056,L057,L058,L060,L065,L095,L102,L104,L105,L106,L109,L110,L111,L112,L113,L114,L115,L121,L122,L125,L128,L129,L134,L140,L143,L146,L147,L148,L149,L150,L151,L153,L154,L155,L156,L157,L158,L159,L160,L169,L176,L178,L179,L180,L182",58,True,relay_cascade,
1,20260708,L001->L034,L001,L034,True,True,344.9477524757276,344.9477524757276,0.0,1.0000000000000016,"L001,L024,L026,L030,L034,L039,L040,L044,L045,L046,L054,L056,L057,L058,L060,L065,L095,L102,L104,L105,L106,L109,L110,L111,L112,L113,L114,L115,L121,L122,L125,L128,L129,L134,L140,L143,L146,L147,L148,L149,L150,L151,L153,L154,L155,L156,L157,L158,L159,L160,L169,L176,L178,L179",54,6.671215857640197,6.671215857640197,52,"L024,L026,L030,L039,L040,L044,L045,L046,L054,L056,L057,L058,L060,L065,L095,L102,L104,L105,L106,L109,L110,L111,L112,L113,L114,L115,L121,L122,L125,L128,L129,L134,L140,L143,L146,L147,L148,L149,L150,L151,L153,L154,L155,L156,L157,L158,L159,L160,L169,L176,L178,L179",52,True,relay_cascade,
1,20260708,L001->L035,L001,L035,True,False,0.0,0.0,0.0,1.000000000000004,"L001,L035",2,1.0116129255312885,1.0116129255312885,0,,0,False,non_critical,
1,20260708,L001->L036,L001,L036,True,True,494.41368544430173,494.41368544430173,0.0,1.0000000000000004,"L001,L004,L006,L010,L011,L012,L014,L015,L016,L017,L018,L019,L020,L022,L024,L025,L026,L027,L028,L030,L032,L036,L037,L039,L044,L045,L048,L054,L056,L058,L065,L102,L104,L105,L106,L109,L110,L111,L112,L113,L114,L115,L121,L122,L125,L128,L129,L130,L131,L132,L134,L135,L140,L143,L147,L149,L150,L153,L154,L155,L156,L158,L159,L160,L169,L176,L178,L179",68,5.347522307400024,5.347522307400024,66,"L004,L006,L010,L011,L012,L014,L015,L016,L017,L018,L019,L020,L022,L024,L025,L026,L027,L028,L030,L032,L037,L039,L044,L045,L048,L054,L056,L058,L065,L102,L104,L105,L106,L109,L110,L111,L112,L113,L114,L115,L121,L122,L125,L128,L129,L130,L131,L132,L134,L135,L140,L143,L147,L149,L150,L153,L154,L155,L156,L158,L159,L160,L169,L176,L178,L179",66,True,relay_cascade,
1,20260708,L001->L037,L001,L037,True,True,331.0143679173509,330.34426732483547,0.6701005925154574,1.0000000000000007,"L001,L006,L012,L014,L015,L016,L017,L018,L020,L026,L030,L037,L044,L056,L057,L058,L102,L104,L109,L110,L111,L113,L121,L122,L125,L126,L127,L128,L129,L130,L131,L132,L134,L135,L136,L140,L143,L147,L149,L150,L153,L154,L155,L156,L158,L160,L169,L176,L178,L179",50,3.218555684729594,3.218555684729594,48,"L006,L012,L014,L015,L016,L017,L018,L020,L026,L030,L044,L056,L057,L058,L102,L104,L109,L110,L111,L113,L121,L122,L125,L126,L127,L128,L129,L130,L131,L132,L134,L135,L136,L140,L143,L147,L149,L150,L153,L154,L155,L156,L158,L160,L169,L176,L178,L179",48,True,relay_cascade,
1,20260708,L001->L038,L001,L038,True,True,533.8949975360488,533.8949975360488,0.0,1.0000000000000018,"L001,L006,L015,L016,L017,L018,L019,L020,L022,L025,L027,L030,L032,L037,L038,L039,L042,L044,L060,L062,L063,L064,L065,L068,L104,L105,L106,L109,L110,L111,L112,L113,L121,L122,L125,L128,L129,L130,L131,L132,L134,L135,L136,L137,L140,L143,L147,L149,L150,L153,L154,L155,L156,L158,L160,L162,L169,L176,L178,L179",60,3.5164401122770848,3.5164401122770848,58,"L006,L015,L016,L017,L018,L019,L020,L022,L025,L027,L030,L032,L037,L039,L042,L044,L060,L062,L063,L064,L065,L068,L104,L105,L106,L109,L110,L111,L112,L113,L121,L122,L125,L128,L129,L130,L131,L132,L134,L135,L136,L137,L140,L143,L147,L149,L150,L153,L154,L155,L156,L158,L160,L162,L169,L176,L178,L179",58,True,relay_cascade,
1,20260708,L001->L039,L001,L039,True,False,0.0,0.0,0.0,1.0000000000000007,"L001,L039",2,1.079644607928365,1.079644607928365,0,,0,False,non_critical,
1,20260708,L001->L040,L001,L040,True,True,336.5859372295402,335.7098322724636,0.8761049570766066,1.0000000000000007,"L001,L024,L025,L026,L030,L032,L039,L040,L043,L044,L048,L054,L056,L058,L062,L063,L064,L065,L102,L104,L105,L106,L109,L110,L111,L112,L113,L114,L115,L121,L122,L125,L128,L129,L130,L131,L132,L134,L135,L136,L140,L143,L147,L149,L150,L153,L154,L155,L156,L158,L159,L160,L169,L176,L178,L179,L180",57,5.38731459487075,5.38731459487075,55,"L024,L025,L026,L030,L032,L039,L043,L044,L048,L054,L056,L058,L062,L063,L064,L065,L102,L104,L105,L106,L109,L110,L111,L112,L113,L114,L115,L121,L122,L125,L128,L129,L130,L131,L132,L134,L135,L136,L140,L143,L147,L149,L150,L153,L154,L155,L156,L158,L159,L160,L169,L176,L178,L179,L180",55,True,relay_cascade,
1,20260708,L001->L041,L001,L041,True,True,504.13207757194925,500.417492056563,3.7145855153862595,1.000000000000007,"L001,L015,L022,L024,L027,L030,L032,L034,L035,L039,L040,L041,L043,L044,L045,L048,L054,L056,L057,L058,L060,L062,L063,L064,L065,L068,L091,L092,L093,L094,L095,L097,L102,L104,L105,L106,L109,L110,L111,L113,L114,L115,L121,L122,L125,L128,L129,L130,L131,L134,L140,L143,L147,L148,L149,L150,L151,L153,L154,L155,L156,L157,L158,L159,L160,L169,L176,L178,L179,L181",70,3.8991200481513175,3.8991200481513175,68,"L015,L022,L024,L027,L030,L032,L034,L035,L039,L040,L043,L044,L045,L048,L054,L056,L057,L058,L060,L062,L063,L064,L065,L068,L091,L092,L093,L094,L095,L097,L102,L104,L105,L106,L109,L110,L111,L113,L114,L115,L121,L122,L125,L128,L129,L130,L131,L134,L140,L143,L147,L148,L149,L150,L151,L153,L154,L155,L156,L157,L158,L159,L160,L169,L176,L178,L179,L181",68,True,relay_cascade,
1,20260708,L001->L042,L001,L042,True,True,426.7276170448287,425.85151208775204,0.8761049570766843,1.0000000000000016,"L001,L024,L026,L027,L034,L035,L039,L042,L043,L044,L045,L048,L054,L056,L057,L058,L060,L062,L065,L068,L095,L102,L104,L105,L106,L109,L110,L111,L112,L113,L114,L115,L121,L122,L125,L128,L129,L134,L140,L143,L147,L148,L149,L150,L151,L153,L154,L155,L156,L157,L158,L159,L160,L169,L176,L178,L179,L180",58,4.158116941864683,4.158116941864683,56,"L024,L026,L027,L034,L035,L039,L043,L044,L045,L048,L054,L056,L057,L058,L060,L062,L065,L068,L095,L102,L104,L105,L106,L109,L110,L111,L112,L113,L114,L115,L121,L122,L125,L128,L129,L134,L140,L143,L147,L148,L149,L150,L151,L153,L154,L155,L156,L157,L158,L159,L160,L169,L176,L178,L179,L180",56,True,relay_cascade,
1,20260708,L001->L043,L001,L043,True,True,460.2479033376867,459.37179838061,0.8761049570766843,1.000000000000007,"L001,L024,L030,L039,L040,L043,L044,L045,L048,L054,L056,L057,L058,L060,L062,L063,L064,L065,L068,L091,L092,L093,L094,L095,L097,L102,L104,L105,L106,L109,L110,L111,L113,L114,L115,L121,L122,L125,L128,L129,L130,L131,L134,L140,L143,L147,L148,L149,L150,L151,L153,L154,L155,L156,L157,L158,L159,L160,L169,L176,L178,L179,L180",63,3.8971896134587674,3.8971896134587674,61,"L024,L030,L039,L040,L044,L045,L048,L054,L056,L057,L058,L060,L062,L063,L064,L065,L068,L091,L092,L093,L094,L095,L097,L102,L104,L105,L106,L109,L110,L111,L113,L114,L115,L121,L122,L125,L128,L129,L130,L131,L134,L140,L143,L147,L148,L149,L150,L151,L153,L154,L155,L156,L157,L158,L159,L160,L169,L176,L178,L179,L180",61,True,relay_cascade,
1,20260708,L001->L044,L001,L044,True,True,398.050996105065,398.050996105065,0.0,1.0000000000000004,"L001,L024,L025,L026,L027,L028,L029,L030,L032,L039,L044,L054,L056,L058,L065,L104,L105,L106,L109,L110,L112,L114,L115,L116,L119,L120,L121,L122,L125,L126,L127,L128,L129,L134,L140,L147,L148,L149,L150,L151,L153,L155,L156,L157,L158,L159,L169,L175,L176,L178,L179,L185,L186",53,3.6075178395064675,3.6075178395064675,51,"L024,L025,L026,L027,L028,L029,L030,L032,L039,L054,L056,L058,L065,L104,L105,L106,L109,L110,L112,L114,L115,L116,L119,L120,L121,L122,L125,L126,L127,L128,L129,L134,L140,L147,L148,L149,L150,L151,L153,L155,L156,L157,L158,L159,L169,L175,L176,L178,L179,L185,L186",51,True,relay_cascade,
1,20260708,L001->L045,L001,L045,True,False,0.0,0.0,0.0,1.000000000000007,"L001,L045",2,1.1452687833676447,1.1452687833676447,0,,0,False,non_critical,
1,20260708,L001->L046,L001,L046,True,False,0.0,0.0,0.0,1.0000000000000024,"L001,L046",2,1.0084856762382364,1.0084856762382364,0,,0,False,non_critical,
1,20260708,L001->L047,L001,L047,True,True,134.16587592274104,134.16587592274104,0.0,1.0000000000000022,"L001,L024,L044,L045,L046,L047,L048,L054,L056,L057,L058,L060,L095,L102,L104,L109,L110,L111,L113,L114,L115,L134,L140,L143,L147,L150,L153,L154,L155,L156,L158,L159,L160,L169,L176,L178,L179",37,4.018937911456883,4.018937911456883,35,"L024,L044,L045,L046,L048,L054,L056,L057,L058,L060,L095,L102,L104,L109,L110,L111,L113,L114,L115,L134,L140,L143,L147,L150,L153,L154,L155,L156,L158,L159,L160,L169,L176,L178,L179",35,True,relay_cascade,
1,20260708,L001->L048,L001,L048,True,False,0.0,0.0,0.0,1.0000000000000013,"L001,L048",2,1.0049105226192088,1.0049105226192088,0,,0,False,non_critical,
1,20260708,L001->L049,L001,L049,True,True,440.61338540319014,440.61338540319014,0.0,1.0000000000000009,"L001,L024,L044,L045,L046,L048,L049,L054,L056,L057,L058,L060,L062,L063,L064,L065,L068,L095,L102,L104,L105,L106,L109,L110,L111,L113,L114,L115,L121,L122,L125,L128,L129,L134,L140,L143,L147,L148,L149,L150,L151,L153,L154,L155,L156,L157,L158,L159,L160,L169,L176,L178,L179",53,4.219867603311495,4.219867603311495,51,"L024,L044,L045,L046,L048,L054,L056,L057,L058,L060,L062,L063,L064,L065,L068,L095,L102,L104,L105,L106,L109,L110,L111,L113,L114,L115,L121,L122,L125,L128,L129,L134,L140,L143,L147,L148,L149,L150,L151,L153,L154,L155,L156,L157,L158,L159,L160,L169,L176,L178,L179",51,True,relay_cascade,
1,20260708,L001->L050,L001,L050,True,True,390.2519701052849,387.0321919185279,3.2197781867570052,1.0000000000000004,"L001,L016,L017,L021,L022,L024,L026,L044,L045,L046,L048,L049,L050,L054,L056,L057,L058,L059,L062,L063,L064,L065,L095,L102,L104,L105,L106,L109,L110,L111,L113,L114,L115,L121,L122,L125,L128,L129,L134,L140,L143,L147,L148,L149,L150,L151,L153,L154,L155,L156,L157,L158,L159,L160,L169,L176,L178,L179",58,5.703320894475191,5.703320894475191,56,"L016,L017,L021,L022,L024,L026,L044,L045,L046,L048,L049,L054,L056,L057,L058,L059,L062,L063,L064,L065,L095,L102,L104,L105,L106,L109,L110,L111,L113,L114,L115,L121,L122,L125,L128,L129,L134,L140,L143,L147,L148,L149,L150,L151,L153,L154,L155,L156,L157,L158,L159,L160,L169,L176,L178,L179",56,True,relay_cascade,
1,20260708,L001->L051,L001,L051,True,True,185.180451645982,185.180451645982,0.0,1.0000000000000078,"L001,L024,L026,L030,L044,L045,L046,L048,L051,L054,L056,L057,L058,L059,L060,L061,L062,L063,L065,L068,L095,L102,L104,L109,L110,L112,L113,L114,L115,L134,L140,L143,L147,L150,L153,L154,L155,L156,L158,L159,L160,L169,L176,L178,L179",45,5.652631344235754,5.652631344235754,43,"L024,L026,L030,L044,L045,L046,L048,L054,L056,L057,L058,L059,L060,L061,L062,L063,L065,L068,L095,L102,L104,L109,L110,L112,L113,L114,L115,L134,L140,L143,L147,L150,L153,L154,L155,L156,L158,L159,L160,L169,L176,L178,L179",43,True,relay_cascade,
1,20260708,L001->L052,L001,L052,True,True,102.86527058788053,102.86527058788053,0.0,1.0000000000000022,"L001,L024,L030,L044,L045,L048,L052,L053,L054,L056,L057,L058,L060,L095,L102,L104,L109,L110,L111,L112,L113,L134,L140,L143,L147,L150,L153,L154,L155,L156,L158,L159,L160,L169,L176,L178,L179",37,5.153872571012743,5.153872571012743,35,"L024,L030,L044,L045,L048,L053,L054,L056,L057,L058,L060,L095,L102,L104,L109,L110,L111,L112,L113,L134,L140,L143,L147,L150,L153,L154,L155,L156,L158,L159,L160,L169,L176,L178,L179",35,True,relay_cascade,
1,20260708,L001->L053,L001,L053,True,True,480.88565187955874,480.88565187955874,0.0,1.000000000000007,"L001,L024,L030,L044,L045,L048,L053,L054,L055,L056,L057,L058,L060,L062,L063,L064,L065,L068,L069,L091,L092,L093,L094,L095,L097,L102,L104,L105,L106,L109,L110,L111,L112,L113,L114,L115,L121,L122,L125,L128,L129,L130,L131,L134,L140,L143,L147,L148,L149,L150,L151,L153,L154,L155,L156,L157,L158,L159,L160,L169,L176,L178,L179",63,4.803494563180318,4.803494563180318,61,"L024,L030,L044,L045,L048,L054,L055,L056,L057,L058,L060,L062,L063,L064,L065,L068,L069,L091,L092,L093,L094,L095,L097,L102,L104,L105,L106,L109,L110,L111,L112,L113,L114,L115,L121,L122,L125,L128,L129,L130,L131,L134,L140,L143,L147,L148,L149,L150,L151,L153,L154,L155,L156,L157,L158,L159,L160,L169,L176,L178,L179",61,True,relay_cascade,
1,20260708,L001->L054,L001,L054,True,True,112.92060320252196,112.25050261000649,0.6701005925154657,1.0000000000000007,"L001,L022,L024,L026,L030,L032,L039,L040,L044,L045,L054,L056,L057,L058,L063,L065,L078,L095,L102,L104,L105,L106,L109,L110,L111,L115,L134,L140,L143,L147,L150,L153,L154,L155,L156,L158,L159,L160,L169,L176,L179",41,5.179412398845425,5.179412398845425,39,"L022,L024,L026,L030,L032,L039,L040,L044,L045,L056,L057,L058,L063,L065,L078,L095,L102,L104,L105,L106,L109,L110,L111,L115,L134,L140,L143,L147,L150,L153,L154,L155,L156,L158,L159,L160,L169,L176,L179",39,True,relay_cascade,
1,20260708,L001->L055,L001,L055,True,False,0.0,0.0,0.0,1.0000000000000033,"L001,L055",2,1.1292785525159852,1.1292785525159852,0,,0,False,non_critical,
1,20260708,L001->L056,L001,L056,True,True,408.7226966194702,408.7226966194702,0.0,1.0000000000000009,"L001,L024,L044,L045,L048,L054,L056,L058,L060,L062,L065,L068,L102,L104,L105,L106,L109,L110,L111,L113,L114,L115,L121,L122,L125,L128,L129,L134,L140,L143,L147,L148,L149,L150,L151,L153,L154,L155,L156,L157,L158,L159,L160,L169,L176,L178,L179",47,4.158116941864685,4.158116941864685,45,"L024,L044,L045,L048,L054,L058,L060,L062,L065,L068,L102,L104,L105,L106,L109,L110,L111,L113,L114,L115,L121,L122,L125,L128,L129,L134,L140,L143,L147,L148,L149,L150,L151,L153,L154,L155,L156,L157,L158,L159,L160,L169,L176,L178,L179",45,True,relay_cascade,
1,20260708,L001->L057,L001,L057,True,True,408.7226966194702,408.7226966194702,0.0,1.0000000000000016,"L001,L024,L044,L045,L048,L054,L056,L057,L058,L060,L062,L065,L068,L095,L102,L104,L105,L106,L109,L110,L111,L113,L114,L115,L121,L122,L125,L128,L129,L134,L140,L143,L147,L148,L149,L150,L151,L153,L154,L155,L156,L157,L158,L159,L160,L169,L176,L178,L179",49,4.158116941864683,4.158116941864683,47,"L024,L044,L045,L048,L054,L056,L058,L060,L062,L065,L068,L095,L102,L104,L105,L106,L109,L110,L111,L113,L114,L115,L121,L122,L125,L128,L129,L134,L140,L143,L147,L148,L149,L150,L151,L153,L154,L155,L156,L157,L158,L159,L160,L169,L176,L178,L179",47,True,relay_cascade,
1,20260708,L001->L058,L001,L058,True,True,408.7226966194702,408.7226966194702,0.0,1.0000000000000016,"L001,L024,L044,L045,L048,L054,L056,L057,L058,L060,L062,L065,L068,L095,L102,L104,L105,L106,L109,L110,L111,L113,L114,L115,L121,L122,L125,L128,L129,L134,L140,L143,L147,L148,L149,L150,L151,L153,L154,L155,L156,L157,L158,L159,L160,L169,L176,L178,L179",49,4.15811694186468,4.15811694186468,47,"L024,L044,L045,L048,L054,L056,L057,L060,L062,L065,L068,L095,L102,L104,L105,L106,L109,L110,L111,L113,L114,L115,L121,L122,L125,L128,L129,L134,L140,L143,L147,L148,L149,L150,L151,L153,L154,L155,L156,L157,L158,L159,L160,L169,L176,L178,L179",47,True,relay_cascade,
1,20260708,L001->L059,L001,L059,True,False,0.0,0.0,0.0,1.000000000000004,"L001,L059",2,1.021560434774031,1.021560434774031,0,,0,False,non_critical,
1,20260708,L001->L060,L001,L060,True,False,0.0,0.0,0.0,1.0000000000000036,"L001,L060",2,1.0869296875839929,1.0869296875839929,0,,0,False,non_critical,
1,20260708,L001->L061,L001,L061,True,True,136.74684244417787,136.74684244417787,0.0,1.0000000000000022,"L001,L024,L044,L045,L048,L054,L056,L057,L058,L060,L061,L095,L102,L109,L110,L111,L113,L114,L115,L134,L140,L143,L147,L150,L153,L154,L155,L156,L158,L159,L160,L169,L176,L178,L179",35,4.007461570532303,4.007461570532303,33,"L024,L044,L045,L048,L054,L056,L057,L058,L060,L095,L102,L109,L110,L111,L113,L114,L115,L134,L140,L143,L147,L150,L153,L154,L155,L156,L158,L159,L160,L169,L176,L178,L179",33,True,relay_cascade,
1,20260708,L001->L062,L001,L062,True,False,0.0,0.0,0.0,1.0000000000000009,"L001,L062",2,1.1494575026677816,1.1494575026677816,0,,0,False,non_critical,
1,20260708,L001->L063,L001,L063,True,True,124.37912408682922,124.37912408682922,0.0,1.000000000000007,"L001,L024,L044,L045,L048,L054,L056,L057,L058,L060,L063,L064,L069,L102,L104,L109,L110,L111,L113,L114,L115,L134,L140,L143,L147,L150,L153,L154,L155,L156,L158,L159,L160,L169,L176,L178,L179",37,4.062454981391849,4.062454981391849,35,"L024,L044,L045,L048,L054,L056,L057,L058,L060,L064,L069,L102,L104,L109,L110,L111,L113,L114,L115,L134,L140,L143,L147,L150,L153,L154,L155,L156,L158,L159,L160,L169,L176,L178,L179",35,True,relay_cascade,
1,20260708,L001->L064,L001,L064,True,False,0.0,0.0,0.0,1.000000000000007,"L001,L064",2,1.0644234956837944,1.0644234956837944,0,,0,False,non_critical,
1,20260708,L001->L065,L001,L065,True,False,0.0,0.0,0.0,1.000000000000002,"L001,L065",2,1.0846458424329715,1.0846458424329715,0,,0,False,non_critical,
1,20260708,L001->L066,L001,L066,True,False,0.0,0.0,0.0,1.0000000000000009,"L001,L066",2,1.1502227418586086,1.1502227418586086,0,,0,False,non_critical,
1,20260708,L001->L067,L001,L067,True,False,0.0,0.0,0.0,1.0000000000000009,"L001,L067",2,1.1502227418586086,1.1502227418586086,0,,0,False,non_critical,
1,20260708,L001->L068,L001,L068,True,True,371.62781943394566,371.62781943394566,0.0,1.0000000000000009,"L001,L024,L044,L045,L048,L054,L056,L057,L058,L060,L062,L063,L064,L065,L068,L069,L092,L095,L102,L104,L106,L109,L110,L111,L113,L114,L115,L121,L122,L125,L128,L134,L140,L143,L147,L148,L149,L150,L151,L153,L154,L155,L156,L157,L158,L159,L160,L169,L176,L178,L179",51,4.518547537310366,4.518547537310366,49,"L024,L044,L045,L048,L054,L056,L057,L058,L060,L062,L063,L064,L065,L069,L092,L095,L102,L104,L106,L109,L110,L111,L113,L114,L115,L121,L122,L125,L128,L134,L140,L143,L147,L148,L149,L150,L151,L153,L154,L155,L156,L157,L158,L159,L160,L169,L176,L178,L179",49,True,relay_cascade,
1,20260708,L001->L069,L001,L069,True,True,350.11396593499694,350.11396593499694,0.0,1.0000000000000009,"L001,L024,L044,L045,L048,L054,L056,L057,L058,L060,L062,L063,L065,L068,L069,L092,L095,L102,L104,L106,L109,L110,L111,L113,L114,L115,L121,L122,L125,L128,L134,L140,L143,L147,L148,L149,L150,L151,L153,L154,L155,L156,L157,L158,L159,L160,L169,L176,L178,L179",50,3.4356400778959486,3.4356400778959486,48,"L024,L044,L045,L048,L054,L056,L057,L058,L060,L062,L063,L065,L068,L092,L095,L102,L104,L106,L109,L110,L111,L113,L114,L115,L121,L122,L125,L128,L134,L140,L143,L147,L148,L149,L150,L151,L153,L154,L155,L156,L157,L158,L159,L160,L169,L176,L178,L179",48,True,relay_cascade,
1,20260708,L001->L070,L001,L070,True,True,513.2068639702071,513.2068639702071,0.0,1.0000000000000009,"L001,L024,L044,L045,L048,L054,L056,L057,L058,L060,L063,L065,L070,L071,L074,L075,L076,L077,L078,L079,L082,L083,L085,L086,L091,L092,L093,L094,L095,L102,L104,L105,L106,L107,L109,L110,L111,L113,L114,L115,L116,L119,L120,L121,L122,L125,L126,L127,L128,L134,L140,L143,L147,L148,L149,L150,L151,L153,L154,L155,L156,L157,L158,L159,L160,L169,L176,L178,L179,L185,L186",71,4.853967969540893,4.853967969540893,69,"L024,L044,L045,L048,L054,L056,L057,L058,L060,L063,L065,L071,L074,L075,L076,L077,L078,L079,L082,L083,L085,L086,L091,L092,L093,L094,L095,L102,L104,L105,L106,L107,L109,L110,L111,L113,L114,L115,L116,L119,L120,L121,L122,L125,L126,L127,L128,L134,L140,L143,L147,L148,L149,L150,L151,L153,L154,L155,L156,L157,L158,L159,L160,L169,L176,L178,L179,L185,L186",69,True,relay_cascade,
1,20260708,L001->L071,L001,L071,True,True,338.36573090643606,338.36573090643606,0.0,1.000000000000002,"L001,L024,L030,L039,L044,L045,L048,L054,L056,L057,L058,L060,L065,L071,L074,L078,L082,L102,L104,L109,L110,L111,L113,L114,L115,L121,L122,L125,L128,L134,L140,L143,L147,L148,L149,L150,L151,L153,L154,L155,L156,L157,L158,L159,L160,L169,L176,L178,L179",49,3.5184166826506633,3.5184166826506633,47,"L024,L030,L039,L044,L045,L048,L054,L056,L057,L058,L060,L065,L074,L078,L082,L102,L104,L109,L110,L111,L113,L114,L115,L121,L122,L125,L128,L134,L140,L143,L147,L148,L149,L150,L151,L153,L154,L155,L156,L157,L158,L159,L160,L169,L176,L178,L179",47,True,relay_cascade,
1,20260708,L001->L072,L001,L072,True,True,145.75306992583444,145.75306992583444,0.0,1.0000000000000009,"L001,L024,L044,L045,L048,L054,L056,L057,L058,L060,L072,L074,L102,L109,L110,L111,L113,L114,L115,L134,L140,L143,L147,L150,L153,L154,L155,L156,L158,L159,L160,L169,L176,L178,L179",35,3.967415124301663,3.967415124301663,33,"L024,L044,L045,L048,L054,L056,L057,L058,L060,L074,L102,L109,L110,L111,L113,L114,L115,L134,L140,L143,L147,L150,L153,L154,L155,L156,L158,L159,L160,L169,L176,L178,L179",33,True,relay_cascade,
1,20260708,L001->L073,L001,L073,True,False,0.0,0.0,0.0,1.0000000000000009,"L001,L073",2,1.0369589494220222,1.0369589494220222,0,,0,False,non_critical,
1,20260708,L001->L074,L001,L074,True,True,4.309181369423798,0.0,4.309181369423798,1.0000000000000007,"L001,L074,L078,L079,L082",5,1.6426600877268385,1.6426600877268385,3,"L078,L079,L082",3,True,relay_cascade,
1,20260708,L001->L075,L001,L075,True,False,0.0,0.0,0.0,1.0000000000000009,"L001,L075",2,1.032858095384869,1.032858095384869,0,,0,False,non_critical,
1,20260708,L001->L076,L001,L076,True,False,0.0,0.0,0.0,1.0000000000000009,"L001,L076",2,1.0325844460912372,1.0325844460912372,0,,0,False,non_critical,
1,20260708,L001->L077,L001,L077,True,False,0.0,0.0,0.0,1.000000000000007,"L001,L077",2,1.0819242074076139,1.0819242074076139,0,,0,False,non_critical,
1,20260708,L001->L078,L001,L078,True,True,4.30918136942382,0.0,4.30918136942382,1.0000000000000007,"L001,L074,L078,L079",4,1.5929519645470565,1.5929519645470565,2,"L074,L079",2,True,relay_cascade,
1,20260708,L001->L079,L001,L079,True,True,4.30918136942382,0.0,4.30918136942382,1.0000000000000007,"L001,L074,L078,L079",4,1.8730359933214658,1.8730359933214658,2,"L074,L078",2,True,relay_cascade,
1,20260708,L001->L080,L001,L080,True,False,0.0,0.0,0.0,1.0000000000000036,"L001,L080",2,1.0177766768913394,1.0177766768913394,0,,0,False,non_critical,
1,20260708,L001->L081,L001,L081,True,False,0.0,0.0,0.0,1.0000000000000009,"L001,L081",2,1.130022901128477,1.130022901128477,0,,0,False,non_critical,
1,20260708,L001->L082,L001,L082,True,True,4.30918136942382,0.0,4.30918136942382,1.000000000000007,"L001,L074,L082",3,1.2415361549678905,1.2415361549678905,1,L074,1,True,relay_cascade,
1,20260708,L001->L083,L001,L083,True,False,0.0,0.0,0.0,1.0000000000000009,"L001,L083",2,1.0746406807661883,1.0746406807661883,0,,0,False,non_critical,
1,20260708,L001->L084,L001,L084,True,False,0.0,0.0,0.0,1.0000000000000018,"L001,L084",2,1.1203869595825688,1.1203869595825688,0,,0,False,non_critical,
1,20260708,L001->L085,L001,L085,True,True,692.4929299566486,692.4929299566486,0.0,1.0000000000000009,"L001,L024,L044,L045,L048,L054,L056,L057,L058,L060,L062,L063,L065,L068,L070,L071,L074,L075,L076,L077,L078,L079,L080,L081,L083,L084,L085,L086,L091,L092,L100,L101,L102,L104,L105,L106,L107,L109,L110,L111,L113,L114,L115,L116,L119,L120,L121,L122,L125,L126,L127,L128,L129,L130,L131,L132,L134,L140,L143,L147,L148,L149,L150,L151,L153,L154,L155,L156,L157,L158,L159,L160,L169,L176,L178,L179,L185,L186",78,3.3154801280815125,3.3154801280815125,76,"L024,L044,L045,L048,L054,L056,L057,L058,L060,L062,L063,L065,L068,L070,L071,L074,L075,L076,L077,L078,L079,L080,L081,L083,L084,L086,L091,L092,L100,L101,L102,L104,L105,L106,L107,L109,L110,L111,L113,L114,L115,L116,L119,L120,L121,L122,L125,L126,L127,L128,L129,L130,L131,L132,L134,L140,L143,L147,L148,L149,L150,L151,L153,L154,L155,L156,L157,L158,L159,L160,L169,L176,L178,L179,L185,L186",76,True,relay_cascade,
1,20260708,L001->L086,L001,L086,True,True,692.4929299566486,692.4929299566486,0.0,1.0000000000000009,"L001,L024,L044,L045,L048,L054,L056,L057,L058,L060,L062,L063,L065,L068,L070,L071,L074,L075,L076,L077,L078,L079,L080,L081,L083,L084,L085,L086,L091,L092,L100,L101,L102,L104,L105,L106,L107,L109,L110,L111,L113,L114,L115,L116,L119,L120,L121,L122,L125,L126,L127,L128,L129,L130,L131,L132,L134,L140,L143,L147,L148,L149,L150,L151,L153,L154,L155,L156,L157,L158,L159,L160,L169,L176,L178,L179,L185,L186",78,3.3154801280815125,3.3154801280815125,76,"L024,L044,L045,L048,L054,L056,L057,L058,L060,L062,L063,L065,L068,L070,L071,L074,L075,L076,L077,L078,L079,L080,L081,L083,L084,L085,L091,L092,L100,L101,L102,L104,L105,L106,L107,L109,L110,L111,L113,L114,L115,L116,L119,L120,L121,L122,L125,L126,L127,L128,L129,L130,L131,L132,L134,L140,L143,L147,L148,L149,L150,L151,L153,L154,L155,L156,L157,L158,L159,L160,L169,L176,L178,L179,L185,L186",76,True,relay_cascade,
1,20260708,L001->L087,L001,L087,True,False,0.0,0.0,0.0,1.000000000000004,"L001,L078,L087",3,1.230153928845347,1.230153928845347,1,L078,1,True,non_critical,
1,20260708,L001->L088,L001,L088,True,True,353.5442705687117,353.5442705687117,0.0,1.0000000000000007,"L001,L024,L026,L030,L044,L045,L046,L050,L054,L056,L057,L058,L060,L065,L088,L089,L091,L092,L095,L102,L104,L105,L106,L109,L110,L111,L113,L114,L121,L122,L125,L128,L129,L130,L131,L134,L140,L143,L145,L146,L147,L148,L149,L150,L151,L153,L154,L155,L156,L157,L158,L159,L160,L169,L176,L178,L179",57,7.314944389857084,7.314944389857084,55,"L024,L026,L030,L044,L045,L046,L050,L054,L056,L057,L058,L060,L065,L089,L091,L092,L095,L102,L104,L105,L106,L109,L110,L111,L113,L114,L121,L122,L125,L128,L129,L130,L131,L134,L140,L143,L145,L146,L147,L148,L149,L150,L151,L153,L154,L155,L156,L157,L158,L159,L160,L169,L176,L178,L179",55,True,relay_cascade,
1,20260708,L001->L089,L001,L089,True,True,414.57649709145295,414.57649709145295,0.0,1.0000000000000018,"L001,L024,L026,L030,L044,L045,L046,L054,L056,L057,L058,L060,L065,L078,L088,L089,L090,L091,L092,L095,L101,L102,L104,L105,L106,L109,L110,L111,L113,L114,L121,L122,L125,L128,L129,L130,L134,L140,L143,L145,L146,L147,L148,L149,L150,L151,L153,L154,L155,L156,L157,L158,L159,L160,L169,L176,L178,L179",58,6.910459280304624,6.910459280304624,56,"L024,L026,L030,L044,L045,L046,L054,L056,L057,L058,L060,L065,L078,L088,L090,L091,L092,L095,L101,L102,L104,L105,L106,L109,L110,L111,L113,L114,L121,L122,L125,L128,L129,L130,L134,L140,L143,L145,L146,L147,L148,L149,L150,L151,L153,L154,L155,L156,L157,L158,L159,L160,L169,L176,L178,L179",56,True,relay_cascade,
1,20260708,L001->L090,L001,L090,True,True,406.19815506152986,406.19815506152986,0.0,1.0000000000000009,"L001,L024,L044,L045,L048,L054,L056,L057,L058,L060,L065,L088,L089,L090,L091,L092,L095,L102,L104,L105,L106,L109,L110,L111,L113,L114,L115,L121,L122,L125,L128,L129,L130,L134,L140,L143,L146,L147,L148,L149,L150,L151,L153,L154,L155,L156,L157,L158,L159,L160,L169,L176,L178,L179",54,4.353852173491345,4.353852173491345,52,"L024,L044,L045,L048,L054,L056,L057,L058,L060,L065,L088,L089,L091,L092,L095,L102,L104,L105,L106,L109,L110,L111,L113,L114,L115,L121,L122,L125,L128,L129,L130,L134,L140,L143,L146,L147,L148,L149,L150,L151,L153,L154,L155,L156,L157,L158,L159,L160,L169,L176,L178,L179",52,True,relay_cascade,
1,20260708,L001->L091,L001,L091,True,False,0.0,0.0,0.0,1.0000000000000007,"L001,L091",2,1.0111563559562051,1.0111563559562051,0,,0,False,non_critical,
1,20260708,L001->L092,L001,L092,True,False,0.0,0.0,0.0,1.0000000000000009,"L001,L092",2,1.180307637293868,1.180307637293868,0,,0,False,non_critical,
1,20260708,L001->L093,L001,L093,True,True,4.309181369423798,0.0,4.309181369423798,1.0000000000000013,"L001,L074,L078,L079,L093",5,1.5573846135289178,1.5573846135289178,3,"L074,L078,L079",3,True,relay_cascade,
1,20260708,L001->L094,L001,L094,True,True,4.309181369423798,0.0,4.309181369423798,1.0000000000000013,"L001,L074,L078,L079,L094",5,1.557384613528911,1.557384613528911,3,"L074,L078,L079",3,True,relay_cascade,
1,20260708,L001->L095,L001,L095,True,True,363.6288677852511,363.6288677852511,0.0,1.0000000000000007,"L001,L024,L026,L030,L044,L045,L046,L054,L056,L057,L058,L060,L062,L065,L068,L088,L089,L091,L092,L095,L102,L104,L105,L106,L109,L110,L111,L112,L114,L115,L121,L122,L125,L128,L129,L130,L131,L132,L134,L135,L140,L143,L147,L149,L150,L153,L154,L155,L156,L158,L160,L169,L176,L178,L179",55,5.049258243402923,5.049258243402923,53,"L024,L026,L030,L044,L045,L046,L054,L056,L057,L058,L060,L062,L065,L068,L088,L089,L091,L092,L102,L104,L105,L106,L109,L110,L111,L112,L114,L115,L121,L122,L125,L128,L129,L130,L131,L132,L134,L135,L140,L143,L147,L149,L150,L153,L154,L155,L156,L158,L160,L169,L176,L178,L179",53,True,relay_cascade,
1,20260708,L001->L096,L001,L096,True,True,438.315597179238,438.315597179238,0.0,1.000000000000001,"L001,L030,L046,L056,L057,L058,L059,L060,L061,L062,L063,L064,L065,L068,L069,L095,L096,L102,L104,L109,L110,L111,L112,L121,L122,L125,L128,L129,L130,L131,L132,L134,L140,L143,L147,L148,L149,L150,L151,L153,L154,L155,L156,L158,L159,L160,L169,L176,L178,L179",50,4.85572169700363,4.85572169700363,48,"L030,L046,L056,L057,L058,L059,L060,L061,L062,L063,L064,L065,L068,L069,L095,L102,L104,L109,L110,L111,L112,L121,L122,L125,L128,L129,L130,L131,L132,L134,L140,L143,L147,L148,L149,L150,L151,L153,L154,L155,L156,L158,L159,L160,L169,L176,L178,L179",48,True,relay_cascade,
1,20260708,L001->L097,L001,L097,True,True,4.309181369423798,0.0,4.309181369423798,1.0000000000000018,"L001,L074,L078,L079,L095,L097",6,1.5545616229792318,1.5545616229792318,4,"L074,L078,L079,L095",4,True,relay_cascade,
1,20260708,L001->L098,L001,L098,True,True,373.6448775364755,369.3356961670517,4.309181369423809,1.0000000000000007,"L001,L024,L026,L030,L044,L045,L052,L053,L054,L055,L056,L057,L058,L060,L065,L074,L075,L076,L078,L079,L080,L082,L083,L084,L085,L086,L087,L088,L089,L091,L092,L095,L098,L099,L100,L101,L102,L103,L104,L105,L106,L109,L110,L112,L113,L114,L115,L116,L119,L120,L121,L122,L125,L126,L127,L128,L129,L134,L140,L147,L149,L150,L153,L155,L156,L158,L160,L169,L176,L178,L179,L185,L186",73,4.421867706611799,4.421867706611799,71,"L024,L026,L030,L044,L045,L052,L053,L054,L055,L056,L057,L058,L060,L065,L074,L075,L076,L078,L079,L080,L082,L083,L084,L085,L086,L087,L088,L089,L091,L092,L095,L099,L100,L101,L102,L103,L104,L105,L106,L109,L110,L112,L113,L114,L115,L116,L119,L120,L121,L122,L125,L126,L127,L128,L129,L134,L140,L147,L149,L150,L153,L155,L156,L158,L160,L169,L176,L178,L179,L185,L186",71,True,relay_cascade,
1,20260708,L001->L099,L001,L099,True,True,373.6448775364755,369.3356961670517,4.309181369423809,1.0000000000000007,"L001,L024,L026,L030,L044,L045,L052,L053,L054,L055,L056,L057,L058,L060,L065,L074,L075,L076,L078,L079,L080,L082,L083,L084,L085,L086,L087,L088,L089,L091,L092,L095,L098,L099,L100,L101,L102,L103,L104,L105,L106,L109,L110,L112,L113,L114,L115,L116,L119,L120,L121,L122,L125,L126,L127,L128,L129,L134,L140,L147,L149,L150,L153,L155,L156,L158,L160,L169,L176,L178,L179,L185,L186",73,4.421867706611799,4.421867706611799,71,"L024,L026,L030,L044,L045,L052,L053,L054,L055,L056,L057,L058,L060,L065,L074,L075,L076,L078,L079,L080,L082,L083,L084,L085,L086,L087,L088,L089,L091,L092,L095,L098,L100,L101,L102,L103,L104,L105,L106,L109,L110,L112,L113,L114,L115,L116,L119,L120,L121,L122,L125,L126,L127,L128,L129,L134,L140,L147,L149,L150,L153,L155,L156,L158,L160,L169,L176,L178,L179,L185,L186",71,True,relay_cascade,
1,20260708,L001->L100,L001,L100,True,False,0.0,0.0,0.0,1.000000000000004,"L001,L100",2,1.164707183683383,1.164707183683383,0,,0,False,non_critical,
1,20260708,L001->L101,L001,L101,True,False,0.0,0.0,0.0,1.000000000000004,"L001,L101",2,1.0492832200558748,1.0492832200558748,0,,0,False,non_critical,
1,20260708,L001->L102,L001,L102,True,True,398.7857089774657,398.7857089774657,0.0,1.0000000000000004,"L001,L024,L030,L044,L045,L048,L054,L056,L057,L058,L060,L065,L078,L079,L091,L093,L094,L095,L102,L104,L105,L106,L109,L110,L111,L112,L121,L122,L125,L128,L129,L130,L131,L132,L134,L140,L143,L144,L145,L146,L147,L148,L149,L150,L151,L153,L154,L155,L156,L157,L158,L159,L160,L169,L176,L178,L179",57,4.9600470531746605,4.9600470531746605,55,"L024,L030,L044,L045,L048,L054,L056,L057,L058,L060,L065,L078,L079,L091,L093,L094,L095,L104,L105,L106,L109,L110,L111,L112,L121,L122,L125,L128,L129,L130,L131,L132,L134,L140,L143,L144,L145,L146,L147,L148,L149,L150,L151,L153,L154,L155,L156,L157,L158,L159,L160,L169,L176,L178,L179",55,True,relay_cascade,
1,20260708,L001->L103,L001,L103,True,True,314.06401758822307,314.06401758822307,0.0,1.0000000000000036,"L001,L024,L030,L044,L045,L048,L054,L056,L057,L058,L060,L065,L072,L073,L075,L076,L078,L080,L083,L091,L092,L093,L094,L095,L100,L102,L103,L104,L109,L110,L111,L112,L113,L114,L115,L121,L122,L125,L128,L129,L130,L131,L134,L140,L143,L147,L149,L150,L153,L154,L155,L156,L158,L159,L160,L169,L176,L178,L179",59,3.568004745896406,3.568004745896406,57,"L024,L030,L044,L045,L048,L054,L056,L057,L058,L060,L065,L072,L073,L075,L076,L078,L080,L083,L091,L092,L093,L094,L095,L100,L102,L104,L109,L110,L111,L112,L113,L114,L115,L121,L122,L125,L128,L129,L130,L131,L134,L140,L143,L147,L149,L150,L153,L154,L155,L156,L158,L159,L160,L169,L176,L178,L179",57,True,relay_cascade,
1,20260708,L001->L104,L001,L104,True,True,436.866341619016,436.866341619016,0.0,1.0000000000000007,"L001,L024,L026,L030,L039,L044,L045,L046,L050,L054,L056,L057,L058,L060,L062,L063,L064,L065,L068,L078,L091,L092,L093,L094,L095,L102,L104,L105,L106,L109,L110,L111,L112,L121,L122,L125,L128,L129,L130,L131,L134,L140,L143,L147,L148,L149,L150,L151,L153,L154,L155,L156,L157,L158,L160,L169,L176,L178,L179",59,8.095504333830224,8.095504333830224,57,"L024,L026,L030,L039,L044,L045,L046,L050,L054,L056,L057,L058,L060,L062,L063,L064,L065,L068,L078,L091,L092,L093,L094,L095,L102,L105,L106,L109,L110,L111,L112,L121,L122,L125,L128,L129,L130,L131,L134,L140,L143,L147,L148,L149,L150,L151,L153,L154,L155,L156,L157,L158,L160,L169,L176,L178,L179",57,True,relay_cascade,
1,20260708,L001->L105,L001,L105,True,True,288.5991973423742,279.8697186412588,8.729478701115378,1.0000000000000142,"L001,L030,L044,L045,L054,L056,L058,L060,L062,L064,L065,L068,L069,L095,L102,L104,L105,L106,L110,L111,L113,L114,L115,L121,L122,L125,L128,L134,L140,L143,L148,L149,L151,L153,L154,L155,L157,L158,L159,L160,L169,L176,L178,L179",44,2.4877252580132634,2.4877252580132634,42,"L030,L044,L045,L054,L056,L058,L060,L062,L064,L065,L068,L069,L095,L102,L104,L106,L110,L111,L113,L114,L115,L121,L122,L125,L128,L134,L140,L143,L148,L149,L151,L153,L154,L155,L157,L158,L159,L160,L169,L176,L178,L179",42,True,relay_cascade,
1,20260708,L001->L106,L001,L106,True,True,173.6078354924617,164.87835679134633,8.729478701115378,1.000000000000001,"L001,L015,L024,L026,L030,L039,L044,L045,L046,L050,L054,L056,L057,L058,L060,L065,L093,L094,L095,L102,L104,L105,L106,L110,L111,L113,L114,L115,L121,L122,L125,L128,L134,L140,L143,L148,L149,L151,L153,L154,L155,L157,L158,L159,L160,L169,L176,L178,L179",49,7.71453598830912,7.71453598830912,47,"L015,L024,L026,L030,L039,L044,L045,L046,L050,L054,L056,L057,L058,L060,L065,L093,L094,L095,L102,L104,L105,L110,L111,L113,L114,L115,L121,L122,L125,L128,L134,L140,L143,L148,L149,L151,L153,L154,L155,L157,L158,L159,L160,L169,L176,L178,L179",47,True,relay_cascade,
1,20260708,L001->L107,L001,L107,True,True,450.96292231213056,450.96292231213056,0.0,1.0000000000000018,"L001,L024,L026,L030,L039,L044,L045,L046,L050,L054,L056,L057,L058,L060,L065,L078,L093,L094,L095,L097,L102,L104,L105,L106,L107,L110,L111,L112,L115,L119,L120,L121,L122,L125,L126,L127,L128,L129,L130,L131,L132,L134,L140,L143,L147,L148,L149,L150,L151,L153,L154,L155,L156,L157,L158,L160,L169,L176,L178,L179,L185,L186",62,7.841426367485573,7.841426367485573,60,"L024,L026,L030,L039,L044,L045,L046,L050,L054,L056,L057,L058,L060,L065,L078,L093,L094,L095,L097,L102,L104,L105,L106,L110,L111,L112,L115,L119,L120,L121,L122,L125,L126,L127,L128,L129,L130,L131,L132,L134,L140,L143,L147,L148,L149,L150,L151,L153,L154,L155,L156,L157,L158,L160,L169,L176,L178,L179,L185,L186",60,True,relay_cascade,
1,20260708,L001->L108,L001,L108,True,True,102.86527058788053,102.86527058788053,0.0,1.0000000000000022,"L001,L024,L030,L044,L045,L048,L054,L056,L057,L058,L060,L102,L104,L108,L109,L110,L111,L134,L140,L143,L147,L150,L153,L154,L155,L156,L158,L160,L169,L176,L178,L179",32,3.1815417309636205,3.1815417309636205,30,"L024,L030,L044,L045,L048,L054,L056,L057,L058,L060,L102,L104,L109,L110,L111,L134,L140,L143,L147,L150,L153,L154,L155,L156,L158,L160,L169,L176,L178,L179",30,True,relay_cascade,
1,20260708,L001->L109,L001,L109,True,False,0.0,0.0,0.0,1.000000000000007,"L001,L109",2,1.0941508397344726,1.0941508397344726,0,,0,False,non_critical,
1,20260708,L001->L110,L001,L110,True,True,102.86527058788053,102.86527058788053,0.0,1.0000000000000009,"L001,L024,L030,L039,L044,L045,L048,L054,L056,L057,L058,L060,L102,L109,L110,L111,L134,L140,L143,L147,L150,L153,L154,L155,L156,L158,L160,L169,L176,L178,L179",31,3.823666494158117,3.823666494158117,29,"L024,L030,L039,L044,L045,L048,L054,L056,L057,L058,L060,L102,L109,L111,L134,L140,L143,L147,L150,L153,L154,L155,L156,L158,L160,L169,L176,L178,L179",29,True,relay_cascade,
1,20260708,L001->L111,L001,L111,True,True,214.62590898185726,214.62590898185726,0.0,1.0000000000000013,"L001,L024,L030,L044,L045,L048,L054,L056,L057,L058,L060,L102,L104,L109,L110,L111,L112,L121,L122,L125,L134,L140,L143,L147,L150,L153,L154,L155,L156,L158,L160,L169,L176,L178,L179",35,3.224715993641573,3.224715993641573,33,"L024,L030,L044,L045,L048,L054,L056,L057,L058,L060,L102,L104,L109,L110,L112,L121,L122,L125,L134,L140,L143,L147,L150,L153,L154,L155,L156,L158,L160,L169,L176,L178,L179",33,True,relay_cascade,
1,20260708,L001->L112,L001,L112,True,True,408.7226966194702,408.7226966194702,0.0,1.0000000000000107,"L001,L024,L030,L044,L045,L048,L054,L056,L057,L058,L060,L062,L065,L068,L102,L104,L105,L106,L109,L110,L111,L112,L113,L121,L122,L125,L128,L129,L134,L140,L143,L147,L148,L149,L150,L151,L153,L154,L155,L156,L157,L158,L159,L160,L169,L176,L178,L179",48,4.158116941864689,4.158116941864689,46,"L024,L030,L044,L045,L048,L054,L056,L057,L058,L060,L062,L065,L068,L102,L104,L105,L106,L109,L110,L111,L113,L121,L122,L125,L128,L129,L134,L140,L143,L147,L148,L149,L150,L151,L153,L154,L155,L156,L157,L158,L159,L160,L169,L176,L178,L179",46,True,relay_cascade,
1,20260708,L001->L113,L001,L113,True,True,408.7226966194702,408.7226966194702,0.0,1.0000000000000107,"L001,L024,L044,L045,L048,L054,L056,L057,L058,L060,L062,L065,L068,L102,L104,L105,L106,L109,L110,L111,L112,L113,L114,L115,L121,L122,L125,L128,L129,L134,L140,L143,L147,L148,L149,L150,L151,L153,L154,L155,L156,L157,L158,L159,L160,L169,L176,L178,L179",49,4.158116941864679,4.158116941864679,47,"L024,L044,L045,L048,L054,L056,L057,L058,L060,L062,L065,L068,L102,L104,L105,L106,L109,L110,L111,L112,L114,L115,L121,L122,L125,L128,L129,L134,L140,L143,L147,L148,L149,L150,L151,L153,L154,L155,L156,L157,L158,L159,L160,L169,L176,L178,L179",47,True,relay_cascade,
1,20260708,L001->L114,L001,L114,True,False,0.0,0.0,0.0,1.0000000000000018,"L001,L114",2,1.001227234038871,1.001227234038871,0,,0,False,non_critical,
1,20260708,L001->L115,L001,L115,True,False,0.0,0.0,0.0,1.0000000000000018,"L001,L115",2,1.0181898756690109,1.0181898756690109,0,,0,False,non_critical,
1,20260708,L001->L116,L001,L116,True,False,0.0,0.0,0.0,1.000000000000007,"L001,L116",2,1.1563247714623914,1.1563247714623914,0,,0,False,non_critical,
1,20260708,L001->L117,L001,L117,True,True,102.86527058788053,102.86527058788053,0.0,1.0000000000000009,"L001,L024,L044,L045,L048,L054,L056,L057,L058,L060,L095,L102,L104,L109,L110,L111,L113,L114,L115,L117,L134,L140,L143,L147,L150,L153,L154,L155,L156,L158,L159,L160,L169,L176,L178,L179",36,4.0573685455926425,4.0573685455926425,34,"L024,L044,L045,L048,L054,L056,L057,L058,L060,L095,L102,L104,L109,L110,L111,L113,L114,L115,L134,L140,L143,L147,L150,L153,L154,L155,L156,L158,L159,L160,L169,L176,L178,L179",34,True,relay_cascade,
1,20260708,L001->L118,L001,L118,True,True,302.9159181695398,302.9159181695398,0.0,1.0000000000000009,"L001,L024,L044,L045,L048,L054,L056,L057,L058,L060,L065,L102,L104,L105,L106,L109,L110,L111,L113,L118,L121,L122,L125,L128,L134,L140,L143,L147,L148,L149,L150,L151,L153,L154,L155,L156,L157,L158,L159,L160,L169,L176,L178,L179,L185,L186",46,3.4135462168714352,3.4135462168714352,44,"L024,L044,L045,L048,L054,L056,L057,L058,L060,L065,L102,L104,L105,L106,L109,L110,L111,L113,L121,L122,L125,L128,L134,L140,L143,L147,L148,L149,L150,L151,L153,L154,L155,L156,L157,L158,L159,L160,L169,L176,L178,L179,L185,L186",44,True,relay_cascade,
1,20260708,L001->L119,L001,L119,True,True,498.83809512822165,496.2884175339801,2.5496775942415395,1.000000000000004,"L001,L024,L044,L045,L048,L054,L056,L057,L058,L059,L062,L063,L064,L065,L069,L102,L104,L105,L106,L107,L109,L110,L111,L113,L114,L115,L119,L120,L121,L122,L125,L126,L127,L128,L129,L134,L140,L143,L146,L147,L148,L149,L150,L151,L153,L154,L155,L156,L157,L158,L159,L160,L169,L176,L178,L179,L185,L186",58,5.237891997950173,5.237891997950173,56,"L024,L044,L045,L048,L054,L056,L057,L058,L059,L062,L063,L064,L065,L069,L102,L104,L105,L106,L107,L109,L110,L111,L113,L114,L115,L120,L121,L122,L125,L126,L127,L128,L129,L134,L140,L143,L146,L147,L148,L149,L150,L151,L153,L154,L155,L156,L157,L158,L159,L160,L169,L176,L178,L179,L185,L186",56,True,relay_cascade,
1,20260708,L001->L120,L001,L120,True,False,0.0,0.0,0.0,1.0000000000000036,"L001,L120",2,1.0111031889854813,1.0111031889854813,0,,0,False,non_critical,
1,20260708,L001->L121,L001,L121,True,True,326.4075155613687,326.4075155613687,0.0,1.0000000000000009,"L001,L024,L044,L045,L048,L054,L056,L057,L058,L060,L065,L091,L093,L094,L095,L102,L104,L105,L106,L109,L110,L111,L113,L121,L122,L125,L126,L127,L128,L129,L134,L140,L143,L147,L148,L149,L150,L151,L153,L154,L155,L156,L157,L158,L159,L160,L169,L176,L178,L179",50,3.8172420308142767,3.8172420308142767,48,"L024,L044,L045,L048,L054,L056,L057,L058,L060,L065,L091,L093,L094,L095,L102,L104,L105,L106,L109,L110,L111,L113,L122,L125,L126,L127,L128,L129,L134,L140,L143,L147,L148,L149,L150,L151,L153,L154,L155,L156,L157,L158,L159,L160,L169,L176,L178,L179",48,True,relay_cascade,
1,20260708,L001->L122,L001,L122,True,True,10.952707649595128,0.0,10.952707649595128,1.0000000000000036,"L001,L122",2,1.1711345929520895,1.1711345929520895,0,,0,False,island_only,
1,20260708,L001->L123,L001,L123,True,False,0.0,0.0,0.0,1.0000000000000007,"L001,L123",2,1.1283487775280454,1.1283487775280454,0,,0,False,non_critical,
1,20260708,L001->L124,L001,L124,True,False,0.0,0.0,0.0,1.0000000000000007,"L001,L124",2,1.0436131027664786,1.0436131027664786,0,,0,False,non_critical,
1,20260708,L001->L125,L001,L125,True,True,273.2346396663305,273.2346396663305,0.0,1.0000000000000009,"L001,L024,L044,L045,L048,L054,L056,L057,L058,L060,L065,L091,L093,L094,L095,L102,L104,L105,L106,L109,L110,L111,L113,L121,L125,L126,L127,L128,L129,L134,L140,L143,L147,L149,L150,L153,L154,L155,L156,L158,L159,L160,L169,L176,L178,L179",46,3.2725978342096163,3.2725978342096163,44,"L024,L044,L045,L048,L054,L056,L057,L058,L060,L065,L091,L093,L094,L095,L102,L104,L105,L106,L109,L110,L111,L113,L121,L126,L127,L128,L129,L134,L140,L143,L147,L149,L150,L153,L154,L155,L156,L158,L159,L160,L169,L176,L178,L179",44,True,relay_cascade,
1,20260708,L001->L126,L001,L126,True,False,0.0,0.0,0.0,1.000000000000002,"L001,L126",2,1.0923997317492689,1.0923997317492689,0,,0,False,non_critical,
1,20260708,L001->L127,L001,L127,True,False,0.0,0.0,0.0,1.000000000000002,"L001,L127",2,1.0923997317492673,1.0923997317492673,0,,0,False,non_critical,
1,20260708,L001->L128,L001,L128,True,True,276.2895526029349,276.2895526029349,0.0,1.0000000000000009,"L001,L024,L044,L045,L048,L054,L056,L057,L058,L060,L102,L104,L109,L110,L111,L113,L114,L115,L128,L129,L130,L131,L132,L134,L140,L143,L147,L148,L149,L150,L151,L152,L154,L155,L156,L157,L158,L159,L160,L169,L176,L178,L179",43,3.4671009683792477,3.4671009683792477,41,"L024,L044,L045,L048,L054,L056,L057,L058,L060,L102,L104,L109,L110,L111,L113,L114,L115,L129,L130,L131,L132,L134,L140,L143,L147,L148,L149,L150,L151,L152,L154,L155,L156,L157,L158,L159,L160,L169,L176,L178,L179",41,True,relay_cascade,
1,20260708,L001->L129,L001,L129,True,True,214.646877167392,214.646877167392,0.0,1.0000000000000009,"L001,L024,L044,L045,L048,L054,L056,L057,L058,L060,L102,L104,L109,L110,L111,L113,L114,L115,L126,L127,L128,L129,L134,L140,L147,L148,L149,L150,L151,L153,L155,L156,L158,L159,L160,L169,L176,L178,L179",39,3.4265289581793774,3.4265289581793774,37,"L024,L044,L045,L048,L054,L056,L057,L058,L060,L102,L104,L109,L110,L111,L113,L114,L115,L126,L127,L128,L134,L140,L147,L148,L149,L150,L151,L153,L155,L156,L158,L159,L160,L169,L176,L178,L179",37,True,relay_cascade,
1,20260708,L001->L130,L001,L130,True,False,0.0,0.0,0.0,1.0000000000000007,"L001,L130",2,1.0498285150958353,1.0498285150958353,0,,0,False,non_critical,
1,20260708,L001->L131,L001,L131,True,False,0.0,0.0,0.0,1.0000000000000036,"L001,L131",2,1.1625483822375102,1.1625483822375102,0,,0,False,non_critical,
1,20260708,L001->L132,L001,L132,True,False,0.0,0.0,0.0,1.000000000000002,"L001,L132",2,1.1009175312513613,1.1009175312513613,0,,0,False,non_critical,
1,20260708,L001->L133,L001,L133,True,True,427.48110959689006,427.48110959689006,0.0,1.0000000000000107,"L001,L024,L044,L045,L048,L054,L056,L057,L058,L060,L062,L065,L068,L102,L104,L105,L106,L109,L110,L111,L113,L114,L115,L121,L122,L125,L128,L129,L130,L131,L133,L140,L143,L146,L147,L148,L149,L150,L151,L153,L154,L155,L156,L157,L158,L159,L160,L169,L176,L178,L179",51,4.065734267634313,4.065734267634313,49,"L024,L044,L045,L048,L054,L056,L057,L058,L060,L062,L065,L068,L102,L104,L105,L106,L109,L110,L111,L113,L114,L115,L121,L122,L125,L128,L129,L130,L131,L140,L143,L146,L147,L148,L149,L150,L151,L153,L154,L155,L156,L157,L158,L159,L160,L169,L176,L178,L179",49,True,relay_cascade,
1,20260708,L001->L134,L001,L134,True,True,408.7226966194702,408.7226966194702,0.0,1.0000000000000107,"L001,L024,L044,L045,L048,L054,L056,L057,L058,L060,L062,L065,L068,L102,L104,L105,L106,L109,L110,L111,L113,L114,L115,L121,L122,L125,L128,L129,L134,L140,L143,L147,L148,L149,L150,L151,L153,L154,L155,L156,L157,L158,L159,L160,L169,L176,L178,L179",48,4.158116941864679,4.158116941864679,46,"L024,L044,L045,L048,L054,L056,L057,L058,L060,L062,L065,L068,L102,L104,L105,L106,L109,L110,L111,L113,L114,L115,L121,L122,L125,L128,L129,L140,L143,L147,L148,L149,L150,L151,L153,L154,L155,L156,L157,L158,L159,L160,L169,L176,L178,L179",46,True,relay_cascade,
1,20260708,L001->L135,L001,L135,True,False,0.0,0.0,0.0,1.000000000000004,"L001,L135",2,1.0325008726321936,1.0325008726321936,0,,0,False,non_critical,
1,20260708,L001->L136,L001,L136,True,False,0.0,0.0,0.0,1.0000000000000036,"L001,L136",2,1.001520217382575,1.001520217382575,0,,0,False,non_critical,
1,20260708,L001->L137,L001,L137,True,False,0.0,0.0,0.0,1.0000000000000009,"L001,L137",2,1.1017792251927987,1.1017792251927987,0,,0,False,non_critical,
1,20260708,L001->L138,L001,L138,True,False,0.0,0.0,0.0,1.0000000000000036,"L001,L138,L140",3,1.2109546449718365,1.2109546449718365,1,L140,1,True,non_critical,
1,20260708,L001->L139,L001,L139,True,False,0.0,0.0,0.0,1.0000000000000036,"L001,L139,L140",3,1.597162376794858,1.597162376794858,1,L140,1,True,non_critical,
1,20260708,L001->L140,L001,L140,True,False,0.0,0.0,0.0,1.000000000000004,"L001,L140",2,1.1266858778977469,1.1266858778977469,0,,0,False,non_critical,
1,20260708,L001->L141,L001,L141,True,False,0.0,0.0,0.0,1.0000000000000009,"L001,L141",2,1.03693809766348,1.03693809766348,0,,0,False,non_critical,
1,20260708,L001->L142,L001,L142,True,False,0.0,0.0,0.0,1.0000000000000018,"L001,L142",2,1.0057885700997122,1.0057885700997122,0,,0,False,non_critical,
1,20260708,L001->L143,L001,L143,True,False,0.0,0.0,0.0,1.0000000000000018,"L001,L143",2,1.1266858778977467,1.1266858778977467,0,,0,False,non_critical,
1,20260708,L001->L144,L001,L144,True,True,256.44056676107584,256.44056676107584,0.0,1.0000000000000009,"L001,L024,L044,L045,L048,L054,L056,L057,L058,L060,L095,L102,L104,L109,L110,L111,L113,L114,L115,L128,L129,L130,L134,L140,L144,L145,L148,L151,L153,L155,L157,L158,L160,L169,L176,L178,L179",37,3.5665183241066827,3.5665183241066827,35,"L024,L044,L045,L048,L054,L056,L057,L058,L060,L095,L102,L104,L109,L110,L111,L113,L114,L115,L128,L129,L130,L134,L140,L145,L148,L151,L153,L155,L157,L158,L160,L169,L176,L178,L179",35,True,relay_cascade,
1,20260708,L001->L145,L001,L145,True,True,256.44056676107584,256.44056676107584,0.0,1.0000000000000009,"L001,L024,L044,L045,L048,L054,L056,L057,L058,L060,L095,L102,L104,L109,L110,L111,L113,L114,L115,L128,L129,L134,L140,L144,L145,L146,L148,L151,L153,L155,L157,L158,L160,L169,L176,L178,L179",37,3.5665183241066827,3.5665183241066827,35,"L024,L044,L045,L048,L054,L056,L057,L058,L060,L095,L102,L104,L109,L110,L111,L113,L114,L115,L128,L129,L134,L140,L144,L146,L148,L151,L153,L155,L157,L158,L160,L169,L176,L178,L179",35,True,relay_cascade,
1,20260708,L001->L146,L001,L146,True,True,245.53067595890911,245.53067595890911,0.0,1.0000000000000009,"L001,L024,L044,L045,L048,L054,L056,L057,L058,L060,L095,L102,L104,L109,L110,L111,L113,L114,L115,L128,L129,L134,L140,L145,L146,L148,L151,L153,L155,L157,L158,L160,L169,L176,L178,L179",36,3.5665183241066827,3.5665183241066827,34,"L024,L044,L045,L048,L054,L056,L057,L058,L060,L095,L102,L104,L109,L110,L111,L113,L114,L115,L128,L129,L134,L140,L145,L148,L151,L153,L155,L157,L158,L160,L169,L176,L178,L179",34,True,relay_cascade,
1,20260708,L001->L147,L001,L147,True,True,303.81914348874363,303.81914348874363,0.0,1.0000000000000016,"L001,L024,L044,L045,L048,L054,L056,L057,L058,L060,L102,L104,L109,L110,L111,L113,L114,L115,L121,L122,L125,L128,L129,L130,L131,L132,L134,L140,L143,L147,L149,L150,L153,L154,L155,L156,L158,L160,L169,L176,L178,L179",42,3.3778354131476207,3.3778354131476207,40,"L024,L044,L045,L048,L054,L056,L057,L058,L060,L102,L104,L109,L110,L111,L113,L114,L115,L121,L122,L125,L128,L129,L130,L131,L132,L134,L140,L143,L149,L150,L153,L154,L155,L156,L158,L160,L169,L176,L178,L179",40,True,relay_cascade,
1,20260708,L001->L148,L001,L148,True,True,245.23138098980513,245.23138098980513,0.0,1.0000000000000009,"L001,L024,L044,L045,L048,L054,L056,L057,L058,L060,L095,L102,L104,L109,L110,L111,L113,L114,L115,L128,L129,L130,L131,L132,L134,L140,L143,L147,L148,L149,L150,L151,L153,L154,L155,L156,L157,L158,L160,L169,L176,L178,L179",43,3.5665183241066827,3.5665183241066827,41,"L024,L044,L045,L048,L054,L056,L057,L058,L060,L095,L102,L104,L109,L110,L111,L113,L114,L115,L128,L129,L130,L131,L132,L134,L140,L143,L147,L149,L150,L151,L153,L154,L155,L156,L157,L158,L160,L169,L176,L178,L179",41,True,relay_cascade,
1,20260708,L001->L149,L001,L149,True,False,0.0,0.0,0.0,1.0000000000000018,"L001,L149",2,1.0019445696469642,1.0019445696469642,0,,0,False,non_critical,
1,20260708,L001->L150,L001,L150,True,False,0.0,0.0,0.0,1.0000000000000036,"L001,L150",2,1.0222421158127457,1.0222421158127457,0,,0,False,non_critical,
1,20260708,L001->L151,L001,L151,True,True,266.48140867749476,266.48140867749476,0.0,1.0000000000000009,"L001,L024,L044,L045,L048,L054,L056,L057,L058,L060,L095,L102,L109,L110,L111,L113,L114,L115,L128,L129,L130,L133,L134,L140,L147,L148,L150,L151,L152,L153,L154,L155,L156,L158,L159,L160,L178,L179",38,3.4423539037712616,3.4423539037712616,36,"L024,L044,L045,L048,L054,L056,L057,L058,L060,L095,L102,L109,L110,L111,L113,L114,L115,L128,L129,L130,L133,L134,L140,L147,L148,L150,L152,L153,L154,L155,L156,L158,L159,L160,L178,L179",36,True,relay_cascade,
1,20260708,L001->L152,L001,L152,True,True,276.2895526029349,276.2895526029349,0.0,1.0000000000000009,"L001,L024,L044,L045,L048,L054,L056,L057,L058,L060,L102,L104,L109,L110,L111,L113,L114,L115,L128,L129,L130,L131,L132,L134,L140,L143,L147,L148,L149,L150,L151,L152,L155,L156,L157,L158,L159,L160,L169,L176,L178,L179",42,4.909050982145114,4.909050982145114,40,"L024,L044,L045,L048,L054,L056,L057,L058,L060,L102,L104,L109,L110,L111,L113,L114,L115,L128,L129,L130,L131,L132,L134,L140,L143,L147,L148,L149,L150,L151,L155,L156,L157,L158,L159,L160,L169,L176,L178,L179",40,True,relay_cascade,
1,20260708,L001->L153,L001,L153,True,False,0.0,0.0,0.0,1.0000000000000013,"L001,L153",2,1.0124304589236457,1.0124304589236457,0,,0,False,non_critical,
1,20260708,L001->L154,L001,L154,True,False,0.0,0.0,0.0,1.0000000000000036,"L001,L154",2,1.0237517961626752,1.0237517961626752,0,,0,False,non_critical,
1,20260708,L001->L155,L001,L155,True,False,0.0,0.0,0.0,1.0000000000000036,"L001,L155",2,1.1436911290715537,1.1436911290715537,0,,0,False,non_critical,
1,20260708,L001->L156,L001,L156,True,False,0.0,0.0,0.0,1.0000000000000013,"L001,L156",2,1.1092159880184045,1.1092159880184045,0,,0,False,non_critical,
1,20260708,L001->L157,L001,L157,True,True,259.9389967937804,259.9389967937804,0.0,1.000000000000004,"L001,L024,L044,L045,L048,L054,L056,L057,L058,L060,L095,L102,L109,L110,L111,L113,L114,L115,L128,L129,L130,L131,L132,L134,L140,L143,L147,L148,L149,L150,L152,L153,L154,L155,L156,L157,L158,L159,L160,L169,L178,L179",42,3.5243775235799326,3.5243775235799326,40,"L024,L044,L045,L048,L054,L056,L057,L058,L060,L095,L102,L109,L110,L111,L113,L114,L115,L128,L129,L130,L131,L132,L134,L140,L143,L147,L148,L149,L150,L152,L153,L154,L155,L156,L158,L159,L160,L169,L178,L179",40,True,relay_cascade,
1,20260708,L001->L158,L001,L158,True,False,0.0,0.0,0.0,1.000000000000007,"L001,L158",2,1.039625461402412,1.039625461402412,0,,0,False,non_critical,
1,20260708,L001->L159,L001,L159,True,True,276.2895526029349,276.2895526029349,0.0,1.000000000000004,"L001,L024,L044,L045,L048,L054,L056,L057,L058,L060,L095,L102,L109,L110,L111,L113,L114,L115,L128,L129,L130,L131,L132,L134,L140,L143,L147,L148,L149,L150,L151,L152,L154,L155,L156,L157,L158,L159,L160,L169,L176,L178,L179",43,3.436339638872065,3.436339638872065,41,"L024,L044,L045,L048,L054,L056,L057,L058,L060,L095,L102,L109,L110,L111,L113,L114,L115,L128,L129,L130,L131,L132,L134,L140,L143,L147,L148,L149,L150,L151,L152,L154,L155,L156,L157,L158,L160,L169,L176,L178,L179",41,True,relay_cascade,
1,20260708,L001->L160,L001,L160,True,False,0.0,0.0,0.0,1.000000000000002,"L001,L160",2,1.106601372813413,1.106601372813413,0,,0,False,non_critical,
1,20260708,L001->L161,L001,L161,True,True,0.8591841142224027,0.0,0.8591841142224027,1.0000000000000009,"L001,L161",2,1.0616959873776999,1.0616959873776999,0,,0,False,island_only,
1,20260708,L001->L162,L001,L162,True,False,0.0,0.0,0.0,1.0000000000000009,"L001,L162",2,1.0474529496823712,1.0474529496823712,0,,0,False,non_critical,
1,20260708,L001->L163,L001,L163,True,False,0.0,0.0,0.0,1.0000000000000036,"L001,L163",2,1.0000000000000226,1.0000000000000226,0,,0,False,non_critical,
1,20260708,L001->L164,L001,L164,True,False,0.0,0.0,0.0,1.000000000000007,"L001,L164",2,1.067162114239996,1.067162114239996,0,,0,False,non_critical,
1,20260708,L001->L165,L001,L165,True,False,0.0,0.0,0.0,1.0000000000000009,"L001,L165",2,1.1326895375118309,1.1326895375118309,0,,0,False,non_critical,
1,20260708,L001->L166,L001,L166,True,False,0.0,0.0,0.0,1.0000000000000022,"L001,L166",2,1.120873285381075,1.120873285381075,0,,0,False,non_critical,
1,20260708,L001->L167,L001,L167,True,False,0.0,0.0,0.0,1.000000000000007,"L001,L167",2,1.0361663764917406,1.0361663764917406,0,,0,False,non_critical,
1,20260708,L001->L168,L001,L168,True,False,0.0,0.0,0.0,1.0000000000000018,"L001,L168",2,1.0000000000000226,1.0000000000000226,0,,0,False,non_critical,
1,20260708,L001->L169,L001,L169,True,False,0.0,0.0,0.0,1.0000000000000007,"L001,L169",2,1.1974297048506022,1.1974297048506022,0,,0,False,non_critical,
1,20260708,L001->L170,L001,L170,True,True,408.7226966194702,408.7226966194702,0.0,1.0000000000000016,"L001,L024,L044,L045,L048,L054,L056,L057,L058,L060,L062,L065,L068,L095,L102,L104,L105,L106,L109,L110,L111,L113,L114,L115,L121,L122,L125,L128,L129,L134,L140,L143,L147,L148,L149,L150,L151,L153,L154,L155,L156,L157,L158,L159,L160,L169,L170,L172,L176,L178,L179",51,4.217357248571258,4.217357248571258,49,"L024,L044,L045,L048,L054,L056,L057,L058,L060,L062,L065,L068,L095,L102,L104,L105,L106,L109,L110,L111,L113,L114,L115,L121,L122,L125,L128,L129,L134,L140,L143,L147,L148,L149,L150,L151,L153,L154,L155,L156,L157,L158,L159,L160,L169,L172,L176,L178,L179",49,True,relay_cascade,
1,20260708,L001->L171,L001,L171,True,False,0.0,0.0,0.0,1.000000000000007,"L001,L171",2,1.0000000000000226,1.0000000000000226,0,,0,False,non_critical,
1,20260708,L001->L172,L001,L172,True,True,408.7226966194702,408.7226966194702,0.0,1.0000000000000016,"L001,L024,L044,L045,L048,L054,L056,L057,L058,L060,L062,L065,L068,L095,L102,L104,L105,L106,L109,L110,L111,L113,L114,L115,L121,L122,L125,L128,L129,L134,L140,L143,L147,L148,L149,L150,L151,L153,L154,L155,L156,L157,L158,L159,L160,L169,L170,L172,L176,L178,L179",51,4.217357248571258,4.217357248571258,49,"L024,L044,L045,L048,L054,L056,L057,L058,L060,L062,L065,L068,L095,L102,L104,L105,L106,L109,L110,L111,L113,L114,L115,L121,L122,L125,L128,L129,L134,L140,L143,L147,L148,L149,L150,L151,L153,L154,L155,L156,L157,L158,L159,L160,L169,L170,L176,L178,L179",49,True,relay_cascade,
1,20260708,L001->L173,L001,L173,True,False,0.0,0.0,0.0,1.0000000000000009,"L001,L173",2,1.0000000000000226,1.0000000000000226,0,,0,False,non_critical,
1,20260708,L001->L174,L001,L174,True,True,312.9521051192149,312.9521051192149,0.0,1.000000000000003,"L001,L024,L044,L045,L048,L054,L056,L057,L058,L060,L095,L102,L109,L110,L111,L113,L114,L115,L121,L122,L125,L128,L129,L130,L131,L132,L134,L135,L136,L140,L143,L147,L149,L150,L153,L154,L155,L156,L158,L159,L160,L171,L173,L174,L175,L178,L179",47,4.637404854195449,4.637404854195449,45,"L024,L044,L045,L048,L054,L056,L057,L058,L060,L095,L102,L109,L110,L111,L113,L114,L115,L121,L122,L125,L128,L129,L130,L131,L132,L134,L135,L136,L140,L143,L147,L149,L150,L153,L154,L155,L156,L158,L159,L160,L171,L173,L175,L178,L179",45,True,relay_cascade,
1,20260708,L001->L175,L001,L175,True,False,0.0,0.0,0.0,1.0000000000000007,"L001,L175",2,1.0000000000000226,1.0000000000000226,0,,0,False,non_critical,
1,20260708,L001->L176,L001,L176,True,True,429.7081973764355,429.7081973764355,0.0,1.0000000000000107,"L001,L024,L044,L045,L048,L054,L056,L057,L058,L060,L062,L065,L068,L102,L104,L105,L106,L109,L110,L111,L113,L114,L115,L121,L122,L125,L128,L129,L134,L140,L143,L147,L148,L149,L150,L151,L153,L154,L155,L156,L157,L158,L160,L162,L176,L178,L179",47,3.7204841188268394,3.7204841188268394,45,"L024,L044,L045,L048,L054,L056,L057,L058,L060,L062,L065,L068,L102,L104,L105,L106,L109,L110,L111,L113,L114,L115,L121,L122,L125,L128,L129,L134,L140,L143,L147,L148,L149,L150,L151,L153,L154,L155,L156,L157,L158,L160,L162,L178,L179",45,True,relay_cascade,
1,20260708,L001->L177,L001,L177,True,True,102.86527058788053,102.86527058788053,0.0,1.0000000000000009,"L001,L024,L044,L045,L048,L054,L056,L057,L058,L060,L095,L102,L104,L109,L110,L111,L113,L114,L115,L134,L140,L143,L147,L150,L153,L154,L155,L156,L158,L160,L169,L175,L176,L177,L178,L179",36,3.531629747806688,3.531629747806688,34,"L024,L044,L045,L048,L054,L056,L057,L058,L060,L095,L102,L104,L109,L110,L111,L113,L114,L115,L134,L140,L143,L147,L150,L153,L154,L155,L156,L158,L160,L169,L175,L176,L178,L179",34,True,relay_cascade,
1,20260708,L001->L178,L001,L178,True,True,459.37179838061,459.37179838061,0.0,1.000000000000007,"L001,L024,L030,L044,L045,L048,L054,L056,L057,L058,L060,L062,L063,L064,L065,L068,L091,L092,L093,L094,L095,L097,L102,L104,L105,L106,L109,L110,L111,L113,L114,L115,L121,L122,L125,L128,L129,L130,L131,L134,L140,L143,L147,L148,L149,L150,L151,L153,L154,L155,L156,L157,L158,L159,L160,L169,L176,L178,L179",59,3.8967623450721334,3.8967623450721334,57,"L024,L030,L044,L045,L048,L054,L056,L057,L058,L060,L062,L063,L064,L065,L068,L091,L092,L093,L094,L095,L097,L102,L104,L105,L106,L109,L110,L111,L113,L114,L115,L121,L122,L125,L128,L129,L130,L131,L134,L140,L143,L147,L148,L149,L150,L151,L153,L154,L155,L156,L157,L158,L159,L160,L169,L176,L179",57,True,relay_cascade,
1,20260708,L001->L179,L001,L179,True,True,459.37179838061,459.37179838061,0.0,1.000000000000007,"L001,L024,L030,L039,L044,L045,L048,L054,L056,L057,L058,L060,L062,L063,L064,L065,L068,L091,L092,L093,L094,L095,L097,L102,L104,L105,L106,L109,L110,L111,L113,L114,L115,L121,L122,L125,L128,L129,L130,L131,L134,L140,L143,L147,L148,L149,L150,L151,L153,L154,L155,L156,L157,L158,L159,L160,L169,L176,L178,L179",60,3.887388469757617,3.887388469757617,58,"L024,L030,L039,L044,L045,L048,L054,L056,L057,L058,L060,L062,L063,L064,L065,L068,L091,L092,L093,L094,L095,L097,L102,L104,L105,L106,L109,L110,L111,L113,L114,L115,L121,L122,L125,L128,L129,L130,L131,L134,L140,L143,L147,L148,L149,L150,L151,L153,L154,L155,L156,L157,L158,L159,L160,L169,L176,L178",58,True,relay_cascade,
1,20260708,L001->L180,L001,L180,True,True,460.2479033376867,459.37179838061,0.8761049570766843,1.000000000000007,"L001,L024,L030,L039,L040,L043,L044,L045,L048,L054,L056,L057,L058,L060,L062,L063,L064,L065,L068,L091,L092,L093,L094,L095,L097,L102,L104,L105,L106,L109,L110,L111,L113,L114,L115,L121,L122,L125,L128,L129,L130,L131,L134,L140,L143,L147,L148,L149,L150,L151,L153,L154,L155,L156,L157,L158,L159,L160,L169,L176,L178,L179,L180",63,3.8971896134587674,3.8971896134587674,61,"L024,L030,L039,L040,L043,L044,L045,L048,L054,L056,L057,L058,L060,L062,L063,L064,L065,L068,L091,L092,L093,L094,L095,L097,L102,L104,L105,L106,L109,L110,L111,L113,L114,L115,L121,L122,L125,L128,L129,L130,L131,L134,L140,L143,L147,L148,L149,L150,L151,L153,L154,L155,L156,L157,L158,L159,L160,L169,L176,L178,L179",61,True,relay_cascade,
1,20260708,L001->L181,L001,L181,True,True,3.044484922870705,0.0,3.044484922870705,1.0000000000000009,"L001,L181",2,1.12177939691483,1.12177939691483,0,,0,False,island_only,
1,20260708,L001->L182,L001,L182,True,True,459.37179838061,459.37179838061,0.0,1.000000000000007,"L001,L024,L030,L040,L043,L044,L045,L048,L054,L056,L057,L058,L060,L062,L063,L064,L065,L068,L091,L092,L093,L094,L095,L097,L102,L104,L105,L106,L109,L110,L111,L113,L114,L115,L121,L122,L125,L128,L129,L130,L131,L134,L140,L143,L147,L148,L149,L150,L151,L153,L154,L155,L156,L157,L158,L159,L160,L169,L176,L178,L179,L182",62,3.8974290354063186,3.8974290354063186,60,"L024,L030,L040,L043,L044,L045,L048,L054,L056,L057,L058,L060,L062,L063,L064,L065,L068,L091,L092,L093,L094,L095,L097,L102,L104,L105,L106,L109,L110,L111,L113,L114,L115,L121,L122,L125,L128,L129,L130,L131,L134,L140,L143,L147,L148,L149,L150,L151,L153,L154,L155,L156,L157,L158,L159,L160,L169,L176,L178,L179",60,True,relay_cascade,
1,20260708,L001->L183,L001,L183,True,True,400.9988715440636,400.9988715440636,0.0,1.0000000000000009,"L001,L024,L030,L039,L044,L045,L048,L054,L056,L057,L058,L060,L065,L095,L102,L104,L105,L106,L109,L110,L111,L113,L114,L115,L116,L119,L120,L121,L122,L125,L126,L127,L128,L134,L140,L143,L147,L148,L149,L150,L151,L153,L154,L155,L156,L157,L158,L159,L160,L169,L176,L178,L179,L183,L185,L186",56,3.390814168480274,3.390814168480274,54,"L024,L030,L039,L044,L045,L048,L054,L056,L057,L058,L060,L065,L095,L102,L104,L105,L106,L109,L110,L111,L113,L114,L115,L116,L119,L120,L121,L122,L125,L126,L127,L128,L134,L140,L143,L147,L148,L149,L150,L151,L153,L154,L155,L156,L157,L158,L159,L160,L169,L176,L178,L179,L185,L186",54,True,relay_cascade,
1,20260708,L001->L184,L001,L184,True,True,430.3711580358089,430.3711580358089,0.0,1.0000000000000016,"L001,L024,L044,L045,L048,L054,L056,L057,L058,L060,L062,L065,L068,L095,L102,L104,L105,L106,L109,L110,L111,L113,L114,L115,L121,L122,L125,L128,L129,L134,L140,L143,L147,L148,L149,L150,L151,L153,L154,L155,L156,L157,L158,L159,L160,L169,L176,L178,L179,L184",50,4.158116941864683,4.158116941864683,48,"L024,L044,L045,L048,L054,L056,L057,L058,L060,L062,L065,L068,L095,L102,L104,L105,L106,L109,L110,L111,L113,L114,L115,L121,L122,L125,L128,L129,L134,L140,L143,L147,L148,L149,L150,L151,L153,L154,L155,L156,L157,L158,L159,L160,L169,L176,L178,L179",48,True,relay_cascade,
1,20260708,L001->L185,L001,L185,True,True,137.98240388052488,137.98240388052488,0.0,1.0000000000000009,"L001,L024,L044,L045,L048,L054,L056,L057,L058,L060,L102,L104,L109,L110,L111,L113,L134,L140,L143,L147,L150,L153,L154,L155,L156,L158,L159,L160,L169,L176,L178,L179,L185,L186",34,4.001967611521595,4.001967611521595,32,"L024,L044,L045,L048,L054,L056,L057,L058,L060,L102,L104,L109,L110,L111,L113,L134,L140,L143,L147,L150,L153,L154,L155,L156,L158,L159,L160,L169,L176,L178,L179,L186",32,True,relay_cascade,
1,20260708,L001->L186,L001,L186,True,False,0.0,0.0,0.0,1.000000000000007,"L001,L186",2,1.0239480068993112,1.0239480068993112,0,,0,False,non_critical,
1,20260708,L002->L001,L002,L001,True,False,0.0,0.0,0.0,1.0000000000000016,"L001,L002,L013,L024,L044,L045,L048,L054,L056,L057,L058,L060,L062,L065,L068,L095,L102,L104,L105,L106,L109,L110,L111,L113,L114,L115,L121,L122,L125,L128,L129,L134,L140,L143,L147,L148,L149,L150,L151,L153,L154,L155,L156,L157,L158,L159,L160,L169,L176,L178,L179",51,0.907760868943612,0.907760868943612,0,,49,False,non_critical,
1,20260708,L002->L003,L002,L003,True,False,0.0,0.0,0.0,1.0000000000000016,"L001,L002,L003,L013,L024,L044,L045,L048,L054,L056,L057,L058,L060,L062,L065,L068,L095,L102,L104,L105,L106,L109,L110,L111,L113,L114,L115,L121,L122,L125,L128,L129,L134,L140,L143,L147,L148,L149,L150,L151,L153,L154,L155,L156,L157,L158,L159,L160,L169,L176,L178,L179",52,1.0896114275753517,1.0896114275753517,0,,50,False,non_critical,
1,20260708,L002->L004,L002,L004,True,True,38.8500870832418,38.8500870832418,0.0,1.0000000000000016,"L001,L002,L004,L013,L014,L024,L044,L045,L048,L054,L056,L057,L058,L060,L062,L065,L068,L095,L102,L104,L105,L106,L109,L110,L111,L113,L114,L115,L121,L122,L125,L128,L129,L134,L140,L143,L147,L148,L149,L150,L151,L153,L154,L155,L156,L157,L158,L159,L160,L169,L176,L178,L179",53,1.554003483329672,1.554003483329672,1,L014,51,True,relay_cascade,
1,20260708,L002->L005,L002,L005,True,False,0.0,0.0,0.0,1.0000000000000016,"L001,L002,L005,L013,L015,L024,L044,L045,L048,L054,L056,L057,L058,L060,L062,L065,L068,L095,L102,L104,L105,L106,L109,L110,L111,L113,L114,L115,L121,L122,L125,L128,L129,L134,L140,L143,L147,L148,L149,L150,L151,L153,L154,L155,L156,L157,L158,L159,L160,L169,L176,L178,L179",53,1.3557884156025153,1.3557884156025153,1,L015,51,True,non_critical,
1,20260708,L002->L006,L002,L006,True,False,0.0,0.0,0.0,1.0000000000000016,"L001,L002,L006,L013,L024,L044,L045,L048,L054,L056,L057,L058,L060,L062,L065,L068,L095,L102,L104,L105,L106,L109,L110,L111,L113,L114,L115,L121,L122,L125,L128,L129,L134,L140,L143,L147,L148,L149,L150,L151,L153,L154,L155,L156,L157,L158,L159,L160,L169,L176,L178,L179",52,0.9242648515188513,0.9242648515188513,0,,50,False,non_critical,
1,20260708,L002->L007,L002,L007,True,True,0.6701005925154615,0.0,0.6701005925154615,1.0000000000000016,"L001,L002,L007,L013,L022,L024,L030,L044,L045,L048,L054,L056,L057,L058,L060,L062,L065,L068,L095,L102,L104,L105,L106,L109,L110,L111,L113,L114,L115,L121,L122,L125,L128,L129,L134,L140,L143,L147,L148,L149,L150,L151,L153,L154,L155,L156,L157,L158,L159,L160,L169,L176,L178,L179",54,1.3120326228762418,1.3120326228762418,2,"L022,L030",52,True,relay_cascade,
1,20260708,L002->L008,L002,L008,True,True,133.09946091125892,133.09946091125892,0.0,1.0000000000000016,"L001,L002,L008,L012,L013,L014,L015,L017,L018,L019,L020,L021,L022,L024,L025,L026,L027,L028,L029,L037,L039,L044,L045,L048,L054,L056,L057,L058,L060,L062,L065,L068,L095,L102,L104,L105,L106,L109,L110,L111,L113,L114,L115,L121,L122,L125,L128,L129,L134,L140,L143,L147,L148,L149,L150,L151,L153,L154,L155,L156,L157,L158,L159,L160,L169,L176,L178,L179",68,3.8958635910742805,3.8958635910742805,16,"L012,L014,L015,L017,L018,L019,L020,L021,L022,L025,L026,L027,L028,L029,L037,L039",66,True,relay_cascade,
1,20260708,L002->L009,L002,L009,True,True,0.6701005925154602,0.0,0.6701005925154602,1.0000000000000016,"L001,L002,L009,L013,L022,L024,L030,L044,L045,L048,L054,L056,L057,L058,L060,L062,L065,L068,L095,L102,L104,L105,L106,L109,L110,L111,L113,L114,L115,L121,L122,L125,L128,L129,L134,L140,L143,L147,L148,L149,L150,L151,L153,L154,L155,L156,L157,L158,L159,L160,L169,L176,L178,L179",54,1.3120326228762451,1.3120326228762451,2,"L022,L030",52,True,relay_cascade,
1,20260708,L002->L010,L002,L010,True,False,0.0,0.0,0.0,1.0000000000000016,"L001,L002,L010,L013,L024,L044,L045,L048,L054,L056,L057,L058,L060,L062,L065,L068,L095,L102,L104,L105,L106,L109,L110,L111,L113,L114,L115,L121,L122,L125,L128,L129,L134,L140,L143,L147,L148,L149,L150,L151,L153,L154,L155,L156,L157,L158,L159,L160,L169,L176,L178,L179",52,1.0407870824123053,1.0407870824123053,0,,50,False,non_critical,
1,20260708,L002->L011,L002,L011,True,False,0.0,0.0,0.0,1.0000000000000016,"L001,L002,L011,L013,L024,L044,L045,L048,L054,L056,L057,L058,L060,L062,L065,L068,L095,L102,L104,L105,L106,L109,L110,L111,L113,L114,L115,L121,L122,L125,L128,L129,L134,L140,L143,L147,L148,L149,L150,L151,L153,L154,L155,L156,L157,L158,L159,L160,L169,L176,L178,L179",52,1.1371622191937338,1.1371622191937338,0,,50,False,non_critical,
1,20260708,L002->L012,L002,L012,True,False,0.0,0.0,0.0,1.0000000000000016,"L001,L002,L012,L013,L024,L044,L045,L048,L054,L056,L057,L058,L060,L062,L065,L068,L095,L102,L104,L105,L106,L109,L110,L111,L113,L114,L115,L121,L122,L125,L128,L129,L134,L140,L143,L147,L148,L149,L150,L151,L153,L154,L155,L156,L157,L158,L159,L160,L169,L176,L178,L179",52,0.907760868943612,0.907760868943612,0,,50,False,non_critical,
1,20260708,L002->L013,L002,L013,True,False,0.0,0.0,0.0,1.0000000000000016,"L001,L002,L013,L024,L044,L045,L048,L054,L056,L057,L058,L060,L062,L065,L068,L095,L102,L104,L105,L106,L109,L110,L111,L113,L114,L115,L121,L122,L125,L128,L129,L134,L140,L143,L147,L148,L149,L150,L151,L153,L154,L155,L156,L157,L158,L159,L160,L169,L176,L178,L179",51,0.907760868943612,0.907760868943612,0,,49,False,non_critical,
1,20260708,L002->L014,L002,L014,True,False,0.0,0.0,0.0,1.0000000000000016,"L001,L002,L013,L014,L024,L044,L045,L048,L054,L056,L057,L058,L060,L062,L065,L068,L095,L102,L104,L105,L106,L109,L110,L111,L113,L114,L115,L121,L122,L125,L128,L129,L134,L140,L143,L147,L148,L149,L150,L151,L153,L154,L155,L156,L157,L158,L159,L160,L169,L176,L178,L179",52,0.907760868943612,0.907760868943612,0,,50,False,non_critical,
1,20260708,L002->L015,L002,L015,True,False,0.0,0.0,0.0,1.0000000000000016,"L001,L002,L013,L015,L024,L044,L045,L048,L054,L056,L057,L058,L060,L062,L065,L068,L095,L102,L104,L105,L106,L109,L110,L111,L113,L114,L115,L121,L122,L125,L128,L129,L134,L140,L143,L147,L148,L149,L150,L151,L153,L154,L155,L156,L157,L158,L159,L160,L169,L176,L178,L179",52,0.907760868943612,0.907760868943612,0,,50,False,non_critical,
1,20260708,L002->L016,L002,L016,True,True,31.514792047850804,31.514792047850804,0.0,1.0000000000000016,"L001,L002,L013,L016,L018,L024,L044,L045,L048,L054,L056,L057,L058,L060,L062,L065,L068,L095,L102,L104,L105,L106,L109,L110,L111,L113,L114,L115,L121,L122,L125,L128,L129,L134,L140,L143,L147,L148,L149,L150,L151,L153,L154,L155,L156,L157,L158,L159,L160,L169,L176,L178,L179",53,1.2605916819140321,1.2605916819140321,1,L018,51,True,relay_cascade,
1,20260708,L002->L017,L002,L017,True,False,0.0,0.0,0.0,1.0000000000000016,"L001,L002,L013,L017,L024,L044,L045,L048,L054,L056,L057,L058,L060,L062,L065,L068,L095,L102,L104,L105,L106,L109,L110,L111,L113,L114,L115,L121,L122,L125,L128,L129,L134,L140,L143,L147,L148,L149,L150,L151,L153,L154,L155,L156,L157,L158,L159,L160,L169,L176,L178,L179",52,0.907760868943612,0.907760868943612,0,,50,False,non_critical,
1,20260708,L002->L018,L002,L018,True,False,0.0,0.0,0.0,1.0000000000000016,"L001,L002,L013,L018,L024,L044,L045,L048,L054,L056,L057,L058,L060,L062,L065,L068,L095,L102,L104,L105,L106,L109,L110,L111,L113,L114,L115,L121,L122,L125,L128,L129,L134,L140,L143,L147,L148,L149,L150,L151,L153,L154,L155,L156,L157,L158,L159,L160,L169,L176,L178,L179",52,0.907760868943612,0.907760868943612,0,,50,False,non_critical,
1,20260708,L002->L019,L002,L019,True,False,0.0,0.0,0.0,1.0000000000000016,"L001,L002,L013,L019,L024,L044,L045,L048,L054,L056,L057,L058,L060,L062,L065,L068,L095,L102,L104,L105,L106,L109,L110,L111,L113,L114,L115,L121,L122,L125,L128,L129,L134,L140,L143,L147,L148,L149,L150,L151,L153,L154,L155,L156,L157,L158,L159,L160,L169,L176,L178,L179",52,0.907760868943612,0.907760868943612,0,,50,False,non_critical,
1,20260708,L002->L020,L002,L020,True,True,0.6701005925154602,0.0,0.6701005925154602,1.0000000000000016,"L001,L002,L013,L020,L024,L044,L045,L048,L054,L056,L057,L058,L060,L062,L065,L068,L095,L102,L104,L105,L106,L109,L110,L111,L113,L114,L115,L121,L122,L125,L128,L129,L134,L140,L143,L147,L148,L149,L150,L151,L153,L154,L155,L156,L157,L158,L159,L160,L169,L176,L178,L179",52,1.0268040237006184,1.0268040237006184,0,,50,False,island_only,
1,20260708,L002->L021,L002,L021,True,True,50.564347995860956,49.894247403345496,0.6701005925154602,1.0000000000000016,"L001,L002,L013,L016,L017,L018,L021,L022,L024,L025,L027,L044,L045,L048,L054,L056,L057,L058,L060,L062,L065,L068,L095,L102,L104,L105,L106,L109,L110,L111,L113,L114,L115,L121,L122,L125,L128,L129,L134,L140,L143,L147,L148,L149,L150,L151,L153,L154,L155,L156,L157,L158,L159,L160,L169,L176,L178,L179",58,1.7045966465918994,1.7045966465918994,6,"L016,L017,L018,L022,L025,L027",56,True,relay_cascade,
1,20260708,L002->L022,L002,L022,True,True,0.6701005925154657,0.0,0.6701005925154657,1.0000000000000016,"L001,L002,L013,L022,L024,L044,L045,L048,L054,L056,L057,L058,L060,L062,L065,L068,L095,L102,L104,L105,L106,L109,L110,L111,L113,L114,L115,L121,L122,L125,L128,L129,L134,L140,L143,L147,L148,L149,L150,L151,L153,L154,L155,L156,L157,L158,L159,L160,L169,L176,L178,L179",52,1.0268040237006184,1.0268040237006184,0,,50,False,island_only,
1,20260708,L002->L023,L002,L023,True,False,0.0,0.0,0.0,1.0000000000000016,"L001,L002,L013,L023,L024,L044,L045,L048,L054,L056,L057,L058,L060,L062,L065,L068,L095,L102,L104,L105,L106,L109,L110,L111,L113,L114,L115,L121,L122,L125,L128,L129,L134,L140,L143,L147,L148,L149,L150,L151,L153,L154,L155,L156,L157,L158,L159,L160,L169,L176,L178,L179",52,0.907760868943612,0.907760868943612,0,,50,False,non_critical,
1,20260708,L002->L024,L002,L024,True,False,0.0,0.0,0.0,1.0000000000000016,"L001,L002,L013,L024,L044,L045,L048,L054,L056,L057,L058,L060,L062,L065,L068,L095,L102,L104,L105,L106,L109,L110,L111,L113,L114,L115,L121,L122,L125,L128,L129,L134,L140,L143,L147,L148,L149,L150,L151,L153,L154,L155,L156,L157,L158,L159,L160,L169,L176,L178,L179",51,0.907760868943612,0.907760868943612,0,,49,False,non_critical,
1,20260708,L002->L025,L002,L025,True,False,0.0,0.0,0.0,1.0000000000000016,"L001,L002,L013,L024,L025,L044,L045,L048,L054,L056,L057,L058,L060,L062,L065,L068,L095,L102,L104,L105,L106,L109,L110,L111,L113,L114,L115,L121,L122,L125,L128,L129,L134,L140,L143,L147,L148,L149,L150,L151,L153,L154,L155,L156,L157,L158,L159,L160,L169,L176,L178,L179",52,0.907760868943612,0.907760868943612,0,,50,False,non_critical,
1,20260708,L002->L026,L002,L026,True,False,0.0,0.0,0.0,1.0000000000000016,"L001,L002,L013,L024,L026,L044,L045,L048,L054,L056,L057,L058,L060,L062,L065,L068,L095,L102,L104,L105,L106,L109,L110,L111,L113,L114,L115,L121,L122,L125,L128,L129,L134,L140,L143,L147,L148,L149,L150,L151,L153,L154,L155,L156,L157,L158,L159,L160,L169,L176,L178,L179",52,0.907760868943612,0.907760868943612,0,,50,False,non_critical,
1,20260708,L002->L027,L002,L027,True,False,0.0,0.0,0.0,1.0000000000000016,"L001,L002,L013,L024,L026,L027,L044,L045,L048,L054,L056,L057,L058,L060,L062,L065,L068,L095,L102,L104,L105,L106,L109,L110,L111,L113,L114,L115,L121,L122,L125,L128,L129,L134,L140,L143,L147,L148,L149,L150,L151,L153,L154,L155,L156,L157,L158,L159,L160,L169,L176,L178,L179",53,1.2011320779405248,1.2011320779405248,1,L026,51,True,non_critical,
1,20260708,L002->L028,L002,L028,True,True,32.235359849353586,32.235359849353586,0.0,1.0000000000000016,"L001,L002,L013,L024,L025,L026,L028,L044,L045,L048,L054,L056,L057,L058,L060,L062,L065,L068,L095,L102,L104,L105,L106,L109,L110,L111,L113,L114,L115,L121,L122,L125,L128,L129,L134,L140,L143,L147,L148,L149,L150,L151,L153,L154,L155,L156,L157,L158,L159,L160,L169,L176,L178,L179",54,1.7553682576948804,1.7553682576948804,2,"L025,L026",52,True,relay_cascade,
1,20260708,L002->L029,L002,L029,True,True,42.3080770354206,42.3080770354206,0.0,1.0000000000000016,"L001,L002,L013,L024,L025,L026,L029,L044,L045,L048,L054,L056,L057,L058,L060,L062,L065,L068,L095,L102,L104,L105,L106,L109,L110,L111,L113,L114,L115,L121,L122,L125,L128,L129,L134,L140,L143,L147,L148,L149,L150,L151,L153,L154,L155,L156,L157,L158,L159,L160,L169,L176,L178,L179",54,2.1582769451375627,2.1582769451375627,2,"L025,L026",52,True,relay_cascade,
1,20260708,L002->L030,L002,L030,True,False,0.0,0.0,0.0,1.0000000000000016,"L001,L002,L013,L024,L030,L044,L045,L048,L054,L056,L057,L058,L060,L062,L065,L068,L095,L102,L104,L105,L106,L109,L110,L111,L113,L114,L115,L121,L122,L125,L128,L129,L134,L140,L143,L147,L148,L149,L150,L151,L153,L154,L155,L156,L157,L158,L159,L160,L169,L176,L178,L179",52,0.907760868943612,0.907760868943612,0,,50,False,non_critical,
1,20260708,L002->L031,L002,L031,True,True,81.238831558206,81.238831558206,0.0,1.0000000000000016,"L001,L002,L013,L024,L025,L026,L030,L031,L034,L035,L039,L040,L042,L043,L044,L045,L048,L054,L056,L057,L058,L060,L062,L065,L068,L095,L102,L104,L105,L106,L109,L110,L111,L113,L114,L115,L121,L122,L125,L128,L129,L134,L140,L143,L147,L148,L149,L150,L151,L153,L154,L155,L156,L157,L158,L159,L160,L169,L176,L178,L179,L180,L181,L182",64,3.9997794209355355,3.9997794209355355,12,"L025,L026,L030,L034,L035,L039,L040,L042,L043,L180,L181,L182",62,True,relay_cascade,
1,20260708,L002->L032,L002,L032,True,False,0.0,0.0,0.0,1.0000000000000016,"L001,L002,L013,L024,L025,L026,L032,L039,L044,L045,L048,L054,L056,L057,L058,L060,L062,L065,L068,L095,L102,L104,L105,L106,L109,L110,L111,L113,L114,L115,L121,L122,L125,L128,L129,L134,L140,L143,L147,L148,L149,L150,L151,L153,L154,L155,L156,L157,L158,L159,L160,L169,L176,L178,L179",55,2.2261978449527167,2.2261978449527167,3,"L025,L026,L039",53,True,non_critical,
1,20260708,L002->L033,L002,L033,True,True,35.95850316823305,35.95850316823305,0.0,1.0000000000000016,"L001,L002,L013,L024,L033,L039,L040,L043,L044,L045,L048,L054,L056,L057,L058,L060,L062,L065,L068,L095,L102,L104,L105,L106,L109,L110,L111,L113,L114,L115,L121,L122,L125,L128,L129,L134,L140,L143,L147,L148,L149,L150,L151,L153,L154,L155,L156,L157,L158,L159,L160,L169,L176,L178,L179,L180",56,1.3972979767770264,1.3972979767770264,4,"L039,L040,L043,L180",54,True,relay_cascade,
1,20260708,L002->L034,L002,L034,True,True,41.04569367595296,41.04569367595296,0.0,1.0000000000000016,"L001,L002,L013,L024,L034,L040,L044,L045,L048,L054,L056,L057,L058,L060,L062,L065,L068,L095,L102,L104,L105,L106,L109,L110,L111,L113,L114,L115,L121,L122,L125,L128,L129,L134,L140,L143,L147,L148,L149,L150,L151,L153,L154,L155,L156,L157,L158,L159,L160,L169,L176,L178,L179",53,1.6418277470381186,1.6418277470381186,1,L040,51,True,relay_cascade,
1,20260708,L002->L035,L002,L035,True,False,0.0,0.0,0.0,1.0000000000000016,"L001,L002,L013,L024,L035,L044,L045,L048,L054,L056,L057,L058,L060,L062,L065,L068,L095,L102,L104,L105,L106,L109,L110,L111,L113,L114,L115,L121,L122,L125,L128,L129,L134,L140,L143,L147,L148,L149,L150,L151,L153,L154,L155,L156,L157,L158,L159,L160,L169,L176,L178,L179",52,0.9566751283068435,0.9566751283068435,0,,50,False,non_critical,
1,20260708,L002->L036,L002,L036,True,True,92.00875822562192,91.33865763310646,0.6701005925154574,1.0000000000000016,"L001,L002,L006,L013,L015,L016,L017,L018,L020,L024,L025,L026,L027,L028,L029,L032,L035,L036,L039,L042,L044,L045,L048,L054,L056,L057,L058,L060,L062,L065,L068,L095,L102,L104,L105,L106,L109,L110,L111,L113,L114,L115,L121,L122,L125,L128,L129,L134,L140,L143,L147,L148,L149,L150,L151,L153,L154,L155,L156,L157,L158,L159,L160,L169,L176,L178,L179",67,5.370220260305672,5.370220260305672,15,"L006,L015,L016,L017,L018,L020,L025,L026,L027,L028,L029,L032,L035,L039,L042",65,True,relay_cascade,
1,20260708,L002->L037,L002,L037,True,False,0.0,0.0,0.0,1.0000000000000018,"L001,L002,L013,L024,L037,L044,L045,L048,L054,L056,L057,L058,L060,L062,L065,L068,L095,L102,L104,L105,L106,L109,L110,L111,L113,L114,L115,L121,L122,L125,L128,L129,L134,L140,L143,L147,L148,L149,L150,L151,L153,L154,L155,L156,L157,L158,L159,L160,L169,L176,L178,L179",52,0.907760868943612,0.907760868943612,0,,50,False,non_critical,
1,20260708,L002->L038,L002,L038,True,True,32.235359849353586,32.235359849353586,0.0,1.0000000000000016,"L001,L002,L013,L024,L025,L027,L028,L032,L035,L038,L039,L042,L044,L045,L048,L054,L056,L057,L058,L060,L062,L065,L068,L095,L102,L104,L105,L106,L109,L110,L111,L113,L114,L115,L121,L122,L125,L128,L129,L134,L140,L143,L147,L148,L149,L150,L151,L153,L154,L155,L156,L157,L158,L159,L160,L169,L176,L178,L179",59,2.7758392619744097,2.7758392619744097,7,"L025,L027,L028,L032,L035,L039,L042",57,True,relay_cascade,
1,20260708,L002->L039,L002,L039,True,False,0.0,0.0,0.0,1.0000000000000016,"L001,L002,L013,L024,L039,L044,L045,L048,L054,L056,L057,L058,L060,L062,L065,L068,L095,L102,L104,L105,L106,L109,L110,L111,L113,L114,L115,L121,L122,L125,L128,L129,L134,L140,L143,L147,L148,L149,L150,L151,L153,L154,L155,L156,L157,L158,L159,L160,L169,L176,L178,L179",52,0.907760868943612,0.907760868943612,0,,50,False,non_critical,
1,20260708,L002->L040,L002,L040,True,False,0.0,0.0,0.0,1.0000000000000016,"L001,L002,L013,L024,L040,L044,L045,L048,L054,L056,L057,L058,L060,L062,L065,L068,L095,L102,L104,L105,L106,L109,L110,L111,L113,L114,L115,L121,L122,L125,L128,L129,L134,L140,L143,L147,L148,L149,L150,L151,L153,L154,L155,L156,L157,L158,L159,L160,L169,L176,L178,L179",52,0.9566751283068435,0.9566751283068435,0,,50,False,non_critical,
1,20260708,L002->L041,L002,L041,True,False,0.0,0.0,0.0,1.0000000000000016,"L001,L002,L013,L024,L041,L044,L045,L048,L054,L056,L057,L058,L060,L062,L065,L068,L095,L102,L104,L105,L106,L109,L110,L111,L113,L114,L115,L121,L122,L125,L128,L129,L134,L140,L143,L147,L148,L149,L150,L151,L153,L154,L155,L156,L157,L158,L159,L160,L169,L176,L178,L179",52,1.0753183775737154,1.0753183775737154,0,,50,False,non_critical,
1,20260708,L002->L042,L002,L042,True,False,0.0,0.0,0.0,1.0000000000000016,"L001,L002,L013,L024,L042,L044,L045,L048,L054,L056,L057,L058,L060,L062,L065,L068,L095,L102,L104,L105,L106,L109,L110,L111,L113,L114,L115,L121,L122,L125,L128,L129,L134,L140,L143,L147,L148,L149,L150,L151,L153,L154,L155,L156,L157,L158,L159,L160,L169,L176,L178,L179",52,0.907760868943612,0.907760868943612,0,,50,False,non_critical,
1,20260708,L002->L043,L002,L043,True,False,0.0,0.0,0.0,1.0000000000000016,"L001,L002,L013,L024,L043,L044,L045,L048,L054,L056,L057,L058,L060,L062,L065,L068,L095,L102,L104,L105,L106,L109,L110,L111,L113,L114,L115,L121,L122,L125,L128,L129,L134,L140,L143,L147,L148,L149,L150,L151,L153,L154,L155,L156,L157,L158,L159,L160,L169,L176,L178,L179",52,0.907760868943612,0.907760868943612,0,,50,False,non_critical,
1,20260708,L002->L044,L002,L044,True,False,0.0,0.0,0.0,1.0000000000000016,"L001,L002,L013,L024,L044,L045,L048,L054,L056,L057,L058,L060,L062,L065,L068,L095,L102,L104,L105,L106,L109,L110,L111,L113,L114,L115,L121,L122,L125,L128,L129,L134,L140,L143,L147,L148,L149,L150,L151,L153,L154,L155,L156,L157,L158,L159,L160,L169,L176,L178,L179",51,0.907760868943612,0.907760868943612,0,,49,False,non_critical,
1,20260708,L002->L045,L002,L045,True,False,0.0,0.0,0.0,1.0000000000000016,"L001,L002,L013,L024,L044,L045,L048,L054,L056,L057,L058,L060,L062,L065,L068,L095,L102,L104,L105,L106,L109,L110,L111,L113,L114,L115,L121,L122,L125,L128,L129,L134,L140,L143,L147,L148,L149,L150,L151,L153,L154,L155,L156,L157,L158,L159,L160,L169,L176,L178,L179",51,0.907760868943612,0.907760868943612,0,,49,False,non_critical,
1,20260708,L002->L046,L002,L046,True,False,0.0,0.0,0.0,1.0000000000000107,"L001,L002,L013,L024,L044,L045,L046,L048,L054,L056,L057,L058,L060,L062,L065,L068,L095,L102,L104,L105,L106,L109,L110,L111,L113,L114,L115,L121,L122,L125,L128,L129,L134,L140,L143,L147,L148,L149,L150,L151,L153,L154,L155,L156,L157,L158,L159,L160,L169,L176,L178,L179",52,0.907760868943612,0.907760868943612,0,,50,False,non_critical,
1,20260708,L002->L047,L002,L047,True,True,31.300605334860514,31.300605334860514,0.0,1.0000000000000004,"L001,L002,L013,L024,L044,L045,L046,L047,L048,L054,L056,L057,L058,L060,L062,L065,L068,L095,L102,L104,L105,L106,L109,L110,L111,L113,L114,L115,L121,L122,L125,L128,L129,L134,L140,L143,L147,L148,L149,L150,L151,L153,L154,L155,L156,L157,L158,L159,L160,L169,L176,L178,L179",53,1.2520242133944208,1.2520242133944208,1,L046,51,True,relay_cascade,
1,20260708,L002->L048,L002,L048,True,False,0.0,0.0,0.0,1.0000000000000016,"L001,L002,L013,L024,L044,L045,L048,L054,L056,L057,L058,L060,L062,L065,L068,L095,L102,L104,L105,L106,L109,L110,L111,L113,L114,L115,L121,L122,L125,L128,L129,L134,L140,L143,L147,L148,L149,L150,L151,L153,L154,L155,L156,L157,L158,L159,L160,L169,L176,L178,L179",51,0.907760868943612,0.907760868943612,0,,49,False,non_critical,
1,20260708,L002->L049,L002,L049,True,False,0.0,0.0,0.0,1.0000000000000004,"L001,L002,L013,L024,L044,L045,L048,L049,L054,L056,L057,L058,L060,L062,L065,L068,L095,L102,L104,L105,L106,L109,L110,L111,L113,L114,L115,L121,L122,L125,L128,L129,L134,L140,L143,L147,L148,L149,L150,L151,L153,L154,L155,L156,L157,L158,L159,L160,L169,L176,L178,L179",52,0.907760868943612,0.907760868943612,0,,50,False,non_critical,
1,20260708,L002->L050,L002,L050,True,False,0.0,0.0,0.0,1.0000000000000004,"L001,L002,L013,L024,L044,L045,L048,L050,L054,L056,L057,L058,L060,L062,L065,L068,L095,L102,L104,L105,L106,L109,L110,L111,L113,L114,L115,L121,L122,L125,L128,L129,L134,L140,L143,L147,L148,L149,L150,L151,L153,L154,L155,L156,L157,L158,L159,L160,L169,L176,L178,L179",52,0.907760868943612,0.907760868943612,0,,50,False,non_critical,
1,20260708,L002->L051,L002,L051,True,False,0.0,0.0,0.0,1.0000000000000107,"L001,L002,L013,L024,L044,L045,L046,L048,L051,L054,L056,L057,L058,L060,L062,L065,L068,L095,L102,L104,L105,L106,L109,L110,L111,L113,L114,L115,L121,L122,L125,L128,L129,L134,L140,L143,L147,L148,L149,L150,L151,L153,L154,L155,L156,L157,L158,L159,L160,L169,L176,L178,L179",53,1.278984364889908,1.278984364889908,1,L046,51,True,non_critical,
1,20260708,L002->L052,L002,L052,True,False,0.0,0.0,0.0,1.0000000000000007,"L001,L002,L013,L024,L044,L045,L048,L052,L054,L056,L057,L058,L060,L062,L065,L068,L095,L102,L104,L105,L106,L109,L110,L111,L113,L114,L115,L121,L122,L125,L128,L129,L134,L140,L143,L147,L148,L149,L150,L151,L153,L154,L155,L156,L157,L158,L159,L160,L169,L176,L178,L179",52,0.907760868943612,0.907760868943612,0,,50,False,non_critical,
1,20260708,L002->L053,L002,L053,True,False,0.0,0.0,0.0,1.0000000000000009,"L001,L002,L013,L024,L044,L045,L048,L053,L054,L056,L057,L058,L060,L062,L065,L068,L095,L102,L104,L105,L106,L109,L110,L111,L113,L114,L115,L121,L122,L125,L128,L129,L134,L140,L143,L147,L148,L149,L150,L151,L153,L154,L155,L156,L157,L158,L159,L160,L169,L176,L178,L179",52,0.907760868943612,0.907760868943612,0,,50,False,non_critical,
1,20260708,L002->L054,L002,L054,True,False,0.0,0.0,0.0,1.0000000000000016,"L001,L002,L013,L024,L044,L045,L048,L054,L056,L057,L058,L060,L062,L065,L068,L095,L102,L104,L105,L106,L109,L110,L111,L113,L114,L115,L121,L122,L125,L128,L129,L134,L140,L143,L147,L148,L149,L150,L151,L153,L154,L155,L156,L157,L158,L159,L160,L169,L176,L178,L179",51,0.907760868943612,0.907760868943612,0,,49,False,non_critical,
1,20260708,L002->L055,L002,L055,True,False,0.0,0.0,0.0,1.0000000000000007,"L001,L002,L013,L024,L044,L045,L048,L054,L055,L056,L057,L058,L060,L062,L065,L068,L095,L102,L104,L105,L106,L109,L110,L111,L113,L114,L115,L121,L122,L125,L128,L129,L134,L140,L143,L147,L148,L149,L150,L151,L153,L154,L155,L156,L157,L158,L159,L160,L169,L176,L178,L179",52,0.907760868943612,0.907760868943612,0,,50,False,non_critical,
1,20260708,L002->L056,L002,L056,True,False,0.0,0.0,0.0,1.0000000000000016,"L001,L002,L013,L024,L044,L045,L048,L054,L056,L057,L058,L060,L062,L065,L068,L095,L102,L104,L105,L106,L109,L110,L111,L113,L114,L115,L121,L122,L125,L128,L129,L134,L140,L143,L147,L148,L149,L150,L151,L153,L154,L155,L156,L157,L158,L159,L160,L169,L176,L178,L179",51,0.907760868943612,0.907760868943612,0,,49,False,non_critical,
1,20260708,L002->L057,L002,L057,True,False,0.0,0.0,0.0,1.0000000000000016,"L001,L002,L013,L024,L044,L045,L048,L054,L056,L057,L058,L060,L062,L065,L068,L095,L102,L104,L105,L106,L109,L110,L111,L113,L114,L115,L121,L122,L125,L128,L129,L134,L140,L143,L147,L148,L149,L150,L151,L153,L154,L155,L156,L157,L158,L159,L160,L169,L176,L178,L179",51,0.907760868943612,0.907760868943612,0,,49,False,non_critical,
1,20260708,L002->L058,L002,L058,True,False,0.0,0.0,0.0,1.0000000000000016,"L001,L002,L013,L024,L044,L045,L048,L054,L056,L057,L058,L060,L062,L065,L068,L095,L102,L104,L105,L106,L109,L110,L111,L113,L114,L115,L121,L122,L125,L128,L129,L134,L140,L143,L147,L148,L149,L150,L151,L153,L154,L155,L156,L157,L158,L159,L160,L169,L176,L178,L179",51,0.907760868943612,0.907760868943612,0,,49,False,non_critical,
1,20260708,L002->L059,L002,L059,True,False,0.0,0.0,0.0,1.0000000000000016,"L001,L002,L013,L024,L044,L045,L048,L054,L056,L057,L058,L059,L060,L062,L065,L068,L095,L102,L104,L105,L106,L109,L110,L111,L113,L114,L115,L121,L122,L125,L128,L129,L134,L140,L143,L147,L148,L149,L150,L151,L153,L154,L155,L156,L157,L158,L159,L160,L169,L176,L178,L179",52,0.907760868943612,0.907760868943612,0,,50,False,non_critical,
1,20260708,L002->L060,L002,L060,True,False,0.0,0.0,0.0,1.0000000000000016,"L001,L002,L013,L024,L044,L045,L048,L054,L056,L057,L058,L060,L062,L065,L068,L095,L102,L104,L105,L106,L109,L110,L111,L113,L114,L115,L121,L122,L125,L128,L129,L134,L140,L143,L147,L148,L149,L150,L151,L153,L154,L155,L156,L157,L158,L159,L160,L169,L176,L178,L179",51,0.907760868943612,0.907760868943612,0,,49,False,non_critical,
1,20260708,L002->L061,L002,L061,True,False,0.0,0.0,0.0,1.0000000000000016,"L001,L002,L013,L024,L044,L045,L048,L054,L056,L057,L058,L060,L061,L062,L065,L068,L095,L102,L104,L105,L106,L109,L110,L111,L113,L114,L115,L121,L122,L125,L128,L129,L134,L140,L143,L147,L148,L149,L150,L151,L153,L154,L155,L156,L157,L158,L159,L160,L169,L176,L178,L179",52,0.907760868943612,0.907760868943612,0,,50,False,non_critical,
1,20260708,L002->L062,L002,L062,True,False,0.0,0.0,0.0,1.0000000000000016,"L001,L002,L013,L024,L044,L045,L048,L054,L056,L057,L058,L060,L062,L065,L068,L095,L102,L104,L105,L106,L109,L110,L111,L113,L114,L115,L121,L122,L125,L128,L129,L134,L140,L143,L147,L148,L149,L150,L151,L153,L154,L155,L156,L157,L158,L159,L160,L169,L176,L178,L179",51,0.907760868943612,0.907760868943612,0,,49,False,non_critical,
1,20260708,L002->L063,L002,L063,True,True,31.890688783719977,31.890688783719977,0.0,1.0000000000000016,"L001,L002,L013,L024,L044,L045,L048,L054,L056,L057,L058,L060,L062,L063,L065,L068,L095,L102,L104,L105,L106,L109,L110,L111,L113,L114,L115,L121,L122,L125,L128,L129,L134,L140,L143,L147,L148,L149,L150,L151,L153,L154,L155,L156,L157,L158,L159,L160,L169,L176,L178,L179",52,1.0012800742672265,1.0012800742672265,0,,50,False,island_only,
1,20260708,L002->L064,L002,L064,True,False,0.0,0.0,0.0,1.0000000000000004,"L001,L002,L013,L024,L044,L045,L048,L054,L056,L057,L058,L060,L062,L064,L065,L068,L095,L102,L104,L105,L106,L109,L110,L111,L113,L114,L115,L121,L122,L125,L128,L129,L134,L140,L143,L147,L148,L149,L150,L151,L153,L154,L155,L156,L157,L158,L159,L160,L169,L176,L178,L179",52,0.907760868943612,0.907760868943612,0,,50,False,non_critical,
1,20260708,L002->L065,L002,L065,True,False,0.0,0.0,0.0,1.0000000000000016,"L001,L002,L013,L024,L044,L045,L048,L054,L056,L057,L058,L060,L062,L065,L068,L095,L102,L104,L105,L106,L109,L110,L111,L113,L114,L115,L121,L122,L125,L128,L129,L134,L140,L143,L147,L148,L149,L150,L151,L153,L154,L155,L156,L157,L158,L159,L160,L169,L176,L178,L179",51,0.907760868943612,0.907760868943612,0,,49,False,non_critical,
1,20260708,L002->L066,L002,L066,True,False,0.0,0.0,0.0,1.0000000000000004,"L001,L002,L013,L024,L044,L045,L048,L054,L056,L057,L058,L060,L062,L065,L066,L068,L095,L102,L104,L105,L106,L109,L110,L111,L113,L114,L115,L121,L122,L125,L128,L129,L134,L140,L143,L147,L148,L149,L150,L151,L153,L154,L155,L156,L157,L158,L159,L160,L169,L176,L178,L179",52,0.907760868943612,0.907760868943612,0,,50,False,non_critical,
1,20260708,L002->L067,L002,L067,True,False,0.0,0.0,0.0,1.0000000000000004,"L001,L002,L013,L024,L044,L045,L048,L054,L056,L057,L058,L060,L062,L065,L067,L068,L095,L102,L104,L105,L106,L109,L110,L111,L113,L114,L115,L121,L122,L125,L128,L129,L134,L140,L143,L147,L148,L149,L150,L151,L153,L154,L155,L156,L157,L158,L159,L160,L169,L176,L178,L179",52,0.907760868943612,0.907760868943612,0,,50,False,non_critical,
1,20260708,L002->L068,L002,L068,True,False,0.0,0.0,0.0,1.0000000000000016,"L001,L002,L013,L024,L044,L045,L048,L054,L056,L057,L058,L060,L062,L065,L068,L095,L102,L104,L105,L106,L109,L110,L111,L113,L114,L115,L121,L122,L125,L128,L129,L134,L140,L143,L147,L148,L149,L150,L151,L153,L154,L155,L156,L157,L158,L159,L160,L169,L176,L178,L179",51,0.907760868943612,0.907760868943612,0,,49,False,non_critical,
1,20260708,L002->L069,L002,L069,True,False,0.0,0.0,0.0,1.000000000000007,"L001,L002,L013,L024,L044,L045,L048,L054,L056,L057,L058,L060,L062,L065,L068,L069,L095,L102,L104,L105,L106,L109,L110,L111,L113,L114,L115,L121,L122,L125,L128,L129,L134,L140,L143,L147,L148,L149,L150,L151,L153,L154,L155,L156,L157,L158,L159,L160,L169,L176,L178,L179",52,0.907760868943612,0.907760868943612,0,,50,False,non_critical,
1,20260708,L002->L070,L002,L070,True,True,0.5319343809105259,0.0,0.5319343809105259,1.0000000000000007,"L001,L002,L013,L024,L044,L045,L048,L054,L056,L057,L058,L060,L062,L065,L068,L070,L095,L102,L104,L105,L106,L109,L110,L111,L113,L114,L115,L121,L122,L125,L128,L129,L134,L140,L143,L147,L148,L149,L150,L151,L153,L154,L155,L156,L157,L158,L159,L160,L169,L176,L178,L179",52,1.0186024115028665,1.0186024115028665,0,,50,False,island_only,
1,20260708,L002->L071,L002,L071,True,True,70.56694602954055,70.56694602954055,0.0,1.0000000000000004,"L001,L002,L013,L024,L044,L045,L048,L054,L056,L057,L058,L060,L062,L065,L068,L071,L074,L082,L095,L102,L104,L105,L106,L109,L110,L111,L113,L114,L115,L121,L122,L125,L128,L129,L134,L140,L143,L147,L148,L149,L150,L151,L153,L154,L155,L156,L157,L158,L159,L160,L169,L176,L178,L179",54,1.4614674653873845,1.4614674653873845,2,"L074,L082",52,True,relay_cascade,
1,20260708,L002->L072,L002,L072,True,True,42.88779933795389,42.88779933795389,0.0,1.0000000000000142,"L001,L002,L013,L024,L044,L045,L048,L054,L056,L057,L058,L060,L062,L065,L068,L072,L074,L095,L102,L104,L105,L106,L109,L110,L111,L113,L114,L115,L121,L122,L125,L128,L129,L134,L140,L143,L147,L148,L149,L150,L151,L153,L154,L155,L156,L157,L158,L159,L160,L169,L176,L178,L179",53,1.715511973518156,1.715511973518156,1,L074,51,True,relay_cascade,
1,20260708,L002->L073,L002,L073,True,False,0.0,0.0,0.0,1.0000000000000009,"L001,L002,L013,L024,L044,L045,L048,L054,L056,L057,L058,L060,L062,L065,L068,L073,L095,L102,L104,L105,L106,L109,L110,L111,L113,L114,L115,L121,L122,L125,L128,L129,L134,L140,L143,L147,L148,L149,L150,L151,L153,L154,L155,L156,L157,L158,L159,L160,L169,L176,L178,L179",52,0.9424906725532852,0.9424906725532852,0,,50,False,non_critical,
1,20260708,L002->L074,L002,L074,True,True,4.309181369423842,0.0,4.309181369423842,1.000000000000004,"L001,L002,L013,L024,L044,L045,L048,L054,L056,L057,L058,L060,L062,L065,L068,L074,L095,L102,L104,L105,L106,L109,L110,L111,L113,L114,L115,L121,L122,L125,L128,L129,L134,L140,L143,L147,L148,L149,L150,L151,L153,L154,L155,L156,L157,L158,L159,L160,L169,L176,L178,L179",52,1.1116986972664205,1.1116986972664205,0,,50,False,island_only,
1,20260708,L002->L075,L002,L075,True,False,0.0,0.0,0.0,1.0000000000000004,"L001,L002,L013,L024,L044,L045,L048,L054,L056,L057,L058,L060,L062,L065,L068,L075,L095,L102,L104,L105,L106,L109,L110,L111,L113,L114,L115,L121,L122,L125,L128,L129,L134,L140,L143,L147,L148,L149,L150,L151,L153,L154,L155,L156,L157,L158,L159,L160,L169,L176,L178,L179",52,0.907760868943612,0.907760868943612,0,,50,False,non_critical,
1,20260708,L002->L076,L002,L076,True,False,0.0,0.0,0.0,1.0000000000000004,"L001,L002,L013,L024,L044,L045,L048,L054,L056,L057,L058,L060,L062,L065,L068,L076,L095,L102,L104,L105,L106,L109,L110,L111,L113,L114,L115,L121,L122,L125,L128,L129,L134,L140,L143,L147,L148,L149,L150,L151,L153,L154,L155,L156,L157,L158,L159,L160,L169,L176,L178,L179",52,0.907760868943612,0.907760868943612,0,,50,False,non_critical,
1,20260708,L002->L077,L002,L077,True,False,0.0,0.0,0.0,1.0000000000000007,"L001,L002,L013,L024,L044,L045,L048,L054,L056,L057,L058,L060,L062,L065,L068,L077,L095,L102,L104,L105,L106,L109,L110,L111,L113,L114,L115,L121,L122,L125,L128,L129,L134,L140,L143,L147,L148,L149,L150,L151,L153,L154,L155,L156,L157,L158,L159,L160,L169,L176,L178,L179",52,0.907760868943612,0.907760868943612,0,,50,False,non_critical,
1,20260708,L002->L078,L002,L078,True,False,0.0,0.0,0.0,1.0000000000000004,"L001,L002,L013,L024,L044,L045,L048,L054,L056,L057,L058,L060,L062,L065,L068,L078,L095,L102,L104,L105,L106,L109,L110,L111,L113,L114,L115,L121,L122,L125,L128,L129,L134,L140,L143,L147,L148,L149,L150,L151,L153,L154,L155,L156,L157,L158,L159,L160,L169,L176,L178,L179",52,0.907760868943612,0.907760868943612,0,,50,False,non_critical,
1,20260708,L002->L079,L002,L079,True,False,0.0,0.0,0.0,1.0000000000000004,"L001,L002,L013,L024,L044,L045,L048,L054,L056,L057,L058,L060,L062,L065,L068,L079,L095,L102,L104,L105,L106,L109,L110,L111,L113,L114,L115,L121,L122,L125,L128,L129,L134,L140,L143,L147,L148,L149,L150,L151,L153,L154,L155,L156,L157,L158,L159,L160,L169,L176,L178,L179",52,0.907760868943612,0.907760868943612,0,,50,False,non_critical,
1,20260708,L002->L080,L002,L080,True,False,0.0,0.0,0.0,1.0000000000000007,"L001,L002,L013,L024,L044,L045,L048,L054,L056,L057,L058,L060,L062,L065,L068,L080,L095,L102,L104,L105,L106,L109,L110,L111,L113,L114,L115,L121,L122,L125,L128,L129,L134,L140,L143,L147,L148,L149,L150,L151,L153,L154,L155,L156,L157,L158,L159,L160,L169,L176,L178,L179",52,0.907760868943612,0.907760868943612,0,,50,False,non_critical,
1,20260708,L002->L081,L002,L081,True,False,0.0,0.0,0.0,1.0000000000000004,"L001,L002,L013,L024,L044,L045,L048,L054,L056,L057,L058,L060,L062,L065,L068,L081,L095,L102,L104,L105,L106,L109,L110,L111,L113,L114,L115,L121,L122,L125,L128,L129,L134,L140,L143,L147,L148,L149,L150,L151,L153,L154,L155,L156,L157,L158,L159,L160,L169,L176,L178,L179",52,0.907760868943612,0.907760868943612,0,,50,False,non_critical,
1,20260708,L002->L082,L002,L082,True,False,0.0,0.0,0.0,1.0000000000000107,"L001,L002,L013,L024,L044,L045,L048,L054,L056,L057,L058,L060,L062,L065,L068,L082,L095,L102,L104,L105,L106,L109,L110,L111,L113,L114,L115,L121,L122,L125,L128,L129,L134,L140,L143,L147,L148,L149,L150,L151,L153,L154,L155,L156,L157,L158,L159,L160,L169,L176,L178,L179",52,0.907760868943612,0.907760868943612,0,,50,False,non_critical,
1,20260708,L002->L083,L002,L083,True,False,0.0,0.0,0.0,1.000000000000004,"L001,L002,L013,L024,L044,L045,L048,L054,L056,L057,L058,L060,L062,L065,L068,L083,L095,L102,L104,L105,L106,L109,L110,L111,L113,L114,L115,L121,L122,L125,L128,L129,L134,L140,L143,L147,L148,L149,L150,L151,L153,L154,L155,L156,L157,L158,L159,L160,L169,L176,L178,L179",52,0.907760868943612,0.907760868943612,0,,50,False,non_critical,
1,20260708,L002->L084,L002,L084,True,False,0.0,0.0,0.0,1.000000000000007,"L001,L002,L013,L024,L044,L045,L048,L054,L056,L057,L058,L060,L062,L065,L068,L084,L095,L102,L104,L105,L106,L109,L110,L111,L113,L114,L115,L121,L122,L125,L128,L129,L134,L140,L143,L147,L148,L149,L150,L151,L153,L154,L155,L156,L157,L158,L159,L160,L169,L176,L178,L179",52,0.907760868943612,0.907760868943612,0,,50,False,non_critical,
1,20260708,L002->L085,L002,L085,True,False,0.0,0.0,0.0,1.0000000000000007,"L001,L002,L013,L024,L044,L045,L048,L054,L056,L057,L058,L060,L062,L065,L068,L085,L095,L102,L104,L105,L106,L109,L110,L111,L113,L114,L115,L121,L122,L125,L128,L129,L134,L140,L143,L147,L148,L149,L150,L151,L153,L154,L155,L156,L157,L158,L159,L160,L169,L176,L178,L179",52,0.907760868943612,0.907760868943612,0,,50,False,non_critical,
1,20260708,L002->L086,L002,L086,True,False,0.0,0.0,0.0,1.0000000000000007,"L001,L002,L013,L024,L044,L045,L048,L054,L056,L057,L058,L060,L062,L065,L068,L086,L095,L102,L104,L105,L106,L109,L110,L111,L113,L114,L115,L121,L122,L125,L128,L129,L134,L140,L143,L147,L148,L149,L150,L151,L153,L154,L155,L156,L157,L158,L159,L160,L169,L176,L178,L179",52,0.907760868943612,0.907760868943612,0,,50,False,non_critical,
1,20260708,L002->L087,L002,L087,True,False,0.0,0.0,0.0,1.0000000000000004,"L001,L002,L013,L024,L044,L045,L048,L054,L056,L057,L058,L060,L062,L065,L068,L087,L095,L102,L104,L105,L106,L109,L110,L111,L113,L114,L115,L121,L122,L125,L128,L129,L134,L140,L143,L147,L148,L149,L150,L151,L153,L154,L155,L156,L157,L158,L159,L160,L169,L176,L178,L179",52,0.907760868943612,0.907760868943612,0,,50,False,non_critical,
1,20260708,L002->L088,L002,L088,True,False,0.0,0.0,0.0,1.0000000000000009,"L001,L002,L013,L024,L044,L045,L048,L054,L056,L057,L058,L060,L062,L065,L068,L088,L095,L102,L104,L105,L106,L109,L110,L111,L113,L114,L115,L121,L122,L125,L128,L129,L134,L140,L143,L147,L148,L149,L150,L151,L153,L154,L155,L156,L157,L158,L159,L160,L169,L176,L178,L179",52,0.907760868943612,0.907760868943612,0,,50,False,non_critical,
1,20260708,L002->L089,L002,L089,True,False,0.0,0.0,0.0,1.000000000000004,"L001,L002,L013,L024,L044,L045,L048,L054,L056,L057,L058,L060,L062,L065,L068,L089,L095,L102,L104,L105,L106,L109,L110,L111,L113,L114,L115,L121,L122,L125,L128,L129,L134,L140,L143,L147,L148,L149,L150,L151,L153,L154,L155,L156,L157,L158,L159,L160,L169,L176,L178,L179",52,0.907760868943612,0.907760868943612,0,,50,False,non_critical,
1,20260708,L002->L090,L002,L090,True,True,79.79063950016115,79.79063950016115,0.0,1.0000000000000004,"L001,L002,L013,L024,L044,L045,L048,L054,L056,L057,L058,L060,L062,L065,L068,L088,L089,L090,L091,L092,L095,L102,L104,L105,L106,L109,L110,L111,L113,L114,L115,L121,L122,L125,L128,L129,L134,L140,L143,L147,L148,L149,L150,L151,L153,L154,L155,L156,L157,L158,L159,L160,L169,L176,L178,L179",56,3.1004958743301354,3.1004958743301354,4,"L088,L089,L091,L092",54,True,relay_cascade,
1,20260708,L002->L091,L002,L091,True,False,0.0,0.0,0.0,1.0000000000000007,"L001,L002,L013,L024,L044,L045,L048,L054,L056,L057,L058,L060,L062,L065,L068,L091,L095,L102,L104,L105,L106,L109,L110,L111,L113,L114,L115,L121,L122,L125,L128,L129,L134,L140,L143,L147,L148,L149,L150,L151,L153,L154,L155,L156,L157,L158,L159,L160,L169,L176,L178,L179",52,0.907760868943612,0.907760868943612,0,,50,False,non_critical,
1,20260708,L002->L092,L002,L092,True,False,0.0,0.0,0.0,1.000000000000004,"L001,L002,L013,L024,L044,L045,L048,L054,L056,L057,L058,L060,L062,L065,L068,L092,L095,L102,L104,L105,L106,L109,L110,L111,L113,L114,L115,L121,L122,L125,L128,L129,L134,L140,L143,L147,L148,L149,L150,L151,L153,L154,L155,L156,L157,L158,L159,L160,L169,L176,L178,L179",52,0.907760868943612,0.907760868943612,0,,50,False,non_critical,
1,20260708,L002->L093,L002,L093,True,False,0.0,0.0,0.0,1.0000000000000013,"L001,L002,L013,L024,L044,L045,L048,L054,L056,L057,L058,L060,L062,L065,L068,L091,L093,L095,L102,L104,L105,L106,L109,L110,L111,L113,L114,L115,L121,L122,L125,L128,L129,L134,L140,L143,L147,L148,L149,L150,L151,L153,L154,L155,L156,L157,L158,L159,L160,L169,L176,L178,L179",53,1.2420865043259806,1.2420865043259806,1,L091,51,True,non_critical,
1,20260708,L002->L094,L002,L094,True,False,0.0,0.0,0.0,1.0000000000000013,"L001,L002,L013,L024,L044,L045,L048,L054,L056,L057,L058,L060,L062,L065,L068,L091,L094,L095,L102,L104,L105,L106,L109,L110,L111,L113,L114,L115,L121,L122,L125,L128,L129,L134,L140,L143,L147,L148,L149,L150,L151,L153,L154,L155,L156,L157,L158,L159,L160,L169,L176,L178,L179",53,1.2420865043259788,1.2420865043259788,1,L091,51,True,non_critical,
1,20260708,L002->L095,L002,L095,True,False,0.0,0.0,0.0,1.0000000000000016,"L001,L002,L013,L024,L044,L045,L048,L054,L056,L057,L058,L060,L062,L065,L068,L095,L102,L104,L105,L106,L109,L110,L111,L113,L114,L115,L121,L122,L125,L128,L129,L134,L140,L143,L147,L148,L149,L150,L151,L153,L154,L155,L156,L157,L158,L159,L160,L169,L176,L178,L179",51,0.907760868943612,0.907760868943612,0,,49,False,non_critical,
1,20260708,L002->L096,L002,L096,True,False,0.0,0.0,0.0,1.0000000000000004,"L001,L002,L013,L024,L044,L045,L046,L048,L054,L056,L057,L058,L060,L062,L065,L068,L095,L096,L102,L104,L105,L106,L109,L110,L111,L113,L114,L115,L121,L122,L125,L128,L129,L134,L140,L143,L147,L148,L149,L150,L151,L153,L154,L155,L156,L157,L158,L159,L160,L169,L176,L178,L179",53,1.278984364889908,1.278984364889908,1,L046,51,True,non_critical,
1,20260708,L002->L097,L002,L097,True,False,0.0,0.0,0.0,1.0000000000000013,"L001,L002,L013,L024,L044,L045,L048,L054,L056,L057,L058,L060,L062,L065,L068,L091,L095,L097,L102,L104,L105,L106,L109,L110,L111,L113,L114,L115,L121,L122,L125,L128,L129,L134,L140,L143,L147,L148,L149,L150,L151,L153,L154,L155,L156,L157,L158,L159,L160,L169,L176,L178,L179",53,1.242086504325977,1.242086504325977,1,L091,51,True,non_critical,
1,20260708,L002->L098,L002,L098,True,False,0.0,0.0,0.0,1.0000000000000007,"L001,L002,L013,L024,L044,L045,L048,L054,L056,L057,L058,L060,L062,L065,L068,L095,L098,L102,L104,L105,L106,L109,L110,L111,L113,L114,L115,L121,L122,L125,L128,L129,L134,L140,L143,L147,L148,L149,L150,L151,L153,L154,L155,L156,L157,L158,L159,L160,L169,L176,L178,L179",52,0.907760868943612,0.907760868943612,0,,50,False,non_critical,
1,20260708,L002->L099,L002,L099,True,False,0.0,0.0,0.0,1.0000000000000007,"L001,L002,L013,L024,L044,L045,L048,L054,L056,L057,L058,L060,L062,L065,L068,L095,L099,L102,L104,L105,L106,L109,L110,L111,L113,L114,L115,L121,L122,L125,L128,L129,L134,L140,L143,L147,L148,L149,L150,L151,L153,L154,L155,L156,L157,L158,L159,L160,L169,L176,L178,L179",52,0.907760868943612,0.907760868943612,0,,50,False,non_critical,
1,20260708,L002->L100,L002,L100,True,False,0.0,0.0,0.0,1.0000000000000009,"L001,L002,L013,L024,L044,L045,L048,L054,L056,L057,L058,L060,L062,L065,L068,L095,L100,L102,L104,L105,L106,L109,L110,L111,L113,L114,L115,L121,L122,L125,L128,L129,L134,L140,L143,L147,L148,L149,L150,L151,L153,L154,L155,L156,L157,L158,L159,L160,L169,L176,L178,L179",52,0.907760868943612,0.907760868943612,0,,50,False,non_critical,
1,20260708,L002->L101,L002,L101,True,False,0.0,0.0,0.0,1.0000000000000004,"L001,L002,L013,L024,L044,L045,L048,L054,L056,L057,L058,L060,L062,L065,L068,L095,L101,L102,L104,L105,L106,L109,L110,L111,L113,L114,L115,L121,L122,L125,L128,L129,L134,L140,L143,L147,L148,L149,L150,L151,L153,L154,L155,L156,L157,L158,L159,L160,L169,L176,L178,L179",52,0.907760868943612,0.907760868943612,0,,50,False,non_critical,
1,20260708,L002->L102,L002,L102,True,False,0.0,0.0,0.0,1.0000000000000016,"L001,L002,L013,L024,L044,L045,L048,L054,L056,L057,L058,L060,L062,L065,L068,L095,L102,L104,L105,L106,L109,L110,L111,L113,L114,L115,L121,L122,L125,L128,L129,L134,L140,L143,L147,L148,L149,L150,L151,L153,L154,L155,L156,L157,L158,L159,L160,L169,L176,L178,L179",51,0.907760868943612,0.907760868943612,0,,49,False,non_critical,
1,20260708,L002->L103,L002,L103,True,False,0.0,0.0,0.0,1.0000000000000004,"L001,L002,L013,L024,L044,L045,L048,L054,L056,L057,L058,L060,L062,L065,L068,L095,L102,L103,L104,L105,L106,L109,L110,L111,L113,L114,L115,L121,L122,L125,L128,L129,L134,L140,L143,L147,L148,L149,L150,L151,L153,L154,L155,L156,L157,L158,L159,L160,L169,L176,L178,L179",52,0.9528411907056114,0.9528411907056114,0,,50,False,non_critical,
1,20260708,L002->L104,L002,L104,True,False,0.0,0.0,0.0,1.0000000000000016,"L001,L002,L013,L024,L044,L045,L048,L054,L056,L057,L058,L060,L062,L065,L068,L095,L102,L104,L105,L106,L109,L110,L111,L113,L114,L115,L121,L122,L125,L128,L129,L134,L140,L143,L147,L148,L149,L150,L151,L153,L154,L155,L156,L157,L158,L159,L160,L169,L176,L178,L179",51,0.907760868943612,0.907760868943612,0,,49,False,non_critical,
1,20260708,L002->L105,L002,L105,True,False,0.0,0.0,0.0,1.0000000000000016,"L001,L002,L013,L024,L044,L045,L048,L054,L056,L057,L058,L060,L062,L065,L068,L095,L102,L104,L105,L106,L109,L110,L111,L113,L114,L115,L121,L122,L125,L128,L129,L134,L140,L143,L147,L148,L149,L150,L151,L153,L154,L155,L156,L157,L158,L159,L160,L169,L176,L178,L179",51,0.907760868943612,0.907760868943612,0,,49,False,non_critical,
1,20260708,L002->L106,L002,L106,True,False,0.0,0.0,0.0,1.0000000000000016,"L001,L002,L013,L024,L044,L045,L048,L054,L056,L057,L058,L060,L062,L065,L068,L095,L102,L104,L105,L106,L109,L110,L111,L113,L114,L115,L121,L122,L125,L128,L129,L134,L140,L143,L147,L148,L149,L150,L151,L153,L154,L155,L156,L157,L158,L159,L160,L169,L176,L178,L179",51,0.907760868943612,0.907760868943612,0,,49,False,non_critical,
1,20260708,L002->L107,L002,L107,True,True,133.20008666716808,133.20008666716808,0.0,1.0000000000000016,"L001,L002,L013,L024,L044,L045,L048,L054,L056,L057,L058,L060,L062,L065,L068,L095,L102,L104,L105,L106,L107,L109,L110,L111,L113,L114,L115,L116,L119,L120,L121,L122,L125,L126,L127,L128,L129,L134,L140,L143,L147,L148,L149,L150,L151,L153,L154,L155,L156,L157,L158,L159,L160,L169,L176,L178,L179,L185,L186",59,3.103648196349388,3.103648196349388,7,"L116,L119,L120,L126,L127,L185,L186",57,True,relay_cascade,
1,20260708,L002->L108,L002,L108,True,False,0.0,0.0,0.0,1.0000000000000016,"L001,L002,L013,L024,L044,L045,L048,L054,L056,L057,L058,L060,L062,L065,L068,L095,L102,L104,L105,L106,L108,L109,L110,L111,L113,L114,L115,L121,L122,L125,L128,L129,L134,L140,L143,L147,L148,L149,L150,L151,L153,L154,L155,L156,L157,L158,L159,L160,L169,L176,L178,L179",52,0.907760868943612,0.907760868943612,0,,50,False,non_critical,
1,20260708,L002->L109,L002,L109,True,False,0.0,0.0,0.0,1.0000000000000016,"L001,L002,L013,L024,L044,L045,L048,L054,L056,L057,L058,L060,L062,L065,L068,L095,L102,L104,L105,L106,L109,L110,L111,L113,L114,L115,L121,L122,L125,L128,L129,L134,L140,L143,L147,L148,L149,L150,L151,L153,L154,L155,L156,L157,L158,L159,L160,L169,L176,L178,L179",51,0.907760868943612,0.907760868943612,0,,49,False,non_critical,
1,20260708,L002->L110,L002,L110,True,False,0.0,0.0,0.0,1.0000000000000016,"L001,L002,L013,L024,L044,L045,L048,L054,L056,L057,L058,L060,L062,L065,L068,L095,L102,L104,L105,L106,L109,L110,L111,L113,L114,L115,L121,L122,L125,L128,L129,L134,L140,L143,L147,L148,L149,L150,L151,L153,L154,L155,L156,L157,L158,L159,L160,L169,L176,L178,L179",51,0.907760868943612,0.907760868943612,0,,49,False,non_critical,
1,20260708,L002->L111,L002,L111,True,False,0.0,0.0,0.0,1.0000000000000016,"L001,L002,L013,L024,L044,L045,L048,L054,L056,L057,L058,L060,L062,L065,L068,L095,L102,L104,L105,L106,L109,L110,L111,L113,L114,L115,L121,L122,L125,L128,L129,L134,L140,L143,L147,L148,L149,L150,L151,L153,L154,L155,L156,L157,L158,L159,L160,L169,L176,L178,L179",51,0.907760868943612,0.907760868943612,0,,49,False,non_critical,
1,20260708,L002->L112,L002,L112,True,False,0.0,0.0,0.0,1.0000000000000016,"L001,L002,L013,L024,L044,L045,L048,L054,L056,L057,L058,L060,L062,L065,L068,L095,L102,L104,L105,L106,L109,L110,L111,L112,L113,L114,L115,L121,L122,L125,L128,L129,L134,L140,L143,L147,L148,L149,L150,L151,L153,L154,L155,L156,L157,L158,L159,L160,L169,L176,L178,L179",52,0.907760868943612,0.907760868943612,0,,50,False,non_critical,
1,20260708,L002->L113,L002,L113,True,False,0.0,0.0,0.0,1.0000000000000016,"L001,L002,L013,L024,L044,L045,L048,L054,L056,L057,L058,L060,L062,L065,L068,L095,L102,L104,L105,L106,L109,L110,L111,L113,L114,L115,L121,L122,L125,L128,L129,L134,L140,L143,L147,L148,L149,L150,L151,L153,L154,L155,L156,L157,L158,L159,L160,L169,L176,L178,L179",51,0.907760868943612,0.907760868943612,0,,49,False,non_critical,
1,20260708,L002->L114,L002,L114,True,False,0.0,0.0,0.0,1.0000000000000016,"L001,L002,L013,L024,L044,L045,L048,L054,L056,L057,L058,L060,L062,L065,L068,L095,L102,L104,L105,L106,L109,L110,L111,L113,L114,L115,L121,L122,L125,L128,L129,L134,L140,L143,L147,L148,L149,L150,L151,L153,L154,L155,L156,L157,L158,L159,L160,L169,L176,L178,L179",51,0.907760868943612,0.907760868943612,0,,49,False,non_critical,
1,20260708,L002->L115,L002,L115,True,False,0.0,0.0,0.0,1.0000000000000016,"L001,L002,L013,L024,L044,L045,L048,L054,L056,L057,L058,L060,L062,L065,L068,L095,L102,L104,L105,L106,L109,L110,L111,L113,L114,L115,L121,L122,L125,L128,L129,L134,L140,L143,L147,L148,L149,L150,L151,L153,L154,L155,L156,L157,L158,L159,L160,L169,L176,L178,L179",51,0.907760868943612,0.907760868943612,0,,49,False,non_critical,
1,20260708,L002->L116,L002,L116,True,True,51.84086026986975,51.84086026986975,0.0,1.0000000000000016,"L001,L002,L013,L024,L044,L045,L048,L054,L056,L057,L058,L060,L062,L065,L068,L095,L102,L104,L105,L106,L109,L110,L111,L113,L114,L115,L116,L120,L121,L122,L125,L128,L129,L134,L140,L143,L147,L148,L149,L150,L151,L153,L154,L155,L156,L157,L158,L159,L160,L169,L176,L178,L179,L186",54,1.8231351520053583,1.8231351520053583,2,"L120,L186",52,True,relay_cascade,
1,20260708,L002->L117,L002,L117,True,False,0.0,0.0,0.0,1.0000000000000016,"L001,L002,L013,L024,L044,L045,L048,L054,L056,L057,L058,L060,L062,L065,L068,L095,L102,L104,L105,L106,L109,L110,L111,L113,L114,L115,L117,L121,L122,L125,L128,L129,L134,L140,L143,L147,L148,L149,L150,L151,L153,L154,L155,L156,L157,L158,L159,L160,L169,L176,L178,L179",52,0.907760868943612,0.907760868943612,0,,50,False,non_critical,
1,20260708,L002->L118,L002,L118,True,False,0.0,0.0,0.0,1.0000000000000016,"L001,L002,L013,L024,L044,L045,L048,L054,L056,L057,L058,L060,L062,L065,L068,L095,L102,L104,L105,L106,L109,L110,L111,L113,L114,L115,L118,L121,L122,L125,L128,L129,L134,L140,L143,L147,L148,L149,L150,L151,L153,L154,L155,L156,L157,L158,L159,L160,L169,L176,L178,L179",52,1.195972374069808,1.195972374069808,0,,50,False,non_critical,
1,20260708,L002->L119,L002,L119,True,False,0.0,0.0,0.0,1.0000000000000016,"L001,L002,L013,L024,L044,L045,L048,L054,L056,L057,L058,L060,L062,L065,L068,L095,L102,L104,L105,L106,L109,L110,L111,L113,L114,L115,L119,L121,L122,L125,L128,L129,L134,L140,L143,L147,L148,L149,L150,L151,L153,L154,L155,L156,L157,L158,L159,L160,L169,L176,L178,L179",52,1.0610387813320947,1.0610387813320947,0,,50,False,non_critical,
1,20260708,L002->L120,L002,L120,True,False,0.0,0.0,0.0,1.0000000000000016,"L001,L002,L013,L024,L044,L045,L048,L054,L056,L057,L058,L060,L062,L065,L068,L095,L102,L104,L105,L106,L109,L110,L111,L113,L114,L115,L120,L121,L122,L125,L128,L129,L134,L140,L143,L147,L148,L149,L150,L151,L153,L154,L155,L156,L157,L158,L159,L160,L169,L176,L178,L179",52,0.907760868943612,0.907760868943612,0,,50,False,non_critical,
1,20260708,L002->L121,L002,L121,True,False,0.0,0.0,0.0,1.0000000000000016,"L001,L002,L013,L024,L044,L045,L048,L054,L056,L057,L058,L060,L062,L065,L068,L095,L102,L104,L105,L106,L109,L110,L111,L113,L114,L115,L121,L122,L125,L128,L129,L134,L140,L143,L147,L148,L149,L150,L151,L153,L154,L155,L156,L157,L158,L159,L160,L169,L176,L178,L179",51,0.907760868943612,0.907760868943612,0,,49,False,non_critical,
1,20260708,L002->L122,L002,L122,True,False,0.0,0.0,0.0,1.0000000000000016,"L001,L002,L013,L024,L044,L045,L048,L054,L056,L057,L058,L060,L062,L065,L068,L095,L102,L104,L105,L106,L109,L110,L111,L113,L114,L115,L121,L122,L125,L128,L129,L134,L140,L143,L147,L148,L149,L150,L151,L153,L154,L155,L156,L157,L158,L159,L160,L169,L176,L178,L179",51,0.907760868943612,0.907760868943612,0,,49,False,non_critical,
1,20260708,L002->L123,L002,L123,True,False,0.0,0.0,0.0,1.0000000000000016,"L001,L002,L013,L024,L044,L045,L048,L054,L056,L057,L058,L060,L062,L065,L068,L095,L102,L104,L105,L106,L109,L110,L111,L113,L114,L115,L121,L122,L123,L125,L128,L129,L134,L140,L143,L147,L148,L149,L150,L151,L153,L154,L155,L156,L157,L158,L159,L160,L169,L176,L178,L179",52,0.907760868943612,0.907760868943612,0,,50,False,non_critical,
1,20260708,L002->L124,L002,L124,True,False,0.0,0.0,0.0,1.0000000000000016,"L001,L002,L013,L024,L044,L045,L048,L054,L056,L057,L058,L060,L062,L065,L068,L095,L102,L104,L105,L106,L109,L110,L111,L113,L114,L115,L121,L122,L124,L125,L128,L129,L134,L140,L143,L147,L148,L149,L150,L151,L153,L154,L155,L156,L157,L158,L159,L160,L169,L176,L178,L179",52,0.907760868943612,0.907760868943612,0,,50,False,non_critical,
1,20260708,L002->L125,L002,L125,True,False,0.0,0.0,0.0,1.0000000000000016,"L001,L002,L013,L024,L044,L045,L048,L054,L056,L057,L058,L060,L062,L065,L068,L095,L102,L104,L105,L106,L109,L110,L111,L113,L114,L115,L121,L122,L125,L128,L129,L134,L140,L143,L147,L148,L149,L150,L151,L153,L154,L155,L156,L157,L158,L159,L160,L169,L176,L178,L179",51,0.907760868943612,0.907760868943612,0,,49,False,non_critical,
1,20260708,L002->L126,L002,L126,True,False,0.0,0.0,0.0,1.0000000000000016,"L001,L002,L013,L024,L044,L045,L048,L054,L056,L057,L058,L060,L062,L065,L068,L095,L102,L104,L105,L106,L109,L110,L111,L113,L114,L115,L121,L122,L125,L126,L128,L129,L134,L140,L143,L147,L148,L149,L150,L151,L153,L154,L155,L156,L157,L158,L159,L160,L169,L176,L178,L179",52,0.9226708303394434,0.9226708303394434,0,,50,False,non_critical,
1,20260708,L002->L127,L002,L127,True,False,0.0,0.0,0.0,1.0000000000000016,"L001,L002,L013,L024,L044,L045,L048,L054,L056,L057,L058,L060,L062,L065,L068,L095,L102,L104,L105,L106,L109,L110,L111,L113,L114,L115,L121,L122,L125,L127,L128,L129,L134,L140,L143,L147,L148,L149,L150,L151,L153,L154,L155,L156,L157,L158,L159,L160,L169,L176,L178,L179",52,0.9226708303394434,0.9226708303394434,0,,50,False,non_critical,
1,20260708,L002->L128,L002,L128,True,False,0.0,0.0,0.0,1.0000000000000016,"L001,L002,L013,L024,L044,L045,L048,L054,L056,L057,L058,L060,L062,L065,L068,L095,L102,L104,L105,L106,L109,L110,L111,L113,L114,L115,L121,L122,L125,L128,L129,L134,L140,L143,L147,L148,L149,L150,L151,L153,L154,L155,L156,L157,L158,L159,L160,L169,L176,L178,L179",51,0.907760868943612,0.907760868943612,0,,49,False,non_critical,
1,20260708,L002->L129,L002,L129,True,False,0.0,0.0,0.0,1.0000000000000016,"L001,L002,L013,L024,L044,L045,L048,L054,L056,L057,L058,L060,L062,L065,L068,L095,L102,L104,L105,L106,L109,L110,L111,L113,L114,L115,L121,L122,L125,L128,L129,L134,L140,L143,L147,L148,L149,L150,L151,L153,L154,L155,L156,L157,L158,L159,L160,L169,L176,L178,L179",51,0.907760868943612,0.907760868943612,0,,49,False,non_critical,
1,20260708,L002->L130,L002,L130,True,False,0.0,0.0,0.0,1.0000000000000016,"L001,L002,L013,L024,L044,L045,L048,L054,L056,L057,L058,L060,L062,L065,L068,L095,L102,L104,L105,L106,L109,L110,L111,L113,L114,L115,L121,L122,L125,L128,L129,L130,L134,L140,L143,L147,L148,L149,L150,L151,L153,L154,L155,L156,L157,L158,L159,L160,L169,L176,L178,L179",52,0.907760868943612,0.907760868943612,0,,50,False,non_critical,
1,20260708,L002->L131,L002,L131,True,False,0.0,0.0,0.0,1.0000000000000016,"L001,L002,L013,L024,L044,L045,L048,L054,L056,L057,L058,L060,L062,L065,L068,L095,L102,L104,L105,L106,L109,L110,L111,L113,L114,L115,L121,L122,L125,L128,L129,L131,L134,L140,L143,L147,L148,L149,L150,L151,L153,L154,L155,L156,L157,L158,L159,L160,L169,L176,L178,L179",52,0.907760868943612,0.907760868943612,0,,50,False,non_critical,
1,20260708,L002->L132,L002,L132,True,False,0.0,0.0,0.0,1.0000000000000016,"L001,L002,L013,L024,L044,L045,L048,L054,L056,L057,L058,L060,L062,L065,L068,L095,L102,L104,L105,L106,L109,L110,L111,L113,L114,L115,L121,L122,L125,L128,L129,L132,L134,L140,L143,L147,L148,L149,L150,L151,L153,L154,L155,L156,L157,L158,L159,L160,L169,L176,L178,L179",52,0.907760868943612,0.907760868943612,0,,50,False,non_critical,
1,20260708,L002->L133,L002,L133,True,True,20.77635989697293,20.77635989697293,0.0,1.0000000000000016,"L001,L002,L013,L024,L044,L045,L048,L054,L056,L057,L058,L060,L062,L065,L068,L095,L102,L104,L105,L106,L109,L110,L111,L113,L114,L115,L121,L122,L125,L128,L129,L133,L134,L140,L143,L147,L148,L149,L150,L151,L153,L154,L155,L156,L157,L158,L159,L160,L169,L176,L178,L179",52,0.907760868943612,0.907760868943612,0,,50,False,island_only,
1,20260708,L002->L134,L002,L134,True,False,0.0,0.0,0.0,1.0000000000000016,"L001,L002,L013,L024,L044,L045,L048,L054,L056,L057,L058,L060,L062,L065,L068,L095,L102,L104,L105,L106,L109,L110,L111,L113,L114,L115,L121,L122,L125,L128,L129,L134,L140,L143,L147,L148,L149,L150,L151,L153,L154,L155,L156,L157,L158,L159,L160,L169,L176,L178,L179",51,0.907760868943612,0.907760868943612,0,,49,False,non_critical,
1,20260708,L002->L135,L002,L135,True,False,0.0,0.0,0.0,1.0000000000000016,"L001,L002,L013,L024,L044,L045,L048,L054,L056,L057,L058,L060,L062,L065,L068,L095,L102,L104,L105,L106,L109,L110,L111,L113,L114,L115,L121,L122,L125,L128,L129,L134,L135,L140,L143,L147,L148,L149,L150,L151,L153,L154,L155,L156,L157,L158,L159,L160,L169,L176,L178,L179",52,0.907760868943612,0.907760868943612,0,,50,False,non_critical,
1,20260708,L002->L136,L002,L136,True,False,0.0,0.0,0.0,1.0000000000000016,"L001,L002,L013,L024,L044,L045,L048,L054,L056,L057,L058,L060,L062,L065,L068,L095,L102,L104,L105,L106,L109,L110,L111,L113,L114,L115,L121,L122,L125,L128,L129,L134,L136,L140,L143,L147,L148,L149,L150,L151,L153,L154,L155,L156,L157,L158,L159,L160,L169,L176,L178,L179",52,0.907760868943612,0.907760868943612,0,,50,False,non_critical,
1,20260708,L002->L137,L002,L137,True,False,0.0,0.0,0.0,1.0000000000000016,"L001,L002,L013,L024,L044,L045,L048,L054,L056,L057,L058,L060,L062,L065,L068,L095,L102,L104,L105,L106,L109,L110,L111,L113,L114,L115,L121,L122,L125,L128,L129,L134,L137,L140,L143,L147,L148,L149,L150,L151,L153,L154,L155,L156,L157,L158,L159,L160,L169,L176,L178,L179",52,0.907760868943612,0.907760868943612,0,,50,False,non_critical,
1,20260708,L002->L138,L002,L138,True,False,0.0,0.0,0.0,1.0000000000000016,"L001,L002,L013,L024,L044,L045,L048,L054,L056,L057,L058,L060,L062,L065,L068,L095,L102,L104,L105,L106,L109,L110,L111,L113,L114,L115,L121,L122,L125,L128,L129,L134,L138,L140,L143,L147,L148,L149,L150,L151,L153,L154,L155,L156,L157,L158,L159,L160,L169,L176,L178,L179",52,0.907760868943612,0.907760868943612,0,,50,False,non_critical,
1,20260708,L002->L139,L002,L139,True,True,77.6308591827266,77.6308591827266,0.0,1.0000000000000016,"L001,L002,L013,L024,L044,L045,L048,L054,L056,L057,L058,L060,L062,L065,L068,L095,L102,L104,L105,L106,L109,L110,L111,L113,L114,L115,L121,L122,L125,L128,L129,L134,L138,L139,L140,L143,L147,L148,L149,L150,L151,L153,L154,L155,L156,L157,L158,L159,L160,L169,L176,L178,L179",53,1.7113693009372688,1.7113693009372688,1,L138,51,True,relay_cascade,
1,20260708,L002->L140,L002,L140,True,False,0.0,0.0,0.0,1.0000000000000016,"L001,L002,L013,L024,L044,L045,L048,L054,L056,L057,L058,L060,L062,L065,L068,L095,L102,L104,L105,L106,L109,L110,L111,L113,L114,L115,L121,L122,L125,L128,L129,L134,L140,L143,L147,L148,L149,L150,L151,L153,L154,L155,L156,L157,L158,L159,L160,L169,L176,L178,L179",51,0.907760868943612,0.907760868943612,0,,49,False,non_critical,
1,20260708,L002->L141,L002,L141,True,False,0.0,0.0,0.0,1.0000000000000016,"L001,L002,L013,L024,L044,L045,L048,L054,L056,L057,L058,L060,L062,L065,L068,L095,L102,L104,L105,L106,L109,L110,L111,L113,L114,L115,L121,L122,L125,L128,L129,L134,L140,L141,L143,L147,L148,L149,L150,L151,L153,L154,L155,L156,L157,L158,L159,L160,L169,L176,L178,L179",52,1.1674640338446975,1.1674640338446975,0,,50,False,non_critical,
1,20260708,L002->L142,L002,L142,True,False,0.0,0.0,0.0,1.0000000000000016,"L001,L002,L013,L024,L044,L045,L048,L054,L056,L057,L058,L060,L062,L065,L068,L095,L102,L104,L105,L106,L109,L110,L111,L113,L114,L115,L121,L122,L125,L128,L129,L134,L140,L142,L143,L147,L148,L149,L150,L151,L153,L154,L155,L156,L157,L158,L159,L160,L169,L176,L178,L179",52,0.907760868943612,0.907760868943612,0,,50,False,non_critical,
1,20260708,L002->L143,L002,L143,True,False,0.0,0.0,0.0,1.0000000000000016,"L001,L002,L013,L024,L044,L045,L048,L054,L056,L057,L058,L060,L062,L065,L068,L095,L102,L104,L105,L106,L109,L110,L111,L113,L114,L115,L121,L122,L125,L128,L129,L134,L140,L143,L147,L148,L149,L150,L151,L153,L154,L155,L156,L157,L158,L159,L160,L169,L176,L178,L179",51,0.907760868943612,0.907760868943612,0,,49,False,non_critical,
1,20260708,L002->L144,L002,L144,True,False,0.0,0.0,0.0,1.0000000000000016,"L001,L002,L013,L024,L044,L045,L048,L054,L056,L057,L058,L060,L062,L065,L068,L095,L102,L104,L105,L106,L109,L110,L111,L113,L114,L115,L121,L122,L125,L128,L129,L134,L140,L143,L144,L147,L148,L149,L150,L151,L153,L154,L155,L156,L157,L158,L159,L160,L169,L176,L178,L179",52,0.907760868943612,0.907760868943612,0,,50,False,non_critical,
1,20260708,L002->L145,L002,L145,True,False,0.0,0.0,0.0,1.0000000000000016,"L001,L002,L013,L024,L044,L045,L048,L054,L056,L057,L058,L060,L062,L065,L068,L095,L102,L104,L105,L106,L109,L110,L111,L113,L114,L115,L121,L122,L125,L128,L129,L134,L140,L143,L145,L147,L148,L149,L150,L151,L153,L154,L155,L156,L157,L158,L159,L160,L169,L176,L178,L179",52,0.907760868943612,0.907760868943612,0,,50,False,non_critical,
1,20260708,L002->L146,L002,L146,True,False,0.0,0.0,0.0,1.0000000000000016,"L001,L002,L013,L024,L044,L045,L048,L054,L056,L057,L058,L060,L062,L065,L068,L095,L102,L104,L105,L106,L109,L110,L111,L113,L114,L115,L121,L122,L125,L128,L129,L134,L140,L143,L146,L147,L148,L149,L150,L151,L153,L154,L155,L156,L157,L158,L159,L160,L169,L176,L178,L179",52,0.907760868943612,0.907760868943612,0,,50,False,non_critical,
1,20260708,L002->L147,L002,L147,True,False,0.0,0.0,0.0,1.0000000000000016,"L001,L002,L013,L024,L044,L045,L048,L054,L056,L057,L058,L060,L062,L065,L068,L095,L102,L104,L105,L106,L109,L110,L111,L113,L114,L115,L121,L122,L125,L128,L129,L134,L140,L143,L147,L148,L149,L150,L151,L153,L154,L155,L156,L157,L158,L159,L160,L169,L176,L178,L179",51,0.907760868943612,0.907760868943612,0,,49,False,non_critical,
1,20260708,L002->L148,L002,L148,True,False,0.0,0.0,0.0,1.0000000000000016,"L001,L002,L013,L024,L044,L045,L048,L054,L056,L057,L058,L060,L062,L065,L068,L095,L102,L104,L105,L106,L109,L110,L111,L113,L114,L115,L121,L122,L125,L128,L129,L134,L140,L143,L147,L148,L149,L150,L151,L153,L154,L155,L156,L157,L158,L159,L160,L169,L176,L178,L179",51,0.907760868943612,0.907760868943612,0,,49,False,non_critical,
1,20260708,L002->L149,L002,L149,True,False,0.0,0.0,0.0,1.0000000000000016,"L001,L002,L013,L024,L044,L045,L048,L054,L056,L057,L058,L060,L062,L065,L068,L095,L102,L104,L105,L106,L109,L110,L111,L113,L114,L115,L121,L122,L125,L128,L129,L134,L140,L143,L147,L148,L149,L150,L151,L153,L154,L155,L156,L157,L158,L159,L160,L169,L176,L178,L179",51,0.907760868943612,0.907760868943612,0,,49,False,non_critical,
1,20260708,L002->L150,L002,L150,True,False,0.0,0.0,0.0,1.0000000000000016,"L001,L002,L013,L024,L044,L045,L048,L054,L056,L057,L058,L060,L062,L065,L068,L095,L102,L104,L105,L106,L109,L110,L111,L113,L114,L115,L121,L122,L125,L128,L129,L134,L140,L143,L147,L148,L149,L150,L151,L153,L154,L155,L156,L157,L158,L159,L160,L169,L176,L178,L179",51,0.907760868943612,0.907760868943612,0,,49,False,non_critical,
1,20260708,L002->L151,L002,L151,True,False,0.0,0.0,0.0,1.0000000000000016,"L001,L002,L013,L024,L044,L045,L048,L054,L056,L057,L058,L060,L062,L065,L068,L095,L102,L104,L105,L106,L109,L110,L111,L113,L114,L115,L121,L122,L125,L128,L129,L134,L140,L143,L147,L148,L149,L150,L151,L153,L154,L155,L156,L157,L158,L159,L160,L169,L176,L178,L179",51,0.907760868943612,0.907760868943612,0,,49,False,non_critical,
1,20260708,L002->L152,L002,L152,True,True,31.05817161312981,31.05817161312981,0.0,1.0000000000000016,"L001,L002,L013,L024,L044,L045,L048,L054,L056,L057,L058,L060,L062,L065,L068,L095,L102,L104,L105,L106,L109,L110,L111,L113,L114,L115,L121,L122,L125,L128,L129,L134,L140,L143,L147,L148,L149,L150,L151,L152,L153,L154,L155,L156,L157,L158,L159,L160,L169,L176,L178,L179",52,0.8992640081252965,0.8992640081252965,0,,50,False,island_only,
1,20260708,L002->L153,L002,L153,True,False,0.0,0.0,0.0,1.0000000000000016,"L001,L002,L013,L024,L044,L045,L048,L054,L056,L057,L058,L060,L062,L065,L068,L095,L102,L104,L105,L106,L109,L110,L111,L113,L114,L115,L121,L122,L125,L128,L129,L134,L140,L143,L147,L148,L149,L150,L151,L153,L154,L155,L156,L157,L158,L159,L160,L169,L176,L178,L179",51,0.907760868943612,0.907760868943612,0,,49,False,non_critical,
1,20260708,L002->L154,L002,L154,True,False,0.0,0.0,0.0,1.0000000000000016,"L001,L002,L013,L024,L044,L045,L048,L054,L056,L057,L058,L060,L062,L065,L068,L095,L102,L104,L105,L106,L109,L110,L111,L113,L114,L115,L121,L122,L125,L128,L129,L134,L140,L143,L147,L148,L149,L150,L151,L153,L154,L155,L156,L157,L158,L159,L160,L169,L176,L178,L179",51,0.907760868943612,0.907760868943612,0,,49,False,non_critical,
1,20260708,L002->L155,L002,L155,True,False,0.0,0.0,0.0,1.0000000000000016,"L001,L002,L013,L024,L044,L045,L048,L054,L056,L057,L058,L060,L062,L065,L068,L095,L102,L104,L105,L106,L109,L110,L111,L113,L114,L115,L121,L122,L125,L128,L129,L134,L140,L143,L147,L148,L149,L150,L151,L153,L154,L155,L156,L157,L158,L159,L160,L169,L176,L178,L179",51,0.907760868943612,0.907760868943612,0,,49,False,non_critical,
1,20260708,L002->L156,L002,L156,True,False,0.0,0.0,0.0,1.0000000000000016,"L001,L002,L013,L024,L044,L045,L048,L054,L056,L057,L058,L060,L062,L065,L068,L095,L102,L104,L105,L106,L109,L110,L111,L113,L114,L115,L121,L122,L125,L128,L129,L134,L140,L143,L147,L148,L149,L150,L151,L153,L154,L155,L156,L157,L158,L159,L160,L169,L176,L178,L179",51,0.907760868943612,0.907760868943612,0,,49,False,non_critical,
1,20260708,L002->L157,L002,L157,True,False,0.0,0.0,0.0,1.0000000000000016,"L001,L002,L013,L024,L044,L045,L048,L054,L056,L057,L058,L060,L062,L065,L068,L095,L102,L104,L105,L106,L109,L110,L111,L113,L114,L115,L121,L122,L125,L128,L129,L134,L140,L143,L147,L148,L149,L150,L151,L153,L154,L155,L156,L157,L158,L159,L160,L169,L176,L178,L179",51,0.907760868943612,0.907760868943612,0,,49,False,non_critical,
1,20260708,L002->L158,L002,L158,True,False,0.0,0.0,0.0,1.0000000000000016,"L001,L002,L013,L024,L044,L045,L048,L054,L056,L057,L058,L060,L062,L065,L068,L095,L102,L104,L105,L106,L109,L110,L111,L113,L114,L115,L121,L122,L125,L128,L129,L134,L140,L143,L147,L148,L149,L150,L151,L153,L154,L155,L156,L157,L158,L159,L160,L169,L176,L178,L179",51,0.907760868943612,0.907760868943612,0,,49,False,non_critical,
1,20260708,L002->L159,L002,L159,True,False,0.0,0.0,0.0,1.0000000000000016,"L001,L002,L013,L024,L044,L045,L048,L054,L056,L057,L058,L060,L062,L065,L068,L095,L102,L104,L105,L106,L109,L110,L111,L113,L114,L115,L121,L122,L125,L128,L129,L134,L140,L143,L147,L148,L149,L150,L151,L153,L154,L155,L156,L157,L158,L159,L160,L169,L176,L178,L179",51,0.907760868943612,0.907760868943612,0,,49,False,non_critical,
1,20260708,L002->L160,L002,L160,True,False,0.0,0.0,0.0,1.0000000000000016,"L001,L002,L013,L024,L044,L045,L048,L054,L056,L057,L058,L060,L062,L065,L068,L095,L102,L104,L105,L106,L109,L110,L111,L113,L114,L115,L121,L122,L125,L128,L129,L134,L140,L143,L147,L148,L149,L150,L151,L153,L154,L155,L156,L157,L158,L159,L160,L169,L176,L178,L179",51,0.907760868943612,0.907760868943612,0,,49,False,non_critical,
1,20260708,L002->L161,L002,L161,True,True,25.8591841142224,25.8591841142224,0.0,1.0000000000000016,"L001,L002,L013,L024,L044,L045,L048,L054,L056,L057,L058,L060,L062,L065,L068,L095,L102,L104,L105,L106,L109,L110,L111,L113,L114,L115,L121,L122,L125,L128,L129,L134,L140,L143,L147,L148,L149,L150,L151,L153,L154,L155,L156,L157,L158,L159,L160,L161,L169,L176,L178,L179",52,0.907760868943612,0.907760868943612,0,,50,False,island_only,
1,20260708,L002->L162,L002,L162,True,True,20.98550075696534,20.98550075696534,0.0,1.0000000000000016,"L001,L002,L013,L024,L044,L045,L048,L054,L056,L057,L058,L060,L062,L065,L068,L095,L102,L104,L105,L106,L109,L110,L111,L113,L114,L115,L121,L122,L125,L128,L129,L134,L140,L143,L147,L148,L149,L150,L151,L153,L154,L155,L156,L157,L158,L159,L160,L162,L169,L176,L178,L179",52,0.907760868943612,0.907760868943612,0,,50,False,island_only,
1,20260708,L002->L163,L002,L163,True,False,0.0,0.0,0.0,1.0000000000000016,"L001,L002,L013,L024,L044,L045,L048,L054,L056,L057,L058,L060,L062,L065,L068,L095,L102,L104,L105,L106,L109,L110,L111,L113,L114,L115,L121,L122,L125,L128,L129,L134,L140,L143,L147,L148,L149,L150,L151,L153,L154,L155,L156,L157,L158,L159,L160,L163,L169,L176,L178,L179",52,0.907760868943612,0.907760868943612,0,,50,False,non_critical,
1,20260708,L002->L164,L002,L164,True,False,0.0,0.0,0.0,1.0000000000000016,"L001,L002,L013,L024,L044,L045,L048,L054,L056,L057,L058,L060,L062,L065,L068,L095,L102,L104,L105,L106,L109,L110,L111,L113,L114,L115,L121,L122,L125,L128,L129,L134,L140,L143,L147,L148,L149,L150,L151,L153,L154,L155,L156,L157,L158,L159,L160,L164,L169,L176,L178,L179",52,0.907760868943612,0.907760868943612,0,,50,False,non_critical,
1,20260708,L002->L165,L002,L165,True,False,0.0,0.0,0.0,1.0000000000000016,"L001,L002,L013,L024,L044,L045,L048,L054,L056,L057,L058,L060,L062,L065,L068,L095,L102,L104,L105,L106,L109,L110,L111,L113,L114,L115,L121,L122,L125,L128,L129,L134,L140,L143,L147,L148,L149,L150,L151,L153,L154,L155,L156,L157,L158,L159,L160,L165,L169,L176,L178,L179",52,0.907760868943612,0.907760868943612,0,,50,False,non_critical,
1,20260708,L002->L166,L002,L166,True,False,0.0,0.0,0.0,1.0000000000000016,"L001,L002,L013,L024,L044,L045,L048,L054,L056,L057,L058,L060,L062,L065,L068,L095,L102,L104,L105,L106,L109,L110,L111,L113,L114,L115,L121,L122,L125,L128,L129,L134,L140,L143,L147,L148,L149,L150,L151,L153,L154,L155,L156,L157,L158,L159,L160,L166,L169,L176,L178,L179",52,0.907760868943612,0.907760868943612,0,,50,False,non_critical,
1,20260708,L002->L167,L002,L167,True,True,39.93965156942781,39.93965156942781,0.0,1.0000000000000016,"L001,L002,L013,L024,L044,L045,L048,L054,L056,L057,L058,L060,L062,L065,L068,L095,L102,L104,L105,L106,L109,L110,L111,L113,L114,L115,L121,L122,L125,L128,L129,L134,L140,L143,L147,L148,L149,L150,L151,L153,L154,L155,L156,L157,L158,L159,L160,L167,L169,L170,L172,L176,L178,L179",54,1.6857387674338804,1.6857387674338804,2,"L170,L172",52,True,relay_cascade,
1,20260708,L002->L168,L002,L168,True,False,0.0,0.0,0.0,1.0000000000000016,"L001,L002,L013,L024,L044,L045,L048,L054,L056,L057,L058,L060,L062,L065,L068,L095,L102,L104,L105,L106,L109,L110,L111,L113,L114,L115,L121,L122,L125,L128,L129,L134,L140,L143,L147,L148,L149,L150,L151,L153,L154,L155,L156,L157,L158,L159,L160,L168,L169,L176,L178,L179",52,0.907760868943612,0.907760868943612,0,,50,False,non_critical,
1,20260708,L002->L169,L002,L169,True,False,0.0,0.0,0.0,1.0000000000000016,"L001,L002,L013,L024,L044,L045,L048,L054,L056,L057,L058,L060,L062,L065,L068,L095,L102,L104,L105,L106,L109,L110,L111,L113,L114,L115,L121,L122,L125,L128,L129,L134,L140,L143,L147,L148,L149,L150,L151,L153,L154,L155,L156,L157,L158,L159,L160,L169,L176,L178,L179",51,0.907760868943612,0.907760868943612,0,,49,False,non_critical,
1,20260708,L002->L170,L002,L170,True,False,0.0,0.0,0.0,1.0000000000000016,"L001,L002,L013,L024,L044,L045,L048,L054,L056,L057,L058,L060,L062,L065,L068,L095,L102,L104,L105,L106,L109,L110,L111,L113,L114,L115,L121,L122,L125,L128,L129,L134,L140,L143,L147,L148,L149,L150,L151,L153,L154,L155,L156,L157,L158,L159,L160,L169,L170,L176,L178,L179",52,0.907760868943612,0.907760868943612,0,,50,False,non_critical,
1,20260708,L002->L171,L002,L171,True,False,0.0,0.0,0.0,1.0000000000000016,"L001,L002,L013,L024,L044,L045,L048,L054,L056,L057,L058,L060,L062,L065,L068,L095,L102,L104,L105,L106,L109,L110,L111,L113,L114,L115,L121,L122,L125,L128,L129,L134,L140,L143,L147,L148,L149,L150,L151,L153,L154,L155,L156,L157,L158,L159,L160,L169,L171,L176,L178,L179",52,0.907760868943612,0.907760868943612,0,,50,False,non_critical,
1,20260708,L002->L172,L002,L172,True,False,0.0,0.0,0.0,1.0000000000000016,"L001,L002,L013,L024,L044,L045,L048,L054,L056,L057,L058,L060,L062,L065,L068,L095,L102,L104,L105,L106,L109,L110,L111,L113,L114,L115,L121,L122,L125,L128,L129,L134,L140,L143,L147,L148,L149,L150,L151,L153,L154,L155,L156,L157,L158,L159,L160,L169,L172,L176,L178,L179",52,0.907760868943612,0.907760868943612,0,,50,False,non_critical,
1,20260708,L002->L173,L002,L173,True,False,0.0,0.0,0.0,1.0000000000000016,"L001,L002,L013,L024,L044,L045,L048,L054,L056,L057,L058,L060,L062,L065,L068,L095,L102,L104,L105,L106,L109,L110,L111,L113,L114,L115,L121,L122,L125,L128,L129,L134,L140,L143,L147,L148,L149,L150,L151,L153,L154,L155,L156,L157,L158,L159,L160,L169,L173,L176,L178,L179",52,0.907760868943612,0.907760868943612,0,,50,False,non_critical,
1,20260708,L002->L174,L002,L174,True,True,9.132961630471216,9.132961630471216,0.0,1.0000000000000016,"L001,L002,L013,L024,L044,L045,L048,L054,L056,L057,L058,L060,L062,L065,L068,L095,L102,L104,L105,L106,L109,L110,L111,L113,L114,L115,L121,L122,L125,L128,L129,L134,L140,L143,L147,L148,L149,L150,L151,L153,L154,L155,L156,L157,L158,L159,L160,L169,L171,L173,L174,L175,L176,L178,L179",55,1.655623153978808,1.655623153978808,3,"L171,L173,L175",53,True,relay_cascade,
1,20260708,L002->L175,L002,L175,True,False,0.0,0.0,0.0,1.0000000000000016,"L001,L002,L013,L024,L044,L045,L048,L054,L056,L057,L058,L060,L062,L065,L068,L095,L102,L104,L105,L106,L109,L110,L111,L113,L114,L115,L121,L122,L125,L128,L129,L134,L140,L143,L147,L148,L149,L150,L151,L153,L154,L155,L156,L157,L158,L159,L160,L169,L175,L176,L178,L179",52,0.907760868943612,0.907760868943612,0,,50,False,non_critical,
1,20260708,L002->L176,L002,L176,True,False,0.0,0.0,0.0,1.0000000000000016,"L001,L002,L013,L024,L044,L045,L048,L054,L056,L057,L058,L060,L062,L065,L068,L095,L102,L104,L105,L106,L109,L110,L111,L113,L114,L115,L121,L122,L125,L128,L129,L134,L140,L143,L147,L148,L149,L150,L151,L153,L154,L155,L156,L157,L158,L159,L160,L169,L176,L178,L179",51,0.907760868943612,0.907760868943612,0,,49,False,non_critical,
1,20260708,L002->L177,L002,L177,True,False,0.0,0.0,0.0,1.0000000000000016,"L001,L002,L013,L024,L044,L045,L048,L054,L056,L057,L058,L060,L062,L065,L068,L095,L102,L104,L105,L106,L109,L110,L111,L113,L114,L115,L121,L122,L125,L128,L129,L134,L140,L143,L147,L148,L149,L150,L151,L153,L154,L155,L156,L157,L158,L159,L160,L169,L176,L177,L178,L179",52,0.907760868943612,0.907760868943612,0,,50,False,non_critical,
1,20260708,L002->L178,L002,L178,True,False,0.0,0.0,0.0,1.0000000000000016,"L001,L002,L013,L024,L044,L045,L048,L054,L056,L057,L058,L060,L062,L065,L068,L095,L102,L104,L105,L106,L109,L110,L111,L113,L114,L115,L121,L122,L125,L128,L129,L134,L140,L143,L147,L148,L149,L150,L151,L153,L154,L155,L156,L157,L158,L159,L160,L169,L176,L178,L179",51,0.907760868943612,0.907760868943612,0,,49,False,non_critical,
1,20260708,L002->L179,L002,L179,True,False,0.0,0.0,0.0,1.0000000000000016,"L001,L002,L013,L024,L044,L045,L048,L054,L056,L057,L058,L060,L062,L065,L068,L095,L102,L104,L105,L106,L109,L110,L111,L113,L114,L115,L121,L122,L125,L128,L129,L134,L140,L143,L147,L148,L149,L150,L151,L153,L154,L155,L156,L157,L158,L159,L160,L169,L176,L178,L179",51,0.907760868943612,0.907760868943612,0,,49,False,non_critical,
1,20260708,L002->L180,L002,L180,True,True,0.8761049570765955,0.0,0.8761049570765955,1.0000000000000016,"L001,L002,L013,L024,L044,L045,L048,L054,L056,L057,L058,L060,L062,L065,L068,L095,L102,L104,L105,L106,L109,L110,L111,L113,L114,L115,L121,L122,L125,L128,L129,L134,L140,L143,L147,L148,L149,L150,L151,L153,L154,L155,L156,L157,L158,L159,L160,L169,L176,L178,L179,L180",52,1.0322472285126936,1.0322472285126936,0,,50,False,island_only,
1,20260708,L002->L181,L002,L181,True,True,3.0444849228707938,0.0,3.0444849228707938,1.0000000000000016,"L001,L002,L013,L024,L044,L045,L048,L054,L056,L057,L058,L060,L062,L065,L068,L095,L102,L104,L105,L106,L109,L110,L111,L113,L114,L115,L121,L122,L125,L128,L129,L134,L140,L143,L147,L148,L149,L150,L151,L153,L154,L155,L156,L157,L158,L159,L160,L169,L176,L178,L179,L181",52,1.1217793969148304,1.1217793969148304,0,,50,False,island_only,
1,20260708,L002->L182,L002,L182,True,False,0.0,0.0,0.0,1.0000000000000016,"L001,L002,L013,L024,L044,L045,L048,L054,L056,L057,L058,L060,L062,L065,L068,L095,L102,L104,L105,L106,L109,L110,L111,L113,L114,L115,L121,L122,L125,L128,L129,L134,L140,L143,L147,L148,L149,L150,L151,L153,L154,L155,L156,L157,L158,L159,L160,L169,L176,L178,L179,L182",52,0.907760868943612,0.907760868943612,0,,50,False,non_critical,
1,20260708,L002->L183,L002,L183,True,True,81.35922639729833,81.35922639729833,0.0,1.0000000000000016,"L001,L002,L013,L024,L044,L045,L048,L054,L056,L057,L058,L060,L062,L065,L068,L095,L102,L104,L105,L106,L109,L110,L111,L113,L114,L115,L121,L122,L125,L128,L129,L134,L140,L143,L147,L148,L149,L150,L151,L153,L154,L155,L156,L157,L158,L159,L160,L169,L176,L178,L179,L183",52,0.9936478356109303,0.9936478356109303,0,,50,False,island_only,
1,20260708,L002->L184,L002,L184,True,True,21.648461416338748,21.648461416338748,0.0,1.0000000000000016,"L001,L002,L013,L024,L044,L045,L048,L054,L056,L057,L058,L060,L062,L065,L068,L095,L102,L104,L105,L106,L109,L110,L111,L113,L114,L115,L121,L122,L125,L128,L129,L134,L140,L143,L147,L148,L149,L150,L151,L153,L154,L155,L156,L157,L158,L159,L160,L169,L176,L178,L179,L184",52,0.907760868943612,0.907760868943612,0,,50,False,island_only,
1,20260708,L002->L185,L002,L185,True,True,35.11713329264434,35.11713329264434,0.0,1.0000000000000016,"L001,L002,L013,L024,L044,L045,L048,L054,L056,L057,L058,L060,L062,L065,L068,L095,L102,L104,L105,L106,L109,L110,L111,L113,L114,L115,L121,L122,L125,L128,L129,L134,L140,L143,L147,L148,L149,L150,L151,L153,L154,L155,L156,L157,L158,L159,L160,L169,L176,L178,L179,L185,L186",53,1.4046853317057728,1.4046853317057728,1,L186,51,True,relay_cascade,
1,20260708,L002->L186,L002,L186,True,False,0.0,0.0,0.0,1.0000000000000016,"L001,L002,L013,L024,L044,L045,L048,L054,L056,L057,L058,L060,L062,L065,L068,L095,L102,L104,L105,L106,L109,L110,L111,L113,L114,L115,L121,L122,L125,L128,L129,L134,L140,L143,L147,L148,L149,L150,L151,L153,L154,L155,L156,L157,L158,L159,L160,L169,L176,L178,L179,L186",52,0.907760868943612,0.907760868943612,0,,50,False,non_critical,
1,20260708,L003->L001,L003,L001,True,False,0.0,0.0,0.0,1.0000000000000007,"L001,L003,L004,L006,L011,L012,L014,L015,L016,L017,L018,L019,L021,L022,L024,L026,L030,L035,L037,L039,L042,L044,L045,L054,L056,L058,L102,L104,L106,L109,L110,L111,L113,L114,L115,L128,L129,L130,L131,L132,L134,L135,L140,L143,L147,L149,L150,L153,L154,L155,L156,L158,L159,L160,L169,L176,L178,L179",58,1.1906217183702381,1.1906217183702381,0,,56,False,non_critical,
1,20260708,L003->L002,L003,L002,True,True,38.8500870832418,38.8500870832418,0.0,1.0000000000000007,"L001,L002,L003,L004,L006,L011,L012,L014,L015,L016,L017,L018,L019,L021,L022,L024,L026,L030,L035,L037,L039,L042,L044,L045,L054,L056,L058,L102,L104,L106,L109,L110,L111,L113,L114,L115,L128,L129,L130,L131,L132,L134,L135,L140,L143,L147,L149,L150,L153,L154,L155,L156,L158,L159,L160,L169,L176,L178,L179",59,1.1906217183702381,1.1906217183702381,0,,57,False,island_only,
1,20260708,L003->L004,L003,L004,True,False,0.0,0.0,0.0,1.0000000000000007,"L001,L003,L004,L006,L011,L012,L014,L015,L016,L017,L018,L019,L021,L022,L024,L026,L030,L035,L037,L039,L042,L044,L045,L054,L056,L058,L102,L104,L106,L109,L110,L111,L113,L114,L115,L128,L129,L130,L131,L132,L134,L135,L140,L143,L147,L149,L150,L153,L154,L155,L156,L158,L159,L160,L169,L176,L178,L179",58,1.1906217183702381,1.1906217183702381,0,,56,False,non_critical,
1,20260708,L003->L005,L003,L005,True,False,0.0,0.0,0.0,1.0000000000000007,"L001,L003,L004,L005,L006,L011,L012,L014,L015,L016,L017,L018,L019,L021,L022,L024,L026,L030,L035,L037,L039,L042,L044,L045,L054,L056,L058,L102,L104,L106,L109,L110,L111,L113,L114,L115,L128,L129,L130,L131,L132,L134,L135,L140,L143,L147,L149,L150,L153,L154,L155,L156,L158,L159,L160,L169,L176,L178,L179",59,1.1906217183702381,1.1906217183702381,0,,57,False,non_critical,
1,20260708,L003->L006,L003,L006,True,False,0.0,0.0,0.0,1.0000000000000007,"L001,L003,L004,L006,L011,L012,L014,L015,L016,L017,L018,L019,L021,L022,L024,L026,L030,L035,L037,L039,L042,L044,L045,L054,L056,L058,L102,L104,L106,L109,L110,L111,L113,L114,L115,L128,L129,L130,L131,L132,L134,L135,L140,L143,L147,L149,L150,L153,L154,L155,L156,L158,L159,L160,L169,L176,L178,L179",58,1.1906217183702381,1.1906217183702381,0,,56,False,non_critical,
1,20260708,L003->L007,L003,L007,True,False,0.0,0.0,0.0,1.0000000000000007,"L001,L003,L004,L006,L007,L011,L012,L014,L015,L016,L017,L018,L019,L021,L022,L024,L026,L030,L035,L037,L039,L042,L044,L045,L054,L056,L058,L102,L104,L106,L109,L110,L111,L113,L114,L115,L128,L129,L130,L131,L132,L134,L135,L140,L143,L147,L149,L150,L153,L154,L155,L156,L158,L159,L160,L169,L176,L178,L179",59,1.1906217183702381,1.1906217183702381,0,,57,False,non_critical,
1,20260708,L003->L008,L003,L008,True,False,0.0,0.0,0.0,1.0000000000000007,"L001,L003,L004,L006,L008,L011,L012,L014,L015,L016,L017,L018,L019,L021,L022,L024,L026,L030,L035,L037,L039,L042,L044,L045,L054,L056,L058,L102,L104,L106,L109,L110,L111,L113,L114,L115,L128,L129,L130,L131,L132,L134,L135,L140,L143,L147,L149,L150,L153,L154,L155,L156,L158,L159,L160,L169,L176,L178,L179",59,1.1906217183702381,1.1906217183702381,0,,57,False,non_critical,
1,20260708,L003->L009,L003,L009,True,False,0.0,0.0,0.0,1.0000000000000007,"L001,L003,L004,L006,L009,L011,L012,L014,L015,L016,L017,L018,L019,L021,L022,L024,L026,L030,L035,L037,L039,L042,L044,L045,L054,L056,L058,L102,L104,L106,L109,L110,L111,L113,L114,L115,L128,L129,L130,L131,L132,L134,L135,L140,L143,L147,L149,L150,L153,L154,L155,L156,L158,L159,L160,L169,L176,L178,L179",59,1.1906217183702381,1.1906217183702381,0,,57,False,non_critical,
1,20260708,L003->L010,L003,L010,True,True,62.68030920041879,62.68030920041879,0.0,1.0000000000000007,"L001,L003,L004,L006,L010,L011,L012,L014,L015,L016,L017,L018,L019,L021,L022,L024,L026,L030,L035,L037,L039,L042,L044,L045,L054,L056,L058,L102,L104,L106,L109,L110,L111,L113,L114,L115,L128,L129,L130,L131,L132,L134,L135,L140,L143,L147,L149,L150,L153,L154,L155,L156,L158,L159,L160,L169,L176,L178,L179",59,1.1906217183702381,1.1906217183702381,0,,57,False,island_only,
1,20260708,L003->L011,L003,L011,True,False,0.0,0.0,0.0,1.0000000000000007,"L001,L003,L004,L006,L011,L012,L014,L015,L016,L017,L018,L019,L021,L022,L024,L026,L030,L035,L037,L039,L042,L044,L045,L054,L056,L058,L102,L104,L106,L109,L110,L111,L113,L114,L115,L128,L129,L130,L131,L132,L134,L135,L140,L143,L147,L149,L150,L153,L154,L155,L156,L158,L159,L160,L169,L176,L178,L179",58,1.1906217183702381,1.1906217183702381,0,,56,False,non_critical,
1,20260708,L003->L012,L003,L012,True,False,0.0,0.0,0.0,1.0000000000000007,"L001,L003,L004,L006,L011,L012,L014,L015,L016,L017,L018,L019,L021,L022,L024,L026,L030,L035,L037,L039,L042,L044,L045,L054,L056,L058,L102,L104,L106,L109,L110,L111,L113,L114,L115,L128,L129,L130,L131,L132,L134,L135,L140,L143,L147,L149,L150,L153,L154,L155,L156,L158,L159,L160,L169,L176,L178,L179",58,1.1906217183702381,1.1906217183702381,0,,56,False,non_critical,
1,20260708,L003->L013,L003,L013,True,True,20.67354040745169,20.67354040745169,0.0,1.0000000000000007,"L001,L003,L004,L006,L011,L012,L013,L014,L015,L016,L017,L018,L019,L021,L022,L024,L026,L030,L035,L037,L039,L042,L044,L045,L054,L056,L058,L102,L104,L106,L109,L110,L111,L113,L114,L115,L128,L129,L130,L131,L132,L134,L135,L140,L143,L147,L149,L150,L153,L154,L155,L156,L158,L159,L160,L169,L176,L178,L179",59,1.1906217183702381,1.1906217183702381,0,,57,False,island_only,
1,20260708,L003->L014,L003,L014,True,False,0.0,0.0,0.0,1.0000000000000007,"L001,L003,L004,L006,L011,L012,L014,L015,L016,L017,L018,L019,L021,L022,L024,L026,L030,L035,L037,L039,L042,L044,L045,L054,L056,L058,L102,L104,L106,L109,L110,L111,L113,L114,L115,L128,L129,L130,L131,L132,L134,L135,L140,L143,L147,L149,L150,L153,L154,L155,L156,L158,L159,L160,L169,L176,L178,L179",58,1.1906217183702381,1.1906217183702381,0,,56,False,non_critical,
1,20260708,L003->L015,L003,L015,True,False,0.0,0.0,0.0,1.0000000000000007,"L001,L003,L004,L006,L011,L012,L014,L015,L016,L017,L018,L019,L021,L022,L024,L026,L030,L035,L037,L039,L042,L044,L045,L054,L056,L058,L102,L104,L106,L109,L110,L111,L113,L114,L115,L128,L129,L130,L131,L132,L134,L135,L140,L143,L147,L149,L150,L153,L154,L155,L156,L158,L159,L160,L169,L176,L178,L179",58,1.1906217183702381,1.1906217183702381,0,,56,False,non_critical,
1,20260708,L003->L016,L003,L016,True,False,0.0,0.0,0.0,1.0000000000000007,"L001,L003,L004,L006,L011,L012,L014,L015,L016,L017,L018,L019,L021,L022,L024,L026,L030,L035,L037,L039,L042,L044,L045,L054,L056,L058,L102,L104,L106,L109,L110,L111,L113,L114,L115,L128,L129,L130,L131,L132,L134,L135,L140,L143,L147,L149,L150,L153,L154,L155,L156,L158,L159,L160,L169,L176,L178,L179",58,1.1906217183702381,1.1906217183702381,0,,56,False,non_critical,
1,20260708,L003->L017,L003,L017,True,False,0.0,0.0,0.0,1.0000000000000007,"L001,L003,L004,L006,L011,L012,L014,L015,L016,L017,L018,L019,L021,L022,L024,L026,L030,L035,L037,L039,L042,L044,L045,L054,L056,L058,L102,L104,L106,L109,L110,L111,L113,L114,L115,L128,L129,L130,L131,L132,L134,L135,L140,L143,L147,L149,L150,L153,L154,L155,L156,L158,L159,L160,L169,L176,L178,L179",58,1.1906217183702381,1.1906217183702381,0,,56,False,non_critical,
1,20260708,L003->L018,L003,L018,True,False,0.0,0.0,0.0,1.0000000000000007,"L001,L003,L004,L006,L011,L012,L014,L015,L016,L017,L018,L019,L021,L022,L024,L026,L030,L035,L037,L039,L042,L044,L045,L054,L056,L058,L102,L104,L106,L109,L110,L111,L113,L114,L115,L128,L129,L130,L131,L132,L134,L135,L140,L143,L147,L149,L150,L153,L154,L155,L156,L158,L159,L160,L169,L176,L178,L179",58,1.1906217183702381,1.1906217183702381,0,,56,False,non_critical,
1,20260708,L003->L019,L003,L019,True,False,0.0,0.0,0.0,1.0000000000000007,"L001,L003,L004,L006,L011,L012,L014,L015,L016,L017,L018,L019,L021,L022,L024,L026,L030,L035,L037,L039,L042,L044,L045,L054,L056,L058,L102,L104,L106,L109,L110,L111,L113,L114,L115,L128,L129,L130,L131,L132,L134,L135,L140,L143,L147,L149,L150,L153,L154,L155,L156,L158,L159,L160,L169,L176,L178,L179",58,1.1906217183702381,1.1906217183702381,0,,56,False,non_critical,
1,20260708,L003->L020,L003,L020,True,True,25.0,25.0,0.0,1.0000000000000007,"L001,L003,L004,L006,L011,L012,L014,L015,L016,L017,L018,L019,L020,L021,L022,L024,L026,L030,L035,L037,L039,L042,L044,L045,L054,L056,L058,L102,L104,L106,L109,L110,L111,L113,L114,L115,L128,L129,L130,L131,L132,L134,L135,L140,L143,L147,L149,L150,L153,L154,L155,L156,L158,L159,L160,L169,L176,L178,L179",59,1.1906217183702381,1.1906217183702381,0,,57,False,island_only,
1,20260708,L003->L021,L003,L021,True,False,0.0,0.0,0.0,1.0000000000000007,"L001,L003,L004,L006,L011,L012,L014,L015,L016,L017,L018,L019,L021,L022,L024,L026,L030,L035,L037,L039,L042,L044,L045,L054,L056,L058,L102,L104,L106,L109,L110,L111,L113,L114,L115,L128,L129,L130,L131,L132,L134,L135,L140,L143,L147,L149,L150,L153,L154,L155,L156,L158,L159,L160,L169,L176,L178,L179",58,1.1906217183702381,1.1906217183702381,0,,56,False,non_critical,
1,20260708,L003->L022,L003,L022,True,False,0.0,0.0,0.0,1.0000000000000007,"L001,L003,L004,L006,L011,L012,L014,L015,L016,L017,L018,L019,L021,L022,L024,L026,L030,L035,L037,L039,L042,L044,L045,L054,L056,L058,L102,L104,L106,L109,L110,L111,L113,L114,L115,L128,L129,L130,L131,L132,L134,L135,L140,L143,L147,L149,L150,L153,L154,L155,L156,L158,L159,L160,L169,L176,L178,L179",58,1.1906217183702381,1.1906217183702381,0,,56,False,non_critical,
1,20260708,L003->L023,L003,L023,True,False,0.0,0.0,0.0,1.0000000000000007,"L001,L003,L004,L006,L011,L012,L014,L015,L016,L017,L018,L019,L021,L022,L023,L024,L026,L030,L035,L037,L039,L042,L044,L045,L054,L056,L058,L102,L104,L106,L109,L110,L111,L113,L114,L115,L128,L129,L130,L131,L132,L134,L135,L140,L143,L147,L149,L150,L153,L154,L155,L156,L158,L159,L160,L169,L176,L178,L179",59,1.1906217183702381,1.1906217183702381,0,,57,False,non_critical,
1,20260708,L003->L024,L003,L024,True,False,0.0,0.0,0.0,1.0000000000000007,"L001,L003,L004,L006,L011,L012,L014,L015,L016,L017,L018,L019,L021,L022,L024,L026,L030,L035,L037,L039,L042,L044,L045,L054,L056,L058,L102,L104,L106,L109,L110,L111,L113,L114,L115,L128,L129,L130,L131,L132,L134,L135,L140,L143,L147,L149,L150,L153,L154,L155,L156,L158,L159,L160,L169,L176,L178,L179",58,1.1906217183702381,1.1906217183702381,0,,56,False,non_critical,
1,20260708,L003->L025,L003,L025,True,False,0.0,0.0,0.0,1.0000000000000007,"L001,L003,L004,L006,L011,L012,L014,L015,L016,L017,L018,L019,L021,L022,L024,L025,L026,L030,L035,L037,L039,L042,L044,L045,L054,L056,L058,L102,L104,L106,L109,L110,L111,L113,L114,L115,L128,L129,L130,L131,L132,L134,L135,L140,L143,L147,L149,L150,L153,L154,L155,L156,L158,L159,L160,L169,L176,L178,L179",59,1.1906217183702381,1.1906217183702381,0,,57,False,non_critical,
1,20260708,L003->L026,L003,L026,True,False,0.0,0.0,0.0,1.0000000000000007,"L001,L003,L004,L006,L011,L012,L014,L015,L016,L017,L018,L019,L021,L022,L024,L026,L030,L035,L037,L039,L042,L044,L045,L054,L056,L058,L102,L104,L106,L109,L110,L111,L113,L114,L115,L128,L129,L130,L131,L132,L134,L135,L140,L143,L147,L149,L150,L153,L154,L155,L156,L158,L159,L160,L169,L176,L178,L179",58,1.1906217183702381,1.1906217183702381,0,,56,False,non_critical,
1,20260708,L003->L027,L003,L027,True,False,0.0,0.0,0.0,1.0000000000000007,"L001,L003,L004,L006,L011,L012,L014,L015,L016,L017,L018,L019,L021,L022,L024,L026,L027,L030,L035,L037,L039,L042,L044,L045,L054,L056,L058,L102,L104,L106,L109,L110,L111,L113,L114,L115,L128,L129,L130,L131,L132,L134,L135,L140,L143,L147,L149,L150,L153,L154,L155,L156,L158,L159,L160,L169,L176,L178,L179",59,1.1906217183702381,1.1906217183702381,0,,57,False,non_critical,
1,20260708,L003->L028,L003,L028,True,True,32.235359849353586,32.235359849353586,0.0,1.0000000000000007,"L001,L003,L004,L006,L011,L012,L014,L015,L016,L017,L018,L019,L021,L022,L024,L025,L026,L028,L030,L035,L037,L039,L042,L044,L045,L054,L056,L058,L102,L104,L106,L109,L110,L111,L113,L114,L115,L128,L129,L130,L131,L132,L134,L135,L140,L143,L147,L149,L150,L153,L154,L155,L156,L158,L159,L160,L169,L176,L178,L179",60,1.289414393974144,1.289414393974144,1,L025,58,True,relay_cascade,
1,20260708,L003->L029,L003,L029,True,True,42.3080770354206,42.3080770354206,0.0,1.0000000000000007,"L001,L003,L004,L006,L011,L012,L014,L015,L016,L017,L018,L019,L021,L022,L024,L025,L026,L029,L030,L035,L037,L039,L042,L044,L045,L054,L056,L058,L102,L104,L106,L109,L110,L111,L113,L114,L115,L128,L129,L130,L131,L132,L134,L135,L140,L143,L147,L149,L150,L153,L154,L155,L156,L158,L159,L160,L169,L176,L178,L179",60,1.6923230814168269,1.6923230814168269,1,L025,58,True,relay_cascade,
1,20260708,L003->L030,L003,L030,True,False,0.0,0.0,0.0,1.0000000000000007,"L001,L003,L004,L006,L011,L012,L014,L015,L016,L017,L018,L019,L021,L022,L024,L026,L030,L035,L037,L039,L042,L044,L045,L054,L056,L058,L102,L104,L106,L109,L110,L111,L113,L114,L115,L128,L129,L130,L131,L132,L134,L135,L140,L143,L147,L149,L150,L153,L154,L155,L156,L158,L159,L160,L169,L176,L178,L179",58,1.1906217183702381,1.1906217183702381,0,,56,False,non_critical,
1,20260708,L003->L031,L003,L031,True,True,40.19313788225304,40.19313788225304,0.0,1.0000000000000007,"L001,L003,L004,L006,L011,L012,L014,L015,L016,L017,L018,L019,L021,L022,L024,L025,L026,L030,L031,L035,L037,L039,L042,L043,L044,L045,L054,L056,L058,L102,L104,L106,L109,L110,L111,L113,L114,L115,L128,L129,L130,L131,L132,L134,L135,L140,L143,L147,L149,L150,L153,L154,L155,L156,L158,L159,L160,L169,L176,L178,L179,L181,L182",63,3.032542574549644,3.032542574549644,4,"L025,L043,L181,L182",61,True,relay_cascade,
1,20260708,L003->L032,L003,L032,True,False,0.0,0.0,0.0,1.0000000000000007,"L001,L003,L004,L006,L011,L012,L014,L015,L016,L017,L018,L019,L021,L022,L024,L026,L030,L032,L035,L037,L039,L042,L044,L045,L054,L056,L058,L102,L104,L106,L109,L110,L111,L113,L114,L115,L128,L129,L130,L131,L132,L134,L135,L140,L143,L147,L149,L150,L153,L154,L155,L156,L158,L159,L160,L169,L176,L178,L179",59,1.1906217183702381,1.1906217183702381,0,,57,False,non_critical,
1,20260708,L003->L033,L003,L033,True,True,12.041624960561968,12.041624960561968,0.0,1.0000000000000007,"L001,L003,L004,L006,L011,L012,L014,L015,L016,L017,L018,L019,L021,L022,L024,L026,L030,L033,L035,L037,L039,L042,L043,L044,L045,L054,L056,L058,L102,L104,L106,L109,L110,L111,L113,L114,L115,L128,L129,L130,L131,L132,L134,L135,L140,L143,L147,L149,L150,L153,L154,L155,L156,L158,L159,L160,L169,L176,L178,L179,L180,L182",62,1.7771605285025487,1.7771605285025487,3,"L043,L180,L182",60,True,relay_cascade,
1,20260708,L003->L034,L003,L034,True,True,17.128815468281868,17.128815468281868,0.0,1.0000000000000009,"L001,L003,L004,L006,L011,L012,L014,L015,L016,L017,L018,L019,L021,L022,L024,L026,L030,L034,L035,L037,L039,L042,L044,L045,L054,L056,L058,L102,L104,L106,L109,L110,L111,L113,L114,L115,L128,L129,L130,L131,L132,L134,L135,L140,L143,L147,L149,L150,L153,L154,L155,L156,L158,L159,L160,L169,L176,L178,L179",59,1.1906217183702381,1.1906217183702381,0,,57,False,island_only,
1,20260708,L003->L035,L003,L035,True,False,0.0,0.0,0.0,1.0000000000000007,"L001,L003,L004,L006,L011,L012,L014,L015,L016,L017,L018,L019,L021,L022,L024,L026,L030,L035,L037,L039,L042,L044,L045,L054,L056,L058,L102,L104,L106,L109,L110,L111,L113,L114,L115,L128,L129,L130,L131,L132,L134,L135,L140,L143,L147,L149,L150,L153,L154,L155,L156,L158,L159,L160,L169,L176,L178,L179",58,1.1906217183702381,1.1906217183702381,0,,56,False,non_critical,
1,20260708,L003->L036,L003,L036,True,False,0.0,0.0,0.0,1.0000000000000007,"L001,L003,L004,L006,L011,L012,L014,L015,L016,L017,L018,L019,L021,L022,L024,L026,L030,L035,L036,L037,L039,L042,L044,L045,L054,L056,L058,L102,L104,L106,L109,L110,L111,L113,L114,L115,L128,L129,L130,L131,L132,L134,L135,L140,L143,L147,L149,L150,L153,L154,L155,L156,L158,L159,L160,L169,L176,L178,L179",59,1.1906217183702381,1.1906217183702381,0,,57,False,non_critical,
1,20260708,L003->L037,L003,L037,True,False,0.0,0.0,0.0,1.0000000000000007,"L001,L003,L004,L006,L011,L012,L014,L015,L016,L017,L018,L019,L021,L022,L024,L026,L030,L035,L037,L039,L042,L044,L045,L054,L056,L058,L102,L104,L106,L109,L110,L111,L113,L114,L115,L128,L129,L130,L131,L132,L134,L135,L140,L143,L147,L149,L150,L153,L154,L155,L156,L158,L159,L160,L169,L176,L178,L179",58,1.1906217183702381,1.1906217183702381,0,,56,False,non_critical,
1,20260708,L003->L038,L003,L038,True,False,0.0,0.0,0.0,1.0000000000000007,"L001,L003,L004,L006,L011,L012,L014,L015,L016,L017,L018,L019,L021,L022,L024,L026,L030,L035,L037,L038,L039,L042,L044,L045,L054,L056,L058,L102,L104,L106,L109,L110,L111,L113,L114,L115,L128,L129,L130,L131,L132,L134,L135,L140,L143,L147,L149,L150,L153,L154,L155,L156,L158,L159,L160,L169,L176,L178,L179",59,1.1906217183702381,1.1906217183702381,0,,57,False,non_critical,
1,20260708,L003->L039,L003,L039,True,False,0.0,0.0,0.0,1.0000000000000007,"L001,L003,L004,L006,L011,L012,L014,L015,L016,L017,L018,L019,L021,L022,L024,L026,L030,L035,L037,L039,L042,L044,L045,L054,L056,L058,L102,L104,L106,L109,L110,L111,L113,L114,L115,L128,L129,L130,L131,L132,L134,L135,L140,L143,L147,L149,L150,L153,L154,L155,L156,L158,L159,L160,L169,L176,L178,L179",58,1.1906217183702381,1.1906217183702381,0,,56,False,non_critical,
1,20260708,L003->L040,L003,L040,True,True,23.91687820767109,23.91687820767109,0.0,1.0000000000000007,"L001,L003,L004,L006,L011,L012,L014,L015,L016,L017,L018,L019,L021,L022,L024,L026,L030,L035,L037,L039,L040,L042,L044,L045,L054,L056,L058,L102,L104,L106,L109,L110,L111,L113,L114,L115,L128,L129,L130,L131,L132,L134,L135,L140,L143,L147,L149,L150,L153,L154,L155,L156,L158,L159,L160,L169,L176,L178,L179",59,1.1906217183702381,1.1906217183702381,0,,57,False,island_only,
1,20260708,L003->L041,L003,L041,True,True,28.04448492287076,28.04448492287076,0.0,1.0000000000000007,"L001,L003,L004,L006,L011,L012,L014,L015,L016,L017,L018,L019,L021,L022,L024,L026,L030,L035,L037,L039,L041,L042,L043,L044,L045,L054,L056,L058,L102,L104,L106,L109,L110,L111,L113,L114,L115,L128,L129,L130,L131,L132,L134,L135,L140,L143,L147,L149,L150,L153,L154,L155,L156,L158,L159,L160,L169,L176,L178,L179,L180,L181,L182",63,2.266589386641562,2.266589386641562,4,"L043,L180,L181,L182",61,True,relay_cascade,
1,20260708,L003->L042,L003,L042,True,False,0.0,0.0,0.0,1.0000000000000007,"L001,L003,L004,L006,L011,L012,L014,L015,L016,L017,L018,L019,L021,L022,L024,L026,L030,L035,L037,L039,L042,L044,L045,L054,L056,L058,L102,L104,L106,L109,L110,L111,L113,L114,L115,L128,L129,L130,L131,L132,L134,L135,L140,L143,L147,L149,L150,L153,L154,L155,L156,L158,L159,L160,L169,L176,L178,L179",58,1.1906217183702381,1.1906217183702381,0,,56,False,non_critical,
1,20260708,L003->L043,L003,L043,True,False,0.0,0.0,0.0,1.0000000000000009,"L001,L003,L004,L006,L011,L012,L014,L015,L016,L017,L018,L019,L021,L022,L024,L026,L030,L035,L037,L039,L042,L043,L044,L045,L054,L056,L058,L102,L104,L106,L109,L110,L111,L113,L114,L115,L128,L129,L130,L131,L132,L134,L135,L140,L143,L147,L149,L150,L153,L154,L155,L156,L158,L159,L160,L169,L176,L178,L179",59,1.1906217183702381,1.1906217183702381,0,,57,False,non_critical,
1,20260708,L003->L044,L003,L044,True,False,0.0,0.0,0.0,1.0000000000000007,"L001,L003,L004,L006,L011,L012,L014,L015,L016,L017,L018,L019,L021,L022,L024,L026,L030,L035,L037,L039,L042,L044,L045,L054,L056,L058,L102,L104,L106,L109,L110,L111,L113,L114,L115,L128,L129,L130,L131,L132,L134,L135,L140,L143,L147,L149,L150,L153,L154,L155,L156,L158,L159,L160,L169,L176,L178,L179",58,1.1906217183702381,1.1906217183702381,0,,56,False,non_critical,
1,20260708,L003->L045,L003,L045,True,False,0.0,0.0,0.0,1.0000000000000007,"L001,L003,L004,L006,L011,L012,L014,L015,L016,L017,L018,L019,L021,L022,L024,L026,L030,L035,L037,L039,L042,L044,L045,L054,L056,L058,L102,L104,L106,L109,L110,L111,L113,L114,L115,L128,L129,L130,L131,L132,L134,L135,L140,L143,L147,L149,L150,L153,L154,L155,L156,L158,L159,L160,L169,L176,L178,L179",58,1.1906217183702381,1.1906217183702381,0,,56,False,non_critical,
1,20260708,L003->L046,L003,L046,True,False,0.0,0.0,0.0,1.0000000000000002,"L001,L003,L004,L006,L011,L012,L014,L015,L016,L017,L018,L019,L021,L022,L024,L026,L030,L035,L037,L039,L042,L044,L045,L046,L054,L056,L058,L102,L104,L106,L109,L110,L111,L113,L114,L115,L128,L129,L130,L131,L132,L134,L135,L140,L143,L147,L149,L150,L153,L154,L155,L156,L158,L159,L160,L169,L176,L178,L179",59,1.1906217183702381,1.1906217183702381,0,,57,False,non_critical,
1,20260708,L003->L047,L003,L047,True,True,31.300605334860514,31.300605334860514,0.0,1.0000000000000004,"L001,L003,L004,L006,L011,L012,L014,L015,L016,L017,L018,L019,L021,L022,L024,L026,L030,L035,L037,L039,L042,L044,L045,L046,L047,L054,L056,L058,L102,L104,L106,L109,L110,L111,L113,L114,L115,L128,L129,L130,L131,L132,L134,L135,L140,L143,L147,L149,L150,L153,L154,L155,L156,L158,L159,L160,L169,L176,L178,L179",60,1.2520242133944208,1.2520242133944208,1,L046,58,True,relay_cascade,
1,20260708,L003->L048,L003,L048,True,True,22.50545676159403,22.50545676159403,0.0,1.0000000000000016,"L001,L003,L004,L006,L011,L012,L014,L015,L016,L017,L018,L019,L021,L022,L024,L026,L030,L035,L037,L039,L042,L044,L045,L048,L054,L056,L058,L102,L104,L106,L109,L110,L111,L113,L114,L115,L128,L129,L130,L131,L132,L134,L135,L140,L143,L147,L149,L150,L153,L154,L155,L156,L158,L159,L160,L169,L176,L178,L179",59,1.1944075856493095,1.1944075856493095,0,,57,False,island_only,
1,20260708,L003->L049,L003,L049,True,False,0.0,0.0,0.0,1.0000000000000004,"L001,L003,L004,L006,L011,L012,L014,L015,L016,L017,L018,L019,L021,L022,L024,L026,L030,L035,L037,L039,L042,L044,L045,L049,L054,L056,L058,L102,L104,L106,L109,L110,L111,L113,L114,L115,L128,L129,L130,L131,L132,L134,L135,L140,L143,L147,L149,L150,L153,L154,L155,L156,L158,L159,L160,L169,L176,L178,L179",59,1.1906217183702381,1.1906217183702381,0,,57,False,non_critical,
1,20260708,L003->L050,L003,L050,True,False,0.0,0.0,0.0,1.0000000000000007,"L001,L003,L004,L006,L011,L012,L014,L015,L016,L017,L018,L019,L021,L022,L024,L026,L030,L035,L037,L039,L042,L044,L045,L050,L054,L056,L058,L102,L104,L106,L109,L110,L111,L113,L114,L115,L128,L129,L130,L131,L132,L134,L135,L140,L143,L147,L149,L150,L153,L154,L155,L156,L158,L159,L160,L169,L176,L178,L179",59,1.1906217183702381,1.1906217183702381,0,,57,False,non_critical,
1,20260708,L003->L051,L003,L051,True,True,147.40406373721385,147.40406373721385,0.0,1.000000000000004,"L001,L003,L004,L006,L011,L012,L014,L015,L016,L017,L018,L019,L021,L022,L024,L026,L030,L035,L037,L039,L042,L044,L045,L046,L049,L051,L054,L056,L057,L058,L059,L061,L062,L063,L064,L065,L092,L095,L102,L104,L106,L109,L110,L111,L113,L114,L115,L121,L122,L125,L128,L129,L130,L131,L132,L134,L135,L140,L143,L147,L149,L150,L153,L154,L155,L156,L158,L159,L160,L169,L176,L178,L179",73,2.930476168827887,2.930476168827887,14,"L046,L049,L057,L059,L061,L062,L063,L064,L065,L092,L095,L121,L122,L125",71,True,relay_cascade,
1,20260708,L003->L052,L003,L052,True,False,0.0,0.0,0.0,1.0000000000000004,"L001,L003,L004,L006,L011,L012,L014,L015,L016,L017,L018,L019,L021,L022,L024,L026,L030,L035,L037,L039,L042,L044,L045,L052,L054,L056,L058,L102,L104,L106,L109,L110,L111,L113,L114,L115,L128,L129,L130,L131,L132,L134,L135,L140,L143,L147,L149,L150,L153,L154,L155,L156,L158,L159,L160,L169,L176,L178,L179",59,1.1906217183702381,1.1906217183702381,0,,57,False,non_critical,
1,20260708,L003->L053,L003,L053,True,False,0.0,0.0,0.0,1.000000000000001,"L001,L003,L004,L006,L011,L012,L014,L015,L016,L017,L018,L019,L021,L022,L024,L026,L030,L035,L037,L039,L042,L044,L045,L053,L054,L056,L058,L102,L104,L106,L109,L110,L111,L113,L114,L115,L128,L129,L130,L131,L132,L134,L135,L140,L143,L147,L149,L150,L153,L154,L155,L156,L158,L159,L160,L169,L176,L178,L179",59,1.1906217183702381,1.1906217183702381,0,,57,False,non_critical,
1,20260708,L003->L054,L003,L054,True,False,0.0,0.0,0.0,1.0000000000000007,"L001,L003,L004,L006,L011,L012,L014,L015,L016,L017,L018,L019,L021,L022,L024,L026,L030,L035,L037,L039,L042,L044,L045,L054,L056,L058,L102,L104,L106,L109,L110,L111,L113,L114,L115,L128,L129,L130,L131,L132,L134,L135,L140,L143,L147,L149,L150,L153,L154,L155,L156,L158,L159,L160,L169,L176,L178,L179",58,1.1906217183702381,1.1906217183702381,0,,56,False,non_critical,
1,20260708,L003->L055,L003,L055,True,False,0.0,0.0,0.0,1.0000000000000022,"L001,L003,L004,L006,L011,L012,L014,L015,L016,L017,L018,L019,L021,L022,L024,L026,L030,L035,L037,L039,L042,L044,L045,L054,L055,L056,L058,L102,L104,L106,L109,L110,L111,L113,L114,L115,L128,L129,L130,L131,L132,L134,L135,L140,L143,L147,L149,L150,L153,L154,L155,L156,L158,L159,L160,L169,L176,L178,L179",59,1.1906217183702381,1.1906217183702381,0,,57,False,non_critical,
1,20260708,L003->L056,L003,L056,True,False,0.0,0.0,0.0,1.0000000000000007,"L001,L003,L004,L006,L011,L012,L014,L015,L016,L017,L018,L019,L021,L022,L024,L026,L030,L035,L037,L039,L042,L044,L045,L054,L056,L058,L102,L104,L106,L109,L110,L111,L113,L114,L115,L128,L129,L130,L131,L132,L134,L135,L140,L143,L147,L149,L150,L153,L154,L155,L156,L158,L159,L160,L169,L176,L178,L179",58,1.1906217183702381,1.1906217183702381,0,,56,False,non_critical,
1,20260708,L003->L057,L003,L057,True,False,0.0,0.0,0.0,1.0000000000000007,"L001,L003,L004,L006,L011,L012,L014,L015,L016,L017,L018,L019,L021,L022,L024,L026,L030,L035,L037,L039,L042,L044,L045,L054,L056,L057,L058,L102,L104,L106,L109,L110,L111,L113,L114,L115,L128,L129,L130,L131,L132,L134,L135,L140,L143,L147,L149,L150,L153,L154,L155,L156,L158,L159,L160,L169,L176,L178,L179",59,1.1906217183702381,1.1906217183702381,0,,57,False,non_critical,
1,20260708,L003->L058,L003,L058,True,False,0.0,0.0,0.0,1.0000000000000007,"L001,L003,L004,L006,L011,L012,L014,L015,L016,L017,L018,L019,L021,L022,L024,L026,L030,L035,L037,L039,L042,L044,L045,L054,L056,L058,L102,L104,L106,L109,L110,L111,L113,L114,L115,L128,L129,L130,L131,L132,L134,L135,L140,L143,L147,L149,L150,L153,L154,L155,L156,L158,L159,L160,L169,L176,L178,L179",58,1.1906217183702381,1.1906217183702381,0,,56,False,non_critical,
1,20260708,L003->L059,L003,L059,True,False,0.0,0.0,0.0,1.000000000000004,"L001,L003,L004,L006,L011,L012,L014,L015,L016,L017,L018,L019,L021,L022,L024,L026,L030,L035,L037,L039,L042,L044,L045,L054,L056,L058,L059,L102,L104,L106,L109,L110,L111,L113,L114,L115,L128,L129,L130,L131,L132,L134,L135,L140,L143,L147,L149,L150,L153,L154,L155,L156,L158,L159,L160,L169,L176,L178,L179",59,1.1906217183702381,1.1906217183702381,0,,57,False,non_critical,
1,20260708,L003->L060,L003,L060,True,False,0.0,0.0,0.0,1.000000000000004,"L001,L003,L004,L006,L011,L012,L014,L015,L016,L017,L018,L019,L021,L022,L024,L026,L030,L035,L037,L039,L042,L044,L045,L054,L056,L058,L060,L102,L104,L106,L109,L110,L111,L113,L114,L115,L128,L129,L130,L131,L132,L134,L135,L140,L143,L147,L149,L150,L153,L154,L155,L156,L158,L159,L160,L169,L176,L178,L179",59,1.1906217183702381,1.1906217183702381,0,,57,False,non_critical,
1,20260708,L003->L061,L003,L061,True,True,33.88157185629734,33.88157185629734,0.0,1.0000000000000078,"L001,L003,L004,L006,L011,L012,L014,L015,L016,L017,L018,L019,L021,L022,L024,L026,L030,L035,L037,L039,L042,L044,L045,L054,L056,L058,L060,L061,L065,L102,L104,L106,L109,L110,L111,L113,L114,L115,L128,L129,L130,L131,L132,L134,L135,L140,L143,L147,L149,L150,L153,L154,L155,L156,L158,L159,L160,L169,L176,L178,L179",61,1.355262874251895,1.355262874251895,2,"L060,L065",59,True,relay_cascade,
1,20260708,L003->L062,L003,L062,True,True,111.76063839397672,111.76063839397672,0.0,1.0000000000000018,"L001,L003,L004,L006,L011,L012,L014,L015,L016,L017,L018,L019,L021,L022,L024,L026,L030,L035,L037,L039,L042,L044,L045,L054,L056,L058,L062,L064,L065,L102,L104,L106,L109,L110,L111,L113,L114,L115,L121,L122,L125,L128,L129,L130,L131,L132,L134,L135,L140,L143,L147,L149,L150,L153,L154,L155,L156,L158,L159,L160,L169,L176,L178,L179",64,2.7539633952179723,2.7539633952179723,5,"L064,L065,L121,L122,L125",62,True,relay_cascade,
1,20260708,L003->L063,L003,L063,True,True,111.76063839397672,111.76063839397672,0.0,1.0000000000000016,"L001,L003,L004,L006,L011,L012,L014,L015,L016,L017,L018,L019,L021,L022,L024,L026,L030,L035,L037,L039,L042,L044,L045,L054,L056,L058,L063,L065,L102,L104,L106,L109,L110,L111,L113,L114,L115,L121,L122,L125,L128,L129,L130,L131,L132,L134,L135,L140,L143,L147,L149,L150,L153,L154,L155,L156,L158,L159,L160,L169,L176,L178,L179",63,2.2415132940709763,2.2415132940709763,4,"L065,L121,L122,L125",61,True,relay_cascade,
1,20260708,L003->L064,L003,L064,True,False,0.0,0.0,0.0,1.0000000000000016,"L001,L003,L004,L006,L011,L012,L014,L015,L016,L017,L018,L019,L021,L022,L024,L026,L030,L035,L037,L039,L042,L044,L045,L054,L056,L058,L064,L102,L104,L106,L109,L110,L111,L113,L114,L115,L128,L129,L130,L131,L132,L134,L135,L140,L143,L147,L149,L150,L153,L154,L155,L156,L158,L159,L160,L169,L176,L178,L179",59,1.1906217183702381,1.1906217183702381,0,,57,False,non_critical,
1,20260708,L003->L065,L003,L065,True,True,111.76063839397672,111.76063839397672,0.0,1.0000000000000018,"L001,L003,L004,L006,L011,L012,L014,L015,L016,L017,L018,L019,L021,L022,L024,L026,L030,L035,L037,L039,L042,L044,L045,L054,L056,L058,L062,L064,L065,L102,L104,L106,L109,L110,L111,L113,L114,L115,L121,L122,L125,L128,L129,L130,L131,L132,L134,L135,L140,L143,L147,L149,L150,L153,L154,L155,L156,L158,L159,L160,L169,L176,L178,L179",64,2.7539633952179723,2.7539633952179723,5,"L062,L064,L121,L122,L125",62,True,relay_cascade,
1,20260708,L003->L066,L003,L066,True,False,0.0,0.0,0.0,1.0000000000000007,"L001,L003,L004,L006,L011,L012,L014,L015,L016,L017,L018,L019,L021,L022,L024,L026,L030,L035,L037,L039,L042,L044,L045,L054,L056,L058,L066,L102,L104,L106,L109,L110,L111,L113,L114,L115,L128,L129,L130,L131,L132,L134,L135,L140,L143,L147,L149,L150,L153,L154,L155,L156,L158,L159,L160,L169,L176,L178,L179",59,1.1906217183702381,1.1906217183702381,0,,57,False,non_critical,
1,20260708,L003->L067,L003,L067,True,False,0.0,0.0,0.0,1.0000000000000007,"L001,L003,L004,L006,L011,L012,L014,L015,L016,L017,L018,L019,L021,L022,L024,L026,L030,L035,L037,L039,L042,L044,L045,L054,L056,L058,L067,L102,L104,L106,L109,L110,L111,L113,L114,L115,L128,L129,L130,L131,L132,L134,L135,L140,L143,L147,L149,L150,L153,L154,L155,L156,L158,L159,L160,L169,L176,L178,L179",59,1.1906217183702381,1.1906217183702381,0,,57,False,non_critical,
1,20260708,L003->L068,L003,L068,True,True,194.07581945207818,194.07581945207818,0.0,1.000000000000004,"L001,L003,L004,L006,L011,L012,L014,L015,L016,L017,L018,L019,L021,L022,L024,L026,L030,L035,L037,L039,L042,L044,L045,L054,L056,L058,L059,L060,L062,L064,L065,L068,L102,L104,L106,L109,L110,L111,L113,L114,L115,L121,L122,L125,L128,L129,L130,L131,L132,L134,L135,L140,L143,L147,L149,L150,L153,L154,L155,L156,L158,L159,L160,L169,L176,L178,L179",67,3.292607242324058,3.292607242324058,8,"L059,L060,L062,L064,L065,L121,L122,L125",65,True,relay_cascade,
1,20260708,L003->L069,L003,L069,True,False,0.0,0.0,0.0,1.0000000000000016,"L001,L003,L004,L006,L011,L012,L014,L015,L016,L017,L018,L019,L021,L022,L024,L026,L030,L035,L037,L039,L042,L044,L045,L054,L056,L058,L069,L102,L104,L106,L109,L110,L111,L113,L114,L115,L128,L129,L130,L131,L132,L134,L135,L140,L143,L147,L149,L150,L153,L154,L155,L156,L158,L159,L160,L169,L176,L178,L179",59,1.1906217183702381,1.1906217183702381,0,,57,False,non_critical,
1,20260708,L003->L070,L003,L070,True,True,0.5319343809105037,0.0,0.5319343809105037,1.0000000000000016,"L001,L003,L004,L006,L011,L012,L014,L015,L016,L017,L018,L019,L021,L022,L024,L026,L030,L035,L037,L039,L042,L044,L045,L054,L056,L058,L070,L102,L104,L106,L109,L110,L111,L113,L114,L115,L128,L129,L130,L131,L132,L134,L135,L140,L143,L147,L149,L150,L153,L154,L155,L156,L158,L159,L160,L169,L176,L178,L179",59,1.1906217183702381,1.1906217183702381,0,,57,False,island_only,
1,20260708,L003->L071,L003,L071,True,True,182.32758442351724,182.32758442351724,0.0,1.0000000000000018,"L001,L003,L004,L006,L011,L012,L014,L015,L016,L017,L018,L019,L021,L022,L024,L026,L030,L035,L037,L039,L042,L044,L045,L054,L056,L058,L065,L071,L074,L082,L102,L104,L105,L106,L109,L110,L111,L113,L114,L115,L121,L122,L125,L128,L129,L130,L131,L132,L134,L135,L140,L143,L147,L149,L150,L153,L154,L155,L156,L158,L159,L160,L169,L176,L178,L179",66,2.2415132940709763,2.2415132940709763,7,"L065,L074,L082,L105,L121,L122,L125",64,True,relay_cascade,
1,20260708,L003->L072,L003,L072,True,True,42.88779933795389,42.88779933795389,0.0,1.0000000000000022,"L001,L003,L004,L006,L011,L012,L014,L015,L016,L017,L018,L019,L021,L022,L024,L026,L030,L035,L037,L039,L042,L044,L045,L054,L056,L058,L072,L074,L102,L104,L106,L109,L110,L111,L113,L114,L115,L128,L129,L130,L131,L132,L134,L135,L140,L143,L147,L149,L150,L153,L154,L155,L156,L158,L159,L160,L169,L176,L178,L179",60,1.715511973518156,1.715511973518156,1,L074,58,True,relay_cascade,
1,20260708,L003->L073,L003,L073,True,False,0.0,0.0,0.0,1.0000000000000022,"L001,L003,L004,L006,L011,L012,L014,L015,L016,L017,L018,L019,L021,L022,L024,L026,L030,L035,L037,L039,L042,L044,L045,L054,L056,L058,L073,L102,L104,L106,L109,L110,L111,L113,L114,L115,L128,L129,L130,L131,L132,L134,L135,L140,L143,L147,L149,L150,L153,L154,L155,L156,L158,L159,L160,L169,L176,L178,L179",59,1.1906217183702381,1.1906217183702381,0,,57,False,non_critical,
1,20260708,L003->L074,L003,L074,True,True,4.309181369423793,0.0,4.309181369423793,1.0000000000000022,"L001,L003,L004,L006,L011,L012,L014,L015,L016,L017,L018,L019,L021,L022,L024,L026,L030,L035,L037,L039,L042,L044,L045,L054,L056,L058,L074,L102,L104,L106,L109,L110,L111,L113,L114,L115,L128,L129,L130,L131,L132,L134,L135,L140,L143,L147,L149,L150,L153,L154,L155,L156,L158,L159,L160,L169,L176,L178,L179",59,1.1906217183702381,1.1906217183702381,0,,57,False,island_only,
1,20260708,L003->L075,L003,L075,True,False,0.0,0.0,0.0,1.0000000000000022,"L001,L003,L004,L006,L011,L012,L014,L015,L016,L017,L018,L019,L021,L022,L024,L026,L030,L035,L037,L039,L042,L044,L045,L054,L056,L058,L075,L102,L104,L106,L109,L110,L111,L113,L114,L115,L128,L129,L130,L131,L132,L134,L135,L140,L143,L147,L149,L150,L153,L154,L155,L156,L158,L159,L160,L169,L176,L178,L179",59,1.1906217183702381,1.1906217183702381,0,,57,False,non_critical,
1,20260708,L003->L076,L003,L076,True,False,0.0,0.0,0.0,1.0000000000000016,"L001,L003,L004,L006,L011,L012,L014,L015,L016,L017,L018,L019,L021,L022,L024,L026,L030,L035,L037,L039,L042,L044,L045,L054,L056,L058,L076,L102,L104,L106,L109,L110,L111,L113,L114,L115,L128,L129,L130,L131,L132,L134,L135,L140,L143,L147,L149,L150,L153,L154,L155,L156,L158,L159,L160,L169,L176,L178,L179",59,1.1906217183702381,1.1906217183702381,0,,57,False,non_critical,
1,20260708,L003->L077,L003,L077,True,False,0.0,0.0,0.0,1.0000000000000016,"L001,L003,L004,L006,L011,L012,L014,L015,L016,L017,L018,L019,L021,L022,L024,L026,L030,L035,L037,L039,L042,L044,L045,L054,L056,L058,L077,L102,L104,L106,L109,L110,L111,L113,L114,L115,L128,L129,L130,L131,L132,L134,L135,L140,L143,L147,L149,L150,L153,L154,L155,L156,L158,L159,L160,L169,L176,L178,L179",59,1.1906217183702381,1.1906217183702381,0,,57,False,non_critical,
1,20260708,L003->L078,L003,L078,True,False,0.0,0.0,0.0,1.0000000000000022,"L001,L003,L004,L006,L011,L012,L014,L015,L016,L017,L018,L019,L021,L022,L024,L026,L030,L035,L037,L039,L042,L044,L045,L054,L056,L058,L078,L102,L104,L106,L109,L110,L111,L113,L114,L115,L128,L129,L130,L131,L132,L134,L135,L140,L143,L147,L149,L150,L153,L154,L155,L156,L158,L159,L160,L169,L176,L178,L179",59,1.1906217183702381,1.1906217183702381,0,,57,False,non_critical,
1,20260708,L003->L079,L003,L079,True,False,0.0,0.0,0.0,1.0000000000000022,"L001,L003,L004,L006,L011,L012,L014,L015,L016,L017,L018,L019,L021,L022,L024,L026,L030,L035,L037,L039,L042,L044,L045,L054,L056,L058,L079,L102,L104,L106,L109,L110,L111,L113,L114,L115,L128,L129,L130,L131,L132,L134,L135,L140,L143,L147,L149,L150,L153,L154,L155,L156,L158,L159,L160,L169,L176,L178,L179",59,1.1906217183702381,1.1906217183702381,0,,57,False,non_critical,
1,20260708,L003->L080,L003,L080,True,False,0.0,0.0,0.0,1.0000000000000016,"L001,L003,L004,L006,L011,L012,L014,L015,L016,L017,L018,L019,L021,L022,L024,L026,L030,L035,L037,L039,L042,L044,L045,L054,L056,L058,L080,L102,L104,L106,L109,L110,L111,L113,L114,L115,L128,L129,L130,L131,L132,L134,L135,L140,L143,L147,L149,L150,L153,L154,L155,L156,L158,L159,L160,L169,L176,L178,L179",59,1.1906217183702381,1.1906217183702381,0,,57,False,non_critical,
1,20260708,L003->L081,L003,L081,True,False,0.0,0.0,0.0,1.0000000000000022,"L001,L003,L004,L006,L011,L012,L014,L015,L016,L017,L018,L019,L021,L022,L024,L026,L030,L035,L037,L039,L042,L044,L045,L054,L056,L058,L081,L102,L104,L106,L109,L110,L111,L113,L114,L115,L128,L129,L130,L131,L132,L134,L135,L140,L143,L147,L149,L150,L153,L154,L155,L156,L158,L159,L160,L169,L176,L178,L179",59,1.1906217183702381,1.1906217183702381,0,,57,False,non_critical,
1,20260708,L003->L082,L003,L082,True,False,0.0,0.0,0.0,1.0000000000000009,"L001,L003,L004,L006,L011,L012,L014,L015,L016,L017,L018,L019,L021,L022,L024,L026,L030,L035,L037,L039,L042,L044,L045,L054,L056,L058,L082,L102,L104,L106,L109,L110,L111,L113,L114,L115,L128,L129,L130,L131,L132,L134,L135,L140,L143,L147,L149,L150,L153,L154,L155,L156,L158,L159,L160,L169,L176,L178,L179",59,1.1906217183702381,1.1906217183702381,0,,57,False,non_critical,
1,20260708,L003->L083,L003,L083,True,False,0.0,0.0,0.0,1.0000000000000004,"L001,L003,L004,L006,L011,L012,L014,L015,L016,L017,L018,L019,L021,L022,L024,L026,L030,L035,L037,L039,L042,L044,L045,L054,L056,L058,L083,L102,L104,L106,L109,L110,L111,L113,L114,L115,L128,L129,L130,L131,L132,L134,L135,L140,L143,L147,L149,L150,L153,L154,L155,L156,L158,L159,L160,L169,L176,L178,L179",59,1.1906217183702381,1.1906217183702381,0,,57,False,non_critical,
1,20260708,L003->L084,L003,L084,True,False,0.0,0.0,0.0,1.000000000000007,"L001,L003,L004,L006,L011,L012,L014,L015,L016,L017,L018,L019,L021,L022,L024,L026,L030,L035,L037,L039,L042,L044,L045,L054,L056,L058,L084,L102,L104,L106,L109,L110,L111,L113,L114,L115,L128,L129,L130,L131,L132,L134,L135,L140,L143,L147,L149,L150,L153,L154,L155,L156,L158,L159,L160,L169,L176,L178,L179",59,1.1906217183702381,1.1906217183702381,0,,57,False,non_critical,
1,20260708,L003->L085,L003,L085,True,False,0.0,0.0,0.0,1.0000000000000022,"L001,L003,L004,L006,L011,L012,L014,L015,L016,L017,L018,L019,L021,L022,L024,L026,L030,L035,L037,L039,L042,L044,L045,L054,L056,L058,L085,L102,L104,L106,L109,L110,L111,L113,L114,L115,L128,L129,L130,L131,L132,L134,L135,L140,L143,L147,L149,L150,L153,L154,L155,L156,L158,L159,L160,L169,L176,L178,L179",59,1.1906217183702381,1.1906217183702381,0,,57,False,non_critical,
1,20260708,L003->L086,L003,L086,True,False,0.0,0.0,0.0,1.0000000000000002,"L001,L003,L004,L006,L011,L012,L014,L015,L016,L017,L018,L019,L021,L022,L024,L026,L030,L035,L037,L039,L042,L044,L045,L054,L056,L058,L086,L102,L104,L106,L109,L110,L111,L113,L114,L115,L128,L129,L130,L131,L132,L134,L135,L140,L143,L147,L149,L150,L153,L154,L155,L156,L158,L159,L160,L169,L176,L178,L179",59,1.1906217183702381,1.1906217183702381,0,,57,False,non_critical,
1,20260708,L003->L087,L003,L087,True,False,0.0,0.0,0.0,1.0000000000000022,"L001,L003,L004,L006,L011,L012,L014,L015,L016,L017,L018,L019,L021,L022,L024,L026,L030,L035,L037,L039,L042,L044,L045,L054,L056,L058,L087,L102,L104,L106,L109,L110,L111,L113,L114,L115,L128,L129,L130,L131,L132,L134,L135,L140,L143,L147,L149,L150,L153,L154,L155,L156,L158,L159,L160,L169,L176,L178,L179",59,1.1906217183702381,1.1906217183702381,0,,57,False,non_critical,
1,20260708,L003->L088,L003,L088,True,False,0.0,0.0,0.0,1.0000000000000022,"L001,L003,L004,L006,L011,L012,L014,L015,L016,L017,L018,L019,L021,L022,L024,L026,L030,L035,L037,L039,L042,L044,L045,L054,L056,L058,L088,L102,L104,L106,L109,L110,L111,L113,L114,L115,L128,L129,L130,L131,L132,L134,L135,L140,L143,L147,L149,L150,L153,L154,L155,L156,L158,L159,L160,L169,L176,L178,L179",59,1.1906217183702381,1.1906217183702381,0,,57,False,non_critical,
1,20260708,L003->L089,L003,L089,True,False,0.0,0.0,0.0,1.0000000000000022,"L001,L003,L004,L006,L011,L012,L014,L015,L016,L017,L018,L019,L021,L022,L024,L026,L030,L035,L037,L039,L042,L044,L045,L054,L056,L058,L089,L102,L104,L106,L109,L110,L111,L113,L114,L115,L128,L129,L130,L131,L132,L134,L135,L140,L143,L147,L149,L150,L153,L154,L155,L156,L158,L159,L160,L169,L176,L178,L179",59,1.1906217183702381,1.1906217183702381,0,,57,False,non_critical,
1,20260708,L003->L090,L003,L090,True,True,191.55127789413785,191.55127789413785,0.0,1.0000000000000053,"L001,L003,L004,L006,L011,L012,L014,L015,L016,L017,L018,L019,L021,L022,L024,L026,L030,L035,L037,L039,L042,L044,L045,L054,L056,L058,L065,L088,L090,L091,L092,L102,L104,L105,L106,L109,L110,L111,L113,L114,L115,L121,L122,L125,L128,L129,L130,L131,L132,L134,L135,L140,L143,L147,L149,L150,L153,L154,L155,L156,L158,L159,L160,L169,L176,L178,L179",67,3.295419821385428,3.295419821385428,8,"L065,L088,L091,L092,L105,L121,L122,L125",65,True,relay_cascade,
1,20260708,L003->L091,L003,L091,True,False,0.0,0.0,0.0,1.0000000000000022,"L001,L003,L004,L006,L011,L012,L014,L015,L016,L017,L018,L019,L021,L022,L024,L026,L030,L035,L037,L039,L042,L044,L045,L054,L056,L058,L091,L102,L104,L106,L109,L110,L111,L113,L114,L115,L128,L129,L130,L131,L132,L134,L135,L140,L143,L147,L149,L150,L153,L154,L155,L156,L158,L159,L160,L169,L176,L178,L179",59,1.1906217183702381,1.1906217183702381,0,,57,False,non_critical,
1,20260708,L003->L092,L003,L092,True,False,0.0,0.0,0.0,1.0000000000000004,"L001,L003,L004,L006,L011,L012,L014,L015,L016,L017,L018,L019,L021,L022,L024,L026,L030,L035,L037,L039,L042,L044,L045,L054,L056,L058,L092,L102,L104,L106,L109,L110,L111,L113,L114,L115,L128,L129,L130,L131,L132,L134,L135,L140,L143,L147,L149,L150,L153,L154,L155,L156,L158,L159,L160,L169,L176,L178,L179",59,1.1906217183702381,1.1906217183702381,0,,57,False,non_critical,
1,20260708,L003->L093,L003,L093,True,True,251.3147855433163,251.3147855433163,0.0,1.0000000000000002,"L001,L003,L004,L006,L011,L012,L014,L015,L016,L017,L018,L019,L021,L022,L024,L026,L030,L035,L037,L039,L042,L044,L045,L054,L056,L057,L058,L059,L060,L063,L064,L065,L069,L070,L071,L073,L074,L075,L076,L077,L078,L079,L080,L081,L082,L083,L088,L089,L093,L095,L102,L104,L106,L109,L110,L111,L113,L114,L115,L121,L122,L125,L128,L129,L130,L131,L132,L134,L135,L140,L143,L147,L149,L150,L153,L154,L155,L156,L158,L159,L160,L169,L176,L178,L179",85,3.2343931533604664,3.2343931533604664,26,"L057,L059,L060,L063,L064,L065,L069,L070,L071,L073,L074,L075,L076,L077,L078,L079,L080,L081,L082,L083,L088,L089,L095,L121,L122,L125",83,True,relay_cascade,
1,20260708,L003->L094,L003,L094,True,True,251.3147855433163,251.3147855433163,0.0,1.0000000000000002,"L001,L003,L004,L006,L011,L012,L014,L015,L016,L017,L018,L019,L021,L022,L024,L026,L030,L035,L037,L039,L042,L044,L045,L054,L056,L057,L058,L059,L060,L063,L064,L065,L069,L070,L071,L073,L074,L075,L076,L077,L078,L079,L080,L081,L082,L083,L088,L089,L094,L095,L102,L104,L106,L109,L110,L111,L113,L114,L115,L121,L122,L125,L128,L129,L130,L131,L132,L134,L135,L140,L143,L147,L149,L150,L153,L154,L155,L156,L158,L159,L160,L169,L176,L178,L179",85,3.234393153360468,3.234393153360468,26,"L057,L059,L060,L063,L064,L065,L069,L070,L071,L073,L074,L075,L076,L077,L078,L079,L080,L081,L082,L083,L088,L089,L095,L121,L122,L125",83,True,relay_cascade,
1,20260708,L003->L095,L003,L095,True,False,0.0,0.0,0.0,1.0000000000000022,"L001,L003,L004,L006,L011,L012,L014,L015,L016,L017,L018,L019,L021,L022,L024,L026,L030,L035,L037,L039,L042,L044,L045,L054,L056,L058,L095,L102,L104,L106,L109,L110,L111,L113,L114,L115,L128,L129,L130,L131,L132,L134,L135,L140,L143,L147,L149,L150,L153,L154,L155,L156,L158,L159,L160,L169,L176,L178,L179",59,1.1906217183702381,1.1906217183702381,0,,57,False,non_critical,
1,20260708,L003->L096,L003,L096,True,True,147.40406373721385,147.40406373721385,0.0,1.0000000000000018,"L001,L003,L004,L006,L011,L012,L014,L015,L016,L017,L018,L019,L021,L022,L024,L026,L030,L035,L037,L039,L042,L044,L045,L046,L049,L054,L056,L057,L058,L059,L061,L062,L063,L064,L065,L092,L095,L096,L102,L104,L106,L109,L110,L111,L113,L114,L115,L121,L122,L125,L128,L129,L130,L131,L132,L134,L135,L140,L143,L147,L149,L150,L153,L154,L155,L156,L158,L159,L160,L169,L176,L178,L179",73,2.930476168827887,2.930476168827887,14,"L046,L049,L057,L059,L061,L062,L063,L064,L065,L092,L095,L121,L122,L125",71,True,relay_cascade,
1,20260708,L003->L097,L003,L097,True,True,164.5475027328131,161.99782513857156,2.5496775942415395,1.0000000000000018,"L001,L003,L004,L006,L011,L012,L014,L015,L016,L017,L018,L019,L021,L022,L024,L026,L030,L035,L037,L039,L042,L044,L045,L054,L056,L057,L058,L059,L060,L062,L063,L064,L065,L091,L095,L097,L100,L101,L102,L104,L105,L106,L109,L110,L111,L113,L114,L115,L121,L122,L125,L128,L129,L130,L131,L132,L134,L135,L140,L143,L147,L149,L150,L153,L154,L155,L156,L158,L159,L160,L169,L176,L178,L179",74,3.2343931533604873,3.2343931533604873,15,"L057,L059,L060,L062,L063,L064,L065,L091,L095,L100,L101,L105,L121,L122,L125",72,True,relay_cascade,
1,20260708,L003->L098,L003,L098,True,False,0.0,0.0,0.0,1.0000000000000022,"L001,L003,L004,L006,L011,L012,L014,L015,L016,L017,L018,L019,L021,L022,L024,L026,L030,L035,L037,L039,L042,L044,L045,L054,L056,L058,L098,L102,L104,L106,L109,L110,L111,L113,L114,L115,L128,L129,L130,L131,L132,L134,L135,L140,L143,L147,L149,L150,L153,L154,L155,L156,L158,L159,L160,L169,L176,L178,L179",59,1.1906217183702381,1.1906217183702381,0,,57,False,non_critical,
1,20260708,L003->L099,L003,L099,True,False,0.0,0.0,0.0,1.0000000000000022,"L001,L003,L004,L006,L011,L012,L014,L015,L016,L017,L018,L019,L021,L022,L024,L026,L030,L035,L037,L039,L042,L044,L045,L054,L056,L058,L099,L102,L104,L106,L109,L110,L111,L113,L114,L115,L128,L129,L130,L131,L132,L134,L135,L140,L143,L147,L149,L150,L153,L154,L155,L156,L158,L159,L160,L169,L176,L178,L179",59,1.1906217183702381,1.1906217183702381,0,,57,False,non_critical,
1,20260708,L003->L100,L003,L100,True,False,0.0,0.0,0.0,1.0000000000000018,"L001,L003,L004,L006,L011,L012,L014,L015,L016,L017,L018,L019,L021,L022,L024,L026,L030,L035,L037,L039,L042,L044,L045,L054,L056,L058,L100,L102,L104,L106,L109,L110,L111,L113,L114,L115,L128,L129,L130,L131,L132,L134,L135,L140,L143,L147,L149,L150,L153,L154,L155,L156,L158,L159,L160,L169,L176,L178,L179",59,1.1906217183702381,1.1906217183702381,0,,57,False,non_critical,
1,20260708,L003->L101,L003,L101,True,False,0.0,0.0,0.0,1.0000000000000007,"L001,L003,L004,L006,L011,L012,L014,L015,L016,L017,L018,L019,L021,L022,L024,L026,L030,L035,L037,L039,L042,L044,L045,L054,L056,L058,L101,L102,L104,L106,L109,L110,L111,L113,L114,L115,L128,L129,L130,L131,L132,L134,L135,L140,L143,L147,L149,L150,L153,L154,L155,L156,L158,L159,L160,L169,L176,L178,L179",59,1.1906217183702381,1.1906217183702381,0,,57,False,non_critical,
1,20260708,L003->L102,L003,L102,True,False,0.0,0.0,0.0,1.0000000000000007,"L001,L003,L004,L006,L011,L012,L014,L015,L016,L017,L018,L019,L021,L022,L024,L026,L030,L035,L037,L039,L042,L044,L045,L054,L056,L058,L102,L104,L106,L109,L110,L111,L113,L114,L115,L128,L129,L130,L131,L132,L134,L135,L140,L143,L147,L149,L150,L153,L154,L155,L156,L158,L159,L160,L169,L176,L178,L179",58,1.1906217183702381,1.1906217183702381,0,,56,False,non_critical,
1,20260708,L003->L103,L003,L103,True,False,0.0,0.0,0.0,1.0000000000000007,"L001,L003,L004,L006,L011,L012,L014,L015,L016,L017,L018,L019,L021,L022,L024,L026,L030,L035,L037,L039,L042,L044,L045,L054,L056,L058,L102,L103,L104,L106,L109,L110,L111,L113,L114,L115,L128,L129,L130,L131,L132,L134,L135,L140,L143,L147,L149,L150,L153,L154,L155,L156,L158,L159,L160,L169,L176,L178,L179",59,1.1906217183702381,1.1906217183702381,0,,57,False,non_critical,
1,20260708,L003->L104,L003,L104,True,False,0.0,0.0,0.0,1.0000000000000007,"L001,L003,L004,L006,L011,L012,L014,L015,L016,L017,L018,L019,L021,L022,L024,L026,L030,L035,L037,L039,L042,L044,L045,L054,L056,L058,L102,L104,L106,L109,L110,L111,L113,L114,L115,L128,L129,L130,L131,L132,L134,L135,L140,L143,L147,L149,L150,L153,L154,L155,L156,L158,L159,L160,L169,L176,L178,L179",58,1.1906217183702381,1.1906217183702381,0,,56,False,non_critical,
1,20260708,L003->L105,L003,L105,True,True,111.76063839397672,111.76063839397672,0.0,1.000000000000004,"L001,L003,L004,L006,L011,L012,L014,L015,L016,L017,L018,L019,L021,L022,L024,L026,L030,L035,L037,L039,L042,L044,L045,L054,L056,L058,L102,L104,L105,L106,L109,L110,L111,L113,L114,L115,L121,L122,L125,L128,L129,L130,L131,L132,L134,L135,L140,L143,L147,L149,L150,L153,L154,L155,L156,L158,L159,L160,L169,L176,L178,L179",62,2.2415132940709763,2.2415132940709763,3,"L121,L122,L125",60,True,relay_cascade,
1,20260708,L003->L106,L003,L106,True,False,0.0,0.0,0.0,1.0000000000000007,"L001,L003,L004,L006,L011,L012,L014,L015,L016,L017,L018,L019,L021,L022,L024,L026,L030,L035,L037,L039,L042,L044,L045,L054,L056,L058,L102,L104,L106,L109,L110,L111,L113,L114,L115,L128,L129,L130,L131,L132,L134,L135,L140,L143,L147,L149,L150,L153,L154,L155,L156,L158,L159,L160,L169,L176,L178,L179",58,1.1906217183702381,1.1906217183702381,0,,56,False,non_critical,
1,20260708,L003->L107,L003,L107,True,True,244.9607250611448,244.9607250611448,0.0,1.0000000000000016,"L001,L003,L004,L006,L011,L012,L014,L015,L016,L017,L018,L019,L021,L022,L024,L026,L030,L035,L037,L039,L042,L044,L045,L054,L056,L058,L065,L102,L104,L105,L106,L107,L109,L110,L111,L113,L114,L115,L116,L119,L120,L121,L122,L125,L126,L127,L128,L129,L130,L131,L132,L134,L135,L140,L143,L147,L149,L150,L153,L154,L155,L156,L158,L159,L160,L169,L176,L178,L179,L185,L186",71,3.5399922094460017,3.5399922094460017,12,"L065,L105,L116,L119,L120,L121,L122,L125,L126,L127,L185,L186",69,True,relay_cascade,
1,20260708,L003->L108,L003,L108,True,True,111.76063839397672,111.76063839397672,0.0,1.0000000000000016,"L001,L003,L004,L006,L011,L012,L014,L015,L016,L017,L018,L019,L021,L022,L024,L026,L030,L035,L037,L039,L042,L044,L045,L054,L056,L058,L062,L063,L065,L102,L104,L106,L108,L109,L110,L111,L113,L114,L115,L121,L122,L125,L128,L129,L130,L131,L132,L134,L135,L140,L143,L147,L149,L150,L153,L154,L155,L156,L158,L159,L160,L169,L176,L178,L179",65,2.241513294070976,2.241513294070976,6,"L062,L063,L065,L121,L122,L125",63,True,relay_cascade,
1,20260708,L003->L109,L003,L109,True,False,0.0,0.0,0.0,1.0000000000000007,"L001,L003,L004,L006,L011,L012,L014,L015,L016,L017,L018,L019,L021,L022,L024,L026,L030,L035,L037,L039,L042,L044,L045,L054,L056,L058,L102,L104,L106,L109,L110,L111,L113,L114,L115,L128,L129,L130,L131,L132,L134,L135,L140,L143,L147,L149,L150,L153,L154,L155,L156,L158,L159,L160,L169,L176,L178,L179",58,1.1906217183702381,1.1906217183702381,0,,56,False,non_critical,
1,20260708,L003->L110,L003,L110,True,False,0.0,0.0,0.0,1.0000000000000007,"L001,L003,L004,L006,L011,L012,L014,L015,L016,L017,L018,L019,L021,L022,L024,L026,L030,L035,L037,L039,L042,L044,L045,L054,L056,L058,L102,L104,L106,L109,L110,L111,L113,L114,L115,L128,L129,L130,L131,L132,L134,L135,L140,L143,L147,L149,L150,L153,L154,L155,L156,L158,L159,L160,L169,L176,L178,L179",58,1.1906217183702381,1.1906217183702381,0,,56,False,non_critical,
1,20260708,L003->L111,L003,L111,True,False,0.0,0.0,0.0,1.0000000000000007,"L001,L003,L004,L006,L011,L012,L014,L015,L016,L017,L018,L019,L021,L022,L024,L026,L030,L035,L037,L039,L042,L044,L045,L054,L056,L058,L102,L104,L106,L109,L110,L111,L113,L114,L115,L128,L129,L130,L131,L132,L134,L135,L140,L143,L147,L149,L150,L153,L154,L155,L156,L158,L159,L160,L169,L176,L178,L179",58,1.1906217183702381,1.1906217183702381,0,,56,False,non_critical,
1,20260708,L003->L112,L003,L112,True,False,0.0,0.0,0.0,1.0000000000000007,"L001,L003,L004,L006,L011,L012,L014,L015,L016,L017,L018,L019,L021,L022,L024,L026,L030,L035,L037,L039,L042,L044,L045,L054,L056,L058,L102,L104,L106,L109,L110,L111,L112,L113,L114,L115,L128,L129,L130,L131,L132,L134,L135,L140,L143,L147,L149,L150,L153,L154,L155,L156,L158,L159,L160,L169,L176,L178,L179",59,1.1906217183702381,1.1906217183702381,0,,57,False,non_critical,
1,20260708,L003->L113,L003,L113,True,False,0.0,0.0,0.0,1.0000000000000007,"L001,L003,L004,L006,L011,L012,L014,L015,L016,L017,L018,L019,L021,L022,L024,L026,L030,L035,L037,L039,L042,L044,L045,L054,L056,L058,L102,L104,L106,L109,L110,L111,L113,L114,L115,L128,L129,L130,L131,L132,L134,L135,L140,L143,L147,L149,L150,L153,L154,L155,L156,L158,L159,L160,L169,L176,L178,L179",58,1.1906217183702381,1.1906217183702381,0,,56,False,non_critical,
1,20260708,L003->L114,L003,L114,True,False,0.0,0.0,0.0,1.0000000000000007,"L001,L003,L004,L006,L011,L012,L014,L015,L016,L017,L018,L019,L021,L022,L024,L026,L030,L035,L037,L039,L042,L044,L045,L054,L056,L058,L102,L104,L106,L109,L110,L111,L113,L114,L115,L128,L129,L130,L131,L132,L134,L135,L140,L143,L147,L149,L150,L153,L154,L155,L156,L158,L159,L160,L169,L176,L178,L179",58,1.1906217183702381,1.1906217183702381,0,,56,False,non_critical,
1,20260708,L003->L115,L003,L115,True,False,0.0,0.0,0.0,1.0000000000000007,"L001,L003,L004,L006,L011,L012,L014,L015,L016,L017,L018,L019,L021,L022,L024,L026,L030,L035,L037,L039,L042,L044,L045,L054,L056,L058,L102,L104,L106,L109,L110,L111,L113,L114,L115,L128,L129,L130,L131,L132,L134,L135,L140,L143,L147,L149,L150,L153,L154,L155,L156,L158,L159,L160,L169,L176,L178,L179",58,1.1906217183702381,1.1906217183702381,0,,56,False,non_critical,
1,20260708,L003->L116,L003,L116,True,True,133.20008666716808,133.20008666716808,0.0,1.0000000000000016,"L001,L003,L004,L006,L011,L012,L014,L015,L016,L017,L018,L019,L021,L022,L024,L026,L030,L035,L037,L039,L042,L044,L045,L054,L056,L058,L065,L102,L104,L105,L106,L107,L109,L110,L111,L113,L114,L115,L116,L119,L120,L126,L127,L128,L129,L130,L131,L132,L134,L135,L140,L143,L147,L149,L150,L153,L154,L155,L156,L158,L159,L160,L169,L176,L178,L179,L186",67,2.985892355232611,2.985892355232611,8,"L065,L105,L107,L119,L120,L126,L127,L186",65,True,relay_cascade,
1,20260708,L003->L117,L003,L117,True,True,111.76063839397672,111.76063839397672,0.0,1.0000000000000016,"L001,L003,L004,L006,L011,L012,L014,L015,L016,L017,L018,L019,L021,L022,L024,L026,L030,L035,L037,L039,L042,L044,L045,L054,L056,L058,L062,L063,L065,L102,L104,L106,L109,L110,L111,L113,L114,L115,L117,L121,L122,L125,L128,L129,L130,L131,L132,L134,L135,L140,L143,L147,L149,L150,L153,L154,L155,L156,L158,L159,L160,L169,L176,L178,L179",65,2.2415132940709763,2.2415132940709763,6,"L062,L063,L065,L121,L122,L125",63,True,relay_cascade,
1,20260708,L003->L118,L003,L118,True,True,111.76063839397672,111.76063839397672,0.0,1.0000000000000016,"L001,L003,L004,L006,L011,L012,L014,L015,L016,L017,L018,L019,L021,L022,L024,L026,L030,L035,L037,L039,L042,L044,L045,L054,L056,L058,L065,L102,L104,L105,L106,L109,L110,L111,L113,L114,L115,L118,L121,L122,L125,L128,L129,L130,L131,L132,L134,L135,L140,L143,L147,L149,L150,L153,L154,L155,L156,L158,L159,L160,L169,L176,L178,L179",64,3.1099580583332074,3.1099580583332074,5,"L065,L105,L121,L122,L125",62,True,relay_cascade,
1,20260708,L003->L119,L003,L119,True,True,244.96072506114479,244.96072506114479,0.0,1.0000000000000016,"L001,L003,L004,L006,L011,L012,L014,L015,L016,L017,L018,L019,L021,L022,L024,L026,L030,L035,L037,L039,L042,L044,L045,L054,L056,L058,L065,L102,L104,L105,L106,L107,L109,L110,L111,L113,L114,L115,L116,L119,L120,L121,L122,L125,L126,L127,L128,L129,L130,L131,L132,L134,L135,L140,L143,L147,L149,L150,L153,L154,L155,L156,L158,L159,L160,L169,L176,L178,L179,L185,L186",71,3.5399922094460017,3.5399922094460017,12,"L065,L105,L107,L116,L120,L121,L122,L125,L126,L127,L185,L186",69,True,relay_cascade,
1,20260708,L003->L120,L003,L120,True,True,111.76063839397672,111.76063839397672,0.0,1.0000000000000016,"L001,L003,L004,L006,L011,L012,L014,L015,L016,L017,L018,L019,L021,L022,L024,L026,L030,L035,L037,L039,L042,L044,L045,L054,L056,L058,L065,L102,L104,L105,L106,L109,L110,L111,L113,L114,L115,L120,L121,L122,L125,L128,L129,L130,L131,L132,L134,L135,L140,L143,L147,L149,L150,L153,L154,L155,L156,L158,L159,L160,L169,L176,L178,L179",64,3.1099580583332074,3.1099580583332074,5,"L065,L105,L121,L122,L125",62,True,relay_cascade,
1,20260708,L003->L121,L003,L121,True,True,111.76063839397672,111.76063839397672,0.0,1.0000000000000016,"L001,L003,L004,L006,L011,L012,L014,L015,L016,L017,L018,L019,L021,L022,L024,L026,L030,L035,L037,L039,L042,L044,L045,L054,L056,L058,L065,L102,L104,L105,L106,L109,L110,L111,L113,L114,L115,L121,L122,L125,L128,L129,L130,L131,L132,L134,L135,L140,L143,L147,L149,L150,L153,L154,L155,L156,L158,L159,L160,L169,L176,L178,L179",63,3.1099580583332074,3.1099580583332074,4,"L065,L105,L122,L125",61,True,relay_cascade,
1,20260708,L003->L122,L003,L122,True,True,10.952707649595261,0.0,10.952707649595261,1.0000000000000018,"L001,L003,L004,L006,L011,L012,L014,L015,L016,L017,L018,L019,L021,L022,L024,L026,L030,L035,L037,L039,L042,L044,L045,L054,L056,L058,L102,L104,L106,L109,L110,L111,L113,L114,L115,L122,L128,L129,L130,L131,L132,L134,L135,L140,L143,L147,L149,L150,L153,L154,L155,L156,L158,L159,L160,L169,L176,L178,L179",59,1.171134592952089,1.171134592952089,0,,57,False,island_only,
1,20260708,L003->L123,L003,L123,True,False,0.0,0.0,0.0,1.0000000000000002,"L001,L003,L004,L006,L011,L012,L014,L015,L016,L017,L018,L019,L021,L022,L024,L026,L030,L035,L037,L039,L042,L044,L045,L054,L056,L058,L102,L104,L106,L109,L110,L111,L113,L114,L115,L123,L128,L129,L130,L131,L132,L134,L135,L140,L143,L147,L149,L150,L153,L154,L155,L156,L158,L159,L160,L169,L176,L178,L179",59,1.0571634378038621,1.0571634378038621,0,,57,False,non_critical,
1,20260708,L003->L124,L003,L124,True,False,0.0,0.0,0.0,1.0000000000000022,"L001,L003,L004,L006,L011,L012,L014,L015,L016,L017,L018,L019,L021,L022,L024,L026,L030,L035,L037,L039,L042,L044,L045,L054,L056,L058,L102,L104,L106,L109,L110,L111,L113,L114,L115,L124,L128,L129,L130,L131,L132,L134,L135,L140,L143,L147,L149,L150,L153,L154,L155,L156,L158,L159,L160,L169,L176,L178,L179",59,1.1320274919071314,1.1320274919071314,0,,57,False,non_critical,
1,20260708,L003->L125,L003,L125,True,True,111.76063839397672,111.76063839397672,0.0,1.0000000000000016,"L001,L003,L004,L006,L011,L012,L014,L015,L016,L017,L018,L019,L021,L022,L024,L026,L030,L035,L037,L039,L042,L044,L045,L054,L056,L058,L065,L102,L104,L105,L106,L109,L110,L111,L113,L114,L115,L121,L125,L128,L129,L130,L131,L132,L134,L135,L140,L143,L147,L149,L150,L153,L154,L155,L156,L158,L159,L160,L169,L176,L178,L179",62,3.1099580583332074,3.1099580583332074,3,"L065,L105,L121",60,True,relay_cascade,
1,20260708,L003->L126,L003,L126,True,True,111.76063839397672,111.76063839397672,0.0,1.0000000000000016,"L001,L003,L004,L006,L011,L012,L014,L015,L016,L017,L018,L019,L021,L022,L024,L026,L030,L035,L037,L039,L042,L044,L045,L054,L056,L058,L065,L102,L104,L105,L106,L109,L110,L111,L113,L114,L115,L121,L122,L125,L126,L128,L129,L130,L131,L132,L134,L135,L140,L143,L147,L149,L150,L153,L154,L155,L156,L158,L159,L160,L169,L176,L178,L179",64,3.1099580583332074,3.1099580583332074,5,"L065,L105,L121,L122,L125",62,True,relay_cascade,
1,20260708,L003->L127,L003,L127,True,True,111.76063839397672,111.76063839397672,0.0,1.0000000000000016,"L001,L003,L004,L006,L011,L012,L014,L015,L016,L017,L018,L019,L021,L022,L024,L026,L030,L035,L037,L039,L042,L044,L045,L054,L056,L058,L065,L102,L104,L105,L106,L109,L110,L111,L113,L114,L115,L121,L122,L125,L127,L128,L129,L130,L131,L132,L134,L135,L140,L143,L147,L149,L150,L153,L154,L155,L156,L158,L159,L160,L169,L176,L178,L179",64,3.1099580583332074,3.1099580583332074,5,"L065,L105,L121,L122,L125",62,True,relay_cascade,
1,20260708,L003->L128,L003,L128,True,False,0.0,0.0,0.0,1.0000000000000007,"L001,L003,L004,L006,L011,L012,L014,L015,L016,L017,L018,L019,L021,L022,L024,L026,L030,L035,L037,L039,L042,L044,L045,L054,L056,L058,L102,L104,L106,L109,L110,L111,L113,L114,L115,L128,L129,L130,L131,L132,L134,L135,L140,L143,L147,L149,L150,L153,L154,L155,L156,L158,L159,L160,L169,L176,L178,L179",58,1.1906217183702381,1.1906217183702381,0,,56,False,non_critical,
1,20260708,L003->L129,L003,L129,True,False,0.0,0.0,0.0,1.0000000000000007,"L001,L003,L004,L006,L011,L012,L014,L015,L016,L017,L018,L019,L021,L022,L024,L026,L030,L035,L037,L039,L042,L044,L045,L054,L056,L058,L102,L104,L106,L109,L110,L111,L113,L114,L115,L128,L129,L130,L131,L132,L134,L135,L140,L143,L147,L149,L150,L153,L154,L155,L156,L158,L159,L160,L169,L176,L178,L179",58,1.1906217183702381,1.1906217183702381,0,,56,False,non_critical,
1,20260708,L003->L130,L003,L130,True,False,0.0,0.0,0.0,1.0000000000000007,"L001,L003,L004,L006,L011,L012,L014,L015,L016,L017,L018,L019,L021,L022,L024,L026,L030,L035,L037,L039,L042,L044,L045,L054,L056,L058,L102,L104,L106,L109,L110,L111,L113,L114,L115,L128,L129,L130,L131,L132,L134,L135,L140,L143,L147,L149,L150,L153,L154,L155,L156,L158,L159,L160,L169,L176,L178,L179",58,1.1906217183702381,1.1906217183702381,0,,56,False,non_critical,
1,20260708,L003->L131,L003,L131,True,False,0.0,0.0,0.0,1.0000000000000007,"L001,L003,L004,L006,L011,L012,L014,L015,L016,L017,L018,L019,L021,L022,L024,L026,L030,L035,L037,L039,L042,L044,L045,L054,L056,L058,L102,L104,L106,L109,L110,L111,L113,L114,L115,L128,L129,L130,L131,L132,L134,L135,L140,L143,L147,L149,L150,L153,L154,L155,L156,L158,L159,L160,L169,L176,L178,L179",58,1.1906217183702381,1.1906217183702381,0,,56,False,non_critical,
