scenario_id,seed,path,first_line,second_line,converged,critical,total_load_shed_mw,island_load_shed_mw,redispatch_load_shed_mw,final_max_loading_ratio,final_outage_labels,num_final_outages,max_event_loading_ratio,max_pre_redispatch_loading_ratio,num_relay_trips,relay_trip_labels,num_passive_outages,has_overload_cascade,critical_mechanism,error
1,20260708,L001->L002,L001,L002,True,True,408.7226966194702,408.7226966194702,0.0,1.0000000000000016,"L001,L002,L024,L044,L045,L048,L054,L056,L057,L058,L060,L062,L065,L068,L095,L102,L104,L105,L106,L109,L110,L111,L113,L114,L115,L121,L122,L125,L128,L129,L134,L140,L143,L147,L148,L149,L150,L151,L153,L154,L155,L156,L157,L158,L159,L160,L169,L176,L178,L179",50,4.158116941864683,4.158116941864683,48,"L024,L044,L045,L048,L054,L056,L057,L058,L060,L062,L065,L068,L095,L102,L104,L105,L106,L109,L110,L111,L113,L114,L115,L121,L122,L125,L128,L129,L134,L140,L143,L147,L148,L149,L150,L151,L153,L154,L155,L156,L157,L158,L159,L160,L169,L176,L178,L179",48,True,relay_cascade,
1,20260708,L001->L004,L001,L004,True,True,453.8736466247565,453.8736466247565,0.0,1.0000000000000002,"L001,L004,L012,L015,L016,L017,L018,L019,L020,L022,L024,L030,L037,L039,L044,L045,L048,L054,L056,L057,L058,L060,L062,L063,L064,L065,L068,L091,L093,L094,L095,L097,L102,L104,L105,L106,L109,L110,L111,L113,L121,L122,L125,L128,L134,L140,L143,L147,L148,L149,L150,L151,L153,L154,L155,L156,L157,L158,L160,L169,L176,L178,L179",63,3.4200571924036534,3.4200571924036534,61,"L012,L015,L016,L017,L018,L019,L020,L022,L024,L030,L037,L039,L044,L045,L048,L054,L056,L057,L058,L060,L062,L063,L064,L065,L068,L091,L093,L094,L095,L097,L102,L104,L105,L106,L109,L110,L111,L113,L121,L122,L125,L128,L134,L140,L143,L147,L148,L149,L150,L151,L153,L154,L155,L156,L157,L158,L160,L169,L176,L178,L179",61,True,relay_cascade,
1,20260708,L001->L005,L001,L005,True,True,497.8997655609304,497.22966496841497,0.6701005925154602,1.0000000000000107,"L001,L005,L012,L014,L015,L016,L017,L018,L019,L021,L022,L024,L025,L026,L027,L028,L029,L039,L040,L044,L045,L048,L054,L056,L057,L058,L060,L062,L065,L068,L102,L104,L105,L106,L109,L110,L111,L113,L114,L115,L121,L122,L125,L128,L129,L134,L140,L143,L147,L148,L149,L150,L151,L153,L154,L155,L156,L157,L158,L159,L160,L169,L176,L178,L179",65,4.158116941864679,4.158116941864679,63,"L012,L014,L015,L016,L017,L018,L019,L021,L022,L024,L025,L026,L027,L028,L029,L039,L040,L044,L045,L048,L054,L056,L057,L058,L060,L062,L065,L068,L102,L104,L105,L106,L109,L110,L111,L113,L114,L115,L121,L122,L125,L128,L129,L134,L140,L143,L147,L148,L149,L150,L151,L153,L154,L155,L156,L157,L158,L159,L160,L169,L176,L178,L179",63,True,relay_cascade,
1,20260708,L001->L006,L001,L006,True,True,453.8736466247565,453.8736466247565,0.0,1.0000000000000002,"L001,L006,L012,L014,L016,L017,L018,L019,L020,L022,L024,L030,L037,L039,L044,L045,L048,L054,L056,L057,L058,L060,L062,L063,L064,L065,L068,L091,L093,L094,L095,L097,L102,L104,L105,L106,L109,L110,L111,L113,L121,L122,L125,L128,L134,L140,L143,L147,L148,L149,L150,L151,L153,L154,L155,L156,L157,L158,L160,L169,L176,L178,L179",63,3.4200571924036534,3.4200571924036534,61,"L012,L014,L016,L017,L018,L019,L020,L022,L024,L030,L037,L039,L044,L045,L048,L054,L056,L057,L058,L060,L062,L063,L064,L065,L068,L091,L093,L094,L095,L097,L102,L104,L105,L106,L109,L110,L111,L113,L121,L122,L125,L128,L134,L140,L143,L147,L148,L149,L150,L151,L153,L154,L155,L156,L157,L158,L160,L169,L176,L178,L179",61,True,relay_cascade,
1,20260708,L001->L007,L001,L007,True,True,382.39690311606796,381.7268025235525,0.6701005925154546,1.0000000000000002,"L001,L007,L016,L018,L019,L022,L024,L026,L030,L037,L039,L044,L045,L048,L054,L056,L057,L058,L060,L065,L093,L094,L095,L102,L104,L105,L106,L109,L110,L111,L113,L121,L122,L125,L126,L127,L128,L129,L130,L131,L132,L134,L135,L136,L137,L140,L143,L147,L149,L150,L153,L154,L155,L156,L158,L159,L160,L169,L176,L178,L179",61,6.3075478754130145,6.3075478754130145,59,"L016,L018,L019,L022,L024,L026,L030,L037,L039,L044,L045,L048,L054,L056,L057,L058,L060,L065,L093,L094,L095,L102,L104,L105,L106,L109,L110,L111,L113,L121,L122,L125,L126,L127,L128,L129,L130,L131,L132,L134,L135,L136,L137,L140,L143,L147,L149,L150,L153,L154,L155,L156,L158,L159,L160,L169,L176,L178,L179",59,True,relay_cascade,
1,20260708,L001->L008,L001,L008,True,True,347.1210291506391,344.1733433469325,2.9476858037066345,1.0000000000000004,"L001,L008,L012,L014,L015,L017,L018,L019,L020,L022,L024,L026,L030,L037,L039,L044,L045,L048,L054,L056,L058,L065,L102,L104,L105,L106,L109,L110,L111,L112,L113,L114,L115,L121,L122,L125,L128,L129,L130,L131,L132,L134,L140,L143,L147,L149,L150,L153,L154,L155,L156,L158,L159,L160,L169,L176,L178,L179",58,6.793262638402954,6.793262638402954,56,"L012,L014,L015,L017,L018,L019,L020,L022,L024,L026,L030,L037,L039,L044,L045,L048,L054,L056,L058,L065,L102,L104,L105,L106,L109,L110,L111,L112,L113,L114,L115,L121,L122,L125,L128,L129,L130,L131,L132,L134,L140,L143,L147,L149,L150,L153,L154,L155,L156,L158,L159,L160,L169,L176,L178,L179",56,True,relay_cascade,
1,20260708,L001->L009,L001,L009,True,True,382.39690311606796,381.7268025235525,0.6701005925154546,1.0000000000000002,"L001,L009,L016,L018,L019,L022,L024,L026,L030,L037,L039,L044,L045,L048,L054,L056,L057,L058,L060,L065,L093,L094,L095,L102,L104,L105,L106,L109,L110,L111,L113,L121,L122,L125,L126,L127,L128,L129,L130,L131,L132,L134,L135,L136,L137,L140,L143,L147,L149,L150,L153,L154,L155,L156,L158,L159,L160,L169,L176,L178,L179",61,6.307547875413013,6.307547875413013,59,"L016,L018,L019,L022,L024,L026,L030,L037,L039,L044,L045,L048,L054,L056,L057,L058,L060,L065,L093,L094,L095,L102,L104,L105,L106,L109,L110,L111,L113,L121,L122,L125,L126,L127,L128,L129,L130,L131,L132,L134,L135,L136,L137,L140,L143,L147,L149,L150,L153,L154,L155,L156,L158,L159,L160,L169,L176,L178,L179",59,True,relay_cascade,
1,20260708,L001->L010,L001,L010,True,True,570.5774288362262,570.5774288362262,0.0,1.0000000000000016,"L001,L006,L010,L011,L012,L014,L015,L017,L018,L019,L020,L022,L024,L037,L044,L045,L048,L054,L056,L057,L058,L060,L062,L065,L068,L095,L102,L104,L105,L106,L109,L110,L111,L113,L114,L115,L121,L122,L125,L128,L129,L134,L140,L143,L147,L148,L149,L150,L151,L153,L154,L155,L156,L157,L158,L159,L160,L169,L176,L178,L179",61,4.158116941864683,4.158116941864683,59,"L006,L011,L012,L014,L015,L017,L018,L019,L020,L022,L024,L037,L044,L045,L048,L054,L056,L057,L058,L060,L062,L065,L068,L095,L102,L104,L105,L106,L109,L110,L111,L113,L114,L115,L121,L122,L125,L128,L129,L134,L140,L143,L147,L148,L149,L150,L151,L153,L154,L155,L156,L157,L158,L159,L160,L169,L176,L178,L179",59,True,relay_cascade,
1,20260708,L001->L011,L001,L011,True,True,563.7204603989263,563.7204603989263,0.0,1.0000000000000107,"L001,L006,L010,L011,L012,L014,L015,L018,L019,L020,L021,L022,L024,L026,L037,L039,L044,L045,L048,L054,L056,L057,L058,L060,L062,L065,L068,L102,L104,L105,L106,L109,L110,L111,L113,L114,L115,L121,L122,L125,L128,L129,L134,L140,L143,L147,L148,L149,L150,L151,L153,L154,L155,L156,L157,L158,L159,L160,L169,L176,L178,L179",62,4.158116941864683,4.158116941864683,60,"L006,L010,L012,L014,L015,L018,L019,L020,L021,L022,L024,L026,L037,L039,L044,L045,L048,L054,L056,L057,L058,L060,L062,L065,L068,L102,L104,L105,L106,L109,L110,L111,L113,L114,L115,L121,L122,L125,L128,L129,L134,L140,L143,L147,L148,L149,L150,L151,L153,L154,L155,L156,L157,L158,L159,L160,L169,L176,L178,L179",60,True,relay_cascade,
1,20260708,L001->L012,L001,L012,True,True,515.4155541107655,514.74545351825,0.6701005925154602,1.0000000000000016,"L001,L006,L012,L014,L015,L016,L017,L018,L019,L021,L022,L024,L025,L026,L027,L028,L029,L039,L040,L044,L045,L048,L054,L056,L057,L058,L060,L062,L065,L068,L095,L102,L104,L105,L106,L109,L110,L111,L113,L114,L115,L121,L122,L125,L128,L129,L134,L140,L143,L147,L148,L149,L150,L151,L153,L154,L155,L156,L157,L158,L159,L160,L169,L176,L178,L179",66,4.158116941864683,4.158116941864683,64,"L006,L014,L015,L016,L017,L018,L019,L021,L022,L024,L025,L026,L027,L028,L029,L039,L040,L044,L045,L048,L054,L056,L057,L058,L060,L062,L065,L068,L095,L102,L104,L105,L106,L109,L110,L111,L113,L114,L115,L121,L122,L125,L128,L129,L134,L140,L143,L147,L148,L149,L150,L151,L153,L154,L155,L156,L157,L158,L159,L160,L169,L176,L178,L179",64,True,relay_cascade,
1,20260708,L001->L013,L001,L013,True,True,429.3962370269219,429.3962370269219,0.0,1.0000000000000016,"L001,L013,L024,L044,L045,L048,L054,L056,L057,L058,L060,L062,L065,L068,L095,L102,L104,L105,L106,L109,L110,L111,L113,L114,L115,L121,L122,L125,L128,L129,L134,L140,L143,L147,L148,L149,L150,L151,L153,L154,L155,L156,L157,L158,L159,L160,L169,L176,L178,L179",50,4.158116941864683,4.158116941864683,48,"L024,L044,L045,L048,L054,L056,L057,L058,L060,L062,L065,L068,L095,L102,L104,L105,L106,L109,L110,L111,L113,L114,L115,L121,L122,L125,L128,L129,L134,L140,L143,L147,L148,L149,L150,L151,L153,L154,L155,L156,L157,L158,L159,L160,L169,L176,L178,L179",48,True,relay_cascade,
1,20260708,L001->L014,L001,L014,True,True,453.8736466247565,453.8736466247565,0.0,1.0000000000000002,"L001,L012,L014,L015,L016,L017,L018,L019,L020,L022,L024,L030,L037,L039,L044,L045,L048,L054,L056,L057,L058,L060,L062,L063,L064,L065,L068,L091,L093,L094,L095,L097,L102,L104,L105,L106,L109,L110,L111,L113,L121,L122,L125,L128,L134,L140,L143,L147,L148,L149,L150,L151,L153,L154,L155,L156,L157,L158,L160,L169,L176,L178,L179",63,3.4200571924036534,3.4200571924036534,61,"L012,L015,L016,L017,L018,L019,L020,L022,L024,L030,L037,L039,L044,L045,L048,L054,L056,L057,L058,L060,L062,L063,L064,L065,L068,L091,L093,L094,L095,L097,L102,L104,L105,L106,L109,L110,L111,L113,L121,L122,L125,L128,L134,L140,L143,L147,L148,L149,L150,L151,L153,L154,L155,L156,L157,L158,L160,L169,L176,L178,L179",61,True,relay_cascade,
1,20260708,L001->L015,L001,L015,True,True,419.7454523561441,419.07535176362865,0.6701005925154602,1.0000000000000016,"L001,L010,L011,L012,L014,L015,L016,L017,L018,L019,L022,L023,L024,L026,L037,L044,L045,L054,L056,L057,L058,L060,L065,L102,L104,L105,L106,L109,L110,L111,L113,L114,L115,L121,L122,L125,L128,L129,L134,L140,L143,L146,L147,L148,L149,L150,L151,L153,L154,L155,L156,L157,L158,L159,L160,L169,L176,L178,L179",59,7.4330957084180485,7.4330957084180485,57,"L010,L011,L012,L014,L016,L017,L018,L019,L022,L023,L024,L026,L037,L044,L045,L054,L056,L057,L058,L060,L065,L102,L104,L105,L106,L109,L110,L111,L113,L114,L115,L121,L122,L125,L128,L129,L134,L140,L143,L146,L147,L148,L149,L150,L151,L153,L154,L155,L156,L157,L158,L159,L160,L169,L176,L178,L179",57,True,relay_cascade,
1,20260708,L001->L016,L001,L016,True,True,455.59168852550977,454.9215879329943,0.6701005925154602,1.0000000000000107,"L001,L012,L014,L015,L016,L017,L018,L019,L022,L024,L044,L045,L048,L054,L056,L057,L058,L060,L062,L065,L068,L102,L104,L105,L106,L109,L110,L111,L113,L114,L115,L121,L122,L125,L128,L129,L134,L140,L143,L147,L148,L149,L150,L151,L153,L154,L155,L156,L157,L158,L159,L160,L169,L176,L178,L179",56,4.158116941864679,4.158116941864679,54,"L012,L014,L015,L017,L018,L019,L022,L024,L044,L045,L048,L054,L056,L057,L058,L060,L062,L065,L068,L102,L104,L105,L106,L109,L110,L111,L113,L114,L115,L121,L122,L125,L128,L129,L134,L140,L143,L147,L148,L149,L150,L151,L153,L154,L155,L156,L157,L158,L159,L160,L169,L176,L178,L179",54,True,relay_cascade,
1,20260708,L001->L020,L001,L020,True,True,0.6701005925154546,0.0,0.6701005925154546,1.0000000000000009,"L001,L020",2,1.053035833012003,1.053035833012003,0,,0,False,island_only,
1,20260708,L001->L021,L001,L021,True,True,490.3512014899864,489.68110089747097,0.6701005925154602,1.0000000000000004,"L001,L004,L006,L010,L011,L012,L014,L015,L016,L017,L018,L019,L021,L022,L024,L026,L032,L037,L039,L044,L045,L048,L054,L056,L058,L065,L102,L104,L105,L106,L109,L110,L111,L113,L114,L115,L121,L122,L125,L128,L129,L130,L131,L132,L134,L140,L143,L147,L148,L149,L150,L151,L153,L154,L155,L156,L157,L158,L159,L160,L169,L176,L178,L179",64,5.299562966682001,5.299562966682001,62,"L004,L006,L010,L011,L012,L014,L015,L016,L017,L018,L019,L022,L024,L026,L032,L037,L039,L044,L045,L048,L054,L056,L058,L065,L102,L104,L105,L106,L109,L110,L111,L113,L114,L115,L121,L122,L125,L128,L129,L130,L131,L132,L134,L140,L143,L147,L148,L149,L150,L151,L153,L154,L155,L156,L157,L158,L159,L160,L169,L176,L178,L179",62,True,relay_cascade,
1,20260708,L001->L022,L001,L022,True,True,0.6701005925154546,0.0,0.6701005925154546,1.000000000000007,"L001,L022",2,1.1691884586619086,1.1691884586619086,0,,0,False,island_only,
1,20260708,L001->L023,L001,L023,True,True,381.99736972035504,381.3272691278396,0.6701005925154546,1.0000000000000007,"L001,L018,L019,L022,L023,L025,L026,L027,L028,L029,L030,L032,L037,L039,L044,L054,L056,L058,L065,L104,L105,L106,L109,L110,L112,L114,L119,L121,L122,L125,L126,L127,L128,L129,L134,L140,L147,L148,L149,L150,L151,L153,L155,L156,L157,L158,L159,L169,L175,L176,L178,L179,L185,L186",54,3.6283152826709593,3.6283152826709593,52,"L018,L019,L022,L025,L026,L027,L028,L029,L030,L032,L037,L039,L044,L054,L056,L058,L065,L104,L105,L106,L109,L110,L112,L114,L119,L121,L122,L125,L126,L127,L128,L129,L134,L140,L147,L148,L149,L150,L151,L153,L155,L156,L157,L158,L159,L169,L175,L176,L178,L179,L185,L186",52,True,relay_cascade,
1,20260708,L001->L024,L001,L024,True,True,398.72109669758044,398.050996105065,0.6701005925154546,1.0000000000000004,"L001,L018,L019,L022,L024,L025,L026,L027,L028,L029,L030,L032,L037,L039,L044,L054,L056,L058,L065,L104,L105,L106,L109,L110,L112,L114,L115,L116,L119,L120,L121,L122,L125,L126,L127,L128,L129,L134,L140,L147,L148,L149,L150,L151,L153,L155,L156,L157,L158,L159,L169,L175,L176,L178,L179,L185,L186",57,3.6075178395064675,3.6075178395064675,55,"L018,L019,L022,L025,L026,L027,L028,L029,L030,L032,L037,L039,L044,L054,L056,L058,L065,L104,L105,L106,L109,L110,L112,L114,L115,L116,L119,L120,L121,L122,L125,L126,L127,L128,L129,L134,L140,L147,L148,L149,L150,L151,L153,L155,L156,L157,L158,L159,L169,L175,L176,L178,L179,L185,L186",55,True,relay_cascade,
1,20260708,L001->L026,L001,L026,True,True,398.72109669758044,398.050996105065,0.6701005925154546,1.0000000000000004,"L001,L018,L019,L022,L024,L025,L026,L027,L028,L029,L030,L032,L037,L039,L044,L054,L056,L058,L065,L104,L105,L106,L109,L110,L112,L114,L115,L116,L119,L120,L121,L122,L125,L126,L127,L128,L129,L134,L140,L147,L148,L149,L150,L151,L153,L155,L156,L157,L158,L159,L169,L175,L176,L178,L179,L185,L186",57,3.6075178395064675,3.6075178395064675,55,"L018,L019,L022,L024,L025,L027,L028,L029,L030,L032,L037,L039,L044,L054,L056,L058,L065,L104,L105,L106,L109,L110,L112,L114,L115,L116,L119,L120,L121,L122,L125,L126,L127,L128,L129,L134,L140,L147,L148,L149,L150,L151,L153,L155,L156,L157,L158,L159,L169,L175,L176,L178,L179,L185,L186",55,True,relay_cascade,
1,20260708,L001->L028,L001,L028,True,True,410.7287746318231,410.7287746318231,0.0,1.0000000000000007,"L001,L024,L025,L026,L028,L030,L039,L044,L054,L056,L058,L065,L102,L104,L105,L106,L107,L108,L109,L110,L111,L112,L113,L114,L115,L116,L119,L120,L121,L122,L125,L126,L127,L128,L134,L140,L143,L147,L148,L149,L150,L151,L153,L154,L155,L156,L157,L158,L159,L160,L169,L176,L178,L179,L185,L186",56,10.529770578532816,10.529770578532816,54,"L024,L025,L026,L030,L039,L044,L054,L056,L058,L065,L102,L104,L105,L106,L107,L108,L109,L110,L111,L112,L113,L114,L115,L116,L119,L120,L121,L122,L125,L126,L127,L128,L134,L140,L143,L147,L148,L149,L150,L151,L153,L154,L155,L156,L157,L158,L159,L160,L169,L176,L178,L179,L185,L186",54,True,relay_cascade,
1,20260708,L001->L029,L001,L029,True,True,420.80149181789005,420.80149181789005,0.0,1.0000000000000004,"L001,L024,L025,L026,L029,L030,L032,L039,L044,L054,L056,L058,L065,L102,L104,L105,L106,L107,L108,L109,L110,L111,L112,L113,L114,L115,L116,L119,L120,L121,L122,L125,L126,L127,L128,L134,L140,L143,L147,L148,L149,L150,L151,L153,L154,L155,L156,L157,L158,L159,L160,L169,L176,L178,L179,L185,L186",57,9.724196205156852,9.724196205156852,55,"L024,L025,L026,L030,L032,L039,L044,L054,L056,L058,L065,L102,L104,L105,L106,L107,L108,L109,L110,L111,L112,L113,L114,L115,L116,L119,L120,L121,L122,L125,L126,L127,L128,L134,L140,L143,L147,L148,L149,L150,L151,L153,L154,L155,L156,L157,L158,L159,L160,L169,L176,L178,L179,L185,L186",55,True,relay_cascade,
1,20260708,L001->L030,L001,L030,True,True,303.81914348874363,303.81914348874363,0.0,1.0000000000000018,"L001,L024,L030,L039,L044,L045,L048,L054,L056,L057,L058,L060,L095,L102,L104,L109,L110,L111,L121,L122,L125,L128,L129,L130,L131,L132,L134,L135,L136,L140,L143,L147,L149,L150,L153,L154,L155,L156,L158,L160,L169,L176,L178,L179",44,3.9871148601010433,3.9871148601010433,42,"L024,L039,L044,L045,L048,L054,L056,L057,L058,L060,L095,L102,L104,L109,L110,L111,L121,L122,L125,L128,L129,L130,L131,L132,L134,L135,L136,L140,L143,L147,L149,L150,L153,L154,L155,L156,L158,L160,L169,L176,L178,L179",42,True,relay_cascade,
1,20260708,L001->L031,L001,L031,True,True,184.77420273860199,184.10410214608652,0.6701005925154657,1.0000000000000007,"L001,L015,L022,L024,L025,L026,L030,L031,L034,L035,L039,L040,L042,L043,L044,L045,L048,L054,L056,L057,L058,L060,L102,L109,L110,L111,L112,L134,L140,L143,L147,L150,L153,L154,L155,L156,L158,L160,L169,L176,L178,L179,L181,L182",44,4.040859398394819,4.040859398394819,42,"L015,L022,L024,L025,L026,L030,L034,L035,L039,L040,L042,L043,L044,L045,L048,L054,L056,L057,L058,L060,L102,L109,L110,L111,L112,L134,L140,L143,L147,L150,L153,L154,L155,L156,L158,L160,L169,L176,L178,L179,L181,L182",42,True,relay_cascade,
1,20260708,L001->L032,L001,L032,True,True,418.90111828764174,418.0250133305651,0.8761049570766066,1.0000000000000004,"L001,L024,L025,L026,L030,L032,L039,L040,L043,L044,L045,L048,L054,L056,L058,L060,L062,L063,L064,L065,L068,L102,L104,L105,L106,L109,L110,L111,L112,L113,L114,L115,L121,L122,L125,L128,L129,L130,L131,L132,L134,L135,L136,L140,L143,L147,L149,L150,L153,L154,L155,L156,L158,L159,L160,L169,L176,L178,L179,L180",60,3.9642809803134087,3.9642809803134087,58,"L024,L025,L026,L030,L039,L040,L043,L044,L045,L048,L054,L056,L058,L060,L062,L063,L064,L065,L068,L102,L104,L105,L106,L109,L110,L111,L112,L113,L114,L115,L121,L122,L125,L128,L129,L130,L131,L132,L134,L135,L136,L140,L143,L147,L149,L150,L153,L154,L155,L156,L158,L159,L160,L169,L176,L178,L179,L180",58,True,relay_cascade,
1,20260708,L001->L033,L001,L033,True,True,340.5306625605231,339.8605619680077,0.6701005925154546,1.0000000000000004,"L001,L022,L024,L026,L027,L030,L033,L039,L040,L043,L044,L045,L046,L050,L054,L056,L057,L058,L060,L065,L095,L102,L104,L105,L106,L109,L110,L111,L112,L113,L114,L115,L121,L122,L125,L128,L129,L134,L140,L143,L146,L147,L148,L149,L150,L151,L153,L154,L155,L156,L157,L158,L159,L160,L169,L176,L178,L179,L180,L182",60,7.186859016763013,7.186859016763013,58,"L022,L024,L026,L027,L030,L039,L040,L043,L044,L045,L046,L050,L054,L056,L057,L058,L060,L065,L095,L102,L104,L105,L106,L109,L110,L111,L112,L113,L114,L115,L121,L122,L125,L128,L129,L134,L140,L143,L146,L147,L148,L149,L150,L151,L153,L154,L155,L156,L157,L158,L159,L160,L169,L176,L178,L179,L180,L182",58,True,relay_cascade,
1,20260708,L001->L034,L001,L034,True,True,344.9477524757276,344.9477524757276,0.0,1.0000000000000016,"L001,L024,L026,L030,L034,L039,L040,L044,L045,L046,L054,L056,L057,L058,L060,L065,L095,L102,L104,L105,L106,L109,L110,L111,L112,L113,L114,L115,L121,L122,L125,L128,L129,L134,L140,L143,L146,L147,L148,L149,L150,L151,L153,L154,L155,L156,L157,L158,L159,L160,L169,L176,L178,L179",54,6.671215857640197,6.671215857640197,52,"L024,L026,L030,L039,L040,L044,L045,L046,L054,L056,L057,L058,L060,L065,L095,L102,L104,L105,L106,L109,L110,L111,L112,L113,L114,L115,L121,L122,L125,L128,L129,L134,L140,L143,L146,L147,L148,L149,L150,L151,L153,L154,L155,L156,L157,L158,L159,L160,L169,L176,L178,L179",52,True,relay_cascade,
1,20260708,L001->L036,L001,L036,True,True,494.41368544430173,494.41368544430173,0.0,1.0000000000000004,"L001,L004,L006,L010,L011,L012,L014,L015,L016,L017,L018,L019,L020,L022,L024,L025,L026,L027,L028,L030,L032,L036,L037,L039,L044,L045,L048,L054,L056,L058,L065,L102,L104,L105,L106,L109,L110,L111,L112,L113,L114,L115,L121,L122,L125,L128,L129,L130,L131,L132,L134,L135,L140,L143,L147,L149,L150,L153,L154,L155,L156,L158,L159,L160,L169,L176,L178,L179",68,5.347522307400024,5.347522307400024,66,"L004,L006,L010,L011,L012,L014,L015,L016,L017,L018,L019,L020,L022,L024,L025,L026,L027,L028,L030,L032,L037,L039,L044,L045,L048,L054,L056,L058,L065,L102,L104,L105,L106,L109,L110,L111,L112,L113,L114,L115,L121,L122,L125,L128,L129,L130,L131,L132,L134,L135,L140,L143,L147,L149,L150,L153,L154,L155,L156,L158,L159,L160,L169,L176,L178,L179",66,True,relay_cascade,
1,20260708,L001->L037,L001,L037,True,True,331.0143679173509,330.34426732483547,0.6701005925154574,1.0000000000000007,"L001,L006,L012,L014,L015,L016,L017,L018,L020,L026,L030,L037,L044,L056,L057,L058,L102,L104,L109,L110,L111,L113,L121,L122,L125,L126,L127,L128,L129,L130,L131,L132,L134,L135,L136,L140,L143,L147,L149,L150,L153,L154,L155,L156,L158,L160,L169,L176,L178,L179",50,3.218555684729594,3.218555684729594,48,"L006,L012,L014,L015,L016,L017,L018,L020,L026,L030,L044,L056,L057,L058,L102,L104,L109,L110,L111,L113,L121,L122,L125,L126,L127,L128,L129,L130,L131,L132,L134,L135,L136,L140,L143,L147,L149,L150,L153,L154,L155,L156,L158,L160,L169,L176,L178,L179",48,True,relay_cascade,
1,20260708,L001->L038,L001,L038,True,True,533.8949975360488,533.8949975360488,0.0,1.0000000000000018,"L001,L006,L015,L016,L017,L018,L019,L020,L022,L025,L027,L030,L032,L037,L038,L039,L042,L044,L060,L062,L063,L064,L065,L068,L104,L105,L106,L109,L110,L111,L112,L113,L121,L122,L125,L128,L129,L130,L131,L132,L134,L135,L136,L137,L140,L143,L147,L149,L150,L153,L154,L155,L156,L158,L160,L162,L169,L176,L178,L179",60,3.5164401122770848,3.5164401122770848,58,"L006,L015,L016,L017,L018,L019,L020,L022,L025,L027,L030,L032,L037,L039,L042,L044,L060,L062,L063,L064,L065,L068,L104,L105,L106,L109,L110,L111,L112,L113,L121,L122,L125,L128,L129,L130,L131,L132,L134,L135,L136,L137,L140,L143,L147,L149,L150,L153,L154,L155,L156,L158,L160,L162,L169,L176,L178,L179",58,True,relay_cascade,
1,20260708,L001->L040,L001,L040,True,True,336.5859372295402,335.7098322724636,0.8761049570766066,1.0000000000000007,"L001,L024,L025,L026,L030,L032,L039,L040,L043,L044,L048,L054,L056,L058,L062,L063,L064,L065,L102,L104,L105,L106,L109,L110,L111,L112,L113,L114,L115,L121,L122,L125,L128,L129,L130,L131,L132,L134,L135,L136,L140,L143,L147,L149,L150,L153,L154,L155,L156,L158,L159,L160,L169,L176,L178,L179,L180",57,5.38731459487075,5.38731459487075,55,"L024,L025,L026,L030,L032,L039,L043,L044,L048,L054,L056,L058,L062,L063,L064,L065,L102,L104,L105,L106,L109,L110,L111,L112,L113,L114,L115,L121,L122,L125,L128,L129,L130,L131,L132,L134,L135,L136,L140,L143,L147,L149,L150,L153,L154,L155,L156,L158,L159,L160,L169,L176,L178,L179,L180",55,True,relay_cascade,
1,20260708,L001->L041,L001,L041,True,True,504.13207757194925,500.417492056563,3.7145855153862595,1.000000000000007,"L001,L015,L022,L024,L027,L030,L032,L034,L035,L039,L040,L041,L043,L044,L045,L048,L054,L056,L057,L058,L060,L062,L063,L064,L065,L068,L091,L092,L093,L094,L095,L097,L102,L104,L105,L106,L109,L110,L111,L113,L114,L115,L121,L122,L125,L128,L129,L130,L131,L134,L140,L143,L147,L148,L149,L150,L151,L153,L154,L155,L156,L157,L158,L159,L160,L169,L176,L178,L179,L181",70,3.8991200481513175,3.8991200481513175,68,"L015,L022,L024,L027,L030,L032,L034,L035,L039,L040,L043,L044,L045,L048,L054,L056,L057,L058,L060,L062,L063,L064,L065,L068,L091,L092,L093,L094,L095,L097,L102,L104,L105,L106,L109,L110,L111,L113,L114,L115,L121,L122,L125,L128,L129,L130,L131,L134,L140,L143,L147,L148,L149,L150,L151,L153,L154,L155,L156,L157,L158,L159,L160,L169,L176,L178,L179,L181",68,True,relay_cascade,
1,20260708,L001->L042,L001,L042,True,True,426.7276170448287,425.85151208775204,0.8761049570766843,1.0000000000000016,"L001,L024,L026,L027,L034,L035,L039,L042,L043,L044,L045,L048,L054,L056,L057,L058,L060,L062,L065,L068,L095,L102,L104,L105,L106,L109,L110,L111,L112,L113,L114,L115,L121,L122,L125,L128,L129,L134,L140,L143,L147,L148,L149,L150,L151,L153,L154,L155,L156,L157,L158,L159,L160,L169,L176,L178,L179,L180",58,4.158116941864683,4.158116941864683,56,"L024,L026,L027,L034,L035,L039,L043,L044,L045,L048,L054,L056,L057,L058,L060,L062,L065,L068,L095,L102,L104,L105,L106,L109,L110,L111,L112,L113,L114,L115,L121,L122,L125,L128,L129,L134,L140,L143,L147,L148,L149,L150,L151,L153,L154,L155,L156,L157,L158,L159,L160,L169,L176,L178,L179,L180",56,True,relay_cascade,
1,20260708,L001->L043,L001,L043,True,True,460.2479033376867,459.37179838061,0.8761049570766843,1.000000000000007,"L001,L024,L030,L039,L040,L043,L044,L045,L048,L054,L056,L057,L058,L060,L062,L063,L064,L065,L068,L091,L092,L093,L094,L095,L097,L102,L104,L105,L106,L109,L110,L111,L113,L114,L115,L121,L122,L125,L128,L129,L130,L131,L134,L140,L143,L147,L148,L149,L150,L151,L153,L154,L155,L156,L157,L158,L159,L160,L169,L176,L178,L179,L180",63,3.8971896134587674,3.8971896134587674,61,"L024,L030,L039,L040,L044,L045,L048,L054,L056,L057,L058,L060,L062,L063,L064,L065,L068,L091,L092,L093,L094,L095,L097,L102,L104,L105,L106,L109,L110,L111,L113,L114,L115,L121,L122,L125,L128,L129,L130,L131,L134,L140,L143,L147,L148,L149,L150,L151,L153,L154,L155,L156,L157,L158,L159,L160,L169,L176,L178,L179,L180",61,True,relay_cascade,
1,20260708,L001->L044,L001,L044,True,True,398.050996105065,398.050996105065,0.0,1.0000000000000004,"L001,L024,L025,L026,L027,L028,L029,L030,L032,L039,L044,L054,L056,L058,L065,L104,L105,L106,L109,L110,L112,L114,L115,L116,L119,L120,L121,L122,L125,L126,L127,L128,L129,L134,L140,L147,L148,L149,L150,L151,L153,L155,L156,L157,L158,L159,L169,L175,L176,L178,L179,L185,L186",53,3.6075178395064675,3.6075178395064675,51,"L024,L025,L026,L027,L028,L029,L030,L032,L039,L054,L056,L058,L065,L104,L105,L106,L109,L110,L112,L114,L115,L116,L119,L120,L121,L122,L125,L126,L127,L128,L129,L134,L140,L147,L148,L149,L150,L151,L153,L155,L156,L157,L158,L159,L169,L175,L176,L178,L179,L185,L186",51,True,relay_cascade,
1,20260708,L001->L047,L001,L047,True,True,134.16587592274104,134.16587592274104,0.0,1.0000000000000022,"L001,L024,L044,L045,L046,L047,L048,L054,L056,L057,L058,L060,L095,L102,L104,L109,L110,L111,L113,L114,L115,L134,L140,L143,L147,L150,L153,L154,L155,L156,L158,L159,L160,L169,L176,L178,L179",37,4.018937911456883,4.018937911456883,35,"L024,L044,L045,L046,L048,L054,L056,L057,L058,L060,L095,L102,L104,L109,L110,L111,L113,L114,L115,L134,L140,L143,L147,L150,L153,L154,L155,L156,L158,L159,L160,L169,L176,L178,L179",35,True,relay_cascade,
1,20260708,L001->L049,L001,L049,True,True,440.61338540319014,440.61338540319014,0.0,1.0000000000000009,"L001,L024,L044,L045,L046,L048,L049,L054,L056,L057,L058,L060,L062,L063,L064,L065,L068,L095,L102,L104,L105,L106,L109,L110,L111,L113,L114,L115,L121,L122,L125,L128,L129,L134,L140,L143,L147,L148,L149,L150,L151,L153,L154,L155,L156,L157,L158,L159,L160,L169,L176,L178,L179",53,4.219867603311495,4.219867603311495,51,"L024,L044,L045,L046,L048,L054,L056,L057,L058,L060,L062,L063,L064,L065,L068,L095,L102,L104,L105,L106,L109,L110,L111,L113,L114,L115,L121,L122,L125,L128,L129,L134,L140,L143,L147,L148,L149,L150,L151,L153,L154,L155,L156,L157,L158,L159,L160,L169,L176,L178,L179",51,True,relay_cascade,
1,20260708,L001->L050,L001,L050,True,True,390.2519701052849,387.0321919185279,3.2197781867570052,1.0000000000000004,"L001,L016,L017,L021,L022,L024,L026,L044,L045,L046,L048,L049,L050,L054,L056,L057,L058,L059,L062,L063,L064,L065,L095,L102,L104,L105,L106,L109,L110,L111,L113,L114,L115,L121,L122,L125,L128,L129,L134,L140,L143,L147,L148,L149,L150,L151,L153,L154,L155,L156,L157,L158,L159,L160,L169,L176,L178,L179",58,5.703320894475191,5.703320894475191,56,"L016,L017,L021,L022,L024,L026,L044,L045,L046,L048,L049,L054,L056,L057,L058,L059,L062,L063,L064,L065,L095,L102,L104,L105,L106,L109,L110,L111,L113,L114,L115,L121,L122,L125,L128,L129,L134,L140,L143,L147,L148,L149,L150,L151,L153,L154,L155,L156,L157,L158,L159,L160,L169,L176,L178,L179",56,True,relay_cascade,
1,20260708,L001->L051,L001,L051,True,True,185.180451645982,185.180451645982,0.0,1.0000000000000078,"L001,L024,L026,L030,L044,L045,L046,L048,L051,L054,L056,L057,L058,L059,L060,L061,L062,L063,L065,L068,L095,L102,L104,L109,L110,L112,L113,L114,L115,L134,L140,L143,L147,L150,L153,L154,L155,L156,L158,L159,L160,L169,L176,L178,L179",45,5.652631344235754,5.652631344235754,43,"L024,L026,L030,L044,L045,L046,L048,L054,L056,L057,L058,L059,L060,L061,L062,L063,L065,L068,L095,L102,L104,L109,L110,L112,L113,L114,L115,L134,L140,L143,L147,L150,L153,L154,L155,L156,L158,L159,L160,L169,L176,L178,L179",43,True,relay_cascade,
1,20260708,L001->L052,L001,L052,True,True,102.86527058788053,102.86527058788053,0.0,1.0000000000000022,"L001,L024,L030,L044,L045,L048,L052,L053,L054,L056,L057,L058,L060,L095,L102,L104,L109,L110,L111,L112,L113,L134,L140,L143,L147,L150,L153,L154,L155,L156,L158,L159,L160,L169,L176,L178,L179",37,5.153872571012743,5.153872571012743,35,"L024,L030,L044,L045,L048,L053,L054,L056,L057,L058,L060,L095,L102,L104,L109,L110,L111,L112,L113,L134,L140,L143,L147,L150,L153,L154,L155,L156,L158,L159,L160,L169,L176,L178,L179",35,True,relay_cascade,
1,20260708,L001->L053,L001,L053,True,True,480.88565187955874,480.88565187955874,0.0,1.000000000000007,"L001,L024,L030,L044,L045,L048,L053,L054,L055,L056,L057,L058,L060,L062,L063,L064,L065,L068,L069,L091,L092,L093,L094,L095,L097,L102,L104,L105,L106,L109,L110,L111,L112,L113,L114,L115,L121,L122,L125,L128,L129,L130,L131,L134,L140,L143,L147,L148,L149,L150,L151,L153,L154,L155,L156,L157,L158,L159,L160,L169,L176,L178,L179",63,4.803494563180318,4.803494563180318,61,"L024,L030,L044,L045,L048,L054,L055,L056,L057,L058,L060,L062,L063,L064,L065,L068,L069,L091,L092,L093,L094,L095,L097,L102,L104,L105,L106,L109,L110,L111,L112,L113,L114,L115,L121,L122,L125,L128,L129,L130,L131,L134,L140,L143,L147,L148,L149,L150,L151,L153,L154,L155,L156,L157,L158,L159,L160,L169,L176,L178,L179",61,True,relay_cascade,
1,20260708,L001->L054,L001,L054,True,True,112.92060320252196,112.25050261000649,0.6701005925154657,1.0000000000000007,"L001,L022,L024,L026,L030,L032,L039,L040,L044,L045,L054,L056,L057,L058,L063,L065,L078,L095,L102,L104,L105,L106,L109,L110,L111,L115,L134,L140,L143,L147,L150,L153,L154,L155,L156,L158,L159,L160,L169,L176,L179",41,5.179412398845425,5.179412398845425,39,"L022,L024,L026,L030,L032,L039,L040,L044,L045,L056,L057,L058,L063,L065,L078,L095,L102,L104,L105,L106,L109,L110,L111,L115,L134,L140,L143,L147,L150,L153,L154,L155,L156,L158,L159,L160,L169,L176,L179",39,True,relay_cascade,
1,20260708,L001->L056,L001,L056,True,True,408.7226966194702,408.7226966194702,0.0,1.0000000000000009,"L001,L024,L044,L045,L048,L054,L056,L058,L060,L062,L065,L068,L102,L104,L105,L106,L109,L110,L111,L113,L114,L115,L121,L122,L125,L128,L129,L134,L140,L143,L147,L148,L149,L150,L151,L153,L154,L155,L156,L157,L158,L159,L160,L169,L176,L178,L179",47,4.158116941864685,4.158116941864685,45,"L024,L044,L045,L048,L054,L058,L060,L062,L065,L068,L102,L104,L105,L106,L109,L110,L111,L113,L114,L115,L121,L122,L125,L128,L129,L134,L140,L143,L147,L148,L149,L150,L151,L153,L154,L155,L156,L157,L158,L159,L160,L169,L176,L178,L179",45,True,relay_cascade,
1,20260708,L001->L057,L001,L057,True,True,408.7226966194702,408.7226966194702,0.0,1.0000000000000016,"L001,L024,L044,L045,L048,L054,L056,L057,L058,L060,L062,L065,L068,L095,L102,L104,L105,L106,L109,L110,L111,L113,L114,L115,L121,L122,L125,L128,L129,L134,L140,L143,L147,L148,L149,L150,L151,L153,L154,L155,L156,L157,L158,L159,L160,L169,L176,L178,L179",49,4.158116941864683,4.158116941864683,47,"L024,L044,L045,L048,L054,L056,L058,L060,L062,L065,L068,L095,L102,L104,L105,L106,L109,L110,L111,L113,L114,L115,L121,L122,L125,L128,L129,L134,L140,L143,L147,L148,L149,L150,L151,L153,L154,L155,L156,L157,L158,L159,L160,L169,L176,L178,L179",47,True,relay_cascade,
1,20260708,L001->L058,L001,L058,True,True,408.7226966194702,408.7226966194702,0.0,1.0000000000000016,"L001,L024,L044,L045,L048,L054,L056,L057,L058,L060,L062,L065,L068,L095,L102,L104,L105,L106,L109,L110,L111,L113,L114,L115,L121,L122,L125,L128,L129,L134,L140,L143,L147,L148,L149,L150,L151,L153,L154,L155,L156,L157,L158,L159,L160,L169,L176,L178,L179",49,4.15811694186468,4.15811694186468,47,"L024,L044,L045,L048,L054,L056,L057,L060,L062,L065,L068,L095,L102,L104,L105,L106,L109,L110,L111,L113,L114,L115,L121,L122,L125,L128,L129,L134,L140,L143,L147,L148,L149,L150,L151,L153,L154,L155,L156,L157,L158,L159,L160,L169,L176,L178,L179",47,True,relay_cascade,
1,20260708,L001->L061,L001,L061,True,True,136.74684244417787,136.74684244417787,0.0,1.0000000000000022,"L001,L024,L044,L045,L048,L054,L056,L057,L058,L060,L061,L095,L102,L109,L110,L111,L113,L114,L115,L134,L140,L143,L147,L150,L153,L154,L155,L156,L158,L159,L160,L169,L176,L178,L179",35,4.007461570532303,4.007461570532303,33,"L024,L044,L045,L048,L054,L056,L057,L058,L060,L095,L102,L109,L110,L111,L113,L114,L115,L134,L140,L143,L147,L150,L153,L154,L155,L156,L158,L159,L160,L169,L176,L178,L179",33,True,relay_cascade,
1,20260708,L001->L063,L001,L063,True,True,124.37912408682922,124.37912408682922,0.0,1.000000000000007,"L001,L024,L044,L045,L048,L054,L056,L057,L058,L060,L063,L064,L069,L102,L104,L109,L110,L111,L113,L114,L115,L134,L140,L143,L147,L150,L153,L154,L155,L156,L158,L159,L160,L169,L176,L178,L179",37,4.062454981391849,4.062454981391849,35,"L024,L044,L045,L048,L054,L056,L057,L058,L060,L064,L069,L102,L104,L109,L110,L111,L113,L114,L115,L134,L140,L143,L147,L150,L153,L154,L155,L156,L158,L159,L160,L169,L176,L178,L179",35,True,relay_cascade,
1,20260708,L001->L068,L001,L068,True,True,371.62781943394566,371.62781943394566,0.0,1.0000000000000009,"L001,L024,L044,L045,L048,L054,L056,L057,L058,L060,L062,L063,L064,L065,L068,L069,L092,L095,L102,L104,L106,L109,L110,L111,L113,L114,L115,L121,L122,L125,L128,L134,L140,L143,L147,L148,L149,L150,L151,L153,L154,L155,L156,L157,L158,L159,L160,L169,L176,L178,L179",51,4.518547537310366,4.518547537310366,49,"L024,L044,L045,L048,L054,L056,L057,L058,L060,L062,L063,L064,L065,L069,L092,L095,L102,L104,L106,L109,L110,L111,L113,L114,L115,L121,L122,L125,L128,L134,L140,L143,L147,L148,L149,L150,L151,L153,L154,L155,L156,L157,L158,L159,L160,L169,L176,L178,L179",49,True,relay_cascade,
1,20260708,L001->L069,L001,L069,True,True,350.11396593499694,350.11396593499694,0.0,1.0000000000000009,"L001,L024,L044,L045,L048,L054,L056,L057,L058,L060,L062,L063,L065,L068,L069,L092,L095,L102,L104,L106,L109,L110,L111,L113,L114,L115,L121,L122,L125,L128,L134,L140,L143,L147,L148,L149,L150,L151,L153,L154,L155,L156,L157,L158,L159,L160,L169,L176,L178,L179",50,3.4356400778959486,3.4356400778959486,48,"L024,L044,L045,L048,L054,L056,L057,L058,L060,L062,L063,L065,L068,L092,L095,L102,L104,L106,L109,L110,L111,L113,L114,L115,L121,L122,L125,L128,L134,L140,L143,L147,L148,L149,L150,L151,L153,L154,L155,L156,L157,L158,L159,L160,L169,L176,L178,L179",48,True,relay_cascade,
1,20260708,L001->L070,L001,L070,True,True,513.2068639702071,513.2068639702071,0.0,1.0000000000000009,"L001,L024,L044,L045,L048,L054,L056,L057,L058,L060,L063,L065,L070,L071,L074,L075,L076,L077,L078,L079,L082,L083,L085,L086,L091,L092,L093,L094,L095,L102,L104,L105,L106,L107,L109,L110,L111,L113,L114,L115,L116,L119,L120,L121,L122,L125,L126,L127,L128,L134,L140,L143,L147,L148,L149,L150,L151,L153,L154,L155,L156,L157,L158,L159,L160,L169,L176,L178,L179,L185,L186",71,4.853967969540893,4.853967969540893,69,"L024,L044,L045,L048,L054,L056,L057,L058,L060,L063,L065,L071,L074,L075,L076,L077,L078,L079,L082,L083,L085,L086,L091,L092,L093,L094,L095,L102,L104,L105,L106,L107,L109,L110,L111,L113,L114,L115,L116,L119,L120,L121,L122,L125,L126,L127,L128,L134,L140,L143,L147,L148,L149,L150,L151,L153,L154,L155,L156,L157,L158,L159,L160,L169,L176,L178,L179,L185,L186",69,True,relay_cascade,
1,20260708,L001->L071,L001,L071,True,True,338.36573090643606,338.36573090643606,0.0,1.000000000000002,"L001,L024,L030,L039,L044,L045,L048,L054,L056,L057,L058,L060,L065,L071,L074,L078,L082,L102,L104,L109,L110,L111,L113,L114,L115,L121,L122,L125,L128,L134,L140,L143,L147,L148,L149,L150,L151,L153,L154,L155,L156,L157,L158,L159,L160,L169,L176,L178,L179",49,3.5184166826506633,3.5184166826506633,47,"L024,L030,L039,L044,L045,L048,L054,L056,L057,L058,L060,L065,L074,L078,L082,L102,L104,L109,L110,L111,L113,L114,L115,L121,L122,L125,L128,L134,L140,L143,L147,L148,L149,L150,L151,L153,L154,L155,L156,L157,L158,L159,L160,L169,L176,L178,L179",47,True,relay_cascade,
1,20260708,L001->L072,L001,L072,True,True,145.75306992583444,145.75306992583444,0.0,1.0000000000000009,"L001,L024,L044,L045,L048,L054,L056,L057,L058,L060,L072,L074,L102,L109,L110,L111,L113,L114,L115,L134,L140,L143,L147,L150,L153,L154,L155,L156,L158,L159,L160,L169,L176,L178,L179",35,3.967415124301663,3.967415124301663,33,"L024,L044,L045,L048,L054,L056,L057,L058,L060,L074,L102,L109,L110,L111,L113,L114,L115,L134,L140,L143,L147,L150,L153,L154,L155,L156,L158,L159,L160,L169,L176,L178,L179",33,True,relay_cascade,
1,20260708,L001->L074,L001,L074,True,True,4.309181369423798,0.0,4.309181369423798,1.0000000000000007,"L001,L074,L078,L079,L082",5,1.6426600877268385,1.6426600877268385,3,"L078,L079,L082",3,True,relay_cascade,
1,20260708,L001->L078,L001,L078,True,True,4.30918136942382,0.0,4.30918136942382,1.0000000000000007,"L001,L074,L078,L079",4,1.5929519645470565,1.5929519645470565,2,"L074,L079",2,True,relay_cascade,
1,20260708,L001->L079,L001,L079,True,True,4.30918136942382,0.0,4.30918136942382,1.0000000000000007,"L001,L074,L078,L079",4,1.8730359933214658,1.8730359933214658,2,"L074,L078",2,True,relay_cascade,
1,20260708,L001->L082,L001,L082,True,True,4.30918136942382,0.0,4.30918136942382,1.000000000000007,"L001,L074,L082",3,1.2415361549678905,1.2415361549678905,1,L074,1,True,relay_cascade,
1,20260708,L001->L085,L001,L085,True,True,692.4929299566486,692.4929299566486,0.0,1.0000000000000009,"L001,L024,L044,L045,L048,L054,L056,L057,L058,L060,L062,L063,L065,L068,L070,L071,L074,L075,L076,L077,L078,L079,L080,L081,L083,L084,L085,L086,L091,L092,L100,L101,L102,L104,L105,L106,L107,L109,L110,L111,L113,L114,L115,L116,L119,L120,L121,L122,L125,L126,L127,L128,L129,L130,L131,L132,L134,L140,L143,L147,L148,L149,L150,L151,L153,L154,L155,L156,L157,L158,L159,L160,L169,L176,L178,L179,L185,L186",78,3.3154801280815125,3.3154801280815125,76,"L024,L044,L045,L048,L054,L056,L057,L058,L060,L062,L063,L065,L068,L070,L071,L074,L075,L076,L077,L078,L079,L080,L081,L083,L084,L086,L091,L092,L100,L101,L102,L104,L105,L106,L107,L109,L110,L111,L113,L114,L115,L116,L119,L120,L121,L122,L125,L126,L127,L128,L129,L130,L131,L132,L134,L140,L143,L147,L148,L149,L150,L151,L153,L154,L155,L156,L157,L158,L159,L160,L169,L176,L178,L179,L185,L186",76,True,relay_cascade,
1,20260708,L001->L086,L001,L086,True,True,692.4929299566486,692.4929299566486,0.0,1.0000000000000009,"L001,L024,L044,L045,L048,L054,L056,L057,L058,L060,L062,L063,L065,L068,L070,L071,L074,L075,L076,L077,L078,L079,L080,L081,L083,L084,L085,L086,L091,L092,L100,L101,L102,L104,L105,L106,L107,L109,L110,L111,L113,L114,L115,L116,L119,L120,L121,L122,L125,L126,L127,L128,L129,L130,L131,L132,L134,L140,L143,L147,L148,L149,L150,L151,L153,L154,L155,L156,L157,L158,L159,L160,L169,L176,L178,L179,L185,L186",78,3.3154801280815125,3.3154801280815125,76,"L024,L044,L045,L048,L054,L056,L057,L058,L060,L062,L063,L065,L068,L070,L071,L074,L075,L076,L077,L078,L079,L080,L081,L083,L084,L085,L091,L092,L100,L101,L102,L104,L105,L106,L107,L109,L110,L111,L113,L114,L115,L116,L119,L120,L121,L122,L125,L126,L127,L128,L129,L130,L131,L132,L134,L140,L143,L147,L148,L149,L150,L151,L153,L154,L155,L156,L157,L158,L159,L160,L169,L176,L178,L179,L185,L186",76,True,relay_cascade,
1,20260708,L001->L088,L001,L088,True,True,353.5442705687117,353.5442705687117,0.0,1.0000000000000007,"L001,L024,L026,L030,L044,L045,L046,L050,L054,L056,L057,L058,L060,L065,L088,L089,L091,L092,L095,L102,L104,L105,L106,L109,L110,L111,L113,L114,L121,L122,L125,L128,L129,L130,L131,L134,L140,L143,L145,L146,L147,L148,L149,L150,L151,L153,L154,L155,L156,L157,L158,L159,L160,L169,L176,L178,L179",57,7.314944389857084,7.314944389857084,55,"L024,L026,L030,L044,L045,L046,L050,L054,L056,L057,L058,L060,L065,L089,L091,L092,L095,L102,L104,L105,L106,L109,L110,L111,L113,L114,L121,L122,L125,L128,L129,L130,L131,L134,L140,L143,L145,L146,L147,L148,L149,L150,L151,L153,L154,L155,L156,L157,L158,L159,L160,L169,L176,L178,L179",55,True,relay_cascade,
1,20260708,L001->L089,L001,L089,True,True,414.57649709145295,414.57649709145295,0.0,1.0000000000000018,"L001,L024,L026,L030,L044,L045,L046,L054,L056,L057,L058,L060,L065,L078,L088,L089,L090,L091,L092,L095,L101,L102,L104,L105,L106,L109,L110,L111,L113,L114,L121,L122,L125,L128,L129,L130,L134,L140,L143,L145,L146,L147,L148,L149,L150,L151,L153,L154,L155,L156,L157,L158,L159,L160,L169,L176,L178,L179",58,6.910459280304624,6.910459280304624,56,"L024,L026,L030,L044,L045,L046,L054,L056,L057,L058,L060,L065,L078,L088,L090,L091,L092,L095,L101,L102,L104,L105,L106,L109,L110,L111,L113,L114,L121,L122,L125,L128,L129,L130,L134,L140,L143,L145,L146,L147,L148,L149,L150,L151,L153,L154,L155,L156,L157,L158,L159,L160,L169,L176,L178,L179",56,True,relay_cascade,
1,20260708,L001->L090,L001,L090,True,True,406.19815506152986,406.19815506152986,0.0,1.0000000000000009,"L001,L024,L044,L045,L048,L054,L056,L057,L058,L060,L065,L088,L089,L090,L091,L092,L095,L102,L104,L105,L106,L109,L110,L111,L113,L114,L115,L121,L122,L125,L128,L129,L130,L134,L140,L143,L146,L147,L148,L149,L150,L151,L153,L154,L155,L156,L157,L158,L159,L160,L169,L176,L178,L179",54,4.353852173491345,4.353852173491345,52,"L024,L044,L045,L048,L054,L056,L057,L058,L060,L065,L088,L089,L091,L092,L095,L102,L104,L105,L106,L109,L110,L111,L113,L114,L115,L121,L122,L125,L128,L129,L130,L134,L140,L143,L146,L147,L148,L149,L150,L151,L153,L154,L155,L156,L157,L158,L159,L160,L169,L176,L178,L179",52,True,relay_cascade,
1,20260708,L001->L093,L001,L093,True,True,4.309181369423798,0.0,4.309181369423798,1.0000000000000013,"L001,L074,L078,L079,L093",5,1.5573846135289178,1.5573846135289178,3,"L074,L078,L079",3,True,relay_cascade,
1,20260708,L001->L094,L001,L094,True,True,4.309181369423798,0.0,4.309181369423798,1.0000000000000013,"L001,L074,L078,L079,L094",5,1.557384613528911,1.557384613528911,3,"L074,L078,L079",3,True,relay_cascade,
1,20260708,L001->L095,L001,L095,True,True,363.6288677852511,363.6288677852511,0.0,1.0000000000000007,"L001,L024,L026,L030,L044,L045,L046,L054,L056,L057,L058,L060,L062,L065,L068,L088,L089,L091,L092,L095,L102,L104,L105,L106,L109,L110,L111,L112,L114,L115,L121,L122,L125,L128,L129,L130,L131,L132,L134,L135,L140,L143,L147,L149,L150,L153,L154,L155,L156,L158,L160,L169,L176,L178,L179",55,5.049258243402923,5.049258243402923,53,"L024,L026,L030,L044,L045,L046,L054,L056,L057,L058,L060,L062,L065,L068,L088,L089,L091,L092,L102,L104,L105,L106,L109,L110,L111,L112,L114,L115,L121,L122,L125,L128,L129,L130,L131,L132,L134,L135,L140,L143,L147,L149,L150,L153,L154,L155,L156,L158,L160,L169,L176,L178,L179",53,True,relay_cascade,
1,20260708,L001->L096,L001,L096,True,True,438.315597179238,438.315597179238,0.0,1.000000000000001,"L001,L030,L046,L056,L057,L058,L059,L060,L061,L062,L063,L064,L065,L068,L069,L095,L096,L102,L104,L109,L110,L111,L112,L121,L122,L125,L128,L129,L130,L131,L132,L134,L140,L143,L147,L148,L149,L150,L151,L153,L154,L155,L156,L158,L159,L160,L169,L176,L178,L179",50,4.85572169700363,4.85572169700363,48,"L030,L046,L056,L057,L058,L059,L060,L061,L062,L063,L064,L065,L068,L069,L095,L102,L104,L109,L110,L111,L112,L121,L122,L125,L128,L129,L130,L131,L132,L134,L140,L143,L147,L148,L149,L150,L151,L153,L154,L155,L156,L158,L159,L160,L169,L176,L178,L179",48,True,relay_cascade,
1,20260708,L001->L097,L001,L097,True,True,4.309181369423798,0.0,4.309181369423798,1.0000000000000018,"L001,L074,L078,L079,L095,L097",6,1.5545616229792318,1.5545616229792318,4,"L074,L078,L079,L095",4,True,relay_cascade,
1,20260708,L001->L098,L001,L098,True,True,373.6448775364755,369.3356961670517,4.309181369423809,1.0000000000000007,"L001,L024,L026,L030,L044,L045,L052,L053,L054,L055,L056,L057,L058,L060,L065,L074,L075,L076,L078,L079,L080,L082,L083,L084,L085,L086,L087,L088,L089,L091,L092,L095,L098,L099,L100,L101,L102,L103,L104,L105,L106,L109,L110,L112,L113,L114,L115,L116,L119,L120,L121,L122,L125,L126,L127,L128,L129,L134,L140,L147,L149,L150,L153,L155,L156,L158,L160,L169,L176,L178,L179,L185,L186",73,4.421867706611799,4.421867706611799,71,"L024,L026,L030,L044,L045,L052,L053,L054,L055,L056,L057,L058,L060,L065,L074,L075,L076,L078,L079,L080,L082,L083,L084,L085,L086,L087,L088,L089,L091,L092,L095,L099,L100,L101,L102,L103,L104,L105,L106,L109,L110,L112,L113,L114,L115,L116,L119,L120,L121,L122,L125,L126,L127,L128,L129,L134,L140,L147,L149,L150,L153,L155,L156,L158,L160,L169,L176,L178,L179,L185,L186",71,True,relay_cascade,
1,20260708,L001->L099,L001,L099,True,True,373.6448775364755,369.3356961670517,4.309181369423809,1.0000000000000007,"L001,L024,L026,L030,L044,L045,L052,L053,L054,L055,L056,L057,L058,L060,L065,L074,L075,L076,L078,L079,L080,L082,L083,L084,L085,L086,L087,L088,L089,L091,L092,L095,L098,L099,L100,L101,L102,L103,L104,L105,L106,L109,L110,L112,L113,L114,L115,L116,L119,L120,L121,L122,L125,L126,L127,L128,L129,L134,L140,L147,L149,L150,L153,L155,L156,L158,L160,L169,L176,L178,L179,L185,L186",73,4.421867706611799,4.421867706611799,71,"L024,L026,L030,L044,L045,L052,L053,L054,L055,L056,L057,L058,L060,L065,L074,L075,L076,L078,L079,L080,L082,L083,L084,L085,L086,L087,L088,L089,L091,L092,L095,L098,L100,L101,L102,L103,L104,L105,L106,L109,L110,L112,L113,L114,L115,L116,L119,L120,L121,L122,L125,L126,L127,L128,L129,L134,L140,L147,L149,L150,L153,L155,L156,L158,L160,L169,L176,L178,L179,L185,L186",71,True,relay_cascade,
1,20260708,L001->L102,L001,L102,True,True,398.7857089774657,398.7857089774657,0.0,1.0000000000000004,"L001,L024,L030,L044,L045,L048,L054,L056,L057,L058,L060,L065,L078,L079,L091,L093,L094,L095,L102,L104,L105,L106,L109,L110,L111,L112,L121,L122,L125,L128,L129,L130,L131,L132,L134,L140,L143,L144,L145,L146,L147,L148,L149,L150,L151,L153,L154,L155,L156,L157,L158,L159,L160,L169,L176,L178,L179",57,4.9600470531746605,4.9600470531746605,55,"L024,L030,L044,L045,L048,L054,L056,L057,L058,L060,L065,L078,L079,L091,L093,L094,L095,L104,L105,L106,L109,L110,L111,L112,L121,L122,L125,L128,L129,L130,L131,L132,L134,L140,L143,L144,L145,L146,L147,L148,L149,L150,L151,L153,L154,L155,L156,L157,L158,L159,L160,L169,L176,L178,L179",55,True,relay_cascade,
1,20260708,L001->L103,L001,L103,True,True,314.06401758822307,314.06401758822307,0.0,1.0000000000000036,"L001,L024,L030,L044,L045,L048,L054,L056,L057,L058,L060,L065,L072,L073,L075,L076,L078,L080,L083,L091,L092,L093,L094,L095,L100,L102,L103,L104,L109,L110,L111,L112,L113,L114,L115,L121,L122,L125,L128,L129,L130,L131,L134,L140,L143,L147,L149,L150,L153,L154,L155,L156,L158,L159,L160,L169,L176,L178,L179",59,3.568004745896406,3.568004745896406,57,"L024,L030,L044,L045,L048,L054,L056,L057,L058,L060,L065,L072,L073,L075,L076,L078,L080,L083,L091,L092,L093,L094,L095,L100,L102,L104,L109,L110,L111,L112,L113,L114,L115,L121,L122,L125,L128,L129,L130,L131,L134,L140,L143,L147,L149,L150,L153,L154,L155,L156,L158,L159,L160,L169,L176,L178,L179",57,True,relay_cascade,
1,20260708,L001->L104,L001,L104,True,True,436.866341619016,436.866341619016,0.0,1.0000000000000007,"L001,L024,L026,L030,L039,L044,L045,L046,L050,L054,L056,L057,L058,L060,L062,L063,L064,L065,L068,L078,L091,L092,L093,L094,L095,L102,L104,L105,L106,L109,L110,L111,L112,L121,L122,L125,L128,L129,L130,L131,L134,L140,L143,L147,L148,L149,L150,L151,L153,L154,L155,L156,L157,L158,L160,L169,L176,L178,L179",59,8.095504333830224,8.095504333830224,57,"L024,L026,L030,L039,L044,L045,L046,L050,L054,L056,L057,L058,L060,L062,L063,L064,L065,L068,L078,L091,L092,L093,L094,L095,L102,L105,L106,L109,L110,L111,L112,L121,L122,L125,L128,L129,L130,L131,L134,L140,L143,L147,L148,L149,L150,L151,L153,L154,L155,L156,L157,L158,L160,L169,L176,L178,L179",57,True,relay_cascade,
1,20260708,L001->L105,L001,L105,True,True,288.5991973423742,279.8697186412588,8.729478701115378,1.0000000000000142,"L001,L030,L044,L045,L054,L056,L058,L060,L062,L064,L065,L068,L069,L095,L102,L104,L105,L106,L110,L111,L113,L114,L115,L121,L122,L125,L128,L134,L140,L143,L148,L149,L151,L153,L154,L155,L157,L158,L159,L160,L169,L176,L178,L179",44,2.4877252580132634,2.4877252580132634,42,"L030,L044,L045,L054,L056,L058,L060,L062,L064,L065,L068,L069,L095,L102,L104,L106,L110,L111,L113,L114,L115,L121,L122,L125,L128,L134,L140,L143,L148,L149,L151,L153,L154,L155,L157,L158,L159,L160,L169,L176,L178,L179",42,True,relay_cascade,
1,20260708,L001->L106,L001,L106,True,True,173.6078354924617,164.87835679134633,8.729478701115378,1.000000000000001,"L001,L015,L024,L026,L030,L039,L044,L045,L046,L050,L054,L056,L057,L058,L060,L065,L093,L094,L095,L102,L104,L105,L106,L110,L111,L113,L114,L115,L121,L122,L125,L128,L134,L140,L143,L148,L149,L151,L153,L154,L155,L157,L158,L159,L160,L169,L176,L178,L179",49,7.71453598830912,7.71453598830912,47,"L015,L024,L026,L030,L039,L044,L045,L046,L050,L054,L056,L057,L058,L060,L065,L093,L094,L095,L102,L104,L105,L110,L111,L113,L114,L115,L121,L122,L125,L128,L134,L140,L143,L148,L149,L151,L153,L154,L155,L157,L158,L159,L160,L169,L176,L178,L179",47,True,relay_cascade,
1,20260708,L001->L107,L001,L107,True,True,450.96292231213056,450.96292231213056,0.0,1.0000000000000018,"L001,L024,L026,L030,L039,L044,L045,L046,L050,L054,L056,L057,L058,L060,L065,L078,L093,L094,L095,L097,L102,L104,L105,L106,L107,L110,L111,L112,L115,L119,L120,L121,L122,L125,L126,L127,L128,L129,L130,L131,L132,L134,L140,L143,L147,L148,L149,L150,L151,L153,L154,L155,L156,L157,L158,L160,L169,L176,L178,L179,L185,L186",62,7.841426367485573,7.841426367485573,60,"L024,L026,L030,L039,L044,L045,L046,L050,L054,L056,L057,L058,L060,L065,L078,L093,L094,L095,L097,L102,L104,L105,L106,L110,L111,L112,L115,L119,L120,L121,L122,L125,L126,L127,L128,L129,L130,L131,L132,L134,L140,L143,L147,L148,L149,L150,L151,L153,L154,L155,L156,L157,L158,L160,L169,L176,L178,L179,L185,L186",60,True,relay_cascade,
1,20260708,L001->L108,L001,L108,True,True,102.86527058788053,102.86527058788053,0.0,1.0000000000000022,"L001,L024,L030,L044,L045,L048,L054,L056,L057,L058,L060,L102,L104,L108,L109,L110,L111,L134,L140,L143,L147,L150,L153,L154,L155,L156,L158,L160,L169,L176,L178,L179",32,3.1815417309636205,3.1815417309636205,30,"L024,L030,L044,L045,L048,L054,L056,L057,L058,L060,L102,L104,L109,L110,L111,L134,L140,L143,L147,L150,L153,L154,L155,L156,L158,L160,L169,L176,L178,L179",30,True,relay_cascade,
1,20260708,L001->L110,L001,L110,True,True,102.86527058788053,102.86527058788053,0.0,1.0000000000000009,"L001,L024,L030,L039,L044,L045,L048,L054,L056,L057,L058,L060,L102,L109,L110,L111,L134,L140,L143,L147,L150,L153,L154,L155,L156,L158,L160,L169,L176,L178,L179",31,3.823666494158117,3.823666494158117,29,"L024,L030,L039,L044,L045,L048,L054,L056,L057,L058,L060,L102,L109,L111,L134,L140,L143,L147,L150,L153,L154,L155,L156,L158,L160,L169,L176,L178,L179",29,True,relay_cascade,
1,20260708,L001->L111,L001,L111,True,True,214.62590898185726,214.62590898185726,0.0,1.0000000000000013,"L001,L024,L030,L044,L045,L048,L054,L056,L057,L058,L060,L102,L104,L109,L110,L111,L112,L121,L122,L125,L134,L140,L143,L147,L150,L153,L154,L155,L156,L158,L160,L169,L176,L178,L179",35,3.224715993641573,3.224715993641573,33,"L024,L030,L044,L045,L048,L054,L056,L057,L058,L060,L102,L104,L109,L110,L112,L121,L122,L125,L134,L140,L143,L147,L150,L153,L154,L155,L156,L158,L160,L169,L176,L178,L179",33,True,relay_cascade,
1,20260708,L001->L112,L001,L112,True,True,408.7226966194702,408.7226966194702,0.0,1.0000000000000107,"L001,L024,L030,L044,L045,L048,L054,L056,L057,L058,L060,L062,L065,L068,L102,L104,L105,L106,L109,L110,L111,L112,L113,L121,L122,L125,L128,L129,L134,L140,L143,L147,L148,L149,L150,L151,L153,L154,L155,L156,L157,L158,L159,L160,L169,L176,L178,L179",48,4.158116941864689,4.158116941864689,46,"L024,L030,L044,L045,L048,L054,L056,L057,L058,L060,L062,L065,L068,L102,L104,L105,L106,L109,L110,L111,L113,L121,L122,L125,L128,L129,L134,L140,L143,L147,L148,L149,L150,L151,L153,L154,L155,L156,L157,L158,L159,L160,L169,L176,L178,L179",46,True,relay_cascade,
1,20260708,L001->L113,L001,L113,True,True,408.7226966194702,408.7226966194702,0.0,1.0000000000000107,"L001,L024,L044,L045,L048,L054,L056,L057,L058,L060,L062,L065,L068,L102,L104,L105,L106,L109,L110,L111,L112,L113,L114,L115,L121,L122,L125,L128,L129,L134,L140,L143,L147,L148,L149,L150,L151,L153,L154,L155,L156,L157,L158,L159,L160,L169,L176,L178,L179",49,4.158116941864679,4.158116941864679,47,"L024,L044,L045,L048,L054,L056,L057,L058,L060,L062,L065,L068,L102,L104,L105,L106,L109,L110,L111,L112,L114,L115,L121,L122,L125,L128,L129,L134,L140,L143,L147,L148,L149,L150,L151,L153,L154,L155,L156,L157,L158,L159,L160,L169,L176,L178,L179",47,True,relay_cascade,
1,20260708,L001->L117,L001,L117,True,True,102.86527058788053,102.86527058788053,0.0,1.0000000000000009,"L001,L024,L044,L045,L048,L054,L056,L057,L058,L060,L095,L102,L104,L109,L110,L111,L113,L114,L115,L117,L134,L140,L143,L147,L150,L153,L154,L155,L156,L158,L159,L160,L169,L176,L178,L179",36,4.0573685455926425,4.0573685455926425,34,"L024,L044,L045,L048,L054,L056,L057,L058,L060,L095,L102,L104,L109,L110,L111,L113,L114,L115,L134,L140,L143,L147,L150,L153,L154,L155,L156,L158,L159,L160,L169,L176,L178,L179",34,True,relay_cascade,
1,20260708,L001->L118,L001,L118,True,True,302.9159181695398,302.9159181695398,0.0,1.0000000000000009,"L001,L024,L044,L045,L048,L054,L056,L057,L058,L060,L065,L102,L104,L105,L106,L109,L110,L111,L113,L118,L121,L122,L125,L128,L134,L140,L143,L147,L148,L149,L150,L151,L153,L154,L155,L156,L157,L158,L159,L160,L169,L176,L178,L179,L185,L186",46,3.4135462168714352,3.4135462168714352,44,"L024,L044,L045,L048,L054,L056,L057,L058,L060,L065,L102,L104,L105,L106,L109,L110,L111,L113,L121,L122,L125,L128,L134,L140,L143,L147,L148,L149,L150,L151,L153,L154,L155,L156,L157,L158,L159,L160,L169,L176,L178,L179,L185,L186",44,True,relay_cascade,
1,20260708,L001->L119,L001,L119,True,True,498.83809512822165,496.2884175339801,2.5496775942415395,1.000000000000004,"L001,L024,L044,L045,L048,L054,L056,L057,L058,L059,L062,L063,L064,L065,L069,L102,L104,L105,L106,L107,L109,L110,L111,L113,L114,L115,L119,L120,L121,L122,L125,L126,L127,L128,L129,L134,L140,L143,L146,L147,L148,L149,L150,L151,L153,L154,L155,L156,L157,L158,L159,L160,L169,L176,L178,L179,L185,L186",58,5.237891997950173,5.237891997950173,56,"L024,L044,L045,L048,L054,L056,L057,L058,L059,L062,L063,L064,L065,L069,L102,L104,L105,L106,L107,L109,L110,L111,L113,L114,L115,L120,L121,L122,L125,L126,L127,L128,L129,L134,L140,L143,L146,L147,L148,L149,L150,L151,L153,L154,L155,L156,L157,L158,L159,L160,L169,L176,L178,L179,L185,L186",56,True,relay_cascade,
1,20260708,L001->L121,L001,L121,True,True,326.4075155613687,326.4075155613687,0.0,1.0000000000000009,"L001,L024,L044,L045,L048,L054,L056,L057,L058,L060,L065,L091,L093,L094,L095,L102,L104,L105,L106,L109,L110,L111,L113,L121,L122,L125,L126,L127,L128,L129,L134,L140,L143,L147,L148,L149,L150,L151,L153,L154,L155,L156,L157,L158,L159,L160,L169,L176,L178,L179",50,3.8172420308142767,3.8172420308142767,48,"L024,L044,L045,L048,L054,L056,L057,L058,L060,L065,L091,L093,L094,L095,L102,L104,L105,L106,L109,L110,L111,L113,L122,L125,L126,L127,L128,L129,L134,L140,L143,L147,L148,L149,L150,L151,L153,L154,L155,L156,L157,L158,L159,L160,L169,L176,L178,L179",48,True,relay_cascade,
1,20260708,L001->L122,L001,L122,True,True,10.952707649595128,0.0,10.952707649595128,1.0000000000000036,"L001,L122",2,1.1711345929520895,1.1711345929520895,0,,0,False,island_only,
1,20260708,L001->L125,L001,L125,True,True,273.2346396663305,273.2346396663305,0.0,1.0000000000000009,"L001,L024,L044,L045,L048,L054,L056,L057,L058,L060,L065,L091,L093,L094,L095,L102,L104,L105,L106,L109,L110,L111,L113,L121,L125,L126,L127,L128,L129,L134,L140,L143,L147,L149,L150,L153,L154,L155,L156,L158,L159,L160,L169,L176,L178,L179",46,3.2725978342096163,3.2725978342096163,44,"L024,L044,L045,L048,L054,L056,L057,L058,L060,L065,L091,L093,L094,L095,L102,L104,L105,L106,L109,L110,L111,L113,L121,L126,L127,L128,L129,L134,L140,L143,L147,L149,L150,L153,L154,L155,L156,L158,L159,L160,L169,L176,L178,L179",44,True,relay_cascade,
1,20260708,L001->L128,L001,L128,True,True,276.2895526029349,276.2895526029349,0.0,1.0000000000000009,"L001,L024,L044,L045,L048,L054,L056,L057,L058,L060,L102,L104,L109,L110,L111,L113,L114,L115,L128,L129,L130,L131,L132,L134,L140,L143,L147,L148,L149,L150,L151,L152,L154,L155,L156,L157,L158,L159,L160,L169,L176,L178,L179",43,3.4671009683792477,3.4671009683792477,41,"L024,L044,L045,L048,L054,L056,L057,L058,L060,L102,L104,L109,L110,L111,L113,L114,L115,L129,L130,L131,L132,L134,L140,L143,L147,L148,L149,L150,L151,L152,L154,L155,L156,L157,L158,L159,L160,L169,L176,L178,L179",41,True,relay_cascade,
1,20260708,L001->L129,L001,L129,True,True,214.646877167392,214.646877167392,0.0,1.0000000000000009,"L001,L024,L044,L045,L048,L054,L056,L057,L058,L060,L102,L104,L109,L110,L111,L113,L114,L115,L126,L127,L128,L129,L134,L140,L147,L148,L149,L150,L151,L153,L155,L156,L158,L159,L160,L169,L176,L178,L179",39,3.4265289581793774,3.4265289581793774,37,"L024,L044,L045,L048,L054,L056,L057,L058,L060,L102,L104,L109,L110,L111,L113,L114,L115,L126,L127,L128,L134,L140,L147,L148,L149,L150,L151,L153,L155,L156,L158,L159,L160,L169,L176,L178,L179",37,True,relay_cascade,
1,20260708,L001->L133,L001,L133,True,True,427.48110959689006,427.48110959689006,0.0,1.0000000000000107,"L001,L024,L044,L045,L048,L054,L056,L057,L058,L060,L062,L065,L068,L102,L104,L105,L106,L109,L110,L111,L113,L114,L115,L121,L122,L125,L128,L129,L130,L131,L133,L140,L143,L146,L147,L148,L149,L150,L151,L153,L154,L155,L156,L157,L158,L159,L160,L169,L176,L178,L179",51,4.065734267634313,4.065734267634313,49,"L024,L044,L045,L048,L054,L056,L057,L058,L060,L062,L065,L068,L102,L104,L105,L106,L109,L110,L111,L113,L114,L115,L121,L122,L125,L128,L129,L130,L131,L140,L143,L146,L147,L148,L149,L150,L151,L153,L154,L155,L156,L157,L158,L159,L160,L169,L176,L178,L179",49,True,relay_cascade,
1,20260708,L001->L134,L001,L134,True,True,408.7226966194702,408.7226966194702,0.0,1.0000000000000107,"L001,L024,L044,L045,L048,L054,L056,L057,L058,L060,L062,L065,L068,L102,L104,L105,L106,L109,L110,L111,L113,L114,L115,L121,L122,L125,L128,L129,L134,L140,L143,L147,L148,L149,L150,L151,L153,L154,L155,L156,L157,L158,L159,L160,L169,L176,L178,L179",48,4.158116941864679,4.158116941864679,46,"L024,L044,L045,L048,L054,L056,L057,L058,L060,L062,L065,L068,L102,L104,L105,L106,L109,L110,L111,L113,L114,L115,L121,L122,L125,L128,L129,L140,L143,L147,L148,L149,L150,L151,L153,L154,L155,L156,L157,L158,L159,L160,L169,L176,L178,L179",46,True,relay_cascade,
1,20260708,L001->L144,L001,L144,True,True,256.44056676107584,256.44056676107584,0.0,1.0000000000000009,"L001,L024,L044,L045,L048,L054,L056,L057,L058,L060,L095,L102,L104,L109,L110,L111,L113,L114,L115,L128,L129,L130,L134,L140,L144,L145,L148,L151,L153,L155,L157,L158,L160,L169,L176,L178,L179",37,3.5665183241066827,3.5665183241066827,35,"L024,L044,L045,L048,L054,L056,L057,L058,L060,L095,L102,L104,L109,L110,L111,L113,L114,L115,L128,L129,L130,L134,L140,L145,L148,L151,L153,L155,L157,L158,L160,L169,L176,L178,L179",35,True,relay_cascade,
1,20260708,L001->L145,L001,L145,True,True,256.44056676107584,256.44056676107584,0.0,1.0000000000000009,"L001,L024,L044,L045,L048,L054,L056,L057,L058,L060,L095,L102,L104,L109,L110,L111,L113,L114,L115,L128,L129,L134,L140,L144,L145,L146,L148,L151,L153,L155,L157,L158,L160,L169,L176,L178,L179",37,3.5665183241066827,3.5665183241066827,35,"L024,L044,L045,L048,L054,L056,L057,L058,L060,L095,L102,L104,L109,L110,L111,L113,L114,L115,L128,L129,L134,L140,L144,L146,L148,L151,L153,L155,L157,L158,L160,L169,L176,L178,L179",35,True,relay_cascade,
1,20260708,L001->L146,L001,L146,True,True,245.53067595890911,245.53067595890911,0.0,1.0000000000000009,"L001,L024,L044,L045,L048,L054,L056,L057,L058,L060,L095,L102,L104,L109,L110,L111,L113,L114,L115,L128,L129,L134,L140,L145,L146,L148,L151,L153,L155,L157,L158,L160,L169,L176,L178,L179",36,3.5665183241066827,3.5665183241066827,34,"L024,L044,L045,L048,L054,L056,L057,L058,L060,L095,L102,L104,L109,L110,L111,L113,L114,L115,L128,L129,L134,L140,L145,L148,L151,L153,L155,L157,L158,L160,L169,L176,L178,L179",34,True,relay_cascade,
1,20260708,L001->L147,L001,L147,True,True,303.81914348874363,303.81914348874363,0.0,1.0000000000000016,"L001,L024,L044,L045,L048,L054,L056,L057,L058,L060,L102,L104,L109,L110,L111,L113,L114,L115,L121,L122,L125,L128,L129,L130,L131,L132,L134,L140,L143,L147,L149,L150,L153,L154,L155,L156,L158,L160,L169,L176,L178,L179",42,3.3778354131476207,3.3778354131476207,40,"L024,L044,L045,L048,L054,L056,L057,L058,L060,L102,L104,L109,L110,L111,L113,L114,L115,L121,L122,L125,L128,L129,L130,L131,L132,L134,L140,L143,L149,L150,L153,L154,L155,L156,L158,L160,L169,L176,L178,L179",40,True,relay_cascade,
1,20260708,L001->L148,L001,L148,True,True,245.23138098980513,245.23138098980513,0.0,1.0000000000000009,"L001,L024,L044,L045,L048,L054,L056,L057,L058,L060,L095,L102,L104,L109,L110,L111,L113,L114,L115,L128,L129,L130,L131,L132,L134,L140,L143,L147,L148,L149,L150,L151,L153,L154,L155,L156,L157,L158,L160,L169,L176,L178,L179",43,3.5665183241066827,3.5665183241066827,41,"L024,L044,L045,L048,L054,L056,L057,L058,L060,L095,L102,L104,L109,L110,L111,L113,L114,L115,L128,L129,L130,L131,L132,L134,L140,L143,L147,L149,L150,L151,L153,L154,L155,L156,L157,L158,L160,L169,L176,L178,L179",41,True,relay_cascade,
1,20260708,L001->L151,L001,L151,True,True,266.48140867749476,266.48140867749476,0.0,1.0000000000000009,"L001,L024,L044,L045,L048,L054,L056,L057,L058,L060,L095,L102,L109,L110,L111,L113,L114,L115,L128,L129,L130,L133,L134,L140,L147,L148,L150,L151,L152,L153,L154,L155,L156,L158,L159,L160,L178,L179",38,3.4423539037712616,3.4423539037712616,36,"L024,L044,L045,L048,L054,L056,L057,L058,L060,L095,L102,L109,L110,L111,L113,L114,L115,L128,L129,L130,L133,L134,L140,L147,L148,L150,L152,L153,L154,L155,L156,L158,L159,L160,L178,L179",36,True,relay_cascade,
1,20260708,L001->L152,L001,L152,True,True,276.2895526029349,276.2895526029349,0.0,1.0000000000000009,"L001,L024,L044,L045,L048,L054,L056,L057,L058,L060,L102,L104,L109,L110,L111,L113,L114,L115,L128,L129,L130,L131,L132,L134,L140,L143,L147,L148,L149,L150,L151,L152,L155,L156,L157,L158,L159,L160,L169,L176,L178,L179",42,4.909050982145114,4.909050982145114,40,"L024,L044,L045,L048,L054,L056,L057,L058,L060,L102,L104,L109,L110,L111,L113,L114,L115,L128,L129,L130,L131,L132,L134,L140,L143,L147,L148,L149,L150,L151,L155,L156,L157,L158,L159,L160,L169,L176,L178,L179",40,True,relay_cascade,
1,20260708,L001->L157,L001,L157,True,True,259.9389967937804,259.9389967937804,0.0,1.000000000000004,"L001,L024,L044,L045,L048,L054,L056,L057,L058,L060,L095,L102,L109,L110,L111,L113,L114,L115,L128,L129,L130,L131,L132,L134,L140,L143,L147,L148,L149,L150,L152,L153,L154,L155,L156,L157,L158,L159,L160,L169,L178,L179",42,3.5243775235799326,3.5243775235799326,40,"L024,L044,L045,L048,L054,L056,L057,L058,L060,L095,L102,L109,L110,L111,L113,L114,L115,L128,L129,L130,L131,L132,L134,L140,L143,L147,L148,L149,L150,L152,L153,L154,L155,L156,L158,L159,L160,L169,L178,L179",40,True,relay_cascade,
1,20260708,L001->L159,L001,L159,True,True,276.2895526029349,276.2895526029349,0.0,1.000000000000004,"L001,L024,L044,L045,L048,L054,L056,L057,L058,L060,L095,L102,L109,L110,L111,L113,L114,L115,L128,L129,L130,L131,L132,L134,L140,L143,L147,L148,L149,L150,L151,L152,L154,L155,L156,L157,L158,L159,L160,L169,L176,L178,L179",43,3.436339638872065,3.436339638872065,41,"L024,L044,L045,L048,L054,L056,L057,L058,L060,L095,L102,L109,L110,L111,L113,L114,L115,L128,L129,L130,L131,L132,L134,L140,L143,L147,L148,L149,L150,L151,L152,L154,L155,L156,L157,L158,L160,L169,L176,L178,L179",41,True,relay_cascade,
1,20260708,L001->L161,L001,L161,True,True,0.8591841142224027,0.0,0.8591841142224027,1.0000000000000009,"L001,L161",2,1.0616959873776999,1.0616959873776999,0,,0,False,island_only,
1,20260708,L001->L170,L001,L170,True,True,408.7226966194702,408.7226966194702,0.0,1.0000000000000016,"L001,L024,L044,L045,L048,L054,L056,L057,L058,L060,L062,L065,L068,L095,L102,L104,L105,L106,L109,L110,L111,L113,L114,L115,L121,L122,L125,L128,L129,L134,L140,L143,L147,L148,L149,L150,L151,L153,L154,L155,L156,L157,L158,L159,L160,L169,L170,L172,L176,L178,L179",51,4.217357248571258,4.217357248571258,49,"L024,L044,L045,L048,L054,L056,L057,L058,L060,L062,L065,L068,L095,L102,L104,L105,L106,L109,L110,L111,L113,L114,L115,L121,L122,L125,L128,L129,L134,L140,L143,L147,L148,L149,L150,L151,L153,L154,L155,L156,L157,L158,L159,L160,L169,L172,L176,L178,L179",49,True,relay_cascade,
1,20260708,L001->L172,L001,L172,True,True,408.7226966194702,408.7226966194702,0.0,1.0000000000000016,"L001,L024,L044,L045,L048,L054,L056,L057,L058,L060,L062,L065,L068,L095,L102,L104,L105,L106,L109,L110,L111,L113,L114,L115,L121,L122,L125,L128,L129,L134,L140,L143,L147,L148,L149,L150,L151,L153,L154,L155,L156,L157,L158,L159,L160,L169,L170,L172,L176,L178,L179",51,4.217357248571258,4.217357248571258,49,"L024,L044,L045,L048,L054,L056,L057,L058,L060,L062,L065,L068,L095,L102,L104,L105,L106,L109,L110,L111,L113,L114,L115,L121,L122,L125,L128,L129,L134,L140,L143,L147,L148,L149,L150,L151,L153,L154,L155,L156,L157,L158,L159,L160,L169,L170,L176,L178,L179",49,True,relay_cascade,
1,20260708,L001->L174,L001,L174,True,True,312.9521051192149,312.9521051192149,0.0,1.000000000000003,"L001,L024,L044,L045,L048,L054,L056,L057,L058,L060,L095,L102,L109,L110,L111,L113,L114,L115,L121,L122,L125,L128,L129,L130,L131,L132,L134,L135,L136,L140,L143,L147,L149,L150,L153,L154,L155,L156,L158,L159,L160,L171,L173,L174,L175,L178,L179",47,4.637404854195449,4.637404854195449,45,"L024,L044,L045,L048,L054,L056,L057,L058,L060,L095,L102,L109,L110,L111,L113,L114,L115,L121,L122,L125,L128,L129,L130,L131,L132,L134,L135,L136,L140,L143,L147,L149,L150,L153,L154,L155,L156,L158,L159,L160,L171,L173,L175,L178,L179",45,True,relay_cascade,
1,20260708,L001->L176,L001,L176,True,True,429.7081973764355,429.7081973764355,0.0,1.0000000000000107,"L001,L024,L044,L045,L048,L054,L056,L057,L058,L060,L062,L065,L068,L102,L104,L105,L106,L109,L110,L111,L113,L114,L115,L121,L122,L125,L128,L129,L134,L140,L143,L147,L148,L149,L150,L151,L153,L154,L155,L156,L157,L158,L160,L162,L176,L178,L179",47,3.7204841188268394,3.7204841188268394,45,"L024,L044,L045,L048,L054,L056,L057,L058,L060,L062,L065,L068,L102,L104,L105,L106,L109,L110,L111,L113,L114,L115,L121,L122,L125,L128,L129,L134,L140,L143,L147,L148,L149,L150,L151,L153,L154,L155,L156,L157,L158,L160,L162,L178,L179",45,True,relay_cascade,
1,20260708,L001->L177,L001,L177,True,True,102.86527058788053,102.86527058788053,0.0,1.0000000000000009,"L001,L024,L044,L045,L048,L054,L056,L057,L058,L060,L095,L102,L104,L109,L110,L111,L113,L114,L115,L134,L140,L143,L147,L150,L153,L154,L155,L156,L158,L160,L169,L175,L176,L177,L178,L179",36,3.531629747806688,3.531629747806688,34,"L024,L044,L045,L048,L054,L056,L057,L058,L060,L095,L102,L104,L109,L110,L111,L113,L114,L115,L134,L140,L143,L147,L150,L153,L154,L155,L156,L158,L160,L169,L175,L176,L178,L179",34,True,relay_cascade,
1,20260708,L001->L178,L001,L178,True,True,459.37179838061,459.37179838061,0.0,1.000000000000007,"L001,L024,L030,L044,L045,L048,L054,L056,L057,L058,L060,L062,L063,L064,L065,L068,L091,L092,L093,L094,L095,L097,L102,L104,L105,L106,L109,L110,L111,L113,L114,L115,L121,L122,L125,L128,L129,L130,L131,L134,L140,L143,L147,L148,L149,L150,L151,L153,L154,L155,L156,L157,L158,L159,L160,L169,L176,L178,L179",59,3.8967623450721334,3.8967623450721334,57,"L024,L030,L044,L045,L048,L054,L056,L057,L058,L060,L062,L063,L064,L065,L068,L091,L092,L093,L094,L095,L097,L102,L104,L105,L106,L109,L110,L111,L113,L114,L115,L121,L122,L125,L128,L129,L130,L131,L134,L140,L143,L147,L148,L149,L150,L151,L153,L154,L155,L156,L157,L158,L159,L160,L169,L176,L179",57,True,relay_cascade,
1,20260708,L001->L179,L001,L179,True,True,459.37179838061,459.37179838061,0.0,1.000000000000007,"L001,L024,L030,L039,L044,L045,L048,L054,L056,L057,L058,L060,L062,L063,L064,L065,L068,L091,L092,L093,L094,L095,L097,L102,L104,L105,L106,L109,L110,L111,L113,L114,L115,L121,L122,L125,L128,L129,L130,L131,L134,L140,L143,L147,L148,L149,L150,L151,L153,L154,L155,L156,L157,L158,L159,L160,L169,L176,L178,L179",60,3.887388469757617,3.887388469757617,58,"L024,L030,L039,L044,L045,L048,L054,L056,L057,L058,L060,L062,L063,L064,L065,L068,L091,L092,L093,L094,L095,L097,L102,L104,L105,L106,L109,L110,L111,L113,L114,L115,L121,L122,L125,L128,L129,L130,L131,L134,L140,L143,L147,L148,L149,L150,L151,L153,L154,L155,L156,L157,L158,L159,L160,L169,L176,L178",58,True,relay_cascade,
1,20260708,L001->L180,L001,L180,True,True,460.2479033376867,459.37179838061,0.8761049570766843,1.000000000000007,"L001,L024,L030,L039,L040,L043,L044,L045,L048,L054,L056,L057,L058,L060,L062,L063,L064,L065,L068,L091,L092,L093,L094,L095,L097,L102,L104,L105,L106,L109,L110,L111,L113,L114,L115,L121,L122,L125,L128,L129,L130,L131,L134,L140,L143,L147,L148,L149,L150,L151,L153,L154,L155,L156,L157,L158,L159,L160,L169,L176,L178,L179,L180",63,3.8971896134587674,3.8971896134587674,61,"L024,L030,L039,L040,L043,L044,L045,L048,L054,L056,L057,L058,L060,L062,L063,L064,L065,L068,L091,L092,L093,L094,L095,L097,L102,L104,L105,L106,L109,L110,L111,L113,L114,L115,L121,L122,L125,L128,L129,L130,L131,L134,L140,L143,L147,L148,L149,L150,L151,L153,L154,L155,L156,L157,L158,L159,L160,L169,L176,L178,L179",61,True,relay_cascade,
1,20260708,L001->L181,L001,L181,True,True,3.044484922870705,0.0,3.044484922870705,1.0000000000000009,"L001,L181",2,1.12177939691483,1.12177939691483,0,,0,False,island_only,
1,20260708,L001->L182,L001,L182,True,True,459.37179838061,459.37179838061,0.0,1.000000000000007,"L001,L024,L030,L040,L043,L044,L045,L048,L054,L056,L057,L058,L060,L062,L063,L064,L065,L068,L091,L092,L093,L094,L095,L097,L102,L104,L105,L106,L109,L110,L111,L113,L114,L115,L121,L122,L125,L128,L129,L130,L131,L134,L140,L143,L147,L148,L149,L150,L151,L153,L154,L155,L156,L157,L158,L159,L160,L169,L176,L178,L179,L182",62,3.8974290354063186,3.8974290354063186,60,"L024,L030,L040,L043,L044,L045,L048,L054,L056,L057,L058,L060,L062,L063,L064,L065,L068,L091,L092,L093,L094,L095,L097,L102,L104,L105,L106,L109,L110,L111,L113,L114,L115,L121,L122,L125,L128,L129,L130,L131,L134,L140,L143,L147,L148,L149,L150,L151,L153,L154,L155,L156,L157,L158,L159,L160,L169,L176,L178,L179",60,True,relay_cascade,
1,20260708,L001->L183,L001,L183,True,True,400.9988715440636,400.9988715440636,0.0,1.0000000000000009,"L001,L024,L030,L039,L044,L045,L048,L054,L056,L057,L058,L060,L065,L095,L102,L104,L105,L106,L109,L110,L111,L113,L114,L115,L116,L119,L120,L121,L122,L125,L126,L127,L128,L134,L140,L143,L147,L148,L149,L150,L151,L153,L154,L155,L156,L157,L158,L159,L160,L169,L176,L178,L179,L183,L185,L186",56,3.390814168480274,3.390814168480274,54,"L024,L030,L039,L044,L045,L048,L054,L056,L057,L058,L060,L065,L095,L102,L104,L105,L106,L109,L110,L111,L113,L114,L115,L116,L119,L120,L121,L122,L125,L126,L127,L128,L134,L140,L143,L147,L148,L149,L150,L151,L153,L154,L155,L156,L157,L158,L159,L160,L169,L176,L178,L179,L185,L186",54,True,relay_cascade,
1,20260708,L001->L184,L001,L184,True,True,430.3711580358089,430.3711580358089,0.0,1.0000000000000016,"L001,L024,L044,L045,L048,L054,L056,L057,L058,L060,L062,L065,L068,L095,L102,L104,L105,L106,L109,L110,L111,L113,L114,L115,L121,L122,L125,L128,L129,L134,L140,L143,L147,L148,L149,L150,L151,L153,L154,L155,L156,L157,L158,L159,L160,L169,L176,L178,L179,L184",50,4.158116941864683,4.158116941864683,48,"L024,L044,L045,L048,L054,L056,L057,L058,L060,L062,L065,L068,L095,L102,L104,L105,L106,L109,L110,L111,L113,L114,L115,L121,L122,L125,L128,L129,L134,L140,L143,L147,L148,L149,L150,L151,L153,L154,L155,L156,L157,L158,L159,L160,L169,L176,L178,L179",48,True,relay_cascade,
1,20260708,L001->L185,L001,L185,True,True,137.98240388052488,137.98240388052488,0.0,1.0000000000000009,"L001,L024,L044,L045,L048,L054,L056,L057,L058,L060,L102,L104,L109,L110,L111,L113,L134,L140,L143,L147,L150,L153,L154,L155,L156,L158,L159,L160,L169,L176,L178,L179,L185,L186",34,4.001967611521595,4.001967611521595,32,"L024,L044,L045,L048,L054,L056,L057,L058,L060,L102,L104,L109,L110,L111,L113,L134,L140,L143,L147,L150,L153,L154,L155,L156,L158,L159,L160,L169,L176,L178,L179,L186",32,True,relay_cascade,
1,20260708,L002->L004,L002,L004,True,True,38.8500870832418,38.8500870832418,0.0,1.0000000000000016,"L001,L002,L004,L013,L014,L024,L044,L045,L048,L054,L056,L057,L058,L060,L062,L065,L068,L095,L102,L104,L105,L106,L109,L110,L111,L113,L114,L115,L121,L122,L125,L128,L129,L134,L140,L143,L147,L148,L149,L150,L151,L153,L154,L155,L156,L157,L158,L159,L160,L169,L176,L178,L179",53,1.554003483329672,1.554003483329672,1,L014,51,True,relay_cascade,
1,20260708,L002->L007,L002,L007,True,True,0.6701005925154615,0.0,0.6701005925154615,1.0000000000000016,"L001,L002,L007,L013,L022,L024,L030,L044,L045,L048,L054,L056,L057,L058,L060,L062,L065,L068,L095,L102,L104,L105,L106,L109,L110,L111,L113,L114,L115,L121,L122,L125,L128,L129,L134,L140,L143,L147,L148,L149,L150,L151,L153,L154,L155,L156,L157,L158,L159,L160,L169,L176,L178,L179",54,1.3120326228762418,1.3120326228762418,2,"L022,L030",52,True,relay_cascade,
1,20260708,L002->L008,L002,L008,True,True,133.09946091125892,133.09946091125892,0.0,1.0000000000000016,"L001,L002,L008,L012,L013,L014,L015,L017,L018,L019,L020,L021,L022,L024,L025,L026,L027,L028,L029,L037,L039,L044,L045,L048,L054,L056,L057,L058,L060,L062,L065,L068,L095,L102,L104,L105,L106,L109,L110,L111,L113,L114,L115,L121,L122,L125,L128,L129,L134,L140,L143,L147,L148,L149,L150,L151,L153,L154,L155,L156,L157,L158,L159,L160,L169,L176,L178,L179",68,3.8958635910742805,3.8958635910742805,16,"L012,L014,L015,L017,L018,L019,L020,L021,L022,L025,L026,L027,L028,L029,L037,L039",66,True,relay_cascade,
1,20260708,L002->L009,L002,L009,True,True,0.6701005925154602,0.0,0.6701005925154602,1.0000000000000016,"L001,L002,L009,L013,L022,L024,L030,L044,L045,L048,L054,L056,L057,L058,L060,L062,L065,L068,L095,L102,L104,L105,L106,L109,L110,L111,L113,L114,L115,L121,L122,L125,L128,L129,L134,L140,L143,L147,L148,L149,L150,L151,L153,L154,L155,L156,L157,L158,L159,L160,L169,L176,L178,L179",54,1.3120326228762451,1.3120326228762451,2,"L022,L030",52,True,relay_cascade,
1,20260708,L002->L016,L002,L016,True,True,31.514792047850804,31.514792047850804,0.0,1.0000000000000016,"L001,L002,L013,L016,L018,L024,L044,L045,L048,L054,L056,L057,L058,L060,L062,L065,L068,L095,L102,L104,L105,L106,L109,L110,L111,L113,L114,L115,L121,L122,L125,L128,L129,L134,L140,L143,L147,L148,L149,L150,L151,L153,L154,L155,L156,L157,L158,L159,L160,L169,L176,L178,L179",53,1.2605916819140321,1.2605916819140321,1,L018,51,True,relay_cascade,
1,20260708,L002->L020,L002,L020,True,True,0.6701005925154602,0.0,0.6701005925154602,1.0000000000000016,"L001,L002,L013,L020,L024,L044,L045,L048,L054,L056,L057,L058,L060,L062,L065,L068,L095,L102,L104,L105,L106,L109,L110,L111,L113,L114,L115,L121,L122,L125,L128,L129,L134,L140,L143,L147,L148,L149,L150,L151,L153,L154,L155,L156,L157,L158,L159,L160,L169,L176,L178,L179",52,1.0268040237006184,1.0268040237006184,0,,50,False,island_only,
1,20260708,L002->L021,L002,L021,True,True,50.564347995860956,49.894247403345496,0.6701005925154602,1.0000000000000016,"L001,L002,L013,L016,L017,L018,L021,L022,L024,L025,L027,L044,L045,L048,L054,L056,L057,L058,L060,L062,L065,L068,L095,L102,L104,L105,L106,L109,L110,L111,L113,L114,L115,L121,L122,L125,L128,L129,L134,L140,L143,L147,L148,L149,L150,L151,L153,L154,L155,L156,L157,L158,L159,L160,L169,L176,L178,L179",58,1.7045966465918994,1.7045966465918994,6,"L016,L017,L018,L022,L025,L027",56,True,relay_cascade,
1,20260708,L002->L022,L002,L022,True,True,0.6701005925154657,0.0,0.6701005925154657,1.0000000000000016,"L001,L002,L013,L022,L024,L044,L045,L048,L054,L056,L057,L058,L060,L062,L065,L068,L095,L102,L104,L105,L106,L109,L110,L111,L113,L114,L115,L121,L122,L125,L128,L129,L134,L140,L143,L147,L148,L149,L150,L151,L153,L154,L155,L156,L157,L158,L159,L160,L169,L176,L178,L179",52,1.0268040237006184,1.0268040237006184,0,,50,False,island_only,
1,20260708,L002->L028,L002,L028,True,True,32.235359849353586,32.235359849353586,0.0,1.0000000000000016,"L001,L002,L013,L024,L025,L026,L028,L044,L045,L048,L054,L056,L057,L058,L060,L062,L065,L068,L095,L102,L104,L105,L106,L109,L110,L111,L113,L114,L115,L121,L122,L125,L128,L129,L134,L140,L143,L147,L148,L149,L150,L151,L153,L154,L155,L156,L157,L158,L159,L160,L169,L176,L178,L179",54,1.7553682576948804,1.7553682576948804,2,"L025,L026",52,True,relay_cascade,
1,20260708,L002->L029,L002,L029,True,True,42.3080770354206,42.3080770354206,0.0,1.0000000000000016,"L001,L002,L013,L024,L025,L026,L029,L044,L045,L048,L054,L056,L057,L058,L060,L062,L065,L068,L095,L102,L104,L105,L106,L109,L110,L111,L113,L114,L115,L121,L122,L125,L128,L129,L134,L140,L143,L147,L148,L149,L150,L151,L153,L154,L155,L156,L157,L158,L159,L160,L169,L176,L178,L179",54,2.1582769451375627,2.1582769451375627,2,"L025,L026",52,True,relay_cascade,
1,20260708,L002->L031,L002,L031,True,True,81.238831558206,81.238831558206,0.0,1.0000000000000016,"L001,L002,L013,L024,L025,L026,L030,L031,L034,L035,L039,L040,L042,L043,L044,L045,L048,L054,L056,L057,L058,L060,L062,L065,L068,L095,L102,L104,L105,L106,L109,L110,L111,L113,L114,L115,L121,L122,L125,L128,L129,L134,L140,L143,L147,L148,L149,L150,L151,L153,L154,L155,L156,L157,L158,L159,L160,L169,L176,L178,L179,L180,L181,L182",64,3.9997794209355355,3.9997794209355355,12,"L025,L026,L030,L034,L035,L039,L040,L042,L043,L180,L181,L182",62,True,relay_cascade,
1,20260708,L002->L033,L002,L033,True,True,35.95850316823305,35.95850316823305,0.0,1.0000000000000016,"L001,L002,L013,L024,L033,L039,L040,L043,L044,L045,L048,L054,L056,L057,L058,L060,L062,L065,L068,L095,L102,L104,L105,L106,L109,L110,L111,L113,L114,L115,L121,L122,L125,L128,L129,L134,L140,L143,L147,L148,L149,L150,L151,L153,L154,L155,L156,L157,L158,L159,L160,L169,L176,L178,L179,L180",56,1.3972979767770264,1.3972979767770264,4,"L039,L040,L043,L180",54,True,relay_cascade,
1,20260708,L002->L034,L002,L034,True,True,41.04569367595296,41.04569367595296,0.0,1.0000000000000016,"L001,L002,L013,L024,L034,L040,L044,L045,L048,L054,L056,L057,L058,L060,L062,L065,L068,L095,L102,L104,L105,L106,L109,L110,L111,L113,L114,L115,L121,L122,L125,L128,L129,L134,L140,L143,L147,L148,L149,L150,L151,L153,L154,L155,L156,L157,L158,L159,L160,L169,L176,L178,L179",53,1.6418277470381186,1.6418277470381186,1,L040,51,True,relay_cascade,
1,20260708,L002->L036,L002,L036,True,True,92.00875822562192,91.33865763310646,0.6701005925154574,1.0000000000000016,"L001,L002,L006,L013,L015,L016,L017,L018,L020,L024,L025,L026,L027,L028,L029,L032,L035,L036,L039,L042,L044,L045,L048,L054,L056,L057,L058,L060,L062,L065,L068,L095,L102,L104,L105,L106,L109,L110,L111,L113,L114,L115,L121,L122,L125,L128,L129,L134,L140,L143,L147,L148,L149,L150,L151,L153,L154,L155,L156,L157,L158,L159,L160,L169,L176,L178,L179",67,5.370220260305672,5.370220260305672,15,"L006,L015,L016,L017,L018,L020,L025,L026,L027,L028,L029,L032,L035,L039,L042",65,True,relay_cascade,
1,20260708,L002->L038,L002,L038,True,True,32.235359849353586,32.235359849353586,0.0,1.0000000000000016,"L001,L002,L013,L024,L025,L027,L028,L032,L035,L038,L039,L042,L044,L045,L048,L054,L056,L057,L058,L060,L062,L065,L068,L095,L102,L104,L105,L106,L109,L110,L111,L113,L114,L115,L121,L122,L125,L128,L129,L134,L140,L143,L147,L148,L149,L150,L151,L153,L154,L155,L156,L157,L158,L159,L160,L169,L176,L178,L179",59,2.7758392619744097,2.7758392619744097,7,"L025,L027,L028,L032,L035,L039,L042",57,True,relay_cascade,
1,20260708,L002->L047,L002,L047,True,True,31.300605334860514,31.300605334860514,0.0,1.0000000000000004,"L001,L002,L013,L024,L044,L045,L046,L047,L048,L054,L056,L057,L058,L060,L062,L065,L068,L095,L102,L104,L105,L106,L109,L110,L111,L113,L114,L115,L121,L122,L125,L128,L129,L134,L140,L143,L147,L148,L149,L150,L151,L153,L154,L155,L156,L157,L158,L159,L160,L169,L176,L178,L179",53,1.2520242133944208,1.2520242133944208,1,L046,51,True,relay_cascade,
1,20260708,L002->L063,L002,L063,True,True,31.890688783719977,31.890688783719977,0.0,1.0000000000000016,"L001,L002,L013,L024,L044,L045,L048,L054,L056,L057,L058,L060,L062,L063,L065,L068,L095,L102,L104,L105,L106,L109,L110,L111,L113,L114,L115,L121,L122,L125,L128,L129,L134,L140,L143,L147,L148,L149,L150,L151,L153,L154,L155,L156,L157,L158,L159,L160,L169,L176,L178,L179",52,1.0012800742672265,1.0012800742672265,0,,50,False,island_only,
1,20260708,L002->L070,L002,L070,True,True,0.5319343809105259,0.0,0.5319343809105259,1.0000000000000007,"L001,L002,L013,L024,L044,L045,L048,L054,L056,L057,L058,L060,L062,L065,L068,L070,L095,L102,L104,L105,L106,L109,L110,L111,L113,L114,L115,L121,L122,L125,L128,L129,L134,L140,L143,L147,L148,L149,L150,L151,L153,L154,L155,L156,L157,L158,L159,L160,L169,L176,L178,L179",52,1.0186024115028665,1.0186024115028665,0,,50,False,island_only,
1,20260708,L002->L071,L002,L071,True,True,70.56694602954055,70.56694602954055,0.0,1.0000000000000004,"L001,L002,L013,L024,L044,L045,L048,L054,L056,L057,L058,L060,L062,L065,L068,L071,L074,L082,L095,L102,L104,L105,L106,L109,L110,L111,L113,L114,L115,L121,L122,L125,L128,L129,L134,L140,L143,L147,L148,L149,L150,L151,L153,L154,L155,L156,L157,L158,L159,L160,L169,L176,L178,L179",54,1.4614674653873845,1.4614674653873845,2,"L074,L082",52,True,relay_cascade,
1,20260708,L002->L072,L002,L072,True,True,42.88779933795389,42.88779933795389,0.0,1.0000000000000142,"L001,L002,L013,L024,L044,L045,L048,L054,L056,L057,L058,L060,L062,L065,L068,L072,L074,L095,L102,L104,L105,L106,L109,L110,L111,L113,L114,L115,L121,L122,L125,L128,L129,L134,L140,L143,L147,L148,L149,L150,L151,L153,L154,L155,L156,L157,L158,L159,L160,L169,L176,L178,L179",53,1.715511973518156,1.715511973518156,1,L074,51,True,relay_cascade,
1,20260708,L002->L074,L002,L074,True,True,4.309181369423842,0.0,4.309181369423842,1.000000000000004,"L001,L002,L013,L024,L044,L045,L048,L054,L056,L057,L058,L060,L062,L065,L068,L074,L095,L102,L104,L105,L106,L109,L110,L111,L113,L114,L115,L121,L122,L125,L128,L129,L134,L140,L143,L147,L148,L149,L150,L151,L153,L154,L155,L156,L157,L158,L159,L160,L169,L176,L178,L179",52,1.1116986972664205,1.1116986972664205,0,,50,False,island_only,
1,20260708,L002->L090,L002,L090,True,True,79.79063950016115,79.79063950016115,0.0,1.0000000000000004,"L001,L002,L013,L024,L044,L045,L048,L054,L056,L057,L058,L060,L062,L065,L068,L088,L089,L090,L091,L092,L095,L102,L104,L105,L106,L109,L110,L111,L113,L114,L115,L121,L122,L125,L128,L129,L134,L140,L143,L147,L148,L149,L150,L151,L153,L154,L155,L156,L157,L158,L159,L160,L169,L176,L178,L179",56,3.1004958743301354,3.1004958743301354,4,"L088,L089,L091,L092",54,True,relay_cascade,
1,20260708,L002->L107,L002,L107,True,True,133.20008666716808,133.20008666716808,0.0,1.0000000000000016,"L001,L002,L013,L024,L044,L045,L048,L054,L056,L057,L058,L060,L062,L065,L068,L095,L102,L104,L105,L106,L107,L109,L110,L111,L113,L114,L115,L116,L119,L120,L121,L122,L125,L126,L127,L128,L129,L134,L140,L143,L147,L148,L149,L150,L151,L153,L154,L155,L156,L157,L158,L159,L160,L169,L176,L178,L179,L185,L186",59,3.103648196349388,3.103648196349388,7,"L116,L119,L120,L126,L127,L185,L186",57,True,relay_cascade,
1,20260708,L002->L116,L002,L116,True,True,51.84086026986975,51.84086026986975,0.0,1.0000000000000016,"L001,L002,L013,L024,L044,L045,L048,L054,L056,L057,L058,L060,L062,L065,L068,L095,L102,L104,L105,L106,L109,L110,L111,L113,L114,L115,L116,L120,L121,L122,L125,L128,L129,L134,L140,L143,L147,L148,L149,L150,L151,L153,L154,L155,L156,L157,L158,L159,L160,L169,L176,L178,L179,L186",54,1.8231351520053583,1.8231351520053583,2,"L120,L186",52,True,relay_cascade,
1,20260708,L002->L133,L002,L133,True,True,20.77635989697293,20.77635989697293,0.0,1.0000000000000016,"L001,L002,L013,L024,L044,L045,L048,L054,L056,L057,L058,L060,L062,L065,L068,L095,L102,L104,L105,L106,L109,L110,L111,L113,L114,L115,L121,L122,L125,L128,L129,L133,L134,L140,L143,L147,L148,L149,L150,L151,L153,L154,L155,L156,L157,L158,L159,L160,L169,L176,L178,L179",52,0.907760868943612,0.907760868943612,0,,50,False,island_only,
1,20260708,L002->L139,L002,L139,True,True,77.6308591827266,77.6308591827266,0.0,1.0000000000000016,"L001,L002,L013,L024,L044,L045,L048,L054,L056,L057,L058,L060,L062,L065,L068,L095,L102,L104,L105,L106,L109,L110,L111,L113,L114,L115,L121,L122,L125,L128,L129,L134,L138,L139,L140,L143,L147,L148,L149,L150,L151,L153,L154,L155,L156,L157,L158,L159,L160,L169,L176,L178,L179",53,1.7113693009372688,1.7113693009372688,1,L138,51,True,relay_cascade,
1,20260708,L002->L152,L002,L152,True,True,31.05817161312981,31.05817161312981,0.0,1.0000000000000016,"L001,L002,L013,L024,L044,L045,L048,L054,L056,L057,L058,L060,L062,L065,L068,L095,L102,L104,L105,L106,L109,L110,L111,L113,L114,L115,L121,L122,L125,L128,L129,L134,L140,L143,L147,L148,L149,L150,L151,L152,L153,L154,L155,L156,L157,L158,L159,L160,L169,L176,L178,L179",52,0.8992640081252965,0.8992640081252965,0,,50,False,island_only,
1,20260708,L002->L161,L002,L161,True,True,25.8591841142224,25.8591841142224,0.0,1.0000000000000016,"L001,L002,L013,L024,L044,L045,L048,L054,L056,L057,L058,L060,L062,L065,L068,L095,L102,L104,L105,L106,L109,L110,L111,L113,L114,L115,L121,L122,L125,L128,L129,L134,L140,L143,L147,L148,L149,L150,L151,L153,L154,L155,L156,L157,L158,L159,L160,L161,L169,L176,L178,L179",52,0.907760868943612,0.907760868943612,0,,50,False,island_only,
1,20260708,L002->L162,L002,L162,True,True,20.98550075696534,20.98550075696534,0.0,1.0000000000000016,"L001,L002,L013,L024,L044,L045,L048,L054,L056,L057,L058,L060,L062,L065,L068,L095,L102,L104,L105,L106,L109,L110,L111,L113,L114,L115,L121,L122,L125,L128,L129,L134,L140,L143,L147,L148,L149,L150,L151,L153,L154,L155,L156,L157,L158,L159,L160,L162,L169,L176,L178,L179",52,0.907760868943612,0.907760868943612,0,,50,False,island_only,
1,20260708,L002->L167,L002,L167,True,True,39.93965156942781,39.93965156942781,0.0,1.0000000000000016,"L001,L002,L013,L024,L044,L045,L048,L054,L056,L057,L058,L060,L062,L065,L068,L095,L102,L104,L105,L106,L109,L110,L111,L113,L114,L115,L121,L122,L125,L128,L129,L134,L140,L143,L147,L148,L149,L150,L151,L153,L154,L155,L156,L157,L158,L159,L160,L167,L169,L170,L172,L176,L178,L179",54,1.6857387674338804,1.6857387674338804,2,"L170,L172",52,True,relay_cascade,
1,20260708,L002->L174,L002,L174,True,True,9.132961630471216,9.132961630471216,0.0,1.0000000000000016,"L001,L002,L013,L024,L044,L045,L048,L054,L056,L057,L058,L060,L062,L065,L068,L095,L102,L104,L105,L106,L109,L110,L111,L113,L114,L115,L121,L122,L125,L128,L129,L134,L140,L143,L147,L148,L149,L150,L151,L153,L154,L155,L156,L157,L158,L159,L160,L169,L171,L173,L174,L175,L176,L178,L179",55,1.655623153978808,1.655623153978808,3,"L171,L173,L175",53,True,relay_cascade,
1,20260708,L002->L180,L002,L180,True,True,0.8761049570765955,0.0,0.8761049570765955,1.0000000000000016,"L001,L002,L013,L024,L044,L045,L048,L054,L056,L057,L058,L060,L062,L065,L068,L095,L102,L104,L105,L106,L109,L110,L111,L113,L114,L115,L121,L122,L125,L128,L129,L134,L140,L143,L147,L148,L149,L150,L151,L153,L154,L155,L156,L157,L158,L159,L160,L169,L176,L178,L179,L180",52,1.0322472285126936,1.0322472285126936,0,,50,False,island_only,
1,20260708,L002->L181,L002,L181,True,True,3.0444849228707938,0.0,3.0444849228707938,1.0000000000000016,"L001,L002,L013,L024,L044,L045,L048,L054,L056,L057,L058,L060,L062,L065,L068,L095,L102,L104,L105,L106,L109,L110,L111,L113,L114,L115,L121,L122,L125,L128,L129,L134,L140,L143,L147,L148,L149,L150,L151,L153,L154,L155,L156,L157,L158,L159,L160,L169,L176,L178,L179,L181",52,1.1217793969148304,1.1217793969148304,0,,50,False,island_only,
1,20260708,L002->L183,L002,L183,True,True,81.35922639729833,81.35922639729833,0.0,1.0000000000000016,"L001,L002,L013,L024,L044,L045,L048,L054,L056,L057,L058,L060,L062,L065,L068,L095,L102,L104,L105,L106,L109,L110,L111,L113,L114,L115,L121,L122,L125,L128,L129,L134,L140,L143,L147,L148,L149,L150,L151,L153,L154,L155,L156,L157,L158,L159,L160,L169,L176,L178,L179,L183",52,0.9936478356109303,0.9936478356109303,0,,50,False,island_only,
1,20260708,L002->L184,L002,L184,True,True,21.648461416338748,21.648461416338748,0.0,1.0000000000000016,"L001,L002,L013,L024,L044,L045,L048,L054,L056,L057,L058,L060,L062,L065,L068,L095,L102,L104,L105,L106,L109,L110,L111,L113,L114,L115,L121,L122,L125,L128,L129,L134,L140,L143,L147,L148,L149,L150,L151,L153,L154,L155,L156,L157,L158,L159,L160,L169,L176,L178,L179,L184",52,0.907760868943612,0.907760868943612,0,,50,False,island_only,
1,20260708,L002->L185,L002,L185,True,True,35.11713329264434,35.11713329264434,0.0,1.0000000000000016,"L001,L002,L013,L024,L044,L045,L048,L054,L056,L057,L058,L060,L062,L065,L068,L095,L102,L104,L105,L106,L109,L110,L111,L113,L114,L115,L121,L122,L125,L128,L129,L134,L140,L143,L147,L148,L149,L150,L151,L153,L154,L155,L156,L157,L158,L159,L160,L169,L176,L178,L179,L185,L186",53,1.4046853317057728,1.4046853317057728,1,L186,51,True,relay_cascade,
1,20260708,L003->L002,L003,L002,True,True,38.8500870832418,38.8500870832418,0.0,1.0000000000000007,"L001,L002,L003,L004,L006,L011,L012,L014,L015,L016,L017,L018,L019,L021,L022,L024,L026,L030,L035,L037,L039,L042,L044,L045,L054,L056,L058,L102,L104,L106,L109,L110,L111,L113,L114,L115,L128,L129,L130,L131,L132,L134,L135,L140,L143,L147,L149,L150,L153,L154,L155,L156,L158,L159,L160,L169,L176,L178,L179",59,1.1906217183702381,1.1906217183702381,0,,57,False,island_only,
1,20260708,L003->L010,L003,L010,True,True,62.68030920041879,62.68030920041879,0.0,1.0000000000000007,"L001,L003,L004,L006,L010,L011,L012,L014,L015,L016,L017,L018,L019,L021,L022,L024,L026,L030,L035,L037,L039,L042,L044,L045,L054,L056,L058,L102,L104,L106,L109,L110,L111,L113,L114,L115,L128,L129,L130,L131,L132,L134,L135,L140,L143,L147,L149,L150,L153,L154,L155,L156,L158,L159,L160,L169,L176,L178,L179",59,1.1906217183702381,1.1906217183702381,0,,57,False,island_only,
1,20260708,L003->L013,L003,L013,True,True,20.67354040745169,20.67354040745169,0.0,1.0000000000000007,"L001,L003,L004,L006,L011,L012,L013,L014,L015,L016,L017,L018,L019,L021,L022,L024,L026,L030,L035,L037,L039,L042,L044,L045,L054,L056,L058,L102,L104,L106,L109,L110,L111,L113,L114,L115,L128,L129,L130,L131,L132,L134,L135,L140,L143,L147,L149,L150,L153,L154,L155,L156,L158,L159,L160,L169,L176,L178,L179",59,1.1906217183702381,1.1906217183702381,0,,57,False,island_only,
1,20260708,L003->L020,L003,L020,True,True,25.0,25.0,0.0,1.0000000000000007,"L001,L003,L004,L006,L011,L012,L014,L015,L016,L017,L018,L019,L020,L021,L022,L024,L026,L030,L035,L037,L039,L042,L044,L045,L054,L056,L058,L102,L104,L106,L109,L110,L111,L113,L114,L115,L128,L129,L130,L131,L132,L134,L135,L140,L143,L147,L149,L150,L153,L154,L155,L156,L158,L159,L160,L169,L176,L178,L179",59,1.1906217183702381,1.1906217183702381,0,,57,False,island_only,
1,20260708,L003->L028,L003,L028,True,True,32.235359849353586,32.235359849353586,0.0,1.0000000000000007,"L001,L003,L004,L006,L011,L012,L014,L015,L016,L017,L018,L019,L021,L022,L024,L025,L026,L028,L030,L035,L037,L039,L042,L044,L045,L054,L056,L058,L102,L104,L106,L109,L110,L111,L113,L114,L115,L128,L129,L130,L131,L132,L134,L135,L140,L143,L147,L149,L150,L153,L154,L155,L156,L158,L159,L160,L169,L176,L178,L179",60,1.289414393974144,1.289414393974144,1,L025,58,True,relay_cascade,
1,20260708,L003->L029,L003,L029,True,True,42.3080770354206,42.3080770354206,0.0,1.0000000000000007,"L001,L003,L004,L006,L011,L012,L014,L015,L016,L017,L018,L019,L021,L022,L024,L025,L026,L029,L030,L035,L037,L039,L042,L044,L045,L054,L056,L058,L102,L104,L106,L109,L110,L111,L113,L114,L115,L128,L129,L130,L131,L132,L134,L135,L140,L143,L147,L149,L150,L153,L154,L155,L156,L158,L159,L160,L169,L176,L178,L179",60,1.6923230814168269,1.6923230814168269,1,L025,58,True,relay_cascade,
1,20260708,L003->L031,L003,L031,True,True,40.19313788225304,40.19313788225304,0.0,1.0000000000000007,"L001,L003,L004,L006,L011,L012,L014,L015,L016,L017,L018,L019,L021,L022,L024,L025,L026,L030,L031,L035,L037,L039,L042,L043,L044,L045,L054,L056,L058,L102,L104,L106,L109,L110,L111,L113,L114,L115,L128,L129,L130,L131,L132,L134,L135,L140,L143,L147,L149,L150,L153,L154,L155,L156,L158,L159,L160,L169,L176,L178,L179,L181,L182",63,3.032542574549644,3.032542574549644,4,"L025,L043,L181,L182",61,True,relay_cascade,
1,20260708,L003->L033,L003,L033,True,True,12.041624960561968,12.041624960561968,0.0,1.0000000000000007,"L001,L003,L004,L006,L011,L012,L014,L015,L016,L017,L018,L019,L021,L022,L024,L026,L030,L033,L035,L037,L039,L042,L043,L044,L045,L054,L056,L058,L102,L104,L106,L109,L110,L111,L113,L114,L115,L128,L129,L130,L131,L132,L134,L135,L140,L143,L147,L149,L150,L153,L154,L155,L156,L158,L159,L160,L169,L176,L178,L179,L180,L182",62,1.7771605285025487,1.7771605285025487,3,"L043,L180,L182",60,True,relay_cascade,
1,20260708,L003->L034,L003,L034,True,True,17.128815468281868,17.128815468281868,0.0,1.0000000000000009,"L001,L003,L004,L006,L011,L012,L014,L015,L016,L017,L018,L019,L021,L022,L024,L026,L030,L034,L035,L037,L039,L042,L044,L045,L054,L056,L058,L102,L104,L106,L109,L110,L111,L113,L114,L115,L128,L129,L130,L131,L132,L134,L135,L140,L143,L147,L149,L150,L153,L154,L155,L156,L158,L159,L160,L169,L176,L178,L179",59,1.1906217183702381,1.1906217183702381,0,,57,False,island_only,
1,20260708,L003->L040,L003,L040,True,True,23.91687820767109,23.91687820767109,0.0,1.0000000000000007,"L001,L003,L004,L006,L011,L012,L014,L015,L016,L017,L018,L019,L021,L022,L024,L026,L030,L035,L037,L039,L040,L042,L044,L045,L054,L056,L058,L102,L104,L106,L109,L110,L111,L113,L114,L115,L128,L129,L130,L131,L132,L134,L135,L140,L143,L147,L149,L150,L153,L154,L155,L156,L158,L159,L160,L169,L176,L178,L179",59,1.1906217183702381,1.1906217183702381,0,,57,False,island_only,
1,20260708,L003->L041,L003,L041,True,True,28.04448492287076,28.04448492287076,0.0,1.0000000000000007,"L001,L003,L004,L006,L011,L012,L014,L015,L016,L017,L018,L019,L021,L022,L024,L026,L030,L035,L037,L039,L041,L042,L043,L044,L045,L054,L056,L058,L102,L104,L106,L109,L110,L111,L113,L114,L115,L128,L129,L130,L131,L132,L134,L135,L140,L143,L147,L149,L150,L153,L154,L155,L156,L158,L159,L160,L169,L176,L178,L179,L180,L181,L182",63,2.266589386641562,2.266589386641562,4,"L043,L180,L181,L182",61,True,relay_cascade,
1,20260708,L003->L047,L003,L047,True,True,31.300605334860514,31.300605334860514,0.0,1.0000000000000004,"L001,L003,L004,L006,L011,L012,L014,L015,L016,L017,L018,L019,L021,L022,L024,L026,L030,L035,L037,L039,L042,L044,L045,L046,L047,L054,L056,L058,L102,L104,L106,L109,L110,L111,L113,L114,L115,L128,L129,L130,L131,L132,L134,L135,L140,L143,L147,L149,L150,L153,L154,L155,L156,L158,L159,L160,L169,L176,L178,L179",60,1.2520242133944208,1.2520242133944208,1,L046,58,True,relay_cascade,
1,20260708,L003->L048,L003,L048,True,True,22.50545676159403,22.50545676159403,0.0,1.0000000000000016,"L001,L003,L004,L006,L011,L012,L014,L015,L016,L017,L018,L019,L021,L022,L024,L026,L030,L035,L037,L039,L042,L044,L045,L048,L054,L056,L058,L102,L104,L106,L109,L110,L111,L113,L114,L115,L128,L129,L130,L131,L132,L134,L135,L140,L143,L147,L149,L150,L153,L154,L155,L156,L158,L159,L160,L169,L176,L178,L179",59,1.1944075856493095,1.1944075856493095,0,,57,False,island_only,
1,20260708,L003->L051,L003,L051,True,True,147.40406373721385,147.40406373721385,0.0,1.000000000000004,"L001,L003,L004,L006,L011,L012,L014,L015,L016,L017,L018,L019,L021,L022,L024,L026,L030,L035,L037,L039,L042,L044,L045,L046,L049,L051,L054,L056,L057,L058,L059,L061,L062,L063,L064,L065,L092,L095,L102,L104,L106,L109,L110,L111,L113,L114,L115,L121,L122,L125,L128,L129,L130,L131,L132,L134,L135,L140,L143,L147,L149,L150,L153,L154,L155,L156,L158,L159,L160,L169,L176,L178,L179",73,2.930476168827887,2.930476168827887,14,"L046,L049,L057,L059,L061,L062,L063,L064,L065,L092,L095,L121,L122,L125",71,True,relay_cascade,
1,20260708,L003->L061,L003,L061,True,True,33.88157185629734,33.88157185629734,0.0,1.0000000000000078,"L001,L003,L004,L006,L011,L012,L014,L015,L016,L017,L018,L019,L021,L022,L024,L026,L030,L035,L037,L039,L042,L044,L045,L054,L056,L058,L060,L061,L065,L102,L104,L106,L109,L110,L111,L113,L114,L115,L128,L129,L130,L131,L132,L134,L135,L140,L143,L147,L149,L150,L153,L154,L155,L156,L158,L159,L160,L169,L176,L178,L179",61,1.355262874251895,1.355262874251895,2,"L060,L065",59,True,relay_cascade,
1,20260708,L003->L062,L003,L062,True,True,111.76063839397672,111.76063839397672,0.0,1.0000000000000018,"L001,L003,L004,L006,L011,L012,L014,L015,L016,L017,L018,L019,L021,L022,L024,L026,L030,L035,L037,L039,L042,L044,L045,L054,L056,L058,L062,L064,L065,L102,L104,L106,L109,L110,L111,L113,L114,L115,L121,L122,L125,L128,L129,L130,L131,L132,L134,L135,L140,L143,L147,L149,L150,L153,L154,L155,L156,L158,L159,L160,L169,L176,L178,L179",64,2.7539633952179723,2.7539633952179723,5,"L064,L065,L121,L122,L125",62,True,relay_cascade,
1,20260708,L003->L063,L003,L063,True,True,111.76063839397672,111.76063839397672,0.0,1.0000000000000016,"L001,L003,L004,L006,L011,L012,L014,L015,L016,L017,L018,L019,L021,L022,L024,L026,L030,L035,L037,L039,L042,L044,L045,L054,L056,L058,L063,L065,L102,L104,L106,L109,L110,L111,L113,L114,L115,L121,L122,L125,L128,L129,L130,L131,L132,L134,L135,L140,L143,L147,L149,L150,L153,L154,L155,L156,L158,L159,L160,L169,L176,L178,L179",63,2.2415132940709763,2.2415132940709763,4,"L065,L121,L122,L125",61,True,relay_cascade,
1,20260708,L003->L065,L003,L065,True,True,111.76063839397672,111.76063839397672,0.0,1.0000000000000018,"L001,L003,L004,L006,L011,L012,L014,L015,L016,L017,L018,L019,L021,L022,L024,L026,L030,L035,L037,L039,L042,L044,L045,L054,L056,L058,L062,L064,L065,L102,L104,L106,L109,L110,L111,L113,L114,L115,L121,L122,L125,L128,L129,L130,L131,L132,L134,L135,L140,L143,L147,L149,L150,L153,L154,L155,L156,L158,L159,L160,L169,L176,L178,L179",64,2.7539633952179723,2.7539633952179723,5,"L062,L064,L121,L122,L125",62,True,relay_cascade,
1,20260708,L003->L068,L003,L068,True,True,194.07581945207818,194.07581945207818,0.0,1.000000000000004,"L001,L003,L004,L006,L011,L012,L014,L015,L016,L017,L018,L019,L021,L022,L024,L026,L030,L035,L037,L039,L042,L044,L045,L054,L056,L058,L059,L060,L062,L064,L065,L068,L102,L104,L106,L109,L110,L111,L113,L114,L115,L121,L122,L125,L128,L129,L130,L131,L132,L134,L135,L140,L143,L147,L149,L150,L153,L154,L155,L156,L158,L159,L160,L169,L176,L178,L179",67,3.292607242324058,3.292607242324058,8,"L059,L060,L062,L064,L065,L121,L122,L125",65,True,relay_cascade,
1,20260708,L003->L070,L003,L070,True,True,0.5319343809105037,0.0,0.5319343809105037,1.0000000000000016,"L001,L003,L004,L006,L011,L012,L014,L015,L016,L017,L018,L019,L021,L022,L024,L026,L030,L035,L037,L039,L042,L044,L045,L054,L056,L058,L070,L102,L104,L106,L109,L110,L111,L113,L114,L115,L128,L129,L130,L131,L132,L134,L135,L140,L143,L147,L149,L150,L153,L154,L155,L156,L158,L159,L160,L169,L176,L178,L179",59,1.1906217183702381,1.1906217183702381,0,,57,False,island_only,
1,20260708,L003->L071,L003,L071,True,True,182.32758442351724,182.32758442351724,0.0,1.0000000000000018,"L001,L003,L004,L006,L011,L012,L014,L015,L016,L017,L018,L019,L021,L022,L024,L026,L030,L035,L037,L039,L042,L044,L045,L054,L056,L058,L065,L071,L074,L082,L102,L104,L105,L106,L109,L110,L111,L113,L114,L115,L121,L122,L125,L128,L129,L130,L131,L132,L134,L135,L140,L143,L147,L149,L150,L153,L154,L155,L156,L158,L159,L160,L169,L176,L178,L179",66,2.2415132940709763,2.2415132940709763,7,"L065,L074,L082,L105,L121,L122,L125",64,True,relay_cascade,
1,20260708,L003->L072,L003,L072,True,True,42.88779933795389,42.88779933795389,0.0,1.0000000000000022,"L001,L003,L004,L006,L011,L012,L014,L015,L016,L017,L018,L019,L021,L022,L024,L026,L030,L035,L037,L039,L042,L044,L045,L054,L056,L058,L072,L074,L102,L104,L106,L109,L110,L111,L113,L114,L115,L128,L129,L130,L131,L132,L134,L135,L140,L143,L147,L149,L150,L153,L154,L155,L156,L158,L159,L160,L169,L176,L178,L179",60,1.715511973518156,1.715511973518156,1,L074,58,True,relay_cascade,
1,20260708,L003->L074,L003,L074,True,True,4.309181369423793,0.0,4.309181369423793,1.0000000000000022,"L001,L003,L004,L006,L011,L012,L014,L015,L016,L017,L018,L019,L021,L022,L024,L026,L030,L035,L037,L039,L042,L044,L045,L054,L056,L058,L074,L102,L104,L106,L109,L110,L111,L113,L114,L115,L128,L129,L130,L131,L132,L134,L135,L140,L143,L147,L149,L150,L153,L154,L155,L156,L158,L159,L160,L169,L176,L178,L179",59,1.1906217183702381,1.1906217183702381,0,,57,False,island_only,
1,20260708,L003->L090,L003,L090,True,True,191.55127789413785,191.55127789413785,0.0,1.0000000000000053,"L001,L003,L004,L006,L011,L012,L014,L015,L016,L017,L018,L019,L021,L022,L024,L026,L030,L035,L037,L039,L042,L044,L045,L054,L056,L058,L065,L088,L090,L091,L092,L102,L104,L105,L106,L109,L110,L111,L113,L114,L115,L121,L122,L125,L128,L129,L130,L131,L132,L134,L135,L140,L143,L147,L149,L150,L153,L154,L155,L156,L158,L159,L160,L169,L176,L178,L179",67,3.295419821385428,3.295419821385428,8,"L065,L088,L091,L092,L105,L121,L122,L125",65,True,relay_cascade,
1,20260708,L003->L093,L003,L093,True,True,251.3147855433163,251.3147855433163,0.0,1.0000000000000002,"L001,L003,L004,L006,L011,L012,L014,L015,L016,L017,L018,L019,L021,L022,L024,L026,L030,L035,L037,L039,L042,L044,L045,L054,L056,L057,L058,L059,L060,L063,L064,L065,L069,L070,L071,L073,L074,L075,L076,L077,L078,L079,L080,L081,L082,L083,L088,L089,L093,L095,L102,L104,L106,L109,L110,L111,L113,L114,L115,L121,L122,L125,L128,L129,L130,L131,L132,L134,L135,L140,L143,L147,L149,L150,L153,L154,L155,L156,L158,L159,L160,L169,L176,L178,L179",85,3.2343931533604664,3.2343931533604664,26,"L057,L059,L060,L063,L064,L065,L069,L070,L071,L073,L074,L075,L076,L077,L078,L079,L080,L081,L082,L083,L088,L089,L095,L121,L122,L125",83,True,relay_cascade,
1,20260708,L003->L094,L003,L094,True,True,251.3147855433163,251.3147855433163,0.0,1.0000000000000002,"L001,L003,L004,L006,L011,L012,L014,L015,L016,L017,L018,L019,L021,L022,L024,L026,L030,L035,L037,L039,L042,L044,L045,L054,L056,L057,L058,L059,L060,L063,L064,L065,L069,L070,L071,L073,L074,L075,L076,L077,L078,L079,L080,L081,L082,L083,L088,L089,L094,L095,L102,L104,L106,L109,L110,L111,L113,L114,L115,L121,L122,L125,L128,L129,L130,L131,L132,L134,L135,L140,L143,L147,L149,L150,L153,L154,L155,L156,L158,L159,L160,L169,L176,L178,L179",85,3.234393153360468,3.234393153360468,26,"L057,L059,L060,L063,L064,L065,L069,L070,L071,L073,L074,L075,L076,L077,L078,L079,L080,L081,L082,L083,L088,L089,L095,L121,L122,L125",83,True,relay_cascade,
1,20260708,L003->L096,L003,L096,True,True,147.40406373721385,147.40406373721385,0.0,1.0000000000000018,"L001,L003,L004,L006,L011,L012,L014,L015,L016,L017,L018,L019,L021,L022,L024,L026,L030,L035,L037,L039,L042,L044,L045,L046,L049,L054,L056,L057,L058,L059,L061,L062,L063,L064,L065,L092,L095,L096,L102,L104,L106,L109,L110,L111,L113,L114,L115,L121,L122,L125,L128,L129,L130,L131,L132,L134,L135,L140,L143,L147,L149,L150,L153,L154,L155,L156,L158,L159,L160,L169,L176,L178,L179",73,2.930476168827887,2.930476168827887,14,"L046,L049,L057,L059,L061,L062,L063,L064,L065,L092,L095,L121,L122,L125",71,True,relay_cascade,
1,20260708,L003->L097,L003,L097,True,True,164.5475027328131,161.99782513857156,2.5496775942415395,1.0000000000000018,"L001,L003,L004,L006,L011,L012,L014,L015,L016,L017,L018,L019,L021,L022,L024,L026,L030,L035,L037,L039,L042,L044,L045,L054,L056,L057,L058,L059,L060,L062,L063,L064,L065,L091,L095,L097,L100,L101,L102,L104,L105,L106,L109,L110,L111,L113,L114,L115,L121,L122,L125,L128,L129,L130,L131,L132,L134,L135,L140,L143,L147,L149,L150,L153,L154,L155,L156,L158,L159,L160,L169,L176,L178,L179",74,3.2343931533604873,3.2343931533604873,15,"L057,L059,L060,L062,L063,L064,L065,L091,L095,L100,L101,L105,L121,L122,L125",72,True,relay_cascade,
1,20260708,L003->L105,L003,L105,True,True,111.76063839397672,111.76063839397672,0.0,1.000000000000004,"L001,L003,L004,L006,L011,L012,L014,L015,L016,L017,L018,L019,L021,L022,L024,L026,L030,L035,L037,L039,L042,L044,L045,L054,L056,L058,L102,L104,L105,L106,L109,L110,L111,L113,L114,L115,L121,L122,L125,L128,L129,L130,L131,L132,L134,L135,L140,L143,L147,L149,L150,L153,L154,L155,L156,L158,L159,L160,L169,L176,L178,L179",62,2.2415132940709763,2.2415132940709763,3,"L121,L122,L125",60,True,relay_cascade,
1,20260708,L003->L107,L003,L107,True,True,244.9607250611448,244.9607250611448,0.0,1.0000000000000016,"L001,L003,L004,L006,L011,L012,L014,L015,L016,L017,L018,L019,L021,L022,L024,L026,L030,L035,L037,L039,L042,L044,L045,L054,L056,L058,L065,L102,L104,L105,L106,L107,L109,L110,L111,L113,L114,L115,L116,L119,L120,L121,L122,L125,L126,L127,L128,L129,L130,L131,L132,L134,L135,L140,L143,L147,L149,L150,L153,L154,L155,L156,L158,L159,L160,L169,L176,L178,L179,L185,L186",71,3.5399922094460017,3.5399922094460017,12,"L065,L105,L116,L119,L120,L121,L122,L125,L126,L127,L185,L186",69,True,relay_cascade,
1,20260708,L003->L108,L003,L108,True,True,111.76063839397672,111.76063839397672,0.0,1.0000000000000016,"L001,L003,L004,L006,L011,L012,L014,L015,L016,L017,L018,L019,L021,L022,L024,L026,L030,L035,L037,L039,L042,L044,L045,L054,L056,L058,L062,L063,L065,L102,L104,L106,L108,L109,L110,L111,L113,L114,L115,L121,L122,L125,L128,L129,L130,L131,L132,L134,L135,L140,L143,L147,L149,L150,L153,L154,L155,L156,L158,L159,L160,L169,L176,L178,L179",65,2.241513294070976,2.241513294070976,6,"L062,L063,L065,L121,L122,L125",63,True,relay_cascade,
1,20260708,L003->L116,L003,L116,True,True,133.20008666716808,133.20008666716808,0.0,1.0000000000000016,"L001,L003,L004,L006,L011,L012,L014,L015,L016,L017,L018,L019,L021,L022,L024,L026,L030,L035,L037,L039,L042,L044,L045,L054,L056,L058,L065,L102,L104,L105,L106,L107,L109,L110,L111,L113,L114,L115,L116,L119,L120,L126,L127,L128,L129,L130,L131,L132,L134,L135,L140,L143,L147,L149,L150,L153,L154,L155,L156,L158,L159,L160,L169,L176,L178,L179,L186",67,2.985892355232611,2.985892355232611,8,"L065,L105,L107,L119,L120,L126,L127,L186",65,True,relay_cascade,
1,20260708,L003->L117,L003,L117,True,True,111.76063839397672,111.76063839397672,0.0,1.0000000000000016,"L001,L003,L004,L006,L011,L012,L014,L015,L016,L017,L018,L019,L021,L022,L024,L026,L030,L035,L037,L039,L042,L044,L045,L054,L056,L058,L062,L063,L065,L102,L104,L106,L109,L110,L111,L113,L114,L115,L117,L121,L122,L125,L128,L129,L130,L131,L132,L134,L135,L140,L143,L147,L149,L150,L153,L154,L155,L156,L158,L159,L160,L169,L176,L178,L179",65,2.2415132940709763,2.2415132940709763,6,"L062,L063,L065,L121,L122,L125",63,True,relay_cascade,
1,20260708,L003->L118,L003,L118,True,True,111.76063839397672,111.76063839397672,0.0,1.0000000000000016,"L001,L003,L004,L006,L011,L012,L014,L015,L016,L017,L018,L019,L021,L022,L024,L026,L030,L035,L037,L039,L042,L044,L045,L054,L056,L058,L065,L102,L104,L105,L106,L109,L110,L111,L113,L114,L115,L118,L121,L122,L125,L128,L129,L130,L131,L132,L134,L135,L140,L143,L147,L149,L150,L153,L154,L155,L156,L158,L159,L160,L169,L176,L178,L179",64,3.1099580583332074,3.1099580583332074,5,"L065,L105,L121,L122,L125",62,True,relay_cascade,
1,20260708,L003->L119,L003,L119,True,True,244.96072506114479,244.96072506114479,0.0,1.0000000000000016,"L001,L003,L004,L006,L011,L012,L014,L015,L016,L017,L018,L019,L021,L022,L024,L026,L030,L035,L037,L039,L042,L044,L045,L054,L056,L058,L065,L102,L104,L105,L106,L107,L109,L110,L111,L113,L114,L115,L116,L119,L120,L121,L122,L125,L126,L127,L128,L129,L130,L131,L132,L134,L135,L140,L143,L147,L149,L150,L153,L154,L155,L156,L158,L159,L160,L169,L176,L178,L179,L185,L186",71,3.5399922094460017,3.5399922094460017,12,"L065,L105,L107,L116,L120,L121,L122,L125,L126,L127,L185,L186",69,True,relay_cascade,
1,20260708,L003->L120,L003,L120,True,True,111.76063839397672,111.76063839397672,0.0,1.0000000000000016,"L001,L003,L004,L006,L011,L012,L014,L015,L016,L017,L018,L019,L021,L022,L024,L026,L030,L035,L037,L039,L042,L044,L045,L054,L056,L058,L065,L102,L104,L105,L106,L109,L110,L111,L113,L114,L115,L120,L121,L122,L125,L128,L129,L130,L131,L132,L134,L135,L140,L143,L147,L149,L150,L153,L154,L155,L156,L158,L159,L160,L169,L176,L178,L179",64,3.1099580583332074,3.1099580583332074,5,"L065,L105,L121,L122,L125",62,True,relay_cascade,
1,20260708,L003->L121,L003,L121,True,True,111.76063839397672,111.76063839397672,0.0,1.0000000000000016,"L001,L003,L004,L006,L011,L012,L014,L015,L016,L017,L018,L019,L021,L022,L024,L026,L030,L035,L037,L039,L042,L044,L045,L054,L056,L058,L065,L102,L104,L105,L106,L109,L110,L111,L113,L114,L115,L121,L122,L125,L128,L129,L130,L131,L132,L134,L135,L140,L143,L147,L149,L150,L153,L154,L155,L156,L158,L159,L160,L169,L176,L178,L179",63,3.1099580583332074,3.1099580583332074,4,"L065,L105,L122,L125",61,True,relay_cascade,
1,20260708,L003->L122,L003,L122,True,True,10.952707649595261,0.0,10.952707649595261,1.0000000000000018,"L001,L003,L004,L006,L011,L012,L014,L015,L016,L017,L018,L019,L021,L022,L024,L026,L030,L035,L037,L039,L042,L044,L045,L054,L056,L058,L102,L104,L106,L109,L110,L111,L113,L114,L115,L122,L128,L129,L130,L131,L132,L134,L135,L140,L143,L147,L149,L150,L153,L154,L155,L156,L158,L159,L160,L169,L176,L178,L179",59,1.171134592952089,1.171134592952089,0,,57,False,island_only,
1,20260708,L003->L125,L003,L125,True,True,111.76063839397672,111.76063839397672,0.0,1.0000000000000016,"L001,L003,L004,L006,L011,L012,L014,L015,L016,L017,L018,L019,L021,L022,L024,L026,L030,L035,L037,L039,L042,L044,L045,L054,L056,L058,L065,L102,L104,L105,L106,L109,L110,L111,L113,L114,L115,L121,L125,L128,L129,L130,L131,L132,L134,L135,L140,L143,L147,L149,L150,L153,L154,L155,L156,L158,L159,L160,L169,L176,L178,L179",62,3.1099580583332074,3.1099580583332074,3,"L065,L105,L121",60,True,relay_cascade,
1,20260708,L003->L126,L003,L126,True,True,111.76063839397672,111.76063839397672,0.0,1.0000000000000016,"L001,L003,L004,L006,L011,L012,L014,L015,L016,L017,L018,L019,L021,L022,L024,L026,L030,L035,L037,L039,L042,L044,L045,L054,L056,L058,L065,L102,L104,L105,L106,L109,L110,L111,L113,L114,L115,L121,L122,L125,L126,L128,L129,L130,L131,L132,L134,L135,L140,L143,L147,L149,L150,L153,L154,L155,L156,L158,L159,L160,L169,L176,L178,L179",64,3.1099580583332074,3.1099580583332074,5,"L065,L105,L121,L122,L125",62,True,relay_cascade,
1,20260708,L003->L127,L003,L127,True,True,111.76063839397672,111.76063839397672,0.0,1.0000000000000016,"L001,L003,L004,L006,L011,L012,L014,L015,L016,L017,L018,L019,L021,L022,L024,L026,L030,L035,L037,L039,L042,L044,L045,L054,L056,L058,L065,L102,L104,L105,L106,L109,L110,L111,L113,L114,L115,L121,L122,L125,L127,L128,L129,L130,L131,L132,L134,L135,L140,L143,L147,L149,L150,L153,L154,L155,L156,L158,L159,L160,L169,L176,L178,L179",64,3.1099580583332074,3.1099580583332074,5,"L065,L105,L121,L122,L125",62,True,relay_cascade,
