search_method,search_attempt,path,full_cascade_path,is_critical,total_load_shed_mw,found_critical_count
GCN_yP,1,L01->L10,,False,0.0,0
GCN_yP,2,L01->L12,,False,0.0,0
GCN_yP,3,L01->L04,,False,0.0,0
GCN_yP,4,L01->L03,,False,0.0,0
GCN_yP,5,L01->L34,,False,0.0,0
GCN_yP,6,L01->L35,,False,0.0,0
GCN_yP,7,L01->L05,,False,0.0,0
GCN_yP,8,L01->L21,,False,0.0,0
GCN_yP,9,L01->L36,,False,0.0,0
GCN_yP,10,L01->L37,,False,0.0,0
GCN_yP,11,L01->L02,,False,0.0,0
GCN_yP,12,L01->L17,,False,0.0,0
GCN_yP,13,L01->L28,,False,0.0,0
GCN_yP,14,L01->L32,,False,0.0,0
GCN_yP,15,L01->L33,,False,0.0,0
GCN_yP,16,L01->L18,,False,0.0,0
GCN_yP,17,L01->L08,,False,0.0,0
GCN_yP,18,L01->L16,,False,0.0,0
GCN_yP,19,L01->L09,,False,0.0,0
GCN_yP,20,L01->L14,,False,0.0,0
GCN_yP,21,L01->L27,,False,0.0,0
GCN_yP,22,L01->L11,,False,0.0,0
GCN_yP,23,L01->L23,,False,0.0,0
GCN_yP,24,L01->L15,,False,0.0,0
GCN_yP,25,L01->L13,,False,0.0,0
GCN_yP,26,L01->L20,,False,0.0,0
GCN_yP,27,L01->L22,,False,0.0,0
GCN_yP,28,L01->L19,,False,0.0,0
GCN_yP,29,L01->L30,,False,0.0,0
GCN_yP,30,L01->L06,,False,0.0,0
GCN_yP,31,L01->L31,,False,0.0,0
GCN_yP,32,L01->L29,,False,0.0,0
GCN_yP,33,L01->L07,,False,0.0,0
GCN_yP,34,L01->L25,,False,0.0,0
GCN_yP,35,L01->L26,,False,0.0,0
GCN_yP,36,L01->L24,,False,0.0,0
GCN_yP,37,L01->L38,,False,0.0,0
GCN_yP,38,L34->L35,,False,0.0,0
GCN_yP,39,L34->L01,,False,0.0,0
GCN_yP,40,L34->L36,,False,0.0,0
GCN_yP,41,L34->L37,,False,0.0,0
GCN_yP,42,L34->L04,,False,0.0,0
GCN_yP,43,L34->L02,,False,0.0,0
GCN_yP,44,L34->L05,,False,0.0,0
GCN_yP,45,L34->L03,,False,0.0,0
GCN_yP,46,L34->L21,,False,0.0,0
GCN_yP,47,L34->L06,,False,0.0,0
GCN_yP,48,L34->L08,,False,0.0,0
GCN_yP,49,L34->L28,,False,0.0,0
GCN_yP,50,L34->L22,,False,0.0,0
GCN_yP,51,L34->L12,,False,0.0,0
GCN_yP,52,L34->L20,,False,0.0,0
GCN_yP,53,L34->L15,,False,0.0,0
GCN_yP,54,L34->L14,,False,0.0,0
GCN_yP,55,L34->L18,,False,0.0,0
GCN_yP,56,L34->L32,,False,0.0,0
GCN_yP,57,L34->L33,,False,0.0,0
GCN_yP,58,L34->L09,,False,0.0,0
GCN_yP,59,L34->L13,,False,0.0,0
GCN_yP,60,L34->L19,,False,0.0,0
GCN_yP,61,L34->L23,,False,0.0,0
GCN_yP,62,L34->L16,,False,0.0,0
GCN_yP,63,L34->L30,,False,0.0,0
GCN_yP,64,L34->L27,,False,0.0,0
GCN_yP,65,L34->L31,,False,0.0,0
GCN_yP,66,L34->L29,,False,0.0,0
GCN_yP,67,L34->L24,,False,0.0,0
GCN_yP,68,L34->L17,,False,0.0,0
GCN_yP,69,L34->L25,,False,0.0,0
GCN_yP,70,L34->L26,,False,0.0,0
GCN_yP,71,L34->L07,,False,0.0,0
GCN_yP,72,L34->L10,,False,0.0,0
GCN_yP,73,L34->L11,,False,0.0,0
GCN_yP,74,L34->L38,,False,0.0,0
GCN_yP,75,L35->L34,,False,0.0,0
GCN_yP,76,L35->L01,,False,0.0,0
GCN_yP,77,L35->L36,,False,0.0,0
GCN_yP,78,L35->L37,,False,0.0,0
GCN_yP,79,L35->L04,,False,0.0,0
GCN_yP,80,L35->L02,,False,0.0,0
GCN_yP,81,L35->L05,,False,0.0,0
GCN_yP,82,L35->L03,,False,0.0,0
GCN_yP,83,L35->L21,,False,0.0,0
GCN_yP,84,L35->L06,,False,0.0,0
GCN_yP,85,L35->L08,,False,0.0,0
GCN_yP,86,L35->L28,,False,0.0,0
GCN_yP,87,L35->L22,,False,0.0,0
GCN_yP,88,L35->L12,,False,0.0,0
GCN_yP,89,L35->L20,,False,0.0,0
GCN_yP,90,L35->L15,,False,0.0,0
GCN_yP,91,L35->L14,,False,0.0,0
GCN_yP,92,L35->L18,,False,0.0,0
GCN_yP,93,L35->L32,,False,0.0,0
GCN_yP,94,L35->L33,,False,0.0,0
GCN_yP,95,L35->L09,,False,0.0,0
GCN_yP,96,L35->L13,,False,0.0,0
GCN_yP,97,L35->L19,,False,0.0,0
GCN_yP,98,L35->L23,,False,0.0,0
GCN_yP,99,L35->L16,,False,0.0,0
GCN_yP,100,L35->L30,,False,0.0,0
GCN_yP,101,L35->L27,,False,0.0,0
GCN_yP,102,L35->L31,,False,0.0,0
GCN_yP,103,L35->L29,,False,0.0,0
GCN_yP,104,L35->L24,,False,0.0,0
GCN_yP,105,L35->L17,,False,0.0,0
GCN_yP,106,L35->L25,,False,0.0,0
GCN_yP,107,L35->L26,,False,0.0,0
GCN_yP,108,L35->L07,,False,0.0,0
GCN_yP,109,L35->L10,,False,0.0,0
GCN_yP,110,L35->L11,,False,0.0,0
GCN_yP,111,L35->L38,,False,0.0,0
GCN_yP,112,L04->L09,L04->L09->L10->L01->L02,True,100.94153457850766,1
GCN_yP,113,L04->L01,L04->L01->L10,True,82.39944368301173,2
GCN_yP,114,L04->L10,L04->L10->L01->L09,True,82.39944368301173,3
GCN_yP,115,L04->L34,,False,0.0,3
GCN_yP,116,L04->L35,,False,0.0,3
GCN_yP,117,L04->L21,,False,0.0,3
GCN_yP,118,L04->L36,,False,0.0,3
GCN_yP,119,L04->L37,,False,0.0,3
GCN_yP,120,L04->L08,L04->L08,True,79.93761520301625,4
GCN_yP,121,L04->L28,,False,0.0,4
GCN_yP,122,L04->L32,,False,0.0,4
GCN_yP,123,L04->L33,,False,0.0,4
GCN_yP,124,L04->L18,,False,0.0,4
GCN_yP,125,L04->L27,,False,0.0,4
GCN_yP,126,L04->L14,,False,0.0,4
GCN_yP,127,L04->L17,,False,0.0,4
GCN_yP,128,L04->L02,,False,0.0,4
GCN_yP,129,L04->L16,,False,0.0,4
GCN_yP,130,L04->L20,,False,0.0,4
GCN_yP,131,L04->L22,,False,0.0,4
GCN_yP,132,L04->L23,,False,0.0,4
GCN_yP,133,L04->L30,,False,0.0,4
GCN_yP,134,L04->L15,,False,0.0,4
GCN_yP,135,L04->L03,,False,0.0,4
GCN_yP,136,L04->L19,,False,0.0,4
GCN_yP,137,L04->L12,,False,0.0,4
GCN_yP,138,L04->L05,,False,0.0,4
GCN_yP,139,L04->L29,,False,0.0,4
GCN_yP,140,L04->L07,,False,0.0,4
GCN_yP,141,L04->L31,,False,0.0,4
GCN_yP,142,L04->L06,,False,0.0,4
GCN_yP,143,L04->L24,,False,0.0,4
GCN_yP,144,L04->L25,,False,0.0,4
GCN_yP,145,L04->L26,,False,0.0,4
GCN_yP,146,L04->L11,,False,0.0,4
GCN_yP,147,L04->L38,,False,0.0,4
GCN_yP,148,L04->L13,,False,0.0,4
GCN_yP,149,L36->L34,,False,0.0,4
GCN_yP,150,L36->L35,,False,0.0,4
GCN_yP,151,L36->L01,,False,0.0,4
GCN_yP,152,L36->L37,,False,0.0,4
GCN_yP,153,L36->L04,,False,0.0,4
GCN_yP,154,L36->L02,,False,0.0,4
GCN_yP,155,L36->L21,,False,0.0,4
GCN_yP,156,L36->L05,,False,0.0,4
GCN_yP,157,L36->L03,,False,0.0,4
GCN_yP,158,L36->L06,,False,0.0,4
GCN_yP,159,L36->L08,,False,0.0,4
GCN_yP,160,L36->L28,,False,0.0,4
GCN_yP,161,L36->L22,,False,0.0,4
GCN_yP,162,L36->L12,,False,0.0,4
GCN_yP,163,L36->L14,,False,0.0,4
GCN_yP,164,L36->L32,,False,0.0,4
GCN_yP,165,L36->L33,,False,0.0,4
GCN_yP,166,L36->L15,,False,0.0,4
GCN_yP,167,L36->L18,,False,0.0,4
GCN_yP,168,L36->L20,,False,0.0,4
GCN_yP,169,L36->L09,,False,0.0,4
GCN_yP,170,L36->L13,,False,0.0,4
GCN_yP,171,L36->L19,,False,0.0,4
GCN_yP,172,L36->L23,,False,0.0,4
GCN_yP,173,L36->L16,,False,0.0,4
GCN_yP,174,L36->L30,,False,0.0,4
GCN_yP,175,L36->L27,,False,0.0,4
GCN_yP,176,L36->L31,,False,0.0,4
GCN_yP,177,L36->L29,,False,0.0,4
GCN_yP,178,L36->L17,,False,0.0,4
GCN_yP,179,L36->L24,,False,0.0,4
GCN_yP,180,L36->L25,,False,0.0,4
GCN_yP,181,L36->L26,,False,0.0,4
GCN_yP,182,L36->L07,,False,0.0,4
GCN_yP,183,L36->L10,,False,0.0,4
GCN_yP,184,L36->L11,,False,0.0,4
GCN_yP,185,L36->L38,,False,0.0,4
GCN_yP,186,L37->L34,,False,0.0,4
GCN_yP,187,L37->L35,,False,0.0,4
GCN_yP,188,L37->L01,,False,0.0,4
GCN_yP,189,L37->L36,,False,0.0,4
GCN_yP,190,L37->L04,,False,0.0,4
GCN_yP,191,L37->L02,,False,0.0,4
GCN_yP,192,L37->L21,,False,0.0,4
GCN_yP,193,L37->L05,,False,0.0,4
GCN_yP,194,L37->L03,,False,0.0,4
GCN_yP,195,L37->L06,,False,0.0,4
GCN_yP,196,L37->L08,,False,0.0,4
GCN_yP,197,L37->L28,,False,0.0,4
GCN_yP,198,L37->L22,,False,0.0,4
GCN_yP,199,L37->L12,,False,0.0,4
GCN_yP,200,L37->L14,,False,0.0,4
GCN_yP,201,L37->L32,,False,0.0,4
GCN_yP,202,L37->L33,,False,0.0,4
GCN_yP,203,L37->L15,,False,0.0,4
GCN_yP,204,L37->L18,,False,0.0,4
GCN_yP,205,L37->L20,,False,0.0,4
GCN_yP,206,L37->L09,,False,0.0,4
GCN_yP,207,L37->L13,,False,0.0,4
GCN_yP,208,L37->L19,,False,0.0,4
GCN_yP,209,L37->L23,,False,0.0,4
GCN_yP,210,L37->L16,,False,0.0,4
GCN_yP,211,L37->L30,,False,0.0,4
GCN_yP,212,L37->L27,,False,0.0,4
GCN_yP,213,L37->L31,,False,0.0,4
GCN_yP,214,L37->L29,,False,0.0,4
GCN_yP,215,L37->L17,,False,0.0,4
GCN_yP,216,L37->L24,,False,0.0,4
GCN_yP,217,L37->L25,,False,0.0,4
GCN_yP,218,L37->L26,,False,0.0,4
GCN_yP,219,L37->L07,,False,0.0,4
GCN_yP,220,L37->L10,,False,0.0,4
GCN_yP,221,L37->L11,,False,0.0,4
GCN_yP,222,L37->L38,,False,0.0,4
GCN_yP,223,L02->L01,,False,0.0,4
GCN_yP,224,L02->L34,,False,0.0,4
GCN_yP,225,L02->L35,,False,0.0,4
GCN_yP,226,L02->L36,,False,0.0,4
GCN_yP,227,L02->L37,,False,0.0,4
GCN_yP,228,L02->L04,,False,0.0,4
GCN_yP,229,L02->L03,,False,0.0,4
GCN_yP,230,L02->L05,,False,0.0,4
GCN_yP,231,L02->L21,,False,0.0,4
GCN_yP,232,L02->L06,,False,0.0,4
GCN_yP,233,L02->L28,,False,0.0,4
GCN_yP,234,L02->L08,,False,0.0,4
GCN_yP,235,L02->L20,,False,0.0,4
GCN_yP,236,L02->L22,,False,0.0,4
GCN_yP,237,L02->L12,,False,0.0,4
GCN_yP,238,L02->L15,,False,0.0,4
GCN_yP,239,L02->L14,,False,0.0,4
GCN_yP,240,L02->L18,,False,0.0,4
GCN_yP,241,L02->L32,,False,0.0,4
GCN_yP,242,L02->L33,,False,0.0,4
GCN_yP,243,L02->L09,,False,0.0,4
GCN_yP,244,L02->L13,,False,0.0,4
GCN_yP,245,L02->L19,,False,0.0,4
GCN_yP,246,L02->L23,,False,0.0,4
GCN_yP,247,L02->L27,L02->L27,True,27.98107265493719,5
GCN_yP,248,L02->L16,,False,0.0,5
GCN_yP,249,L02->L30,,False,0.0,5
GCN_yP,250,L02->L31,,False,0.0,5
GCN_yP,251,L02->L29,,False,0.0,5
GCN_yP,252,L02->L17,,False,0.0,5
GCN_yP,253,L02->L24,,False,0.0,5
GCN_yP,254,L02->L25,,False,0.0,5
GCN_yP,255,L02->L26,,False,0.0,5
GCN_yP,256,L02->L10,,False,0.0,5
GCN_yP,257,L02->L07,L02->L07,True,27.981072654937165,6
GCN_yP,258,L02->L11,,False,0.0,6
GCN_yP,259,L02->L38,,False,0.0,6
GCN_yP,260,L21->L01,,False,0.0,6
GCN_yP,261,L21->L36,,False,0.0,6
GCN_yP,262,L21->L37,,False,0.0,6
GCN_yP,263,L21->L34,,False,0.0,6
GCN_yP,264,L21->L35,,False,0.0,6
GCN_yP,265,L21->L04,,False,0.0,6
GCN_yP,266,L21->L08,,False,0.0,6
GCN_yP,267,L21->L15,,False,0.0,6
GCN_yP,268,L21->L05,,False,0.0,6
GCN_yP,269,L21->L20,,False,0.0,6
GCN_yP,270,L21->L03,,False,0.0,6
GCN_yP,271,L21->L06,,False,0.0,6
GCN_yP,272,L21->L32,,False,0.0,6
GCN_yP,273,L21->L33,,False,0.0,6
GCN_yP,274,L21->L28,,False,0.0,6
GCN_yP,275,L21->L17,,False,0.0,6
GCN_yP,276,L21->L02,,False,0.0,6
GCN_yP,277,L21->L12,,False,0.0,6
GCN_yP,278,L21->L19,,False,0.0,6
GCN_yP,279,L21->L09,,False,0.0,6
GCN_yP,280,L21->L14,,False,0.0,6
GCN_yP,281,L21->L13,,False,0.0,6
GCN_yP,282,L21->L27,,False,0.0,6
GCN_yP,283,L21->L30,,False,0.0,6
GCN_yP,284,L21->L22,L21->L22->L23->L02->L06->L07->L27,True,727.2781283848517,7
GCN_yP,285,L21->L18,,False,0.0,7
GCN_yP,286,L21->L16,,False,0.0,7
GCN_yP,287,L21->L31,,False,0.0,7
GCN_yP,288,L21->L23,,False,0.0,7
GCN_yP,289,L21->L25,,False,0.0,7
GCN_yP,290,L21->L26,,False,0.0,7
GCN_yP,291,L21->L10,,False,0.0,7
GCN_yP,292,L21->L29,,False,0.0,7
GCN_yP,293,L21->L07,,False,0.0,7
GCN_yP,294,L21->L24,,False,0.0,7
GCN_yP,295,L21->L11,,False,0.0,7
GCN_yP,296,L21->L38,,False,0.0,7
GCN_yP,297,L05->L01,,False,0.0,7
GCN_yP,298,L05->L34,,False,0.0,7
GCN_yP,299,L05->L35,,False,0.0,7
GCN_yP,300,L05->L04,,False,0.0,7
GCN_yP,301,L05->L10,L05->L10,True,158.08614799330758,8
GCN_yP,302,L05->L08,,False,0.0,8
GCN_yP,303,L05->L21,,False,0.0,8
GCN_yP,304,L05->L36,,False,0.0,8
GCN_yP,305,L05->L37,,False,0.0,8
GCN_yP,306,L05->L09,,False,0.0,8
GCN_yP,307,L05->L28,,False,0.0,8
GCN_yP,308,L05->L18,,False,0.0,8
GCN_yP,309,L05->L32,,False,0.0,8
GCN_yP,310,L05->L33,,False,0.0,8
GCN_yP,311,L05->L02,,False,0.0,8
GCN_yP,312,L05->L14,,False,0.0,8
GCN_yP,313,L05->L03,,False,0.0,8
GCN_yP,314,L05->L27,,False,0.0,8
GCN_yP,315,L05->L17,,False,0.0,8
GCN_yP,316,L05->L16,,False,0.0,8
GCN_yP,317,L05->L23,,False,0.0,8
GCN_yP,318,L05->L15,,False,0.0,8
GCN_yP,319,L05->L22,,False,0.0,8
GCN_yP,320,L05->L20,,False,0.0,8
GCN_yP,321,L05->L19,,False,0.0,8
GCN_yP,322,L05->L11,,False,0.0,8
GCN_yP,323,L05->L30,,False,0.0,8
GCN_yP,324,L05->L12,,False,0.0,8
GCN_yP,325,L05->L29,,False,0.0,8
GCN_yP,326,L05->L31,,False,0.0,8
GCN_yP,327,L05->L07,,False,0.0,8
GCN_yP,328,L05->L25,,False,0.0,8
GCN_yP,329,L05->L26,,False,0.0,8
GCN_yP,330,L05->L06,,False,0.0,8
GCN_yP,331,L05->L24,,False,0.0,8
GCN_yP,332,L05->L13,,False,0.0,8
GCN_yP,333,L05->L38,,False,0.0,8
GCN_yP,334,L03->L01,,False,0.0,8
GCN_yP,335,L03->L02,,False,0.0,8
GCN_yP,336,L03->L36,,False,0.0,8
GCN_yP,337,L03->L37,,False,0.0,8
GCN_yP,338,L03->L08,,False,0.0,8
GCN_yP,339,L03->L06,,False,0.0,8
GCN_yP,340,L03->L21,,False,0.0,8
GCN_yP,341,L03->L34,,False,0.0,8
GCN_yP,342,L03->L35,,False,0.0,8
GCN_yP,343,L03->L04,,False,0.0,8
GCN_yP,344,L03->L05,,False,0.0,8
GCN_yP,345,L03->L29,,False,0.0,8
GCN_yP,346,L03->L24,,False,0.0,8
GCN_yP,347,L03->L14,,False,0.0,8
GCN_yP,348,L03->L20,,False,0.0,8
GCN_yP,349,L03->L12,,False,0.0,8
GCN_yP,350,L03->L10,,False,0.0,8
GCN_yP,351,L03->L15,,False,0.0,8
GCN_yP,352,L03->L22,,False,0.0,8
GCN_yP,353,L03->L09,L03->L09,True,85.8406488939796,9
GCN_yP,354,L03->L19,,False,0.0,9
GCN_yP,355,L03->L16,,False,0.0,9
GCN_yP,356,L03->L30,,False,0.0,9
GCN_yP,357,L03->L32,,False,0.0,9
GCN_yP,358,L03->L33,,False,0.0,9
GCN_yP,359,L03->L13,,False,0.0,9
GCN_yP,360,L03->L31,,False,0.0,9
GCN_yP,361,L03->L18,,False,0.0,9
GCN_yP,362,L03->L17,,False,0.0,9
GCN_yP,363,L03->L28,,False,0.0,9
GCN_yP,364,L03->L23,,False,0.0,9
GCN_yP,365,L03->L38,,False,0.0,9
GCN_yP,366,L03->L07,,False,0.0,9
GCN_yP,367,L03->L27,,False,0.0,9
GCN_yP,368,L03->L11,,False,0.0,9
GCN_yP,369,L03->L25,,False,0.0,9
GCN_yP,370,L03->L26,,False,0.0,9
GCN_yP,371,L08->L09,L08->L09->L10->L01->L02->L06,True,180.8791497815239,10
GCN_yP,372,L08->L10,L08->L10->L01->L09,True,162.33705888602796,11
GCN_yP,373,L08->L34,,False,0.0,11
GCN_yP,374,L08->L35,,False,0.0,11
GCN_yP,375,L08->L21,,False,0.0,11
GCN_yP,376,L08->L36,,False,0.0,11
GCN_yP,377,L08->L37,,False,0.0,11
GCN_yP,378,L08->L32,,False,0.0,11
GCN_yP,379,L08->L33,,False,0.0,11
GCN_yP,380,L08->L01,L08->L01->L10,True,162.33705888602796,12
GCN_yP,381,L08->L18,,False,0.0,12
GCN_yP,382,L08->L28,,False,0.0,12
GCN_yP,383,L08->L02,,False,0.0,12
GCN_yP,384,L08->L27,,False,0.0,12
GCN_yP,385,L08->L17,,False,0.0,12
GCN_yP,386,L08->L16,,False,0.0,12
GCN_yP,387,L08->L12,,False,0.0,12
GCN_yP,388,L08->L29,,False,0.0,12
GCN_yP,389,L08->L06,,False,0.0,12
GCN_yP,390,L08->L07,,False,0.0,12
GCN_yP,391,L08->L20,,False,0.0,12
GCN_yP,392,L08->L30,,False,0.0,12
GCN_yP,393,L08->L14,,False,0.0,12
GCN_yP,394,L08->L22,,False,0.0,12
GCN_yP,395,L08->L15,,False,0.0,12
GCN_yP,396,L08->L04,L08->L04,True,79.93761520301625,13
GCN_yP,397,L08->L23,,False,0.0,13
GCN_yP,398,L08->L24,,False,0.0,13
GCN_yP,399,L08->L19,,False,0.0,13
GCN_yP,400,L08->L03,,False,0.0,13
GCN_yP,401,L08->L05,,False,0.0,13
GCN_yP,402,L08->L31,,False,0.0,13
GCN_yP,403,L08->L11,,False,0.0,13
GCN_yP,404,L08->L25,,False,0.0,13
GCN_yP,405,L08->L26,,False,0.0,13
GCN_yP,406,L08->L13,,False,0.0,13
GCN_yP,407,L08->L38,,False,0.0,13
GCN_yP,408,L22->L01,,False,0.0,13
GCN_yP,409,L22->L02,,False,0.0,13
GCN_yP,410,L22->L04,,False,0.0,13
GCN_yP,411,L22->L05,,False,0.0,13
GCN_yP,412,L22->L03,,False,0.0,13
GCN_yP,413,L22->L06,,False,0.0,13
GCN_yP,414,L22->L08,,False,0.0,13
GCN_yP,415,L22->L20,,False,0.0,13
GCN_yP,416,L22->L34,,False,0.0,13
GCN_yP,417,L22->L35,,False,0.0,13
GCN_yP,418,L22->L14,,False,0.0,13
GCN_yP,419,L22->L12,,False,0.0,13
GCN_yP,420,L22->L24,,False,0.0,13
GCN_yP,421,L22->L21,,False,0.0,13
GCN_yP,422,L22->L09,,False,0.0,13
GCN_yP,423,L22->L29,,False,0.0,13
GCN_yP,424,L22->L19,,False,0.0,13
GCN_yP,425,L22->L36,,False,0.0,13
GCN_yP,426,L22->L37,,False,0.0,13
GCN_yP,427,L22->L15,,False,0.0,13
GCN_yP,428,L22->L13,,False,0.0,13
GCN_yP,429,L22->L30,,False,0.0,13
GCN_yP,430,L22->L16,,False,0.0,13
GCN_yP,431,L22->L18,,False,0.0,13
GCN_yP,432,L22->L32,,False,0.0,13
GCN_yP,433,L22->L33,,False,0.0,13
GCN_yP,434,L22->L31,,False,0.0,13
GCN_yP,435,L22->L28,,False,0.0,13
GCN_yP,436,L22->L17,,False,0.0,13
GCN_yP,437,L22->L38,,False,0.0,13
GCN_yP,438,L22->L10,,False,0.0,13
GCN_yP,439,L22->L23,,False,0.0,13
GCN_yP,440,L22->L07,,False,0.0,13
GCN_yP,441,L22->L11,,False,0.0,13
GCN_yP,442,L22->L27,,False,0.0,13
GCN_yP,443,L22->L25,,False,0.0,13
GCN_yP,444,L22->L26,,False,0.0,13
GCN_yP,445,L11->L01,,False,0.0,13
GCN_yP,446,L11->L34,,False,0.0,13
GCN_yP,447,L11->L35,,False,0.0,13
GCN_yP,448,L11->L04,,False,0.0,13
GCN_yP,449,L11->L02,,False,0.0,13
GCN_yP,450,L11->L36,,False,0.0,13
GCN_yP,451,L11->L37,,False,0.0,13
GCN_yP,452,L11->L21,,False,0.0,13
GCN_yP,453,L11->L05,,False,0.0,13
GCN_yP,454,L11->L03,,False,0.0,13
GCN_yP,455,L11->L10,,False,0.0,13
GCN_yP,456,L11->L13,L11->L13,True,17.888381576976077,14
GCN_yP,457,L11->L08,,False,0.0,14
GCN_yP,458,L11->L18,,False,0.0,14
GCN_yP,459,L11->L17,,False,0.0,14
GCN_yP,460,L11->L29,,False,0.0,14
GCN_yP,461,L11->L24,,False,0.0,14
GCN_yP,462,L11->L06,,False,0.0,14
GCN_yP,463,L11->L15,,False,0.0,14
GCN_yP,464,L11->L20,,False,0.0,14
GCN_yP,465,L11->L14,,False,0.0,14
GCN_yP,466,L11->L22,,False,0.0,14
GCN_yP,467,L11->L16,,False,0.0,14
GCN_yP,468,L11->L28,,False,0.0,14
GCN_yP,469,L11->L32,,False,0.0,14
GCN_yP,470,L11->L33,,False,0.0,14
GCN_yP,471,L11->L30,,False,0.0,14
GCN_yP,472,L11->L12,L11->L12,True,17.88838157697601,15
GCN_yP,473,L11->L19,,False,0.0,15
GCN_yP,474,L11->L09,,False,0.0,15
GCN_yP,475,L11->L23,,False,0.0,15
GCN_yP,476,L11->L07,,False,0.0,15
GCN_yP,477,L11->L27,,False,0.0,15
GCN_yP,478,L11->L25,,False,0.0,15
GCN_yP,479,L11->L26,,False,0.0,15
GCN_yP,480,L11->L38,,False,0.0,15
GCN_yP,481,L11->L31,,False,0.0,15
GCN_yP,482,L12->L01,,False,0.0,15
GCN_yP,483,L12->L04,,False,0.0,15
GCN_yP,484,L12->L34,,False,0.0,15
GCN_yP,485,L12->L35,,False,0.0,15
GCN_yP,486,L12->L36,,False,0.0,15
GCN_yP,487,L12->L37,,False,0.0,15
GCN_yP,488,L12->L02,,False,0.0,15
GCN_yP,489,L12->L21,,False,0.0,15
GCN_yP,490,L12->L06,,False,0.0,15
GCN_yP,491,L12->L08,,False,0.0,15
GCN_yP,492,L12->L05,,False,0.0,15
GCN_yP,493,L12->L03,,False,0.0,15
GCN_yP,494,L12->L10,,False,0.0,15
GCN_yP,495,L12->L17,,False,0.0,15
GCN_yP,496,L12->L18,,False,0.0,15
GCN_yP,497,L12->L24,,False,0.0,15
GCN_yP,498,L12->L29,,False,0.0,15
GCN_yP,499,L12->L16,,False,0.0,15
GCN_yP,500,L12->L20,,False,0.0,15
GCN_yP,501,L12->L15,,False,0.0,15
GCN_yP,502,L12->L14,,False,0.0,15
GCN_yP,503,L12->L22,,False,0.0,15
GCN_yP,504,L12->L11,L12->L11,True,17.88838157697601,16
GCN_yP,505,L12->L30,,False,0.0,16
GCN_yP,506,L12->L32,,False,0.0,16
GCN_yP,507,L12->L33,,False,0.0,16
GCN_yP,508,L12->L28,,False,0.0,16
GCN_yP,509,L12->L19,,False,0.0,16
GCN_yP,510,L12->L13,L12->L13,True,38.05337863080115,17
GCN_yP,511,L12->L23,,False,0.0,17
GCN_yP,512,L12->L09,,False,0.0,17
GCN_yP,513,L12->L07,,False,0.0,17
GCN_yP,514,L12->L27,,False,0.0,17
GCN_yP,515,L12->L31,,False,0.0,17
GCN_yP,516,L12->L25,,False,0.0,17
GCN_yP,517,L12->L26,,False,0.0,17
GCN_yP,518,L12->L38,,False,0.0,17
GCN_yP,519,L32->L01,,False,0.0,17
GCN_yP,520,L32->L34,,False,0.0,17
GCN_yP,521,L32->L35,,False,0.0,17
GCN_yP,522,L32->L36,,False,0.0,17
GCN_yP,523,L32->L37,,False,0.0,17
GCN_yP,524,L32->L04,,False,0.0,17
GCN_yP,525,L32->L02,,False,0.0,17
GCN_yP,526,L32->L05,,False,0.0,17
GCN_yP,527,L32->L21,,False,0.0,17
GCN_yP,528,L32->L03,,False,0.0,17
GCN_yP,529,L32->L08,,False,0.0,17
GCN_yP,530,L32->L06,,False,0.0,17
GCN_yP,531,L32->L28,,False,0.0,17
GCN_yP,532,L32->L20,,False,0.0,17
GCN_yP,533,L32->L22,,False,0.0,17
GCN_yP,534,L32->L12,,False,0.0,17
GCN_yP,535,L32->L18,,False,0.0,17
GCN_yP,536,L32->L15,,False,0.0,17
GCN_yP,537,L32->L14,,False,0.0,17
GCN_yP,538,L32->L09,,False,0.0,17
GCN_yP,539,L32->L33,,False,0.0,17
GCN_yP,540,L32->L13,,False,0.0,17
GCN_yP,541,L32->L19,,False,0.0,17
GCN_yP,542,L32->L30,,False,0.0,17
GCN_yP,543,L32->L27,,False,0.0,17
GCN_yP,544,L32->L23,,False,0.0,17
GCN_yP,545,L32->L16,,False,0.0,17
GCN_yP,546,L32->L31,,False,0.0,17
GCN_yP,547,L32->L29,,False,0.0,17
GCN_yP,548,L32->L24,,False,0.0,17
GCN_yP,549,L32->L25,,False,0.0,17
GCN_yP,550,L32->L26,,False,0.0,17
GCN_yP,551,L32->L17,,False,0.0,17
GCN_yP,552,L32->L07,,False,0.0,17
GCN_yP,553,L32->L10,,False,0.0,17
GCN_yP,554,L32->L11,,False,0.0,17
GCN_yP,555,L32->L38,,False,0.0,17
GCN_yP,556,L33->L01,,False,0.0,17
GCN_yP,557,L33->L34,,False,0.0,17
GCN_yP,558,L33->L35,,False,0.0,17
GCN_yP,559,L33->L36,,False,0.0,17
GCN_yP,560,L33->L37,,False,0.0,17
GCN_yP,561,L33->L04,,False,0.0,17
GCN_yP,562,L33->L02,,False,0.0,17
GCN_yP,563,L33->L05,,False,0.0,17
GCN_yP,564,L33->L21,,False,0.0,17
GCN_yP,565,L33->L03,,False,0.0,17
GCN_yP,566,L33->L08,,False,0.0,17
GCN_yP,567,L33->L06,,False,0.0,17
GCN_yP,568,L33->L28,,False,0.0,17
GCN_yP,569,L33->L20,,False,0.0,17
GCN_yP,570,L33->L22,,False,0.0,17
GCN_yP,571,L33->L12,,False,0.0,17
GCN_yP,572,L33->L18,,False,0.0,17
GCN_yP,573,L33->L15,,False,0.0,17
GCN_yP,574,L33->L14,,False,0.0,17
GCN_yP,575,L33->L09,,False,0.0,17
GCN_yP,576,L33->L32,,False,0.0,17
GCN_yP,577,L33->L13,,False,0.0,17
GCN_yP,578,L33->L19,,False,0.0,17
GCN_yP,579,L33->L30,,False,0.0,17
GCN_yP,580,L33->L27,,False,0.0,17
GCN_yP,581,L33->L23,,False,0.0,17
GCN_yP,582,L33->L16,,False,0.0,17
GCN_yP,583,L33->L31,,False,0.0,17
GCN_yP,584,L33->L29,,False,0.0,17
GCN_yP,585,L33->L24,,False,0.0,17
GCN_yP,586,L33->L25,,False,0.0,17
GCN_yP,587,L33->L26,,False,0.0,17
GCN_yP,588,L33->L17,,False,0.0,17
GCN_yP,589,L33->L07,,False,0.0,17
GCN_yP,590,L33->L10,,False,0.0,17
GCN_yP,591,L33->L11,,False,0.0,17
GCN_yP,592,L33->L38,,False,0.0,17
GCN_yP,593,L18->L01,,False,0.0,17
GCN_yP,594,L18->L36,,False,0.0,17
GCN_yP,595,L18->L37,,False,0.0,17
GCN_yP,596,L18->L35,,False,0.0,17
GCN_yP,597,L18->L34,,False,0.0,17
GCN_yP,598,L18->L02,,False,0.0,17
GCN_yP,599,L18->L04,,False,0.0,17
GCN_yP,600,L18->L22,,False,0.0,17
GCN_yP,601,L18->L05,,False,0.0,17
GCN_yP,602,L18->L03,,False,0.0,17
GCN_yP,603,L18->L06,,False,0.0,17
GCN_yP,604,L18->L21,,False,0.0,17
GCN_yP,605,L18->L14,,False,0.0,17
GCN_yP,606,L18->L08,,False,0.0,17
GCN_yP,607,L18->L28,,False,0.0,17
GCN_yP,608,L18->L32,,False,0.0,17
GCN_yP,609,L18->L33,,False,0.0,17
GCN_yP,610,L18->L16,,False,0.0,17
GCN_yP,611,L18->L12,,False,0.0,17
GCN_yP,612,L18->L09,,False,0.0,17
GCN_yP,613,L18->L19,,False,0.0,17
GCN_yP,614,L18->L13,,False,0.0,17
GCN_yP,615,L18->L15,,False,0.0,17
GCN_yP,616,L18->L30,,False,0.0,17
GCN_yP,617,L18->L23,,False,0.0,17
GCN_yP,618,L18->L27,,False,0.0,17
GCN_yP,619,L18->L31,,False,0.0,17
GCN_yP,620,L18->L29,,False,0.0,17
GCN_yP,621,L18->L24,,False,0.0,17
GCN_yP,622,L18->L10,,False,0.0,17
GCN_yP,623,L18->L07,,False,0.0,17
GCN_yP,624,L18->L25,,False,0.0,17
GCN_yP,625,L18->L26,,False,0.0,17
GCN_yP,626,L18->L20,,False,0.0,17
GCN_yP,627,L18->L17,,False,0.0,17
GCN_yP,628,L18->L11,,False,0.0,17
GCN_yP,629,L18->L38,,False,0.0,17
GCN_yP,630,L28->L38,,False,0.0,17
GCN_yP,631,L28->L01,,False,0.0,17
GCN_yP,632,L28->L34,,False,0.0,17
GCN_yP,633,L28->L35,,False,0.0,17
GCN_yP,634,L28->L02,,False,0.0,17
GCN_yP,635,L28->L23,,False,0.0,17
GCN_yP,636,L28->L04,,False,0.0,17
GCN_yP,637,L28->L36,,False,0.0,17
GCN_yP,638,L28->L37,,False,0.0,17
GCN_yP,639,L28->L30,,False,0.0,17
GCN_yP,640,L28->L31,,False,0.0,17
GCN_yP,641,L28->L03,,False,0.0,17
GCN_yP,642,L28->L05,,False,0.0,17
GCN_yP,643,L28->L06,,False,0.0,17
GCN_yP,644,L28->L22,,False,0.0,17
GCN_yP,645,L28->L08,,False,0.0,17
GCN_yP,646,L28->L21,,False,0.0,17
GCN_yP,647,L28->L20,,False,0.0,17
GCN_yP,648,L28->L12,,False,0.0,17
GCN_yP,649,L28->L15,,False,0.0,17
GCN_yP,650,L28->L14,,False,0.0,17
GCN_yP,651,L28->L18,,False,0.0,17
GCN_yP,652,L28->L09,,False,0.0,17
GCN_yP,653,L28->L13,,False,0.0,17
GCN_yP,654,L28->L24,L28->L24->L06->L07,True,316.82674035082636,18
GCN_yP,655,L28->L19,,False,0.0,18
GCN_yP,656,L28->L29,,False,0.0,18
GCN_yP,657,L28->L27,,False,0.0,18
GCN_yP,658,L28->L16,,False,0.0,18
GCN_yP,659,L28->L07,,False,0.0,18
GCN_yP,660,L28->L32,,False,0.0,18
GCN_yP,661,L28->L33,,False,0.0,18
GCN_yP,662,L28->L25,L28->L25->L26,True,465.9176206657203,19
GCN_yP,663,L28->L26,L28->L26->L25,True,465.9176206657203,20
GCN_yP,664,L28->L17,,False,0.0,20
GCN_yP,665,L28->L10,,False,0.0,20
GCN_yP,666,L28->L11,,False,0.0,20
GCN_yP,667,L06->L34,,False,0.0,20
GCN_yP,668,L06->L35,,False,0.0,20
GCN_yP,669,L06->L01,,False,0.0,20
GCN_yP,670,L06->L04,,False,0.0,20
GCN_yP,671,L06->L36,,False,0.0,20
GCN_yP,672,L06->L37,,False,0.0,20
GCN_yP,673,L06->L03,,False,0.0,20
GCN_yP,674,L06->L22,,False,0.0,20
GCN_yP,675,L06->L21,,False,0.0,20
GCN_yP,676,L06->L05,,False,0.0,20
GCN_yP,677,L06->L02,,False,0.0,20
GCN_yP,678,L06->L28,,False,0.0,20
GCN_yP,679,L06->L32,,False,0.0,20
GCN_yP,680,L06->L33,,False,0.0,20
GCN_yP,681,L06->L18,,False,0.0,20
GCN_yP,682,L06->L08,,False,0.0,20
GCN_yP,683,L06->L14,,False,0.0,20
GCN_yP,684,L06->L15,,False,0.0,20
GCN_yP,685,L06->L09,,False,0.0,20
GCN_yP,686,L06->L16,,False,0.0,20
GCN_yP,687,L06->L27,L06->L27,True,27.981072654937165,21
GCN_yP,688,L06->L12,,False,0.0,21
GCN_yP,689,L06->L17,,False,0.0,21
GCN_yP,690,L06->L20,,False,0.0,21
GCN_yP,691,L06->L23,,False,0.0,21
GCN_yP,692,L06->L30,,False,0.0,21
GCN_yP,693,L06->L19,,False,0.0,21
GCN_yP,694,L06->L31,,False,0.0,21
GCN_yP,695,L06->L29,,False,0.0,21
GCN_yP,696,L06->L25,,False,0.0,21
GCN_yP,697,L06->L26,,False,0.0,21
GCN_yP,698,L06->L13,,False,0.0,21
GCN_yP,699,L06->L24,,False,0.0,21
GCN_yP,700,L06->L10,,False,0.0,21
GCN_yP,701,L06->L07,L06->L07,True,27.981072654937165,22
GCN_yP,702,L06->L11,,False,0.0,22
GCN_yP,703,L06->L38,,False,0.0,22
GCN_yP,704,L15->L01,,False,0.0,22
GCN_yP,705,L15->L02,,False,0.0,22
GCN_yP,706,L15->L08,,False,0.0,22
GCN_yP,707,L15->L03,,False,0.0,22
GCN_yP,708,L15->L04,,False,0.0,22
GCN_yP,709,L15->L05,,False,0.0,22
GCN_yP,710,L15->L21,,False,0.0,22
GCN_yP,711,L15->L36,,False,0.0,22
GCN_yP,712,L15->L37,,False,0.0,22
GCN_yP,713,L15->L06,,False,0.0,22
GCN_yP,714,L15->L30,,False,0.0,22
GCN_yP,715,L15->L24,,False,0.0,22
GCN_yP,716,L15->L12,,False,0.0,22
GCN_yP,717,L15->L34,,False,0.0,22
GCN_yP,718,L15->L35,,False,0.0,22
GCN_yP,719,L15->L29,,False,0.0,22
GCN_yP,720,L15->L20,,False,0.0,22
GCN_yP,721,L15->L16,,False,0.0,22
GCN_yP,722,L15->L22,,False,0.0,22
GCN_yP,723,L15->L19,,False,0.0,22
GCN_yP,724,L15->L09,,False,0.0,22
GCN_yP,725,L15->L13,,False,0.0,22
GCN_yP,726,L15->L14,,False,0.0,22
GCN_yP,727,L15->L28,,False,0.0,22
GCN_yP,728,L15->L32,,False,0.0,22
GCN_yP,729,L15->L33,,False,0.0,22
GCN_yP,730,L15->L10,,False,0.0,22
GCN_yP,731,L15->L23,,False,0.0,22
GCN_yP,732,L15->L07,,False,0.0,22
GCN_yP,733,L15->L18,,False,0.0,22
GCN_yP,734,L15->L17,,False,0.0,22
GCN_yP,735,L15->L27,,False,0.0,22
GCN_yP,736,L15->L11,,False,0.0,22
GCN_yP,737,L15->L25,,False,0.0,22
GCN_yP,738,L15->L26,,False,0.0,22
GCN_yP,739,L15->L31,,False,0.0,22
GCN_yP,740,L15->L38,,False,0.0,22
GCN_yP,741,L10->L08,L10->L08->L01->L09,True,162.33705888602796,23
GCN_yP,742,L10->L05,L10->L05,True,158.08614799330758,24
GCN_yP,743,L10->L09,L10->L09->L08->L01->L02->L06,True,180.8791497815239,25
GCN_yP,744,L10->L11,,False,0.0,25
GCN_yP,745,L10->L34,,False,0.0,25
GCN_yP,746,L10->L35,,False,0.0,25
GCN_yP,747,L10->L21,,False,0.0,25
GCN_yP,748,L10->L36,,False,0.0,25
GCN_yP,749,L10->L37,,False,0.0,25
GCN_yP,750,L10->L14,,False,0.0,25
GCN_yP,751,L10->L28,,False,0.0,25
GCN_yP,752,L10->L18,,False,0.0,25
GCN_yP,753,L10->L27,L10->L27->L06->L09->L01->L04->L08,True,383.860222436461,26
GCN_yP,754,L10->L32,,False,0.0,26
GCN_yP,755,L10->L33,,False,0.0,26
GCN_yP,756,L10->L16,,False,0.0,26
GCN_yP,757,L10->L02,L10->L02->L09->L04->L08,True,180.87914978152395,27
GCN_yP,758,L10->L01,L10->L01->L04->L08,True,162.337058886028,28
GCN_yP,759,L10->L15,,False,0.0,28
GCN_yP,760,L10->L17,,False,0.0,28
GCN_yP,761,L10->L23,,False,0.0,28
GCN_yP,762,L10->L22,,False,0.0,28
GCN_yP,763,L10->L30,,False,0.0,28
GCN_yP,764,L10->L20,,False,0.0,28
GCN_yP,765,L10->L07,L10->L07->L06->L09->L01->L04->L08,True,383.860222436461,29
GCN_yP,766,L10->L19,,False,0.0,29
GCN_yP,767,L10->L29,,False,0.0,29
GCN_yP,768,L10->L25,,False,0.0,29
GCN_yP,769,L10->L26,,False,0.0,29
GCN_yP,770,L10->L31,,False,0.0,29
GCN_yP,771,L10->L13,,False,0.0,29
GCN_yP,772,L10->L12,,False,0.0,29
GCN_yP,773,L10->L24,,False,0.0,29
GCN_yP,774,L10->L03,,False,0.0,29
GCN_yP,775,L10->L04,L10->L04->L01->L09,True,82.39944368301173,30
GCN_yP,776,L10->L06,,False,0.0,30
GCN_yP,777,L10->L38,,False,0.0,30
GCN_yP,778,L17->L01,,False,0.0,30
GCN_yP,779,L17->L04,,False,0.0,30
GCN_yP,780,L17->L21,,False,0.0,30
GCN_yP,781,L17->L36,,False,0.0,30
GCN_yP,782,L17->L37,,False,0.0,30
GCN_yP,783,L17->L02,,False,0.0,30
GCN_yP,784,L17->L05,,False,0.0,30
GCN_yP,785,L17->L08,,False,0.0,30
GCN_yP,786,L17->L30,,False,0.0,30
GCN_yP,787,L17->L24,,False,0.0,30
GCN_yP,788,L17->L03,,False,0.0,30
GCN_yP,789,L17->L34,,False,0.0,30
GCN_yP,790,L17->L35,,False,0.0,30
GCN_yP,791,L17->L09,,False,0.0,30
GCN_yP,792,L17->L12,,False,0.0,30
GCN_yP,793,L17->L29,,False,0.0,30
GCN_yP,794,L17->L06,,False,0.0,30
GCN_yP,795,L17->L20,,False,0.0,30
GCN_yP,796,L17->L22,,False,0.0,30
GCN_yP,797,L17->L14,,False,0.0,30
GCN_yP,798,L17->L28,,False,0.0,30
GCN_yP,799,L17->L13,,False,0.0,30
GCN_yP,800,L17->L19,,False,0.0,30
GCN_yP,801,L17->L32,,False,0.0,30
GCN_yP,802,L17->L33,,False,0.0,30
GCN_yP,803,L17->L10,,False,0.0,30
GCN_yP,804,L17->L23,,False,0.0,30
GCN_yP,805,L17->L07,,False,0.0,30
GCN_yP,806,L17->L15,,False,0.0,30
GCN_yP,807,L17->L27,,False,0.0,30
GCN_yP,808,L17->L18,,False,0.0,30
GCN_yP,809,L17->L11,,False,0.0,30
GCN_yP,810,L17->L16,L17->L16,True,4.621657307708116,31
GCN_yP,811,L17->L25,,False,0.0,31
GCN_yP,812,L17->L26,,False,0.0,31
GCN_yP,813,L17->L31,,False,0.0,31
GCN_yP,814,L17->L38,,False,0.0,31
GCN_yP,815,L14->L01,,False,0.0,31
GCN_yP,816,L14->L02,,False,0.0,31
GCN_yP,817,L14->L04,,False,0.0,31
GCN_yP,818,L14->L03,,False,0.0,31
GCN_yP,819,L14->L08,,False,0.0,31
GCN_yP,820,L14->L05,,False,0.0,31
GCN_yP,821,L14->L36,,False,0.0,31
GCN_yP,822,L14->L37,,False,0.0,31
GCN_yP,823,L14->L34,,False,0.0,31
GCN_yP,824,L14->L35,,False,0.0,31
GCN_yP,825,L14->L21,,False,0.0,31
GCN_yP,826,L14->L06,,False,0.0,31
GCN_yP,827,L14->L20,,False,0.0,31
GCN_yP,828,L14->L29,,False,0.0,31
GCN_yP,829,L14->L24,,False,0.0,31
GCN_yP,830,L14->L18,,False,0.0,31
GCN_yP,831,L14->L12,,False,0.0,31
GCN_yP,832,L14->L19,,False,0.0,31
GCN_yP,833,L14->L17,,False,0.0,31
GCN_yP,834,L14->L22,,False,0.0,31
GCN_yP,835,L14->L13,,False,0.0,31
GCN_yP,836,L14->L30,,False,0.0,31
GCN_yP,837,L14->L10,,False,0.0,31
GCN_yP,838,L14->L15,,False,0.0,31
GCN_yP,839,L14->L32,,False,0.0,31
GCN_yP,840,L14->L33,,False,0.0,31
GCN_yP,841,L14->L23,,False,0.0,31
GCN_yP,842,L14->L16,,False,0.0,31
GCN_yP,843,L14->L31,,False,0.0,31
GCN_yP,844,L14->L09,,False,0.0,31
GCN_yP,845,L14->L28,,False,0.0,31
GCN_yP,846,L14->L11,,False,0.0,31
GCN_yP,847,L14->L38,,False,0.0,31
GCN_yP,848,L14->L07,,False,0.0,31
GCN_yP,849,L14->L27,,False,0.0,31
GCN_yP,850,L14->L25,,False,0.0,31
GCN_yP,851,L14->L26,,False,0.0,31
GCN_yP,852,L16->L01,,False,0.0,31
GCN_yP,853,L16->L04,,False,0.0,31
GCN_yP,854,L16->L36,,False,0.0,31
GCN_yP,855,L16->L37,,False,0.0,31
GCN_yP,856,L16->L02,,False,0.0,31
GCN_yP,857,L16->L34,,False,0.0,31
GCN_yP,858,L16->L35,,False,0.0,31
GCN_yP,859,L16->L05,,False,0.0,31
GCN_yP,860,L16->L21,,False,0.0,31
GCN_yP,861,L16->L20,,False,0.0,31
GCN_yP,862,L16->L03,,False,0.0,31
GCN_yP,863,L16->L29,,False,0.0,31
GCN_yP,864,L16->L24,,False,0.0,31
GCN_yP,865,L16->L30,,False,0.0,31
GCN_yP,866,L16->L08,,False,0.0,31
GCN_yP,867,L16->L19,,False,0.0,31
GCN_yP,868,L16->L18,,False,0.0,31
GCN_yP,869,L16->L06,,False,0.0,31
GCN_yP,870,L16->L09,,False,0.0,31
GCN_yP,871,L16->L12,,False,0.0,31
GCN_yP,872,L16->L22,,False,0.0,31
GCN_yP,873,L16->L23,,False,0.0,31
GCN_yP,874,L16->L15,,False,0.0,31
GCN_yP,875,L16->L13,,False,0.0,31
GCN_yP,876,L16->L28,,False,0.0,31
GCN_yP,877,L16->L14,,False,0.0,31
GCN_yP,878,L16->L10,,False,0.0,31
GCN_yP,879,L16->L32,,False,0.0,31
GCN_yP,880,L16->L33,,False,0.0,31
GCN_yP,881,L16->L31,,False,0.0,31
GCN_yP,882,L16->L07,,False,0.0,31
GCN_yP,883,L16->L11,,False,0.0,31
GCN_yP,884,L16->L17,L16->L17,True,4.621657307708116,32
GCN_yP,885,L16->L27,,False,0.0,32
GCN_yP,886,L16->L38,,False,0.0,32
GCN_yP,887,L16->L25,,False,0.0,32
GCN_yP,888,L16->L26,,False,0.0,32
GCN_yP,889,L13->L34,,False,0.0,32
GCN_yP,890,L13->L35,,False,0.0,32
GCN_yP,891,L13->L01,,False,0.0,32
GCN_yP,892,L13->L36,,False,0.0,32
GCN_yP,893,L13->L37,,False,0.0,32
GCN_yP,894,L13->L02,,False,0.0,32
GCN_yP,895,L13->L04,,False,0.0,32
GCN_yP,896,L13->L05,,False,0.0,32
GCN_yP,897,L13->L03,,False,0.0,32
GCN_yP,898,L13->L21,,False,0.0,32
GCN_yP,899,L13->L08,,False,0.0,32
GCN_yP,900,L13->L06,,False,0.0,32
GCN_yP,901,L13->L28,,False,0.0,32
GCN_yP,902,L13->L22,,False,0.0,32
GCN_yP,903,L13->L20,,False,0.0,32
GCN_yP,904,L13->L14,,False,0.0,32
GCN_yP,905,L13->L15,,False,0.0,32
GCN_yP,906,L13->L32,,False,0.0,32
GCN_yP,907,L13->L33,,False,0.0,32
GCN_yP,908,L13->L18,,False,0.0,32
GCN_yP,909,L13->L12,L13->L12,True,38.05337863080115,33
GCN_yP,910,L13->L09,,False,0.0,33
GCN_yP,911,L13->L19,,False,0.0,33
GCN_yP,912,L13->L23,,False,0.0,33
GCN_yP,913,L13->L30,,False,0.0,33
GCN_yP,914,L13->L16,,False,0.0,33
GCN_yP,915,L13->L27,,False,0.0,33
GCN_yP,916,L13->L31,,False,0.0,33
GCN_yP,917,L13->L29,,False,0.0,33
GCN_yP,918,L13->L24,,False,0.0,33
GCN_yP,919,L13->L17,,False,0.0,33
GCN_yP,920,L13->L25,,False,0.0,33
GCN_yP,921,L13->L26,,False,0.0,33
GCN_yP,922,L13->L07,,False,0.0,33
GCN_yP,923,L13->L10,,False,0.0,33
GCN_yP,924,L13->L11,L13->L11,True,17.888381576976077,34
GCN_yP,925,L13->L38,,False,0.0,34
GCN_yP,926,L20->L01,,False,0.0,34
GCN_yP,927,L20->L02,,False,0.0,34
GCN_yP,928,L20->L04,,False,0.0,34
GCN_yP,929,L20->L05,,False,0.0,34
GCN_yP,930,L20->L03,,False,0.0,34
GCN_yP,931,L20->L34,,False,0.0,34
GCN_yP,932,L20->L35,,False,0.0,34
GCN_yP,933,L20->L36,,False,0.0,34
GCN_yP,934,L20->L37,,False,0.0,34
GCN_yP,935,L20->L06,,False,0.0,34
GCN_yP,936,L20->L08,,False,0.0,34
GCN_yP,937,L20->L29,,False,0.0,34
GCN_yP,938,L20->L15,,False,0.0,34
GCN_yP,939,L20->L24,,False,0.0,34
GCN_yP,940,L20->L22,,False,0.0,34
GCN_yP,941,L20->L12,,False,0.0,34
GCN_yP,942,L20->L09,,False,0.0,34
GCN_yP,943,L20->L21,,False,0.0,34
GCN_yP,944,L20->L14,,False,0.0,34
GCN_yP,945,L20->L13,,False,0.0,34
GCN_yP,946,L20->L19,,False,0.0,34
GCN_yP,947,L20->L17,,False,0.0,34
GCN_yP,948,L20->L30,,False,0.0,34
GCN_yP,949,L20->L32,,False,0.0,34
GCN_yP,950,L20->L33,,False,0.0,34
GCN_yP,951,L20->L31,,False,0.0,34
GCN_yP,952,L20->L28,,False,0.0,34
GCN_yP,953,L20->L23,,False,0.0,34
GCN_yP,954,L20->L38,,False,0.0,34
GCN_yP,955,L20->L16,,False,0.0,34
GCN_yP,956,L20->L10,,False,0.0,34
GCN_yP,957,L20->L07,,False,0.0,34
GCN_yP,958,L20->L11,,False,0.0,34
GCN_yP,959,L20->L25,,False,0.0,34
GCN_yP,960,L20->L26,,False,0.0,34
GCN_yP,961,L20->L27,,False,0.0,34
GCN_yP,962,L20->L18,,False,0.0,34
GCN_yP,963,L19->L01,,False,0.0,34
GCN_yP,964,L19->L02,,False,0.0,34
GCN_yP,965,L19->L04,,False,0.0,34
GCN_yP,966,L19->L34,,False,0.0,34
GCN_yP,967,L19->L35,,False,0.0,34
GCN_yP,968,L19->L36,,False,0.0,34
GCN_yP,969,L19->L37,,False,0.0,34
GCN_yP,970,L19->L05,,False,0.0,34
GCN_yP,971,L19->L03,,False,0.0,34
GCN_yP,972,L19->L21,,False,0.0,34
GCN_yP,973,L19->L29,,False,0.0,34
GCN_yP,974,L19->L06,,False,0.0,34
GCN_yP,975,L19->L08,,False,0.0,34
GCN_yP,976,L19->L12,,False,0.0,34
GCN_yP,977,L19->L14,,False,0.0,34
GCN_yP,978,L19->L24,,False,0.0,34
GCN_yP,979,L19->L15,,False,0.0,34
GCN_yP,980,L19->L22,,False,0.0,34
GCN_yP,981,L19->L20,,False,0.0,34
GCN_yP,982,L19->L09,,False,0.0,34
GCN_yP,983,L19->L13,,False,0.0,34
GCN_yP,984,L19->L16,,False,0.0,34
GCN_yP,985,L19->L30,,False,0.0,34
GCN_yP,986,L19->L33,,False,0.0,34
GCN_yP,987,L19->L32,,False,0.0,34
GCN_yP,988,L19->L28,,False,0.0,34
GCN_yP,989,L19->L31,,False,0.0,34
GCN_yP,990,L19->L10,,False,0.0,34
GCN_yP,991,L19->L23,L19->L23,True,193.9878918650109,35
GCN_yP,992,L19->L17,,False,0.0,35
GCN_yP,993,L19->L38,,False,0.0,35
GCN_yP,994,L19->L18,,False,0.0,35
GCN_yP,995,L19->L11,,False,0.0,35
GCN_yP,996,L19->L07,,False,0.0,35
GCN_yP,997,L19->L27,,False,0.0,35
GCN_yP,998,L19->L25,,False,0.0,35
GCN_yP,999,L19->L26,,False,0.0,35
GCN_yP,1000,L30->L01,,False,0.0,35
GCN_yP,1001,L30->L34,,False,0.0,35
GCN_yP,1002,L30->L35,,False,0.0,35
GCN_yP,1003,L30->L02,,False,0.0,35
GCN_yP,1004,L30->L04,,False,0.0,35
GCN_yP,1005,L30->L36,,False,0.0,35
GCN_yP,1006,L30->L37,,False,0.0,35
GCN_yP,1007,L30->L03,,False,0.0,35
GCN_yP,1008,L30->L05,,False,0.0,35
GCN_yP,1009,L30->L22,,False,0.0,35
GCN_yP,1010,L30->L06,,False,0.0,35
GCN_yP,1011,L30->L08,,False,0.0,35
GCN_yP,1012,L30->L21,,False,0.0,35
GCN_yP,1013,L30->L20,,False,0.0,35
GCN_yP,1014,L30->L12,,False,0.0,35
GCN_yP,1015,L30->L14,,False,0.0,35
GCN_yP,1016,L30->L32,,False,0.0,35
GCN_yP,1017,L30->L33,,False,0.0,35
GCN_yP,1018,L30->L15,,False,0.0,35
GCN_yP,1019,L30->L27,,False,0.0,35
GCN_yP,1020,L30->L18,,False,0.0,35
GCN_yP,1021,L30->L28,,False,0.0,35
GCN_yP,1022,L30->L09,,False,0.0,35
GCN_yP,1023,L30->L13,,False,0.0,35
GCN_yP,1024,L30->L19,,False,0.0,35
GCN_yP,1025,L30->L24,,False,0.0,35
GCN_yP,1026,L30->L23,,False,0.0,35
GCN_yP,1027,L30->L29,,False,0.0,35
GCN_yP,1028,L30->L16,,False,0.0,35
GCN_yP,1029,L30->L25,,False,0.0,35
GCN_yP,1030,L30->L26,,False,0.0,35
GCN_yP,1031,L30->L17,,False,0.0,35
GCN_yP,1032,L30->L07,,False,0.0,35
GCN_yP,1033,L30->L10,,False,0.0,35
GCN_yP,1034,L30->L31,,False,0.0,35
GCN_yP,1035,L30->L11,,False,0.0,35
GCN_yP,1036,L30->L38,,False,0.0,35
GCN_yP,1037,L29->L01,,False,0.0,35
GCN_yP,1038,L29->L04,,False,0.0,35
GCN_yP,1039,L29->L36,,False,0.0,35
GCN_yP,1040,L29->L37,,False,0.0,35
GCN_yP,1041,L29->L21,,False,0.0,35
GCN_yP,1042,L29->L34,,False,0.0,35
GCN_yP,1043,L29->L35,,False,0.0,35
GCN_yP,1044,L29->L22,,False,0.0,35
GCN_yP,1045,L29->L05,,False,0.0,35
GCN_yP,1046,L29->L03,,False,0.0,35
GCN_yP,1047,L29->L08,,False,0.0,35
GCN_yP,1048,L29->L02,,False,0.0,35
GCN_yP,1049,L29->L28,,False,0.0,35
GCN_yP,1050,L29->L06,,False,0.0,35
GCN_yP,1051,L29->L15,,False,0.0,35
GCN_yP,1052,L29->L18,,False,0.0,35
GCN_yP,1053,L29->L14,,False,0.0,35
GCN_yP,1054,L29->L20,,False,0.0,35
GCN_yP,1055,L29->L32,,False,0.0,35
GCN_yP,1056,L29->L33,,False,0.0,35
GCN_yP,1057,L29->L12,,False,0.0,35
GCN_yP,1058,L29->L09,,False,0.0,35
GCN_yP,1059,L29->L19,,False,0.0,35
GCN_yP,1060,L29->L13,,False,0.0,35
GCN_yP,1061,L29->L27,L29->L27->L23,True,368.67301237704925,36
GCN_yP,1062,L29->L17,,False,0.0,36
GCN_yP,1063,L29->L30,,False,0.0,36
GCN_yP,1064,L29->L31,,False,0.0,36
GCN_yP,1065,L29->L16,,False,0.0,36
GCN_yP,1066,L29->L25,,False,0.0,36
GCN_yP,1067,L29->L26,,False,0.0,36
GCN_yP,1068,L29->L23,L29->L23->L06->L07->L27,True,368.673012377049,37
GCN_yP,1069,L29->L24,,False,0.0,37
GCN_yP,1070,L29->L10,,False,0.0,37
GCN_yP,1071,L29->L07,L29->L07->L23,True,368.6730123770492,38
GCN_yP,1072,L29->L11,,False,0.0,38
GCN_yP,1073,L29->L38,,False,0.0,38
GCN_yP,1074,L09->L34,,False,0.0,38
GCN_yP,1075,L09->L35,,False,0.0,38
GCN_yP,1076,L09->L01,,False,0.0,38
GCN_yP,1077,L09->L04,,False,0.0,38
GCN_yP,1078,L09->L36,,False,0.0,38
GCN_yP,1079,L09->L37,,False,0.0,38
GCN_yP,1080,L09->L05,,False,0.0,38
GCN_yP,1081,L09->L02,,False,0.0,38
GCN_yP,1082,L09->L21,,False,0.0,38
GCN_yP,1083,L09->L06,,False,0.0,38
GCN_yP,1084,L09->L28,,False,0.0,38
GCN_yP,1085,L09->L08,,False,0.0,38
GCN_yP,1086,L09->L22,,False,0.0,38
GCN_yP,1087,L09->L20,,False,0.0,38
GCN_yP,1088,L09->L18,,False,0.0,38
GCN_yP,1089,L09->L15,,False,0.0,38
GCN_yP,1090,L09->L14,,False,0.0,38
GCN_yP,1091,L09->L32,,False,0.0,38
GCN_yP,1092,L09->L33,,False,0.0,38
GCN_yP,1093,L09->L12,,False,0.0,38
GCN_yP,1094,L09->L19,,False,0.0,38
GCN_yP,1095,L09->L13,,False,0.0,38
GCN_yP,1096,L09->L23,,False,0.0,38
GCN_yP,1097,L09->L30,,False,0.0,38
GCN_yP,1098,L09->L03,L09->L03,True,85.8406488939796,39
GCN_yP,1099,L09->L16,,False,0.0,39
GCN_yP,1100,L09->L27,,False,0.0,39
GCN_yP,1101,L09->L31,,False,0.0,39
GCN_yP,1102,L09->L29,,False,0.0,39
GCN_yP,1103,L09->L24,,False,0.0,39
GCN_yP,1104,L09->L25,,False,0.0,39
GCN_yP,1105,L09->L26,,False,0.0,39
GCN_yP,1106,L09->L17,,False,0.0,39
GCN_yP,1107,L09->L07,,False,0.0,39
GCN_yP,1108,L09->L11,,False,0.0,39
GCN_yP,1109,L09->L10,,False,0.0,39
GCN_yP,1110,L09->L38,,False,0.0,39
GCN_yP,1111,L23->L01,,False,0.0,39
GCN_yP,1112,L23->L34,,False,0.0,39
GCN_yP,1113,L23->L35,,False,0.0,39
GCN_yP,1114,L23->L36,,False,0.0,39
GCN_yP,1115,L23->L37,,False,0.0,39
GCN_yP,1116,L23->L04,,False,0.0,39
GCN_yP,1117,L23->L21,,False,0.0,39
GCN_yP,1118,L23->L29,,False,0.0,39
GCN_yP,1119,L23->L05,,False,0.0,39
GCN_yP,1120,L23->L08,,False,0.0,39
GCN_yP,1121,L23->L03,,False,0.0,39
GCN_yP,1122,L23->L30,,False,0.0,39
GCN_yP,1123,L23->L24,,False,0.0,39
GCN_yP,1124,L23->L06,,False,0.0,39
GCN_yP,1125,L23->L02,,False,0.0,39
GCN_yP,1126,L23->L19,L23->L19,True,193.9878918650109,40
GCN_yP,1127,L23->L22,,False,0.0,40
GCN_yP,1128,L23->L28,,False,0.0,40
GCN_yP,1129,L23->L12,,False,0.0,40
GCN_yP,1130,L23->L09,,False,0.0,40
GCN_yP,1131,L23->L15,,False,0.0,40
GCN_yP,1132,L23->L13,,False,0.0,40
GCN_yP,1133,L23->L16,,False,0.0,40
GCN_yP,1134,L23->L14,,False,0.0,40
GCN_yP,1135,L23->L20,,False,0.0,40
GCN_yP,1136,L23->L10,,False,0.0,40
GCN_yP,1137,L23->L32,,False,0.0,40
GCN_yP,1138,L23->L33,,False,0.0,40
GCN_yP,1139,L23->L17,,False,0.0,40
GCN_yP,1140,L23->L27,,False,0.0,40
GCN_yP,1141,L23->L25,,False,0.0,40
GCN_yP,1142,L23->L26,,False,0.0,40
GCN_yP,1143,L23->L31,,False,0.0,40
GCN_yP,1144,L23->L07,,False,0.0,40
GCN_yP,1145,L23->L18,,False,0.0,40
GCN_yP,1146,L23->L11,,False,0.0,40
GCN_yP,1147,L23->L38,,False,0.0,40
GCN_yP,1148,L27->L23,L27->L23->L29,True,368.67301237704925,41
GCN_yP,1149,L27->L34,,False,0.0,41
GCN_yP,1150,L27->L35,,False,0.0,41
GCN_yP,1151,L27->L01,,False,0.0,41
GCN_yP,1152,L27->L22,,False,0.0,41
GCN_yP,1153,L27->L04,,False,0.0,41
GCN_yP,1154,L27->L21,,False,0.0,41
GCN_yP,1155,L27->L07,,False,0.0,41
GCN_yP,1156,L27->L36,,False,0.0,41
GCN_yP,1157,L27->L37,,False,0.0,41
GCN_yP,1158,L27->L03,,False,0.0,41
GCN_yP,1159,L27->L28,,False,0.0,41
GCN_yP,1160,L27->L02,L27->L02,True,27.98107265493719,42
GCN_yP,1161,L27->L10,,False,0.0,42
GCN_yP,1162,L27->L05,,False,0.0,42
GCN_yP,1163,L27->L19,,False,0.0,42
GCN_yP,1164,L27->L32,,False,0.0,42
GCN_yP,1165,L27->L33,,False,0.0,42
GCN_yP,1166,L27->L16,,False,0.0,42
GCN_yP,1167,L27->L14,,False,0.0,42
GCN_yP,1168,L27->L15,,False,0.0,42
GCN_yP,1169,L27->L17,,False,0.0,42
GCN_yP,1170,L27->L18,,False,0.0,42
GCN_yP,1171,L27->L09,,False,0.0,42
GCN_yP,1172,L27->L31,,False,0.0,42
GCN_yP,1173,L27->L08,,False,0.0,42
GCN_yP,1174,L27->L06,L27->L06,True,27.981072654937165,43
GCN_yP,1175,L27->L25,,False,0.0,43
GCN_yP,1176,L27->L26,,False,0.0,43
GCN_yP,1177,L27->L30,,False,0.0,43
GCN_yP,1178,L27->L20,,False,0.0,43
GCN_yP,1179,L27->L24,,False,0.0,43
GCN_yP,1180,L27->L13,,False,0.0,43
GCN_yP,1181,L27->L12,,False,0.0,43
GCN_yP,1182,L27->L38,,False,0.0,43
GCN_yP,1183,L27->L29,L27->L29->L23,True,368.67301237704925,44
GCN_yP,1184,L27->L11,,False,0.0,44
GCN_yP,1185,L24->L34,,False,0.0,44
GCN_yP,1186,L24->L35,,False,0.0,44
GCN_yP,1187,L24->L01,,False,0.0,44
GCN_yP,1188,L24->L04,,False,0.0,44
GCN_yP,1189,L24->L36,,False,0.0,44
GCN_yP,1190,L24->L37,,False,0.0,44
GCN_yP,1191,L24->L02,,False,0.0,44
GCN_yP,1192,L24->L21,,False,0.0,44
GCN_yP,1193,L24->L05,,False,0.0,44
GCN_yP,1194,L24->L03,,False,0.0,44
GCN_yP,1195,L24->L08,,False,0.0,44
GCN_yP,1196,L24->L06,,False,0.0,44
GCN_yP,1197,L24->L20,,False,0.0,44
GCN_yP,1198,L24->L22,,False,0.0,44
GCN_yP,1199,L24->L15,,False,0.0,44
GCN_yP,1200,L24->L18,,False,0.0,44
GCN_yP,1201,L24->L14,,False,0.0,44
GCN_yP,1202,L24->L32,,False,0.0,44
GCN_yP,1203,L24->L33,,False,0.0,44
GCN_yP,1204,L24->L12,,False,0.0,44
GCN_yP,1205,L24->L09,,False,0.0,44
GCN_yP,1206,L24->L28,L24->L28->L06->L07,True,316.82674035082636,45
GCN_yP,1207,L24->L13,,False,0.0,45
GCN_yP,1208,L24->L19,,False,0.0,45
GCN_yP,1209,L24->L16,,False,0.0,45
GCN_yP,1210,L24->L31,,False,0.0,45
GCN_yP,1211,L24->L30,,False,0.0,45
GCN_yP,1212,L24->L23,,False,0.0,45
GCN_yP,1213,L24->L29,,False,0.0,45
GCN_yP,1214,L24->L17,,False,0.0,45
GCN_yP,1215,L24->L27,,False,0.0,45
GCN_yP,1216,L24->L25,,False,0.0,45
GCN_yP,1217,L24->L26,,False,0.0,45
GCN_yP,1218,L24->L10,,False,0.0,45
GCN_yP,1219,L24->L07,,False,0.0,45
GCN_yP,1220,L24->L11,,False,0.0,45
GCN_yP,1221,L24->L38,,False,0.0,45
GCN_yP,1222,L31->L38,L31->L38,True,20.907752918885308,46
GCN_yP,1223,L31->L01,,False,0.0,46
GCN_yP,1224,L31->L34,,False,0.0,46
GCN_yP,1225,L31->L35,,False,0.0,46
GCN_yP,1226,L31->L02,,False,0.0,46
GCN_yP,1227,L31->L04,,False,0.0,46
GCN_yP,1228,L31->L36,,False,0.0,46
GCN_yP,1229,L31->L37,,False,0.0,46
GCN_yP,1230,L31->L28,,False,0.0,46
GCN_yP,1231,L31->L03,,False,0.0,46
GCN_yP,1232,L31->L05,,False,0.0,46
GCN_yP,1233,L31->L06,,False,0.0,46
GCN_yP,1234,L31->L22,,False,0.0,46
GCN_yP,1235,L31->L21,,False,0.0,46
GCN_yP,1236,L31->L08,,False,0.0,46
GCN_yP,1237,L31->L20,,False,0.0,46
GCN_yP,1238,L31->L12,,False,0.0,46
GCN_yP,1239,L31->L27,,False,0.0,46
GCN_yP,1240,L31->L14,,False,0.0,46
GCN_yP,1241,L31->L15,,False,0.0,46
GCN_yP,1242,L31->L23,,False,0.0,46
GCN_yP,1243,L31->L18,,False,0.0,46
GCN_yP,1244,L31->L25,,False,0.0,46
GCN_yP,1245,L31->L26,,False,0.0,46
GCN_yP,1246,L31->L09,,False,0.0,46
GCN_yP,1247,L31->L13,,False,0.0,46
GCN_yP,1248,L31->L30,,False,0.0,46
GCN_yP,1249,L31->L19,,False,0.0,46
GCN_yP,1250,L31->L16,,False,0.0,46
GCN_yP,1251,L31->L29,,False,0.0,46
GCN_yP,1252,L31->L32,,False,0.0,46
GCN_yP,1253,L31->L33,,False,0.0,46
GCN_yP,1254,L31->L24,,False,0.0,46
GCN_yP,1255,L31->L07,,False,0.0,46
GCN_yP,1256,L31->L17,,False,0.0,46
GCN_yP,1257,L31->L10,,False,0.0,46
GCN_yP,1258,L31->L11,,False,0.0,46
GCN_yP,1259,L07->L23,L07->L23->L29,True,368.6730123770492,47
GCN_yP,1260,L07->L34,,False,0.0,47
GCN_yP,1261,L07->L35,,False,0.0,47
GCN_yP,1262,L07->L01,,False,0.0,47
GCN_yP,1263,L07->L22,,False,0.0,47
GCN_yP,1264,L07->L04,,False,0.0,47
GCN_yP,1265,L07->L21,,False,0.0,47
GCN_yP,1266,L07->L37,,False,0.0,47
GCN_yP,1267,L07->L36,,False,0.0,47
GCN_yP,1268,L07->L03,,False,0.0,47
GCN_yP,1269,L07->L28,,False,0.0,47
GCN_yP,1270,L07->L02,L07->L02,True,27.981072654937165,48
GCN_yP,1271,L07->L10,,False,0.0,48
GCN_yP,1272,L07->L27,,False,0.0,48
GCN_yP,1273,L07->L05,,False,0.0,48
GCN_yP,1274,L07->L19,,False,0.0,48
GCN_yP,1275,L07->L32,,False,0.0,48
GCN_yP,1276,L07->L33,,False,0.0,48
GCN_yP,1277,L07->L16,,False,0.0,48
GCN_yP,1278,L07->L14,,False,0.0,48
GCN_yP,1279,L07->L15,,False,0.0,48
GCN_yP,1280,L07->L17,,False,0.0,48
GCN_yP,1281,L07->L18,,False,0.0,48
GCN_yP,1282,L07->L31,,False,0.0,48
GCN_yP,1283,L07->L09,,False,0.0,48
GCN_yP,1284,L07->L08,,False,0.0,48
GCN_yP,1285,L07->L25,,False,0.0,48
GCN_yP,1286,L07->L26,,False,0.0,48
GCN_yP,1287,L07->L06,L07->L06,True,27.981072654937165,49
GCN_yP,1288,L07->L30,,False,0.0,49
GCN_yP,1289,L07->L20,,False,0.0,49
GCN_yP,1290,L07->L13,,False,0.0,49
GCN_yP,1291,L07->L12,,False,0.0,49
GCN_yP,1292,L07->L24,,False,0.0,49
GCN_yP,1293,L07->L38,,False,0.0,49
GCN_yP,1294,L07->L29,L07->L29->L23,True,368.6730123770492,50
GCN_yP,1295,L07->L11,,False,0.0,50
GCN_yP,1296,L25->L01,,False,0.0,50
GCN_yP,1297,L25->L34,,False,0.0,50
GCN_yP,1298,L25->L35,,False,0.0,50
GCN_yP,1299,L25->L28,L25->L28->L26,True,465.9176206657203,51
GCN_yP,1300,L25->L36,,False,0.0,51
GCN_yP,1301,L25->L37,,False,0.0,51
GCN_yP,1302,L25->L04,,False,0.0,51
GCN_yP,1303,L25->L02,,False,0.0,51
GCN_yP,1304,L25->L05,,False,0.0,51
GCN_yP,1305,L25->L21,,False,0.0,51
GCN_yP,1306,L25->L03,,False,0.0,51
GCN_yP,1307,L25->L06,,False,0.0,51
GCN_yP,1308,L25->L08,,False,0.0,51
GCN_yP,1309,L25->L20,,False,0.0,51
GCN_yP,1310,L25->L22,,False,0.0,51
GCN_yP,1311,L25->L12,,False,0.0,51
GCN_yP,1312,L25->L18,,False,0.0,51
GCN_yP,1313,L25->L15,,False,0.0,51
GCN_yP,1314,L25->L14,,False,0.0,51
GCN_yP,1315,L25->L09,,False,0.0,51
GCN_yP,1316,L25->L32,,False,0.0,51
GCN_yP,1317,L25->L33,,False,0.0,51
GCN_yP,1318,L25->L23,,False,0.0,51
GCN_yP,1319,L25->L13,,False,0.0,51
GCN_yP,1320,L25->L19,,False,0.0,51
GCN_yP,1321,L25->L16,,False,0.0,51
GCN_yP,1322,L25->L31,,False,0.0,51
GCN_yP,1323,L25->L27,,False,0.0,51
GCN_yP,1324,L25->L30,,False,0.0,51
GCN_yP,1325,L25->L17,,False,0.0,51
GCN_yP,1326,L25->L29,,False,0.0,51
GCN_yP,1327,L25->L07,,False,0.0,51
GCN_yP,1328,L25->L10,,False,0.0,51
GCN_yP,1329,L25->L24,,False,0.0,51
GCN_yP,1330,L25->L38,,False,0.0,51
GCN_yP,1331,L25->L26,L25->L26->L28,True,465.9176206657203,52
GCN_yP,1332,L25->L11,,False,0.0,52
GCN_yP,1333,L26->L01,,False,0.0,52
GCN_yP,1334,L26->L34,,False,0.0,52
GCN_yP,1335,L26->L35,,False,0.0,52
GCN_yP,1336,L26->L28,L26->L28->L25,True,465.9176206657203,53
GCN_yP,1337,L26->L36,,False,0.0,53
GCN_yP,1338,L26->L37,,False,0.0,53
GCN_yP,1339,L26->L04,,False,0.0,53
GCN_yP,1340,L26->L02,,False,0.0,53
GCN_yP,1341,L26->L05,,False,0.0,53
GCN_yP,1342,L26->L21,,False,0.0,53
GCN_yP,1343,L26->L03,,False,0.0,53
GCN_yP,1344,L26->L06,,False,0.0,53
GCN_yP,1345,L26->L08,,False,0.0,53
GCN_yP,1346,L26->L20,,False,0.0,53
GCN_yP,1347,L26->L22,,False,0.0,53
GCN_yP,1348,L26->L12,,False,0.0,53
GCN_yP,1349,L26->L18,,False,0.0,53
GCN_yP,1350,L26->L15,,False,0.0,53
GCN_yP,1351,L26->L14,,False,0.0,53
GCN_yP,1352,L26->L09,,False,0.0,53
GCN_yP,1353,L26->L32,,False,0.0,53
GCN_yP,1354,L26->L33,,False,0.0,53
GCN_yP,1355,L26->L23,,False,0.0,53
GCN_yP,1356,L26->L13,,False,0.0,53
GCN_yP,1357,L26->L19,,False,0.0,53
GCN_yP,1358,L26->L16,,False,0.0,53
GCN_yP,1359,L26->L31,,False,0.0,53
GCN_yP,1360,L26->L27,,False,0.0,53
GCN_yP,1361,L26->L30,,False,0.0,53
GCN_yP,1362,L26->L17,,False,0.0,53
GCN_yP,1363,L26->L29,,False,0.0,53
GCN_yP,1364,L26->L07,,False,0.0,53
GCN_yP,1365,L26->L10,,False,0.0,53
GCN_yP,1366,L26->L24,,False,0.0,53
GCN_yP,1367,L26->L38,,False,0.0,53
GCN_yP,1368,L26->L25,L26->L25->L28,True,465.9176206657203,54
GCN_yP,1369,L26->L11,,False,0.0,54
GCN_yP,1370,L38->L01,,False,0.0,54
GCN_yP,1371,L38->L34,,False,0.0,54
GCN_yP,1372,L38->L35,,False,0.0,54
GCN_yP,1373,L38->L36,,False,0.0,54
GCN_yP,1374,L38->L37,,False,0.0,54
GCN_yP,1375,L38->L04,,False,0.0,54
GCN_yP,1376,L38->L02,,False,0.0,54
GCN_yP,1377,L38->L05,,False,0.0,54
GCN_yP,1378,L38->L21,,False,0.0,54
GCN_yP,1379,L38->L03,,False,0.0,54
GCN_yP,1380,L38->L06,,False,0.0,54
GCN_yP,1381,L38->L08,,False,0.0,54
GCN_yP,1382,L38->L20,,False,0.0,54
GCN_yP,1383,L38->L12,,False,0.0,54
GCN_yP,1384,L38->L22,,False,0.0,54
GCN_yP,1385,L38->L14,,False,0.0,54
GCN_yP,1386,L38->L15,,False,0.0,54
GCN_yP,1387,L38->L18,,False,0.0,54
GCN_yP,1388,L38->L32,,False,0.0,54
GCN_yP,1389,L38->L33,,False,0.0,54
GCN_yP,1390,L38->L09,,False,0.0,54
GCN_yP,1391,L38->L13,,False,0.0,54
GCN_yP,1392,L38->L19,,False,0.0,54
GCN_yP,1393,L38->L16,,False,0.0,54
GCN_yP,1394,L38->L28,,False,0.0,54
GCN_yP,1395,L38->L31,L38->L31,True,20.907752918885308,55
GCN_yP,1396,L38->L23,,False,0.0,55
GCN_yP,1397,L38->L29,,False,0.0,55
GCN_yP,1398,L38->L17,,False,0.0,55
GCN_yP,1399,L38->L24,,False,0.0,55
GCN_yP,1400,L38->L27,,False,0.0,55
GCN_yP,1401,L38->L30,,False,0.0,55
GCN_yP,1402,L38->L10,,False,0.0,55
GCN_yP,1403,L38->L07,,False,0.0,55
GCN_yP,1404,L38->L11,,False,0.0,55
GCN_yP,1405,L38->L25,,False,0.0,55
GCN_yP,1406,L38->L26,,False,0.0,55
GCN_filter_yP,1,L11->L12,L11->L12,True,17.88838157697601,1
GCN_filter_yP,2,L11->L13,L11->L13,True,17.888381576976077,2
GCN_filter_yP,3,L11->L10,,False,0.0,2
GCN_filter_yP,4,L11->L05,,False,0.0,2
GCN_filter_yP,5,L11->L16,,False,0.0,2
GCN_filter_yP,6,L11->L27,,False,0.0,2
GCN_filter_yP,7,L11->L07,,False,0.0,2
GCN_filter_yP,8,L11->L17,,False,0.0,2
GCN_filter_yP,9,L11->L23,,False,0.0,2
GCN_filter_yP,10,L11->L18,,False,0.0,2
GCN_filter_yP,11,L11->L15,,False,0.0,2
GCN_filter_yP,12,L11->L21,,False,0.0,2
GCN_filter_yP,13,L11->L20,,False,0.0,2
GCN_filter_yP,14,L11->L22,,False,0.0,2
GCN_filter_yP,15,L11->L08,,False,0.0,2
GCN_filter_yP,16,L11->L14,,False,0.0,2
GCN_filter_yP,17,L11->L09,,False,0.0,2
GCN_filter_yP,18,L11->L03,,False,0.0,2
GCN_filter_yP,19,L11->L01,,False,0.0,2
GCN_filter_yP,20,L11->L02,,False,0.0,2
GCN_filter_yP,21,L11->L34,,False,0.0,2
GCN_filter_yP,22,L11->L35,,False,0.0,2
GCN_filter_yP,23,L11->L36,,False,0.0,2
GCN_filter_yP,24,L11->L37,,False,0.0,2
GCN_filter_yP,25,L11->L32,,False,0.0,2
GCN_filter_yP,26,L11->L33,,False,0.0,2
GCN_filter_yP,27,L11->L29,,False,0.0,2
GCN_filter_yP,28,L11->L19,,False,0.0,2
GCN_filter_yP,29,L11->L28,,False,0.0,2
GCN_filter_yP,30,L11->L06,,False,0.0,2
GCN_filter_yP,31,L11->L24,,False,0.0,2
GCN_filter_yP,32,L11->L30,,False,0.0,2
GCN_filter_yP,33,L11->L04,,False,0.0,2
GCN_filter_yP,34,L11->L25,,False,0.0,2
GCN_filter_yP,35,L11->L26,,False,0.0,2
GCN_filter_yP,36,L11->L38,,False,0.0,2
GCN_filter_yP,37,L11->L31,,False,0.0,2
GCN_filter_yP,38,L10->L01,L10->L01->L04->L08,True,162.337058886028,3
GCN_filter_yP,39,L10->L08,L10->L08->L01->L09,True,162.33705888602796,4
GCN_filter_yP,40,L10->L09,L10->L09->L08->L01->L02->L06,True,180.8791497815239,5
GCN_filter_yP,41,L10->L27,L10->L27->L06->L09->L01->L04->L08,True,383.860222436461,6
GCN_filter_yP,42,L10->L07,L10->L07->L06->L09->L01->L04->L08,True,383.860222436461,7
GCN_filter_yP,43,L10->L02,L10->L02->L09->L04->L08,True,180.87914978152395,8
GCN_filter_yP,44,L10->L05,L10->L05,True,158.08614799330758,9
GCN_filter_yP,45,L10->L11,,False,0.0,9
GCN_filter_yP,46,L10->L15,,False,0.0,9
GCN_filter_yP,47,L10->L03,,False,0.0,9
GCN_filter_yP,48,L10->L14,,False,0.0,9
GCN_filter_yP,49,L10->L13,,False,0.0,9
GCN_filter_yP,50,L10->L25,,False,0.0,9
GCN_filter_yP,51,L10->L26,,False,0.0,9
GCN_filter_yP,52,L10->L36,,False,0.0,9
GCN_filter_yP,53,L10->L37,,False,0.0,9
GCN_filter_yP,54,L10->L34,,False,0.0,9
GCN_filter_yP,55,L10->L35,,False,0.0,9
GCN_filter_yP,56,L10->L17,,False,0.0,9
GCN_filter_yP,57,L10->L32,,False,0.0,9
GCN_filter_yP,58,L10->L33,,False,0.0,9
GCN_filter_yP,59,L10->L31,,False,0.0,9
GCN_filter_yP,60,L10->L18,,False,0.0,9
GCN_filter_yP,61,L10->L24,,False,0.0,9
GCN_filter_yP,62,L10->L30,,False,0.0,9
GCN_filter_yP,63,L10->L29,,False,0.0,9
GCN_filter_yP,64,L10->L20,,False,0.0,9
GCN_filter_yP,65,L10->L22,,False,0.0,9
GCN_filter_yP,66,L10->L16,,False,0.0,9
GCN_filter_yP,67,L10->L28,,False,0.0,9
GCN_filter_yP,68,L10->L12,,False,0.0,9
GCN_filter_yP,69,L10->L21,,False,0.0,9
GCN_filter_yP,70,L10->L23,,False,0.0,9
GCN_filter_yP,71,L10->L19,,False,0.0,9
GCN_filter_yP,72,L10->L04,L10->L04->L01->L09,True,82.39944368301173,10
GCN_filter_yP,73,L10->L06,,False,0.0,10
GCN_filter_yP,74,L10->L38,,False,0.0,10
GCN_filter_yP,75,L05->L10,L05->L10,True,158.08614799330758,11
GCN_filter_yP,76,L05->L11,,False,0.0,11
GCN_filter_yP,77,L05->L27,,False,0.0,11
GCN_filter_yP,78,L05->L07,,False,0.0,11
GCN_filter_yP,79,L05->L16,,False,0.0,11
GCN_filter_yP,80,L05->L17,,False,0.0,11
GCN_filter_yP,81,L05->L09,,False,0.0,11
GCN_filter_yP,82,L05->L08,,False,0.0,11
GCN_filter_yP,83,L05->L23,,False,0.0,11
GCN_filter_yP,84,L05->L18,,False,0.0,11
GCN_filter_yP,85,L05->L19,,False,0.0,11
GCN_filter_yP,86,L05->L20,,False,0.0,11
GCN_filter_yP,87,L05->L02,,False,0.0,11
GCN_filter_yP,88,L05->L15,,False,0.0,11
GCN_filter_yP,89,L05->L14,,False,0.0,11
GCN_filter_yP,90,L05->L04,,False,0.0,11
GCN_filter_yP,91,L05->L21,,False,0.0,11
GCN_filter_yP,92,L05->L03,,False,0.0,11
GCN_filter_yP,93,L05->L06,,False,0.0,11
GCN_filter_yP,94,L05->L30,,False,0.0,11
GCN_filter_yP,95,L05->L31,,False,0.0,11
GCN_filter_yP,96,L05->L12,,False,0.0,11
GCN_filter_yP,97,L05->L13,,False,0.0,11
GCN_filter_yP,98,L05->L24,,False,0.0,11
GCN_filter_yP,99,L05->L32,,False,0.0,11
GCN_filter_yP,100,L05->L33,,False,0.0,11
GCN_filter_yP,101,L05->L01,,False,0.0,11
GCN_filter_yP,102,L05->L22,,False,0.0,11
GCN_filter_yP,103,L05->L34,,False,0.0,11
GCN_filter_yP,104,L05->L35,,False,0.0,11
GCN_filter_yP,105,L05->L25,,False,0.0,11
GCN_filter_yP,106,L05->L26,,False,0.0,11
GCN_filter_yP,107,L05->L29,,False,0.0,11
GCN_filter_yP,108,L05->L36,,False,0.0,11
GCN_filter_yP,109,L05->L37,,False,0.0,11
GCN_filter_yP,110,L05->L28,,False,0.0,11
GCN_filter_yP,111,L05->L38,,False,0.0,11
GCN_filter_yP,112,L07->L23,L07->L23->L29,True,368.6730123770492,12
GCN_filter_yP,113,L07->L29,L07->L29->L23,True,368.6730123770492,13
GCN_filter_yP,114,L07->L27,,False,0.0,13
GCN_filter_yP,115,L07->L24,,False,0.0,13
GCN_filter_yP,116,L07->L28,,False,0.0,13
GCN_filter_yP,117,L07->L06,L07->L06,True,27.981072654937165,14
GCN_filter_yP,118,L07->L02,L07->L02,True,27.981072654937165,15
GCN_filter_yP,119,L07->L21,,False,0.0,15
GCN_filter_yP,120,L07->L22,,False,0.0,15
GCN_filter_yP,121,L07->L18,,False,0.0,15
GCN_filter_yP,122,L07->L17,,False,0.0,15
GCN_filter_yP,123,L07->L15,,False,0.0,15
GCN_filter_yP,124,L07->L10,,False,0.0,15
GCN_filter_yP,125,L07->L05,,False,0.0,15
GCN_filter_yP,126,L07->L01,,False,0.0,15
GCN_filter_yP,127,L07->L03,,False,0.0,15
GCN_filter_yP,128,L07->L04,,False,0.0,15
GCN_filter_yP,129,L07->L09,,False,0.0,15
GCN_filter_yP,130,L07->L12,,False,0.0,15
GCN_filter_yP,131,L07->L13,,False,0.0,15
GCN_filter_yP,132,L07->L30,,False,0.0,15
GCN_filter_yP,133,L07->L31,,False,0.0,15
GCN_filter_yP,134,L07->L32,,False,0.0,15
GCN_filter_yP,135,L07->L33,,False,0.0,15
GCN_filter_yP,136,L07->L38,,False,0.0,15
GCN_filter_yP,137,L07->L08,,False,0.0,15
GCN_filter_yP,138,L07->L25,,False,0.0,15
GCN_filter_yP,139,L07->L26,,False,0.0,15
GCN_filter_yP,140,L07->L34,,False,0.0,15
GCN_filter_yP,141,L07->L35,,False,0.0,15
GCN_filter_yP,142,L07->L20,,False,0.0,15
GCN_filter_yP,143,L07->L36,,False,0.0,15
GCN_filter_yP,144,L07->L37,,False,0.0,15
GCN_filter_yP,145,L07->L16,,False,0.0,15
GCN_filter_yP,146,L07->L19,,False,0.0,15
GCN_filter_yP,147,L07->L14,,False,0.0,15
GCN_filter_yP,148,L07->L11,,False,0.0,15
GCN_filter_yP,149,L27->L29,L27->L29->L23,True,368.67301237704925,16
GCN_filter_yP,150,L27->L23,L27->L23->L29,True,368.67301237704925,17
GCN_filter_yP,151,L27->L07,,False,0.0,17
GCN_filter_yP,152,L27->L24,,False,0.0,17
GCN_filter_yP,153,L27->L28,,False,0.0,17
GCN_filter_yP,154,L27->L06,L27->L06,True,27.981072654937165,18
GCN_filter_yP,155,L27->L02,L27->L02,True,27.98107265493719,19
GCN_filter_yP,156,L27->L21,,False,0.0,19
GCN_filter_yP,157,L27->L22,,False,0.0,19
GCN_filter_yP,158,L27->L18,,False,0.0,19
GCN_filter_yP,159,L27->L17,,False,0.0,19
GCN_filter_yP,160,L27->L15,,False,0.0,19
GCN_filter_yP,161,L27->L38,,False,0.0,19
GCN_filter_yP,162,L27->L04,,False,0.0,19
GCN_filter_yP,163,L27->L03,,False,0.0,19
GCN_filter_yP,164,L27->L05,,False,0.0,19
GCN_filter_yP,165,L27->L12,,False,0.0,19
GCN_filter_yP,166,L27->L13,,False,0.0,19
GCN_filter_yP,167,L27->L08,,False,0.0,19
GCN_filter_yP,168,L27->L01,,False,0.0,19
GCN_filter_yP,169,L27->L09,,False,0.0,19
GCN_filter_yP,170,L27->L32,,False,0.0,19
GCN_filter_yP,171,L27->L33,,False,0.0,19
GCN_filter_yP,172,L27->L31,,False,0.0,19
GCN_filter_yP,173,L27->L25,,False,0.0,19
GCN_filter_yP,174,L27->L26,,False,0.0,19
GCN_filter_yP,175,L27->L10,,False,0.0,19
GCN_filter_yP,176,L27->L30,,False,0.0,19
GCN_filter_yP,177,L27->L34,,False,0.0,19
GCN_filter_yP,178,L27->L35,,False,0.0,19
GCN_filter_yP,179,L27->L20,,False,0.0,19
GCN_filter_yP,180,L27->L36,,False,0.0,19
GCN_filter_yP,181,L27->L37,,False,0.0,19
GCN_filter_yP,182,L27->L16,,False,0.0,19
GCN_filter_yP,183,L27->L19,,False,0.0,19
GCN_filter_yP,184,L27->L14,,False,0.0,19
GCN_filter_yP,185,L27->L11,,False,0.0,19
GCN_filter_yP,186,L23->L19,L23->L19,True,193.9878918650109,20
GCN_filter_yP,187,L23->L18,,False,0.0,20
GCN_filter_yP,188,L23->L17,,False,0.0,20
GCN_filter_yP,189,L23->L29,,False,0.0,20
GCN_filter_yP,190,L23->L27,,False,0.0,20
GCN_filter_yP,191,L23->L07,,False,0.0,20
GCN_filter_yP,192,L23->L05,,False,0.0,20
GCN_filter_yP,193,L23->L10,,False,0.0,20
GCN_filter_yP,194,L23->L20,,False,0.0,20
GCN_filter_yP,195,L23->L16,,False,0.0,20
GCN_filter_yP,196,L23->L08,,False,0.0,20
GCN_filter_yP,197,L23->L12,,False,0.0,20
GCN_filter_yP,198,L23->L14,,False,0.0,20
GCN_filter_yP,199,L23->L28,,False,0.0,20
GCN_filter_yP,200,L23->L36,,False,0.0,20
GCN_filter_yP,201,L23->L37,,False,0.0,20
GCN_filter_yP,202,L23->L02,,False,0.0,20
GCN_filter_yP,203,L23->L15,,False,0.0,20
GCN_filter_yP,204,L23->L34,,False,0.0,20
GCN_filter_yP,205,L23->L35,,False,0.0,20
GCN_filter_yP,206,L23->L09,,False,0.0,20
GCN_filter_yP,207,L23->L13,,False,0.0,20
GCN_filter_yP,208,L23->L30,,False,0.0,20
GCN_filter_yP,209,L23->L01,,False,0.0,20
GCN_filter_yP,210,L23->L06,,False,0.0,20
GCN_filter_yP,211,L23->L24,,False,0.0,20
GCN_filter_yP,212,L23->L04,,False,0.0,20
GCN_filter_yP,213,L23->L25,,False,0.0,20
GCN_filter_yP,214,L23->L26,,False,0.0,20
GCN_filter_yP,215,L23->L32,,False,0.0,20
GCN_filter_yP,216,L23->L33,,False,0.0,20
GCN_filter_yP,217,L23->L31,,False,0.0,20
GCN_filter_yP,218,L23->L03,,False,0.0,20
GCN_filter_yP,219,L23->L21,,False,0.0,20
GCN_filter_yP,220,L23->L22,,False,0.0,20
GCN_filter_yP,221,L23->L11,,False,0.0,20
GCN_filter_yP,222,L23->L38,,False,0.0,20
GCN_filter_yP,223,L18->L07,,False,0.0,20
GCN_filter_yP,224,L18->L27,,False,0.0,20
GCN_filter_yP,225,L18->L23,,False,0.0,20
GCN_filter_yP,226,L18->L10,,False,0.0,20
GCN_filter_yP,227,L18->L05,,False,0.0,20
GCN_filter_yP,228,L18->L15,,False,0.0,20
GCN_filter_yP,229,L18->L17,,False,0.0,20
GCN_filter_yP,230,L18->L28,,False,0.0,20
GCN_filter_yP,231,L18->L19,,False,0.0,20
GCN_filter_yP,232,L18->L12,,False,0.0,20
GCN_filter_yP,233,L18->L25,,False,0.0,20
GCN_filter_yP,234,L18->L26,,False,0.0,20
GCN_filter_yP,235,L18->L29,,False,0.0,20
GCN_filter_yP,236,L18->L04,,False,0.0,20
GCN_filter_yP,237,L18->L13,,False,0.0,20
GCN_filter_yP,238,L18->L08,,False,0.0,20
GCN_filter_yP,239,L18->L14,,False,0.0,20
GCN_filter_yP,240,L18->L01,,False,0.0,20
GCN_filter_yP,241,L18->L02,,False,0.0,20
GCN_filter_yP,242,L18->L06,,False,0.0,20
GCN_filter_yP,243,L18->L09,,False,0.0,20
GCN_filter_yP,244,L18->L21,,False,0.0,20
GCN_filter_yP,245,L18->L22,,False,0.0,20
GCN_filter_yP,246,L18->L32,,False,0.0,20
GCN_filter_yP,247,L18->L33,,False,0.0,20
GCN_filter_yP,248,L18->L34,,False,0.0,20
GCN_filter_yP,249,L18->L35,,False,0.0,20
GCN_filter_yP,250,L18->L36,,False,0.0,20
GCN_filter_yP,251,L18->L37,,False,0.0,20
GCN_filter_yP,252,L18->L24,,False,0.0,20
GCN_filter_yP,253,L18->L31,,False,0.0,20
GCN_filter_yP,254,L18->L03,,False,0.0,20
GCN_filter_yP,255,L18->L30,,False,0.0,20
GCN_filter_yP,256,L18->L16,,False,0.0,20
GCN_filter_yP,257,L18->L20,,False,0.0,20
GCN_filter_yP,258,L18->L11,,False,0.0,20
GCN_filter_yP,259,L18->L38,,False,0.0,20
GCN_filter_yP,260,L16->L05,,False,0.0,20
GCN_filter_yP,261,L16->L10,,False,0.0,20
GCN_filter_yP,262,L16->L07,,False,0.0,20
GCN_filter_yP,263,L16->L18,,False,0.0,20
GCN_filter_yP,264,L16->L31,,False,0.0,20
GCN_filter_yP,265,L16->L36,,False,0.0,20
GCN_filter_yP,266,L16->L37,,False,0.0,20
GCN_filter_yP,267,L16->L15,,False,0.0,20
GCN_filter_yP,268,L16->L34,,False,0.0,20
GCN_filter_yP,269,L16->L35,,False,0.0,20
GCN_filter_yP,270,L16->L06,,False,0.0,20
GCN_filter_yP,271,L16->L13,,False,0.0,20
GCN_filter_yP,272,L16->L22,,False,0.0,20
GCN_filter_yP,273,L16->L29,,False,0.0,20
GCN_filter_yP,274,L16->L01,,False,0.0,20
GCN_filter_yP,275,L16->L04,,False,0.0,20
GCN_filter_yP,276,L16->L09,,False,0.0,20
GCN_filter_yP,277,L16->L19,,False,0.0,20
GCN_filter_yP,278,L16->L23,,False,0.0,20
GCN_filter_yP,279,L16->L24,,False,0.0,20
GCN_filter_yP,280,L16->L30,,False,0.0,20
GCN_filter_yP,281,L16->L32,,False,0.0,20
GCN_filter_yP,282,L16->L33,,False,0.0,20
GCN_filter_yP,283,L16->L02,,False,0.0,20
GCN_filter_yP,284,L16->L03,,False,0.0,20
GCN_filter_yP,285,L16->L08,,False,0.0,20
GCN_filter_yP,286,L16->L28,,False,0.0,20
GCN_filter_yP,287,L16->L12,,False,0.0,20
GCN_filter_yP,288,L16->L21,,False,0.0,20
GCN_filter_yP,289,L16->L14,,False,0.0,20
GCN_filter_yP,290,L16->L20,,False,0.0,20
GCN_filter_yP,291,L16->L11,,False,0.0,20
GCN_filter_yP,292,L16->L17,L16->L17,True,4.621657307708116,21
GCN_filter_yP,293,L16->L27,,False,0.0,21
GCN_filter_yP,294,L16->L38,,False,0.0,21
GCN_filter_yP,295,L16->L25,,False,0.0,21
GCN_filter_yP,296,L16->L26,,False,0.0,21
GCN_filter_yP,297,L21->L22,L21->L22->L23->L02->L06->L07->L27,True,727.2781283848517,22
GCN_filter_yP,298,L21->L07,,False,0.0,22
GCN_filter_yP,299,L21->L27,,False,0.0,22
GCN_filter_yP,300,L21->L23,,False,0.0,22
GCN_filter_yP,301,L21->L18,,False,0.0,22
GCN_filter_yP,302,L21->L19,,False,0.0,22
GCN_filter_yP,303,L21->L10,,False,0.0,22
GCN_filter_yP,304,L21->L05,,False,0.0,22
GCN_filter_yP,305,L21->L30,,False,0.0,22
GCN_filter_yP,306,L21->L03,,False,0.0,22
GCN_filter_yP,307,L21->L24,,False,0.0,22
GCN_filter_yP,308,L21->L31,,False,0.0,22
GCN_filter_yP,309,L21->L01,,False,0.0,22
GCN_filter_yP,310,L21->L04,,False,0.0,22
GCN_filter_yP,311,L21->L06,,False,0.0,22
GCN_filter_yP,312,L21->L12,,False,0.0,22
GCN_filter_yP,313,L21->L34,,False,0.0,22
GCN_filter_yP,314,L21->L35,,False,0.0,22
GCN_filter_yP,315,L21->L13,,False,0.0,22
GCN_filter_yP,316,L21->L20,,False,0.0,22
GCN_filter_yP,317,L21->L28,,False,0.0,22
GCN_filter_yP,318,L21->L02,,False,0.0,22
GCN_filter_yP,319,L21->L09,,False,0.0,22
GCN_filter_yP,320,L21->L25,,False,0.0,22
GCN_filter_yP,321,L21->L26,,False,0.0,22
GCN_filter_yP,322,L21->L29,,False,0.0,22
GCN_filter_yP,323,L21->L32,,False,0.0,22
GCN_filter_yP,324,L21->L33,,False,0.0,22
GCN_filter_yP,325,L21->L16,,False,0.0,22
GCN_filter_yP,326,L21->L08,,False,0.0,22
GCN_filter_yP,327,L21->L14,,False,0.0,22
GCN_filter_yP,328,L21->L17,,False,0.0,22
GCN_filter_yP,329,L21->L36,,False,0.0,22
GCN_filter_yP,330,L21->L37,,False,0.0,22
GCN_filter_yP,331,L21->L15,,False,0.0,22
GCN_filter_yP,332,L21->L11,,False,0.0,22
GCN_filter_yP,333,L21->L38,,False,0.0,22
GCN_filter_yP,334,L25->L28,L25->L28->L26,True,465.9176206657203,23
GCN_filter_yP,335,L25->L30,,False,0.0,23
GCN_filter_yP,336,L25->L27,,False,0.0,23
GCN_filter_yP,337,L25->L07,,False,0.0,23
GCN_filter_yP,338,L25->L05,,False,0.0,23
GCN_filter_yP,339,L25->L10,,False,0.0,23
GCN_filter_yP,340,L25->L23,,False,0.0,23
GCN_filter_yP,341,L25->L17,,False,0.0,23
GCN_filter_yP,342,L25->L16,,False,0.0,23
GCN_filter_yP,343,L25->L18,,False,0.0,23
GCN_filter_yP,344,L25->L12,,False,0.0,23
GCN_filter_yP,345,L25->L21,,False,0.0,23
GCN_filter_yP,346,L25->L08,,False,0.0,23
GCN_filter_yP,347,L25->L19,,False,0.0,23
GCN_filter_yP,348,L25->L20,,False,0.0,23
GCN_filter_yP,349,L25->L38,,False,0.0,23
GCN_filter_yP,350,L25->L15,,False,0.0,23
GCN_filter_yP,351,L25->L13,,False,0.0,23
GCN_filter_yP,352,L25->L22,,False,0.0,23
GCN_filter_yP,353,L25->L01,,False,0.0,23
GCN_filter_yP,354,L25->L02,,False,0.0,23
GCN_filter_yP,355,L25->L06,,False,0.0,23
GCN_filter_yP,356,L25->L09,,False,0.0,23
GCN_filter_yP,357,L25->L14,,False,0.0,23
GCN_filter_yP,358,L25->L24,,False,0.0,23
GCN_filter_yP,359,L25->L29,,False,0.0,23
GCN_filter_yP,360,L25->L31,,False,0.0,23
GCN_filter_yP,361,L25->L34,,False,0.0,23
GCN_filter_yP,362,L25->L35,,False,0.0,23
GCN_filter_yP,363,L25->L36,,False,0.0,23
GCN_filter_yP,364,L25->L37,,False,0.0,23
GCN_filter_yP,365,L25->L04,,False,0.0,23
GCN_filter_yP,366,L25->L32,,False,0.0,23
GCN_filter_yP,367,L25->L33,,False,0.0,23
GCN_filter_yP,368,L25->L03,,False,0.0,23
GCN_filter_yP,369,L25->L26,L25->L26->L28,True,465.9176206657203,24
GCN_filter_yP,370,L25->L11,,False,0.0,24
GCN_filter_yP,371,L26->L28,L26->L28->L25,True,465.9176206657203,25
GCN_filter_yP,372,L26->L30,,False,0.0,25
GCN_filter_yP,373,L26->L27,,False,0.0,25
GCN_filter_yP,374,L26->L07,,False,0.0,25
GCN_filter_yP,375,L26->L05,,False,0.0,25
GCN_filter_yP,376,L26->L10,,False,0.0,25
GCN_filter_yP,377,L26->L23,,False,0.0,25
GCN_filter_yP,378,L26->L17,,False,0.0,25
GCN_filter_yP,379,L26->L16,,False,0.0,25
GCN_filter_yP,380,L26->L18,,False,0.0,25
GCN_filter_yP,381,L26->L12,,False,0.0,25
GCN_filter_yP,382,L26->L21,,False,0.0,25
GCN_filter_yP,383,L26->L08,,False,0.0,25
GCN_filter_yP,384,L26->L19,,False,0.0,25
GCN_filter_yP,385,L26->L20,,False,0.0,25
GCN_filter_yP,386,L26->L38,,False,0.0,25
GCN_filter_yP,387,L26->L15,,False,0.0,25
GCN_filter_yP,388,L26->L13,,False,0.0,25
GCN_filter_yP,389,L26->L22,,False,0.0,25
GCN_filter_yP,390,L26->L01,,False,0.0,25
GCN_filter_yP,391,L26->L02,,False,0.0,25
GCN_filter_yP,392,L26->L06,,False,0.0,25
GCN_filter_yP,393,L26->L09,,False,0.0,25
GCN_filter_yP,394,L26->L14,,False,0.0,25
GCN_filter_yP,395,L26->L24,,False,0.0,25
GCN_filter_yP,396,L26->L29,,False,0.0,25
GCN_filter_yP,397,L26->L31,,False,0.0,25
GCN_filter_yP,398,L26->L34,,False,0.0,25
GCN_filter_yP,399,L26->L35,,False,0.0,25
GCN_filter_yP,400,L26->L36,,False,0.0,25
GCN_filter_yP,401,L26->L37,,False,0.0,25
GCN_filter_yP,402,L26->L04,,False,0.0,25
GCN_filter_yP,403,L26->L32,,False,0.0,25
GCN_filter_yP,404,L26->L33,,False,0.0,25
GCN_filter_yP,405,L26->L03,,False,0.0,25
GCN_filter_yP,406,L26->L25,L26->L25->L28,True,465.9176206657203,26
GCN_filter_yP,407,L26->L11,,False,0.0,26
GCN_filter_yP,408,L17->L18,,False,0.0,26
GCN_filter_yP,409,L17->L15,,False,0.0,26
GCN_filter_yP,410,L17->L23,,False,0.0,26
GCN_filter_yP,411,L17->L27,,False,0.0,26
GCN_filter_yP,412,L17->L07,,False,0.0,26
GCN_filter_yP,413,L17->L05,,False,0.0,26
GCN_filter_yP,414,L17->L10,,False,0.0,26
GCN_filter_yP,415,L17->L12,,False,0.0,26
GCN_filter_yP,416,L17->L03,,False,0.0,26
GCN_filter_yP,417,L17->L21,,False,0.0,26
GCN_filter_yP,418,L17->L08,,False,0.0,26
GCN_filter_yP,419,L17->L28,,False,0.0,26
GCN_filter_yP,420,L17->L30,,False,0.0,26
GCN_filter_yP,421,L17->L20,,False,0.0,26
GCN_filter_yP,422,L17->L22,,False,0.0,26
GCN_filter_yP,423,L17->L36,,False,0.0,26
GCN_filter_yP,424,L17->L37,,False,0.0,26
GCN_filter_yP,425,L17->L04,,False,0.0,26
GCN_filter_yP,426,L17->L19,,False,0.0,26
GCN_filter_yP,427,L17->L34,,False,0.0,26
GCN_filter_yP,428,L17->L35,,False,0.0,26
GCN_filter_yP,429,L17->L01,,False,0.0,26
GCN_filter_yP,430,L17->L02,,False,0.0,26
GCN_filter_yP,431,L17->L06,,False,0.0,26
GCN_filter_yP,432,L17->L09,,False,0.0,26
GCN_filter_yP,433,L17->L24,,False,0.0,26
GCN_filter_yP,434,L17->L29,,False,0.0,26
GCN_filter_yP,435,L17->L32,,False,0.0,26
GCN_filter_yP,436,L17->L33,,False,0.0,26
GCN_filter_yP,437,L17->L13,,False,0.0,26
GCN_filter_yP,438,L17->L14,,False,0.0,26
GCN_filter_yP,439,L17->L11,,False,0.0,26
GCN_filter_yP,440,L17->L16,L17->L16,True,4.621657307708116,27
GCN_filter_yP,441,L17->L25,,False,0.0,27
GCN_filter_yP,442,L17->L26,,False,0.0,27
GCN_filter_yP,443,L17->L31,,False,0.0,27
GCN_filter_yP,444,L17->L38,,False,0.0,27
GCN_filter_yP,445,L22->L05,,False,0.0,27
GCN_filter_yP,446,L22->L10,,False,0.0,27
GCN_filter_yP,447,L22->L21,,False,0.0,27
GCN_filter_yP,448,L22->L29,,False,0.0,27
GCN_filter_yP,449,L22->L30,,False,0.0,27
GCN_filter_yP,450,L22->L18,,False,0.0,27
GCN_filter_yP,451,L22->L04,,False,0.0,27
GCN_filter_yP,452,L22->L06,,False,0.0,27
GCN_filter_yP,453,L22->L12,,False,0.0,27
GCN_filter_yP,454,L22->L34,,False,0.0,27
GCN_filter_yP,455,L22->L35,,False,0.0,27
GCN_filter_yP,456,L22->L01,,False,0.0,27
GCN_filter_yP,457,L22->L02,,False,0.0,27
GCN_filter_yP,458,L22->L13,,False,0.0,27
GCN_filter_yP,459,L22->L15,,False,0.0,27
GCN_filter_yP,460,L22->L24,,False,0.0,27
GCN_filter_yP,461,L22->L28,,False,0.0,27
GCN_filter_yP,462,L22->L31,,False,0.0,27
GCN_filter_yP,463,L22->L36,,False,0.0,27
GCN_filter_yP,464,L22->L37,,False,0.0,27
GCN_filter_yP,465,L22->L38,,False,0.0,27
GCN_filter_yP,466,L22->L32,,False,0.0,27
GCN_filter_yP,467,L22->L33,,False,0.0,27
GCN_filter_yP,468,L22->L17,,False,0.0,27
GCN_filter_yP,469,L22->L20,,False,0.0,27
GCN_filter_yP,470,L22->L03,,False,0.0,27
GCN_filter_yP,471,L22->L08,,False,0.0,27
GCN_filter_yP,472,L22->L14,,False,0.0,27
GCN_filter_yP,473,L22->L19,,False,0.0,27
GCN_filter_yP,474,L22->L09,,False,0.0,27
GCN_filter_yP,475,L22->L16,,False,0.0,27
GCN_filter_yP,476,L22->L07,,False,0.0,27
GCN_filter_yP,477,L22->L23,,False,0.0,27
GCN_filter_yP,478,L22->L11,,False,0.0,27
GCN_filter_yP,479,L22->L27,,False,0.0,27
GCN_filter_yP,480,L22->L25,,False,0.0,27
GCN_filter_yP,481,L22->L26,,False,0.0,27
GCN_filter_yP,482,L12->L11,L12->L11,True,17.88838157697601,28
GCN_filter_yP,483,L12->L13,L12->L13,True,38.05337863080115,29
GCN_filter_yP,484,L12->L16,,False,0.0,29
GCN_filter_yP,485,L12->L17,,False,0.0,29
GCN_filter_yP,486,L12->L03,,False,0.0,29
GCN_filter_yP,487,L12->L36,,False,0.0,29
GCN_filter_yP,488,L12->L37,,False,0.0,29
GCN_filter_yP,489,L12->L05,,False,0.0,29
GCN_filter_yP,490,L12->L01,,False,0.0,29
GCN_filter_yP,491,L12->L04,,False,0.0,29
GCN_filter_yP,492,L12->L06,,False,0.0,29
GCN_filter_yP,493,L12->L29,,False,0.0,29
GCN_filter_yP,494,L12->L30,,False,0.0,29
GCN_filter_yP,495,L12->L32,,False,0.0,29
GCN_filter_yP,496,L12->L33,,False,0.0,29
GCN_filter_yP,497,L12->L34,,False,0.0,29
GCN_filter_yP,498,L12->L35,,False,0.0,29
GCN_filter_yP,499,L12->L02,,False,0.0,29
GCN_filter_yP,500,L12->L08,,False,0.0,29
GCN_filter_yP,501,L12->L09,,False,0.0,29
GCN_filter_yP,502,L12->L24,,False,0.0,29
GCN_filter_yP,503,L12->L31,,False,0.0,29
GCN_filter_yP,504,L12->L19,,False,0.0,29
GCN_filter_yP,505,L12->L22,,False,0.0,29
GCN_filter_yP,506,L12->L18,,False,0.0,29
GCN_filter_yP,507,L12->L15,,False,0.0,29
GCN_filter_yP,508,L12->L14,,False,0.0,29
GCN_filter_yP,509,L12->L20,,False,0.0,29
GCN_filter_yP,510,L12->L10,,False,0.0,29
GCN_filter_yP,511,L12->L07,,False,0.0,29
GCN_filter_yP,512,L12->L21,,False,0.0,29
GCN_filter_yP,513,L12->L28,,False,0.0,29
GCN_filter_yP,514,L12->L27,,False,0.0,29
GCN_filter_yP,515,L12->L23,,False,0.0,29
GCN_filter_yP,516,L12->L25,,False,0.0,29
GCN_filter_yP,517,L12->L26,,False,0.0,29
GCN_filter_yP,518,L12->L38,,False,0.0,29
GCN_filter_yP,519,L13->L12,L13->L12,True,38.05337863080115,30
GCN_filter_yP,520,L13->L27,,False,0.0,30
GCN_filter_yP,521,L13->L07,,False,0.0,30
GCN_filter_yP,522,L13->L05,,False,0.0,30
GCN_filter_yP,523,L13->L10,,False,0.0,30
GCN_filter_yP,524,L13->L19,,False,0.0,30
GCN_filter_yP,525,L13->L16,,False,0.0,30
GCN_filter_yP,526,L13->L29,,False,0.0,30
GCN_filter_yP,527,L13->L14,,False,0.0,30
GCN_filter_yP,528,L13->L17,,False,0.0,30
GCN_filter_yP,529,L13->L08,,False,0.0,30
GCN_filter_yP,530,L13->L15,,False,0.0,30
GCN_filter_yP,531,L13->L28,,False,0.0,30
GCN_filter_yP,532,L13->L25,,False,0.0,30
GCN_filter_yP,533,L13->L26,,False,0.0,30
GCN_filter_yP,534,L13->L02,,False,0.0,30
GCN_filter_yP,535,L13->L09,,False,0.0,30
GCN_filter_yP,536,L13->L20,,False,0.0,30
GCN_filter_yP,537,L13->L06,,False,0.0,30
GCN_filter_yP,538,L13->L21,,False,0.0,30
GCN_filter_yP,539,L13->L30,,False,0.0,30
GCN_filter_yP,540,L13->L31,,False,0.0,30
GCN_filter_yP,541,L13->L32,,False,0.0,30
GCN_filter_yP,542,L13->L33,,False,0.0,30
GCN_filter_yP,543,L13->L34,,False,0.0,30
GCN_filter_yP,544,L13->L35,,False,0.0,30
GCN_filter_yP,545,L13->L36,,False,0.0,30
GCN_filter_yP,546,L13->L37,,False,0.0,30
GCN_filter_yP,547,L13->L18,,False,0.0,30
GCN_filter_yP,548,L13->L22,,False,0.0,30
GCN_filter_yP,549,L13->L01,,False,0.0,30
GCN_filter_yP,550,L13->L24,,False,0.0,30
GCN_filter_yP,551,L13->L04,,False,0.0,30
GCN_filter_yP,552,L13->L03,,False,0.0,30
GCN_filter_yP,553,L13->L23,,False,0.0,30
GCN_filter_yP,554,L13->L11,L13->L11,True,17.888381576976077,31
GCN_filter_yP,555,L13->L38,,False,0.0,31
GCN_filter_yP,556,L28->L24,L28->L24->L06->L07,True,316.82674035082636,32
GCN_filter_yP,557,L28->L25,L28->L25->L26,True,465.9176206657203,33
GCN_filter_yP,558,L28->L26,L28->L26->L25,True,465.9176206657203,34
GCN_filter_yP,559,L28->L07,,False,0.0,34
GCN_filter_yP,560,L28->L27,,False,0.0,34
GCN_filter_yP,561,L28->L05,,False,0.0,34
GCN_filter_yP,562,L28->L10,,False,0.0,34
GCN_filter_yP,563,L28->L03,,False,0.0,34
GCN_filter_yP,564,L28->L14,,False,0.0,34
GCN_filter_yP,565,L28->L15,,False,0.0,34
GCN_filter_yP,566,L28->L04,,False,0.0,34
GCN_filter_yP,567,L28->L20,,False,0.0,34
GCN_filter_yP,568,L28->L29,,False,0.0,34
GCN_filter_yP,569,L28->L31,,False,0.0,34
GCN_filter_yP,570,L28->L34,,False,0.0,34
GCN_filter_yP,571,L28->L35,,False,0.0,34
GCN_filter_yP,572,L28->L01,,False,0.0,34
GCN_filter_yP,573,L28->L02,,False,0.0,34
GCN_filter_yP,574,L28->L06,,False,0.0,34
GCN_filter_yP,575,L28->L09,,False,0.0,34
GCN_filter_yP,576,L28->L13,,False,0.0,34
GCN_filter_yP,577,L28->L16,,False,0.0,34
GCN_filter_yP,578,L28->L18,,False,0.0,34
GCN_filter_yP,579,L28->L36,,False,0.0,34
GCN_filter_yP,580,L28->L37,,False,0.0,34
GCN_filter_yP,581,L28->L08,,False,0.0,34
GCN_filter_yP,582,L28->L12,,False,0.0,34
GCN_filter_yP,583,L28->L17,,False,0.0,34
GCN_filter_yP,584,L28->L19,,False,0.0,34
GCN_filter_yP,585,L28->L32,,False,0.0,34
GCN_filter_yP,586,L28->L33,,False,0.0,34
GCN_filter_yP,587,L28->L21,,False,0.0,34
GCN_filter_yP,588,L28->L22,,False,0.0,34
GCN_filter_yP,589,L28->L30,,False,0.0,34
GCN_filter_yP,590,L28->L38,,False,0.0,34
GCN_filter_yP,591,L28->L23,,False,0.0,34
GCN_filter_yP,592,L28->L11,,False,0.0,34
GCN_filter_yP,593,L29->L23,L29->L23->L06->L07->L27,True,368.673012377049,35
GCN_filter_yP,594,L29->L07,L29->L07->L23,True,368.6730123770492,36
GCN_filter_yP,595,L29->L27,L29->L27->L23,True,368.67301237704925,37
GCN_filter_yP,596,L29->L19,,False,0.0,37
GCN_filter_yP,597,L29->L10,,False,0.0,37
GCN_filter_yP,598,L29->L05,,False,0.0,37
GCN_filter_yP,599,L29->L03,,False,0.0,37
GCN_filter_yP,600,L29->L17,,False,0.0,37
GCN_filter_yP,601,L29->L15,,False,0.0,37
GCN_filter_yP,602,L29->L16,,False,0.0,37
GCN_filter_yP,603,L29->L18,,False,0.0,37
GCN_filter_yP,604,L29->L21,,False,0.0,37
GCN_filter_yP,605,L29->L30,,False,0.0,37
GCN_filter_yP,606,L29->L36,,False,0.0,37
GCN_filter_yP,607,L29->L37,,False,0.0,37
GCN_filter_yP,608,L29->L14,,False,0.0,37
GCN_filter_yP,609,L29->L20,,False,0.0,37
GCN_filter_yP,610,L29->L12,,False,0.0,37
GCN_filter_yP,611,L29->L25,,False,0.0,37
GCN_filter_yP,612,L29->L26,,False,0.0,37
GCN_filter_yP,613,L29->L01,,False,0.0,37
GCN_filter_yP,614,L29->L04,,False,0.0,37
GCN_filter_yP,615,L29->L09,,False,0.0,37
GCN_filter_yP,616,L29->L13,,False,0.0,37
GCN_filter_yP,617,L29->L22,,False,0.0,37
GCN_filter_yP,618,L29->L24,,False,0.0,37
GCN_filter_yP,619,L29->L28,,False,0.0,37
GCN_filter_yP,620,L29->L32,,False,0.0,37
GCN_filter_yP,621,L29->L33,,False,0.0,37
GCN_filter_yP,622,L29->L34,,False,0.0,37
GCN_filter_yP,623,L29->L35,,False,0.0,37
GCN_filter_yP,624,L29->L02,,False,0.0,37
GCN_filter_yP,625,L29->L06,,False,0.0,37
GCN_filter_yP,626,L29->L31,,False,0.0,37
GCN_filter_yP,627,L29->L08,,False,0.0,37
GCN_filter_yP,628,L29->L11,,False,0.0,37
GCN_filter_yP,629,L29->L38,,False,0.0,37
GCN_filter_yP,630,L08->L09,L08->L09->L10->L01->L02->L06,True,180.8791497815239,38
GCN_filter_yP,631,L08->L10,L08->L10->L01->L09,True,162.33705888602796,39
GCN_filter_yP,632,L08->L01,L08->L01->L10,True,162.33705888602796,40
GCN_filter_yP,633,L08->L04,L08->L04,True,79.93761520301625,41
GCN_filter_yP,634,L08->L11,,False,0.0,41
GCN_filter_yP,635,L08->L07,,False,0.0,41
GCN_filter_yP,636,L08->L27,,False,0.0,41
GCN_filter_yP,637,L08->L02,,False,0.0,41
GCN_filter_yP,638,L08->L03,,False,0.0,41
GCN_filter_yP,639,L08->L06,,False,0.0,41
GCN_filter_yP,640,L08->L15,,False,0.0,41
GCN_filter_yP,641,L08->L14,,False,0.0,41
GCN_filter_yP,642,L08->L16,,False,0.0,41
GCN_filter_yP,643,L08->L25,,False,0.0,41
GCN_filter_yP,644,L08->L26,,False,0.0,41
GCN_filter_yP,645,L08->L34,,False,0.0,41
GCN_filter_yP,646,L08->L35,,False,0.0,41
GCN_filter_yP,647,L08->L36,,False,0.0,41
GCN_filter_yP,648,L08->L37,,False,0.0,41
GCN_filter_yP,649,L08->L24,,False,0.0,41
GCN_filter_yP,650,L08->L32,,False,0.0,41
GCN_filter_yP,651,L08->L33,,False,0.0,41
GCN_filter_yP,652,L08->L31,,False,0.0,41
GCN_filter_yP,653,L08->L29,,False,0.0,41
GCN_filter_yP,654,L08->L13,,False,0.0,41
GCN_filter_yP,655,L08->L18,,False,0.0,41
GCN_filter_yP,656,L08->L30,,False,0.0,41
GCN_filter_yP,657,L08->L17,,False,0.0,41
GCN_filter_yP,658,L08->L20,,False,0.0,41
GCN_filter_yP,659,L08->L22,,False,0.0,41
GCN_filter_yP,660,L08->L28,,False,0.0,41
GCN_filter_yP,661,L08->L12,,False,0.0,41
GCN_filter_yP,662,L08->L21,,False,0.0,41
GCN_filter_yP,663,L08->L19,,False,0.0,41
GCN_filter_yP,664,L08->L23,,False,0.0,41
GCN_filter_yP,665,L08->L05,,False,0.0,41
GCN_filter_yP,666,L08->L38,,False,0.0,41
GCN_filter_yP,667,L15->L18,,False,0.0,41
GCN_filter_yP,668,L15->L17,,False,0.0,41
GCN_filter_yP,669,L15->L10,,False,0.0,41
GCN_filter_yP,670,L15->L05,,False,0.0,41
GCN_filter_yP,671,L15->L28,,False,0.0,41
GCN_filter_yP,672,L15->L27,,False,0.0,41
GCN_filter_yP,673,L15->L30,,False,0.0,41
GCN_filter_yP,674,L15->L36,,False,0.0,41
GCN_filter_yP,675,L15->L37,,False,0.0,41
GCN_filter_yP,676,L15->L14,,False,0.0,41
GCN_filter_yP,677,L15->L19,,False,0.0,41
GCN_filter_yP,678,L15->L06,,False,0.0,41
GCN_filter_yP,679,L15->L20,,False,0.0,41
GCN_filter_yP,680,L15->L09,,False,0.0,41
GCN_filter_yP,681,L15->L12,,False,0.0,41
GCN_filter_yP,682,L15->L16,,False,0.0,41
GCN_filter_yP,683,L15->L21,,False,0.0,41
GCN_filter_yP,684,L15->L24,,False,0.0,41
GCN_filter_yP,685,L15->L01,,False,0.0,41
GCN_filter_yP,686,L15->L02,,False,0.0,41
GCN_filter_yP,687,L15->L08,,False,0.0,41
GCN_filter_yP,688,L15->L13,,False,0.0,41
GCN_filter_yP,689,L15->L22,,False,0.0,41
GCN_filter_yP,690,L15->L32,,False,0.0,41
GCN_filter_yP,691,L15->L33,,False,0.0,41
GCN_filter_yP,692,L15->L03,,False,0.0,41
GCN_filter_yP,693,L15->L34,,False,0.0,41
GCN_filter_yP,694,L15->L35,,False,0.0,41
GCN_filter_yP,695,L15->L04,,False,0.0,41
GCN_filter_yP,696,L15->L23,,False,0.0,41
GCN_filter_yP,697,L15->L29,,False,0.0,41
GCN_filter_yP,698,L15->L07,,False,0.0,41
GCN_filter_yP,699,L15->L11,,False,0.0,41
GCN_filter_yP,700,L15->L25,,False,0.0,41
GCN_filter_yP,701,L15->L26,,False,0.0,41
GCN_filter_yP,702,L15->L31,,False,0.0,41
GCN_filter_yP,703,L15->L38,,False,0.0,41
GCN_filter_yP,704,L09->L03,L09->L03,True,85.8406488939796,42
GCN_filter_yP,705,L09->L07,,False,0.0,42
GCN_filter_yP,706,L09->L27,,False,0.0,42
GCN_filter_yP,707,L09->L05,,False,0.0,42
GCN_filter_yP,708,L09->L30,,False,0.0,42
GCN_filter_yP,709,L09->L17,,False,0.0,42
GCN_filter_yP,710,L09->L16,,False,0.0,42
GCN_filter_yP,711,L09->L18,,False,0.0,42
GCN_filter_yP,712,L09->L15,,False,0.0,42
GCN_filter_yP,713,L09->L24,,False,0.0,42
GCN_filter_yP,714,L09->L12,,False,0.0,42
GCN_filter_yP,715,L09->L01,,False,0.0,42
GCN_filter_yP,716,L09->L04,,False,0.0,42
GCN_filter_yP,717,L09->L06,,False,0.0,42
GCN_filter_yP,718,L09->L13,,False,0.0,42
GCN_filter_yP,719,L09->L19,,False,0.0,42
GCN_filter_yP,720,L09->L28,,False,0.0,42
GCN_filter_yP,721,L09->L31,,False,0.0,42
GCN_filter_yP,722,L09->L34,,False,0.0,42
GCN_filter_yP,723,L09->L35,,False,0.0,42
GCN_filter_yP,724,L09->L02,,False,0.0,42
GCN_filter_yP,725,L09->L14,,False,0.0,42
GCN_filter_yP,726,L09->L20,,False,0.0,42
GCN_filter_yP,727,L09->L32,,False,0.0,42
GCN_filter_yP,728,L09->L33,,False,0.0,42
GCN_filter_yP,729,L09->L36,,False,0.0,42
GCN_filter_yP,730,L09->L37,,False,0.0,42
GCN_filter_yP,731,L09->L22,,False,0.0,42
GCN_filter_yP,732,L09->L25,,False,0.0,42
GCN_filter_yP,733,L09->L26,,False,0.0,42
GCN_filter_yP,734,L09->L08,,False,0.0,42
GCN_filter_yP,735,L09->L21,,False,0.0,42
GCN_filter_yP,736,L09->L29,,False,0.0,42
GCN_filter_yP,737,L09->L23,,False,0.0,42
GCN_filter_yP,738,L09->L11,,False,0.0,42
GCN_filter_yP,739,L09->L10,,False,0.0,42
GCN_filter_yP,740,L09->L38,,False,0.0,42
GCN_filter_yP,741,L14->L11,,False,0.0,42
GCN_filter_yP,742,L14->L05,,False,0.0,42
GCN_filter_yP,743,L14->L10,,False,0.0,42
GCN_filter_yP,744,L14->L15,,False,0.0,42
GCN_filter_yP,745,L14->L07,,False,0.0,42
GCN_filter_yP,746,L14->L16,,False,0.0,42
GCN_filter_yP,747,L14->L17,,False,0.0,42
GCN_filter_yP,748,L14->L09,,False,0.0,42
GCN_filter_yP,749,L14->L20,,False,0.0,42
GCN_filter_yP,750,L14->L08,,False,0.0,42
GCN_filter_yP,751,L14->L01,,False,0.0,42
GCN_filter_yP,752,L14->L13,,False,0.0,42
GCN_filter_yP,753,L14->L21,,False,0.0,42
GCN_filter_yP,754,L14->L24,,False,0.0,42
GCN_filter_yP,755,L14->L29,,False,0.0,42
GCN_filter_yP,756,L14->L34,,False,0.0,42
GCN_filter_yP,757,L14->L35,,False,0.0,42
GCN_filter_yP,758,L14->L36,,False,0.0,42
GCN_filter_yP,759,L14->L37,,False,0.0,42
GCN_filter_yP,760,L14->L38,,False,0.0,42
GCN_filter_yP,761,L14->L32,,False,0.0,42
GCN_filter_yP,762,L14->L33,,False,0.0,42
GCN_filter_yP,763,L14->L31,,False,0.0,42
GCN_filter_yP,764,L14->L30,,False,0.0,42
GCN_filter_yP,765,L14->L06,,False,0.0,42
GCN_filter_yP,766,L14->L18,,False,0.0,42
GCN_filter_yP,767,L14->L28,,False,0.0,42
GCN_filter_yP,768,L14->L23,,False,0.0,42
GCN_filter_yP,769,L14->L19,,False,0.0,42
GCN_filter_yP,770,L14->L22,,False,0.0,42
GCN_filter_yP,771,L14->L02,,False,0.0,42
GCN_filter_yP,772,L14->L12,,False,0.0,42
GCN_filter_yP,773,L14->L04,,False,0.0,42
GCN_filter_yP,774,L14->L03,,False,0.0,42
GCN_filter_yP,775,L14->L27,,False,0.0,42
GCN_filter_yP,776,L14->L25,,False,0.0,42
GCN_filter_yP,777,L14->L26,,False,0.0,42
GCN_filter_yP,778,L03->L09,L03->L09,True,85.8406488939796,43
GCN_filter_yP,779,L03->L05,,False,0.0,43
GCN_filter_yP,780,L03->L10,,False,0.0,43
GCN_filter_yP,781,L03->L23,,False,0.0,43
GCN_filter_yP,782,L03->L27,,False,0.0,43
GCN_filter_yP,783,L03->L07,,False,0.0,43
GCN_filter_yP,784,L03->L21,,False,0.0,43
GCN_filter_yP,785,L03->L22,,False,0.0,43
GCN_filter_yP,786,L03->L19,,False,0.0,43
GCN_filter_yP,787,L03->L01,,False,0.0,43
GCN_filter_yP,788,L03->L28,,False,0.0,43
GCN_filter_yP,789,L03->L04,,False,0.0,43
GCN_filter_yP,790,L03->L02,,False,0.0,43
GCN_filter_yP,791,L03->L38,,False,0.0,43
GCN_filter_yP,792,L03->L06,,False,0.0,43
GCN_filter_yP,793,L03->L12,,False,0.0,43
GCN_filter_yP,794,L03->L13,,False,0.0,43
GCN_filter_yP,795,L03->L16,,False,0.0,43
GCN_filter_yP,796,L03->L17,,False,0.0,43
GCN_filter_yP,797,L03->L18,,False,0.0,43
GCN_filter_yP,798,L03->L20,,False,0.0,43
GCN_filter_yP,799,L03->L24,,False,0.0,43
GCN_filter_yP,800,L03->L30,,False,0.0,43
GCN_filter_yP,801,L03->L31,,False,0.0,43
GCN_filter_yP,802,L03->L34,,False,0.0,43
GCN_filter_yP,803,L03->L35,,False,0.0,43
GCN_filter_yP,804,L03->L36,,False,0.0,43
GCN_filter_yP,805,L03->L37,,False,0.0,43
GCN_filter_yP,806,L03->L08,,False,0.0,43
GCN_filter_yP,807,L03->L32,,False,0.0,43
GCN_filter_yP,808,L03->L33,,False,0.0,43
GCN_filter_yP,809,L03->L14,,False,0.0,43
GCN_filter_yP,810,L03->L15,,False,0.0,43
GCN_filter_yP,811,L03->L29,,False,0.0,43
GCN_filter_yP,812,L03->L11,,False,0.0,43
GCN_filter_yP,813,L03->L25,,False,0.0,43
GCN_filter_yP,814,L03->L26,,False,0.0,43
GCN_filter_yP,815,L06->L27,L06->L27,True,27.981072654937165,44
GCN_filter_yP,816,L06->L07,L06->L07,True,27.981072654937165,45
GCN_filter_yP,817,L06->L09,,False,0.0,45
GCN_filter_yP,818,L06->L10,,False,0.0,45
GCN_filter_yP,819,L06->L05,,False,0.0,45
GCN_filter_yP,820,L06->L08,,False,0.0,45
GCN_filter_yP,821,L06->L17,,False,0.0,45
GCN_filter_yP,822,L06->L16,,False,0.0,45
GCN_filter_yP,823,L06->L01,,False,0.0,45
GCN_filter_yP,824,L06->L02,,False,0.0,45
GCN_filter_yP,825,L06->L36,,False,0.0,45
GCN_filter_yP,826,L06->L37,,False,0.0,45
GCN_filter_yP,827,L06->L04,,False,0.0,45
GCN_filter_yP,828,L06->L13,,False,0.0,45
GCN_filter_yP,829,L06->L18,,False,0.0,45
GCN_filter_yP,830,L06->L19,,False,0.0,45
GCN_filter_yP,831,L06->L20,,False,0.0,45
GCN_filter_yP,832,L06->L25,,False,0.0,45
GCN_filter_yP,833,L06->L26,,False,0.0,45
GCN_filter_yP,834,L06->L28,,False,0.0,45
GCN_filter_yP,835,L06->L29,,False,0.0,45
GCN_filter_yP,836,L06->L32,,False,0.0,45
GCN_filter_yP,837,L06->L33,,False,0.0,45
GCN_filter_yP,838,L06->L34,,False,0.0,45
GCN_filter_yP,839,L06->L35,,False,0.0,45
GCN_filter_yP,840,L06->L12,,False,0.0,45
GCN_filter_yP,841,L06->L03,,False,0.0,45
GCN_filter_yP,842,L06->L14,,False,0.0,45
GCN_filter_yP,843,L06->L24,,False,0.0,45
GCN_filter_yP,844,L06->L15,,False,0.0,45
GCN_filter_yP,845,L06->L21,,False,0.0,45
GCN_filter_yP,846,L06->L22,,False,0.0,45
GCN_filter_yP,847,L06->L31,,False,0.0,45
GCN_filter_yP,848,L06->L30,,False,0.0,45
GCN_filter_yP,849,L06->L23,,False,0.0,45
GCN_filter_yP,850,L06->L11,,False,0.0,45
GCN_filter_yP,851,L06->L38,,False,0.0,45
GCN_filter_yP,852,L02->L07,L02->L07,True,27.981072654937165,46
GCN_filter_yP,853,L02->L27,L02->L27,True,27.98107265493719,47
GCN_filter_yP,854,L02->L10,,False,0.0,47
GCN_filter_yP,855,L02->L05,,False,0.0,47
GCN_filter_yP,856,L02->L22,,False,0.0,47
GCN_filter_yP,857,L02->L19,,False,0.0,47
GCN_filter_yP,858,L02->L29,,False,0.0,47
GCN_filter_yP,859,L02->L15,,False,0.0,47
GCN_filter_yP,860,L02->L17,,False,0.0,47
GCN_filter_yP,861,L02->L12,,False,0.0,47
GCN_filter_yP,862,L02->L31,,False,0.0,47
GCN_filter_yP,863,L02->L36,,False,0.0,47
GCN_filter_yP,864,L02->L37,,False,0.0,47
GCN_filter_yP,865,L02->L04,,False,0.0,47
GCN_filter_yP,866,L02->L06,,False,0.0,47
GCN_filter_yP,867,L02->L13,,False,0.0,47
GCN_filter_yP,868,L02->L34,,False,0.0,47
GCN_filter_yP,869,L02->L35,,False,0.0,47
GCN_filter_yP,870,L02->L01,,False,0.0,47
GCN_filter_yP,871,L02->L03,,False,0.0,47
GCN_filter_yP,872,L02->L14,,False,0.0,47
GCN_filter_yP,873,L02->L18,,False,0.0,47
GCN_filter_yP,874,L02->L21,,False,0.0,47
GCN_filter_yP,875,L02->L23,,False,0.0,47
GCN_filter_yP,876,L02->L24,,False,0.0,47
GCN_filter_yP,877,L02->L30,,False,0.0,47
GCN_filter_yP,878,L02->L32,,False,0.0,47
GCN_filter_yP,879,L02->L33,,False,0.0,47
GCN_filter_yP,880,L02->L09,,False,0.0,47
GCN_filter_yP,881,L02->L08,,False,0.0,47
GCN_filter_yP,882,L02->L16,,False,0.0,47
GCN_filter_yP,883,L02->L25,,False,0.0,47
GCN_filter_yP,884,L02->L26,,False,0.0,47
GCN_filter_yP,885,L02->L20,,False,0.0,47
GCN_filter_yP,886,L02->L28,,False,0.0,47
GCN_filter_yP,887,L02->L11,,False,0.0,47
GCN_filter_yP,888,L02->L38,,False,0.0,47
GCN_filter_yP,889,L01->L11,,False,0.0,47
GCN_filter_yP,890,L01->L27,,False,0.0,47
GCN_filter_yP,891,L01->L07,,False,0.0,47
GCN_filter_yP,892,L01->L12,,False,0.0,47
GCN_filter_yP,893,L01->L13,,False,0.0,47
GCN_filter_yP,894,L01->L16,,False,0.0,47
GCN_filter_yP,895,L01->L17,,False,0.0,47
GCN_filter_yP,896,L01->L08,,False,0.0,47
GCN_filter_yP,897,L01->L10,,False,0.0,47
GCN_filter_yP,898,L01->L23,,False,0.0,47
GCN_filter_yP,899,L01->L05,,False,0.0,47
GCN_filter_yP,900,L01->L18,,False,0.0,47
GCN_filter_yP,901,L01->L09,,False,0.0,47
GCN_filter_yP,902,L01->L02,,False,0.0,47
GCN_filter_yP,903,L01->L21,,False,0.0,47
GCN_filter_yP,904,L01->L15,,False,0.0,47
GCN_filter_yP,905,L01->L22,,False,0.0,47
GCN_filter_yP,906,L01->L25,,False,0.0,47
GCN_filter_yP,907,L01->L26,,False,0.0,47
GCN_filter_yP,908,L01->L19,,False,0.0,47
GCN_filter_yP,909,L01->L29,,False,0.0,47
GCN_filter_yP,910,L01->L20,,False,0.0,47
GCN_filter_yP,911,L01->L28,,False,0.0,47
GCN_filter_yP,912,L01->L14,,False,0.0,47
GCN_filter_yP,913,L01->L32,,False,0.0,47
GCN_filter_yP,914,L01->L33,,False,0.0,47
GCN_filter_yP,915,L01->L04,,False,0.0,47
GCN_filter_yP,916,L01->L03,,False,0.0,47
GCN_filter_yP,917,L01->L31,,False,0.0,47
GCN_filter_yP,918,L01->L06,,False,0.0,47
GCN_filter_yP,919,L01->L30,,False,0.0,47
GCN_filter_yP,920,L01->L24,,False,0.0,47
GCN_filter_yP,921,L01->L34,,False,0.0,47
GCN_filter_yP,922,L01->L35,,False,0.0,47
GCN_filter_yP,923,L01->L36,,False,0.0,47
GCN_filter_yP,924,L01->L37,,False,0.0,47
GCN_filter_yP,925,L01->L38,,False,0.0,47
GCN_filter_yP,926,L04->L09,L04->L09->L10->L01->L02,True,100.94153457850766,48
GCN_filter_yP,927,L04->L10,L04->L10->L01->L09,True,82.39944368301173,49
GCN_filter_yP,928,L04->L01,L04->L01->L10,True,82.39944368301173,50
GCN_filter_yP,929,L04->L08,L04->L08,True,79.93761520301625,51
GCN_filter_yP,930,L04->L11,,False,0.0,51
GCN_filter_yP,931,L04->L27,,False,0.0,51
GCN_filter_yP,932,L04->L07,,False,0.0,51
GCN_filter_yP,933,L04->L02,,False,0.0,51
GCN_filter_yP,934,L04->L03,,False,0.0,51
GCN_filter_yP,935,L04->L15,,False,0.0,51
GCN_filter_yP,936,L04->L16,,False,0.0,51
GCN_filter_yP,937,L04->L14,,False,0.0,51
GCN_filter_yP,938,L04->L06,,False,0.0,51
GCN_filter_yP,939,L04->L17,,False,0.0,51
GCN_filter_yP,940,L04->L25,,False,0.0,51
GCN_filter_yP,941,L04->L26,,False,0.0,51
GCN_filter_yP,942,L04->L36,,False,0.0,51
GCN_filter_yP,943,L04->L37,,False,0.0,51
GCN_filter_yP,944,L04->L34,,False,0.0,51
GCN_filter_yP,945,L04->L35,,False,0.0,51
GCN_filter_yP,946,L04->L32,,False,0.0,51
GCN_filter_yP,947,L04->L33,,False,0.0,51
GCN_filter_yP,948,L04->L31,,False,0.0,51
GCN_filter_yP,949,L04->L18,,False,0.0,51
GCN_filter_yP,950,L04->L24,,False,0.0,51
GCN_filter_yP,951,L04->L30,,False,0.0,51
GCN_filter_yP,952,L04->L29,,False,0.0,51
GCN_filter_yP,953,L04->L20,,False,0.0,51
GCN_filter_yP,954,L04->L22,,False,0.0,51
GCN_filter_yP,955,L04->L28,,False,0.0,51
GCN_filter_yP,956,L04->L12,,False,0.0,51
GCN_filter_yP,957,L04->L21,,False,0.0,51
GCN_filter_yP,958,L04->L19,,False,0.0,51
GCN_filter_yP,959,L04->L23,,False,0.0,51
GCN_filter_yP,960,L04->L05,,False,0.0,51
GCN_filter_yP,961,L04->L38,,False,0.0,51
GCN_filter_yP,962,L04->L13,,False,0.0,51
GCN_filter_yP,963,L32->L07,,False,0.0,51
GCN_filter_yP,964,L32->L27,,False,0.0,51
GCN_filter_yP,965,L32->L05,,False,0.0,51
GCN_filter_yP,966,L32->L10,,False,0.0,51
GCN_filter_yP,967,L32->L17,,False,0.0,51
GCN_filter_yP,968,L32->L19,,False,0.0,51
GCN_filter_yP,969,L32->L29,,False,0.0,51
GCN_filter_yP,970,L32->L30,,False,0.0,51
GCN_filter_yP,971,L32->L08,,False,0.0,51
GCN_filter_yP,972,L32->L23,,False,0.0,51
GCN_filter_yP,973,L32->L12,,False,0.0,51
GCN_filter_yP,974,L32->L16,,False,0.0,51
GCN_filter_yP,975,L32->L24,,False,0.0,51
GCN_filter_yP,976,L32->L31,,False,0.0,51
GCN_filter_yP,977,L32->L02,,False,0.0,51
GCN_filter_yP,978,L32->L09,,False,0.0,51
GCN_filter_yP,979,L32->L13,,False,0.0,51
GCN_filter_yP,980,L32->L18,,False,0.0,51
GCN_filter_yP,981,L32->L22,,False,0.0,51
GCN_filter_yP,982,L32->L06,,False,0.0,51
GCN_filter_yP,983,L32->L15,,False,0.0,51
GCN_filter_yP,984,L32->L33,,False,0.0,51
GCN_filter_yP,985,L32->L34,,False,0.0,51
GCN_filter_yP,986,L32->L35,,False,0.0,51
GCN_filter_yP,987,L32->L36,,False,0.0,51
GCN_filter_yP,988,L32->L37,,False,0.0,51
GCN_filter_yP,989,L32->L01,,False,0.0,51
GCN_filter_yP,990,L32->L04,,False,0.0,51
GCN_filter_yP,991,L32->L25,,False,0.0,51
GCN_filter_yP,992,L32->L26,,False,0.0,51
GCN_filter_yP,993,L32->L20,,False,0.0,51
GCN_filter_yP,994,L32->L21,,False,0.0,51
GCN_filter_yP,995,L32->L14,,False,0.0,51
GCN_filter_yP,996,L32->L03,,False,0.0,51
GCN_filter_yP,997,L32->L28,,False,0.0,51
GCN_filter_yP,998,L32->L11,,False,0.0,51
GCN_filter_yP,999,L32->L38,,False,0.0,51
GCN_filter_yP,1000,L33->L07,,False,0.0,51
GCN_filter_yP,1001,L33->L27,,False,0.0,51
GCN_filter_yP,1002,L33->L05,,False,0.0,51
GCN_filter_yP,1003,L33->L10,,False,0.0,51
GCN_filter_yP,1004,L33->L17,,False,0.0,51
GCN_filter_yP,1005,L33->L19,,False,0.0,51
GCN_filter_yP,1006,L33->L29,,False,0.0,51
GCN_filter_yP,1007,L33->L30,,False,0.0,51
GCN_filter_yP,1008,L33->L08,,False,0.0,51
GCN_filter_yP,1009,L33->L23,,False,0.0,51
GCN_filter_yP,1010,L33->L12,,False,0.0,51
GCN_filter_yP,1011,L33->L16,,False,0.0,51
GCN_filter_yP,1012,L33->L24,,False,0.0,51
GCN_filter_yP,1013,L33->L31,,False,0.0,51
GCN_filter_yP,1014,L33->L02,,False,0.0,51
GCN_filter_yP,1015,L33->L09,,False,0.0,51
GCN_filter_yP,1016,L33->L13,,False,0.0,51
GCN_filter_yP,1017,L33->L18,,False,0.0,51
GCN_filter_yP,1018,L33->L22,,False,0.0,51
GCN_filter_yP,1019,L33->L06,,False,0.0,51
GCN_filter_yP,1020,L33->L15,,False,0.0,51
GCN_filter_yP,1021,L33->L32,,False,0.0,51
GCN_filter_yP,1022,L33->L34,,False,0.0,51
GCN_filter_yP,1023,L33->L35,,False,0.0,51
GCN_filter_yP,1024,L33->L36,,False,0.0,51
GCN_filter_yP,1025,L33->L37,,False,0.0,51
GCN_filter_yP,1026,L33->L01,,False,0.0,51
GCN_filter_yP,1027,L33->L04,,False,0.0,51
GCN_filter_yP,1028,L33->L25,,False,0.0,51
GCN_filter_yP,1029,L33->L26,,False,0.0,51
GCN_filter_yP,1030,L33->L20,,False,0.0,51
GCN_filter_yP,1031,L33->L21,,False,0.0,51
GCN_filter_yP,1032,L33->L14,,False,0.0,51
GCN_filter_yP,1033,L33->L03,,False,0.0,51
GCN_filter_yP,1034,L33->L28,,False,0.0,51
GCN_filter_yP,1035,L33->L11,,False,0.0,51
GCN_filter_yP,1036,L33->L38,,False,0.0,51
GCN_filter_yP,1037,L19->L11,,False,0.0,51
GCN_filter_yP,1038,L19->L23,L19->L23,True,193.9878918650109,52
GCN_filter_yP,1039,L19->L10,,False,0.0,52
GCN_filter_yP,1040,L19->L05,,False,0.0,52
GCN_filter_yP,1041,L19->L18,,False,0.0,52
GCN_filter_yP,1042,L19->L07,,False,0.0,52
GCN_filter_yP,1043,L19->L16,,False,0.0,52
GCN_filter_yP,1044,L19->L17,,False,0.0,52
GCN_filter_yP,1045,L19->L20,,False,0.0,52
GCN_filter_yP,1046,L19->L08,,False,0.0,52
GCN_filter_yP,1047,L19->L15,,False,0.0,52
GCN_filter_yP,1048,L19->L09,,False,0.0,52
GCN_filter_yP,1049,L19->L14,,False,0.0,52
GCN_filter_yP,1050,L19->L36,,False,0.0,52
GCN_filter_yP,1051,L19->L37,,False,0.0,52
GCN_filter_yP,1052,L19->L24,,False,0.0,52
GCN_filter_yP,1053,L19->L34,,False,0.0,52
GCN_filter_yP,1054,L19->L35,,False,0.0,52
GCN_filter_yP,1055,L19->L02,,False,0.0,52
GCN_filter_yP,1056,L19->L06,,False,0.0,52
GCN_filter_yP,1057,L19->L21,,False,0.0,52
GCN_filter_yP,1058,L19->L30,,False,0.0,52
GCN_filter_yP,1059,L19->L31,,False,0.0,52
GCN_filter_yP,1060,L19->L32,,False,0.0,52
GCN_filter_yP,1061,L19->L33,,False,0.0,52
GCN_filter_yP,1062,L19->L38,,False,0.0,52
GCN_filter_yP,1063,L19->L29,,False,0.0,52
GCN_filter_yP,1064,L19->L12,,False,0.0,52
GCN_filter_yP,1065,L19->L01,,False,0.0,52
GCN_filter_yP,1066,L19->L13,,False,0.0,52
GCN_filter_yP,1067,L19->L04,,False,0.0,52
GCN_filter_yP,1068,L19->L22,,False,0.0,52
GCN_filter_yP,1069,L19->L28,,False,0.0,52
GCN_filter_yP,1070,L19->L03,,False,0.0,52
GCN_filter_yP,1071,L19->L27,,False,0.0,52
GCN_filter_yP,1072,L19->L25,,False,0.0,52
GCN_filter_yP,1073,L19->L26,,False,0.0,52
GCN_filter_yP,1074,L31->L38,L31->L38,True,20.907752918885308,53
GCN_filter_yP,1075,L31->L10,,False,0.0,53
GCN_filter_yP,1076,L31->L05,,False,0.0,53
GCN_filter_yP,1077,L31->L07,,False,0.0,53
GCN_filter_yP,1078,L31->L27,,False,0.0,53
GCN_filter_yP,1079,L31->L08,,False,0.0,53
GCN_filter_yP,1080,L31->L09,,False,0.0,53
GCN_filter_yP,1081,L31->L14,,False,0.0,53
GCN_filter_yP,1082,L31->L16,,False,0.0,53
GCN_filter_yP,1083,L31->L28,,False,0.0,53
GCN_filter_yP,1084,L31->L15,,False,0.0,53
GCN_filter_yP,1085,L31->L20,,False,0.0,53
GCN_filter_yP,1086,L31->L17,,False,0.0,53
GCN_filter_yP,1087,L31->L36,,False,0.0,53
GCN_filter_yP,1088,L31->L37,,False,0.0,53
GCN_filter_yP,1089,L31->L25,,False,0.0,53
GCN_filter_yP,1090,L31->L26,,False,0.0,53
GCN_filter_yP,1091,L31->L29,,False,0.0,53
GCN_filter_yP,1092,L31->L02,,False,0.0,53
GCN_filter_yP,1093,L31->L06,,False,0.0,53
GCN_filter_yP,1094,L31->L18,,False,0.0,53
GCN_filter_yP,1095,L31->L23,,False,0.0,53
GCN_filter_yP,1096,L31->L32,,False,0.0,53
GCN_filter_yP,1097,L31->L33,,False,0.0,53
GCN_filter_yP,1098,L31->L13,,False,0.0,53
GCN_filter_yP,1099,L31->L21,,False,0.0,53
GCN_filter_yP,1100,L31->L34,,False,0.0,53
GCN_filter_yP,1101,L31->L35,,False,0.0,53
GCN_filter_yP,1102,L31->L01,,False,0.0,53
GCN_filter_yP,1103,L31->L24,,False,0.0,53
GCN_filter_yP,1104,L31->L12,,False,0.0,53
GCN_filter_yP,1105,L31->L22,,False,0.0,53
GCN_filter_yP,1106,L31->L19,,False,0.0,53
GCN_filter_yP,1107,L31->L04,,False,0.0,53
GCN_filter_yP,1108,L31->L30,,False,0.0,53
GCN_filter_yP,1109,L31->L03,,False,0.0,53
GCN_filter_yP,1110,L31->L11,,False,0.0,53
GCN_filter_yP,1111,L24->L28,L24->L28->L06->L07,True,316.82674035082636,54
GCN_filter_yP,1112,L24->L27,,False,0.0,54
GCN_filter_yP,1113,L24->L07,,False,0.0,54
GCN_filter_yP,1114,L24->L10,,False,0.0,54
GCN_filter_yP,1115,L24->L05,,False,0.0,54
GCN_filter_yP,1116,L24->L30,,False,0.0,54
GCN_filter_yP,1117,L24->L23,,False,0.0,54
GCN_filter_yP,1118,L24->L08,,False,0.0,54
GCN_filter_yP,1119,L24->L09,,False,0.0,54
GCN_filter_yP,1120,L24->L15,,False,0.0,54
GCN_filter_yP,1121,L24->L18,,False,0.0,54
GCN_filter_yP,1122,L24->L25,,False,0.0,54
GCN_filter_yP,1123,L24->L26,,False,0.0,54
GCN_filter_yP,1124,L24->L01,,False,0.0,54
GCN_filter_yP,1125,L24->L02,,False,0.0,54
GCN_filter_yP,1126,L24->L04,,False,0.0,54
GCN_filter_yP,1127,L24->L13,,False,0.0,54
GCN_filter_yP,1128,L24->L14,,False,0.0,54
GCN_filter_yP,1129,L24->L17,,False,0.0,54
GCN_filter_yP,1130,L24->L20,,False,0.0,54
GCN_filter_yP,1131,L24->L34,,False,0.0,54
GCN_filter_yP,1132,L24->L35,,False,0.0,54
GCN_filter_yP,1133,L24->L03,,False,0.0,54
GCN_filter_yP,1134,L24->L06,,False,0.0,54
GCN_filter_yP,1135,L24->L16,,False,0.0,54
GCN_filter_yP,1136,L24->L22,,False,0.0,54
GCN_filter_yP,1137,L24->L36,,False,0.0,54
GCN_filter_yP,1138,L24->L37,,False,0.0,54
GCN_filter_yP,1139,L24->L12,,False,0.0,54
GCN_filter_yP,1140,L24->L21,,False,0.0,54
GCN_filter_yP,1141,L24->L31,,False,0.0,54
GCN_filter_yP,1142,L24->L32,,False,0.0,54
GCN_filter_yP,1143,L24->L33,,False,0.0,54
GCN_filter_yP,1144,L24->L19,,False,0.0,54
GCN_filter_yP,1145,L24->L29,,False,0.0,54
GCN_filter_yP,1146,L24->L11,,False,0.0,54
GCN_filter_yP,1147,L24->L38,,False,0.0,54
GCN_filter_yP,1148,L30->L25,,False,0.0,54
GCN_filter_yP,1149,L30->L26,,False,0.0,54
GCN_filter_yP,1150,L30->L05,,False,0.0,54
GCN_filter_yP,1151,L30->L10,,False,0.0,54
GCN_filter_yP,1152,L30->L03,,False,0.0,54
GCN_filter_yP,1153,L30->L04,,False,0.0,54
GCN_filter_yP,1154,L30->L07,,False,0.0,54
GCN_filter_yP,1155,L30->L21,,False,0.0,54
GCN_filter_yP,1156,L30->L23,,False,0.0,54
GCN_filter_yP,1157,L30->L14,,False,0.0,54
GCN_filter_yP,1158,L30->L20,,False,0.0,54
GCN_filter_yP,1159,L30->L01,,False,0.0,54
GCN_filter_yP,1160,L30->L12,,False,0.0,54
GCN_filter_yP,1161,L30->L22,,False,0.0,54
GCN_filter_yP,1162,L30->L13,,False,0.0,54
GCN_filter_yP,1163,L30->L32,,False,0.0,54
GCN_filter_yP,1164,L30->L33,,False,0.0,54
GCN_filter_yP,1165,L30->L06,,False,0.0,54
GCN_filter_yP,1166,L30->L24,,False,0.0,54
GCN_filter_yP,1167,L30->L28,,False,0.0,54
GCN_filter_yP,1168,L30->L36,,False,0.0,54
GCN_filter_yP,1169,L30->L37,,False,0.0,54
GCN_filter_yP,1170,L30->L02,,False,0.0,54
GCN_filter_yP,1171,L30->L15,,False,0.0,54
GCN_filter_yP,1172,L30->L34,,False,0.0,54
GCN_filter_yP,1173,L30->L35,,False,0.0,54
GCN_filter_yP,1174,L30->L29,,False,0.0,54
GCN_filter_yP,1175,L30->L09,,False,0.0,54
GCN_filter_yP,1176,L30->L16,,False,0.0,54
GCN_filter_yP,1177,L30->L18,,False,0.0,54
GCN_filter_yP,1178,L30->L19,,False,0.0,54
GCN_filter_yP,1179,L30->L08,,False,0.0,54
GCN_filter_yP,1180,L30->L31,,False,0.0,54
GCN_filter_yP,1181,L30->L27,,False,0.0,54
GCN_filter_yP,1182,L30->L17,,False,0.0,54
GCN_filter_yP,1183,L30->L11,,False,0.0,54
GCN_filter_yP,1184,L30->L38,,False,0.0,54
GCN_filter_yP,1185,L34->L07,,False,0.0,54
GCN_filter_yP,1186,L34->L27,,False,0.0,54
GCN_filter_yP,1187,L34->L05,,False,0.0,54
GCN_filter_yP,1188,L34->L10,,False,0.0,54
GCN_filter_yP,1189,L34->L23,,False,0.0,54
GCN_filter_yP,1190,L34->L21,,False,0.0,54
GCN_filter_yP,1191,L34->L22,,False,0.0,54
GCN_filter_yP,1192,L34->L19,,False,0.0,54
GCN_filter_yP,1193,L34->L15,,False,0.0,54
GCN_filter_yP,1194,L34->L14,,False,0.0,54
GCN_filter_yP,1195,L34->L17,,False,0.0,54
GCN_filter_yP,1196,L34->L16,,False,0.0,54
GCN_filter_yP,1197,L34->L18,,False,0.0,54
GCN_filter_yP,1198,L34->L28,,False,0.0,54
GCN_filter_yP,1199,L34->L09,,False,0.0,54
GCN_filter_yP,1200,L34->L20,,False,0.0,54
GCN_filter_yP,1201,L34->L02,,False,0.0,54
GCN_filter_yP,1202,L34->L06,,False,0.0,54
GCN_filter_yP,1203,L34->L08,,False,0.0,54
GCN_filter_yP,1204,L34->L12,,False,0.0,54
GCN_filter_yP,1205,L34->L13,,False,0.0,54
GCN_filter_yP,1206,L34->L24,,False,0.0,54
GCN_filter_yP,1207,L34->L01,,False,0.0,54
GCN_filter_yP,1208,L34->L03,,False,0.0,54
GCN_filter_yP,1209,L34->L32,,False,0.0,54
GCN_filter_yP,1210,L34->L33,,False,0.0,54
GCN_filter_yP,1211,L34->L04,,False,0.0,54
GCN_filter_yP,1212,L34->L36,,False,0.0,54
GCN_filter_yP,1213,L34->L37,,False,0.0,54
GCN_filter_yP,1214,L34->L25,,False,0.0,54
GCN_filter_yP,1215,L34->L26,,False,0.0,54
GCN_filter_yP,1216,L34->L29,,False,0.0,54
GCN_filter_yP,1217,L34->L31,,False,0.0,54
GCN_filter_yP,1218,L34->L35,,False,0.0,54
GCN_filter_yP,1219,L34->L30,,False,0.0,54
GCN_filter_yP,1220,L34->L11,,False,0.0,54
GCN_filter_yP,1221,L34->L38,,False,0.0,54
GCN_filter_yP,1222,L35->L07,,False,0.0,54
GCN_filter_yP,1223,L35->L27,,False,0.0,54
GCN_filter_yP,1224,L35->L05,,False,0.0,54
GCN_filter_yP,1225,L35->L10,,False,0.0,54
GCN_filter_yP,1226,L35->L23,,False,0.0,54
GCN_filter_yP,1227,L35->L21,,False,0.0,54
GCN_filter_yP,1228,L35->L22,,False,0.0,54
GCN_filter_yP,1229,L35->L19,,False,0.0,54
GCN_filter_yP,1230,L35->L15,,False,0.0,54
GCN_filter_yP,1231,L35->L14,,False,0.0,54
GCN_filter_yP,1232,L35->L17,,False,0.0,54
GCN_filter_yP,1233,L35->L16,,False,0.0,54
GCN_filter_yP,1234,L35->L18,,False,0.0,54
GCN_filter_yP,1235,L35->L28,,False,0.0,54
GCN_filter_yP,1236,L35->L09,,False,0.0,54
GCN_filter_yP,1237,L35->L20,,False,0.0,54
GCN_filter_yP,1238,L35->L02,,False,0.0,54
GCN_filter_yP,1239,L35->L06,,False,0.0,54
GCN_filter_yP,1240,L35->L08,,False,0.0,54
GCN_filter_yP,1241,L35->L12,,False,0.0,54
GCN_filter_yP,1242,L35->L13,,False,0.0,54
GCN_filter_yP,1243,L35->L24,,False,0.0,54
GCN_filter_yP,1244,L35->L01,,False,0.0,54
GCN_filter_yP,1245,L35->L03,,False,0.0,54
GCN_filter_yP,1246,L35->L32,,False,0.0,54
GCN_filter_yP,1247,L35->L33,,False,0.0,54
GCN_filter_yP,1248,L35->L04,,False,0.0,54
GCN_filter_yP,1249,L35->L36,,False,0.0,54
GCN_filter_yP,1250,L35->L37,,False,0.0,54
GCN_filter_yP,1251,L35->L25,,False,0.0,54
GCN_filter_yP,1252,L35->L26,,False,0.0,54
GCN_filter_yP,1253,L35->L29,,False,0.0,54
GCN_filter_yP,1254,L35->L31,,False,0.0,54
GCN_filter_yP,1255,L35->L34,,False,0.0,54
GCN_filter_yP,1256,L35->L30,,False,0.0,54
GCN_filter_yP,1257,L35->L11,,False,0.0,54
GCN_filter_yP,1258,L35->L38,,False,0.0,54
GCN_filter_yP,1259,L36->L07,,False,0.0,54
GCN_filter_yP,1260,L36->L27,,False,0.0,54
GCN_filter_yP,1261,L36->L10,,False,0.0,54
GCN_filter_yP,1262,L36->L05,,False,0.0,54
GCN_filter_yP,1263,L36->L30,,False,0.0,54
GCN_filter_yP,1264,L36->L09,,False,0.0,54
GCN_filter_yP,1265,L36->L22,,False,0.0,54
GCN_filter_yP,1266,L36->L08,,False,0.0,54
GCN_filter_yP,1267,L36->L24,,False,0.0,54
GCN_filter_yP,1268,L36->L02,,False,0.0,54
GCN_filter_yP,1269,L36->L03,,False,0.0,54
GCN_filter_yP,1270,L36->L06,,False,0.0,54
GCN_filter_yP,1271,L36->L14,,False,0.0,54
GCN_filter_yP,1272,L36->L19,,False,0.0,54
GCN_filter_yP,1273,L36->L25,,False,0.0,54
GCN_filter_yP,1274,L36->L26,,False,0.0,54
GCN_filter_yP,1275,L36->L32,,False,0.0,54
GCN_filter_yP,1276,L36->L33,,False,0.0,54
GCN_filter_yP,1277,L36->L34,,False,0.0,54
GCN_filter_yP,1278,L36->L35,,False,0.0,54
GCN_filter_yP,1279,L36->L37,,False,0.0,54
GCN_filter_yP,1280,L36->L01,,False,0.0,54
GCN_filter_yP,1281,L36->L04,,False,0.0,54
GCN_filter_yP,1282,L36->L13,,False,0.0,54
GCN_filter_yP,1283,L36->L15,,False,0.0,54
GCN_filter_yP,1284,L36->L31,,False,0.0,54
GCN_filter_yP,1285,L36->L20,,False,0.0,54
GCN_filter_yP,1286,L36->L21,,False,0.0,54
GCN_filter_yP,1287,L36->L12,,False,0.0,54
GCN_filter_yP,1288,L36->L16,,False,0.0,54
GCN_filter_yP,1289,L36->L17,,False,0.0,54
GCN_filter_yP,1290,L36->L18,,False,0.0,54
GCN_filter_yP,1291,L36->L28,,False,0.0,54
GCN_filter_yP,1292,L36->L29,,False,0.0,54
GCN_filter_yP,1293,L36->L23,,False,0.0,54
GCN_filter_yP,1294,L36->L11,,False,0.0,54
GCN_filter_yP,1295,L36->L38,,False,0.0,54
GCN_filter_yP,1296,L37->L07,,False,0.0,54
GCN_filter_yP,1297,L37->L27,,False,0.0,54
GCN_filter_yP,1298,L37->L10,,False,0.0,54
GCN_filter_yP,1299,L37->L05,,False,0.0,54
GCN_filter_yP,1300,L37->L30,,False,0.0,54
GCN_filter_yP,1301,L37->L09,,False,0.0,54
GCN_filter_yP,1302,L37->L22,,False,0.0,54
GCN_filter_yP,1303,L37->L08,,False,0.0,54
GCN_filter_yP,1304,L37->L24,,False,0.0,54
GCN_filter_yP,1305,L37->L02,,False,0.0,54
GCN_filter_yP,1306,L37->L03,,False,0.0,54
GCN_filter_yP,1307,L37->L06,,False,0.0,54
GCN_filter_yP,1308,L37->L14,,False,0.0,54
GCN_filter_yP,1309,L37->L19,,False,0.0,54
GCN_filter_yP,1310,L37->L25,,False,0.0,54
GCN_filter_yP,1311,L37->L26,,False,0.0,54
GCN_filter_yP,1312,L37->L32,,False,0.0,54
GCN_filter_yP,1313,L37->L33,,False,0.0,54
GCN_filter_yP,1314,L37->L34,,False,0.0,54
GCN_filter_yP,1315,L37->L35,,False,0.0,54
GCN_filter_yP,1316,L37->L36,,False,0.0,54
GCN_filter_yP,1317,L37->L01,,False,0.0,54
GCN_filter_yP,1318,L37->L04,,False,0.0,54
GCN_filter_yP,1319,L37->L13,,False,0.0,54
GCN_filter_yP,1320,L37->L15,,False,0.0,54
GCN_filter_yP,1321,L37->L31,,False,0.0,54
GCN_filter_yP,1322,L37->L20,,False,0.0,54
GCN_filter_yP,1323,L37->L21,,False,0.0,54
GCN_filter_yP,1324,L37->L12,,False,0.0,54
GCN_filter_yP,1325,L37->L16,,False,0.0,54
GCN_filter_yP,1326,L37->L17,,False,0.0,54
GCN_filter_yP,1327,L37->L18,,False,0.0,54
GCN_filter_yP,1328,L37->L28,,False,0.0,54
GCN_filter_yP,1329,L37->L29,,False,0.0,54
GCN_filter_yP,1330,L37->L23,,False,0.0,54
GCN_filter_yP,1331,L37->L11,,False,0.0,54
GCN_filter_yP,1332,L37->L38,,False,0.0,54
GCN_filter_yP,1333,L20->L10,,False,0.0,54
GCN_filter_yP,1334,L20->L05,,False,0.0,54
GCN_filter_yP,1335,L20->L21,,False,0.0,54
GCN_filter_yP,1336,L20->L23,,False,0.0,54
GCN_filter_yP,1337,L20->L07,,False,0.0,54
GCN_filter_yP,1338,L20->L28,,False,0.0,54
GCN_filter_yP,1339,L20->L09,,False,0.0,54
GCN_filter_yP,1340,L20->L03,,False,0.0,54
GCN_filter_yP,1341,L20->L08,,False,0.0,54
GCN_filter_yP,1342,L20->L29,,False,0.0,54
GCN_filter_yP,1343,L20->L01,,False,0.0,54
GCN_filter_yP,1344,L20->L02,,False,0.0,54
GCN_filter_yP,1345,L20->L06,,False,0.0,54
GCN_filter_yP,1346,L20->L14,,False,0.0,54
GCN_filter_yP,1347,L20->L15,,False,0.0,54
GCN_filter_yP,1348,L20->L19,,False,0.0,54
GCN_filter_yP,1349,L20->L24,,False,0.0,54
GCN_filter_yP,1350,L20->L31,,False,0.0,54
GCN_filter_yP,1351,L20->L32,,False,0.0,54
GCN_filter_yP,1352,L20->L33,,False,0.0,54
GCN_filter_yP,1353,L20->L38,,False,0.0,54
GCN_filter_yP,1354,L20->L04,,False,0.0,54
GCN_filter_yP,1355,L20->L13,,False,0.0,54
GCN_filter_yP,1356,L20->L22,,False,0.0,54
GCN_filter_yP,1357,L20->L36,,False,0.0,54
GCN_filter_yP,1358,L20->L37,,False,0.0,54
GCN_filter_yP,1359,L20->L34,,False,0.0,54
GCN_filter_yP,1360,L20->L35,,False,0.0,54
GCN_filter_yP,1361,L20->L17,,False,0.0,54
GCN_filter_yP,1362,L20->L30,,False,0.0,54
GCN_filter_yP,1363,L20->L12,,False,0.0,54
GCN_filter_yP,1364,L20->L16,,False,0.0,54
GCN_filter_yP,1365,L20->L11,,False,0.0,54
GCN_filter_yP,1366,L20->L25,,False,0.0,54
GCN_filter_yP,1367,L20->L26,,False,0.0,54
GCN_filter_yP,1368,L20->L27,,False,0.0,54
GCN_filter_yP,1369,L20->L18,,False,0.0,54
GCN_filter_yP,1370,L38->L31,L38->L31,True,20.907752918885308,55
GCN_filter_yP,1371,L38->L07,,False,0.0,55
GCN_filter_yP,1372,L38->L27,,False,0.0,55
GCN_filter_yP,1373,L38->L10,,False,0.0,55
GCN_filter_yP,1374,L38->L05,,False,0.0,55
GCN_filter_yP,1375,L38->L23,,False,0.0,55
GCN_filter_yP,1376,L38->L03,,False,0.0,55
GCN_filter_yP,1377,L38->L29,,False,0.0,55
GCN_filter_yP,1378,L38->L28,,False,0.0,55
GCN_filter_yP,1379,L38->L04,,False,0.0,55
GCN_filter_yP,1380,L38->L21,,False,0.0,55
GCN_filter_yP,1381,L38->L22,,False,0.0,55
GCN_filter_yP,1382,L38->L14,,False,0.0,55
GCN_filter_yP,1383,L38->L01,,False,0.0,55
GCN_filter_yP,1384,L38->L06,,False,0.0,55
GCN_filter_yP,1385,L38->L24,,False,0.0,55
GCN_filter_yP,1386,L38->L12,,False,0.0,55
GCN_filter_yP,1387,L38->L13,,False,0.0,55
GCN_filter_yP,1388,L38->L15,,False,0.0,55
GCN_filter_yP,1389,L38->L20,,False,0.0,55
GCN_filter_yP,1390,L38->L32,,False,0.0,55
GCN_filter_yP,1391,L38->L33,,False,0.0,55
GCN_filter_yP,1392,L38->L34,,False,0.0,55
GCN_filter_yP,1393,L38->L35,,False,0.0,55
GCN_filter_yP,1394,L38->L36,,False,0.0,55
GCN_filter_yP,1395,L38->L37,,False,0.0,55
GCN_filter_yP,1396,L38->L02,,False,0.0,55
GCN_filter_yP,1397,L38->L16,,False,0.0,55
GCN_filter_yP,1398,L38->L30,,False,0.0,55
GCN_filter_yP,1399,L38->L09,,False,0.0,55
GCN_filter_yP,1400,L38->L18,,False,0.0,55
GCN_filter_yP,1401,L38->L19,,False,0.0,55
GCN_filter_yP,1402,L38->L17,,False,0.0,55
GCN_filter_yP,1403,L38->L08,,False,0.0,55
GCN_filter_yP,1404,L38->L11,,False,0.0,55
GCN_filter_yP,1405,L38->L25,,False,0.0,55
GCN_filter_yP,1406,L38->L26,,False,0.0,55
GCN_prob,1,L01->L10,,False,0.0,0
GCN_prob,2,L01->L12,,False,0.0,0
GCN_prob,3,L01->L04,,False,0.0,0
GCN_prob,4,L01->L03,,False,0.0,0
GCN_prob,5,L01->L34,,False,0.0,0
GCN_prob,6,L01->L35,,False,0.0,0
GCN_prob,7,L01->L05,,False,0.0,0
GCN_prob,8,L01->L21,,False,0.0,0
GCN_prob,9,L01->L36,,False,0.0,0
GCN_prob,10,L01->L37,,False,0.0,0
GCN_prob,11,L01->L02,,False,0.0,0
GCN_prob,12,L01->L17,,False,0.0,0
GCN_prob,13,L01->L28,,False,0.0,0
GCN_prob,14,L01->L32,,False,0.0,0
GCN_prob,15,L01->L33,,False,0.0,0
GCN_prob,16,L01->L18,,False,0.0,0
GCN_prob,17,L01->L08,,False,0.0,0
GCN_prob,18,L01->L16,,False,0.0,0
GCN_prob,19,L01->L09,,False,0.0,0
GCN_prob,20,L01->L14,,False,0.0,0
GCN_prob,21,L01->L27,,False,0.0,0
GCN_prob,22,L01->L11,,False,0.0,0
GCN_prob,23,L01->L23,,False,0.0,0
GCN_prob,24,L01->L15,,False,0.0,0
GCN_prob,25,L01->L13,,False,0.0,0
GCN_prob,26,L01->L20,,False,0.0,0
GCN_prob,27,L01->L22,,False,0.0,0
GCN_prob,28,L01->L19,,False,0.0,0
GCN_prob,29,L01->L30,,False,0.0,0
GCN_prob,30,L01->L06,,False,0.0,0
GCN_prob,31,L01->L31,,False,0.0,0
GCN_prob,32,L01->L29,,False,0.0,0
GCN_prob,33,L01->L07,,False,0.0,0
GCN_prob,34,L01->L25,,False,0.0,0
GCN_prob,35,L01->L26,,False,0.0,0
GCN_prob,36,L01->L24,,False,0.0,0
GCN_prob,37,L01->L38,,False,0.0,0
GCN_prob,38,L34->L35,,False,0.0,0
GCN_prob,39,L34->L01,,False,0.0,0
GCN_prob,40,L34->L36,,False,0.0,0
GCN_prob,41,L34->L37,,False,0.0,0
GCN_prob,42,L34->L04,,False,0.0,0
GCN_prob,43,L34->L02,,False,0.0,0
GCN_prob,44,L34->L05,,False,0.0,0
GCN_prob,45,L34->L03,,False,0.0,0
GCN_prob,46,L34->L21,,False,0.0,0
GCN_prob,47,L34->L06,,False,0.0,0
GCN_prob,48,L34->L08,,False,0.0,0
GCN_prob,49,L34->L28,,False,0.0,0
GCN_prob,50,L34->L22,,False,0.0,0
GCN_prob,51,L34->L12,,False,0.0,0
GCN_prob,52,L34->L20,,False,0.0,0
GCN_prob,53,L34->L14,,False,0.0,0
GCN_prob,54,L34->L15,,False,0.0,0
GCN_prob,55,L34->L18,,False,0.0,0
GCN_prob,56,L34->L32,,False,0.0,0
GCN_prob,57,L34->L33,,False,0.0,0
GCN_prob,58,L34->L09,,False,0.0,0
GCN_prob,59,L34->L13,,False,0.0,0
GCN_prob,60,L34->L19,,False,0.0,0
GCN_prob,61,L34->L23,,False,0.0,0
GCN_prob,62,L34->L16,,False,0.0,0
GCN_prob,63,L34->L30,,False,0.0,0
GCN_prob,64,L34->L27,,False,0.0,0
GCN_prob,65,L34->L31,,False,0.0,0
GCN_prob,66,L34->L29,,False,0.0,0
GCN_prob,67,L34->L24,,False,0.0,0
GCN_prob,68,L34->L17,,False,0.0,0
GCN_prob,69,L34->L25,,False,0.0,0
GCN_prob,70,L34->L26,,False,0.0,0
GCN_prob,71,L34->L07,,False,0.0,0
GCN_prob,72,L34->L10,,False,0.0,0
GCN_prob,73,L34->L38,,False,0.0,0
GCN_prob,74,L34->L11,,False,0.0,0
GCN_prob,75,L35->L34,,False,0.0,0
GCN_prob,76,L35->L01,,False,0.0,0
GCN_prob,77,L35->L36,,False,0.0,0
GCN_prob,78,L35->L37,,False,0.0,0
GCN_prob,79,L35->L04,,False,0.0,0
GCN_prob,80,L35->L02,,False,0.0,0
GCN_prob,81,L35->L05,,False,0.0,0
GCN_prob,82,L35->L03,,False,0.0,0
GCN_prob,83,L35->L21,,False,0.0,0
GCN_prob,84,L35->L06,,False,0.0,0
GCN_prob,85,L35->L08,,False,0.0,0
GCN_prob,86,L35->L28,,False,0.0,0
GCN_prob,87,L35->L22,,False,0.0,0
GCN_prob,88,L35->L12,,False,0.0,0
GCN_prob,89,L35->L20,,False,0.0,0
GCN_prob,90,L35->L14,,False,0.0,0
GCN_prob,91,L35->L15,,False,0.0,0
GCN_prob,92,L35->L18,,False,0.0,0
GCN_prob,93,L35->L32,,False,0.0,0
GCN_prob,94,L35->L33,,False,0.0,0
GCN_prob,95,L35->L09,,False,0.0,0
GCN_prob,96,L35->L13,,False,0.0,0
GCN_prob,97,L35->L19,,False,0.0,0
GCN_prob,98,L35->L23,,False,0.0,0
GCN_prob,99,L35->L16,,False,0.0,0
GCN_prob,100,L35->L30,,False,0.0,0
GCN_prob,101,L35->L27,,False,0.0,0
GCN_prob,102,L35->L31,,False,0.0,0
GCN_prob,103,L35->L29,,False,0.0,0
GCN_prob,104,L35->L24,,False,0.0,0
GCN_prob,105,L35->L17,,False,0.0,0
GCN_prob,106,L35->L25,,False,0.0,0
GCN_prob,107,L35->L26,,False,0.0,0
GCN_prob,108,L35->L07,,False,0.0,0
GCN_prob,109,L35->L10,,False,0.0,0
GCN_prob,110,L35->L38,,False,0.0,0
GCN_prob,111,L35->L11,,False,0.0,0
GCN_prob,112,L04->L09,L04->L09->L10->L01->L02,True,100.94153457850766,1
GCN_prob,113,L04->L01,L04->L01->L10,True,82.39944368301173,2
GCN_prob,114,L04->L10,L04->L10->L01->L09,True,82.39944368301173,3
GCN_prob,115,L04->L34,,False,0.0,3
GCN_prob,116,L04->L35,,False,0.0,3
GCN_prob,117,L04->L21,,False,0.0,3
GCN_prob,118,L04->L36,,False,0.0,3
GCN_prob,119,L04->L37,,False,0.0,3
GCN_prob,120,L04->L08,L04->L08,True,79.93761520301625,4
GCN_prob,121,L04->L28,,False,0.0,4
GCN_prob,122,L04->L32,,False,0.0,4
GCN_prob,123,L04->L33,,False,0.0,4
GCN_prob,124,L04->L18,,False,0.0,4
GCN_prob,125,L04->L27,,False,0.0,4
GCN_prob,126,L04->L14,,False,0.0,4
GCN_prob,127,L04->L17,,False,0.0,4
GCN_prob,128,L04->L02,,False,0.0,4
GCN_prob,129,L04->L16,,False,0.0,4
GCN_prob,130,L04->L20,,False,0.0,4
GCN_prob,131,L04->L22,,False,0.0,4
GCN_prob,132,L04->L23,,False,0.0,4
GCN_prob,133,L04->L30,,False,0.0,4
GCN_prob,134,L04->L15,,False,0.0,4
GCN_prob,135,L04->L03,,False,0.0,4
GCN_prob,136,L04->L19,,False,0.0,4
GCN_prob,137,L04->L12,,False,0.0,4
GCN_prob,138,L04->L05,,False,0.0,4
GCN_prob,139,L04->L29,,False,0.0,4
GCN_prob,140,L04->L07,,False,0.0,4
GCN_prob,141,L04->L31,,False,0.0,4
GCN_prob,142,L04->L06,,False,0.0,4
GCN_prob,143,L04->L24,,False,0.0,4
GCN_prob,144,L04->L25,,False,0.0,4
GCN_prob,145,L04->L26,,False,0.0,4
GCN_prob,146,L04->L11,,False,0.0,4
GCN_prob,147,L04->L13,,False,0.0,4
GCN_prob,148,L04->L38,,False,0.0,4
GCN_prob,149,L36->L34,,False,0.0,4
GCN_prob,150,L36->L35,,False,0.0,4
GCN_prob,151,L36->L01,,False,0.0,4
GCN_prob,152,L36->L37,,False,0.0,4
GCN_prob,153,L36->L04,,False,0.0,4
GCN_prob,154,L36->L02,,False,0.0,4
GCN_prob,155,L36->L21,,False,0.0,4
GCN_prob,156,L36->L05,,False,0.0,4
GCN_prob,157,L36->L03,,False,0.0,4
GCN_prob,158,L36->L06,,False,0.0,4
GCN_prob,159,L36->L08,,False,0.0,4
GCN_prob,160,L36->L28,,False,0.0,4
GCN_prob,161,L36->L22,,False,0.0,4
GCN_prob,162,L36->L12,,False,0.0,4
GCN_prob,163,L36->L14,,False,0.0,4
GCN_prob,164,L36->L15,,False,0.0,4
GCN_prob,165,L36->L18,,False,0.0,4
GCN_prob,166,L36->L32,,False,0.0,4
GCN_prob,167,L36->L33,,False,0.0,4
GCN_prob,168,L36->L20,,False,0.0,4
GCN_prob,169,L36->L09,,False,0.0,4
GCN_prob,170,L36->L13,,False,0.0,4
GCN_prob,171,L36->L19,,False,0.0,4
GCN_prob,172,L36->L23,,False,0.0,4
GCN_prob,173,L36->L16,,False,0.0,4
GCN_prob,174,L36->L30,,False,0.0,4
GCN_prob,175,L36->L27,,False,0.0,4
GCN_prob,176,L36->L31,,False,0.0,4
GCN_prob,177,L36->L29,,False,0.0,4
GCN_prob,178,L36->L17,,False,0.0,4
GCN_prob,179,L36->L24,,False,0.0,4
GCN_prob,180,L36->L25,,False,0.0,4
GCN_prob,181,L36->L26,,False,0.0,4
GCN_prob,182,L36->L07,,False,0.0,4
GCN_prob,183,L36->L10,,False,0.0,4
GCN_prob,184,L36->L38,,False,0.0,4
GCN_prob,185,L36->L11,,False,0.0,4
GCN_prob,186,L37->L34,,False,0.0,4
GCN_prob,187,L37->L35,,False,0.0,4
GCN_prob,188,L37->L01,,False,0.0,4
GCN_prob,189,L37->L36,,False,0.0,4
GCN_prob,190,L37->L04,,False,0.0,4
GCN_prob,191,L37->L02,,False,0.0,4
GCN_prob,192,L37->L21,,False,0.0,4
GCN_prob,193,L37->L05,,False,0.0,4
GCN_prob,194,L37->L03,,False,0.0,4
GCN_prob,195,L37->L06,,False,0.0,4
GCN_prob,196,L37->L08,,False,0.0,4
GCN_prob,197,L37->L28,,False,0.0,4
GCN_prob,198,L37->L22,,False,0.0,4
GCN_prob,199,L37->L12,,False,0.0,4
GCN_prob,200,L37->L14,,False,0.0,4
GCN_prob,201,L37->L15,,False,0.0,4
GCN_prob,202,L37->L18,,False,0.0,4
GCN_prob,203,L37->L32,,False,0.0,4
GCN_prob,204,L37->L33,,False,0.0,4
GCN_prob,205,L37->L20,,False,0.0,4
GCN_prob,206,L37->L09,,False,0.0,4
GCN_prob,207,L37->L13,,False,0.0,4
GCN_prob,208,L37->L19,,False,0.0,4
GCN_prob,209,L37->L23,,False,0.0,4
GCN_prob,210,L37->L16,,False,0.0,4
GCN_prob,211,L37->L30,,False,0.0,4
GCN_prob,212,L37->L27,,False,0.0,4
GCN_prob,213,L37->L31,,False,0.0,4
GCN_prob,214,L37->L29,,False,0.0,4
GCN_prob,215,L37->L17,,False,0.0,4
GCN_prob,216,L37->L24,,False,0.0,4
GCN_prob,217,L37->L25,,False,0.0,4
GCN_prob,218,L37->L26,,False,0.0,4
GCN_prob,219,L37->L07,,False,0.0,4
GCN_prob,220,L37->L10,,False,0.0,4
GCN_prob,221,L37->L38,,False,0.0,4
GCN_prob,222,L37->L11,,False,0.0,4
GCN_prob,223,L02->L01,,False,0.0,4
GCN_prob,224,L02->L34,,False,0.0,4
GCN_prob,225,L02->L35,,False,0.0,4
GCN_prob,226,L02->L36,,False,0.0,4
GCN_prob,227,L02->L37,,False,0.0,4
GCN_prob,228,L02->L04,,False,0.0,4
GCN_prob,229,L02->L03,,False,0.0,4
GCN_prob,230,L02->L05,,False,0.0,4
GCN_prob,231,L02->L21,,False,0.0,4
GCN_prob,232,L02->L06,,False,0.0,4
GCN_prob,233,L02->L28,,False,0.0,4
GCN_prob,234,L02->L08,,False,0.0,4
GCN_prob,235,L02->L20,,False,0.0,4
GCN_prob,236,L02->L22,,False,0.0,4
GCN_prob,237,L02->L12,,False,0.0,4
GCN_prob,238,L02->L14,,False,0.0,4
GCN_prob,239,L02->L15,,False,0.0,4
GCN_prob,240,L02->L18,,False,0.0,4
GCN_prob,241,L02->L32,,False,0.0,4
GCN_prob,242,L02->L33,,False,0.0,4
GCN_prob,243,L02->L09,,False,0.0,4
GCN_prob,244,L02->L13,,False,0.0,4
GCN_prob,245,L02->L19,,False,0.0,4
GCN_prob,246,L02->L23,,False,0.0,4
GCN_prob,247,L02->L27,L02->L27,True,27.98107265493719,5
GCN_prob,248,L02->L16,,False,0.0,5
GCN_prob,249,L02->L30,,False,0.0,5
GCN_prob,250,L02->L31,,False,0.0,5
GCN_prob,251,L02->L29,,False,0.0,5
GCN_prob,252,L02->L17,,False,0.0,5
GCN_prob,253,L02->L24,,False,0.0,5
GCN_prob,254,L02->L25,,False,0.0,5
GCN_prob,255,L02->L26,,False,0.0,5
GCN_prob,256,L02->L10,,False,0.0,5
GCN_prob,257,L02->L07,L02->L07,True,27.981072654937165,6
GCN_prob,258,L02->L38,,False,0.0,6
GCN_prob,259,L02->L11,,False,0.0,6
GCN_prob,260,L21->L01,,False,0.0,6
GCN_prob,261,L21->L36,,False,0.0,6
GCN_prob,262,L21->L37,,False,0.0,6
GCN_prob,263,L21->L34,,False,0.0,6
GCN_prob,264,L21->L35,,False,0.0,6
GCN_prob,265,L21->L04,,False,0.0,6
GCN_prob,266,L21->L08,,False,0.0,6
GCN_prob,267,L21->L15,,False,0.0,6
GCN_prob,268,L21->L05,,False,0.0,6
GCN_prob,269,L21->L20,,False,0.0,6
GCN_prob,270,L21->L03,,False,0.0,6
GCN_prob,271,L21->L06,,False,0.0,6
GCN_prob,272,L21->L32,,False,0.0,6
GCN_prob,273,L21->L33,,False,0.0,6
GCN_prob,274,L21->L28,,False,0.0,6
GCN_prob,275,L21->L17,,False,0.0,6
GCN_prob,276,L21->L02,,False,0.0,6
GCN_prob,277,L21->L12,,False,0.0,6
GCN_prob,278,L21->L19,,False,0.0,6
GCN_prob,279,L21->L09,,False,0.0,6
GCN_prob,280,L21->L14,,False,0.0,6
GCN_prob,281,L21->L13,,False,0.0,6
GCN_prob,282,L21->L27,,False,0.0,6
GCN_prob,283,L21->L30,,False,0.0,6
GCN_prob,284,L21->L22,L21->L22->L23->L02->L06->L07->L27,True,727.2781283848517,7
GCN_prob,285,L21->L18,,False,0.0,7
GCN_prob,286,L21->L16,,False,0.0,7
GCN_prob,287,L21->L31,,False,0.0,7
GCN_prob,288,L21->L23,,False,0.0,7
GCN_prob,289,L21->L25,,False,0.0,7
GCN_prob,290,L21->L26,,False,0.0,7
GCN_prob,291,L21->L10,,False,0.0,7
GCN_prob,292,L21->L29,,False,0.0,7
GCN_prob,293,L21->L07,,False,0.0,7
GCN_prob,294,L21->L24,,False,0.0,7
GCN_prob,295,L21->L38,,False,0.0,7
GCN_prob,296,L21->L11,,False,0.0,7
GCN_prob,297,L05->L01,,False,0.0,7
GCN_prob,298,L05->L34,,False,0.0,7
GCN_prob,299,L05->L35,,False,0.0,7
GCN_prob,300,L05->L04,,False,0.0,7
GCN_prob,301,L05->L10,L05->L10,True,158.08614799330758,8
GCN_prob,302,L05->L08,,False,0.0,8
GCN_prob,303,L05->L21,,False,0.0,8
GCN_prob,304,L05->L36,,False,0.0,8
GCN_prob,305,L05->L37,,False,0.0,8
GCN_prob,306,L05->L09,,False,0.0,8
GCN_prob,307,L05->L28,,False,0.0,8
GCN_prob,308,L05->L18,,False,0.0,8
GCN_prob,309,L05->L32,,False,0.0,8
GCN_prob,310,L05->L33,,False,0.0,8
GCN_prob,311,L05->L02,,False,0.0,8
GCN_prob,312,L05->L14,,False,0.0,8
GCN_prob,313,L05->L03,,False,0.0,8
GCN_prob,314,L05->L27,,False,0.0,8
GCN_prob,315,L05->L17,,False,0.0,8
GCN_prob,316,L05->L16,,False,0.0,8
GCN_prob,317,L05->L23,,False,0.0,8
GCN_prob,318,L05->L15,,False,0.0,8
GCN_prob,319,L05->L22,,False,0.0,8
GCN_prob,320,L05->L20,,False,0.0,8
GCN_prob,321,L05->L19,,False,0.0,8
GCN_prob,322,L05->L11,,False,0.0,8
GCN_prob,323,L05->L30,,False,0.0,8
GCN_prob,324,L05->L12,,False,0.0,8
GCN_prob,325,L05->L29,,False,0.0,8
GCN_prob,326,L05->L31,,False,0.0,8
GCN_prob,327,L05->L07,,False,0.0,8
GCN_prob,328,L05->L25,,False,0.0,8
GCN_prob,329,L05->L26,,False,0.0,8
GCN_prob,330,L05->L06,,False,0.0,8
GCN_prob,331,L05->L24,,False,0.0,8
GCN_prob,332,L05->L13,,False,0.0,8
GCN_prob,333,L05->L38,,False,0.0,8
GCN_prob,334,L03->L01,,False,0.0,8
GCN_prob,335,L03->L02,,False,0.0,8
GCN_prob,336,L03->L36,,False,0.0,8
GCN_prob,337,L03->L37,,False,0.0,8
GCN_prob,338,L03->L08,,False,0.0,8
GCN_prob,339,L03->L06,,False,0.0,8
GCN_prob,340,L03->L21,,False,0.0,8
GCN_prob,341,L03->L34,,False,0.0,8
GCN_prob,342,L03->L35,,False,0.0,8
GCN_prob,343,L03->L04,,False,0.0,8
GCN_prob,344,L03->L05,,False,0.0,8
GCN_prob,345,L03->L29,,False,0.0,8
GCN_prob,346,L03->L14,,False,0.0,8
GCN_prob,347,L03->L24,,False,0.0,8
GCN_prob,348,L03->L20,,False,0.0,8
GCN_prob,349,L03->L12,,False,0.0,8
GCN_prob,350,L03->L10,,False,0.0,8
GCN_prob,351,L03->L15,,False,0.0,8
GCN_prob,352,L03->L22,,False,0.0,8
GCN_prob,353,L03->L09,L03->L09,True,85.8406488939796,9
GCN_prob,354,L03->L19,,False,0.0,9
GCN_prob,355,L03->L16,,False,0.0,9
GCN_prob,356,L03->L30,,False,0.0,9
GCN_prob,357,L03->L32,,False,0.0,9
GCN_prob,358,L03->L33,,False,0.0,9
GCN_prob,359,L03->L13,,False,0.0,9
GCN_prob,360,L03->L31,,False,0.0,9
GCN_prob,361,L03->L18,,False,0.0,9
GCN_prob,362,L03->L17,,False,0.0,9
GCN_prob,363,L03->L28,,False,0.0,9
GCN_prob,364,L03->L23,,False,0.0,9
GCN_prob,365,L03->L38,,False,0.0,9
GCN_prob,366,L03->L07,,False,0.0,9
GCN_prob,367,L03->L27,,False,0.0,9
GCN_prob,368,L03->L25,,False,0.0,9
GCN_prob,369,L03->L26,,False,0.0,9
GCN_prob,370,L03->L11,,False,0.0,9
GCN_prob,371,L08->L09,L08->L09->L10->L01->L02->L06,True,180.8791497815239,10
GCN_prob,372,L08->L10,L08->L10->L01->L09,True,162.33705888602796,11
GCN_prob,373,L08->L34,,False,0.0,11
GCN_prob,374,L08->L35,,False,0.0,11
GCN_prob,375,L08->L21,,False,0.0,11
GCN_prob,376,L08->L36,,False,0.0,11
GCN_prob,377,L08->L37,,False,0.0,11
GCN_prob,378,L08->L32,,False,0.0,11
GCN_prob,379,L08->L33,,False,0.0,11
GCN_prob,380,L08->L01,L08->L01->L10,True,162.33705888602796,12
GCN_prob,381,L08->L18,,False,0.0,12
GCN_prob,382,L08->L28,,False,0.0,12
GCN_prob,383,L08->L02,,False,0.0,12
GCN_prob,384,L08->L27,,False,0.0,12
GCN_prob,385,L08->L17,,False,0.0,12
GCN_prob,386,L08->L16,,False,0.0,12
GCN_prob,387,L08->L12,,False,0.0,12
GCN_prob,388,L08->L29,,False,0.0,12
GCN_prob,389,L08->L06,,False,0.0,12
GCN_prob,390,L08->L07,,False,0.0,12
GCN_prob,391,L08->L20,,False,0.0,12
GCN_prob,392,L08->L30,,False,0.0,12
GCN_prob,393,L08->L14,,False,0.0,12
GCN_prob,394,L08->L22,,False,0.0,12
GCN_prob,395,L08->L15,,False,0.0,12
GCN_prob,396,L08->L04,L08->L04,True,79.93761520301625,13
GCN_prob,397,L08->L23,,False,0.0,13
GCN_prob,398,L08->L24,,False,0.0,13
GCN_prob,399,L08->L19,,False,0.0,13
GCN_prob,400,L08->L03,,False,0.0,13
GCN_prob,401,L08->L05,,False,0.0,13
GCN_prob,402,L08->L31,,False,0.0,13
GCN_prob,403,L08->L11,,False,0.0,13
GCN_prob,404,L08->L25,,False,0.0,13
GCN_prob,405,L08->L26,,False,0.0,13
GCN_prob,406,L08->L13,,False,0.0,13
GCN_prob,407,L08->L38,,False,0.0,13
GCN_prob,408,L22->L01,,False,0.0,13
GCN_prob,409,L22->L02,,False,0.0,13
GCN_prob,410,L22->L04,,False,0.0,13
GCN_prob,411,L22->L05,,False,0.0,13
GCN_prob,412,L22->L03,,False,0.0,13
GCN_prob,413,L22->L06,,False,0.0,13
GCN_prob,414,L22->L08,,False,0.0,13
GCN_prob,415,L22->L20,,False,0.0,13
GCN_prob,416,L22->L34,,False,0.0,13
GCN_prob,417,L22->L35,,False,0.0,13
GCN_prob,418,L22->L14,,False,0.0,13
GCN_prob,419,L22->L12,,False,0.0,13
GCN_prob,420,L22->L24,,False,0.0,13
GCN_prob,421,L22->L21,,False,0.0,13
GCN_prob,422,L22->L09,,False,0.0,13
GCN_prob,423,L22->L29,,False,0.0,13
GCN_prob,424,L22->L19,,False,0.0,13
GCN_prob,425,L22->L36,,False,0.0,13
GCN_prob,426,L22->L37,,False,0.0,13
GCN_prob,427,L22->L15,,False,0.0,13
GCN_prob,428,L22->L13,,False,0.0,13
GCN_prob,429,L22->L30,,False,0.0,13
GCN_prob,430,L22->L16,,False,0.0,13
GCN_prob,431,L22->L18,,False,0.0,13
GCN_prob,432,L22->L32,,False,0.0,13
GCN_prob,433,L22->L33,,False,0.0,13
GCN_prob,434,L22->L31,,False,0.0,13
GCN_prob,435,L22->L28,,False,0.0,13
GCN_prob,436,L22->L17,,False,0.0,13
GCN_prob,437,L22->L38,,False,0.0,13
GCN_prob,438,L22->L10,,False,0.0,13
GCN_prob,439,L22->L23,,False,0.0,13
GCN_prob,440,L22->L07,,False,0.0,13
GCN_prob,441,L22->L27,,False,0.0,13
GCN_prob,442,L22->L25,,False,0.0,13
GCN_prob,443,L22->L26,,False,0.0,13
GCN_prob,444,L22->L11,,False,0.0,13
GCN_prob,445,L11->L01,,False,0.0,13
GCN_prob,446,L11->L34,,False,0.0,13
GCN_prob,447,L11->L35,,False,0.0,13
GCN_prob,448,L11->L04,,False,0.0,13
GCN_prob,449,L11->L02,,False,0.0,13
GCN_prob,450,L11->L36,,False,0.0,13
GCN_prob,451,L11->L37,,False,0.0,13
GCN_prob,452,L11->L21,,False,0.0,13
GCN_prob,453,L11->L05,,False,0.0,13
GCN_prob,454,L11->L03,,False,0.0,13
GCN_prob,455,L11->L10,,False,0.0,13
GCN_prob,456,L11->L13,L11->L13,True,17.888381576976077,14
GCN_prob,457,L11->L08,,False,0.0,14
GCN_prob,458,L11->L18,,False,0.0,14
GCN_prob,459,L11->L17,,False,0.0,14
GCN_prob,460,L11->L29,,False,0.0,14
GCN_prob,461,L11->L24,,False,0.0,14
GCN_prob,462,L11->L06,,False,0.0,14
GCN_prob,463,L11->L15,,False,0.0,14
GCN_prob,464,L11->L20,,False,0.0,14
GCN_prob,465,L11->L14,,False,0.0,14
GCN_prob,466,L11->L22,,False,0.0,14
GCN_prob,467,L11->L16,,False,0.0,14
GCN_prob,468,L11->L28,,False,0.0,14
GCN_prob,469,L11->L32,,False,0.0,14
GCN_prob,470,L11->L33,,False,0.0,14
GCN_prob,471,L11->L30,,False,0.0,14
GCN_prob,472,L11->L12,L11->L12,True,17.88838157697601,15
GCN_prob,473,L11->L19,,False,0.0,15
GCN_prob,474,L11->L09,,False,0.0,15
GCN_prob,475,L11->L23,,False,0.0,15
GCN_prob,476,L11->L07,,False,0.0,15
GCN_prob,477,L11->L27,,False,0.0,15
GCN_prob,478,L11->L31,,False,0.0,15
GCN_prob,479,L11->L25,,False,0.0,15
GCN_prob,480,L11->L26,,False,0.0,15
GCN_prob,481,L11->L38,,False,0.0,15
GCN_prob,482,L12->L01,,False,0.0,15
GCN_prob,483,L12->L04,,False,0.0,15
GCN_prob,484,L12->L34,,False,0.0,15
GCN_prob,485,L12->L35,,False,0.0,15
GCN_prob,486,L12->L36,,False,0.0,15
GCN_prob,487,L12->L37,,False,0.0,15
GCN_prob,488,L12->L02,,False,0.0,15
GCN_prob,489,L12->L21,,False,0.0,15
GCN_prob,490,L12->L06,,False,0.0,15
GCN_prob,491,L12->L08,,False,0.0,15
GCN_prob,492,L12->L05,,False,0.0,15
GCN_prob,493,L12->L03,,False,0.0,15
GCN_prob,494,L12->L10,,False,0.0,15
GCN_prob,495,L12->L17,,False,0.0,15
GCN_prob,496,L12->L18,,False,0.0,15
GCN_prob,497,L12->L24,,False,0.0,15
GCN_prob,498,L12->L29,,False,0.0,15
GCN_prob,499,L12->L16,,False,0.0,15
GCN_prob,500,L12->L20,,False,0.0,15
GCN_prob,501,L12->L15,,False,0.0,15
GCN_prob,502,L12->L14,,False,0.0,15
GCN_prob,503,L12->L22,,False,0.0,15
GCN_prob,504,L12->L11,L12->L11,True,17.88838157697601,16
GCN_prob,505,L12->L30,,False,0.0,16
GCN_prob,506,L12->L32,,False,0.0,16
GCN_prob,507,L12->L33,,False,0.0,16
GCN_prob,508,L12->L28,,False,0.0,16
GCN_prob,509,L12->L19,,False,0.0,16
GCN_prob,510,L12->L13,L12->L13,True,38.05337863080115,17
GCN_prob,511,L12->L23,,False,0.0,17
GCN_prob,512,L12->L09,,False,0.0,17
GCN_prob,513,L12->L07,,False,0.0,17
GCN_prob,514,L12->L27,,False,0.0,17
GCN_prob,515,L12->L31,,False,0.0,17
GCN_prob,516,L12->L25,,False,0.0,17
GCN_prob,517,L12->L26,,False,0.0,17
GCN_prob,518,L12->L38,,False,0.0,17
GCN_prob,519,L32->L01,,False,0.0,17
GCN_prob,520,L32->L34,,False,0.0,17
GCN_prob,521,L32->L35,,False,0.0,17
GCN_prob,522,L32->L36,,False,0.0,17
GCN_prob,523,L32->L37,,False,0.0,17
GCN_prob,524,L32->L04,,False,0.0,17
GCN_prob,525,L32->L02,,False,0.0,17
GCN_prob,526,L32->L05,,False,0.0,17
GCN_prob,527,L32->L21,,False,0.0,17
GCN_prob,528,L32->L03,,False,0.0,17
GCN_prob,529,L32->L08,,False,0.0,17
GCN_prob,530,L32->L06,,False,0.0,17
GCN_prob,531,L32->L28,,False,0.0,17
GCN_prob,532,L32->L20,,False,0.0,17
GCN_prob,533,L32->L22,,False,0.0,17
GCN_prob,534,L32->L12,,False,0.0,17
GCN_prob,535,L32->L14,,False,0.0,17
GCN_prob,536,L32->L15,,False,0.0,17
GCN_prob,537,L32->L18,,False,0.0,17
GCN_prob,538,L32->L09,,False,0.0,17
GCN_prob,539,L32->L33,,False,0.0,17
GCN_prob,540,L32->L13,,False,0.0,17
GCN_prob,541,L32->L19,,False,0.0,17
GCN_prob,542,L32->L30,,False,0.0,17
GCN_prob,543,L32->L27,,False,0.0,17
GCN_prob,544,L32->L23,,False,0.0,17
GCN_prob,545,L32->L16,,False,0.0,17
GCN_prob,546,L32->L31,,False,0.0,17
GCN_prob,547,L32->L29,,False,0.0,17
GCN_prob,548,L32->L24,,False,0.0,17
GCN_prob,549,L32->L25,,False,0.0,17
GCN_prob,550,L32->L26,,False,0.0,17
GCN_prob,551,L32->L17,,False,0.0,17
GCN_prob,552,L32->L07,,False,0.0,17
GCN_prob,553,L32->L10,,False,0.0,17
GCN_prob,554,L32->L38,,False,0.0,17
GCN_prob,555,L32->L11,,False,0.0,17
GCN_prob,556,L33->L01,,False,0.0,17
GCN_prob,557,L33->L34,,False,0.0,17
GCN_prob,558,L33->L35,,False,0.0,17
GCN_prob,559,L33->L36,,False,0.0,17
GCN_prob,560,L33->L37,,False,0.0,17
GCN_prob,561,L33->L04,,False,0.0,17
GCN_prob,562,L33->L02,,False,0.0,17
GCN_prob,563,L33->L05,,False,0.0,17
GCN_prob,564,L33->L21,,False,0.0,17
GCN_prob,565,L33->L03,,False,0.0,17
GCN_prob,566,L33->L08,,False,0.0,17
GCN_prob,567,L33->L06,,False,0.0,17
GCN_prob,568,L33->L28,,False,0.0,17
GCN_prob,569,L33->L20,,False,0.0,17
GCN_prob,570,L33->L22,,False,0.0,17
GCN_prob,571,L33->L12,,False,0.0,17
GCN_prob,572,L33->L14,,False,0.0,17
GCN_prob,573,L33->L15,,False,0.0,17
GCN_prob,574,L33->L18,,False,0.0,17
GCN_prob,575,L33->L09,,False,0.0,17
GCN_prob,576,L33->L32,,False,0.0,17
GCN_prob,577,L33->L13,,False,0.0,17
GCN_prob,578,L33->L19,,False,0.0,17
GCN_prob,579,L33->L30,,False,0.0,17
GCN_prob,580,L33->L27,,False,0.0,17
GCN_prob,581,L33->L23,,False,0.0,17
GCN_prob,582,L33->L16,,False,0.0,17
GCN_prob,583,L33->L31,,False,0.0,17
GCN_prob,584,L33->L29,,False,0.0,17
GCN_prob,585,L33->L24,,False,0.0,17
GCN_prob,586,L33->L25,,False,0.0,17
GCN_prob,587,L33->L26,,False,0.0,17
GCN_prob,588,L33->L17,,False,0.0,17
GCN_prob,589,L33->L07,,False,0.0,17
GCN_prob,590,L33->L10,,False,0.0,17
GCN_prob,591,L33->L38,,False,0.0,17
GCN_prob,592,L33->L11,,False,0.0,17
GCN_prob,593,L18->L01,,False,0.0,17
GCN_prob,594,L18->L36,,False,0.0,17
GCN_prob,595,L18->L37,,False,0.0,17
GCN_prob,596,L18->L35,,False,0.0,17
GCN_prob,597,L18->L34,,False,0.0,17
GCN_prob,598,L18->L02,,False,0.0,17
GCN_prob,599,L18->L04,,False,0.0,17
GCN_prob,600,L18->L22,,False,0.0,17
GCN_prob,601,L18->L05,,False,0.0,17
GCN_prob,602,L18->L03,,False,0.0,17
GCN_prob,603,L18->L06,,False,0.0,17
GCN_prob,604,L18->L21,,False,0.0,17
GCN_prob,605,L18->L14,,False,0.0,17
GCN_prob,606,L18->L08,,False,0.0,17
GCN_prob,607,L18->L28,,False,0.0,17
GCN_prob,608,L18->L16,,False,0.0,17
GCN_prob,609,L18->L32,,False,0.0,17
GCN_prob,610,L18->L33,,False,0.0,17
GCN_prob,611,L18->L12,,False,0.0,17
GCN_prob,612,L18->L09,,False,0.0,17
GCN_prob,613,L18->L19,,False,0.0,17
GCN_prob,614,L18->L13,,False,0.0,17
GCN_prob,615,L18->L15,,False,0.0,17
GCN_prob,616,L18->L30,,False,0.0,17
GCN_prob,617,L18->L23,,False,0.0,17
GCN_prob,618,L18->L27,,False,0.0,17
GCN_prob,619,L18->L31,,False,0.0,17
GCN_prob,620,L18->L29,,False,0.0,17
GCN_prob,621,L18->L24,,False,0.0,17
GCN_prob,622,L18->L10,,False,0.0,17
GCN_prob,623,L18->L07,,False,0.0,17
GCN_prob,624,L18->L25,,False,0.0,17
GCN_prob,625,L18->L26,,False,0.0,17
GCN_prob,626,L18->L20,,False,0.0,17
GCN_prob,627,L18->L17,,False,0.0,17
GCN_prob,628,L18->L38,,False,0.0,17
GCN_prob,629,L18->L11,,False,0.0,17
GCN_prob,630,L28->L38,,False,0.0,17
GCN_prob,631,L28->L01,,False,0.0,17
GCN_prob,632,L28->L34,,False,0.0,17
GCN_prob,633,L28->L35,,False,0.0,17
GCN_prob,634,L28->L02,,False,0.0,17
GCN_prob,635,L28->L23,,False,0.0,17
GCN_prob,636,L28->L04,,False,0.0,17
GCN_prob,637,L28->L36,,False,0.0,17
GCN_prob,638,L28->L37,,False,0.0,17
GCN_prob,639,L28->L30,,False,0.0,17
GCN_prob,640,L28->L31,,False,0.0,17
GCN_prob,641,L28->L03,,False,0.0,17
GCN_prob,642,L28->L05,,False,0.0,17
GCN_prob,643,L28->L06,,False,0.0,17
GCN_prob,644,L28->L22,,False,0.0,17
GCN_prob,645,L28->L08,,False,0.0,17
GCN_prob,646,L28->L21,,False,0.0,17
GCN_prob,647,L28->L20,,False,0.0,17
GCN_prob,648,L28->L12,,False,0.0,17
GCN_prob,649,L28->L15,,False,0.0,17
GCN_prob,650,L28->L14,,False,0.0,17
GCN_prob,651,L28->L18,,False,0.0,17
GCN_prob,652,L28->L09,,False,0.0,17
GCN_prob,653,L28->L13,,False,0.0,17
GCN_prob,654,L28->L24,L28->L24->L06->L07,True,316.82674035082636,18
GCN_prob,655,L28->L19,,False,0.0,18
GCN_prob,656,L28->L29,,False,0.0,18
GCN_prob,657,L28->L27,,False,0.0,18
GCN_prob,658,L28->L16,,False,0.0,18
GCN_prob,659,L28->L07,,False,0.0,18
GCN_prob,660,L28->L32,,False,0.0,18
GCN_prob,661,L28->L33,,False,0.0,18
GCN_prob,662,L28->L25,L28->L25->L26,True,465.9176206657203,19
GCN_prob,663,L28->L26,L28->L26->L25,True,465.9176206657203,20
GCN_prob,664,L28->L17,,False,0.0,20
GCN_prob,665,L28->L10,,False,0.0,20
GCN_prob,666,L28->L11,,False,0.0,20
GCN_prob,667,L06->L34,,False,0.0,20
GCN_prob,668,L06->L35,,False,0.0,20
GCN_prob,669,L06->L01,,False,0.0,20
GCN_prob,670,L06->L04,,False,0.0,20
GCN_prob,671,L06->L36,,False,0.0,20
GCN_prob,672,L06->L37,,False,0.0,20
GCN_prob,673,L06->L03,,False,0.0,20
GCN_prob,674,L06->L22,,False,0.0,20
GCN_prob,675,L06->L21,,False,0.0,20
GCN_prob,676,L06->L05,,False,0.0,20
GCN_prob,677,L06->L02,,False,0.0,20
GCN_prob,678,L06->L28,,False,0.0,20
GCN_prob,679,L06->L32,,False,0.0,20
GCN_prob,680,L06->L33,,False,0.0,20
GCN_prob,681,L06->L18,,False,0.0,20
GCN_prob,682,L06->L08,,False,0.0,20
GCN_prob,683,L06->L14,,False,0.0,20
GCN_prob,684,L06->L15,,False,0.0,20
GCN_prob,685,L06->L09,,False,0.0,20
GCN_prob,686,L06->L16,,False,0.0,20
GCN_prob,687,L06->L27,L06->L27,True,27.981072654937165,21
GCN_prob,688,L06->L12,,False,0.0,21
GCN_prob,689,L06->L17,,False,0.0,21
GCN_prob,690,L06->L20,,False,0.0,21
GCN_prob,691,L06->L23,,False,0.0,21
GCN_prob,692,L06->L30,,False,0.0,21
GCN_prob,693,L06->L19,,False,0.0,21
GCN_prob,694,L06->L31,,False,0.0,21
GCN_prob,695,L06->L29,,False,0.0,21
GCN_prob,696,L06->L25,,False,0.0,21
GCN_prob,697,L06->L26,,False,0.0,21
GCN_prob,698,L06->L13,,False,0.0,21
GCN_prob,699,L06->L24,,False,0.0,21
GCN_prob,700,L06->L10,,False,0.0,21
GCN_prob,701,L06->L07,L06->L07,True,27.981072654937165,22
GCN_prob,702,L06->L38,,False,0.0,22
GCN_prob,703,L06->L11,,False,0.0,22
GCN_prob,704,L15->L01,,False,0.0,22
GCN_prob,705,L15->L02,,False,0.0,22
GCN_prob,706,L15->L08,,False,0.0,22
GCN_prob,707,L15->L03,,False,0.0,22
GCN_prob,708,L15->L04,,False,0.0,22
GCN_prob,709,L15->L05,,False,0.0,22
GCN_prob,710,L15->L21,,False,0.0,22
GCN_prob,711,L15->L36,,False,0.0,22
GCN_prob,712,L15->L37,,False,0.0,22
GCN_prob,713,L15->L06,,False,0.0,22
GCN_prob,714,L15->L24,,False,0.0,22
GCN_prob,715,L15->L30,,False,0.0,22
GCN_prob,716,L15->L12,,False,0.0,22
GCN_prob,717,L15->L34,,False,0.0,22
GCN_prob,718,L15->L35,,False,0.0,22
GCN_prob,719,L15->L29,,False,0.0,22
GCN_prob,720,L15->L20,,False,0.0,22
GCN_prob,721,L15->L16,,False,0.0,22
GCN_prob,722,L15->L22,,False,0.0,22
GCN_prob,723,L15->L19,,False,0.0,22
GCN_prob,724,L15->L09,,False,0.0,22
GCN_prob,725,L15->L13,,False,0.0,22
GCN_prob,726,L15->L14,,False,0.0,22
GCN_prob,727,L15->L28,,False,0.0,22
GCN_prob,728,L15->L32,,False,0.0,22
GCN_prob,729,L15->L33,,False,0.0,22
GCN_prob,730,L15->L10,,False,0.0,22
GCN_prob,731,L15->L23,,False,0.0,22
GCN_prob,732,L15->L07,,False,0.0,22
GCN_prob,733,L15->L18,,False,0.0,22
GCN_prob,734,L15->L17,,False,0.0,22
GCN_prob,735,L15->L27,,False,0.0,22
GCN_prob,736,L15->L31,,False,0.0,22
GCN_prob,737,L15->L25,,False,0.0,22
GCN_prob,738,L15->L26,,False,0.0,22
GCN_prob,739,L15->L38,,False,0.0,22
GCN_prob,740,L15->L11,,False,0.0,22
GCN_prob,741,L10->L08,L10->L08->L01->L09,True,162.33705888602796,23
GCN_prob,742,L10->L05,L10->L05,True,158.08614799330758,24
GCN_prob,743,L10->L09,L10->L09->L08->L01->L02->L06,True,180.8791497815239,25
GCN_prob,744,L10->L11,,False,0.0,25
GCN_prob,745,L10->L34,,False,0.0,25
GCN_prob,746,L10->L35,,False,0.0,25
GCN_prob,747,L10->L21,,False,0.0,25
GCN_prob,748,L10->L36,,False,0.0,25
GCN_prob,749,L10->L37,,False,0.0,25
GCN_prob,750,L10->L14,,False,0.0,25
GCN_prob,751,L10->L28,,False,0.0,25
GCN_prob,752,L10->L18,,False,0.0,25
GCN_prob,753,L10->L27,L10->L27->L06->L09->L01->L04->L08,True,383.860222436461,26
GCN_prob,754,L10->L32,,False,0.0,26
GCN_prob,755,L10->L33,,False,0.0,26
GCN_prob,756,L10->L16,,False,0.0,26
GCN_prob,757,L10->L02,L10->L02->L09->L04->L08,True,180.87914978152395,27
GCN_prob,758,L10->L01,L10->L01->L04->L08,True,162.337058886028,28
GCN_prob,759,L10->L15,,False,0.0,28
GCN_prob,760,L10->L17,,False,0.0,28
GCN_prob,761,L10->L23,,False,0.0,28
GCN_prob,762,L10->L22,,False,0.0,28
GCN_prob,763,L10->L30,,False,0.0,28
GCN_prob,764,L10->L20,,False,0.0,28
GCN_prob,765,L10->L07,L10->L07->L06->L09->L01->L04->L08,True,383.860222436461,29
GCN_prob,766,L10->L19,,False,0.0,29
GCN_prob,767,L10->L29,,False,0.0,29
GCN_prob,768,L10->L25,,False,0.0,29
GCN_prob,769,L10->L26,,False,0.0,29
GCN_prob,770,L10->L31,,False,0.0,29
GCN_prob,771,L10->L13,,False,0.0,29
GCN_prob,772,L10->L12,,False,0.0,29
GCN_prob,773,L10->L24,,False,0.0,29
GCN_prob,774,L10->L03,,False,0.0,29
GCN_prob,775,L10->L38,,False,0.0,29
GCN_prob,776,L10->L04,L10->L04->L01->L09,True,82.39944368301173,30
GCN_prob,777,L10->L06,,False,0.0,30
GCN_prob,778,L17->L01,,False,0.0,30
GCN_prob,779,L17->L04,,False,0.0,30
GCN_prob,780,L17->L21,,False,0.0,30
GCN_prob,781,L17->L36,,False,0.0,30
GCN_prob,782,L17->L37,,False,0.0,30
GCN_prob,783,L17->L02,,False,0.0,30
GCN_prob,784,L17->L05,,False,0.0,30
GCN_prob,785,L17->L08,,False,0.0,30
GCN_prob,786,L17->L30,,False,0.0,30
GCN_prob,787,L17->L24,,False,0.0,30
GCN_prob,788,L17->L03,,False,0.0,30
GCN_prob,789,L17->L34,,False,0.0,30
GCN_prob,790,L17->L35,,False,0.0,30
GCN_prob,791,L17->L09,,False,0.0,30
GCN_prob,792,L17->L12,,False,0.0,30
GCN_prob,793,L17->L29,,False,0.0,30
GCN_prob,794,L17->L06,,False,0.0,30
GCN_prob,795,L17->L20,,False,0.0,30
GCN_prob,796,L17->L22,,False,0.0,30
GCN_prob,797,L17->L14,,False,0.0,30
GCN_prob,798,L17->L28,,False,0.0,30
GCN_prob,799,L17->L13,,False,0.0,30
GCN_prob,800,L17->L19,,False,0.0,30
GCN_prob,801,L17->L32,,False,0.0,30
GCN_prob,802,L17->L33,,False,0.0,30
GCN_prob,803,L17->L10,,False,0.0,30
GCN_prob,804,L17->L23,,False,0.0,30
GCN_prob,805,L17->L07,,False,0.0,30
GCN_prob,806,L17->L15,,False,0.0,30
GCN_prob,807,L17->L27,,False,0.0,30
GCN_prob,808,L17->L18,,False,0.0,30
GCN_prob,809,L17->L31,,False,0.0,30
GCN_prob,810,L17->L25,,False,0.0,30
GCN_prob,811,L17->L26,,False,0.0,30
GCN_prob,812,L17->L11,,False,0.0,30
GCN_prob,813,L17->L16,L17->L16,True,4.621657307708116,31
GCN_prob,814,L17->L38,,False,0.0,31
GCN_prob,815,L14->L01,,False,0.0,31
GCN_prob,816,L14->L02,,False,0.0,31
GCN_prob,817,L14->L04,,False,0.0,31
GCN_prob,818,L14->L03,,False,0.0,31
GCN_prob,819,L14->L08,,False,0.0,31
GCN_prob,820,L14->L05,,False,0.0,31
GCN_prob,821,L14->L36,,False,0.0,31
GCN_prob,822,L14->L37,,False,0.0,31
GCN_prob,823,L14->L34,,False,0.0,31
GCN_prob,824,L14->L35,,False,0.0,31
GCN_prob,825,L14->L21,,False,0.0,31
GCN_prob,826,L14->L06,,False,0.0,31
GCN_prob,827,L14->L20,,False,0.0,31
GCN_prob,828,L14->L29,,False,0.0,31
GCN_prob,829,L14->L24,,False,0.0,31
GCN_prob,830,L14->L18,,False,0.0,31
GCN_prob,831,L14->L12,,False,0.0,31
GCN_prob,832,L14->L19,,False,0.0,31
GCN_prob,833,L14->L17,,False,0.0,31
GCN_prob,834,L14->L22,,False,0.0,31
GCN_prob,835,L14->L13,,False,0.0,31
GCN_prob,836,L14->L30,,False,0.0,31
GCN_prob,837,L14->L10,,False,0.0,31
GCN_prob,838,L14->L15,,False,0.0,31
GCN_prob,839,L14->L32,,False,0.0,31
GCN_prob,840,L14->L33,,False,0.0,31
GCN_prob,841,L14->L23,,False,0.0,31
GCN_prob,842,L14->L16,,False,0.0,31
GCN_prob,843,L14->L31,,False,0.0,31
GCN_prob,844,L14->L09,,False,0.0,31
GCN_prob,845,L14->L28,,False,0.0,31
GCN_prob,846,L14->L11,,False,0.0,31
GCN_prob,847,L14->L38,,False,0.0,31
GCN_prob,848,L14->L07,,False,0.0,31
GCN_prob,849,L14->L27,,False,0.0,31
GCN_prob,850,L14->L25,,False,0.0,31
GCN_prob,851,L14->L26,,False,0.0,31
GCN_prob,852,L16->L01,,False,0.0,31
GCN_prob,853,L16->L04,,False,0.0,31
GCN_prob,854,L16->L36,,False,0.0,31
GCN_prob,855,L16->L37,,False,0.0,31
GCN_prob,856,L16->L02,,False,0.0,31
GCN_prob,857,L16->L34,,False,0.0,31
GCN_prob,858,L16->L35,,False,0.0,31
GCN_prob,859,L16->L05,,False,0.0,31
GCN_prob,860,L16->L21,,False,0.0,31
GCN_prob,861,L16->L20,,False,0.0,31
GCN_prob,862,L16->L03,,False,0.0,31
GCN_prob,863,L16->L29,,False,0.0,31
GCN_prob,864,L16->L08,,False,0.0,31
GCN_prob,865,L16->L24,,False,0.0,31
GCN_prob,866,L16->L30,,False,0.0,31
GCN_prob,867,L16->L19,,False,0.0,31
GCN_prob,868,L16->L18,,False,0.0,31
GCN_prob,869,L16->L06,,False,0.0,31
GCN_prob,870,L16->L09,,False,0.0,31
GCN_prob,871,L16->L12,,False,0.0,31
GCN_prob,872,L16->L22,,False,0.0,31
GCN_prob,873,L16->L23,,False,0.0,31
GCN_prob,874,L16->L15,,False,0.0,31
GCN_prob,875,L16->L13,,False,0.0,31
GCN_prob,876,L16->L28,,False,0.0,31
GCN_prob,877,L16->L14,,False,0.0,31
GCN_prob,878,L16->L10,,False,0.0,31
GCN_prob,879,L16->L32,,False,0.0,31
GCN_prob,880,L16->L33,,False,0.0,31
GCN_prob,881,L16->L31,,False,0.0,31
GCN_prob,882,L16->L07,,False,0.0,31
GCN_prob,883,L16->L27,,False,0.0,31
GCN_prob,884,L16->L25,,False,0.0,31
GCN_prob,885,L16->L26,,False,0.0,31
GCN_prob,886,L16->L17,L16->L17,True,4.621657307708116,32
GCN_prob,887,L16->L11,,False,0.0,32
GCN_prob,888,L16->L38,,False,0.0,32
GCN_prob,889,L13->L34,,False,0.0,32
GCN_prob,890,L13->L35,,False,0.0,32
GCN_prob,891,L13->L01,,False,0.0,32
GCN_prob,892,L13->L36,,False,0.0,32
GCN_prob,893,L13->L37,,False,0.0,32
GCN_prob,894,L13->L02,,False,0.0,32
GCN_prob,895,L13->L04,,False,0.0,32
GCN_prob,896,L13->L05,,False,0.0,32
GCN_prob,897,L13->L03,,False,0.0,32
GCN_prob,898,L13->L21,,False,0.0,32
GCN_prob,899,L13->L08,,False,0.0,32
GCN_prob,900,L13->L06,,False,0.0,32
GCN_prob,901,L13->L28,,False,0.0,32
GCN_prob,902,L13->L22,,False,0.0,32
GCN_prob,903,L13->L20,,False,0.0,32
GCN_prob,904,L13->L14,,False,0.0,32
GCN_prob,905,L13->L15,,False,0.0,32
GCN_prob,906,L13->L18,,False,0.0,32
GCN_prob,907,L13->L32,,False,0.0,32
GCN_prob,908,L13->L33,,False,0.0,32
GCN_prob,909,L13->L12,L13->L12,True,38.05337863080115,33
GCN_prob,910,L13->L09,,False,0.0,33
GCN_prob,911,L13->L19,,False,0.0,33
GCN_prob,912,L13->L23,,False,0.0,33
GCN_prob,913,L13->L30,,False,0.0,33
GCN_prob,914,L13->L16,,False,0.0,33
GCN_prob,915,L13->L27,,False,0.0,33
GCN_prob,916,L13->L31,,False,0.0,33
GCN_prob,917,L13->L29,,False,0.0,33
GCN_prob,918,L13->L24,,False,0.0,33
GCN_prob,919,L13->L17,,False,0.0,33
GCN_prob,920,L13->L25,,False,0.0,33
GCN_prob,921,L13->L26,,False,0.0,33
GCN_prob,922,L13->L07,,False,0.0,33
GCN_prob,923,L13->L10,,False,0.0,33
GCN_prob,924,L13->L38,,False,0.0,33
GCN_prob,925,L13->L11,L13->L11,True,17.888381576976077,34
GCN_prob,926,L20->L01,,False,0.0,34
GCN_prob,927,L20->L02,,False,0.0,34
GCN_prob,928,L20->L04,,False,0.0,34
GCN_prob,929,L20->L05,,False,0.0,34
GCN_prob,930,L20->L03,,False,0.0,34
GCN_prob,931,L20->L34,,False,0.0,34
GCN_prob,932,L20->L35,,False,0.0,34
GCN_prob,933,L20->L36,,False,0.0,34
GCN_prob,934,L20->L37,,False,0.0,34
GCN_prob,935,L20->L06,,False,0.0,34
GCN_prob,936,L20->L08,,False,0.0,34
GCN_prob,937,L20->L29,,False,0.0,34
GCN_prob,938,L20->L15,,False,0.0,34
GCN_prob,939,L20->L24,,False,0.0,34
GCN_prob,940,L20->L22,,False,0.0,34
GCN_prob,941,L20->L12,,False,0.0,34
GCN_prob,942,L20->L09,,False,0.0,34
GCN_prob,943,L20->L21,,False,0.0,34
GCN_prob,944,L20->L14,,False,0.0,34
GCN_prob,945,L20->L13,,False,0.0,34
GCN_prob,946,L20->L19,,False,0.0,34
GCN_prob,947,L20->L17,,False,0.0,34
GCN_prob,948,L20->L30,,False,0.0,34
GCN_prob,949,L20->L32,,False,0.0,34
GCN_prob,950,L20->L33,,False,0.0,34
GCN_prob,951,L20->L31,,False,0.0,34
GCN_prob,952,L20->L28,,False,0.0,34
GCN_prob,953,L20->L23,,False,0.0,34
GCN_prob,954,L20->L38,,False,0.0,34
GCN_prob,955,L20->L16,,False,0.0,34
GCN_prob,956,L20->L10,,False,0.0,34
GCN_prob,957,L20->L07,,False,0.0,34
GCN_prob,958,L20->L27,,False,0.0,34
GCN_prob,959,L20->L25,,False,0.0,34
GCN_prob,960,L20->L26,,False,0.0,34
GCN_prob,961,L20->L18,,False,0.0,34
GCN_prob,962,L20->L11,,False,0.0,34
GCN_prob,963,L19->L01,,False,0.0,34
GCN_prob,964,L19->L02,,False,0.0,34
GCN_prob,965,L19->L04,,False,0.0,34
GCN_prob,966,L19->L34,,False,0.0,34
GCN_prob,967,L19->L35,,False,0.0,34
GCN_prob,968,L19->L36,,False,0.0,34
GCN_prob,969,L19->L37,,False,0.0,34
GCN_prob,970,L19->L05,,False,0.0,34
GCN_prob,971,L19->L03,,False,0.0,34
GCN_prob,972,L19->L21,,False,0.0,34
GCN_prob,973,L19->L29,,False,0.0,34
GCN_prob,974,L19->L06,,False,0.0,34
GCN_prob,975,L19->L08,,False,0.0,34
GCN_prob,976,L19->L12,,False,0.0,34
GCN_prob,977,L19->L14,,False,0.0,34
GCN_prob,978,L19->L24,,False,0.0,34
GCN_prob,979,L19->L15,,False,0.0,34
GCN_prob,980,L19->L22,,False,0.0,34
GCN_prob,981,L19->L20,,False,0.0,34
GCN_prob,982,L19->L09,,False,0.0,34
GCN_prob,983,L19->L13,,False,0.0,34
GCN_prob,984,L19->L16,,False,0.0,34
GCN_prob,985,L19->L30,,False,0.0,34
GCN_prob,986,L19->L33,,False,0.0,34
GCN_prob,987,L19->L32,,False,0.0,34
GCN_prob,988,L19->L28,,False,0.0,34
GCN_prob,989,L19->L31,,False,0.0,34
GCN_prob,990,L19->L10,,False,0.0,34
GCN_prob,991,L19->L23,L19->L23,True,193.9878918650109,35
GCN_prob,992,L19->L17,,False,0.0,35
GCN_prob,993,L19->L38,,False,0.0,35
GCN_prob,994,L19->L18,,False,0.0,35
GCN_prob,995,L19->L11,,False,0.0,35
GCN_prob,996,L19->L07,,False,0.0,35
GCN_prob,997,L19->L27,,False,0.0,35
GCN_prob,998,L19->L25,,False,0.0,35
GCN_prob,999,L19->L26,,False,0.0,35
GCN_prob,1000,L30->L01,,False,0.0,35
GCN_prob,1001,L30->L34,,False,0.0,35
GCN_prob,1002,L30->L35,,False,0.0,35
GCN_prob,1003,L30->L02,,False,0.0,35
GCN_prob,1004,L30->L04,,False,0.0,35
GCN_prob,1005,L30->L36,,False,0.0,35
GCN_prob,1006,L30->L37,,False,0.0,35
GCN_prob,1007,L30->L03,,False,0.0,35
GCN_prob,1008,L30->L05,,False,0.0,35
GCN_prob,1009,L30->L22,,False,0.0,35
GCN_prob,1010,L30->L06,,False,0.0,35
GCN_prob,1011,L30->L08,,False,0.0,35
GCN_prob,1012,L30->L21,,False,0.0,35
GCN_prob,1013,L30->L20,,False,0.0,35
GCN_prob,1014,L30->L12,,False,0.0,35
GCN_prob,1015,L30->L14,,False,0.0,35
GCN_prob,1016,L30->L15,,False,0.0,35
GCN_prob,1017,L30->L27,,False,0.0,35
GCN_prob,1018,L30->L32,,False,0.0,35
GCN_prob,1019,L30->L33,,False,0.0,35
GCN_prob,1020,L30->L18,,False,0.0,35
GCN_prob,1021,L30->L28,,False,0.0,35
GCN_prob,1022,L30->L09,,False,0.0,35
GCN_prob,1023,L30->L13,,False,0.0,35
GCN_prob,1024,L30->L19,,False,0.0,35
GCN_prob,1025,L30->L24,,False,0.0,35
GCN_prob,1026,L30->L23,,False,0.0,35
GCN_prob,1027,L30->L29,,False,0.0,35
GCN_prob,1028,L30->L16,,False,0.0,35
GCN_prob,1029,L30->L25,,False,0.0,35
GCN_prob,1030,L30->L26,,False,0.0,35
GCN_prob,1031,L30->L17,,False,0.0,35
GCN_prob,1032,L30->L07,,False,0.0,35
GCN_prob,1033,L30->L10,,False,0.0,35
GCN_prob,1034,L30->L31,,False,0.0,35
GCN_prob,1035,L30->L38,,False,0.0,35
GCN_prob,1036,L30->L11,,False,0.0,35
GCN_prob,1037,L29->L01,,False,0.0,35
GCN_prob,1038,L29->L04,,False,0.0,35
GCN_prob,1039,L29->L36,,False,0.0,35
GCN_prob,1040,L29->L37,,False,0.0,35
GCN_prob,1041,L29->L21,,False,0.0,35
GCN_prob,1042,L29->L34,,False,0.0,35
GCN_prob,1043,L29->L35,,False,0.0,35
GCN_prob,1044,L29->L22,,False,0.0,35
GCN_prob,1045,L29->L05,,False,0.0,35
GCN_prob,1046,L29->L03,,False,0.0,35
GCN_prob,1047,L29->L08,,False,0.0,35
GCN_prob,1048,L29->L02,,False,0.0,35
GCN_prob,1049,L29->L28,,False,0.0,35
GCN_prob,1050,L29->L06,,False,0.0,35
GCN_prob,1051,L29->L15,,False,0.0,35
GCN_prob,1052,L29->L14,,False,0.0,35
GCN_prob,1053,L29->L18,,False,0.0,35
GCN_prob,1054,L29->L20,,False,0.0,35
GCN_prob,1055,L29->L32,,False,0.0,35
GCN_prob,1056,L29->L33,,False,0.0,35
GCN_prob,1057,L29->L12,,False,0.0,35
GCN_prob,1058,L29->L09,,False,0.0,35
GCN_prob,1059,L29->L19,,False,0.0,35
GCN_prob,1060,L29->L13,,False,0.0,35
GCN_prob,1061,L29->L27,L29->L27->L23,True,368.67301237704925,36
GCN_prob,1062,L29->L17,,False,0.0,36
GCN_prob,1063,L29->L30,,False,0.0,36
GCN_prob,1064,L29->L31,,False,0.0,36
GCN_prob,1065,L29->L16,,False,0.0,36
GCN_prob,1066,L29->L25,,False,0.0,36
GCN_prob,1067,L29->L26,,False,0.0,36
GCN_prob,1068,L29->L23,L29->L23->L06->L07->L27,True,368.673012377049,37
GCN_prob,1069,L29->L24,,False,0.0,37
GCN_prob,1070,L29->L10,,False,0.0,37
GCN_prob,1071,L29->L07,L29->L07->L23,True,368.6730123770492,38
GCN_prob,1072,L29->L38,,False,0.0,38
GCN_prob,1073,L29->L11,,False,0.0,38
GCN_prob,1074,L09->L34,,False,0.0,38
GCN_prob,1075,L09->L35,,False,0.0,38
GCN_prob,1076,L09->L01,,False,0.0,38
GCN_prob,1077,L09->L04,,False,0.0,38
GCN_prob,1078,L09->L36,,False,0.0,38
GCN_prob,1079,L09->L37,,False,0.0,38
GCN_prob,1080,L09->L05,,False,0.0,38
GCN_prob,1081,L09->L02,,False,0.0,38
GCN_prob,1082,L09->L21,,False,0.0,38
GCN_prob,1083,L09->L06,,False,0.0,38
GCN_prob,1084,L09->L28,,False,0.0,38
GCN_prob,1085,L09->L08,,False,0.0,38
GCN_prob,1086,L09->L22,,False,0.0,38
GCN_prob,1087,L09->L20,,False,0.0,38
GCN_prob,1088,L09->L14,,False,0.0,38
GCN_prob,1089,L09->L15,,False,0.0,38
GCN_prob,1090,L09->L18,,False,0.0,38
GCN_prob,1091,L09->L32,,False,0.0,38
GCN_prob,1092,L09->L33,,False,0.0,38
GCN_prob,1093,L09->L12,,False,0.0,38
GCN_prob,1094,L09->L19,,False,0.0,38
GCN_prob,1095,L09->L13,,False,0.0,38
GCN_prob,1096,L09->L23,,False,0.0,38
GCN_prob,1097,L09->L30,,False,0.0,38
GCN_prob,1098,L09->L03,L09->L03,True,85.8406488939796,39
GCN_prob,1099,L09->L16,,False,0.0,39
GCN_prob,1100,L09->L27,,False,0.0,39
GCN_prob,1101,L09->L31,,False,0.0,39
GCN_prob,1102,L09->L29,,False,0.0,39
GCN_prob,1103,L09->L24,,False,0.0,39
GCN_prob,1104,L09->L25,,False,0.0,39
GCN_prob,1105,L09->L26,,False,0.0,39
GCN_prob,1106,L09->L17,,False,0.0,39
GCN_prob,1107,L09->L07,,False,0.0,39
GCN_prob,1108,L09->L38,,False,0.0,39
GCN_prob,1109,L09->L10,,False,0.0,39
GCN_prob,1110,L09->L11,,False,0.0,39
GCN_prob,1111,L23->L01,,False,0.0,39
GCN_prob,1112,L23->L34,,False,0.0,39
GCN_prob,1113,L23->L35,,False,0.0,39
GCN_prob,1114,L23->L36,,False,0.0,39
GCN_prob,1115,L23->L37,,False,0.0,39
GCN_prob,1116,L23->L04,,False,0.0,39
GCN_prob,1117,L23->L21,,False,0.0,39
GCN_prob,1118,L23->L29,,False,0.0,39
GCN_prob,1119,L23->L05,,False,0.0,39
GCN_prob,1120,L23->L08,,False,0.0,39
GCN_prob,1121,L23->L03,,False,0.0,39
GCN_prob,1122,L23->L24,,False,0.0,39
GCN_prob,1123,L23->L30,,False,0.0,39
GCN_prob,1124,L23->L06,,False,0.0,39
GCN_prob,1125,L23->L02,,False,0.0,39
GCN_prob,1126,L23->L19,L23->L19,True,193.9878918650109,40
GCN_prob,1127,L23->L22,,False,0.0,40
GCN_prob,1128,L23->L28,,False,0.0,40
GCN_prob,1129,L23->L12,,False,0.0,40
GCN_prob,1130,L23->L09,,False,0.0,40
GCN_prob,1131,L23->L15,,False,0.0,40
GCN_prob,1132,L23->L13,,False,0.0,40
GCN_prob,1133,L23->L16,,False,0.0,40
GCN_prob,1134,L23->L14,,False,0.0,40
GCN_prob,1135,L23->L20,,False,0.0,40
GCN_prob,1136,L23->L10,,False,0.0,40
GCN_prob,1137,L23->L32,,False,0.0,40
GCN_prob,1138,L23->L33,,False,0.0,40
GCN_prob,1139,L23->L17,,False,0.0,40
GCN_prob,1140,L23->L27,,False,0.0,40
GCN_prob,1141,L23->L25,,False,0.0,40
GCN_prob,1142,L23->L26,,False,0.0,40
GCN_prob,1143,L23->L31,,False,0.0,40
GCN_prob,1144,L23->L07,,False,0.0,40
GCN_prob,1145,L23->L18,,False,0.0,40
GCN_prob,1146,L23->L38,,False,0.0,40
GCN_prob,1147,L23->L11,,False,0.0,40
GCN_prob,1148,L27->L23,L27->L23->L29,True,368.67301237704925,41
GCN_prob,1149,L27->L34,,False,0.0,41
GCN_prob,1150,L27->L35,,False,0.0,41
GCN_prob,1151,L27->L01,,False,0.0,41
GCN_prob,1152,L27->L22,,False,0.0,41
GCN_prob,1153,L27->L04,,False,0.0,41
GCN_prob,1154,L27->L21,,False,0.0,41
GCN_prob,1155,L27->L07,,False,0.0,41
GCN_prob,1156,L27->L36,,False,0.0,41
GCN_prob,1157,L27->L37,,False,0.0,41
GCN_prob,1158,L27->L03,,False,0.0,41
GCN_prob,1159,L27->L28,,False,0.0,41
GCN_prob,1160,L27->L02,L27->L02,True,27.98107265493719,42
GCN_prob,1161,L27->L10,,False,0.0,42
GCN_prob,1162,L27->L05,,False,0.0,42
GCN_prob,1163,L27->L19,,False,0.0,42
GCN_prob,1164,L27->L32,,False,0.0,42
GCN_prob,1165,L27->L33,,False,0.0,42
GCN_prob,1166,L27->L16,,False,0.0,42
GCN_prob,1167,L27->L14,,False,0.0,42
GCN_prob,1168,L27->L15,,False,0.0,42
GCN_prob,1169,L27->L17,,False,0.0,42
GCN_prob,1170,L27->L18,,False,0.0,42
GCN_prob,1171,L27->L09,,False,0.0,42
GCN_prob,1172,L27->L31,,False,0.0,42
GCN_prob,1173,L27->L08,,False,0.0,42
GCN_prob,1174,L27->L06,L27->L06,True,27.981072654937165,43
GCN_prob,1175,L27->L25,,False,0.0,43
GCN_prob,1176,L27->L26,,False,0.0,43
GCN_prob,1177,L27->L30,,False,0.0,43
GCN_prob,1178,L27->L20,,False,0.0,43
GCN_prob,1179,L27->L24,,False,0.0,43
GCN_prob,1180,L27->L13,,False,0.0,43
GCN_prob,1181,L27->L12,,False,0.0,43
GCN_prob,1182,L27->L38,,False,0.0,43
GCN_prob,1183,L27->L29,L27->L29->L23,True,368.67301237704925,44
GCN_prob,1184,L27->L11,,False,0.0,44
GCN_prob,1185,L24->L34,,False,0.0,44
GCN_prob,1186,L24->L35,,False,0.0,44
GCN_prob,1187,L24->L01,,False,0.0,44
GCN_prob,1188,L24->L04,,False,0.0,44
GCN_prob,1189,L24->L36,,False,0.0,44
GCN_prob,1190,L24->L37,,False,0.0,44
GCN_prob,1191,L24->L02,,False,0.0,44
GCN_prob,1192,L24->L21,,False,0.0,44
GCN_prob,1193,L24->L05,,False,0.0,44
GCN_prob,1194,L24->L03,,False,0.0,44
GCN_prob,1195,L24->L08,,False,0.0,44
GCN_prob,1196,L24->L06,,False,0.0,44
GCN_prob,1197,L24->L20,,False,0.0,44
GCN_prob,1198,L24->L22,,False,0.0,44
GCN_prob,1199,L24->L14,,False,0.0,44
GCN_prob,1200,L24->L15,,False,0.0,44
GCN_prob,1201,L24->L18,,False,0.0,44
GCN_prob,1202,L24->L32,,False,0.0,44
GCN_prob,1203,L24->L33,,False,0.0,44
GCN_prob,1204,L24->L12,,False,0.0,44
GCN_prob,1205,L24->L09,,False,0.0,44
GCN_prob,1206,L24->L28,L24->L28->L06->L07,True,316.82674035082636,45
GCN_prob,1207,L24->L13,,False,0.0,45
GCN_prob,1208,L24->L19,,False,0.0,45
GCN_prob,1209,L24->L16,,False,0.0,45
GCN_prob,1210,L24->L31,,False,0.0,45
GCN_prob,1211,L24->L30,,False,0.0,45
GCN_prob,1212,L24->L23,,False,0.0,45
GCN_prob,1213,L24->L29,,False,0.0,45
GCN_prob,1214,L24->L17,,False,0.0,45
GCN_prob,1215,L24->L27,,False,0.0,45
GCN_prob,1216,L24->L25,,False,0.0,45
GCN_prob,1217,L24->L26,,False,0.0,45
GCN_prob,1218,L24->L10,,False,0.0,45
GCN_prob,1219,L24->L07,,False,0.0,45
GCN_prob,1220,L24->L38,,False,0.0,45
GCN_prob,1221,L24->L11,,False,0.0,45
GCN_prob,1222,L31->L38,L31->L38,True,20.907752918885308,46
GCN_prob,1223,L31->L01,,False,0.0,46
GCN_prob,1224,L31->L34,,False,0.0,46
GCN_prob,1225,L31->L35,,False,0.0,46
GCN_prob,1226,L31->L02,,False,0.0,46
GCN_prob,1227,L31->L04,,False,0.0,46
GCN_prob,1228,L31->L36,,False,0.0,46
GCN_prob,1229,L31->L37,,False,0.0,46
GCN_prob,1230,L31->L28,,False,0.0,46
GCN_prob,1231,L31->L03,,False,0.0,46
GCN_prob,1232,L31->L05,,False,0.0,46
GCN_prob,1233,L31->L06,,False,0.0,46
GCN_prob,1234,L31->L22,,False,0.0,46
GCN_prob,1235,L31->L21,,False,0.0,46
GCN_prob,1236,L31->L08,,False,0.0,46
GCN_prob,1237,L31->L20,,False,0.0,46
GCN_prob,1238,L31->L12,,False,0.0,46
GCN_prob,1239,L31->L14,,False,0.0,46
GCN_prob,1240,L31->L15,,False,0.0,46
GCN_prob,1241,L31->L27,,False,0.0,46
GCN_prob,1242,L31->L23,,False,0.0,46
GCN_prob,1243,L31->L18,,False,0.0,46
GCN_prob,1244,L31->L25,,False,0.0,46
GCN_prob,1245,L31->L26,,False,0.0,46
GCN_prob,1246,L31->L09,,False,0.0,46
GCN_prob,1247,L31->L13,,False,0.0,46
GCN_prob,1248,L31->L30,,False,0.0,46
GCN_prob,1249,L31->L19,,False,0.0,46
GCN_prob,1250,L31->L16,,False,0.0,46
GCN_prob,1251,L31->L29,,False,0.0,46
GCN_prob,1252,L31->L32,,False,0.0,46
GCN_prob,1253,L31->L33,,False,0.0,46
GCN_prob,1254,L31->L24,,False,0.0,46
GCN_prob,1255,L31->L07,,False,0.0,46
GCN_prob,1256,L31->L17,,False,0.0,46
GCN_prob,1257,L31->L10,,False,0.0,46
GCN_prob,1258,L31->L11,,False,0.0,46
GCN_prob,1259,L07->L23,L07->L23->L29,True,368.6730123770492,47
GCN_prob,1260,L07->L34,,False,0.0,47
GCN_prob,1261,L07->L35,,False,0.0,47
GCN_prob,1262,L07->L01,,False,0.0,47
GCN_prob,1263,L07->L22,,False,0.0,47
GCN_prob,1264,L07->L04,,False,0.0,47
GCN_prob,1265,L07->L21,,False,0.0,47
GCN_prob,1266,L07->L37,,False,0.0,47
GCN_prob,1267,L07->L36,,False,0.0,47
GCN_prob,1268,L07->L03,,False,0.0,47
GCN_prob,1269,L07->L28,,False,0.0,47
GCN_prob,1270,L07->L02,L07->L02,True,27.981072654937165,48
GCN_prob,1271,L07->L10,,False,0.0,48
GCN_prob,1272,L07->L27,,False,0.0,48
GCN_prob,1273,L07->L05,,False,0.0,48
GCN_prob,1274,L07->L19,,False,0.0,48
GCN_prob,1275,L07->L32,,False,0.0,48
GCN_prob,1276,L07->L33,,False,0.0,48
GCN_prob,1277,L07->L16,,False,0.0,48
GCN_prob,1278,L07->L14,,False,0.0,48
GCN_prob,1279,L07->L15,,False,0.0,48
GCN_prob,1280,L07->L17,,False,0.0,48
GCN_prob,1281,L07->L18,,False,0.0,48
GCN_prob,1282,L07->L31,,False,0.0,48
GCN_prob,1283,L07->L09,,False,0.0,48
GCN_prob,1284,L07->L08,,False,0.0,48
GCN_prob,1285,L07->L25,,False,0.0,48
GCN_prob,1286,L07->L26,,False,0.0,48
GCN_prob,1287,L07->L06,L07->L06,True,27.981072654937165,49
GCN_prob,1288,L07->L30,,False,0.0,49
GCN_prob,1289,L07->L20,,False,0.0,49
GCN_prob,1290,L07->L13,,False,0.0,49
GCN_prob,1291,L07->L12,,False,0.0,49
GCN_prob,1292,L07->L24,,False,0.0,49
GCN_prob,1293,L07->L38,,False,0.0,49
GCN_prob,1294,L07->L29,L07->L29->L23,True,368.6730123770492,50
GCN_prob,1295,L07->L11,,False,0.0,50
GCN_prob,1296,L25->L01,,False,0.0,50
GCN_prob,1297,L25->L34,,False,0.0,50
GCN_prob,1298,L25->L35,,False,0.0,50
GCN_prob,1299,L25->L28,L25->L28->L26,True,465.9176206657203,51
GCN_prob,1300,L25->L36,,False,0.0,51
GCN_prob,1301,L25->L37,,False,0.0,51
GCN_prob,1302,L25->L04,,False,0.0,51
GCN_prob,1303,L25->L02,,False,0.0,51
GCN_prob,1304,L25->L05,,False,0.0,51
GCN_prob,1305,L25->L21,,False,0.0,51
GCN_prob,1306,L25->L03,,False,0.0,51
GCN_prob,1307,L25->L06,,False,0.0,51
GCN_prob,1308,L25->L08,,False,0.0,51
GCN_prob,1309,L25->L20,,False,0.0,51
GCN_prob,1310,L25->L22,,False,0.0,51
GCN_prob,1311,L25->L12,,False,0.0,51
GCN_prob,1312,L25->L14,,False,0.0,51
GCN_prob,1313,L25->L15,,False,0.0,51
GCN_prob,1314,L25->L18,,False,0.0,51
GCN_prob,1315,L25->L09,,False,0.0,51
GCN_prob,1316,L25->L32,,False,0.0,51
GCN_prob,1317,L25->L33,,False,0.0,51
GCN_prob,1318,L25->L23,,False,0.0,51
GCN_prob,1319,L25->L13,,False,0.0,51
GCN_prob,1320,L25->L19,,False,0.0,51
GCN_prob,1321,L25->L16,,False,0.0,51
GCN_prob,1322,L25->L31,,False,0.0,51
GCN_prob,1323,L25->L27,,False,0.0,51
GCN_prob,1324,L25->L30,,False,0.0,51
GCN_prob,1325,L25->L17,,False,0.0,51
GCN_prob,1326,L25->L29,,False,0.0,51
GCN_prob,1327,L25->L07,,False,0.0,51
GCN_prob,1328,L25->L10,,False,0.0,51
GCN_prob,1329,L25->L24,,False,0.0,51
GCN_prob,1330,L25->L38,,False,0.0,51
GCN_prob,1331,L25->L26,L25->L26->L28,True,465.9176206657203,52
GCN_prob,1332,L25->L11,,False,0.0,52
GCN_prob,1333,L26->L01,,False,0.0,52
GCN_prob,1334,L26->L34,,False,0.0,52
GCN_prob,1335,L26->L35,,False,0.0,52
GCN_prob,1336,L26->L28,L26->L28->L25,True,465.9176206657203,53
GCN_prob,1337,L26->L36,,False,0.0,53
GCN_prob,1338,L26->L37,,False,0.0,53
GCN_prob,1339,L26->L04,,False,0.0,53
GCN_prob,1340,L26->L02,,False,0.0,53
GCN_prob,1341,L26->L05,,False,0.0,53
GCN_prob,1342,L26->L21,,False,0.0,53
GCN_prob,1343,L26->L03,,False,0.0,53
GCN_prob,1344,L26->L06,,False,0.0,53
GCN_prob,1345,L26->L08,,False,0.0,53
GCN_prob,1346,L26->L20,,False,0.0,53
GCN_prob,1347,L26->L22,,False,0.0,53
GCN_prob,1348,L26->L12,,False,0.0,53
GCN_prob,1349,L26->L14,,False,0.0,53
GCN_prob,1350,L26->L15,,False,0.0,53
GCN_prob,1351,L26->L18,,False,0.0,53
GCN_prob,1352,L26->L09,,False,0.0,53
GCN_prob,1353,L26->L32,,False,0.0,53
GCN_prob,1354,L26->L33,,False,0.0,53
GCN_prob,1355,L26->L23,,False,0.0,53
GCN_prob,1356,L26->L13,,False,0.0,53
GCN_prob,1357,L26->L19,,False,0.0,53
GCN_prob,1358,L26->L16,,False,0.0,53
GCN_prob,1359,L26->L31,,False,0.0,53
GCN_prob,1360,L26->L27,,False,0.0,53
GCN_prob,1361,L26->L30,,False,0.0,53
GCN_prob,1362,L26->L17,,False,0.0,53
GCN_prob,1363,L26->L29,,False,0.0,53
GCN_prob,1364,L26->L07,,False,0.0,53
GCN_prob,1365,L26->L10,,False,0.0,53
GCN_prob,1366,L26->L24,,False,0.0,53
GCN_prob,1367,L26->L38,,False,0.0,53
GCN_prob,1368,L26->L25,L26->L25->L28,True,465.9176206657203,54
GCN_prob,1369,L26->L11,,False,0.0,54
GCN_prob,1370,L38->L01,,False,0.0,54
GCN_prob,1371,L38->L34,,False,0.0,54
GCN_prob,1372,L38->L35,,False,0.0,54
GCN_prob,1373,L38->L36,,False,0.0,54
GCN_prob,1374,L38->L37,,False,0.0,54
GCN_prob,1375,L38->L04,,False,0.0,54
GCN_prob,1376,L38->L02,,False,0.0,54
GCN_prob,1377,L38->L05,,False,0.0,54
GCN_prob,1378,L38->L21,,False,0.0,54
GCN_prob,1379,L38->L03,,False,0.0,54
GCN_prob,1380,L38->L06,,False,0.0,54
GCN_prob,1381,L38->L08,,False,0.0,54
GCN_prob,1382,L38->L20,,False,0.0,54
GCN_prob,1383,L38->L12,,False,0.0,54
GCN_prob,1384,L38->L22,,False,0.0,54
GCN_prob,1385,L38->L14,,False,0.0,54
GCN_prob,1386,L38->L15,,False,0.0,54
GCN_prob,1387,L38->L18,,False,0.0,54
GCN_prob,1388,L38->L32,,False,0.0,54
GCN_prob,1389,L38->L33,,False,0.0,54
GCN_prob,1390,L38->L09,,False,0.0,54
GCN_prob,1391,L38->L13,,False,0.0,54
GCN_prob,1392,L38->L19,,False,0.0,54
GCN_prob,1393,L38->L16,,False,0.0,54
GCN_prob,1394,L38->L28,,False,0.0,54
GCN_prob,1395,L38->L31,L38->L31,True,20.907752918885308,55
GCN_prob,1396,L38->L23,,False,0.0,55
GCN_prob,1397,L38->L29,,False,0.0,55
GCN_prob,1398,L38->L17,,False,0.0,55
GCN_prob,1399,L38->L24,,False,0.0,55
GCN_prob,1400,L38->L27,,False,0.0,55
GCN_prob,1401,L38->L30,,False,0.0,55
GCN_prob,1402,L38->L10,,False,0.0,55
GCN_prob,1403,L38->L07,,False,0.0,55
GCN_prob,1404,L38->L25,,False,0.0,55
GCN_prob,1405,L38->L26,,False,0.0,55
GCN_prob,1406,L38->L11,,False,0.0,55
GCN_prob_yP,1,L01->L10,,False,0.0,0
GCN_prob_yP,2,L01->L12,,False,0.0,0
GCN_prob_yP,3,L01->L04,,False,0.0,0
GCN_prob_yP,4,L01->L03,,False,0.0,0
GCN_prob_yP,5,L01->L34,,False,0.0,0
GCN_prob_yP,6,L01->L35,,False,0.0,0
GCN_prob_yP,7,L01->L05,,False,0.0,0
GCN_prob_yP,8,L01->L21,,False,0.0,0
GCN_prob_yP,9,L01->L36,,False,0.0,0
GCN_prob_yP,10,L01->L37,,False,0.0,0
GCN_prob_yP,11,L01->L02,,False,0.0,0
GCN_prob_yP,12,L01->L17,,False,0.0,0
GCN_prob_yP,13,L01->L28,,False,0.0,0
GCN_prob_yP,14,L01->L32,,False,0.0,0
GCN_prob_yP,15,L01->L33,,False,0.0,0
GCN_prob_yP,16,L01->L18,,False,0.0,0
GCN_prob_yP,17,L01->L08,,False,0.0,0
GCN_prob_yP,18,L01->L16,,False,0.0,0
GCN_prob_yP,19,L01->L09,,False,0.0,0
GCN_prob_yP,20,L01->L14,,False,0.0,0
GCN_prob_yP,21,L01->L27,,False,0.0,0
GCN_prob_yP,22,L01->L11,,False,0.0,0
GCN_prob_yP,23,L01->L23,,False,0.0,0
GCN_prob_yP,24,L01->L15,,False,0.0,0
GCN_prob_yP,25,L01->L13,,False,0.0,0
GCN_prob_yP,26,L01->L20,,False,0.0,0
GCN_prob_yP,27,L01->L22,,False,0.0,0
GCN_prob_yP,28,L01->L19,,False,0.0,0
GCN_prob_yP,29,L01->L30,,False,0.0,0
GCN_prob_yP,30,L01->L06,,False,0.0,0
GCN_prob_yP,31,L01->L31,,False,0.0,0
GCN_prob_yP,32,L01->L29,,False,0.0,0
GCN_prob_yP,33,L01->L07,,False,0.0,0
GCN_prob_yP,34,L01->L25,,False,0.0,0
GCN_prob_yP,35,L01->L26,,False,0.0,0
GCN_prob_yP,36,L01->L24,,False,0.0,0
GCN_prob_yP,37,L01->L38,,False,0.0,0
GCN_prob_yP,38,L34->L35,,False,0.0,0
GCN_prob_yP,39,L34->L01,,False,0.0,0
GCN_prob_yP,40,L34->L36,,False,0.0,0
GCN_prob_yP,41,L34->L37,,False,0.0,0
GCN_prob_yP,42,L34->L04,,False,0.0,0
GCN_prob_yP,43,L34->L02,,False,0.0,0
GCN_prob_yP,44,L34->L05,,False,0.0,0
GCN_prob_yP,45,L34->L03,,False,0.0,0
GCN_prob_yP,46,L34->L21,,False,0.0,0
GCN_prob_yP,47,L34->L06,,False,0.0,0
GCN_prob_yP,48,L34->L08,,False,0.0,0
GCN_prob_yP,49,L34->L28,,False,0.0,0
GCN_prob_yP,50,L34->L22,,False,0.0,0
GCN_prob_yP,51,L34->L12,,False,0.0,0
GCN_prob_yP,52,L34->L20,,False,0.0,0
GCN_prob_yP,53,L34->L15,,False,0.0,0
GCN_prob_yP,54,L34->L14,,False,0.0,0
GCN_prob_yP,55,L34->L18,,False,0.0,0
GCN_prob_yP,56,L34->L32,,False,0.0,0
GCN_prob_yP,57,L34->L33,,False,0.0,0
GCN_prob_yP,58,L34->L09,,False,0.0,0
GCN_prob_yP,59,L34->L13,,False,0.0,0
GCN_prob_yP,60,L34->L19,,False,0.0,0
GCN_prob_yP,61,L34->L23,,False,0.0,0
GCN_prob_yP,62,L34->L16,,False,0.0,0
GCN_prob_yP,63,L34->L30,,False,0.0,0
GCN_prob_yP,64,L34->L27,,False,0.0,0
GCN_prob_yP,65,L34->L31,,False,0.0,0
GCN_prob_yP,66,L34->L29,,False,0.0,0
GCN_prob_yP,67,L34->L24,,False,0.0,0
GCN_prob_yP,68,L34->L17,,False,0.0,0
GCN_prob_yP,69,L34->L25,,False,0.0,0
GCN_prob_yP,70,L34->L26,,False,0.0,0
GCN_prob_yP,71,L34->L07,,False,0.0,0
GCN_prob_yP,72,L34->L10,,False,0.0,0
GCN_prob_yP,73,L34->L38,,False,0.0,0
GCN_prob_yP,74,L34->L11,,False,0.0,0
GCN_prob_yP,75,L35->L34,,False,0.0,0
GCN_prob_yP,76,L35->L01,,False,0.0,0
GCN_prob_yP,77,L35->L36,,False,0.0,0
GCN_prob_yP,78,L35->L37,,False,0.0,0
GCN_prob_yP,79,L35->L04,,False,0.0,0
GCN_prob_yP,80,L35->L02,,False,0.0,0
GCN_prob_yP,81,L35->L05,,False,0.0,0
GCN_prob_yP,82,L35->L03,,False,0.0,0
GCN_prob_yP,83,L35->L21,,False,0.0,0
GCN_prob_yP,84,L35->L06,,False,0.0,0
GCN_prob_yP,85,L35->L08,,False,0.0,0
GCN_prob_yP,86,L35->L28,,False,0.0,0
GCN_prob_yP,87,L35->L22,,False,0.0,0
GCN_prob_yP,88,L35->L12,,False,0.0,0
GCN_prob_yP,89,L35->L20,,False,0.0,0
GCN_prob_yP,90,L35->L15,,False,0.0,0
GCN_prob_yP,91,L35->L14,,False,0.0,0
GCN_prob_yP,92,L35->L18,,False,0.0,0
GCN_prob_yP,93,L35->L32,,False,0.0,0
GCN_prob_yP,94,L35->L33,,False,0.0,0
GCN_prob_yP,95,L35->L09,,False,0.0,0
GCN_prob_yP,96,L35->L13,,False,0.0,0
GCN_prob_yP,97,L35->L19,,False,0.0,0
GCN_prob_yP,98,L35->L23,,False,0.0,0
GCN_prob_yP,99,L35->L16,,False,0.0,0
GCN_prob_yP,100,L35->L30,,False,0.0,0
GCN_prob_yP,101,L35->L27,,False,0.0,0
GCN_prob_yP,102,L35->L31,,False,0.0,0
GCN_prob_yP,103,L35->L29,,False,0.0,0
GCN_prob_yP,104,L35->L24,,False,0.0,0
GCN_prob_yP,105,L35->L17,,False,0.0,0
GCN_prob_yP,106,L35->L25,,False,0.0,0
GCN_prob_yP,107,L35->L26,,False,0.0,0
GCN_prob_yP,108,L35->L07,,False,0.0,0
GCN_prob_yP,109,L35->L10,,False,0.0,0
GCN_prob_yP,110,L35->L38,,False,0.0,0
GCN_prob_yP,111,L35->L11,,False,0.0,0
GCN_prob_yP,112,L04->L09,L04->L09->L10->L01->L02,True,100.94153457850766,1
GCN_prob_yP,113,L04->L01,L04->L01->L10,True,82.39944368301173,2
GCN_prob_yP,114,L04->L10,L04->L10->L01->L09,True,82.39944368301173,3
GCN_prob_yP,115,L04->L34,,False,0.0,3
GCN_prob_yP,116,L04->L35,,False,0.0,3
GCN_prob_yP,117,L04->L21,,False,0.0,3
GCN_prob_yP,118,L04->L36,,False,0.0,3
GCN_prob_yP,119,L04->L37,,False,0.0,3
GCN_prob_yP,120,L04->L08,L04->L08,True,79.93761520301625,4
GCN_prob_yP,121,L04->L28,,False,0.0,4
GCN_prob_yP,122,L04->L32,,False,0.0,4
GCN_prob_yP,123,L04->L33,,False,0.0,4
GCN_prob_yP,124,L04->L18,,False,0.0,4
GCN_prob_yP,125,L04->L27,,False,0.0,4
GCN_prob_yP,126,L04->L14,,False,0.0,4
GCN_prob_yP,127,L04->L17,,False,0.0,4
GCN_prob_yP,128,L04->L02,,False,0.0,4
GCN_prob_yP,129,L04->L16,,False,0.0,4
GCN_prob_yP,130,L04->L20,,False,0.0,4
GCN_prob_yP,131,L04->L22,,False,0.0,4
GCN_prob_yP,132,L04->L23,,False,0.0,4
GCN_prob_yP,133,L04->L30,,False,0.0,4
GCN_prob_yP,134,L04->L15,,False,0.0,4
GCN_prob_yP,135,L04->L03,,False,0.0,4
GCN_prob_yP,136,L04->L19,,False,0.0,4
GCN_prob_yP,137,L04->L12,,False,0.0,4
GCN_prob_yP,138,L04->L05,,False,0.0,4
GCN_prob_yP,139,L04->L29,,False,0.0,4
GCN_prob_yP,140,L04->L07,,False,0.0,4
GCN_prob_yP,141,L04->L31,,False,0.0,4
GCN_prob_yP,142,L04->L06,,False,0.0,4
GCN_prob_yP,143,L04->L24,,False,0.0,4
GCN_prob_yP,144,L04->L25,,False,0.0,4
GCN_prob_yP,145,L04->L26,,False,0.0,4
GCN_prob_yP,146,L04->L11,,False,0.0,4
GCN_prob_yP,147,L04->L13,,False,0.0,4
GCN_prob_yP,148,L04->L38,,False,0.0,4
GCN_prob_yP,149,L36->L34,,False,0.0,4
GCN_prob_yP,150,L36->L35,,False,0.0,4
GCN_prob_yP,151,L36->L01,,False,0.0,4
GCN_prob_yP,152,L36->L37,,False,0.0,4
GCN_prob_yP,153,L36->L04,,False,0.0,4
GCN_prob_yP,154,L36->L02,,False,0.0,4
GCN_prob_yP,155,L36->L21,,False,0.0,4
GCN_prob_yP,156,L36->L05,,False,0.0,4
GCN_prob_yP,157,L36->L03,,False,0.0,4
GCN_prob_yP,158,L36->L06,,False,0.0,4
GCN_prob_yP,159,L36->L08,,False,0.0,4
GCN_prob_yP,160,L36->L28,,False,0.0,4
GCN_prob_yP,161,L36->L22,,False,0.0,4
GCN_prob_yP,162,L36->L12,,False,0.0,4
GCN_prob_yP,163,L36->L14,,False,0.0,4
GCN_prob_yP,164,L36->L32,,False,0.0,4
GCN_prob_yP,165,L36->L33,,False,0.0,4
GCN_prob_yP,166,L36->L15,,False,0.0,4
GCN_prob_yP,167,L36->L18,,False,0.0,4
GCN_prob_yP,168,L36->L20,,False,0.0,4
GCN_prob_yP,169,L36->L09,,False,0.0,4
GCN_prob_yP,170,L36->L13,,False,0.0,4
GCN_prob_yP,171,L36->L19,,False,0.0,4
GCN_prob_yP,172,L36->L23,,False,0.0,4
GCN_prob_yP,173,L36->L16,,False,0.0,4
GCN_prob_yP,174,L36->L30,,False,0.0,4
GCN_prob_yP,175,L36->L27,,False,0.0,4
GCN_prob_yP,176,L36->L31,,False,0.0,4
GCN_prob_yP,177,L36->L29,,False,0.0,4
GCN_prob_yP,178,L36->L17,,False,0.0,4
GCN_prob_yP,179,L36->L24,,False,0.0,4
GCN_prob_yP,180,L36->L25,,False,0.0,4
GCN_prob_yP,181,L36->L26,,False,0.0,4
GCN_prob_yP,182,L36->L07,,False,0.0,4
GCN_prob_yP,183,L36->L10,,False,0.0,4
GCN_prob_yP,184,L36->L38,,False,0.0,4
GCN_prob_yP,185,L36->L11,,False,0.0,4
GCN_prob_yP,186,L37->L34,,False,0.0,4
GCN_prob_yP,187,L37->L35,,False,0.0,4
GCN_prob_yP,188,L37->L01,,False,0.0,4
GCN_prob_yP,189,L37->L36,,False,0.0,4
GCN_prob_yP,190,L37->L04,,False,0.0,4
GCN_prob_yP,191,L37->L02,,False,0.0,4
GCN_prob_yP,192,L37->L21,,False,0.0,4
GCN_prob_yP,193,L37->L05,,False,0.0,4
GCN_prob_yP,194,L37->L03,,False,0.0,4
GCN_prob_yP,195,L37->L06,,False,0.0,4
GCN_prob_yP,196,L37->L08,,False,0.0,4
GCN_prob_yP,197,L37->L28,,False,0.0,4
GCN_prob_yP,198,L37->L22,,False,0.0,4
GCN_prob_yP,199,L37->L12,,False,0.0,4
GCN_prob_yP,200,L37->L14,,False,0.0,4
GCN_prob_yP,201,L37->L32,,False,0.0,4
GCN_prob_yP,202,L37->L33,,False,0.0,4
GCN_prob_yP,203,L37->L15,,False,0.0,4
GCN_prob_yP,204,L37->L18,,False,0.0,4
GCN_prob_yP,205,L37->L20,,False,0.0,4
GCN_prob_yP,206,L37->L09,,False,0.0,4
GCN_prob_yP,207,L37->L13,,False,0.0,4
GCN_prob_yP,208,L37->L19,,False,0.0,4
GCN_prob_yP,209,L37->L23,,False,0.0,4
GCN_prob_yP,210,L37->L16,,False,0.0,4
GCN_prob_yP,211,L37->L30,,False,0.0,4
GCN_prob_yP,212,L37->L27,,False,0.0,4
GCN_prob_yP,213,L37->L31,,False,0.0,4
GCN_prob_yP,214,L37->L29,,False,0.0,4
GCN_prob_yP,215,L37->L17,,False,0.0,4
GCN_prob_yP,216,L37->L24,,False,0.0,4
GCN_prob_yP,217,L37->L25,,False,0.0,4
GCN_prob_yP,218,L37->L26,,False,0.0,4
GCN_prob_yP,219,L37->L07,,False,0.0,4
GCN_prob_yP,220,L37->L10,,False,0.0,4
GCN_prob_yP,221,L37->L38,,False,0.0,4
GCN_prob_yP,222,L37->L11,,False,0.0,4
GCN_prob_yP,223,L02->L01,,False,0.0,4
GCN_prob_yP,224,L02->L34,,False,0.0,4
GCN_prob_yP,225,L02->L35,,False,0.0,4
GCN_prob_yP,226,L02->L36,,False,0.0,4
GCN_prob_yP,227,L02->L37,,False,0.0,4
GCN_prob_yP,228,L02->L04,,False,0.0,4
GCN_prob_yP,229,L02->L03,,False,0.0,4
GCN_prob_yP,230,L02->L05,,False,0.0,4
GCN_prob_yP,231,L02->L21,,False,0.0,4
GCN_prob_yP,232,L02->L06,,False,0.0,4
GCN_prob_yP,233,L02->L28,,False,0.0,4
GCN_prob_yP,234,L02->L08,,False,0.0,4
GCN_prob_yP,235,L02->L20,,False,0.0,4
GCN_prob_yP,236,L02->L22,,False,0.0,4
GCN_prob_yP,237,L02->L12,,False,0.0,4
GCN_prob_yP,238,L02->L15,,False,0.0,4
GCN_prob_yP,239,L02->L14,,False,0.0,4
GCN_prob_yP,240,L02->L18,,False,0.0,4
GCN_prob_yP,241,L02->L32,,False,0.0,4
GCN_prob_yP,242,L02->L33,,False,0.0,4
GCN_prob_yP,243,L02->L09,,False,0.0,4
GCN_prob_yP,244,L02->L13,,False,0.0,4
GCN_prob_yP,245,L02->L19,,False,0.0,4
GCN_prob_yP,246,L02->L23,,False,0.0,4
GCN_prob_yP,247,L02->L27,L02->L27,True,27.98107265493719,5
GCN_prob_yP,248,L02->L16,,False,0.0,5
GCN_prob_yP,249,L02->L30,,False,0.0,5
GCN_prob_yP,250,L02->L31,,False,0.0,5
GCN_prob_yP,251,L02->L29,,False,0.0,5
GCN_prob_yP,252,L02->L17,,False,0.0,5
GCN_prob_yP,253,L02->L24,,False,0.0,5
GCN_prob_yP,254,L02->L25,,False,0.0,5
GCN_prob_yP,255,L02->L26,,False,0.0,5
GCN_prob_yP,256,L02->L10,,False,0.0,5
GCN_prob_yP,257,L02->L07,L02->L07,True,27.981072654937165,6
GCN_prob_yP,258,L02->L38,,False,0.0,6
GCN_prob_yP,259,L02->L11,,False,0.0,6
GCN_prob_yP,260,L21->L01,,False,0.0,6
GCN_prob_yP,261,L21->L36,,False,0.0,6
GCN_prob_yP,262,L21->L37,,False,0.0,6
GCN_prob_yP,263,L21->L34,,False,0.0,6
GCN_prob_yP,264,L21->L35,,False,0.0,6
GCN_prob_yP,265,L21->L04,,False,0.0,6
GCN_prob_yP,266,L21->L08,,False,0.0,6
GCN_prob_yP,267,L21->L15,,False,0.0,6
GCN_prob_yP,268,L21->L05,,False,0.0,6
GCN_prob_yP,269,L21->L20,,False,0.0,6
GCN_prob_yP,270,L21->L03,,False,0.0,6
GCN_prob_yP,271,L21->L06,,False,0.0,6
GCN_prob_yP,272,L21->L32,,False,0.0,6
GCN_prob_yP,273,L21->L33,,False,0.0,6
GCN_prob_yP,274,L21->L28,,False,0.0,6
GCN_prob_yP,275,L21->L17,,False,0.0,6
GCN_prob_yP,276,L21->L02,,False,0.0,6
GCN_prob_yP,277,L21->L12,,False,0.0,6
GCN_prob_yP,278,L21->L19,,False,0.0,6
GCN_prob_yP,279,L21->L09,,False,0.0,6
GCN_prob_yP,280,L21->L14,,False,0.0,6
GCN_prob_yP,281,L21->L13,,False,0.0,6
GCN_prob_yP,282,L21->L27,,False,0.0,6
GCN_prob_yP,283,L21->L30,,False,0.0,6
GCN_prob_yP,284,L21->L22,L21->L22->L23->L02->L06->L07->L27,True,727.2781283848517,7
GCN_prob_yP,285,L21->L18,,False,0.0,7
GCN_prob_yP,286,L21->L16,,False,0.0,7
GCN_prob_yP,287,L21->L31,,False,0.0,7
GCN_prob_yP,288,L21->L23,,False,0.0,7
GCN_prob_yP,289,L21->L25,,False,0.0,7
GCN_prob_yP,290,L21->L26,,False,0.0,7
GCN_prob_yP,291,L21->L10,,False,0.0,7
GCN_prob_yP,292,L21->L29,,False,0.0,7
GCN_prob_yP,293,L21->L07,,False,0.0,7
GCN_prob_yP,294,L21->L24,,False,0.0,7
GCN_prob_yP,295,L21->L38,,False,0.0,7
GCN_prob_yP,296,L21->L11,,False,0.0,7
GCN_prob_yP,297,L05->L01,,False,0.0,7
GCN_prob_yP,298,L05->L34,,False,0.0,7
GCN_prob_yP,299,L05->L35,,False,0.0,7
GCN_prob_yP,300,L05->L04,,False,0.0,7
GCN_prob_yP,301,L05->L10,L05->L10,True,158.08614799330758,8
GCN_prob_yP,302,L05->L08,,False,0.0,8
GCN_prob_yP,303,L05->L21,,False,0.0,8
GCN_prob_yP,304,L05->L36,,False,0.0,8
GCN_prob_yP,305,L05->L37,,False,0.0,8
GCN_prob_yP,306,L05->L09,,False,0.0,8
GCN_prob_yP,307,L05->L28,,False,0.0,8
GCN_prob_yP,308,L05->L18,,False,0.0,8
GCN_prob_yP,309,L05->L32,,False,0.0,8
GCN_prob_yP,310,L05->L33,,False,0.0,8
GCN_prob_yP,311,L05->L02,,False,0.0,8
GCN_prob_yP,312,L05->L14,,False,0.0,8
GCN_prob_yP,313,L05->L03,,False,0.0,8
GCN_prob_yP,314,L05->L27,,False,0.0,8
GCN_prob_yP,315,L05->L17,,False,0.0,8
GCN_prob_yP,316,L05->L16,,False,0.0,8
GCN_prob_yP,317,L05->L23,,False,0.0,8
GCN_prob_yP,318,L05->L15,,False,0.0,8
GCN_prob_yP,319,L05->L22,,False,0.0,8
GCN_prob_yP,320,L05->L20,,False,0.0,8
GCN_prob_yP,321,L05->L19,,False,0.0,8
GCN_prob_yP,322,L05->L11,,False,0.0,8
GCN_prob_yP,323,L05->L30,,False,0.0,8
GCN_prob_yP,324,L05->L12,,False,0.0,8
GCN_prob_yP,325,L05->L29,,False,0.0,8
GCN_prob_yP,326,L05->L31,,False,0.0,8
GCN_prob_yP,327,L05->L07,,False,0.0,8
GCN_prob_yP,328,L05->L25,,False,0.0,8
GCN_prob_yP,329,L05->L26,,False,0.0,8
GCN_prob_yP,330,L05->L06,,False,0.0,8
GCN_prob_yP,331,L05->L24,,False,0.0,8
GCN_prob_yP,332,L05->L13,,False,0.0,8
GCN_prob_yP,333,L05->L38,,False,0.0,8
GCN_prob_yP,334,L03->L01,,False,0.0,8
GCN_prob_yP,335,L03->L02,,False,0.0,8
GCN_prob_yP,336,L03->L36,,False,0.0,8
GCN_prob_yP,337,L03->L37,,False,0.0,8
GCN_prob_yP,338,L03->L08,,False,0.0,8
GCN_prob_yP,339,L03->L06,,False,0.0,8
GCN_prob_yP,340,L03->L21,,False,0.0,8
GCN_prob_yP,341,L03->L34,,False,0.0,8
GCN_prob_yP,342,L03->L35,,False,0.0,8
GCN_prob_yP,343,L03->L04,,False,0.0,8
GCN_prob_yP,344,L03->L05,,False,0.0,8
GCN_prob_yP,345,L03->L29,,False,0.0,8
GCN_prob_yP,346,L03->L24,,False,0.0,8
GCN_prob_yP,347,L03->L14,,False,0.0,8
GCN_prob_yP,348,L03->L20,,False,0.0,8
GCN_prob_yP,349,L03->L12,,False,0.0,8
GCN_prob_yP,350,L03->L10,,False,0.0,8
GCN_prob_yP,351,L03->L15,,False,0.0,8
GCN_prob_yP,352,L03->L22,,False,0.0,8
GCN_prob_yP,353,L03->L09,L03->L09,True,85.8406488939796,9
GCN_prob_yP,354,L03->L19,,False,0.0,9
GCN_prob_yP,355,L03->L16,,False,0.0,9
GCN_prob_yP,356,L03->L30,,False,0.0,9
GCN_prob_yP,357,L03->L32,,False,0.0,9
GCN_prob_yP,358,L03->L33,,False,0.0,9
GCN_prob_yP,359,L03->L13,,False,0.0,9
GCN_prob_yP,360,L03->L31,,False,0.0,9
GCN_prob_yP,361,L03->L18,,False,0.0,9
GCN_prob_yP,362,L03->L17,,False,0.0,9
GCN_prob_yP,363,L03->L28,,False,0.0,9
GCN_prob_yP,364,L03->L23,,False,0.0,9
GCN_prob_yP,365,L03->L38,,False,0.0,9
GCN_prob_yP,366,L03->L07,,False,0.0,9
GCN_prob_yP,367,L03->L27,,False,0.0,9
GCN_prob_yP,368,L03->L25,,False,0.0,9
GCN_prob_yP,369,L03->L26,,False,0.0,9
GCN_prob_yP,370,L03->L11,,False,0.0,9
GCN_prob_yP,371,L08->L09,L08->L09->L10->L01->L02->L06,True,180.8791497815239,10
GCN_prob_yP,372,L08->L10,L08->L10->L01->L09,True,162.33705888602796,11
GCN_prob_yP,373,L08->L34,,False,0.0,11
GCN_prob_yP,374,L08->L35,,False,0.0,11
GCN_prob_yP,375,L08->L21,,False,0.0,11
GCN_prob_yP,376,L08->L36,,False,0.0,11
GCN_prob_yP,377,L08->L37,,False,0.0,11
GCN_prob_yP,378,L08->L32,,False,0.0,11
GCN_prob_yP,379,L08->L33,,False,0.0,11
GCN_prob_yP,380,L08->L01,L08->L01->L10,True,162.33705888602796,12
GCN_prob_yP,381,L08->L18,,False,0.0,12
GCN_prob_yP,382,L08->L28,,False,0.0,12
GCN_prob_yP,383,L08->L02,,False,0.0,12
GCN_prob_yP,384,L08->L27,,False,0.0,12
GCN_prob_yP,385,L08->L17,,False,0.0,12
GCN_prob_yP,386,L08->L16,,False,0.0,12
GCN_prob_yP,387,L08->L12,,False,0.0,12
GCN_prob_yP,388,L08->L29,,False,0.0,12
GCN_prob_yP,389,L08->L06,,False,0.0,12
GCN_prob_yP,390,L08->L07,,False,0.0,12
GCN_prob_yP,391,L08->L20,,False,0.0,12
GCN_prob_yP,392,L08->L30,,False,0.0,12
GCN_prob_yP,393,L08->L14,,False,0.0,12
GCN_prob_yP,394,L08->L22,,False,0.0,12
GCN_prob_yP,395,L08->L15,,False,0.0,12
GCN_prob_yP,396,L08->L04,L08->L04,True,79.93761520301625,13
GCN_prob_yP,397,L08->L23,,False,0.0,13
GCN_prob_yP,398,L08->L24,,False,0.0,13
GCN_prob_yP,399,L08->L19,,False,0.0,13
GCN_prob_yP,400,L08->L03,,False,0.0,13
GCN_prob_yP,401,L08->L05,,False,0.0,13
GCN_prob_yP,402,L08->L31,,False,0.0,13
GCN_prob_yP,403,L08->L11,,False,0.0,13
GCN_prob_yP,404,L08->L25,,False,0.0,13
GCN_prob_yP,405,L08->L26,,False,0.0,13
GCN_prob_yP,406,L08->L13,,False,0.0,13
GCN_prob_yP,407,L08->L38,,False,0.0,13
GCN_prob_yP,408,L22->L01,,False,0.0,13
GCN_prob_yP,409,L22->L02,,False,0.0,13
GCN_prob_yP,410,L22->L04,,False,0.0,13
GCN_prob_yP,411,L22->L05,,False,0.0,13
GCN_prob_yP,412,L22->L03,,False,0.0,13
GCN_prob_yP,413,L22->L06,,False,0.0,13
GCN_prob_yP,414,L22->L08,,False,0.0,13
GCN_prob_yP,415,L22->L20,,False,0.0,13
GCN_prob_yP,416,L22->L34,,False,0.0,13
GCN_prob_yP,417,L22->L35,,False,0.0,13
GCN_prob_yP,418,L22->L14,,False,0.0,13
GCN_prob_yP,419,L22->L12,,False,0.0,13
GCN_prob_yP,420,L22->L24,,False,0.0,13
GCN_prob_yP,421,L22->L21,,False,0.0,13
GCN_prob_yP,422,L22->L09,,False,0.0,13
GCN_prob_yP,423,L22->L29,,False,0.0,13
GCN_prob_yP,424,L22->L19,,False,0.0,13
GCN_prob_yP,425,L22->L36,,False,0.0,13
GCN_prob_yP,426,L22->L37,,False,0.0,13
GCN_prob_yP,427,L22->L15,,False,0.0,13
GCN_prob_yP,428,L22->L13,,False,0.0,13
GCN_prob_yP,429,L22->L30,,False,0.0,13
GCN_prob_yP,430,L22->L16,,False,0.0,13
GCN_prob_yP,431,L22->L18,,False,0.0,13
GCN_prob_yP,432,L22->L32,,False,0.0,13
GCN_prob_yP,433,L22->L33,,False,0.0,13
GCN_prob_yP,434,L22->L31,,False,0.0,13
GCN_prob_yP,435,L22->L28,,False,0.0,13
GCN_prob_yP,436,L22->L17,,False,0.0,13
GCN_prob_yP,437,L22->L38,,False,0.0,13
GCN_prob_yP,438,L22->L10,,False,0.0,13
GCN_prob_yP,439,L22->L23,,False,0.0,13
GCN_prob_yP,440,L22->L07,,False,0.0,13
GCN_prob_yP,441,L22->L27,,False,0.0,13
GCN_prob_yP,442,L22->L25,,False,0.0,13
GCN_prob_yP,443,L22->L26,,False,0.0,13
GCN_prob_yP,444,L22->L11,,False,0.0,13
GCN_prob_yP,445,L11->L01,,False,0.0,13
GCN_prob_yP,446,L11->L34,,False,0.0,13
GCN_prob_yP,447,L11->L35,,False,0.0,13
GCN_prob_yP,448,L11->L04,,False,0.0,13
GCN_prob_yP,449,L11->L02,,False,0.0,13
GCN_prob_yP,450,L11->L36,,False,0.0,13
GCN_prob_yP,451,L11->L37,,False,0.0,13
GCN_prob_yP,452,L11->L21,,False,0.0,13
GCN_prob_yP,453,L11->L05,,False,0.0,13
GCN_prob_yP,454,L11->L03,,False,0.0,13
GCN_prob_yP,455,L11->L10,,False,0.0,13
GCN_prob_yP,456,L11->L13,L11->L13,True,17.888381576976077,14
GCN_prob_yP,457,L11->L08,,False,0.0,14
GCN_prob_yP,458,L11->L18,,False,0.0,14
GCN_prob_yP,459,L11->L17,,False,0.0,14
GCN_prob_yP,460,L11->L29,,False,0.0,14
GCN_prob_yP,461,L11->L24,,False,0.0,14
GCN_prob_yP,462,L11->L06,,False,0.0,14
GCN_prob_yP,463,L11->L15,,False,0.0,14
GCN_prob_yP,464,L11->L20,,False,0.0,14
GCN_prob_yP,465,L11->L14,,False,0.0,14
GCN_prob_yP,466,L11->L22,,False,0.0,14
GCN_prob_yP,467,L11->L16,,False,0.0,14
GCN_prob_yP,468,L11->L28,,False,0.0,14
GCN_prob_yP,469,L11->L32,,False,0.0,14
GCN_prob_yP,470,L11->L33,,False,0.0,14
GCN_prob_yP,471,L11->L30,,False,0.0,14
GCN_prob_yP,472,L11->L12,L11->L12,True,17.88838157697601,15
GCN_prob_yP,473,L11->L19,,False,0.0,15
GCN_prob_yP,474,L11->L09,,False,0.0,15
GCN_prob_yP,475,L11->L23,,False,0.0,15
GCN_prob_yP,476,L11->L07,,False,0.0,15
GCN_prob_yP,477,L11->L27,,False,0.0,15
GCN_prob_yP,478,L11->L31,,False,0.0,15
GCN_prob_yP,479,L11->L25,,False,0.0,15
GCN_prob_yP,480,L11->L26,,False,0.0,15
GCN_prob_yP,481,L11->L38,,False,0.0,15
GCN_prob_yP,482,L12->L01,,False,0.0,15
GCN_prob_yP,483,L12->L04,,False,0.0,15
GCN_prob_yP,484,L12->L34,,False,0.0,15
GCN_prob_yP,485,L12->L35,,False,0.0,15
GCN_prob_yP,486,L12->L36,,False,0.0,15
GCN_prob_yP,487,L12->L37,,False,0.0,15
GCN_prob_yP,488,L12->L02,,False,0.0,15
GCN_prob_yP,489,L12->L21,,False,0.0,15
GCN_prob_yP,490,L12->L06,,False,0.0,15
GCN_prob_yP,491,L12->L08,,False,0.0,15
GCN_prob_yP,492,L12->L05,,False,0.0,15
GCN_prob_yP,493,L12->L03,,False,0.0,15
GCN_prob_yP,494,L12->L10,,False,0.0,15
GCN_prob_yP,495,L12->L17,,False,0.0,15
GCN_prob_yP,496,L12->L18,,False,0.0,15
GCN_prob_yP,497,L12->L24,,False,0.0,15
GCN_prob_yP,498,L12->L29,,False,0.0,15
GCN_prob_yP,499,L12->L16,,False,0.0,15
GCN_prob_yP,500,L12->L20,,False,0.0,15
GCN_prob_yP,501,L12->L15,,False,0.0,15
GCN_prob_yP,502,L12->L14,,False,0.0,15
GCN_prob_yP,503,L12->L22,,False,0.0,15
GCN_prob_yP,504,L12->L11,L12->L11,True,17.88838157697601,16
GCN_prob_yP,505,L12->L30,,False,0.0,16
GCN_prob_yP,506,L12->L32,,False,0.0,16
GCN_prob_yP,507,L12->L33,,False,0.0,16
GCN_prob_yP,508,L12->L28,,False,0.0,16
GCN_prob_yP,509,L12->L19,,False,0.0,16
GCN_prob_yP,510,L12->L13,L12->L13,True,38.05337863080115,17
GCN_prob_yP,511,L12->L23,,False,0.0,17
GCN_prob_yP,512,L12->L09,,False,0.0,17
GCN_prob_yP,513,L12->L07,,False,0.0,17
GCN_prob_yP,514,L12->L27,,False,0.0,17
GCN_prob_yP,515,L12->L31,,False,0.0,17
GCN_prob_yP,516,L12->L25,,False,0.0,17
GCN_prob_yP,517,L12->L26,,False,0.0,17
GCN_prob_yP,518,L12->L38,,False,0.0,17
GCN_prob_yP,519,L32->L01,,False,0.0,17
GCN_prob_yP,520,L32->L34,,False,0.0,17
GCN_prob_yP,521,L32->L35,,False,0.0,17
GCN_prob_yP,522,L32->L36,,False,0.0,17
GCN_prob_yP,523,L32->L37,,False,0.0,17
GCN_prob_yP,524,L32->L04,,False,0.0,17
GCN_prob_yP,525,L32->L02,,False,0.0,17
GCN_prob_yP,526,L32->L05,,False,0.0,17
GCN_prob_yP,527,L32->L21,,False,0.0,17
GCN_prob_yP,528,L32->L03,,False,0.0,17
GCN_prob_yP,529,L32->L08,,False,0.0,17
GCN_prob_yP,530,L32->L06,,False,0.0,17
GCN_prob_yP,531,L32->L28,,False,0.0,17
GCN_prob_yP,532,L32->L20,,False,0.0,17
GCN_prob_yP,533,L32->L22,,False,0.0,17
GCN_prob_yP,534,L32->L12,,False,0.0,17
GCN_prob_yP,535,L32->L18,,False,0.0,17
GCN_prob_yP,536,L32->L15,,False,0.0,17
GCN_prob_yP,537,L32->L14,,False,0.0,17
GCN_prob_yP,538,L32->L09,,False,0.0,17
GCN_prob_yP,539,L32->L33,,False,0.0,17
GCN_prob_yP,540,L32->L13,,False,0.0,17
GCN_prob_yP,541,L32->L19,,False,0.0,17
GCN_prob_yP,542,L32->L30,,False,0.0,17
GCN_prob_yP,543,L32->L27,,False,0.0,17
GCN_prob_yP,544,L32->L23,,False,0.0,17
GCN_prob_yP,545,L32->L16,,False,0.0,17
GCN_prob_yP,546,L32->L31,,False,0.0,17
GCN_prob_yP,547,L32->L29,,False,0.0,17
GCN_prob_yP,548,L32->L24,,False,0.0,17
GCN_prob_yP,549,L32->L25,,False,0.0,17
GCN_prob_yP,550,L32->L26,,False,0.0,17
GCN_prob_yP,551,L32->L17,,False,0.0,17
GCN_prob_yP,552,L32->L07,,False,0.0,17
GCN_prob_yP,553,L32->L10,,False,0.0,17
GCN_prob_yP,554,L32->L38,,False,0.0,17
GCN_prob_yP,555,L32->L11,,False,0.0,17
GCN_prob_yP,556,L33->L01,,False,0.0,17
GCN_prob_yP,557,L33->L34,,False,0.0,17
GCN_prob_yP,558,L33->L35,,False,0.0,17
GCN_prob_yP,559,L33->L36,,False,0.0,17
GCN_prob_yP,560,L33->L37,,False,0.0,17
GCN_prob_yP,561,L33->L04,,False,0.0,17
GCN_prob_yP,562,L33->L02,,False,0.0,17
GCN_prob_yP,563,L33->L05,,False,0.0,17
GCN_prob_yP,564,L33->L21,,False,0.0,17
GCN_prob_yP,565,L33->L03,,False,0.0,17
GCN_prob_yP,566,L33->L08,,False,0.0,17
GCN_prob_yP,567,L33->L06,,False,0.0,17
GCN_prob_yP,568,L33->L28,,False,0.0,17
GCN_prob_yP,569,L33->L20,,False,0.0,17
GCN_prob_yP,570,L33->L22,,False,0.0,17
GCN_prob_yP,571,L33->L12,,False,0.0,17
GCN_prob_yP,572,L33->L18,,False,0.0,17
GCN_prob_yP,573,L33->L15,,False,0.0,17
GCN_prob_yP,574,L33->L14,,False,0.0,17
GCN_prob_yP,575,L33->L09,,False,0.0,17
GCN_prob_yP,576,L33->L32,,False,0.0,17
GCN_prob_yP,577,L33->L13,,False,0.0,17
GCN_prob_yP,578,L33->L19,,False,0.0,17
GCN_prob_yP,579,L33->L30,,False,0.0,17
GCN_prob_yP,580,L33->L27,,False,0.0,17
GCN_prob_yP,581,L33->L23,,False,0.0,17
GCN_prob_yP,582,L33->L16,,False,0.0,17
GCN_prob_yP,583,L33->L31,,False,0.0,17
GCN_prob_yP,584,L33->L29,,False,0.0,17
GCN_prob_yP,585,L33->L24,,False,0.0,17
GCN_prob_yP,586,L33->L25,,False,0.0,17
GCN_prob_yP,587,L33->L26,,False,0.0,17
GCN_prob_yP,588,L33->L17,,False,0.0,17
GCN_prob_yP,589,L33->L07,,False,0.0,17
GCN_prob_yP,590,L33->L10,,False,0.0,17
GCN_prob_yP,591,L33->L38,,False,0.0,17
GCN_prob_yP,592,L33->L11,,False,0.0,17
GCN_prob_yP,593,L18->L01,,False,0.0,17
GCN_prob_yP,594,L18->L36,,False,0.0,17
GCN_prob_yP,595,L18->L37,,False,0.0,17
GCN_prob_yP,596,L18->L35,,False,0.0,17
GCN_prob_yP,597,L18->L34,,False,0.0,17
GCN_prob_yP,598,L18->L02,,False,0.0,17
GCN_prob_yP,599,L18->L04,,False,0.0,17
GCN_prob_yP,600,L18->L22,,False,0.0,17
GCN_prob_yP,601,L18->L05,,False,0.0,17
GCN_prob_yP,602,L18->L03,,False,0.0,17
GCN_prob_yP,603,L18->L06,,False,0.0,17
GCN_prob_yP,604,L18->L21,,False,0.0,17
GCN_prob_yP,605,L18->L14,,False,0.0,17
GCN_prob_yP,606,L18->L08,,False,0.0,17
GCN_prob_yP,607,L18->L28,,False,0.0,17
GCN_prob_yP,608,L18->L32,,False,0.0,17
GCN_prob_yP,609,L18->L33,,False,0.0,17
GCN_prob_yP,610,L18->L16,,False,0.0,17
GCN_prob_yP,611,L18->L12,,False,0.0,17
GCN_prob_yP,612,L18->L09,,False,0.0,17
GCN_prob_yP,613,L18->L19,,False,0.0,17
GCN_prob_yP,614,L18->L13,,False,0.0,17
GCN_prob_yP,615,L18->L15,,False,0.0,17
GCN_prob_yP,616,L18->L30,,False,0.0,17
GCN_prob_yP,617,L18->L23,,False,0.0,17
GCN_prob_yP,618,L18->L27,,False,0.0,17
GCN_prob_yP,619,L18->L31,,False,0.0,17
GCN_prob_yP,620,L18->L29,,False,0.0,17
GCN_prob_yP,621,L18->L24,,False,0.0,17
GCN_prob_yP,622,L18->L10,,False,0.0,17
GCN_prob_yP,623,L18->L07,,False,0.0,17
GCN_prob_yP,624,L18->L25,,False,0.0,17
GCN_prob_yP,625,L18->L26,,False,0.0,17
GCN_prob_yP,626,L18->L20,,False,0.0,17
GCN_prob_yP,627,L18->L17,,False,0.0,17
GCN_prob_yP,628,L18->L38,,False,0.0,17
GCN_prob_yP,629,L18->L11,,False,0.0,17
GCN_prob_yP,630,L28->L38,,False,0.0,17
GCN_prob_yP,631,L28->L01,,False,0.0,17
GCN_prob_yP,632,L28->L34,,False,0.0,17
GCN_prob_yP,633,L28->L35,,False,0.0,17
GCN_prob_yP,634,L28->L02,,False,0.0,17
GCN_prob_yP,635,L28->L23,,False,0.0,17
GCN_prob_yP,636,L28->L04,,False,0.0,17
GCN_prob_yP,637,L28->L36,,False,0.0,17
GCN_prob_yP,638,L28->L37,,False,0.0,17
GCN_prob_yP,639,L28->L30,,False,0.0,17
GCN_prob_yP,640,L28->L31,,False,0.0,17
GCN_prob_yP,641,L28->L03,,False,0.0,17
GCN_prob_yP,642,L28->L05,,False,0.0,17
GCN_prob_yP,643,L28->L06,,False,0.0,17
GCN_prob_yP,644,L28->L22,,False,0.0,17
GCN_prob_yP,645,L28->L08,,False,0.0,17
GCN_prob_yP,646,L28->L21,,False,0.0,17
GCN_prob_yP,647,L28->L20,,False,0.0,17
GCN_prob_yP,648,L28->L12,,False,0.0,17
GCN_prob_yP,649,L28->L15,,False,0.0,17
GCN_prob_yP,650,L28->L14,,False,0.0,17
GCN_prob_yP,651,L28->L18,,False,0.0,17
GCN_prob_yP,652,L28->L09,,False,0.0,17
GCN_prob_yP,653,L28->L13,,False,0.0,17
GCN_prob_yP,654,L28->L24,L28->L24->L06->L07,True,316.82674035082636,18
GCN_prob_yP,655,L28->L19,,False,0.0,18
GCN_prob_yP,656,L28->L29,,False,0.0,18
GCN_prob_yP,657,L28->L27,,False,0.0,18
GCN_prob_yP,658,L28->L16,,False,0.0,18
GCN_prob_yP,659,L28->L07,,False,0.0,18
GCN_prob_yP,660,L28->L32,,False,0.0,18
GCN_prob_yP,661,L28->L33,,False,0.0,18
GCN_prob_yP,662,L28->L25,L28->L25->L26,True,465.9176206657203,19
GCN_prob_yP,663,L28->L26,L28->L26->L25,True,465.9176206657203,20
GCN_prob_yP,664,L28->L17,,False,0.0,20
GCN_prob_yP,665,L28->L10,,False,0.0,20
GCN_prob_yP,666,L28->L11,,False,0.0,20
GCN_prob_yP,667,L06->L34,,False,0.0,20
GCN_prob_yP,668,L06->L35,,False,0.0,20
GCN_prob_yP,669,L06->L01,,False,0.0,20
GCN_prob_yP,670,L06->L04,,False,0.0,20
GCN_prob_yP,671,L06->L36,,False,0.0,20
GCN_prob_yP,672,L06->L37,,False,0.0,20
GCN_prob_yP,673,L06->L03,,False,0.0,20
GCN_prob_yP,674,L06->L22,,False,0.0,20
GCN_prob_yP,675,L06->L21,,False,0.0,20
GCN_prob_yP,676,L06->L05,,False,0.0,20
GCN_prob_yP,677,L06->L02,,False,0.0,20
GCN_prob_yP,678,L06->L28,,False,0.0,20
GCN_prob_yP,679,L06->L32,,False,0.0,20
GCN_prob_yP,680,L06->L33,,False,0.0,20
GCN_prob_yP,681,L06->L18,,False,0.0,20
GCN_prob_yP,682,L06->L08,,False,0.0,20
GCN_prob_yP,683,L06->L14,,False,0.0,20
GCN_prob_yP,684,L06->L15,,False,0.0,20
GCN_prob_yP,685,L06->L09,,False,0.0,20
GCN_prob_yP,686,L06->L16,,False,0.0,20
GCN_prob_yP,687,L06->L27,L06->L27,True,27.981072654937165,21
GCN_prob_yP,688,L06->L12,,False,0.0,21
GCN_prob_yP,689,L06->L17,,False,0.0,21
GCN_prob_yP,690,L06->L20,,False,0.0,21
GCN_prob_yP,691,L06->L23,,False,0.0,21
GCN_prob_yP,692,L06->L30,,False,0.0,21
GCN_prob_yP,693,L06->L19,,False,0.0,21
GCN_prob_yP,694,L06->L31,,False,0.0,21
GCN_prob_yP,695,L06->L29,,False,0.0,21
GCN_prob_yP,696,L06->L25,,False,0.0,21
GCN_prob_yP,697,L06->L26,,False,0.0,21
GCN_prob_yP,698,L06->L13,,False,0.0,21
GCN_prob_yP,699,L06->L24,,False,0.0,21
GCN_prob_yP,700,L06->L10,,False,0.0,21
GCN_prob_yP,701,L06->L07,L06->L07,True,27.981072654937165,22
GCN_prob_yP,702,L06->L38,,False,0.0,22
GCN_prob_yP,703,L06->L11,,False,0.0,22
GCN_prob_yP,704,L15->L01,,False,0.0,22
GCN_prob_yP,705,L15->L02,,False,0.0,22
GCN_prob_yP,706,L15->L08,,False,0.0,22
GCN_prob_yP,707,L15->L03,,False,0.0,22
GCN_prob_yP,708,L15->L04,,False,0.0,22
GCN_prob_yP,709,L15->L05,,False,0.0,22
GCN_prob_yP,710,L15->L21,,False,0.0,22
GCN_prob_yP,711,L15->L36,,False,0.0,22
GCN_prob_yP,712,L15->L37,,False,0.0,22
GCN_prob_yP,713,L15->L06,,False,0.0,22
GCN_prob_yP,714,L15->L30,,False,0.0,22
GCN_prob_yP,715,L15->L24,,False,0.0,22
GCN_prob_yP,716,L15->L12,,False,0.0,22
GCN_prob_yP,717,L15->L34,,False,0.0,22
GCN_prob_yP,718,L15->L35,,False,0.0,22
GCN_prob_yP,719,L15->L29,,False,0.0,22
GCN_prob_yP,720,L15->L20,,False,0.0,22
GCN_prob_yP,721,L15->L16,,False,0.0,22
GCN_prob_yP,722,L15->L22,,False,0.0,22
GCN_prob_yP,723,L15->L19,,False,0.0,22
GCN_prob_yP,724,L15->L09,,False,0.0,22
GCN_prob_yP,725,L15->L13,,False,0.0,22
GCN_prob_yP,726,L15->L14,,False,0.0,22
GCN_prob_yP,727,L15->L28,,False,0.0,22
GCN_prob_yP,728,L15->L32,,False,0.0,22
GCN_prob_yP,729,L15->L33,,False,0.0,22
GCN_prob_yP,730,L15->L10,,False,0.0,22
GCN_prob_yP,731,L15->L23,,False,0.0,22
GCN_prob_yP,732,L15->L07,,False,0.0,22
GCN_prob_yP,733,L15->L18,,False,0.0,22
GCN_prob_yP,734,L15->L17,,False,0.0,22
GCN_prob_yP,735,L15->L27,,False,0.0,22
GCN_prob_yP,736,L15->L31,,False,0.0,22
GCN_prob_yP,737,L15->L25,,False,0.0,22
GCN_prob_yP,738,L15->L26,,False,0.0,22
GCN_prob_yP,739,L15->L38,,False,0.0,22
GCN_prob_yP,740,L15->L11,,False,0.0,22
GCN_prob_yP,741,L10->L08,L10->L08->L01->L09,True,162.33705888602796,23
GCN_prob_yP,742,L10->L05,L10->L05,True,158.08614799330758,24
GCN_prob_yP,743,L10->L09,L10->L09->L08->L01->L02->L06,True,180.8791497815239,25
GCN_prob_yP,744,L10->L11,,False,0.0,25
GCN_prob_yP,745,L10->L34,,False,0.0,25
GCN_prob_yP,746,L10->L35,,False,0.0,25
GCN_prob_yP,747,L10->L21,,False,0.0,25
GCN_prob_yP,748,L10->L36,,False,0.0,25
GCN_prob_yP,749,L10->L37,,False,0.0,25
GCN_prob_yP,750,L10->L14,,False,0.0,25
GCN_prob_yP,751,L10->L28,,False,0.0,25
GCN_prob_yP,752,L10->L18,,False,0.0,25
GCN_prob_yP,753,L10->L27,L10->L27->L06->L09->L01->L04->L08,True,383.860222436461,26
GCN_prob_yP,754,L10->L32,,False,0.0,26
GCN_prob_yP,755,L10->L33,,False,0.0,26
GCN_prob_yP,756,L10->L16,,False,0.0,26
GCN_prob_yP,757,L10->L02,L10->L02->L09->L04->L08,True,180.87914978152395,27
GCN_prob_yP,758,L10->L01,L10->L01->L04->L08,True,162.337058886028,28
GCN_prob_yP,759,L10->L15,,False,0.0,28
GCN_prob_yP,760,L10->L17,,False,0.0,28
GCN_prob_yP,761,L10->L23,,False,0.0,28
GCN_prob_yP,762,L10->L22,,False,0.0,28
GCN_prob_yP,763,L10->L30,,False,0.0,28
GCN_prob_yP,764,L10->L20,,False,0.0,28
GCN_prob_yP,765,L10->L07,L10->L07->L06->L09->L01->L04->L08,True,383.860222436461,29
GCN_prob_yP,766,L10->L19,,False,0.0,29
GCN_prob_yP,767,L10->L29,,False,0.0,29
GCN_prob_yP,768,L10->L25,,False,0.0,29
GCN_prob_yP,769,L10->L26,,False,0.0,29
GCN_prob_yP,770,L10->L31,,False,0.0,29
GCN_prob_yP,771,L10->L13,,False,0.0,29
GCN_prob_yP,772,L10->L12,,False,0.0,29
GCN_prob_yP,773,L10->L24,,False,0.0,29
GCN_prob_yP,774,L10->L03,,False,0.0,29
GCN_prob_yP,775,L10->L38,,False,0.0,29
GCN_prob_yP,776,L10->L04,L10->L04->L01->L09,True,82.39944368301173,30
GCN_prob_yP,777,L10->L06,,False,0.0,30
GCN_prob_yP,778,L17->L01,,False,0.0,30
GCN_prob_yP,779,L17->L04,,False,0.0,30
GCN_prob_yP,780,L17->L21,,False,0.0,30
GCN_prob_yP,781,L17->L36,,False,0.0,30
GCN_prob_yP,782,L17->L37,,False,0.0,30
GCN_prob_yP,783,L17->L02,,False,0.0,30
GCN_prob_yP,784,L17->L05,,False,0.0,30
GCN_prob_yP,785,L17->L08,,False,0.0,30
GCN_prob_yP,786,L17->L30,,False,0.0,30
GCN_prob_yP,787,L17->L24,,False,0.0,30
GCN_prob_yP,788,L17->L03,,False,0.0,30
GCN_prob_yP,789,L17->L34,,False,0.0,30
GCN_prob_yP,790,L17->L35,,False,0.0,30
GCN_prob_yP,791,L17->L09,,False,0.0,30
GCN_prob_yP,792,L17->L12,,False,0.0,30
GCN_prob_yP,793,L17->L29,,False,0.0,30
GCN_prob_yP,794,L17->L06,,False,0.0,30
GCN_prob_yP,795,L17->L20,,False,0.0,30
GCN_prob_yP,796,L17->L22,,False,0.0,30
GCN_prob_yP,797,L17->L14,,False,0.0,30
GCN_prob_yP,798,L17->L28,,False,0.0,30
GCN_prob_yP,799,L17->L13,,False,0.0,30
GCN_prob_yP,800,L17->L19,,False,0.0,30
GCN_prob_yP,801,L17->L32,,False,0.0,30
GCN_prob_yP,802,L17->L33,,False,0.0,30
GCN_prob_yP,803,L17->L10,,False,0.0,30
GCN_prob_yP,804,L17->L23,,False,0.0,30
GCN_prob_yP,805,L17->L07,,False,0.0,30
GCN_prob_yP,806,L17->L15,,False,0.0,30
GCN_prob_yP,807,L17->L27,,False,0.0,30
GCN_prob_yP,808,L17->L18,,False,0.0,30
GCN_prob_yP,809,L17->L31,,False,0.0,30
GCN_prob_yP,810,L17->L25,,False,0.0,30
GCN_prob_yP,811,L17->L26,,False,0.0,30
GCN_prob_yP,812,L17->L11,,False,0.0,30
GCN_prob_yP,813,L17->L16,L17->L16,True,4.621657307708116,31
GCN_prob_yP,814,L17->L38,,False,0.0,31
GCN_prob_yP,815,L14->L01,,False,0.0,31
GCN_prob_yP,816,L14->L02,,False,0.0,31
GCN_prob_yP,817,L14->L04,,False,0.0,31
GCN_prob_yP,818,L14->L03,,False,0.0,31
GCN_prob_yP,819,L14->L08,,False,0.0,31
GCN_prob_yP,820,L14->L05,,False,0.0,31
GCN_prob_yP,821,L14->L36,,False,0.0,31
GCN_prob_yP,822,L14->L37,,False,0.0,31
GCN_prob_yP,823,L14->L34,,False,0.0,31
GCN_prob_yP,824,L14->L35,,False,0.0,31
GCN_prob_yP,825,L14->L21,,False,0.0,31
GCN_prob_yP,826,L14->L06,,False,0.0,31
GCN_prob_yP,827,L14->L20,,False,0.0,31
GCN_prob_yP,828,L14->L29,,False,0.0,31
GCN_prob_yP,829,L14->L24,,False,0.0,31
GCN_prob_yP,830,L14->L18,,False,0.0,31
GCN_prob_yP,831,L14->L12,,False,0.0,31
GCN_prob_yP,832,L14->L19,,False,0.0,31
GCN_prob_yP,833,L14->L17,,False,0.0,31
GCN_prob_yP,834,L14->L22,,False,0.0,31
GCN_prob_yP,835,L14->L13,,False,0.0,31
GCN_prob_yP,836,L14->L30,,False,0.0,31
GCN_prob_yP,837,L14->L10,,False,0.0,31
GCN_prob_yP,838,L14->L15,,False,0.0,31
GCN_prob_yP,839,L14->L32,,False,0.0,31
GCN_prob_yP,840,L14->L33,,False,0.0,31
GCN_prob_yP,841,L14->L23,,False,0.0,31
GCN_prob_yP,842,L14->L16,,False,0.0,31
GCN_prob_yP,843,L14->L31,,False,0.0,31
GCN_prob_yP,844,L14->L09,,False,0.0,31
GCN_prob_yP,845,L14->L28,,False,0.0,31
GCN_prob_yP,846,L14->L11,,False,0.0,31
GCN_prob_yP,847,L14->L38,,False,0.0,31
GCN_prob_yP,848,L14->L07,,False,0.0,31
GCN_prob_yP,849,L14->L27,,False,0.0,31
GCN_prob_yP,850,L14->L25,,False,0.0,31
GCN_prob_yP,851,L14->L26,,False,0.0,31
GCN_prob_yP,852,L16->L01,,False,0.0,31
GCN_prob_yP,853,L16->L04,,False,0.0,31
GCN_prob_yP,854,L16->L36,,False,0.0,31
GCN_prob_yP,855,L16->L37,,False,0.0,31
GCN_prob_yP,856,L16->L02,,False,0.0,31
GCN_prob_yP,857,L16->L34,,False,0.0,31
GCN_prob_yP,858,L16->L35,,False,0.0,31
GCN_prob_yP,859,L16->L05,,False,0.0,31
GCN_prob_yP,860,L16->L21,,False,0.0,31
GCN_prob_yP,861,L16->L20,,False,0.0,31
GCN_prob_yP,862,L16->L03,,False,0.0,31
GCN_prob_yP,863,L16->L29,,False,0.0,31
GCN_prob_yP,864,L16->L24,,False,0.0,31
GCN_prob_yP,865,L16->L30,,False,0.0,31
GCN_prob_yP,866,L16->L08,,False,0.0,31
GCN_prob_yP,867,L16->L19,,False,0.0,31
GCN_prob_yP,868,L16->L18,,False,0.0,31
GCN_prob_yP,869,L16->L06,,False,0.0,31
GCN_prob_yP,870,L16->L09,,False,0.0,31
GCN_prob_yP,871,L16->L12,,False,0.0,31
GCN_prob_yP,872,L16->L22,,False,0.0,31
GCN_prob_yP,873,L16->L23,,False,0.0,31
GCN_prob_yP,874,L16->L15,,False,0.0,31
GCN_prob_yP,875,L16->L13,,False,0.0,31
GCN_prob_yP,876,L16->L28,,False,0.0,31
GCN_prob_yP,877,L16->L14,,False,0.0,31
GCN_prob_yP,878,L16->L10,,False,0.0,31
GCN_prob_yP,879,L16->L32,,False,0.0,31
GCN_prob_yP,880,L16->L33,,False,0.0,31
GCN_prob_yP,881,L16->L31,,False,0.0,31
GCN_prob_yP,882,L16->L07,,False,0.0,31
GCN_prob_yP,883,L16->L27,,False,0.0,31
GCN_prob_yP,884,L16->L25,,False,0.0,31
GCN_prob_yP,885,L16->L26,,False,0.0,31
GCN_prob_yP,886,L16->L17,L16->L17,True,4.621657307708116,32
GCN_prob_yP,887,L16->L11,,False,0.0,32
GCN_prob_yP,888,L16->L38,,False,0.0,32
GCN_prob_yP,889,L13->L34,,False,0.0,32
GCN_prob_yP,890,L13->L35,,False,0.0,32
GCN_prob_yP,891,L13->L01,,False,0.0,32
GCN_prob_yP,892,L13->L36,,False,0.0,32
GCN_prob_yP,893,L13->L37,,False,0.0,32
GCN_prob_yP,894,L13->L02,,False,0.0,32
GCN_prob_yP,895,L13->L04,,False,0.0,32
GCN_prob_yP,896,L13->L05,,False,0.0,32
GCN_prob_yP,897,L13->L03,,False,0.0,32
GCN_prob_yP,898,L13->L21,,False,0.0,32
GCN_prob_yP,899,L13->L08,,False,0.0,32
GCN_prob_yP,900,L13->L06,,False,0.0,32
GCN_prob_yP,901,L13->L28,,False,0.0,32
GCN_prob_yP,902,L13->L22,,False,0.0,32
GCN_prob_yP,903,L13->L20,,False,0.0,32
GCN_prob_yP,904,L13->L14,,False,0.0,32
GCN_prob_yP,905,L13->L15,,False,0.0,32
GCN_prob_yP,906,L13->L32,,False,0.0,32
GCN_prob_yP,907,L13->L33,,False,0.0,32
GCN_prob_yP,908,L13->L18,,False,0.0,32
GCN_prob_yP,909,L13->L12,L13->L12,True,38.05337863080115,33
GCN_prob_yP,910,L13->L09,,False,0.0,33
GCN_prob_yP,911,L13->L19,,False,0.0,33
GCN_prob_yP,912,L13->L23,,False,0.0,33
GCN_prob_yP,913,L13->L30,,False,0.0,33
GCN_prob_yP,914,L13->L16,,False,0.0,33
GCN_prob_yP,915,L13->L27,,False,0.0,33
GCN_prob_yP,916,L13->L31,,False,0.0,33
GCN_prob_yP,917,L13->L29,,False,0.0,33
GCN_prob_yP,918,L13->L24,,False,0.0,33
GCN_prob_yP,919,L13->L17,,False,0.0,33
GCN_prob_yP,920,L13->L25,,False,0.0,33
GCN_prob_yP,921,L13->L26,,False,0.0,33
GCN_prob_yP,922,L13->L07,,False,0.0,33
GCN_prob_yP,923,L13->L10,,False,0.0,33
GCN_prob_yP,924,L13->L38,,False,0.0,33
GCN_prob_yP,925,L13->L11,L13->L11,True,17.888381576976077,34
GCN_prob_yP,926,L20->L01,,False,0.0,34
GCN_prob_yP,927,L20->L02,,False,0.0,34
GCN_prob_yP,928,L20->L04,,False,0.0,34
GCN_prob_yP,929,L20->L05,,False,0.0,34
GCN_prob_yP,930,L20->L03,,False,0.0,34
GCN_prob_yP,931,L20->L34,,False,0.0,34
GCN_prob_yP,932,L20->L35,,False,0.0,34
GCN_prob_yP,933,L20->L36,,False,0.0,34
GCN_prob_yP,934,L20->L37,,False,0.0,34
GCN_prob_yP,935,L20->L06,,False,0.0,34
GCN_prob_yP,936,L20->L08,,False,0.0,34
GCN_prob_yP,937,L20->L29,,False,0.0,34
GCN_prob_yP,938,L20->L15,,False,0.0,34
GCN_prob_yP,939,L20->L24,,False,0.0,34
GCN_prob_yP,940,L20->L22,,False,0.0,34
GCN_prob_yP,941,L20->L12,,False,0.0,34
GCN_prob_yP,942,L20->L09,,False,0.0,34
GCN_prob_yP,943,L20->L21,,False,0.0,34
GCN_prob_yP,944,L20->L14,,False,0.0,34
GCN_prob_yP,945,L20->L13,,False,0.0,34
GCN_prob_yP,946,L20->L19,,False,0.0,34
GCN_prob_yP,947,L20->L17,,False,0.0,34
GCN_prob_yP,948,L20->L30,,False,0.0,34
GCN_prob_yP,949,L20->L32,,False,0.0,34
GCN_prob_yP,950,L20->L33,,False,0.0,34
GCN_prob_yP,951,L20->L31,,False,0.0,34
GCN_prob_yP,952,L20->L28,,False,0.0,34
GCN_prob_yP,953,L20->L23,,False,0.0,34
GCN_prob_yP,954,L20->L38,,False,0.0,34
GCN_prob_yP,955,L20->L16,,False,0.0,34
GCN_prob_yP,956,L20->L10,,False,0.0,34
GCN_prob_yP,957,L20->L07,,False,0.0,34
GCN_prob_yP,958,L20->L27,,False,0.0,34
GCN_prob_yP,959,L20->L25,,False,0.0,34
GCN_prob_yP,960,L20->L26,,False,0.0,34
GCN_prob_yP,961,L20->L18,,False,0.0,34
GCN_prob_yP,962,L20->L11,,False,0.0,34
GCN_prob_yP,963,L19->L01,,False,0.0,34
GCN_prob_yP,964,L19->L02,,False,0.0,34
GCN_prob_yP,965,L19->L04,,False,0.0,34
GCN_prob_yP,966,L19->L34,,False,0.0,34
GCN_prob_yP,967,L19->L35,,False,0.0,34
GCN_prob_yP,968,L19->L36,,False,0.0,34
GCN_prob_yP,969,L19->L37,,False,0.0,34
GCN_prob_yP,970,L19->L05,,False,0.0,34
GCN_prob_yP,971,L19->L03,,False,0.0,34
GCN_prob_yP,972,L19->L21,,False,0.0,34
GCN_prob_yP,973,L19->L29,,False,0.0,34
GCN_prob_yP,974,L19->L06,,False,0.0,34
GCN_prob_yP,975,L19->L08,,False,0.0,34
GCN_prob_yP,976,L19->L12,,False,0.0,34
GCN_prob_yP,977,L19->L14,,False,0.0,34
GCN_prob_yP,978,L19->L24,,False,0.0,34
GCN_prob_yP,979,L19->L15,,False,0.0,34
GCN_prob_yP,980,L19->L22,,False,0.0,34
GCN_prob_yP,981,L19->L20,,False,0.0,34
GCN_prob_yP,982,L19->L09,,False,0.0,34
GCN_prob_yP,983,L19->L13,,False,0.0,34
GCN_prob_yP,984,L19->L16,,False,0.0,34
GCN_prob_yP,985,L19->L30,,False,0.0,34
GCN_prob_yP,986,L19->L33,,False,0.0,34
GCN_prob_yP,987,L19->L32,,False,0.0,34
GCN_prob_yP,988,L19->L28,,False,0.0,34
GCN_prob_yP,989,L19->L31,,False,0.0,34
GCN_prob_yP,990,L19->L10,,False,0.0,34
GCN_prob_yP,991,L19->L23,L19->L23,True,193.9878918650109,35
GCN_prob_yP,992,L19->L17,,False,0.0,35
GCN_prob_yP,993,L19->L38,,False,0.0,35
GCN_prob_yP,994,L19->L18,,False,0.0,35
GCN_prob_yP,995,L19->L11,,False,0.0,35
GCN_prob_yP,996,L19->L07,,False,0.0,35
GCN_prob_yP,997,L19->L27,,False,0.0,35
GCN_prob_yP,998,L19->L25,,False,0.0,35
GCN_prob_yP,999,L19->L26,,False,0.0,35
GCN_prob_yP,1000,L30->L01,,False,0.0,35
GCN_prob_yP,1001,L30->L34,,False,0.0,35
GCN_prob_yP,1002,L30->L35,,False,0.0,35
GCN_prob_yP,1003,L30->L02,,False,0.0,35
GCN_prob_yP,1004,L30->L04,,False,0.0,35
GCN_prob_yP,1005,L30->L36,,False,0.0,35
GCN_prob_yP,1006,L30->L37,,False,0.0,35
GCN_prob_yP,1007,L30->L03,,False,0.0,35
GCN_prob_yP,1008,L30->L05,,False,0.0,35
GCN_prob_yP,1009,L30->L22,,False,0.0,35
GCN_prob_yP,1010,L30->L06,,False,0.0,35
GCN_prob_yP,1011,L30->L08,,False,0.0,35
GCN_prob_yP,1012,L30->L21,,False,0.0,35
GCN_prob_yP,1013,L30->L20,,False,0.0,35
GCN_prob_yP,1014,L30->L12,,False,0.0,35
GCN_prob_yP,1015,L30->L14,,False,0.0,35
GCN_prob_yP,1016,L30->L32,,False,0.0,35
GCN_prob_yP,1017,L30->L33,,False,0.0,35
GCN_prob_yP,1018,L30->L15,,False,0.0,35
GCN_prob_yP,1019,L30->L27,,False,0.0,35
GCN_prob_yP,1020,L30->L18,,False,0.0,35
GCN_prob_yP,1021,L30->L28,,False,0.0,35
GCN_prob_yP,1022,L30->L09,,False,0.0,35
GCN_prob_yP,1023,L30->L13,,False,0.0,35
GCN_prob_yP,1024,L30->L19,,False,0.0,35
GCN_prob_yP,1025,L30->L24,,False,0.0,35
GCN_prob_yP,1026,L30->L23,,False,0.0,35
GCN_prob_yP,1027,L30->L29,,False,0.0,35
GCN_prob_yP,1028,L30->L16,,False,0.0,35
GCN_prob_yP,1029,L30->L25,,False,0.0,35
GCN_prob_yP,1030,L30->L26,,False,0.0,35
GCN_prob_yP,1031,L30->L17,,False,0.0,35
GCN_prob_yP,1032,L30->L07,,False,0.0,35
GCN_prob_yP,1033,L30->L10,,False,0.0,35
GCN_prob_yP,1034,L30->L31,,False,0.0,35
GCN_prob_yP,1035,L30->L38,,False,0.0,35
GCN_prob_yP,1036,L30->L11,,False,0.0,35
GCN_prob_yP,1037,L29->L01,,False,0.0,35
GCN_prob_yP,1038,L29->L04,,False,0.0,35
GCN_prob_yP,1039,L29->L36,,False,0.0,35
GCN_prob_yP,1040,L29->L37,,False,0.0,35
GCN_prob_yP,1041,L29->L21,,False,0.0,35
GCN_prob_yP,1042,L29->L34,,False,0.0,35
GCN_prob_yP,1043,L29->L35,,False,0.0,35
GCN_prob_yP,1044,L29->L22,,False,0.0,35
GCN_prob_yP,1045,L29->L05,,False,0.0,35
GCN_prob_yP,1046,L29->L03,,False,0.0,35
GCN_prob_yP,1047,L29->L08,,False,0.0,35
GCN_prob_yP,1048,L29->L02,,False,0.0,35
GCN_prob_yP,1049,L29->L28,,False,0.0,35
GCN_prob_yP,1050,L29->L06,,False,0.0,35
GCN_prob_yP,1051,L29->L15,,False,0.0,35
GCN_prob_yP,1052,L29->L18,,False,0.0,35
GCN_prob_yP,1053,L29->L14,,False,0.0,35
GCN_prob_yP,1054,L29->L20,,False,0.0,35
GCN_prob_yP,1055,L29->L32,,False,0.0,35
GCN_prob_yP,1056,L29->L33,,False,0.0,35
GCN_prob_yP,1057,L29->L12,,False,0.0,35
GCN_prob_yP,1058,L29->L09,,False,0.0,35
GCN_prob_yP,1059,L29->L19,,False,0.0,35
GCN_prob_yP,1060,L29->L13,,False,0.0,35
GCN_prob_yP,1061,L29->L27,L29->L27->L23,True,368.67301237704925,36
GCN_prob_yP,1062,L29->L17,,False,0.0,36
GCN_prob_yP,1063,L29->L30,,False,0.0,36
GCN_prob_yP,1064,L29->L31,,False,0.0,36
GCN_prob_yP,1065,L29->L16,,False,0.0,36
GCN_prob_yP,1066,L29->L25,,False,0.0,36
GCN_prob_yP,1067,L29->L26,,False,0.0,36
GCN_prob_yP,1068,L29->L23,L29->L23->L06->L07->L27,True,368.673012377049,37
GCN_prob_yP,1069,L29->L24,,False,0.0,37
GCN_prob_yP,1070,L29->L10,,False,0.0,37
GCN_prob_yP,1071,L29->L07,L29->L07->L23,True,368.6730123770492,38
GCN_prob_yP,1072,L29->L38,,False,0.0,38
GCN_prob_yP,1073,L29->L11,,False,0.0,38
GCN_prob_yP,1074,L09->L34,,False,0.0,38
GCN_prob_yP,1075,L09->L35,,False,0.0,38
GCN_prob_yP,1076,L09->L01,,False,0.0,38
GCN_prob_yP,1077,L09->L04,,False,0.0,38
GCN_prob_yP,1078,L09->L36,,False,0.0,38
GCN_prob_yP,1079,L09->L37,,False,0.0,38
GCN_prob_yP,1080,L09->L05,,False,0.0,38
GCN_prob_yP,1081,L09->L02,,False,0.0,38
GCN_prob_yP,1082,L09->L21,,False,0.0,38
GCN_prob_yP,1083,L09->L06,,False,0.0,38
GCN_prob_yP,1084,L09->L28,,False,0.0,38
GCN_prob_yP,1085,L09->L08,,False,0.0,38
GCN_prob_yP,1086,L09->L22,,False,0.0,38
GCN_prob_yP,1087,L09->L20,,False,0.0,38
GCN_prob_yP,1088,L09->L18,,False,0.0,38
GCN_prob_yP,1089,L09->L15,,False,0.0,38
GCN_prob_yP,1090,L09->L14,,False,0.0,38
GCN_prob_yP,1091,L09->L32,,False,0.0,38
GCN_prob_yP,1092,L09->L33,,False,0.0,38
GCN_prob_yP,1093,L09->L12,,False,0.0,38
GCN_prob_yP,1094,L09->L19,,False,0.0,38
GCN_prob_yP,1095,L09->L13,,False,0.0,38
GCN_prob_yP,1096,L09->L23,,False,0.0,38
GCN_prob_yP,1097,L09->L30,,False,0.0,38
GCN_prob_yP,1098,L09->L03,L09->L03,True,85.8406488939796,39
GCN_prob_yP,1099,L09->L16,,False,0.0,39
GCN_prob_yP,1100,L09->L27,,False,0.0,39
GCN_prob_yP,1101,L09->L31,,False,0.0,39
GCN_prob_yP,1102,L09->L29,,False,0.0,39
GCN_prob_yP,1103,L09->L24,,False,0.0,39
GCN_prob_yP,1104,L09->L25,,False,0.0,39
GCN_prob_yP,1105,L09->L26,,False,0.0,39
GCN_prob_yP,1106,L09->L17,,False,0.0,39
GCN_prob_yP,1107,L09->L07,,False,0.0,39
GCN_prob_yP,1108,L09->L38,,False,0.0,39
GCN_prob_yP,1109,L09->L10,,False,0.0,39
GCN_prob_yP,1110,L09->L11,,False,0.0,39
GCN_prob_yP,1111,L23->L01,,False,0.0,39
GCN_prob_yP,1112,L23->L34,,False,0.0,39
GCN_prob_yP,1113,L23->L35,,False,0.0,39
GCN_prob_yP,1114,L23->L36,,False,0.0,39
GCN_prob_yP,1115,L23->L37,,False,0.0,39
GCN_prob_yP,1116,L23->L04,,False,0.0,39
GCN_prob_yP,1117,L23->L21,,False,0.0,39
GCN_prob_yP,1118,L23->L29,,False,0.0,39
GCN_prob_yP,1119,L23->L05,,False,0.0,39
GCN_prob_yP,1120,L23->L08,,False,0.0,39
GCN_prob_yP,1121,L23->L03,,False,0.0,39
GCN_prob_yP,1122,L23->L30,,False,0.0,39
GCN_prob_yP,1123,L23->L24,,False,0.0,39
GCN_prob_yP,1124,L23->L06,,False,0.0,39
GCN_prob_yP,1125,L23->L02,,False,0.0,39
GCN_prob_yP,1126,L23->L19,L23->L19,True,193.9878918650109,40
GCN_prob_yP,1127,L23->L22,,False,0.0,40
GCN_prob_yP,1128,L23->L28,,False,0.0,40
GCN_prob_yP,1129,L23->L12,,False,0.0,40
GCN_prob_yP,1130,L23->L09,,False,0.0,40
GCN_prob_yP,1131,L23->L15,,False,0.0,40
GCN_prob_yP,1132,L23->L13,,False,0.0,40
GCN_prob_yP,1133,L23->L16,,False,0.0,40
GCN_prob_yP,1134,L23->L14,,False,0.0,40
GCN_prob_yP,1135,L23->L20,,False,0.0,40
GCN_prob_yP,1136,L23->L10,,False,0.0,40
GCN_prob_yP,1137,L23->L32,,False,0.0,40
GCN_prob_yP,1138,L23->L33,,False,0.0,40
GCN_prob_yP,1139,L23->L17,,False,0.0,40
GCN_prob_yP,1140,L23->L27,,False,0.0,40
GCN_prob_yP,1141,L23->L25,,False,0.0,40
GCN_prob_yP,1142,L23->L26,,False,0.0,40
GCN_prob_yP,1143,L23->L31,,False,0.0,40
GCN_prob_yP,1144,L23->L07,,False,0.0,40
GCN_prob_yP,1145,L23->L18,,False,0.0,40
GCN_prob_yP,1146,L23->L38,,False,0.0,40
GCN_prob_yP,1147,L23->L11,,False,0.0,40
GCN_prob_yP,1148,L27->L23,L27->L23->L29,True,368.67301237704925,41
GCN_prob_yP,1149,L27->L34,,False,0.0,41
GCN_prob_yP,1150,L27->L35,,False,0.0,41
GCN_prob_yP,1151,L27->L01,,False,0.0,41
GCN_prob_yP,1152,L27->L22,,False,0.0,41
GCN_prob_yP,1153,L27->L04,,False,0.0,41
GCN_prob_yP,1154,L27->L21,,False,0.0,41
GCN_prob_yP,1155,L27->L07,,False,0.0,41
GCN_prob_yP,1156,L27->L36,,False,0.0,41
GCN_prob_yP,1157,L27->L37,,False,0.0,41
GCN_prob_yP,1158,L27->L03,,False,0.0,41
GCN_prob_yP,1159,L27->L28,,False,0.0,41
GCN_prob_yP,1160,L27->L02,L27->L02,True,27.98107265493719,42
GCN_prob_yP,1161,L27->L10,,False,0.0,42
GCN_prob_yP,1162,L27->L05,,False,0.0,42
GCN_prob_yP,1163,L27->L19,,False,0.0,42
GCN_prob_yP,1164,L27->L32,,False,0.0,42
GCN_prob_yP,1165,L27->L33,,False,0.0,42
GCN_prob_yP,1166,L27->L16,,False,0.0,42
GCN_prob_yP,1167,L27->L14,,False,0.0,42
GCN_prob_yP,1168,L27->L15,,False,0.0,42
GCN_prob_yP,1169,L27->L17,,False,0.0,42
GCN_prob_yP,1170,L27->L18,,False,0.0,42
GCN_prob_yP,1171,L27->L09,,False,0.0,42
GCN_prob_yP,1172,L27->L31,,False,0.0,42
GCN_prob_yP,1173,L27->L08,,False,0.0,42
GCN_prob_yP,1174,L27->L06,L27->L06,True,27.981072654937165,43
GCN_prob_yP,1175,L27->L25,,False,0.0,43
GCN_prob_yP,1176,L27->L26,,False,0.0,43
GCN_prob_yP,1177,L27->L30,,False,0.0,43
GCN_prob_yP,1178,L27->L20,,False,0.0,43
GCN_prob_yP,1179,L27->L24,,False,0.0,43
GCN_prob_yP,1180,L27->L13,,False,0.0,43
GCN_prob_yP,1181,L27->L12,,False,0.0,43
GCN_prob_yP,1182,L27->L38,,False,0.0,43
GCN_prob_yP,1183,L27->L29,L27->L29->L23,True,368.67301237704925,44
GCN_prob_yP,1184,L27->L11,,False,0.0,44
GCN_prob_yP,1185,L24->L34,,False,0.0,44
GCN_prob_yP,1186,L24->L35,,False,0.0,44
GCN_prob_yP,1187,L24->L01,,False,0.0,44
GCN_prob_yP,1188,L24->L04,,False,0.0,44
GCN_prob_yP,1189,L24->L36,,False,0.0,44
GCN_prob_yP,1190,L24->L37,,False,0.0,44
GCN_prob_yP,1191,L24->L02,,False,0.0,44
GCN_prob_yP,1192,L24->L21,,False,0.0,44
GCN_prob_yP,1193,L24->L05,,False,0.0,44
GCN_prob_yP,1194,L24->L03,,False,0.0,44
GCN_prob_yP,1195,L24->L08,,False,0.0,44
GCN_prob_yP,1196,L24->L06,,False,0.0,44
GCN_prob_yP,1197,L24->L20,,False,0.0,44
GCN_prob_yP,1198,L24->L22,,False,0.0,44
GCN_prob_yP,1199,L24->L15,,False,0.0,44
GCN_prob_yP,1200,L24->L18,,False,0.0,44
GCN_prob_yP,1201,L24->L14,,False,0.0,44
GCN_prob_yP,1202,L24->L32,,False,0.0,44
GCN_prob_yP,1203,L24->L33,,False,0.0,44
GCN_prob_yP,1204,L24->L12,,False,0.0,44
GCN_prob_yP,1205,L24->L09,,False,0.0,44
GCN_prob_yP,1206,L24->L28,L24->L28->L06->L07,True,316.82674035082636,45
GCN_prob_yP,1207,L24->L13,,False,0.0,45
GCN_prob_yP,1208,L24->L19,,False,0.0,45
GCN_prob_yP,1209,L24->L16,,False,0.0,45
GCN_prob_yP,1210,L24->L31,,False,0.0,45
GCN_prob_yP,1211,L24->L30,,False,0.0,45
GCN_prob_yP,1212,L24->L23,,False,0.0,45
GCN_prob_yP,1213,L24->L29,,False,0.0,45
GCN_prob_yP,1214,L24->L17,,False,0.0,45
GCN_prob_yP,1215,L24->L27,,False,0.0,45
GCN_prob_yP,1216,L24->L25,,False,0.0,45
GCN_prob_yP,1217,L24->L26,,False,0.0,45
GCN_prob_yP,1218,L24->L10,,False,0.0,45
GCN_prob_yP,1219,L24->L07,,False,0.0,45
GCN_prob_yP,1220,L24->L38,,False,0.0,45
GCN_prob_yP,1221,L24->L11,,False,0.0,45
GCN_prob_yP,1222,L31->L38,L31->L38,True,20.907752918885308,46
GCN_prob_yP,1223,L31->L01,,False,0.0,46
GCN_prob_yP,1224,L31->L34,,False,0.0,46
GCN_prob_yP,1225,L31->L35,,False,0.0,46
GCN_prob_yP,1226,L31->L02,,False,0.0,46
GCN_prob_yP,1227,L31->L04,,False,0.0,46
GCN_prob_yP,1228,L31->L36,,False,0.0,46
GCN_prob_yP,1229,L31->L37,,False,0.0,46
GCN_prob_yP,1230,L31->L28,,False,0.0,46
GCN_prob_yP,1231,L31->L03,,False,0.0,46
GCN_prob_yP,1232,L31->L05,,False,0.0,46
GCN_prob_yP,1233,L31->L06,,False,0.0,46
GCN_prob_yP,1234,L31->L22,,False,0.0,46
GCN_prob_yP,1235,L31->L21,,False,0.0,46
GCN_prob_yP,1236,L31->L08,,False,0.0,46
GCN_prob_yP,1237,L31->L20,,False,0.0,46
GCN_prob_yP,1238,L31->L12,,False,0.0,46
GCN_prob_yP,1239,L31->L27,,False,0.0,46
GCN_prob_yP,1240,L31->L14,,False,0.0,46
GCN_prob_yP,1241,L31->L15,,False,0.0,46
GCN_prob_yP,1242,L31->L23,,False,0.0,46
GCN_prob_yP,1243,L31->L18,,False,0.0,46
GCN_prob_yP,1244,L31->L25,,False,0.0,46
GCN_prob_yP,1245,L31->L26,,False,0.0,46
GCN_prob_yP,1246,L31->L09,,False,0.0,46
GCN_prob_yP,1247,L31->L13,,False,0.0,46
GCN_prob_yP,1248,L31->L30,,False,0.0,46
GCN_prob_yP,1249,L31->L19,,False,0.0,46
GCN_prob_yP,1250,L31->L16,,False,0.0,46
GCN_prob_yP,1251,L31->L29,,False,0.0,46
GCN_prob_yP,1252,L31->L32,,False,0.0,46
GCN_prob_yP,1253,L31->L33,,False,0.0,46
GCN_prob_yP,1254,L31->L24,,False,0.0,46
GCN_prob_yP,1255,L31->L07,,False,0.0,46
GCN_prob_yP,1256,L31->L17,,False,0.0,46
GCN_prob_yP,1257,L31->L10,,False,0.0,46
GCN_prob_yP,1258,L31->L11,,False,0.0,46
GCN_prob_yP,1259,L07->L23,L07->L23->L29,True,368.6730123770492,47
GCN_prob_yP,1260,L07->L34,,False,0.0,47
GCN_prob_yP,1261,L07->L35,,False,0.0,47
GCN_prob_yP,1262,L07->L01,,False,0.0,47
GCN_prob_yP,1263,L07->L22,,False,0.0,47
GCN_prob_yP,1264,L07->L04,,False,0.0,47
GCN_prob_yP,1265,L07->L21,,False,0.0,47
GCN_prob_yP,1266,L07->L37,,False,0.0,47
GCN_prob_yP,1267,L07->L36,,False,0.0,47
GCN_prob_yP,1268,L07->L03,,False,0.0,47
GCN_prob_yP,1269,L07->L28,,False,0.0,47
GCN_prob_yP,1270,L07->L02,L07->L02,True,27.981072654937165,48
GCN_prob_yP,1271,L07->L10,,False,0.0,48
GCN_prob_yP,1272,L07->L27,,False,0.0,48
GCN_prob_yP,1273,L07->L05,,False,0.0,48
GCN_prob_yP,1274,L07->L19,,False,0.0,48
GCN_prob_yP,1275,L07->L32,,False,0.0,48
GCN_prob_yP,1276,L07->L33,,False,0.0,48
GCN_prob_yP,1277,L07->L16,,False,0.0,48
GCN_prob_yP,1278,L07->L14,,False,0.0,48
GCN_prob_yP,1279,L07->L15,,False,0.0,48
GCN_prob_yP,1280,L07->L17,,False,0.0,48
GCN_prob_yP,1281,L07->L18,,False,0.0,48
GCN_prob_yP,1282,L07->L31,,False,0.0,48
GCN_prob_yP,1283,L07->L09,,False,0.0,48
GCN_prob_yP,1284,L07->L08,,False,0.0,48
GCN_prob_yP,1285,L07->L25,,False,0.0,48
GCN_prob_yP,1286,L07->L26,,False,0.0,48
GCN_prob_yP,1287,L07->L06,L07->L06,True,27.981072654937165,49
GCN_prob_yP,1288,L07->L30,,False,0.0,49
GCN_prob_yP,1289,L07->L20,,False,0.0,49
GCN_prob_yP,1290,L07->L13,,False,0.0,49
GCN_prob_yP,1291,L07->L12,,False,0.0,49
GCN_prob_yP,1292,L07->L24,,False,0.0,49
GCN_prob_yP,1293,L07->L38,,False,0.0,49
GCN_prob_yP,1294,L07->L29,L07->L29->L23,True,368.6730123770492,50
GCN_prob_yP,1295,L07->L11,,False,0.0,50
GCN_prob_yP,1296,L25->L01,,False,0.0,50
GCN_prob_yP,1297,L25->L34,,False,0.0,50
GCN_prob_yP,1298,L25->L35,,False,0.0,50
GCN_prob_yP,1299,L25->L28,L25->L28->L26,True,465.9176206657203,51
GCN_prob_yP,1300,L25->L36,,False,0.0,51
GCN_prob_yP,1301,L25->L37,,False,0.0,51
GCN_prob_yP,1302,L25->L04,,False,0.0,51
GCN_prob_yP,1303,L25->L02,,False,0.0,51
GCN_prob_yP,1304,L25->L05,,False,0.0,51
GCN_prob_yP,1305,L25->L21,,False,0.0,51
GCN_prob_yP,1306,L25->L03,,False,0.0,51
GCN_prob_yP,1307,L25->L06,,False,0.0,51
GCN_prob_yP,1308,L25->L08,,False,0.0,51
GCN_prob_yP,1309,L25->L20,,False,0.0,51
GCN_prob_yP,1310,L25->L22,,False,0.0,51
GCN_prob_yP,1311,L25->L12,,False,0.0,51
GCN_prob_yP,1312,L25->L18,,False,0.0,51
GCN_prob_yP,1313,L25->L15,,False,0.0,51
GCN_prob_yP,1314,L25->L14,,False,0.0,51
GCN_prob_yP,1315,L25->L09,,False,0.0,51
GCN_prob_yP,1316,L25->L32,,False,0.0,51
GCN_prob_yP,1317,L25->L33,,False,0.0,51
GCN_prob_yP,1318,L25->L23,,False,0.0,51
GCN_prob_yP,1319,L25->L13,,False,0.0,51
GCN_prob_yP,1320,L25->L19,,False,0.0,51
GCN_prob_yP,1321,L25->L16,,False,0.0,51
GCN_prob_yP,1322,L25->L31,,False,0.0,51
GCN_prob_yP,1323,L25->L27,,False,0.0,51
GCN_prob_yP,1324,L25->L30,,False,0.0,51
GCN_prob_yP,1325,L25->L17,,False,0.0,51
GCN_prob_yP,1326,L25->L29,,False,0.0,51
GCN_prob_yP,1327,L25->L07,,False,0.0,51
GCN_prob_yP,1328,L25->L10,,False,0.0,51
GCN_prob_yP,1329,L25->L24,,False,0.0,51
GCN_prob_yP,1330,L25->L38,,False,0.0,51
GCN_prob_yP,1331,L25->L26,L25->L26->L28,True,465.9176206657203,52
GCN_prob_yP,1332,L25->L11,,False,0.0,52
GCN_prob_yP,1333,L26->L01,,False,0.0,52
GCN_prob_yP,1334,L26->L34,,False,0.0,52
GCN_prob_yP,1335,L26->L35,,False,0.0,52
GCN_prob_yP,1336,L26->L28,L26->L28->L25,True,465.9176206657203,53
GCN_prob_yP,1337,L26->L36,,False,0.0,53
GCN_prob_yP,1338,L26->L37,,False,0.0,53
GCN_prob_yP,1339,L26->L04,,False,0.0,53
GCN_prob_yP,1340,L26->L02,,False,0.0,53
GCN_prob_yP,1341,L26->L05,,False,0.0,53
GCN_prob_yP,1342,L26->L21,,False,0.0,53
GCN_prob_yP,1343,L26->L03,,False,0.0,53
GCN_prob_yP,1344,L26->L06,,False,0.0,53
GCN_prob_yP,1345,L26->L08,,False,0.0,53
GCN_prob_yP,1346,L26->L20,,False,0.0,53
GCN_prob_yP,1347,L26->L22,,False,0.0,53
GCN_prob_yP,1348,L26->L12,,False,0.0,53
GCN_prob_yP,1349,L26->L18,,False,0.0,53
GCN_prob_yP,1350,L26->L15,,False,0.0,53
GCN_prob_yP,1351,L26->L14,,False,0.0,53
GCN_prob_yP,1352,L26->L09,,False,0.0,53
GCN_prob_yP,1353,L26->L32,,False,0.0,53
GCN_prob_yP,1354,L26->L33,,False,0.0,53
GCN_prob_yP,1355,L26->L23,,False,0.0,53
GCN_prob_yP,1356,L26->L13,,False,0.0,53
GCN_prob_yP,1357,L26->L19,,False,0.0,53
GCN_prob_yP,1358,L26->L16,,False,0.0,53
GCN_prob_yP,1359,L26->L31,,False,0.0,53
GCN_prob_yP,1360,L26->L27,,False,0.0,53
GCN_prob_yP,1361,L26->L30,,False,0.0,53
GCN_prob_yP,1362,L26->L17,,False,0.0,53
GCN_prob_yP,1363,L26->L29,,False,0.0,53
GCN_prob_yP,1364,L26->L07,,False,0.0,53
GCN_prob_yP,1365,L26->L10,,False,0.0,53
GCN_prob_yP,1366,L26->L24,,False,0.0,53
GCN_prob_yP,1367,L26->L38,,False,0.0,53
GCN_prob_yP,1368,L26->L25,L26->L25->L28,True,465.9176206657203,54
GCN_prob_yP,1369,L26->L11,,False,0.0,54
GCN_prob_yP,1370,L38->L01,,False,0.0,54
GCN_prob_yP,1371,L38->L34,,False,0.0,54
GCN_prob_yP,1372,L38->L35,,False,0.0,54
GCN_prob_yP,1373,L38->L36,,False,0.0,54
GCN_prob_yP,1374,L38->L37,,False,0.0,54
GCN_prob_yP,1375,L38->L04,,False,0.0,54
GCN_prob_yP,1376,L38->L02,,False,0.0,54
GCN_prob_yP,1377,L38->L05,,False,0.0,54
GCN_prob_yP,1378,L38->L21,,False,0.0,54
GCN_prob_yP,1379,L38->L03,,False,0.0,54
GCN_prob_yP,1380,L38->L06,,False,0.0,54
GCN_prob_yP,1381,L38->L08,,False,0.0,54
GCN_prob_yP,1382,L38->L20,,False,0.0,54
GCN_prob_yP,1383,L38->L12,,False,0.0,54
GCN_prob_yP,1384,L38->L22,,False,0.0,54
GCN_prob_yP,1385,L38->L14,,False,0.0,54
GCN_prob_yP,1386,L38->L15,,False,0.0,54
GCN_prob_yP,1387,L38->L18,,False,0.0,54
GCN_prob_yP,1388,L38->L32,,False,0.0,54
GCN_prob_yP,1389,L38->L33,,False,0.0,54
GCN_prob_yP,1390,L38->L09,,False,0.0,54
GCN_prob_yP,1391,L38->L13,,False,0.0,54
GCN_prob_yP,1392,L38->L19,,False,0.0,54
GCN_prob_yP,1393,L38->L16,,False,0.0,54
GCN_prob_yP,1394,L38->L28,,False,0.0,54
GCN_prob_yP,1395,L38->L31,L38->L31,True,20.907752918885308,55
GCN_prob_yP,1396,L38->L23,,False,0.0,55
GCN_prob_yP,1397,L38->L29,,False,0.0,55
GCN_prob_yP,1398,L38->L17,,False,0.0,55
GCN_prob_yP,1399,L38->L24,,False,0.0,55
GCN_prob_yP,1400,L38->L27,,False,0.0,55
GCN_prob_yP,1401,L38->L30,,False,0.0,55
GCN_prob_yP,1402,L38->L10,,False,0.0,55
GCN_prob_yP,1403,L38->L07,,False,0.0,55
GCN_prob_yP,1404,L38->L25,,False,0.0,55
GCN_prob_yP,1405,L38->L26,,False,0.0,55
GCN_prob_yP,1406,L38->L11,,False,0.0,55
GCN_path_prob,1,L10->L08,L10->L08->L01->L09,True,162.33705888602796,1
GCN_path_prob,2,L10->L05,L10->L05,True,158.08614799330758,2
GCN_path_prob,3,L10->L09,L10->L09->L08->L01->L02->L06,True,180.8791497815239,3
GCN_path_prob,4,L01->L10,,False,0.0,3
GCN_path_prob,5,L04->L09,L04->L09->L10->L01->L02,True,100.94153457850766,4
GCN_path_prob,6,L01->L12,,False,0.0,4
GCN_path_prob,7,L08->L09,L08->L09->L10->L01->L02->L06,True,180.8791497815239,5
GCN_path_prob,8,L01->L04,,False,0.0,5
GCN_path_prob,9,L01->L03,,False,0.0,5
GCN_path_prob,10,L01->L34,,False,0.0,5
GCN_path_prob,11,L01->L35,,False,0.0,5
GCN_path_prob,12,L01->L05,,False,0.0,5
GCN_path_prob,13,L04->L01,L04->L01->L10,True,82.39944368301173,6
GCN_path_prob,14,L01->L21,,False,0.0,6
GCN_path_prob,15,L34->L35,,False,0.0,6
GCN_path_prob,16,L35->L34,,False,0.0,6
GCN_path_prob,17,L34->L01,,False,0.0,6
GCN_path_prob,18,L35->L01,,False,0.0,6
GCN_path_prob,19,L05->L01,,False,0.0,6
GCN_path_prob,20,L04->L10,L04->L10->L01->L09,True,82.39944368301173,7
GCN_path_prob,21,L08->L10,L08->L10->L01->L09,True,162.33705888602796,8
GCN_path_prob,22,L36->L34,,False,0.0,8
GCN_path_prob,23,L36->L35,,False,0.0,8
GCN_path_prob,24,L37->L34,,False,0.0,8
GCN_path_prob,25,L37->L35,,False,0.0,8
GCN_path_prob,26,L04->L34,,False,0.0,8
GCN_path_prob,27,L04->L35,,False,0.0,8
GCN_path_prob,28,L02->L01,,False,0.0,8
GCN_path_prob,29,L01->L36,,False,0.0,8
GCN_path_prob,30,L01->L37,,False,0.0,8
GCN_path_prob,31,L36->L01,,False,0.0,8
GCN_path_prob,32,L37->L01,,False,0.0,8
GCN_path_prob,33,L02->L34,,False,0.0,8
GCN_path_prob,34,L02->L35,,False,0.0,8
GCN_path_prob,35,L34->L36,,False,0.0,8
GCN_path_prob,36,L34->L37,,False,0.0,8
GCN_path_prob,37,L35->L36,,False,0.0,8
GCN_path_prob,38,L35->L37,,False,0.0,8
GCN_path_prob,39,L04->L21,,False,0.0,8
GCN_path_prob,40,L05->L34,,False,0.0,8
GCN_path_prob,41,L05->L35,,False,0.0,8
GCN_path_prob,42,L36->L37,,False,0.0,8
GCN_path_prob,43,L37->L36,,False,0.0,8
GCN_path_prob,44,L34->L04,,False,0.0,8
GCN_path_prob,45,L35->L04,,False,0.0,8
GCN_path_prob,46,L34->L02,,False,0.0,8
GCN_path_prob,47,L35->L02,,False,0.0,8
GCN_path_prob,48,L05->L04,,False,0.0,8
GCN_path_prob,49,L01->L02,,False,0.0,8
GCN_path_prob,50,L21->L01,,False,0.0,8
GCN_path_prob,51,L05->L10,L05->L10,True,158.08614799330758,9
GCN_path_prob,52,L21->L36,,False,0.0,9
GCN_path_prob,53,L21->L37,,False,0.0,9
GCN_path_prob,54,L05->L08,,False,0.0,9
GCN_path_prob,55,L05->L21,,False,0.0,9
GCN_path_prob,56,L36->L04,,False,0.0,9
GCN_path_prob,57,L37->L04,,False,0.0,9
GCN_path_prob,58,L36->L02,,False,0.0,9
GCN_path_prob,59,L37->L02,,False,0.0,9
GCN_path_prob,60,L04->L36,,False,0.0,9
GCN_path_prob,61,L04->L37,,False,0.0,9
GCN_path_prob,62,L01->L17,,False,0.0,9
GCN_path_prob,63,L02->L36,,False,0.0,9
GCN_path_prob,64,L02->L37,,False,0.0,9
GCN_path_prob,65,L21->L34,,False,0.0,9
GCN_path_prob,66,L21->L35,,False,0.0,9
GCN_path_prob,67,L34->L05,,False,0.0,9
GCN_path_prob,68,L35->L05,,False,0.0,9
GCN_path_prob,69,L02->L04,,False,0.0,9
GCN_path_prob,70,L34->L03,,False,0.0,9
GCN_path_prob,71,L35->L03,,False,0.0,9
GCN_path_prob,72,L03->L01,,False,0.0,9
GCN_path_prob,73,L22->L01,,False,0.0,9
GCN_path_prob,74,L34->L21,,False,0.0,9
GCN_path_prob,75,L35->L21,,False,0.0,9
GCN_path_prob,76,L01->L28,,False,0.0,9
GCN_path_prob,77,L21->L04,,False,0.0,9
GCN_path_prob,78,L34->L06,,False,0.0,9
GCN_path_prob,79,L35->L06,,False,0.0,9
GCN_path_prob,80,L08->L34,,False,0.0,9
GCN_path_prob,81,L08->L35,,False,0.0,9
GCN_path_prob,82,L36->L21,,False,0.0,9
GCN_path_prob,83,L37->L21,,False,0.0,9
GCN_path_prob,84,L34->L08,,False,0.0,9
GCN_path_prob,85,L35->L08,,False,0.0,9
GCN_path_prob,86,L03->L02,,False,0.0,9
GCN_path_prob,87,L11->L01,,False,0.0,9
GCN_path_prob,88,L34->L28,,False,0.0,9
GCN_path_prob,89,L35->L28,,False,0.0,9
GCN_path_prob,90,L36->L05,,False,0.0,9
GCN_path_prob,91,L37->L05,,False,0.0,9
GCN_path_prob,92,L04->L08,L04->L08,True,79.93761520301625,10
GCN_path_prob,93,L02->L03,,False,0.0,10
GCN_path_prob,94,L05->L36,,False,0.0,10
GCN_path_prob,95,L05->L37,,False,0.0,10
GCN_path_prob,96,L36->L03,,False,0.0,10
GCN_path_prob,97,L37->L03,,False,0.0,10
GCN_path_prob,98,L02->L05,,False,0.0,10
GCN_path_prob,99,L05->L09,,False,0.0,10
GCN_path_prob,100,L03->L36,,False,0.0,10
GCN_path_prob,101,L03->L37,,False,0.0,10
GCN_path_prob,102,L02->L21,,False,0.0,10
GCN_path_prob,103,L08->L21,,False,0.0,10
GCN_path_prob,104,L36->L06,,False,0.0,10
GCN_path_prob,105,L37->L06,,False,0.0,10
GCN_path_prob,106,L01->L32,,False,0.0,10
GCN_path_prob,107,L01->L33,,False,0.0,10
GCN_path_prob,108,L21->L08,,False,0.0,10
GCN_path_prob,109,L01->L18,,False,0.0,10
GCN_path_prob,110,L12->L01,,False,0.0,10
GCN_path_prob,111,L36->L08,,False,0.0,10
GCN_path_prob,112,L37->L08,,False,0.0,10
GCN_path_prob,113,L08->L36,,False,0.0,10
GCN_path_prob,114,L08->L37,,False,0.0,10
GCN_path_prob,115,L21->L15,,False,0.0,10
GCN_path_prob,116,L34->L22,,False,0.0,10
GCN_path_prob,117,L35->L22,,False,0.0,10
GCN_path_prob,118,L21->L05,,False,0.0,10
GCN_path_prob,119,L36->L28,,False,0.0,10
GCN_path_prob,120,L37->L28,,False,0.0,10
GCN_path_prob,121,L22->L02,,False,0.0,10
GCN_path_prob,122,L03->L08,,False,0.0,10
GCN_path_prob,123,L03->L06,,False,0.0,10
GCN_path_prob,124,L01->L08,,False,0.0,10
GCN_path_prob,125,L03->L21,,False,0.0,10
GCN_path_prob,126,L21->L20,,False,0.0,10
GCN_path_prob,127,L36->L22,,False,0.0,10
GCN_path_prob,128,L37->L22,,False,0.0,10
GCN_path_prob,129,L10->L11,,False,0.0,10
GCN_path_prob,130,L01->L16,,False,0.0,10
GCN_path_prob,131,L02->L06,,False,0.0,10
GCN_path_prob,132,L34->L12,,False,0.0,10
GCN_path_prob,133,L35->L12,,False,0.0,10
GCN_path_prob,134,L03->L34,,False,0.0,10
GCN_path_prob,135,L03->L35,,False,0.0,10
GCN_path_prob,136,L32->L01,,False,0.0,10
GCN_path_prob,137,L33->L01,,False,0.0,10
GCN_path_prob,138,L03->L04,,False,0.0,10
GCN_path_prob,139,L22->L04,,False,0.0,10
GCN_path_prob,140,L32->L34,,False,0.0,10
GCN_path_prob,141,L32->L35,,False,0.0,10
GCN_path_prob,142,L33->L34,,False,0.0,10
GCN_path_prob,143,L33->L35,,False,0.0,10
GCN_path_prob,144,L18->L01,,False,0.0,10
GCN_path_prob,145,L04->L28,,False,0.0,10
GCN_path_prob,146,L02->L28,,False,0.0,10
GCN_path_prob,147,L21->L03,,False,0.0,10
GCN_path_prob,148,L34->L20,,False,0.0,10
GCN_path_prob,149,L35->L20,,False,0.0,10
GCN_path_prob,150,L02->L08,,False,0.0,10
GCN_path_prob,151,L34->L14,,False,0.0,10
GCN_path_prob,152,L34->L15,,False,0.0,10
GCN_path_prob,153,L34->L18,,False,0.0,10
GCN_path_prob,154,L34->L32,,False,0.0,10
GCN_path_prob,155,L34->L33,,False,0.0,10
GCN_path_prob,156,L35->L14,,False,0.0,10
GCN_path_prob,157,L35->L15,,False,0.0,10
GCN_path_prob,158,L35->L18,,False,0.0,10
GCN_path_prob,159,L35->L32,,False,0.0,10
GCN_path_prob,160,L35->L33,,False,0.0,10
GCN_path_prob,161,L11->L34,,False,0.0,10
GCN_path_prob,162,L11->L35,,False,0.0,10
GCN_path_prob,163,L11->L04,,False,0.0,10
GCN_path_prob,164,L12->L04,,False,0.0,10
GCN_path_prob,165,L11->L02,,False,0.0,10
GCN_path_prob,166,L02->L20,,False,0.0,10
GCN_path_prob,167,L11->L36,,False,0.0,10
GCN_path_prob,168,L11->L37,,False,0.0,10
GCN_path_prob,169,L28->L38,,False,0.0,10
GCN_path_prob,170,L04->L32,,False,0.0,10
GCN_path_prob,171,L04->L33,,False,0.0,10
GCN_path_prob,172,L04->L18,,False,0.0,10
GCN_path_prob,173,L05->L28,,False,0.0,10
GCN_path_prob,174,L36->L12,,False,0.0,10
GCN_path_prob,175,L37->L12,,False,0.0,10
GCN_path_prob,176,L18->L36,,False,0.0,10
GCN_path_prob,177,L18->L37,,False,0.0,10
GCN_path_prob,178,L22->L05,,False,0.0,10
GCN_path_prob,179,L22->L03,,False,0.0,10
GCN_path_prob,180,L11->L21,,False,0.0,10
GCN_path_prob,181,L02->L22,,False,0.0,10
GCN_path_prob,182,L01->L09,,False,0.0,10
GCN_path_prob,183,L36->L14,,False,0.0,10
GCN_path_prob,184,L36->L15,,False,0.0,10
GCN_path_prob,185,L36->L18,,False,0.0,10
GCN_path_prob,186,L36->L32,,False,0.0,10
GCN_path_prob,187,L36->L33,,False,0.0,10
GCN_path_prob,188,L37->L14,,False,0.0,10
GCN_path_prob,189,L37->L15,,False,0.0,10
GCN_path_prob,190,L37->L18,,False,0.0,10
GCN_path_prob,191,L37->L32,,False,0.0,10
GCN_path_prob,192,L37->L33,,False,0.0,10
GCN_path_prob,193,L12->L34,,False,0.0,10
GCN_path_prob,194,L12->L35,,False,0.0,10
GCN_path_prob,195,L28->L01,,False,0.0,10
GCN_path_prob,196,L18->L35,,False,0.0,10
GCN_path_prob,197,L18->L34,,False,0.0,10
GCN_path_prob,198,L01->L14,,False,0.0,10
GCN_path_prob,199,L32->L36,,False,0.0,10
GCN_path_prob,200,L32->L37,,False,0.0,10
GCN_path_prob,201,L33->L36,,False,0.0,10
GCN_path_prob,202,L33->L37,,False,0.0,10
GCN_path_prob,203,L02->L12,,False,0.0,10
GCN_path_prob,204,L32->L04,,False,0.0,10
GCN_path_prob,205,L33->L04,,False,0.0,10
GCN_path_prob,206,L02->L14,,False,0.0,10
GCN_path_prob,207,L02->L15,,False,0.0,10
GCN_path_prob,208,L02->L18,,False,0.0,10
GCN_path_prob,209,L02->L32,,False,0.0,10
GCN_path_prob,210,L02->L33,,False,0.0,10
GCN_path_prob,211,L12->L36,,False,0.0,10
GCN_path_prob,212,L12->L37,,False,0.0,10
GCN_path_prob,213,L36->L20,,False,0.0,10
GCN_path_prob,214,L37->L20,,False,0.0,10
GCN_path_prob,215,L18->L02,,False,0.0,10
GCN_path_prob,216,L12->L02,,False,0.0,10
GCN_path_prob,217,L11->L05,,False,0.0,10
GCN_path_prob,218,L34->L09,,False,0.0,10
GCN_path_prob,219,L35->L09,,False,0.0,10
GCN_path_prob,220,L32->L02,,False,0.0,10
GCN_path_prob,221,L33->L02,,False,0.0,10
GCN_path_prob,222,L11->L03,,False,0.0,10
GCN_path_prob,223,L21->L06,,False,0.0,10
GCN_path_prob,224,L18->L04,,False,0.0,10
GCN_path_prob,225,L06->L34,,False,0.0,10
GCN_path_prob,226,L06->L35,,False,0.0,10
GCN_path_prob,227,L21->L32,,False,0.0,10
GCN_path_prob,228,L21->L33,,False,0.0,10
GCN_path_prob,229,L12->L21,,False,0.0,10
GCN_path_prob,230,L06->L01,,False,0.0,10
GCN_path_prob,231,L05->L18,,False,0.0,10
GCN_path_prob,232,L28->L34,,False,0.0,10
GCN_path_prob,233,L28->L35,,False,0.0,10
GCN_path_prob,234,L03->L05,,False,0.0,10
GCN_path_prob,235,L22->L06,,False,0.0,10
GCN_path_prob,236,L12->L06,,False,0.0,10
GCN_path_prob,237,L05->L32,,False,0.0,10
GCN_path_prob,238,L05->L33,,False,0.0,10
GCN_path_prob,239,L03->L29,,False,0.0,10
GCN_path_prob,240,L06->L04,,False,0.0,10
GCN_path_prob,241,L03->L14,,False,0.0,10
GCN_path_prob,242,L03->L24,,False,0.0,10
GCN_path_prob,243,L01->L27,,False,0.0,10
GCN_path_prob,244,L21->L28,,False,0.0,10
GCN_path_prob,245,L22->L08,,False,0.0,10
GCN_path_prob,246,L12->L08,,False,0.0,10
GCN_path_prob,247,L18->L22,,False,0.0,10
GCN_path_prob,248,L36->L09,,False,0.0,10
GCN_path_prob,249,L37->L09,,False,0.0,10
GCN_path_prob,250,L05->L02,,False,0.0,10
GCN_path_prob,251,L12->L05,,False,0.0,10
GCN_path_prob,252,L32->L05,,False,0.0,10
GCN_path_prob,253,L33->L05,,False,0.0,10
GCN_path_prob,254,L32->L21,,False,0.0,10
GCN_path_prob,255,L33->L21,,False,0.0,10
GCN_path_prob,256,L21->L17,,False,0.0,10
GCN_path_prob,257,L32->L03,,False,0.0,10
GCN_path_prob,258,L33->L03,,False,0.0,10
GCN_path_prob,259,L28->L02,,False,0.0,10
GCN_path_prob,260,L22->L20,,False,0.0,10
GCN_path_prob,261,L05->L14,,False,0.0,10
GCN_path_prob,262,L27->L23,L27->L23->L29,True,368.67301237704925,11
GCN_path_prob,263,L08->L32,,False,0.0,11
GCN_path_prob,264,L08->L33,,False,0.0,11
GCN_path_prob,265,L18->L05,,False,0.0,11
GCN_path_prob,266,L18->L03,,False,0.0,11
GCN_path_prob,267,L21->L02,,False,0.0,11
GCN_path_prob,268,L28->L23,,False,0.0,11
GCN_path_prob,269,L06->L36,,False,0.0,11
GCN_path_prob,270,L06->L37,,False,0.0,11
GCN_path_prob,271,L18->L06,,False,0.0,11
GCN_path_prob,272,L08->L01,L08->L01->L10,True,162.33705888602796,12
GCN_path_prob,273,L28->L04,,False,0.0,12
GCN_path_prob,274,L15->L01,,False,0.0,12
GCN_path_prob,275,L22->L34,,False,0.0,12
GCN_path_prob,276,L22->L35,,False,0.0,12
GCN_path_prob,277,L10->L34,,False,0.0,12
GCN_path_prob,278,L10->L35,,False,0.0,12
GCN_path_prob,279,L02->L09,,False,0.0,12
GCN_path_prob,280,L28->L36,,False,0.0,12
GCN_path_prob,281,L28->L37,,False,0.0,12
GCN_path_prob,282,L06->L03,,False,0.0,12
GCN_path_prob,283,L32->L08,,False,0.0,12
GCN_path_prob,284,L33->L08,,False,0.0,12
GCN_path_prob,285,L32->L06,,False,0.0,12
GCN_path_prob,286,L33->L06,,False,0.0,12
GCN_path_prob,287,L12->L03,,False,0.0,12
GCN_path_prob,288,L18->L21,,False,0.0,12
GCN_path_prob,289,L11->L10,,False,0.0,12
GCN_path_prob,290,L22->L14,,False,0.0,12
GCN_path_prob,291,L08->L18,,False,0.0,12
GCN_path_prob,292,L28->L30,,False,0.0,12
GCN_path_prob,293,L04->L27,,False,0.0,12
GCN_path_prob,294,L18->L14,,False,0.0,12
GCN_path_prob,295,L04->L14,,False,0.0,12
GCN_path_prob,296,L14->L01,,False,0.0,12
GCN_path_prob,297,L05->L03,,False,0.0,12
GCN_path_prob,298,L18->L08,,False,0.0,12
GCN_path_prob,299,L21->L12,,False,0.0,12
GCN_path_prob,300,L06->L22,,False,0.0,12
GCN_path_prob,301,L06->L21,,False,0.0,12
GCN_path_prob,302,L04->L17,,False,0.0,12
GCN_path_prob,303,L28->L31,,False,0.0,12
GCN_path_prob,304,L17->L01,,False,0.0,12
GCN_path_prob,305,L22->L12,,False,0.0,12
GCN_path_prob,306,L18->L28,,False,0.0,12
GCN_path_prob,307,L08->L28,,False,0.0,12
GCN_path_prob,308,L28->L03,,False,0.0,12
GCN_path_prob,309,L10->L21,,False,0.0,12
GCN_path_prob,310,L32->L28,,False,0.0,12
GCN_path_prob,311,L33->L28,,False,0.0,12
GCN_path_prob,312,L32->L20,,False,0.0,12
GCN_path_prob,313,L33->L20,,False,0.0,12
GCN_path_prob,314,L03->L20,,False,0.0,12
GCN_path_prob,315,L04->L02,,False,0.0,12
GCN_path_prob,316,L28->L05,,False,0.0,12
GCN_path_prob,317,L11->L13,L11->L13,True,17.888381576976077,13
GCN_path_prob,318,L15->L02,,False,0.0,13
GCN_path_prob,319,L22->L24,,False,0.0,13
GCN_path_prob,320,L21->L19,,False,0.0,13
GCN_path_prob,321,L28->L06,,False,0.0,13
GCN_path_prob,322,L28->L22,,False,0.0,13
GCN_path_prob,323,L01->L11,,False,0.0,13
GCN_path_prob,324,L05->L27,,False,0.0,13
GCN_path_prob,325,L12->L10,,False,0.0,13
GCN_path_prob,326,L06->L05,,False,0.0,13
GCN_path_prob,327,L03->L12,,False,0.0,13
GCN_path_prob,328,L04->L16,,False,0.0,13
GCN_path_prob,329,L32->L22,,False,0.0,13
GCN_path_prob,330,L33->L22,,False,0.0,13
GCN_path_prob,331,L34->L13,,False,0.0,13
GCN_path_prob,332,L35->L13,,False,0.0,13
GCN_path_prob,333,L32->L12,,False,0.0,13
GCN_path_prob,334,L33->L12,,False,0.0,13
GCN_path_prob,335,L28->L08,,False,0.0,13
GCN_path_prob,336,L06->L02,,False,0.0,13
GCN_path_prob,337,L12->L17,,False,0.0,13
GCN_path_prob,338,L15->L08,,False,0.0,13
GCN_path_prob,339,L03->L10,,False,0.0,13
GCN_path_prob,340,L15->L03,,False,0.0,13
GCN_path_prob,341,L17->L04,,False,0.0,13
GCN_path_prob,342,L01->L23,,False,0.0,13
GCN_path_prob,343,L15->L04,,False,0.0,13
GCN_path_prob,344,L28->L21,,False,0.0,13
GCN_path_prob,345,L11->L08,,False,0.0,13
GCN_path_prob,346,L32->L14,,False,0.0,13
GCN_path_prob,347,L32->L15,,False,0.0,13
GCN_path_prob,348,L32->L18,,False,0.0,13
GCN_path_prob,349,L33->L14,,False,0.0,13
GCN_path_prob,350,L33->L15,,False,0.0,13
GCN_path_prob,351,L33->L18,,False,0.0,13
GCN_path_prob,352,L16->L01,,False,0.0,13
GCN_path_prob,353,L14->L02,,False,0.0,13
GCN_path_prob,354,L21->L09,,False,0.0,13
GCN_path_prob,355,L20->L01,,False,0.0,13
GCN_path_prob,356,L22->L21,,False,0.0,13
GCN_path_prob,357,L11->L18,,False,0.0,13
GCN_path_prob,358,L15->L05,,False,0.0,13
GCN_path_prob,359,L22->L09,,False,0.0,13
GCN_path_prob,360,L34->L19,,False,0.0,13
GCN_path_prob,361,L35->L19,,False,0.0,13
GCN_path_prob,362,L15->L21,,False,0.0,13
GCN_path_prob,363,L12->L18,,False,0.0,13
GCN_path_prob,364,L18->L16,,False,0.0,13
GCN_path_prob,365,L18->L32,,False,0.0,13
GCN_path_prob,366,L18->L33,,False,0.0,13
GCN_path_prob,367,L05->L17,,False,0.0,13
GCN_path_prob,368,L15->L36,,False,0.0,13
GCN_path_prob,369,L15->L37,,False,0.0,13
GCN_path_prob,370,L13->L34,,False,0.0,13
GCN_path_prob,371,L13->L35,,False,0.0,13
GCN_path_prob,372,L01->L15,,False,0.0,13
GCN_path_prob,373,L08->L02,,False,0.0,13
GCN_path_prob,374,L10->L36,,False,0.0,13
GCN_path_prob,375,L10->L37,,False,0.0,13
GCN_path_prob,376,L01->L13,,False,0.0,13
GCN_path_prob,377,L13->L01,,False,0.0,13
GCN_path_prob,378,L28->L20,,False,0.0,13
GCN_path_prob,379,L03->L15,,False,0.0,13
GCN_path_prob,380,L36->L13,,False,0.0,13
GCN_path_prob,381,L37->L13,,False,0.0,13
GCN_path_prob,382,L01->L20,,False,0.0,13
GCN_path_prob,383,L06->L28,,False,0.0,13
GCN_path_prob,384,L08->L27,,False,0.0,13
GCN_path_prob,385,L14->L04,,False,0.0,13
GCN_path_prob,386,L14->L03,,False,0.0,13
GCN_path_prob,387,L14->L08,,False,0.0,13
GCN_path_prob,388,L08->L17,,False,0.0,13
GCN_path_prob,389,L15->L06,,False,0.0,13
GCN_path_prob,390,L17->L21,,False,0.0,13
GCN_path_prob,391,L05->L16,,False,0.0,13
GCN_path_prob,392,L22->L29,,False,0.0,13
GCN_path_prob,393,L01->L22,,False,0.0,13
GCN_path_prob,394,L34->L23,,False,0.0,13
GCN_path_prob,395,L35->L23,,False,0.0,13
GCN_path_prob,396,L18->L12,,False,0.0,13
GCN_path_prob,397,L14->L05,,False,0.0,13
GCN_path_prob,398,L02->L13,,False,0.0,13
GCN_path_prob,399,L14->L36,,False,0.0,13
GCN_path_prob,400,L14->L37,,False,0.0,13
GCN_path_prob,401,L01->L19,,False,0.0,13
GCN_path_prob,402,L32->L09,,False,0.0,13
GCN_path_prob,403,L33->L09,,False,0.0,13
GCN_path_prob,404,L16->L04,,False,0.0,13
GCN_path_prob,405,L17->L36,,False,0.0,13
GCN_path_prob,406,L17->L37,,False,0.0,13
GCN_path_prob,407,L28->L12,,False,0.0,13
GCN_path_prob,408,L17->L02,,False,0.0,13
GCN_path_prob,409,L36->L19,,False,0.0,13
GCN_path_prob,410,L37->L19,,False,0.0,13
GCN_path_prob,411,L21->L14,,False,0.0,13
GCN_path_prob,412,L28->L15,,False,0.0,13
GCN_path_prob,413,L28->L14,,False,0.0,13
GCN_path_prob,414,L14->L34,,False,0.0,13
GCN_path_prob,415,L14->L35,,False,0.0,13
GCN_path_prob,416,L14->L21,,False,0.0,13
GCN_path_prob,417,L37->L23,,False,0.0,13
GCN_path_prob,418,L36->L23,,False,0.0,13
GCN_path_prob,419,L02->L19,,False,0.0,13
GCN_path_prob,420,L10->L14,,False,0.0,13
GCN_path_prob,421,L20->L02,,False,0.0,13
GCN_path_prob,422,L14->L06,,False,0.0,13
GCN_path_prob,423,L06->L32,,False,0.0,13
GCN_path_prob,424,L06->L33,,False,0.0,13
GCN_path_prob,425,L17->L05,,False,0.0,13
GCN_path_prob,426,L13->L36,,False,0.0,13
GCN_path_prob,427,L13->L37,,False,0.0,13
GCN_path_prob,428,L22->L19,,False,0.0,13
GCN_path_prob,429,L20->L04,,False,0.0,13
GCN_path_prob,430,L28->L18,,False,0.0,13
GCN_path_prob,431,L11->L17,,False,0.0,13
GCN_path_prob,432,L13->L02,,False,0.0,13
GCN_path_prob,433,L13->L04,,False,0.0,13
GCN_path_prob,434,L22->L36,,False,0.0,13
GCN_path_prob,435,L22->L37,,False,0.0,13
GCN_path_prob,436,L16->L36,,False,0.0,13
GCN_path_prob,437,L16->L37,,False,0.0,13
GCN_path_prob,438,L01->L30,,False,0.0,13
GCN_path_prob,439,L10->L28,,False,0.0,13
GCN_path_prob,440,L16->L02,,False,0.0,13
GCN_path_prob,441,L10->L18,,False,0.0,13
GCN_path_prob,442,L21->L13,,False,0.0,13
GCN_path_prob,443,L04->L20,,False,0.0,13
GCN_path_prob,444,L07->L23,L07->L23->L29,True,368.6730123770492,14
GCN_path_prob,445,L05->L23,,False,0.0,14
GCN_path_prob,446,L22->L15,,False,0.0,14
GCN_path_prob,447,L16->L34,,False,0.0,14
GCN_path_prob,448,L16->L35,,False,0.0,14
GCN_path_prob,449,L04->L22,,False,0.0,14
GCN_path_prob,450,L14->L20,,False,0.0,14
GCN_path_prob,451,L19->L01,,False,0.0,14
GCN_path_prob,452,L18->L09,,False,0.0,14
GCN_path_prob,453,L32->L33,,False,0.0,14
GCN_path_prob,454,L33->L32,,False,0.0,14
GCN_path_prob,455,L16->L05,,False,0.0,14
GCN_path_prob,456,L28->L09,,False,0.0,14
GCN_path_prob,457,L16->L21,,False,0.0,14
GCN_path_prob,458,L11->L29,,False,0.0,14
GCN_path_prob,459,L05->L15,,False,0.0,14
GCN_path_prob,460,L12->L24,,False,0.0,14
GCN_path_prob,461,L14->L29,,False,0.0,14
GCN_path_prob,462,L15->L24,,False,0.0,14
GCN_path_prob,463,L15->L30,,False,0.0,14
GCN_path_prob,464,L21->L27,,False,0.0,14
GCN_path_prob,465,L20->L05,,False,0.0,14
GCN_path_prob,466,L12->L29,,False,0.0,14
GCN_path_prob,467,L20->L03,,False,0.0,14
GCN_path_prob,468,L13->L05,,False,0.0,14
GCN_path_prob,469,L13->L03,,False,0.0,14
GCN_path_prob,470,L10->L27,L10->L27->L06->L09->L01->L04->L08,True,383.860222436461,15
GCN_path_prob,471,L10->L32,,False,0.0,15
GCN_path_prob,472,L10->L33,,False,0.0,15
GCN_path_prob,473,L13->L21,,False,0.0,15
GCN_path_prob,474,L16->L20,,False,0.0,15
GCN_path_prob,475,L04->L23,,False,0.0,15
GCN_path_prob,476,L04->L30,,False,0.0,15
GCN_path_prob,477,L04->L15,,False,0.0,15
GCN_path_prob,478,L04->L03,,False,0.0,15
GCN_path_prob,479,L34->L16,,False,0.0,15
GCN_path_prob,480,L35->L16,,False,0.0,15
GCN_path_prob,481,L10->L16,,False,0.0,15
GCN_path_prob,482,L08->L16,,False,0.0,15
GCN_path_prob,483,L03->L22,,False,0.0,15
GCN_path_prob,484,L18->L19,,False,0.0,15
GCN_path_prob,485,L17->L08,,False,0.0,15
GCN_path_prob,486,L17->L30,,False,0.0,15
GCN_path_prob,487,L11->L24,,False,0.0,15
GCN_path_prob,488,L34->L30,,False,0.0,15
GCN_path_prob,489,L35->L30,,False,0.0,15
GCN_path_prob,490,L06->L18,,False,0.0,15
GCN_path_prob,491,L02->L23,,False,0.0,15
GCN_path_prob,492,L30->L01,,False,0.0,15
GCN_path_prob,493,L05->L22,,False,0.0,15
GCN_path_prob,494,L16->L03,,False,0.0,15
GCN_path_prob,495,L04->L19,,False,0.0,15
GCN_path_prob,496,L16->L29,,False,0.0,15
GCN_path_prob,497,L36->L16,,False,0.0,15
GCN_path_prob,498,L37->L16,,False,0.0,15
GCN_path_prob,499,L14->L24,,False,0.0,15
GCN_path_prob,500,L05->L20,,False,0.0,15
GCN_path_prob,501,L02->L27,L02->L27,True,27.98107265493719,16
GCN_path_prob,502,L13->L08,,False,0.0,16
GCN_path_prob,503,L08->L12,,False,0.0,16
GCN_path_prob,504,L20->L34,,False,0.0,16
GCN_path_prob,505,L20->L35,,False,0.0,16
GCN_path_prob,506,L13->L06,,False,0.0,16
GCN_path_prob,507,L22->L13,,False,0.0,16
GCN_path_prob,508,L32->L13,,False,0.0,16
GCN_path_prob,509,L33->L13,,False,0.0,16
GCN_path_prob,510,L03->L09,L03->L09,True,85.8406488939796,17
GCN_path_prob,511,L20->L36,,False,0.0,17
GCN_path_prob,512,L20->L37,,False,0.0,17
GCN_path_prob,513,L13->L28,,False,0.0,17
GCN_path_prob,514,L20->L06,,False,0.0,17
GCN_path_prob,515,L27->L34,,False,0.0,17
GCN_path_prob,516,L27->L35,,False,0.0,17
GCN_path_prob,517,L19->L02,,False,0.0,17
GCN_path_prob,518,L05->L19,,False,0.0,17
GCN_path_prob,519,L10->L02,L10->L02->L09->L04->L08,True,180.87914978152395,18
GCN_path_prob,520,L08->L29,,False,0.0,18
GCN_path_prob,521,L02->L16,,False,0.0,18
GCN_path_prob,522,L17->L24,,False,0.0,18
GCN_path_prob,523,L08->L06,,False,0.0,18
GCN_path_prob,524,L19->L04,,False,0.0,18
GCN_path_prob,525,L08->L07,,False,0.0,18
GCN_path_prob,526,L20->L08,,False,0.0,18
GCN_path_prob,527,L13->L22,,False,0.0,18
GCN_path_prob,528,L13->L20,,False,0.0,18
GCN_path_prob,529,L14->L18,,False,0.0,18
GCN_path_prob,530,L05->L11,,False,0.0,18
GCN_path_prob,531,L36->L30,,False,0.0,18
GCN_path_prob,532,L37->L30,,False,0.0,18
GCN_path_prob,533,L05->L30,,False,0.0,18
GCN_path_prob,534,L09->L34,,False,0.0,18
GCN_path_prob,535,L09->L35,,False,0.0,18
GCN_path_prob,536,L15->L12,,False,0.0,18
GCN_path_prob,537,L21->L30,,False,0.0,18
GCN_path_prob,538,L08->L20,,False,0.0,18
GCN_path_prob,539,L32->L19,,False,0.0,18
GCN_path_prob,540,L33->L19,,False,0.0,18
GCN_path_prob,541,L30->L34,,False,0.0,18
GCN_path_prob,542,L30->L35,,False,0.0,18
GCN_path_prob,543,L08->L30,,False,0.0,18
GCN_path_prob,544,L03->L19,,False,0.0,18
GCN_path_prob,545,L02->L30,,False,0.0,18
GCN_path_prob,546,L16->L08,,False,0.0,18
GCN_path_prob,547,L16->L24,,False,0.0,18
GCN_path_prob,548,L16->L30,,False,0.0,18
GCN_path_prob,549,L21->L22,L21->L22->L23->L02->L06->L07->L27,True,727.2781283848517,19
GCN_path_prob,550,L19->L34,,False,0.0,19
GCN_path_prob,551,L19->L35,,False,0.0,19
GCN_path_prob,552,L20->L29,,False,0.0,19
GCN_path_prob,553,L09->L01,,False,0.0,19
GCN_path_prob,554,L04->L12,,False,0.0,19
GCN_path_prob,555,L29->L01,,False,0.0,19
GCN_path_prob,556,L10->L01,L10->L01->L04->L08,True,162.337058886028,20
GCN_path_prob,557,L11->L06,,False,0.0,20
GCN_path_prob,558,L11->L15,,False,0.0,20
GCN_path_prob,559,L34->L27,,False,0.0,20
GCN_path_prob,560,L35->L27,,False,0.0,20
GCN_path_prob,561,L13->L14,,False,0.0,20
GCN_path_prob,562,L13->L15,,False,0.0,20
GCN_path_prob,563,L13->L18,,False,0.0,20
GCN_path_prob,564,L13->L32,,False,0.0,20
GCN_path_prob,565,L13->L33,,False,0.0,20
GCN_path_prob,566,L30->L02,,False,0.0,20
GCN_path_prob,567,L19->L36,,False,0.0,20
GCN_path_prob,568,L19->L37,,False,0.0,20
GCN_path_prob,569,L03->L16,,False,0.0,20
GCN_path_prob,570,L06->L08,,False,0.0,20
GCN_path_prob,571,L30->L04,,False,0.0,20
GCN_path_prob,572,L08->L14,,False,0.0,20
GCN_path_prob,573,L19->L05,,False,0.0,20
GCN_path_prob,574,L11->L20,,False,0.0,20
GCN_path_prob,575,L14->L12,,False,0.0,20
GCN_path_prob,576,L20->L15,,False,0.0,20
GCN_path_prob,577,L28->L13,,False,0.0,20
GCN_path_prob,578,L12->L16,,False,0.0,20
GCN_path_prob,579,L20->L24,,False,0.0,20
GCN_path_prob,580,L19->L03,,False,0.0,20
GCN_path_prob,581,L28->L24,L28->L24->L06->L07,True,316.82674035082636,21
GCN_path_prob,582,L08->L22,,False,0.0,21
GCN_path_prob,583,L04->L05,,False,0.0,21
GCN_path_prob,584,L19->L21,,False,0.0,21
GCN_path_prob,585,L04->L29,,False,0.0,21
GCN_path_prob,586,L15->L34,,False,0.0,21
GCN_path_prob,587,L15->L35,,False,0.0,21
GCN_path_prob,588,L32->L30,,False,0.0,21
GCN_path_prob,589,L33->L30,,False,0.0,21
GCN_path_prob,590,L17->L03,,False,0.0,21
GCN_path_prob,591,L03->L30,,False,0.0,21
GCN_path_prob,592,L30->L36,,False,0.0,21
GCN_path_prob,593,L30->L37,,False,0.0,21
GCN_path_prob,594,L23->L01,,False,0.0,21
GCN_path_prob,595,L23->L34,,False,0.0,21
GCN_path_prob,596,L23->L35,,False,0.0,21
GCN_path_prob,597,L11->L14,,False,0.0,21
GCN_path_prob,598,L20->L22,,False,0.0,21
GCN_path_prob,599,L06->L14,,False,0.0,21
GCN_path_prob,600,L06->L15,,False,0.0,21
GCN_path_prob,601,L21->L18,,False,0.0,21
GCN_path_prob,602,L34->L31,,False,0.0,21
GCN_path_prob,603,L35->L31,,False,0.0,21
GCN_path_prob,604,L18->L13,,False,0.0,21
GCN_path_prob,605,L01->L06,,False,0.0,21
GCN_path_prob,606,L32->L27,,False,0.0,21
GCN_path_prob,607,L33->L27,,False,0.0,21
GCN_path_prob,608,L09->L04,,False,0.0,21
GCN_path_prob,609,L09->L36,,False,0.0,21
GCN_path_prob,610,L09->L37,,False,0.0,21
GCN_path_prob,611,L15->L29,,False,0.0,21
GCN_path_prob,612,L12->L20,,False,0.0,21
GCN_path_prob,613,L16->L19,,False,0.0,21
GCN_path_prob,614,L01->L31,,False,0.0,21
GCN_path_prob,615,L05->L12,,False,0.0,21
GCN_path_prob,616,L20->L12,,False,0.0,21
GCN_path_prob,617,L29->L04,,False,0.0,21
GCN_path_prob,618,L19->L29,,False,0.0,21
GCN_path_prob,619,L19->L06,,False,0.0,21
GCN_path_prob,620,L08->L15,,False,0.0,21
GCN_path_prob,621,L17->L34,,False,0.0,21
GCN_path_prob,622,L17->L35,,False,0.0,21
GCN_path_prob,623,L01->L29,,False,0.0,21
GCN_path_prob,624,L19->L08,,False,0.0,21
GCN_path_prob,625,L11->L22,,False,0.0,21
GCN_path_prob,626,L16->L18,,False,0.0,21
GCN_path_prob,627,L04->L07,,False,0.0,21
GCN_path_prob,628,L29->L36,,False,0.0,21
GCN_path_prob,629,L29->L37,,False,0.0,21
GCN_path_prob,630,L36->L27,,False,0.0,21
GCN_path_prob,631,L37->L27,,False,0.0,21
GCN_path_prob,632,L30->L03,,False,0.0,21
GCN_path_prob,633,L12->L15,,False,0.0,21
GCN_path_prob,634,L30->L05,,False,0.0,21
GCN_path_prob,635,L21->L16,,False,0.0,21
GCN_path_prob,636,L29->L21,,False,0.0,21
GCN_path_prob,637,L12->L14,,False,0.0,21
GCN_path_prob,638,L29->L34,,False,0.0,21
GCN_path_prob,639,L29->L35,,False,0.0,21
GCN_path_prob,640,L10->L15,,False,0.0,21
GCN_path_prob,641,L23->L36,,False,0.0,21
GCN_path_prob,642,L23->L37,,False,0.0,21
GCN_path_prob,643,L22->L30,,False,0.0,21
GCN_path_prob,644,L36->L31,,False,0.0,21
GCN_path_prob,645,L37->L31,,False,0.0,21
GCN_path_prob,646,L03->L32,,False,0.0,21
GCN_path_prob,647,L03->L33,,False,0.0,21
GCN_path_prob,648,L28->L19,,False,0.0,21
GCN_path_prob,649,L30->L22,,False,0.0,21
GCN_path_prob,650,L11->L16,,False,0.0,21
GCN_path_prob,651,L30->L06,,False,0.0,21
GCN_path_prob,652,L21->L31,,False,0.0,21
GCN_path_prob,653,L13->L12,L13->L12,True,38.05337863080115,22
GCN_path_prob,654,L23->L04,,False,0.0,22
GCN_path_prob,655,L12->L22,,False,0.0,22
GCN_path_prob,656,L08->L04,L08->L04,True,79.93761520301625,23
GCN_path_prob,657,L02->L31,,False,0.0,23
GCN_path_prob,658,L34->L29,,False,0.0,23
GCN_path_prob,659,L35->L29,,False,0.0,23
GCN_path_prob,660,L11->L28,,False,0.0,23
GCN_path_prob,661,L10->L17,,False,0.0,23
GCN_path_prob,662,L15->L20,,False,0.0,23
GCN_path_prob,663,L06->L09,,False,0.0,23
GCN_path_prob,664,L09->L05,,False,0.0,23
GCN_path_prob,665,L22->L16,,False,0.0,23
GCN_path_prob,666,L19->L12,,False,0.0,23
GCN_path_prob,667,L18->L15,,False,0.0,23
GCN_path_prob,668,L27->L01,,False,0.0,23
GCN_path_prob,669,L30->L08,,False,0.0,23
GCN_path_prob,670,L30->L21,,False,0.0,23
GCN_path_prob,671,L06->L16,,False,0.0,23
GCN_path_prob,672,L16->L06,,False,0.0,23
GCN_path_prob,673,L06->L27,L06->L27,True,27.981072654937165,24
GCN_path_prob,674,L29->L22,,False,0.0,24
GCN_path_prob,675,L09->L02,,False,0.0,24
GCN_path_prob,676,L11->L32,,False,0.0,24
GCN_path_prob,677,L11->L33,,False,0.0,24
GCN_path_prob,678,L22->L18,,False,0.0,24
GCN_path_prob,679,L32->L23,,False,0.0,24
GCN_path_prob,680,L33->L23,,False,0.0,24
GCN_path_prob,681,L29->L05,,False,0.0,24
GCN_path_prob,682,L23->L21,,False,0.0,24
GCN_path_prob,683,L09->L21,,False,0.0,24
GCN_path_prob,684,L23->L29,,False,0.0,24
GCN_path_prob,685,L17->L09,,False,0.0,24
GCN_path_prob,686,L08->L23,,False,0.0,24
GCN_path_prob,687,L15->L16,,False,0.0,24
GCN_path_prob,688,L27->L22,,False,0.0,24
GCN_path_prob,689,L20->L09,,False,0.0,24
GCN_path_prob,690,L28->L29,,False,0.0,24
GCN_path_prob,691,L03->L13,,False,0.0,24
GCN_path_prob,692,L29->L03,,False,0.0,24
GCN_path_prob,693,L27->L04,,False,0.0,24
GCN_path_prob,694,L12->L11,L12->L11,True,17.88838157697601,25
GCN_path_prob,695,L14->L19,,False,0.0,25
GCN_path_prob,696,L06->L12,,False,0.0,25
GCN_path_prob,697,L29->L08,,False,0.0,25
GCN_path_prob,698,L30->L20,,False,0.0,25
GCN_path_prob,699,L11->L30,,False,0.0,25
GCN_path_prob,700,L27->L21,,False,0.0,25
GCN_path_prob,701,L19->L14,,False,0.0,25
GCN_path_prob,702,L19->L24,,False,0.0,25
GCN_path_prob,703,L13->L09,,False,0.0,25
GCN_path_prob,704,L17->L12,,False,0.0,25
GCN_path_prob,705,L22->L32,,False,0.0,25
GCN_path_prob,706,L22->L33,,False,0.0,25
GCN_path_prob,707,L09->L06,,False,0.0,25
GCN_path_prob,708,L23->L05,,False,0.0,25
GCN_path_prob,709,L17->L29,,False,0.0,25
GCN_path_prob,710,L23->L08,,False,0.0,25
GCN_path_prob,711,L06->L17,,False,0.0,25
GCN_path_prob,712,L32->L16,,False,0.0,25
GCN_path_prob,713,L33->L16,,False,0.0,25
GCN_path_prob,714,L24->L34,,False,0.0,25
GCN_path_prob,715,L24->L35,,False,0.0,25
GCN_path_prob,716,L24->L01,,False,0.0,25
GCN_path_prob,717,L08->L24,,False,0.0,25
GCN_path_prob,718,L01->L07,,False,0.0,25
GCN_path_prob,719,L30->L12,,False,0.0,25
GCN_path_prob,720,L03->L31,,False,0.0,25
GCN_path_prob,721,L23->L03,,False,0.0,25
GCN_path_prob,722,L09->L28,,False,0.0,25
GCN_path_prob,723,L12->L30,,False,0.0,25
GCN_path_prob,724,L03->L18,,False,0.0,25
GCN_path_prob,725,L09->L08,,False,0.0,25
GCN_path_prob,726,L27->L07,,False,0.0,25
GCN_path_prob,727,L05->L29,,False,0.0,25
GCN_path_prob,728,L08->L19,,False,0.0,25
GCN_path_prob,729,L14->L17,,False,0.0,25
GCN_path_prob,730,L10->L23,,False,0.0,25
GCN_path_prob,731,L29->L02,,False,0.0,25
GCN_path_prob,732,L06->L20,,False,0.0,25
GCN_path_prob,733,L06->L23,,False,0.0,25
GCN_path_prob,734,L18->L30,,False,0.0,25
GCN_path_prob,735,L07->L34,,False,0.0,25
GCN_path_prob,736,L07->L35,,False,0.0,25
GCN_path_prob,737,L29->L28,,False,0.0,25
GCN_path_prob,738,L12->L32,,False,0.0,25
GCN_path_prob,739,L12->L33,,False,0.0,25
GCN_path_prob,740,L11->L12,L11->L12,True,17.88838157697601,26
GCN_path_prob,741,L08->L03,,False,0.0,26
GCN_path_prob,742,L09->L22,,False,0.0,26
GCN_path_prob,743,L30->L14,,False,0.0,26
GCN_path_prob,744,L30->L15,,False,0.0,26
GCN_path_prob,745,L30->L27,,False,0.0,26
GCN_path_prob,746,L30->L32,,False,0.0,26
GCN_path_prob,747,L30->L33,,False,0.0,26
GCN_path_prob,748,L27->L36,,False,0.0,26
GCN_path_prob,749,L27->L37,,False,0.0,26
GCN_path_prob,750,L29->L06,,False,0.0,26
GCN_path_prob,751,L09->L20,,False,0.0,26
GCN_path_prob,752,L01->L25,,False,0.0,26
GCN_path_prob,753,L01->L26,,False,0.0,26
GCN_path_prob,754,L05->L31,,False,0.0,26
GCN_path_prob,755,L34->L24,,False,0.0,26
GCN_path_prob,756,L35->L24,,False,0.0,26
GCN_path_prob,757,L17->L06,,False,0.0,26
GCN_path_prob,758,L27->L03,,False,0.0,26
GCN_path_prob,759,L17->L20,,False,0.0,26
GCN_path_prob,760,L16->L09,,False,0.0,26
GCN_path_prob,761,L14->L22,,False,0.0,26
GCN_path_prob,762,L29->L15,,False,0.0,26
GCN_path_prob,763,L31->L38,L31->L38,True,20.907752918885308,27
GCN_path_prob,764,L22->L31,,False,0.0,27
GCN_path_prob,765,L18->L23,,False,0.0,27
GCN_path_prob,766,L27->L28,,False,0.0,27
GCN_path_prob,767,L12->L28,,False,0.0,27
GCN_path_prob,768,L29->L14,,False,0.0,27
GCN_path_prob,769,L29->L18,,False,0.0,27
GCN_path_prob,770,L29->L20,,False,0.0,27
GCN_path_prob,771,L29->L32,,False,0.0,27
GCN_path_prob,772,L29->L33,,False,0.0,27
GCN_path_prob,773,L09->L14,,False,0.0,27
GCN_path_prob,774,L09->L15,,False,0.0,27
GCN_path_prob,775,L09->L18,,False,0.0,27
GCN_path_prob,776,L09->L32,,False,0.0,27
GCN_path_prob,777,L09->L33,,False,0.0,27
GCN_path_prob,778,L21->L23,,False,0.0,27
GCN_path_prob,779,L28->L27,,False,0.0,27
GCN_path_prob,780,L24->L04,,False,0.0,27
GCN_path_prob,781,L16->L12,,False,0.0,27
GCN_path_prob,782,L04->L31,,False,0.0,27
GCN_path_prob,783,L19->L15,,False,0.0,27
GCN_path_prob,784,L06->L30,,False,0.0,27
GCN_path_prob,785,L29->L12,,False,0.0,27
GCN_path_prob,786,L24->L36,,False,0.0,27
GCN_path_prob,787,L24->L37,,False,0.0,27
GCN_path_prob,788,L04->L06,,False,0.0,27
GCN_path_prob,789,L11->L19,,False,0.0,27
GCN_path_prob,790,L31->L01,,False,0.0,27
GCN_path_prob,791,L15->L22,,False,0.0,27
GCN_path_prob,792,L10->L22,,False,0.0,27
GCN_path_prob,793,L34->L17,,False,0.0,27
GCN_path_prob,794,L35->L17,,False,0.0,27
GCN_path_prob,795,L09->L12,,False,0.0,27
GCN_path_prob,796,L36->L29,,False,0.0,27
GCN_path_prob,797,L37->L29,,False,0.0,27
GCN_path_prob,798,L06->L19,,False,0.0,27
GCN_path_prob,799,L12->L19,,False,0.0,27
GCN_path_prob,800,L03->L17,,False,0.0,27
GCN_path_prob,801,L21->L25,,False,0.0,27
GCN_path_prob,802,L21->L26,,False,0.0,27
GCN_path_prob,803,L30->L18,,False,0.0,27
GCN_path_prob,804,L24->L02,,False,0.0,27
GCN_path_prob,805,L30->L28,,False,0.0,27
GCN_path_prob,806,L13->L19,,False,0.0,27
GCN_path_prob,807,L30->L09,,False,0.0,27
GCN_path_prob,808,L36->L17,,False,0.0,27
GCN_path_prob,809,L37->L17,,False,0.0,27
GCN_path_prob,810,L36->L24,,False,0.0,27
GCN_path_prob,811,L37->L24,,False,0.0,27
GCN_path_prob,812,L10->L30,,False,0.0,27
GCN_path_prob,813,L10->L20,,False,0.0,27
GCN_path_prob,814,L05->L07,,False,0.0,27
GCN_path_prob,815,L02->L29,,False,0.0,27
GCN_path_prob,816,L29->L09,,False,0.0,27
GCN_path_prob,817,L15->L19,,False,0.0,27
GCN_path_prob,818,L18->L27,,False,0.0,27
GCN_path_prob,819,L23->L24,,False,0.0,27
GCN_path_prob,820,L23->L30,,False,0.0,27
GCN_path_prob,821,L03->L28,,False,0.0,27
GCN_path_prob,822,L10->L07,L10->L07->L06->L09->L01->L04->L08,True,383.860222436461,28
GCN_path_prob,823,L27->L02,L27->L02,True,27.98107265493719,29
GCN_path_prob,824,L28->L16,,False,0.0,29
GCN_path_prob,825,L02->L17,,False,0.0,29
GCN_path_prob,826,L02->L24,,False,0.0,29
GCN_path_prob,827,L16->L22,,False,0.0,29
GCN_path_prob,828,L21->L10,,False,0.0,29
GCN_path_prob,829,L20->L21,,False,0.0,29
GCN_path_prob,830,L24->L21,,False,0.0,29
GCN_path_prob,831,L23->L06,,False,0.0,29
GCN_path_prob,832,L24->L05,,False,0.0,29
GCN_path_prob,833,L34->L25,,False,0.0,29
GCN_path_prob,834,L34->L26,,False,0.0,29
GCN_path_prob,835,L35->L25,,False,0.0,29
GCN_path_prob,836,L35->L26,,False,0.0,29
GCN_path_prob,837,L28->L07,,False,0.0,29
GCN_path_prob,838,L31->L34,,False,0.0,29
GCN_path_prob,839,L31->L35,,False,0.0,29
GCN_path_prob,840,L23->L02,,False,0.0,29
GCN_path_prob,841,L18->L31,,False,0.0,29
GCN_path_prob,842,L14->L13,,False,0.0,29
GCN_path_prob,843,L24->L03,,False,0.0,29
GCN_path_prob,844,L01->L24,,False,0.0,29
GCN_path_prob,845,L23->L19,L23->L19,True,193.9878918650109,30
GCN_path_prob,846,L17->L22,,False,0.0,30
GCN_path_prob,847,L20->L14,,False,0.0,30
GCN_path_prob,848,L31->L02,,False,0.0,30
GCN_path_prob,849,L24->L08,,False,0.0,30
GCN_path_prob,850,L10->L19,,False,0.0,30
GCN_path_prob,851,L28->L32,,False,0.0,30
GCN_path_prob,852,L28->L33,,False,0.0,30
GCN_path_prob,853,L19->L22,,False,0.0,30
GCN_path_prob,854,L02->L25,,False,0.0,30
GCN_path_prob,855,L02->L26,,False,0.0,30
GCN_path_prob,856,L05->L25,,False,0.0,30
GCN_path_prob,857,L05->L26,,False,0.0,30
GCN_path_prob,858,L28->L25,L28->L25->L26,True,465.9176206657203,31
GCN_path_prob,859,L28->L26,L28->L26->L25,True,465.9176206657203,32
GCN_path_prob,860,L15->L09,,False,0.0,32
GCN_path_prob,861,L04->L24,,False,0.0,32
GCN_path_prob,862,L14->L30,,False,0.0,32
GCN_path_prob,863,L20->L13,,False,0.0,32
GCN_path_prob,864,L03->L23,,False,0.0,32
GCN_path_prob,865,L14->L10,,False,0.0,32
GCN_path_prob,866,L20->L19,,False,0.0,32
GCN_path_prob,867,L31->L04,,False,0.0,32
GCN_path_prob,868,L15->L13,,False,0.0,32
GCN_path_prob,869,L16->L23,,False,0.0,32
GCN_path_prob,870,L29->L19,,False,0.0,32
GCN_path_prob,871,L14->L15,,False,0.0,32
GCN_path_prob,872,L27->L10,,False,0.0,32
GCN_path_prob,873,L07->L01,,False,0.0,32
GCN_path_prob,874,L36->L25,,False,0.0,32
GCN_path_prob,875,L36->L26,,False,0.0,32
GCN_path_prob,876,L37->L25,,False,0.0,32
GCN_path_prob,877,L37->L26,,False,0.0,32
GCN_path_prob,878,L34->L07,,False,0.0,32
GCN_path_prob,879,L35->L07,,False,0.0,32
GCN_path_prob,880,L31->L36,,False,0.0,32
GCN_path_prob,881,L31->L37,,False,0.0,32
GCN_path_prob,882,L24->L06,,False,0.0,32
GCN_path_prob,883,L31->L28,,False,0.0,32
GCN_path_prob,884,L04->L25,,False,0.0,32
GCN_path_prob,885,L04->L26,,False,0.0,32
GCN_path_prob,886,L24->L20,,False,0.0,32
GCN_path_prob,887,L03->L38,,False,0.0,32
GCN_path_prob,888,L27->L05,,False,0.0,32
GCN_path_prob,889,L24->L22,,False,0.0,32
GCN_path_prob,890,L17->L14,,False,0.0,32
GCN_path_prob,891,L23->L22,,False,0.0,32
GCN_path_prob,892,L32->L31,,False,0.0,32
GCN_path_prob,893,L33->L31,,False,0.0,32
GCN_path_prob,894,L07->L22,,False,0.0,32
GCN_path_prob,895,L20->L17,,False,0.0,32
GCN_path_prob,896,L19->L20,,False,0.0,32
GCN_path_prob,897,L07->L04,,False,0.0,32
GCN_path_prob,898,L07->L21,,False,0.0,32
GCN_path_prob,899,L27->L19,,False,0.0,32
GCN_path_prob,900,L31->L03,,False,0.0,32
GCN_path_prob,901,L31->L05,,False,0.0,32
GCN_path_prob,902,L13->L23,,False,0.0,32
GCN_path_prob,903,L31->L06,,False,0.0,32
GCN_path_prob,904,L29->L13,,False,0.0,32
GCN_path_prob,905,L22->L28,,False,0.0,32
GCN_path_prob,906,L08->L05,,False,0.0,32
GCN_path_prob,907,L36->L07,,False,0.0,32
GCN_path_prob,908,L37->L07,,False,0.0,32
GCN_path_prob,909,L06->L31,,False,0.0,32
GCN_path_prob,910,L24->L14,,False,0.0,32
GCN_path_prob,911,L24->L15,,False,0.0,32
GCN_path_prob,912,L24->L18,,False,0.0,32
GCN_path_prob,913,L24->L32,,False,0.0,32
GCN_path_prob,914,L24->L33,,False,0.0,32
GCN_path_prob,915,L24->L12,,False,0.0,32
GCN_path_prob,916,L10->L29,,False,0.0,32
GCN_path_prob,917,L31->L22,,False,0.0,32
GCN_path_prob,918,L14->L32,,False,0.0,32
GCN_path_prob,919,L14->L33,,False,0.0,32
GCN_path_prob,920,L11->L09,,False,0.0,32
GCN_path_prob,921,L27->L32,,False,0.0,32
GCN_path_prob,922,L27->L33,,False,0.0,32
GCN_path_prob,923,L23->L28,,False,0.0,32
GCN_path_prob,924,L31->L21,,False,0.0,32
GCN_path_prob,925,L19->L09,,False,0.0,32
GCN_path_prob,926,L30->L13,,False,0.0,32
GCN_path_prob,927,L14->L23,,False,0.0,32
GCN_path_prob,928,L32->L29,,False,0.0,32
GCN_path_prob,929,L33->L29,,False,0.0,32
GCN_path_prob,930,L14->L16,,False,0.0,32
GCN_path_prob,931,L05->L06,,False,0.0,32
GCN_path_prob,932,L32->L24,,False,0.0,32
GCN_path_prob,933,L33->L24,,False,0.0,32
GCN_path_prob,934,L34->L10,,False,0.0,32
GCN_path_prob,935,L35->L10,,False,0.0,32
GCN_path_prob,936,L14->L31,,False,0.0,32
GCN_path_prob,937,L13->L30,,False,0.0,32
GCN_path_prob,938,L30->L19,,False,0.0,32
GCN_path_prob,939,L31->L08,,False,0.0,32
GCN_path_prob,940,L07->L37,,False,0.0,32
GCN_path_prob,941,L07->L36,,False,0.0,32
GCN_path_prob,942,L16->L15,,False,0.0,32
GCN_path_prob,943,L20->L30,,False,0.0,32
GCN_path_prob,944,L05->L24,,False,0.0,32
GCN_path_prob,945,L32->L25,,False,0.0,32
GCN_path_prob,946,L32->L26,,False,0.0,32
GCN_path_prob,947,L33->L25,,False,0.0,32
GCN_path_prob,948,L33->L26,,False,0.0,32
GCN_path_prob,949,L07->L03,,False,0.0,32
GCN_path_prob,950,L17->L28,,False,0.0,32
GCN_path_prob,951,L18->L29,,False,0.0,32
GCN_path_prob,952,L17->L13,,False,0.0,32
GCN_path_prob,953,L30->L24,,False,0.0,32
GCN_path_prob,954,L23->L12,,False,0.0,32
GCN_path_prob,955,L21->L29,,False,0.0,32
GCN_path_prob,956,L24->L09,,False,0.0,32
GCN_path_prob,957,L27->L16,,False,0.0,32
GCN_path_prob,958,L09->L19,,False,0.0,32
GCN_path_prob,959,L07->L28,,False,0.0,32
GCN_path_prob,960,L32->L17,,False,0.0,32
GCN_path_prob,961,L33->L17,,False,0.0,32
GCN_path_prob,962,L31->L20,,False,0.0,32
GCN_path_prob,963,L27->L14,,False,0.0,32
GCN_path_prob,964,L36->L10,,False,0.0,32
GCN_path_prob,965,L37->L10,,False,0.0,32
GCN_path_prob,966,L17->L19,,False,0.0,32
GCN_path_prob,967,L14->L09,,False,0.0,32
GCN_path_prob,968,L22->L17,,False,0.0,32
GCN_path_prob,969,L19->L13,,False,0.0,32
GCN_path_prob,970,L13->L16,,False,0.0,32
GCN_path_prob,971,L16->L13,,False,0.0,32
GCN_path_prob,972,L06->L29,,False,0.0,32
GCN_path_prob,973,L31->L12,,False,0.0,32
GCN_path_prob,974,L15->L14,,False,0.0,32
GCN_path_prob,975,L10->L25,,False,0.0,32
GCN_path_prob,976,L10->L26,,False,0.0,32
GCN_path_prob,977,L21->L07,,False,0.0,32
GCN_path_prob,978,L09->L13,,False,0.0,32
GCN_path_prob,979,L23->L09,,False,0.0,32
GCN_path_prob,980,L03->L07,,False,0.0,32
GCN_path_prob,981,L02->L10,,False,0.0,32
GCN_path_prob,982,L22->L38,,False,0.0,32
GCN_path_prob,983,L20->L32,,False,0.0,32
GCN_path_prob,984,L20->L33,,False,0.0,32
GCN_path_prob,985,L13->L27,,False,0.0,32
GCN_path_prob,986,L18->L24,,False,0.0,32
GCN_path_prob,987,L25->L01,,False,0.0,32
GCN_path_prob,988,L26->L01,,False,0.0,32
GCN_path_prob,989,L25->L34,,False,0.0,32
GCN_path_prob,990,L25->L35,,False,0.0,32
GCN_path_prob,991,L26->L34,,False,0.0,32
GCN_path_prob,992,L26->L35,,False,0.0,32
GCN_path_prob,993,L31->L14,,False,0.0,32
GCN_path_prob,994,L31->L15,,False,0.0,32
GCN_path_prob,995,L31->L27,,False,0.0,32
GCN_path_prob,996,L19->L16,,False,0.0,32
GCN_path_prob,997,L15->L28,,False,0.0,32
GCN_path_prob,998,L23->L15,,False,0.0,32
GCN_path_prob,999,L07->L02,L07->L02,True,27.981072654937165,33
GCN_path_prob,1000,L29->L27,L29->L27->L23,True,368.67301237704925,34
GCN_path_prob,1001,L14->L28,,False,0.0,34
GCN_path_prob,1002,L19->L30,,False,0.0,34
GCN_path_prob,1003,L08->L31,,False,0.0,34
GCN_path_prob,1004,L02->L07,L02->L07,True,27.981072654937165,35
GCN_path_prob,1005,L30->L23,,False,0.0,35
GCN_path_prob,1006,L15->L32,,False,0.0,35
GCN_path_prob,1007,L15->L33,,False,0.0,35
GCN_path_prob,1008,L18->L10,,False,0.0,35
GCN_path_prob,1009,L18->L07,,False,0.0,35
GCN_path_prob,1010,L13->L31,,False,0.0,35
GCN_path_prob,1011,L31->L23,,False,0.0,35
GCN_path_prob,1012,L30->L29,,False,0.0,35
GCN_path_prob,1013,L29->L17,,False,0.0,35
GCN_path_prob,1014,L25->L28,L25->L28->L26,True,465.9176206657203,36
GCN_path_prob,1015,L26->L28,L26->L28->L25,True,465.9176206657203,37
GCN_path_prob,1016,L10->L31,,False,0.0,37
GCN_path_prob,1017,L11->L23,,False,0.0,37
GCN_path_prob,1018,L17->L32,,False,0.0,37
GCN_path_prob,1019,L17->L33,,False,0.0,37
GCN_path_prob,1020,L32->L07,,False,0.0,37
GCN_path_prob,1021,L33->L07,,False,0.0,37
GCN_path_prob,1022,L20->L31,,False,0.0,37
GCN_path_prob,1023,L21->L24,,False,0.0,37
GCN_path_prob,1024,L06->L25,,False,0.0,37
GCN_path_prob,1025,L06->L26,,False,0.0,37
GCN_path_prob,1026,L15->L10,,False,0.0,37
GCN_path_prob,1027,L18->L25,,False,0.0,37
GCN_path_prob,1028,L18->L26,,False,0.0,37
GCN_path_prob,1029,L31->L18,,False,0.0,37
GCN_path_prob,1030,L31->L25,,False,0.0,37
GCN_path_prob,1031,L31->L26,,False,0.0,37
GCN_path_prob,1032,L07->L10,,False,0.0,37
GCN_path_prob,1033,L15->L23,,False,0.0,37
GCN_path_prob,1034,L14->L11,,False,0.0,37
GCN_path_prob,1035,L24->L28,L24->L28->L06->L07,True,316.82674035082636,38
GCN_path_prob,1036,L12->L13,L12->L13,True,38.05337863080115,39
GCN_path_prob,1037,L31->L09,,False,0.0,39
GCN_path_prob,1038,L16->L28,,False,0.0,39
GCN_path_prob,1039,L25->L36,,False,0.0,39
GCN_path_prob,1040,L25->L37,,False,0.0,39
GCN_path_prob,1041,L26->L36,,False,0.0,39
GCN_path_prob,1042,L26->L37,,False,0.0,39
GCN_path_prob,1043,L06->L13,,False,0.0,39
GCN_path_prob,1044,L24->L13,,False,0.0,39
GCN_path_prob,1045,L25->L04,,False,0.0,39
GCN_path_prob,1046,L26->L04,,False,0.0,39
GCN_path_prob,1047,L25->L02,,False,0.0,39
GCN_path_prob,1048,L26->L02,,False,0.0,39
GCN_path_prob,1049,L12->L23,,False,0.0,39
GCN_path_prob,1050,L17->L10,,False,0.0,39
GCN_path_prob,1051,L22->L10,,False,0.0,39
GCN_path_prob,1052,L07->L27,,False,0.0,39
GCN_path_prob,1053,L17->L23,,False,0.0,39
GCN_path_prob,1054,L10->L13,,False,0.0,39
GCN_path_prob,1055,L28->L17,,False,0.0,39
GCN_path_prob,1056,L06->L24,,False,0.0,39
GCN_path_prob,1057,L19->L33,,False,0.0,39
GCN_path_prob,1058,L19->L32,,False,0.0,39
GCN_path_prob,1059,L09->L23,,False,0.0,39
GCN_path_prob,1060,L07->L05,,False,0.0,39
GCN_path_prob,1061,L24->L19,,False,0.0,39
GCN_path_prob,1062,L04->L11,,False,0.0,39
GCN_path_prob,1063,L08->L11,,False,0.0,39
GCN_path_prob,1064,L07->L19,,False,0.0,39
GCN_path_prob,1065,L29->L30,,False,0.0,39
GCN_path_prob,1066,L08->L25,,False,0.0,39
GCN_path_prob,1067,L08->L26,,False,0.0,39
GCN_path_prob,1068,L09->L30,,False,0.0,39
GCN_path_prob,1069,L30->L16,,False,0.0,39
GCN_path_prob,1070,L06->L10,,False,0.0,39
GCN_path_prob,1071,L25->L05,,False,0.0,39
GCN_path_prob,1072,L26->L05,,False,0.0,39
GCN_path_prob,1073,L12->L09,,False,0.0,39
GCN_path_prob,1074,L19->L28,,False,0.0,39
GCN_path_prob,1075,L25->L21,,False,0.0,39
GCN_path_prob,1076,L26->L21,,False,0.0,39
GCN_path_prob,1077,L19->L31,,False,0.0,39
GCN_path_prob,1078,L25->L03,,False,0.0,39
GCN_path_prob,1079,L26->L03,,False,0.0,39
GCN_path_prob,1080,L32->L10,,False,0.0,39
GCN_path_prob,1081,L33->L10,,False,0.0,39
GCN_path_prob,1082,L22->L23,,False,0.0,39
GCN_path_prob,1083,L18->L20,,False,0.0,39
GCN_path_prob,1084,L23->L13,,False,0.0,39
GCN_path_prob,1085,L09->L03,L09->L03,True,85.8406488939796,40
GCN_path_prob,1086,L25->L06,,False,0.0,40
GCN_path_prob,1087,L26->L06,,False,0.0,40
GCN_path_prob,1088,L10->L12,,False,0.0,40
GCN_path_prob,1089,L07->L32,,False,0.0,40
GCN_path_prob,1090,L07->L33,,False,0.0,40
GCN_path_prob,1091,L25->L08,,False,0.0,40
GCN_path_prob,1092,L26->L08,,False,0.0,40
GCN_path_prob,1093,L20->L28,,False,0.0,40
GCN_path_prob,1094,L07->L16,,False,0.0,40
GCN_path_prob,1095,L12->L07,,False,0.0,40
GCN_path_prob,1096,L05->L13,,False,0.0,40
GCN_path_prob,1097,L13->L29,,False,0.0,40
GCN_path_prob,1098,L27->L15,,False,0.0,40
GCN_path_prob,1099,L19->L10,,False,0.0,40
GCN_path_prob,1100,L09->L16,,False,0.0,40
GCN_path_prob,1101,L16->L14,,False,0.0,40
GCN_path_prob,1102,L25->L20,,False,0.0,40
GCN_path_prob,1103,L26->L20,,False,0.0,40
GCN_path_prob,1104,L09->L27,,False,0.0,40
GCN_path_prob,1105,L22->L07,,False,0.0,40
GCN_path_prob,1106,L27->L17,,False,0.0,40
GCN_path_prob,1107,L31->L13,,False,0.0,40
GCN_path_prob,1108,L30->L25,,False,0.0,40
GCN_path_prob,1109,L30->L26,,False,0.0,40
GCN_path_prob,1110,L25->L22,,False,0.0,40
GCN_path_prob,1111,L26->L22,,False,0.0,40
GCN_path_prob,1112,L25->L12,,False,0.0,40
GCN_path_prob,1113,L26->L12,,False,0.0,40
GCN_path_prob,1114,L29->L31,,False,0.0,40
GCN_path_prob,1115,L07->L14,,False,0.0,40
GCN_path_prob,1116,L11->L07,,False,0.0,40
GCN_path_prob,1117,L01->L38,,False,0.0,40
GCN_path_prob,1118,L13->L24,,False,0.0,40
GCN_path_prob,1119,L14->L38,,False,0.0,40
GCN_path_prob,1120,L19->L23,L19->L23,True,193.9878918650109,41
GCN_path_prob,1121,L03->L27,,False,0.0,41
GCN_path_prob,1122,L31->L30,,False,0.0,41
GCN_path_prob,1123,L09->L31,,False,0.0,41
GCN_path_prob,1124,L25->L14,,False,0.0,41
GCN_path_prob,1125,L25->L15,,False,0.0,41
GCN_path_prob,1126,L25->L18,,False,0.0,41
GCN_path_prob,1127,L26->L14,,False,0.0,41
GCN_path_prob,1128,L26->L15,,False,0.0,41
GCN_path_prob,1129,L26->L18,,False,0.0,41
GCN_path_prob,1130,L27->L18,,False,0.0,41
GCN_path_prob,1131,L28->L10,,False,0.0,41
GCN_path_prob,1132,L31->L19,,False,0.0,41
GCN_path_prob,1133,L20->L23,,False,0.0,41
GCN_path_prob,1134,L04->L13,,False,0.0,41
GCN_path_prob,1135,L13->L17,,False,0.0,41
GCN_path_prob,1136,L23->L16,,False,0.0,41
GCN_path_prob,1137,L19->L17,,False,0.0,41
GCN_path_prob,1138,L10->L24,,False,0.0,41
GCN_path_prob,1139,L16->L10,,False,0.0,41
GCN_path_prob,1140,L23->L14,,False,0.0,41
GCN_path_prob,1141,L23->L20,,False,0.0,41
GCN_path_prob,1142,L11->L27,,False,0.0,41
GCN_path_prob,1143,L13->L25,,False,0.0,41
GCN_path_prob,1144,L13->L26,,False,0.0,41
GCN_path_prob,1145,L20->L38,,False,0.0,41
GCN_path_prob,1146,L27->L09,,False,0.0,41
GCN_path_prob,1147,L21->L38,,False,0.0,41
GCN_path_prob,1148,L08->L13,,False,0.0,41
GCN_path_prob,1149,L18->L17,,False,0.0,41
GCN_path_prob,1150,L25->L09,,False,0.0,41
GCN_path_prob,1151,L26->L09,,False,0.0,41
GCN_path_prob,1152,L27->L31,,False,0.0,41
GCN_path_prob,1153,L34->L38,,False,0.0,41
GCN_path_prob,1154,L35->L38,,False,0.0,41
GCN_path_prob,1155,L29->L16,,False,0.0,41
GCN_path_prob,1156,L04->L38,,False,0.0,41
GCN_path_prob,1157,L23->L10,,False,0.0,41
GCN_path_prob,1158,L13->L07,,False,0.0,41
GCN_path_prob,1159,L06->L07,L06->L07,True,27.981072654937165,42
GCN_path_prob,1160,L27->L08,,False,0.0,42
GCN_path_prob,1161,L05->L38,,False,0.0,42
GCN_path_prob,1162,L29->L25,,False,0.0,42
GCN_path_prob,1163,L29->L26,,False,0.0,42
GCN_path_prob,1164,L24->L16,,False,0.0,42
GCN_path_prob,1165,L36->L38,,False,0.0,42
GCN_path_prob,1166,L37->L38,,False,0.0,42
GCN_path_prob,1167,L20->L16,,False,0.0,42
GCN_path_prob,1168,L02->L38,,False,0.0,42
GCN_path_prob,1169,L10->L03,,False,0.0,42
GCN_path_prob,1170,L12->L27,,False,0.0,42
GCN_path_prob,1171,L16->L32,,False,0.0,42
GCN_path_prob,1172,L16->L33,,False,0.0,42
GCN_path_prob,1173,L12->L31,,False,0.0,42
GCN_path_prob,1174,L09->L29,,False,0.0,42
GCN_path_prob,1175,L11->L31,,False,0.0,42
GCN_path_prob,1176,L15->L07,,False,0.0,42
GCN_path_prob,1177,L25->L32,,False,0.0,42
GCN_path_prob,1178,L25->L33,,False,0.0,42
GCN_path_prob,1179,L26->L32,,False,0.0,42
GCN_path_prob,1180,L26->L33,,False,0.0,42
GCN_path_prob,1181,L20->L10,,False,0.0,42
GCN_path_prob,1182,L38->L01,,False,0.0,42
GCN_path_prob,1183,L38->L34,,False,0.0,42
GCN_path_prob,1184,L38->L35,,False,0.0,42
GCN_path_prob,1185,L19->L38,,False,0.0,42
GCN_path_prob,1186,L15->L18,,False,0.0,42
GCN_path_prob,1187,L31->L16,,False,0.0,42
GCN_path_prob,1188,L25->L23,,False,0.0,42
GCN_path_prob,1189,L26->L23,,False,0.0,42
GCN_path_prob,1190,L23->L32,,False,0.0,42
GCN_path_prob,1191,L23->L33,,False,0.0,42
GCN_path_prob,1192,L15->L17,,False,0.0,42
GCN_path_prob,1193,L27->L06,L27->L06,True,27.981072654937165,43
GCN_path_prob,1194,L24->L31,,False,0.0,43
GCN_path_prob,1195,L30->L17,,False,0.0,43
GCN_path_prob,1196,L17->L07,,False,0.0,43
GCN_path_prob,1197,L09->L24,,False,0.0,43
GCN_path_prob,1198,L07->L15,,False,0.0,43
GCN_path_prob,1199,L17->L15,,False,0.0,43
GCN_path_prob,1200,L07->L17,,False,0.0,43
GCN_path_prob,1201,L25->L13,,False,0.0,43
GCN_path_prob,1202,L26->L13,,False,0.0,43
GCN_path_prob,1203,L19->L18,,False,0.0,43
GCN_path_prob,1204,L24->L30,,False,0.0,43
GCN_path_prob,1205,L38->L36,,False,0.0,43
GCN_path_prob,1206,L38->L37,,False,0.0,43
GCN_path_prob,1207,L38->L04,,False,0.0,43
GCN_path_prob,1208,L30->L07,,False,0.0,43
GCN_path_prob,1209,L29->L23,L29->L23->L06->L07->L27,True,368.673012377049,44
GCN_path_prob,1210,L38->L02,,False,0.0,44
GCN_path_prob,1211,L14->L07,,False,0.0,44
GCN_path_prob,1212,L07->L18,,False,0.0,44
GCN_path_prob,1213,L15->L27,,False,0.0,44
GCN_path_prob,1214,L09->L25,,False,0.0,44
GCN_path_prob,1215,L09->L26,,False,0.0,44
GCN_path_prob,1216,L08->L38,,False,0.0,44
GCN_path_prob,1217,L24->L23,,False,0.0,44
GCN_path_prob,1218,L27->L25,,False,0.0,44
GCN_path_prob,1219,L27->L26,,False,0.0,44
GCN_path_prob,1220,L17->L27,,False,0.0,44
GCN_path_prob,1221,L23->L17,,False,0.0,44
GCN_path_prob,1222,L09->L17,,False,0.0,44
GCN_path_prob,1223,L25->L19,,False,0.0,44
GCN_path_prob,1224,L26->L19,,False,0.0,44
GCN_path_prob,1225,L22->L27,,False,0.0,44
GCN_path_prob,1226,L29->L24,,False,0.0,44
GCN_path_prob,1227,L38->L05,,False,0.0,44
GCN_path_prob,1228,L07->L31,,False,0.0,44
GCN_path_prob,1229,L38->L21,,False,0.0,44
GCN_path_prob,1230,L07->L09,,False,0.0,44
GCN_path_prob,1231,L38->L03,,False,0.0,44
GCN_path_prob,1232,L31->L29,,False,0.0,44
GCN_path_prob,1233,L17->L18,,False,0.0,44
GCN_path_prob,1234,L16->L31,,False,0.0,44
GCN_path_prob,1235,L24->L29,,False,0.0,44
GCN_path_prob,1236,L18->L38,,False,0.0,44
GCN_path_prob,1237,L38->L06,,False,0.0,44
GCN_path_prob,1238,L20->L07,,False,0.0,44
GCN_path_prob,1239,L38->L08,,False,0.0,44
GCN_path_prob,1240,L23->L27,,False,0.0,44
GCN_path_prob,1241,L27->L30,,False,0.0,44
GCN_path_prob,1242,L31->L32,,False,0.0,44
GCN_path_prob,1243,L31->L33,,False,0.0,44
GCN_path_prob,1244,L09->L07,,False,0.0,44
GCN_path_prob,1245,L23->L25,,False,0.0,44
GCN_path_prob,1246,L23->L26,,False,0.0,44
GCN_path_prob,1247,L30->L10,,False,0.0,44
GCN_path_prob,1248,L30->L31,,False,0.0,44
GCN_path_prob,1249,L27->L20,,False,0.0,44
GCN_path_prob,1250,L38->L20,,False,0.0,44
GCN_path_prob,1251,L17->L31,,False,0.0,44
GCN_path_prob,1252,L06->L38,,False,0.0,44
GCN_path_prob,1253,L13->L10,,False,0.0,44
GCN_path_prob,1254,L14->L27,,False,0.0,44
GCN_path_prob,1255,L10->L38,,False,0.0,44
GCN_path_prob,1256,L29->L10,,False,0.0,44
GCN_path_prob,1257,L19->L11,,False,0.0,44
GCN_path_prob,1258,L07->L08,,False,0.0,44
GCN_path_prob,1259,L03->L25,,False,0.0,44
GCN_path_prob,1260,L03->L26,,False,0.0,44
GCN_path_prob,1261,L38->L12,,False,0.0,44
GCN_path_prob,1262,L15->L31,,False,0.0,44
GCN_path_prob,1263,L38->L22,,False,0.0,44
GCN_path_prob,1264,L24->L17,,False,0.0,44
GCN_path_prob,1265,L16->L07,,False,0.0,44
GCN_path_prob,1266,L25->L16,,False,0.0,44
GCN_path_prob,1267,L26->L16,,False,0.0,44
GCN_path_prob,1268,L38->L14,,False,0.0,44
GCN_path_prob,1269,L38->L15,,False,0.0,44
GCN_path_prob,1270,L38->L18,,False,0.0,44
GCN_path_prob,1271,L29->L07,L29->L07->L23,True,368.6730123770492,45
GCN_path_prob,1272,L22->L25,,False,0.0,45
GCN_path_prob,1273,L22->L26,,False,0.0,45
GCN_path_prob,1274,L27->L24,,False,0.0,45
GCN_path_prob,1275,L11->L25,,False,0.0,45
GCN_path_prob,1276,L11->L26,,False,0.0,45
GCN_path_prob,1277,L31->L24,,False,0.0,45
GCN_path_prob,1278,L27->L13,,False,0.0,45
GCN_path_prob,1279,L15->L25,,False,0.0,45
GCN_path_prob,1280,L15->L26,,False,0.0,45
GCN_path_prob,1281,L23->L31,,False,0.0,45
GCN_path_prob,1282,L27->L12,,False,0.0,45
GCN_path_prob,1283,L31->L07,,False,0.0,45
GCN_path_prob,1284,L38->L32,,False,0.0,45
GCN_path_prob,1285,L38->L33,,False,0.0,45
GCN_path_prob,1286,L07->L25,,False,0.0,45
GCN_path_prob,1287,L07->L26,,False,0.0,45
GCN_path_prob,1288,L10->L04,L10->L04->L01->L09,True,82.39944368301173,46
GCN_path_prob,1289,L38->L09,,False,0.0,46
GCN_path_prob,1290,L24->L27,,False,0.0,46
GCN_path_prob,1291,L19->L07,,False,0.0,46
GCN_path_prob,1292,L32->L38,,False,0.0,46
GCN_path_prob,1293,L33->L38,,False,0.0,46
GCN_path_prob,1294,L17->L25,,False,0.0,46
GCN_path_prob,1295,L17->L26,,False,0.0,46
GCN_path_prob,1296,L31->L17,,False,0.0,46
GCN_path_prob,1297,L16->L27,,False,0.0,46
GCN_path_prob,1298,L12->L25,,False,0.0,46
GCN_path_prob,1299,L12->L26,,False,0.0,46
GCN_path_prob,1300,L25->L31,,False,0.0,46
GCN_path_prob,1301,L26->L31,,False,0.0,46
GCN_path_prob,1302,L27->L38,,False,0.0,46
GCN_path_prob,1303,L16->L25,,False,0.0,46
GCN_path_prob,1304,L16->L26,,False,0.0,46
GCN_path_prob,1305,L24->L25,,False,0.0,46
GCN_path_prob,1306,L24->L26,,False,0.0,46
GCN_path_prob,1307,L25->L27,,False,0.0,46
GCN_path_prob,1308,L26->L27,,False,0.0,46
GCN_path_prob,1309,L13->L38,,False,0.0,46
GCN_path_prob,1310,L10->L06,,False,0.0,46
GCN_path_prob,1311,L14->L25,,False,0.0,46
GCN_path_prob,1312,L14->L26,,False,0.0,46
GCN_path_prob,1313,L07->L06,L07->L06,True,27.981072654937165,47
GCN_path_prob,1314,L24->L10,,False,0.0,47
GCN_path_prob,1315,L07->L30,,False,0.0,47
GCN_path_prob,1316,L20->L27,,False,0.0,47
GCN_path_prob,1317,L07->L20,,False,0.0,47
GCN_path_prob,1318,L25->L30,,False,0.0,47
GCN_path_prob,1319,L26->L30,,False,0.0,47
GCN_path_prob,1320,L23->L07,,False,0.0,47
GCN_path_prob,1321,L12->L38,,False,0.0,47
GCN_path_prob,1322,L38->L13,,False,0.0,47
GCN_path_prob,1323,L24->L07,,False,0.0,47
GCN_path_prob,1324,L23->L18,,False,0.0,47
GCN_path_prob,1325,L38->L19,,False,0.0,47
GCN_path_prob,1326,L31->L10,,False,0.0,47
GCN_path_prob,1327,L07->L13,,False,0.0,47
GCN_path_prob,1328,L17->L11,,False,0.0,47
GCN_path_prob,1329,L16->L17,L16->L17,True,4.621657307708116,48
GCN_path_prob,1330,L11->L38,,False,0.0,48
GCN_path_prob,1331,L17->L16,L17->L16,True,4.621657307708116,49
GCN_path_prob,1332,L25->L17,,False,0.0,49
GCN_path_prob,1333,L26->L17,,False,0.0,49
GCN_path_prob,1334,L19->L27,,False,0.0,49
GCN_path_prob,1335,L29->L38,,False,0.0,49
GCN_path_prob,1336,L07->L12,,False,0.0,49
GCN_path_prob,1337,L20->L25,,False,0.0,49
GCN_path_prob,1338,L20->L26,,False,0.0,49
GCN_path_prob,1339,L07->L24,,False,0.0,49
GCN_path_prob,1340,L07->L38,,False,0.0,49
GCN_path_prob,1341,L09->L38,,False,0.0,49
GCN_path_prob,1342,L27->L29,L27->L29->L23,True,368.67301237704925,50
GCN_path_prob,1343,L19->L25,,False,0.0,50
GCN_path_prob,1344,L19->L26,,False,0.0,50
GCN_path_prob,1345,L38->L16,,False,0.0,50
GCN_path_prob,1346,L25->L29,,False,0.0,50
GCN_path_prob,1347,L26->L29,,False,0.0,50
GCN_path_prob,1348,L25->L07,,False,0.0,50
GCN_path_prob,1349,L26->L07,,False,0.0,50
GCN_path_prob,1350,L25->L10,,False,0.0,50
GCN_path_prob,1351,L26->L10,,False,0.0,50
GCN_path_prob,1352,L27->L11,,False,0.0,50
GCN_path_prob,1353,L24->L38,,False,0.0,50
GCN_path_prob,1354,L21->L11,,False,0.0,50
GCN_path_prob,1355,L30->L38,,False,0.0,50
GCN_path_prob,1356,L38->L28,,False,0.0,50
GCN_path_prob,1357,L38->L31,L38->L31,True,20.907752918885308,51
GCN_path_prob,1358,L03->L11,,False,0.0,51
GCN_path_prob,1359,L09->L10,,False,0.0,51
GCN_path_prob,1360,L25->L24,,False,0.0,51
GCN_path_prob,1361,L26->L24,,False,0.0,51
GCN_path_prob,1362,L34->L11,,False,0.0,51
GCN_path_prob,1363,L35->L11,,False,0.0,51
GCN_path_prob,1364,L06->L11,,False,0.0,51
GCN_path_prob,1365,L25->L38,,False,0.0,51
GCN_path_prob,1366,L26->L38,,False,0.0,51
GCN_path_prob,1367,L16->L11,,False,0.0,51
GCN_path_prob,1368,L38->L23,,False,0.0,51
GCN_path_prob,1369,L15->L38,,False,0.0,51
GCN_path_prob,1370,L17->L38,,False,0.0,51
GCN_path_prob,1371,L07->L29,L07->L29->L23,True,368.6730123770492,52
GCN_path_prob,1372,L36->L11,,False,0.0,52
GCN_path_prob,1373,L37->L11,,False,0.0,52
GCN_path_prob,1374,L02->L11,,False,0.0,52
GCN_path_prob,1375,L38->L29,,False,0.0,52
GCN_path_prob,1376,L15->L11,,False,0.0,52
GCN_path_prob,1377,L38->L17,,False,0.0,52
GCN_path_prob,1378,L07->L11,,False,0.0,52
GCN_path_prob,1379,L22->L11,,False,0.0,52
GCN_path_prob,1380,L18->L11,,False,0.0,52
GCN_path_prob,1381,L32->L11,,False,0.0,52
GCN_path_prob,1382,L33->L11,,False,0.0,52
GCN_path_prob,1383,L38->L24,,False,0.0,52
GCN_path_prob,1384,L38->L27,,False,0.0,52
GCN_path_prob,1385,L38->L30,,False,0.0,52
GCN_path_prob,1386,L20->L18,,False,0.0,52
GCN_path_prob,1387,L28->L11,,False,0.0,52
GCN_path_prob,1388,L16->L38,,False,0.0,52
GCN_path_prob,1389,L38->L10,,False,0.0,52
GCN_path_prob,1390,L38->L07,,False,0.0,52
GCN_path_prob,1391,L23->L38,,False,0.0,52
GCN_path_prob,1392,L20->L11,,False,0.0,52
GCN_path_prob,1393,L23->L11,,False,0.0,52
GCN_path_prob,1394,L26->L25,L26->L25->L28,True,465.9176206657203,53
GCN_path_prob,1395,L25->L26,L25->L26->L28,True,465.9176206657203,54
GCN_path_prob,1396,L38->L25,,False,0.0,54
GCN_path_prob,1397,L38->L26,,False,0.0,54
GCN_path_prob,1398,L30->L11,,False,0.0,54
GCN_path_prob,1399,L29->L11,,False,0.0,54
GCN_path_prob,1400,L09->L11,,False,0.0,54
GCN_path_prob,1401,L13->L11,L13->L11,True,17.888381576976077,55
GCN_path_prob,1402,L24->L11,,False,0.0,55
GCN_path_prob,1403,L31->L11,,False,0.0,55
GCN_path_prob,1404,L25->L11,,False,0.0,55
GCN_path_prob,1405,L26->L11,,False,0.0,55
GCN_path_prob,1406,L38->L11,,False,0.0,55
LODF_yP,1,L11->L12,L11->L12,True,17.88838157697601,1
LODF_yP,2,L11->L13,L11->L13,True,17.888381576976077,2
LODF_yP,3,L11->L10,,False,0.0,2
LODF_yP,4,L11->L05,,False,0.0,2
LODF_yP,5,L11->L16,,False,0.0,2
LODF_yP,6,L11->L27,,False,0.0,2
LODF_yP,7,L11->L07,,False,0.0,2
LODF_yP,8,L11->L17,,False,0.0,2
LODF_yP,9,L11->L23,,False,0.0,2
LODF_yP,10,L11->L18,,False,0.0,2
LODF_yP,11,L11->L15,,False,0.0,2
LODF_yP,12,L11->L21,,False,0.0,2
LODF_yP,13,L11->L20,,False,0.0,2
LODF_yP,14,L11->L22,,False,0.0,2
LODF_yP,15,L11->L08,,False,0.0,2
LODF_yP,16,L11->L14,,False,0.0,2
LODF_yP,17,L11->L09,,False,0.0,2
LODF_yP,18,L11->L03,,False,0.0,2
LODF_yP,19,L11->L01,,False,0.0,2
LODF_yP,20,L11->L25,,False,0.0,2
LODF_yP,21,L11->L26,,False,0.0,2
LODF_yP,22,L11->L02,,False,0.0,2
LODF_yP,23,L11->L34,,False,0.0,2
LODF_yP,24,L11->L35,,False,0.0,2
LODF_yP,25,L11->L36,,False,0.0,2
LODF_yP,26,L11->L37,,False,0.0,2
LODF_yP,27,L11->L38,,False,0.0,2
LODF_yP,28,L11->L32,,False,0.0,2
LODF_yP,29,L11->L33,,False,0.0,2
LODF_yP,30,L11->L31,,False,0.0,2
LODF_yP,31,L11->L29,,False,0.0,2
LODF_yP,32,L11->L19,,False,0.0,2
LODF_yP,33,L11->L28,,False,0.0,2
LODF_yP,34,L11->L06,,False,0.0,2
LODF_yP,35,L11->L24,,False,0.0,2
LODF_yP,36,L11->L30,,False,0.0,2
LODF_yP,37,L11->L04,,False,0.0,2
LODF_yP,38,L10->L01,L10->L01->L04->L08,True,162.337058886028,3
LODF_yP,39,L10->L08,L10->L08->L01->L09,True,162.33705888602796,4
LODF_yP,40,L10->L09,L10->L09->L08->L01->L02->L06,True,180.8791497815239,5
LODF_yP,41,L10->L27,L10->L27->L06->L09->L01->L04->L08,True,383.860222436461,6
LODF_yP,42,L10->L07,L10->L07->L06->L09->L01->L04->L08,True,383.860222436461,7
LODF_yP,43,L10->L02,L10->L02->L09->L04->L08,True,180.87914978152395,8
LODF_yP,44,L10->L04,L10->L04->L01->L09,True,82.39944368301173,9
LODF_yP,45,L10->L05,L10->L05,True,158.08614799330758,10
LODF_yP,46,L10->L11,,False,0.0,10
LODF_yP,47,L10->L15,,False,0.0,10
LODF_yP,48,L10->L03,,False,0.0,10
LODF_yP,49,L10->L14,,False,0.0,10
LODF_yP,50,L10->L13,,False,0.0,10
LODF_yP,51,L10->L06,,False,0.0,10
LODF_yP,52,L10->L25,,False,0.0,10
LODF_yP,53,L10->L26,,False,0.0,10
LODF_yP,54,L10->L36,,False,0.0,10
LODF_yP,55,L10->L37,,False,0.0,10
LODF_yP,56,L10->L34,,False,0.0,10
LODF_yP,57,L10->L35,,False,0.0,10
LODF_yP,58,L10->L38,,False,0.0,10
LODF_yP,59,L10->L17,,False,0.0,10
LODF_yP,60,L10->L32,,False,0.0,10
LODF_yP,61,L10->L33,,False,0.0,10
LODF_yP,62,L10->L31,,False,0.0,10
LODF_yP,63,L10->L18,,False,0.0,10
LODF_yP,64,L10->L24,,False,0.0,10
LODF_yP,65,L10->L30,,False,0.0,10
LODF_yP,66,L10->L29,,False,0.0,10
LODF_yP,67,L10->L20,,False,0.0,10
LODF_yP,68,L10->L22,,False,0.0,10
LODF_yP,69,L10->L16,,False,0.0,10
LODF_yP,70,L10->L28,,False,0.0,10
LODF_yP,71,L10->L12,,False,0.0,10
LODF_yP,72,L10->L21,,False,0.0,10
LODF_yP,73,L10->L23,,False,0.0,10
LODF_yP,74,L10->L19,,False,0.0,10
LODF_yP,75,L05->L10,L05->L10,True,158.08614799330758,11
LODF_yP,76,L05->L11,,False,0.0,11
LODF_yP,77,L05->L27,,False,0.0,11
LODF_yP,78,L05->L07,,False,0.0,11
LODF_yP,79,L05->L16,,False,0.0,11
LODF_yP,80,L05->L17,,False,0.0,11
LODF_yP,81,L05->L09,,False,0.0,11
LODF_yP,82,L05->L08,,False,0.0,11
LODF_yP,83,L05->L23,,False,0.0,11
LODF_yP,84,L05->L18,,False,0.0,11
LODF_yP,85,L05->L19,,False,0.0,11
LODF_yP,86,L05->L20,,False,0.0,11
LODF_yP,87,L05->L02,,False,0.0,11
LODF_yP,88,L05->L15,,False,0.0,11
LODF_yP,89,L05->L14,,False,0.0,11
LODF_yP,90,L05->L38,,False,0.0,11
LODF_yP,91,L05->L04,,False,0.0,11
LODF_yP,92,L05->L21,,False,0.0,11
LODF_yP,93,L05->L03,,False,0.0,11
LODF_yP,94,L05->L06,,False,0.0,11
LODF_yP,95,L05->L30,,False,0.0,11
LODF_yP,96,L05->L31,,False,0.0,11
LODF_yP,97,L05->L12,,False,0.0,11
LODF_yP,98,L05->L13,,False,0.0,11
LODF_yP,99,L05->L24,,False,0.0,11
LODF_yP,100,L05->L32,,False,0.0,11
LODF_yP,101,L05->L33,,False,0.0,11
LODF_yP,102,L05->L01,,False,0.0,11
LODF_yP,103,L05->L22,,False,0.0,11
LODF_yP,104,L05->L34,,False,0.0,11
LODF_yP,105,L05->L35,,False,0.0,11
LODF_yP,106,L05->L25,,False,0.0,11
LODF_yP,107,L05->L26,,False,0.0,11
LODF_yP,108,L05->L29,,False,0.0,11
LODF_yP,109,L05->L36,,False,0.0,11
LODF_yP,110,L05->L37,,False,0.0,11
LODF_yP,111,L05->L28,,False,0.0,11
LODF_yP,112,L07->L23,L07->L23->L29,True,368.6730123770492,12
LODF_yP,113,L07->L29,L07->L29->L23,True,368.6730123770492,13
LODF_yP,114,L07->L11,,False,0.0,13
LODF_yP,115,L07->L27,,False,0.0,13
LODF_yP,116,L07->L24,,False,0.0,13
LODF_yP,117,L07->L28,,False,0.0,13
LODF_yP,118,L07->L06,L07->L06,True,27.981072654937165,14
LODF_yP,119,L07->L02,L07->L02,True,27.981072654937165,15
LODF_yP,120,L07->L21,,False,0.0,15
LODF_yP,121,L07->L22,,False,0.0,15
LODF_yP,122,L07->L18,,False,0.0,15
LODF_yP,123,L07->L17,,False,0.0,15
LODF_yP,124,L07->L15,,False,0.0,15
LODF_yP,125,L07->L10,,False,0.0,15
LODF_yP,126,L07->L05,,False,0.0,15
LODF_yP,127,L07->L01,,False,0.0,15
LODF_yP,128,L07->L03,,False,0.0,15
LODF_yP,129,L07->L04,,False,0.0,15
LODF_yP,130,L07->L09,,False,0.0,15
LODF_yP,131,L07->L12,,False,0.0,15
LODF_yP,132,L07->L13,,False,0.0,15
LODF_yP,133,L07->L30,,False,0.0,15
LODF_yP,134,L07->L31,,False,0.0,15
LODF_yP,135,L07->L32,,False,0.0,15
LODF_yP,136,L07->L33,,False,0.0,15
LODF_yP,137,L07->L38,,False,0.0,15
LODF_yP,138,L07->L08,,False,0.0,15
LODF_yP,139,L07->L25,,False,0.0,15
LODF_yP,140,L07->L26,,False,0.0,15
LODF_yP,141,L07->L34,,False,0.0,15
LODF_yP,142,L07->L35,,False,0.0,15
LODF_yP,143,L07->L20,,False,0.0,15
LODF_yP,144,L07->L36,,False,0.0,15
LODF_yP,145,L07->L37,,False,0.0,15
LODF_yP,146,L07->L16,,False,0.0,15
LODF_yP,147,L07->L19,,False,0.0,15
LODF_yP,148,L07->L14,,False,0.0,15
LODF_yP,149,L27->L29,L27->L29->L23,True,368.67301237704925,16
LODF_yP,150,L27->L23,L27->L23->L29,True,368.67301237704925,17
LODF_yP,151,L27->L07,,False,0.0,17
LODF_yP,152,L27->L11,,False,0.0,17
LODF_yP,153,L27->L24,,False,0.0,17
LODF_yP,154,L27->L28,,False,0.0,17
LODF_yP,155,L27->L06,L27->L06,True,27.981072654937165,18
LODF_yP,156,L27->L02,L27->L02,True,27.98107265493719,19
LODF_yP,157,L27->L21,,False,0.0,19
LODF_yP,158,L27->L22,,False,0.0,19
LODF_yP,159,L27->L18,,False,0.0,19
LODF_yP,160,L27->L17,,False,0.0,19
LODF_yP,161,L27->L15,,False,0.0,19
LODF_yP,162,L27->L38,,False,0.0,19
LODF_yP,163,L27->L04,,False,0.0,19
LODF_yP,164,L27->L03,,False,0.0,19
LODF_yP,165,L27->L05,,False,0.0,19
LODF_yP,166,L27->L12,,False,0.0,19
LODF_yP,167,L27->L13,,False,0.0,19
LODF_yP,168,L27->L08,,False,0.0,19
LODF_yP,169,L27->L01,,False,0.0,19
LODF_yP,170,L27->L09,,False,0.0,19
LODF_yP,171,L27->L32,,False,0.0,19
LODF_yP,172,L27->L33,,False,0.0,19
LODF_yP,173,L27->L31,,False,0.0,19
LODF_yP,174,L27->L25,,False,0.0,19
LODF_yP,175,L27->L26,,False,0.0,19
LODF_yP,176,L27->L10,,False,0.0,19
LODF_yP,177,L27->L30,,False,0.0,19
LODF_yP,178,L27->L34,,False,0.0,19
LODF_yP,179,L27->L35,,False,0.0,19
LODF_yP,180,L27->L20,,False,0.0,19
LODF_yP,181,L27->L36,,False,0.0,19
LODF_yP,182,L27->L37,,False,0.0,19
LODF_yP,183,L27->L16,,False,0.0,19
LODF_yP,184,L27->L19,,False,0.0,19
LODF_yP,185,L27->L14,,False,0.0,19
LODF_yP,186,L23->L11,,False,0.0,19
LODF_yP,187,L23->L19,L23->L19,True,193.9878918650109,20
LODF_yP,188,L23->L18,,False,0.0,20
LODF_yP,189,L23->L17,,False,0.0,20
LODF_yP,190,L23->L29,,False,0.0,20
LODF_yP,191,L23->L27,,False,0.0,20
LODF_yP,192,L23->L07,,False,0.0,20
LODF_yP,193,L23->L05,,False,0.0,20
LODF_yP,194,L23->L10,,False,0.0,20
LODF_yP,195,L23->L20,,False,0.0,20
LODF_yP,196,L23->L16,,False,0.0,20
LODF_yP,197,L23->L08,,False,0.0,20
LODF_yP,198,L23->L12,,False,0.0,20
LODF_yP,199,L23->L14,,False,0.0,20
LODF_yP,200,L23->L28,,False,0.0,20
LODF_yP,201,L23->L36,,False,0.0,20
LODF_yP,202,L23->L37,,False,0.0,20
LODF_yP,203,L23->L02,,False,0.0,20
LODF_yP,204,L23->L15,,False,0.0,20
LODF_yP,205,L23->L34,,False,0.0,20
LODF_yP,206,L23->L35,,False,0.0,20
LODF_yP,207,L23->L09,,False,0.0,20
LODF_yP,208,L23->L13,,False,0.0,20
LODF_yP,209,L23->L30,,False,0.0,20
LODF_yP,210,L23->L01,,False,0.0,20
LODF_yP,211,L23->L06,,False,0.0,20
LODF_yP,212,L23->L24,,False,0.0,20
LODF_yP,213,L23->L04,,False,0.0,20
LODF_yP,214,L23->L25,,False,0.0,20
LODF_yP,215,L23->L26,,False,0.0,20
LODF_yP,216,L23->L32,,False,0.0,20
LODF_yP,217,L23->L33,,False,0.0,20
LODF_yP,218,L23->L31,,False,0.0,20
LODF_yP,219,L23->L03,,False,0.0,20
LODF_yP,220,L23->L38,,False,0.0,20
LODF_yP,221,L23->L21,,False,0.0,20
LODF_yP,222,L23->L22,,False,0.0,20
LODF_yP,223,L18->L11,,False,0.0,20
LODF_yP,224,L18->L07,,False,0.0,20
LODF_yP,225,L18->L27,,False,0.0,20
LODF_yP,226,L18->L23,,False,0.0,20
LODF_yP,227,L18->L10,,False,0.0,20
LODF_yP,228,L18->L05,,False,0.0,20
LODF_yP,229,L18->L15,,False,0.0,20
LODF_yP,230,L18->L17,,False,0.0,20
LODF_yP,231,L18->L28,,False,0.0,20
LODF_yP,232,L18->L19,,False,0.0,20
LODF_yP,233,L18->L12,,False,0.0,20
LODF_yP,234,L18->L25,,False,0.0,20
LODF_yP,235,L18->L26,,False,0.0,20
LODF_yP,236,L18->L29,,False,0.0,20
LODF_yP,237,L18->L04,,False,0.0,20
LODF_yP,238,L18->L13,,False,0.0,20
LODF_yP,239,L18->L38,,False,0.0,20
LODF_yP,240,L18->L08,,False,0.0,20
LODF_yP,241,L18->L14,,False,0.0,20
LODF_yP,242,L18->L01,,False,0.0,20
LODF_yP,243,L18->L02,,False,0.0,20
LODF_yP,244,L18->L06,,False,0.0,20
LODF_yP,245,L18->L09,,False,0.0,20
LODF_yP,246,L18->L21,,False,0.0,20
LODF_yP,247,L18->L22,,False,0.0,20
LODF_yP,248,L18->L32,,False,0.0,20
LODF_yP,249,L18->L33,,False,0.0,20
LODF_yP,250,L18->L34,,False,0.0,20
LODF_yP,251,L18->L35,,False,0.0,20
LODF_yP,252,L18->L36,,False,0.0,20
LODF_yP,253,L18->L37,,False,0.0,20
LODF_yP,254,L18->L24,,False,0.0,20
LODF_yP,255,L18->L31,,False,0.0,20
LODF_yP,256,L18->L03,,False,0.0,20
LODF_yP,257,L18->L30,,False,0.0,20
LODF_yP,258,L18->L16,,False,0.0,20
LODF_yP,259,L18->L20,,False,0.0,20
LODF_yP,260,L16->L11,,False,0.0,20
LODF_yP,261,L16->L17,L16->L17,True,4.621657307708116,21
LODF_yP,262,L16->L05,,False,0.0,21
LODF_yP,263,L16->L10,,False,0.0,21
LODF_yP,264,L16->L27,,False,0.0,21
LODF_yP,265,L16->L07,,False,0.0,21
LODF_yP,266,L16->L18,,False,0.0,21
LODF_yP,267,L16->L38,,False,0.0,21
LODF_yP,268,L16->L31,,False,0.0,21
LODF_yP,269,L16->L36,,False,0.0,21
LODF_yP,270,L16->L37,,False,0.0,21
LODF_yP,271,L16->L15,,False,0.0,21
LODF_yP,272,L16->L34,,False,0.0,21
LODF_yP,273,L16->L35,,False,0.0,21
LODF_yP,274,L16->L06,,False,0.0,21
LODF_yP,275,L16->L13,,False,0.0,21
LODF_yP,276,L16->L22,,False,0.0,21
LODF_yP,277,L16->L29,,False,0.0,21
LODF_yP,278,L16->L01,,False,0.0,21
LODF_yP,279,L16->L04,,False,0.0,21
LODF_yP,280,L16->L09,,False,0.0,21
LODF_yP,281,L16->L19,,False,0.0,21
LODF_yP,282,L16->L23,,False,0.0,21
LODF_yP,283,L16->L24,,False,0.0,21
LODF_yP,284,L16->L30,,False,0.0,21
LODF_yP,285,L16->L32,,False,0.0,21
LODF_yP,286,L16->L33,,False,0.0,21
LODF_yP,287,L16->L02,,False,0.0,21
LODF_yP,288,L16->L25,,False,0.0,21
LODF_yP,289,L16->L26,,False,0.0,21
LODF_yP,290,L16->L03,,False,0.0,21
LODF_yP,291,L16->L08,,False,0.0,21
LODF_yP,292,L16->L28,,False,0.0,21
LODF_yP,293,L16->L12,,False,0.0,21
LODF_yP,294,L16->L21,,False,0.0,21
LODF_yP,295,L16->L14,,False,0.0,21
LODF_yP,296,L16->L20,,False,0.0,21
LODF_yP,297,L21->L22,L21->L22->L23->L02->L06->L07->L27,True,727.2781283848517,22
LODF_yP,298,L21->L11,,False,0.0,22
LODF_yP,299,L21->L07,,False,0.0,22
LODF_yP,300,L21->L27,,False,0.0,22
LODF_yP,301,L21->L23,,False,0.0,22
LODF_yP,302,L21->L18,,False,0.0,22
LODF_yP,303,L21->L19,,False,0.0,22
LODF_yP,304,L21->L10,,False,0.0,22
LODF_yP,305,L21->L05,,False,0.0,22
LODF_yP,306,L21->L30,,False,0.0,22
LODF_yP,307,L21->L03,,False,0.0,22
LODF_yP,308,L21->L24,,False,0.0,22
LODF_yP,309,L21->L31,,False,0.0,22
LODF_yP,310,L21->L38,,False,0.0,22
LODF_yP,311,L21->L01,,False,0.0,22
LODF_yP,312,L21->L04,,False,0.0,22
LODF_yP,313,L21->L06,,False,0.0,22
LODF_yP,314,L21->L12,,False,0.0,22
LODF_yP,315,L21->L34,,False,0.0,22
LODF_yP,316,L21->L35,,False,0.0,22
LODF_yP,317,L21->L13,,False,0.0,22
LODF_yP,318,L21->L20,,False,0.0,22
LODF_yP,319,L21->L28,,False,0.0,22
LODF_yP,320,L21->L02,,False,0.0,22
LODF_yP,321,L21->L09,,False,0.0,22
LODF_yP,322,L21->L25,,False,0.0,22
LODF_yP,323,L21->L26,,False,0.0,22
LODF_yP,324,L21->L29,,False,0.0,22
LODF_yP,325,L21->L32,,False,0.0,22
LODF_yP,326,L21->L33,,False,0.0,22
LODF_yP,327,L21->L16,,False,0.0,22
LODF_yP,328,L21->L08,,False,0.0,22
LODF_yP,329,L21->L14,,False,0.0,22
LODF_yP,330,L21->L17,,False,0.0,22
LODF_yP,331,L21->L36,,False,0.0,22
LODF_yP,332,L21->L37,,False,0.0,22
LODF_yP,333,L21->L15,,False,0.0,22
LODF_yP,334,L25->L26,L25->L26->L28,True,465.9176206657203,23
LODF_yP,335,L25->L28,L25->L28->L26,True,465.9176206657203,24
LODF_yP,336,L25->L11,,False,0.0,24
LODF_yP,337,L25->L30,,False,0.0,24
LODF_yP,338,L25->L27,,False,0.0,24
LODF_yP,339,L25->L07,,False,0.0,24
LODF_yP,340,L25->L05,,False,0.0,24
LODF_yP,341,L25->L10,,False,0.0,24
LODF_yP,342,L25->L23,,False,0.0,24
LODF_yP,343,L25->L17,,False,0.0,24
LODF_yP,344,L25->L16,,False,0.0,24
LODF_yP,345,L25->L18,,False,0.0,24
LODF_yP,346,L25->L12,,False,0.0,24
LODF_yP,347,L25->L21,,False,0.0,24
LODF_yP,348,L25->L08,,False,0.0,24
LODF_yP,349,L25->L19,,False,0.0,24
LODF_yP,350,L25->L20,,False,0.0,24
LODF_yP,351,L25->L38,,False,0.0,24
LODF_yP,352,L25->L15,,False,0.0,24
LODF_yP,353,L25->L13,,False,0.0,24
LODF_yP,354,L25->L22,,False,0.0,24
LODF_yP,355,L25->L01,,False,0.0,24
LODF_yP,356,L25->L02,,False,0.0,24
LODF_yP,357,L25->L06,,False,0.0,24
LODF_yP,358,L25->L09,,False,0.0,24
LODF_yP,359,L25->L14,,False,0.0,24
LODF_yP,360,L25->L24,,False,0.0,24
LODF_yP,361,L25->L29,,False,0.0,24
LODF_yP,362,L25->L31,,False,0.0,24
LODF_yP,363,L25->L34,,False,0.0,24
LODF_yP,364,L25->L35,,False,0.0,24
LODF_yP,365,L25->L36,,False,0.0,24
LODF_yP,366,L25->L37,,False,0.0,24
LODF_yP,367,L25->L04,,False,0.0,24
LODF_yP,368,L25->L32,,False,0.0,24
LODF_yP,369,L25->L33,,False,0.0,24
LODF_yP,370,L25->L03,,False,0.0,24
LODF_yP,371,L26->L25,L26->L25->L28,True,465.9176206657203,25
LODF_yP,372,L26->L28,L26->L28->L25,True,465.9176206657203,26
LODF_yP,373,L26->L11,,False,0.0,26
LODF_yP,374,L26->L30,,False,0.0,26
LODF_yP,375,L26->L27,,False,0.0,26
LODF_yP,376,L26->L07,,False,0.0,26
LODF_yP,377,L26->L05,,False,0.0,26
LODF_yP,378,L26->L10,,False,0.0,26
LODF_yP,379,L26->L23,,False,0.0,26
LODF_yP,380,L26->L17,,False,0.0,26
LODF_yP,381,L26->L16,,False,0.0,26
LODF_yP,382,L26->L18,,False,0.0,26
LODF_yP,383,L26->L12,,False,0.0,26
LODF_yP,384,L26->L21,,False,0.0,26
LODF_yP,385,L26->L08,,False,0.0,26
LODF_yP,386,L26->L19,,False,0.0,26
LODF_yP,387,L26->L20,,False,0.0,26
LODF_yP,388,L26->L38,,False,0.0,26
LODF_yP,389,L26->L15,,False,0.0,26
LODF_yP,390,L26->L13,,False,0.0,26
LODF_yP,391,L26->L22,,False,0.0,26
LODF_yP,392,L26->L01,,False,0.0,26
LODF_yP,393,L26->L02,,False,0.0,26
LODF_yP,394,L26->L06,,False,0.0,26
LODF_yP,395,L26->L09,,False,0.0,26
LODF_yP,396,L26->L14,,False,0.0,26
LODF_yP,397,L26->L24,,False,0.0,26
LODF_yP,398,L26->L29,,False,0.0,26
LODF_yP,399,L26->L31,,False,0.0,26
LODF_yP,400,L26->L34,,False,0.0,26
LODF_yP,401,L26->L35,,False,0.0,26
LODF_yP,402,L26->L36,,False,0.0,26
LODF_yP,403,L26->L37,,False,0.0,26
LODF_yP,404,L26->L04,,False,0.0,26
LODF_yP,405,L26->L32,,False,0.0,26
LODF_yP,406,L26->L33,,False,0.0,26
LODF_yP,407,L26->L03,,False,0.0,26
LODF_yP,408,L17->L11,,False,0.0,26
LODF_yP,409,L17->L16,L17->L16,True,4.621657307708116,27
LODF_yP,410,L17->L18,,False,0.0,27
LODF_yP,411,L17->L15,,False,0.0,27
LODF_yP,412,L17->L23,,False,0.0,27
LODF_yP,413,L17->L27,,False,0.0,27
LODF_yP,414,L17->L07,,False,0.0,27
LODF_yP,415,L17->L05,,False,0.0,27
LODF_yP,416,L17->L10,,False,0.0,27
LODF_yP,417,L17->L12,,False,0.0,27
LODF_yP,418,L17->L03,,False,0.0,27
LODF_yP,419,L17->L21,,False,0.0,27
LODF_yP,420,L17->L08,,False,0.0,27
LODF_yP,421,L17->L28,,False,0.0,27
LODF_yP,422,L17->L30,,False,0.0,27
LODF_yP,423,L17->L20,,False,0.0,27
LODF_yP,424,L17->L22,,False,0.0,27
LODF_yP,425,L17->L25,,False,0.0,27
LODF_yP,426,L17->L26,,False,0.0,27
LODF_yP,427,L17->L36,,False,0.0,27
LODF_yP,428,L17->L37,,False,0.0,27
LODF_yP,429,L17->L04,,False,0.0,27
LODF_yP,430,L17->L19,,False,0.0,27
LODF_yP,431,L17->L34,,False,0.0,27
LODF_yP,432,L17->L35,,False,0.0,27
LODF_yP,433,L17->L01,,False,0.0,27
LODF_yP,434,L17->L02,,False,0.0,27
LODF_yP,435,L17->L06,,False,0.0,27
LODF_yP,436,L17->L09,,False,0.0,27
LODF_yP,437,L17->L24,,False,0.0,27
LODF_yP,438,L17->L29,,False,0.0,27
LODF_yP,439,L17->L32,,False,0.0,27
LODF_yP,440,L17->L33,,False,0.0,27
LODF_yP,441,L17->L31,,False,0.0,27
LODF_yP,442,L17->L13,,False,0.0,27
LODF_yP,443,L17->L14,,False,0.0,27
LODF_yP,444,L17->L38,,False,0.0,27
LODF_yP,445,L22->L11,,False,0.0,27
LODF_yP,446,L22->L05,,False,0.0,27
LODF_yP,447,L22->L10,,False,0.0,27
LODF_yP,448,L22->L21,,False,0.0,27
LODF_yP,449,L22->L29,,False,0.0,27
LODF_yP,450,L22->L30,,False,0.0,27
LODF_yP,451,L22->L18,,False,0.0,27
LODF_yP,452,L22->L27,,False,0.0,27
LODF_yP,453,L22->L04,,False,0.0,27
LODF_yP,454,L22->L06,,False,0.0,27
LODF_yP,455,L22->L12,,False,0.0,27
LODF_yP,456,L22->L34,,False,0.0,27
LODF_yP,457,L22->L35,,False,0.0,27
LODF_yP,458,L22->L01,,False,0.0,27
LODF_yP,459,L22->L02,,False,0.0,27
LODF_yP,460,L22->L13,,False,0.0,27
LODF_yP,461,L22->L15,,False,0.0,27
LODF_yP,462,L22->L24,,False,0.0,27
LODF_yP,463,L22->L28,,False,0.0,27
LODF_yP,464,L22->L31,,False,0.0,27
LODF_yP,465,L22->L36,,False,0.0,27
LODF_yP,466,L22->L37,,False,0.0,27
LODF_yP,467,L22->L38,,False,0.0,27
LODF_yP,468,L22->L25,,False,0.0,27
LODF_yP,469,L22->L26,,False,0.0,27
LODF_yP,470,L22->L32,,False,0.0,27
LODF_yP,471,L22->L33,,False,0.0,27
LODF_yP,472,L22->L17,,False,0.0,27
LODF_yP,473,L22->L20,,False,0.0,27
LODF_yP,474,L22->L03,,False,0.0,27
LODF_yP,475,L22->L08,,False,0.0,27
LODF_yP,476,L22->L14,,False,0.0,27
LODF_yP,477,L22->L19,,False,0.0,27
LODF_yP,478,L22->L09,,False,0.0,27
LODF_yP,479,L22->L16,,False,0.0,27
LODF_yP,480,L22->L07,,False,0.0,27
LODF_yP,481,L22->L23,,False,0.0,27
LODF_yP,482,L12->L11,L12->L11,True,17.88838157697601,28
LODF_yP,483,L12->L13,L12->L13,True,38.05337863080115,29
LODF_yP,484,L12->L16,,False,0.0,29
LODF_yP,485,L12->L17,,False,0.0,29
LODF_yP,486,L12->L03,,False,0.0,29
LODF_yP,487,L12->L36,,False,0.0,29
LODF_yP,488,L12->L37,,False,0.0,29
LODF_yP,489,L12->L05,,False,0.0,29
LODF_yP,490,L12->L01,,False,0.0,29
LODF_yP,491,L12->L04,,False,0.0,29
LODF_yP,492,L12->L06,,False,0.0,29
LODF_yP,493,L12->L25,,False,0.0,29
LODF_yP,494,L12->L26,,False,0.0,29
LODF_yP,495,L12->L29,,False,0.0,29
LODF_yP,496,L12->L30,,False,0.0,29
LODF_yP,497,L12->L32,,False,0.0,29
LODF_yP,498,L12->L33,,False,0.0,29
LODF_yP,499,L12->L34,,False,0.0,29
LODF_yP,500,L12->L35,,False,0.0,29
LODF_yP,501,L12->L02,,False,0.0,29
LODF_yP,502,L12->L08,,False,0.0,29
LODF_yP,503,L12->L09,,False,0.0,29
LODF_yP,504,L12->L24,,False,0.0,29
LODF_yP,505,L12->L31,,False,0.0,29
LODF_yP,506,L12->L38,,False,0.0,29
LODF_yP,507,L12->L19,,False,0.0,29
LODF_yP,508,L12->L22,,False,0.0,29
LODF_yP,509,L12->L18,,False,0.0,29
LODF_yP,510,L12->L15,,False,0.0,29
LODF_yP,511,L12->L14,,False,0.0,29
LODF_yP,512,L12->L20,,False,0.0,29
LODF_yP,513,L12->L10,,False,0.0,29
LODF_yP,514,L12->L07,,False,0.0,29
LODF_yP,515,L12->L21,,False,0.0,29
LODF_yP,516,L12->L28,,False,0.0,29
LODF_yP,517,L12->L27,,False,0.0,29
LODF_yP,518,L12->L23,,False,0.0,29
LODF_yP,519,L13->L11,L13->L11,True,17.888381576976077,30
LODF_yP,520,L13->L12,L13->L12,True,38.05337863080115,31
LODF_yP,521,L13->L27,,False,0.0,31
LODF_yP,522,L13->L07,,False,0.0,31
LODF_yP,523,L13->L05,,False,0.0,31
LODF_yP,524,L13->L10,,False,0.0,31
LODF_yP,525,L13->L19,,False,0.0,31
LODF_yP,526,L13->L16,,False,0.0,31
LODF_yP,527,L13->L29,,False,0.0,31
LODF_yP,528,L13->L14,,False,0.0,31
LODF_yP,529,L13->L17,,False,0.0,31
LODF_yP,530,L13->L08,,False,0.0,31
LODF_yP,531,L13->L15,,False,0.0,31
LODF_yP,532,L13->L28,,False,0.0,31
LODF_yP,533,L13->L25,,False,0.0,31
LODF_yP,534,L13->L26,,False,0.0,31
LODF_yP,535,L13->L38,,False,0.0,31
LODF_yP,536,L13->L02,,False,0.0,31
LODF_yP,537,L13->L09,,False,0.0,31
LODF_yP,538,L13->L20,,False,0.0,31
LODF_yP,539,L13->L06,,False,0.0,31
LODF_yP,540,L13->L21,,False,0.0,31
LODF_yP,541,L13->L30,,False,0.0,31
LODF_yP,542,L13->L31,,False,0.0,31
LODF_yP,543,L13->L32,,False,0.0,31
LODF_yP,544,L13->L33,,False,0.0,31
LODF_yP,545,L13->L34,,False,0.0,31
LODF_yP,546,L13->L35,,False,0.0,31
LODF_yP,547,L13->L36,,False,0.0,31
LODF_yP,548,L13->L37,,False,0.0,31
LODF_yP,549,L13->L18,,False,0.0,31
LODF_yP,550,L13->L22,,False,0.0,31
LODF_yP,551,L13->L01,,False,0.0,31
LODF_yP,552,L13->L24,,False,0.0,31
LODF_yP,553,L13->L04,,False,0.0,31
LODF_yP,554,L13->L03,,False,0.0,31
LODF_yP,555,L13->L23,,False,0.0,31
LODF_yP,556,L28->L24,L28->L24->L06->L07,True,316.82674035082636,32
LODF_yP,557,L28->L25,L28->L25->L26,True,465.9176206657203,33
LODF_yP,558,L28->L26,L28->L26->L25,True,465.9176206657203,34
LODF_yP,559,L28->L11,,False,0.0,34
LODF_yP,560,L28->L07,,False,0.0,34
LODF_yP,561,L28->L27,,False,0.0,34
LODF_yP,562,L28->L05,,False,0.0,34
LODF_yP,563,L28->L10,,False,0.0,34
LODF_yP,564,L28->L03,,False,0.0,34
LODF_yP,565,L28->L14,,False,0.0,34
LODF_yP,566,L28->L15,,False,0.0,34
LODF_yP,567,L28->L04,,False,0.0,34
LODF_yP,568,L28->L20,,False,0.0,34
LODF_yP,569,L28->L29,,False,0.0,34
LODF_yP,570,L28->L31,,False,0.0,34
LODF_yP,571,L28->L34,,False,0.0,34
LODF_yP,572,L28->L35,,False,0.0,34
LODF_yP,573,L28->L01,,False,0.0,34
LODF_yP,574,L28->L02,,False,0.0,34
LODF_yP,575,L28->L06,,False,0.0,34
LODF_yP,576,L28->L09,,False,0.0,34
LODF_yP,577,L28->L13,,False,0.0,34
LODF_yP,578,L28->L16,,False,0.0,34
LODF_yP,579,L28->L18,,False,0.0,34
LODF_yP,580,L28->L36,,False,0.0,34
LODF_yP,581,L28->L37,,False,0.0,34
LODF_yP,582,L28->L08,,False,0.0,34
LODF_yP,583,L28->L12,,False,0.0,34
LODF_yP,584,L28->L17,,False,0.0,34
LODF_yP,585,L28->L19,,False,0.0,34
LODF_yP,586,L28->L32,,False,0.0,34
LODF_yP,587,L28->L33,,False,0.0,34
LODF_yP,588,L28->L21,,False,0.0,34
LODF_yP,589,L28->L22,,False,0.0,34
LODF_yP,590,L28->L30,,False,0.0,34
LODF_yP,591,L28->L38,,False,0.0,34
LODF_yP,592,L28->L23,,False,0.0,34
LODF_yP,593,L29->L23,L29->L23->L06->L07->L27,True,368.673012377049,35
LODF_yP,594,L29->L07,L29->L07->L23,True,368.6730123770492,36
LODF_yP,595,L29->L27,L29->L27->L23,True,368.67301237704925,37
LODF_yP,596,L29->L11,,False,0.0,37
LODF_yP,597,L29->L19,,False,0.0,37
LODF_yP,598,L29->L10,,False,0.0,37
LODF_yP,599,L29->L05,,False,0.0,37
LODF_yP,600,L29->L03,,False,0.0,37
LODF_yP,601,L29->L17,,False,0.0,37
LODF_yP,602,L29->L15,,False,0.0,37
LODF_yP,603,L29->L16,,False,0.0,37
LODF_yP,604,L29->L18,,False,0.0,37
LODF_yP,605,L29->L21,,False,0.0,37
LODF_yP,606,L29->L30,,False,0.0,37
LODF_yP,607,L29->L36,,False,0.0,37
LODF_yP,608,L29->L37,,False,0.0,37
LODF_yP,609,L29->L14,,False,0.0,37
LODF_yP,610,L29->L20,,False,0.0,37
LODF_yP,611,L29->L12,,False,0.0,37
LODF_yP,612,L29->L25,,False,0.0,37
LODF_yP,613,L29->L26,,False,0.0,37
LODF_yP,614,L29->L01,,False,0.0,37
LODF_yP,615,L29->L04,,False,0.0,37
LODF_yP,616,L29->L09,,False,0.0,37
LODF_yP,617,L29->L13,,False,0.0,37
LODF_yP,618,L29->L22,,False,0.0,37
LODF_yP,619,L29->L24,,False,0.0,37
LODF_yP,620,L29->L28,,False,0.0,37
LODF_yP,621,L29->L32,,False,0.0,37
LODF_yP,622,L29->L33,,False,0.0,37
LODF_yP,623,L29->L34,,False,0.0,37
LODF_yP,624,L29->L35,,False,0.0,37
LODF_yP,625,L29->L02,,False,0.0,37
LODF_yP,626,L29->L06,,False,0.0,37
LODF_yP,627,L29->L31,,False,0.0,37
LODF_yP,628,L29->L38,,False,0.0,37
LODF_yP,629,L29->L08,,False,0.0,37
LODF_yP,630,L08->L09,L08->L09->L10->L01->L02->L06,True,180.8791497815239,38
LODF_yP,631,L08->L10,L08->L10->L01->L09,True,162.33705888602796,39
LODF_yP,632,L08->L01,L08->L01->L10,True,162.33705888602796,40
LODF_yP,633,L08->L04,L08->L04,True,79.93761520301625,41
LODF_yP,634,L08->L11,,False,0.0,41
LODF_yP,635,L08->L07,,False,0.0,41
LODF_yP,636,L08->L27,,False,0.0,41
LODF_yP,637,L08->L02,,False,0.0,41
LODF_yP,638,L08->L03,,False,0.0,41
LODF_yP,639,L08->L06,,False,0.0,41
LODF_yP,640,L08->L15,,False,0.0,41
LODF_yP,641,L08->L14,,False,0.0,41
LODF_yP,642,L08->L16,,False,0.0,41
LODF_yP,643,L08->L25,,False,0.0,41
LODF_yP,644,L08->L26,,False,0.0,41
LODF_yP,645,L08->L34,,False,0.0,41
LODF_yP,646,L08->L35,,False,0.0,41
LODF_yP,647,L08->L36,,False,0.0,41
LODF_yP,648,L08->L37,,False,0.0,41
LODF_yP,649,L08->L24,,False,0.0,41
LODF_yP,650,L08->L38,,False,0.0,41
LODF_yP,651,L08->L32,,False,0.0,41
LODF_yP,652,L08->L33,,False,0.0,41
LODF_yP,653,L08->L31,,False,0.0,41
LODF_yP,654,L08->L29,,False,0.0,41
LODF_yP,655,L08->L13,,False,0.0,41
LODF_yP,656,L08->L18,,False,0.0,41
LODF_yP,657,L08->L30,,False,0.0,41
LODF_yP,658,L08->L17,,False,0.0,41
LODF_yP,659,L08->L20,,False,0.0,41
LODF_yP,660,L08->L22,,False,0.0,41
LODF_yP,661,L08->L28,,False,0.0,41
LODF_yP,662,L08->L12,,False,0.0,41
LODF_yP,663,L08->L21,,False,0.0,41
LODF_yP,664,L08->L19,,False,0.0,41
LODF_yP,665,L08->L23,,False,0.0,41
LODF_yP,666,L08->L05,,False,0.0,41
LODF_yP,667,L15->L11,,False,0.0,41
LODF_yP,668,L15->L18,,False,0.0,41
LODF_yP,669,L15->L17,,False,0.0,41
LODF_yP,670,L15->L10,,False,0.0,41
LODF_yP,671,L15->L05,,False,0.0,41
LODF_yP,672,L15->L28,,False,0.0,41
LODF_yP,673,L15->L27,,False,0.0,41
LODF_yP,674,L15->L30,,False,0.0,41
LODF_yP,675,L15->L36,,False,0.0,41
LODF_yP,676,L15->L37,,False,0.0,41
LODF_yP,677,L15->L14,,False,0.0,41
LODF_yP,678,L15->L19,,False,0.0,41
LODF_yP,679,L15->L25,,False,0.0,41
LODF_yP,680,L15->L26,,False,0.0,41
LODF_yP,681,L15->L31,,False,0.0,41
LODF_yP,682,L15->L06,,False,0.0,41
LODF_yP,683,L15->L20,,False,0.0,41
LODF_yP,684,L15->L09,,False,0.0,41
LODF_yP,685,L15->L12,,False,0.0,41
LODF_yP,686,L15->L16,,False,0.0,41
LODF_yP,687,L15->L21,,False,0.0,41
LODF_yP,688,L15->L24,,False,0.0,41
LODF_yP,689,L15->L38,,False,0.0,41
LODF_yP,690,L15->L01,,False,0.0,41
LODF_yP,691,L15->L02,,False,0.0,41
LODF_yP,692,L15->L08,,False,0.0,41
LODF_yP,693,L15->L13,,False,0.0,41
LODF_yP,694,L15->L22,,False,0.0,41
LODF_yP,695,L15->L32,,False,0.0,41
LODF_yP,696,L15->L33,,False,0.0,41
LODF_yP,697,L15->L03,,False,0.0,41
LODF_yP,698,L15->L34,,False,0.0,41
LODF_yP,699,L15->L35,,False,0.0,41
LODF_yP,700,L15->L04,,False,0.0,41
LODF_yP,701,L15->L23,,False,0.0,41
LODF_yP,702,L15->L29,,False,0.0,41
LODF_yP,703,L15->L07,,False,0.0,41
LODF_yP,704,L09->L03,L09->L03,True,85.8406488939796,42
LODF_yP,705,L09->L11,,False,0.0,42
LODF_yP,706,L09->L07,,False,0.0,42
LODF_yP,707,L09->L27,,False,0.0,42
LODF_yP,708,L09->L05,,False,0.0,42
LODF_yP,709,L09->L10,,False,0.0,42
LODF_yP,710,L09->L30,,False,0.0,42
LODF_yP,711,L09->L17,,False,0.0,42
LODF_yP,712,L09->L16,,False,0.0,42
LODF_yP,713,L09->L18,,False,0.0,42
LODF_yP,714,L09->L15,,False,0.0,42
LODF_yP,715,L09->L24,,False,0.0,42
LODF_yP,716,L09->L12,,False,0.0,42
LODF_yP,717,L09->L01,,False,0.0,42
LODF_yP,718,L09->L04,,False,0.0,42
LODF_yP,719,L09->L06,,False,0.0,42
LODF_yP,720,L09->L13,,False,0.0,42
LODF_yP,721,L09->L19,,False,0.0,42
LODF_yP,722,L09->L28,,False,0.0,42
LODF_yP,723,L09->L31,,False,0.0,42
LODF_yP,724,L09->L34,,False,0.0,42
LODF_yP,725,L09->L35,,False,0.0,42
LODF_yP,726,L09->L38,,False,0.0,42
LODF_yP,727,L09->L02,,False,0.0,42
LODF_yP,728,L09->L14,,False,0.0,42
LODF_yP,729,L09->L20,,False,0.0,42
LODF_yP,730,L09->L32,,False,0.0,42
LODF_yP,731,L09->L33,,False,0.0,42
LODF_yP,732,L09->L36,,False,0.0,42
LODF_yP,733,L09->L37,,False,0.0,42
LODF_yP,734,L09->L22,,False,0.0,42
LODF_yP,735,L09->L25,,False,0.0,42
LODF_yP,736,L09->L26,,False,0.0,42
LODF_yP,737,L09->L08,,False,0.0,42
LODF_yP,738,L09->L21,,False,0.0,42
LODF_yP,739,L09->L29,,False,0.0,42
LODF_yP,740,L09->L23,,False,0.0,42
LODF_yP,741,L14->L11,,False,0.0,42
LODF_yP,742,L14->L05,,False,0.0,42
LODF_yP,743,L14->L10,,False,0.0,42
LODF_yP,744,L14->L15,,False,0.0,42
LODF_yP,745,L14->L07,,False,0.0,42
LODF_yP,746,L14->L27,,False,0.0,42
LODF_yP,747,L14->L16,,False,0.0,42
LODF_yP,748,L14->L17,,False,0.0,42
LODF_yP,749,L14->L09,,False,0.0,42
LODF_yP,750,L14->L20,,False,0.0,42
LODF_yP,751,L14->L08,,False,0.0,42
LODF_yP,752,L14->L01,,False,0.0,42
LODF_yP,753,L14->L13,,False,0.0,42
LODF_yP,754,L14->L21,,False,0.0,42
LODF_yP,755,L14->L24,,False,0.0,42
LODF_yP,756,L14->L29,,False,0.0,42
LODF_yP,757,L14->L34,,False,0.0,42
LODF_yP,758,L14->L35,,False,0.0,42
LODF_yP,759,L14->L25,,False,0.0,42
LODF_yP,760,L14->L26,,False,0.0,42
LODF_yP,761,L14->L36,,False,0.0,42
LODF_yP,762,L14->L37,,False,0.0,42
LODF_yP,763,L14->L38,,False,0.0,42
LODF_yP,764,L14->L32,,False,0.0,42
LODF_yP,765,L14->L33,,False,0.0,42
LODF_yP,766,L14->L31,,False,0.0,42
LODF_yP,767,L14->L30,,False,0.0,42
LODF_yP,768,L14->L06,,False,0.0,42
LODF_yP,769,L14->L18,,False,0.0,42
LODF_yP,770,L14->L28,,False,0.0,42
LODF_yP,771,L14->L23,,False,0.0,42
LODF_yP,772,L14->L19,,False,0.0,42
LODF_yP,773,L14->L22,,False,0.0,42
LODF_yP,774,L14->L02,,False,0.0,42
LODF_yP,775,L14->L12,,False,0.0,42
LODF_yP,776,L14->L04,,False,0.0,42
LODF_yP,777,L14->L03,,False,0.0,42
LODF_yP,778,L38->L11,,False,0.0,42
LODF_yP,779,L38->L31,L38->L31,True,20.907752918885308,43
LODF_yP,780,L38->L07,,False,0.0,43
LODF_yP,781,L38->L27,,False,0.0,43
LODF_yP,782,L38->L10,,False,0.0,43
LODF_yP,783,L38->L05,,False,0.0,43
LODF_yP,784,L38->L23,,False,0.0,43
LODF_yP,785,L38->L03,,False,0.0,43
LODF_yP,786,L38->L29,,False,0.0,43
LODF_yP,787,L38->L28,,False,0.0,43
LODF_yP,788,L38->L04,,False,0.0,43
LODF_yP,789,L38->L21,,False,0.0,43
LODF_yP,790,L38->L22,,False,0.0,43
LODF_yP,791,L38->L14,,False,0.0,43
LODF_yP,792,L38->L01,,False,0.0,43
LODF_yP,793,L38->L06,,False,0.0,43
LODF_yP,794,L38->L24,,False,0.0,43
LODF_yP,795,L38->L12,,False,0.0,43
LODF_yP,796,L38->L13,,False,0.0,43
LODF_yP,797,L38->L15,,False,0.0,43
LODF_yP,798,L38->L20,,False,0.0,43
LODF_yP,799,L38->L25,,False,0.0,43
LODF_yP,800,L38->L26,,False,0.0,43
LODF_yP,801,L38->L32,,False,0.0,43
LODF_yP,802,L38->L33,,False,0.0,43
LODF_yP,803,L38->L34,,False,0.0,43
LODF_yP,804,L38->L35,,False,0.0,43
LODF_yP,805,L38->L36,,False,0.0,43
LODF_yP,806,L38->L37,,False,0.0,43
LODF_yP,807,L38->L02,,False,0.0,43
LODF_yP,808,L38->L16,,False,0.0,43
LODF_yP,809,L38->L30,,False,0.0,43
LODF_yP,810,L38->L09,,False,0.0,43
LODF_yP,811,L38->L18,,False,0.0,43
LODF_yP,812,L38->L19,,False,0.0,43
LODF_yP,813,L38->L17,,False,0.0,43
LODF_yP,814,L38->L08,,False,0.0,43
LODF_yP,815,L03->L09,L03->L09,True,85.8406488939796,44
LODF_yP,816,L03->L11,,False,0.0,44
LODF_yP,817,L03->L05,,False,0.0,44
LODF_yP,818,L03->L10,,False,0.0,44
LODF_yP,819,L03->L23,,False,0.0,44
LODF_yP,820,L03->L27,,False,0.0,44
LODF_yP,821,L03->L07,,False,0.0,44
LODF_yP,822,L03->L21,,False,0.0,44
LODF_yP,823,L03->L22,,False,0.0,44
LODF_yP,824,L03->L19,,False,0.0,44
LODF_yP,825,L03->L01,,False,0.0,44
LODF_yP,826,L03->L28,,False,0.0,44
LODF_yP,827,L03->L04,,False,0.0,44
LODF_yP,828,L03->L02,,False,0.0,44
LODF_yP,829,L03->L38,,False,0.0,44
LODF_yP,830,L03->L06,,False,0.0,44
LODF_yP,831,L03->L12,,False,0.0,44
LODF_yP,832,L03->L13,,False,0.0,44
LODF_yP,833,L03->L16,,False,0.0,44
LODF_yP,834,L03->L17,,False,0.0,44
LODF_yP,835,L03->L18,,False,0.0,44
LODF_yP,836,L03->L20,,False,0.0,44
LODF_yP,837,L03->L24,,False,0.0,44
LODF_yP,838,L03->L30,,False,0.0,44
LODF_yP,839,L03->L31,,False,0.0,44
LODF_yP,840,L03->L34,,False,0.0,44
LODF_yP,841,L03->L35,,False,0.0,44
LODF_yP,842,L03->L36,,False,0.0,44
LODF_yP,843,L03->L37,,False,0.0,44
LODF_yP,844,L03->L08,,False,0.0,44
LODF_yP,845,L03->L32,,False,0.0,44
LODF_yP,846,L03->L33,,False,0.0,44
LODF_yP,847,L03->L14,,False,0.0,44
LODF_yP,848,L03->L15,,False,0.0,44
LODF_yP,849,L03->L29,,False,0.0,44
LODF_yP,850,L03->L25,,False,0.0,44
LODF_yP,851,L03->L26,,False,0.0,44
LODF_yP,852,L06->L11,,False,0.0,44
LODF_yP,853,L06->L27,L06->L27,True,27.981072654937165,45
LODF_yP,854,L06->L07,L06->L07,True,27.981072654937165,46
LODF_yP,855,L06->L09,,False,0.0,46
LODF_yP,856,L06->L10,,False,0.0,46
LODF_yP,857,L06->L05,,False,0.0,46
LODF_yP,858,L06->L08,,False,0.0,46
LODF_yP,859,L06->L17,,False,0.0,46
LODF_yP,860,L06->L16,,False,0.0,46
LODF_yP,861,L06->L01,,False,0.0,46
LODF_yP,862,L06->L02,,False,0.0,46
LODF_yP,863,L06->L36,,False,0.0,46
LODF_yP,864,L06->L37,,False,0.0,46
LODF_yP,865,L06->L04,,False,0.0,46
LODF_yP,866,L06->L13,,False,0.0,46
LODF_yP,867,L06->L18,,False,0.0,46
LODF_yP,868,L06->L19,,False,0.0,46
LODF_yP,869,L06->L20,,False,0.0,46
LODF_yP,870,L06->L25,,False,0.0,46
LODF_yP,871,L06->L26,,False,0.0,46
LODF_yP,872,L06->L28,,False,0.0,46
LODF_yP,873,L06->L29,,False,0.0,46
LODF_yP,874,L06->L32,,False,0.0,46
LODF_yP,875,L06->L33,,False,0.0,46
LODF_yP,876,L06->L34,,False,0.0,46
LODF_yP,877,L06->L35,,False,0.0,46
LODF_yP,878,L06->L12,,False,0.0,46
LODF_yP,879,L06->L03,,False,0.0,46
LODF_yP,880,L06->L14,,False,0.0,46
LODF_yP,881,L06->L24,,False,0.0,46
LODF_yP,882,L06->L15,,False,0.0,46
LODF_yP,883,L06->L21,,False,0.0,46
LODF_yP,884,L06->L22,,False,0.0,46
LODF_yP,885,L06->L31,,False,0.0,46
LODF_yP,886,L06->L38,,False,0.0,46
LODF_yP,887,L06->L30,,False,0.0,46
LODF_yP,888,L06->L23,,False,0.0,46
LODF_yP,889,L02->L11,,False,0.0,46
LODF_yP,890,L02->L07,L02->L07,True,27.981072654937165,47
LODF_yP,891,L02->L27,L02->L27,True,27.98107265493719,48
LODF_yP,892,L02->L10,,False,0.0,48
LODF_yP,893,L02->L05,,False,0.0,48
LODF_yP,894,L02->L22,,False,0.0,48
LODF_yP,895,L02->L19,,False,0.0,48
LODF_yP,896,L02->L29,,False,0.0,48
LODF_yP,897,L02->L15,,False,0.0,48
LODF_yP,898,L02->L38,,False,0.0,48
LODF_yP,899,L02->L17,,False,0.0,48
LODF_yP,900,L02->L12,,False,0.0,48
LODF_yP,901,L02->L31,,False,0.0,48
LODF_yP,902,L02->L36,,False,0.0,48
LODF_yP,903,L02->L37,,False,0.0,48
LODF_yP,904,L02->L04,,False,0.0,48
LODF_yP,905,L02->L06,,False,0.0,48
LODF_yP,906,L02->L13,,False,0.0,48
LODF_yP,907,L02->L34,,False,0.0,48
LODF_yP,908,L02->L35,,False,0.0,48
LODF_yP,909,L02->L01,,False,0.0,48
LODF_yP,910,L02->L03,,False,0.0,48
LODF_yP,911,L02->L14,,False,0.0,48
LODF_yP,912,L02->L18,,False,0.0,48
LODF_yP,913,L02->L21,,False,0.0,48
LODF_yP,914,L02->L23,,False,0.0,48
LODF_yP,915,L02->L24,,False,0.0,48
LODF_yP,916,L02->L30,,False,0.0,48
LODF_yP,917,L02->L32,,False,0.0,48
LODF_yP,918,L02->L33,,False,0.0,48
LODF_yP,919,L02->L09,,False,0.0,48
LODF_yP,920,L02->L08,,False,0.0,48
LODF_yP,921,L02->L16,,False,0.0,48
LODF_yP,922,L02->L25,,False,0.0,48
LODF_yP,923,L02->L26,,False,0.0,48
LODF_yP,924,L02->L20,,False,0.0,48
LODF_yP,925,L02->L28,,False,0.0,48
LODF_yP,926,L01->L11,,False,0.0,48
LODF_yP,927,L01->L27,,False,0.0,48
LODF_yP,928,L01->L07,,False,0.0,48
LODF_yP,929,L01->L12,,False,0.0,48
LODF_yP,930,L01->L13,,False,0.0,48
LODF_yP,931,L01->L16,,False,0.0,48
LODF_yP,932,L01->L17,,False,0.0,48
LODF_yP,933,L01->L08,,False,0.0,48
LODF_yP,934,L01->L10,,False,0.0,48
LODF_yP,935,L01->L23,,False,0.0,48
LODF_yP,936,L01->L05,,False,0.0,48
LODF_yP,937,L01->L18,,False,0.0,48
LODF_yP,938,L01->L09,,False,0.0,48
LODF_yP,939,L01->L02,,False,0.0,48
LODF_yP,940,L01->L21,,False,0.0,48
LODF_yP,941,L01->L15,,False,0.0,48
LODF_yP,942,L01->L22,,False,0.0,48
LODF_yP,943,L01->L25,,False,0.0,48
LODF_yP,944,L01->L26,,False,0.0,48
LODF_yP,945,L01->L19,,False,0.0,48
LODF_yP,946,L01->L29,,False,0.0,48
LODF_yP,947,L01->L20,,False,0.0,48
LODF_yP,948,L01->L28,,False,0.0,48
LODF_yP,949,L01->L14,,False,0.0,48
LODF_yP,950,L01->L38,,False,0.0,48
LODF_yP,951,L01->L32,,False,0.0,48
LODF_yP,952,L01->L33,,False,0.0,48
LODF_yP,953,L01->L04,,False,0.0,48
LODF_yP,954,L01->L03,,False,0.0,48
LODF_yP,955,L01->L31,,False,0.0,48
LODF_yP,956,L01->L06,,False,0.0,48
LODF_yP,957,L01->L30,,False,0.0,48
LODF_yP,958,L01->L24,,False,0.0,48
LODF_yP,959,L01->L34,,False,0.0,48
LODF_yP,960,L01->L35,,False,0.0,48
LODF_yP,961,L01->L36,,False,0.0,48
LODF_yP,962,L01->L37,,False,0.0,48
LODF_yP,963,L04->L09,L04->L09->L10->L01->L02,True,100.94153457850766,49
LODF_yP,964,L04->L10,L04->L10->L01->L09,True,82.39944368301173,50
LODF_yP,965,L04->L01,L04->L01->L10,True,82.39944368301173,51
LODF_yP,966,L04->L08,L04->L08,True,79.93761520301625,52
LODF_yP,967,L04->L11,,False,0.0,52
LODF_yP,968,L04->L27,,False,0.0,52
LODF_yP,969,L04->L07,,False,0.0,52
LODF_yP,970,L04->L02,,False,0.0,52
LODF_yP,971,L04->L03,,False,0.0,52
LODF_yP,972,L04->L15,,False,0.0,52
LODF_yP,973,L04->L16,,False,0.0,52
LODF_yP,974,L04->L14,,False,0.0,52
LODF_yP,975,L04->L06,,False,0.0,52
LODF_yP,976,L04->L17,,False,0.0,52
LODF_yP,977,L04->L25,,False,0.0,52
LODF_yP,978,L04->L26,,False,0.0,52
LODF_yP,979,L04->L36,,False,0.0,52
LODF_yP,980,L04->L37,,False,0.0,52
LODF_yP,981,L04->L34,,False,0.0,52
LODF_yP,982,L04->L35,,False,0.0,52
LODF_yP,983,L04->L38,,False,0.0,52
LODF_yP,984,L04->L13,,False,0.0,52
LODF_yP,985,L04->L32,,False,0.0,52
LODF_yP,986,L04->L33,,False,0.0,52
LODF_yP,987,L04->L31,,False,0.0,52
LODF_yP,988,L04->L18,,False,0.0,52
LODF_yP,989,L04->L24,,False,0.0,52
LODF_yP,990,L04->L30,,False,0.0,52
LODF_yP,991,L04->L29,,False,0.0,52
LODF_yP,992,L04->L20,,False,0.0,52
LODF_yP,993,L04->L22,,False,0.0,52
LODF_yP,994,L04->L28,,False,0.0,52
LODF_yP,995,L04->L12,,False,0.0,52
LODF_yP,996,L04->L21,,False,0.0,52
LODF_yP,997,L04->L19,,False,0.0,52
LODF_yP,998,L04->L23,,False,0.0,52
LODF_yP,999,L04->L05,,False,0.0,52
LODF_yP,1000,L32->L11,,False,0.0,52
LODF_yP,1001,L32->L07,,False,0.0,52
LODF_yP,1002,L32->L27,,False,0.0,52
LODF_yP,1003,L32->L05,,False,0.0,52
LODF_yP,1004,L32->L10,,False,0.0,52
LODF_yP,1005,L32->L17,,False,0.0,52
LODF_yP,1006,L32->L19,,False,0.0,52
LODF_yP,1007,L32->L29,,False,0.0,52
LODF_yP,1008,L32->L30,,False,0.0,52
LODF_yP,1009,L32->L08,,False,0.0,52
LODF_yP,1010,L32->L23,,False,0.0,52
LODF_yP,1011,L32->L12,,False,0.0,52
LODF_yP,1012,L32->L16,,False,0.0,52
LODF_yP,1013,L32->L24,,False,0.0,52
LODF_yP,1014,L32->L31,,False,0.0,52
LODF_yP,1015,L32->L02,,False,0.0,52
LODF_yP,1016,L32->L09,,False,0.0,52
LODF_yP,1017,L32->L13,,False,0.0,52
LODF_yP,1018,L32->L18,,False,0.0,52
LODF_yP,1019,L32->L22,,False,0.0,52
LODF_yP,1020,L32->L06,,False,0.0,52
LODF_yP,1021,L32->L15,,False,0.0,52
LODF_yP,1022,L32->L33,,False,0.0,52
LODF_yP,1023,L32->L34,,False,0.0,52
LODF_yP,1024,L32->L35,,False,0.0,52
LODF_yP,1025,L32->L36,,False,0.0,52
LODF_yP,1026,L32->L37,,False,0.0,52
LODF_yP,1027,L32->L38,,False,0.0,52
LODF_yP,1028,L32->L01,,False,0.0,52
LODF_yP,1029,L32->L04,,False,0.0,52
LODF_yP,1030,L32->L25,,False,0.0,52
LODF_yP,1031,L32->L26,,False,0.0,52
LODF_yP,1032,L32->L20,,False,0.0,52
LODF_yP,1033,L32->L21,,False,0.0,52
LODF_yP,1034,L32->L14,,False,0.0,52
LODF_yP,1035,L32->L03,,False,0.0,52
LODF_yP,1036,L32->L28,,False,0.0,52
LODF_yP,1037,L33->L11,,False,0.0,52
LODF_yP,1038,L33->L07,,False,0.0,52
LODF_yP,1039,L33->L27,,False,0.0,52
LODF_yP,1040,L33->L05,,False,0.0,52
LODF_yP,1041,L33->L10,,False,0.0,52
LODF_yP,1042,L33->L17,,False,0.0,52
LODF_yP,1043,L33->L19,,False,0.0,52
LODF_yP,1044,L33->L29,,False,0.0,52
LODF_yP,1045,L33->L30,,False,0.0,52
LODF_yP,1046,L33->L08,,False,0.0,52
LODF_yP,1047,L33->L23,,False,0.0,52
LODF_yP,1048,L33->L12,,False,0.0,52
LODF_yP,1049,L33->L16,,False,0.0,52
LODF_yP,1050,L33->L24,,False,0.0,52
LODF_yP,1051,L33->L31,,False,0.0,52
LODF_yP,1052,L33->L02,,False,0.0,52
LODF_yP,1053,L33->L09,,False,0.0,52
LODF_yP,1054,L33->L13,,False,0.0,52
LODF_yP,1055,L33->L18,,False,0.0,52
LODF_yP,1056,L33->L22,,False,0.0,52
LODF_yP,1057,L33->L06,,False,0.0,52
LODF_yP,1058,L33->L15,,False,0.0,52
LODF_yP,1059,L33->L32,,False,0.0,52
LODF_yP,1060,L33->L34,,False,0.0,52
LODF_yP,1061,L33->L35,,False,0.0,52
LODF_yP,1062,L33->L36,,False,0.0,52
LODF_yP,1063,L33->L37,,False,0.0,52
LODF_yP,1064,L33->L38,,False,0.0,52
LODF_yP,1065,L33->L01,,False,0.0,52
LODF_yP,1066,L33->L04,,False,0.0,52
LODF_yP,1067,L33->L25,,False,0.0,52
LODF_yP,1068,L33->L26,,False,0.0,52
LODF_yP,1069,L33->L20,,False,0.0,52
LODF_yP,1070,L33->L21,,False,0.0,52
LODF_yP,1071,L33->L14,,False,0.0,52
LODF_yP,1072,L33->L03,,False,0.0,52
LODF_yP,1073,L33->L28,,False,0.0,52
LODF_yP,1074,L19->L11,,False,0.0,52
LODF_yP,1075,L19->L23,L19->L23,True,193.9878918650109,53
LODF_yP,1076,L19->L10,,False,0.0,53
LODF_yP,1077,L19->L05,,False,0.0,53
LODF_yP,1078,L19->L18,,False,0.0,53
LODF_yP,1079,L19->L07,,False,0.0,53
LODF_yP,1080,L19->L27,,False,0.0,53
LODF_yP,1081,L19->L16,,False,0.0,53
LODF_yP,1082,L19->L17,,False,0.0,53
LODF_yP,1083,L19->L20,,False,0.0,53
LODF_yP,1084,L19->L08,,False,0.0,53
LODF_yP,1085,L19->L15,,False,0.0,53
LODF_yP,1086,L19->L09,,False,0.0,53
LODF_yP,1087,L19->L14,,False,0.0,53
LODF_yP,1088,L19->L36,,False,0.0,53
LODF_yP,1089,L19->L37,,False,0.0,53
LODF_yP,1090,L19->L24,,False,0.0,53
LODF_yP,1091,L19->L34,,False,0.0,53
LODF_yP,1092,L19->L35,,False,0.0,53
LODF_yP,1093,L19->L02,,False,0.0,53
LODF_yP,1094,L19->L06,,False,0.0,53
LODF_yP,1095,L19->L21,,False,0.0,53
LODF_yP,1096,L19->L25,,False,0.0,53
LODF_yP,1097,L19->L26,,False,0.0,53
LODF_yP,1098,L19->L30,,False,0.0,53
LODF_yP,1099,L19->L31,,False,0.0,53
LODF_yP,1100,L19->L32,,False,0.0,53
LODF_yP,1101,L19->L33,,False,0.0,53
LODF_yP,1102,L19->L38,,False,0.0,53
LODF_yP,1103,L19->L29,,False,0.0,53
LODF_yP,1104,L19->L12,,False,0.0,53
LODF_yP,1105,L19->L01,,False,0.0,53
LODF_yP,1106,L19->L13,,False,0.0,53
LODF_yP,1107,L19->L04,,False,0.0,53
LODF_yP,1108,L19->L22,,False,0.0,53
LODF_yP,1109,L19->L28,,False,0.0,53
LODF_yP,1110,L19->L03,,False,0.0,53
LODF_yP,1111,L31->L11,,False,0.0,53
LODF_yP,1112,L31->L38,L31->L38,True,20.907752918885308,54
LODF_yP,1113,L31->L10,,False,0.0,54
LODF_yP,1114,L31->L05,,False,0.0,54
LODF_yP,1115,L31->L07,,False,0.0,54
LODF_yP,1116,L31->L27,,False,0.0,54
LODF_yP,1117,L31->L08,,False,0.0,54
LODF_yP,1118,L31->L09,,False,0.0,54
LODF_yP,1119,L31->L14,,False,0.0,54
LODF_yP,1120,L31->L16,,False,0.0,54
LODF_yP,1121,L31->L28,,False,0.0,54
LODF_yP,1122,L31->L15,,False,0.0,54
LODF_yP,1123,L31->L20,,False,0.0,54
LODF_yP,1124,L31->L17,,False,0.0,54
LODF_yP,1125,L31->L36,,False,0.0,54
LODF_yP,1126,L31->L37,,False,0.0,54
LODF_yP,1127,L31->L25,,False,0.0,54
LODF_yP,1128,L31->L26,,False,0.0,54
LODF_yP,1129,L31->L29,,False,0.0,54
LODF_yP,1130,L31->L02,,False,0.0,54
LODF_yP,1131,L31->L06,,False,0.0,54
LODF_yP,1132,L31->L18,,False,0.0,54
LODF_yP,1133,L31->L23,,False,0.0,54
LODF_yP,1134,L31->L32,,False,0.0,54
LODF_yP,1135,L31->L33,,False,0.0,54
LODF_yP,1136,L31->L13,,False,0.0,54
LODF_yP,1137,L31->L21,,False,0.0,54
LODF_yP,1138,L31->L34,,False,0.0,54
LODF_yP,1139,L31->L35,,False,0.0,54
LODF_yP,1140,L31->L01,,False,0.0,54
LODF_yP,1141,L31->L24,,False,0.0,54
LODF_yP,1142,L31->L12,,False,0.0,54
LODF_yP,1143,L31->L22,,False,0.0,54
LODF_yP,1144,L31->L19,,False,0.0,54
LODF_yP,1145,L31->L04,,False,0.0,54
LODF_yP,1146,L31->L30,,False,0.0,54
LODF_yP,1147,L31->L03,,False,0.0,54
LODF_yP,1148,L24->L28,L24->L28->L06->L07,True,316.82674035082636,55
LODF_yP,1149,L24->L11,,False,0.0,55
LODF_yP,1150,L24->L27,,False,0.0,55
LODF_yP,1151,L24->L07,,False,0.0,55
LODF_yP,1152,L24->L10,,False,0.0,55
LODF_yP,1153,L24->L05,,False,0.0,55
LODF_yP,1154,L24->L30,,False,0.0,55
LODF_yP,1155,L24->L23,,False,0.0,55
LODF_yP,1156,L24->L08,,False,0.0,55
LODF_yP,1157,L24->L09,,False,0.0,55
LODF_yP,1158,L24->L15,,False,0.0,55
LODF_yP,1159,L24->L18,,False,0.0,55
LODF_yP,1160,L24->L25,,False,0.0,55
LODF_yP,1161,L24->L26,,False,0.0,55
LODF_yP,1162,L24->L01,,False,0.0,55
LODF_yP,1163,L24->L02,,False,0.0,55
LODF_yP,1164,L24->L04,,False,0.0,55
LODF_yP,1165,L24->L13,,False,0.0,55
LODF_yP,1166,L24->L14,,False,0.0,55
LODF_yP,1167,L24->L17,,False,0.0,55
LODF_yP,1168,L24->L20,,False,0.0,55
LODF_yP,1169,L24->L34,,False,0.0,55
LODF_yP,1170,L24->L35,,False,0.0,55
LODF_yP,1171,L24->L03,,False,0.0,55
LODF_yP,1172,L24->L06,,False,0.0,55
LODF_yP,1173,L24->L16,,False,0.0,55
LODF_yP,1174,L24->L22,,False,0.0,55
LODF_yP,1175,L24->L36,,False,0.0,55
LODF_yP,1176,L24->L37,,False,0.0,55
LODF_yP,1177,L24->L12,,False,0.0,55
LODF_yP,1178,L24->L21,,False,0.0,55
LODF_yP,1179,L24->L31,,False,0.0,55
LODF_yP,1180,L24->L32,,False,0.0,55
LODF_yP,1181,L24->L33,,False,0.0,55
LODF_yP,1182,L24->L38,,False,0.0,55
LODF_yP,1183,L24->L19,,False,0.0,55
LODF_yP,1184,L24->L29,,False,0.0,55
LODF_yP,1185,L30->L11,,False,0.0,55
LODF_yP,1186,L30->L25,,False,0.0,55
LODF_yP,1187,L30->L26,,False,0.0,55
LODF_yP,1188,L30->L05,,False,0.0,55
LODF_yP,1189,L30->L10,,False,0.0,55
LODF_yP,1190,L30->L03,,False,0.0,55
LODF_yP,1191,L30->L04,,False,0.0,55
LODF_yP,1192,L30->L07,,False,0.0,55
LODF_yP,1193,L30->L21,,False,0.0,55
LODF_yP,1194,L30->L23,,False,0.0,55
LODF_yP,1195,L30->L14,,False,0.0,55
LODF_yP,1196,L30->L20,,False,0.0,55
LODF_yP,1197,L30->L01,,False,0.0,55
LODF_yP,1198,L30->L12,,False,0.0,55
LODF_yP,1199,L30->L22,,False,0.0,55
LODF_yP,1200,L30->L13,,False,0.0,55
LODF_yP,1201,L30->L32,,False,0.0,55
LODF_yP,1202,L30->L33,,False,0.0,55
LODF_yP,1203,L30->L06,,False,0.0,55
LODF_yP,1204,L30->L24,,False,0.0,55
LODF_yP,1205,L30->L28,,False,0.0,55
LODF_yP,1206,L30->L36,,False,0.0,55
LODF_yP,1207,L30->L37,,False,0.0,55
LODF_yP,1208,L30->L38,,False,0.0,55
LODF_yP,1209,L30->L02,,False,0.0,55
LODF_yP,1210,L30->L15,,False,0.0,55
LODF_yP,1211,L30->L34,,False,0.0,55
LODF_yP,1212,L30->L35,,False,0.0,55
LODF_yP,1213,L30->L29,,False,0.0,55
LODF_yP,1214,L30->L09,,False,0.0,55
LODF_yP,1215,L30->L16,,False,0.0,55
LODF_yP,1216,L30->L18,,False,0.0,55
LODF_yP,1217,L30->L19,,False,0.0,55
LODF_yP,1218,L30->L08,,False,0.0,55
LODF_yP,1219,L30->L31,,False,0.0,55
LODF_yP,1220,L30->L27,,False,0.0,55
LODF_yP,1221,L30->L17,,False,0.0,55
LODF_yP,1222,L34->L11,,False,0.0,55
LODF_yP,1223,L34->L07,,False,0.0,55
LODF_yP,1224,L34->L27,,False,0.0,55
LODF_yP,1225,L34->L05,,False,0.0,55
LODF_yP,1226,L34->L10,,False,0.0,55
LODF_yP,1227,L34->L23,,False,0.0,55
LODF_yP,1228,L34->L21,,False,0.0,55
LODF_yP,1229,L34->L22,,False,0.0,55
LODF_yP,1230,L34->L19,,False,0.0,55
LODF_yP,1231,L34->L15,,False,0.0,55
LODF_yP,1232,L34->L14,,False,0.0,55
LODF_yP,1233,L34->L17,,False,0.0,55
LODF_yP,1234,L34->L16,,False,0.0,55
LODF_yP,1235,L34->L18,,False,0.0,55
LODF_yP,1236,L34->L28,,False,0.0,55
LODF_yP,1237,L34->L09,,False,0.0,55
LODF_yP,1238,L34->L20,,False,0.0,55
LODF_yP,1239,L34->L02,,False,0.0,55
LODF_yP,1240,L34->L06,,False,0.0,55
LODF_yP,1241,L34->L08,,False,0.0,55
LODF_yP,1242,L34->L12,,False,0.0,55
LODF_yP,1243,L34->L13,,False,0.0,55
LODF_yP,1244,L34->L24,,False,0.0,55
LODF_yP,1245,L34->L01,,False,0.0,55
LODF_yP,1246,L34->L03,,False,0.0,55
LODF_yP,1247,L34->L32,,False,0.0,55
LODF_yP,1248,L34->L33,,False,0.0,55
LODF_yP,1249,L34->L04,,False,0.0,55
LODF_yP,1250,L34->L36,,False,0.0,55
LODF_yP,1251,L34->L37,,False,0.0,55
LODF_yP,1252,L34->L38,,False,0.0,55
LODF_yP,1253,L34->L25,,False,0.0,55
LODF_yP,1254,L34->L26,,False,0.0,55
LODF_yP,1255,L34->L29,,False,0.0,55
LODF_yP,1256,L34->L31,,False,0.0,55
LODF_yP,1257,L34->L35,,False,0.0,55
LODF_yP,1258,L34->L30,,False,0.0,55
LODF_yP,1259,L35->L11,,False,0.0,55
LODF_yP,1260,L35->L07,,False,0.0,55
LODF_yP,1261,L35->L27,,False,0.0,55
LODF_yP,1262,L35->L05,,False,0.0,55
LODF_yP,1263,L35->L10,,False,0.0,55
LODF_yP,1264,L35->L23,,False,0.0,55
LODF_yP,1265,L35->L21,,False,0.0,55
LODF_yP,1266,L35->L22,,False,0.0,55
LODF_yP,1267,L35->L19,,False,0.0,55
LODF_yP,1268,L35->L15,,False,0.0,55
LODF_yP,1269,L35->L14,,False,0.0,55
LODF_yP,1270,L35->L17,,False,0.0,55
LODF_yP,1271,L35->L16,,False,0.0,55
LODF_yP,1272,L35->L18,,False,0.0,55
LODF_yP,1273,L35->L28,,False,0.0,55
LODF_yP,1274,L35->L09,,False,0.0,55
LODF_yP,1275,L35->L20,,False,0.0,55
LODF_yP,1276,L35->L02,,False,0.0,55
LODF_yP,1277,L35->L06,,False,0.0,55
LODF_yP,1278,L35->L08,,False,0.0,55
LODF_yP,1279,L35->L12,,False,0.0,55
LODF_yP,1280,L35->L13,,False,0.0,55
LODF_yP,1281,L35->L24,,False,0.0,55
LODF_yP,1282,L35->L01,,False,0.0,55
LODF_yP,1283,L35->L03,,False,0.0,55
LODF_yP,1284,L35->L32,,False,0.0,55
LODF_yP,1285,L35->L33,,False,0.0,55
LODF_yP,1286,L35->L04,,False,0.0,55
LODF_yP,1287,L35->L36,,False,0.0,55
LODF_yP,1288,L35->L37,,False,0.0,55
LODF_yP,1289,L35->L38,,False,0.0,55
LODF_yP,1290,L35->L25,,False,0.0,55
LODF_yP,1291,L35->L26,,False,0.0,55
LODF_yP,1292,L35->L29,,False,0.0,55
LODF_yP,1293,L35->L31,,False,0.0,55
LODF_yP,1294,L35->L34,,False,0.0,55
LODF_yP,1295,L35->L30,,False,0.0,55
LODF_yP,1296,L36->L11,,False,0.0,55
LODF_yP,1297,L36->L07,,False,0.0,55
LODF_yP,1298,L36->L27,,False,0.0,55
LODF_yP,1299,L36->L10,,False,0.0,55
LODF_yP,1300,L36->L05,,False,0.0,55
LODF_yP,1301,L36->L30,,False,0.0,55
LODF_yP,1302,L36->L09,,False,0.0,55
LODF_yP,1303,L36->L22,,False,0.0,55
LODF_yP,1304,L36->L08,,False,0.0,55
LODF_yP,1305,L36->L24,,False,0.0,55
LODF_yP,1306,L36->L02,,False,0.0,55
LODF_yP,1307,L36->L03,,False,0.0,55
LODF_yP,1308,L36->L06,,False,0.0,55
LODF_yP,1309,L36->L14,,False,0.0,55
LODF_yP,1310,L36->L19,,False,0.0,55
LODF_yP,1311,L36->L25,,False,0.0,55
LODF_yP,1312,L36->L26,,False,0.0,55
LODF_yP,1313,L36->L32,,False,0.0,55
LODF_yP,1314,L36->L33,,False,0.0,55
LODF_yP,1315,L36->L34,,False,0.0,55
LODF_yP,1316,L36->L35,,False,0.0,55
LODF_yP,1317,L36->L37,,False,0.0,55
LODF_yP,1318,L36->L01,,False,0.0,55
LODF_yP,1319,L36->L04,,False,0.0,55
LODF_yP,1320,L36->L13,,False,0.0,55
LODF_yP,1321,L36->L15,,False,0.0,55
LODF_yP,1322,L36->L31,,False,0.0,55
LODF_yP,1323,L36->L20,,False,0.0,55
LODF_yP,1324,L36->L21,,False,0.0,55
LODF_yP,1325,L36->L12,,False,0.0,55
LODF_yP,1326,L36->L16,,False,0.0,55
LODF_yP,1327,L36->L17,,False,0.0,55
LODF_yP,1328,L36->L18,,False,0.0,55
LODF_yP,1329,L36->L28,,False,0.0,55
LODF_yP,1330,L36->L38,,False,0.0,55
LODF_yP,1331,L36->L29,,False,0.0,55
LODF_yP,1332,L36->L23,,False,0.0,55
LODF_yP,1333,L37->L11,,False,0.0,55
LODF_yP,1334,L37->L07,,False,0.0,55
LODF_yP,1335,L37->L27,,False,0.0,55
LODF_yP,1336,L37->L10,,False,0.0,55
LODF_yP,1337,L37->L05,,False,0.0,55
LODF_yP,1338,L37->L30,,False,0.0,55
LODF_yP,1339,L37->L09,,False,0.0,55
LODF_yP,1340,L37->L22,,False,0.0,55
LODF_yP,1341,L37->L08,,False,0.0,55
LODF_yP,1342,L37->L24,,False,0.0,55
LODF_yP,1343,L37->L02,,False,0.0,55
LODF_yP,1344,L37->L03,,False,0.0,55
LODF_yP,1345,L37->L06,,False,0.0,55
LODF_yP,1346,L37->L14,,False,0.0,55
LODF_yP,1347,L37->L19,,False,0.0,55
LODF_yP,1348,L37->L25,,False,0.0,55
LODF_yP,1349,L37->L26,,False,0.0,55
LODF_yP,1350,L37->L32,,False,0.0,55
LODF_yP,1351,L37->L33,,False,0.0,55
LODF_yP,1352,L37->L34,,False,0.0,55
LODF_yP,1353,L37->L35,,False,0.0,55
LODF_yP,1354,L37->L36,,False,0.0,55
LODF_yP,1355,L37->L01,,False,0.0,55
LODF_yP,1356,L37->L04,,False,0.0,55
LODF_yP,1357,L37->L13,,False,0.0,55
LODF_yP,1358,L37->L15,,False,0.0,55
LODF_yP,1359,L37->L31,,False,0.0,55
LODF_yP,1360,L37->L20,,False,0.0,55
LODF_yP,1361,L37->L21,,False,0.0,55
LODF_yP,1362,L37->L12,,False,0.0,55
LODF_yP,1363,L37->L16,,False,0.0,55
LODF_yP,1364,L37->L17,,False,0.0,55
LODF_yP,1365,L37->L18,,False,0.0,55
LODF_yP,1366,L37->L28,,False,0.0,55
LODF_yP,1367,L37->L38,,False,0.0,55
LODF_yP,1368,L37->L29,,False,0.0,55
LODF_yP,1369,L37->L23,,False,0.0,55
LODF_yP,1370,L20->L11,,False,0.0,55
LODF_yP,1371,L20->L10,,False,0.0,55
LODF_yP,1372,L20->L05,,False,0.0,55
LODF_yP,1373,L20->L21,,False,0.0,55
LODF_yP,1374,L20->L23,,False,0.0,55
LODF_yP,1375,L20->L07,,False,0.0,55
LODF_yP,1376,L20->L28,,False,0.0,55
LODF_yP,1377,L20->L25,,False,0.0,55
LODF_yP,1378,L20->L26,,False,0.0,55
LODF_yP,1379,L20->L09,,False,0.0,55
LODF_yP,1380,L20->L03,,False,0.0,55
LODF_yP,1381,L20->L08,,False,0.0,55
LODF_yP,1382,L20->L29,,False,0.0,55
LODF_yP,1383,L20->L01,,False,0.0,55
LODF_yP,1384,L20->L02,,False,0.0,55
LODF_yP,1385,L20->L06,,False,0.0,55
LODF_yP,1386,L20->L14,,False,0.0,55
LODF_yP,1387,L20->L15,,False,0.0,55
LODF_yP,1388,L20->L19,,False,0.0,55
LODF_yP,1389,L20->L24,,False,0.0,55
LODF_yP,1390,L20->L27,,False,0.0,55
LODF_yP,1391,L20->L31,,False,0.0,55
LODF_yP,1392,L20->L32,,False,0.0,55
LODF_yP,1393,L20->L33,,False,0.0,55
LODF_yP,1394,L20->L38,,False,0.0,55
LODF_yP,1395,L20->L04,,False,0.0,55
LODF_yP,1396,L20->L13,,False,0.0,55
LODF_yP,1397,L20->L22,,False,0.0,55
LODF_yP,1398,L20->L36,,False,0.0,55
LODF_yP,1399,L20->L37,,False,0.0,55
LODF_yP,1400,L20->L34,,False,0.0,55
LODF_yP,1401,L20->L35,,False,0.0,55
LODF_yP,1402,L20->L17,,False,0.0,55
LODF_yP,1403,L20->L30,,False,0.0,55
LODF_yP,1404,L20->L12,,False,0.0,55
LODF_yP,1405,L20->L16,,False,0.0,55
LODF_yP,1406,L20->L18,,False,0.0,55
line_order,1,L01->L02,,False,0.0,0
line_order,2,L01->L03,,False,0.0,0
line_order,3,L01->L04,,False,0.0,0
line_order,4,L01->L05,,False,0.0,0
line_order,5,L01->L06,,False,0.0,0
line_order,6,L01->L07,,False,0.0,0
line_order,7,L01->L08,,False,0.0,0
line_order,8,L01->L09,,False,0.0,0
line_order,9,L01->L10,,False,0.0,0
line_order,10,L01->L11,,False,0.0,0
line_order,11,L01->L12,,False,0.0,0
line_order,12,L01->L13,,False,0.0,0
line_order,13,L01->L14,,False,0.0,0
line_order,14,L01->L15,,False,0.0,0
line_order,15,L01->L16,,False,0.0,0
line_order,16,L01->L17,,False,0.0,0
line_order,17,L01->L18,,False,0.0,0
line_order,18,L01->L19,,False,0.0,0
line_order,19,L01->L20,,False,0.0,0
line_order,20,L01->L21,,False,0.0,0
line_order,21,L01->L22,,False,0.0,0
line_order,22,L01->L23,,False,0.0,0
line_order,23,L01->L24,,False,0.0,0
line_order,24,L01->L25,,False,0.0,0
line_order,25,L01->L26,,False,0.0,0
line_order,26,L01->L27,,False,0.0,0
line_order,27,L01->L28,,False,0.0,0
line_order,28,L01->L29,,False,0.0,0
line_order,29,L01->L30,,False,0.0,0
line_order,30,L01->L31,,False,0.0,0
line_order,31,L01->L32,,False,0.0,0
line_order,32,L01->L33,,False,0.0,0
line_order,33,L01->L34,,False,0.0,0
line_order,34,L01->L35,,False,0.0,0
line_order,35,L01->L36,,False,0.0,0
line_order,36,L01->L37,,False,0.0,0
line_order,37,L01->L38,,False,0.0,0
line_order,38,L02->L01,,False,0.0,0
line_order,39,L02->L03,,False,0.0,0
line_order,40,L02->L04,,False,0.0,0
line_order,41,L02->L05,,False,0.0,0
line_order,42,L02->L06,,False,0.0,0
line_order,43,L02->L07,L02->L07,True,27.981072654937165,1
line_order,44,L02->L08,,False,0.0,1
line_order,45,L02->L09,,False,0.0,1
line_order,46,L02->L10,,False,0.0,1
line_order,47,L02->L11,,False,0.0,1
line_order,48,L02->L12,,False,0.0,1
line_order,49,L02->L13,,False,0.0,1
line_order,50,L02->L14,,False,0.0,1
line_order,51,L02->L15,,False,0.0,1
line_order,52,L02->L16,,False,0.0,1
line_order,53,L02->L17,,False,0.0,1
line_order,54,L02->L18,,False,0.0,1
line_order,55,L02->L19,,False,0.0,1
line_order,56,L02->L20,,False,0.0,1
line_order,57,L02->L21,,False,0.0,1
line_order,58,L02->L22,,False,0.0,1
line_order,59,L02->L23,,False,0.0,1
line_order,60,L02->L24,,False,0.0,1
line_order,61,L02->L25,,False,0.0,1
line_order,62,L02->L26,,False,0.0,1
line_order,63,L02->L27,L02->L27,True,27.98107265493719,2
line_order,64,L02->L28,,False,0.0,2
line_order,65,L02->L29,,False,0.0,2
line_order,66,L02->L30,,False,0.0,2
line_order,67,L02->L31,,False,0.0,2
line_order,68,L02->L32,,False,0.0,2
line_order,69,L02->L33,,False,0.0,2
line_order,70,L02->L34,,False,0.0,2
line_order,71,L02->L35,,False,0.0,2
line_order,72,L02->L36,,False,0.0,2
line_order,73,L02->L37,,False,0.0,2
line_order,74,L02->L38,,False,0.0,2
line_order,75,L03->L01,,False,0.0,2
line_order,76,L03->L02,,False,0.0,2
line_order,77,L03->L04,,False,0.0,2
line_order,78,L03->L05,,False,0.0,2
line_order,79,L03->L06,,False,0.0,2
line_order,80,L03->L07,,False,0.0,2
line_order,81,L03->L08,,False,0.0,2
line_order,82,L03->L09,L03->L09,True,85.8406488939796,3
line_order,83,L03->L10,,False,0.0,3
line_order,84,L03->L11,,False,0.0,3
line_order,85,L03->L12,,False,0.0,3
line_order,86,L03->L13,,False,0.0,3
line_order,87,L03->L14,,False,0.0,3
line_order,88,L03->L15,,False,0.0,3
line_order,89,L03->L16,,False,0.0,3
line_order,90,L03->L17,,False,0.0,3
line_order,91,L03->L18,,False,0.0,3
line_order,92,L03->L19,,False,0.0,3
line_order,93,L03->L20,,False,0.0,3
line_order,94,L03->L21,,False,0.0,3
line_order,95,L03->L22,,False,0.0,3
line_order,96,L03->L23,,False,0.0,3
line_order,97,L03->L24,,False,0.0,3
line_order,98,L03->L25,,False,0.0,3
line_order,99,L03->L26,,False,0.0,3
line_order,100,L03->L27,,False,0.0,3
line_order,101,L03->L28,,False,0.0,3
line_order,102,L03->L29,,False,0.0,3
line_order,103,L03->L30,,False,0.0,3
line_order,104,L03->L31,,False,0.0,3
line_order,105,L03->L32,,False,0.0,3
line_order,106,L03->L33,,False,0.0,3
line_order,107,L03->L34,,False,0.0,3
line_order,108,L03->L35,,False,0.0,3
line_order,109,L03->L36,,False,0.0,3
line_order,110,L03->L37,,False,0.0,3
line_order,111,L03->L38,,False,0.0,3
line_order,112,L04->L01,L04->L01->L10,True,82.39944368301173,4
line_order,113,L04->L02,,False,0.0,4
line_order,114,L04->L03,,False,0.0,4
line_order,115,L04->L05,,False,0.0,4
line_order,116,L04->L06,,False,0.0,4
line_order,117,L04->L07,,False,0.0,4
line_order,118,L04->L08,L04->L08,True,79.93761520301625,5
line_order,119,L04->L09,L04->L09->L10->L01->L02,True,100.94153457850766,6
line_order,120,L04->L10,L04->L10->L01->L09,True,82.39944368301173,7
line_order,121,L04->L11,,False,0.0,7
line_order,122,L04->L12,,False,0.0,7
line_order,123,L04->L13,,False,0.0,7
line_order,124,L04->L14,,False,0.0,7
line_order,125,L04->L15,,False,0.0,7
line_order,126,L04->L16,,False,0.0,7
line_order,127,L04->L17,,False,0.0,7
line_order,128,L04->L18,,False,0.0,7
line_order,129,L04->L19,,False,0.0,7
line_order,130,L04->L20,,False,0.0,7
line_order,131,L04->L21,,False,0.0,7
line_order,132,L04->L22,,False,0.0,7
line_order,133,L04->L23,,False,0.0,7
line_order,134,L04->L24,,False,0.0,7
line_order,135,L04->L25,,False,0.0,7
line_order,136,L04->L26,,False,0.0,7
line_order,137,L04->L27,,False,0.0,7
line_order,138,L04->L28,,False,0.0,7
line_order,139,L04->L29,,False,0.0,7
line_order,140,L04->L30,,False,0.0,7
line_order,141,L04->L31,,False,0.0,7
line_order,142,L04->L32,,False,0.0,7
line_order,143,L04->L33,,False,0.0,7
line_order,144,L04->L34,,False,0.0,7
line_order,145,L04->L35,,False,0.0,7
line_order,146,L04->L36,,False,0.0,7
line_order,147,L04->L37,,False,0.0,7
line_order,148,L04->L38,,False,0.0,7
line_order,149,L05->L01,,False,0.0,7
line_order,150,L05->L02,,False,0.0,7
line_order,151,L05->L03,,False,0.0,7
line_order,152,L05->L04,,False,0.0,7
line_order,153,L05->L06,,False,0.0,7
line_order,154,L05->L07,,False,0.0,7
line_order,155,L05->L08,,False,0.0,7
line_order,156,L05->L09,,False,0.0,7
line_order,157,L05->L10,L05->L10,True,158.08614799330758,8
line_order,158,L05->L11,,False,0.0,8
line_order,159,L05->L12,,False,0.0,8
line_order,160,L05->L13,,False,0.0,8
line_order,161,L05->L14,,False,0.0,8
line_order,162,L05->L15,,False,0.0,8
line_order,163,L05->L16,,False,0.0,8
line_order,164,L05->L17,,False,0.0,8
line_order,165,L05->L18,,False,0.0,8
line_order,166,L05->L19,,False,0.0,8
line_order,167,L05->L20,,False,0.0,8
line_order,168,L05->L21,,False,0.0,8
line_order,169,L05->L22,,False,0.0,8
line_order,170,L05->L23,,False,0.0,8
line_order,171,L05->L24,,False,0.0,8
line_order,172,L05->L25,,False,0.0,8
line_order,173,L05->L26,,False,0.0,8
line_order,174,L05->L27,,False,0.0,8
line_order,175,L05->L28,,False,0.0,8
line_order,176,L05->L29,,False,0.0,8
line_order,177,L05->L30,,False,0.0,8
line_order,178,L05->L31,,False,0.0,8
line_order,179,L05->L32,,False,0.0,8
line_order,180,L05->L33,,False,0.0,8
line_order,181,L05->L34,,False,0.0,8
line_order,182,L05->L35,,False,0.0,8
line_order,183,L05->L36,,False,0.0,8
line_order,184,L05->L37,,False,0.0,8
line_order,185,L05->L38,,False,0.0,8
line_order,186,L06->L01,,False,0.0,8
line_order,187,L06->L02,,False,0.0,8
line_order,188,L06->L03,,False,0.0,8
line_order,189,L06->L04,,False,0.0,8
line_order,190,L06->L05,,False,0.0,8
line_order,191,L06->L07,L06->L07,True,27.981072654937165,9
line_order,192,L06->L08,,False,0.0,9
line_order,193,L06->L09,,False,0.0,9
line_order,194,L06->L10,,False,0.0,9
line_order,195,L06->L11,,False,0.0,9
line_order,196,L06->L12,,False,0.0,9
line_order,197,L06->L13,,False,0.0,9
line_order,198,L06->L14,,False,0.0,9
line_order,199,L06->L15,,False,0.0,9
line_order,200,L06->L16,,False,0.0,9
line_order,201,L06->L17,,False,0.0,9
line_order,202,L06->L18,,False,0.0,9
line_order,203,L06->L19,,False,0.0,9
line_order,204,L06->L20,,False,0.0,9
line_order,205,L06->L21,,False,0.0,9
line_order,206,L06->L22,,False,0.0,9
line_order,207,L06->L23,,False,0.0,9
line_order,208,L06->L24,,False,0.0,9
line_order,209,L06->L25,,False,0.0,9
line_order,210,L06->L26,,False,0.0,9
line_order,211,L06->L27,L06->L27,True,27.981072654937165,10
line_order,212,L06->L28,,False,0.0,10
line_order,213,L06->L29,,False,0.0,10
line_order,214,L06->L30,,False,0.0,10
line_order,215,L06->L31,,False,0.0,10
line_order,216,L06->L32,,False,0.0,10
line_order,217,L06->L33,,False,0.0,10
line_order,218,L06->L34,,False,0.0,10
line_order,219,L06->L35,,False,0.0,10
line_order,220,L06->L36,,False,0.0,10
line_order,221,L06->L37,,False,0.0,10
line_order,222,L06->L38,,False,0.0,10
line_order,223,L07->L01,,False,0.0,10
line_order,224,L07->L02,L07->L02,True,27.981072654937165,11
line_order,225,L07->L03,,False,0.0,11
line_order,226,L07->L04,,False,0.0,11
line_order,227,L07->L05,,False,0.0,11
line_order,228,L07->L06,L07->L06,True,27.981072654937165,12
line_order,229,L07->L08,,False,0.0,12
line_order,230,L07->L09,,False,0.0,12
line_order,231,L07->L10,,False,0.0,12
line_order,232,L07->L11,,False,0.0,12
line_order,233,L07->L12,,False,0.0,12
line_order,234,L07->L13,,False,0.0,12
line_order,235,L07->L14,,False,0.0,12
line_order,236,L07->L15,,False,0.0,12
line_order,237,L07->L16,,False,0.0,12
line_order,238,L07->L17,,False,0.0,12
line_order,239,L07->L18,,False,0.0,12
line_order,240,L07->L19,,False,0.0,12
line_order,241,L07->L20,,False,0.0,12
line_order,242,L07->L21,,False,0.0,12
line_order,243,L07->L22,,False,0.0,12
line_order,244,L07->L23,L07->L23->L29,True,368.6730123770492,13
line_order,245,L07->L24,,False,0.0,13
line_order,246,L07->L25,,False,0.0,13
line_order,247,L07->L26,,False,0.0,13
line_order,248,L07->L27,,False,0.0,13
line_order,249,L07->L28,,False,0.0,13
line_order,250,L07->L29,L07->L29->L23,True,368.6730123770492,14
line_order,251,L07->L30,,False,0.0,14
line_order,252,L07->L31,,False,0.0,14
line_order,253,L07->L32,,False,0.0,14
line_order,254,L07->L33,,False,0.0,14
line_order,255,L07->L34,,False,0.0,14
line_order,256,L07->L35,,False,0.0,14
line_order,257,L07->L36,,False,0.0,14
line_order,258,L07->L37,,False,0.0,14
line_order,259,L07->L38,,False,0.0,14
line_order,260,L08->L01,L08->L01->L10,True,162.33705888602796,15
line_order,261,L08->L02,,False,0.0,15
line_order,262,L08->L03,,False,0.0,15
line_order,263,L08->L04,L08->L04,True,79.93761520301625,16
line_order,264,L08->L05,,False,0.0,16
line_order,265,L08->L06,,False,0.0,16
line_order,266,L08->L07,,False,0.0,16
line_order,267,L08->L09,L08->L09->L10->L01->L02->L06,True,180.8791497815239,17
line_order,268,L08->L10,L08->L10->L01->L09,True,162.33705888602796,18
line_order,269,L08->L11,,False,0.0,18
line_order,270,L08->L12,,False,0.0,18
line_order,271,L08->L13,,False,0.0,18
line_order,272,L08->L14,,False,0.0,18
line_order,273,L08->L15,,False,0.0,18
line_order,274,L08->L16,,False,0.0,18
line_order,275,L08->L17,,False,0.0,18
line_order,276,L08->L18,,False,0.0,18
line_order,277,L08->L19,,False,0.0,18
line_order,278,L08->L20,,False,0.0,18
line_order,279,L08->L21,,False,0.0,18
line_order,280,L08->L22,,False,0.0,18
line_order,281,L08->L23,,False,0.0,18
line_order,282,L08->L24,,False,0.0,18
line_order,283,L08->L25,,False,0.0,18
line_order,284,L08->L26,,False,0.0,18
line_order,285,L08->L27,,False,0.0,18
line_order,286,L08->L28,,False,0.0,18
line_order,287,L08->L29,,False,0.0,18
line_order,288,L08->L30,,False,0.0,18
line_order,289,L08->L31,,False,0.0,18
line_order,290,L08->L32,,False,0.0,18
line_order,291,L08->L33,,False,0.0,18
line_order,292,L08->L34,,False,0.0,18
line_order,293,L08->L35,,False,0.0,18
line_order,294,L08->L36,,False,0.0,18
line_order,295,L08->L37,,False,0.0,18
line_order,296,L08->L38,,False,0.0,18
line_order,297,L09->L01,,False,0.0,18
line_order,298,L09->L02,,False,0.0,18
line_order,299,L09->L03,L09->L03,True,85.8406488939796,19
line_order,300,L09->L04,,False,0.0,19
line_order,301,L09->L05,,False,0.0,19
line_order,302,L09->L06,,False,0.0,19
line_order,303,L09->L07,,False,0.0,19
line_order,304,L09->L08,,False,0.0,19
line_order,305,L09->L10,,False,0.0,19
line_order,306,L09->L11,,False,0.0,19
line_order,307,L09->L12,,False,0.0,19
line_order,308,L09->L13,,False,0.0,19
line_order,309,L09->L14,,False,0.0,19
line_order,310,L09->L15,,False,0.0,19
line_order,311,L09->L16,,False,0.0,19
line_order,312,L09->L17,,False,0.0,19
line_order,313,L09->L18,,False,0.0,19
line_order,314,L09->L19,,False,0.0,19
line_order,315,L09->L20,,False,0.0,19
line_order,316,L09->L21,,False,0.0,19
line_order,317,L09->L22,,False,0.0,19
line_order,318,L09->L23,,False,0.0,19
line_order,319,L09->L24,,False,0.0,19
line_order,320,L09->L25,,False,0.0,19
line_order,321,L09->L26,,False,0.0,19
line_order,322,L09->L27,,False,0.0,19
line_order,323,L09->L28,,False,0.0,19
line_order,324,L09->L29,,False,0.0,19
line_order,325,L09->L30,,False,0.0,19
line_order,326,L09->L31,,False,0.0,19
line_order,327,L09->L32,,False,0.0,19
line_order,328,L09->L33,,False,0.0,19
line_order,329,L09->L34,,False,0.0,19
line_order,330,L09->L35,,False,0.0,19
line_order,331,L09->L36,,False,0.0,19
line_order,332,L09->L37,,False,0.0,19
line_order,333,L09->L38,,False,0.0,19
line_order,334,L10->L01,L10->L01->L04->L08,True,162.337058886028,20
line_order,335,L10->L02,L10->L02->L09->L04->L08,True,180.87914978152395,21
line_order,336,L10->L03,,False,0.0,21
line_order,337,L10->L04,L10->L04->L01->L09,True,82.39944368301173,22
line_order,338,L10->L05,L10->L05,True,158.08614799330758,23
line_order,339,L10->L06,,False,0.0,23
line_order,340,L10->L07,L10->L07->L06->L09->L01->L04->L08,True,383.860222436461,24
line_order,341,L10->L08,L10->L08->L01->L09,True,162.33705888602796,25
line_order,342,L10->L09,L10->L09->L08->L01->L02->L06,True,180.8791497815239,26
line_order,343,L10->L11,,False,0.0,26
line_order,344,L10->L12,,False,0.0,26
line_order,345,L10->L13,,False,0.0,26
line_order,346,L10->L14,,False,0.0,26
line_order,347,L10->L15,,False,0.0,26
line_order,348,L10->L16,,False,0.0,26
line_order,349,L10->L17,,False,0.0,26
line_order,350,L10->L18,,False,0.0,26
line_order,351,L10->L19,,False,0.0,26
line_order,352,L10->L20,,False,0.0,26
line_order,353,L10->L21,,False,0.0,26
line_order,354,L10->L22,,False,0.0,26
line_order,355,L10->L23,,False,0.0,26
line_order,356,L10->L24,,False,0.0,26
line_order,357,L10->L25,,False,0.0,26
line_order,358,L10->L26,,False,0.0,26
line_order,359,L10->L27,L10->L27->L06->L09->L01->L04->L08,True,383.860222436461,27
line_order,360,L10->L28,,False,0.0,27
line_order,361,L10->L29,,False,0.0,27
line_order,362,L10->L30,,False,0.0,27
line_order,363,L10->L31,,False,0.0,27
line_order,364,L10->L32,,False,0.0,27
line_order,365,L10->L33,,False,0.0,27
line_order,366,L10->L34,,False,0.0,27
line_order,367,L10->L35,,False,0.0,27
line_order,368,L10->L36,,False,0.0,27
line_order,369,L10->L37,,False,0.0,27
line_order,370,L10->L38,,False,0.0,27
line_order,371,L11->L01,,False,0.0,27
line_order,372,L11->L02,,False,0.0,27
line_order,373,L11->L03,,False,0.0,27
line_order,374,L11->L04,,False,0.0,27
line_order,375,L11->L05,,False,0.0,27
line_order,376,L11->L06,,False,0.0,27
line_order,377,L11->L07,,False,0.0,27
line_order,378,L11->L08,,False,0.0,27
line_order,379,L11->L09,,False,0.0,27
line_order,380,L11->L10,,False,0.0,27
line_order,381,L11->L12,L11->L12,True,17.88838157697601,28
line_order,382,L11->L13,L11->L13,True,17.888381576976077,29
line_order,383,L11->L14,,False,0.0,29
line_order,384,L11->L15,,False,0.0,29
line_order,385,L11->L16,,False,0.0,29
line_order,386,L11->L17,,False,0.0,29
line_order,387,L11->L18,,False,0.0,29
line_order,388,L11->L19,,False,0.0,29
line_order,389,L11->L20,,False,0.0,29
line_order,390,L11->L21,,False,0.0,29
line_order,391,L11->L22,,False,0.0,29
line_order,392,L11->L23,,False,0.0,29
line_order,393,L11->L24,,False,0.0,29
line_order,394,L11->L25,,False,0.0,29
line_order,395,L11->L26,,False,0.0,29
line_order,396,L11->L27,,False,0.0,29
line_order,397,L11->L28,,False,0.0,29
line_order,398,L11->L29,,False,0.0,29
line_order,399,L11->L30,,False,0.0,29
line_order,400,L11->L31,,False,0.0,29
line_order,401,L11->L32,,False,0.0,29
line_order,402,L11->L33,,False,0.0,29
line_order,403,L11->L34,,False,0.0,29
line_order,404,L11->L35,,False,0.0,29
line_order,405,L11->L36,,False,0.0,29
line_order,406,L11->L37,,False,0.0,29
line_order,407,L11->L38,,False,0.0,29
line_order,408,L12->L01,,False,0.0,29
line_order,409,L12->L02,,False,0.0,29
line_order,410,L12->L03,,False,0.0,29
line_order,411,L12->L04,,False,0.0,29
line_order,412,L12->L05,,False,0.0,29
line_order,413,L12->L06,,False,0.0,29
line_order,414,L12->L07,,False,0.0,29
line_order,415,L12->L08,,False,0.0,29
line_order,416,L12->L09,,False,0.0,29
line_order,417,L12->L10,,False,0.0,29
line_order,418,L12->L11,L12->L11,True,17.88838157697601,30
line_order,419,L12->L13,L12->L13,True,38.05337863080115,31
line_order,420,L12->L14,,False,0.0,31
line_order,421,L12->L15,,False,0.0,31
line_order,422,L12->L16,,False,0.0,31
line_order,423,L12->L17,,False,0.0,31
line_order,424,L12->L18,,False,0.0,31
line_order,425,L12->L19,,False,0.0,31
line_order,426,L12->L20,,False,0.0,31
line_order,427,L12->L21,,False,0.0,31
line_order,428,L12->L22,,False,0.0,31
line_order,429,L12->L23,,False,0.0,31
line_order,430,L12->L24,,False,0.0,31
line_order,431,L12->L25,,False,0.0,31
line_order,432,L12->L26,,False,0.0,31
line_order,433,L12->L27,,False,0.0,31
line_order,434,L12->L28,,False,0.0,31
line_order,435,L12->L29,,False,0.0,31
line_order,436,L12->L30,,False,0.0,31
line_order,437,L12->L31,,False,0.0,31
line_order,438,L12->L32,,False,0.0,31
line_order,439,L12->L33,,False,0.0,31
line_order,440,L12->L34,,False,0.0,31
line_order,441,L12->L35,,False,0.0,31
line_order,442,L12->L36,,False,0.0,31
line_order,443,L12->L37,,False,0.0,31
line_order,444,L12->L38,,False,0.0,31
line_order,445,L13->L01,,False,0.0,31
line_order,446,L13->L02,,False,0.0,31
line_order,447,L13->L03,,False,0.0,31
line_order,448,L13->L04,,False,0.0,31
line_order,449,L13->L05,,False,0.0,31
line_order,450,L13->L06,,False,0.0,31
line_order,451,L13->L07,,False,0.0,31
line_order,452,L13->L08,,False,0.0,31
line_order,453,L13->L09,,False,0.0,31
line_order,454,L13->L10,,False,0.0,31
line_order,455,L13->L11,L13->L11,True,17.888381576976077,32
line_order,456,L13->L12,L13->L12,True,38.05337863080115,33
line_order,457,L13->L14,,False,0.0,33
line_order,458,L13->L15,,False,0.0,33
line_order,459,L13->L16,,False,0.0,33
line_order,460,L13->L17,,False,0.0,33
line_order,461,L13->L18,,False,0.0,33
line_order,462,L13->L19,,False,0.0,33
line_order,463,L13->L20,,False,0.0,33
line_order,464,L13->L21,,False,0.0,33
line_order,465,L13->L22,,False,0.0,33
line_order,466,L13->L23,,False,0.0,33
line_order,467,L13->L24,,False,0.0,33
line_order,468,L13->L25,,False,0.0,33
line_order,469,L13->L26,,False,0.0,33
line_order,470,L13->L27,,False,0.0,33
line_order,471,L13->L28,,False,0.0,33
line_order,472,L13->L29,,False,0.0,33
line_order,473,L13->L30,,False,0.0,33
line_order,474,L13->L31,,False,0.0,33
line_order,475,L13->L32,,False,0.0,33
line_order,476,L13->L33,,False,0.0,33
line_order,477,L13->L34,,False,0.0,33
line_order,478,L13->L35,,False,0.0,33
line_order,479,L13->L36,,False,0.0,33
line_order,480,L13->L37,,False,0.0,33
line_order,481,L13->L38,,False,0.0,33
line_order,482,L14->L01,,False,0.0,33
line_order,483,L14->L02,,False,0.0,33
line_order,484,L14->L03,,False,0.0,33
line_order,485,L14->L04,,False,0.0,33
line_order,486,L14->L05,,False,0.0,33
line_order,487,L14->L06,,False,0.0,33
line_order,488,L14->L07,,False,0.0,33
line_order,489,L14->L08,,False,0.0,33
line_order,490,L14->L09,,False,0.0,33
line_order,491,L14->L10,,False,0.0,33
line_order,492,L14->L11,,False,0.0,33
line_order,493,L14->L12,,False,0.0,33
line_order,494,L14->L13,,False,0.0,33
line_order,495,L14->L15,,False,0.0,33
line_order,496,L14->L16,,False,0.0,33
line_order,497,L14->L17,,False,0.0,33
line_order,498,L14->L18,,False,0.0,33
line_order,499,L14->L19,,False,0.0,33
line_order,500,L14->L20,,False,0.0,33
line_order,501,L14->L21,,False,0.0,33
line_order,502,L14->L22,,False,0.0,33
line_order,503,L14->L23,,False,0.0,33
line_order,504,L14->L24,,False,0.0,33
line_order,505,L14->L25,,False,0.0,33
line_order,506,L14->L26,,False,0.0,33
line_order,507,L14->L27,,False,0.0,33
line_order,508,L14->L28,,False,0.0,33
line_order,509,L14->L29,,False,0.0,33
line_order,510,L14->L30,,False,0.0,33
line_order,511,L14->L31,,False,0.0,33
line_order,512,L14->L32,,False,0.0,33
line_order,513,L14->L33,,False,0.0,33
line_order,514,L14->L34,,False,0.0,33
line_order,515,L14->L35,,False,0.0,33
line_order,516,L14->L36,,False,0.0,33
line_order,517,L14->L37,,False,0.0,33
line_order,518,L14->L38,,False,0.0,33
line_order,519,L15->L01,,False,0.0,33
line_order,520,L15->L02,,False,0.0,33
line_order,521,L15->L03,,False,0.0,33
line_order,522,L15->L04,,False,0.0,33
line_order,523,L15->L05,,False,0.0,33
line_order,524,L15->L06,,False,0.0,33
line_order,525,L15->L07,,False,0.0,33
line_order,526,L15->L08,,False,0.0,33
line_order,527,L15->L09,,False,0.0,33
line_order,528,L15->L10,,False,0.0,33
line_order,529,L15->L11,,False,0.0,33
line_order,530,L15->L12,,False,0.0,33
line_order,531,L15->L13,,False,0.0,33
line_order,532,L15->L14,,False,0.0,33
line_order,533,L15->L16,,False,0.0,33
line_order,534,L15->L17,,False,0.0,33
line_order,535,L15->L18,,False,0.0,33
line_order,536,L15->L19,,False,0.0,33
line_order,537,L15->L20,,False,0.0,33
line_order,538,L15->L21,,False,0.0,33
line_order,539,L15->L22,,False,0.0,33
line_order,540,L15->L23,,False,0.0,33
line_order,541,L15->L24,,False,0.0,33
line_order,542,L15->L25,,False,0.0,33
line_order,543,L15->L26,,False,0.0,33
line_order,544,L15->L27,,False,0.0,33
line_order,545,L15->L28,,False,0.0,33
line_order,546,L15->L29,,False,0.0,33
line_order,547,L15->L30,,False,0.0,33
line_order,548,L15->L31,,False,0.0,33
line_order,549,L15->L32,,False,0.0,33
line_order,550,L15->L33,,False,0.0,33
line_order,551,L15->L34,,False,0.0,33
line_order,552,L15->L35,,False,0.0,33
line_order,553,L15->L36,,False,0.0,33
line_order,554,L15->L37,,False,0.0,33
line_order,555,L15->L38,,False,0.0,33
line_order,556,L16->L01,,False,0.0,33
line_order,557,L16->L02,,False,0.0,33
line_order,558,L16->L03,,False,0.0,33
line_order,559,L16->L04,,False,0.0,33
line_order,560,L16->L05,,False,0.0,33
line_order,561,L16->L06,,False,0.0,33
line_order,562,L16->L07,,False,0.0,33
line_order,563,L16->L08,,False,0.0,33
line_order,564,L16->L09,,False,0.0,33
line_order,565,L16->L10,,False,0.0,33
line_order,566,L16->L11,,False,0.0,33
line_order,567,L16->L12,,False,0.0,33
line_order,568,L16->L13,,False,0.0,33
line_order,569,L16->L14,,False,0.0,33
line_order,570,L16->L15,,False,0.0,33
line_order,571,L16->L17,L16->L17,True,4.621657307708116,34
line_order,572,L16->L18,,False,0.0,34
line_order,573,L16->L19,,False,0.0,34
line_order,574,L16->L20,,False,0.0,34
line_order,575,L16->L21,,False,0.0,34
line_order,576,L16->L22,,False,0.0,34
line_order,577,L16->L23,,False,0.0,34
line_order,578,L16->L24,,False,0.0,34
line_order,579,L16->L25,,False,0.0,34
line_order,580,L16->L26,,False,0.0,34
line_order,581,L16->L27,,False,0.0,34
line_order,582,L16->L28,,False,0.0,34
line_order,583,L16->L29,,False,0.0,34
line_order,584,L16->L30,,False,0.0,34
line_order,585,L16->L31,,False,0.0,34
line_order,586,L16->L32,,False,0.0,34
line_order,587,L16->L33,,False,0.0,34
line_order,588,L16->L34,,False,0.0,34
line_order,589,L16->L35,,False,0.0,34
line_order,590,L16->L36,,False,0.0,34
line_order,591,L16->L37,,False,0.0,34
line_order,592,L16->L38,,False,0.0,34
line_order,593,L17->L01,,False,0.0,34
line_order,594,L17->L02,,False,0.0,34
line_order,595,L17->L03,,False,0.0,34
line_order,596,L17->L04,,False,0.0,34
line_order,597,L17->L05,,False,0.0,34
line_order,598,L17->L06,,False,0.0,34
line_order,599,L17->L07,,False,0.0,34
line_order,600,L17->L08,,False,0.0,34
line_order,601,L17->L09,,False,0.0,34
line_order,602,L17->L10,,False,0.0,34
line_order,603,L17->L11,,False,0.0,34
line_order,604,L17->L12,,False,0.0,34
line_order,605,L17->L13,,False,0.0,34
line_order,606,L17->L14,,False,0.0,34
line_order,607,L17->L15,,False,0.0,34
line_order,608,L17->L16,L17->L16,True,4.621657307708116,35
line_order,609,L17->L18,,False,0.0,35
line_order,610,L17->L19,,False,0.0,35
line_order,611,L17->L20,,False,0.0,35
line_order,612,L17->L21,,False,0.0,35
line_order,613,L17->L22,,False,0.0,35
line_order,614,L17->L23,,False,0.0,35
line_order,615,L17->L24,,False,0.0,35
line_order,616,L17->L25,,False,0.0,35
line_order,617,L17->L26,,False,0.0,35
line_order,618,L17->L27,,False,0.0,35
line_order,619,L17->L28,,False,0.0,35
line_order,620,L17->L29,,False,0.0,35
line_order,621,L17->L30,,False,0.0,35
line_order,622,L17->L31,,False,0.0,35
line_order,623,L17->L32,,False,0.0,35
line_order,624,L17->L33,,False,0.0,35
line_order,625,L17->L34,,False,0.0,35
line_order,626,L17->L35,,False,0.0,35
line_order,627,L17->L36,,False,0.0,35
line_order,628,L17->L37,,False,0.0,35
line_order,629,L17->L38,,False,0.0,35
line_order,630,L18->L01,,False,0.0,35
line_order,631,L18->L02,,False,0.0,35
line_order,632,L18->L03,,False,0.0,35
line_order,633,L18->L04,,False,0.0,35
line_order,634,L18->L05,,False,0.0,35
line_order,635,L18->L06,,False,0.0,35
line_order,636,L18->L07,,False,0.0,35
line_order,637,L18->L08,,False,0.0,35
line_order,638,L18->L09,,False,0.0,35
line_order,639,L18->L10,,False,0.0,35
line_order,640,L18->L11,,False,0.0,35
line_order,641,L18->L12,,False,0.0,35
line_order,642,L18->L13,,False,0.0,35
line_order,643,L18->L14,,False,0.0,35
line_order,644,L18->L15,,False,0.0,35
line_order,645,L18->L16,,False,0.0,35
line_order,646,L18->L17,,False,0.0,35
line_order,647,L18->L19,,False,0.0,35
line_order,648,L18->L20,,False,0.0,35
line_order,649,L18->L21,,False,0.0,35
line_order,650,L18->L22,,False,0.0,35
line_order,651,L18->L23,,False,0.0,35
line_order,652,L18->L24,,False,0.0,35
line_order,653,L18->L25,,False,0.0,35
line_order,654,L18->L26,,False,0.0,35
line_order,655,L18->L27,,False,0.0,35
line_order,656,L18->L28,,False,0.0,35
line_order,657,L18->L29,,False,0.0,35
line_order,658,L18->L30,,False,0.0,35
line_order,659,L18->L31,,False,0.0,35
line_order,660,L18->L32,,False,0.0,35
line_order,661,L18->L33,,False,0.0,35
line_order,662,L18->L34,,False,0.0,35
line_order,663,L18->L35,,False,0.0,35
line_order,664,L18->L36,,False,0.0,35
line_order,665,L18->L37,,False,0.0,35
line_order,666,L18->L38,,False,0.0,35
line_order,667,L19->L01,,False,0.0,35
line_order,668,L19->L02,,False,0.0,35
line_order,669,L19->L03,,False,0.0,35
line_order,670,L19->L04,,False,0.0,35
line_order,671,L19->L05,,False,0.0,35
line_order,672,L19->L06,,False,0.0,35
line_order,673,L19->L07,,False,0.0,35
line_order,674,L19->L08,,False,0.0,35
line_order,675,L19->L09,,False,0.0,35
line_order,676,L19->L10,,False,0.0,35
line_order,677,L19->L11,,False,0.0,35
line_order,678,L19->L12,,False,0.0,35
line_order,679,L19->L13,,False,0.0,35
line_order,680,L19->L14,,False,0.0,35
line_order,681,L19->L15,,False,0.0,35
line_order,682,L19->L16,,False,0.0,35
line_order,683,L19->L17,,False,0.0,35
line_order,684,L19->L18,,False,0.0,35
line_order,685,L19->L20,,False,0.0,35
line_order,686,L19->L21,,False,0.0,35
line_order,687,L19->L22,,False,0.0,35
line_order,688,L19->L23,L19->L23,True,193.9878918650109,36
line_order,689,L19->L24,,False,0.0,36
line_order,690,L19->L25,,False,0.0,36
line_order,691,L19->L26,,False,0.0,36
line_order,692,L19->L27,,False,0.0,36
line_order,693,L19->L28,,False,0.0,36
line_order,694,L19->L29,,False,0.0,36
line_order,695,L19->L30,,False,0.0,36
line_order,696,L19->L31,,False,0.0,36
line_order,697,L19->L32,,False,0.0,36
line_order,698,L19->L33,,False,0.0,36
line_order,699,L19->L34,,False,0.0,36
line_order,700,L19->L35,,False,0.0,36
line_order,701,L19->L36,,False,0.0,36
line_order,702,L19->L37,,False,0.0,36
line_order,703,L19->L38,,False,0.0,36
line_order,704,L20->L01,,False,0.0,36
line_order,705,L20->L02,,False,0.0,36
line_order,706,L20->L03,,False,0.0,36
line_order,707,L20->L04,,False,0.0,36
line_order,708,L20->L05,,False,0.0,36
line_order,709,L20->L06,,False,0.0,36
line_order,710,L20->L07,,False,0.0,36
line_order,711,L20->L08,,False,0.0,36
line_order,712,L20->L09,,False,0.0,36
line_order,713,L20->L10,,False,0.0,36
line_order,714,L20->L11,,False,0.0,36
line_order,715,L20->L12,,False,0.0,36
line_order,716,L20->L13,,False,0.0,36
line_order,717,L20->L14,,False,0.0,36
line_order,718,L20->L15,,False,0.0,36
line_order,719,L20->L16,,False,0.0,36
line_order,720,L20->L17,,False,0.0,36
line_order,721,L20->L18,,False,0.0,36
line_order,722,L20->L19,,False,0.0,36
line_order,723,L20->L21,,False,0.0,36
line_order,724,L20->L22,,False,0.0,36
line_order,725,L20->L23,,False,0.0,36
line_order,726,L20->L24,,False,0.0,36
line_order,727,L20->L25,,False,0.0,36
line_order,728,L20->L26,,False,0.0,36
line_order,729,L20->L27,,False,0.0,36
line_order,730,L20->L28,,False,0.0,36
line_order,731,L20->L29,,False,0.0,36
line_order,732,L20->L30,,False,0.0,36
line_order,733,L20->L31,,False,0.0,36
line_order,734,L20->L32,,False,0.0,36
line_order,735,L20->L33,,False,0.0,36
line_order,736,L20->L34,,False,0.0,36
line_order,737,L20->L35,,False,0.0,36
line_order,738,L20->L36,,False,0.0,36
line_order,739,L20->L37,,False,0.0,36
line_order,740,L20->L38,,False,0.0,36
line_order,741,L21->L01,,False,0.0,36
line_order,742,L21->L02,,False,0.0,36
line_order,743,L21->L03,,False,0.0,36
line_order,744,L21->L04,,False,0.0,36
line_order,745,L21->L05,,False,0.0,36
line_order,746,L21->L06,,False,0.0,36
line_order,747,L21->L07,,False,0.0,36
line_order,748,L21->L08,,False,0.0,36
line_order,749,L21->L09,,False,0.0,36
line_order,750,L21->L10,,False,0.0,36
line_order,751,L21->L11,,False,0.0,36
line_order,752,L21->L12,,False,0.0,36
line_order,753,L21->L13,,False,0.0,36
line_order,754,L21->L14,,False,0.0,36
line_order,755,L21->L15,,False,0.0,36
line_order,756,L21->L16,,False,0.0,36
line_order,757,L21->L17,,False,0.0,36
line_order,758,L21->L18,,False,0.0,36
line_order,759,L21->L19,,False,0.0,36
line_order,760,L21->L20,,False,0.0,36
line_order,761,L21->L22,L21->L22->L23->L02->L06->L07->L27,True,727.2781283848517,37
line_order,762,L21->L23,,False,0.0,37
line_order,763,L21->L24,,False,0.0,37
line_order,764,L21->L25,,False,0.0,37
line_order,765,L21->L26,,False,0.0,37
line_order,766,L21->L27,,False,0.0,37
line_order,767,L21->L28,,False,0.0,37
line_order,768,L21->L29,,False,0.0,37
line_order,769,L21->L30,,False,0.0,37
line_order,770,L21->L31,,False,0.0,37
line_order,771,L21->L32,,False,0.0,37
line_order,772,L21->L33,,False,0.0,37
line_order,773,L21->L34,,False,0.0,37
line_order,774,L21->L35,,False,0.0,37
line_order,775,L21->L36,,False,0.0,37
line_order,776,L21->L37,,False,0.0,37
line_order,777,L21->L38,,False,0.0,37
line_order,778,L22->L01,,False,0.0,37
line_order,779,L22->L02,,False,0.0,37
line_order,780,L22->L03,,False,0.0,37
line_order,781,L22->L04,,False,0.0,37
line_order,782,L22->L05,,False,0.0,37
line_order,783,L22->L06,,False,0.0,37
line_order,784,L22->L07,,False,0.0,37
line_order,785,L22->L08,,False,0.0,37
line_order,786,L22->L09,,False,0.0,37
line_order,787,L22->L10,,False,0.0,37
line_order,788,L22->L11,,False,0.0,37
line_order,789,L22->L12,,False,0.0,37
line_order,790,L22->L13,,False,0.0,37
line_order,791,L22->L14,,False,0.0,37
line_order,792,L22->L15,,False,0.0,37
line_order,793,L22->L16,,False,0.0,37
line_order,794,L22->L17,,False,0.0,37
line_order,795,L22->L18,,False,0.0,37
line_order,796,L22->L19,,False,0.0,37
line_order,797,L22->L20,,False,0.0,37
line_order,798,L22->L21,,False,0.0,37
line_order,799,L22->L23,,False,0.0,37
line_order,800,L22->L24,,False,0.0,37
line_order,801,L22->L25,,False,0.0,37
line_order,802,L22->L26,,False,0.0,37
line_order,803,L22->L27,,False,0.0,37
line_order,804,L22->L28,,False,0.0,37
line_order,805,L22->L29,,False,0.0,37
line_order,806,L22->L30,,False,0.0,37
line_order,807,L22->L31,,False,0.0,37
line_order,808,L22->L32,,False,0.0,37
line_order,809,L22->L33,,False,0.0,37
line_order,810,L22->L34,,False,0.0,37
line_order,811,L22->L35,,False,0.0,37
line_order,812,L22->L36,,False,0.0,37
line_order,813,L22->L37,,False,0.0,37
line_order,814,L22->L38,,False,0.0,37
line_order,815,L23->L01,,False,0.0,37
line_order,816,L23->L02,,False,0.0,37
line_order,817,L23->L03,,False,0.0,37
line_order,818,L23->L04,,False,0.0,37
line_order,819,L23->L05,,False,0.0,37
line_order,820,L23->L06,,False,0.0,37
line_order,821,L23->L07,,False,0.0,37
line_order,822,L23->L08,,False,0.0,37
line_order,823,L23->L09,,False,0.0,37
line_order,824,L23->L10,,False,0.0,37
line_order,825,L23->L11,,False,0.0,37
line_order,826,L23->L12,,False,0.0,37
line_order,827,L23->L13,,False,0.0,37
line_order,828,L23->L14,,False,0.0,37
line_order,829,L23->L15,,False,0.0,37
line_order,830,L23->L16,,False,0.0,37
line_order,831,L23->L17,,False,0.0,37
line_order,832,L23->L18,,False,0.0,37
line_order,833,L23->L19,L23->L19,True,193.9878918650109,38
line_order,834,L23->L20,,False,0.0,38
line_order,835,L23->L21,,False,0.0,38
line_order,836,L23->L22,,False,0.0,38
line_order,837,L23->L24,,False,0.0,38
line_order,838,L23->L25,,False,0.0,38
line_order,839,L23->L26,,False,0.0,38
line_order,840,L23->L27,,False,0.0,38
line_order,841,L23->L28,,False,0.0,38
line_order,842,L23->L29,,False,0.0,38
line_order,843,L23->L30,,False,0.0,38
line_order,844,L23->L31,,False,0.0,38
line_order,845,L23->L32,,False,0.0,38
line_order,846,L23->L33,,False,0.0,38
line_order,847,L23->L34,,False,0.0,38
line_order,848,L23->L35,,False,0.0,38
line_order,849,L23->L36,,False,0.0,38
line_order,850,L23->L37,,False,0.0,38
line_order,851,L23->L38,,False,0.0,38
line_order,852,L24->L01,,False,0.0,38
line_order,853,L24->L02,,False,0.0,38
line_order,854,L24->L03,,False,0.0,38
line_order,855,L24->L04,,False,0.0,38
line_order,856,L24->L05,,False,0.0,38
line_order,857,L24->L06,,False,0.0,38
line_order,858,L24->L07,,False,0.0,38
line_order,859,L24->L08,,False,0.0,38
line_order,860,L24->L09,,False,0.0,38
line_order,861,L24->L10,,False,0.0,38
line_order,862,L24->L11,,False,0.0,38
line_order,863,L24->L12,,False,0.0,38
line_order,864,L24->L13,,False,0.0,38
line_order,865,L24->L14,,False,0.0,38
line_order,866,L24->L15,,False,0.0,38
line_order,867,L24->L16,,False,0.0,38
line_order,868,L24->L17,,False,0.0,38
line_order,869,L24->L18,,False,0.0,38
line_order,870,L24->L19,,False,0.0,38
line_order,871,L24->L20,,False,0.0,38
line_order,872,L24->L21,,False,0.0,38
line_order,873,L24->L22,,False,0.0,38
line_order,874,L24->L23,,False,0.0,38
line_order,875,L24->L25,,False,0.0,38
line_order,876,L24->L26,,False,0.0,38
line_order,877,L24->L27,,False,0.0,38
line_order,878,L24->L28,L24->L28->L06->L07,True,316.82674035082636,39
line_order,879,L24->L29,,False,0.0,39
line_order,880,L24->L30,,False,0.0,39
line_order,881,L24->L31,,False,0.0,39
line_order,882,L24->L32,,False,0.0,39
line_order,883,L24->L33,,False,0.0,39
line_order,884,L24->L34,,False,0.0,39
line_order,885,L24->L35,,False,0.0,39
line_order,886,L24->L36,,False,0.0,39
line_order,887,L24->L37,,False,0.0,39
line_order,888,L24->L38,,False,0.0,39
line_order,889,L25->L01,,False,0.0,39
line_order,890,L25->L02,,False,0.0,39
line_order,891,L25->L03,,False,0.0,39
line_order,892,L25->L04,,False,0.0,39
line_order,893,L25->L05,,False,0.0,39
line_order,894,L25->L06,,False,0.0,39
line_order,895,L25->L07,,False,0.0,39
line_order,896,L25->L08,,False,0.0,39
line_order,897,L25->L09,,False,0.0,39
line_order,898,L25->L10,,False,0.0,39
line_order,899,L25->L11,,False,0.0,39
line_order,900,L25->L12,,False,0.0,39
line_order,901,L25->L13,,False,0.0,39
line_order,902,L25->L14,,False,0.0,39
line_order,903,L25->L15,,False,0.0,39
line_order,904,L25->L16,,False,0.0,39
line_order,905,L25->L17,,False,0.0,39
line_order,906,L25->L18,,False,0.0,39
line_order,907,L25->L19,,False,0.0,39
line_order,908,L25->L20,,False,0.0,39
line_order,909,L25->L21,,False,0.0,39
line_order,910,L25->L22,,False,0.0,39
line_order,911,L25->L23,,False,0.0,39
line_order,912,L25->L24,,False,0.0,39
line_order,913,L25->L26,L25->L26->L28,True,465.9176206657203,40
line_order,914,L25->L27,,False,0.0,40
line_order,915,L25->L28,L25->L28->L26,True,465.9176206657203,41
line_order,916,L25->L29,,False,0.0,41
line_order,917,L25->L30,,False,0.0,41
line_order,918,L25->L31,,False,0.0,41
line_order,919,L25->L32,,False,0.0,41
line_order,920,L25->L33,,False,0.0,41
line_order,921,L25->L34,,False,0.0,41
line_order,922,L25->L35,,False,0.0,41
line_order,923,L25->L36,,False,0.0,41
line_order,924,L25->L37,,False,0.0,41
line_order,925,L25->L38,,False,0.0,41
line_order,926,L26->L01,,False,0.0,41
line_order,927,L26->L02,,False,0.0,41
line_order,928,L26->L03,,False,0.0,41
line_order,929,L26->L04,,False,0.0,41
line_order,930,L26->L05,,False,0.0,41
line_order,931,L26->L06,,False,0.0,41
line_order,932,L26->L07,,False,0.0,41
line_order,933,L26->L08,,False,0.0,41
line_order,934,L26->L09,,False,0.0,41
line_order,935,L26->L10,,False,0.0,41
line_order,936,L26->L11,,False,0.0,41
line_order,937,L26->L12,,False,0.0,41
line_order,938,L26->L13,,False,0.0,41
line_order,939,L26->L14,,False,0.0,41
line_order,940,L26->L15,,False,0.0,41
line_order,941,L26->L16,,False,0.0,41
line_order,942,L26->L17,,False,0.0,41
line_order,943,L26->L18,,False,0.0,41
line_order,944,L26->L19,,False,0.0,41
line_order,945,L26->L20,,False,0.0,41
line_order,946,L26->L21,,False,0.0,41
line_order,947,L26->L22,,False,0.0,41
line_order,948,L26->L23,,False,0.0,41
line_order,949,L26->L24,,False,0.0,41
line_order,950,L26->L25,L26->L25->L28,True,465.9176206657203,42
line_order,951,L26->L27,,False,0.0,42
line_order,952,L26->L28,L26->L28->L25,True,465.9176206657203,43
line_order,953,L26->L29,,False,0.0,43
line_order,954,L26->L30,,False,0.0,43
line_order,955,L26->L31,,False,0.0,43
line_order,956,L26->L32,,False,0.0,43
line_order,957,L26->L33,,False,0.0,43
line_order,958,L26->L34,,False,0.0,43
line_order,959,L26->L35,,False,0.0,43
line_order,960,L26->L36,,False,0.0,43
line_order,961,L26->L37,,False,0.0,43
line_order,962,L26->L38,,False,0.0,43
line_order,963,L27->L01,,False,0.0,43
line_order,964,L27->L02,L27->L02,True,27.98107265493719,44
line_order,965,L27->L03,,False,0.0,44
line_order,966,L27->L04,,False,0.0,44
line_order,967,L27->L05,,False,0.0,44
line_order,968,L27->L06,L27->L06,True,27.981072654937165,45
line_order,969,L27->L07,,False,0.0,45
line_order,970,L27->L08,,False,0.0,45
line_order,971,L27->L09,,False,0.0,45
line_order,972,L27->L10,,False,0.0,45
line_order,973,L27->L11,,False,0.0,45
line_order,974,L27->L12,,False,0.0,45
line_order,975,L27->L13,,False,0.0,45
line_order,976,L27->L14,,False,0.0,45
line_order,977,L27->L15,,False,0.0,45
line_order,978,L27->L16,,False,0.0,45
line_order,979,L27->L17,,False,0.0,45
line_order,980,L27->L18,,False,0.0,45
line_order,981,L27->L19,,False,0.0,45
line_order,982,L27->L20,,False,0.0,45
line_order,983,L27->L21,,False,0.0,45
line_order,984,L27->L22,,False,0.0,45
line_order,985,L27->L23,L27->L23->L29,True,368.67301237704925,46
line_order,986,L27->L24,,False,0.0,46
line_order,987,L27->L25,,False,0.0,46
line_order,988,L27->L26,,False,0.0,46
line_order,989,L27->L28,,False,0.0,46
line_order,990,L27->L29,L27->L29->L23,True,368.67301237704925,47
line_order,991,L27->L30,,False,0.0,47
line_order,992,L27->L31,,False,0.0,47
line_order,993,L27->L32,,False,0.0,47
line_order,994,L27->L33,,False,0.0,47
line_order,995,L27->L34,,False,0.0,47
line_order,996,L27->L35,,False,0.0,47
line_order,997,L27->L36,,False,0.0,47
line_order,998,L27->L37,,False,0.0,47
line_order,999,L27->L38,,False,0.0,47
line_order,1000,L28->L01,,False,0.0,47
line_order,1001,L28->L02,,False,0.0,47
line_order,1002,L28->L03,,False,0.0,47
line_order,1003,L28->L04,,False,0.0,47
line_order,1004,L28->L05,,False,0.0,47
line_order,1005,L28->L06,,False,0.0,47
line_order,1006,L28->L07,,False,0.0,47
line_order,1007,L28->L08,,False,0.0,47
line_order,1008,L28->L09,,False,0.0,47
line_order,1009,L28->L10,,False,0.0,47
line_order,1010,L28->L11,,False,0.0,47
line_order,1011,L28->L12,,False,0.0,47
line_order,1012,L28->L13,,False,0.0,47
line_order,1013,L28->L14,,False,0.0,47
line_order,1014,L28->L15,,False,0.0,47
line_order,1015,L28->L16,,False,0.0,47
line_order,1016,L28->L17,,False,0.0,47
line_order,1017,L28->L18,,False,0.0,47
line_order,1018,L28->L19,,False,0.0,47
line_order,1019,L28->L20,,False,0.0,47
line_order,1020,L28->L21,,False,0.0,47
line_order,1021,L28->L22,,False,0.0,47
line_order,1022,L28->L23,,False,0.0,47
line_order,1023,L28->L24,L28->L24->L06->L07,True,316.82674035082636,48
line_order,1024,L28->L25,L28->L25->L26,True,465.9176206657203,49
line_order,1025,L28->L26,L28->L26->L25,True,465.9176206657203,50
line_order,1026,L28->L27,,False,0.0,50
line_order,1027,L28->L29,,False,0.0,50
line_order,1028,L28->L30,,False,0.0,50
line_order,1029,L28->L31,,False,0.0,50
line_order,1030,L28->L32,,False,0.0,50
line_order,1031,L28->L33,,False,0.0,50
line_order,1032,L28->L34,,False,0.0,50
line_order,1033,L28->L35,,False,0.0,50
line_order,1034,L28->L36,,False,0.0,50
line_order,1035,L28->L37,,False,0.0,50
line_order,1036,L28->L38,,False,0.0,50
line_order,1037,L29->L01,,False,0.0,50
line_order,1038,L29->L02,,False,0.0,50
line_order,1039,L29->L03,,False,0.0,50
line_order,1040,L29->L04,,False,0.0,50
line_order,1041,L29->L05,,False,0.0,50
line_order,1042,L29->L06,,False,0.0,50
line_order,1043,L29->L07,L29->L07->L23,True,368.6730123770492,51
line_order,1044,L29->L08,,False,0.0,51
line_order,1045,L29->L09,,False,0.0,51
line_order,1046,L29->L10,,False,0.0,51
line_order,1047,L29->L11,,False,0.0,51
line_order,1048,L29->L12,,False,0.0,51
line_order,1049,L29->L13,,False,0.0,51
line_order,1050,L29->L14,,False,0.0,51
line_order,1051,L29->L15,,False,0.0,51
line_order,1052,L29->L16,,False,0.0,51
line_order,1053,L29->L17,,False,0.0,51
line_order,1054,L29->L18,,False,0.0,51
line_order,1055,L29->L19,,False,0.0,51
line_order,1056,L29->L20,,False,0.0,51
line_order,1057,L29->L21,,False,0.0,51
line_order,1058,L29->L22,,False,0.0,51
line_order,1059,L29->L23,L29->L23->L06->L07->L27,True,368.673012377049,52
line_order,1060,L29->L24,,False,0.0,52
line_order,1061,L29->L25,,False,0.0,52
line_order,1062,L29->L26,,False,0.0,52
line_order,1063,L29->L27,L29->L27->L23,True,368.67301237704925,53
line_order,1064,L29->L28,,False,0.0,53
line_order,1065,L29->L30,,False,0.0,53
line_order,1066,L29->L31,,False,0.0,53
line_order,1067,L29->L32,,False,0.0,53
line_order,1068,L29->L33,,False,0.0,53
line_order,1069,L29->L34,,False,0.0,53
line_order,1070,L29->L35,,False,0.0,53
line_order,1071,L29->L36,,False,0.0,53
line_order,1072,L29->L37,,False,0.0,53
line_order,1073,L29->L38,,False,0.0,53
line_order,1074,L30->L01,,False,0.0,53
line_order,1075,L30->L02,,False,0.0,53
line_order,1076,L30->L03,,False,0.0,53
line_order,1077,L30->L04,,False,0.0,53
line_order,1078,L30->L05,,False,0.0,53
line_order,1079,L30->L06,,False,0.0,53
line_order,1080,L30->L07,,False,0.0,53
line_order,1081,L30->L08,,False,0.0,53
line_order,1082,L30->L09,,False,0.0,53
line_order,1083,L30->L10,,False,0.0,53
line_order,1084,L30->L11,,False,0.0,53
line_order,1085,L30->L12,,False,0.0,53
line_order,1086,L30->L13,,False,0.0,53
line_order,1087,L30->L14,,False,0.0,53
line_order,1088,L30->L15,,False,0.0,53
line_order,1089,L30->L16,,False,0.0,53
line_order,1090,L30->L17,,False,0.0,53
line_order,1091,L30->L18,,False,0.0,53
line_order,1092,L30->L19,,False,0.0,53
line_order,1093,L30->L20,,False,0.0,53
line_order,1094,L30->L21,,False,0.0,53
line_order,1095,L30->L22,,False,0.0,53
line_order,1096,L30->L23,,False,0.0,53
line_order,1097,L30->L24,,False,0.0,53
line_order,1098,L30->L25,,False,0.0,53
line_order,1099,L30->L26,,False,0.0,53
line_order,1100,L30->L27,,False,0.0,53
line_order,1101,L30->L28,,False,0.0,53
line_order,1102,L30->L29,,False,0.0,53
line_order,1103,L30->L31,,False,0.0,53
line_order,1104,L30->L32,,False,0.0,53
line_order,1105,L30->L33,,False,0.0,53
line_order,1106,L30->L34,,False,0.0,53
line_order,1107,L30->L35,,False,0.0,53
line_order,1108,L30->L36,,False,0.0,53
line_order,1109,L30->L37,,False,0.0,53
line_order,1110,L30->L38,,False,0.0,53
line_order,1111,L31->L01,,False,0.0,53
line_order,1112,L31->L02,,False,0.0,53
line_order,1113,L31->L03,,False,0.0,53
line_order,1114,L31->L04,,False,0.0,53
line_order,1115,L31->L05,,False,0.0,53
line_order,1116,L31->L06,,False,0.0,53
line_order,1117,L31->L07,,False,0.0,53
line_order,1118,L31->L08,,False,0.0,53
line_order,1119,L31->L09,,False,0.0,53
line_order,1120,L31->L10,,False,0.0,53
line_order,1121,L31->L11,,False,0.0,53
line_order,1122,L31->L12,,False,0.0,53
line_order,1123,L31->L13,,False,0.0,53
line_order,1124,L31->L14,,False,0.0,53
line_order,1125,L31->L15,,False,0.0,53
line_order,1126,L31->L16,,False,0.0,53
line_order,1127,L31->L17,,False,0.0,53
line_order,1128,L31->L18,,False,0.0,53
line_order,1129,L31->L19,,False,0.0,53
line_order,1130,L31->L20,,False,0.0,53
line_order,1131,L31->L21,,False,0.0,53
line_order,1132,L31->L22,,False,0.0,53
line_order,1133,L31->L23,,False,0.0,53
line_order,1134,L31->L24,,False,0.0,53
line_order,1135,L31->L25,,False,0.0,53
line_order,1136,L31->L26,,False,0.0,53
line_order,1137,L31->L27,,False,0.0,53
line_order,1138,L31->L28,,False,0.0,53
line_order,1139,L31->L29,,False,0.0,53
line_order,1140,L31->L30,,False,0.0,53
line_order,1141,L31->L32,,False,0.0,53
line_order,1142,L31->L33,,False,0.0,53
line_order,1143,L31->L34,,False,0.0,53
line_order,1144,L31->L35,,False,0.0,53
line_order,1145,L31->L36,,False,0.0,53
line_order,1146,L31->L37,,False,0.0,53
line_order,1147,L31->L38,L31->L38,True,20.907752918885308,54
line_order,1148,L32->L01,,False,0.0,54
line_order,1149,L32->L02,,False,0.0,54
line_order,1150,L32->L03,,False,0.0,54
line_order,1151,L32->L04,,False,0.0,54
line_order,1152,L32->L05,,False,0.0,54
line_order,1153,L32->L06,,False,0.0,54
line_order,1154,L32->L07,,False,0.0,54
line_order,1155,L32->L08,,False,0.0,54
line_order,1156,L32->L09,,False,0.0,54
line_order,1157,L32->L10,,False,0.0,54
line_order,1158,L32->L11,,False,0.0,54
line_order,1159,L32->L12,,False,0.0,54
line_order,1160,L32->L13,,False,0.0,54
line_order,1161,L32->L14,,False,0.0,54
line_order,1162,L32->L15,,False,0.0,54
line_order,1163,L32->L16,,False,0.0,54
line_order,1164,L32->L17,,False,0.0,54
line_order,1165,L32->L18,,False,0.0,54
line_order,1166,L32->L19,,False,0.0,54
line_order,1167,L32->L20,,False,0.0,54
line_order,1168,L32->L21,,False,0.0,54
line_order,1169,L32->L22,,False,0.0,54
line_order,1170,L32->L23,,False,0.0,54
line_order,1171,L32->L24,,False,0.0,54
line_order,1172,L32->L25,,False,0.0,54
line_order,1173,L32->L26,,False,0.0,54
line_order,1174,L32->L27,,False,0.0,54
line_order,1175,L32->L28,,False,0.0,54
line_order,1176,L32->L29,,False,0.0,54
line_order,1177,L32->L30,,False,0.0,54
line_order,1178,L32->L31,,False,0.0,54
line_order,1179,L32->L33,,False,0.0,54
line_order,1180,L32->L34,,False,0.0,54
line_order,1181,L32->L35,,False,0.0,54
line_order,1182,L32->L36,,False,0.0,54
line_order,1183,L32->L37,,False,0.0,54
line_order,1184,L32->L38,,False,0.0,54
line_order,1185,L33->L01,,False,0.0,54
line_order,1186,L33->L02,,False,0.0,54
line_order,1187,L33->L03,,False,0.0,54
line_order,1188,L33->L04,,False,0.0,54
line_order,1189,L33->L05,,False,0.0,54
line_order,1190,L33->L06,,False,0.0,54
line_order,1191,L33->L07,,False,0.0,54
line_order,1192,L33->L08,,False,0.0,54
line_order,1193,L33->L09,,False,0.0,54
line_order,1194,L33->L10,,False,0.0,54
line_order,1195,L33->L11,,False,0.0,54
line_order,1196,L33->L12,,False,0.0,54
line_order,1197,L33->L13,,False,0.0,54
line_order,1198,L33->L14,,False,0.0,54
line_order,1199,L33->L15,,False,0.0,54
line_order,1200,L33->L16,,False,0.0,54
line_order,1201,L33->L17,,False,0.0,54
line_order,1202,L33->L18,,False,0.0,54
line_order,1203,L33->L19,,False,0.0,54
line_order,1204,L33->L20,,False,0.0,54
line_order,1205,L33->L21,,False,0.0,54
line_order,1206,L33->L22,,False,0.0,54
line_order,1207,L33->L23,,False,0.0,54
line_order,1208,L33->L24,,False,0.0,54
line_order,1209,L33->L25,,False,0.0,54
line_order,1210,L33->L26,,False,0.0,54
line_order,1211,L33->L27,,False,0.0,54
line_order,1212,L33->L28,,False,0.0,54
line_order,1213,L33->L29,,False,0.0,54
line_order,1214,L33->L30,,False,0.0,54
line_order,1215,L33->L31,,False,0.0,54
line_order,1216,L33->L32,,False,0.0,54
line_order,1217,L33->L34,,False,0.0,54
line_order,1218,L33->L35,,False,0.0,54
line_order,1219,L33->L36,,False,0.0,54
line_order,1220,L33->L37,,False,0.0,54
line_order,1221,L33->L38,,False,0.0,54
line_order,1222,L34->L01,,False,0.0,54
line_order,1223,L34->L02,,False,0.0,54
line_order,1224,L34->L03,,False,0.0,54
line_order,1225,L34->L04,,False,0.0,54
line_order,1226,L34->L05,,False,0.0,54
line_order,1227,L34->L06,,False,0.0,54
line_order,1228,L34->L07,,False,0.0,54
line_order,1229,L34->L08,,False,0.0,54
line_order,1230,L34->L09,,False,0.0,54
line_order,1231,L34->L10,,False,0.0,54
line_order,1232,L34->L11,,False,0.0,54
line_order,1233,L34->L12,,False,0.0,54
line_order,1234,L34->L13,,False,0.0,54
line_order,1235,L34->L14,,False,0.0,54
line_order,1236,L34->L15,,False,0.0,54
line_order,1237,L34->L16,,False,0.0,54
line_order,1238,L34->L17,,False,0.0,54
line_order,1239,L34->L18,,False,0.0,54
line_order,1240,L34->L19,,False,0.0,54
line_order,1241,L34->L20,,False,0.0,54
line_order,1242,L34->L21,,False,0.0,54
line_order,1243,L34->L22,,False,0.0,54
line_order,1244,L34->L23,,False,0.0,54
line_order,1245,L34->L24,,False,0.0,54
line_order,1246,L34->L25,,False,0.0,54
line_order,1247,L34->L26,,False,0.0,54
line_order,1248,L34->L27,,False,0.0,54
line_order,1249,L34->L28,,False,0.0,54
line_order,1250,L34->L29,,False,0.0,54
line_order,1251,L34->L30,,False,0.0,54
line_order,1252,L34->L31,,False,0.0,54
line_order,1253,L34->L32,,False,0.0,54
line_order,1254,L34->L33,,False,0.0,54
line_order,1255,L34->L35,,False,0.0,54
line_order,1256,L34->L36,,False,0.0,54
line_order,1257,L34->L37,,False,0.0,54
line_order,1258,L34->L38,,False,0.0,54
line_order,1259,L35->L01,,False,0.0,54
line_order,1260,L35->L02,,False,0.0,54
line_order,1261,L35->L03,,False,0.0,54
line_order,1262,L35->L04,,False,0.0,54
line_order,1263,L35->L05,,False,0.0,54
line_order,1264,L35->L06,,False,0.0,54
line_order,1265,L35->L07,,False,0.0,54
line_order,1266,L35->L08,,False,0.0,54
line_order,1267,L35->L09,,False,0.0,54
line_order,1268,L35->L10,,False,0.0,54
line_order,1269,L35->L11,,False,0.0,54
line_order,1270,L35->L12,,False,0.0,54
line_order,1271,L35->L13,,False,0.0,54
line_order,1272,L35->L14,,False,0.0,54
line_order,1273,L35->L15,,False,0.0,54
line_order,1274,L35->L16,,False,0.0,54
line_order,1275,L35->L17,,False,0.0,54
line_order,1276,L35->L18,,False,0.0,54
line_order,1277,L35->L19,,False,0.0,54
line_order,1278,L35->L20,,False,0.0,54
line_order,1279,L35->L21,,False,0.0,54
line_order,1280,L35->L22,,False,0.0,54
line_order,1281,L35->L23,,False,0.0,54
line_order,1282,L35->L24,,False,0.0,54
line_order,1283,L35->L25,,False,0.0,54
line_order,1284,L35->L26,,False,0.0,54
line_order,1285,L35->L27,,False,0.0,54
line_order,1286,L35->L28,,False,0.0,54
line_order,1287,L35->L29,,False,0.0,54
line_order,1288,L35->L30,,False,0.0,54
line_order,1289,L35->L31,,False,0.0,54
line_order,1290,L35->L32,,False,0.0,54
line_order,1291,L35->L33,,False,0.0,54
line_order,1292,L35->L34,,False,0.0,54
line_order,1293,L35->L36,,False,0.0,54
line_order,1294,L35->L37,,False,0.0,54
line_order,1295,L35->L38,,False,0.0,54
line_order,1296,L36->L01,,False,0.0,54
line_order,1297,L36->L02,,False,0.0,54
line_order,1298,L36->L03,,False,0.0,54
line_order,1299,L36->L04,,False,0.0,54
line_order,1300,L36->L05,,False,0.0,54
line_order,1301,L36->L06,,False,0.0,54
line_order,1302,L36->L07,,False,0.0,54
line_order,1303,L36->L08,,False,0.0,54
line_order,1304,L36->L09,,False,0.0,54
line_order,1305,L36->L10,,False,0.0,54
line_order,1306,L36->L11,,False,0.0,54
line_order,1307,L36->L12,,False,0.0,54
line_order,1308,L36->L13,,False,0.0,54
line_order,1309,L36->L14,,False,0.0,54
line_order,1310,L36->L15,,False,0.0,54
line_order,1311,L36->L16,,False,0.0,54
line_order,1312,L36->L17,,False,0.0,54
line_order,1313,L36->L18,,False,0.0,54
line_order,1314,L36->L19,,False,0.0,54
line_order,1315,L36->L20,,False,0.0,54
line_order,1316,L36->L21,,False,0.0,54
line_order,1317,L36->L22,,False,0.0,54
line_order,1318,L36->L23,,False,0.0,54
line_order,1319,L36->L24,,False,0.0,54
line_order,1320,L36->L25,,False,0.0,54
line_order,1321,L36->L26,,False,0.0,54
line_order,1322,L36->L27,,False,0.0,54
line_order,1323,L36->L28,,False,0.0,54
line_order,1324,L36->L29,,False,0.0,54
line_order,1325,L36->L30,,False,0.0,54
line_order,1326,L36->L31,,False,0.0,54
line_order,1327,L36->L32,,False,0.0,54
line_order,1328,L36->L33,,False,0.0,54
line_order,1329,L36->L34,,False,0.0,54
line_order,1330,L36->L35,,False,0.0,54
line_order,1331,L36->L37,,False,0.0,54
line_order,1332,L36->L38,,False,0.0,54
line_order,1333,L37->L01,,False,0.0,54
line_order,1334,L37->L02,,False,0.0,54
line_order,1335,L37->L03,,False,0.0,54
line_order,1336,L37->L04,,False,0.0,54
line_order,1337,L37->L05,,False,0.0,54
line_order,1338,L37->L06,,False,0.0,54
line_order,1339,L37->L07,,False,0.0,54
line_order,1340,L37->L08,,False,0.0,54
line_order,1341,L37->L09,,False,0.0,54
line_order,1342,L37->L10,,False,0.0,54
line_order,1343,L37->L11,,False,0.0,54
line_order,1344,L37->L12,,False,0.0,54
line_order,1345,L37->L13,,False,0.0,54
line_order,1346,L37->L14,,False,0.0,54
line_order,1347,L37->L15,,False,0.0,54
line_order,1348,L37->L16,,False,0.0,54
line_order,1349,L37->L17,,False,0.0,54
line_order,1350,L37->L18,,False,0.0,54
line_order,1351,L37->L19,,False,0.0,54
line_order,1352,L37->L20,,False,0.0,54
line_order,1353,L37->L21,,False,0.0,54
line_order,1354,L37->L22,,False,0.0,54
line_order,1355,L37->L23,,False,0.0,54
line_order,1356,L37->L24,,False,0.0,54
line_order,1357,L37->L25,,False,0.0,54
line_order,1358,L37->L26,,False,0.0,54
line_order,1359,L37->L27,,False,0.0,54
line_order,1360,L37->L28,,False,0.0,54
line_order,1361,L37->L29,,False,0.0,54
line_order,1362,L37->L30,,False,0.0,54
line_order,1363,L37->L31,,False,0.0,54
line_order,1364,L37->L32,,False,0.0,54
line_order,1365,L37->L33,,False,0.0,54
line_order,1366,L37->L34,,False,0.0,54
line_order,1367,L37->L35,,False,0.0,54
line_order,1368,L37->L36,,False,0.0,54
line_order,1369,L37->L38,,False,0.0,54
line_order,1370,L38->L01,,False,0.0,54
line_order,1371,L38->L02,,False,0.0,54
line_order,1372,L38->L03,,False,0.0,54
line_order,1373,L38->L04,,False,0.0,54
line_order,1374,L38->L05,,False,0.0,54
line_order,1375,L38->L06,,False,0.0,54
line_order,1376,L38->L07,,False,0.0,54
line_order,1377,L38->L08,,False,0.0,54
line_order,1378,L38->L09,,False,0.0,54
line_order,1379,L38->L10,,False,0.0,54
line_order,1380,L38->L11,,False,0.0,54
line_order,1381,L38->L12,,False,0.0,54
line_order,1382,L38->L13,,False,0.0,54
line_order,1383,L38->L14,,False,0.0,54
line_order,1384,L38->L15,,False,0.0,54
line_order,1385,L38->L16,,False,0.0,54
line_order,1386,L38->L17,,False,0.0,54
line_order,1387,L38->L18,,False,0.0,54
line_order,1388,L38->L19,,False,0.0,54
line_order,1389,L38->L20,,False,0.0,54
line_order,1390,L38->L21,,False,0.0,54
line_order,1391,L38->L22,,False,0.0,54
line_order,1392,L38->L23,,False,0.0,54
line_order,1393,L38->L24,,False,0.0,54
line_order,1394,L38->L25,,False,0.0,54
line_order,1395,L38->L26,,False,0.0,54
line_order,1396,L38->L27,,False,0.0,54
line_order,1397,L38->L28,,False,0.0,54
line_order,1398,L38->L29,,False,0.0,54
line_order,1399,L38->L30,,False,0.0,54
line_order,1400,L38->L31,L38->L31,True,20.907752918885308,55
line_order,1401,L38->L32,,False,0.0,55
line_order,1402,L38->L33,,False,0.0,55
line_order,1403,L38->L34,,False,0.0,55
line_order,1404,L38->L35,,False,0.0,55
line_order,1405,L38->L36,,False,0.0,55
line_order,1406,L38->L37,,False,0.0,55
random,1,L26->L07,,False,0.0,0
random,2,L27->L03,,False,0.0,0
random,3,L11->L24,,False,0.0,0
random,4,L22->L27,,False,0.0,0
random,5,L02->L27,L02->L27,True,27.98107265493719,1
random,6,L08->L19,,False,0.0,1
random,7,L18->L37,,False,0.0,1
random,8,L32->L19,,False,0.0,1
random,9,L12->L22,,False,0.0,1
random,10,L31->L13,,False,0.0,1
random,11,L28->L23,,False,0.0,1
random,12,L12->L13,L12->L13,True,38.05337863080115,2
random,13,L36->L26,,False,0.0,2
random,14,L34->L12,,False,0.0,2
random,15,L11->L01,,False,0.0,2
random,16,L37->L32,,False,0.0,2
random,17,L01->L12,,False,0.0,2
random,18,L07->L11,,False,0.0,2
random,19,L31->L37,,False,0.0,2
random,20,L31->L08,,False,0.0,2
random,21,L35->L09,,False,0.0,2
random,22,L13->L05,,False,0.0,2
random,23,L12->L05,,False,0.0,2
random,24,L29->L06,,False,0.0,2
random,25,L06->L13,,False,0.0,2
random,26,L36->L11,,False,0.0,2
random,27,L21->L05,,False,0.0,2
random,28,L15->L18,,False,0.0,2
random,29,L01->L09,,False,0.0,2
random,30,L30->L20,,False,0.0,2
random,31,L28->L13,,False,0.0,2
random,32,L20->L28,,False,0.0,2
random,33,L37->L29,,False,0.0,2
random,34,L24->L16,,False,0.0,2
random,35,L12->L28,,False,0.0,2
random,36,L32->L08,,False,0.0,2
random,37,L04->L13,,False,0.0,2
random,38,L28->L31,,False,0.0,2
random,39,L36->L24,,False,0.0,2
random,40,L33->L06,,False,0.0,2
random,41,L15->L35,,False,0.0,2
random,42,L30->L05,,False,0.0,2
random,43,L20->L37,,False,0.0,2
random,44,L29->L01,,False,0.0,2
random,45,L31->L04,,False,0.0,2
random,46,L28->L04,,False,0.0,2
random,47,L38->L07,,False,0.0,2
random,48,L03->L38,,False,0.0,2
random,49,L31->L25,,False,0.0,2
random,50,L05->L37,,False,0.0,2
random,51,L18->L10,,False,0.0,2
random,52,L06->L37,,False,0.0,2
random,53,L13->L21,,False,0.0,2
random,54,L03->L13,,False,0.0,2
random,55,L29->L07,L29->L07->L23,True,368.6730123770492,3
random,56,L35->L05,,False,0.0,3
random,57,L12->L19,,False,0.0,3
random,58,L31->L27,,False,0.0,3
random,59,L16->L15,,False,0.0,3
random,60,L22->L05,,False,0.0,3
random,61,L37->L25,,False,0.0,3
random,62,L26->L03,,False,0.0,3
random,63,L11->L32,,False,0.0,3
random,64,L05->L33,,False,0.0,3
random,65,L30->L04,,False,0.0,3
random,66,L30->L17,,False,0.0,3
random,67,L05->L06,,False,0.0,3
random,68,L26->L04,,False,0.0,3
random,69,L23->L25,,False,0.0,3
random,70,L37->L38,,False,0.0,3
random,71,L30->L22,,False,0.0,3
random,72,L27->L02,L27->L02,True,27.98107265493719,4
random,73,L12->L08,,False,0.0,4
random,74,L12->L33,,False,0.0,4
random,75,L26->L21,,False,0.0,4
random,76,L26->L23,,False,0.0,4
random,77,L17->L12,,False,0.0,4
random,78,L31->L38,L31->L38,True,20.907752918885308,5
random,79,L01->L16,,False,0.0,5
random,80,L30->L37,,False,0.0,5
random,81,L35->L06,,False,0.0,5
random,82,L06->L23,,False,0.0,5
random,83,L14->L16,,False,0.0,5
random,84,L07->L20,,False,0.0,5
random,85,L33->L28,,False,0.0,5
random,86,L23->L09,,False,0.0,5
random,87,L21->L28,,False,0.0,5
random,88,L38->L18,,False,0.0,5
random,89,L05->L26,,False,0.0,5
random,90,L28->L19,,False,0.0,5
random,91,L31->L34,,False,0.0,5
random,92,L11->L02,,False,0.0,5
random,93,L31->L07,,False,0.0,5
random,94,L10->L31,,False,0.0,5
random,95,L30->L32,,False,0.0,5
random,96,L17->L19,,False,0.0,5
random,97,L37->L36,,False,0.0,5
random,98,L16->L30,,False,0.0,5
random,99,L20->L32,,False,0.0,5
random,100,L28->L26,L28->L26->L25,True,465.9176206657203,6
random,101,L11->L38,,False,0.0,6
random,102,L08->L04,L08->L04,True,79.93761520301625,7
random,103,L22->L02,,False,0.0,7
random,104,L16->L04,,False,0.0,7
random,105,L37->L34,,False,0.0,7
random,106,L17->L33,,False,0.0,7
random,107,L36->L14,,False,0.0,7
random,108,L27->L05,,False,0.0,7
random,109,L02->L19,,False,0.0,7
random,110,L23->L35,,False,0.0,7
random,111,L38->L27,,False,0.0,7
random,112,L31->L12,,False,0.0,7
random,113,L13->L25,,False,0.0,7
random,114,L11->L18,,False,0.0,7
random,115,L03->L18,,False,0.0,7
random,116,L33->L36,,False,0.0,7
random,117,L09->L11,,False,0.0,7
random,118,L37->L14,,False,0.0,7
random,119,L29->L11,,False,0.0,7
random,120,L16->L02,,False,0.0,7
random,121,L20->L25,,False,0.0,7
random,122,L28->L12,,False,0.0,7
random,123,L23->L26,,False,0.0,7
random,124,L27->L24,,False,0.0,7
random,125,L22->L21,,False,0.0,7
random,126,L08->L23,,False,0.0,7
random,127,L28->L10,,False,0.0,7
random,128,L06->L32,,False,0.0,7
random,129,L15->L16,,False,0.0,7
random,130,L06->L08,,False,0.0,7
random,131,L33->L29,,False,0.0,7
random,132,L07->L25,,False,0.0,7
random,133,L13->L14,,False,0.0,7
random,134,L19->L26,,False,0.0,7
random,135,L16->L23,,False,0.0,7
random,136,L34->L36,,False,0.0,7
random,137,L25->L12,,False,0.0,7
random,138,L30->L02,,False,0.0,7
random,139,L32->L06,,False,0.0,7
random,140,L16->L27,,False,0.0,7
random,141,L17->L23,,False,0.0,7
random,142,L20->L27,,False,0.0,7
random,143,L11->L33,,False,0.0,7
random,144,L09->L24,,False,0.0,7
random,145,L35->L37,,False,0.0,7
random,146,L06->L36,,False,0.0,7
random,147,L05->L08,,False,0.0,7
random,148,L34->L32,,False,0.0,7
random,149,L02->L17,,False,0.0,7
random,150,L16->L01,,False,0.0,7
random,151,L15->L26,,False,0.0,7
random,152,L28->L03,,False,0.0,7
random,153,L23->L17,,False,0.0,7
random,154,L22->L14,,False,0.0,7
random,155,L07->L10,,False,0.0,7
random,156,L35->L27,,False,0.0,7
random,157,L14->L21,,False,0.0,7
random,158,L13->L04,,False,0.0,7
random,159,L09->L33,,False,0.0,7
random,160,L04->L14,,False,0.0,7
random,161,L13->L09,,False,0.0,7
random,162,L24->L38,,False,0.0,7
random,163,L25->L31,,False,0.0,7
random,164,L04->L18,,False,0.0,7
random,165,L06->L07,L06->L07,True,27.981072654937165,8
random,166,L25->L05,,False,0.0,8
random,167,L38->L22,,False,0.0,8
random,168,L20->L03,,False,0.0,8
random,169,L15->L22,,False,0.0,8
random,170,L15->L12,,False,0.0,8
random,171,L27->L37,,False,0.0,8
random,172,L27->L25,,False,0.0,8
random,173,L25->L28,L25->L28->L26,True,465.9176206657203,9
random,174,L14->L10,,False,0.0,9
random,175,L25->L21,,False,0.0,9
random,176,L05->L04,,False,0.0,9
random,177,L13->L26,,False,0.0,9
random,178,L16->L18,,False,0.0,9
random,179,L11->L20,,False,0.0,9
random,180,L32->L29,,False,0.0,9
random,181,L33->L13,,False,0.0,9
random,182,L11->L34,,False,0.0,9
random,183,L36->L09,,False,0.0,9
random,184,L13->L16,,False,0.0,9
random,185,L04->L34,,False,0.0,9
random,186,L29->L08,,False,0.0,9
random,187,L22->L08,,False,0.0,9
random,188,L37->L17,,False,0.0,9
random,189,L04->L17,,False,0.0,9
random,190,L21->L38,,False,0.0,9
random,191,L08->L26,,False,0.0,9
random,192,L32->L18,,False,0.0,9
random,193,L22->L15,,False,0.0,9
random,194,L02->L08,,False,0.0,9
random,195,L06->L04,,False,0.0,9
random,196,L18->L21,,False,0.0,9
random,197,L09->L18,,False,0.0,9
random,198,L23->L05,,False,0.0,9
random,199,L19->L21,,False,0.0,9
random,200,L27->L17,,False,0.0,9
random,201,L15->L06,,False,0.0,9
random,202,L01->L30,,False,0.0,9
random,203,L18->L15,,False,0.0,9
random,204,L18->L08,,False,0.0,9
random,205,L14->L23,,False,0.0,9
random,206,L06->L33,,False,0.0,9
random,207,L09->L08,,False,0.0,9
random,208,L31->L21,,False,0.0,9
random,209,L07->L09,,False,0.0,9
random,210,L02->L34,,False,0.0,9
random,211,L27->L08,,False,0.0,9
random,212,L01->L17,,False,0.0,9
random,213,L37->L11,,False,0.0,9
random,214,L11->L35,,False,0.0,9
random,215,L35->L18,,False,0.0,9
random,216,L32->L17,,False,0.0,9
random,217,L04->L01,L04->L01->L10,True,82.39944368301173,10
random,218,L01->L27,,False,0.0,10
random,219,L19->L31,,False,0.0,10
random,220,L14->L28,,False,0.0,10
random,221,L28->L11,,False,0.0,10
random,222,L14->L09,,False,0.0,10
random,223,L19->L25,,False,0.0,10
random,224,L34->L33,,False,0.0,10
random,225,L24->L13,,False,0.0,10
random,226,L10->L30,,False,0.0,10
random,227,L28->L21,,False,0.0,10
random,228,L18->L35,,False,0.0,10
random,229,L34->L21,,False,0.0,10
random,230,L26->L38,,False,0.0,10
random,231,L34->L01,,False,0.0,10
random,232,L21->L33,,False,0.0,10
random,233,L26->L30,,False,0.0,10
random,234,L05->L20,,False,0.0,10
random,235,L17->L28,,False,0.0,10
random,236,L30->L38,,False,0.0,10
random,237,L32->L10,,False,0.0,10
random,238,L18->L28,,False,0.0,10
random,239,L09->L25,,False,0.0,10
random,240,L29->L03,,False,0.0,10
random,241,L03->L15,,False,0.0,10
random,242,L17->L32,,False,0.0,10
random,243,L35->L34,,False,0.0,10
random,244,L06->L12,,False,0.0,10
random,245,L03->L06,,False,0.0,10
random,246,L10->L06,,False,0.0,10
random,247,L08->L13,,False,0.0,10
random,248,L13->L02,,False,0.0,10
random,249,L10->L26,,False,0.0,10
random,250,L14->L18,,False,0.0,10
random,251,L26->L25,L26->L25->L28,True,465.9176206657203,11
random,252,L32->L07,,False,0.0,11
random,253,L37->L05,,False,0.0,11
random,254,L38->L02,,False,0.0,11
random,255,L30->L16,,False,0.0,11
random,256,L10->L21,,False,0.0,11
random,257,L22->L28,,False,0.0,11
random,258,L35->L32,,False,0.0,11
random,259,L32->L25,,False,0.0,11
random,260,L21->L36,,False,0.0,11
random,261,L13->L01,,False,0.0,11
random,262,L35->L19,,False,0.0,11
random,263,L17->L04,,False,0.0,11
random,264,L22->L23,,False,0.0,11
random,265,L10->L07,L10->L07->L06->L09->L01->L04->L08,True,383.860222436461,12
random,266,L17->L01,,False,0.0,12
random,267,L02->L28,,False,0.0,12
random,268,L01->L08,,False,0.0,12
random,269,L06->L17,,False,0.0,12
random,270,L24->L08,,False,0.0,12
random,271,L10->L36,,False,0.0,12
random,272,L31->L30,,False,0.0,12
random,273,L22->L31,,False,0.0,12
random,274,L10->L38,,False,0.0,12
random,275,L31->L35,,False,0.0,12
random,276,L23->L16,,False,0.0,12
random,277,L20->L08,,False,0.0,12
random,278,L24->L21,,False,0.0,12
random,279,L26->L27,,False,0.0,12
random,280,L27->L07,,False,0.0,12
random,281,L11->L31,,False,0.0,12
random,282,L20->L09,,False,0.0,12
random,283,L25->L24,,False,0.0,12
random,284,L05->L35,,False,0.0,12
random,285,L14->L34,,False,0.0,12
random,286,L08->L36,,False,0.0,12
random,287,L02->L11,,False,0.0,12
random,288,L04->L24,,False,0.0,12
random,289,L36->L18,,False,0.0,12
random,290,L03->L29,,False,0.0,12
random,291,L35->L28,,False,0.0,12
random,292,L15->L31,,False,0.0,12
random,293,L28->L32,,False,0.0,12
random,294,L09->L21,,False,0.0,12
random,295,L30->L24,,False,0.0,12
random,296,L20->L26,,False,0.0,12
random,297,L38->L08,,False,0.0,12
random,298,L02->L07,L02->L07,True,27.981072654937165,13
random,299,L31->L14,,False,0.0,13
random,300,L13->L20,,False,0.0,13
random,301,L12->L32,,False,0.0,13
random,302,L24->L32,,False,0.0,13
random,303,L01->L25,,False,0.0,13
random,304,L12->L07,,False,0.0,13
random,305,L22->L33,,False,0.0,13
random,306,L02->L14,,False,0.0,13
random,307,L13->L38,,False,0.0,13
random,308,L20->L02,,False,0.0,13
random,309,L09->L37,,False,0.0,13
random,310,L26->L37,,False,0.0,13
random,311,L34->L27,,False,0.0,13
random,312,L10->L25,,False,0.0,13
random,313,L19->L37,,False,0.0,13
random,314,L16->L35,,False,0.0,13
random,315,L36->L07,,False,0.0,13
random,316,L03->L11,,False,0.0,13
random,317,L21->L35,,False,0.0,13
random,318,L30->L07,,False,0.0,13
random,319,L09->L26,,False,0.0,13
random,320,L05->L21,,False,0.0,13
random,321,L22->L17,,False,0.0,13
random,322,L29->L25,,False,0.0,13
random,323,L23->L19,L23->L19,True,193.9878918650109,14
random,324,L02->L33,,False,0.0,14
random,325,L25->L14,,False,0.0,14
random,326,L25->L27,,False,0.0,14
random,327,L19->L01,,False,0.0,14
random,328,L03->L20,,False,0.0,14
random,329,L37->L30,,False,0.0,14
random,330,L22->L29,,False,0.0,14
random,331,L12->L26,,False,0.0,14
random,332,L02->L09,,False,0.0,14
random,333,L38->L26,,False,0.0,14
random,334,L20->L33,,False,0.0,14
random,335,L26->L19,,False,0.0,14
random,336,L07->L31,,False,0.0,14
random,337,L07->L13,,False,0.0,14
random,338,L09->L12,,False,0.0,14
random,339,L31->L11,,False,0.0,14
random,340,L38->L25,,False,0.0,14
random,341,L07->L32,,False,0.0,14
random,342,L25->L08,,False,0.0,14
random,343,L37->L08,,False,0.0,14
random,344,L21->L18,,False,0.0,14
random,345,L04->L31,,False,0.0,14
random,346,L07->L15,,False,0.0,14
random,347,L27->L21,,False,0.0,14
random,348,L05->L02,,False,0.0,14
random,349,L11->L04,,False,0.0,14
random,350,L28->L35,,False,0.0,14
random,351,L29->L02,,False,0.0,14
random,352,L29->L30,,False,0.0,14
random,353,L24->L29,,False,0.0,14
random,354,L04->L10,L04->L10->L01->L09,True,82.39944368301173,15
random,355,L21->L01,,False,0.0,15
random,356,L01->L34,,False,0.0,15
random,357,L15->L38,,False,0.0,15
random,358,L28->L17,,False,0.0,15
random,359,L14->L08,,False,0.0,15
random,360,L28->L08,,False,0.0,15
random,361,L03->L35,,False,0.0,15
random,362,L19->L18,,False,0.0,15
random,363,L29->L15,,False,0.0,15
random,364,L08->L33,,False,0.0,15
random,365,L04->L37,,False,0.0,15
random,366,L31->L02,,False,0.0,15
random,367,L06->L28,,False,0.0,15
random,368,L05->L14,,False,0.0,15
random,369,L09->L07,,False,0.0,15
random,370,L36->L19,,False,0.0,15
random,371,L08->L24,,False,0.0,15
random,372,L31->L28,,False,0.0,15
random,373,L29->L19,,False,0.0,15
random,374,L05->L09,,False,0.0,15
random,375,L26->L15,,False,0.0,15
random,376,L35->L14,,False,0.0,15
random,377,L24->L18,,False,0.0,15
random,378,L32->L12,,False,0.0,15
random,379,L03->L27,,False,0.0,15
random,380,L27->L14,,False,0.0,15
random,381,L28->L07,,False,0.0,15
random,382,L30->L09,,False,0.0,15
random,383,L27->L12,,False,0.0,15
random,384,L02->L15,,False,0.0,15
random,385,L37->L23,,False,0.0,15
random,386,L34->L05,,False,0.0,15
random,387,L29->L05,,False,0.0,15
random,388,L02->L24,,False,0.0,15
random,389,L30->L27,,False,0.0,15
random,390,L13->L12,L13->L12,True,38.05337863080115,16
random,391,L13->L08,,False,0.0,16
random,392,L07->L03,,False,0.0,16
random,393,L34->L09,,False,0.0,16
random,394,L12->L23,,False,0.0,16
random,395,L04->L21,,False,0.0,16
random,396,L19->L13,,False,0.0,16
random,397,L33->L34,,False,0.0,16
random,398,L02->L05,,False,0.0,16
random,399,L36->L03,,False,0.0,16
random,400,L06->L29,,False,0.0,16
random,401,L30->L29,,False,0.0,16
random,402,L02->L37,,False,0.0,16
random,403,L21->L08,,False,0.0,16
random,404,L08->L14,,False,0.0,16
random,405,L04->L29,,False,0.0,16
random,406,L24->L14,,False,0.0,16
random,407,L38->L36,,False,0.0,16
random,408,L16->L09,,False,0.0,16
random,409,L08->L17,,False,0.0,16
random,410,L36->L20,,False,0.0,16
random,411,L06->L19,,False,0.0,16
random,412,L12->L03,,False,0.0,16
random,413,L20->L12,,False,0.0,16
random,414,L11->L26,,False,0.0,16
random,415,L24->L11,,False,0.0,16
random,416,L35->L31,,False,0.0,16
random,417,L33->L02,,False,0.0,16
random,418,L34->L18,,False,0.0,16
random,419,L07->L17,,False,0.0,16
random,420,L24->L37,,False,0.0,16
random,421,L31->L18,,False,0.0,16
random,422,L08->L25,,False,0.0,16
random,423,L38->L28,,False,0.0,16
random,424,L38->L14,,False,0.0,16
random,425,L16->L07,,False,0.0,16
random,426,L17->L03,,False,0.0,16
random,427,L30->L06,,False,0.0,16
random,428,L11->L06,,False,0.0,16
random,429,L25->L20,,False,0.0,16
random,430,L33->L25,,False,0.0,16
random,431,L36->L10,,False,0.0,16
random,432,L37->L13,,False,0.0,16
random,433,L09->L02,,False,0.0,16
random,434,L13->L27,,False,0.0,16
random,435,L23->L21,,False,0.0,16
random,436,L17->L08,,False,0.0,16
random,437,L01->L23,,False,0.0,16
random,438,L11->L27,,False,0.0,16
random,439,L03->L01,,False,0.0,16
random,440,L04->L25,,False,0.0,16
random,441,L05->L17,,False,0.0,16
random,442,L13->L35,,False,0.0,16
random,443,L33->L27,,False,0.0,16
random,444,L28->L05,,False,0.0,16
random,445,L19->L11,,False,0.0,16
random,446,L16->L24,,False,0.0,16
random,447,L24->L06,,False,0.0,16
random,448,L28->L38,,False,0.0,16
random,449,L15->L36,,False,0.0,16
random,450,L25->L38,,False,0.0,16
random,451,L11->L22,,False,0.0,16
random,452,L35->L23,,False,0.0,16
random,453,L16->L11,,False,0.0,16
random,454,L14->L11,,False,0.0,16
random,455,L04->L08,L04->L08,True,79.93761520301625,17
random,456,L01->L36,,False,0.0,17
random,457,L04->L02,,False,0.0,17
random,458,L06->L01,,False,0.0,17
random,459,L14->L33,,False,0.0,17
random,460,L03->L34,,False,0.0,17
random,461,L21->L09,,False,0.0,17
random,462,L18->L04,,False,0.0,17
random,463,L15->L02,,False,0.0,17
random,464,L23->L12,,False,0.0,17
random,465,L23->L24,,False,0.0,17
random,466,L07->L04,,False,0.0,17
random,467,L24->L22,,False,0.0,17
random,468,L16->L14,,False,0.0,17
random,469,L08->L16,,False,0.0,17
random,470,L35->L36,,False,0.0,17
random,471,L03->L17,,False,0.0,17
random,472,L29->L09,,False,0.0,17
random,473,L27->L20,,False,0.0,17
random,474,L02->L03,,False,0.0,17
random,475,L14->L15,,False,0.0,17
random,476,L26->L11,,False,0.0,17
random,477,L37->L28,,False,0.0,17
random,478,L33->L14,,False,0.0,17
random,479,L29->L17,,False,0.0,17
random,480,L01->L04,,False,0.0,17
random,481,L38->L05,,False,0.0,17
random,482,L37->L06,,False,0.0,17
random,483,L02->L36,,False,0.0,17
random,484,L29->L04,,False,0.0,17
random,485,L10->L13,,False,0.0,17
random,486,L23->L13,,False,0.0,17
random,487,L23->L27,,False,0.0,17
random,488,L05->L23,,False,0.0,17
random,489,L10->L27,L10->L27->L06->L09->L01->L04->L08,True,383.860222436461,18
random,490,L34->L22,,False,0.0,18
random,491,L26->L33,,False,0.0,18
random,492,L06->L10,,False,0.0,18
random,493,L32->L37,,False,0.0,18
random,494,L35->L20,,False,0.0,18
random,495,L20->L04,,False,0.0,18
random,496,L24->L09,,False,0.0,18
random,497,L21->L20,,False,0.0,18
random,498,L35->L15,,False,0.0,18
random,499,L30->L01,,False,0.0,18
random,500,L18->L02,,False,0.0,18
random,501,L12->L18,,False,0.0,18
random,502,L15->L09,,False,0.0,18
random,503,L23->L06,,False,0.0,18
random,504,L30->L31,,False,0.0,18
random,505,L37->L19,,False,0.0,18
random,506,L33->L37,,False,0.0,18
random,507,L28->L29,,False,0.0,18
random,508,L15->L24,,False,0.0,18
random,509,L36->L23,,False,0.0,18
random,510,L14->L29,,False,0.0,18
random,511,L16->L34,,False,0.0,18
random,512,L29->L23,L29->L23->L06->L07->L27,True,368.673012377049,19
random,513,L06->L21,,False,0.0,19
random,514,L38->L09,,False,0.0,19
random,515,L30->L14,,False,0.0,19
random,516,L33->L10,,False,0.0,19
random,517,L01->L03,,False,0.0,19
random,518,L23->L22,,False,0.0,19
random,519,L38->L15,,False,0.0,19
random,520,L18->L11,,False,0.0,19
random,521,L15->L23,,False,0.0,19
random,522,L24->L27,,False,0.0,19
random,523,L38->L31,L38->L31,True,20.907752918885308,20
random,524,L32->L14,,False,0.0,20
random,525,L28->L30,,False,0.0,20
random,526,L02->L21,,False,0.0,20
random,527,L19->L24,,False,0.0,20
random,528,L21->L34,,False,0.0,20
random,529,L12->L10,,False,0.0,20
random,530,L02->L13,,False,0.0,20
random,531,L06->L22,,False,0.0,20
random,532,L14->L36,,False,0.0,20
random,533,L26->L34,,False,0.0,20
random,534,L16->L12,,False,0.0,20
random,535,L11->L07,,False,0.0,20
random,536,L06->L27,L06->L27,True,27.981072654937165,21
random,537,L01->L21,,False,0.0,21
random,538,L02->L20,,False,0.0,21
random,539,L20->L30,,False,0.0,21
random,540,L21->L11,,False,0.0,21
random,541,L02->L10,,False,0.0,21
random,542,L08->L29,,False,0.0,21
random,543,L12->L16,,False,0.0,21
random,544,L18->L12,,False,0.0,21
random,545,L19->L32,,False,0.0,21
random,546,L01->L18,,False,0.0,21
random,547,L08->L18,,False,0.0,21
random,548,L19->L12,,False,0.0,21
random,549,L07->L36,,False,0.0,21
random,550,L22->L20,,False,0.0,21
random,551,L30->L08,,False,0.0,21
random,552,L16->L36,,False,0.0,21
random,553,L19->L30,,False,0.0,21
random,554,L17->L35,,False,0.0,21
random,555,L05->L12,,False,0.0,21
random,556,L17->L37,,False,0.0,21
random,557,L38->L13,,False,0.0,21
random,558,L17->L29,,False,0.0,21
random,559,L38->L03,,False,0.0,21
random,560,L13->L28,,False,0.0,21
random,561,L25->L29,,False,0.0,21
random,562,L05->L27,,False,0.0,21
random,563,L34->L19,,False,0.0,21
random,564,L13->L18,,False,0.0,21
random,565,L29->L12,,False,0.0,21
random,566,L35->L08,,False,0.0,21
random,567,L37->L22,,False,0.0,21
random,568,L24->L23,,False,0.0,21
random,569,L20->L13,,False,0.0,21
random,570,L15->L01,,False,0.0,21
random,571,L17->L02,,False,0.0,21
random,572,L32->L04,,False,0.0,21
random,573,L20->L36,,False,0.0,21
random,574,L13->L36,,False,0.0,21
random,575,L29->L37,,False,0.0,21
random,576,L22->L04,,False,0.0,21
random,577,L36->L17,,False,0.0,21
random,578,L36->L27,,False,0.0,21
random,579,L08->L34,,False,0.0,21
random,580,L23->L36,,False,0.0,21
random,581,L08->L06,,False,0.0,21
random,582,L36->L31,,False,0.0,21
random,583,L38->L33,,False,0.0,21
random,584,L30->L36,,False,0.0,21
random,585,L37->L04,,False,0.0,21
random,586,L04->L33,,False,0.0,21
random,587,L25->L23,,False,0.0,21
random,588,L17->L25,,False,0.0,21
random,589,L28->L06,,False,0.0,21
random,590,L19->L10,,False,0.0,21
random,591,L33->L07,,False,0.0,21
random,592,L20->L16,,False,0.0,21
random,593,L23->L37,,False,0.0,21
random,594,L25->L33,,False,0.0,21
random,595,L20->L01,,False,0.0,21
random,596,L24->L17,,False,0.0,21
random,597,L26->L18,,False,0.0,21
random,598,L02->L26,,False,0.0,21
random,599,L21->L25,,False,0.0,21
random,600,L08->L02,,False,0.0,21
random,601,L15->L03,,False,0.0,21
random,602,L16->L20,,False,0.0,21
random,603,L32->L31,,False,0.0,21
random,604,L30->L28,,False,0.0,21
random,605,L15->L25,,False,0.0,21
random,606,L19->L38,,False,0.0,21
random,607,L15->L14,,False,0.0,21
random,608,L38->L17,,False,0.0,21
random,609,L04->L27,,False,0.0,21
random,610,L34->L26,,False,0.0,21
random,611,L34->L38,,False,0.0,21
random,612,L35->L21,,False,0.0,21
random,613,L07->L34,,False,0.0,21
random,614,L07->L22,,False,0.0,21
random,615,L34->L07,,False,0.0,21
random,616,L21->L19,,False,0.0,21
random,617,L21->L24,,False,0.0,21
random,618,L36->L05,,False,0.0,21
random,619,L31->L10,,False,0.0,21
random,620,L18->L26,,False,0.0,21
random,621,L29->L28,,False,0.0,21
random,622,L01->L20,,False,0.0,21
random,623,L25->L35,,False,0.0,21
random,624,L31->L22,,False,0.0,21
random,625,L08->L03,,False,0.0,21
random,626,L03->L33,,False,0.0,21
random,627,L15->L37,,False,0.0,21
random,628,L29->L20,,False,0.0,21
random,629,L32->L36,,False,0.0,21
random,630,L30->L21,,False,0.0,21
random,631,L25->L32,,False,0.0,21
random,632,L06->L16,,False,0.0,21
random,633,L08->L07,,False,0.0,21
random,634,L12->L04,,False,0.0,21
random,635,L14->L19,,False,0.0,21
random,636,L02->L38,,False,0.0,21
random,637,L17->L22,,False,0.0,21
random,638,L15->L04,,False,0.0,21
random,639,L14->L03,,False,0.0,21
random,640,L22->L37,,False,0.0,21
random,641,L23->L18,,False,0.0,21
random,642,L36->L38,,False,0.0,21
random,643,L19->L09,,False,0.0,21
random,644,L36->L25,,False,0.0,21
random,645,L08->L21,,False,0.0,21
random,646,L24->L15,,False,0.0,21
random,647,L17->L27,,False,0.0,21
random,648,L31->L33,,False,0.0,21
random,649,L05->L31,,False,0.0,21
random,650,L38->L23,,False,0.0,21
random,651,L12->L34,,False,0.0,21
random,652,L31->L05,,False,0.0,21
random,653,L10->L14,,False,0.0,21
random,654,L08->L20,,False,0.0,21
random,655,L30->L33,,False,0.0,21
random,656,L12->L17,,False,0.0,21
random,657,L35->L24,,False,0.0,21
random,658,L12->L01,,False,0.0,21
random,659,L07->L30,,False,0.0,21
random,660,L08->L22,,False,0.0,21
random,661,L05->L29,,False,0.0,21
random,662,L04->L15,,False,0.0,21
random,663,L33->L09,,False,0.0,21
random,664,L32->L35,,False,0.0,21
random,665,L16->L21,,False,0.0,21
random,666,L29->L36,,False,0.0,21
random,667,L16->L38,,False,0.0,21
random,668,L20->L11,,False,0.0,21
random,669,L13->L32,,False,0.0,21
random,670,L12->L20,,False,0.0,21
random,671,L34->L02,,False,0.0,21
random,672,L26->L24,,False,0.0,21
random,673,L36->L04,,False,0.0,21
random,674,L13->L33,,False,0.0,21
random,675,L14->L31,,False,0.0,21
random,676,L32->L27,,False,0.0,21
random,677,L05->L24,,False,0.0,21
random,678,L29->L18,,False,0.0,21
random,679,L17->L07,,False,0.0,21
random,680,L22->L30,,False,0.0,21
random,681,L23->L32,,False,0.0,21
random,682,L38->L35,,False,0.0,21
random,683,L10->L15,,False,0.0,21
random,684,L11->L09,,False,0.0,21
random,685,L24->L05,,False,0.0,21
random,686,L19->L20,,False,0.0,21
random,687,L36->L16,,False,0.0,21
random,688,L23->L30,,False,0.0,21
random,689,L34->L17,,False,0.0,21
random,690,L31->L16,,False,0.0,21
random,691,L28->L25,L28->L25->L26,True,465.9176206657203,22
random,692,L05->L15,,False,0.0,22
random,693,L38->L16,,False,0.0,22
random,694,L04->L38,,False,0.0,22
random,695,L11->L08,,False,0.0,22
random,696,L31->L26,,False,0.0,22
random,697,L11->L28,,False,0.0,22
random,698,L17->L20,,False,0.0,22
random,699,L13->L15,,False,0.0,22
random,700,L34->L20,,False,0.0,22
random,701,L22->L10,,False,0.0,22
random,702,L06->L20,,False,0.0,22
random,703,L11->L37,,False,0.0,22
random,704,L09->L16,,False,0.0,22
random,705,L32->L15,,False,0.0,22
random,706,L15->L27,,False,0.0,22
random,707,L24->L35,,False,0.0,22
random,708,L36->L22,,False,0.0,22
random,709,L09->L05,,False,0.0,22
random,710,L12->L29,,False,0.0,22
random,711,L23->L15,,False,0.0,22
random,712,L38->L06,,False,0.0,22
random,713,L22->L36,,False,0.0,22
random,714,L38->L37,,False,0.0,22
random,715,L02->L29,,False,0.0,22
random,716,L07->L01,,False,0.0,22
random,717,L18->L03,,False,0.0,22
random,718,L01->L06,,False,0.0,22
random,719,L05->L11,,False,0.0,22
random,720,L14->L24,,False,0.0,22
random,721,L27->L22,,False,0.0,22
random,722,L15->L17,,False,0.0,22
random,723,L38->L24,,False,0.0,22
random,724,L21->L03,,False,0.0,22
random,725,L01->L33,,False,0.0,22
random,726,L30->L18,,False,0.0,22
random,727,L12->L14,,False,0.0,22
random,728,L18->L01,,False,0.0,22
random,729,L03->L08,,False,0.0,22
random,730,L01->L37,,False,0.0,22
random,731,L25->L30,,False,0.0,22
random,732,L34->L16,,False,0.0,22
random,733,L09->L31,,False,0.0,22
random,734,L05->L22,,False,0.0,22
random,735,L25->L34,,False,0.0,22
random,736,L14->L22,,False,0.0,22
random,737,L22->L25,,False,0.0,22
random,738,L23->L29,,False,0.0,22
random,739,L33->L38,,False,0.0,22
random,740,L26->L31,,False,0.0,22
random,741,L10->L20,,False,0.0,22
random,742,L06->L03,,False,0.0,22
random,743,L33->L22,,False,0.0,22
random,744,L15->L21,,False,0.0,22
random,745,L14->L35,,False,0.0,22
random,746,L26->L05,,False,0.0,22
random,747,L12->L24,,False,0.0,22
random,748,L27->L31,,False,0.0,22
random,749,L07->L12,,False,0.0,22
random,750,L37->L01,,False,0.0,22
random,751,L31->L09,,False,0.0,22
random,752,L09->L19,,False,0.0,22
random,753,L16->L29,,False,0.0,22
random,754,L23->L34,,False,0.0,22
random,755,L13->L34,,False,0.0,22
random,756,L28->L24,L28->L24->L06->L07,True,316.82674035082636,23
random,757,L18->L30,,False,0.0,23
random,758,L36->L06,,False,0.0,23
random,759,L18->L34,,False,0.0,23
random,760,L37->L15,,False,0.0,23
random,761,L01->L22,,False,0.0,23
random,762,L08->L31,,False,0.0,23
random,763,L07->L06,L07->L06,True,27.981072654937165,24
random,764,L37->L10,,False,0.0,24
random,765,L26->L20,,False,0.0,24
random,766,L04->L03,,False,0.0,24
random,767,L29->L16,,False,0.0,24
random,768,L11->L12,L11->L12,True,17.88838157697601,25
random,769,L07->L02,L07->L02,True,27.981072654937165,26
random,770,L17->L18,,False,0.0,26
random,771,L37->L03,,False,0.0,26
random,772,L32->L16,,False,0.0,26
random,773,L08->L32,,False,0.0,26
random,774,L17->L10,,False,0.0,26
random,775,L21->L30,,False,0.0,26
random,776,L10->L03,,False,0.0,26
random,777,L19->L35,,False,0.0,26
random,778,L04->L09,L04->L09->L10->L01->L02,True,100.94153457850766,27
random,779,L08->L05,,False,0.0,27
random,780,L34->L10,,False,0.0,27
random,781,L04->L19,,False,0.0,27
random,782,L24->L10,,False,0.0,27
random,783,L34->L08,,False,0.0,27
random,784,L18->L23,,False,0.0,27
random,785,L03->L32,,False,0.0,27
random,786,L35->L04,,False,0.0,27
random,787,L38->L04,,False,0.0,27
random,788,L16->L26,,False,0.0,27
random,789,L22->L19,,False,0.0,27
random,790,L06->L30,,False,0.0,27
random,791,L02->L35,,False,0.0,27
random,792,L24->L34,,False,0.0,27
random,793,L30->L12,,False,0.0,27
random,794,L20->L22,,False,0.0,27
random,795,L29->L14,,False,0.0,27
random,796,L10->L11,,False,0.0,27
random,797,L27->L15,,False,0.0,27
random,798,L04->L16,,False,0.0,27
random,799,L13->L06,,False,0.0,27
random,800,L27->L23,L27->L23->L29,True,368.67301237704925,28
random,801,L19->L22,,False,0.0,28
random,802,L26->L36,,False,0.0,28
random,803,L18->L09,,False,0.0,28
random,804,L34->L35,,False,0.0,28
random,805,L27->L18,,False,0.0,28
random,806,L30->L11,,False,0.0,28
random,807,L07->L16,,False,0.0,28
random,808,L26->L08,,False,0.0,28
random,809,L08->L01,L08->L01->L10,True,162.33705888602796,29
random,810,L37->L24,,False,0.0,29
random,811,L15->L32,,False,0.0,29
random,812,L11->L25,,False,0.0,29
random,813,L03->L22,,False,0.0,29
random,814,L38->L21,,False,0.0,29
random,815,L11->L36,,False,0.0,29
random,816,L35->L02,,False,0.0,29
random,817,L36->L21,,False,0.0,29
random,818,L27->L26,,False,0.0,29
random,819,L01->L24,,False,0.0,29
random,820,L05->L25,,False,0.0,29
random,821,L18->L06,,False,0.0,29
random,822,L26->L14,,False,0.0,29
random,823,L17->L05,,False,0.0,29
random,824,L31->L01,,False,0.0,29
random,825,L17->L16,L17->L16,True,4.621657307708116,30
random,826,L32->L03,,False,0.0,30
random,827,L10->L35,,False,0.0,30
random,828,L03->L09,L03->L09,True,85.8406488939796,31
random,829,L29->L31,,False,0.0,31
random,830,L30->L26,,False,0.0,31
random,831,L32->L24,,False,0.0,31
random,832,L16->L08,,False,0.0,31
random,833,L04->L28,,False,0.0,31
random,834,L03->L05,,False,0.0,31
random,835,L02->L31,,False,0.0,31
random,836,L16->L25,,False,0.0,31
random,837,L01->L28,,False,0.0,31
random,838,L09->L30,,False,0.0,31
random,839,L26->L13,,False,0.0,31
random,840,L14->L25,,False,0.0,31
random,841,L14->L06,,False,0.0,31
random,842,L18->L25,,False,0.0,31
random,843,L25->L01,,False,0.0,31
random,844,L18->L27,,False,0.0,31
random,845,L17->L34,,False,0.0,31
random,846,L12->L15,,False,0.0,31
random,847,L31->L17,,False,0.0,31
random,848,L02->L12,,False,0.0,31
random,849,L02->L22,,False,0.0,31
random,850,L08->L15,,False,0.0,31
random,851,L12->L21,,False,0.0,31
random,852,L25->L07,,False,0.0,31
random,853,L25->L17,,False,0.0,31
random,854,L31->L06,,False,0.0,31
random,855,L33->L11,,False,0.0,31
random,856,L24->L19,,False,0.0,31
random,857,L06->L25,,False,0.0,31
random,858,L13->L23,,False,0.0,31
random,859,L26->L01,,False,0.0,31
random,860,L23->L10,,False,0.0,31
random,861,L34->L24,,False,0.0,31
random,862,L37->L09,,False,0.0,31
random,863,L19->L06,,False,0.0,31
random,864,L24->L01,,False,0.0,31
random,865,L26->L16,,False,0.0,31
random,866,L14->L17,,False,0.0,31
random,867,L01->L11,,False,0.0,31
random,868,L18->L05,,False,0.0,31
random,869,L10->L16,,False,0.0,31
random,870,L01->L15,,False,0.0,31
random,871,L21->L07,,False,0.0,31
random,872,L20->L19,,False,0.0,31
random,873,L30->L13,,False,0.0,31
random,874,L02->L06,,False,0.0,31
random,875,L25->L10,,False,0.0,31
random,876,L23->L33,,False,0.0,31
random,877,L23->L01,,False,0.0,31
random,878,L16->L32,,False,0.0,31
random,879,L20->L31,,False,0.0,31
random,880,L16->L33,,False,0.0,31
random,881,L01->L02,,False,0.0,31
random,882,L26->L10,,False,0.0,31
random,883,L04->L06,,False,0.0,31
random,884,L16->L31,,False,0.0,31
random,885,L34->L37,,False,0.0,31
random,886,L09->L10,,False,0.0,31
random,887,L21->L06,,False,0.0,31
random,888,L14->L37,,False,0.0,31
random,889,L20->L21,,False,0.0,31
random,890,L01->L14,,False,0.0,31
random,891,L33->L03,,False,0.0,31
random,892,L04->L35,,False,0.0,31
random,893,L37->L26,,False,0.0,31
random,894,L19->L16,,False,0.0,31
random,895,L18->L14,,False,0.0,31
random,896,L38->L10,,False,0.0,31
random,897,L25->L37,,False,0.0,31
random,898,L36->L37,,False,0.0,31
random,899,L10->L17,,False,0.0,31
random,900,L33->L32,,False,0.0,31
random,901,L32->L22,,False,0.0,31
random,902,L06->L11,,False,0.0,31
random,903,L12->L27,,False,0.0,31
random,904,L08->L37,,False,0.0,31
random,905,L07->L23,L07->L23->L29,True,368.6730123770492,32
random,906,L18->L38,,False,0.0,32
random,907,L13->L17,,False,0.0,32
random,908,L31->L23,,False,0.0,32
random,909,L14->L26,,False,0.0,32
random,910,L27->L38,,False,0.0,32
random,911,L32->L21,,False,0.0,32
random,912,L02->L25,,False,0.0,32
random,913,L11->L21,,False,0.0,32
random,914,L21->L14,,False,0.0,32
random,915,L09->L32,,False,0.0,32
random,916,L07->L18,,False,0.0,32
random,917,L18->L22,,False,0.0,32
random,918,L35->L17,,False,0.0,32
random,919,L15->L30,,False,0.0,32
random,920,L04->L23,,False,0.0,32
random,921,L32->L26,,False,0.0,32
random,922,L26->L29,,False,0.0,32
random,923,L18->L17,,False,0.0,32
random,924,L01->L07,,False,0.0,32
random,925,L20->L10,,False,0.0,32
random,926,L34->L28,,False,0.0,32
random,927,L22->L35,,False,0.0,32
random,928,L22->L16,,False,0.0,32
random,929,L32->L28,,False,0.0,32
random,930,L02->L18,,False,0.0,32
random,931,L21->L04,,False,0.0,32
random,932,L09->L01,,False,0.0,32
random,933,L17->L21,,False,0.0,32
random,934,L12->L25,,False,0.0,32
random,935,L09->L13,,False,0.0,32
random,936,L19->L07,,False,0.0,32
random,937,L24->L26,,False,0.0,32
random,938,L04->L36,,False,0.0,32
random,939,L15->L28,,False,0.0,32
random,940,L36->L35,,False,0.0,32
random,941,L15->L07,,False,0.0,32
random,942,L03->L25,,False,0.0,32
random,943,L02->L30,,False,0.0,32
random,944,L28->L37,,False,0.0,32
random,945,L30->L34,,False,0.0,32
random,946,L09->L38,,False,0.0,32
random,947,L34->L13,,False,0.0,32
random,948,L19->L33,,False,0.0,32
random,949,L36->L30,,False,0.0,32
random,950,L10->L37,,False,0.0,32
random,951,L27->L11,,False,0.0,32
random,952,L01->L32,,False,0.0,32
random,953,L24->L04,,False,0.0,32
random,954,L10->L08,L10->L08->L01->L09,True,162.33705888602796,33
random,955,L22->L01,,False,0.0,33
random,956,L21->L26,,False,0.0,33
random,957,L12->L06,,False,0.0,33
random,958,L20->L24,,False,0.0,33
random,959,L36->L13,,False,0.0,33
random,960,L08->L11,,False,0.0,33
random,961,L09->L35,,False,0.0,33
random,962,L03->L07,,False,0.0,33
random,963,L02->L04,,False,0.0,33
random,964,L38->L34,,False,0.0,33
random,965,L15->L05,,False,0.0,33
random,966,L18->L31,,False,0.0,33
random,967,L33->L05,,False,0.0,33
random,968,L03->L14,,False,0.0,33
random,969,L26->L28,L26->L28->L25,True,465.9176206657203,34
random,970,L13->L03,,False,0.0,34
random,971,L36->L15,,False,0.0,34
random,972,L25->L18,,False,0.0,34
random,973,L11->L17,,False,0.0,34
random,974,L05->L34,,False,0.0,34
random,975,L19->L08,,False,0.0,34
random,976,L28->L18,,False,0.0,34
random,977,L23->L04,,False,0.0,34
random,978,L28->L27,,False,0.0,34
random,979,L23->L07,,False,0.0,34
random,980,L17->L09,,False,0.0,34
random,981,L15->L10,,False,0.0,34
random,982,L19->L17,,False,0.0,34
random,983,L36->L08,,False,0.0,34
random,984,L07->L35,,False,0.0,34
random,985,L03->L04,,False,0.0,34
random,986,L21->L12,,False,0.0,34
random,987,L38->L32,,False,0.0,34
random,988,L17->L36,,False,0.0,34
random,989,L02->L23,,False,0.0,34
random,990,L27->L04,,False,0.0,34
random,991,L25->L16,,False,0.0,34
random,992,L33->L17,,False,0.0,34
random,993,L33->L04,,False,0.0,34
random,994,L35->L29,,False,0.0,34
random,995,L03->L24,,False,0.0,34
random,996,L12->L37,,False,0.0,34
random,997,L16->L10,,False,0.0,34
random,998,L31->L36,,False,0.0,34
random,999,L22->L13,,False,0.0,34
random,1000,L14->L07,,False,0.0,34
random,1001,L25->L15,,False,0.0,34
random,1002,L18->L16,,False,0.0,34
random,1003,L27->L32,,False,0.0,34
random,1004,L04->L20,,False,0.0,34
random,1005,L25->L03,,False,0.0,34
random,1006,L24->L31,,False,0.0,34
random,1007,L36->L12,,False,0.0,34
random,1008,L13->L37,,False,0.0,34
random,1009,L29->L21,,False,0.0,34
random,1010,L28->L16,,False,0.0,34
random,1011,L09->L34,,False,0.0,34
random,1012,L10->L34,,False,0.0,34
random,1013,L35->L30,,False,0.0,34
random,1014,L17->L31,,False,0.0,34
random,1015,L01->L05,,False,0.0,34
random,1016,L04->L32,,False,0.0,34
random,1017,L09->L36,,False,0.0,34
random,1018,L05->L38,,False,0.0,34
random,1019,L09->L03,L09->L03,True,85.8406488939796,35
random,1020,L29->L32,,False,0.0,35
random,1021,L28->L33,,False,0.0,35
random,1022,L03->L26,,False,0.0,35
random,1023,L33->L23,,False,0.0,35
random,1024,L19->L02,,False,0.0,35
random,1025,L24->L25,,False,0.0,35
random,1026,L06->L14,,False,0.0,35
random,1027,L18->L07,,False,0.0,35
random,1028,L11->L16,,False,0.0,35
random,1029,L25->L11,,False,0.0,35
random,1030,L01->L10,,False,0.0,35
random,1031,L26->L09,,False,0.0,35
random,1032,L20->L07,,False,0.0,35
random,1033,L35->L12,,False,0.0,35
random,1034,L15->L08,,False,0.0,35
random,1035,L11->L10,,False,0.0,35
random,1036,L24->L20,,False,0.0,35
random,1037,L20->L38,,False,0.0,35
random,1038,L29->L13,,False,0.0,35
random,1039,L34->L30,,False,0.0,35
random,1040,L33->L16,,False,0.0,35
random,1041,L02->L16,,False,0.0,35
random,1042,L11->L29,,False,0.0,35
random,1043,L29->L10,,False,0.0,35
random,1044,L06->L38,,False,0.0,35
random,1045,L10->L09,L10->L09->L08->L01->L02->L06,True,180.8791497815239,36
random,1046,L34->L11,,False,0.0,36
random,1047,L10->L19,,False,0.0,36
random,1048,L23->L20,,False,0.0,36
random,1049,L11->L13,L11->L13,True,17.888381576976077,37
random,1050,L25->L19,,False,0.0,37
random,1051,L36->L32,,False,0.0,37
random,1052,L30->L10,,False,0.0,37
random,1053,L29->L24,,False,0.0,37
random,1054,L30->L19,,False,0.0,37
random,1055,L27->L16,,False,0.0,37
random,1056,L03->L28,,False,0.0,37
random,1057,L27->L29,L27->L29->L23,True,368.67301237704925,38
random,1058,L27->L36,,False,0.0,38
random,1059,L07->L21,,False,0.0,38
random,1060,L14->L02,,False,0.0,38
random,1061,L06->L18,,False,0.0,38
random,1062,L29->L38,,False,0.0,38
random,1063,L23->L11,,False,0.0,38
random,1064,L25->L36,,False,0.0,38
random,1065,L10->L12,,False,0.0,38
random,1066,L30->L35,,False,0.0,38
random,1067,L28->L01,,False,0.0,38
random,1068,L23->L08,,False,0.0,38
random,1069,L36->L33,,False,0.0,38
random,1070,L38->L01,,False,0.0,38
random,1071,L09->L23,,False,0.0,38
random,1072,L19->L28,,False,0.0,38
random,1073,L38->L11,,False,0.0,38
random,1074,L34->L23,,False,0.0,38
random,1075,L06->L15,,False,0.0,38
random,1076,L13->L07,,False,0.0,38
random,1077,L11->L15,,False,0.0,38
random,1078,L37->L31,,False,0.0,38
random,1079,L09->L06,,False,0.0,38
random,1080,L22->L09,,False,0.0,38
random,1081,L32->L01,,False,0.0,38
random,1082,L17->L13,,False,0.0,38
random,1083,L31->L20,,False,0.0,38
random,1084,L23->L38,,False,0.0,38
random,1085,L37->L21,,False,0.0,38
random,1086,L34->L29,,False,0.0,38
random,1087,L19->L36,,False,0.0,38
random,1088,L12->L31,,False,0.0,38
random,1089,L34->L06,,False,0.0,38
random,1090,L27->L28,,False,0.0,38
random,1091,L24->L03,,False,0.0,38
random,1092,L09->L28,,False,0.0,38
random,1093,L04->L07,,False,0.0,38
random,1094,L16->L17,L16->L17,True,4.621657307708116,39
random,1095,L08->L09,L08->L09->L10->L01->L02->L06,True,180.8791497815239,40
random,1096,L24->L30,,False,0.0,40
random,1097,L07->L29,L07->L29->L23,True,368.6730123770492,41
random,1098,L15->L13,,False,0.0,41
random,1099,L18->L32,,False,0.0,41
random,1100,L06->L02,,False,0.0,41
random,1101,L24->L28,L24->L28->L06->L07,True,316.82674035082636,42
random,1102,L27->L13,,False,0.0,42
random,1103,L25->L22,,False,0.0,42
random,1104,L36->L28,,False,0.0,42
random,1105,L14->L01,,False,0.0,42
random,1106,L17->L26,,False,0.0,42
random,1107,L12->L35,,False,0.0,42
random,1108,L19->L05,,False,0.0,42
random,1109,L26->L06,,False,0.0,42
random,1110,L22->L32,,False,0.0,42
random,1111,L03->L31,,False,0.0,42
random,1112,L07->L24,,False,0.0,42
random,1113,L31->L03,,False,0.0,42
random,1114,L29->L35,,False,0.0,42
random,1115,L01->L19,,False,0.0,42
random,1116,L34->L14,,False,0.0,42
random,1117,L21->L23,,False,0.0,42
random,1118,L35->L38,,False,0.0,42
random,1119,L06->L05,,False,0.0,42
random,1120,L21->L16,,False,0.0,42
random,1121,L03->L12,,False,0.0,42
random,1122,L34->L15,,False,0.0,42
random,1123,L21->L13,,False,0.0,42
random,1124,L03->L23,,False,0.0,42
random,1125,L14->L20,,False,0.0,42
random,1126,L28->L14,,False,0.0,42
random,1127,L19->L15,,False,0.0,42
random,1128,L29->L22,,False,0.0,42
random,1129,L22->L26,,False,0.0,42
random,1130,L05->L03,,False,0.0,42
random,1131,L03->L30,,False,0.0,42
random,1132,L16->L22,,False,0.0,42
random,1133,L08->L10,L08->L10->L01->L09,True,162.33705888602796,43
random,1134,L26->L17,,False,0.0,43
random,1135,L25->L13,,False,0.0,43
random,1136,L21->L27,,False,0.0,43
random,1137,L13->L24,,False,0.0,43
random,1138,L23->L31,,False,0.0,43
random,1139,L35->L33,,False,0.0,43
random,1140,L06->L35,,False,0.0,43
random,1141,L09->L17,,False,0.0,43
random,1142,L05->L18,,False,0.0,43
random,1143,L32->L38,,False,0.0,43
random,1144,L33->L31,,False,0.0,43
random,1145,L28->L02,,False,0.0,43
random,1146,L01->L26,,False,0.0,43
random,1147,L35->L01,,False,0.0,43
random,1148,L02->L01,,False,0.0,43
random,1149,L35->L13,,False,0.0,43
random,1150,L20->L15,,False,0.0,43
random,1151,L21->L02,,False,0.0,43
random,1152,L37->L27,,False,0.0,43
random,1153,L32->L34,,False,0.0,43
random,1154,L25->L02,,False,0.0,43
random,1155,L05->L19,,False,0.0,43
random,1156,L23->L28,,False,0.0,43
random,1157,L32->L11,,False,0.0,43
random,1158,L08->L28,,False,0.0,43
random,1159,L24->L02,,False,0.0,43
random,1160,L36->L01,,False,0.0,43
random,1161,L15->L29,,False,0.0,43
random,1162,L03->L19,,False,0.0,43
random,1163,L32->L30,,False,0.0,43
random,1164,L18->L29,,False,0.0,43
random,1165,L05->L30,,False,0.0,43
random,1166,L25->L06,,False,0.0,43
random,1167,L20->L34,,False,0.0,43
random,1168,L28->L34,,False,0.0,43
random,1169,L22->L06,,False,0.0,43
random,1170,L10->L28,,False,0.0,43
random,1171,L19->L14,,False,0.0,43
random,1172,L35->L26,,False,0.0,43
random,1173,L24->L12,,False,0.0,43
random,1174,L38->L19,,False,0.0,43
random,1175,L13->L29,,False,0.0,43
random,1176,L27->L34,,False,0.0,43
random,1177,L04->L11,,False,0.0,43
random,1178,L37->L16,,False,0.0,43
random,1179,L33->L19,,False,0.0,43
random,1180,L24->L33,,False,0.0,43
random,1181,L03->L21,,False,0.0,43
random,1182,L20->L17,,False,0.0,43
random,1183,L13->L11,L13->L11,True,17.888381576976077,44
random,1184,L07->L37,,False,0.0,44
random,1185,L01->L35,,False,0.0,44
random,1186,L12->L02,,False,0.0,44
random,1187,L09->L29,,False,0.0,44
random,1188,L05->L28,,False,0.0,44
random,1189,L09->L27,,False,0.0,44
random,1190,L37->L33,,False,0.0,44
random,1191,L22->L38,,False,0.0,44
random,1192,L28->L20,,False,0.0,44
random,1193,L34->L04,,False,0.0,44
random,1194,L13->L10,,False,0.0,44
random,1195,L33->L30,,False,0.0,44
random,1196,L10->L01,L10->L01->L04->L08,True,162.337058886028,45
random,1197,L27->L33,,False,0.0,45
random,1198,L07->L28,,False,0.0,45
random,1199,L17->L14,,False,0.0,45
random,1200,L22->L18,,False,0.0,45
random,1201,L08->L27,,False,0.0,45
random,1202,L23->L02,,False,0.0,45
random,1203,L12->L38,,False,0.0,45
random,1204,L32->L02,,False,0.0,45
random,1205,L08->L35,,False,0.0,45
random,1206,L32->L05,,False,0.0,45
random,1207,L37->L18,,False,0.0,45
random,1208,L15->L19,,False,0.0,45
random,1209,L10->L24,,False,0.0,45
random,1210,L21->L37,,False,0.0,45
random,1211,L26->L22,,False,0.0,45
random,1212,L30->L23,,False,0.0,45
random,1213,L27->L10,,False,0.0,45
random,1214,L05->L16,,False,0.0,45
random,1215,L14->L38,,False,0.0,45
random,1216,L31->L32,,False,0.0,45
random,1217,L03->L16,,False,0.0,45
random,1218,L19->L23,L19->L23,True,193.9878918650109,46
random,1219,L17->L38,,False,0.0,46
random,1220,L21->L17,,False,0.0,46
random,1221,L01->L13,,False,0.0,46
random,1222,L16->L37,,False,0.0,46
random,1223,L08->L12,,False,0.0,46
random,1224,L23->L03,,False,0.0,46
random,1225,L38->L30,,False,0.0,46
random,1226,L07->L27,,False,0.0,46
random,1227,L01->L38,,False,0.0,46
random,1228,L34->L31,,False,0.0,46
random,1229,L18->L36,,False,0.0,46
random,1230,L10->L18,,False,0.0,46
random,1231,L32->L33,,False,0.0,46
random,1232,L19->L34,,False,0.0,46
random,1233,L22->L11,,False,0.0,46
random,1234,L10->L22,,False,0.0,46
random,1235,L20->L06,,False,0.0,46
random,1236,L11->L30,,False,0.0,46
random,1237,L31->L24,,False,0.0,46
random,1238,L21->L31,,False,0.0,46
random,1239,L36->L34,,False,0.0,46
random,1240,L12->L09,,False,0.0,46
random,1241,L29->L27,L29->L27->L23,True,368.67301237704925,47
random,1242,L33->L15,,False,0.0,47
random,1243,L20->L23,,False,0.0,47
random,1244,L18->L19,,False,0.0,47
random,1245,L07->L26,,False,0.0,47
random,1246,L37->L07,,False,0.0,47
random,1247,L20->L18,,False,0.0,47
random,1248,L24->L07,,False,0.0,47
random,1249,L35->L07,,False,0.0,47
random,1250,L04->L26,,False,0.0,47
random,1251,L17->L11,,False,0.0,47
random,1252,L23->L14,,False,0.0,47
random,1253,L26->L32,,False,0.0,47
random,1254,L10->L02,L10->L02->L09->L04->L08,True,180.87914978152395,48
random,1255,L33->L21,,False,0.0,48
random,1256,L29->L26,,False,0.0,48
random,1257,L33->L12,,False,0.0,48
random,1258,L35->L03,,False,0.0,48
random,1259,L19->L04,,False,0.0,48
random,1260,L16->L19,,False,0.0,48
random,1261,L03->L36,,False,0.0,48
random,1262,L16->L28,,False,0.0,48
random,1263,L02->L32,,False,0.0,48
random,1264,L17->L30,,False,0.0,48
random,1265,L27->L35,,False,0.0,48
random,1266,L32->L13,,False,0.0,48
random,1267,L12->L11,L12->L11,True,17.88838157697601,49
random,1268,L18->L24,,False,0.0,49
random,1269,L28->L36,,False,0.0,49
random,1270,L27->L01,,False,0.0,49
random,1271,L36->L02,,False,0.0,49
random,1272,L08->L38,,False,0.0,49
random,1273,L17->L06,,False,0.0,49
random,1274,L28->L09,,False,0.0,49
random,1275,L33->L35,,False,0.0,49
random,1276,L20->L35,,False,0.0,49
random,1277,L12->L36,,False,0.0,49
random,1278,L04->L30,,False,0.0,49
random,1279,L18->L33,,False,0.0,49
random,1280,L11->L05,,False,0.0,49
random,1281,L03->L02,,False,0.0,49
random,1282,L22->L24,,False,0.0,49
random,1283,L26->L12,,False,0.0,49
random,1284,L06->L26,,False,0.0,49
random,1285,L13->L30,,False,0.0,49
random,1286,L04->L22,,False,0.0,49
random,1287,L07->L14,,False,0.0,49
random,1288,L33->L24,,False,0.0,49
random,1289,L01->L29,,False,0.0,49
random,1290,L09->L15,,False,0.0,49
random,1291,L12->L30,,False,0.0,49
random,1292,L26->L02,,False,0.0,49
random,1293,L30->L25,,False,0.0,49
random,1294,L27->L06,L27->L06,True,27.981072654937165,50
random,1295,L19->L27,,False,0.0,50
random,1296,L04->L12,,False,0.0,50
random,1297,L35->L25,,False,0.0,50
random,1298,L28->L22,,False,0.0,50
random,1299,L05->L10,L05->L10,True,158.08614799330758,51
random,1300,L05->L13,,False,0.0,51
random,1301,L05->L07,,False,0.0,51
random,1302,L09->L22,,False,0.0,51
random,1303,L05->L01,,False,0.0,51
random,1304,L38->L12,,False,0.0,51
random,1305,L21->L22,L21->L22->L23->L02->L06->L07->L27,True,727.2781283848517,52
random,1306,L37->L12,,False,0.0,52
random,1307,L16->L05,,False,0.0,52
random,1308,L11->L23,,False,0.0,52
random,1309,L30->L03,,False,0.0,52
random,1310,L22->L03,,False,0.0,52
random,1311,L06->L31,,False,0.0,52
random,1312,L15->L11,,False,0.0,52
random,1313,L19->L29,,False,0.0,52
random,1314,L11->L03,,False,0.0,52
random,1315,L21->L29,,False,0.0,52
random,1316,L25->L09,,False,0.0,52
random,1317,L20->L05,,False,0.0,52
random,1318,L07->L08,,False,0.0,52
random,1319,L27->L19,,False,0.0,52
random,1320,L10->L29,,False,0.0,52
random,1321,L27->L09,,False,0.0,52
random,1322,L34->L03,,False,0.0,52
random,1323,L07->L19,,False,0.0,52
random,1324,L13->L31,,False,0.0,52
random,1325,L14->L27,,False,0.0,52
random,1326,L20->L29,,False,0.0,52
random,1327,L35->L22,,False,0.0,52
random,1328,L09->L04,,False,0.0,52
random,1329,L17->L15,,False,0.0,52
random,1330,L37->L02,,False,0.0,52
random,1331,L09->L20,,False,0.0,52
random,1332,L09->L14,,False,0.0,52
random,1333,L14->L13,,False,0.0,52
random,1334,L32->L23,,False,0.0,52
random,1335,L11->L19,,False,0.0,52
random,1336,L25->L04,,False,0.0,52
random,1337,L34->L25,,False,0.0,52
random,1338,L18->L13,,False,0.0,52
random,1339,L21->L32,,False,0.0,52
random,1340,L13->L22,,False,0.0,52
random,1341,L22->L34,,False,0.0,52
random,1342,L16->L06,,False,0.0,52
random,1343,L11->L14,,False,0.0,52
random,1344,L29->L34,,False,0.0,52
random,1345,L14->L05,,False,0.0,52
random,1346,L21->L10,,False,0.0,52
random,1347,L38->L29,,False,0.0,52
random,1348,L14->L32,,False,0.0,52
random,1349,L04->L05,,False,0.0,52
random,1350,L07->L38,,False,0.0,52
random,1351,L27->L30,,False,0.0,52
random,1352,L24->L36,,False,0.0,52
random,1353,L14->L12,,False,0.0,52
random,1354,L38->L20,,False,0.0,52
random,1355,L06->L09,,False,0.0,52
random,1356,L21->L15,,False,0.0,52
random,1357,L28->L15,,False,0.0,52
random,1358,L35->L10,,False,0.0,52
random,1359,L16->L03,,False,0.0,52
random,1360,L29->L33,,False,0.0,52
random,1361,L06->L34,,False,0.0,52
random,1362,L37->L35,,False,0.0,52
random,1363,L31->L15,,False,0.0,52
random,1364,L33->L20,,False,0.0,52
random,1365,L06->L24,,False,0.0,52
random,1366,L17->L24,,False,0.0,52
random,1367,L16->L13,,False,0.0,52
random,1368,L05->L36,,False,0.0,52
random,1369,L07->L05,,False,0.0,52
random,1370,L25->L26,L25->L26->L28,True,465.9176206657203,53
random,1371,L14->L04,,False,0.0,53
random,1372,L15->L33,,False,0.0,53
random,1373,L03->L37,,False,0.0,53
random,1374,L15->L34,,False,0.0,53
random,1375,L35->L16,,False,0.0,53
random,1376,L10->L05,L10->L05,True,158.08614799330758,54
random,1377,L03->L10,,False,0.0,54
random,1378,L10->L23,,False,0.0,54
random,1379,L01->L31,,False,0.0,54
random,1380,L31->L19,,False,0.0,54
random,1381,L10->L04,L10->L04->L01->L09,True,82.39944368301173,55
random,1382,L14->L30,,False,0.0,55
random,1383,L26->L35,,False,0.0,55
random,1384,L20->L14,,False,0.0,55
random,1385,L08->L30,,False,0.0,55
random,1386,L33->L18,,False,0.0,55
random,1387,L37->L20,,False,0.0,55
random,1388,L10->L32,,False,0.0,55
random,1389,L22->L12,,False,0.0,55
random,1390,L33->L26,,False,0.0,55
random,1391,L13->L19,,False,0.0,55
random,1392,L31->L29,,False,0.0,55
random,1393,L33->L08,,False,0.0,55
random,1394,L33->L01,,False,0.0,55
random,1395,L32->L20,,False,0.0,55
random,1396,L07->L33,,False,0.0,55
random,1397,L05->L32,,False,0.0,55
random,1398,L22->L07,,False,0.0,55
random,1399,L32->L09,,False,0.0,55
random,1400,L19->L03,,False,0.0,55
random,1401,L15->L20,,False,0.0,55
random,1402,L35->L11,,False,0.0,55
random,1403,L10->L33,,False,0.0,55
random,1404,L18->L20,,False,0.0,55
random,1405,L30->L15,,False,0.0,55
random,1406,L36->L29,,False,0.0,55
oracle,1,L21->L22,L21->L22->L23->L02->L06->L07->L27,True,727.2781283848517,1
oracle,2,L25->L26,L25->L26->L28,True,465.9176206657203,2
oracle,3,L25->L28,L25->L28->L26,True,465.9176206657203,3
oracle,4,L26->L25,L26->L25->L28,True,465.9176206657203,4
oracle,5,L26->L28,L26->L28->L25,True,465.9176206657203,5
oracle,6,L28->L25,L28->L25->L26,True,465.9176206657203,6
oracle,7,L28->L26,L28->L26->L25,True,465.9176206657203,7
oracle,8,L10->L07,L10->L07->L06->L09->L01->L04->L08,True,383.860222436461,8
oracle,9,L10->L27,L10->L27->L06->L09->L01->L04->L08,True,383.860222436461,9
oracle,10,L27->L23,L27->L23->L29,True,368.67301237704925,10
oracle,11,L27->L29,L27->L29->L23,True,368.67301237704925,11
oracle,12,L29->L27,L29->L27->L23,True,368.67301237704925,12
oracle,13,L07->L23,L07->L23->L29,True,368.6730123770492,13
oracle,14,L07->L29,L07->L29->L23,True,368.6730123770492,14
oracle,15,L29->L07,L29->L07->L23,True,368.6730123770492,15
oracle,16,L29->L23,L29->L23->L06->L07->L27,True,368.673012377049,16
oracle,17,L24->L28,L24->L28->L06->L07,True,316.82674035082636,17
oracle,18,L28->L24,L28->L24->L06->L07,True,316.82674035082636,18
oracle,19,L19->L23,L19->L23,True,193.9878918650109,19
oracle,20,L23->L19,L23->L19,True,193.9878918650109,20
oracle,21,L10->L02,L10->L02->L09->L04->L08,True,180.87914978152395,21
oracle,22,L08->L09,L08->L09->L10->L01->L02->L06,True,180.8791497815239,22
oracle,23,L10->L09,L10->L09->L08->L01->L02->L06,True,180.8791497815239,23
oracle,24,L10->L01,L10->L01->L04->L08,True,162.337058886028,24
oracle,25,L08->L01,L08->L01->L10,True,162.33705888602796,25
oracle,26,L08->L10,L08->L10->L01->L09,True,162.33705888602796,26
oracle,27,L10->L08,L10->L08->L01->L09,True,162.33705888602796,27
oracle,28,L05->L10,L05->L10,True,158.08614799330758,28
oracle,29,L10->L05,L10->L05,True,158.08614799330758,29
oracle,30,L04->L09,L04->L09->L10->L01->L02,True,100.94153457850766,30
oracle,31,L03->L09,L03->L09,True,85.8406488939796,31
oracle,32,L09->L03,L09->L03,True,85.8406488939796,32
oracle,33,L04->L01,L04->L01->L10,True,82.39944368301173,33
oracle,34,L04->L10,L04->L10->L01->L09,True,82.39944368301173,34
oracle,35,L10->L04,L10->L04->L01->L09,True,82.39944368301173,35
oracle,36,L04->L08,L04->L08,True,79.93761520301625,36
oracle,37,L08->L04,L08->L04,True,79.93761520301625,37
oracle,38,L12->L13,L12->L13,True,38.05337863080115,38
oracle,39,L13->L12,L13->L12,True,38.05337863080115,39
oracle,40,L02->L27,L02->L27,True,27.98107265493719,40
oracle,41,L27->L02,L27->L02,True,27.98107265493719,41
oracle,42,L02->L07,L02->L07,True,27.981072654937165,42
oracle,43,L06->L07,L06->L07,True,27.981072654937165,43
oracle,44,L06->L27,L06->L27,True,27.981072654937165,44
oracle,45,L07->L02,L07->L02,True,27.981072654937165,45
oracle,46,L07->L06,L07->L06,True,27.981072654937165,46
oracle,47,L27->L06,L27->L06,True,27.981072654937165,47
oracle,48,L31->L38,L31->L38,True,20.907752918885308,48
oracle,49,L38->L31,L38->L31,True,20.907752918885308,49
oracle,50,L11->L13,L11->L13,True,17.888381576976077,50
oracle,51,L13->L11,L13->L11,True,17.888381576976077,51
oracle,52,L11->L12,L11->L12,True,17.88838157697601,52
oracle,53,L12->L11,L12->L11,True,17.88838157697601,53
oracle,54,L16->L17,L16->L17,True,4.621657307708116,54
oracle,55,L17->L16,L17->L16,True,4.621657307708116,55
oracle,56,L01->L02,,False,0.0,55
oracle,57,L01->L03,,False,0.0,55
oracle,58,L01->L04,,False,0.0,55
oracle,59,L01->L05,,False,0.0,55
oracle,60,L01->L06,,False,0.0,55
oracle,61,L01->L07,,False,0.0,55
oracle,62,L01->L08,,False,0.0,55
oracle,63,L01->L09,,False,0.0,55
oracle,64,L01->L10,,False,0.0,55
oracle,65,L01->L11,,False,0.0,55
oracle,66,L01->L12,,False,0.0,55
oracle,67,L01->L13,,False,0.0,55
oracle,68,L01->L14,,False,0.0,55
oracle,69,L01->L15,,False,0.0,55
oracle,70,L01->L16,,False,0.0,55
oracle,71,L01->L17,,False,0.0,55
oracle,72,L01->L18,,False,0.0,55
oracle,73,L01->L19,,False,0.0,55
oracle,74,L01->L20,,False,0.0,55
oracle,75,L01->L21,,False,0.0,55
oracle,76,L01->L22,,False,0.0,55
oracle,77,L01->L23,,False,0.0,55
oracle,78,L01->L24,,False,0.0,55
oracle,79,L01->L25,,False,0.0,55
oracle,80,L01->L26,,False,0.0,55
oracle,81,L01->L27,,False,0.0,55
oracle,82,L01->L28,,False,0.0,55
oracle,83,L01->L29,,False,0.0,55
oracle,84,L01->L30,,False,0.0,55
oracle,85,L01->L31,,False,0.0,55
oracle,86,L01->L32,,False,0.0,55
oracle,87,L01->L33,,False,0.0,55
oracle,88,L01->L34,,False,0.0,55
oracle,89,L01->L35,,False,0.0,55
oracle,90,L01->L36,,False,0.0,55
oracle,91,L01->L37,,False,0.0,55
oracle,92,L01->L38,,False,0.0,55
oracle,93,L02->L01,,False,0.0,55
oracle,94,L02->L03,,False,0.0,55
oracle,95,L02->L04,,False,0.0,55
oracle,96,L02->L05,,False,0.0,55
oracle,97,L02->L06,,False,0.0,55
oracle,98,L02->L08,,False,0.0,55
oracle,99,L02->L09,,False,0.0,55
oracle,100,L02->L10,,False,0.0,55
oracle,101,L02->L11,,False,0.0,55
oracle,102,L02->L12,,False,0.0,55
oracle,103,L02->L13,,False,0.0,55
oracle,104,L02->L14,,False,0.0,55
oracle,105,L02->L15,,False,0.0,55
oracle,106,L02->L16,,False,0.0,55
oracle,107,L02->L17,,False,0.0,55
oracle,108,L02->L18,,False,0.0,55
oracle,109,L02->L19,,False,0.0,55
oracle,110,L02->L20,,False,0.0,55
oracle,111,L02->L21,,False,0.0,55
oracle,112,L02->L22,,False,0.0,55
oracle,113,L02->L23,,False,0.0,55
oracle,114,L02->L24,,False,0.0,55
oracle,115,L02->L25,,False,0.0,55
oracle,116,L02->L26,,False,0.0,55
oracle,117,L02->L28,,False,0.0,55
oracle,118,L02->L29,,False,0.0,55
oracle,119,L02->L30,,False,0.0,55
oracle,120,L02->L31,,False,0.0,55
oracle,121,L02->L32,,False,0.0,55
oracle,122,L02->L33,,False,0.0,55
oracle,123,L02->L34,,False,0.0,55
oracle,124,L02->L35,,False,0.0,55
oracle,125,L02->L36,,False,0.0,55
oracle,126,L02->L37,,False,0.0,55
oracle,127,L02->L38,,False,0.0,55
oracle,128,L03->L01,,False,0.0,55
oracle,129,L03->L02,,False,0.0,55
oracle,130,L03->L04,,False,0.0,55
oracle,131,L03->L05,,False,0.0,55
oracle,132,L03->L06,,False,0.0,55
oracle,133,L03->L07,,False,0.0,55
oracle,134,L03->L08,,False,0.0,55
oracle,135,L03->L10,,False,0.0,55
oracle,136,L03->L11,,False,0.0,55
oracle,137,L03->L12,,False,0.0,55
oracle,138,L03->L13,,False,0.0,55
oracle,139,L03->L14,,False,0.0,55
oracle,140,L03->L15,,False,0.0,55
oracle,141,L03->L16,,False,0.0,55
oracle,142,L03->L17,,False,0.0,55
oracle,143,L03->L18,,False,0.0,55
oracle,144,L03->L19,,False,0.0,55
oracle,145,L03->L20,,False,0.0,55
oracle,146,L03->L21,,False,0.0,55
oracle,147,L03->L22,,False,0.0,55
oracle,148,L03->L23,,False,0.0,55
oracle,149,L03->L24,,False,0.0,55
oracle,150,L03->L25,,False,0.0,55
oracle,151,L03->L26,,False,0.0,55
oracle,152,L03->L27,,False,0.0,55
oracle,153,L03->L28,,False,0.0,55
oracle,154,L03->L29,,False,0.0,55
oracle,155,L03->L30,,False,0.0,55
oracle,156,L03->L31,,False,0.0,55
oracle,157,L03->L32,,False,0.0,55
oracle,158,L03->L33,,False,0.0,55
oracle,159,L03->L34,,False,0.0,55
oracle,160,L03->L35,,False,0.0,55
oracle,161,L03->L36,,False,0.0,55
oracle,162,L03->L37,,False,0.0,55
oracle,163,L03->L38,,False,0.0,55
oracle,164,L04->L02,,False,0.0,55
oracle,165,L04->L03,,False,0.0,55
oracle,166,L04->L05,,False,0.0,55
oracle,167,L04->L06,,False,0.0,55
oracle,168,L04->L07,,False,0.0,55
oracle,169,L04->L11,,False,0.0,55
oracle,170,L04->L12,,False,0.0,55
oracle,171,L04->L13,,False,0.0,55
oracle,172,L04->L14,,False,0.0,55
oracle,173,L04->L15,,False,0.0,55
oracle,174,L04->L16,,False,0.0,55
oracle,175,L04->L17,,False,0.0,55
oracle,176,L04->L18,,False,0.0,55
oracle,177,L04->L19,,False,0.0,55
oracle,178,L04->L20,,False,0.0,55
oracle,179,L04->L21,,False,0.0,55
oracle,180,L04->L22,,False,0.0,55
oracle,181,L04->L23,,False,0.0,55
oracle,182,L04->L24,,False,0.0,55
oracle,183,L04->L25,,False,0.0,55
oracle,184,L04->L26,,False,0.0,55
oracle,185,L04->L27,,False,0.0,55
oracle,186,L04->L28,,False,0.0,55
oracle,187,L04->L29,,False,0.0,55
oracle,188,L04->L30,,False,0.0,55
oracle,189,L04->L31,,False,0.0,55
oracle,190,L04->L32,,False,0.0,55
oracle,191,L04->L33,,False,0.0,55
oracle,192,L04->L34,,False,0.0,55
oracle,193,L04->L35,,False,0.0,55
oracle,194,L04->L36,,False,0.0,55
oracle,195,L04->L37,,False,0.0,55
oracle,196,L04->L38,,False,0.0,55
oracle,197,L05->L01,,False,0.0,55
oracle,198,L05->L02,,False,0.0,55
oracle,199,L05->L03,,False,0.0,55
oracle,200,L05->L04,,False,0.0,55
oracle,201,L05->L06,,False,0.0,55
oracle,202,L05->L07,,False,0.0,55
oracle,203,L05->L08,,False,0.0,55
oracle,204,L05->L09,,False,0.0,55
oracle,205,L05->L11,,False,0.0,55
oracle,206,L05->L12,,False,0.0,55
oracle,207,L05->L13,,False,0.0,55
oracle,208,L05->L14,,False,0.0,55
oracle,209,L05->L15,,False,0.0,55
oracle,210,L05->L16,,False,0.0,55
oracle,211,L05->L17,,False,0.0,55
oracle,212,L05->L18,,False,0.0,55
oracle,213,L05->L19,,False,0.0,55
oracle,214,L05->L20,,False,0.0,55
oracle,215,L05->L21,,False,0.0,55
oracle,216,L05->L22,,False,0.0,55
oracle,217,L05->L23,,False,0.0,55
oracle,218,L05->L24,,False,0.0,55
oracle,219,L05->L25,,False,0.0,55
oracle,220,L05->L26,,False,0.0,55
oracle,221,L05->L27,,False,0.0,55
oracle,222,L05->L28,,False,0.0,55
oracle,223,L05->L29,,False,0.0,55
oracle,224,L05->L30,,False,0.0,55
oracle,225,L05->L31,,False,0.0,55
oracle,226,L05->L32,,False,0.0,55
oracle,227,L05->L33,,False,0.0,55
oracle,228,L05->L34,,False,0.0,55
oracle,229,L05->L35,,False,0.0,55
oracle,230,L05->L36,,False,0.0,55
oracle,231,L05->L37,,False,0.0,55
oracle,232,L05->L38,,False,0.0,55
oracle,233,L06->L01,,False,0.0,55
oracle,234,L06->L02,,False,0.0,55
oracle,235,L06->L03,,False,0.0,55
oracle,236,L06->L04,,False,0.0,55
oracle,237,L06->L05,,False,0.0,55
oracle,238,L06->L08,,False,0.0,55
oracle,239,L06->L09,,False,0.0,55
oracle,240,L06->L10,,False,0.0,55
oracle,241,L06->L11,,False,0.0,55
oracle,242,L06->L12,,False,0.0,55
oracle,243,L06->L13,,False,0.0,55
oracle,244,L06->L14,,False,0.0,55
oracle,245,L06->L15,,False,0.0,55
oracle,246,L06->L16,,False,0.0,55
oracle,247,L06->L17,,False,0.0,55
oracle,248,L06->L18,,False,0.0,55
oracle,249,L06->L19,,False,0.0,55
oracle,250,L06->L20,,False,0.0,55
oracle,251,L06->L21,,False,0.0,55
oracle,252,L06->L22,,False,0.0,55
oracle,253,L06->L23,,False,0.0,55
oracle,254,L06->L24,,False,0.0,55
oracle,255,L06->L25,,False,0.0,55
oracle,256,L06->L26,,False,0.0,55
oracle,257,L06->L28,,False,0.0,55
oracle,258,L06->L29,,False,0.0,55
oracle,259,L06->L30,,False,0.0,55
oracle,260,L06->L31,,False,0.0,55
oracle,261,L06->L32,,False,0.0,55
oracle,262,L06->L33,,False,0.0,55
oracle,263,L06->L34,,False,0.0,55
oracle,264,L06->L35,,False,0.0,55
oracle,265,L06->L36,,False,0.0,55
oracle,266,L06->L37,,False,0.0,55
oracle,267,L06->L38,,False,0.0,55
oracle,268,L07->L01,,False,0.0,55
oracle,269,L07->L03,,False,0.0,55
oracle,270,L07->L04,,False,0.0,55
oracle,271,L07->L05,,False,0.0,55
oracle,272,L07->L08,,False,0.0,55
oracle,273,L07->L09,,False,0.0,55
oracle,274,L07->L10,,False,0.0,55
oracle,275,L07->L11,,False,0.0,55
oracle,276,L07->L12,,False,0.0,55
oracle,277,L07->L13,,False,0.0,55
oracle,278,L07->L14,,False,0.0,55
oracle,279,L07->L15,,False,0.0,55
oracle,280,L07->L16,,False,0.0,55
oracle,281,L07->L17,,False,0.0,55
oracle,282,L07->L18,,False,0.0,55
oracle,283,L07->L19,,False,0.0,55
oracle,284,L07->L20,,False,0.0,55
oracle,285,L07->L21,,False,0.0,55
oracle,286,L07->L22,,False,0.0,55
oracle,287,L07->L24,,False,0.0,55
oracle,288,L07->L25,,False,0.0,55
oracle,289,L07->L26,,False,0.0,55
oracle,290,L07->L27,,False,0.0,55
oracle,291,L07->L28,,False,0.0,55
oracle,292,L07->L30,,False,0.0,55
oracle,293,L07->L31,,False,0.0,55
oracle,294,L07->L32,,False,0.0,55
oracle,295,L07->L33,,False,0.0,55
oracle,296,L07->L34,,False,0.0,55
oracle,297,L07->L35,,False,0.0,55
oracle,298,L07->L36,,False,0.0,55
oracle,299,L07->L37,,False,0.0,55
oracle,300,L07->L38,,False,0.0,55
oracle,301,L08->L02,,False,0.0,55
oracle,302,L08->L03,,False,0.0,55
oracle,303,L08->L05,,False,0.0,55
oracle,304,L08->L06,,False,0.0,55
oracle,305,L08->L07,,False,0.0,55
oracle,306,L08->L11,,False,0.0,55
oracle,307,L08->L12,,False,0.0,55
oracle,308,L08->L13,,False,0.0,55
oracle,309,L08->L14,,False,0.0,55
oracle,310,L08->L15,,False,0.0,55
oracle,311,L08->L16,,False,0.0,55
oracle,312,L08->L17,,False,0.0,55
oracle,313,L08->L18,,False,0.0,55
oracle,314,L08->L19,,False,0.0,55
oracle,315,L08->L20,,False,0.0,55
oracle,316,L08->L21,,False,0.0,55
oracle,317,L08->L22,,False,0.0,55
oracle,318,L08->L23,,False,0.0,55
oracle,319,L08->L24,,False,0.0,55
oracle,320,L08->L25,,False,0.0,55
oracle,321,L08->L26,,False,0.0,55
oracle,322,L08->L27,,False,0.0,55
oracle,323,L08->L28,,False,0.0,55
oracle,324,L08->L29,,False,0.0,55
oracle,325,L08->L30,,False,0.0,55
oracle,326,L08->L31,,False,0.0,55
oracle,327,L08->L32,,False,0.0,55
oracle,328,L08->L33,,False,0.0,55
oracle,329,L08->L34,,False,0.0,55
oracle,330,L08->L35,,False,0.0,55
oracle,331,L08->L36,,False,0.0,55
oracle,332,L08->L37,,False,0.0,55
oracle,333,L08->L38,,False,0.0,55
oracle,334,L09->L01,,False,0.0,55
oracle,335,L09->L02,,False,0.0,55
oracle,336,L09->L04,,False,0.0,55
oracle,337,L09->L05,,False,0.0,55
oracle,338,L09->L06,,False,0.0,55
oracle,339,L09->L07,,False,0.0,55
oracle,340,L09->L08,,False,0.0,55
oracle,341,L09->L10,,False,0.0,55
oracle,342,L09->L11,,False,0.0,55
oracle,343,L09->L12,,False,0.0,55
oracle,344,L09->L13,,False,0.0,55
oracle,345,L09->L14,,False,0.0,55
oracle,346,L09->L15,,False,0.0,55
oracle,347,L09->L16,,False,0.0,55
oracle,348,L09->L17,,False,0.0,55
oracle,349,L09->L18,,False,0.0,55
oracle,350,L09->L19,,False,0.0,55
oracle,351,L09->L20,,False,0.0,55
oracle,352,L09->L21,,False,0.0,55
oracle,353,L09->L22,,False,0.0,55
oracle,354,L09->L23,,False,0.0,55
oracle,355,L09->L24,,False,0.0,55
oracle,356,L09->L25,,False,0.0,55
oracle,357,L09->L26,,False,0.0,55
oracle,358,L09->L27,,False,0.0,55
oracle,359,L09->L28,,False,0.0,55
oracle,360,L09->L29,,False,0.0,55
oracle,361,L09->L30,,False,0.0,55
oracle,362,L09->L31,,False,0.0,55
oracle,363,L09->L32,,False,0.0,55
oracle,364,L09->L33,,False,0.0,55
oracle,365,L09->L34,,False,0.0,55
oracle,366,L09->L35,,False,0.0,55
oracle,367,L09->L36,,False,0.0,55
oracle,368,L09->L37,,False,0.0,55
oracle,369,L09->L38,,False,0.0,55
oracle,370,L10->L03,,False,0.0,55
oracle,371,L10->L06,,False,0.0,55
oracle,372,L10->L11,,False,0.0,55
oracle,373,L10->L12,,False,0.0,55
oracle,374,L10->L13,,False,0.0,55
oracle,375,L10->L14,,False,0.0,55
oracle,376,L10->L15,,False,0.0,55
oracle,377,L10->L16,,False,0.0,55
oracle,378,L10->L17,,False,0.0,55
oracle,379,L10->L18,,False,0.0,55
oracle,380,L10->L19,,False,0.0,55
oracle,381,L10->L20,,False,0.0,55
oracle,382,L10->L21,,False,0.0,55
oracle,383,L10->L22,,False,0.0,55
oracle,384,L10->L23,,False,0.0,55
oracle,385,L10->L24,,False,0.0,55
oracle,386,L10->L25,,False,0.0,55
oracle,387,L10->L26,,False,0.0,55
oracle,388,L10->L28,,False,0.0,55
oracle,389,L10->L29,,False,0.0,55
oracle,390,L10->L30,,False,0.0,55
oracle,391,L10->L31,,False,0.0,55
oracle,392,L10->L32,,False,0.0,55
oracle,393,L10->L33,,False,0.0,55
oracle,394,L10->L34,,False,0.0,55
oracle,395,L10->L35,,False,0.0,55
oracle,396,L10->L36,,False,0.0,55
oracle,397,L10->L37,,False,0.0,55
oracle,398,L10->L38,,False,0.0,55
oracle,399,L11->L01,,False,0.0,55
oracle,400,L11->L02,,False,0.0,55
oracle,401,L11->L03,,False,0.0,55
oracle,402,L11->L04,,False,0.0,55
oracle,403,L11->L05,,False,0.0,55
oracle,404,L11->L06,,False,0.0,55
oracle,405,L11->L07,,False,0.0,55
oracle,406,L11->L08,,False,0.0,55
oracle,407,L11->L09,,False,0.0,55
oracle,408,L11->L10,,False,0.0,55
oracle,409,L11->L14,,False,0.0,55
oracle,410,L11->L15,,False,0.0,55
oracle,411,L11->L16,,False,0.0,55
oracle,412,L11->L17,,False,0.0,55
oracle,413,L11->L18,,False,0.0,55
oracle,414,L11->L19,,False,0.0,55
oracle,415,L11->L20,,False,0.0,55
oracle,416,L11->L21,,False,0.0,55
oracle,417,L11->L22,,False,0.0,55
oracle,418,L11->L23,,False,0.0,55
oracle,419,L11->L24,,False,0.0,55
oracle,420,L11->L25,,False,0.0,55
oracle,421,L11->L26,,False,0.0,55
oracle,422,L11->L27,,False,0.0,55
oracle,423,L11->L28,,False,0.0,55
oracle,424,L11->L29,,False,0.0,55
oracle,425,L11->L30,,False,0.0,55
oracle,426,L11->L31,,False,0.0,55
oracle,427,L11->L32,,False,0.0,55
oracle,428,L11->L33,,False,0.0,55
oracle,429,L11->L34,,False,0.0,55
oracle,430,L11->L35,,False,0.0,55
oracle,431,L11->L36,,False,0.0,55
oracle,432,L11->L37,,False,0.0,55
oracle,433,L11->L38,,False,0.0,55
oracle,434,L12->L01,,False,0.0,55
oracle,435,L12->L02,,False,0.0,55
oracle,436,L12->L03,,False,0.0,55
oracle,437,L12->L04,,False,0.0,55
oracle,438,L12->L05,,False,0.0,55
oracle,439,L12->L06,,False,0.0,55
oracle,440,L12->L07,,False,0.0,55
oracle,441,L12->L08,,False,0.0,55
oracle,442,L12->L09,,False,0.0,55
oracle,443,L12->L10,,False,0.0,55
oracle,444,L12->L14,,False,0.0,55
oracle,445,L12->L15,,False,0.0,55
oracle,446,L12->L16,,False,0.0,55
oracle,447,L12->L17,,False,0.0,55
oracle,448,L12->L18,,False,0.0,55
oracle,449,L12->L19,,False,0.0,55
oracle,450,L12->L20,,False,0.0,55
oracle,451,L12->L21,,False,0.0,55
oracle,452,L12->L22,,False,0.0,55
oracle,453,L12->L23,,False,0.0,55
oracle,454,L12->L24,,False,0.0,55
oracle,455,L12->L25,,False,0.0,55
oracle,456,L12->L26,,False,0.0,55
oracle,457,L12->L27,,False,0.0,55
oracle,458,L12->L28,,False,0.0,55
oracle,459,L12->L29,,False,0.0,55
oracle,460,L12->L30,,False,0.0,55
oracle,461,L12->L31,,False,0.0,55
oracle,462,L12->L32,,False,0.0,55
oracle,463,L12->L33,,False,0.0,55
oracle,464,L12->L34,,False,0.0,55
oracle,465,L12->L35,,False,0.0,55
oracle,466,L12->L36,,False,0.0,55
oracle,467,L12->L37,,False,0.0,55
oracle,468,L12->L38,,False,0.0,55
oracle,469,L13->L01,,False,0.0,55
oracle,470,L13->L02,,False,0.0,55
oracle,471,L13->L03,,False,0.0,55
oracle,472,L13->L04,,False,0.0,55
oracle,473,L13->L05,,False,0.0,55
oracle,474,L13->L06,,False,0.0,55
oracle,475,L13->L07,,False,0.0,55
oracle,476,L13->L08,,False,0.0,55
oracle,477,L13->L09,,False,0.0,55
oracle,478,L13->L10,,False,0.0,55
oracle,479,L13->L14,,False,0.0,55
oracle,480,L13->L15,,False,0.0,55
oracle,481,L13->L16,,False,0.0,55
oracle,482,L13->L17,,False,0.0,55
oracle,483,L13->L18,,False,0.0,55
oracle,484,L13->L19,,False,0.0,55
oracle,485,L13->L20,,False,0.0,55
oracle,486,L13->L21,,False,0.0,55
oracle,487,L13->L22,,False,0.0,55
oracle,488,L13->L23,,False,0.0,55
oracle,489,L13->L24,,False,0.0,55
oracle,490,L13->L25,,False,0.0,55
oracle,491,L13->L26,,False,0.0,55
oracle,492,L13->L27,,False,0.0,55
oracle,493,L13->L28,,False,0.0,55
oracle,494,L13->L29,,False,0.0,55
oracle,495,L13->L30,,False,0.0,55
oracle,496,L13->L31,,False,0.0,55
oracle,497,L13->L32,,False,0.0,55
oracle,498,L13->L33,,False,0.0,55
oracle,499,L13->L34,,False,0.0,55
oracle,500,L13->L35,,False,0.0,55
oracle,501,L13->L36,,False,0.0,55
oracle,502,L13->L37,,False,0.0,55
oracle,503,L13->L38,,False,0.0,55
oracle,504,L14->L01,,False,0.0,55
oracle,505,L14->L02,,False,0.0,55
oracle,506,L14->L03,,False,0.0,55
oracle,507,L14->L04,,False,0.0,55
oracle,508,L14->L05,,False,0.0,55
oracle,509,L14->L06,,False,0.0,55
oracle,510,L14->L07,,False,0.0,55
oracle,511,L14->L08,,False,0.0,55
oracle,512,L14->L09,,False,0.0,55
oracle,513,L14->L10,,False,0.0,55
oracle,514,L14->L11,,False,0.0,55
oracle,515,L14->L12,,False,0.0,55
oracle,516,L14->L13,,False,0.0,55
oracle,517,L14->L15,,False,0.0,55
oracle,518,L14->L16,,False,0.0,55
oracle,519,L14->L17,,False,0.0,55
oracle,520,L14->L18,,False,0.0,55
oracle,521,L14->L19,,False,0.0,55
oracle,522,L14->L20,,False,0.0,55
oracle,523,L14->L21,,False,0.0,55
oracle,524,L14->L22,,False,0.0,55
oracle,525,L14->L23,,False,0.0,55
oracle,526,L14->L24,,False,0.0,55
oracle,527,L14->L25,,False,0.0,55
oracle,528,L14->L26,,False,0.0,55
oracle,529,L14->L27,,False,0.0,55
oracle,530,L14->L28,,False,0.0,55
oracle,531,L14->L29,,False,0.0,55
oracle,532,L14->L30,,False,0.0,55
oracle,533,L14->L31,,False,0.0,55
oracle,534,L14->L32,,False,0.0,55
oracle,535,L14->L33,,False,0.0,55
oracle,536,L14->L34,,False,0.0,55
oracle,537,L14->L35,,False,0.0,55
oracle,538,L14->L36,,False,0.0,55
oracle,539,L14->L37,,False,0.0,55
oracle,540,L14->L38,,False,0.0,55
oracle,541,L15->L01,,False,0.0,55
oracle,542,L15->L02,,False,0.0,55
oracle,543,L15->L03,,False,0.0,55
oracle,544,L15->L04,,False,0.0,55
oracle,545,L15->L05,,False,0.0,55
oracle,546,L15->L06,,False,0.0,55
oracle,547,L15->L07,,False,0.0,55
oracle,548,L15->L08,,False,0.0,55
oracle,549,L15->L09,,False,0.0,55
oracle,550,L15->L10,,False,0.0,55
oracle,551,L15->L11,,False,0.0,55
oracle,552,L15->L12,,False,0.0,55
oracle,553,L15->L13,,False,0.0,55
oracle,554,L15->L14,,False,0.0,55
oracle,555,L15->L16,,False,0.0,55
oracle,556,L15->L17,,False,0.0,55
oracle,557,L15->L18,,False,0.0,55
oracle,558,L15->L19,,False,0.0,55
oracle,559,L15->L20,,False,0.0,55
oracle,560,L15->L21,,False,0.0,55
oracle,561,L15->L22,,False,0.0,55
oracle,562,L15->L23,,False,0.0,55
oracle,563,L15->L24,,False,0.0,55
oracle,564,L15->L25,,False,0.0,55
oracle,565,L15->L26,,False,0.0,55
oracle,566,L15->L27,,False,0.0,55
oracle,567,L15->L28,,False,0.0,55
oracle,568,L15->L29,,False,0.0,55
oracle,569,L15->L30,,False,0.0,55
oracle,570,L15->L31,,False,0.0,55
oracle,571,L15->L32,,False,0.0,55
oracle,572,L15->L33,,False,0.0,55
oracle,573,L15->L34,,False,0.0,55
oracle,574,L15->L35,,False,0.0,55
oracle,575,L15->L36,,False,0.0,55
oracle,576,L15->L37,,False,0.0,55
oracle,577,L15->L38,,False,0.0,55
oracle,578,L16->L01,,False,0.0,55
oracle,579,L16->L02,,False,0.0,55
oracle,580,L16->L03,,False,0.0,55
oracle,581,L16->L04,,False,0.0,55
oracle,582,L16->L05,,False,0.0,55
oracle,583,L16->L06,,False,0.0,55
oracle,584,L16->L07,,False,0.0,55
oracle,585,L16->L08,,False,0.0,55
oracle,586,L16->L09,,False,0.0,55
oracle,587,L16->L10,,False,0.0,55
oracle,588,L16->L11,,False,0.0,55
oracle,589,L16->L12,,False,0.0,55
oracle,590,L16->L13,,False,0.0,55
oracle,591,L16->L14,,False,0.0,55
oracle,592,L16->L15,,False,0.0,55
oracle,593,L16->L18,,False,0.0,55
oracle,594,L16->L19,,False,0.0,55
oracle,595,L16->L20,,False,0.0,55
oracle,596,L16->L21,,False,0.0,55
oracle,597,L16->L22,,False,0.0,55
oracle,598,L16->L23,,False,0.0,55
oracle,599,L16->L24,,False,0.0,55
oracle,600,L16->L25,,False,0.0,55
oracle,601,L16->L26,,False,0.0,55
oracle,602,L16->L27,,False,0.0,55
oracle,603,L16->L28,,False,0.0,55
oracle,604,L16->L29,,False,0.0,55
oracle,605,L16->L30,,False,0.0,55
oracle,606,L16->L31,,False,0.0,55
oracle,607,L16->L32,,False,0.0,55
oracle,608,L16->L33,,False,0.0,55
oracle,609,L16->L34,,False,0.0,55
oracle,610,L16->L35,,False,0.0,55
oracle,611,L16->L36,,False,0.0,55
oracle,612,L16->L37,,False,0.0,55
oracle,613,L16->L38,,False,0.0,55
oracle,614,L17->L01,,False,0.0,55
oracle,615,L17->L02,,False,0.0,55
oracle,616,L17->L03,,False,0.0,55
oracle,617,L17->L04,,False,0.0,55
oracle,618,L17->L05,,False,0.0,55
oracle,619,L17->L06,,False,0.0,55
oracle,620,L17->L07,,False,0.0,55
oracle,621,L17->L08,,False,0.0,55
oracle,622,L17->L09,,False,0.0,55
oracle,623,L17->L10,,False,0.0,55
oracle,624,L17->L11,,False,0.0,55
oracle,625,L17->L12,,False,0.0,55
oracle,626,L17->L13,,False,0.0,55
oracle,627,L17->L14,,False,0.0,55
oracle,628,L17->L15,,False,0.0,55
oracle,629,L17->L18,,False,0.0,55
oracle,630,L17->L19,,False,0.0,55
oracle,631,L17->L20,,False,0.0,55
oracle,632,L17->L21,,False,0.0,55
oracle,633,L17->L22,,False,0.0,55
oracle,634,L17->L23,,False,0.0,55
oracle,635,L17->L24,,False,0.0,55
oracle,636,L17->L25,,False,0.0,55
oracle,637,L17->L26,,False,0.0,55
oracle,638,L17->L27,,False,0.0,55
oracle,639,L17->L28,,False,0.0,55
oracle,640,L17->L29,,False,0.0,55
oracle,641,L17->L30,,False,0.0,55
oracle,642,L17->L31,,False,0.0,55
oracle,643,L17->L32,,False,0.0,55
oracle,644,L17->L33,,False,0.0,55
oracle,645,L17->L34,,False,0.0,55
oracle,646,L17->L35,,False,0.0,55
oracle,647,L17->L36,,False,0.0,55
oracle,648,L17->L37,,False,0.0,55
oracle,649,L17->L38,,False,0.0,55
oracle,650,L18->L01,,False,0.0,55
oracle,651,L18->L02,,False,0.0,55
oracle,652,L18->L03,,False,0.0,55
oracle,653,L18->L04,,False,0.0,55
oracle,654,L18->L05,,False,0.0,55
oracle,655,L18->L06,,False,0.0,55
oracle,656,L18->L07,,False,0.0,55
oracle,657,L18->L08,,False,0.0,55
oracle,658,L18->L09,,False,0.0,55
oracle,659,L18->L10,,False,0.0,55
oracle,660,L18->L11,,False,0.0,55
oracle,661,L18->L12,,False,0.0,55
oracle,662,L18->L13,,False,0.0,55
oracle,663,L18->L14,,False,0.0,55
oracle,664,L18->L15,,False,0.0,55
oracle,665,L18->L16,,False,0.0,55
oracle,666,L18->L17,,False,0.0,55
oracle,667,L18->L19,,False,0.0,55
oracle,668,L18->L20,,False,0.0,55
oracle,669,L18->L21,,False,0.0,55
oracle,670,L18->L22,,False,0.0,55
oracle,671,L18->L23,,False,0.0,55
oracle,672,L18->L24,,False,0.0,55
oracle,673,L18->L25,,False,0.0,55
oracle,674,L18->L26,,False,0.0,55
oracle,675,L18->L27,,False,0.0,55
oracle,676,L18->L28,,False,0.0,55
oracle,677,L18->L29,,False,0.0,55
oracle,678,L18->L30,,False,0.0,55
oracle,679,L18->L31,,False,0.0,55
oracle,680,L18->L32,,False,0.0,55
oracle,681,L18->L33,,False,0.0,55
oracle,682,L18->L34,,False,0.0,55
oracle,683,L18->L35,,False,0.0,55
oracle,684,L18->L36,,False,0.0,55
oracle,685,L18->L37,,False,0.0,55
oracle,686,L18->L38,,False,0.0,55
oracle,687,L19->L01,,False,0.0,55
oracle,688,L19->L02,,False,0.0,55
oracle,689,L19->L03,,False,0.0,55
oracle,690,L19->L04,,False,0.0,55
oracle,691,L19->L05,,False,0.0,55
oracle,692,L19->L06,,False,0.0,55
oracle,693,L19->L07,,False,0.0,55
oracle,694,L19->L08,,False,0.0,55
oracle,695,L19->L09,,False,0.0,55
oracle,696,L19->L10,,False,0.0,55
oracle,697,L19->L11,,False,0.0,55
oracle,698,L19->L12,,False,0.0,55
oracle,699,L19->L13,,False,0.0,55
oracle,700,L19->L14,,False,0.0,55
oracle,701,L19->L15,,False,0.0,55
oracle,702,L19->L16,,False,0.0,55
oracle,703,L19->L17,,False,0.0,55
oracle,704,L19->L18,,False,0.0,55
oracle,705,L19->L20,,False,0.0,55
oracle,706,L19->L21,,False,0.0,55
oracle,707,L19->L22,,False,0.0,55
oracle,708,L19->L24,,False,0.0,55
oracle,709,L19->L25,,False,0.0,55
oracle,710,L19->L26,,False,0.0,55
oracle,711,L19->L27,,False,0.0,55
oracle,712,L19->L28,,False,0.0,55
oracle,713,L19->L29,,False,0.0,55
oracle,714,L19->L30,,False,0.0,55
oracle,715,L19->L31,,False,0.0,55
oracle,716,L19->L32,,False,0.0,55
oracle,717,L19->L33,,False,0.0,55
oracle,718,L19->L34,,False,0.0,55
oracle,719,L19->L35,,False,0.0,55
oracle,720,L19->L36,,False,0.0,55
oracle,721,L19->L37,,False,0.0,55
oracle,722,L19->L38,,False,0.0,55
oracle,723,L20->L01,,False,0.0,55
oracle,724,L20->L02,,False,0.0,55
oracle,725,L20->L03,,False,0.0,55
oracle,726,L20->L04,,False,0.0,55
oracle,727,L20->L05,,False,0.0,55
oracle,728,L20->L06,,False,0.0,55
oracle,729,L20->L07,,False,0.0,55
oracle,730,L20->L08,,False,0.0,55
oracle,731,L20->L09,,False,0.0,55
oracle,732,L20->L10,,False,0.0,55
oracle,733,L20->L11,,False,0.0,55
oracle,734,L20->L12,,False,0.0,55
oracle,735,L20->L13,,False,0.0,55
oracle,736,L20->L14,,False,0.0,55
oracle,737,L20->L15,,False,0.0,55
oracle,738,L20->L16,,False,0.0,55
oracle,739,L20->L17,,False,0.0,55
oracle,740,L20->L18,,False,0.0,55
oracle,741,L20->L19,,False,0.0,55
oracle,742,L20->L21,,False,0.0,55
oracle,743,L20->L22,,False,0.0,55
oracle,744,L20->L23,,False,0.0,55
oracle,745,L20->L24,,False,0.0,55
oracle,746,L20->L25,,False,0.0,55
oracle,747,L20->L26,,False,0.0,55
oracle,748,L20->L27,,False,0.0,55
oracle,749,L20->L28,,False,0.0,55
oracle,750,L20->L29,,False,0.0,55
oracle,751,L20->L30,,False,0.0,55
oracle,752,L20->L31,,False,0.0,55
oracle,753,L20->L32,,False,0.0,55
oracle,754,L20->L33,,False,0.0,55
oracle,755,L20->L34,,False,0.0,55
oracle,756,L20->L35,,False,0.0,55
oracle,757,L20->L36,,False,0.0,55
oracle,758,L20->L37,,False,0.0,55
oracle,759,L20->L38,,False,0.0,55
oracle,760,L21->L01,,False,0.0,55
oracle,761,L21->L02,,False,0.0,55
oracle,762,L21->L03,,False,0.0,55
oracle,763,L21->L04,,False,0.0,55
oracle,764,L21->L05,,False,0.0,55
oracle,765,L21->L06,,False,0.0,55
oracle,766,L21->L07,,False,0.0,55
oracle,767,L21->L08,,False,0.0,55
oracle,768,L21->L09,,False,0.0,55
oracle,769,L21->L10,,False,0.0,55
oracle,770,L21->L11,,False,0.0,55
oracle,771,L21->L12,,False,0.0,55
oracle,772,L21->L13,,False,0.0,55
oracle,773,L21->L14,,False,0.0,55
oracle,774,L21->L15,,False,0.0,55
oracle,775,L21->L16,,False,0.0,55
oracle,776,L21->L17,,False,0.0,55
oracle,777,L21->L18,,False,0.0,55
oracle,778,L21->L19,,False,0.0,55
oracle,779,L21->L20,,False,0.0,55
oracle,780,L21->L23,,False,0.0,55
oracle,781,L21->L24,,False,0.0,55
oracle,782,L21->L25,,False,0.0,55
oracle,783,L21->L26,,False,0.0,55
oracle,784,L21->L27,,False,0.0,55
oracle,785,L21->L28,,False,0.0,55
oracle,786,L21->L29,,False,0.0,55
oracle,787,L21->L30,,False,0.0,55
oracle,788,L21->L31,,False,0.0,55
oracle,789,L21->L32,,False,0.0,55
oracle,790,L21->L33,,False,0.0,55
oracle,791,L21->L34,,False,0.0,55
oracle,792,L21->L35,,False,0.0,55
oracle,793,L21->L36,,False,0.0,55
oracle,794,L21->L37,,False,0.0,55
oracle,795,L21->L38,,False,0.0,55
oracle,796,L22->L01,,False,0.0,55
oracle,797,L22->L02,,False,0.0,55
oracle,798,L22->L03,,False,0.0,55
oracle,799,L22->L04,,False,0.0,55
oracle,800,L22->L05,,False,0.0,55
oracle,801,L22->L06,,False,0.0,55
oracle,802,L22->L07,,False,0.0,55
oracle,803,L22->L08,,False,0.0,55
oracle,804,L22->L09,,False,0.0,55
oracle,805,L22->L10,,False,0.0,55
oracle,806,L22->L11,,False,0.0,55
oracle,807,L22->L12,,False,0.0,55
oracle,808,L22->L13,,False,0.0,55
oracle,809,L22->L14,,False,0.0,55
oracle,810,L22->L15,,False,0.0,55
oracle,811,L22->L16,,False,0.0,55
oracle,812,L22->L17,,False,0.0,55
oracle,813,L22->L18,,False,0.0,55
oracle,814,L22->L19,,False,0.0,55
oracle,815,L22->L20,,False,0.0,55
oracle,816,L22->L21,,False,0.0,55
oracle,817,L22->L23,,False,0.0,55
oracle,818,L22->L24,,False,0.0,55
oracle,819,L22->L25,,False,0.0,55
oracle,820,L22->L26,,False,0.0,55
oracle,821,L22->L27,,False,0.0,55
oracle,822,L22->L28,,False,0.0,55
oracle,823,L22->L29,,False,0.0,55
oracle,824,L22->L30,,False,0.0,55
oracle,825,L22->L31,,False,0.0,55
oracle,826,L22->L32,,False,0.0,55
oracle,827,L22->L33,,False,0.0,55
oracle,828,L22->L34,,False,0.0,55
oracle,829,L22->L35,,False,0.0,55
oracle,830,L22->L36,,False,0.0,55
oracle,831,L22->L37,,False,0.0,55
oracle,832,L22->L38,,False,0.0,55
oracle,833,L23->L01,,False,0.0,55
oracle,834,L23->L02,,False,0.0,55
oracle,835,L23->L03,,False,0.0,55
oracle,836,L23->L04,,False,0.0,55
oracle,837,L23->L05,,False,0.0,55
oracle,838,L23->L06,,False,0.0,55
oracle,839,L23->L07,,False,0.0,55
oracle,840,L23->L08,,False,0.0,55
oracle,841,L23->L09,,False,0.0,55
oracle,842,L23->L10,,False,0.0,55
oracle,843,L23->L11,,False,0.0,55
oracle,844,L23->L12,,False,0.0,55
oracle,845,L23->L13,,False,0.0,55
oracle,846,L23->L14,,False,0.0,55
oracle,847,L23->L15,,False,0.0,55
oracle,848,L23->L16,,False,0.0,55
oracle,849,L23->L17,,False,0.0,55
oracle,850,L23->L18,,False,0.0,55
oracle,851,L23->L20,,False,0.0,55
oracle,852,L23->L21,,False,0.0,55
oracle,853,L23->L22,,False,0.0,55
oracle,854,L23->L24,,False,0.0,55
oracle,855,L23->L25,,False,0.0,55
oracle,856,L23->L26,,False,0.0,55
oracle,857,L23->L27,,False,0.0,55
oracle,858,L23->L28,,False,0.0,55
oracle,859,L23->L29,,False,0.0,55
oracle,860,L23->L30,,False,0.0,55
oracle,861,L23->L31,,False,0.0,55
oracle,862,L23->L32,,False,0.0,55
oracle,863,L23->L33,,False,0.0,55
oracle,864,L23->L34,,False,0.0,55
oracle,865,L23->L35,,False,0.0,55
oracle,866,L23->L36,,False,0.0,55
oracle,867,L23->L37,,False,0.0,55
oracle,868,L23->L38,,False,0.0,55
oracle,869,L24->L01,,False,0.0,55
oracle,870,L24->L02,,False,0.0,55
oracle,871,L24->L03,,False,0.0,55
oracle,872,L24->L04,,False,0.0,55
oracle,873,L24->L05,,False,0.0,55
oracle,874,L24->L06,,False,0.0,55
oracle,875,L24->L07,,False,0.0,55
oracle,876,L24->L08,,False,0.0,55
oracle,877,L24->L09,,False,0.0,55
oracle,878,L24->L10,,False,0.0,55
oracle,879,L24->L11,,False,0.0,55
oracle,880,L24->L12,,False,0.0,55
oracle,881,L24->L13,,False,0.0,55
oracle,882,L24->L14,,False,0.0,55
oracle,883,L24->L15,,False,0.0,55
oracle,884,L24->L16,,False,0.0,55
oracle,885,L24->L17,,False,0.0,55
oracle,886,L24->L18,,False,0.0,55
oracle,887,L24->L19,,False,0.0,55
oracle,888,L24->L20,,False,0.0,55
oracle,889,L24->L21,,False,0.0,55
oracle,890,L24->L22,,False,0.0,55
oracle,891,L24->L23,,False,0.0,55
oracle,892,L24->L25,,False,0.0,55
oracle,893,L24->L26,,False,0.0,55
oracle,894,L24->L27,,False,0.0,55
oracle,895,L24->L29,,False,0.0,55
oracle,896,L24->L30,,False,0.0,55
oracle,897,L24->L31,,False,0.0,55
oracle,898,L24->L32,,False,0.0,55
oracle,899,L24->L33,,False,0.0,55
oracle,900,L24->L34,,False,0.0,55
oracle,901,L24->L35,,False,0.0,55
oracle,902,L24->L36,,False,0.0,55
oracle,903,L24->L37,,False,0.0,55
oracle,904,L24->L38,,False,0.0,55
oracle,905,L25->L01,,False,0.0,55
oracle,906,L25->L02,,False,0.0,55
oracle,907,L25->L03,,False,0.0,55
oracle,908,L25->L04,,False,0.0,55
oracle,909,L25->L05,,False,0.0,55
oracle,910,L25->L06,,False,0.0,55
oracle,911,L25->L07,,False,0.0,55
oracle,912,L25->L08,,False,0.0,55
oracle,913,L25->L09,,False,0.0,55
oracle,914,L25->L10,,False,0.0,55
oracle,915,L25->L11,,False,0.0,55
oracle,916,L25->L12,,False,0.0,55
oracle,917,L25->L13,,False,0.0,55
oracle,918,L25->L14,,False,0.0,55
oracle,919,L25->L15,,False,0.0,55
oracle,920,L25->L16,,False,0.0,55
oracle,921,L25->L17,,False,0.0,55
oracle,922,L25->L18,,False,0.0,55
oracle,923,L25->L19,,False,0.0,55
oracle,924,L25->L20,,False,0.0,55
oracle,925,L25->L21,,False,0.0,55
oracle,926,L25->L22,,False,0.0,55
oracle,927,L25->L23,,False,0.0,55
oracle,928,L25->L24,,False,0.0,55
oracle,929,L25->L27,,False,0.0,55
oracle,930,L25->L29,,False,0.0,55
oracle,931,L25->L30,,False,0.0,55
oracle,932,L25->L31,,False,0.0,55
oracle,933,L25->L32,,False,0.0,55
oracle,934,L25->L33,,False,0.0,55
oracle,935,L25->L34,,False,0.0,55
oracle,936,L25->L35,,False,0.0,55
oracle,937,L25->L36,,False,0.0,55
oracle,938,L25->L37,,False,0.0,55
oracle,939,L25->L38,,False,0.0,55
oracle,940,L26->L01,,False,0.0,55
oracle,941,L26->L02,,False,0.0,55
oracle,942,L26->L03,,False,0.0,55
oracle,943,L26->L04,,False,0.0,55
oracle,944,L26->L05,,False,0.0,55
oracle,945,L26->L06,,False,0.0,55
oracle,946,L26->L07,,False,0.0,55
oracle,947,L26->L08,,False,0.0,55
oracle,948,L26->L09,,False,0.0,55
oracle,949,L26->L10,,False,0.0,55
oracle,950,L26->L11,,False,0.0,55
oracle,951,L26->L12,,False,0.0,55
oracle,952,L26->L13,,False,0.0,55
oracle,953,L26->L14,,False,0.0,55
oracle,954,L26->L15,,False,0.0,55
oracle,955,L26->L16,,False,0.0,55
oracle,956,L26->L17,,False,0.0,55
oracle,957,L26->L18,,False,0.0,55
oracle,958,L26->L19,,False,0.0,55
oracle,959,L26->L20,,False,0.0,55
oracle,960,L26->L21,,False,0.0,55
oracle,961,L26->L22,,False,0.0,55
oracle,962,L26->L23,,False,0.0,55
oracle,963,L26->L24,,False,0.0,55
oracle,964,L26->L27,,False,0.0,55
oracle,965,L26->L29,,False,0.0,55
oracle,966,L26->L30,,False,0.0,55
oracle,967,L26->L31,,False,0.0,55
oracle,968,L26->L32,,False,0.0,55
oracle,969,L26->L33,,False,0.0,55
oracle,970,L26->L34,,False,0.0,55
oracle,971,L26->L35,,False,0.0,55
oracle,972,L26->L36,,False,0.0,55
oracle,973,L26->L37,,False,0.0,55
oracle,974,L26->L38,,False,0.0,55
oracle,975,L27->L01,,False,0.0,55
oracle,976,L27->L03,,False,0.0,55
oracle,977,L27->L04,,False,0.0,55
oracle,978,L27->L05,,False,0.0,55
oracle,979,L27->L07,,False,0.0,55
oracle,980,L27->L08,,False,0.0,55
oracle,981,L27->L09,,False,0.0,55
oracle,982,L27->L10,,False,0.0,55
oracle,983,L27->L11,,False,0.0,55
oracle,984,L27->L12,,False,0.0,55
oracle,985,L27->L13,,False,0.0,55
oracle,986,L27->L14,,False,0.0,55
oracle,987,L27->L15,,False,0.0,55
oracle,988,L27->L16,,False,0.0,55
oracle,989,L27->L17,,False,0.0,55
oracle,990,L27->L18,,False,0.0,55
oracle,991,L27->L19,,False,0.0,55
oracle,992,L27->L20,,False,0.0,55
oracle,993,L27->L21,,False,0.0,55
oracle,994,L27->L22,,False,0.0,55
oracle,995,L27->L24,,False,0.0,55
oracle,996,L27->L25,,False,0.0,55
oracle,997,L27->L26,,False,0.0,55
oracle,998,L27->L28,,False,0.0,55
oracle,999,L27->L30,,False,0.0,55
oracle,1000,L27->L31,,False,0.0,55
oracle,1001,L27->L32,,False,0.0,55
oracle,1002,L27->L33,,False,0.0,55
oracle,1003,L27->L34,,False,0.0,55
oracle,1004,L27->L35,,False,0.0,55
oracle,1005,L27->L36,,False,0.0,55
oracle,1006,L27->L37,,False,0.0,55
oracle,1007,L27->L38,,False,0.0,55
oracle,1008,L28->L01,,False,0.0,55
oracle,1009,L28->L02,,False,0.0,55
oracle,1010,L28->L03,,False,0.0,55
oracle,1011,L28->L04,,False,0.0,55
oracle,1012,L28->L05,,False,0.0,55
oracle,1013,L28->L06,,False,0.0,55
oracle,1014,L28->L07,,False,0.0,55
oracle,1015,L28->L08,,False,0.0,55
oracle,1016,L28->L09,,False,0.0,55
oracle,1017,L28->L10,,False,0.0,55
oracle,1018,L28->L11,,False,0.0,55
oracle,1019,L28->L12,,False,0.0,55
oracle,1020,L28->L13,,False,0.0,55
oracle,1021,L28->L14,,False,0.0,55
oracle,1022,L28->L15,,False,0.0,55
oracle,1023,L28->L16,,False,0.0,55
oracle,1024,L28->L17,,False,0.0,55
oracle,1025,L28->L18,,False,0.0,55
oracle,1026,L28->L19,,False,0.0,55
oracle,1027,L28->L20,,False,0.0,55
oracle,1028,L28->L21,,False,0.0,55
oracle,1029,L28->L22,,False,0.0,55
oracle,1030,L28->L23,,False,0.0,55
oracle,1031,L28->L27,,False,0.0,55
oracle,1032,L28->L29,,False,0.0,55
oracle,1033,L28->L30,,False,0.0,55
oracle,1034,L28->L31,,False,0.0,55
oracle,1035,L28->L32,,False,0.0,55
oracle,1036,L28->L33,,False,0.0,55
oracle,1037,L28->L34,,False,0.0,55
oracle,1038,L28->L35,,False,0.0,55
oracle,1039,L28->L36,,False,0.0,55
oracle,1040,L28->L37,,False,0.0,55
oracle,1041,L28->L38,,False,0.0,55
oracle,1042,L29->L01,,False,0.0,55
oracle,1043,L29->L02,,False,0.0,55
oracle,1044,L29->L03,,False,0.0,55
oracle,1045,L29->L04,,False,0.0,55
oracle,1046,L29->L05,,False,0.0,55
oracle,1047,L29->L06,,False,0.0,55
oracle,1048,L29->L08,,False,0.0,55
oracle,1049,L29->L09,,False,0.0,55
oracle,1050,L29->L10,,False,0.0,55
oracle,1051,L29->L11,,False,0.0,55
oracle,1052,L29->L12,,False,0.0,55
oracle,1053,L29->L13,,False,0.0,55
oracle,1054,L29->L14,,False,0.0,55
oracle,1055,L29->L15,,False,0.0,55
oracle,1056,L29->L16,,False,0.0,55
oracle,1057,L29->L17,,False,0.0,55
oracle,1058,L29->L18,,False,0.0,55
oracle,1059,L29->L19,,False,0.0,55
oracle,1060,L29->L20,,False,0.0,55
oracle,1061,L29->L21,,False,0.0,55
oracle,1062,L29->L22,,False,0.0,55
oracle,1063,L29->L24,,False,0.0,55
oracle,1064,L29->L25,,False,0.0,55
oracle,1065,L29->L26,,False,0.0,55
oracle,1066,L29->L28,,False,0.0,55
oracle,1067,L29->L30,,False,0.0,55
oracle,1068,L29->L31,,False,0.0,55
oracle,1069,L29->L32,,False,0.0,55
oracle,1070,L29->L33,,False,0.0,55
oracle,1071,L29->L34,,False,0.0,55
oracle,1072,L29->L35,,False,0.0,55
oracle,1073,L29->L36,,False,0.0,55
oracle,1074,L29->L37,,False,0.0,55
oracle,1075,L29->L38,,False,0.0,55
oracle,1076,L30->L01,,False,0.0,55
oracle,1077,L30->L02,,False,0.0,55
oracle,1078,L30->L03,,False,0.0,55
oracle,1079,L30->L04,,False,0.0,55
oracle,1080,L30->L05,,False,0.0,55
oracle,1081,L30->L06,,False,0.0,55
oracle,1082,L30->L07,,False,0.0,55
oracle,1083,L30->L08,,False,0.0,55
oracle,1084,L30->L09,,False,0.0,55
oracle,1085,L30->L10,,False,0.0,55
oracle,1086,L30->L11,,False,0.0,55
oracle,1087,L30->L12,,False,0.0,55
oracle,1088,L30->L13,,False,0.0,55
oracle,1089,L30->L14,,False,0.0,55
oracle,1090,L30->L15,,False,0.0,55
oracle,1091,L30->L16,,False,0.0,55
oracle,1092,L30->L17,,False,0.0,55
oracle,1093,L30->L18,,False,0.0,55
oracle,1094,L30->L19,,False,0.0,55
oracle,1095,L30->L20,,False,0.0,55
oracle,1096,L30->L21,,False,0.0,55
oracle,1097,L30->L22,,False,0.0,55
oracle,1098,L30->L23,,False,0.0,55
oracle,1099,L30->L24,,False,0.0,55
oracle,1100,L30->L25,,False,0.0,55
oracle,1101,L30->L26,,False,0.0,55
oracle,1102,L30->L27,,False,0.0,55
oracle,1103,L30->L28,,False,0.0,55
oracle,1104,L30->L29,,False,0.0,55
oracle,1105,L30->L31,,False,0.0,55
oracle,1106,L30->L32,,False,0.0,55
oracle,1107,L30->L33,,False,0.0,55
oracle,1108,L30->L34,,False,0.0,55
oracle,1109,L30->L35,,False,0.0,55
oracle,1110,L30->L36,,False,0.0,55
oracle,1111,L30->L37,,False,0.0,55
oracle,1112,L30->L38,,False,0.0,55
oracle,1113,L31->L01,,False,0.0,55
oracle,1114,L31->L02,,False,0.0,55
oracle,1115,L31->L03,,False,0.0,55
oracle,1116,L31->L04,,False,0.0,55
oracle,1117,L31->L05,,False,0.0,55
oracle,1118,L31->L06,,False,0.0,55
oracle,1119,L31->L07,,False,0.0,55
oracle,1120,L31->L08,,False,0.0,55
oracle,1121,L31->L09,,False,0.0,55
oracle,1122,L31->L10,,False,0.0,55
oracle,1123,L31->L11,,False,0.0,55
oracle,1124,L31->L12,,False,0.0,55
oracle,1125,L31->L13,,False,0.0,55
oracle,1126,L31->L14,,False,0.0,55
oracle,1127,L31->L15,,False,0.0,55
oracle,1128,L31->L16,,False,0.0,55
oracle,1129,L31->L17,,False,0.0,55
oracle,1130,L31->L18,,False,0.0,55
oracle,1131,L31->L19,,False,0.0,55
oracle,1132,L31->L20,,False,0.0,55
oracle,1133,L31->L21,,False,0.0,55
oracle,1134,L31->L22,,False,0.0,55
oracle,1135,L31->L23,,False,0.0,55
oracle,1136,L31->L24,,False,0.0,55
oracle,1137,L31->L25,,False,0.0,55
oracle,1138,L31->L26,,False,0.0,55
oracle,1139,L31->L27,,False,0.0,55
oracle,1140,L31->L28,,False,0.0,55
oracle,1141,L31->L29,,False,0.0,55
oracle,1142,L31->L30,,False,0.0,55
oracle,1143,L31->L32,,False,0.0,55
oracle,1144,L31->L33,,False,0.0,55
oracle,1145,L31->L34,,False,0.0,55
oracle,1146,L31->L35,,False,0.0,55
oracle,1147,L31->L36,,False,0.0,55
oracle,1148,L31->L37,,False,0.0,55
oracle,1149,L32->L01,,False,0.0,55
oracle,1150,L32->L02,,False,0.0,55
oracle,1151,L32->L03,,False,0.0,55
oracle,1152,L32->L04,,False,0.0,55
oracle,1153,L32->L05,,False,0.0,55
oracle,1154,L32->L06,,False,0.0,55
oracle,1155,L32->L07,,False,0.0,55
oracle,1156,L32->L08,,False,0.0,55
oracle,1157,L32->L09,,False,0.0,55
oracle,1158,L32->L10,,False,0.0,55
oracle,1159,L32->L11,,False,0.0,55
oracle,1160,L32->L12,,False,0.0,55
oracle,1161,L32->L13,,False,0.0,55
oracle,1162,L32->L14,,False,0.0,55
oracle,1163,L32->L15,,False,0.0,55
oracle,1164,L32->L16,,False,0.0,55
oracle,1165,L32->L17,,False,0.0,55
oracle,1166,L32->L18,,False,0.0,55
oracle,1167,L32->L19,,False,0.0,55
oracle,1168,L32->L20,,False,0.0,55
oracle,1169,L32->L21,,False,0.0,55
oracle,1170,L32->L22,,False,0.0,55
oracle,1171,L32->L23,,False,0.0,55
oracle,1172,L32->L24,,False,0.0,55
oracle,1173,L32->L25,,False,0.0,55
oracle,1174,L32->L26,,False,0.0,55
oracle,1175,L32->L27,,False,0.0,55
oracle,1176,L32->L28,,False,0.0,55
oracle,1177,L32->L29,,False,0.0,55
oracle,1178,L32->L30,,False,0.0,55
oracle,1179,L32->L31,,False,0.0,55
oracle,1180,L32->L33,,False,0.0,55
oracle,1181,L32->L34,,False,0.0,55
oracle,1182,L32->L35,,False,0.0,55
oracle,1183,L32->L36,,False,0.0,55
oracle,1184,L32->L37,,False,0.0,55
oracle,1185,L32->L38,,False,0.0,55
oracle,1186,L33->L01,,False,0.0,55
oracle,1187,L33->L02,,False,0.0,55
oracle,1188,L33->L03,,False,0.0,55
oracle,1189,L33->L04,,False,0.0,55
oracle,1190,L33->L05,,False,0.0,55
oracle,1191,L33->L06,,False,0.0,55
oracle,1192,L33->L07,,False,0.0,55
oracle,1193,L33->L08,,False,0.0,55
oracle,1194,L33->L09,,False,0.0,55
oracle,1195,L33->L10,,False,0.0,55
oracle,1196,L33->L11,,False,0.0,55
oracle,1197,L33->L12,,False,0.0,55
oracle,1198,L33->L13,,False,0.0,55
oracle,1199,L33->L14,,False,0.0,55
oracle,1200,L33->L15,,False,0.0,55
oracle,1201,L33->L16,,False,0.0,55
oracle,1202,L33->L17,,False,0.0,55
oracle,1203,L33->L18,,False,0.0,55
oracle,1204,L33->L19,,False,0.0,55
oracle,1205,L33->L20,,False,0.0,55
oracle,1206,L33->L21,,False,0.0,55
oracle,1207,L33->L22,,False,0.0,55
oracle,1208,L33->L23,,False,0.0,55
oracle,1209,L33->L24,,False,0.0,55
oracle,1210,L33->L25,,False,0.0,55
oracle,1211,L33->L26,,False,0.0,55
oracle,1212,L33->L27,,False,0.0,55
oracle,1213,L33->L28,,False,0.0,55
oracle,1214,L33->L29,,False,0.0,55
oracle,1215,L33->L30,,False,0.0,55
oracle,1216,L33->L31,,False,0.0,55
oracle,1217,L33->L32,,False,0.0,55
oracle,1218,L33->L34,,False,0.0,55
oracle,1219,L33->L35,,False,0.0,55
oracle,1220,L33->L36,,False,0.0,55
oracle,1221,L33->L37,,False,0.0,55
oracle,1222,L33->L38,,False,0.0,55
oracle,1223,L34->L01,,False,0.0,55
oracle,1224,L34->L02,,False,0.0,55
oracle,1225,L34->L03,,False,0.0,55
oracle,1226,L34->L04,,False,0.0,55
oracle,1227,L34->L05,,False,0.0,55
oracle,1228,L34->L06,,False,0.0,55
oracle,1229,L34->L07,,False,0.0,55
oracle,1230,L34->L08,,False,0.0,55
oracle,1231,L34->L09,,False,0.0,55
oracle,1232,L34->L10,,False,0.0,55
oracle,1233,L34->L11,,False,0.0,55
oracle,1234,L34->L12,,False,0.0,55
oracle,1235,L34->L13,,False,0.0,55
oracle,1236,L34->L14,,False,0.0,55
oracle,1237,L34->L15,,False,0.0,55
oracle,1238,L34->L16,,False,0.0,55
oracle,1239,L34->L17,,False,0.0,55
oracle,1240,L34->L18,,False,0.0,55
oracle,1241,L34->L19,,False,0.0,55
oracle,1242,L34->L20,,False,0.0,55
oracle,1243,L34->L21,,False,0.0,55
oracle,1244,L34->L22,,False,0.0,55
oracle,1245,L34->L23,,False,0.0,55
oracle,1246,L34->L24,,False,0.0,55
oracle,1247,L34->L25,,False,0.0,55
oracle,1248,L34->L26,,False,0.0,55
oracle,1249,L34->L27,,False,0.0,55
oracle,1250,L34->L28,,False,0.0,55
oracle,1251,L34->L29,,False,0.0,55
oracle,1252,L34->L30,,False,0.0,55
oracle,1253,L34->L31,,False,0.0,55
oracle,1254,L34->L32,,False,0.0,55
oracle,1255,L34->L33,,False,0.0,55
oracle,1256,L34->L35,,False,0.0,55
oracle,1257,L34->L36,,False,0.0,55
oracle,1258,L34->L37,,False,0.0,55
oracle,1259,L34->L38,,False,0.0,55
oracle,1260,L35->L01,,False,0.0,55
oracle,1261,L35->L02,,False,0.0,55
oracle,1262,L35->L03,,False,0.0,55
oracle,1263,L35->L04,,False,0.0,55
oracle,1264,L35->L05,,False,0.0,55
oracle,1265,L35->L06,,False,0.0,55
oracle,1266,L35->L07,,False,0.0,55
oracle,1267,L35->L08,,False,0.0,55
oracle,1268,L35->L09,,False,0.0,55
oracle,1269,L35->L10,,False,0.0,55
oracle,1270,L35->L11,,False,0.0,55
oracle,1271,L35->L12,,False,0.0,55
oracle,1272,L35->L13,,False,0.0,55
oracle,1273,L35->L14,,False,0.0,55
oracle,1274,L35->L15,,False,0.0,55
oracle,1275,L35->L16,,False,0.0,55
oracle,1276,L35->L17,,False,0.0,55
oracle,1277,L35->L18,,False,0.0,55
oracle,1278,L35->L19,,False,0.0,55
oracle,1279,L35->L20,,False,0.0,55
oracle,1280,L35->L21,,False,0.0,55
oracle,1281,L35->L22,,False,0.0,55
oracle,1282,L35->L23,,False,0.0,55
oracle,1283,L35->L24,,False,0.0,55
oracle,1284,L35->L25,,False,0.0,55
oracle,1285,L35->L26,,False,0.0,55
oracle,1286,L35->L27,,False,0.0,55
oracle,1287,L35->L28,,False,0.0,55
oracle,1288,L35->L29,,False,0.0,55
oracle,1289,L35->L30,,False,0.0,55
oracle,1290,L35->L31,,False,0.0,55
oracle,1291,L35->L32,,False,0.0,55
oracle,1292,L35->L33,,False,0.0,55
oracle,1293,L35->L34,,False,0.0,55
oracle,1294,L35->L36,,False,0.0,55
oracle,1295,L35->L37,,False,0.0,55
oracle,1296,L35->L38,,False,0.0,55
oracle,1297,L36->L01,,False,0.0,55
oracle,1298,L36->L02,,False,0.0,55
oracle,1299,L36->L03,,False,0.0,55
oracle,1300,L36->L04,,False,0.0,55
oracle,1301,L36->L05,,False,0.0,55
oracle,1302,L36->L06,,False,0.0,55
oracle,1303,L36->L07,,False,0.0,55
oracle,1304,L36->L08,,False,0.0,55
oracle,1305,L36->L09,,False,0.0,55
oracle,1306,L36->L10,,False,0.0,55
oracle,1307,L36->L11,,False,0.0,55
oracle,1308,L36->L12,,False,0.0,55
oracle,1309,L36->L13,,False,0.0,55
oracle,1310,L36->L14,,False,0.0,55
oracle,1311,L36->L15,,False,0.0,55
oracle,1312,L36->L16,,False,0.0,55
oracle,1313,L36->L17,,False,0.0,55
oracle,1314,L36->L18,,False,0.0,55
oracle,1315,L36->L19,,False,0.0,55
oracle,1316,L36->L20,,False,0.0,55
oracle,1317,L36->L21,,False,0.0,55
oracle,1318,L36->L22,,False,0.0,55
oracle,1319,L36->L23,,False,0.0,55
oracle,1320,L36->L24,,False,0.0,55
oracle,1321,L36->L25,,False,0.0,55
oracle,1322,L36->L26,,False,0.0,55
oracle,1323,L36->L27,,False,0.0,55
oracle,1324,L36->L28,,False,0.0,55
oracle,1325,L36->L29,,False,0.0,55
oracle,1326,L36->L30,,False,0.0,55
oracle,1327,L36->L31,,False,0.0,55
oracle,1328,L36->L32,,False,0.0,55
oracle,1329,L36->L33,,False,0.0,55
oracle,1330,L36->L34,,False,0.0,55
oracle,1331,L36->L35,,False,0.0,55
oracle,1332,L36->L37,,False,0.0,55
oracle,1333,L36->L38,,False,0.0,55
oracle,1334,L37->L01,,False,0.0,55
oracle,1335,L37->L02,,False,0.0,55
oracle,1336,L37->L03,,False,0.0,55
oracle,1337,L37->L04,,False,0.0,55
oracle,1338,L37->L05,,False,0.0,55
oracle,1339,L37->L06,,False,0.0,55
oracle,1340,L37->L07,,False,0.0,55
oracle,1341,L37->L08,,False,0.0,55
oracle,1342,L37->L09,,False,0.0,55
oracle,1343,L37->L10,,False,0.0,55
oracle,1344,L37->L11,,False,0.0,55
oracle,1345,L37->L12,,False,0.0,55
oracle,1346,L37->L13,,False,0.0,55
oracle,1347,L37->L14,,False,0.0,55
oracle,1348,L37->L15,,False,0.0,55
oracle,1349,L37->L16,,False,0.0,55
oracle,1350,L37->L17,,False,0.0,55
oracle,1351,L37->L18,,False,0.0,55
oracle,1352,L37->L19,,False,0.0,55
oracle,1353,L37->L20,,False,0.0,55
oracle,1354,L37->L21,,False,0.0,55
oracle,1355,L37->L22,,False,0.0,55
oracle,1356,L37->L23,,False,0.0,55
oracle,1357,L37->L24,,False,0.0,55
oracle,1358,L37->L25,,False,0.0,55
oracle,1359,L37->L26,,False,0.0,55
oracle,1360,L37->L27,,False,0.0,55
oracle,1361,L37->L28,,False,0.0,55
oracle,1362,L37->L29,,False,0.0,55
oracle,1363,L37->L30,,False,0.0,55
oracle,1364,L37->L31,,False,0.0,55
oracle,1365,L37->L32,,False,0.0,55
oracle,1366,L37->L33,,False,0.0,55
oracle,1367,L37->L34,,False,0.0,55
oracle,1368,L37->L35,,False,0.0,55
oracle,1369,L37->L36,,False,0.0,55
oracle,1370,L37->L38,,False,0.0,55
oracle,1371,L38->L01,,False,0.0,55
oracle,1372,L38->L02,,False,0.0,55
oracle,1373,L38->L03,,False,0.0,55
oracle,1374,L38->L04,,False,0.0,55
oracle,1375,L38->L05,,False,0.0,55
oracle,1376,L38->L06,,False,0.0,55
oracle,1377,L38->L07,,False,0.0,55
oracle,1378,L38->L08,,False,0.0,55
oracle,1379,L38->L09,,False,0.0,55
oracle,1380,L38->L10,,False,0.0,55
oracle,1381,L38->L11,,False,0.0,55
oracle,1382,L38->L12,,False,0.0,55
oracle,1383,L38->L13,,False,0.0,55
oracle,1384,L38->L14,,False,0.0,55
oracle,1385,L38->L15,,False,0.0,55
oracle,1386,L38->L16,,False,0.0,55
oracle,1387,L38->L17,,False,0.0,55
oracle,1388,L38->L18,,False,0.0,55
oracle,1389,L38->L19,,False,0.0,55
oracle,1390,L38->L20,,False,0.0,55
oracle,1391,L38->L21,,False,0.0,55
oracle,1392,L38->L22,,False,0.0,55
oracle,1393,L38->L23,,False,0.0,55
oracle,1394,L38->L24,,False,0.0,55
oracle,1395,L38->L25,,False,0.0,55
oracle,1396,L38->L26,,False,0.0,55
oracle,1397,L38->L27,,False,0.0,55
oracle,1398,L38->L28,,False,0.0,55
oracle,1399,L38->L29,,False,0.0,55
oracle,1400,L38->L30,,False,0.0,55
oracle,1401,L38->L32,,False,0.0,55
oracle,1402,L38->L33,,False,0.0,55
oracle,1403,L38->L34,,False,0.0,55
oracle,1404,L38->L35,,False,0.0,55
oracle,1405,L38->L36,,False,0.0,55
oracle,1406,L38->L37,,False,0.0,55
