scenario_id,seed,path,first_line,second_line,converged,critical,total_load_shed_mw,island_load_shed_mw,redispatch_load_shed_mw,final_max_loading_ratio,final_outage_labels,num_final_outages,max_event_loading_ratio,max_pre_redispatch_loading_ratio,num_relay_trips,relay_trip_labels,num_passive_outages,has_overload_cascade,critical_mechanism,error
1,20260708,L001->L002,L001,L002,True,False,0.0,0.0,0.0,1.0000000000000073,"L001,L002,L018,L019,L030,L044,L045,L046,L054,L060,L102,L104,L109,L110,L111,L113,L115,L128,L134,L140,L150,L153,L154,L155,L156,L157,L158,L159,L160,L169,L178,L179,L182",33,46.73220829102606,46.73220829102606,31,"L018,L019,L030,L044,L045,L046,L054,L060,L102,L104,L109,L110,L111,L113,L115,L128,L134,L140,L150,L153,L154,L155,L156,L157,L158,L159,L160,L169,L178,L179,L182",31,True,non_critical,
1,20260708,L001->L003,L001,L003,True,False,0.0,0.0,0.0,1.0000000000000273,"L001,L003",2,1.1113979639938187,1.1113979639938187,0,,0,False,non_critical,
1,20260708,L001->L004,L001,L004,True,False,0.0,0.0,0.0,1.0000000000000675,"L001,L004",2,1.006557097871933,1.006557097871933,0,,0,False,non_critical,
1,20260708,L001->L005,L001,L005,True,False,0.0,0.0,0.0,1.0000000000000073,"L001,L005,L012,L014,L015,L018,L019,L020,L030,L044,L045,L046,L054,L060,L102,L104,L109,L110,L111,L113,L115,L128,L134,L140,L150,L153,L154,L155,L156,L157,L158,L159,L160,L169,L178,L179,L182",37,46.14770628156798,46.14770628156798,35,"L012,L014,L015,L018,L019,L020,L030,L044,L045,L046,L054,L060,L102,L104,L109,L110,L111,L113,L115,L128,L134,L140,L150,L153,L154,L155,L156,L157,L158,L159,L160,L169,L178,L179,L182",35,True,non_critical,
1,20260708,L001->L006,L001,L006,True,True,25.67010059251546,25.67010059251546,0.0,1.0000000000000024,"L001,L006,L012,L014,L018,L019,L020,L022,L030,L044,L045,L046,L054,L056,L060,L102,L104,L109,L110,L111,L112,L113,L115,L128,L134,L140,L149,L150,L153,L154,L155,L156,L157,L158,L160,L169,L178,L179,L182",39,45.03828421381943,45.03828421381943,37,"L012,L014,L018,L019,L020,L022,L030,L044,L045,L046,L054,L056,L060,L102,L104,L109,L110,L111,L112,L113,L115,L128,L134,L140,L149,L150,L153,L154,L155,L156,L157,L158,L160,L169,L178,L179,L182",37,True,relay_cascade,
1,20260708,L001->L007,L001,L007,True,True,126.01555459277004,126.01555459277004,0.0,1.0000000000000007,"L001,L007,L018,L019,L020,L030,L045,L046,L060,L065,L102,L104,L109,L110,L111,L113,L115,L128,L129,L130,L131,L132,L134,L140,L148,L149,L150,L153,L154,L155,L156,L157,L158,L159,L160,L169,L178,L179,L182",39,52.93559104580328,52.93559104580328,37,"L018,L019,L020,L030,L045,L046,L060,L065,L102,L104,L109,L110,L111,L113,L115,L128,L129,L130,L131,L132,L134,L140,L148,L149,L150,L153,L154,L155,L156,L157,L158,L159,L160,L169,L178,L179,L182",37,True,relay_cascade,
1,20260708,L001->L008,L001,L008,True,True,45.33992084418746,40.354199858188814,4.985720985998649,1.0000000000000013,"L001,L008,L017,L018,L019,L020,L022,L026,L030,L037,L044,L045,L046,L060,L102,L104,L109,L110,L111,L112,L113,L115,L128,L134,L140,L143,L148,L150,L153,L154,L155,L156,L157,L158,L159,L160,L169,L178,L179,L182",40,47.42100658918409,47.42100658918409,38,"L017,L018,L019,L020,L022,L026,L030,L037,L044,L045,L046,L060,L102,L104,L109,L110,L111,L112,L113,L115,L128,L134,L140,L143,L148,L150,L153,L154,L155,L156,L157,L158,L159,L160,L169,L178,L179,L182",38,True,relay_cascade,
1,20260708,L001->L009,L001,L009,True,True,126.01555459277004,126.01555459277004,0.0,1.0000000000000138,"L001,L009,L018,L019,L020,L030,L045,L046,L060,L065,L102,L104,L109,L110,L111,L113,L115,L128,L129,L130,L131,L132,L134,L140,L148,L149,L150,L153,L154,L155,L156,L157,L158,L159,L160,L169,L178,L179,L182",39,52.93559104580328,52.93559104580328,37,"L018,L019,L020,L030,L045,L046,L060,L065,L102,L104,L109,L110,L111,L113,L115,L128,L129,L130,L131,L132,L134,L140,L148,L149,L150,L153,L154,L155,L156,L157,L158,L159,L160,L169,L178,L179,L182",37,True,relay_cascade,
1,20260708,L001->L010,L001,L010,True,False,0.0,0.0,0.0,1.0000000000000273,"L001,L010,L014,L015,L018,L019",6,2.1262935887762136,2.1262935887762136,4,"L014,L015,L018,L019",4,True,non_critical,
1,20260708,L001->L011,L001,L011,True,True,52.660576267683076,47.67485528168443,4.985720985998649,1.0000000000000002,"L001,L010,L011,L014,L015,L018,L019,L020,L022,L030,L037,L044,L045,L046,L060,L102,L104,L109,L110,L111,L112,L113,L115,L128,L134,L140,L143,L148,L150,L153,L154,L155,L156,L157,L158,L159,L160,L169,L178,L179,L182",41,47.422080296512995,47.422080296512995,39,"L010,L014,L015,L018,L019,L020,L022,L030,L037,L044,L045,L046,L060,L102,L104,L109,L110,L111,L112,L113,L115,L128,L134,L140,L143,L148,L150,L153,L154,L155,L156,L157,L158,L159,L160,L169,L178,L179,L182",39,True,relay_cascade,
1,20260708,L001->L012,L001,L012,True,True,25.67010059251546,25.67010059251546,0.0,1.0000000000000024,"L001,L012,L014,L015,L018,L019,L020,L022,L030,L044,L045,L046,L054,L056,L060,L102,L104,L109,L110,L111,L112,L113,L115,L128,L134,L140,L149,L150,L153,L154,L155,L156,L157,L158,L160,L169,L178,L179,L182",39,45.4796165136413,45.4796165136413,37,"L014,L015,L018,L019,L020,L022,L030,L044,L045,L046,L054,L056,L060,L102,L104,L109,L110,L111,L112,L113,L115,L128,L134,L140,L149,L150,L153,L154,L155,L156,L157,L158,L160,L169,L178,L179,L182",37,True,relay_cascade,
1,20260708,L001->L013,L001,L013,True,True,20.67354040745169,20.67354040745169,0.0,1.0000000000000073,"L001,L013,L018,L030,L044,L045,L046,L054,L060,L102,L104,L109,L110,L111,L113,L115,L128,L134,L140,L150,L153,L154,L155,L156,L157,L158,L159,L160,L169,L178,L179,L182",32,46.32670268402444,46.32670268402444,30,"L018,L030,L044,L045,L046,L054,L060,L102,L104,L109,L110,L111,L113,L115,L128,L134,L140,L150,L153,L154,L155,L156,L157,L158,L159,L160,L169,L178,L179,L182",30,True,relay_cascade,
1,20260708,L001->L014,L001,L014,True,False,0.0,0.0,0.0,1.0000000000000273,"L001,L014",2,1.0039306209245373,1.0039306209245373,0,,0,False,non_critical,
1,20260708,L001->L015,L001,L015,True,False,0.0,0.0,0.0,1.000000000000023,"L001,L015",2,1.1899144787925675,1.1899144787925675,0,,0,False,non_critical,
1,20260708,L001->L016,L001,L016,True,True,31.514792047850804,31.514792047850804,0.0,1.0000000000000073,"L001,L016,L018,L019,L030,L044,L045,L046,L054,L060,L102,L104,L109,L110,L111,L113,L115,L128,L134,L140,L150,L153,L154,L155,L156,L157,L158,L159,L160,L169,L178,L179,L182",33,46.05840668473219,46.05840668473219,31,"L018,L019,L030,L044,L045,L046,L054,L060,L102,L104,L109,L110,L111,L113,L115,L128,L134,L140,L150,L153,L154,L155,L156,L157,L158,L159,L160,L169,L178,L179,L182",31,True,relay_cascade,
1,20260708,L001->L017,L001,L017,True,True,14.684099265673353,14.684099265673353,0.0,1.0000000000000073,"L001,L017,L018,L019,L030,L044,L045,L046,L054,L060,L102,L104,L109,L110,L111,L113,L115,L128,L134,L140,L150,L153,L154,L155,L156,L157,L158,L159,L160,L169,L178,L179,L182",33,46.474842315458154,46.474842315458154,31,"L018,L019,L030,L044,L045,L046,L054,L060,L102,L104,L109,L110,L111,L113,L115,L128,L134,L140,L150,L153,L154,L155,L156,L157,L158,L159,L160,L169,L178,L179,L182",31,True,relay_cascade,
1,20260708,L001->L018,L001,L018,True,False,0.0,0.0,0.0,1.000000000000023,"L001,L018",2,1.000371423787231,1.000371423787231,0,,0,False,non_critical,
1,20260708,L001->L019,L001,L019,True,False,0.0,0.0,0.0,1.0000000000000273,"L001,L018,L019",3,1.2737658375446155,1.2737658375446155,1,L018,1,True,non_critical,
1,20260708,L001->L020,L001,L020,True,False,0.0,0.0,0.0,1.0000000000000069,"L001,L018,L020",3,1.8512716687521522,1.8512716687521522,1,L018,1,True,non_critical,
1,20260708,L001->L021,L001,L021,True,True,22.50545676159403,22.50545676159403,0.0,1.0000000000000002,"L001,L018,L019,L021,L024,L026,L030,L039,L044,L045,L046,L048,L054,L060,L102,L109,L110,L111,L112,L113,L114,L115,L128,L134,L140,L150,L153,L154,L155,L156,L157,L158,L159,L160,L169,L178,L179,L182",38,45.29284146776847,45.29284146776847,36,"L018,L019,L024,L026,L030,L039,L044,L045,L046,L048,L054,L060,L102,L109,L110,L111,L112,L113,L114,L115,L128,L134,L140,L150,L153,L154,L155,L156,L157,L158,L159,L160,L169,L178,L179,L182",36,True,relay_cascade,
1,20260708,L001->L022,L001,L022,True,True,25.67010059251546,25.67010059251546,0.0,1.0000000000000073,"L001,L018,L019,L020,L022,L030,L044,L045,L046,L054,L060,L102,L104,L109,L110,L111,L113,L115,L128,L134,L140,L150,L153,L154,L155,L156,L157,L158,L159,L160,L169,L178,L179,L182",34,46.20216588089892,46.20216588089892,32,"L018,L019,L020,L030,L044,L045,L046,L054,L060,L102,L104,L109,L110,L111,L113,L115,L128,L134,L140,L150,L153,L154,L155,L156,L157,L158,L159,L160,L169,L178,L179,L182",32,True,relay_cascade,
1,20260708,L001->L023,L001,L023,True,False,0.0,0.0,0.0,1.0000000000000546,"L001,L018,L023,L178",4,2.2017090313691745,2.2017090313691745,2,"L018,L178",2,True,non_critical,
1,20260708,L001->L024,L001,L024,True,False,0.0,0.0,0.0,1.000000000000002,"L001,L018,L024,L178",4,2.4123384477608982,2.4123384477608982,2,"L018,L178",2,True,non_critical,
1,20260708,L001->L025,L001,L025,True,False,0.0,0.0,0.0,1.0000000000000069,"L001,L025",2,1.075029144553425,1.075029144553425,0,,0,False,non_critical,
1,20260708,L001->L026,L001,L026,True,False,0.0,0.0,0.0,1.000000000000023,"L001,L026",2,1.0189891353375256,1.0189891353375256,0,,0,False,non_critical,
1,20260708,L001->L027,L001,L027,True,False,0.0,0.0,0.0,1.0000000000000069,"L001,L018,L027,L115",4,1.6317381576944963,1.6317381576944963,2,"L018,L115",2,True,non_critical,
1,20260708,L001->L028,L001,L028,True,True,32.235359849353586,32.235359849353586,0.0,1.000000000000004,"L001,L018,L019,L025,L028,L030,L044,L045,L046,L054,L060,L102,L104,L109,L110,L111,L112,L113,L114,L115,L128,L134,L140,L150,L153,L154,L155,L156,L157,L158,L159,L160,L169,L178,L179,L182",36,46.07770921424251,46.07770921424251,34,"L018,L019,L025,L030,L044,L045,L046,L054,L060,L102,L104,L109,L110,L111,L112,L113,L114,L115,L128,L134,L140,L150,L153,L154,L155,L156,L157,L158,L159,L160,L169,L178,L179,L182",34,True,relay_cascade,
1,20260708,L001->L029,L001,L029,True,True,42.3080770354206,42.3080770354206,0.0,1.000000000000004,"L001,L018,L019,L025,L029,L030,L044,L045,L046,L054,L060,L102,L104,L109,L110,L111,L112,L113,L114,L115,L128,L134,L140,L150,L153,L154,L155,L156,L157,L158,L159,L160,L169,L178,L179,L182",36,45.04072671776891,45.04072671776891,34,"L018,L019,L025,L030,L044,L045,L046,L054,L060,L102,L104,L109,L110,L111,L112,L113,L114,L115,L128,L134,L140,L150,L153,L154,L155,L156,L157,L158,L159,L160,L169,L178,L179,L182",34,True,relay_cascade,
1,20260708,L001->L030,L001,L030,True,False,0.0,0.0,0.0,1.0000000000000329,"L001,L030,L060,L065,L078,L102,L104,L111,L115,L128,L178",11,4.528786645877814,4.528786645877814,9,"L060,L065,L078,L102,L104,L111,L115,L128,L178",9,True,non_critical,
1,20260708,L001->L031,L001,L031,True,True,36.82232008588366,36.82232008588366,0.0,1.0000000000000024,"L001,L018,L019,L025,L030,L031,L039,L040,L043,L044,L045,L046,L054,L056,L060,L102,L104,L109,L110,L111,L112,L113,L115,L128,L134,L140,L148,L149,L150,L153,L154,L155,L156,L157,L158,L159,L160,L169,L178,L179,L182",41,48.53083329072304,48.53083329072304,39,"L018,L019,L025,L030,L039,L040,L043,L044,L045,L046,L054,L056,L060,L102,L104,L109,L110,L111,L112,L113,L115,L128,L134,L140,L148,L149,L150,L153,L154,L155,L156,L157,L158,L159,L160,L169,L178,L179,L182",39,True,relay_cascade,
1,20260708,L001->L032,L001,L032,True,True,12.257909804002352,7.272188818003705,4.985720985998649,1.0,"L001,L018,L019,L025,L030,L032,L039,L040,L044,L045,L046,L054,L060,L102,L104,L109,L111,L112,L113,L115,L128,L134,L140,L143,L148,L150,L153,L154,L155,L156,L157,L158,L159,L160,L169,L178,L179,L180,L182",39,48.84808920104133,48.84808920104133,37,"L018,L019,L025,L030,L039,L040,L044,L045,L046,L054,L060,L102,L104,L109,L111,L112,L113,L115,L128,L134,L140,L143,L148,L150,L153,L154,L155,L156,L157,L158,L159,L160,L169,L178,L179,L180,L182",37,True,relay_cascade,
1,20260708,L001->L033,L001,L033,True,True,35.958503168233044,35.958503168233044,0.0,1.000000000000001,"L001,L018,L019,L033,L039,L040,L043,L044,L045,L046,L054,L060,L102,L109,L110,L111,L113,L115,L128,L134,L140,L150,L153,L154,L155,L156,L158,L159,L160,L169,L178,L179,L180,L182",34,47.57573534421596,47.57573534421596,32,"L018,L019,L039,L040,L043,L044,L045,L046,L054,L060,L102,L109,L110,L111,L113,L115,L128,L134,L140,L150,L153,L154,L155,L156,L158,L159,L160,L169,L178,L179,L180,L182",32,True,relay_cascade,
1,20260708,L001->L034,L001,L034,True,True,41.04569367595296,41.04569367595296,0.0,1.0000000000000073,"L001,L018,L019,L030,L034,L040,L044,L045,L046,L054,L060,L102,L104,L109,L110,L111,L112,L113,L115,L128,L134,L140,L150,L153,L154,L155,L156,L157,L158,L159,L160,L169,L178,L179,L182",35,45.81115350240099,45.81115350240099,33,"L018,L019,L030,L040,L044,L045,L046,L054,L060,L102,L104,L109,L110,L111,L112,L113,L115,L128,L134,L140,L150,L153,L154,L155,L156,L157,L158,L159,L160,L169,L178,L179,L182",33,True,relay_cascade,
1,20260708,L001->L035,L001,L035,True,True,23.91687820767109,23.91687820767109,0.0,1.0000000000000073,"L001,L018,L019,L030,L035,L039,L040,L044,L045,L046,L054,L060,L102,L104,L109,L110,L111,L113,L115,L128,L134,L140,L150,L153,L154,L155,L156,L157,L158,L159,L160,L169,L178,L179,L182",35,46.24055815762263,46.24055815762263,33,"L018,L019,L030,L039,L040,L044,L045,L046,L054,L060,L102,L104,L109,L110,L111,L113,L115,L128,L134,L140,L150,L153,L154,L155,L156,L157,L158,L159,L160,L169,L178,L179,L182",33,True,relay_cascade,
1,20260708,L001->L036,L001,L036,True,True,22.50545676159403,22.50545676159403,0.0,1.0,"L001,L014,L015,L018,L019,L020,L025,L026,L030,L032,L036,L039,L044,L045,L046,L048,L054,L060,L102,L109,L110,L111,L112,L113,L115,L128,L134,L140,L150,L153,L154,L155,L156,L157,L158,L159,L160,L169,L178,L179,L182",41,48.48768902107022,48.48768902107022,39,"L014,L015,L018,L019,L020,L025,L026,L030,L032,L039,L044,L045,L046,L048,L054,L060,L102,L109,L110,L111,L112,L113,L115,L128,L134,L140,L150,L153,L154,L155,L156,L157,L158,L159,L160,L169,L178,L179,L182",39,True,relay_cascade,
1,20260708,L001->L037,L001,L037,True,False,0.0,0.0,0.0,1.0000000000000013,"L001,L014,L018,L019,L020,L030,L037,L044,L045,L046,L060,L102,L109,L110,L111,L113,L115,L128,L134,L140,L150,L153,L154,L155,L156,L157,L158,L159,L160,L169,L178,L179,L182",33,48.134610419246606,48.134610419246606,31,"L014,L018,L019,L020,L030,L044,L045,L046,L060,L102,L109,L110,L111,L113,L115,L128,L134,L140,L150,L153,L154,L155,L156,L157,L158,L159,L160,L169,L178,L179,L182",31,True,non_critical,
1,20260708,L001->L038,L001,L038,True,True,77.36714366189312,77.36714366189312,0.0,1.0,"L001,L018,L025,L030,L032,L038,L039,L043,L045,L046,L060,L065,L102,L104,L109,L110,L111,L112,L113,L115,L128,L129,L130,L131,L134,L140,L149,L150,L153,L154,L155,L156,L157,L158,L159,L160,L169,L178,L179,L182",40,49.08619390275894,49.08619390275894,38,"L018,L025,L030,L032,L039,L043,L045,L046,L060,L065,L102,L104,L109,L110,L111,L112,L113,L115,L128,L129,L130,L131,L134,L140,L149,L150,L153,L154,L155,L156,L157,L158,L159,L160,L169,L178,L179,L182",38,True,relay_cascade,
1,20260708,L001->L039,L001,L039,True,True,4.985720985998649,0.0,4.985720985998649,1.0000000000000004,"L001,L018,L019,L030,L039,L044,L045,L046,L054,L060,L102,L104,L109,L110,L111,L112,L113,L115,L128,L134,L140,L143,L148,L150,L153,L154,L155,L156,L157,L158,L159,L160,L169,L178,L179,L182",36,47.728317579495425,47.728317579495425,34,"L018,L019,L030,L044,L045,L046,L054,L060,L102,L104,L109,L110,L111,L112,L113,L115,L128,L134,L140,L143,L148,L150,L153,L154,L155,L156,L157,L158,L159,L160,L169,L178,L179,L182",34,True,relay_cascade,
1,20260708,L001->L040,L001,L040,True,False,0.0,0.0,0.0,1.000000000000012,"L001,L040,L182",3,3.537065583760901,3.537065583760901,1,L182,1,True,non_critical,
1,20260708,L001->L041,L001,L041,True,True,4.985720985998649,0.0,4.985720985998649,1.0,"L001,L018,L019,L030,L039,L041,L044,L045,L046,L054,L060,L102,L104,L109,L110,L111,L113,L115,L128,L134,L140,L143,L148,L150,L153,L154,L155,L156,L157,L158,L159,L160,L169,L178,L179,L182",36,46.24751578157307,46.24751578157307,34,"L018,L019,L030,L039,L044,L045,L046,L054,L060,L102,L104,L109,L110,L111,L113,L115,L128,L134,L140,L143,L148,L150,L153,L154,L155,L156,L157,L158,L159,L160,L169,L178,L179,L182",34,True,relay_cascade,
1,20260708,L001->L042,L001,L042,True,False,0.0,0.0,0.0,1.000000000000001,"L001,L042,L182",3,6.254550049516983,6.254550049516983,1,L182,1,True,non_critical,
1,20260708,L001->L043,L001,L043,True,False,0.0,0.0,0.0,1.0000000000000018,"L001,L043,L178,L182",4,5.384841076241287,5.384841076241287,2,"L178,L182",2,True,non_critical,
1,20260708,L001->L044,L001,L044,True,False,0.0,0.0,0.0,1.000000000000012,"L001,L044,L045,L115",4,1.6822461595315656,1.6822461595315656,2,"L045,L115",2,True,non_critical,
1,20260708,L001->L045,L001,L045,True,False,0.0,0.0,0.0,1.0000000000000029,"L001,L045",2,1.064513594654713,1.064513594654713,0,,0,False,non_critical,
1,20260708,L001->L046,L001,L046,True,False,0.0,0.0,0.0,1.0000000000000675,"L001,L046",2,1.0012381168408189,1.0012381168408189,0,,0,False,non_critical,
1,20260708,L001->L047,L001,L047,True,True,36.28632632085916,31.300605334860514,4.985720985998649,1.000000000000002,"L001,L018,L030,L044,L045,L046,L047,L056,L057,L060,L065,L077,L078,L082,L095,L102,L104,L109,L110,L111,L113,L115,L128,L134,L140,L143,L148,L150,L153,L154,L155,L156,L157,L158,L159,L160,L169,L178,L179,L182",40,46.070349488160346,46.070349488160346,38,"L018,L030,L044,L045,L046,L056,L057,L060,L065,L077,L078,L082,L095,L102,L104,L109,L110,L111,L113,L115,L128,L134,L140,L143,L148,L150,L153,L154,L155,L156,L157,L158,L159,L160,L169,L178,L179,L182",38,True,relay_cascade,
1,20260708,L001->L048,L001,L048,True,True,0.6412501526810027,0.0,0.6412501526810027,1.0000000000000016,"L001,L018,L048",3,1.3730898426880516,1.3730898426880516,1,L018,1,True,relay_cascade,
1,20260708,L001->L049,L001,L049,True,True,4.985720985998649,0.0,4.985720985998649,1.0000000000000009,"L001,L018,L019,L030,L044,L045,L046,L049,L054,L060,L102,L104,L109,L110,L111,L113,L115,L128,L134,L140,L143,L148,L150,L153,L154,L155,L156,L157,L158,L159,L160,L169,L178,L179,L182",35,47.062806853182806,47.062806853182806,33,"L018,L019,L030,L044,L045,L046,L054,L060,L102,L104,L109,L110,L111,L113,L115,L128,L134,L140,L143,L148,L150,L153,L154,L155,L156,L157,L158,L159,L160,L169,L178,L179,L182",33,True,relay_cascade,
1,20260708,L001->L050,L001,L050,True,True,38.86729284229599,33.88157185629734,4.985720985998649,1.0000000000000002,"L001,L018,L019,L030,L044,L045,L046,L050,L059,L060,L061,L102,L104,L109,L110,L111,L113,L115,L128,L134,L140,L143,L148,L150,L153,L154,L155,L156,L157,L158,L159,L160,L169,L178,L179,L182",36,45.9948012679531,45.9948012679531,34,"L018,L019,L030,L044,L045,L046,L059,L060,L061,L102,L104,L109,L110,L111,L113,L115,L128,L134,L140,L143,L148,L150,L153,L154,L155,L156,L157,L158,L159,L160,L169,L178,L179,L182",34,True,relay_cascade,
1,20260708,L001->L051,L001,L051,True,True,59.27261934980908,59.27261934980908,0.0,1.000000000000001,"L001,L018,L019,L024,L044,L045,L046,L048,L051,L056,L057,L058,L060,L065,L074,L077,L078,L082,L095,L102,L104,L109,L110,L111,L112,L113,L115,L128,L134,L140,L149,L150,L153,L154,L155,L156,L157,L158,L160,L169,L178,L179,L182",43,46.36401893922927,46.36401893922927,41,"L018,L019,L024,L044,L045,L046,L048,L056,L057,L058,L060,L065,L074,L077,L078,L082,L095,L102,L104,L109,L110,L111,L112,L113,L115,L128,L134,L140,L149,L150,L153,L154,L155,L156,L157,L158,L160,L169,L178,L179,L182",41,True,relay_cascade,
1,20260708,L001->L052,L001,L052,True,False,0.0,0.0,0.0,1.000000000000023,"L001,L052,L060,L115",4,1.5421071226782745,1.5421071226782745,2,"L060,L115",2,True,non_critical,
1,20260708,L001->L053,L001,L053,True,False,0.0,0.0,0.0,1.0,"L001,L053,L060,L115",4,1.444657321352377,1.444657321352377,2,"L060,L115",2,True,non_critical,
1,20260708,L001->L054,L001,L054,True,True,31.890688783719977,31.890688783719977,0.0,1.0000000000000002,"L001,L018,L019,L025,L030,L032,L039,L044,L045,L046,L054,L060,L062,L063,L064,L065,L078,L102,L104,L105,L106,L109,L111,L112,L113,L115,L128,L134,L140,L150,L153,L154,L155,L156,L158,L160,L169,L178,L179,L182",40,49.82322160754955,49.82322160754955,38,"L018,L019,L025,L030,L032,L039,L044,L045,L046,L060,L062,L063,L064,L065,L078,L102,L104,L105,L106,L109,L111,L112,L113,L115,L128,L134,L140,L150,L153,L154,L155,L156,L158,L160,L169,L178,L179,L182",38,True,relay_cascade,
1,20260708,L001->L055,L001,L055,True,False,0.0,0.0,0.0,1.0000000000000273,"L001,L055,L060,L115",4,1.3182989504817273,1.3182989504817273,2,"L060,L115",2,True,non_critical,
1,20260708,L001->L056,L001,L056,True,False,0.0,0.0,0.0,1.0000000000000135,"L001,L056,L060,L115",4,1.25699563980092,1.25699563980092,2,"L060,L115",2,True,non_critical,
1,20260708,L001->L057,L001,L057,True,False,0.0,0.0,0.0,1.000000000000023,"L001,L057",2,1.0634273517327704,1.0634273517327704,0,,0,False,non_critical,
1,20260708,L001->L058,L001,L058,True,False,0.0,0.0,0.0,1.0000000000000675,"L001,L058",2,1.16626522871125,1.16626522871125,0,,0,False,non_critical,
1,20260708,L001->L059,L001,L059,True,True,23.332218946873517,18.346497960874867,4.985720985998649,1.0000000000000007,"L001,L018,L030,L044,L045,L046,L059,L060,L102,L104,L109,L110,L111,L113,L115,L128,L134,L140,L143,L148,L150,L153,L154,L155,L156,L157,L158,L159,L160,L169,L178,L179,L182",33,46.42806823745254,46.42806823745254,31,"L018,L030,L044,L045,L046,L060,L102,L104,L109,L110,L111,L113,L115,L128,L134,L140,L143,L148,L150,L153,L154,L155,L156,L157,L158,L159,L160,L169,L178,L179,L182",31,True,relay_cascade,
1,20260708,L001->L060,L001,L060,True,False,0.0,0.0,0.0,1.0000000000000135,"L001,L060",2,1.103254489899122,1.103254489899122,0,,0,False,non_critical,
1,20260708,L001->L061,L001,L061,True,True,70.703891942181,70.703891942181,0.0,1.0,"L001,L018,L019,L044,L045,L046,L054,L060,L061,L102,L104,L109,L110,L111,L112,L113,L115,L128,L134,L140,L148,L149,L150,L153,L154,L155,L156,L157,L158,L159,L160,L169,L178,L179,L182",35,46.03257863850086,46.03257863850086,33,"L018,L019,L044,L045,L046,L054,L060,L102,L104,L109,L110,L111,L112,L113,L115,L128,L134,L140,L148,L149,L150,L153,L154,L155,L156,L157,L158,L159,L160,L169,L178,L179,L182",33,True,relay_cascade,
1,20260708,L001->L062,L001,L062,True,False,0.0,0.0,0.0,1.0000000000000273,"L001,L060,L062,L065,L128",5,2.1560499963290214,2.1560499963290214,3,"L060,L065,L128",3,True,non_critical,
1,20260708,L001->L063,L001,L063,True,False,0.0,0.0,0.0,1.000000000000033,"L001,L018,L019,L030,L044,L045,L046,L054,L056,L057,L060,L063,L065,L102,L104,L106,L109,L110,L111,L113,L115,L128,L134,L140,L150,L153,L154,L155,L156,L158,L160,L169,L178,L179,L182",35,42.33788752513216,42.33788752513216,33,"L018,L019,L030,L044,L045,L046,L054,L056,L057,L060,L065,L102,L104,L106,L109,L110,L111,L113,L115,L128,L134,L140,L150,L153,L154,L155,L156,L158,L160,L169,L178,L179,L182",33,True,non_critical,
1,20260708,L001->L064,L001,L064,True,False,0.0,0.0,0.0,1.0000000000000675,"L001,L064",2,1.1435887039138657,1.1435887039138657,0,,0,False,non_critical,
1,20260708,L001->L065,L001,L065,True,False,0.0,0.0,0.0,1.0000000000000675,"L001,L065",2,1.0727683910838115,1.0727683910838115,0,,0,False,non_critical,
1,20260708,L001->L066,L001,L066,True,False,0.0,0.0,0.0,1.000000000000008,"L001,L045,L060,L065,L066,L077,L078,L102,L104,L109,L111,L115,L128,L178",14,2.832036978360442,2.832036978360442,12,"L045,L060,L065,L077,L078,L102,L104,L109,L111,L115,L128,L178",12,True,non_critical,
1,20260708,L001->L067,L001,L067,True,False,0.0,0.0,0.0,1.000000000000008,"L001,L045,L060,L065,L067,L077,L078,L102,L104,L109,L111,L115,L128,L178",14,2.832036978360442,2.832036978360442,12,"L045,L060,L065,L077,L078,L102,L104,L109,L111,L115,L128,L178",12,True,non_critical,
1,20260708,L001->L068,L001,L068,True,True,1.2386774520145805,0.0,1.2386774520145805,1.0000000000000016,"L001,L060,L068,L102",4,2.8280459986642095,2.8280459986642095,2,"L060,L102",2,True,relay_cascade,
1,20260708,L001->L069,L001,L069,True,False,0.0,0.0,0.0,1.000000000000023,"L001,L060,L069",3,1.427869099996724,1.427869099996724,1,L060,1,True,non_critical,
1,20260708,L001->L070,L001,L070,True,True,4.985720985998649,0.0,4.985720985998649,1.0,"L001,L018,L019,L030,L044,L045,L046,L054,L056,L060,L065,L070,L077,L078,L079,L082,L102,L104,L109,L110,L111,L112,L113,L115,L128,L134,L140,L143,L148,L150,L153,L154,L155,L156,L157,L158,L159,L160,L169,L178,L179,L182",42,46.126125812423886,46.126125812423886,40,"L018,L019,L030,L044,L045,L046,L054,L056,L060,L065,L077,L078,L079,L082,L102,L104,L109,L110,L111,L112,L113,L115,L128,L134,L140,L143,L148,L150,L153,L154,L155,L156,L157,L158,L159,L160,L169,L178,L179,L182",40,True,relay_cascade,
1,20260708,L001->L071,L001,L071,True,True,70.56694602954056,70.56694602954056,0.0,1.0000000000000002,"L001,L018,L019,L044,L045,L046,L054,L060,L071,L073,L074,L078,L082,L102,L104,L109,L110,L111,L113,L115,L128,L134,L140,L149,L150,L153,L154,L155,L156,L157,L158,L160,L169,L178,L179,L182",36,45.13915706626347,45.13915706626347,34,"L018,L019,L044,L045,L046,L054,L060,L073,L074,L078,L082,L102,L104,L109,L110,L111,L113,L115,L128,L134,L140,L149,L150,L153,L154,L155,L156,L157,L158,L160,L169,L178,L179,L182",34,True,relay_cascade,
1,20260708,L001->L072,L001,L072,True,True,42.88779933795389,42.88779933795389,0.0,1.0000000000000002,"L001,L018,L019,L044,L045,L046,L054,L060,L072,L074,L102,L104,L109,L110,L111,L113,L115,L128,L134,L140,L149,L150,L153,L154,L155,L156,L158,L159,L160,L169,L178,L179,L182",33,45.79569194962952,45.79569194962952,31,"L018,L019,L044,L045,L046,L054,L060,L074,L102,L104,L109,L110,L111,L113,L115,L128,L134,L140,L149,L150,L153,L154,L155,L156,L158,L159,L160,L169,L178,L179,L182",31,True,relay_cascade,
1,20260708,L001->L073,L001,L073,True,False,0.0,0.0,0.0,1.0000000000000135,"L001,L073",2,1.0086955690304857,1.0086955690304857,0,,0,False,non_critical,
1,20260708,L001->L074,L001,L074,True,False,0.0,0.0,0.0,1.000000000000023,"L001,L074,L078,L082",4,1.5808087832131286,1.5808087832131286,2,"L078,L082",2,True,non_critical,
1,20260708,L001->L075,L001,L075,True,False,0.0,0.0,0.0,1.000000000000023,"L001,L075",2,1.154320452697171,1.154320452697171,0,,0,False,non_critical,
1,20260708,L001->L076,L001,L076,True,False,0.0,0.0,0.0,1.000000000000023,"L001,L076",2,1.1530352387375795,1.1530352387375795,0,,0,False,non_critical,
1,20260708,L001->L077,L001,L077,True,False,0.0,0.0,0.0,1.000000000000023,"L001,L077",2,1.001070135154075,1.001070135154075,0,,0,False,non_critical,
1,20260708,L001->L078,L001,L078,True,False,0.0,0.0,0.0,1.000000000000023,"L001,L078",2,1.1020685729982498,1.1020685729982498,0,,0,False,non_critical,
1,20260708,L001->L079,L001,L079,True,False,0.0,0.0,0.0,1.0000000000000453,"L001,L077,L078,L079",4,2.655667885260404,2.655667885260404,2,"L077,L078",2,True,non_critical,
1,20260708,L001->L080,L001,L080,True,False,0.0,0.0,0.0,1.0000000000000049,"L001,L080",2,1.0280843334418572,1.0280843334418572,0,,0,False,non_critical,
1,20260708,L001->L081,L001,L081,True,False,0.0,0.0,0.0,1.000000000000003,"L001,L077,L078,L079,L081,L082,L102",7,1.6776526729075785,1.6776526729075785,5,"L077,L078,L079,L082,L102",5,True,non_critical,
1,20260708,L001->L082,L001,L082,True,False,0.0,0.0,0.0,1.000000000000023,"L001,L082",2,1.017297335750084,1.017297335750084,0,,0,False,non_critical,
1,20260708,L001->L083,L001,L083,True,False,0.0,0.0,0.0,1.0000000000000273,"L001,L083",2,1.0308309694968762,1.0308309694968762,0,,0,False,non_critical,
1,20260708,L001->L084,L001,L084,True,False,0.0,0.0,0.0,1.0000000000000024,"L001,L084",2,1.0258207134126252,1.0258207134126252,0,,0,False,non_critical,
1,20260708,L001->L085,L001,L085,True,False,0.0,0.0,0.0,1.0000000000000675,"L001,L085",2,1.1865748535856053,1.1865748535856053,0,,0,False,non_critical,
1,20260708,L001->L086,L001,L086,True,False,0.0,0.0,0.0,1.0000000000000675,"L001,L086",2,1.198113668054177,1.198113668054177,0,,0,False,non_critical,
1,20260708,L001->L087,L001,L087,True,False,0.0,0.0,0.0,1.000000000000023,"L001,L087",2,1.0921920773790872,1.0921920773790872,0,,0,False,non_critical,
1,20260708,L001->L088,L001,L088,True,False,0.0,0.0,0.0,1.0000000000000024,"L001,L088",2,1.1031472838528122,1.1031472838528122,0,,0,False,non_critical,
1,20260708,L001->L089,L001,L089,True,False,0.0,0.0,0.0,1.0000000000000273,"L001,L089",2,1.1177364332101072,1.1177364332101072,0,,0,False,non_critical,
1,20260708,L001->L090,L001,L090,True,True,36.82232008588366,36.82232008588366,0.0,1.0000000000000056,"L001,L018,L019,L030,L044,L045,L046,L054,L056,L060,L065,L089,L090,L091,L092,L095,L102,L104,L109,L110,L111,L113,L115,L126,L127,L128,L134,L140,L148,L149,L150,L153,L154,L155,L156,L157,L158,L159,L160,L169,L178,L179,L182",43,49.633668903476185,49.633668903476185,41,"L018,L019,L030,L044,L045,L046,L054,L056,L060,L065,L089,L091,L092,L095,L102,L104,L109,L110,L111,L113,L115,L126,L127,L128,L134,L140,L148,L149,L150,L153,L154,L155,L156,L157,L158,L159,L160,L169,L178,L179,L182",41,True,relay_cascade,
1,20260708,L001->L091,L001,L091,True,False,0.0,0.0,0.0,1.000000000000023,"L001,L091",2,1.0595282308540308,1.0595282308540308,0,,0,False,non_critical,
1,20260708,L001->L092,L001,L092,True,False,0.0,0.0,0.0,1.000000000000023,"L001,L092",2,1.0166138559918954,1.0166138559918954,0,,0,False,non_critical,
1,20260708,L001->L093,L001,L093,True,False,0.0,0.0,0.0,1.0000000000000675,"L001,L018,L045,L060,L065,L077,L078,L082,L091,L093,L095,L102,L128",13,2.770148203001436,2.770148203001436,11,"L018,L045,L060,L065,L077,L078,L082,L091,L095,L102,L128",11,True,non_critical,
1,20260708,L001->L094,L001,L094,True,False,0.0,0.0,0.0,1.0000000000000675,"L001,L018,L045,L060,L065,L077,L078,L082,L091,L094,L095,L102,L128",13,2.7701482030014373,2.7701482030014373,11,"L018,L045,L060,L065,L077,L078,L082,L091,L095,L102,L128",11,True,non_critical,
1,20260708,L001->L095,L001,L095,True,False,0.0,0.0,0.0,1.000000000000023,"L001,L095,L102",3,1.5262466644272996,1.5262466644272996,1,L102,1,True,non_critical,
1,20260708,L001->L096,L001,L096,True,True,18.346497960874867,18.346497960874867,0.0,1.0000000000000038,"L001,L018,L030,L045,L046,L056,L057,L059,L060,L096,L102,L109,L110,L111,L112,L115,L128,L134,L140,L150,L153,L154,L155,L156,L157,L158,L159,L160,L169,L178,L179,L182",32,46.90836599535548,46.90836599535548,30,"L018,L030,L045,L046,L056,L057,L059,L060,L102,L109,L110,L111,L112,L115,L128,L134,L140,L150,L153,L154,L155,L156,L157,L158,L159,L160,L169,L178,L179,L182",30,True,relay_cascade,
1,20260708,L001->L097,L001,L097,True,False,0.0,0.0,0.0,1.0000000000000675,"L001,L018,L045,L060,L065,L077,L078,L082,L091,L095,L097,L102,L111,L128",14,7.9812862511105696,7.9812862511105696,12,"L018,L045,L060,L065,L077,L078,L082,L091,L095,L102,L111,L128",12,True,non_critical,
1,20260708,L001->L098,L001,L098,True,False,0.0,0.0,0.0,1.0000000000000135,"L001,L060,L065,L098,L102",5,5.23485961285617,5.23485961285617,3,"L060,L065,L102",3,True,non_critical,
1,20260708,L001->L099,L001,L099,True,False,0.0,0.0,0.0,1.0000000000000135,"L001,L060,L065,L099,L102",5,5.23485961285617,5.23485961285617,3,"L060,L065,L102",3,True,non_critical,
1,20260708,L001->L100,L001,L100,True,False,0.0,0.0,0.0,1.000000000000023,"L001,L100,L102,L128",4,2.056734170184245,2.056734170184245,2,"L102,L128",2,True,non_critical,
1,20260708,L001->L101,L001,L101,True,False,0.0,0.0,0.0,1.000000000000023,"L001,L101,L102",3,1.5679666575910831,1.5679666575910831,1,L102,1,True,non_critical,
1,20260708,L001->L102,L001,L102,True,False,0.0,0.0,0.0,1.0000000000000675,"L001,L102",2,1.079452534116565,1.079452534116565,0,,0,False,non_critical,
1,20260708,L001->L103,L001,L103,True,False,0.0,0.0,0.0,1.000000000000023,"L001,L102,L103,L128",4,2.613426906242069,2.613426906242069,2,"L102,L128",2,True,non_critical,
1,20260708,L001->L104,L001,L104,True,True,4.985720985998649,0.0,4.985720985998649,1.0,"L001,L018,L019,L030,L044,L045,L046,L054,L056,L060,L065,L102,L104,L109,L110,L111,L112,L113,L115,L128,L134,L140,L143,L148,L150,L153,L154,L155,L156,L157,L158,L159,L160,L169,L178,L179,L182",37,47.74523425555352,47.74523425555352,35,"L018,L019,L030,L044,L045,L046,L054,L056,L060,L065,L102,L109,L110,L111,L112,L113,L115,L128,L134,L140,L143,L148,L150,L153,L154,L155,L156,L157,L158,L159,L160,L169,L178,L179,L182",35,True,relay_cascade,
1,20260708,L001->L105,L001,L105,True,False,0.0,0.0,0.0,1.0000000000000038,"L001,L018,L030,L044,L045,L046,L056,L057,L060,L064,L065,L077,L078,L082,L095,L102,L104,L105,L106,L109,L110,L111,L113,L114,L115,L128,L134,L140,L153,L154,L155,L156,L158,L160,L169,L178,L179,L182",38,40.421158702020236,40.421158702020236,36,"L018,L030,L044,L045,L046,L056,L057,L060,L064,L065,L077,L078,L082,L095,L102,L104,L106,L109,L110,L111,L113,L114,L115,L128,L134,L140,L153,L154,L155,L156,L158,L160,L169,L178,L179,L182",36,True,non_critical,
1,20260708,L001->L106,L001,L106,True,True,31.890688783719977,31.890688783719977,0.0,1.0000000000000007,"L001,L018,L030,L044,L045,L046,L056,L057,L060,L062,L063,L064,L065,L077,L078,L082,L095,L102,L104,L105,L106,L109,L110,L111,L113,L114,L115,L128,L134,L140,L153,L154,L155,L156,L158,L160,L169,L178,L179,L182",40,40.421158702020236,40.421158702020236,38,"L018,L030,L044,L045,L046,L056,L057,L060,L062,L063,L064,L065,L077,L078,L082,L095,L102,L104,L105,L109,L110,L111,L113,L114,L115,L128,L134,L140,L153,L154,L155,L156,L158,L160,L169,L178,L179,L182",38,True,relay_cascade,
1,20260708,L001->L107,L001,L107,True,True,81.35922639729833,81.35922639729833,0.0,1.0000000000000013,"L001,L018,L019,L030,L044,L045,L046,L060,L065,L102,L104,L107,L109,L110,L111,L112,L113,L114,L115,L119,L120,L126,L127,L128,L134,L140,L143,L149,L150,L153,L154,L155,L156,L157,L158,L159,L160,L169,L178,L179,L182,L186",42,15.694174350831435,15.694174350831435,40,"L018,L019,L030,L044,L045,L046,L060,L065,L102,L104,L109,L110,L111,L112,L113,L114,L115,L119,L120,L126,L127,L128,L134,L140,L143,L149,L150,L153,L154,L155,L156,L157,L158,L159,L160,L169,L178,L179,L182,L186",40,True,relay_cascade,
1,20260708,L001->L108,L001,L108,True,True,4.985720985998649,0.0,4.985720985998649,1.0000000000000369,"L001,L018,L030,L044,L045,L046,L056,L057,L060,L065,L095,L102,L104,L108,L109,L110,L111,L112,L113,L114,L115,L126,L127,L128,L134,L140,L143,L148,L150,L153,L154,L155,L156,L157,L158,L159,L160,L169,L178,L179,L182,L186",42,45.68495149148545,45.68495149148545,40,"L018,L030,L044,L045,L046,L056,L057,L060,L065,L095,L102,L104,L109,L110,L111,L112,L113,L114,L115,L126,L127,L128,L134,L140,L143,L148,L150,L153,L154,L155,L156,L157,L158,L159,L160,L169,L178,L179,L182,L186",40,True,relay_cascade,
1,20260708,L001->L109,L001,L109,True,False,0.0,0.0,0.0,1.0000000000000093,"L001,L109,L111,L115,L128,L178",6,2.1253944822291726,2.1253944822291726,4,"L111,L115,L128,L178",4,True,non_critical,
1,20260708,L001->L110,L001,L110,True,True,4.985720985998649,0.0,4.985720985998649,1.0,"L001,L018,L019,L030,L044,L045,L046,L054,L060,L102,L104,L109,L110,L111,L115,L128,L134,L140,L143,L148,L150,L153,L154,L155,L156,L157,L158,L159,L160,L169,L178,L179,L182",33,46.73523027280336,46.73523027280336,31,"L018,L019,L030,L044,L045,L046,L054,L060,L102,L104,L109,L111,L115,L128,L134,L140,L143,L148,L150,L153,L154,L155,L156,L157,L158,L159,L160,L169,L178,L179,L182",31,True,relay_cascade,
1,20260708,L001->L111,L001,L111,True,False,0.0,0.0,0.0,1.0000000000000029,"L001,L111,L115",3,1.2778913847843525,1.2778913847843525,1,L115,1,True,non_critical,
1,20260708,L001->L112,L001,L112,True,True,4.985720985998649,0.0,4.985720985998649,1.0,"L001,L018,L019,L030,L044,L045,L046,L054,L060,L102,L104,L109,L111,L112,L113,L115,L128,L134,L140,L143,L148,L150,L153,L154,L155,L156,L157,L158,L159,L160,L169,L178,L179,L182",34,46.16001934183714,46.16001934183714,32,"L018,L019,L030,L044,L045,L046,L054,L060,L102,L104,L109,L111,L113,L115,L128,L134,L140,L143,L148,L150,L153,L154,L155,L156,L157,L158,L159,L160,L169,L178,L179,L182",32,True,relay_cascade,
1,20260708,L001->L113,L001,L113,True,False,0.0,0.0,0.0,1.0000000000000073,"L001,L018,L019,L030,L044,L045,L046,L054,L060,L102,L104,L109,L111,L112,L113,L115,L128,L134,L140,L150,L153,L154,L155,L156,L157,L158,L159,L160,L169,L178,L179,L182",32,47.83316912340022,47.83316912340022,30,"L018,L019,L030,L044,L045,L046,L054,L060,L102,L104,L109,L111,L112,L115,L128,L134,L140,L150,L153,L154,L155,L156,L157,L158,L159,L160,L169,L178,L179,L182",30,True,non_critical,
1,20260708,L001->L114,L001,L114,True,False,0.0,0.0,0.0,1.0000000000000675,"L001,L109,L111,L114,L115,L178",6,5.309420857663271,5.309420857663271,4,"L109,L111,L115,L178",4,True,non_critical,
1,20260708,L001->L115,L001,L115,True,False,0.0,0.0,0.0,1.0000000000000069,"L001,L115",2,1.0285787248890954,1.0285787248890954,0,,0,False,non_critical,
1,20260708,L001->L116,L001,L116,True,True,51.84086026986975,51.84086026986975,0.0,1.0000000000000013,"L001,L018,L030,L044,L045,L046,L060,L102,L109,L110,L111,L113,L114,L115,L116,L120,L126,L127,L128,L134,L140,L149,L150,L153,L154,L155,L156,L157,L158,L159,L160,L169,L178,L179,L182,L186",36,45.6849514914854,45.6849514914854,34,"L018,L030,L044,L045,L046,L060,L102,L109,L110,L111,L113,L114,L115,L120,L126,L127,L128,L134,L140,L149,L150,L153,L154,L155,L156,L157,L158,L159,L160,L169,L178,L179,L182,L186",34,True,relay_cascade,
1,20260708,L001->L117,L001,L117,True,True,36.82232008588366,36.82232008588366,0.0,1.0000000000000073,"L001,L018,L019,L044,L045,L046,L054,L060,L102,L104,L109,L110,L111,L113,L114,L115,L117,L128,L134,L140,L148,L149,L150,L153,L154,L155,L156,L157,L158,L159,L160,L169,L178,L179,L182",35,45.270614774150935,45.270614774150935,33,"L018,L019,L044,L045,L046,L054,L060,L102,L104,L109,L110,L111,L113,L114,L115,L128,L134,L140,L148,L149,L150,L153,L154,L155,L156,L157,L158,L159,L160,L169,L178,L179,L182",33,True,relay_cascade,
1,20260708,L001->L118,L001,L118,True,True,36.82232008588366,36.82232008588366,0.0,1.0,"L001,L018,L019,L044,L045,L046,L054,L060,L102,L104,L109,L110,L111,L113,L115,L118,L128,L134,L140,L148,L149,L150,L153,L154,L155,L156,L157,L158,L159,L160,L169,L178,L179,L182,L186",35,45.33618381920079,45.33618381920079,33,"L018,L019,L044,L045,L046,L054,L060,L102,L104,L109,L110,L111,L113,L115,L128,L134,L140,L148,L149,L150,L153,L154,L155,L156,L157,L158,L159,L160,L169,L178,L179,L182,L186",33,True,relay_cascade,
1,20260708,L001->L119,L001,L119,True,True,4.985720985998649,0.0,4.985720985998649,1.0000000000000009,"L001,L018,L019,L030,L044,L045,L046,L054,L060,L102,L104,L109,L110,L111,L113,L114,L115,L119,L120,L126,L127,L128,L134,L140,L143,L148,L150,L153,L154,L155,L156,L157,L158,L159,L160,L169,L178,L179,L182,L186",40,45.6849514914854,45.6849514914854,38,"L018,L019,L030,L044,L045,L046,L054,L060,L102,L104,L109,L110,L111,L113,L114,L115,L120,L126,L127,L128,L134,L140,L143,L148,L150,L153,L154,L155,L156,L157,L158,L159,L160,L169,L178,L179,L182,L186",38,True,relay_cascade,
1,20260708,L001->L120,L001,L120,True,False,0.0,0.0,0.0,1.0000000000000069,"L001,L115,L120,L128",4,1.4985671245094978,1.4985671245094978,2,"L115,L128",2,True,non_critical,
1,20260708,L001->L121,L001,L121,True,True,10.648093248200619,0.0,10.648093248200619,1.0000000000000675,"L001,L121,L128,L155",4,10.947439772595091,10.947439772595091,2,"L128,L155",2,True,relay_cascade,
1,20260708,L001->L122,L001,L122,True,False,0.0,0.0,0.0,1.0000000000000135,"L001,L122,L128",3,1.646640944029354,1.646640944029354,1,L128,1,True,non_critical,
1,20260708,L001->L123,L001,L123,True,False,0.0,0.0,0.0,1.0000000000000022,"L001,L115,L123,L128",4,2.854615327806642,2.854615327806642,2,"L115,L128",2,True,non_critical,
1,20260708,L001->L124,L001,L124,True,False,0.0,0.0,0.0,1.0000000000000029,"L001,L124",2,1.0674359069932364,1.0674359069932364,0,,0,False,non_critical,
1,20260708,L001->L125,L001,L125,True,False,0.0,0.0,0.0,1.000000000000005,"L001,L115,L125,L128",4,2.920713281164544,2.920713281164544,2,"L115,L128",2,True,non_critical,
1,20260708,L001->L126,L001,L126,True,True,4.985720985998649,0.0,4.985720985998649,1.000000000000003,"L001,L018,L019,L030,L044,L045,L046,L054,L056,L060,L065,L102,L104,L109,L110,L111,L112,L113,L115,L126,L128,L134,L140,L143,L148,L150,L153,L154,L155,L156,L157,L158,L159,L160,L169,L178,L179,L182",38,11.001478002205777,11.001478002205777,36,"L018,L019,L030,L044,L045,L046,L054,L056,L060,L065,L102,L104,L109,L110,L111,L112,L113,L115,L128,L134,L140,L143,L148,L150,L153,L154,L155,L156,L157,L158,L159,L160,L169,L178,L179,L182",36,True,relay_cascade,
1,20260708,L001->L127,L001,L127,True,True,4.985720985998649,0.0,4.985720985998649,1.000000000000003,"L001,L018,L019,L030,L044,L045,L046,L054,L056,L060,L065,L102,L104,L109,L110,L111,L112,L113,L115,L127,L128,L134,L140,L143,L148,L150,L153,L154,L155,L156,L157,L158,L159,L160,L169,L178,L179,L182",38,11.001478002205744,11.001478002205744,36,"L018,L019,L030,L044,L045,L046,L054,L056,L060,L065,L102,L104,L109,L110,L111,L112,L113,L115,L128,L134,L140,L143,L148,L150,L153,L154,L155,L156,L157,L158,L159,L160,L169,L178,L179,L182",36,True,relay_cascade,
1,20260708,L001->L128,L001,L128,True,False,0.0,0.0,0.0,1.0000000000000018,"L001,L128",2,1.0029116450811115,1.0029116450811115,0,,0,False,non_critical,
1,20260708,L001->L129,L001,L129,True,True,58.608730684473244,58.608730684473244,0.0,1.0,"L001,L018,L019,L044,L045,L046,L054,L060,L102,L104,L109,L110,L111,L113,L115,L128,L129,L134,L140,L149,L150,L153,L154,L155,L156,L158,L159,L160,L169,L178,L179,L182",32,21.535422793980395,21.535422793980395,30,"L018,L019,L044,L045,L046,L054,L060,L102,L104,L109,L110,L111,L113,L115,L128,L134,L140,L149,L150,L153,L154,L155,L156,L158,L159,L160,L169,L178,L179,L182",30,True,relay_cascade,
1,20260708,L001->L130,L001,L130,True,False,0.0,0.0,0.0,1.0000000000000273,"L001,L128,L130",3,4.693499891389052,4.693499891389052,1,L128,1,True,non_critical,
1,20260708,L001->L131,L001,L131,True,False,0.0,0.0,0.0,1.000000000000023,"L001,L128,L131,L155,L156,L158",6,7.486939760086986,7.486939760086986,4,"L128,L155,L156,L158",4,True,non_critical,
1,20260708,L001->L132,L001,L132,True,False,0.0,0.0,0.0,1.0000000000000098,"L001,L128,L132",3,5.970725295277224,5.970725295277224,1,L128,1,True,non_critical,
1,20260708,L001->L133,L001,L133,True,True,57.598679982856595,57.598679982856595,0.0,1.0,"L001,L018,L019,L030,L044,L045,L046,L054,L060,L102,L104,L109,L110,L111,L113,L115,L128,L133,L134,L140,L148,L149,L150,L153,L154,L155,L156,L157,L158,L159,L160,L169,L178,L179,L182",35,48.45049352613013,48.45049352613013,33,"L018,L019,L030,L044,L045,L046,L054,L060,L102,L104,L109,L110,L111,L113,L115,L128,L134,L140,L148,L149,L150,L153,L154,L155,L156,L157,L158,L159,L160,L169,L178,L179,L182",33,True,relay_cascade,
1,20260708,L001->L134,L001,L134,True,False,0.0,0.0,0.0,1.0000000000000073,"L001,L018,L019,L030,L044,L045,L046,L054,L060,L102,L104,L109,L110,L111,L113,L115,L128,L134,L140,L150,L153,L154,L155,L156,L157,L158,L159,L160,L169,L178,L179,L182",32,49.89082115451224,49.89082115451224,30,"L018,L019,L030,L044,L045,L046,L054,L060,L102,L104,L109,L110,L111,L113,L115,L128,L140,L150,L153,L154,L155,L156,L157,L158,L159,L160,L169,L178,L179,L182",30,True,non_critical,
1,20260708,L001->L135,L001,L135,True,False,0.0,0.0,0.0,1.0000000000000098,"L001,L128,L135",3,1.7893738295730932,1.7893738295730932,1,L128,1,True,non_critical,
1,20260708,L001->L136,L001,L136,True,False,0.0,0.0,0.0,1.000000000000023,"L001,L128,L136",3,4.080809442456346,4.080809442456346,1,L128,1,True,non_critical,
1,20260708,L001->L137,L001,L137,True,False,0.0,0.0,0.0,1.0000000000000062,"L001,L128,L137,L155,L156,L158",6,7.3495094375217285,7.3495094375217285,4,"L128,L155,L156,L158",4,True,non_critical,
1,20260708,L001->L138,L001,L138,True,False,0.0,0.0,0.0,1.0000000000000069,"L001,L128,L138,L140",4,1.9191033451616035,1.9191033451616035,2,"L128,L140",2,True,non_critical,
1,20260708,L001->L139,L001,L139,True,False,0.0,0.0,0.0,1.000000000000023,"L001,L128,L139,L140",4,3.6017627542170425,3.6017627542170425,2,"L128,L140",2,True,non_critical,
1,20260708,L001->L140,L001,L140,True,False,0.0,0.0,0.0,1.0000000000000069,"L001,L128,L140",3,1.2473058252911562,1.2473058252911562,1,L128,1,True,non_critical,
1,20260708,L001->L141,L001,L141,True,False,0.0,0.0,0.0,1.000000000000023,"L001,L128,L140,L141,L155,L156",6,6.224834182602934,6.224834182602934,4,"L128,L140,L155,L156",4,True,non_critical,
1,20260708,L001->L142,L001,L142,True,False,0.0,0.0,0.0,1.0000000000000098,"L001,L142",2,1.1279495511797686,1.1279495511797686,0,,0,False,non_critical,
1,20260708,L001->L143,L001,L143,True,True,4.985720985998649,0.0,4.985720985998649,1.0000000000000038,"L001,L018,L019,L030,L044,L045,L046,L054,L060,L102,L109,L110,L111,L113,L115,L128,L134,L140,L143,L148,L150,L153,L154,L155,L156,L157,L158,L160,L169,L178,L179,L182",32,48.78609061878618,48.78609061878618,30,"L018,L019,L030,L044,L045,L046,L054,L060,L102,L109,L110,L111,L113,L115,L128,L134,L140,L148,L150,L153,L154,L155,L156,L157,L158,L160,L169,L178,L179,L182",30,True,relay_cascade,
1,20260708,L001->L144,L001,L144,True,False,0.0,0.0,0.0,1.0000000000000036,"L001,L128,L140,L144,L155,L156,L158",7,10.13811244542177,10.13811244542177,5,"L128,L140,L155,L156,L158",5,True,non_critical,
1,20260708,L001->L145,L001,L145,True,False,0.0,0.0,0.0,1.000000000000023,"L001,L128,L140,L145,L155,L156,L158",7,9.12501574972645,9.12501574972645,5,"L128,L140,L155,L156,L158",5,True,non_critical,
1,20260708,L001->L146,L001,L146,True,False,0.0,0.0,0.0,1.0000000000000036,"L001,L128,L140,L146,L155,L156,L158",7,7.951373676024718,7.951373676024718,5,"L128,L140,L155,L156,L158",5,True,non_critical,
1,20260708,L001->L147,L001,L147,True,True,120.95979489996458,120.95979489996458,0.0,1.0,"L001,L018,L019,L044,L045,L046,L054,L060,L102,L104,L109,L110,L111,L113,L115,L128,L129,L130,L131,L134,L140,L147,L149,L150,L153,L154,L155,L156,L157,L158,L159,L160,L169,L178,L179,L182",36,12.845533054741207,12.845533054741207,34,"L018,L019,L044,L045,L046,L054,L060,L102,L104,L109,L110,L111,L113,L115,L128,L129,L130,L131,L134,L140,L149,L150,L153,L154,L155,L156,L157,L158,L159,L160,L169,L178,L179,L182",34,True,relay_cascade,
1,20260708,L001->L148,L001,L148,True,False,0.0,0.0,0.0,1.000000000000001,"L001,L128,L148",3,4.526712079822048,4.526712079822048,1,L128,1,True,non_critical,
1,20260708,L001->L149,L001,L149,True,False,0.0,0.0,0.0,1.0000000000000069,"L001,L128,L149",3,4.538592181403556,4.538592181403556,1,L128,1,True,non_critical,
1,20260708,L001->L150,L001,L150,True,False,0.0,0.0,0.0,1.000000000000023,"L001,L128,L140,L150,L155,L156,L158",7,3.765045294046116,3.765045294046116,5,"L128,L140,L155,L156,L158",5,True,non_critical,
1,20260708,L001->L151,L001,L151,True,False,0.0,0.0,0.0,1.0000000000000009,"L001,L128,L151,L155",4,7.668910225044945,7.668910225044945,2,"L128,L155",2,True,non_critical,
1,20260708,L001->L152,L001,L152,True,True,31.05817161312981,31.05817161312981,0.0,1.0,"L001,L018,L019,L044,L045,L046,L054,L060,L102,L104,L109,L110,L111,L113,L115,L128,L134,L140,L149,L150,L152,L153,L154,L155,L156,L158,L159,L160,L169,L178,L179,L182",32,13.103199927175314,13.103199927175314,30,"L018,L019,L044,L045,L046,L054,L060,L102,L104,L109,L110,L111,L113,L115,L128,L134,L140,L149,L150,L153,L154,L155,L156,L158,L159,L160,L169,L178,L179,L182",30,True,relay_cascade,
1,20260708,L001->L153,L001,L153,True,False,0.0,0.0,0.0,1.0000000000000049,"L001,L128,L153,L155,L156,L158",6,4.124565461037686,4.124565461037686,4,"L128,L155,L156,L158",4,True,non_critical,
1,20260708,L001->L154,L001,L154,True,False,0.0,0.0,0.0,1.0000000000000675,"L001,L128,L154,L155",4,10.434351708626703,10.434351708626703,2,"L128,L155",2,True,non_critical,
1,20260708,L001->L155,L001,L155,True,False,0.0,0.0,0.0,1.000000000000023,"L001,L155",2,1.0003390133996413,1.0003390133996413,0,,0,False,non_critical,
1,20260708,L001->L156,L001,L156,True,False,0.0,0.0,0.0,1.0000000000000273,"L001,L156",2,1.0000717376332982,1.0000717376332982,0,,0,False,non_critical,
1,20260708,L001->L157,L001,L157,True,False,0.0,0.0,0.0,1.0000000000000069,"L001,L128,L157",3,1.2158932547280177,1.2158932547280177,1,L128,1,True,non_critical,
1,20260708,L001->L158,L001,L158,True,False,0.0,0.0,0.0,1.000000000000002,"L001,L128,L155,L158",4,2.6694031240392593,2.6694031240392593,2,"L128,L155",2,True,non_critical,
1,20260708,L001->L159,L001,L159,True,False,0.0,0.0,0.0,1.0,"L001,L018,L019,L030,L044,L045,L046,L054,L060,L102,L104,L109,L110,L111,L113,L115,L128,L134,L140,L150,L153,L154,L155,L156,L158,L159,L160,L169,L178,L179,L182",31,13.807941639405612,13.807941639405612,29,"L018,L019,L030,L044,L045,L046,L054,L060,L102,L104,L109,L110,L111,L113,L115,L128,L134,L140,L150,L153,L154,L155,L156,L158,L160,L169,L178,L179,L182",29,True,non_critical,
1,20260708,L001->L160,L001,L160,True,False,0.0,0.0,0.0,1.0000000000000082,"L001,L128,L155,L160",4,6.019169686481484,6.019169686481484,2,"L128,L155",2,True,non_critical,
1,20260708,L001->L161,L001,L161,True,False,0.0,0.0,0.0,1.000000000000023,"L001,L128,L155,L161",4,14.938145570795887,14.938145570795887,2,"L128,L155",2,True,non_critical,
1,20260708,L001->L162,L001,L162,True,False,0.0,0.0,0.0,1.0000000000000082,"L001,L128,L155,L162",4,13.257185176254561,13.257185176254561,2,"L128,L155",2,True,non_critical,
1,20260708,L001->L163,L001,L163,True,False,0.0,0.0,0.0,1.000000000000023,"L001,L163",2,1.0000000000000253,1.0000000000000253,0,,0,False,non_critical,
1,20260708,L001->L164,L001,L164,True,False,0.0,0.0,0.0,1.0000000000000453,"L001,L164",2,1.0000000000000195,1.0000000000000195,0,,0,False,non_critical,
1,20260708,L001->L165,L001,L165,True,False,0.0,0.0,0.0,1.0000000000000033,"L001,L165",2,1.0000000000000273,1.0000000000000273,0,,0,False,non_critical,
1,20260708,L001->L166,L001,L166,True,False,0.0,0.0,0.0,1.000000000000002,"L001,L166",2,1.0000000000000253,1.0000000000000253,0,,0,False,non_critical,
1,20260708,L001->L167,L001,L167,True,False,0.0,0.0,0.0,1.000000000000023,"L001,L167",2,1.0000000000000195,1.0000000000000195,0,,0,False,non_critical,
1,20260708,L001->L168,L001,L168,True,False,0.0,0.0,0.0,1.000000000000002,"L001,L168",2,1.0000000000000253,1.0000000000000253,0,,0,False,non_critical,
1,20260708,L001->L169,L001,L169,True,False,0.0,0.0,0.0,1.000000000000023,"L001,L169",2,1.0000000000000224,1.0000000000000224,0,,0,False,non_critical,
1,20260708,L001->L170,L001,L170,True,False,0.0,0.0,0.0,1.000000000000023,"L001,L170",2,1.0000000000000233,1.0000000000000233,0,,0,False,non_critical,
1,20260708,L001->L171,L001,L171,True,False,0.0,0.0,0.0,1.0000000000000675,"L001,L171",2,1.0000000000000244,1.0000000000000244,0,,0,False,non_critical,
1,20260708,L001->L172,L001,L172,True,False,0.0,0.0,0.0,1.000000000000023,"L001,L169,L172",3,1.582362175914833,1.582362175914833,1,L169,1,True,non_critical,
1,20260708,L001->L173,L001,L173,True,False,0.0,0.0,0.0,1.0000000000000675,"L001,L173",2,1.0000000000000204,1.0000000000000204,0,,0,False,non_critical,
1,20260708,L001->L174,L001,L174,True,False,0.0,0.0,0.0,1.0000000000000002,"L001,L018,L019,L030,L044,L045,L046,L054,L060,L102,L109,L110,L111,L113,L115,L128,L134,L140,L150,L153,L154,L155,L156,L157,L158,L159,L160,L169,L174,L175,L178,L179,L182",33,38.08332369513336,38.08332369513336,31,"L018,L019,L030,L044,L045,L046,L054,L060,L102,L109,L110,L111,L113,L115,L128,L134,L140,L150,L153,L154,L155,L156,L157,L158,L159,L160,L169,L175,L178,L179,L182",31,True,non_critical,
1,20260708,L001->L175,L001,L175,True,False,0.0,0.0,0.0,1.000000000000023,"L001,L175",2,1.0000000000000273,1.0000000000000273,0,,0,False,non_critical,
1,20260708,L001->L176,L001,L176,True,False,0.0,0.0,0.0,1.0000000000000002,"L001,L018,L019,L030,L044,L045,L046,L054,L060,L102,L109,L110,L111,L113,L115,L128,L134,L140,L150,L153,L154,L155,L156,L157,L158,L159,L160,L169,L176,L178,L179,L182",32,34.22118875048762,34.22118875048762,30,"L018,L019,L030,L044,L045,L046,L054,L060,L102,L109,L110,L111,L113,L115,L128,L134,L140,L150,L153,L154,L155,L156,L157,L158,L159,L160,L169,L178,L179,L182",30,True,non_critical,
1,20260708,L001->L177,L001,L177,True,True,4.985720985998649,0.0,4.985720985998649,1.0,"L001,L018,L019,L030,L044,L045,L046,L054,L060,L102,L104,L109,L110,L111,L113,L115,L128,L134,L140,L143,L148,L150,L153,L154,L155,L156,L157,L158,L159,L160,L169,L177,L178,L179,L182",35,51.71770857992875,51.71770857992875,33,"L018,L019,L030,L044,L045,L046,L054,L060,L102,L104,L109,L110,L111,L113,L115,L128,L134,L140,L143,L148,L150,L153,L154,L155,L156,L157,L158,L159,L160,L169,L178,L179,L182",33,True,relay_cascade,
1,20260708,L001->L178,L001,L178,True,False,0.0,0.0,0.0,1.0000000000000675,"L001,L178",2,1.0593930712030903,1.0593930712030903,0,,0,False,non_critical,
1,20260708,L001->L179,L001,L179,True,False,0.0,0.0,0.0,1.0000000000000024,"L001,L179",2,1.0708398662137626,1.0708398662137626,0,,0,False,non_critical,
1,20260708,L001->L180,L001,L180,True,True,7.272188818003705,7.272188818003705,0.0,1.0000000000000073,"L001,L018,L019,L030,L044,L045,L046,L054,L060,L102,L104,L109,L110,L111,L113,L115,L128,L134,L140,L150,L153,L154,L155,L156,L157,L158,L159,L160,L169,L178,L179,L180,L182",33,46.65611010507885,46.65611010507885,31,"L018,L019,L030,L044,L045,L046,L054,L060,L102,L104,L109,L110,L111,L113,L115,L128,L134,L140,L150,L153,L154,L155,L156,L157,L158,L159,L160,L169,L178,L179,L182",31,True,relay_cascade,
1,20260708,L001->L181,L001,L181,True,True,28.04448492287076,28.04448492287076,0.0,1.0000000000000073,"L001,L018,L019,L030,L044,L045,L046,L054,L060,L102,L104,L109,L110,L111,L112,L113,L115,L128,L134,L140,L150,L153,L154,L155,L156,L157,L158,L159,L160,L169,L178,L179,L180,L181,L182",35,46.11608257693574,46.11608257693574,33,"L018,L019,L030,L044,L045,L046,L054,L060,L102,L104,L109,L110,L111,L112,L113,L115,L128,L134,L140,L150,L153,L154,L155,L156,L157,L158,L159,L160,L169,L178,L179,L180,L182",33,True,relay_cascade,
1,20260708,L001->L182,L001,L182,True,False,0.0,0.0,0.0,1.0000000000000058,"L001,L182",2,1.0004126818421233,1.0004126818421233,0,,0,False,non_critical,
1,20260708,L001->L183,L001,L183,True,True,81.35922639729833,81.35922639729833,0.0,1.0000000000000122,"L001,L018,L019,L044,L045,L046,L060,L065,L102,L104,L109,L110,L111,L113,L115,L128,L134,L140,L149,L150,L153,L154,L155,L156,L157,L158,L160,L169,L178,L179,L182,L183",32,43.52000714564667,43.52000714564667,30,"L018,L019,L044,L045,L046,L060,L065,L102,L104,L109,L110,L111,L113,L115,L128,L134,L140,L149,L150,L153,L154,L155,L156,L157,L158,L160,L169,L178,L179,L182",30,True,relay_cascade,
1,20260708,L001->L184,L001,L184,True,True,21.648461416338748,21.648461416338748,0.0,1.0000000000000073,"L001,L018,L030,L044,L045,L046,L054,L060,L102,L104,L109,L110,L111,L113,L115,L128,L134,L140,L150,L153,L154,L155,L156,L157,L158,L159,L160,L169,L178,L179,L182,L184",32,46.30257195104947,46.30257195104947,30,"L018,L030,L044,L045,L046,L054,L060,L102,L104,L109,L110,L111,L113,L115,L128,L134,L140,L150,L153,L154,L155,L156,L157,L158,L159,L160,L169,L178,L179,L182",30,True,relay_cascade,
1,20260708,L001->L185,L001,L185,True,True,71.939453378528,71.939453378528,0.0,1.0,"L001,L018,L019,L044,L045,L046,L054,L060,L102,L104,L109,L110,L111,L112,L113,L115,L128,L134,L140,L148,L149,L150,L153,L154,L155,L156,L157,L158,L159,L160,L169,L178,L179,L182,L185,L186",36,45.881283483813036,45.881283483813036,34,"L018,L019,L044,L045,L046,L054,L060,L102,L104,L109,L110,L111,L112,L113,L115,L128,L134,L140,L148,L149,L150,L153,L154,L155,L156,L157,L158,L159,L160,L169,L178,L179,L182,L186",34,True,relay_cascade,
1,20260708,L001->L186,L001,L186,True,False,0.0,0.0,0.0,1.0000000000000675,"L001,L186",2,1.0027698393612292,1.0027698393612292,0,,0,False,non_critical,
1,20260708,L002->L001,L002,L001,True,False,0.0,0.0,0.0,1.0000000000000073,"L001,L002,L018,L019,L030,L044,L045,L046,L054,L060,L102,L104,L109,L110,L111,L113,L115,L128,L134,L140,L150,L153,L154,L155,L156,L157,L158,L159,L160,L169,L178,L179,L182",33,1.16672039570049,1.16672039570049,0,,31,False,non_critical,
1,20260708,L002->L003,L002,L003,True,False,0.0,0.0,0.0,1.0000000000000073,"L001,L002,L003,L018,L019,L030,L044,L045,L046,L054,L060,L102,L104,L109,L110,L111,L113,L115,L128,L134,L140,L150,L153,L154,L155,L156,L157,L158,L159,L160,L169,L178,L179,L182",34,1.16672039570049,1.16672039570049,0,,32,False,non_critical,
1,20260708,L002->L004,L002,L004,True,True,38.8500870832418,38.8500870832418,0.0,1.0000000000000073,"L001,L002,L004,L014,L018,L019,L030,L044,L045,L046,L054,L060,L102,L104,L109,L110,L111,L113,L115,L128,L134,L140,L150,L153,L154,L155,L156,L157,L158,L159,L160,L169,L178,L179,L182",35,1.8439530158084576,1.8439530158084576,1,L014,33,True,relay_cascade,
1,20260708,L002->L005,L002,L005,True,False,0.0,0.0,0.0,1.0000000000000073,"L001,L002,L005,L018,L019,L030,L044,L045,L046,L054,L060,L102,L104,L109,L110,L111,L113,L115,L128,L134,L140,L150,L153,L154,L155,L156,L157,L158,L159,L160,L169,L178,L179,L182",34,1.16672039570049,1.16672039570049,0,,32,False,non_critical,
1,20260708,L002->L006,L002,L006,True,False,0.0,0.0,0.0,1.0000000000000073,"L001,L002,L006,L018,L019,L030,L044,L045,L046,L054,L060,L102,L104,L109,L110,L111,L113,L115,L128,L134,L140,L150,L153,L154,L155,L156,L157,L158,L159,L160,L169,L178,L179,L182",34,1.16672039570049,1.16672039570049,0,,32,False,non_critical,
1,20260708,L002->L007,L002,L007,True,False,0.0,0.0,0.0,1.0000000000000073,"L001,L002,L007,L018,L019,L030,L044,L045,L046,L054,L060,L102,L104,L109,L110,L111,L113,L115,L128,L134,L140,L150,L153,L154,L155,L156,L157,L158,L159,L160,L169,L178,L179,L182",34,1.1723827340785107,1.1723827340785107,0,,32,False,non_critical,
1,20260708,L002->L008,L002,L008,True,True,25.67010059251546,25.67010059251546,0.0,1.0000000000000073,"L001,L002,L008,L018,L019,L020,L022,L030,L037,L044,L045,L046,L054,L060,L102,L104,L109,L110,L111,L113,L115,L128,L134,L140,L150,L153,L154,L155,L156,L157,L158,L159,L160,L169,L178,L179,L182",37,11.347429232977914,11.347429232977914,3,"L020,L022,L037",35,True,relay_cascade,
1,20260708,L002->L009,L002,L009,True,False,0.0,0.0,0.0,1.0000000000000073,"L001,L002,L009,L018,L019,L030,L044,L045,L046,L054,L060,L102,L104,L109,L110,L111,L113,L115,L128,L134,L140,L150,L153,L154,L155,L156,L157,L158,L159,L160,L169,L178,L179,L182",34,1.1723827340785107,1.1723827340785107,0,,32,False,non_critical,
1,20260708,L002->L010,L002,L010,True,False,0.0,0.0,0.0,1.0000000000000073,"L001,L002,L010,L018,L019,L030,L044,L045,L046,L054,L060,L102,L104,L109,L110,L111,L113,L115,L128,L134,L140,L150,L153,L154,L155,L156,L157,L158,L159,L160,L169,L178,L179,L182",34,1.16672039570049,1.16672039570049,0,,32,False,non_critical,
1,20260708,L002->L011,L002,L011,True,False,0.0,0.0,0.0,1.0000000000000073,"L001,L002,L011,L018,L019,L030,L044,L045,L046,L054,L060,L102,L104,L109,L110,L111,L113,L115,L128,L134,L140,L150,L153,L154,L155,L156,L157,L158,L159,L160,L169,L178,L179,L182",34,1.16672039570049,1.16672039570049,0,,32,False,non_critical,
1,20260708,L002->L012,L002,L012,True,False,0.0,0.0,0.0,1.0000000000000073,"L001,L002,L012,L018,L019,L030,L044,L045,L046,L054,L060,L102,L104,L109,L110,L111,L113,L115,L128,L134,L140,L150,L153,L154,L155,L156,L157,L158,L159,L160,L169,L178,L179,L182",34,1.16672039570049,1.16672039570049,0,,32,False,non_critical,
1,20260708,L002->L013,L002,L013,True,True,20.67354040745169,20.67354040745169,0.0,1.0000000000000073,"L001,L002,L013,L018,L019,L030,L044,L045,L046,L054,L060,L102,L104,L109,L110,L111,L113,L115,L128,L134,L140,L150,L153,L154,L155,L156,L157,L158,L159,L160,L169,L178,L179,L182",34,1.16672039570049,1.16672039570049,0,,32,False,island_only,
1,20260708,L002->L014,L002,L014,True,False,0.0,0.0,0.0,1.0000000000000073,"L001,L002,L014,L018,L019,L030,L044,L045,L046,L054,L060,L102,L104,L109,L110,L111,L113,L115,L128,L134,L140,L150,L153,L154,L155,L156,L157,L158,L159,L160,L169,L178,L179,L182",34,1.16672039570049,1.16672039570049,0,,32,False,non_critical,
1,20260708,L002->L015,L002,L015,True,False,0.0,0.0,0.0,1.0000000000000073,"L001,L002,L015,L018,L019,L030,L044,L045,L046,L054,L060,L102,L104,L109,L110,L111,L113,L115,L128,L134,L140,L150,L153,L154,L155,L156,L157,L158,L159,L160,L169,L178,L179,L182",34,1.16672039570049,1.16672039570049,0,,32,False,non_critical,
1,20260708,L002->L016,L002,L016,True,True,31.514792047850804,31.514792047850804,0.0,1.0000000000000073,"L001,L002,L016,L018,L019,L030,L044,L045,L046,L054,L060,L102,L104,L109,L110,L111,L113,L115,L128,L134,L140,L150,L153,L154,L155,L156,L157,L158,L159,L160,L169,L178,L179,L182",34,1.16672039570049,1.16672039570049,0,,32,False,island_only,
1,20260708,L002->L017,L002,L017,True,True,14.684099265673353,14.684099265673353,0.0,1.0000000000000073,"L001,L002,L017,L018,L019,L030,L044,L045,L046,L054,L060,L102,L104,L109,L110,L111,L113,L115,L128,L134,L140,L150,L153,L154,L155,L156,L157,L158,L159,L160,L169,L178,L179,L182",34,1.16672039570049,1.16672039570049,0,,32,False,island_only,
1,20260708,L002->L018,L002,L018,True,False,0.0,0.0,0.0,1.0000000000000073,"L001,L002,L018,L019,L030,L044,L045,L046,L054,L060,L102,L104,L109,L110,L111,L113,L115,L128,L134,L140,L150,L153,L154,L155,L156,L157,L158,L159,L160,L169,L178,L179,L182",33,1.16672039570049,1.16672039570049,0,,31,False,non_critical,
1,20260708,L002->L019,L002,L019,True,False,0.0,0.0,0.0,1.0000000000000073,"L001,L002,L018,L019,L030,L044,L045,L046,L054,L060,L102,L104,L109,L110,L111,L113,L115,L128,L134,L140,L150,L153,L154,L155,L156,L157,L158,L159,L160,L169,L178,L179,L182",33,1.16672039570049,1.16672039570049,0,,31,False,non_critical,
1,20260708,L002->L020,L002,L020,True,False,0.0,0.0,0.0,1.0000000000000073,"L001,L002,L018,L019,L020,L030,L044,L045,L046,L054,L060,L102,L104,L109,L110,L111,L113,L115,L128,L134,L140,L150,L153,L154,L155,L156,L157,L158,L159,L160,L169,L178,L179,L182",34,1.16672039570049,1.16672039570049,0,,32,False,non_critical,
1,20260708,L002->L021,L002,L021,True,False,0.0,0.0,0.0,1.0000000000000073,"L001,L002,L018,L019,L021,L026,L030,L044,L045,L046,L054,L060,L102,L104,L109,L110,L111,L113,L115,L128,L134,L140,L150,L153,L154,L155,L156,L157,L158,L159,L160,L169,L178,L179,L182",35,1.3256663182697603,1.3256663182697603,1,L026,33,True,non_critical,
1,20260708,L002->L022,L002,L022,True,True,25.67010059251546,25.67010059251546,0.0,1.0000000000000073,"L001,L002,L018,L019,L020,L022,L030,L044,L045,L046,L054,L060,L102,L104,L109,L110,L111,L113,L115,L128,L134,L140,L150,L153,L154,L155,L156,L157,L158,L159,L160,L169,L178,L179,L182",35,1.3815912043346088,1.3815912043346088,1,L020,33,True,relay_cascade,
1,20260708,L002->L023,L002,L023,True,False,0.0,0.0,0.0,1.0000000000000073,"L001,L002,L018,L019,L023,L030,L044,L045,L046,L054,L060,L102,L104,L109,L110,L111,L113,L115,L128,L134,L140,L150,L153,L154,L155,L156,L157,L158,L159,L160,L169,L178,L179,L182",34,1.16672039570049,1.16672039570049,0,,32,False,non_critical,
1,20260708,L002->L024,L002,L024,True,False,0.0,0.0,0.0,1.0000000000000073,"L001,L002,L018,L019,L024,L030,L044,L045,L046,L054,L060,L102,L104,L109,L110,L111,L113,L115,L128,L134,L140,L150,L153,L154,L155,L156,L157,L158,L159,L160,L169,L178,L179,L182",34,1.16672039570049,1.16672039570049,0,,32,False,non_critical,
1,20260708,L002->L025,L002,L025,True,False,0.0,0.0,0.0,1.0000000000000073,"L001,L002,L018,L019,L025,L030,L044,L045,L046,L054,L060,L102,L104,L109,L110,L111,L113,L115,L128,L134,L140,L150,L153,L154,L155,L156,L157,L158,L159,L160,L169,L178,L179,L182",34,1.16672039570049,1.16672039570049,0,,32,False,non_critical,
1,20260708,L002->L026,L002,L026,True,False,0.0,0.0,0.0,1.0000000000000073,"L001,L002,L018,L019,L026,L030,L044,L045,L046,L054,L060,L102,L104,L109,L110,L111,L113,L115,L128,L134,L140,L150,L153,L154,L155,L156,L157,L158,L159,L160,L169,L178,L179,L182",34,1.16672039570049,1.16672039570049,0,,32,False,non_critical,
1,20260708,L002->L027,L002,L027,True,False,0.0,0.0,0.0,1.0000000000000073,"L001,L002,L018,L019,L027,L030,L044,L045,L046,L054,L060,L102,L104,L109,L110,L111,L113,L115,L128,L134,L140,L150,L153,L154,L155,L156,L157,L158,L159,L160,L169,L178,L179,L182",34,1.16672039570049,1.16672039570049,0,,32,False,non_critical,
1,20260708,L002->L028,L002,L028,True,True,32.235359849353586,32.235359849353586,0.0,1.0000000000000073,"L001,L002,L018,L019,L025,L028,L030,L044,L045,L046,L054,L060,L102,L104,L109,L110,L111,L113,L115,L128,L134,L140,L150,L153,L154,L155,L156,L157,L158,L159,L160,L169,L178,L179,L182",35,1.2474568852104122,1.2474568852104122,1,L025,33,True,relay_cascade,
1,20260708,L002->L029,L002,L029,True,True,42.3080770354206,42.3080770354206,0.0,1.0000000000000073,"L001,L002,L018,L019,L025,L029,L030,L044,L045,L046,L054,L060,L102,L104,L109,L110,L111,L113,L115,L128,L134,L140,L150,L153,L154,L155,L156,L157,L158,L159,L160,L169,L178,L179,L182",35,1.6372549350928451,1.6372549350928451,1,L025,33,True,relay_cascade,
1,20260708,L002->L030,L002,L030,True,False,0.0,0.0,0.0,1.0000000000000073,"L001,L002,L018,L019,L030,L044,L045,L046,L054,L060,L102,L104,L109,L110,L111,L113,L115,L128,L134,L140,L150,L153,L154,L155,L156,L157,L158,L159,L160,L169,L178,L179,L182",33,1.16672039570049,1.16672039570049,0,,31,False,non_critical,
1,20260708,L002->L031,L002,L031,True,False,0.0,0.0,0.0,1.0000000000000073,"L001,L002,L018,L019,L025,L030,L031,L039,L040,L043,L044,L045,L046,L054,L060,L102,L104,L109,L110,L111,L113,L115,L128,L134,L140,L150,L153,L154,L155,L156,L157,L158,L159,L160,L169,L178,L179,L182",38,1.6475762745704805,1.6475762745704805,4,"L025,L039,L040,L043",36,True,non_critical,
1,20260708,L002->L032,L002,L032,True,False,0.0,0.0,0.0,1.0000000000000073,"L001,L002,L018,L019,L030,L032,L040,L044,L045,L046,L054,L060,L102,L104,L109,L110,L111,L113,L115,L128,L134,L140,L150,L153,L154,L155,L156,L157,L158,L159,L160,L169,L178,L179,L182",35,1.5271550496434014,1.5271550496434014,1,L040,33,True,non_critical,
1,20260708,L002->L033,L002,L033,True,True,28.68631435022934,28.68631435022934,0.0,1.0000000000000073,"L001,L002,L018,L019,L030,L033,L040,L043,L044,L045,L046,L054,L060,L102,L104,L109,L110,L111,L113,L115,L128,L134,L140,L150,L153,L154,L155,L156,L157,L158,L159,L160,L169,L178,L179,L182",36,2.139047022132349,2.139047022132349,2,"L040,L043",34,True,relay_cascade,
1,20260708,L002->L034,L002,L034,True,True,41.04569367595296,41.04569367595296,0.0,1.0000000000000073,"L001,L002,L018,L019,L030,L034,L040,L044,L045,L046,L054,L060,L102,L104,L109,L110,L111,L113,L115,L128,L134,L140,L150,L153,L154,L155,L156,L157,L158,L159,L160,L169,L178,L179,L182",35,2.1802366098660024,2.1802366098660024,1,L040,33,True,relay_cascade,
1,20260708,L002->L035,L002,L035,True,True,23.91687820767109,23.91687820767109,0.0,1.0000000000000073,"L001,L002,L018,L019,L030,L035,L040,L044,L045,L046,L054,L060,L102,L104,L109,L110,L111,L113,L115,L128,L134,L140,L150,L153,L154,L155,L156,L157,L158,L159,L160,L169,L178,L179,L182",35,1.27040010271821,1.27040010271821,1,L040,33,True,relay_cascade,
1,20260708,L002->L036,L002,L036,True,False,0.0,0.0,0.0,1.0000000000000073,"L001,L002,L018,L019,L020,L025,L030,L036,L039,L044,L045,L046,L054,L060,L102,L104,L109,L110,L111,L113,L115,L128,L134,L140,L150,L153,L154,L155,L156,L157,L158,L159,L160,L169,L178,L179,L182",37,3.107537004281261,3.107537004281261,3,"L020,L025,L039",35,True,non_critical,
1,20260708,L002->L037,L002,L037,True,False,0.0,0.0,0.0,1.0000000000000073,"L001,L002,L018,L019,L030,L037,L044,L045,L046,L054,L060,L102,L104,L109,L110,L111,L113,L115,L128,L134,L140,L150,L153,L154,L155,L156,L157,L158,L159,L160,L169,L178,L179,L182",34,1.16672039570049,1.16672039570049,0,,32,False,non_critical,
1,20260708,L002->L038,L002,L038,True,False,0.0,0.0,0.0,1.0000000000000073,"L001,L002,L018,L019,L025,L030,L038,L039,L044,L045,L046,L054,L060,L102,L104,L109,L110,L111,L113,L115,L128,L134,L140,L150,L153,L154,L155,L156,L157,L158,L159,L160,L169,L178,L179,L182",36,1.8790868516215844,1.8790868516215844,2,"L025,L039",34,True,non_critical,
1,20260708,L002->L039,L002,L039,True,False,0.0,0.0,0.0,1.0000000000000073,"L001,L002,L018,L019,L030,L039,L044,L045,L046,L054,L060,L102,L104,L109,L110,L111,L113,L115,L128,L134,L140,L150,L153,L154,L155,L156,L157,L158,L159,L160,L169,L178,L179,L182",34,1.16672039570049,1.16672039570049,0,,32,False,non_critical,
1,20260708,L002->L040,L002,L040,True,False,0.0,0.0,0.0,1.0000000000000073,"L001,L002,L018,L019,L030,L040,L044,L045,L046,L054,L060,L102,L104,L109,L110,L111,L113,L115,L128,L134,L140,L150,L153,L154,L155,L156,L157,L158,L159,L160,L169,L178,L179,L182",34,1.16672039570049,1.16672039570049,0,,32,False,non_critical,
1,20260708,L002->L041,L002,L041,True,False,0.0,0.0,0.0,1.0000000000000073,"L001,L002,L018,L019,L030,L041,L044,L045,L046,L054,L060,L102,L104,L109,L110,L111,L113,L115,L128,L134,L140,L150,L153,L154,L155,L156,L157,L158,L159,L160,L169,L178,L179,L182",34,1.16672039570049,1.16672039570049,0,,32,False,non_critical,
1,20260708,L002->L042,L002,L042,True,False,0.0,0.0,0.0,1.0000000000000073,"L001,L002,L018,L019,L030,L042,L044,L045,L046,L054,L060,L102,L104,L109,L110,L111,L113,L115,L128,L134,L140,L150,L153,L154,L155,L156,L157,L158,L159,L160,L169,L178,L179,L182",34,1.16672039570049,1.16672039570049,0,,32,False,non_critical,
1,20260708,L002->L043,L002,L043,True,False,0.0,0.0,0.0,1.0000000000000073,"L001,L002,L018,L019,L030,L043,L044,L045,L046,L054,L060,L102,L104,L109,L110,L111,L113,L115,L128,L134,L140,L150,L153,L154,L155,L156,L157,L158,L159,L160,L169,L178,L179,L182",34,1.16672039570049,1.16672039570049,0,,32,False,non_critical,
1,20260708,L002->L044,L002,L044,True,False,0.0,0.0,0.0,1.0000000000000073,"L001,L002,L018,L019,L030,L044,L045,L046,L054,L060,L102,L104,L109,L110,L111,L113,L115,L128,L134,L140,L150,L153,L154,L155,L156,L157,L158,L159,L160,L169,L178,L179,L182",33,1.16672039570049,1.16672039570049,0,,31,False,non_critical,
1,20260708,L002->L045,L002,L045,True,False,0.0,0.0,0.0,1.0000000000000073,"L001,L002,L018,L019,L030,L044,L045,L046,L054,L060,L102,L104,L109,L110,L111,L113,L115,L128,L134,L140,L150,L153,L154,L155,L156,L157,L158,L159,L160,L169,L178,L179,L182",33,1.16672039570049,1.16672039570049,0,,31,False,non_critical,
1,20260708,L002->L046,L002,L046,True,False,0.0,0.0,0.0,1.0000000000000073,"L001,L002,L018,L019,L030,L044,L045,L046,L054,L060,L102,L104,L109,L110,L111,L113,L115,L128,L134,L140,L150,L153,L154,L155,L156,L157,L158,L159,L160,L169,L178,L179,L182",33,1.16672039570049,1.16672039570049,0,,31,False,non_critical,
1,20260708,L002->L047,L002,L047,True,True,31.300605334860514,31.300605334860514,0.0,1.0000000000000073,"L001,L002,L018,L019,L030,L044,L045,L046,L047,L054,L060,L102,L104,L109,L110,L111,L113,L115,L128,L134,L140,L150,L153,L154,L155,L156,L157,L158,L159,L160,L169,L178,L179,L182",34,1.1505992592951086,1.1505992592951086,0,,32,False,island_only,
1,20260708,L002->L048,L002,L048,True,True,22.50545676159403,22.50545676159403,0.0,1.0000000000000013,"L001,L002,L018,L019,L030,L044,L045,L046,L048,L054,L060,L102,L104,L109,L110,L111,L113,L115,L128,L134,L140,L150,L153,L154,L155,L156,L157,L158,L159,L160,L169,L178,L179,L182",34,1.1551291330256124,1.1551291330256124,0,,32,False,island_only,
1,20260708,L002->L049,L002,L049,True,False,0.0,0.0,0.0,1.0000000000000324,"L001,L002,L018,L019,L030,L044,L045,L046,L049,L054,L060,L102,L104,L109,L110,L111,L113,L115,L128,L134,L140,L150,L153,L154,L155,L156,L157,L158,L159,L160,L169,L178,L179,L182",34,1.1753667740250036,1.1753667740250036,0,,32,False,non_critical,
1,20260708,L002->L050,L002,L050,True,False,0.0,0.0,0.0,1.0000000000000038,"L001,L002,L018,L019,L030,L044,L045,L046,L050,L054,L060,L102,L104,L109,L110,L111,L113,L115,L128,L134,L140,L150,L153,L154,L155,L156,L157,L158,L159,L160,L169,L178,L179,L182",34,1.173204414471992,1.173204414471992,0,,32,False,non_critical,
1,20260708,L002->L051,L002,L051,True,False,0.0,0.0,0.0,1.0000000000000073,"L001,L002,L018,L019,L030,L044,L045,L046,L051,L054,L057,L058,L060,L065,L102,L104,L109,L110,L111,L113,L115,L128,L134,L140,L150,L153,L154,L155,L156,L157,L158,L159,L160,L169,L178,L179,L182",37,2.268015107339571,2.268015107339571,3,"L057,L058,L065",35,True,non_critical,
1,20260708,L002->L052,L002,L052,True,False,0.0,0.0,0.0,1.0000000000000029,"L001,L002,L018,L019,L030,L044,L045,L046,L052,L054,L060,L102,L104,L109,L110,L111,L113,L115,L128,L134,L140,L150,L153,L154,L155,L156,L157,L158,L159,L160,L169,L178,L179,L182",34,1.16672039570049,1.16672039570049,0,,32,False,non_critical,
1,20260708,L002->L053,L002,L053,True,False,0.0,0.0,0.0,1.0000000000000029,"L001,L002,L018,L019,L030,L044,L045,L046,L053,L054,L060,L102,L104,L109,L110,L111,L113,L115,L128,L134,L140,L150,L153,L154,L155,L156,L157,L158,L159,L160,L169,L178,L179,L182",34,1.16672039570049,1.16672039570049,0,,32,False,non_critical,
1,20260708,L002->L054,L002,L054,True,False,0.0,0.0,0.0,1.0000000000000073,"L001,L002,L018,L019,L030,L044,L045,L046,L054,L060,L102,L104,L109,L110,L111,L113,L115,L128,L134,L140,L150,L153,L154,L155,L156,L157,L158,L159,L160,L169,L178,L179,L182",33,1.16672039570049,1.16672039570049,0,,31,False,non_critical,
1,20260708,L002->L055,L002,L055,True,False,0.0,0.0,0.0,1.0,"L001,L002,L018,L019,L030,L044,L045,L046,L054,L055,L060,L102,L104,L109,L110,L111,L113,L115,L128,L134,L140,L150,L153,L154,L155,L156,L157,L158,L159,L160,L169,L178,L179,L182",34,1.16672039570049,1.16672039570049,0,,32,False,non_critical,
1,20260708,L002->L056,L002,L056,True,False,0.0,0.0,0.0,1.0000000000000029,"L001,L002,L018,L019,L030,L044,L045,L046,L054,L056,L060,L102,L104,L109,L110,L111,L113,L115,L128,L134,L140,L150,L153,L154,L155,L156,L157,L158,L159,L160,L169,L178,L179,L182",34,1.16672039570049,1.16672039570049,0,,32,False,non_critical,
1,20260708,L002->L057,L002,L057,True,False,0.0,0.0,0.0,1.0,"L001,L002,L018,L019,L030,L044,L045,L046,L054,L057,L060,L102,L104,L109,L110,L111,L113,L115,L128,L134,L140,L150,L153,L154,L155,L156,L157,L158,L159,L160,L169,L178,L179,L182",34,1.16672039570049,1.16672039570049,0,,32,False,non_critical,
1,20260708,L002->L058,L002,L058,True,False,0.0,0.0,0.0,1.0000000000000038,"L001,L002,L018,L019,L030,L044,L045,L046,L054,L058,L060,L102,L104,L109,L110,L111,L113,L115,L128,L134,L140,L150,L153,L154,L155,L156,L157,L158,L159,L160,L169,L178,L179,L182",34,1.16672039570049,1.16672039570049,0,,32,False,non_critical,
1,20260708,L002->L059,L002,L059,True,True,18.346497960874867,18.346497960874867,0.0,1.0000000000000073,"L001,L002,L018,L019,L030,L044,L045,L046,L054,L059,L060,L102,L104,L109,L110,L111,L113,L115,L128,L134,L140,L150,L153,L154,L155,L156,L157,L158,L159,L160,L169,L178,L179,L182",34,1.157271172817286,1.157271172817286,0,,32,False,island_only,
1,20260708,L002->L060,L002,L060,True,False,0.0,0.0,0.0,1.0000000000000073,"L001,L002,L018,L019,L030,L044,L045,L046,L054,L060,L102,L104,L109,L110,L111,L113,L115,L128,L134,L140,L150,L153,L154,L155,L156,L157,L158,L159,L160,L169,L178,L179,L182",33,1.16672039570049,1.16672039570049,0,,31,False,non_critical,
1,20260708,L002->L061,L002,L061,True,True,33.88157185629734,33.88157185629734,0.0,1.0000000000000073,"L001,L002,L018,L019,L030,L044,L045,L046,L054,L060,L061,L102,L104,L109,L110,L111,L113,L115,L128,L134,L140,L150,L153,L154,L155,L156,L157,L158,L159,L160,L169,L178,L179,L182",34,1.1492699523087213,1.1492699523087213,0,,32,False,island_only,
1,20260708,L002->L062,L002,L062,True,False,0.0,0.0,0.0,1.0000000000000293,"L001,L002,L018,L019,L030,L044,L045,L046,L054,L060,L062,L065,L102,L104,L109,L110,L111,L113,L115,L128,L134,L140,L150,L153,L154,L155,L156,L157,L158,L159,L160,L169,L178,L179,L182",35,1.4057267248780574,1.4057267248780574,1,L065,33,True,non_critical,
1,20260708,L002->L063,L002,L063,True,False,0.0,0.0,0.0,1.0000000000000007,"L001,L002,L018,L019,L030,L044,L045,L046,L054,L060,L063,L102,L104,L109,L110,L111,L113,L115,L128,L134,L140,L150,L153,L154,L155,L156,L157,L158,L159,L160,L169,L178,L179,L182",34,1.16672039570049,1.16672039570049,0,,32,False,non_critical,
1,20260708,L002->L064,L002,L064,True,False,0.0,0.0,0.0,1.0000000000000073,"L001,L002,L018,L019,L030,L044,L045,L046,L054,L060,L064,L102,L104,L109,L110,L111,L113,L115,L128,L134,L140,L150,L153,L154,L155,L156,L157,L158,L159,L160,L169,L178,L179,L182",34,1.16672039570049,1.16672039570049,0,,32,False,non_critical,
1,20260708,L002->L065,L002,L065,True,False,0.0,0.0,0.0,1.0000000000000016,"L001,L002,L018,L019,L030,L044,L045,L046,L054,L060,L065,L102,L104,L109,L110,L111,L113,L115,L128,L134,L140,L150,L153,L154,L155,L156,L157,L158,L159,L160,L169,L178,L179,L182",34,1.16672039570049,1.16672039570049,0,,32,False,non_critical,
1,20260708,L002->L066,L002,L066,True,False,0.0,0.0,0.0,1.0000000000000002,"L001,L002,L018,L019,L030,L044,L045,L046,L054,L060,L066,L102,L104,L109,L110,L111,L113,L115,L128,L134,L140,L150,L153,L154,L155,L156,L157,L158,L159,L160,L169,L178,L179,L182",34,1.16672039570049,1.16672039570049,0,,32,False,non_critical,
1,20260708,L002->L067,L002,L067,True,False,0.0,0.0,0.0,1.0000000000000002,"L001,L002,L018,L019,L030,L044,L045,L046,L054,L060,L067,L102,L104,L109,L110,L111,L113,L115,L128,L134,L140,L150,L153,L154,L155,L156,L157,L158,L159,L160,L169,L178,L179,L182",34,1.16672039570049,1.16672039570049,0,,32,False,non_critical,
1,20260708,L002->L068,L002,L068,True,True,1.2386774520145805,0.0,1.2386774520145805,1.0000000000000016,"L001,L002,L018,L019,L030,L044,L045,L046,L054,L060,L068,L102,L104,L109,L110,L111,L113,L115,L128,L134,L140,L150,L153,L154,L155,L156,L157,L158,L159,L160,L169,L178,L179,L182",34,1.16672039570049,1.16672039570049,0,,32,False,island_only,
1,20260708,L002->L069,L002,L069,True,False,0.0,0.0,0.0,1.0000000000000013,"L001,L002,L018,L019,L030,L044,L045,L046,L054,L060,L069,L102,L104,L109,L110,L111,L113,L115,L128,L134,L140,L150,L153,L154,L155,L156,L157,L158,L159,L160,L169,L178,L179,L182",34,1.16672039570049,1.16672039570049,0,,32,False,non_critical,
1,20260708,L002->L070,L002,L070,True,False,0.0,0.0,0.0,1.0000000000000002,"L001,L002,L018,L019,L030,L044,L045,L046,L054,L060,L070,L102,L104,L109,L110,L111,L113,L115,L128,L134,L140,L150,L153,L154,L155,L156,L157,L158,L159,L160,L169,L178,L179,L182",34,1.16672039570049,1.16672039570049,0,,32,False,non_critical,
1,20260708,L002->L071,L002,L071,True,True,70.56694602954056,70.56694602954056,0.0,1.0000000000000073,"L001,L002,L018,L019,L030,L044,L045,L046,L054,L060,L071,L073,L074,L082,L102,L104,L109,L110,L111,L113,L115,L128,L134,L140,L150,L153,L154,L155,L156,L157,L158,L159,L160,L169,L178,L179,L182",37,2.2690992652235797,2.2690992652235797,3,"L073,L074,L082",35,True,relay_cascade,
1,20260708,L002->L072,L002,L072,True,True,42.88779933795389,42.88779933795389,0.0,1.000000000000002,"L001,L002,L018,L019,L030,L044,L045,L046,L054,L060,L072,L074,L102,L104,L109,L110,L111,L113,L115,L128,L134,L140,L150,L153,L154,L155,L156,L157,L158,L159,L160,L169,L178,L179,L182",35,1.298455833389086,1.298455833389086,1,L074,33,True,relay_cascade,
1,20260708,L002->L073,L002,L073,True,False,0.0,0.0,0.0,1.0000000000000038,"L001,L002,L018,L019,L030,L044,L045,L046,L054,L060,L073,L102,L104,L109,L110,L111,L113,L115,L128,L134,L140,L150,L153,L154,L155,L156,L157,L158,L159,L160,L169,L178,L179,L182",34,1.16672039570049,1.16672039570049,0,,32,False,non_critical,
1,20260708,L002->L074,L002,L074,True,False,0.0,0.0,0.0,1.0000000000000073,"L001,L002,L018,L019,L030,L044,L045,L046,L054,L060,L074,L102,L104,L109,L110,L111,L113,L115,L128,L134,L140,L150,L153,L154,L155,L156,L157,L158,L159,L160,L169,L178,L179,L182",34,1.16672039570049,1.16672039570049,0,,32,False,non_critical,
1,20260708,L002->L075,L002,L075,True,False,0.0,0.0,0.0,1.0000000000000073,"L001,L002,L018,L019,L030,L044,L045,L046,L054,L060,L075,L102,L104,L109,L110,L111,L113,L115,L128,L134,L140,L150,L153,L154,L155,L156,L157,L158,L159,L160,L169,L178,L179,L182",34,1.16672039570049,1.16672039570049,0,,32,False,non_critical,
1,20260708,L002->L076,L002,L076,True,False,0.0,0.0,0.0,1.0000000000000073,"L001,L002,L018,L019,L030,L044,L045,L046,L054,L060,L076,L102,L104,L109,L110,L111,L113,L115,L128,L134,L140,L150,L153,L154,L155,L156,L157,L158,L159,L160,L169,L178,L179,L182",34,1.16672039570049,1.16672039570049,0,,32,False,non_critical,
1,20260708,L002->L077,L002,L077,True,False,0.0,0.0,0.0,1.0000000000000016,"L001,L002,L018,L019,L030,L044,L045,L046,L054,L060,L077,L102,L104,L109,L110,L111,L113,L115,L128,L134,L140,L150,L153,L154,L155,L156,L157,L158,L159,L160,L169,L178,L179,L182",34,1.16672039570049,1.16672039570049,0,,32,False,non_critical,
1,20260708,L002->L078,L002,L078,True,False,0.0,0.0,0.0,1.0,"L001,L002,L018,L019,L030,L044,L045,L046,L054,L060,L078,L102,L104,L109,L110,L111,L113,L115,L128,L134,L140,L150,L153,L154,L155,L156,L157,L158,L159,L160,L169,L178,L179,L182",34,1.16672039570049,1.16672039570049,0,,32,False,non_critical,
1,20260708,L002->L079,L002,L079,True,False,0.0,0.0,0.0,1.0000000000000073,"L001,L002,L018,L019,L030,L044,L045,L046,L054,L060,L079,L102,L104,L109,L110,L111,L113,L115,L128,L134,L140,L150,L153,L154,L155,L156,L157,L158,L159,L160,L169,L178,L179,L182",34,1.16672039570049,1.16672039570049,0,,32,False,non_critical,
1,20260708,L002->L080,L002,L080,True,False,0.0,0.0,0.0,1.0000000000000013,"L001,L002,L018,L019,L030,L044,L045,L046,L054,L060,L080,L102,L104,L109,L110,L111,L113,L115,L128,L134,L140,L150,L153,L154,L155,L156,L157,L158,L159,L160,L169,L178,L179,L182",34,1.16672039570049,1.16672039570049,0,,32,False,non_critical,
1,20260708,L002->L081,L002,L081,True,False,0.0,0.0,0.0,1.0000000000000002,"L001,L002,L018,L019,L030,L044,L045,L046,L054,L060,L081,L102,L104,L109,L110,L111,L113,L115,L128,L134,L140,L150,L153,L154,L155,L156,L157,L158,L159,L160,L169,L178,L179,L182",34,1.16672039570049,1.16672039570049,0,,32,False,non_critical,
1,20260708,L002->L082,L002,L082,True,False,0.0,0.0,0.0,1.0000000000000029,"L001,L002,L018,L019,L030,L044,L045,L046,L054,L060,L082,L102,L104,L109,L110,L111,L113,L115,L128,L134,L140,L150,L153,L154,L155,L156,L157,L158,L159,L160,L169,L178,L179,L182",34,1.16672039570049,1.16672039570049,0,,32,False,non_critical,
1,20260708,L002->L083,L002,L083,True,False,0.0,0.0,0.0,1.000000000000002,"L001,L002,L018,L019,L030,L044,L045,L046,L054,L060,L083,L102,L104,L109,L110,L111,L113,L115,L128,L134,L140,L150,L153,L154,L155,L156,L157,L158,L159,L160,L169,L178,L179,L182",34,1.16672039570049,1.16672039570049,0,,32,False,non_critical,
1,20260708,L002->L084,L002,L084,True,False,0.0,0.0,0.0,1.0000000000000104,"L001,L002,L018,L019,L030,L044,L045,L046,L054,L060,L084,L102,L104,L109,L110,L111,L113,L115,L128,L134,L140,L150,L153,L154,L155,L156,L157,L158,L159,L160,L169,L178,L179,L182",34,1.16672039570049,1.16672039570049,0,,32,False,non_critical,
1,20260708,L002->L085,L002,L085,True,False,0.0,0.0,0.0,1.0000000000000073,"L001,L002,L018,L019,L030,L044,L045,L046,L054,L060,L085,L102,L104,L109,L110,L111,L113,L115,L128,L134,L140,L150,L153,L154,L155,L156,L157,L158,L159,L160,L169,L178,L179,L182",34,1.16672039570049,1.16672039570049,0,,32,False,non_critical,
1,20260708,L002->L086,L002,L086,True,False,0.0,0.0,0.0,1.0000000000000073,"L001,L002,L018,L019,L030,L044,L045,L046,L054,L060,L086,L102,L104,L109,L110,L111,L113,L115,L128,L134,L140,L150,L153,L154,L155,L156,L157,L158,L159,L160,L169,L178,L179,L182",34,1.16672039570049,1.16672039570049,0,,32,False,non_critical,
1,20260708,L002->L087,L002,L087,True,False,0.0,0.0,0.0,1.0,"L001,L002,L018,L019,L030,L044,L045,L046,L054,L060,L087,L102,L104,L109,L110,L111,L113,L115,L128,L134,L140,L150,L153,L154,L155,L156,L157,L158,L159,L160,L169,L178,L179,L182",34,1.16672039570049,1.16672039570049,0,,32,False,non_critical,
1,20260708,L002->L088,L002,L088,True,False,0.0,0.0,0.0,1.0000000000000016,"L001,L002,L018,L019,L030,L044,L045,L046,L054,L060,L088,L102,L104,L109,L110,L111,L113,L115,L128,L134,L140,L150,L153,L154,L155,L156,L157,L158,L159,L160,L169,L178,L179,L182",34,1.16672039570049,1.16672039570049,0,,32,False,non_critical,
1,20260708,L002->L089,L002,L089,True,False,0.0,0.0,0.0,1.0,"L001,L002,L018,L019,L030,L044,L045,L046,L054,L060,L089,L102,L104,L109,L110,L111,L113,L115,L128,L134,L140,L150,L153,L154,L155,L156,L157,L158,L159,L160,L169,L178,L179,L182",34,1.16672039570049,1.16672039570049,0,,32,False,non_critical,
1,20260708,L002->L090,L002,L090,True,False,0.0,0.0,0.0,1.0000000000000073,"L001,L002,L018,L019,L030,L044,L045,L046,L054,L060,L090,L091,L102,L104,L109,L110,L111,L113,L115,L128,L134,L140,L150,L153,L154,L155,L156,L157,L158,L159,L160,L169,L178,L179,L182",35,3.5675169164592,3.5675169164592,1,L091,33,True,non_critical,
1,20260708,L002->L091,L002,L091,True,False,0.0,0.0,0.0,1.0000000000000013,"L001,L002,L018,L019,L030,L044,L045,L046,L054,L060,L091,L102,L104,L109,L110,L111,L113,L115,L128,L134,L140,L150,L153,L154,L155,L156,L157,L158,L159,L160,L169,L178,L179,L182",34,1.16672039570049,1.16672039570049,0,,32,False,non_critical,
1,20260708,L002->L092,L002,L092,True,False,0.0,0.0,0.0,1.0000000000000038,"L001,L002,L018,L019,L030,L044,L045,L046,L054,L060,L092,L102,L104,L109,L110,L111,L113,L115,L128,L134,L140,L150,L153,L154,L155,L156,L157,L158,L159,L160,L169,L178,L179,L182",34,1.16672039570049,1.16672039570049,0,,32,False,non_critical,
1,20260708,L002->L093,L002,L093,True,False,0.0,0.0,0.0,1.000000000000002,"L001,L002,L018,L019,L030,L044,L045,L046,L054,L056,L057,L060,L065,L091,L093,L095,L102,L104,L109,L110,L111,L113,L115,L128,L134,L140,L143,L149,L150,L153,L154,L155,L156,L157,L158,L159,L160,L169,L178,L179,L182",41,2.6487384540216077,2.6487384540216077,7,"L056,L057,L065,L091,L095,L143,L149",39,True,non_critical,
1,20260708,L002->L094,L002,L094,True,False,0.0,0.0,0.0,1.000000000000002,"L001,L002,L018,L019,L030,L044,L045,L046,L054,L056,L057,L060,L065,L091,L094,L095,L102,L104,L109,L110,L111,L113,L115,L128,L134,L140,L143,L149,L150,L153,L154,L155,L156,L157,L158,L159,L160,L169,L178,L179,L182",41,2.6487384540216268,2.6487384540216268,7,"L056,L057,L065,L091,L095,L143,L149",39,True,non_critical,
1,20260708,L002->L095,L002,L095,True,False,0.0,0.0,0.0,1.0,"L001,L002,L018,L019,L030,L044,L045,L046,L054,L060,L095,L102,L104,L109,L110,L111,L113,L115,L128,L134,L140,L150,L153,L154,L155,L156,L157,L158,L159,L160,L169,L178,L179,L182",34,1.16672039570049,1.16672039570049,0,,32,False,non_critical,
1,20260708,L002->L096,L002,L096,True,False,0.0,0.0,0.0,1.0000000000000293,"L001,L002,L018,L019,L030,L044,L045,L046,L054,L057,L058,L060,L065,L096,L102,L104,L109,L110,L111,L113,L115,L128,L134,L140,L150,L153,L154,L155,L156,L157,L158,L159,L160,L169,L178,L179,L182",37,2.2680151073395707,2.2680151073395707,3,"L057,L058,L065",35,True,non_critical,
1,20260708,L002->L097,L002,L097,True,False,0.0,0.0,0.0,1.000000000000002,"L001,L002,L018,L019,L030,L044,L045,L046,L054,L056,L057,L060,L065,L091,L097,L102,L104,L109,L110,L111,L113,L115,L128,L134,L140,L143,L149,L150,L153,L154,L155,L156,L157,L158,L159,L160,L169,L178,L179,L182",40,2.648738454021611,2.648738454021611,6,"L056,L057,L065,L091,L143,L149",38,True,non_critical,
1,20260708,L002->L098,L002,L098,True,False,0.0,0.0,0.0,1.0000000000000073,"L001,L002,L018,L019,L030,L044,L045,L046,L054,L060,L098,L102,L104,L109,L110,L111,L113,L115,L128,L134,L140,L150,L153,L154,L155,L156,L157,L158,L159,L160,L169,L178,L179,L182",34,1.16672039570049,1.16672039570049,0,,32,False,non_critical,
1,20260708,L002->L099,L002,L099,True,False,0.0,0.0,0.0,1.0000000000000073,"L001,L002,L018,L019,L030,L044,L045,L046,L054,L060,L099,L102,L104,L109,L110,L111,L113,L115,L128,L134,L140,L150,L153,L154,L155,L156,L157,L158,L159,L160,L169,L178,L179,L182",34,1.16672039570049,1.16672039570049,0,,32,False,non_critical,
1,20260708,L002->L100,L002,L100,True,False,0.0,0.0,0.0,1.0,"L001,L002,L018,L019,L030,L044,L045,L046,L054,L060,L100,L102,L104,L109,L110,L111,L113,L115,L128,L134,L140,L150,L153,L154,L155,L156,L157,L158,L159,L160,L169,L178,L179,L182",34,1.16672039570049,1.16672039570049,0,,32,False,non_critical,
1,20260708,L002->L101,L002,L101,True,False,0.0,0.0,0.0,1.0000000000000073,"L001,L002,L018,L019,L030,L044,L045,L046,L054,L060,L101,L102,L104,L109,L110,L111,L113,L115,L128,L134,L140,L150,L153,L154,L155,L156,L157,L158,L159,L160,L169,L178,L179,L182",34,1.16672039570049,1.16672039570049,0,,32,False,non_critical,
1,20260708,L002->L102,L002,L102,True,False,0.0,0.0,0.0,1.0000000000000073,"L001,L002,L018,L019,L030,L044,L045,L046,L054,L060,L102,L104,L109,L110,L111,L113,L115,L128,L134,L140,L150,L153,L154,L155,L156,L157,L158,L159,L160,L169,L178,L179,L182",33,1.16672039570049,1.16672039570049,0,,31,False,non_critical,
1,20260708,L002->L103,L002,L103,True,False,0.0,0.0,0.0,1.0000000000000002,"L001,L002,L018,L019,L030,L044,L045,L046,L054,L060,L102,L103,L104,L109,L110,L111,L113,L115,L128,L134,L140,L150,L153,L154,L155,L156,L157,L158,L159,L160,L169,L178,L179,L182",34,1.16672039570049,1.16672039570049,0,,32,False,non_critical,
1,20260708,L002->L104,L002,L104,True,False,0.0,0.0,0.0,1.0000000000000073,"L001,L002,L018,L019,L030,L044,L045,L046,L054,L060,L102,L104,L109,L110,L111,L113,L115,L128,L134,L140,L150,L153,L154,L155,L156,L157,L158,L159,L160,L169,L178,L179,L182",33,1.16672039570049,1.16672039570049,0,,31,False,non_critical,
1,20260708,L002->L105,L002,L105,True,False,0.0,0.0,0.0,1.000000000000033,"L001,L002,L018,L019,L030,L044,L045,L046,L054,L060,L065,L102,L104,L105,L109,L110,L111,L113,L115,L128,L134,L140,L150,L153,L154,L155,L156,L157,L158,L159,L160,L169,L178,L179,L182",35,1.9535898586259004,1.9535898586259004,1,L065,33,True,non_critical,
1,20260708,L002->L106,L002,L106,True,False,0.0,0.0,0.0,1.0000000000000038,"L001,L002,L018,L019,L030,L044,L045,L046,L054,L060,L065,L102,L104,L106,L109,L110,L111,L113,L115,L128,L134,L140,L150,L153,L154,L155,L156,L157,L158,L159,L160,L169,L178,L179,L182",35,2.0675567232454215,2.0675567232454215,1,L065,33,True,non_critical,
1,20260708,L002->L107,L002,L107,True,True,81.35922639729833,81.35922639729833,0.0,1.0000000000000029,"L001,L002,L018,L019,L030,L044,L045,L046,L054,L060,L065,L102,L104,L107,L109,L110,L111,L113,L115,L126,L127,L128,L134,L140,L150,L153,L154,L155,L156,L157,L158,L159,L160,L169,L178,L179,L182",37,1.5521381571337756,1.5521381571337756,3,"L065,L126,L127",35,True,relay_cascade,
1,20260708,L002->L108,L002,L108,True,False,0.0,0.0,0.0,1.0000000000000016,"L001,L002,L018,L019,L030,L044,L045,L046,L054,L060,L102,L104,L108,L109,L110,L111,L113,L115,L128,L134,L140,L150,L153,L154,L155,L156,L157,L158,L159,L160,L169,L178,L179,L182",34,1.16672039570049,1.16672039570049,0,,32,False,non_critical,
1,20260708,L002->L109,L002,L109,True,False,0.0,0.0,0.0,1.0000000000000073,"L001,L002,L018,L019,L030,L044,L045,L046,L054,L060,L102,L104,L109,L110,L111,L113,L115,L128,L134,L140,L150,L153,L154,L155,L156,L157,L158,L159,L160,L169,L178,L179,L182",33,1.16672039570049,1.16672039570049,0,,31,False,non_critical,
1,20260708,L002->L110,L002,L110,True,False,0.0,0.0,0.0,1.0000000000000073,"L001,L002,L018,L019,L030,L044,L045,L046,L054,L060,L102,L104,L109,L110,L111,L113,L115,L128,L134,L140,L150,L153,L154,L155,L156,L157,L158,L159,L160,L169,L178,L179,L182",33,1.16672039570049,1.16672039570049,0,,31,False,non_critical,
1,20260708,L002->L111,L002,L111,True,False,0.0,0.0,0.0,1.0000000000000073,"L001,L002,L018,L019,L030,L044,L045,L046,L054,L060,L102,L104,L109,L110,L111,L113,L115,L128,L134,L140,L150,L153,L154,L155,L156,L157,L158,L159,L160,L169,L178,L179,L182",33,1.16672039570049,1.16672039570049,0,,31,False,non_critical,
1,20260708,L002->L112,L002,L112,True,False,0.0,0.0,0.0,1.0000000000000073,"L001,L002,L018,L019,L030,L044,L045,L046,L054,L060,L102,L104,L109,L110,L111,L112,L113,L115,L128,L134,L140,L150,L153,L154,L155,L156,L157,L158,L159,L160,L169,L178,L179,L182",34,1.16672039570049,1.16672039570049,0,,32,False,non_critical,
1,20260708,L002->L113,L002,L113,True,False,0.0,0.0,0.0,1.0000000000000073,"L001,L002,L018,L019,L030,L044,L045,L046,L054,L060,L102,L104,L109,L110,L111,L113,L115,L128,L134,L140,L150,L153,L154,L155,L156,L157,L158,L159,L160,L169,L178,L179,L182",33,1.16672039570049,1.16672039570049,0,,31,False,non_critical,
1,20260708,L002->L114,L002,L114,True,False,0.0,0.0,0.0,1.000000000000004,"L001,L002,L018,L019,L030,L044,L045,L046,L054,L060,L102,L104,L109,L110,L111,L113,L114,L115,L128,L134,L140,L150,L153,L154,L155,L156,L157,L158,L159,L160,L169,L178,L179,L182",34,1.16672039570049,1.16672039570049,0,,32,False,non_critical,
1,20260708,L002->L115,L002,L115,True,False,0.0,0.0,0.0,1.0000000000000073,"L001,L002,L018,L019,L030,L044,L045,L046,L054,L060,L102,L104,L109,L110,L111,L113,L115,L128,L134,L140,L150,L153,L154,L155,L156,L157,L158,L159,L160,L169,L178,L179,L182",33,1.16672039570049,1.16672039570049,0,,31,False,non_critical,
1,20260708,L002->L116,L002,L116,True,True,51.84086026986975,51.84086026986975,0.0,1.000000000000001,"L001,L002,L018,L019,L030,L044,L045,L046,L054,L060,L065,L102,L104,L109,L110,L111,L113,L114,L115,L116,L120,L128,L134,L140,L150,L153,L154,L155,L156,L157,L158,L159,L160,L169,L178,L179,L182,L186",38,1.5699921704605329,1.5699921704605329,4,"L065,L114,L120,L186",36,True,relay_cascade,
1,20260708,L002->L117,L002,L117,True,False,0.0,0.0,0.0,1.000000000000002,"L001,L002,L018,L019,L030,L044,L045,L046,L054,L060,L102,L104,L109,L110,L111,L113,L115,L117,L128,L134,L140,L150,L153,L154,L155,L156,L157,L158,L159,L160,L169,L178,L179,L182",34,1.16672039570049,1.16672039570049,0,,32,False,non_critical,
1,20260708,L002->L118,L002,L118,True,False,0.0,0.0,0.0,1.000000000000004,"L001,L002,L018,L019,L030,L044,L045,L046,L054,L060,L102,L104,L109,L110,L111,L113,L115,L118,L128,L134,L140,L150,L153,L154,L155,L156,L157,L158,L159,L160,L169,L178,L179,L182",34,1.16672039570049,1.16672039570049,0,,32,False,non_critical,
1,20260708,L002->L119,L002,L119,True,False,0.0,0.0,0.0,1.0000000000000016,"L001,L002,L018,L019,L030,L044,L045,L046,L054,L060,L102,L104,L109,L110,L111,L113,L115,L119,L128,L134,L140,L150,L153,L154,L155,L156,L157,L158,L159,L160,L169,L178,L179,L182",34,1.16672039570049,1.16672039570049,0,,32,False,non_critical,
1,20260708,L002->L120,L002,L120,True,False,0.0,0.0,0.0,1.0000000000000016,"L001,L002,L018,L019,L030,L044,L045,L046,L054,L060,L102,L104,L109,L110,L111,L113,L115,L120,L128,L134,L140,L150,L153,L154,L155,L156,L157,L158,L159,L160,L169,L178,L179,L182",34,1.16672039570049,1.16672039570049,0,,32,False,non_critical,
1,20260708,L002->L121,L002,L121,True,True,10.648093248200752,0.0,10.648093248200752,1.0000000000000002,"L001,L002,L018,L019,L030,L044,L045,L046,L054,L060,L102,L104,L109,L110,L111,L113,L115,L121,L128,L134,L140,L150,L153,L154,L155,L156,L157,L158,L159,L160,L169,L178,L179,L182",34,1.16672039570049,1.16672039570049,0,,32,False,island_only,
1,20260708,L002->L122,L002,L122,True,False,0.0,0.0,0.0,1.0000000000000002,"L001,L002,L018,L019,L030,L044,L045,L046,L054,L060,L102,L104,L109,L110,L111,L113,L115,L122,L128,L134,L140,L150,L153,L154,L155,L156,L157,L158,L159,L160,L169,L178,L179,L182",34,1.16672039570049,1.16672039570049,0,,32,False,non_critical,
1,20260708,L002->L123,L002,L123,True,False,0.0,0.0,0.0,1.0000000000000073,"L001,L002,L018,L019,L030,L044,L045,L046,L054,L060,L102,L104,L109,L110,L111,L113,L115,L123,L128,L134,L140,L150,L153,L154,L155,L156,L157,L158,L159,L160,L169,L178,L179,L182",34,1.16672039570049,1.16672039570049,0,,32,False,non_critical,
1,20260708,L002->L124,L002,L124,True,False,0.0,0.0,0.0,1.0000000000000073,"L001,L002,L018,L019,L030,L044,L045,L046,L054,L060,L102,L104,L109,L110,L111,L113,L115,L124,L128,L134,L140,L150,L153,L154,L155,L156,L157,L158,L159,L160,L169,L178,L179,L182",34,1.16672039570049,1.16672039570049,0,,32,False,non_critical,
1,20260708,L002->L125,L002,L125,True,False,0.0,0.0,0.0,1.0000000000000002,"L001,L002,L018,L019,L030,L044,L045,L046,L054,L060,L102,L104,L109,L110,L111,L113,L115,L125,L128,L134,L140,L150,L153,L154,L155,L156,L157,L158,L159,L160,L169,L178,L179,L182",34,1.16672039570049,1.16672039570049,0,,32,False,non_critical,
1,20260708,L002->L126,L002,L126,True,False,0.0,0.0,0.0,1.000000000000003,"L001,L002,L018,L019,L030,L044,L045,L046,L054,L060,L102,L104,L109,L110,L111,L113,L115,L126,L128,L134,L140,L150,L153,L154,L155,L156,L157,L158,L159,L160,L169,L178,L179,L182",34,1.16672039570049,1.16672039570049,0,,32,False,non_critical,
1,20260708,L002->L127,L002,L127,True,False,0.0,0.0,0.0,1.000000000000003,"L001,L002,L018,L019,L030,L044,L045,L046,L054,L060,L102,L104,L109,L110,L111,L113,L115,L127,L128,L134,L140,L150,L153,L154,L155,L156,L157,L158,L159,L160,L169,L178,L179,L182",34,1.16672039570049,1.16672039570049,0,,32,False,non_critical,
1,20260708,L002->L128,L002,L128,True,False,0.0,0.0,0.0,1.0000000000000073,"L001,L002,L018,L019,L030,L044,L045,L046,L054,L060,L102,L104,L109,L110,L111,L113,L115,L128,L134,L140,L150,L153,L154,L155,L156,L157,L158,L159,L160,L169,L178,L179,L182",33,1.16672039570049,1.16672039570049,0,,31,False,non_critical,
1,20260708,L002->L129,L002,L129,True,True,95.4310507703569,95.4310507703569,0.0,1.0,"L001,L002,L018,L019,L030,L044,L045,L046,L054,L060,L102,L104,L109,L110,L111,L113,L115,L128,L129,L134,L140,L148,L149,L150,L153,L154,L155,L156,L157,L158,L159,L160,L169,L178,L179,L182",36,1.872027277170563,1.872027277170563,2,"L148,L149",34,True,relay_cascade,
1,20260708,L002->L130,L002,L130,True,False,0.0,0.0,0.0,1.000000000000002,"L001,L002,L018,L019,L030,L044,L045,L046,L054,L060,L102,L104,L109,L110,L111,L113,L115,L128,L130,L134,L140,L150,L153,L154,L155,L156,L157,L158,L159,L160,L169,L178,L179,L182",34,1.16672039570049,1.16672039570049,0,,32,False,non_critical,
1,20260708,L002->L131,L002,L131,True,True,114.18946374777678,114.18946374777678,0.0,1.0,"L001,L002,L018,L019,L030,L044,L045,L046,L054,L060,L102,L104,L109,L110,L111,L113,L115,L128,L130,L131,L134,L140,L148,L149,L150,L153,L154,L155,L156,L157,L158,L159,L160,L169,L178,L179,L182",37,2.430132170184363,2.430132170184363,3,"L130,L148,L149",35,True,relay_cascade,
1,20260708,L002->L132,L002,L132,True,False,0.0,0.0,0.0,1.000000000000002,"L001,L002,L018,L019,L030,L044,L045,L046,L054,L060,L102,L104,L109,L110,L111,L113,L115,L128,L132,L134,L140,L150,L153,L154,L155,L156,L157,L158,L159,L160,L169,L178,L179,L182",34,1.16672039570049,1.16672039570049,0,,32,False,non_critical,
1,20260708,L002->L133,L002,L133,True,True,20.77635989697293,20.77635989697293,0.0,1.0000000000000073,"L001,L002,L018,L019,L030,L044,L045,L046,L054,L060,L102,L104,L109,L110,L111,L113,L115,L128,L133,L134,L140,L150,L153,L154,L155,L156,L157,L158,L159,L160,L169,L178,L179,L182",34,1.156019691087172,1.156019691087172,0,,32,False,island_only,
1,20260708,L002->L134,L002,L134,True,False,0.0,0.0,0.0,1.0000000000000073,"L001,L002,L018,L019,L030,L044,L045,L046,L054,L060,L102,L104,L109,L110,L111,L113,L115,L128,L134,L140,L150,L153,L154,L155,L156,L157,L158,L159,L160,L169,L178,L179,L182",33,1.16672039570049,1.16672039570049,0,,31,False,non_critical,
1,20260708,L002->L135,L002,L135,True,False,0.0,0.0,0.0,1.0,"L001,L002,L018,L019,L030,L044,L045,L046,L054,L060,L102,L104,L109,L110,L111,L113,L115,L128,L134,L135,L140,L150,L153,L154,L155,L156,L157,L158,L159,L160,L169,L178,L179,L182",34,1.16672039570049,1.16672039570049,0,,32,False,non_critical,
1,20260708,L002->L136,L002,L136,True,False,0.0,0.0,0.0,1.0000000000000073,"L001,L002,L018,L019,L030,L044,L045,L046,L054,L060,L102,L104,L109,L110,L111,L113,L115,L128,L134,L136,L140,L150,L153,L154,L155,L156,L157,L158,L159,L160,L169,L178,L179,L182",34,1.16672039570049,1.16672039570049,0,,32,False,non_critical,
1,20260708,L002->L137,L002,L137,True,False,0.0,0.0,0.0,1.0000000000000013,"L001,L002,L018,L019,L030,L044,L045,L046,L054,L060,L102,L104,L109,L110,L111,L113,L115,L128,L134,L137,L140,L150,L153,L154,L155,L156,L157,L158,L159,L160,L169,L178,L179,L182",34,1.16672039570049,1.16672039570049,0,,32,False,non_critical,
1,20260708,L002->L138,L002,L138,True,False,0.0,0.0,0.0,1.0000000000000073,"L001,L002,L018,L019,L030,L044,L045,L046,L054,L060,L102,L104,L109,L110,L111,L113,L115,L128,L134,L138,L140,L150,L153,L154,L155,L156,L157,L158,L159,L160,L169,L178,L179,L182",34,1.16672039570049,1.16672039570049,0,,32,False,non_critical,
1,20260708,L002->L139,L002,L139,True,False,0.0,0.0,0.0,1.0000000000000038,"L001,L002,L018,L019,L030,L044,L045,L046,L054,L060,L102,L104,L109,L110,L111,L113,L115,L128,L134,L139,L140,L150,L153,L154,L155,L156,L157,L158,L159,L160,L169,L178,L179,L182",34,1.16672039570049,1.16672039570049,0,,32,False,non_critical,
1,20260708,L002->L140,L002,L140,True,False,0.0,0.0,0.0,1.0000000000000073,"L001,L002,L018,L019,L030,L044,L045,L046,L054,L060,L102,L104,L109,L110,L111,L113,L115,L128,L134,L140,L150,L153,L154,L155,L156,L157,L158,L159,L160,L169,L178,L179,L182",33,1.16672039570049,1.16672039570049,0,,31,False,non_critical,
1,20260708,L002->L141,L002,L141,True,False,0.0,0.0,0.0,1.0000000000000038,"L001,L002,L018,L019,L030,L044,L045,L046,L054,L060,L102,L104,L109,L110,L111,L113,L115,L128,L134,L140,L141,L150,L153,L154,L155,L156,L157,L158,L159,L160,L169,L178,L179,L182",34,1.16672039570049,1.16672039570049,0,,32,False,non_critical,
1,20260708,L002->L142,L002,L142,True,False,0.0,0.0,0.0,1.0000000000000038,"L001,L002,L018,L019,L030,L044,L045,L046,L054,L060,L102,L104,L109,L110,L111,L113,L115,L128,L134,L140,L142,L150,L153,L154,L155,L156,L157,L158,L159,L160,L169,L178,L179,L182",34,1.16672039570049,1.16672039570049,0,,32,False,non_critical,
1,20260708,L002->L143,L002,L143,True,True,4.985720985998649,0.0,4.985720985998649,1.0,"L001,L002,L018,L019,L030,L044,L045,L046,L054,L060,L102,L104,L109,L110,L111,L113,L115,L128,L134,L140,L143,L148,L150,L153,L154,L155,L156,L157,L158,L159,L160,L169,L178,L179,L182",35,1.2583540067962666,1.2583540067962666,1,L148,33,True,relay_cascade,
1,20260708,L002->L144,L002,L144,True,False,0.0,0.0,0.0,1.0000000000000073,"L001,L002,L018,L019,L030,L044,L045,L046,L054,L060,L102,L104,L109,L110,L111,L113,L115,L128,L134,L140,L144,L150,L153,L154,L155,L156,L157,L158,L159,L160,L169,L178,L179,L182",34,1.16672039570049,1.16672039570049,0,,32,False,non_critical,
1,20260708,L002->L145,L002,L145,True,False,0.0,0.0,0.0,1.0000000000000073,"L001,L002,L018,L019,L030,L044,L045,L046,L054,L060,L102,L104,L109,L110,L111,L113,L115,L128,L134,L140,L145,L150,L153,L154,L155,L156,L157,L158,L159,L160,L169,L178,L179,L182",34,1.16672039570049,1.16672039570049,0,,32,False,non_critical,
1,20260708,L002->L146,L002,L146,True,False,0.0,0.0,0.0,1.0000000000000073,"L001,L002,L018,L019,L030,L044,L045,L046,L054,L060,L102,L104,L109,L110,L111,L113,L115,L128,L134,L140,L146,L150,L153,L154,L155,L156,L157,L158,L159,L160,L169,L178,L179,L182",34,1.16672039570049,1.16672039570049,0,,32,False,non_critical,
1,20260708,L002->L147,L002,L147,True,True,43.59265123807146,43.59265123807146,0.0,1.0,"L001,L002,L018,L019,L030,L044,L045,L046,L054,L060,L102,L104,L109,L110,L111,L113,L115,L128,L134,L140,L147,L149,L150,L153,L154,L155,L156,L157,L158,L159,L160,L169,L178,L179,L182",35,1.263501547042788,1.263501547042788,1,L149,33,True,relay_cascade,
1,20260708,L002->L148,L002,L148,True,True,4.985720985998649,0.0,4.985720985998649,1.0,"L001,L002,L018,L019,L030,L044,L045,L046,L054,L060,L102,L104,L109,L110,L111,L113,L115,L128,L134,L140,L143,L148,L150,L153,L154,L155,L156,L157,L158,L159,L160,L169,L178,L179,L182",35,1.251937994332909,1.251937994332909,1,L143,33,True,relay_cascade,
1,20260708,L002->L149,L002,L149,True,False,0.0,0.0,0.0,1.0,"L001,L002,L018,L019,L030,L044,L045,L046,L054,L060,L102,L104,L109,L110,L111,L113,L115,L128,L134,L140,L149,L150,L153,L154,L155,L156,L157,L158,L159,L160,L169,L178,L179,L182",34,1.1532888802912378,1.1532888802912378,0,,32,False,non_critical,
1,20260708,L002->L150,L002,L150,True,False,0.0,0.0,0.0,1.0000000000000073,"L001,L002,L018,L019,L030,L044,L045,L046,L054,L060,L102,L104,L109,L110,L111,L113,L115,L128,L134,L140,L150,L153,L154,L155,L156,L157,L158,L159,L160,L169,L178,L179,L182",33,1.16672039570049,1.16672039570049,0,,31,False,non_critical,
1,20260708,L002->L151,L002,L151,True,True,16.350555809154557,16.350555809154557,0.0,1.0000000000000073,"L001,L002,L018,L019,L030,L044,L045,L046,L054,L060,L102,L104,L109,L110,L111,L113,L115,L128,L134,L140,L150,L151,L153,L154,L155,L156,L157,L158,L159,L160,L169,L178,L179,L182",34,1.1582991674947354,1.1582991674947354,0,,32,False,island_only,
1,20260708,L002->L152,L002,L152,True,True,31.05817161312981,31.05817161312981,0.0,1.0000000000000073,"L001,L002,L018,L019,L030,L044,L045,L046,L054,L060,L102,L104,L109,L110,L111,L113,L115,L128,L134,L140,L150,L152,L153,L154,L155,L156,L157,L158,L159,L160,L169,L178,L179,L182",34,1.1507241229217235,1.1507241229217235,0,,32,False,island_only,
1,20260708,L002->L153,L002,L153,True,False,0.0,0.0,0.0,1.0000000000000073,"L001,L002,L018,L019,L030,L044,L045,L046,L054,L060,L102,L104,L109,L110,L111,L113,L115,L128,L134,L140,L150,L153,L154,L155,L156,L157,L158,L159,L160,L169,L178,L179,L182",33,1.16672039570049,1.16672039570049,0,,31,False,non_critical,
1,20260708,L002->L154,L002,L154,True,False,0.0,0.0,0.0,1.0000000000000073,"L001,L002,L018,L019,L030,L044,L045,L046,L054,L060,L102,L104,L109,L110,L111,L113,L115,L128,L134,L140,L150,L153,L154,L155,L156,L157,L158,L159,L160,L169,L178,L179,L182",33,1.16672039570049,1.16672039570049,0,,31,False,non_critical,
1,20260708,L002->L155,L002,L155,True,False,0.0,0.0,0.0,1.0000000000000073,"L001,L002,L018,L019,L030,L044,L045,L046,L054,L060,L102,L104,L109,L110,L111,L113,L115,L128,L134,L140,L150,L153,L154,L155,L156,L157,L158,L159,L160,L169,L178,L179,L182",33,1.16672039570049,1.16672039570049,0,,31,False,non_critical,
1,20260708,L002->L156,L002,L156,True,False,0.0,0.0,0.0,1.0000000000000073,"L001,L002,L018,L019,L030,L044,L045,L046,L054,L060,L102,L104,L109,L110,L111,L113,L115,L128,L134,L140,L150,L153,L154,L155,L156,L157,L158,L159,L160,L169,L178,L179,L182",33,1.16672039570049,1.16672039570049,0,,31,False,non_critical,
1,20260708,L002->L157,L002,L157,True,False,0.0,0.0,0.0,1.0000000000000073,"L001,L002,L018,L019,L030,L044,L045,L046,L054,L060,L102,L104,L109,L110,L111,L113,L115,L128,L134,L140,L150,L153,L154,L155,L156,L157,L158,L159,L160,L169,L178,L179,L182",33,1.16672039570049,1.16672039570049,0,,31,False,non_critical,
1,20260708,L002->L158,L002,L158,True,False,0.0,0.0,0.0,1.0000000000000073,"L001,L002,L018,L019,L030,L044,L045,L046,L054,L060,L102,L104,L109,L110,L111,L113,L115,L128,L134,L140,L150,L153,L154,L155,L156,L157,L158,L159,L160,L169,L178,L179,L182",33,1.16672039570049,1.16672039570049,0,,31,False,non_critical,
1,20260708,L002->L159,L002,L159,True,False,0.0,0.0,0.0,1.0000000000000073,"L001,L002,L018,L019,L030,L044,L045,L046,L054,L060,L102,L104,L109,L110,L111,L113,L115,L128,L134,L140,L150,L153,L154,L155,L156,L157,L158,L159,L160,L169,L178,L179,L182",33,1.16672039570049,1.16672039570049,0,,31,False,non_critical,
1,20260708,L002->L160,L002,L160,True,False,0.0,0.0,0.0,1.0000000000000073,"L001,L002,L018,L019,L030,L044,L045,L046,L054,L060,L102,L104,L109,L110,L111,L113,L115,L128,L134,L140,L150,L153,L154,L155,L156,L157,L158,L159,L160,L169,L178,L179,L182",33,1.16672039570049,1.16672039570049,0,,31,False,non_critical,
1,20260708,L002->L161,L002,L161,True,True,25.8591841142224,25.8591841142224,0.0,1.0000000000000073,"L001,L002,L018,L019,L030,L044,L045,L046,L054,L060,L102,L104,L109,L110,L111,L113,L115,L128,L134,L140,L150,L153,L154,L155,L156,L157,L158,L159,L160,L161,L169,L178,L179,L182",34,1.1534018215075206,1.1534018215075206,0,,32,False,island_only,
1,20260708,L002->L162,L002,L162,True,True,20.98550075696534,20.98550075696534,0.0,1.0000000000000073,"L001,L002,L018,L019,L030,L044,L045,L046,L054,L060,L102,L104,L109,L110,L111,L113,L115,L128,L134,L140,L150,L153,L154,L155,L156,L157,L158,L159,L160,L162,L169,L178,L179,L182",34,1.1559119746933273,1.1559119746933273,0,,32,False,island_only,
1,20260708,L002->L163,L002,L163,True,False,0.0,0.0,0.0,1.0000000000000073,"L001,L002,L018,L019,L030,L044,L045,L046,L054,L060,L102,L104,L109,L110,L111,L113,L115,L128,L134,L140,L150,L153,L154,L155,L156,L157,L158,L159,L160,L163,L169,L178,L179,L182",34,1.16672039570049,1.16672039570049,0,,32,False,non_critical,
1,20260708,L002->L164,L002,L164,True,False,0.0,0.0,0.0,1.0000000000000073,"L001,L002,L018,L019,L030,L044,L045,L046,L054,L060,L102,L104,L109,L110,L111,L113,L115,L128,L134,L140,L150,L153,L154,L155,L156,L157,L158,L159,L160,L164,L169,L178,L179,L182",34,1.16672039570049,1.16672039570049,0,,32,False,non_critical,
1,20260708,L002->L165,L002,L165,True,False,0.0,0.0,0.0,1.0000000000000073,"L001,L002,L018,L019,L030,L044,L045,L046,L054,L060,L102,L104,L109,L110,L111,L113,L115,L128,L134,L140,L150,L153,L154,L155,L156,L157,L158,L159,L160,L165,L169,L178,L179,L182",34,1.16672039570049,1.16672039570049,0,,32,False,non_critical,
1,20260708,L002->L166,L002,L166,True,False,0.0,0.0,0.0,1.0000000000000073,"L001,L002,L018,L019,L030,L044,L045,L046,L054,L060,L102,L104,L109,L110,L111,L113,L115,L128,L134,L140,L150,L153,L154,L155,L156,L157,L158,L159,L160,L166,L169,L178,L179,L182",34,1.16672039570049,1.16672039570049,0,,32,False,non_critical,
1,20260708,L002->L167,L002,L167,True,False,0.0,0.0,0.0,1.0000000000000073,"L001,L002,L018,L019,L030,L044,L045,L046,L054,L060,L102,L104,L109,L110,L111,L113,L115,L128,L134,L140,L150,L153,L154,L155,L156,L157,L158,L159,L160,L167,L169,L178,L179,L182",34,1.16672039570049,1.16672039570049,0,,32,False,non_critical,
1,20260708,L002->L168,L002,L168,True,False,0.0,0.0,0.0,1.0000000000000073,"L001,L002,L018,L019,L030,L044,L045,L046,L054,L060,L102,L104,L109,L110,L111,L113,L115,L128,L134,L140,L150,L153,L154,L155,L156,L157,L158,L159,L160,L168,L169,L178,L179,L182",34,1.16672039570049,1.16672039570049,0,,32,False,non_critical,
1,20260708,L002->L169,L002,L169,True,False,0.0,0.0,0.0,1.0000000000000073,"L001,L002,L018,L019,L030,L044,L045,L046,L054,L060,L102,L104,L109,L110,L111,L113,L115,L128,L134,L140,L150,L153,L154,L155,L156,L157,L158,L159,L160,L169,L178,L179,L182",33,1.16672039570049,1.16672039570049,0,,31,False,non_critical,
1,20260708,L002->L170,L002,L170,True,False,0.0,0.0,0.0,1.0000000000000073,"L001,L002,L018,L019,L030,L044,L045,L046,L054,L060,L102,L104,L109,L110,L111,L113,L115,L128,L134,L140,L150,L153,L154,L155,L156,L157,L158,L159,L160,L169,L170,L178,L179,L182",34,1.16672039570049,1.16672039570049,0,,32,False,non_critical,
1,20260708,L002->L171,L002,L171,True,False,0.0,0.0,0.0,1.0000000000000073,"L001,L002,L018,L019,L030,L044,L045,L046,L054,L060,L102,L104,L109,L110,L111,L113,L115,L128,L134,L140,L150,L153,L154,L155,L156,L157,L158,L159,L160,L169,L171,L178,L179,L182",34,1.16672039570049,1.16672039570049,0,,32,False,non_critical,
1,20260708,L002->L172,L002,L172,True,False,0.0,0.0,0.0,1.0000000000000073,"L001,L002,L018,L019,L030,L044,L045,L046,L054,L060,L102,L104,L109,L110,L111,L113,L115,L128,L134,L140,L150,L153,L154,L155,L156,L157,L158,L159,L160,L169,L172,L178,L179,L182",34,1.16672039570049,1.16672039570049,0,,32,False,non_critical,
1,20260708,L002->L173,L002,L173,True,False,0.0,0.0,0.0,1.0000000000000073,"L001,L002,L018,L019,L030,L044,L045,L046,L054,L060,L102,L104,L109,L110,L111,L113,L115,L128,L134,L140,L150,L153,L154,L155,L156,L157,L158,L159,L160,L169,L173,L178,L179,L182",34,1.16672039570049,1.16672039570049,0,,32,False,non_critical,
1,20260708,L002->L174,L002,L174,True,False,0.0,0.0,0.0,1.0000000000000073,"L001,L002,L018,L019,L030,L044,L045,L046,L054,L060,L102,L104,L109,L110,L111,L113,L115,L128,L134,L140,L150,L153,L154,L155,L156,L157,L158,L159,L160,L169,L174,L178,L179,L182",34,1.16672039570049,1.16672039570049,0,,32,False,non_critical,
1,20260708,L002->L175,L002,L175,True,False,0.0,0.0,0.0,1.0000000000000073,"L001,L002,L018,L019,L030,L044,L045,L046,L054,L060,L102,L104,L109,L110,L111,L113,L115,L128,L134,L140,L150,L153,L154,L155,L156,L157,L158,L159,L160,L169,L175,L178,L179,L182",34,1.16672039570049,1.16672039570049,0,,32,False,non_critical,
1,20260708,L002->L176,L002,L176,True,False,0.0,0.0,0.0,1.0000000000000073,"L001,L002,L018,L019,L030,L044,L045,L046,L054,L060,L102,L104,L109,L110,L111,L113,L115,L128,L134,L140,L150,L153,L154,L155,L156,L157,L158,L159,L160,L169,L176,L178,L179,L182",34,1.16672039570049,1.16672039570049,0,,32,False,non_critical,
1,20260708,L002->L177,L002,L177,True,False,0.0,0.0,0.0,1.0000000000000073,"L001,L002,L018,L019,L030,L044,L045,L046,L054,L060,L102,L104,L109,L110,L111,L113,L115,L128,L134,L140,L150,L153,L154,L155,L156,L157,L158,L159,L160,L169,L177,L178,L179,L182",34,1.16672039570049,1.16672039570049,0,,32,False,non_critical,
1,20260708,L002->L178,L002,L178,True,False,0.0,0.0,0.0,1.0000000000000073,"L001,L002,L018,L019,L030,L044,L045,L046,L054,L060,L102,L104,L109,L110,L111,L113,L115,L128,L134,L140,L150,L153,L154,L155,L156,L157,L158,L159,L160,L169,L178,L179,L182",33,1.16672039570049,1.16672039570049,0,,31,False,non_critical,
1,20260708,L002->L179,L002,L179,True,False,0.0,0.0,0.0,1.0000000000000073,"L001,L002,L018,L019,L030,L044,L045,L046,L054,L060,L102,L104,L109,L110,L111,L113,L115,L128,L134,L140,L150,L153,L154,L155,L156,L157,L158,L159,L160,L169,L178,L179,L182",33,1.16672039570049,1.16672039570049,0,,31,False,non_critical,
1,20260708,L002->L180,L002,L180,True,True,7.272188818003705,7.272188818003705,0.0,1.0000000000000073,"L001,L002,L018,L019,L030,L044,L045,L046,L054,L060,L102,L104,L109,L110,L111,L113,L115,L128,L134,L140,L150,L153,L154,L155,L156,L157,L158,L159,L160,L169,L178,L179,L180,L182",34,1.16672039570049,1.16672039570049,0,,32,False,island_only,
1,20260708,L002->L181,L002,L181,True,True,20.772296104867053,20.772296104867053,0.0,1.0000000000000073,"L001,L002,L018,L019,L030,L044,L045,L046,L054,L060,L102,L104,L109,L110,L111,L113,L115,L128,L134,L140,L150,L153,L154,L155,L156,L157,L158,L159,L160,L169,L178,L179,L181,L182",34,1.16672039570049,1.16672039570049,0,,32,False,island_only,
1,20260708,L002->L182,L002,L182,True,False,0.0,0.0,0.0,1.0000000000000073,"L001,L002,L018,L019,L030,L044,L045,L046,L054,L060,L102,L104,L109,L110,L111,L113,L115,L128,L134,L140,L150,L153,L154,L155,L156,L157,L158,L159,L160,L169,L178,L179,L182",33,1.16672039570049,1.16672039570049,0,,31,False,non_critical,
1,20260708,L002->L183,L002,L183,True,True,81.35922639729833,81.35922639729833,0.0,1.0000000000000009,"L001,L002,L018,L019,L030,L044,L045,L046,L054,L060,L065,L102,L104,L109,L110,L111,L113,L115,L128,L134,L140,L150,L153,L154,L155,L156,L157,L158,L159,L160,L169,L178,L179,L182,L183",35,1.5521381571337756,1.5521381571337756,1,L065,33,True,relay_cascade,
1,20260708,L002->L184,L002,L184,True,True,21.648461416338748,21.648461416338748,0.0,1.0000000000000073,"L001,L002,L018,L019,L030,L044,L045,L046,L054,L060,L102,L104,L109,L110,L111,L113,L115,L128,L134,L140,L150,L153,L154,L155,L156,L157,L158,L159,L160,L169,L178,L179,L182,L184",34,1.16672039570049,1.16672039570049,0,,32,False,island_only,
1,20260708,L002->L185,L002,L185,True,True,35.11713329264434,35.11713329264434,0.0,1.0000000000000073,"L001,L002,L018,L019,L030,L044,L045,L046,L054,L060,L102,L104,L109,L110,L111,L113,L115,L128,L134,L140,L150,L153,L154,L155,L156,L157,L158,L159,L160,L169,L178,L179,L182,L185,L186",35,2.4060054304328653,2.4060054304328653,1,L186,33,True,relay_cascade,
1,20260708,L002->L186,L002,L186,True,False,0.0,0.0,0.0,1.0000000000000073,"L001,L002,L018,L019,L030,L044,L045,L046,L054,L060,L102,L104,L109,L110,L111,L113,L115,L128,L134,L140,L150,L153,L154,L155,L156,L157,L158,L159,L160,L169,L178,L179,L182,L186",34,1.16672039570049,1.16672039570049,0,,32,False,non_critical,
1,20260708,L003->L001,L003,L001,True,False,0.0,0.0,0.0,1.0000000000000675,"L001,L003,L018",3,1.0048539744338265,1.0048539744338265,0,,1,False,non_critical,
1,20260708,L003->L002,L003,L002,True,False,0.0,0.0,0.0,1.0000000000000073,"L001,L002,L003,L015,L018,L019,L030,L044,L045,L046,L054,L060,L102,L104,L109,L110,L111,L113,L115,L128,L134,L140,L150,L153,L154,L155,L156,L157,L158,L159,L160,L169,L178,L179,L182",35,46.73262790550465,46.73262790550465,32,"L001,L015,L019,L030,L044,L045,L046,L054,L060,L102,L104,L109,L110,L111,L113,L115,L128,L134,L140,L150,L153,L154,L155,L156,L157,L158,L159,L160,L169,L178,L179,L182",33,True,non_critical,
1,20260708,L003->L004,L003,L004,True,False,0.0,0.0,0.0,1.0000000000000024,"L001,L003,L004,L014,L015,L018,L019,L030,L044,L045,L046,L054,L056,L060,L102,L104,L109,L110,L111,L113,L115,L128,L134,L140,L149,L150,L153,L154,L155,L156,L157,L158,L160,L169,L178,L179,L182",37,45.761922000714804,45.761922000714804,34,"L001,L014,L015,L019,L030,L044,L045,L046,L054,L056,L060,L102,L104,L109,L110,L111,L113,L115,L128,L134,L140,L149,L150,L153,L154,L155,L156,L157,L158,L160,L169,L178,L179,L182",35,True,non_critical,
1,20260708,L003->L005,L003,L005,True,False,0.0,0.0,0.0,1.0000000000000073,"L003,L005,L012,L015,L018,L019,L030,L044,L045,L046,L054,L060,L102,L104,L109,L110,L111,L113,L115,L128,L134,L140,L150,L153,L154,L155,L156,L157,L158,L159,L160,L169,L178,L179,L182",35,46.14688670551254,46.14688670551254,32,"L012,L015,L019,L030,L044,L045,L046,L054,L060,L102,L104,L109,L110,L111,L113,L115,L128,L134,L140,L150,L153,L154,L155,L156,L157,L158,L159,L160,L169,L178,L179,L182",33,True,non_critical,
1,20260708,L003->L006,L003,L006,True,False,0.0,0.0,0.0,1.0000000000000546,"L003,L006,L018,L019",4,1.8061236322817755,1.8061236322817755,1,L019,2,True,non_critical,
1,20260708,L003->L007,L003,L007,True,True,126.01555459277004,126.01555459277004,0.0,1.0000000000000073,"L003,L007,L018,L019,L020,L030,L045,L046,L060,L065,L102,L104,L109,L110,L111,L113,L115,L128,L129,L130,L131,L132,L134,L140,L148,L149,L150,L153,L154,L155,L156,L157,L158,L159,L160,L169,L178,L179,L182",39,52.935414244458414,52.935414244458414,36,"L019,L020,L030,L045,L046,L060,L065,L102,L104,L109,L110,L111,L113,L115,L128,L129,L130,L131,L132,L134,L140,L148,L149,L150,L153,L154,L155,L156,L157,L158,L159,L160,L169,L178,L179,L182",37,True,relay_cascade,
1,20260708,L003->L008,L003,L008,True,True,45.33992084418746,40.354199858188814,4.985720985998649,1.0000000000000013,"L003,L008,L014,L015,L017,L018,L019,L020,L022,L026,L030,L037,L044,L045,L046,L060,L102,L104,L109,L110,L111,L112,L113,L115,L128,L134,L140,L143,L148,L150,L153,L154,L155,L156,L157,L158,L159,L160,L169,L178,L179,L182",42,47.40824393198311,47.40824393198311,39,"L014,L015,L017,L019,L020,L022,L026,L030,L037,L044,L045,L046,L060,L102,L104,L109,L110,L111,L112,L113,L115,L128,L134,L140,L143,L148,L150,L153,L154,L155,L156,L157,L158,L159,L160,L169,L178,L179,L182",40,True,relay_cascade,
1,20260708,L003->L009,L003,L009,True,True,126.01555459277004,126.01555459277004,0.0,1.000000000000003,"L003,L009,L018,L019,L020,L030,L045,L046,L060,L065,L102,L104,L109,L110,L111,L113,L115,L128,L129,L130,L131,L132,L134,L140,L148,L149,L150,L153,L154,L155,L156,L157,L158,L159,L160,L169,L178,L179,L182",39,52.935414244458414,52.935414244458414,36,"L019,L020,L030,L045,L046,L060,L065,L102,L104,L109,L110,L111,L113,L115,L128,L129,L130,L131,L132,L134,L140,L148,L149,L150,L153,L154,L155,L156,L157,L158,L159,L160,L169,L178,L179,L182",37,True,relay_cascade,
1,20260708,L003->L010,L003,L010,True,True,4.985720985998649,0.0,4.985720985998649,1.0000000000000004,"L003,L010,L018,L019,L030,L044,L045,L046,L054,L060,L102,L104,L109,L110,L111,L113,L115,L128,L134,L140,L143,L148,L150,L153,L154,L155,L156,L157,L158,L159,L160,L169,L178,L179,L182",35,46.87032186103551,46.87032186103551,32,"L019,L030,L044,L045,L046,L054,L060,L102,L104,L109,L110,L111,L113,L115,L128,L134,L140,L143,L148,L150,L153,L154,L155,L156,L157,L158,L159,L160,L169,L178,L179,L182",33,True,relay_cascade,
1,20260708,L003->L011,L003,L011,True,True,43.18588914235053,43.18588914235053,0.0,1.000000000000033,"L001,L003,L006,L011,L014,L015,L018,L019,L020,L022,L030,L040,L044,L045,L046,L054,L056,L057,L060,L065,L102,L104,L109,L110,L111,L113,L115,L128,L134,L140,L150,L153,L154,L155,L156,L157,L158,L159,L160,L169,L178,L179,L182",43,46.40779890025568,46.40779890025568,40,"L001,L006,L014,L015,L019,L020,L022,L030,L040,L044,L045,L046,L054,L056,L057,L060,L065,L102,L104,L109,L110,L111,L113,L115,L128,L134,L140,L150,L153,L154,L155,L156,L157,L158,L159,L160,L169,L178,L179,L182",41,True,relay_cascade,
1,20260708,L003->L012,L003,L012,True,True,25.67010059251546,25.67010059251546,0.0,1.0000000000000073,"L001,L003,L012,L014,L015,L018,L019,L020,L022,L030,L044,L045,L046,L054,L060,L102,L104,L109,L110,L111,L112,L113,L115,L128,L134,L140,L150,L153,L154,L155,L156,L157,L158,L159,L160,L169,L178,L179,L182",39,46.18548949101963,46.18548949101963,36,"L001,L014,L015,L019,L020,L022,L030,L044,L045,L046,L054,L060,L102,L104,L109,L110,L111,L112,L113,L115,L128,L134,L140,L150,L153,L154,L155,L156,L157,L158,L159,L160,L169,L178,L179,L182",37,True,relay_cascade,
1,20260708,L003->L013,L003,L013,True,False,0.0,0.0,0.0,1.000000000000023,"L003,L013,L018",3,1.027246837658882,1.027246837658882,0,,1,False,non_critical,
1,20260708,L003->L014,L003,L014,True,False,0.0,0.0,0.0,1.0000000000000675,"L003,L014,L018",3,1.0016012801511307,1.0016012801511307,0,,1,False,non_critical,
1,20260708,L003->L015,L003,L015,True,False,0.0,0.0,0.0,1.000000000000023,"L003,L015,L018,L019",4,1.5602067966873743,1.5602067966873743,1,L019,2,True,non_critical,
1,20260708,L003->L016,L003,L016,True,True,31.514792047850804,31.514792047850804,0.0,1.0000000000000073,"L003,L016,L018,L019,L030,L044,L045,L046,L054,L060,L102,L104,L109,L110,L111,L113,L115,L128,L134,L140,L150,L153,L154,L155,L156,L157,L158,L159,L160,L169,L178,L179,L182",33,46.05862916982577,46.05862916982577,30,"L019,L030,L044,L045,L046,L054,L060,L102,L104,L109,L110,L111,L113,L115,L128,L134,L140,L150,L153,L154,L155,L156,L157,L158,L159,L160,L169,L178,L179,L182",31,True,relay_cascade,
1,20260708,L003->L017,L003,L017,True,True,14.684099265673353,14.684099265673353,0.0,1.0000000000000073,"L003,L017,L018,L019,L030,L044,L045,L046,L054,L060,L102,L104,L109,L110,L111,L113,L115,L128,L134,L140,L150,L153,L154,L155,L156,L157,L158,L159,L160,L169,L178,L179,L182",33,46.47506163005178,46.47506163005178,30,"L019,L030,L044,L045,L046,L054,L060,L102,L104,L109,L110,L111,L113,L115,L128,L134,L140,L150,L153,L154,L155,L156,L157,L158,L159,L160,L169,L178,L179,L182",31,True,relay_cascade,
1,20260708,L003->L018,L003,L018,True,False,0.0,0.0,0.0,1.0000000000000675,"L003,L018",2,1.0000000000002913,1.0000000000002913,0,,0,False,non_critical,
1,20260708,L003->L019,L003,L019,True,False,0.0,0.0,0.0,1.0000000000000009,"L003,L018,L019",3,1.0821675106358926,1.0821675106358926,0,,1,False,non_critical,
1,20260708,L003->L020,L003,L020,True,False,0.0,0.0,0.0,1.0000000000000064,"L003,L018,L020",3,1.1105446834015404,1.1105446834015404,0,,1,False,non_critical,
1,20260708,L003->L021,L003,L021,True,True,22.50545676159403,22.50545676159403,0.0,1.0,"L003,L018,L019,L021,L024,L026,L030,L044,L045,L046,L048,L054,L060,L102,L109,L110,L111,L112,L113,L115,L128,L134,L140,L150,L153,L154,L155,L156,L157,L158,L159,L160,L169,L178,L179,L182",36,45.27893477028168,45.27893477028168,33,"L019,L024,L026,L030,L044,L045,L046,L048,L054,L060,L102,L109,L110,L111,L112,L113,L115,L128,L134,L140,L150,L153,L154,L155,L156,L157,L158,L159,L160,L169,L178,L179,L182",34,True,relay_cascade,
1,20260708,L003->L022,L003,L022,True,True,25.67010059251546,25.67010059251546,0.0,1.0000000000000073,"L003,L018,L019,L020,L022,L030,L044,L045,L046,L054,L060,L102,L104,L109,L110,L111,L113,L115,L128,L134,L140,L150,L153,L154,L155,L156,L157,L158,L159,L160,L169,L178,L179,L182",34,46.201964131845344,46.201964131845344,31,"L019,L020,L030,L044,L045,L046,L054,L060,L102,L104,L109,L110,L111,L113,L115,L128,L134,L140,L150,L153,L154,L155,L156,L157,L158,L159,L160,L169,L178,L179,L182",32,True,relay_cascade,
1,20260708,L003->L023,L003,L023,True,False,0.0,0.0,0.0,1.000000000000023,"L003,L018,L023",3,1.054082743822704,1.054082743822704,0,,1,False,non_critical,
1,20260708,L003->L024,L003,L024,True,False,0.0,0.0,0.0,1.000000000000023,"L003,L018,L024",3,1.133529235131224,1.133529235131224,0,,1,False,non_critical,
1,20260708,L003->L025,L003,L025,True,False,0.0,0.0,0.0,1.000000000000003,"L003,L018,L025",3,1.1229652989414576,1.1229652989414576,0,,1,False,non_critical,
1,20260708,L003->L026,L003,L026,True,False,0.0,0.0,0.0,1.0000000000000058,"L003,L018,L026",3,1.0545805878274639,1.0545805878274639,0,,1,False,non_critical,
1,20260708,L003->L027,L003,L027,True,False,0.0,0.0,0.0,1.0000000000000069,"L003,L018,L027,L178,L182",5,2.049282629278526,2.049282629278526,2,"L178,L182",3,True,non_critical,
1,20260708,L003->L028,L003,L028,True,True,32.235359849353586,32.235359849353586,0.0,1.0000000000000073,"L003,L018,L019,L025,L028,L030,L044,L045,L046,L054,L060,L102,L104,L109,L110,L111,L112,L113,L115,L128,L134,L140,L150,L153,L154,L155,L156,L157,L158,L159,L160,L169,L178,L179,L182",35,45.99501640712078,45.99501640712078,32,"L019,L025,L030,L044,L045,L046,L054,L060,L102,L104,L109,L110,L111,L112,L113,L115,L128,L134,L140,L150,L153,L154,L155,L156,L157,L158,L159,L160,L169,L178,L179,L182",33,True,relay_cascade,
1,20260708,L003->L029,L003,L029,True,True,42.3080770354206,42.3080770354206,0.0,1.0000000000000073,"L003,L018,L019,L024,L025,L029,L044,L045,L046,L054,L060,L102,L104,L109,L110,L111,L112,L113,L115,L128,L134,L140,L150,L153,L154,L155,L156,L157,L158,L159,L160,L169,L178,L179,L182",35,45.04072671776886,45.04072671776886,32,"L019,L024,L025,L044,L045,L046,L054,L060,L102,L104,L109,L110,L111,L112,L113,L115,L128,L134,L140,L150,L153,L154,L155,L156,L157,L158,L159,L160,L169,L178,L179,L182",33,True,relay_cascade,
1,20260708,L003->L030,L003,L030,True,False,0.0,0.0,0.0,1.000000000000008,"L003,L018,L030,L060,L065,L078,L102,L104,L111,L115,L128",11,4.409286758419904,4.409286758419904,8,"L060,L065,L078,L102,L104,L111,L115,L128",9,True,non_critical,
1,20260708,L003->L031,L003,L031,True,True,36.82232008588366,36.82232008588366,0.0,1.0000000000000024,"L003,L018,L019,L025,L030,L031,L039,L040,L043,L044,L045,L046,L054,L056,L060,L102,L104,L109,L110,L111,L112,L113,L115,L128,L134,L140,L148,L149,L150,L153,L154,L155,L156,L157,L158,L159,L160,L169,L178,L179,L182",41,47.622047072832984,47.622047072832984,38,"L019,L025,L030,L039,L040,L043,L044,L045,L046,L054,L056,L060,L102,L104,L109,L110,L111,L112,L113,L115,L128,L134,L140,L148,L149,L150,L153,L154,L155,L156,L157,L158,L159,L160,L169,L178,L179,L182",39,True,relay_cascade,
1,20260708,L003->L032,L003,L032,True,True,12.257909804002352,7.272188818003705,4.985720985998649,1.0000000000000073,"L003,L018,L019,L025,L030,L032,L039,L040,L044,L045,L046,L054,L060,L102,L104,L109,L111,L112,L113,L115,L128,L134,L140,L143,L148,L150,L153,L154,L155,L156,L157,L158,L159,L160,L169,L178,L179,L180,L182,L186",40,48.83045751376197,48.83045751376197,37,"L019,L025,L030,L039,L040,L044,L045,L046,L054,L060,L102,L104,L109,L111,L112,L113,L115,L128,L134,L140,L143,L148,L150,L153,L154,L155,L156,L157,L158,L159,L160,L169,L178,L179,L180,L182,L186",38,True,relay_cascade,
1,20260708,L003->L033,L003,L033,True,True,35.958503168233044,35.958503168233044,0.0,1.0000000000000002,"L003,L018,L019,L033,L039,L040,L043,L044,L045,L046,L054,L060,L102,L109,L110,L111,L113,L115,L128,L134,L140,L150,L153,L154,L155,L156,L158,L159,L160,L169,L178,L179,L180,L182",34,47.57576879466668,47.57576879466668,31,"L019,L039,L040,L043,L044,L045,L046,L054,L060,L102,L109,L110,L111,L113,L115,L128,L134,L140,L150,L153,L154,L155,L156,L158,L159,L160,L169,L178,L179,L180,L182",32,True,relay_cascade,
1,20260708,L003->L034,L003,L034,True,True,41.04569367595296,41.04569367595296,0.0,1.0000000000000073,"L003,L018,L019,L030,L034,L040,L044,L045,L046,L054,L060,L102,L104,L109,L110,L111,L112,L113,L115,L128,L134,L140,L150,L153,L154,L155,L156,L157,L158,L159,L160,L169,L178,L179,L182",35,45.79057548986088,45.79057548986088,32,"L019,L030,L040,L044,L045,L046,L054,L060,L102,L104,L109,L110,L111,L112,L113,L115,L128,L134,L140,L150,L153,L154,L155,L156,L157,L158,L159,L160,L169,L178,L179,L182",33,True,relay_cascade,
1,20260708,L003->L035,L003,L035,True,True,23.91687820767109,23.91687820767109,0.0,1.0000000000000073,"L003,L018,L019,L030,L035,L040,L044,L045,L046,L054,L060,L102,L104,L109,L110,L111,L112,L113,L115,L128,L134,L140,L150,L153,L154,L155,L156,L157,L158,L159,L160,L169,L178,L179,L182",35,46.22121813645784,46.22121813645784,32,"L019,L030,L040,L044,L045,L046,L054,L060,L102,L104,L109,L110,L111,L112,L113,L115,L128,L134,L140,L150,L153,L154,L155,L156,L157,L158,L159,L160,L169,L178,L179,L182",33,True,relay_cascade,
1,20260708,L003->L036,L003,L036,True,True,19.020705508175688,18.37945535549469,0.6412501526809972,1.0000000000000002,"L003,L015,L018,L019,L020,L025,L026,L027,L030,L032,L036,L039,L045,L046,L048,L054,L060,L102,L109,L110,L111,L112,L113,L115,L128,L134,L140,L150,L153,L154,L155,L156,L157,L158,L159,L160,L169,L178,L179,L182",40,44.73209166253677,44.73209166253677,37,"L015,L019,L020,L025,L026,L027,L030,L032,L039,L045,L046,L048,L054,L060,L102,L109,L110,L111,L112,L113,L115,L128,L134,L140,L150,L153,L154,L155,L156,L157,L158,L159,L160,L169,L178,L179,L182",38,True,relay_cascade,
1,20260708,L003->L037,L003,L037,True,False,0.0,0.0,0.0,1.0000000000000007,"L003,L015,L018,L019,L020,L030,L037,L044,L045,L046,L060,L102,L109,L110,L111,L113,L115,L128,L134,L140,L150,L153,L154,L155,L156,L157,L158,L159,L160,L169,L178,L179,L182",33,48.15263219630498,48.15263219630498,30,"L015,L019,L020,L030,L044,L045,L046,L060,L102,L109,L110,L111,L113,L115,L128,L134,L140,L150,L153,L154,L155,L156,L157,L158,L159,L160,L169,L178,L179,L182",31,True,non_critical,
1,20260708,L003->L038,L003,L038,True,True,77.36714366189312,77.36714366189312,0.0,1.000000000000002,"L003,L018,L019,L025,L030,L032,L038,L039,L043,L045,L046,L060,L065,L102,L104,L109,L110,L111,L112,L113,L115,L128,L129,L130,L131,L134,L140,L149,L150,L153,L154,L155,L156,L157,L158,L159,L160,L169,L178,L179,L182",41,49.08619390275894,49.08619390275894,38,"L019,L025,L030,L032,L039,L043,L045,L046,L060,L065,L102,L104,L109,L110,L111,L112,L113,L115,L128,L129,L130,L131,L134,L140,L149,L150,L153,L154,L155,L156,L157,L158,L159,L160,L169,L178,L179,L182",39,True,relay_cascade,
1,20260708,L003->L039,L003,L039,True,True,4.985720985998649,0.0,4.985720985998649,1.0000000000000002,"L003,L018,L019,L030,L039,L044,L045,L046,L054,L060,L102,L104,L109,L110,L111,L112,L113,L115,L128,L134,L140,L143,L148,L150,L153,L154,L155,L156,L157,L158,L159,L160,L169,L178,L179,L182",36,47.72833307860978,47.72833307860978,33,"L019,L030,L044,L045,L046,L054,L060,L102,L104,L109,L110,L111,L112,L113,L115,L128,L134,L140,L143,L148,L150,L153,L154,L155,L156,L157,L158,L159,L160,L169,L178,L179,L182",34,True,relay_cascade,
1,20260708,L003->L040,L003,L040,True,False,0.0,0.0,0.0,1.0000000000000069,"L003,L018,L040,L182",4,3.491200269823924,3.491200269823924,1,L182,2,True,non_critical,
1,20260708,L003->L041,L003,L041,True,True,4.985720985998649,0.0,4.985720985998649,1.0,"L003,L018,L019,L030,L039,L041,L044,L045,L046,L054,L060,L102,L104,L109,L110,L111,L113,L115,L128,L134,L140,L143,L148,L150,L153,L154,L155,L156,L157,L158,L159,L160,L169,L178,L179,L182",36,46.24751578157302,46.24751578157302,33,"L019,L030,L039,L044,L045,L046,L054,L060,L102,L104,L109,L110,L111,L113,L115,L128,L134,L140,L143,L148,L150,L153,L154,L155,L156,L157,L158,L159,L160,L169,L178,L179,L182",34,True,relay_cascade,
1,20260708,L003->L042,L003,L042,True,False,0.0,0.0,0.0,1.000000000000023,"L003,L018,L042,L178,L182",5,6.322950727885601,6.322950727885601,2,"L178,L182",3,True,non_critical,
1,20260708,L003->L043,L003,L043,True,False,0.0,0.0,0.0,1.000000000000023,"L003,L018,L043,L182",4,5.385159791319616,5.385159791319616,1,L182,2,True,non_critical,
1,20260708,L003->L044,L003,L044,True,False,0.0,0.0,0.0,1.0000000000000675,"L003,L018,L019,L044,L045",5,1.7518481196720472,1.7518481196720472,2,"L019,L045",3,True,non_critical,
1,20260708,L003->L045,L003,L045,True,False,0.0,0.0,0.0,1.0000000000000273,"L003,L018,L045",3,1.0503553699337693,1.0503553699337693,0,,1,False,non_critical,
1,20260708,L003->L046,L003,L046,True,False,0.0,0.0,0.0,1.0000000000000675,"L003,L018,L046",3,1.0078582783667118,1.0078582783667118,0,,1,False,non_critical,
1,20260708,L003->L047,L003,L047,True,True,36.28632632085916,31.300605334860514,4.985720985998649,1.0,"L003,L018,L019,L030,L044,L045,L046,L047,L056,L057,L060,L065,L077,L078,L082,L095,L102,L104,L109,L110,L111,L113,L115,L128,L134,L140,L143,L148,L150,L153,L154,L155,L156,L157,L158,L159,L160,L169,L178,L179,L182",41,46.070519726793904,46.070519726793904,38,"L019,L030,L044,L045,L046,L056,L057,L060,L065,L077,L078,L082,L095,L102,L104,L109,L110,L111,L113,L115,L128,L134,L140,L143,L148,L150,L153,L154,L155,L156,L157,L158,L159,L160,L169,L178,L179,L182",39,True,relay_cascade,
1,20260708,L003->L048,L003,L048,True,True,0.641250152681003,0.0,0.641250152681003,1.000000000000023,"L003,L018,L048",3,1.0964703974552628,1.0964703974552628,0,,1,False,island_only,
1,20260708,L003->L049,L003,L049,True,True,4.985720985998649,0.0,4.985720985998649,1.0000000000000009,"L003,L018,L019,L030,L044,L045,L046,L049,L054,L060,L102,L104,L109,L110,L111,L113,L115,L128,L134,L140,L143,L148,L150,L153,L154,L155,L156,L157,L158,L159,L160,L169,L178,L179,L182",35,47.062985149138015,47.062985149138015,32,"L019,L030,L044,L045,L046,L054,L060,L102,L104,L109,L110,L111,L113,L115,L128,L134,L140,L143,L148,L150,L153,L154,L155,L156,L157,L158,L159,L160,L169,L178,L179,L182",33,True,relay_cascade,
1,20260708,L003->L050,L003,L050,True,True,33.88157185629734,33.88157185629734,0.0,1.000000000000003,"L003,L018,L019,L030,L044,L045,L046,L050,L054,L059,L060,L061,L102,L109,L110,L111,L113,L115,L128,L134,L140,L150,L153,L154,L155,L156,L157,L158,L160,L169,L178,L179,L182",33,45.954060272416086,45.954060272416086,30,"L019,L030,L044,L045,L046,L054,L059,L060,L061,L102,L109,L110,L111,L113,L115,L128,L134,L140,L150,L153,L154,L155,L156,L157,L158,L160,L169,L178,L179,L182",31,True,relay_cascade,
1,20260708,L003->L051,L003,L051,True,True,59.27261934980908,59.27261934980908,0.0,1.000000000000002,"L003,L018,L019,L024,L044,L045,L046,L048,L051,L056,L057,L058,L060,L065,L074,L077,L078,L082,L095,L102,L104,L109,L110,L111,L112,L113,L115,L128,L134,L140,L149,L150,L153,L154,L155,L156,L157,L158,L160,L169,L178,L179,L182",43,46.351075666136104,46.351075666136104,40,"L019,L024,L044,L045,L046,L048,L056,L057,L058,L060,L065,L074,L077,L078,L082,L095,L102,L104,L109,L110,L111,L112,L113,L115,L128,L134,L140,L149,L150,L153,L154,L155,L156,L157,L158,L160,L169,L178,L179,L182",41,True,relay_cascade,
1,20260708,L003->L052,L003,L052,True,False,0.0,0.0,0.0,1.0000000000000069,"L003,L018,L052,L060",4,1.5447061824762438,1.5447061824762438,1,L060,2,True,non_critical,
1,20260708,L003->L053,L003,L053,True,False,0.0,0.0,0.0,1.000000000000005,"L003,L018,L053,L060",4,1.447200677655347,1.447200677655347,1,L060,2,True,non_critical,
1,20260708,L003->L054,L003,L054,True,True,31.890688783719977,31.890688783719977,0.0,1.0000000000000004,"L003,L018,L019,L024,L026,L030,L032,L039,L044,L045,L046,L054,L060,L062,L063,L064,L065,L078,L102,L104,L105,L106,L109,L110,L111,L112,L113,L115,L128,L134,L140,L150,L153,L154,L155,L156,L158,L160,L169,L178,L179,L182",42,49.123523185455724,49.123523185455724,39,"L019,L024,L026,L030,L032,L039,L044,L045,L046,L060,L062,L063,L064,L065,L078,L102,L104,L105,L106,L109,L110,L111,L112,L113,L115,L128,L134,L140,L150,L153,L154,L155,L156,L158,L160,L169,L178,L179,L182",40,True,relay_cascade,
1,20260708,L003->L055,L003,L055,True,False,0.0,0.0,0.0,1.0000000000000069,"L003,L018,L055,L060",4,1.2951761448552066,1.2951761448552066,1,L060,2,True,non_critical,
1,20260708,L003->L056,L003,L056,True,False,0.0,0.0,0.0,1.000000000000023,"L003,L018,L056,L060",4,1.208553888190041,1.208553888190041,1,L060,2,True,non_critical,
1,20260708,L003->L057,L003,L057,True,False,0.0,0.0,0.0,1.000000000000023,"L003,L018,L057",3,1.0605080273979657,1.0605080273979657,0,,1,False,non_critical,
1,20260708,L003->L058,L003,L058,True,False,0.0,0.0,0.0,1.000000000000023,"L003,L018,L058",3,1.1633535400203714,1.1633535400203714,0,,1,False,non_critical,
1,20260708,L003->L059,L003,L059,True,True,23.332218946873517,18.346497960874867,4.985720985998649,1.000000000000001,"L003,L018,L019,L030,L044,L045,L046,L059,L060,L102,L104,L109,L110,L111,L113,L115,L128,L134,L140,L143,L148,L150,L153,L154,L155,L156,L157,L158,L159,L160,L169,L178,L179,L182",34,46.42824011762231,46.42824011762231,31,"L019,L030,L044,L045,L046,L060,L102,L104,L109,L110,L111,L113,L115,L128,L134,L140,L143,L148,L150,L153,L154,L155,L156,L157,L158,L159,L160,L169,L178,L179,L182",32,True,relay_cascade,
1,20260708,L003->L060,L003,L060,True,False,0.0,0.0,0.0,1.0000000000000084,"L003,L018,L060",3,1.0106984896186837,1.0106984896186837,0,,1,False,non_critical,
1,20260708,L003->L061,L003,L061,True,True,70.703891942181,70.703891942181,0.0,1.0000000000000004,"L003,L018,L019,L044,L045,L046,L054,L060,L061,L102,L104,L109,L110,L111,L112,L113,L115,L128,L134,L140,L148,L149,L150,L153,L154,L155,L156,L157,L158,L159,L160,L169,L178,L179,L182",35,46.03269039828401,46.03269039828401,32,"L019,L044,L045,L046,L054,L060,L102,L104,L109,L110,L111,L112,L113,L115,L128,L134,L140,L148,L149,L150,L153,L154,L155,L156,L157,L158,L159,L160,L169,L178,L179,L182",33,True,relay_cascade,
1,20260708,L003->L062,L003,L062,True,False,0.0,0.0,0.0,1.0000000000000084,"L003,L018,L060,L062,L065,L128",6,2.1921320844610475,2.1921320844610475,3,"L060,L065,L128",4,True,non_critical,
1,20260708,L003->L063,L003,L063,True,False,0.0,0.0,0.0,1.0000000000000004,"L003,L018,L030,L044,L045,L046,L056,L057,L060,L063,L065,L077,L078,L082,L095,L102,L104,L106,L109,L110,L111,L113,L115,L128,L134,L140,L150,L153,L154,L155,L156,L158,L160,L169,L178,L179,L182,L186",38,42.33788752513213,42.33788752513213,35,"L030,L044,L045,L046,L056,L057,L060,L065,L077,L078,L082,L095,L102,L104,L106,L109,L110,L111,L113,L115,L128,L134,L140,L150,L153,L154,L155,L156,L158,L160,L169,L178,L179,L182,L186",36,True,non_critical,
1,20260708,L003->L064,L003,L064,True,False,0.0,0.0,0.0,1.000000000000023,"L003,L018,L064",3,1.125666410891517,1.125666410891517,0,,1,False,non_critical,
1,20260708,L003->L065,L003,L065,True,False,0.0,0.0,0.0,1.000000000000003,"L003,L018,L065",3,1.0758728317611155,1.0758728317611155,0,,1,False,non_critical,
1,20260708,L003->L066,L003,L066,True,False,0.0,0.0,0.0,1.0000000000000093,"L003,L018,L045,L060,L065,L066,L077,L078,L102,L104,L109,L111,L115,L128,L178,L182",16,2.0747392177655657,2.0747392177655657,13,"L045,L060,L065,L077,L078,L102,L104,L109,L111,L115,L128,L178,L182",14,True,non_critical,
1,20260708,L003->L067,L003,L067,True,False,0.0,0.0,0.0,1.0000000000000093,"L003,L018,L045,L060,L065,L067,L077,L078,L102,L104,L109,L111,L115,L128,L178,L182",16,2.0747392177655657,2.0747392177655657,13,"L045,L060,L065,L077,L078,L102,L104,L109,L111,L115,L128,L178,L182",14,True,non_critical,
1,20260708,L003->L068,L003,L068,True,True,1.2386774520145583,0.0,1.2386774520145583,1.0000000000000009,"L003,L018,L060,L068,L102",5,2.785454477073097,2.785454477073097,2,"L060,L102",3,True,relay_cascade,
1,20260708,L003->L069,L003,L069,True,False,0.0,0.0,0.0,1.0000000000000135,"L003,L018,L060,L069",4,1.4099378412768766,1.4099378412768766,1,L060,2,True,non_critical,
1,20260708,L003->L070,L003,L070,True,True,4.985720985998649,0.0,4.985720985998649,1.0000000000000004,"L003,L018,L019,L030,L044,L045,L046,L054,L056,L060,L065,L070,L077,L078,L079,L082,L102,L104,L109,L110,L111,L112,L113,L115,L128,L134,L140,L143,L148,L150,L153,L154,L155,L156,L157,L158,L159,L160,L169,L178,L179,L182,L186",43,46.12612581242378,46.12612581242378,40,"L019,L030,L044,L045,L046,L054,L056,L060,L065,L077,L078,L079,L082,L102,L104,L109,L110,L111,L112,L113,L115,L128,L134,L140,L143,L148,L150,L153,L154,L155,L156,L157,L158,L159,L160,L169,L178,L179,L182,L186",41,True,relay_cascade,
1,20260708,L003->L071,L003,L071,True,True,70.56694602954056,70.56694602954056,0.0,1.0000000000000004,"L003,L018,L019,L044,L045,L046,L054,L060,L071,L073,L074,L078,L082,L102,L104,L109,L110,L111,L113,L115,L128,L134,L140,L149,L150,L153,L154,L155,L156,L157,L158,L160,L169,L178,L179,L182",36,45.13932412398354,45.13932412398354,33,"L019,L044,L045,L046,L054,L060,L073,L074,L078,L082,L102,L104,L109,L110,L111,L113,L115,L128,L134,L140,L149,L150,L153,L154,L155,L156,L157,L158,L160,L169,L178,L179,L182",34,True,relay_cascade,
1,20260708,L003->L072,L003,L072,True,True,42.88779933795389,42.88779933795389,0.0,1.0000000000000004,"L003,L018,L019,L044,L045,L046,L054,L060,L072,L074,L102,L104,L109,L110,L111,L113,L115,L128,L134,L140,L149,L150,L153,L154,L155,L156,L158,L159,L160,L169,L178,L179,L182",33,45.795864383925114,45.795864383925114,30,"L019,L044,L045,L046,L054,L060,L074,L102,L104,L109,L110,L111,L113,L115,L128,L134,L140,L149,L150,L153,L154,L155,L156,L158,L159,L160,L169,L178,L179,L182",31,True,relay_cascade,
1,20260708,L003->L073,L003,L073,True,False,0.0,0.0,0.0,1.0000000000000029,"L003,L018,L073",3,1.0089103715377454,1.0089103715377454,0,,1,False,non_critical,
1,20260708,L003->L074,L003,L074,True,False,0.0,0.0,0.0,1.000000000000023,"L003,L018,L074,L078,L082",5,1.5796730842262356,1.5796730842262356,2,"L078,L082",3,True,non_critical,
1,20260708,L003->L075,L003,L075,True,False,0.0,0.0,0.0,1.0000000000000069,"L003,L018,L075",3,1.1555428440892976,1.1555428440892976,0,,1,False,non_critical,
1,20260708,L003->L076,L003,L076,True,False,0.0,0.0,0.0,1.0000000000000546,"L003,L018,L076",3,1.154247449392616,1.154247449392616,0,,1,False,non_critical,
1,20260708,L003->L077,L003,L077,True,False,0.0,0.0,0.0,1.0000000000000029,"L003,L018,L077",3,1.0010675592909195,1.0010675592909195,0,,1,False,non_critical,
1,20260708,L003->L078,L003,L078,True,False,0.0,0.0,0.0,1.0000000000000675,"L003,L018,L078",3,1.1009189373516572,1.1009189373516572,0,,1,False,non_critical,
1,20260708,L003->L079,L003,L079,True,False,0.0,0.0,0.0,1.0000000000000273,"L003,L018,L077,L078,L079",5,2.651544620776744,2.651544620776744,2,"L077,L078",3,True,non_critical,
1,20260708,L003->L080,L003,L080,True,False,0.0,0.0,0.0,1.000000000000023,"L003,L018,L080",3,1.0302832528513157,1.0302832528513157,0,,1,False,non_critical,
1,20260708,L003->L081,L003,L081,True,False,0.0,0.0,0.0,1.0000000000000273,"L003,L018,L077,L078,L079,L081,L082,L102",8,1.673745785479959,1.673745785479959,5,"L077,L078,L079,L082,L102",6,True,non_critical,
1,20260708,L003->L082,L003,L082,True,False,0.0,0.0,0.0,1.0000000000000029,"L003,L018,L082",3,1.0171492617724747,1.0171492617724747,0,,1,False,non_critical,
1,20260708,L003->L083,L003,L083,True,False,0.0,0.0,0.0,1.0000000000000029,"L003,L018,L083",3,1.0330050510653042,1.0330050510653042,0,,1,False,non_critical,
1,20260708,L003->L084,L003,L084,True,False,0.0,0.0,0.0,1.0000000000000098,"L003,L018,L084",3,1.0256602784267026,1.0256602784267026,0,,1,False,non_critical,
1,20260708,L003->L085,L003,L085,True,False,0.0,0.0,0.0,1.0000000000000098,"L003,L018,L085",3,1.1855311532313162,1.1855311532313162,0,,1,False,non_critical,
1,20260708,L003->L086,L003,L086,True,False,0.0,0.0,0.0,1.0000000000000098,"L003,L018,L086",3,1.1970054226088034,1.1970054226088034,0,,1,False,non_critical,
1,20260708,L003->L087,L003,L087,True,False,0.0,0.0,0.0,1.0000000000000675,"L003,L018,L087",3,1.0915722279841296,1.0915722279841296,0,,1,False,non_critical,
1,20260708,L003->L088,L003,L088,True,False,0.0,0.0,0.0,1.0000000000000069,"L003,L018,L088",3,1.1030526459409713,1.1030526459409713,0,,1,False,non_critical,
1,20260708,L003->L089,L003,L089,True,False,0.0,0.0,0.0,1.0000000000000273,"L003,L018,L089",3,1.1176428780550964,1.1176428780550964,0,,1,False,non_critical,
1,20260708,L003->L090,L003,L090,True,True,36.82232008588366,36.82232008588366,0.0,1.0000000000000056,"L003,L018,L019,L030,L044,L045,L046,L054,L056,L060,L065,L089,L090,L091,L092,L095,L102,L104,L109,L110,L111,L113,L115,L126,L127,L128,L134,L140,L148,L149,L150,L153,L154,L155,L156,L157,L158,L159,L160,L169,L178,L179,L182",43,49.63386694344106,49.63386694344106,40,"L019,L030,L044,L045,L046,L054,L056,L060,L065,L089,L091,L092,L095,L102,L104,L109,L110,L111,L113,L115,L126,L127,L128,L134,L140,L148,L149,L150,L153,L154,L155,L156,L157,L158,L159,L160,L169,L178,L179,L182",41,True,relay_cascade,
1,20260708,L003->L091,L003,L091,True,False,0.0,0.0,0.0,1.0000000000000273,"L003,L018,L091",3,1.0592638234388196,1.0592638234388196,0,,1,False,non_critical,
1,20260708,L003->L092,L003,L092,True,False,0.0,0.0,0.0,1.0000000000000036,"L003,L018,L092",3,1.0166255607199437,1.0166255607199437,0,,1,False,non_critical,
1,20260708,L003->L093,L003,L093,True,False,0.0,0.0,0.0,1.0000000000000546,"L003,L018,L045,L060,L065,L077,L078,L082,L091,L093,L095,L102,L128,L186",14,2.792490983041756,2.792490983041756,11,"L045,L060,L065,L077,L078,L082,L091,L095,L102,L128,L186",12,True,non_critical,
1,20260708,L003->L094,L003,L094,True,False,0.0,0.0,0.0,1.0000000000000546,"L003,L018,L045,L060,L065,L077,L078,L082,L091,L094,L095,L102,L128,L186",14,2.792490983041758,2.792490983041758,11,"L045,L060,L065,L077,L078,L082,L091,L095,L102,L128,L186",12,True,non_critical,
1,20260708,L003->L095,L003,L095,True,False,0.0,0.0,0.0,1.0000000000000135,"L003,L018,L095,L102",4,1.5276309493056346,1.5276309493056346,1,L102,2,True,non_critical,
1,20260708,L003->L096,L003,L096,True,True,18.346497960874867,18.346497960874867,0.0,1.0000000000000073,"L003,L018,L019,L030,L044,L045,L046,L056,L057,L059,L060,L096,L102,L109,L110,L111,L112,L115,L128,L134,L140,L150,L153,L154,L155,L156,L157,L158,L159,L160,L169,L178,L179,L182,L186",35,46.90836599535537,46.90836599535537,32,"L019,L030,L044,L045,L046,L056,L057,L059,L060,L102,L109,L110,L111,L112,L115,L128,L134,L140,L150,L153,L154,L155,L156,L157,L158,L159,L160,L169,L178,L179,L182,L186",33,True,relay_cascade,
1,20260708,L003->L097,L003,L097,True,False,0.0,0.0,0.0,1.0000000000000546,"L003,L018,L045,L060,L065,L077,L078,L082,L091,L095,L097,L102,L128,L186",14,7.968895991268968,7.968895991268968,11,"L045,L060,L065,L077,L078,L082,L091,L095,L102,L128,L186",12,True,non_critical,
1,20260708,L003->L098,L003,L098,True,False,0.0,0.0,0.0,1.0000000000000009,"L003,L018,L045,L060,L065,L098,L102",7,5.214699439941992,5.214699439941992,4,"L045,L060,L065,L102",5,True,non_critical,
1,20260708,L003->L099,L003,L099,True,False,0.0,0.0,0.0,1.0000000000000009,"L003,L018,L045,L060,L065,L099,L102",7,5.214699439941992,5.214699439941992,4,"L045,L060,L065,L102",5,True,non_critical,
1,20260708,L003->L100,L003,L100,True,False,0.0,0.0,0.0,1.0000000000000135,"L003,L018,L100,L102,L128",5,2.0555887020760615,2.0555887020760615,2,"L102,L128",3,True,non_critical,
1,20260708,L003->L101,L003,L101,True,False,0.0,0.0,0.0,1.000000000000023,"L003,L018,L101,L102",4,1.5668233025963807,1.5668233025963807,1,L102,2,True,non_critical,
1,20260708,L003->L102,L003,L102,True,False,0.0,0.0,0.0,1.0000000000000135,"L003,L018,L102",3,1.0794563779166655,1.0794563779166655,0,,1,False,non_critical,
1,20260708,L003->L103,L003,L103,True,False,0.0,0.0,0.0,1.0000000000000013,"L003,L018,L102,L103,L128",5,2.6122862798641227,2.6122862798641227,2,"L102,L128",3,True,non_critical,
1,20260708,L003->L104,L003,L104,True,True,4.985720985998649,0.0,4.985720985998649,1.0000000000000004,"L003,L018,L019,L030,L044,L045,L046,L054,L056,L060,L065,L102,L104,L109,L110,L111,L112,L113,L115,L128,L134,L140,L143,L148,L150,L153,L154,L155,L156,L157,L158,L159,L160,L169,L178,L179,L182,L186",38,47.73691213802123,47.73691213802123,35,"L019,L030,L044,L045,L046,L054,L056,L060,L065,L102,L109,L110,L111,L112,L113,L115,L128,L134,L140,L143,L148,L150,L153,L154,L155,L156,L157,L158,L159,L160,L169,L178,L179,L182,L186",36,True,relay_cascade,
1,20260708,L003->L105,L003,L105,True,False,0.0,0.0,0.0,1.0000000000000016,"L003,L018,L030,L044,L045,L046,L056,L057,L060,L064,L065,L077,L078,L082,L095,L102,L104,L105,L106,L109,L110,L111,L113,L115,L128,L134,L140,L153,L154,L155,L156,L158,L160,L169,L178,L179,L182,L186",38,41.26746826724533,41.26746826724533,35,"L030,L044,L045,L046,L056,L057,L060,L064,L065,L077,L078,L082,L095,L102,L104,L106,L109,L110,L111,L113,L115,L128,L134,L140,L153,L154,L155,L156,L158,L160,L169,L178,L179,L182,L186",36,True,non_critical,
1,20260708,L003->L106,L003,L106,True,False,0.0,0.0,0.0,1.0000000000000004,"L003,L018,L030,L044,L045,L046,L056,L057,L060,L063,L065,L077,L078,L082,L095,L102,L104,L106,L109,L110,L111,L113,L115,L128,L134,L140,L150,L153,L154,L155,L156,L158,L160,L169,L178,L179,L182,L186",38,42.33788752513213,42.33788752513213,35,"L030,L044,L045,L046,L056,L057,L060,L063,L065,L077,L078,L082,L095,L102,L104,L109,L110,L111,L113,L115,L128,L134,L140,L150,L153,L154,L155,L156,L158,L160,L169,L178,L179,L182,L186",36,True,non_critical,
1,20260708,L003->L107,L003,L107,True,True,81.35922639729833,81.35922639729833,0.0,1.0,"L003,L018,L019,L030,L044,L045,L046,L060,L065,L102,L104,L107,L109,L110,L111,L112,L113,L114,L115,L119,L120,L126,L127,L128,L134,L140,L143,L149,L150,L153,L154,L155,L156,L157,L158,L159,L160,L169,L178,L179,L182,L186",42,21.879243878029108,21.879243878029108,39,"L019,L030,L044,L045,L046,L060,L065,L102,L104,L109,L110,L111,L112,L113,L114,L115,L119,L120,L126,L127,L128,L134,L140,L143,L149,L150,L153,L154,L155,L156,L157,L158,L159,L160,L169,L178,L179,L182,L186",40,True,relay_cascade,
1,20260708,L003->L108,L003,L108,True,False,0.0,0.0,0.0,1.0000000000000004,"L003,L018,L030,L044,L045,L046,L060,L063,L065,L078,L102,L104,L106,L108,L109,L111,L113,L114,L115,L128,L134,L140,L150,L153,L154,L155,L156,L158,L160,L169,L178,L179,L182,L186",34,43.745562158929864,43.745562158929864,31,"L030,L044,L045,L046,L060,L063,L065,L078,L102,L104,L106,L109,L111,L113,L114,L115,L128,L134,L140,L150,L153,L154,L155,L156,L158,L160,L169,L178,L179,L182,L186",32,True,non_critical,
1,20260708,L003->L109,L003,L109,True,False,0.0,0.0,0.0,1.000000000000023,"L003,L018,L109,L111,L115,L128",6,2.125407460157697,2.125407460157697,3,"L111,L115,L128",4,True,non_critical,
1,20260708,L003->L110,L003,L110,True,True,4.985720985998649,0.0,4.985720985998649,1.0000000000000004,"L003,L018,L019,L030,L044,L045,L046,L054,L060,L102,L104,L109,L110,L111,L115,L128,L134,L140,L143,L148,L150,L153,L154,L155,L156,L157,L158,L159,L160,L169,L178,L179,L182",33,46.73523027280331,46.73523027280331,30,"L019,L030,L044,L045,L046,L054,L060,L102,L104,L109,L111,L115,L128,L134,L140,L143,L148,L150,L153,L154,L155,L156,L157,L158,L159,L160,L169,L178,L179,L182",31,True,relay_cascade,
1,20260708,L003->L111,L003,L111,True,False,0.0,0.0,0.0,1.0000000000000675,"L003,L018,L111",3,1.0886438697590723,1.0886438697590723,0,,1,False,non_critical,
1,20260708,L003->L112,L003,L112,True,True,4.985720985998649,0.0,4.985720985998649,1.0000000000000004,"L003,L018,L019,L030,L044,L045,L046,L054,L060,L102,L104,L109,L111,L112,L113,L115,L128,L134,L140,L143,L148,L150,L153,L154,L155,L156,L157,L158,L159,L160,L169,L178,L179,L182",34,46.16001934183719,46.16001934183719,31,"L019,L030,L044,L045,L046,L054,L060,L102,L104,L109,L111,L113,L115,L128,L134,L140,L143,L148,L150,L153,L154,L155,L156,L157,L158,L159,L160,L169,L178,L179,L182",32,True,relay_cascade,
1,20260708,L003->L113,L003,L113,True,False,0.0,0.0,0.0,1.0000000000000073,"L003,L018,L019,L030,L044,L045,L046,L054,L060,L102,L104,L109,L111,L112,L113,L115,L128,L134,L140,L150,L153,L154,L155,L156,L157,L158,L159,L160,L169,L178,L179,L182",32,47.83334948643631,47.83334948643631,29,"L019,L030,L044,L045,L046,L054,L060,L102,L104,L109,L111,L112,L115,L128,L134,L140,L150,L153,L154,L155,L156,L157,L158,L159,L160,L169,L178,L179,L182",30,True,non_critical,
1,20260708,L003->L114,L003,L114,True,False,0.0,0.0,0.0,1.0000000000000084,"L003,L018,L109,L111,L114,L115",6,3.392579144745888,3.392579144745888,3,"L109,L111,L115",4,True,non_critical,
1,20260708,L003->L115,L003,L115,True,False,0.0,0.0,0.0,1.0000000000000009,"L003,L018,L115",3,1.0106369933444714,1.0106369933444714,0,,1,False,non_critical,
1,20260708,L003->L116,L003,L116,True,True,51.84086026986975,51.84086026986975,0.0,1.0000000000000004,"L003,L018,L019,L044,L045,L046,L060,L102,L109,L110,L111,L112,L113,L114,L115,L116,L120,L126,L127,L128,L134,L140,L149,L150,L153,L154,L155,L156,L157,L158,L160,L169,L178,L179,L182,L186",36,44.00063485748607,44.00063485748607,33,"L019,L044,L045,L046,L060,L102,L109,L110,L111,L112,L113,L114,L115,L120,L126,L127,L128,L134,L140,L149,L150,L153,L154,L155,L156,L157,L158,L160,L169,L178,L179,L182,L186",34,True,relay_cascade,
1,20260708,L003->L117,L003,L117,True,True,4.985720985998649,0.0,4.985720985998649,1.0000000000000073,"L003,L018,L019,L030,L044,L045,L046,L060,L102,L104,L109,L110,L111,L113,L114,L115,L117,L128,L134,L140,L143,L148,L150,L153,L154,L155,L156,L157,L158,L159,L160,L169,L178,L179,L182",35,45.27061477415082,45.27061477415082,32,"L019,L030,L044,L045,L046,L060,L102,L104,L109,L110,L111,L113,L114,L115,L128,L134,L140,L143,L148,L150,L153,L154,L155,L156,L157,L158,L159,L160,L169,L178,L179,L182",33,True,relay_cascade,
1,20260708,L003->L118,L003,L118,True,False,0.0,0.0,0.0,1.0000000000000273,"L003,L018,L118,L128",4,1.4013425639993304,1.4013425639993304,1,L128,2,True,non_critical,
1,20260708,L003->L119,L003,L119,True,True,4.985720985998649,0.0,4.985720985998649,1.0000000000000004,"L003,L018,L019,L030,L044,L045,L046,L054,L060,L102,L104,L109,L110,L111,L113,L114,L115,L119,L126,L127,L128,L134,L140,L143,L148,L150,L153,L154,L155,L156,L157,L158,L159,L160,L169,L178,L179,L182,L186",39,45.684951491485286,45.684951491485286,36,"L019,L030,L044,L045,L046,L054,L060,L102,L104,L109,L110,L111,L113,L114,L115,L126,L127,L128,L134,L140,L143,L148,L150,L153,L154,L155,L156,L157,L158,L159,L160,L169,L178,L179,L182,L186",37,True,relay_cascade,
1,20260708,L003->L120,L003,L120,True,False,0.0,0.0,0.0,1.0000000000000069,"L003,L018,L120,L128",4,1.283902870329845,1.283902870329845,1,L128,2,True,non_critical,
1,20260708,L003->L121,L003,L121,True,True,10.648093248200707,0.0,10.648093248200707,1.0000000000000029,"L003,L018,L121,L128,L155",5,10.94744096553839,10.94744096553839,2,"L128,L155",3,True,relay_cascade,
1,20260708,L003->L122,L003,L122,True,False,0.0,0.0,0.0,1.0000000000000675,"L003,L018,L122,L128",4,1.646641021577322,1.646641021577322,1,L128,2,True,non_critical,
1,20260708,L003->L123,L003,L123,True,False,0.0,0.0,0.0,1.0000000000000022,"L003,L018,L123,L128",4,2.8546159591053666,2.8546159591053666,1,L128,2,True,non_critical,
1,20260708,L003->L124,L003,L124,True,False,0.0,0.0,0.0,1.0000000000000675,"L003,L018,L124",3,1.0052147604974029,1.0052147604974029,0,,1,False,non_critical,
1,20260708,L003->L125,L003,L125,True,False,0.0,0.0,0.0,1.0000000000000675,"L003,L018,L125,L128",4,2.9207137513552084,2.9207137513552084,1,L128,2,True,non_critical,
1,20260708,L003->L126,L003,L126,True,True,4.985720985998649,0.0,4.985720985998649,1.000000000000003,"L003,L018,L019,L030,L044,L045,L046,L054,L056,L060,L065,L102,L104,L109,L110,L111,L112,L113,L115,L126,L128,L134,L140,L143,L148,L150,L153,L154,L155,L156,L157,L158,L159,L160,L169,L178,L179,L182",38,9.57222232353323,9.57222232353323,35,"L019,L030,L044,L045,L046,L054,L056,L060,L065,L102,L104,L109,L110,L111,L112,L113,L115,L128,L134,L140,L143,L148,L150,L153,L154,L155,L156,L157,L158,L159,L160,L169,L178,L179,L182",36,True,relay_cascade,
1,20260708,L003->L127,L003,L127,True,True,4.985720985998649,0.0,4.985720985998649,1.000000000000003,"L003,L018,L019,L030,L044,L045,L046,L054,L056,L060,L065,L102,L104,L109,L110,L111,L112,L113,L115,L127,L128,L134,L140,L143,L148,L150,L153,L154,L155,L156,L157,L158,L159,L160,L169,L178,L179,L182",38,9.572222323533186,9.572222323533186,35,"L019,L030,L044,L045,L046,L054,L056,L060,L065,L102,L104,L109,L110,L111,L112,L113,L115,L128,L134,L140,L143,L148,L150,L153,L154,L155,L156,L157,L158,L159,L160,L169,L178,L179,L182",36,True,relay_cascade,
1,20260708,L003->L128,L003,L128,True,False,0.0,0.0,0.0,1.0000000000000009,"L003,L018,L128",3,1.0029116450811055,1.0029116450811055,0,,1,False,non_critical,
1,20260708,L003->L129,L003,L129,True,True,58.608730684473244,58.608730684473244,0.0,1.0000000000000004,"L003,L018,L019,L044,L045,L046,L054,L060,L102,L104,L109,L110,L111,L113,L115,L128,L129,L134,L140,L149,L150,L153,L154,L155,L156,L158,L159,L160,L169,L178,L179,L182",32,21.535422578873487,21.535422578873487,29,"L019,L044,L045,L046,L054,L060,L102,L104,L109,L110,L111,L113,L115,L128,L134,L140,L149,L150,L153,L154,L155,L156,L158,L159,L160,L169,L178,L179,L182",30,True,relay_cascade,
1,20260708,L003->L130,L003,L130,True,False,0.0,0.0,0.0,1.0000000000000036,"L003,L018,L128,L130",4,4.693499850714655,4.693499850714655,1,L128,2,True,non_critical,
1,20260708,L003->L131,L003,L131,True,False,0.0,0.0,0.0,1.0000000000000069,"L003,L018,L128,L131,L155,L156,L158",7,7.486939689002936,7.486939689002936,4,"L128,L155,L156,L158",5,True,non_critical,
