scenario_id,seed,path,first_line,second_line,converged,critical,total_load_shed_mw,island_load_shed_mw,redispatch_load_shed_mw,final_max_loading_ratio,final_outage_labels,num_final_outages,max_event_loading_ratio,max_pre_redispatch_loading_ratio,num_relay_trips,relay_trip_labels,num_passive_outages,has_overload_cascade,critical_mechanism,error
1,20260708,L001->L002,L001,L002,True,True,36.82232008588366,36.82232008588366,0.0,1.0,"L001,L002,L018,L019,L030,L040,L044,L045,L046,L054,L056,L060,L102,L104,L109,L110,L111,L112,L113,L115,L128,L134,L140,L143,L148,L149,L150,L153,L154,L155,L156,L157,L158,L159,L160,L169,L178,L179,L182",39,58.41526036378258,58.41526036378258,37,"L018,L019,L030,L040,L044,L045,L046,L054,L056,L060,L102,L104,L109,L110,L111,L112,L113,L115,L128,L134,L140,L143,L148,L149,L150,L153,L154,L155,L156,L157,L158,L159,L160,L169,L178,L179,L182",37,True,relay_cascade,
1,20260708,L001->L003,L001,L003,True,False,0.0,0.0,0.0,1.0000000000000342,"L001,L003",2,1.1442872741368857,1.1442872741368857,0,,0,False,non_critical,
1,20260708,L001->L004,L001,L004,True,True,62.49242067839912,62.49242067839912,0.0,1.0000000000000042,"L001,L004,L012,L014,L015,L018,L019,L020,L022,L030,L039,L044,L045,L046,L054,L056,L057,L060,L065,L102,L104,L109,L110,L111,L112,L113,L115,L128,L134,L140,L143,L148,L149,L150,L153,L154,L155,L156,L157,L158,L159,L160,L169,L178,L179,L182",46,57.20353202520038,57.20353202520038,44,"L012,L014,L015,L018,L019,L020,L022,L030,L039,L044,L045,L046,L054,L056,L057,L060,L065,L102,L104,L109,L110,L111,L112,L113,L115,L128,L134,L140,L143,L148,L149,L150,L153,L154,L155,L156,L157,L158,L159,L160,L169,L178,L179,L182",44,True,relay_cascade,
1,20260708,L001->L005,L001,L005,True,True,62.49242067839912,62.49242067839912,0.0,1.0000000000000002,"L001,L005,L012,L014,L015,L018,L019,L020,L022,L030,L039,L044,L045,L046,L054,L056,L060,L102,L104,L109,L110,L111,L112,L113,L115,L128,L134,L140,L143,L148,L149,L150,L153,L154,L155,L156,L157,L158,L159,L160,L169,L178,L179,L182",44,57.68463285195984,57.68463285195984,42,"L012,L014,L015,L018,L019,L020,L022,L030,L039,L044,L045,L046,L054,L056,L060,L102,L104,L109,L110,L111,L112,L113,L115,L128,L134,L140,L143,L148,L149,L150,L153,L154,L155,L156,L157,L158,L159,L160,L169,L178,L179,L182",42,True,relay_cascade,
1,20260708,L001->L006,L001,L006,True,True,77.17651994407248,77.17651994407248,0.0,1.0000000000000042,"L001,L006,L012,L014,L017,L018,L019,L020,L022,L030,L040,L044,L045,L046,L054,L056,L057,L060,L065,L102,L104,L109,L110,L111,L112,L113,L115,L128,L134,L140,L143,L148,L149,L150,L153,L154,L155,L156,L157,L158,L159,L160,L169,L178,L179,L182",46,56.29785526727422,56.29785526727422,44,"L012,L014,L017,L018,L019,L020,L022,L030,L040,L044,L045,L046,L054,L056,L057,L060,L065,L102,L104,L109,L110,L111,L112,L113,L115,L128,L134,L140,L143,L148,L149,L150,L153,L154,L155,L156,L157,L158,L159,L160,L169,L178,L179,L182",44,True,relay_cascade,
1,20260708,L001->L007,L001,L007,True,True,25.67010059251546,25.67010059251546,0.0,1.000000000000009,"L001,L007,L018,L019,L020,L022,L030,L045,L046,L060,L065,L091,L102,L104,L106,L109,L110,L111,L113,L115,L128,L134,L140,L143,L149,L150,L153,L154,L155,L156,L158,L159,L160,L169,L178,L179,L182",37,66.16948880725401,66.16948880725401,35,"L018,L019,L020,L022,L030,L045,L046,L060,L065,L091,L102,L104,L106,L109,L110,L111,L113,L115,L128,L134,L140,L143,L149,L150,L153,L154,L155,L156,L158,L159,L160,L169,L178,L179,L182",35,True,relay_cascade,
1,20260708,L001->L008,L001,L008,True,True,99.6819767056665,99.6819767056665,0.0,1.0,"L001,L008,L015,L017,L018,L019,L020,L022,L024,L026,L030,L037,L044,L045,L046,L048,L056,L057,L060,L077,L078,L082,L095,L102,L104,L109,L110,L111,L112,L113,L115,L128,L134,L140,L143,L148,L149,L150,L153,L154,L155,L156,L157,L158,L159,L160,L169,L178,L179,L182",50,59.82093071404459,59.82093071404459,48,"L015,L017,L018,L019,L020,L022,L024,L026,L030,L037,L044,L045,L046,L048,L056,L057,L060,L077,L078,L082,L095,L102,L104,L109,L110,L111,L112,L113,L115,L128,L134,L140,L143,L148,L149,L150,L153,L154,L155,L156,L157,L158,L159,L160,L169,L178,L179,L182",48,True,relay_cascade,
1,20260708,L001->L009,L001,L009,True,True,25.67010059251546,25.67010059251546,0.0,1.0000000000000007,"L001,L009,L018,L019,L020,L022,L030,L045,L046,L060,L065,L091,L102,L104,L106,L109,L110,L111,L113,L115,L128,L134,L140,L143,L149,L150,L153,L154,L155,L156,L158,L159,L160,L169,L178,L179,L182",37,66.16948880725401,66.16948880725401,35,"L018,L019,L020,L022,L030,L045,L046,L060,L065,L091,L102,L104,L106,L109,L110,L111,L113,L115,L128,L134,L140,L143,L149,L150,L153,L154,L155,L156,L158,L159,L160,L169,L178,L179,L182",35,True,relay_cascade,
1,20260708,L001->L010,L001,L010,True,True,162.98161437657976,162.98161437657976,0.0,1.0000000000000018,"L001,L010,L011,L012,L014,L015,L018,L019,L020,L022,L030,L037,L044,L045,L046,L056,L057,L060,L077,L078,L082,L095,L102,L104,L109,L110,L111,L112,L113,L115,L128,L134,L140,L143,L148,L149,L150,L153,L154,L155,L156,L157,L158,L159,L160,L169,L178,L179,L182",49,59.262421989525954,59.262421989525954,47,"L011,L012,L014,L015,L018,L019,L020,L022,L030,L037,L044,L045,L046,L056,L057,L060,L077,L078,L082,L095,L102,L104,L109,L110,L111,L112,L113,L115,L128,L134,L140,L143,L148,L149,L150,L153,L154,L155,L156,L157,L158,L159,L160,L169,L178,L179,L182",47,True,relay_cascade,
1,20260708,L001->L011,L001,L011,True,True,162.98161437657976,162.98161437657976,0.0,1.0000000000000018,"L001,L010,L011,L012,L014,L015,L018,L019,L020,L022,L030,L037,L044,L045,L046,L056,L057,L060,L077,L078,L082,L095,L102,L104,L109,L110,L111,L112,L113,L115,L128,L134,L140,L143,L148,L149,L150,L153,L154,L155,L156,L157,L158,L159,L160,L169,L178,L179,L182",49,59.262421989525954,59.262421989525954,47,"L010,L012,L014,L015,L018,L019,L020,L022,L030,L037,L044,L045,L046,L056,L057,L060,L077,L078,L082,L095,L102,L104,L109,L110,L111,L112,L113,L115,L128,L134,L140,L143,L148,L149,L150,L153,L154,L155,L156,L157,L158,L159,L160,L169,L178,L179,L182",47,True,relay_cascade,
1,20260708,L001->L012,L001,L012,True,True,80.0082092282342,80.0082092282342,0.0,1.0000000000000735,"L001,L006,L012,L014,L015,L018,L019,L020,L022,L030,L040,L044,L045,L046,L054,L056,L057,L060,L102,L104,L109,L110,L111,L112,L113,L115,L128,L134,L140,L143,L148,L149,L150,L153,L154,L155,L156,L157,L158,L159,L160,L169,L178,L179,L182",45,58.00880282410806,58.00880282410806,43,"L006,L014,L015,L018,L019,L020,L022,L030,L040,L044,L045,L046,L054,L056,L057,L060,L102,L104,L109,L110,L111,L112,L113,L115,L128,L134,L140,L143,L148,L149,L150,L153,L154,L155,L156,L157,L158,L159,L160,L169,L178,L179,L182",43,True,relay_cascade,
1,20260708,L001->L013,L001,L013,True,True,57.49586049333535,57.49586049333535,0.0,1.0000000000000029,"L001,L013,L018,L019,L030,L039,L044,L045,L046,L054,L056,L060,L102,L104,L109,L110,L111,L112,L113,L115,L128,L134,L140,L143,L148,L149,L150,L153,L154,L155,L156,L157,L158,L159,L160,L169,L178,L179,L182",39,57.90837835503048,57.90837835503048,37,"L018,L019,L030,L039,L044,L045,L046,L054,L056,L060,L102,L104,L109,L110,L111,L112,L113,L115,L128,L134,L140,L143,L148,L149,L150,L153,L154,L155,L156,L157,L158,L159,L160,L169,L178,L179,L182",37,True,relay_cascade,
1,20260708,L001->L014,L001,L014,True,False,0.0,0.0,0.0,1.000000000000023,"L001,L014",2,1.0554255488826942,1.0554255488826942,0,,0,False,non_critical,
1,20260708,L001->L015,L001,L015,True,True,62.49242067839912,62.49242067839912,0.0,1.0000000000000042,"L001,L012,L014,L015,L018,L019,L020,L022,L030,L040,L044,L045,L046,L054,L056,L057,L060,L065,L102,L104,L109,L110,L111,L112,L113,L115,L128,L134,L140,L143,L148,L149,L150,L153,L154,L155,L156,L157,L158,L159,L160,L169,L178,L179,L182",45,56.84952064205162,56.84952064205162,43,"L012,L014,L018,L019,L020,L022,L030,L040,L044,L045,L046,L054,L056,L057,L060,L065,L102,L104,L109,L110,L111,L112,L113,L115,L128,L134,L140,L143,L148,L149,L150,L153,L154,L155,L156,L157,L158,L159,L160,L169,L178,L179,L182",43,True,relay_cascade,
1,20260708,L001->L016,L001,L016,True,True,68.33711213373446,68.33711213373446,0.0,1.0000000000000007,"L001,L016,L018,L019,L030,L039,L044,L045,L046,L054,L056,L057,L060,L102,L109,L110,L111,L112,L113,L115,L128,L134,L140,L143,L148,L149,L150,L153,L154,L155,L156,L157,L158,L159,L160,L169,L178,L179,L182",39,57.573008355915235,57.573008355915235,37,"L018,L019,L030,L039,L044,L045,L046,L054,L056,L057,L060,L102,L109,L110,L111,L112,L113,L115,L128,L134,L140,L143,L148,L149,L150,L153,L154,L155,L156,L157,L158,L159,L160,L169,L178,L179,L182",37,True,relay_cascade,
1,20260708,L001->L017,L001,L017,True,True,51.506419351557014,51.506419351557014,0.0,1.0000000000000004,"L001,L017,L018,L019,L030,L039,L044,L045,L046,L054,L056,L060,L102,L104,L109,L110,L111,L112,L113,L115,L128,L134,L140,L143,L148,L149,L150,L153,L154,L155,L156,L157,L158,L159,L160,L169,L178,L179,L182",39,58.093552894322556,58.093552894322556,37,"L018,L019,L030,L039,L044,L045,L046,L054,L056,L060,L102,L104,L109,L110,L111,L112,L113,L115,L128,L134,L140,L143,L148,L149,L150,L153,L154,L155,L156,L157,L158,L159,L160,L169,L178,L179,L182",37,True,relay_cascade,
1,20260708,L001->L018,L001,L018,True,False,0.0,0.0,0.0,1.000000000000023,"L001,L018",2,1.0032308344086056,1.0032308344086056,0,,0,False,non_critical,
1,20260708,L001->L019,L001,L019,True,False,0.0,0.0,0.0,1.0000000000000453,"L001,L018,L019",3,1.236060206708138,1.236060206708138,1,L018,1,True,non_critical,
1,20260708,L001->L020,L001,L020,True,False,0.0,0.0,0.0,1.000000000000023,"L001,L018,L020",3,1.9751714819219304,1.9751714819219304,1,L018,1,True,non_critical,
1,20260708,L001->L021,L001,L021,True,True,111.69869126848042,111.69869126848042,0.0,1.0000000000000016,"L001,L018,L019,L021,L024,L025,L026,L030,L039,L044,L045,L046,L048,L054,L060,L065,L102,L104,L109,L110,L111,L112,L113,L114,L115,L128,L129,L130,L131,L132,L134,L140,L143,L149,L150,L153,L154,L155,L156,L157,L158,L159,L160,L169,L178,L179,L182,L186",48,55.77284198825554,55.77284198825554,46,"L018,L019,L024,L025,L026,L030,L039,L044,L045,L046,L048,L054,L060,L065,L102,L104,L109,L110,L111,L112,L113,L114,L115,L128,L129,L130,L131,L132,L134,L140,L143,L149,L150,L153,L154,L155,L156,L157,L158,L159,L160,L169,L178,L179,L182,L186",46,True,relay_cascade,
1,20260708,L001->L022,L001,L022,True,True,62.49242067839912,62.49242067839912,0.0,1.0,"L001,L018,L019,L020,L022,L030,L039,L044,L045,L046,L054,L056,L060,L102,L104,L109,L110,L111,L112,L113,L115,L128,L134,L140,L143,L148,L149,L150,L153,L154,L155,L156,L157,L158,L159,L160,L169,L178,L179,L182",40,57.752707351123654,57.752707351123654,38,"L018,L019,L020,L030,L039,L044,L045,L046,L054,L056,L060,L102,L104,L109,L110,L111,L112,L113,L115,L128,L134,L140,L143,L148,L149,L150,L153,L154,L155,L156,L157,L158,L159,L160,L169,L178,L179,L182",38,True,relay_cascade,
1,20260708,L001->L023,L001,L023,True,True,36.82232008588366,36.82232008588366,0.0,1.0000000000000007,"L001,L018,L019,L023,L025,L026,L030,L039,L040,L044,L045,L046,L054,L056,L057,L060,L102,L109,L110,L111,L112,L113,L115,L128,L134,L140,L143,L148,L149,L150,L153,L154,L155,L156,L157,L158,L159,L160,L169,L178,L179,L182",42,58.911967640148966,58.911967640148966,40,"L018,L019,L025,L026,L030,L039,L040,L044,L045,L046,L054,L056,L057,L060,L102,L109,L110,L111,L112,L113,L115,L128,L134,L140,L143,L148,L149,L150,L153,L154,L155,L156,L157,L158,L159,L160,L169,L178,L179,L182",40,True,relay_cascade,
1,20260708,L001->L024,L001,L024,True,True,36.82232008588366,36.82232008588366,0.0,1.0,"L001,L018,L019,L024,L025,L026,L030,L039,L040,L044,L045,L046,L054,L056,L057,L060,L102,L109,L110,L111,L112,L113,L115,L128,L134,L140,L143,L148,L149,L150,L153,L154,L155,L156,L157,L158,L159,L160,L169,L178,L179,L182",42,59.30535187686093,59.30535187686093,40,"L018,L019,L025,L026,L030,L039,L040,L044,L045,L046,L054,L056,L057,L060,L102,L109,L110,L111,L112,L113,L115,L128,L134,L140,L143,L148,L149,L150,L153,L154,L155,L156,L157,L158,L159,L160,L169,L178,L179,L182",40,True,relay_cascade,
1,20260708,L001->L025,L001,L025,True,False,0.0,0.0,0.0,1.0000000000000073,"L001,L025",2,1.1537243077147232,1.1537243077147232,0,,0,False,non_critical,
1,20260708,L001->L026,L001,L026,True,False,0.0,0.0,0.0,1.0000000000000122,"L001,L026",2,1.06026989056732,1.06026989056732,0,,0,False,non_critical,
1,20260708,L001->L027,L001,L027,True,False,0.0,0.0,0.0,1.000000000000023,"L001,L018,L027,L115",4,1.8496105741410618,1.8496105741410618,2,"L018,L115",2,True,non_critical,
1,20260708,L001->L028,L001,L028,True,True,69.05767993523725,69.05767993523725,0.0,1.0000000000000184,"L001,L018,L019,L024,L025,L028,L030,L039,L044,L045,L046,L054,L056,L060,L102,L104,L109,L110,L111,L112,L113,L114,L115,L128,L134,L140,L143,L148,L149,L150,L153,L154,L155,L156,L157,L158,L159,L160,L169,L178,L179,L182",42,56.49262988411742,56.49262988411742,40,"L018,L019,L024,L025,L030,L039,L044,L045,L046,L054,L056,L060,L102,L104,L109,L110,L111,L112,L113,L114,L115,L128,L134,L140,L143,L148,L149,L150,L153,L154,L155,L156,L157,L158,L159,L160,L169,L178,L179,L182",40,True,relay_cascade,
1,20260708,L001->L029,L001,L029,True,True,79.13039712130427,79.13039712130427,0.0,1.0000000000000184,"L001,L018,L019,L024,L025,L029,L030,L039,L040,L044,L045,L046,L054,L056,L060,L102,L104,L109,L110,L111,L112,L113,L114,L115,L128,L134,L140,L143,L148,L149,L150,L153,L154,L155,L156,L157,L158,L159,L160,L169,L178,L179,L182",43,56.300908397211145,56.300908397211145,41,"L018,L019,L024,L025,L030,L039,L040,L044,L045,L046,L054,L056,L060,L102,L104,L109,L110,L111,L112,L113,L114,L115,L128,L134,L140,L143,L148,L149,L150,L153,L154,L155,L156,L157,L158,L159,L160,L169,L178,L179,L182",41,True,relay_cascade,
1,20260708,L001->L030,L001,L030,True,True,31.890688783719977,31.890688783719977,0.0,1.0000000000000004,"L001,L018,L019,L030,L040,L044,L045,L046,L054,L056,L057,L060,L062,L063,L064,L065,L077,L078,L079,L082,L095,L102,L104,L105,L106,L109,L110,L111,L112,L113,L114,L115,L128,L134,L140,L143,L149,L150,L153,L154,L155,L156,L157,L158,L159,L160,L169,L178,L179,L182",50,50.52644837752529,50.52644837752529,48,"L018,L019,L040,L044,L045,L046,L054,L056,L057,L060,L062,L063,L064,L065,L077,L078,L079,L082,L095,L102,L104,L105,L106,L109,L110,L111,L112,L113,L114,L115,L128,L134,L140,L143,L149,L150,L153,L154,L155,L156,L157,L158,L159,L160,L169,L178,L179,L182",48,True,relay_cascade,
1,20260708,L001->L031,L001,L031,True,True,43.337719985057085,43.337719985057085,0.0,1.0,"L001,L018,L019,L025,L030,L031,L035,L039,L040,L042,L043,L044,L045,L046,L054,L056,L057,L060,L102,L104,L109,L110,L111,L112,L113,L115,L128,L134,L140,L143,L150,L153,L154,L155,L156,L158,L159,L160,L169,L178,L179,L182",42,61.773022153470144,61.773022153470144,40,"L018,L019,L025,L030,L035,L039,L040,L042,L043,L044,L045,L046,L054,L056,L057,L060,L102,L104,L109,L110,L111,L112,L113,L115,L128,L134,L140,L143,L150,L153,L154,L155,L156,L158,L159,L160,L169,L178,L179,L182",40,True,relay_cascade,
1,20260708,L001->L032,L001,L032,True,True,96.46542332489008,96.46542332489008,0.0,1.0,"L001,L018,L019,L025,L030,L032,L039,L040,L044,L045,L046,L054,L056,L060,L102,L104,L109,L110,L111,L112,L115,L128,L129,L130,L131,L132,L134,L140,L143,L149,L150,L153,L154,L155,L156,L157,L158,L159,L160,L169,L178,L179,L180,L182",44,62.47382515012574,62.47382515012574,42,"L018,L019,L025,L030,L039,L040,L044,L045,L046,L054,L056,L060,L102,L104,L109,L110,L111,L112,L115,L128,L129,L130,L131,L132,L134,L140,L143,L149,L150,L153,L154,L155,L156,L157,L158,L159,L160,L169,L178,L179,L180,L182",42,True,relay_cascade,
1,20260708,L001->L033,L001,L033,True,True,72.78082325411671,72.78082325411671,0.0,1.0000000000000184,"L001,L018,L019,L030,L033,L039,L040,L043,L044,L045,L046,L054,L056,L060,L102,L104,L109,L110,L111,L112,L113,L114,L115,L128,L134,L140,L143,L148,L149,L150,L153,L154,L155,L156,L157,L158,L159,L160,L169,L178,L179,L180,L182",43,56.754251995690055,56.754251995690055,41,"L018,L019,L030,L039,L040,L043,L044,L045,L046,L054,L056,L060,L102,L104,L109,L110,L111,L112,L113,L114,L115,L128,L134,L140,L143,L148,L149,L150,L153,L154,L155,L156,L157,L158,L159,L160,L169,L178,L179,L180,L182",41,True,relay_cascade,
1,20260708,L001->L034,L001,L034,True,True,77.86801376183662,77.86801376183662,0.0,1.0000000000000004,"L001,L018,L019,L030,L034,L039,L040,L044,L045,L046,L054,L056,L060,L102,L104,L109,L110,L111,L112,L113,L115,L128,L134,L140,L143,L148,L149,L150,L153,L154,L155,L156,L157,L158,L159,L160,L169,L178,L179,L182",40,57.26394187800124,57.26394187800124,38,"L018,L019,L030,L039,L040,L044,L045,L046,L054,L056,L060,L102,L104,L109,L110,L111,L112,L113,L115,L128,L134,L140,L143,L148,L149,L150,L153,L154,L155,L156,L157,L158,L159,L160,L169,L178,L179,L182",38,True,relay_cascade,
1,20260708,L001->L035,L001,L035,True,True,60.73919829355475,60.73919829355475,0.0,1.0000000000000007,"L001,L018,L019,L030,L035,L040,L044,L045,L046,L054,L056,L060,L102,L104,L109,L110,L111,L112,L113,L115,L128,L134,L140,L143,L148,L149,L150,L153,L154,L155,L156,L157,L158,L159,L160,L169,L178,L179,L182",39,57.80069769702823,57.80069769702823,37,"L018,L019,L030,L040,L044,L045,L046,L054,L056,L060,L102,L104,L109,L110,L111,L112,L113,L115,L128,L134,L140,L143,L148,L149,L150,L153,L154,L155,L156,L157,L158,L159,L160,L169,L178,L179,L182",37,True,relay_cascade,
1,20260708,L001->L036,L001,L036,True,True,130.0781466239751,130.0781466239751,0.0,1.0000000000000002,"L001,L012,L014,L015,L018,L019,L020,L025,L026,L027,L030,L032,L036,L039,L040,L044,L045,L046,L048,L054,L056,L060,L065,L102,L104,L109,L110,L111,L112,L113,L115,L128,L129,L130,L131,L132,L134,L140,L143,L149,L150,L153,L154,L155,L156,L157,L158,L159,L160,L169,L178,L179,L182",53,54.825126325654,54.825126325654,51,"L012,L014,L015,L018,L019,L020,L025,L026,L027,L030,L032,L039,L040,L044,L045,L046,L048,L054,L056,L060,L065,L102,L104,L109,L110,L111,L112,L113,L115,L128,L129,L130,L131,L132,L134,L140,L143,L149,L150,L153,L154,L155,L156,L157,L158,L159,L160,L169,L178,L179,L182",51,True,relay_cascade,
1,20260708,L001->L037,L001,L037,True,True,77.36714366189312,77.36714366189312,0.0,1.0000000000000007,"L001,L012,L014,L015,L018,L019,L020,L030,L037,L044,L045,L046,L056,L057,L060,L065,L077,L078,L082,L095,L102,L104,L109,L110,L111,L112,L113,L115,L128,L129,L130,L131,L134,L140,L143,L149,L150,L153,L154,L155,L156,L157,L158,L159,L160,L169,L178,L179,L182",49,60.1682630240582,60.1682630240582,47,"L012,L014,L015,L018,L019,L020,L030,L044,L045,L046,L056,L057,L060,L065,L077,L078,L082,L095,L102,L104,L109,L110,L111,L112,L113,L115,L128,L129,L130,L131,L134,L140,L143,L149,L150,L153,L154,L155,L156,L157,L158,L159,L160,L169,L178,L179,L182",47,True,relay_cascade,
1,20260708,L001->L038,L001,L038,True,True,55.80756699139107,55.80756699139107,0.0,1.0000000000000129,"L001,L018,L019,L020,L025,L030,L032,L035,L038,L039,L040,L043,L045,L046,L060,L062,L063,L064,L065,L102,L104,L105,L106,L109,L110,L111,L112,L113,L114,L115,L128,L134,L140,L143,L149,L150,L153,L154,L155,L156,L158,L159,L160,L169,L178,L179,L182,L186",48,61.73534290647254,61.73534290647254,46,"L018,L019,L020,L025,L030,L032,L035,L039,L040,L043,L045,L046,L060,L062,L063,L064,L065,L102,L104,L105,L106,L109,L110,L111,L112,L113,L114,L115,L128,L134,L140,L143,L149,L150,L153,L154,L155,L156,L158,L159,L160,L169,L178,L179,L182,L186",46,True,relay_cascade,
1,20260708,L001->L039,L001,L039,True,False,0.0,0.0,0.0,1.0000000000000042,"L001,L018,L019,L030,L039,L040,L044,L045,L046,L054,L056,L060,L102,L104,L109,L110,L111,L112,L113,L115,L128,L134,L140,L143,L150,L153,L154,L155,L156,L158,L159,L160,L169,L178,L179,L182",36,59.66039697436934,59.66039697436934,34,"L018,L019,L030,L040,L044,L045,L046,L054,L056,L060,L102,L104,L109,L110,L111,L112,L113,L115,L128,L134,L140,L143,L150,L153,L154,L155,L156,L158,L159,L160,L169,L178,L179,L182",34,True,non_critical,
1,20260708,L001->L040,L001,L040,True,False,0.0,0.0,0.0,1.000000000000023,"L001,L040,L178,L182",4,3.400389305309792,3.400389305309792,2,"L178,L182",2,True,non_critical,
1,20260708,L001->L041,L001,L041,True,True,60.73919829355475,60.73919829355475,0.0,1.0000000000000002,"L001,L018,L019,L030,L035,L039,L040,L041,L043,L044,L045,L046,L054,L056,L060,L065,L102,L104,L109,L110,L111,L113,L114,L115,L128,L134,L140,L143,L148,L149,L150,L153,L154,L155,L156,L157,L158,L159,L160,L169,L178,L179,L182,L186",44,57.8093947269662,57.8093947269662,42,"L018,L019,L030,L035,L039,L040,L043,L044,L045,L046,L054,L056,L060,L065,L102,L104,L109,L110,L111,L113,L114,L115,L128,L134,L140,L143,L148,L149,L150,L153,L154,L155,L156,L157,L158,L159,L160,L169,L178,L179,L182,L186",42,True,relay_cascade,
1,20260708,L001->L042,L001,L042,True,True,77.86801376183662,77.86801376183662,0.0,1.0000000000000184,"L001,L018,L019,L030,L034,L035,L039,L040,L042,L044,L045,L046,L054,L056,L060,L102,L104,L109,L110,L111,L112,L113,L114,L115,L128,L134,L140,L143,L148,L149,L150,L153,L154,L155,L156,L157,L158,L159,L160,L169,L178,L179,L182",43,58.44196906807223,58.44196906807223,41,"L018,L019,L030,L034,L035,L039,L040,L044,L045,L046,L054,L056,L060,L102,L104,L109,L110,L111,L112,L113,L114,L115,L128,L134,L140,L143,L148,L149,L150,L153,L154,L155,L156,L157,L158,L159,L160,L169,L178,L179,L182",41,True,relay_cascade,
1,20260708,L001->L043,L001,L043,True,False,0.0,0.0,0.0,1.0000000000000102,"L001,L043,L178,L182",4,5.384841076241242,5.384841076241242,2,"L178,L182",2,True,non_critical,
1,20260708,L001->L044,L001,L044,True,False,0.0,0.0,0.0,1.000000000000042,"L001,L044,L045,L115,L178",5,1.726272159018199,1.726272159018199,3,"L045,L115,L178",3,True,non_critical,
1,20260708,L001->L045,L001,L045,True,False,0.0,0.0,0.0,1.000000000000023,"L001,L045",2,1.0596910099288932,1.0596910099288932,0,,0,False,non_critical,
1,20260708,L001->L046,L001,L046,True,False,0.0,0.0,0.0,1.0000000000000342,"L001,L046",2,1.0015492396582726,1.0015492396582726,0,,0,False,non_critical,
1,20260708,L001->L047,L001,L047,True,True,68.12292542074417,68.12292542074417,0.0,1.0000000000000024,"L001,L018,L019,L030,L039,L044,L045,L046,L047,L054,L056,L057,L060,L102,L109,L110,L111,L112,L113,L115,L128,L134,L140,L143,L148,L149,L150,L153,L154,L155,L156,L157,L158,L159,L160,L169,L178,L179,L182",39,57.587936860200365,57.587936860200365,37,"L018,L019,L030,L039,L044,L045,L046,L054,L056,L057,L060,L102,L109,L110,L111,L112,L113,L115,L128,L134,L140,L143,L148,L149,L150,L153,L154,L155,L156,L157,L158,L159,L160,L169,L178,L179,L182",37,True,relay_cascade,
1,20260708,L001->L048,L001,L048,True,True,59.32777684747769,59.32777684747769,0.0,1.0000000000000369,"L001,L018,L019,L030,L039,L044,L045,L046,L048,L054,L056,L057,L060,L102,L109,L110,L111,L112,L113,L115,L128,L134,L140,L143,L148,L149,L150,L153,L154,L155,L156,L157,L158,L159,L160,L169,L178,L179,L182",39,57.847850287831065,57.847850287831065,37,"L018,L019,L030,L039,L044,L045,L046,L054,L056,L057,L060,L102,L109,L110,L111,L112,L113,L115,L128,L134,L140,L143,L148,L149,L150,L153,L154,L155,L156,L157,L158,L159,L160,L169,L178,L179,L182",37,True,relay_cascade,
1,20260708,L001->L049,L001,L049,True,True,36.82232008588366,36.82232008588366,0.0,1.0000000000000413,"L001,L018,L019,L030,L040,L044,L045,L046,L049,L054,L056,L060,L102,L104,L109,L110,L111,L112,L113,L115,L128,L134,L140,L143,L148,L149,L150,L153,L154,L155,L156,L157,L158,L159,L160,L169,L178,L179,L182",39,58.82850856647851,58.82850856647851,37,"L018,L019,L030,L040,L044,L045,L046,L054,L056,L060,L102,L104,L109,L110,L111,L112,L113,L115,L128,L134,L140,L143,L148,L149,L150,L153,L154,L155,L156,L157,L158,L159,L160,L169,L178,L179,L182",37,True,relay_cascade,
1,20260708,L001->L050,L001,L050,True,True,68.12292542074417,68.12292542074417,0.0,1.000000000000001,"L001,L018,L019,L030,L039,L044,L045,L046,L047,L050,L054,L056,L057,L060,L065,L102,L104,L109,L110,L111,L112,L113,L115,L128,L134,L140,L143,L148,L149,L150,L153,L154,L155,L156,L157,L158,L159,L160,L169,L178,L179,L182",42,57.581239165425885,57.581239165425885,40,"L018,L019,L030,L039,L044,L045,L046,L047,L054,L056,L057,L060,L065,L102,L104,L109,L110,L111,L112,L113,L115,L128,L134,L140,L143,L148,L149,L150,L153,L154,L155,L156,L157,L158,L159,L160,L169,L178,L179,L182",40,True,relay_cascade,
1,20260708,L001->L051,L001,L051,True,True,117.30304930705852,114.44143739656761,2.86161191049091,1.0000000000000007,"L001,L018,L019,L024,L030,L040,L044,L045,L046,L048,L051,L056,L057,L058,L059,L060,L065,L074,L077,L078,L082,L091,L093,L094,L095,L102,L104,L109,L110,L111,L112,L113,L115,L128,L134,L140,L143,L148,L149,L150,L153,L154,L155,L156,L157,L158,L159,L160,L169,L178,L179,L182",52,57.38735108345683,57.38735108345683,50,"L018,L019,L024,L030,L040,L044,L045,L046,L048,L056,L057,L058,L059,L060,L065,L074,L077,L078,L082,L091,L093,L094,L095,L102,L104,L109,L110,L111,L112,L113,L115,L128,L134,L140,L143,L148,L149,L150,L153,L154,L155,L156,L157,L158,L159,L160,L169,L178,L179,L182",50,True,relay_cascade,
1,20260708,L001->L052,L001,L052,True,False,0.0,0.0,0.0,1.0000000000000053,"L001,L052,L060,L115,L178",5,1.6739933091446155,1.6739933091446155,3,"L060,L115,L178",3,True,non_critical,
1,20260708,L001->L053,L001,L053,True,True,41.41439735511439,39.96149009303274,1.452907262081654,1.0000000000000075,"L001,L018,L019,L030,L040,L044,L045,L046,L053,L054,L055,L057,L058,L060,L064,L065,L078,L082,L095,L102,L104,L109,L110,L111,L112,L113,L114,L115,L128,L134,L140,L143,L148,L149,L150,L153,L154,L155,L156,L157,L158,L159,L160,L169,L178,L179,L182",47,56.785617611674056,56.785617611674056,45,"L018,L019,L030,L040,L044,L045,L046,L054,L055,L057,L058,L060,L064,L065,L078,L082,L095,L102,L104,L109,L110,L111,L112,L113,L114,L115,L128,L134,L140,L143,L148,L149,L150,L153,L154,L155,L156,L157,L158,L159,L160,L169,L178,L179,L182",45,True,relay_cascade,
1,20260708,L001->L054,L001,L054,True,False,0.0,0.0,0.0,1.0000000000000004,"L001,L018,L019,L024,L026,L030,L032,L039,L040,L044,L045,L046,L054,L060,L065,L078,L102,L104,L105,L106,L109,L110,L111,L112,L113,L114,L115,L128,L134,L140,L143,L149,L150,L153,L154,L155,L156,L157,L158,L159,L160,L169,L178,L179,L182",45,51.58433533405675,51.58433533405675,43,"L018,L019,L024,L026,L030,L032,L039,L040,L044,L045,L046,L060,L065,L078,L102,L104,L105,L106,L109,L110,L111,L112,L113,L114,L115,L128,L134,L140,L143,L149,L150,L153,L154,L155,L156,L157,L158,L159,L160,L169,L178,L179,L182",43,True,non_critical,
1,20260708,L001->L055,L001,L055,True,False,0.0,0.0,0.0,1.0000000000000047,"L001,L055,L060,L115",4,1.362138463015052,1.362138463015052,2,"L060,L115",2,True,non_critical,
1,20260708,L001->L056,L001,L056,True,False,0.0,0.0,0.0,1.0000000000000102,"L001,L056,L060,L115",4,1.2909205315487506,1.2909205315487506,2,"L060,L115",2,True,non_critical,
1,20260708,L001->L057,L001,L057,True,False,0.0,0.0,0.0,1.0000000000000342,"L001,L057",2,1.0835290365146004,1.0835290365146004,0,,0,False,non_critical,
1,20260708,L001->L058,L001,L058,True,True,2.571961972691583,0.0,2.571961972691583,1.000000000000023,"L001,L058,L102",3,1.212049459482518,1.212049459482518,1,L102,1,True,relay_cascade,
1,20260708,L001->L059,L001,L059,True,True,55.16881804675853,55.16881804675853,0.0,1.0000000000000007,"L001,L018,L019,L030,L039,L044,L045,L046,L054,L056,L057,L059,L060,L102,L109,L110,L111,L112,L113,L115,L128,L134,L140,L143,L148,L149,L150,L153,L154,L155,L156,L157,L158,L159,L160,L169,L178,L179,L182",39,58.035085296815744,58.035085296815744,37,"L018,L019,L030,L039,L044,L045,L046,L054,L056,L057,L060,L102,L109,L110,L111,L112,L113,L115,L128,L134,L140,L143,L148,L149,L150,L153,L154,L155,L156,L157,L158,L159,L160,L169,L178,L179,L182",37,True,relay_cascade,
1,20260708,L001->L060,L001,L060,True,False,0.0,0.0,0.0,1.000000000000017,"L001,L060",2,1.1032544898990988,1.1032544898990988,0,,0,False,non_critical,
1,20260708,L001->L061,L001,L061,True,True,70.703891942181,70.703891942181,0.0,1.0000000000000049,"L001,L018,L019,L030,L040,L044,L045,L046,L054,L056,L057,L060,L061,L102,L109,L110,L111,L112,L113,L115,L128,L134,L140,L143,L148,L149,L150,L153,L154,L155,L156,L157,L158,L159,L160,L169,L178,L179,L182",39,57.60358955066385,57.60358955066385,37,"L018,L019,L030,L040,L044,L045,L046,L054,L056,L057,L060,L102,L109,L110,L111,L112,L113,L115,L128,L134,L140,L143,L148,L149,L150,L153,L154,L155,L156,L157,L158,L159,L160,L169,L178,L179,L182",37,True,relay_cascade,
1,20260708,L001->L062,L001,L062,True,False,0.0,0.0,0.0,1.0000000000000036,"L001,L018,L019,L030,L040,L044,L045,L046,L054,L056,L057,L060,L062,L064,L065,L095,L102,L104,L106,L109,L110,L111,L112,L113,L115,L128,L134,L140,L143,L149,L150,L153,L154,L155,L156,L157,L158,L159,L160,L169,L178,L179,L182",43,58.26321928776402,58.26321928776402,41,"L018,L019,L030,L040,L044,L045,L046,L054,L056,L057,L060,L064,L065,L095,L102,L104,L106,L109,L110,L111,L112,L113,L115,L128,L134,L140,L143,L149,L150,L153,L154,L155,L156,L157,L158,L159,L160,L169,L178,L179,L182",41,True,non_critical,
1,20260708,L001->L063,L001,L063,True,False,0.0,0.0,0.0,1.0000000000000049,"L001,L018,L019,L030,L040,L044,L045,L046,L054,L056,L057,L060,L063,L065,L082,L095,L102,L104,L106,L109,L110,L111,L112,L115,L128,L134,L140,L143,L149,L150,L153,L154,L155,L156,L157,L158,L159,L160,L169,L178,L179,L182",42,55.69584242063489,55.69584242063489,40,"L018,L019,L030,L040,L044,L045,L046,L054,L056,L057,L060,L065,L082,L095,L102,L104,L106,L109,L110,L111,L112,L115,L128,L134,L140,L143,L149,L150,L153,L154,L155,L156,L157,L158,L159,L160,L169,L178,L179,L182",40,True,non_critical,
1,20260708,L001->L064,L001,L064,True,False,0.0,0.0,0.0,1.000000000000023,"L001,L064",2,1.1135590721008688,1.1135590721008688,0,,0,False,non_critical,
1,20260708,L001->L065,L001,L065,True,False,0.0,0.0,0.0,1.000000000000023,"L001,L065",2,1.0861197023491975,1.0861197023491975,0,,0,False,non_critical,
1,20260708,L001->L066,L001,L066,True,True,36.82232008588366,36.82232008588366,0.0,1.0000000000000184,"L001,L018,L019,L030,L040,L044,L045,L046,L054,L056,L057,L060,L066,L102,L109,L110,L111,L112,L113,L115,L128,L134,L140,L143,L148,L149,L150,L153,L154,L155,L156,L157,L158,L159,L160,L169,L178,L179,L182",39,59.49604633714544,59.49604633714544,37,"L018,L019,L030,L040,L044,L045,L046,L054,L056,L057,L060,L102,L109,L110,L111,L112,L113,L115,L128,L134,L140,L143,L148,L149,L150,L153,L154,L155,L156,L157,L158,L159,L160,L169,L178,L179,L182",37,True,relay_cascade,
1,20260708,L001->L067,L001,L067,True,True,36.82232008588366,36.82232008588366,0.0,1.0000000000000184,"L001,L018,L019,L030,L040,L044,L045,L046,L054,L056,L057,L060,L067,L102,L109,L110,L111,L112,L113,L115,L128,L134,L140,L143,L148,L149,L150,L153,L154,L155,L156,L157,L158,L159,L160,L169,L178,L179,L182",39,59.49604633714544,59.49604633714544,37,"L018,L019,L030,L040,L044,L045,L046,L054,L056,L057,L060,L102,L109,L110,L111,L112,L113,L115,L128,L134,L140,L143,L148,L149,L150,L153,L154,L155,L156,L157,L158,L159,L160,L169,L178,L179,L182",37,True,relay_cascade,
1,20260708,L001->L068,L001,L068,True,True,119.13750114398512,119.13750114398512,0.0,1.0000000000000369,"L001,L018,L019,L030,L040,L044,L045,L046,L054,L060,L062,L065,L068,L102,L104,L109,L110,L111,L112,L113,L115,L128,L134,L140,L143,L148,L149,L150,L153,L154,L155,L156,L157,L158,L159,L160,L169,L178,L179,L182",40,56.05576782606894,56.05576782606894,38,"L018,L019,L030,L040,L044,L045,L046,L054,L060,L062,L065,L102,L104,L109,L110,L111,L112,L113,L115,L128,L134,L140,L143,L148,L149,L150,L153,L154,L155,L156,L157,L158,L159,L160,L169,L178,L179,L182",38,True,relay_cascade,
1,20260708,L001->L069,L001,L069,True,False,0.0,0.0,0.0,1.000000000000017,"L001,L060,L069,L102",4,1.468909567204443,1.468909567204443,2,"L060,L102",2,True,non_critical,
1,20260708,L001->L070,L001,L070,True,True,36.82232008588366,36.82232008588366,0.0,1.0000000000000004,"L001,L018,L019,L030,L040,L044,L045,L046,L054,L056,L060,L065,L070,L077,L078,L079,L082,L091,L102,L104,L109,L110,L111,L112,L113,L115,L128,L134,L140,L143,L148,L149,L150,L153,L154,L155,L156,L157,L158,L159,L160,L169,L178,L179,L182",45,58.26321928776402,58.26321928776402,43,"L018,L019,L030,L040,L044,L045,L046,L054,L056,L060,L065,L077,L078,L079,L082,L091,L102,L104,L109,L110,L111,L112,L113,L115,L128,L134,L140,L143,L148,L149,L150,L153,L154,L155,L156,L157,L158,L159,L160,L169,L178,L179,L182",43,True,relay_cascade,
1,20260708,L001->L071,L001,L071,True,True,107.3892661154242,107.3892661154242,0.0,1.0000000000000215,"L001,L018,L019,L030,L040,L044,L045,L046,L054,L060,L071,L074,L078,L082,L102,L109,L110,L111,L112,L113,L115,L128,L134,L140,L143,L148,L149,L150,L153,L154,L155,L156,L157,L158,L159,L160,L169,L178,L179,L182",40,56.423946332829274,56.423946332829274,38,"L018,L019,L030,L040,L044,L045,L046,L054,L060,L074,L078,L082,L102,L109,L110,L111,L112,L113,L115,L128,L134,L140,L143,L148,L149,L150,L153,L154,L155,L156,L157,L158,L159,L160,L169,L178,L179,L182",38,True,relay_cascade,
1,20260708,L001->L072,L001,L072,True,True,79.71011942383755,79.71011942383755,0.0,1.0000000000000144,"L001,L018,L019,L030,L040,L044,L045,L046,L054,L056,L060,L072,L074,L102,L109,L110,L111,L112,L113,L115,L128,L134,L140,L143,L148,L149,L150,L153,L154,L155,L156,L157,L158,L159,L160,L169,L178,L179,L182",39,57.2446149370369,57.2446149370369,37,"L018,L019,L030,L040,L044,L045,L046,L054,L056,L060,L074,L102,L109,L110,L111,L112,L113,L115,L128,L134,L140,L143,L148,L149,L150,L153,L154,L155,L156,L157,L158,L159,L160,L169,L178,L179,L182",37,True,relay_cascade,
1,20260708,L001->L073,L001,L073,True,False,0.0,0.0,0.0,1.000000000000023,"L001,L073",2,1.0151952154259731,1.0151952154259731,0,,0,False,non_critical,
1,20260708,L001->L074,L001,L074,True,True,2.8616119104909075,0.0,2.8616119104909075,1.000000000000023,"L001,L074,L077,L078,L079,L082",6,1.8843474773301963,1.8843474773301963,4,"L077,L078,L079,L082",4,True,relay_cascade,
1,20260708,L001->L075,L001,L075,True,False,0.0,0.0,0.0,1.0000000000000047,"L001,L075,L102",3,1.2157099608839903,1.2157099608839903,1,L102,1,True,non_critical,
1,20260708,L001->L076,L001,L076,True,False,0.0,0.0,0.0,1.0000000000000342,"L001,L076,L102",3,1.2139134818813344,1.2139134818813344,1,L102,1,True,non_critical,
1,20260708,L001->L077,L001,L077,True,False,0.0,0.0,0.0,1.0000000000000073,"L001,L077",2,1.140436080150702,1.140436080150702,0,,0,False,non_critical,
1,20260708,L001->L078,L001,L078,True,False,0.0,0.0,0.0,1.000000000000023,"L001,L077,L078,L079",4,2.440688596194352,2.440688596194352,2,"L077,L079",2,True,non_critical,
1,20260708,L001->L079,L001,L079,True,False,0.0,0.0,0.0,1.000000000000023,"L001,L077,L078,L079",4,3.358221521684083,3.358221521684083,2,"L077,L078",2,True,non_critical,
1,20260708,L001->L080,L001,L080,True,False,0.0,0.0,0.0,1.0000000000000029,"L001,L080",2,1.0723527671652882,1.0723527671652882,0,,0,False,non_critical,
1,20260708,L001->L081,L001,L081,True,True,2.8616119104909132,0.0,2.8616119104909132,1.0000000000000036,"L001,L074,L077,L078,L079,L081,L082,L102",8,2.2312611169455816,2.2312611169455816,6,"L074,L077,L078,L079,L082,L102",6,True,relay_cascade,
1,20260708,L001->L082,L001,L082,True,False,0.0,0.0,0.0,1.000000000000023,"L001,L082",2,1.0192580799344377,1.0192580799344377,0,,0,False,non_critical,
1,20260708,L001->L083,L001,L083,True,False,0.0,0.0,0.0,1.000000000000023,"L001,L083",2,1.0738300671033685,1.0738300671033685,0,,0,False,non_critical,
1,20260708,L001->L084,L001,L084,True,False,0.0,0.0,0.0,1.000000000000023,"L001,L084",2,1.0389620266816257,1.0389620266816257,0,,0,False,non_critical,
1,20260708,L001->L085,L001,L085,True,True,2.861611910490902,0.0,2.861611910490902,1.000000000000023,"L001,L060,L074,L077,L078,L079,L082,L085",8,2.643396908239268,2.643396908239268,6,"L060,L074,L077,L078,L079,L082",6,True,relay_cascade,
1,20260708,L001->L086,L001,L086,True,True,2.861611910490902,0.0,2.861611910490902,1.000000000000023,"L001,L060,L074,L077,L078,L079,L082,L086",8,2.6583677157858823,2.6583677157858823,6,"L060,L074,L077,L078,L079,L082",6,True,relay_cascade,
1,20260708,L001->L087,L001,L087,True,False,0.0,0.0,0.0,1.0000000000000073,"L001,L087",2,1.1304925612084993,1.1304925612084993,0,,0,False,non_critical,
1,20260708,L001->L088,L001,L088,True,False,0.0,0.0,0.0,1.0000000000000036,"L001,L088",2,1.1311247246957936,1.1311247246957936,0,,0,False,non_critical,
1,20260708,L001->L089,L001,L089,True,False,0.0,0.0,0.0,1.000000000000023,"L001,L089",2,1.1493628307292552,1.1493628307292552,0,,0,False,non_critical,
1,20260708,L001->L090,L001,L090,True,True,126.01555459277004,126.01555459277004,0.0,1.0000000000000022,"L001,L018,L019,L030,L039,L044,L045,L046,L054,L056,L057,L060,L065,L089,L090,L091,L092,L095,L102,L104,L109,L110,L111,L112,L113,L115,L126,L127,L128,L129,L130,L131,L132,L134,L135,L140,L143,L148,L149,L150,L153,L154,L155,L156,L157,L158,L159,L160,L169,L178,L179,L182",52,62.06019639116943,62.06019639116943,50,"L018,L019,L030,L039,L044,L045,L046,L054,L056,L057,L060,L065,L089,L091,L092,L095,L102,L104,L109,L110,L111,L112,L113,L115,L126,L127,L128,L129,L130,L131,L132,L134,L135,L140,L143,L148,L149,L150,L153,L154,L155,L156,L157,L158,L159,L160,L169,L178,L179,L182",50,True,relay_cascade,
1,20260708,L001->L091,L001,L091,True,False,0.0,0.0,0.0,1.0000000000000087,"L001,L091",2,1.0788039015042254,1.0788039015042254,0,,0,False,non_critical,
1,20260708,L001->L092,L001,L092,True,False,0.0,0.0,0.0,1.0000000000000209,"L001,L092",2,1.121543791435448,1.121543791435448,0,,0,False,non_critical,
1,20260708,L001->L093,L001,L093,True,True,24.581204235401152,24.581204235401152,0.0,1.0000000000000002,"L001,L018,L019,L025,L030,L040,L044,L045,L046,L056,L057,L060,L063,L064,L065,L077,L078,L080,L081,L082,L083,L084,L088,L089,L091,L092,L093,L095,L101,L102,L104,L106,L109,L110,L111,L112,L113,L114,L115,L128,L134,L140,L143,L148,L149,L153,L154,L155,L156,L157,L158,L159,L160,L169,L178,L179,L182,L186",58,52.93240498457445,52.93240498457445,56,"L018,L019,L025,L030,L040,L044,L045,L046,L056,L057,L060,L063,L064,L065,L077,L078,L080,L081,L082,L083,L084,L088,L089,L091,L092,L095,L101,L102,L104,L106,L109,L110,L111,L112,L113,L114,L115,L128,L134,L140,L143,L148,L149,L153,L154,L155,L156,L157,L158,L159,L160,L169,L178,L179,L182,L186",56,True,relay_cascade,
1,20260708,L001->L094,L001,L094,True,True,24.581204235401152,24.581204235401152,0.0,1.0000000000000002,"L001,L018,L019,L025,L030,L040,L044,L045,L046,L056,L057,L060,L063,L064,L065,L077,L078,L080,L081,L082,L083,L084,L088,L089,L091,L092,L094,L095,L101,L102,L104,L106,L109,L110,L111,L112,L113,L114,L115,L128,L134,L140,L143,L148,L149,L153,L154,L155,L156,L157,L158,L159,L160,L169,L178,L179,L182,L186",58,52.93240498457445,52.93240498457445,56,"L018,L019,L025,L030,L040,L044,L045,L046,L056,L057,L060,L063,L064,L065,L077,L078,L080,L081,L082,L083,L084,L088,L089,L091,L092,L095,L101,L102,L104,L106,L109,L110,L111,L112,L113,L114,L115,L128,L134,L140,L143,L148,L149,L153,L154,L155,L156,L157,L158,L159,L160,L169,L178,L179,L182,L186",56,True,relay_cascade,
1,20260708,L001->L095,L001,L095,True,False,0.0,0.0,0.0,1.000000000000001,"L001,L095,L102",3,1.61038071515394,1.61038071515394,1,L102,1,True,non_critical,
1,20260708,L001->L096,L001,L096,True,True,57.74078001945009,55.16881804675853,2.571961972691561,1.000000000000009,"L001,L018,L019,L030,L044,L045,L046,L057,L058,L059,L060,L096,L102,L104,L109,L110,L111,L112,L115,L128,L134,L140,L143,L148,L149,L150,L153,L154,L155,L156,L157,L158,L159,L160,L169,L178,L179,L182",38,59.051489452113906,59.051489452113906,36,"L018,L019,L030,L044,L045,L046,L057,L058,L059,L060,L102,L104,L109,L110,L111,L112,L115,L128,L134,L140,L143,L148,L149,L150,L153,L154,L155,L156,L157,L158,L159,L160,L169,L178,L179,L182",36,True,relay_cascade,
1,20260708,L001->L097,L001,L097,True,True,31.890688783719977,31.890688783719977,0.0,1.0,"L001,L018,L019,L030,L040,L044,L045,L046,L055,L056,L057,L060,L062,L063,L064,L065,L077,L078,L080,L082,L091,L095,L097,L100,L101,L102,L104,L105,L106,L109,L110,L111,L112,L113,L115,L128,L134,L140,L143,L149,L150,L153,L154,L155,L156,L157,L158,L159,L160,L169,L178,L179,L182",53,48.25763576317018,48.25763576317018,51,"L018,L019,L030,L040,L044,L045,L046,L055,L056,L057,L060,L062,L063,L064,L065,L077,L078,L080,L082,L091,L095,L100,L101,L102,L104,L105,L106,L109,L110,L111,L112,L113,L115,L128,L134,L140,L143,L149,L150,L153,L154,L155,L156,L157,L158,L159,L160,L169,L178,L179,L182",51,True,relay_cascade,
1,20260708,L001->L098,L001,L098,True,False,0.0,0.0,0.0,1.0000000000000047,"L001,L060,L065,L091,L098,L102",6,6.334956003252744,6.334956003252744,4,"L060,L065,L091,L102",4,True,non_critical,
1,20260708,L001->L099,L001,L099,True,False,0.0,0.0,0.0,1.0000000000000047,"L001,L060,L065,L091,L099,L102",6,6.334956003252744,6.334956003252744,4,"L060,L065,L091,L102",4,True,non_critical,
1,20260708,L001->L100,L001,L100,True,False,0.0,0.0,0.0,1.000000000000023,"L001,L100,L102",3,2.3375402598760924,2.3375402598760924,1,L102,1,True,non_critical,
1,20260708,L001->L101,L001,L101,True,False,0.0,0.0,0.0,1.000000000000023,"L001,L101,L102",3,1.7265318080113263,1.7265318080113263,1,L102,1,True,non_critical,
1,20260708,L001->L102,L001,L102,True,False,0.0,0.0,0.0,1.0000000000000073,"L001,L102",2,1.0635620272930524,1.0635620272930524,0,,0,False,non_critical,
1,20260708,L001->L103,L001,L103,True,True,36.82232008588366,36.82232008588366,0.0,1.000000000000001,"L001,L018,L019,L030,L040,L044,L045,L046,L054,L056,L060,L065,L078,L102,L103,L104,L109,L110,L111,L112,L113,L115,L128,L134,L140,L143,L148,L149,L150,L153,L154,L155,L156,L157,L158,L159,L160,L169,L178,L179,L182",41,58.26321928776402,58.26321928776402,39,"L018,L019,L030,L040,L044,L045,L046,L054,L056,L060,L065,L078,L102,L104,L109,L110,L111,L112,L113,L115,L128,L134,L140,L143,L148,L149,L150,L153,L154,L155,L156,L157,L158,L159,L160,L169,L178,L179,L182",39,True,relay_cascade,
1,20260708,L001->L104,L001,L104,True,True,36.82232008588366,36.82232008588366,0.0,1.0000000000000004,"L001,L018,L019,L030,L040,L044,L045,L046,L054,L056,L060,L065,L102,L104,L109,L110,L111,L112,L113,L114,L115,L128,L134,L140,L143,L148,L149,L150,L153,L154,L155,L156,L157,L158,L159,L160,L169,L178,L179,L182,L186",41,59.6815428194419,59.6815428194419,39,"L018,L019,L030,L040,L044,L045,L046,L054,L056,L060,L065,L102,L109,L110,L111,L112,L113,L114,L115,L128,L134,L140,L143,L148,L149,L150,L153,L154,L155,L156,L157,L158,L159,L160,L169,L178,L179,L182,L186",39,True,relay_cascade,
1,20260708,L001->L105,L001,L105,True,False,0.0,0.0,0.0,1.0000000000000004,"L001,L018,L019,L030,L040,L044,L045,L046,L054,L056,L057,L060,L065,L095,L102,L104,L105,L106,L109,L110,L111,L112,L113,L115,L128,L134,L140,L143,L149,L150,L153,L154,L155,L156,L157,L158,L159,L160,L169,L178,L179,L182",42,57.657657265529856,57.657657265529856,40,"L018,L019,L030,L040,L044,L045,L046,L054,L056,L057,L060,L065,L095,L102,L104,L106,L109,L110,L111,L112,L113,L115,L128,L134,L140,L143,L149,L150,L153,L154,L155,L156,L157,L158,L159,L160,L169,L178,L179,L182",40,True,non_critical,
1,20260708,L001->L106,L001,L106,True,True,31.890688783719977,31.890688783719977,0.0,1.0000000000000036,"L001,L018,L019,L030,L040,L044,L045,L046,L054,L056,L057,L060,L062,L063,L064,L065,L095,L102,L104,L105,L106,L109,L110,L111,L112,L113,L115,L128,L134,L140,L143,L149,L150,L153,L154,L155,L156,L157,L158,L159,L160,L169,L178,L179,L182",45,57.657657265529856,57.657657265529856,43,"L018,L019,L030,L040,L044,L045,L046,L054,L056,L057,L060,L062,L063,L064,L065,L095,L102,L104,L105,L109,L110,L111,L112,L113,L115,L128,L134,L140,L143,L149,L150,L153,L154,L155,L156,L157,L158,L159,L160,L169,L178,L179,L182",43,True,relay_cascade,
1,20260708,L001->L107,L001,L107,True,True,170.02240675305174,170.02240675305174,0.0,1.0000000000000004,"L001,L018,L019,L030,L040,L044,L045,L046,L054,L060,L063,L064,L065,L078,L091,L102,L104,L106,L107,L109,L110,L111,L112,L113,L114,L115,L116,L119,L120,L126,L127,L128,L134,L140,L143,L148,L149,L150,L153,L154,L155,L156,L157,L158,L159,L160,L169,L178,L179,L182,L186",51,13.590755844417169,13.590755844417169,49,"L018,L019,L030,L040,L044,L045,L046,L054,L060,L063,L064,L065,L078,L091,L102,L104,L106,L109,L110,L111,L112,L113,L114,L115,L116,L119,L120,L126,L127,L128,L134,L140,L143,L148,L149,L150,L153,L154,L155,L156,L157,L158,L159,L160,L169,L178,L179,L182,L186",49,True,relay_cascade,
1,20260708,L001->L108,L001,L108,True,True,44.094508903887366,44.094508903887366,0.0,1.0000000000000049,"L001,L018,L019,L030,L039,L040,L044,L045,L046,L054,L056,L057,L060,L065,L078,L082,L095,L102,L104,L108,L109,L110,L111,L112,L113,L114,L115,L117,L126,L127,L128,L134,L140,L143,L148,L149,L150,L153,L154,L155,L156,L157,L158,L159,L160,L169,L178,L179,L180,L182,L186",51,56.588268467688735,56.588268467688735,49,"L018,L019,L030,L039,L040,L044,L045,L046,L054,L056,L057,L060,L065,L078,L082,L095,L102,L104,L109,L110,L111,L112,L113,L114,L115,L117,L126,L127,L128,L134,L140,L143,L148,L149,L150,L153,L154,L155,L156,L157,L158,L159,L160,L169,L178,L179,L180,L182,L186",49,True,relay_cascade,
1,20260708,L001->L109,L001,L109,True,False,0.0,0.0,0.0,1.0000000000000058,"L001,L109,L111,L115,L128,L178",6,2.0697224139476247,2.0697224139476247,4,"L111,L115,L128,L178",4,True,non_critical,
1,20260708,L001->L110,L001,L110,True,True,36.82232008588366,36.82232008588366,0.0,1.0000000000000735,"L001,L018,L019,L030,L040,L044,L045,L046,L054,L056,L057,L060,L102,L104,L109,L110,L111,L115,L128,L134,L140,L143,L148,L149,L150,L153,L154,L155,L156,L157,L158,L159,L160,L169,L178,L179,L182",37,58.41903784100413,58.41903784100413,35,"L018,L019,L030,L040,L044,L045,L046,L054,L056,L057,L060,L102,L104,L109,L111,L115,L128,L134,L140,L143,L148,L149,L150,L153,L154,L155,L156,L157,L158,L159,L160,L169,L178,L179,L182",35,True,relay_cascade,
1,20260708,L001->L111,L001,L111,True,False,0.0,0.0,0.0,1.0000000000000036,"L001,L111,L115",3,1.2351964581615371,1.2351964581615371,1,L115,1,True,non_critical,
1,20260708,L001->L112,L001,L112,True,True,36.82232008588366,36.82232008588366,0.0,1.0000000000000735,"L001,L018,L019,L030,L040,L044,L045,L046,L054,L056,L057,L060,L102,L104,L109,L110,L111,L112,L113,L115,L128,L134,L140,L143,L148,L149,L150,L153,L154,L155,L156,L157,L158,L159,L160,L169,L178,L179,L182",39,57.70002417729642,57.70002417729642,37,"L018,L019,L030,L040,L044,L045,L046,L054,L056,L057,L060,L102,L104,L109,L110,L111,L113,L115,L128,L134,L140,L143,L148,L149,L150,L153,L154,L155,L156,L157,L158,L159,L160,L169,L178,L179,L182",37,True,relay_cascade,
1,20260708,L001->L113,L001,L113,True,True,36.82232008588366,36.82232008588366,0.0,1.0000000000000007,"L001,L018,L019,L030,L039,L044,L045,L046,L054,L056,L060,L102,L104,L109,L111,L112,L113,L115,L128,L134,L140,L143,L148,L149,L150,L153,L154,L155,L156,L157,L158,L159,L160,L169,L178,L179,L182",37,59.79146140425027,59.79146140425027,35,"L018,L019,L030,L039,L044,L045,L046,L054,L056,L060,L102,L104,L109,L111,L112,L115,L128,L134,L140,L143,L148,L149,L150,L153,L154,L155,L156,L157,L158,L159,L160,L169,L178,L179,L182",35,True,relay_cascade,
1,20260708,L001->L114,L001,L114,True,False,0.0,0.0,0.0,1.0000000000000453,"L001,L109,L111,L114,L115,L178",6,6.27587311553783,6.27587311553783,4,"L109,L111,L115,L178",4,True,non_critical,
1,20260708,L001->L115,L001,L115,True,False,0.0,0.0,0.0,1.0000000000000022,"L001,L115",2,1.010613320924873,1.010613320924873,0,,0,False,non_critical,
1,20260708,L001->L116,L001,L116,True,True,120.55386913947339,120.55386913947339,0.0,1.0000000000000369,"L001,L018,L019,L030,L040,L044,L045,L046,L054,L056,L060,L062,L063,L064,L065,L102,L104,L105,L106,L109,L110,L111,L113,L114,L115,L116,L119,L120,L126,L127,L128,L134,L140,L143,L148,L149,L150,L153,L154,L155,L156,L157,L158,L159,L160,L169,L178,L179,L182,L186",50,57.10618936435667,57.10618936435667,48,"L018,L019,L030,L040,L044,L045,L046,L054,L056,L060,L062,L063,L064,L065,L102,L104,L105,L106,L109,L110,L111,L113,L114,L115,L119,L120,L126,L127,L128,L134,L140,L143,L148,L149,L150,L153,L154,L155,L156,L157,L158,L159,L160,L169,L178,L179,L182,L186",48,True,relay_cascade,
1,20260708,L001->L117,L001,L117,True,True,36.82232008588366,36.82232008588366,0.0,1.000000000000007,"L001,L018,L019,L030,L040,L044,L045,L046,L054,L056,L060,L102,L104,L109,L110,L111,L113,L114,L115,L117,L128,L134,L140,L143,L148,L149,L150,L153,L154,L155,L156,L157,L158,L159,L160,L169,L178,L179,L182",39,56.58826846768867,56.58826846768867,37,"L018,L019,L030,L040,L044,L045,L046,L054,L056,L060,L102,L104,L109,L110,L111,L113,L114,L115,L128,L134,L140,L143,L148,L149,L150,L153,L154,L155,L156,L157,L158,L159,L160,L169,L178,L179,L182",37,True,relay_cascade,
1,20260708,L001->L118,L001,L118,True,True,36.82232008588366,36.82232008588366,0.0,1.0000000000000184,"L001,L018,L019,L044,L045,L046,L054,L056,L060,L102,L104,L109,L110,L111,L113,L114,L115,L118,L128,L134,L140,L143,L148,L149,L150,L153,L154,L155,L156,L157,L158,L159,L160,L169,L178,L179,L182,L186",38,56.67022977400099,56.67022977400099,36,"L018,L019,L044,L045,L046,L054,L056,L060,L102,L104,L109,L110,L111,L113,L114,L115,L128,L134,L140,L143,L148,L149,L150,L153,L154,L155,L156,L157,L158,L159,L160,L169,L178,L179,L182,L186",36,True,relay_cascade,
1,20260708,L001->L119,L001,L119,True,True,36.82232008588366,36.82232008588366,0.0,1.0000000000000004,"L001,L018,L019,L030,L040,L044,L045,L046,L054,L056,L060,L102,L109,L110,L111,L113,L114,L115,L119,L120,L126,L127,L128,L134,L140,L143,L148,L149,L150,L153,L154,L155,L156,L157,L158,L159,L160,L169,L178,L179,L182,L186",42,57.106189364356744,57.106189364356744,40,"L018,L019,L030,L040,L044,L045,L046,L054,L056,L060,L102,L109,L110,L111,L113,L114,L115,L120,L126,L127,L128,L134,L140,L143,L148,L149,L150,L153,L154,L155,L156,L157,L158,L159,L160,L169,L178,L179,L182,L186",40,True,relay_cascade,
1,20260708,L001->L120,L001,L120,True,False,0.0,0.0,0.0,1.0000000000000047,"L001,L115,L120,L128",4,2.052881322919247,2.052881322919247,2,"L115,L128",2,True,non_critical,
1,20260708,L001->L121,L001,L121,True,True,74.95325517572547,74.95325517572547,0.0,1.0000000000000009,"L001,L018,L019,L030,L040,L044,L045,L046,L054,L056,L060,L065,L102,L104,L109,L110,L111,L113,L115,L121,L122,L128,L134,L140,L143,L148,L149,L153,L154,L155,L156,L157,L158,L159,L160,L169,L178,L179,L182",39,14.64927811222727,14.64927811222727,37,"L018,L019,L030,L040,L044,L045,L046,L054,L056,L060,L065,L102,L104,L109,L110,L111,L113,L115,L122,L128,L134,L140,L143,L148,L149,L153,L154,L155,L156,L157,L158,L159,L160,L169,L178,L179,L182",37,True,relay_cascade,
1,20260708,L001->L122,L001,L122,True,False,0.0,0.0,0.0,1.000000000000023,"L001,L122",2,1.0100687972149398,1.0100687972149398,0,,0,False,non_critical,
1,20260708,L001->L123,L001,L123,True,False,0.0,0.0,0.0,1.0000000000000104,"L001,L115,L123,L128",4,5.278791165368979,5.278791165368979,2,"L115,L128",2,True,non_critical,
1,20260708,L001->L124,L001,L124,True,False,0.0,0.0,0.0,1.000000000000023,"L001,L124",2,1.13730811671508,1.13730811671508,0,,0,False,non_critical,
1,20260708,L001->L125,L001,L125,True,True,13.298257584545592,0.0,13.298257584545592,1.0000000000000342,"L001,L115,L125,L128",4,3.723806784012784,3.723806784012784,2,"L115,L128",2,True,relay_cascade,
1,20260708,L001->L126,L001,L126,True,True,35.11713329264434,35.11713329264434,0.0,1.0000000000000369,"L001,L018,L019,L030,L044,L045,L046,L060,L065,L102,L104,L109,L110,L111,L112,L113,L114,L115,L119,L120,L126,L128,L134,L140,L143,L150,L153,L154,L155,L156,L157,L158,L160,L169,L178,L179,L182,L185,L186",39,8.705834135390411,8.705834135390411,37,"L018,L019,L030,L044,L045,L046,L060,L065,L102,L104,L109,L110,L111,L112,L113,L114,L115,L119,L120,L128,L134,L140,L143,L150,L153,L154,L155,L156,L157,L158,L160,L169,L178,L179,L182,L185,L186",37,True,relay_cascade,
1,20260708,L001->L127,L001,L127,True,True,35.11713329264434,35.11713329264434,0.0,1.0000000000000369,"L001,L018,L019,L030,L044,L045,L046,L060,L065,L102,L104,L109,L110,L111,L112,L113,L114,L115,L119,L120,L127,L128,L134,L140,L143,L150,L153,L154,L155,L156,L157,L158,L160,L169,L178,L179,L182,L185,L186",39,8.705834135390234,8.705834135390234,37,"L018,L019,L030,L044,L045,L046,L060,L065,L102,L104,L109,L110,L111,L112,L113,L114,L115,L119,L120,L128,L134,L140,L143,L150,L153,L154,L155,L156,L157,L158,L160,L169,L178,L179,L182,L185,L186",37,True,relay_cascade,
1,20260708,L001->L128,L001,L128,True,False,0.0,0.0,0.0,1.000000000000004,"L001,L128",2,1.0036395563513967,1.0036395563513967,0,,0,False,non_critical,
1,20260708,L001->L129,L001,L129,True,True,58.608730684473244,58.608730684473244,0.0,1.0000000000000184,"L001,L018,L019,L030,L040,L044,L045,L046,L054,L056,L060,L102,L104,L109,L110,L111,L113,L114,L115,L128,L129,L134,L140,L143,L149,L150,L153,L154,L155,L156,L158,L159,L160,L169,L178,L179,L182",37,20.678422633803038,20.678422633803038,35,"L018,L019,L030,L040,L044,L045,L046,L054,L056,L060,L102,L104,L109,L110,L111,L113,L114,L115,L128,L134,L140,L143,L149,L150,L153,L154,L155,L156,L158,L159,L160,L169,L178,L179,L182",35,True,relay_cascade,
1,20260708,L001->L130,L001,L130,True,False,0.0,0.0,0.0,1.0000000000000675,"L001,L128,L130",3,4.565795030860742,4.565795030860742,1,L128,1,True,non_critical,
1,20260708,L001->L131,L001,L131,True,True,77.36714366189312,77.36714366189312,0.0,1.0000000000000042,"L001,L018,L019,L030,L040,L044,L045,L046,L054,L056,L057,L060,L065,L102,L104,L109,L110,L111,L113,L115,L128,L130,L131,L134,L140,L149,L150,L153,L154,L155,L156,L158,L159,L160,L169,L178,L179,L182",38,15.18905342230955,15.18905342230955,36,"L018,L019,L030,L040,L044,L045,L046,L054,L056,L057,L060,L065,L102,L104,L109,L110,L111,L113,L115,L128,L130,L134,L140,L149,L150,L153,L154,L155,L156,L158,L159,L160,L169,L178,L179,L182",36,True,relay_cascade,
1,20260708,L001->L132,L001,L132,True,False,0.0,0.0,0.0,1.0000000000000075,"L001,L128,L132,L155,L156,L158",6,5.843020434748913,5.843020434748913,4,"L128,L155,L156,L158",4,True,non_critical,
1,20260708,L001->L133,L001,L133,True,True,57.598679982856595,57.598679982856595,0.0,1.0000000000000004,"L001,L018,L019,L030,L040,L044,L045,L046,L054,L056,L060,L102,L104,L109,L110,L111,L112,L113,L115,L128,L133,L134,L140,L143,L148,L149,L150,L153,L154,L155,L156,L157,L158,L159,L160,L169,L178,L179,L182",39,60.56311690766266,60.56311690766266,37,"L018,L019,L030,L040,L044,L045,L046,L054,L056,L060,L102,L104,L109,L110,L111,L112,L113,L115,L128,L134,L140,L143,L148,L149,L150,L153,L154,L155,L156,L157,L158,L159,L160,L169,L178,L179,L182",37,True,relay_cascade,
1,20260708,L001->L134,L001,L134,True,True,36.82232008588366,36.82232008588366,0.0,1.0000000000000007,"L001,L018,L019,L030,L039,L044,L045,L046,L054,L056,L060,L102,L104,L109,L110,L111,L112,L113,L115,L128,L134,L140,L143,L148,L149,L150,L153,L154,L155,L156,L157,L158,L159,L160,L169,L178,L179,L182",38,62.36352644314043,62.36352644314043,36,"L018,L019,L030,L039,L044,L045,L046,L054,L056,L060,L102,L104,L109,L110,L111,L112,L113,L115,L128,L140,L143,L148,L149,L150,L153,L154,L155,L156,L157,L158,L159,L160,L169,L178,L179,L182",36,True,relay_cascade,
1,20260708,L001->L135,L001,L135,True,False,0.0,0.0,0.0,1.000000000000001,"L001,L128,L135",3,1.740181204058544,1.740181204058544,1,L128,1,True,non_critical,
1,20260708,L001->L136,L001,L136,True,False,0.0,0.0,0.0,1.000000000000017,"L001,L128,L136",3,4.031524916451934,4.031524916451934,1,L128,1,True,non_critical,
1,20260708,L001->L137,L001,L137,True,False,0.0,0.0,0.0,1.0000000000000024,"L001,L128,L137,L155,L156,L158",6,7.300316812007179,7.300316812007179,4,"L128,L155,L156,L158",4,True,non_critical,
1,20260708,L001->L138,L001,L138,True,False,0.0,0.0,0.0,1.000000000000023,"L001,L138,L140",3,2.1739303881308825,2.1739303881308825,1,L140,1,True,non_critical,
1,20260708,L001->L139,L001,L139,True,False,0.0,0.0,0.0,1.0000000000000204,"L001,L139,L140",3,4.32311744480213,4.32311744480213,1,L140,1,True,non_critical,
1,20260708,L001->L140,L001,L140,True,False,0.0,0.0,0.0,1.000000000000023,"L001,L140",2,1.1978446602327164,1.1978446602327164,0,,0,False,non_critical,
1,20260708,L001->L141,L001,L141,True,False,0.0,0.0,0.0,1.0000000000000024,"L001,L018,L019,L030,L039,L044,L045,L046,L054,L056,L060,L102,L109,L110,L111,L112,L113,L115,L128,L134,L140,L141,L143,L153,L154,L155,L156,L158,L159,L160,L169,L178,L179,L182",34,18.005122769978787,18.005122769978787,32,"L018,L019,L030,L039,L044,L045,L046,L054,L056,L060,L102,L109,L110,L111,L112,L113,L115,L128,L134,L140,L143,L153,L154,L155,L156,L158,L159,L160,L169,L178,L179,L182",32,True,non_critical,
1,20260708,L001->L142,L001,L142,True,False,0.0,0.0,0.0,1.0000000000000036,"L001,L142",2,1.1562982239951758,1.1562982239951758,0,,0,False,non_critical,
1,20260708,L001->L143,L001,L143,True,True,36.82232008588366,36.82232008588366,0.0,1.0000000000000007,"L001,L018,L019,L030,L039,L044,L045,L046,L054,L056,L060,L102,L104,L109,L110,L111,L112,L113,L115,L128,L134,L140,L143,L148,L149,L150,L153,L154,L155,L156,L157,L158,L159,L160,L169,L178,L179,L182",38,60.98261327348265,60.98261327348265,36,"L018,L019,L030,L039,L044,L045,L046,L054,L056,L060,L102,L104,L109,L110,L111,L112,L113,L115,L128,L134,L140,L148,L149,L150,L153,L154,L155,L156,L157,L158,L159,L160,L169,L178,L179,L182",36,True,relay_cascade,
1,20260708,L001->L144,L001,L144,True,False,0.0,0.0,0.0,1.0000000000000675,"L001,L128,L140,L144,L155,L156,L158",7,12.47154707093676,12.47154707093676,5,"L128,L140,L155,L156,L158",5,True,non_critical,
1,20260708,L001->L145,L001,L145,True,False,0.0,0.0,0.0,1.0000000000000047,"L001,L128,L140,L145,L155,L156,L158",7,11.20517620131761,11.20517620131761,5,"L128,L140,L155,L156,L158",5,True,non_critical,
1,20260708,L001->L146,L001,L146,True,False,0.0,0.0,0.0,1.0000000000000675,"L001,L128,L140,L146,L155,L156,L158",7,9.738123609190513,9.738123609190513,5,"L128,L140,L155,L156,L158",5,True,non_critical,
1,20260708,L001->L147,L001,L147,True,True,132.78588574495785,132.78588574495785,0.0,1.0000000000000004,"L001,L018,L019,L030,L040,L044,L045,L046,L054,L056,L060,L102,L104,L109,L110,L111,L112,L113,L115,L128,L129,L130,L131,L132,L134,L140,L143,L147,L149,L150,L153,L154,L155,L156,L157,L158,L159,L160,L169,L178,L179,L182",42,16.056916318426484,16.056916318426484,40,"L018,L019,L030,L040,L044,L045,L046,L054,L056,L060,L102,L104,L109,L110,L111,L112,L113,L115,L128,L129,L130,L131,L132,L134,L140,L143,L149,L150,L153,L154,L155,L156,L157,L158,L159,L160,L169,L178,L179,L182",40,True,relay_cascade,
1,20260708,L001->L148,L001,L148,True,False,0.0,0.0,0.0,1.0000000000000016,"L001,L128,L148,L155",4,5.715015432184023,5.715015432184023,2,"L128,L155",2,True,non_critical,
1,20260708,L001->L149,L001,L149,True,False,0.0,0.0,0.0,1.0000000000000013,"L001,L128,L149",3,2.696782459297742,2.696782459297742,1,L128,1,True,non_critical,
1,20260708,L001->L150,L001,L150,True,False,0.0,0.0,0.0,1.0000000000000047,"L001,L128,L140,L150,L155,L156,L158",7,4.161155624575191,4.161155624575191,5,"L128,L140,L155,L156,L158",5,True,non_critical,
1,20260708,L001->L151,L001,L151,True,False,0.0,0.0,0.0,1.0000000000000038,"L001,L128,L151,L155",4,8.858091299476678,8.858091299476678,2,"L128,L155",2,True,non_critical,
1,20260708,L001->L152,L001,L152,True,True,67.88049169901348,67.88049169901348,0.0,1.0000000000000144,"L001,L018,L019,L030,L040,L044,L045,L046,L054,L056,L060,L102,L109,L110,L111,L112,L113,L115,L128,L134,L140,L143,L148,L149,L150,L152,L153,L154,L155,L156,L157,L158,L159,L160,L169,L178,L179,L182",38,16.378999908969117,16.378999908969117,36,"L018,L019,L030,L040,L044,L045,L046,L054,L056,L060,L102,L109,L110,L111,L112,L113,L115,L128,L134,L140,L143,L148,L149,L150,L153,L154,L155,L156,L157,L158,L159,L160,L169,L178,L179,L182",36,True,relay_cascade,
1,20260708,L001->L153,L001,L153,True,True,36.82232008588366,36.82232008588366,0.0,1.0000000000000007,"L001,L018,L019,L030,L039,L044,L045,L046,L054,L056,L060,L102,L104,L109,L110,L111,L112,L113,L115,L128,L134,L140,L143,L148,L149,L150,L153,L154,L155,L156,L157,L158,L159,L160,L169,L178,L179,L182",38,17.1839029407565,17.1839029407565,36,"L018,L019,L030,L039,L044,L045,L046,L054,L056,L060,L102,L104,L109,L110,L111,L112,L113,L115,L128,L134,L140,L143,L148,L149,L150,L154,L155,L156,L157,L158,L159,L160,L169,L178,L179,L182",36,True,relay_cascade,
1,20260708,L001->L154,L001,L154,True,False,0.0,0.0,0.0,1.0000000000000087,"L001,L128,L154,L155",4,12.349962785111488,12.349962785111488,2,"L128,L155",2,True,non_critical,
1,20260708,L001->L155,L001,L155,True,False,0.0,0.0,0.0,1.0000000000000004,"L001,L155",2,1.0002374914064265,1.0002374914064265,0,,0,False,non_critical,
1,20260708,L001->L156,L001,L156,True,False,0.0,0.0,0.0,1.000000000000017,"L001,L156",2,1.0001390031226314,1.0001390031226314,0,,0,False,non_critical,
1,20260708,L001->L157,L001,L157,True,False,0.0,0.0,0.0,1.0000000000000038,"L001,L128,L157",3,2.4050743291597065,2.4050743291597065,1,L128,1,True,non_critical,
1,20260708,L001->L158,L001,L158,True,False,0.0,0.0,0.0,1.0000000000000024,"L001,L128,L155,L158",4,2.6694031240393,2.6694031240393,2,"L128,L155",2,True,non_critical,
1,20260708,L001->L159,L001,L159,True,True,36.82232008588366,36.82232008588366,0.0,1.0000000000000144,"L001,L018,L019,L030,L040,L044,L045,L046,L054,L056,L060,L102,L109,L110,L111,L112,L113,L115,L128,L134,L140,L143,L148,L149,L150,L153,L154,L155,L156,L157,L158,L159,L160,L169,L178,L179,L182",37,17.926016808769663,17.926016808769663,35,"L018,L019,L030,L040,L044,L045,L046,L054,L056,L060,L102,L109,L110,L111,L112,L113,L115,L128,L134,L140,L143,L148,L149,L150,L153,L154,L155,L156,L157,L158,L160,L169,L178,L179,L182",35,True,relay_cascade,
1,20260708,L001->L160,L001,L160,True,False,0.0,0.0,0.0,1.000000000000005,"L001,L128,L155,L160",4,6.829273238192574,6.829273238192574,2,"L128,L155",2,True,non_critical,
1,20260708,L001->L161,L001,L161,True,False,0.0,0.0,0.0,1.000000000000005,"L001,L128,L155,L161",4,17.97799309358565,17.97799309358565,2,"L128,L155",2,True,non_critical,
1,20260708,L001->L162,L001,L162,True,False,0.0,0.0,0.0,1.0000000000000022,"L001,L128,L155,L162",4,15.876792600408885,15.876792600408885,2,"L128,L155",2,True,non_critical,
1,20260708,L001->L163,L001,L163,True,False,0.0,0.0,0.0,1.0000000000000342,"L001,L163",2,1.1422497257385924,1.1422497257385924,0,,0,False,non_critical,
1,20260708,L001->L164,L001,L164,True,False,0.0,0.0,0.0,1.0000000000000036,"L001,L164",2,1.0000000000000389,1.0000000000000389,0,,0,False,non_critical,
1,20260708,L001->L165,L001,L165,True,False,0.0,0.0,0.0,1.0000000000000675,"L001,L165",2,1.0000000000000389,1.0000000000000389,0,,0,False,non_critical,
1,20260708,L001->L166,L001,L166,True,False,0.0,0.0,0.0,1.0000000000000073,"L001,L166",2,1.0000000000000389,1.0000000000000389,0,,0,False,non_critical,
1,20260708,L001->L167,L001,L167,True,False,0.0,0.0,0.0,1.0000000000000047,"L001,L167",2,1.0000000000000389,1.0000000000000389,0,,0,False,non_critical,
1,20260708,L001->L168,L001,L168,True,False,0.0,0.0,0.0,1.000000000000023,"L001,L168",2,1.0000000000000389,1.0000000000000389,0,,0,False,non_critical,
1,20260708,L001->L169,L001,L169,True,False,0.0,0.0,0.0,1.000000000000023,"L001,L169",2,1.0000000000000389,1.0000000000000389,0,,0,False,non_critical,
1,20260708,L001->L170,L001,L170,True,False,0.0,0.0,0.0,1.0000000000000044,"L001,L170",2,1.0921608332432886,1.0921608332432886,0,,0,False,non_critical,
1,20260708,L001->L171,L001,L171,True,False,0.0,0.0,0.0,1.000000000000023,"L001,L171",2,1.0000000000000389,1.0000000000000389,0,,0,False,non_critical,
1,20260708,L001->L172,L001,L172,True,False,0.0,0.0,0.0,1.0000000000000087,"L001,L169,L172",3,1.950437097493835,1.950437097493835,1,L169,1,True,non_critical,
1,20260708,L001->L173,L001,L173,True,False,0.0,0.0,0.0,1.000000000000023,"L001,L173",2,1.0000000000000389,1.0000000000000389,0,,0,False,non_critical,
1,20260708,L001->L174,L001,L174,True,True,45.955281716354875,45.955281716354875,0.0,1.0000000000000144,"L001,L018,L019,L030,L039,L044,L045,L046,L054,L056,L060,L102,L109,L110,L111,L112,L113,L115,L128,L134,L140,L143,L148,L149,L150,L153,L154,L155,L156,L157,L158,L159,L160,L169,L171,L173,L174,L175,L178,L179,L182",41,50.15776396537063,50.15776396537063,39,"L018,L019,L030,L039,L044,L045,L046,L054,L056,L060,L102,L109,L110,L111,L112,L113,L115,L128,L134,L140,L143,L148,L149,L150,L153,L154,L155,L156,L157,L158,L159,L160,L169,L171,L173,L175,L178,L179,L182",39,True,relay_cascade,
1,20260708,L001->L175,L001,L175,True,False,0.0,0.0,0.0,1.0000000000000342,"L001,L175",2,1.0000000000000389,1.0000000000000389,0,,0,False,non_critical,
1,20260708,L001->L176,L001,L176,True,True,36.82232008588366,36.82232008588366,0.0,1.0000000000000184,"L001,L018,L019,L030,L039,L044,L045,L046,L054,L056,L060,L065,L102,L104,L109,L110,L111,L112,L113,L115,L128,L134,L140,L143,L148,L149,L150,L153,L154,L155,L156,L157,L158,L160,L169,L176,L178,L179,L182",39,42.77648593810952,42.77648593810952,37,"L018,L019,L030,L039,L044,L045,L046,L054,L056,L060,L065,L102,L104,L109,L110,L111,L112,L113,L115,L128,L134,L140,L143,L148,L149,L150,L153,L154,L155,L156,L157,L158,L160,L169,L178,L179,L182",37,True,relay_cascade,
1,20260708,L001->L177,L001,L177,True,True,36.82232008588366,36.82232008588366,0.0,1.0000000000000004,"L001,L018,L019,L030,L040,L044,L045,L046,L054,L056,L060,L102,L104,L109,L110,L111,L112,L113,L115,L128,L134,L140,L143,L148,L149,L150,L153,L154,L155,L156,L157,L158,L159,L160,L169,L175,L177,L178,L179,L182",40,64.64713572491108,64.64713572491108,38,"L018,L019,L030,L040,L044,L045,L046,L054,L056,L060,L102,L104,L109,L110,L111,L112,L113,L115,L128,L134,L140,L143,L148,L149,L150,L153,L154,L155,L156,L157,L158,L159,L160,L169,L175,L178,L179,L182",38,True,relay_cascade,
1,20260708,L001->L178,L001,L178,True,False,0.0,0.0,0.0,1.0000000000000087,"L001,L178",2,1.0220568876966414,1.0220568876966414,0,,0,False,non_critical,
1,20260708,L001->L179,L001,L179,True,False,0.0,0.0,0.0,1.000000000000004,"L001,L179",2,1.0231197446169336,1.0231197446169336,0,,0,False,non_critical,
1,20260708,L001->L180,L001,L180,True,True,44.094508903887366,44.094508903887366,0.0,1.0000000000000004,"L001,L018,L019,L030,L044,L045,L046,L054,L056,L060,L102,L104,L109,L110,L111,L112,L113,L115,L128,L134,L140,L143,L148,L149,L150,L153,L154,L155,L156,L157,L158,L159,L160,L169,L178,L179,L180,L182",38,58.320137631348565,58.320137631348565,36,"L018,L019,L030,L044,L045,L046,L054,L056,L060,L102,L104,L109,L110,L111,L112,L113,L115,L128,L134,L140,L143,L148,L149,L150,L153,L154,L155,L156,L157,L158,L159,L160,L169,L178,L179,L182",36,True,relay_cascade,
1,20260708,L001->L181,L001,L181,True,True,64.86680500875443,64.86680500875443,0.0,1.0,"L001,L018,L019,L030,L044,L045,L046,L054,L056,L060,L102,L104,L109,L110,L111,L112,L113,L115,L128,L134,L140,L143,L148,L149,L150,L153,L154,L155,L156,L157,L158,L159,L160,L169,L178,L179,L180,L181,L182",39,57.64510322116967,57.64510322116967,37,"L018,L019,L030,L044,L045,L046,L054,L056,L060,L102,L104,L109,L110,L111,L112,L113,L115,L128,L134,L140,L143,L148,L149,L150,L153,L154,L155,L156,L157,L158,L159,L160,L169,L178,L179,L180,L182",37,True,relay_cascade,
1,20260708,L001->L182,L001,L182,True,False,0.0,0.0,0.0,1.000000000000023,"L001,L182",2,1.0005158523026298,1.0005158523026298,0,,0,False,non_critical,
1,20260708,L001->L183,L001,L183,True,True,81.35922639729833,81.35922639729833,0.0,1.0000000000000007,"L001,L018,L019,L030,L044,L045,L046,L056,L057,L060,L065,L095,L102,L104,L109,L110,L111,L113,L115,L128,L134,L140,L143,L149,L150,L153,L154,L155,L156,L157,L158,L159,L160,L169,L178,L179,L182,L183",38,54.40000893205834,54.40000893205834,36,"L018,L019,L030,L044,L045,L046,L056,L057,L060,L065,L095,L102,L104,L109,L110,L111,L113,L115,L128,L134,L140,L143,L149,L150,L153,L154,L155,L156,L157,L158,L159,L160,L169,L178,L179,L182",36,True,relay_cascade,
1,20260708,L001->L184,L001,L184,True,True,58.47078150222241,58.47078150222241,0.0,1.0000000000000029,"L001,L018,L019,L030,L039,L044,L045,L046,L054,L056,L060,L102,L104,L109,L110,L111,L112,L113,L115,L128,L134,L140,L143,L148,L149,L150,L153,L154,L155,L156,L157,L158,L159,L160,L169,L178,L179,L182,L184",39,57.87821493881198,57.87821493881198,37,"L018,L019,L030,L039,L044,L045,L046,L054,L056,L060,L102,L104,L109,L110,L111,L112,L113,L115,L128,L134,L140,L143,L148,L149,L150,L153,L154,L155,L156,L157,L158,L159,L160,L169,L178,L179,L182",37,True,relay_cascade,
1,20260708,L001->L185,L001,L185,True,True,71.939453378528,71.939453378528,0.0,1.0000000000000049,"L001,L018,L019,L030,L040,L044,L045,L046,L054,L056,L057,L060,L065,L102,L104,L109,L110,L111,L113,L115,L128,L134,L140,L143,L148,L149,L150,L153,L154,L155,L156,L157,L158,L159,L160,L169,L178,L179,L182,L185,L186",41,57.40809352387589,57.40809352387589,39,"L018,L019,L030,L040,L044,L045,L046,L054,L056,L057,L060,L065,L102,L104,L109,L110,L111,L113,L115,L128,L134,L140,L143,L148,L149,L150,L153,L154,L155,L156,L157,L158,L159,L160,L169,L178,L179,L182,L186",39,True,relay_cascade,
1,20260708,L001->L186,L001,L186,True,False,0.0,0.0,0.0,1.0000000000000022,"L001,L186",2,1.0010945354285934,1.0010945354285934,0,,0,False,non_critical,
1,20260708,L002->L001,L002,L001,True,False,0.0,0.0,0.0,1.0,"L001,L002,L018,L019,L030,L040,L044,L045,L046,L054,L056,L060,L102,L104,L109,L110,L111,L112,L113,L115,L128,L134,L140,L143,L148,L149,L150,L153,L154,L155,L156,L157,L158,L159,L160,L169,L178,L179,L182",39,0.934620762373359,0.934620762373359,0,,37,False,non_critical,
1,20260708,L002->L003,L002,L003,True,False,0.0,0.0,0.0,1.0000000000000007,"L001,L002,L003,L018,L019,L030,L040,L044,L045,L046,L054,L056,L060,L102,L104,L109,L110,L111,L112,L113,L115,L128,L134,L140,L143,L148,L149,L150,L153,L154,L155,L156,L157,L158,L159,L160,L169,L178,L179,L182",40,1.1227583225848192,1.1227583225848192,0,,38,False,non_critical,
1,20260708,L002->L004,L002,L004,True,True,38.8500870832418,38.8500870832418,0.0,1.0000000000000004,"L001,L002,L004,L014,L018,L019,L030,L040,L044,L045,L046,L054,L056,L060,L102,L104,L109,L110,L111,L112,L113,L115,L128,L134,L140,L143,L148,L149,L150,L153,L154,L155,L156,L157,L158,L159,L160,L169,L178,L179,L182",41,2.3049412697605716,2.3049412697605716,1,L014,39,True,relay_cascade,
1,20260708,L002->L005,L002,L005,True,False,0.0,0.0,0.0,1.000000000000001,"L001,L002,L005,L018,L019,L030,L040,L044,L045,L046,L054,L056,L060,L102,L104,L109,L110,L111,L112,L113,L115,L128,L134,L140,L143,L148,L149,L150,L153,L154,L155,L156,L157,L158,L159,L160,L169,L178,L179,L182",40,1.0049237969625888,1.0049237969625888,0,,38,False,non_critical,
1,20260708,L002->L006,L002,L006,True,False,0.0,0.0,0.0,1.0000000000000009,"L001,L002,L006,L018,L019,L030,L040,L044,L045,L046,L054,L056,L060,L102,L104,L109,L110,L111,L112,L113,L115,L128,L134,L140,L143,L148,L149,L150,L153,L154,L155,L156,L157,L158,L159,L160,L169,L178,L179,L182",40,0.934620762373359,0.934620762373359,0,,38,False,non_critical,
1,20260708,L002->L007,L002,L007,True,True,25.67010059251546,25.67010059251546,0.0,1.0000000000000007,"L001,L002,L007,L018,L019,L020,L022,L030,L040,L044,L045,L046,L054,L056,L060,L102,L104,L109,L110,L111,L112,L113,L115,L128,L134,L140,L143,L148,L149,L150,L153,L154,L155,L156,L157,L158,L159,L160,L169,L178,L179,L182",42,1.4814444508192282,1.4814444508192282,2,"L020,L022",40,True,relay_cascade,
1,20260708,L002->L008,L002,L008,True,True,76.10728461016495,76.10728461016495,0.0,1.0,"L001,L002,L008,L012,L014,L015,L018,L019,L020,L022,L030,L037,L040,L044,L045,L046,L054,L056,L060,L102,L104,L109,L110,L111,L112,L113,L115,L128,L134,L140,L143,L148,L149,L150,L153,L154,L155,L156,L157,L158,L159,L160,L169,L178,L179,L182",46,14.184286541222379,14.184286541222379,6,"L012,L014,L015,L020,L022,L037",44,True,relay_cascade,
1,20260708,L002->L009,L002,L009,True,True,25.67010059251546,25.67010059251546,0.0,1.0000000000000004,"L001,L002,L009,L018,L019,L020,L022,L030,L040,L044,L045,L046,L054,L056,L060,L102,L104,L109,L110,L111,L112,L113,L115,L128,L134,L140,L143,L148,L149,L150,L153,L154,L155,L156,L157,L158,L159,L160,L169,L178,L179,L182",42,1.4814444508192268,1.4814444508192268,2,"L020,L022",40,True,relay_cascade,
1,20260708,L002->L010,L002,L010,True,False,0.0,0.0,0.0,1.0000000000000004,"L001,L002,L010,L018,L019,L030,L040,L044,L045,L046,L054,L056,L060,L102,L104,L109,L110,L111,L112,L113,L115,L128,L134,L140,L143,L148,L149,L150,L153,L154,L155,L156,L157,L158,L159,L160,L169,L178,L179,L182",40,1.0969425997709066,1.0969425997709066,0,,38,False,non_critical,
1,20260708,L002->L011,L002,L011,True,False,0.0,0.0,0.0,1.0000000000000002,"L001,L002,L011,L018,L019,L030,L040,L044,L045,L046,L054,L056,L060,L102,L104,L109,L110,L111,L112,L113,L115,L128,L134,L140,L143,L148,L149,L150,L153,L154,L155,L156,L157,L158,L159,L160,L169,L178,L179,L182",40,1.1883319130878565,1.1883319130878565,0,,38,False,non_critical,
1,20260708,L002->L012,L002,L012,True,False,0.0,0.0,0.0,1.0000000000000007,"L001,L002,L012,L018,L019,L030,L040,L044,L045,L046,L054,L056,L060,L102,L104,L109,L110,L111,L112,L113,L115,L128,L134,L140,L143,L148,L149,L150,L153,L154,L155,L156,L157,L158,L159,L160,L169,L178,L179,L182",40,0.934620762373359,0.934620762373359,0,,38,False,non_critical,
1,20260708,L002->L013,L002,L013,True,True,20.67354040745169,20.67354040745169,0.0,1.0000000000000004,"L001,L002,L013,L018,L019,L030,L040,L044,L045,L046,L054,L056,L060,L102,L104,L109,L110,L111,L112,L113,L115,L128,L134,L140,L143,L148,L149,L150,L153,L154,L155,L156,L157,L158,L159,L160,L169,L178,L179,L182",40,0.934620762373359,0.934620762373359,0,,38,False,island_only,
1,20260708,L002->L014,L002,L014,True,False,0.0,0.0,0.0,1.0000000000000007,"L001,L002,L014,L018,L019,L030,L040,L044,L045,L046,L054,L056,L060,L102,L104,L109,L110,L111,L112,L113,L115,L128,L134,L140,L143,L148,L149,L150,L153,L154,L155,L156,L157,L158,L159,L160,L169,L178,L179,L182",40,0.934620762373359,0.934620762373359,0,,38,False,non_critical,
1,20260708,L002->L015,L002,L015,True,False,0.0,0.0,0.0,1.0000000000000004,"L001,L002,L015,L018,L019,L030,L040,L044,L045,L046,L054,L056,L060,L102,L104,L109,L110,L111,L112,L113,L115,L128,L134,L140,L143,L148,L149,L150,L153,L154,L155,L156,L157,L158,L159,L160,L169,L178,L179,L182",40,0.934620762373359,0.934620762373359,0,,38,False,non_critical,
1,20260708,L002->L016,L002,L016,True,True,31.514792047850804,31.514792047850804,0.0,1.0000000000000004,"L001,L002,L016,L018,L019,L030,L040,L044,L045,L046,L054,L056,L060,L102,L104,L109,L110,L111,L112,L113,L115,L128,L134,L140,L143,L148,L149,L150,L153,L154,L155,L156,L157,L158,L159,L160,L169,L178,L179,L182",40,0.934620762373359,0.934620762373359,0,,38,False,island_only,
1,20260708,L002->L017,L002,L017,True,True,14.684099265673353,14.684099265673353,0.0,1.0,"L001,L002,L017,L018,L019,L030,L040,L044,L045,L046,L054,L056,L060,L102,L104,L109,L110,L111,L112,L113,L115,L128,L134,L140,L143,L148,L149,L150,L153,L154,L155,L156,L157,L158,L159,L160,L169,L178,L179,L182",40,0.934620762373359,0.934620762373359,0,,38,False,island_only,
1,20260708,L002->L018,L002,L018,True,False,0.0,0.0,0.0,1.0,"L001,L002,L018,L019,L030,L040,L044,L045,L046,L054,L056,L060,L102,L104,L109,L110,L111,L112,L113,L115,L128,L134,L140,L143,L148,L149,L150,L153,L154,L155,L156,L157,L158,L159,L160,L169,L178,L179,L182",39,0.934620762373359,0.934620762373359,0,,37,False,non_critical,
1,20260708,L002->L019,L002,L019,True,False,0.0,0.0,0.0,1.0,"L001,L002,L018,L019,L030,L040,L044,L045,L046,L054,L056,L060,L102,L104,L109,L110,L111,L112,L113,L115,L128,L134,L140,L143,L148,L149,L150,L153,L154,L155,L156,L157,L158,L159,L160,L169,L178,L179,L182",39,0.934620762373359,0.934620762373359,0,,37,False,non_critical,
1,20260708,L002->L020,L002,L020,True,False,0.0,0.0,0.0,1.0000000000000004,"L001,L002,L018,L019,L020,L030,L040,L044,L045,L046,L054,L056,L060,L102,L104,L109,L110,L111,L112,L113,L115,L128,L134,L140,L143,L148,L149,L150,L153,L154,L155,L156,L157,L158,L159,L160,L169,L178,L179,L182",40,0.934620762373359,0.934620762373359,0,,38,False,non_critical,
1,20260708,L002->L021,L002,L021,True,False,0.0,0.0,0.0,1.0,"L001,L002,L018,L019,L021,L024,L026,L030,L040,L044,L045,L046,L054,L056,L060,L102,L104,L109,L110,L111,L112,L113,L115,L128,L134,L140,L143,L148,L149,L150,L153,L154,L155,L156,L157,L158,L159,L160,L169,L178,L179,L182",42,1.6570828978372005,1.6570828978372005,2,"L024,L026",40,True,non_critical,
1,20260708,L002->L022,L002,L022,True,True,25.67010059251546,25.67010059251546,0.0,1.0000000000000002,"L001,L002,L018,L019,L020,L022,L030,L040,L044,L045,L046,L054,L056,L060,L102,L104,L109,L110,L111,L112,L113,L115,L128,L134,L140,L143,L148,L149,L150,L153,L154,L155,L156,L157,L158,L159,L160,L169,L178,L179,L182",41,1.726989005418261,1.726989005418261,1,L020,39,True,relay_cascade,
1,20260708,L002->L023,L002,L023,True,False,0.0,0.0,0.0,1.0000000000000009,"L001,L002,L018,L019,L023,L030,L040,L044,L045,L046,L054,L056,L060,L102,L104,L109,L110,L111,L112,L113,L115,L128,L134,L140,L143,L148,L149,L150,L153,L154,L155,L156,L157,L158,L159,L160,L169,L178,L179,L182",40,1.1680551422693437,1.1680551422693437,0,,38,False,non_critical,
1,20260708,L002->L024,L002,L024,True,False,0.0,0.0,0.0,1.0000000000000007,"L001,L002,L018,L019,L024,L030,L040,L044,L045,L046,L054,L056,L060,L102,L104,L109,L110,L111,L112,L113,L115,L128,L134,L140,L143,L148,L149,L150,L153,L154,L155,L156,L157,L158,L159,L160,L169,L178,L179,L182",40,0.934620762373359,0.934620762373359,0,,38,False,non_critical,
1,20260708,L002->L025,L002,L025,True,False,0.0,0.0,0.0,1.0,"L001,L002,L018,L019,L025,L030,L040,L044,L045,L046,L054,L056,L060,L102,L104,L109,L110,L111,L112,L113,L115,L128,L134,L140,L143,L148,L149,L150,L153,L154,L155,L156,L157,L158,L159,L160,L169,L178,L179,L182",40,0.934620762373359,0.934620762373359,0,,38,False,non_critical,
1,20260708,L002->L026,L002,L026,True,False,0.0,0.0,0.0,1.0000000000000007,"L001,L002,L018,L019,L026,L030,L040,L044,L045,L046,L054,L056,L060,L102,L104,L109,L110,L111,L112,L113,L115,L128,L134,L140,L143,L148,L149,L150,L153,L154,L155,L156,L157,L158,L159,L160,L169,L178,L179,L182",40,0.934620762373359,0.934620762373359,0,,38,False,non_critical,
1,20260708,L002->L027,L002,L027,True,False,0.0,0.0,0.0,1.0,"L001,L002,L018,L019,L027,L030,L040,L044,L045,L046,L054,L056,L060,L102,L104,L109,L110,L111,L112,L113,L115,L128,L134,L140,L143,L148,L149,L150,L153,L154,L155,L156,L157,L158,L159,L160,L169,L178,L179,L182",40,0.934620762373359,0.934620762373359,0,,38,False,non_critical,
1,20260708,L002->L028,L002,L028,True,True,32.235359849353586,32.235359849353586,0.0,1.0000000000000004,"L001,L002,L018,L019,L025,L028,L030,L040,L044,L045,L046,L054,L056,L060,L102,L104,L109,L110,L111,L112,L113,L115,L128,L134,L140,L143,L148,L149,L150,L153,L154,L155,L156,L157,L158,L159,L160,L169,L178,L179,L182",41,1.5593211065130153,1.5593211065130153,1,L025,39,True,relay_cascade,
1,20260708,L002->L029,L002,L029,True,True,42.3080770354206,42.3080770354206,0.0,1.0000000000000004,"L001,L002,L018,L019,L025,L029,L030,L040,L044,L045,L046,L054,L056,L060,L102,L104,L109,L110,L111,L112,L113,L115,L128,L134,L140,L143,L148,L149,L150,L153,L154,L155,L156,L157,L158,L159,L160,L169,L178,L179,L182",41,2.046568668866059,2.046568668866059,1,L025,39,True,relay_cascade,
1,20260708,L002->L030,L002,L030,True,False,0.0,0.0,0.0,1.0,"L001,L002,L018,L019,L030,L040,L044,L045,L046,L054,L056,L060,L102,L104,L109,L110,L111,L112,L113,L115,L128,L134,L140,L143,L148,L149,L150,L153,L154,L155,L156,L157,L158,L159,L160,L169,L178,L179,L182",39,0.934620762373359,0.934620762373359,0,,37,False,non_critical,
1,20260708,L002->L031,L002,L031,True,False,0.0,0.0,0.0,1.0000000000000004,"L001,L002,L018,L019,L025,L030,L031,L039,L040,L043,L044,L045,L046,L054,L056,L060,L102,L104,L109,L110,L111,L112,L113,L115,L128,L134,L140,L143,L148,L149,L150,L153,L154,L155,L156,L157,L158,L159,L160,L169,L178,L179,L182",43,1.61622934398096,1.61622934398096,3,"L025,L039,L043",41,True,non_critical,
1,20260708,L002->L032,L002,L032,True,False,0.0,0.0,0.0,1.0000000000000004,"L001,L002,L018,L019,L025,L030,L032,L039,L040,L044,L045,L046,L054,L056,L060,L102,L104,L109,L110,L111,L112,L113,L115,L128,L134,L140,L143,L148,L149,L150,L153,L154,L155,L156,L157,L158,L159,L160,L169,L178,L179,L182",42,1.8636177314929057,1.8636177314929057,2,"L025,L039",40,True,non_critical,
1,20260708,L002->L033,L002,L033,True,True,28.68631435022934,28.68631435022934,0.0,1.0000000000000004,"L001,L002,L018,L019,L030,L033,L040,L043,L044,L045,L046,L054,L056,L060,L102,L104,L109,L110,L111,L112,L113,L115,L128,L134,L140,L143,L148,L149,L150,L153,L154,L155,L156,L157,L158,L159,L160,L169,L178,L179,L182",41,3.0785789260578698,3.0785789260578698,1,L043,39,True,relay_cascade,
1,20260708,L002->L034,L002,L034,True,True,41.04569367595296,41.04569367595296,0.0,1.0,"L001,L002,L018,L019,L030,L034,L040,L044,L045,L046,L054,L056,L060,L102,L104,L109,L110,L111,L112,L113,L115,L128,L134,L140,L143,L148,L149,L150,L153,L154,L155,L156,L157,L158,L159,L160,L169,L178,L179,L182",40,0.934620762373359,0.934620762373359,0,,38,False,island_only,
1,20260708,L002->L035,L002,L035,True,True,23.91687820767109,23.91687820767109,0.0,1.0000000000000007,"L001,L002,L018,L019,L030,L035,L040,L044,L045,L046,L054,L056,L060,L102,L104,L109,L110,L111,L112,L113,L115,L128,L134,L140,L143,L148,L149,L150,L153,L154,L155,L156,L157,L158,L159,L160,L169,L178,L179,L182",40,0.934620762373359,0.934620762373359,0,,38,False,island_only,
1,20260708,L002->L036,L002,L036,True,True,42.3080770354206,42.3080770354206,0.0,1.0000000000000004,"L001,L002,L015,L018,L019,L020,L025,L026,L027,L028,L029,L030,L036,L039,L040,L044,L045,L046,L054,L056,L060,L102,L104,L109,L110,L111,L112,L113,L115,L128,L134,L140,L143,L148,L149,L150,L153,L154,L155,L156,L157,L158,L159,L160,L169,L178,L179,L182",48,5.233079592203754,5.233079592203754,8,"L015,L020,L025,L026,L027,L028,L029,L039",46,True,relay_cascade,
1,20260708,L002->L037,L002,L037,True,False,0.0,0.0,0.0,1.0000000000000004,"L001,L002,L018,L019,L030,L037,L040,L044,L045,L046,L054,L056,L060,L102,L104,L109,L110,L111,L112,L113,L115,L128,L134,L140,L143,L148,L149,L150,L153,L154,L155,L156,L157,L158,L159,L160,L169,L178,L179,L182",40,0.934620762373359,0.934620762373359,0,,38,False,non_critical,
1,20260708,L002->L038,L002,L038,True,False,0.0,0.0,0.0,1.0000000000000004,"L001,L002,L018,L019,L025,L030,L038,L039,L040,L044,L045,L046,L054,L056,L060,L102,L104,L109,L110,L111,L112,L113,L115,L128,L134,L140,L143,L148,L149,L150,L153,L154,L155,L156,L157,L158,L159,L160,L169,L178,L179,L182",42,2.301989340386707,2.301989340386707,2,"L025,L039",40,True,non_critical,
1,20260708,L002->L039,L002,L039,True,False,0.0,0.0,0.0,1.0000000000000002,"L001,L002,L018,L019,L030,L039,L040,L044,L045,L046,L054,L056,L060,L102,L104,L109,L110,L111,L112,L113,L115,L128,L134,L140,L143,L148,L149,L150,L153,L154,L155,L156,L157,L158,L159,L160,L169,L178,L179,L182",40,0.934620762373359,0.934620762373359,0,,38,False,non_critical,
1,20260708,L002->L040,L002,L040,True,False,0.0,0.0,0.0,1.0,"L001,L002,L018,L019,L030,L040,L044,L045,L046,L054,L056,L060,L102,L104,L109,L110,L111,L112,L113,L115,L128,L134,L140,L143,L148,L149,L150,L153,L154,L155,L156,L157,L158,L159,L160,L169,L178,L179,L182",39,0.934620762373359,0.934620762373359,0,,37,False,non_critical,
1,20260708,L002->L041,L002,L041,True,False,0.0,0.0,0.0,1.0000000000000007,"L001,L002,L018,L019,L030,L040,L041,L044,L045,L046,L054,L056,L060,L102,L104,L109,L110,L111,L112,L113,L115,L128,L134,L140,L143,L148,L149,L150,L153,L154,L155,L156,L157,L158,L159,L160,L169,L178,L179,L182",40,0.934620762373359,0.934620762373359,0,,38,False,non_critical,
1,20260708,L002->L042,L002,L042,True,False,0.0,0.0,0.0,1.0000000000000004,"L001,L002,L018,L019,L030,L040,L042,L044,L045,L046,L054,L056,L060,L102,L104,L109,L110,L111,L112,L113,L115,L128,L134,L140,L143,L148,L149,L150,L153,L154,L155,L156,L157,L158,L159,L160,L169,L178,L179,L182",40,0.934620762373359,0.934620762373359,0,,38,False,non_critical,
1,20260708,L002->L043,L002,L043,True,False,0.0,0.0,0.0,1.0000000000000004,"L001,L002,L018,L019,L030,L040,L043,L044,L045,L046,L054,L056,L060,L102,L104,L109,L110,L111,L112,L113,L115,L128,L134,L140,L143,L148,L149,L150,L153,L154,L155,L156,L157,L158,L159,L160,L169,L178,L179,L182",40,0.934620762373359,0.934620762373359,0,,38,False,non_critical,
1,20260708,L002->L044,L002,L044,True,False,0.0,0.0,0.0,1.0,"L001,L002,L018,L019,L030,L040,L044,L045,L046,L054,L056,L060,L102,L104,L109,L110,L111,L112,L113,L115,L128,L134,L140,L143,L148,L149,L150,L153,L154,L155,L156,L157,L158,L159,L160,L169,L178,L179,L182",39,0.934620762373359,0.934620762373359,0,,37,False,non_critical,
1,20260708,L002->L045,L002,L045,True,False,0.0,0.0,0.0,1.0,"L001,L002,L018,L019,L030,L040,L044,L045,L046,L054,L056,L060,L102,L104,L109,L110,L111,L112,L113,L115,L128,L134,L140,L143,L148,L149,L150,L153,L154,L155,L156,L157,L158,L159,L160,L169,L178,L179,L182",39,0.934620762373359,0.934620762373359,0,,37,False,non_critical,
1,20260708,L002->L046,L002,L046,True,False,0.0,0.0,0.0,1.0,"L001,L002,L018,L019,L030,L040,L044,L045,L046,L054,L056,L060,L102,L104,L109,L110,L111,L112,L113,L115,L128,L134,L140,L143,L148,L149,L150,L153,L154,L155,L156,L157,L158,L159,L160,L169,L178,L179,L182",39,0.934620762373359,0.934620762373359,0,,37,False,non_critical,
1,20260708,L002->L047,L002,L047,True,True,31.300605334860514,31.300605334860514,0.0,1.0000000000000024,"L001,L002,L018,L019,L030,L040,L044,L045,L046,L047,L054,L056,L060,L102,L104,L109,L110,L111,L112,L113,L115,L128,L134,L140,L143,L148,L149,L150,L153,L154,L155,L156,L157,L158,L159,L160,L169,L178,L179,L182",40,1.0416727028366781,1.0416727028366781,0,,38,False,island_only,
1,20260708,L002->L048,L002,L048,True,True,22.50545676159403,22.50545676159403,0.0,1.0000000000000004,"L001,L002,L018,L019,L030,L040,L044,L045,L046,L048,L054,L056,L060,L102,L104,L109,L110,L111,L112,L113,L115,L128,L134,L140,L143,L148,L149,L150,L153,L154,L155,L156,L157,L158,L159,L160,L169,L178,L179,L182",40,0.934620762373359,0.934620762373359,0,,38,False,island_only,
1,20260708,L002->L049,L002,L049,True,False,0.0,0.0,0.0,1.0000000000000413,"L001,L002,L018,L019,L030,L040,L044,L045,L046,L049,L054,L056,L060,L102,L104,L109,L110,L111,L112,L113,L115,L128,L134,L140,L143,L148,L149,L150,L153,L154,L155,L156,L157,L158,L159,L160,L169,L178,L179,L182",40,0.934620762373359,0.934620762373359,0,,38,False,non_critical,
1,20260708,L002->L050,L002,L050,True,False,0.0,0.0,0.0,1.0000000000000004,"L001,L002,L018,L019,L030,L040,L044,L045,L046,L050,L054,L056,L060,L102,L104,L109,L110,L111,L112,L113,L115,L128,L134,L140,L143,L148,L149,L150,L153,L154,L155,L156,L157,L158,L159,L160,L169,L178,L179,L182",40,0.934620762373359,0.934620762373359,0,,38,False,non_critical,
1,20260708,L002->L051,L002,L051,True,False,0.0,0.0,0.0,1.0000000000000002,"L001,L002,L018,L019,L030,L040,L044,L045,L046,L051,L054,L056,L057,L060,L102,L104,L109,L110,L111,L112,L113,L115,L128,L134,L140,L143,L148,L149,L150,L153,L154,L155,L156,L157,L158,L159,L160,L169,L178,L179,L182",41,4.405845238475228,4.405845238475228,1,L057,39,True,non_critical,
1,20260708,L002->L052,L002,L052,True,False,0.0,0.0,0.0,1.0000000000000275,"L001,L002,L018,L019,L030,L040,L044,L045,L046,L052,L054,L056,L060,L102,L104,L109,L110,L111,L112,L113,L115,L128,L134,L140,L143,L148,L149,L150,L153,L154,L155,L156,L157,L158,L159,L160,L169,L178,L179,L182",40,0.934620762373359,0.934620762373359,0,,38,False,non_critical,
1,20260708,L002->L053,L002,L053,True,False,0.0,0.0,0.0,1.0000000000000024,"L001,L002,L018,L019,L030,L040,L044,L045,L046,L053,L054,L056,L060,L102,L104,L109,L110,L111,L112,L113,L115,L128,L134,L140,L143,L148,L149,L150,L153,L154,L155,L156,L157,L158,L159,L160,L169,L178,L179,L182",40,0.934620762373359,0.934620762373359,0,,38,False,non_critical,
1,20260708,L002->L054,L002,L054,True,False,0.0,0.0,0.0,1.0,"L001,L002,L018,L019,L030,L040,L044,L045,L046,L054,L056,L060,L102,L104,L109,L110,L111,L112,L113,L115,L128,L134,L140,L143,L148,L149,L150,L153,L154,L155,L156,L157,L158,L159,L160,L169,L178,L179,L182",39,0.934620762373359,0.934620762373359,0,,37,False,non_critical,
1,20260708,L002->L055,L002,L055,True,False,0.0,0.0,0.0,1.0,"L001,L002,L018,L019,L030,L040,L044,L045,L046,L054,L055,L056,L060,L102,L104,L109,L110,L111,L112,L113,L115,L128,L134,L140,L143,L148,L149,L150,L153,L154,L155,L156,L157,L158,L159,L160,L169,L178,L179,L182",40,0.934620762373359,0.934620762373359,0,,38,False,non_critical,
1,20260708,L002->L056,L002,L056,True,False,0.0,0.0,0.0,1.0,"L001,L002,L018,L019,L030,L040,L044,L045,L046,L054,L056,L060,L102,L104,L109,L110,L111,L112,L113,L115,L128,L134,L140,L143,L148,L149,L150,L153,L154,L155,L156,L157,L158,L159,L160,L169,L178,L179,L182",39,0.934620762373359,0.934620762373359,0,,37,False,non_critical,
1,20260708,L002->L057,L002,L057,True,False,0.0,0.0,0.0,1.0000000000000735,"L001,L002,L018,L019,L030,L040,L044,L045,L046,L054,L056,L057,L060,L102,L104,L109,L110,L111,L112,L113,L115,L128,L134,L140,L143,L148,L149,L150,L153,L154,L155,L156,L157,L158,L159,L160,L169,L178,L179,L182",40,0.934620762373359,0.934620762373359,0,,38,False,non_critical,
1,20260708,L002->L058,L002,L058,True,True,36.767162588215044,36.767162588215044,0.0,1.000000000000002,"L001,L002,L018,L019,L030,L040,L044,L045,L046,L054,L056,L058,L060,L102,L104,L109,L110,L111,L112,L113,L115,L128,L134,L140,L143,L148,L149,L150,L153,L154,L155,L156,L157,L158,L159,L160,L169,L178,L179,L182",40,0.817798917647425,0.817798917647425,0,,38,False,island_only,
1,20260708,L002->L059,L002,L059,True,True,18.346497960874867,18.346497960874867,0.0,1.0000000000000024,"L001,L002,L018,L019,L030,L040,L044,L045,L046,L054,L056,L059,L060,L102,L104,L109,L110,L111,L112,L113,L115,L128,L134,L140,L143,L148,L149,L150,L153,L154,L155,L156,L157,L158,L159,L160,L169,L178,L179,L182",40,0.934620762373359,0.934620762373359,0,,38,False,island_only,
1,20260708,L002->L060,L002,L060,True,False,0.0,0.0,0.0,1.0,"L001,L002,L018,L019,L030,L040,L044,L045,L046,L054,L056,L060,L102,L104,L109,L110,L111,L112,L113,L115,L128,L134,L140,L143,L148,L149,L150,L153,L154,L155,L156,L157,L158,L159,L160,L169,L178,L179,L182",39,0.934620762373359,0.934620762373359,0,,37,False,non_critical,
1,20260708,L002->L061,L002,L061,True,True,33.88157185629734,33.88157185629734,0.0,1.0000000000000024,"L001,L002,L018,L019,L030,L040,L044,L045,L046,L054,L056,L060,L061,L102,L104,L109,L110,L111,L112,L113,L115,L128,L134,L140,L143,L148,L149,L150,L153,L154,L155,L156,L157,L158,L159,L160,L169,L178,L179,L182",40,0.934620762373359,0.934620762373359,0,,38,False,island_only,
1,20260708,L002->L062,L002,L062,True,False,0.0,0.0,0.0,1.0000000000000184,"L001,L002,L018,L019,L030,L040,L044,L045,L046,L054,L056,L060,L062,L064,L065,L102,L104,L109,L110,L111,L112,L113,L115,L128,L134,L140,L143,L148,L149,L150,L153,L154,L155,L156,L157,L158,L159,L160,L169,L178,L179,L182",42,2.2760144202075656,2.2760144202075656,2,"L064,L065",40,True,non_critical,
1,20260708,L002->L063,L002,L063,True,False,0.0,0.0,0.0,1.0000000000000004,"L001,L002,L018,L019,L030,L040,L044,L045,L046,L054,L056,L060,L063,L065,L102,L104,L109,L110,L111,L112,L113,L115,L128,L134,L140,L143,L148,L149,L150,L153,L154,L155,L156,L157,L158,L159,L160,L169,L178,L179,L182",41,1.6864914463353688,1.6864914463353688,1,L065,39,True,non_critical,
1,20260708,L002->L064,L002,L064,True,False,0.0,0.0,0.0,1.0000000000000002,"L001,L002,L018,L019,L030,L040,L044,L045,L046,L054,L056,L060,L064,L102,L104,L109,L110,L111,L112,L113,L115,L128,L134,L140,L143,L148,L149,L150,L153,L154,L155,L156,L157,L158,L159,L160,L169,L178,L179,L182",40,0.934620762373359,0.934620762373359,0,,38,False,non_critical,
1,20260708,L002->L065,L002,L065,True,False,0.0,0.0,0.0,1.0000000000000184,"L001,L002,L018,L019,L030,L040,L044,L045,L046,L054,L056,L060,L065,L102,L104,L109,L110,L111,L112,L113,L115,L128,L134,L140,L143,L148,L149,L150,L153,L154,L155,L156,L157,L158,L159,L160,L169,L178,L179,L182",40,0.934620762373359,0.934620762373359,0,,38,False,non_critical,
1,20260708,L002->L066,L002,L066,True,False,0.0,0.0,0.0,1.0000000000000049,"L001,L002,L018,L019,L030,L040,L044,L045,L046,L054,L056,L057,L060,L066,L102,L104,L109,L110,L111,L112,L113,L115,L128,L134,L140,L143,L148,L149,L150,L153,L154,L155,L156,L157,L158,L159,L160,L169,L178,L179,L182",41,1.2217370249000383,1.2217370249000383,1,L057,39,True,non_critical,
1,20260708,L002->L067,L002,L067,True,False,0.0,0.0,0.0,1.0000000000000049,"L001,L002,L018,L019,L030,L040,L044,L045,L046,L054,L056,L057,L060,L067,L102,L104,L109,L110,L111,L112,L113,L115,L128,L134,L140,L143,L148,L149,L150,L153,L154,L155,L156,L157,L158,L159,L160,L169,L178,L179,L182",41,1.2217370249000383,1.2217370249000383,1,L057,39,True,non_critical,
1,20260708,L002->L068,L002,L068,True,True,82.31518105810146,82.31518105810146,0.0,1.000000000000046,"L001,L002,L018,L019,L030,L040,L044,L045,L046,L054,L056,L060,L062,L065,L068,L102,L104,L109,L110,L111,L112,L113,L115,L128,L134,L140,L143,L148,L149,L150,L153,L154,L155,L156,L157,L158,L159,L160,L169,L178,L179,L182",42,1.2690973555364564,1.2690973555364564,2,"L062,L065",40,True,relay_cascade,
1,20260708,L002->L069,L002,L069,True,False,0.0,0.0,0.0,1.0000000000000024,"L001,L002,L018,L019,L030,L040,L044,L045,L046,L054,L056,L060,L069,L102,L104,L109,L110,L111,L112,L113,L115,L128,L134,L140,L143,L148,L149,L150,L153,L154,L155,L156,L157,L158,L159,L160,L169,L178,L179,L182",40,0.934620762373359,0.934620762373359,0,,38,False,non_critical,
1,20260708,L002->L070,L002,L070,True,False,0.0,0.0,0.0,1.0000000000000049,"L001,L002,L018,L019,L030,L040,L044,L045,L046,L054,L056,L060,L070,L102,L104,L109,L110,L111,L112,L113,L115,L128,L134,L140,L143,L148,L149,L150,L153,L154,L155,L156,L157,L158,L159,L160,L169,L178,L179,L182",40,1.0013675557409403,1.0013675557409403,0,,38,False,non_critical,
1,20260708,L002->L071,L002,L071,True,True,70.56694602954055,70.56694602954055,0.0,1.0000000000000002,"L001,L002,L018,L019,L030,L040,L044,L045,L046,L054,L056,L060,L071,L074,L082,L102,L104,L109,L110,L111,L112,L113,L115,L128,L134,L140,L143,L148,L149,L150,L153,L154,L155,L156,L157,L158,L159,L160,L169,L178,L179,L182",42,2.835436866163336,2.835436866163336,2,"L074,L082",40,True,relay_cascade,
1,20260708,L002->L072,L002,L072,True,True,42.88779933795389,42.88779933795389,0.0,1.0,"L001,L002,L018,L019,L030,L040,L044,L045,L046,L054,L056,L060,L072,L074,L102,L104,L109,L110,L111,L112,L113,L115,L128,L134,L140,L143,L148,L149,L150,L153,L154,L155,L156,L157,L158,L159,L160,L169,L178,L179,L182",41,1.6230697917363572,1.6230697917363572,1,L074,39,True,relay_cascade,
1,20260708,L002->L073,L002,L073,True,False,0.0,0.0,0.0,1.0000000000000275,"L001,L002,L018,L019,L030,L040,L044,L045,L046,L054,L056,L060,L073,L102,L104,L109,L110,L111,L112,L113,L115,L128,L134,L140,L143,L148,L149,L150,L153,L154,L155,L156,L157,L158,L159,L160,L169,L178,L179,L182",40,0.9346207623733592,0.9346207623733592,0,,38,False,non_critical,
1,20260708,L002->L074,L002,L074,True,True,2.8616119104909106,0.0,2.8616119104909106,1.0000000000000369,"L001,L002,L018,L019,L030,L040,L044,L045,L046,L054,L056,L060,L074,L102,L104,L109,L110,L111,L112,L113,L115,L128,L134,L140,L143,L148,L149,L150,L153,L154,L155,L156,L157,L158,L159,L160,L169,L178,L179,L182",40,1.1382377477356538,1.1382377477356538,0,,38,False,island_only,
1,20260708,L002->L075,L002,L075,True,False,0.0,0.0,0.0,1.0000000000000024,"L001,L002,L018,L019,L030,L040,L044,L045,L046,L054,L056,L060,L075,L102,L104,L109,L110,L111,L112,L113,L115,L128,L134,L140,L143,L148,L149,L150,L153,L154,L155,L156,L157,L158,L159,L160,L169,L178,L179,L182",40,0.934620762373359,0.934620762373359,0,,38,False,non_critical,
1,20260708,L002->L076,L002,L076,True,False,0.0,0.0,0.0,1.0000000000000024,"L001,L002,L018,L019,L030,L040,L044,L045,L046,L054,L056,L060,L076,L102,L104,L109,L110,L111,L112,L113,L115,L128,L134,L140,L143,L148,L149,L150,L153,L154,L155,L156,L157,L158,L159,L160,L169,L178,L179,L182",40,0.934620762373359,0.934620762373359,0,,38,False,non_critical,
1,20260708,L002->L077,L002,L077,True,False,0.0,0.0,0.0,1.000000000000002,"L001,L002,L018,L019,L030,L040,L044,L045,L046,L054,L056,L060,L077,L102,L104,L109,L110,L111,L112,L113,L115,L128,L134,L140,L143,L148,L149,L150,L153,L154,L155,L156,L157,L158,L159,L160,L169,L178,L179,L182",40,0.9346207623733592,0.9346207623733592,0,,38,False,non_critical,
1,20260708,L002->L078,L002,L078,True,False,0.0,0.0,0.0,1.0000000000000007,"L001,L002,L018,L019,L030,L040,L044,L045,L046,L054,L056,L060,L078,L102,L104,L109,L110,L111,L112,L113,L115,L128,L134,L140,L143,L148,L149,L150,L153,L154,L155,L156,L157,L158,L159,L160,L169,L178,L179,L182",40,0.9346207623733592,0.9346207623733592,0,,38,False,non_critical,
1,20260708,L002->L079,L002,L079,True,False,0.0,0.0,0.0,1.0000000000000049,"L001,L002,L018,L019,L030,L040,L044,L045,L046,L054,L056,L060,L079,L102,L104,L109,L110,L111,L112,L113,L115,L128,L134,L140,L143,L148,L149,L150,L153,L154,L155,L156,L157,L158,L159,L160,L169,L178,L179,L182",40,0.934620762373359,0.934620762373359,0,,38,False,non_critical,
1,20260708,L002->L080,L002,L080,True,False,0.0,0.0,0.0,1.0000000000000049,"L001,L002,L018,L019,L030,L040,L044,L045,L046,L054,L056,L060,L080,L102,L104,L109,L110,L111,L112,L113,L115,L128,L134,L140,L143,L148,L149,L150,L153,L154,L155,L156,L157,L158,L159,L160,L169,L178,L179,L182",40,0.9346207623733592,0.9346207623733592,0,,38,False,non_critical,
1,20260708,L002->L081,L002,L081,True,False,0.0,0.0,0.0,1.0,"L001,L002,L018,L019,L030,L040,L044,L045,L046,L054,L056,L060,L081,L102,L104,L109,L110,L111,L112,L113,L115,L128,L134,L140,L143,L148,L149,L150,L153,L154,L155,L156,L157,L158,L159,L160,L169,L178,L179,L182",40,0.934620762373359,0.934620762373359,0,,38,False,non_critical,
1,20260708,L002->L082,L002,L082,True,False,0.0,0.0,0.0,1.0,"L001,L002,L018,L019,L030,L040,L044,L045,L046,L054,L056,L060,L082,L102,L104,L109,L110,L111,L112,L113,L115,L128,L134,L140,L143,L148,L149,L150,L153,L154,L155,L156,L157,L158,L159,L160,L169,L178,L179,L182",40,0.934620762373359,0.934620762373359,0,,38,False,non_critical,
1,20260708,L002->L083,L002,L083,True,False,0.0,0.0,0.0,1.0000000000000036,"L001,L002,L018,L019,L030,L040,L044,L045,L046,L054,L056,L060,L083,L102,L104,L109,L110,L111,L112,L113,L115,L128,L134,L140,L143,L148,L149,L150,L153,L154,L155,L156,L157,L158,L159,L160,L169,L178,L179,L182",40,0.934620762373359,0.934620762373359,0,,38,False,non_critical,
1,20260708,L002->L084,L002,L084,True,False,0.0,0.0,0.0,1.0000000000000129,"L001,L002,L018,L019,L030,L040,L044,L045,L046,L054,L056,L060,L084,L102,L104,L109,L110,L111,L112,L113,L115,L128,L134,L140,L143,L148,L149,L150,L153,L154,L155,L156,L157,L158,L159,L160,L169,L178,L179,L182",40,0.9346207623733592,0.9346207623733592,0,,38,False,non_critical,
1,20260708,L002->L085,L002,L085,True,False,0.0,0.0,0.0,1.0000000000000369,"L001,L002,L018,L019,L030,L040,L044,L045,L046,L054,L056,L060,L085,L102,L104,L109,L110,L111,L112,L113,L115,L128,L134,L140,L143,L148,L149,L150,L153,L154,L155,L156,L157,L158,L159,L160,L169,L178,L179,L182",40,0.934620762373359,0.934620762373359,0,,38,False,non_critical,
1,20260708,L002->L086,L002,L086,True,False,0.0,0.0,0.0,1.0000000000000369,"L001,L002,L018,L019,L030,L040,L044,L045,L046,L054,L056,L060,L086,L102,L104,L109,L110,L111,L112,L113,L115,L128,L134,L140,L143,L148,L149,L150,L153,L154,L155,L156,L157,L158,L159,L160,L169,L178,L179,L182",40,0.934620762373359,0.934620762373359,0,,38,False,non_critical,
1,20260708,L002->L087,L002,L087,True,False,0.0,0.0,0.0,1.0000000000000007,"L001,L002,L018,L019,L030,L040,L044,L045,L046,L054,L056,L060,L087,L102,L104,L109,L110,L111,L112,L113,L115,L128,L134,L140,L143,L148,L149,L150,L153,L154,L155,L156,L157,L158,L159,L160,L169,L178,L179,L182",40,0.934620762373359,0.934620762373359,0,,38,False,non_critical,
1,20260708,L002->L088,L002,L088,True,False,0.0,0.0,0.0,1.0000000000000229,"L001,L002,L018,L019,L030,L040,L044,L045,L046,L054,L056,L060,L088,L102,L104,L109,L110,L111,L112,L113,L115,L128,L134,L140,L143,L148,L149,L150,L153,L154,L155,L156,L157,L158,L159,L160,L169,L178,L179,L182",40,0.934620762373359,0.934620762373359,0,,38,False,non_critical,
1,20260708,L002->L089,L002,L089,True,False,0.0,0.0,0.0,1.000000000000009,"L001,L002,L018,L019,L030,L040,L044,L045,L046,L054,L056,L060,L089,L102,L104,L109,L110,L111,L112,L113,L115,L128,L134,L140,L143,L148,L149,L150,L153,L154,L155,L156,L157,L158,L159,L160,L169,L178,L179,L182",40,0.934620762373359,0.934620762373359,0,,38,False,non_critical,
1,20260708,L002->L090,L002,L090,True,False,0.0,0.0,0.0,1.0,"L001,L002,L018,L019,L030,L040,L044,L045,L046,L054,L056,L060,L090,L091,L092,L102,L104,L109,L110,L111,L112,L113,L115,L128,L134,L140,L143,L148,L149,L150,L153,L154,L155,L156,L157,L158,L159,L160,L169,L178,L179,L182",42,4.460510146083764,4.460510146083764,2,"L091,L092",40,True,non_critical,
1,20260708,L002->L091,L002,L091,True,False,0.0,0.0,0.0,1.0000000000000229,"L001,L002,L018,L019,L030,L040,L044,L045,L046,L054,L056,L060,L091,L102,L104,L109,L110,L111,L112,L113,L115,L128,L134,L140,L143,L148,L149,L150,L153,L154,L155,L156,L157,L158,L159,L160,L169,L178,L179,L182",40,0.934620762373359,0.934620762373359,0,,38,False,non_critical,
1,20260708,L002->L092,L002,L092,True,False,0.0,0.0,0.0,1.0000000000000275,"L001,L002,L018,L019,L030,L040,L044,L045,L046,L054,L056,L060,L092,L102,L104,L109,L110,L111,L112,L113,L115,L128,L134,L140,L143,L148,L149,L150,L153,L154,L155,L156,L157,L158,L159,L160,L169,L178,L179,L182",40,0.934620762373359,0.934620762373359,0,,38,False,non_critical,
1,20260708,L002->L093,L002,L093,True,False,0.0,0.0,0.0,1.0,"L001,L002,L018,L019,L030,L040,L044,L045,L046,L054,L055,L056,L057,L060,L065,L091,L093,L095,L102,L104,L109,L110,L111,L112,L113,L115,L128,L134,L140,L143,L148,L149,L150,L153,L154,L155,L156,L157,L158,L159,L160,L169,L178,L179,L182",45,7.694056809746497,7.694056809746497,5,"L055,L057,L065,L091,L095",43,True,non_critical,
1,20260708,L002->L094,L002,L094,True,False,0.0,0.0,0.0,1.0,"L001,L002,L018,L019,L030,L040,L044,L045,L046,L054,L055,L056,L057,L060,L065,L091,L094,L095,L102,L104,L109,L110,L111,L112,L113,L115,L128,L134,L140,L143,L148,L149,L150,L153,L154,L155,L156,L157,L158,L159,L160,L169,L178,L179,L182",45,7.694056809746497,7.694056809746497,5,"L055,L057,L065,L091,L095",43,True,non_critical,
1,20260708,L002->L095,L002,L095,True,False,0.0,0.0,0.0,1.0000000000000184,"L001,L002,L018,L019,L030,L040,L044,L045,L046,L054,L056,L060,L095,L102,L104,L109,L110,L111,L112,L113,L115,L128,L134,L140,L143,L148,L149,L150,L153,L154,L155,L156,L157,L158,L159,L160,L169,L178,L179,L182",40,0.9346207623733592,0.9346207623733592,0,,38,False,non_critical,
1,20260708,L002->L096,L002,L096,True,False,0.0,0.0,0.0,1.0000000000000184,"L001,L002,L018,L019,L030,L040,L044,L045,L046,L054,L056,L057,L060,L096,L102,L104,L109,L110,L111,L112,L113,L115,L128,L134,L140,L143,L148,L149,L150,L153,L154,L155,L156,L157,L158,L159,L160,L169,L178,L179,L182",41,4.405845238475207,4.405845238475207,1,L057,39,True,non_critical,
1,20260708,L002->L097,L002,L097,True,False,0.0,0.0,0.0,1.0,"L001,L002,L018,L019,L030,L040,L044,L045,L046,L054,L055,L056,L057,L060,L065,L091,L097,L102,L104,L109,L110,L111,L112,L113,L115,L128,L134,L140,L143,L148,L149,L150,L153,L154,L155,L156,L157,L158,L159,L160,L169,L178,L179,L182",44,7.694056809746614,7.694056809746614,4,"L055,L057,L065,L091",42,True,non_critical,
1,20260708,L002->L098,L002,L098,True,False,0.0,0.0,0.0,1.0000000000000009,"L001,L002,L018,L019,L030,L040,L044,L045,L046,L054,L056,L060,L098,L102,L104,L109,L110,L111,L112,L113,L115,L128,L134,L140,L143,L148,L149,L150,L153,L154,L155,L156,L157,L158,L159,L160,L169,L178,L179,L182",40,1.1993380481834832,1.1993380481834832,0,,38,False,non_critical,
1,20260708,L002->L099,L002,L099,True,False,0.0,0.0,0.0,1.0000000000000009,"L001,L002,L018,L019,L030,L040,L044,L045,L046,L054,L056,L060,L099,L102,L104,L109,L110,L111,L112,L113,L115,L128,L134,L140,L143,L148,L149,L150,L153,L154,L155,L156,L157,L158,L159,L160,L169,L178,L179,L182",40,1.1993380481834832,1.1993380481834832,0,,38,False,non_critical,
1,20260708,L002->L100,L002,L100,True,False,0.0,0.0,0.0,1.0000000000000184,"L001,L002,L018,L019,L030,L040,L044,L045,L046,L054,L056,L060,L100,L102,L104,L109,L110,L111,L112,L113,L115,L128,L134,L140,L143,L148,L149,L150,L153,L154,L155,L156,L157,L158,L159,L160,L169,L178,L179,L182",40,0.934620762373359,0.934620762373359,0,,38,False,non_critical,
1,20260708,L002->L101,L002,L101,True,False,0.0,0.0,0.0,1.0000000000000002,"L001,L002,L018,L019,L030,L040,L044,L045,L046,L054,L056,L060,L101,L102,L104,L109,L110,L111,L112,L113,L115,L128,L134,L140,L143,L148,L149,L150,L153,L154,L155,L156,L157,L158,L159,L160,L169,L178,L179,L182",40,0.934620762373359,0.934620762373359,0,,38,False,non_critical,
1,20260708,L002->L102,L002,L102,True,False,0.0,0.0,0.0,1.0,"L001,L002,L018,L019,L030,L040,L044,L045,L046,L054,L056,L060,L102,L104,L109,L110,L111,L112,L113,L115,L128,L134,L140,L143,L148,L149,L150,L153,L154,L155,L156,L157,L158,L159,L160,L169,L178,L179,L182",39,0.934620762373359,0.934620762373359,0,,37,False,non_critical,
1,20260708,L002->L103,L002,L103,True,False,0.0,0.0,0.0,1.0000000000000036,"L001,L002,L018,L019,L030,L040,L044,L045,L046,L054,L056,L060,L102,L103,L104,L109,L110,L111,L112,L113,L115,L128,L134,L140,L143,L148,L149,L150,L153,L154,L155,L156,L157,L158,L159,L160,L169,L178,L179,L182",40,0.934620762373359,0.934620762373359,0,,38,False,non_critical,
1,20260708,L002->L104,L002,L104,True,False,0.0,0.0,0.0,1.0,"L001,L002,L018,L019,L030,L040,L044,L045,L046,L054,L056,L060,L102,L104,L109,L110,L111,L112,L113,L115,L128,L134,L140,L143,L148,L149,L150,L153,L154,L155,L156,L157,L158,L159,L160,L169,L178,L179,L182",39,0.934620762373359,0.934620762373359,0,,37,False,non_critical,
1,20260708,L002->L105,L002,L105,True,False,0.0,0.0,0.0,1.0000000000000004,"L001,L002,L018,L019,L030,L040,L044,L045,L046,L054,L056,L060,L065,L102,L104,L105,L109,L110,L111,L112,L113,L115,L128,L134,L140,L143,L148,L149,L150,L153,L154,L155,L156,L157,L158,L159,L160,L169,L178,L179,L182",41,2.4653801394239934,2.4653801394239934,1,L065,39,True,non_critical,
1,20260708,L002->L106,L002,L106,True,False,0.0,0.0,0.0,1.0000000000000009,"L001,L002,L018,L019,L030,L040,L044,L045,L046,L054,L056,L060,L063,L064,L065,L102,L104,L106,L109,L110,L111,L112,L113,L115,L128,L134,L140,L143,L148,L149,L150,L153,L154,L155,L156,L157,L158,L159,L160,L169,L178,L179,L182",43,3.608972812538097,3.608972812538097,3,"L063,L064,L065",41,True,non_critical,
1,20260708,L002->L107,L002,L107,True,True,81.35922639729833,81.35922639729833,0.0,1.0000000000000184,"L001,L002,L018,L019,L030,L040,L044,L045,L046,L054,L056,L060,L065,L102,L104,L107,L109,L110,L111,L112,L113,L115,L126,L127,L128,L134,L140,L143,L148,L149,L150,L153,L154,L155,L156,L157,L158,L159,L160,L169,L178,L179,L182",43,2.8626608718171296,2.8626608718171296,3,"L065,L126,L127",41,True,relay_cascade,
1,20260708,L002->L108,L002,L108,True,False,0.0,0.0,0.0,1.0000000000000004,"L001,L002,L018,L019,L030,L040,L044,L045,L046,L054,L056,L060,L102,L104,L108,L109,L110,L111,L112,L113,L115,L128,L134,L140,L143,L148,L149,L150,L153,L154,L155,L156,L157,L158,L159,L160,L169,L178,L179,L182",40,1.0760188979981837,1.0760188979981837,0,,38,False,non_critical,
1,20260708,L002->L109,L002,L109,True,False,0.0,0.0,0.0,1.0,"L001,L002,L018,L019,L030,L040,L044,L045,L046,L054,L056,L060,L102,L104,L109,L110,L111,L112,L113,L115,L128,L134,L140,L143,L148,L149,L150,L153,L154,L155,L156,L157,L158,L159,L160,L169,L178,L179,L182",39,0.934620762373359,0.934620762373359,0,,37,False,non_critical,
1,20260708,L002->L110,L002,L110,True,False,0.0,0.0,0.0,1.0,"L001,L002,L018,L019,L030,L040,L044,L045,L046,L054,L056,L060,L102,L104,L109,L110,L111,L112,L113,L115,L128,L134,L140,L143,L148,L149,L150,L153,L154,L155,L156,L157,L158,L159,L160,L169,L178,L179,L182",39,0.934620762373359,0.934620762373359,0,,37,False,non_critical,
1,20260708,L002->L111,L002,L111,True,False,0.0,0.0,0.0,1.0,"L001,L002,L018,L019,L030,L040,L044,L045,L046,L054,L056,L060,L102,L104,L109,L110,L111,L112,L113,L115,L128,L134,L140,L143,L148,L149,L150,L153,L154,L155,L156,L157,L158,L159,L160,L169,L178,L179,L182",39,0.934620762373359,0.934620762373359,0,,37,False,non_critical,
1,20260708,L002->L112,L002,L112,True,False,0.0,0.0,0.0,1.0,"L001,L002,L018,L019,L030,L040,L044,L045,L046,L054,L056,L060,L102,L104,L109,L110,L111,L112,L113,L115,L128,L134,L140,L143,L148,L149,L150,L153,L154,L155,L156,L157,L158,L159,L160,L169,L178,L179,L182",39,0.934620762373359,0.934620762373359,0,,37,False,non_critical,
1,20260708,L002->L113,L002,L113,True,False,0.0,0.0,0.0,1.0,"L001,L002,L018,L019,L030,L040,L044,L045,L046,L054,L056,L060,L102,L104,L109,L110,L111,L112,L113,L115,L128,L134,L140,L143,L148,L149,L150,L153,L154,L155,L156,L157,L158,L159,L160,L169,L178,L179,L182",39,0.934620762373359,0.934620762373359,0,,37,False,non_critical,
1,20260708,L002->L114,L002,L114,True,False,0.0,0.0,0.0,1.0000000000000184,"L001,L002,L018,L019,L030,L040,L044,L045,L046,L054,L056,L060,L102,L104,L109,L110,L111,L112,L113,L114,L115,L128,L134,L140,L143,L148,L149,L150,L153,L154,L155,L156,L157,L158,L159,L160,L169,L178,L179,L182",40,0.934620762373359,0.934620762373359,0,,38,False,non_critical,
1,20260708,L002->L115,L002,L115,True,False,0.0,0.0,0.0,1.0,"L001,L002,L018,L019,L030,L040,L044,L045,L046,L054,L056,L060,L102,L104,L109,L110,L111,L112,L113,L115,L128,L134,L140,L143,L148,L149,L150,L153,L154,L155,L156,L157,L158,L159,L160,L169,L178,L179,L182",39,0.934620762373359,0.934620762373359,0,,37,False,non_critical,
1,20260708,L002->L116,L002,L116,True,True,51.84086026986975,51.84086026986975,0.0,1.0000000000000049,"L001,L002,L018,L019,L030,L040,L044,L045,L046,L054,L056,L060,L065,L102,L104,L109,L110,L111,L112,L113,L114,L115,L116,L120,L128,L134,L140,L143,L148,L149,L150,L153,L154,L155,L156,L157,L158,L159,L160,L169,L178,L179,L182,L186",44,2.389522620700734,2.389522620700734,4,"L065,L114,L120,L186",42,True,relay_cascade,
1,20260708,L002->L117,L002,L117,True,False,0.0,0.0,0.0,1.0000000000000013,"L001,L002,L018,L019,L030,L040,L044,L045,L046,L054,L056,L060,L102,L104,L109,L110,L111,L112,L113,L115,L117,L128,L134,L140,L143,L148,L149,L150,L153,L154,L155,L156,L157,L158,L159,L160,L169,L178,L179,L182",40,0.934620762373359,0.934620762373359,0,,38,False,non_critical,
1,20260708,L002->L118,L002,L118,True,False,0.0,0.0,0.0,1.0000000000000002,"L001,L002,L018,L019,L030,L040,L044,L045,L046,L054,L056,L060,L102,L104,L109,L110,L111,L112,L113,L115,L118,L128,L134,L140,L143,L148,L149,L150,L153,L154,L155,L156,L157,L158,L159,L160,L169,L178,L179,L182,L186",41,1.3634608921987048,1.3634608921987048,1,L186,39,True,non_critical,
1,20260708,L002->L119,L002,L119,True,False,0.0,0.0,0.0,1.0000000000000275,"L001,L002,L018,L019,L030,L040,L044,L045,L046,L054,L056,L060,L102,L104,L109,L110,L111,L112,L113,L115,L119,L128,L134,L140,L143,L148,L149,L150,L153,L154,L155,L156,L157,L158,L159,L160,L169,L178,L179,L182",40,0.934620762373359,0.934620762373359,0,,38,False,non_critical,
1,20260708,L002->L120,L002,L120,True,False,0.0,0.0,0.0,1.0000000000000184,"L001,L002,L018,L019,L030,L040,L044,L045,L046,L054,L056,L060,L102,L104,L109,L110,L111,L112,L113,L115,L120,L128,L134,L140,L143,L148,L149,L150,L153,L154,L155,L156,L157,L158,L159,L160,L169,L178,L179,L182",40,0.934620762373359,0.934620762373359,0,,38,False,non_critical,
1,20260708,L002->L121,L002,L121,True,True,74.95325517572547,74.95325517572547,0.0,1.0000000000000009,"L001,L002,L018,L019,L030,L040,L044,L045,L046,L054,L056,L060,L065,L102,L104,L109,L110,L111,L112,L113,L115,L121,L122,L128,L134,L140,L143,L148,L149,L150,L153,L154,L155,L156,L157,L158,L159,L160,L169,L178,L179,L182",42,1.9181548555435353,1.9181548555435353,2,"L065,L122",40,True,relay_cascade,
1,20260708,L002->L122,L002,L122,True,False,0.0,0.0,0.0,1.0,"L001,L002,L018,L019,L030,L040,L044,L045,L046,L054,L056,L060,L102,L104,L109,L110,L111,L112,L113,L115,L122,L128,L134,L140,L143,L148,L149,L150,L153,L154,L155,L156,L157,L158,L159,L160,L169,L178,L179,L182",40,0.934620762373359,0.934620762373359,0,,38,False,non_critical,
1,20260708,L002->L123,L002,L123,True,False,0.0,0.0,0.0,1.0,"L001,L002,L018,L019,L030,L040,L044,L045,L046,L054,L056,L060,L102,L104,L109,L110,L111,L112,L113,L115,L123,L128,L134,L140,L143,L148,L149,L150,L153,L154,L155,L156,L157,L158,L159,L160,L169,L178,L179,L182",40,0.934620762373359,0.934620762373359,0,,38,False,non_critical,
1,20260708,L002->L124,L002,L124,True,False,0.0,0.0,0.0,1.0,"L001,L002,L018,L019,L030,L040,L044,L045,L046,L054,L056,L060,L102,L104,L109,L110,L111,L112,L113,L115,L124,L128,L134,L140,L143,L148,L149,L150,L153,L154,L155,L156,L157,L158,L159,L160,L169,L178,L179,L182",40,0.934620762373359,0.934620762373359,0,,38,False,non_critical,
1,20260708,L002->L125,L002,L125,True,True,13.298257584546036,0.0,13.298257584546036,1.0,"L001,L002,L018,L019,L030,L040,L044,L045,L046,L054,L056,L060,L102,L104,L109,L110,L111,L112,L113,L115,L125,L128,L134,L140,L143,L148,L149,L150,L153,L154,L155,L156,L157,L158,L159,L160,L169,L178,L179,L182",40,1.1350592731480271,1.1350592731480271,0,,38,False,island_only,
1,20260708,L002->L126,L002,L126,True,False,0.0,0.0,0.0,1.0000000000000275,"L001,L002,L018,L019,L030,L040,L044,L045,L046,L054,L056,L060,L102,L104,L109,L110,L111,L112,L113,L115,L126,L128,L134,L140,L143,L148,L149,L150,L153,L154,L155,L156,L157,L158,L159,L160,L169,L178,L179,L182",40,0.934620762373359,0.934620762373359,0,,38,False,non_critical,
1,20260708,L002->L127,L002,L127,True,False,0.0,0.0,0.0,1.0000000000000275,"L001,L002,L018,L019,L030,L040,L044,L045,L046,L054,L056,L060,L102,L104,L109,L110,L111,L112,L113,L115,L127,L128,L134,L140,L143,L148,L149,L150,L153,L154,L155,L156,L157,L158,L159,L160,L169,L178,L179,L182",40,0.934620762373359,0.934620762373359,0,,38,False,non_critical,
1,20260708,L002->L128,L002,L128,True,False,0.0,0.0,0.0,1.0,"L001,L002,L018,L019,L030,L040,L044,L045,L046,L054,L056,L060,L102,L104,L109,L110,L111,L112,L113,L115,L128,L134,L140,L143,L148,L149,L150,L153,L154,L155,L156,L157,L158,L159,L160,L169,L178,L179,L182",39,0.934620762373359,0.934620762373359,0,,37,False,non_critical,
1,20260708,L002->L129,L002,L129,True,True,58.608730684473244,58.608730684473244,0.0,1.0,"L001,L002,L018,L019,L030,L040,L044,L045,L046,L054,L056,L060,L102,L104,L109,L110,L111,L112,L113,L115,L128,L129,L134,L140,L143,L148,L149,L150,L153,L154,L155,L156,L157,L158,L159,L160,L169,L178,L179,L182",40,0.934620762373359,0.934620762373359,0,,38,False,island_only,
1,20260708,L002->L130,L002,L130,True,False,0.0,0.0,0.0,1.0,"L001,L002,L018,L019,L030,L040,L044,L045,L046,L054,L056,L060,L102,L104,L109,L110,L111,L112,L113,L115,L128,L130,L134,L140,L143,L148,L149,L150,L153,L154,L155,L156,L157,L158,L159,L160,L169,L178,L179,L182",40,0.9853689546518007,0.9853689546518007,0,,38,False,non_critical,
1,20260708,L002->L131,L002,L131,True,True,77.36714366189312,77.36714366189312,0.0,1.0,"L001,L002,L018,L019,L030,L040,L044,L045,L046,L054,L056,L060,L102,L104,L109,L110,L111,L112,L113,L115,L128,L130,L131,L134,L140,L143,L148,L149,L150,L153,L154,L155,L156,L157,L158,L159,L160,L169,L178,L179,L182",41,1.5015163255197985,1.5015163255197985,1,L130,39,True,relay_cascade,
1,20260708,L002->L132,L002,L132,True,True,10.677320953234481,0.0,10.677320953234481,1.0,"L001,L002,L018,L019,L030,L040,L044,L045,L046,L054,L056,L060,L102,L104,L109,L110,L111,L112,L113,L115,L128,L132,L134,L140,L143,L148,L149,L150,L153,L154,L155,L156,L157,L158,L159,L160,L169,L178,L179,L182",40,1.13598925962873,1.13598925962873,0,,38,False,island_only,
1,20260708,L002->L133,L002,L133,True,True,20.77635989697293,20.77635989697293,0.0,1.0,"L001,L002,L018,L019,L030,L040,L044,L045,L046,L054,L056,L060,L102,L104,L109,L110,L111,L112,L113,L115,L128,L133,L134,L140,L143,L148,L149,L150,L153,L154,L155,L156,L157,L158,L159,L160,L169,L178,L179,L182",40,0.934620762373359,0.934620762373359,0,,38,False,island_only,
1,20260708,L002->L134,L002,L134,True,False,0.0,0.0,0.0,1.0,"L001,L002,L018,L019,L030,L040,L044,L045,L046,L054,L056,L060,L102,L104,L109,L110,L111,L112,L113,L115,L128,L134,L140,L143,L148,L149,L150,L153,L154,L155,L156,L157,L158,L159,L160,L169,L178,L179,L182",39,0.934620762373359,0.934620762373359,0,,37,False,non_critical,
1,20260708,L002->L135,L002,L135,True,False,0.0,0.0,0.0,1.0,"L001,L002,L018,L019,L030,L040,L044,L045,L046,L054,L056,L060,L102,L104,L109,L110,L111,L112,L113,L115,L128,L134,L135,L140,L143,L148,L149,L150,L153,L154,L155,L156,L157,L158,L159,L160,L169,L178,L179,L182",40,0.934620762373359,0.934620762373359,0,,38,False,non_critical,
1,20260708,L002->L136,L002,L136,True,False,0.0,0.0,0.0,1.0,"L001,L002,L018,L019,L030,L040,L044,L045,L046,L054,L056,L060,L102,L104,L109,L110,L111,L112,L113,L115,L128,L134,L136,L140,L143,L148,L149,L150,L153,L154,L155,L156,L157,L158,L159,L160,L169,L178,L179,L182",40,0.934620762373359,0.934620762373359,0,,38,False,non_critical,
1,20260708,L002->L137,L002,L137,True,False,0.0,0.0,0.0,1.0,"L001,L002,L018,L019,L030,L040,L044,L045,L046,L054,L056,L060,L102,L104,L109,L110,L111,L112,L113,L115,L128,L134,L137,L140,L143,L148,L149,L150,L153,L154,L155,L156,L157,L158,L159,L160,L169,L178,L179,L182",40,0.934620762373359,0.934620762373359,0,,38,False,non_critical,
1,20260708,L002->L138,L002,L138,True,False,0.0,0.0,0.0,1.0,"L001,L002,L018,L019,L030,L040,L044,L045,L046,L054,L056,L060,L102,L104,L109,L110,L111,L112,L113,L115,L128,L134,L138,L140,L143,L148,L149,L150,L153,L154,L155,L156,L157,L158,L159,L160,L169,L178,L179,L182",40,0.934620762373359,0.934620762373359,0,,38,False,non_critical,
1,20260708,L002->L139,L002,L139,True,False,0.0,0.0,0.0,1.0,"L001,L002,L018,L019,L030,L040,L044,L045,L046,L054,L056,L060,L102,L104,L109,L110,L111,L112,L113,L115,L128,L134,L139,L140,L143,L148,L149,L150,L153,L154,L155,L156,L157,L158,L159,L160,L169,L178,L179,L182",40,1.028511289735143,1.028511289735143,0,,38,False,non_critical,
1,20260708,L002->L140,L002,L140,True,False,0.0,0.0,0.0,1.0,"L001,L002,L018,L019,L030,L040,L044,L045,L046,L054,L056,L060,L102,L104,L109,L110,L111,L112,L113,L115,L128,L134,L140,L143,L148,L149,L150,L153,L154,L155,L156,L157,L158,L159,L160,L169,L178,L179,L182",39,0.934620762373359,0.934620762373359,0,,37,False,non_critical,
1,20260708,L002->L141,L002,L141,True,False,0.0,0.0,0.0,1.0,"L001,L002,L018,L019,L030,L040,L044,L045,L046,L054,L056,L060,L102,L104,L109,L110,L111,L112,L113,L115,L128,L134,L140,L141,L143,L148,L149,L150,L153,L154,L155,L156,L157,L158,L159,L160,L169,L178,L179,L182",40,1.0400100846908586,1.0400100846908586,0,,38,False,non_critical,
1,20260708,L002->L142,L002,L142,True,False,0.0,0.0,0.0,1.0,"L001,L002,L018,L019,L030,L040,L044,L045,L046,L054,L056,L060,L102,L104,L109,L110,L111,L112,L113,L115,L128,L134,L140,L142,L143,L148,L149,L150,L153,L154,L155,L156,L157,L158,L159,L160,L169,L178,L179,L182",40,0.934620762373359,0.934620762373359,0,,38,False,non_critical,
1,20260708,L002->L143,L002,L143,True,False,0.0,0.0,0.0,1.0,"L001,L002,L018,L019,L030,L040,L044,L045,L046,L054,L056,L060,L102,L104,L109,L110,L111,L112,L113,L115,L128,L134,L140,L143,L148,L149,L150,L153,L154,L155,L156,L157,L158,L159,L160,L169,L178,L179,L182",39,0.934620762373359,0.934620762373359,0,,37,False,non_critical,
1,20260708,L002->L144,L002,L144,True,False,0.0,0.0,0.0,1.0,"L001,L002,L018,L019,L030,L040,L044,L045,L046,L054,L056,L060,L102,L104,L109,L110,L111,L112,L113,L115,L128,L134,L140,L143,L144,L148,L149,L150,L153,L154,L155,L156,L157,L158,L159,L160,L169,L178,L179,L182",40,0.934620762373359,0.934620762373359,0,,38,False,non_critical,
1,20260708,L002->L145,L002,L145,True,False,0.0,0.0,0.0,1.0,"L001,L002,L018,L019,L030,L040,L044,L045,L046,L054,L056,L060,L102,L104,L109,L110,L111,L112,L113,L115,L128,L134,L140,L143,L145,L148,L149,L150,L153,L154,L155,L156,L157,L158,L159,L160,L169,L178,L179,L182",40,0.934620762373359,0.934620762373359,0,,38,False,non_critical,
1,20260708,L002->L146,L002,L146,True,False,0.0,0.0,0.0,1.0,"L001,L002,L018,L019,L030,L040,L044,L045,L046,L054,L056,L060,L102,L104,L109,L110,L111,L112,L113,L115,L128,L134,L140,L143,L146,L148,L149,L150,L153,L154,L155,L156,L157,L158,L159,L160,L169,L178,L179,L182",40,0.934620762373359,0.934620762373359,0,,38,False,non_critical,
1,20260708,L002->L147,L002,L147,True,True,43.59265123807146,43.59265123807146,0.0,1.0,"L001,L002,L018,L019,L030,L040,L044,L045,L046,L054,L056,L060,L102,L104,L109,L110,L111,L112,L113,L115,L128,L134,L140,L143,L147,L148,L149,L150,L153,L154,L155,L156,L157,L158,L159,L160,L169,L178,L179,L182",40,0.934620762373359,0.934620762373359,0,,38,False,island_only,
1,20260708,L002->L148,L002,L148,True,False,0.0,0.0,0.0,1.0,"L001,L002,L018,L019,L030,L040,L044,L045,L046,L054,L056,L060,L102,L104,L109,L110,L111,L112,L113,L115,L128,L134,L140,L143,L148,L149,L150,L153,L154,L155,L156,L157,L158,L159,L160,L169,L178,L179,L182",39,0.934620762373359,0.934620762373359,0,,37,False,non_critical,
1,20260708,L002->L149,L002,L149,True,False,0.0,0.0,0.0,1.0,"L001,L002,L018,L019,L030,L040,L044,L045,L046,L054,L056,L060,L102,L104,L109,L110,L111,L112,L113,L115,L128,L134,L140,L143,L148,L149,L150,L153,L154,L155,L156,L157,L158,L159,L160,L169,L178,L179,L182",39,0.934620762373359,0.934620762373359,0,,37,False,non_critical,
1,20260708,L002->L150,L002,L150,True,False,0.0,0.0,0.0,1.0,"L001,L002,L018,L019,L030,L040,L044,L045,L046,L054,L056,L060,L102,L104,L109,L110,L111,L112,L113,L115,L128,L134,L140,L143,L148,L149,L150,L153,L154,L155,L156,L157,L158,L159,L160,L169,L178,L179,L182",39,0.934620762373359,0.934620762373359,0,,37,False,non_critical,
1,20260708,L002->L151,L002,L151,True,True,16.350555809154557,16.350555809154557,0.0,1.0,"L001,L002,L018,L019,L030,L040,L044,L045,L046,L054,L056,L060,L102,L104,L109,L110,L111,L112,L113,L115,L128,L134,L140,L143,L148,L149,L150,L151,L153,L154,L155,L156,L157,L158,L159,L160,L169,L178,L179,L182",40,0.999030504314207,0.999030504314207,0,,38,False,island_only,
1,20260708,L002->L152,L002,L152,True,True,31.05817161312981,31.05817161312981,0.0,1.0000000000000184,"L001,L002,L018,L019,L030,L040,L044,L045,L046,L054,L056,L060,L065,L102,L104,L109,L110,L111,L112,L113,L115,L128,L134,L140,L143,L148,L149,L150,L152,L153,L154,L155,L156,L157,L158,L159,L160,L169,L178,L179,L182",41,1.2297046538000642,1.2297046538000642,1,L065,39,True,relay_cascade,
1,20260708,L002->L153,L002,L153,True,False,0.0,0.0,0.0,1.0,"L001,L002,L018,L019,L030,L040,L044,L045,L046,L054,L056,L060,L102,L104,L109,L110,L111,L112,L113,L115,L128,L134,L140,L143,L148,L149,L150,L153,L154,L155,L156,L157,L158,L159,L160,L169,L178,L179,L182",39,0.934620762373359,0.934620762373359,0,,37,False,non_critical,
1,20260708,L002->L154,L002,L154,True,False,0.0,0.0,0.0,1.0,"L001,L002,L018,L019,L030,L040,L044,L045,L046,L054,L056,L060,L102,L104,L109,L110,L111,L112,L113,L115,L128,L134,L140,L143,L148,L149,L150,L153,L154,L155,L156,L157,L158,L159,L160,L169,L178,L179,L182",39,0.934620762373359,0.934620762373359,0,,37,False,non_critical,
1,20260708,L002->L155,L002,L155,True,False,0.0,0.0,0.0,1.0,"L001,L002,L018,L019,L030,L040,L044,L045,L046,L054,L056,L060,L102,L104,L109,L110,L111,L112,L113,L115,L128,L134,L140,L143,L148,L149,L150,L153,L154,L155,L156,L157,L158,L159,L160,L169,L178,L179,L182",39,0.934620762373359,0.934620762373359,0,,37,False,non_critical,
1,20260708,L002->L156,L002,L156,True,False,0.0,0.0,0.0,1.0,"L001,L002,L018,L019,L030,L040,L044,L045,L046,L054,L056,L060,L102,L104,L109,L110,L111,L112,L113,L115,L128,L134,L140,L143,L148,L149,L150,L153,L154,L155,L156,L157,L158,L159,L160,L169,L178,L179,L182",39,0.934620762373359,0.934620762373359,0,,37,False,non_critical,
1,20260708,L002->L157,L002,L157,True,False,0.0,0.0,0.0,1.0,"L001,L002,L018,L019,L030,L040,L044,L045,L046,L054,L056,L060,L102,L104,L109,L110,L111,L112,L113,L115,L128,L134,L140,L143,L148,L149,L150,L153,L154,L155,L156,L157,L158,L159,L160,L169,L178,L179,L182",39,0.934620762373359,0.934620762373359,0,,37,False,non_critical,
1,20260708,L002->L158,L002,L158,True,False,0.0,0.0,0.0,1.0,"L001,L002,L018,L019,L030,L040,L044,L045,L046,L054,L056,L060,L102,L104,L109,L110,L111,L112,L113,L115,L128,L134,L140,L143,L148,L149,L150,L153,L154,L155,L156,L157,L158,L159,L160,L169,L178,L179,L182",39,0.934620762373359,0.934620762373359,0,,37,False,non_critical,
1,20260708,L002->L159,L002,L159,True,False,0.0,0.0,0.0,1.0,"L001,L002,L018,L019,L030,L040,L044,L045,L046,L054,L056,L060,L102,L104,L109,L110,L111,L112,L113,L115,L128,L134,L140,L143,L148,L149,L150,L153,L154,L155,L156,L157,L158,L159,L160,L169,L178,L179,L182",39,0.934620762373359,0.934620762373359,0,,37,False,non_critical,
1,20260708,L002->L160,L002,L160,True,False,0.0,0.0,0.0,1.0,"L001,L002,L018,L019,L030,L040,L044,L045,L046,L054,L056,L060,L102,L104,L109,L110,L111,L112,L113,L115,L128,L134,L140,L143,L148,L149,L150,L153,L154,L155,L156,L157,L158,L159,L160,L169,L178,L179,L182",39,0.934620762373359,0.934620762373359,0,,37,False,non_critical,
1,20260708,L002->L161,L002,L161,True,True,25.8591841142224,25.8591841142224,0.0,1.0,"L001,L002,L018,L019,L030,L040,L044,L045,L046,L054,L056,L060,L102,L104,L109,L110,L111,L112,L113,L115,L128,L134,L140,L143,L148,L149,L150,L153,L154,L155,L156,L157,L158,L159,L160,L161,L169,L178,L179,L182",40,0.934620762373359,0.934620762373359,0,,38,False,island_only,
1,20260708,L002->L162,L002,L162,True,True,20.98550075696534,20.98550075696534,0.0,1.0,"L001,L002,L018,L019,L030,L040,L044,L045,L046,L054,L056,L060,L102,L104,L109,L110,L111,L112,L113,L115,L128,L134,L140,L143,L148,L149,L150,L153,L154,L155,L156,L157,L158,L159,L160,L162,L169,L178,L179,L182",40,0.934620762373359,0.934620762373359,0,,38,False,island_only,
1,20260708,L002->L163,L002,L163,True,False,0.0,0.0,0.0,1.0000000000000009,"L001,L002,L018,L019,L030,L040,L044,L045,L046,L054,L056,L060,L102,L104,L109,L110,L111,L112,L113,L115,L128,L134,L140,L143,L148,L149,L150,L153,L154,L155,L156,L157,L158,L159,L160,L163,L169,L178,L179,L182",40,0.934620762373359,0.934620762373359,0,,38,False,non_critical,
1,20260708,L002->L164,L002,L164,True,False,0.0,0.0,0.0,1.0,"L001,L002,L018,L019,L030,L040,L044,L045,L046,L054,L056,L060,L102,L104,L109,L110,L111,L112,L113,L115,L128,L134,L140,L143,L148,L149,L150,L153,L154,L155,L156,L157,L158,L159,L160,L164,L169,L178,L179,L182",40,0.934620762373359,0.934620762373359,0,,38,False,non_critical,
1,20260708,L002->L165,L002,L165,True,False,0.0,0.0,0.0,1.0000000000000004,"L001,L002,L018,L019,L030,L040,L044,L045,L046,L054,L056,L060,L102,L104,L109,L110,L111,L112,L113,L115,L128,L134,L140,L143,L148,L149,L150,L153,L154,L155,L156,L157,L158,L159,L160,L165,L169,L178,L179,L182",40,0.934620762373359,0.934620762373359,0,,38,False,non_critical,
1,20260708,L002->L166,L002,L166,True,False,0.0,0.0,0.0,1.0,"L001,L002,L018,L019,L030,L040,L044,L045,L046,L054,L056,L060,L102,L104,L109,L110,L111,L112,L113,L115,L128,L134,L140,L143,L148,L149,L150,L153,L154,L155,L156,L157,L158,L159,L160,L166,L169,L178,L179,L182",40,0.934620762373359,0.934620762373359,0,,38,False,non_critical,
1,20260708,L002->L167,L002,L167,True,False,0.0,0.0,0.0,1.0,"L001,L002,L018,L019,L030,L040,L044,L045,L046,L054,L056,L060,L102,L104,L109,L110,L111,L112,L113,L115,L128,L134,L140,L143,L148,L149,L150,L153,L154,L155,L156,L157,L158,L159,L160,L167,L169,L178,L179,L182",40,1.1729177952920953,1.1729177952920953,0,,38,False,non_critical,
1,20260708,L002->L168,L002,L168,True,False,0.0,0.0,0.0,1.0,"L001,L002,L018,L019,L030,L040,L044,L045,L046,L054,L056,L060,L102,L104,L109,L110,L111,L112,L113,L115,L128,L134,L140,L143,L148,L149,L150,L153,L154,L155,L156,L157,L158,L159,L160,L168,L169,L178,L179,L182",40,0.934620762373359,0.934620762373359,0,,38,False,non_critical,
1,20260708,L002->L169,L002,L169,True,False,0.0,0.0,0.0,1.0,"L001,L002,L018,L019,L030,L040,L044,L045,L046,L054,L056,L060,L102,L104,L109,L110,L111,L112,L113,L115,L128,L134,L140,L143,L148,L149,L150,L153,L154,L155,L156,L157,L158,L159,L160,L169,L178,L179,L182",39,0.934620762373359,0.934620762373359,0,,37,False,non_critical,
1,20260708,L002->L170,L002,L170,True,False,0.0,0.0,0.0,1.0000000000000009,"L001,L002,L018,L019,L030,L040,L044,L045,L046,L054,L056,L060,L102,L104,L109,L110,L111,L112,L113,L115,L128,L134,L140,L143,L148,L149,L150,L153,L154,L155,L156,L157,L158,L159,L160,L169,L170,L178,L179,L182",40,0.934620762373359,0.934620762373359,0,,38,False,non_critical,
1,20260708,L002->L171,L002,L171,True,False,0.0,0.0,0.0,1.0,"L001,L002,L018,L019,L030,L040,L044,L045,L046,L054,L056,L060,L102,L104,L109,L110,L111,L112,L113,L115,L128,L134,L140,L143,L148,L149,L150,L153,L154,L155,L156,L157,L158,L159,L160,L169,L171,L178,L179,L182",40,0.934620762373359,0.934620762373359,0,,38,False,non_critical,
1,20260708,L002->L172,L002,L172,True,False,0.0,0.0,0.0,1.0,"L001,L002,L018,L019,L030,L040,L044,L045,L046,L054,L056,L060,L102,L104,L109,L110,L111,L112,L113,L115,L128,L134,L140,L143,L148,L149,L150,L153,L154,L155,L156,L157,L158,L159,L160,L169,L172,L178,L179,L182",40,0.934620762373359,0.934620762373359,0,,38,False,non_critical,
1,20260708,L002->L173,L002,L173,True,False,0.0,0.0,0.0,1.0,"L001,L002,L018,L019,L030,L040,L044,L045,L046,L054,L056,L060,L102,L104,L109,L110,L111,L112,L113,L115,L128,L134,L140,L143,L148,L149,L150,L153,L154,L155,L156,L157,L158,L159,L160,L169,L173,L178,L179,L182",40,0.934620762373359,0.934620762373359,0,,38,False,non_critical,
1,20260708,L002->L174,L002,L174,True,False,0.0,0.0,0.0,1.0,"L001,L002,L018,L019,L030,L040,L044,L045,L046,L054,L056,L060,L102,L104,L109,L110,L111,L112,L113,L115,L128,L134,L140,L143,L148,L149,L150,L153,L154,L155,L156,L157,L158,L159,L160,L169,L174,L178,L179,L182",40,0.934620762373359,0.934620762373359,0,,38,False,non_critical,
1,20260708,L002->L175,L002,L175,True,False,0.0,0.0,0.0,1.0,"L001,L002,L018,L019,L030,L040,L044,L045,L046,L054,L056,L060,L102,L104,L109,L110,L111,L112,L113,L115,L128,L134,L140,L143,L148,L149,L150,L153,L154,L155,L156,L157,L158,L159,L160,L169,L175,L178,L179,L182",40,0.934620762373359,0.934620762373359,0,,38,False,non_critical,
1,20260708,L002->L176,L002,L176,True,False,0.0,0.0,0.0,1.0,"L001,L002,L018,L019,L030,L040,L044,L045,L046,L054,L056,L060,L102,L104,L109,L110,L111,L112,L113,L115,L128,L134,L140,L143,L148,L149,L150,L153,L154,L155,L156,L157,L158,L159,L160,L169,L176,L178,L179,L182",40,0.934620762373359,0.934620762373359,0,,38,False,non_critical,
1,20260708,L002->L177,L002,L177,True,False,0.0,0.0,0.0,1.0,"L001,L002,L018,L019,L030,L040,L044,L045,L046,L054,L056,L060,L102,L104,L109,L110,L111,L112,L113,L115,L128,L134,L140,L143,L148,L149,L150,L153,L154,L155,L156,L157,L158,L159,L160,L169,L177,L178,L179,L182",40,0.934620762373359,0.934620762373359,0,,38,False,non_critical,
1,20260708,L002->L178,L002,L178,True,False,0.0,0.0,0.0,1.0,"L001,L002,L018,L019,L030,L040,L044,L045,L046,L054,L056,L060,L102,L104,L109,L110,L111,L112,L113,L115,L128,L134,L140,L143,L148,L149,L150,L153,L154,L155,L156,L157,L158,L159,L160,L169,L178,L179,L182",39,0.934620762373359,0.934620762373359,0,,37,False,non_critical,
1,20260708,L002->L179,L002,L179,True,False,0.0,0.0,0.0,1.0,"L001,L002,L018,L019,L030,L040,L044,L045,L046,L054,L056,L060,L102,L104,L109,L110,L111,L112,L113,L115,L128,L134,L140,L143,L148,L149,L150,L153,L154,L155,L156,L157,L158,L159,L160,L169,L178,L179,L182",39,0.934620762373359,0.934620762373359,0,,37,False,non_critical,
1,20260708,L002->L180,L002,L180,True,True,7.272188818003705,7.272188818003705,0.0,1.0000000000000004,"L001,L002,L018,L019,L030,L040,L044,L045,L046,L054,L056,L060,L102,L104,L109,L110,L111,L112,L113,L115,L128,L134,L140,L143,L148,L149,L150,L153,L154,L155,L156,L157,L158,L159,L160,L169,L178,L179,L180,L182",40,0.934620762373359,0.934620762373359,0,,38,False,island_only,
1,20260708,L002->L181,L002,L181,True,True,20.772296104867053,20.772296104867053,0.0,1.0000000000000007,"L001,L002,L018,L019,L030,L040,L044,L045,L046,L054,L056,L060,L102,L104,L109,L110,L111,L112,L113,L115,L128,L134,L140,L143,L148,L149,L150,L153,L154,L155,L156,L157,L158,L159,L160,L169,L178,L179,L181,L182",40,0.934620762373359,0.934620762373359,0,,38,False,island_only,
1,20260708,L002->L182,L002,L182,True,False,0.0,0.0,0.0,1.0,"L001,L002,L018,L019,L030,L040,L044,L045,L046,L054,L056,L060,L102,L104,L109,L110,L111,L112,L113,L115,L128,L134,L140,L143,L148,L149,L150,L153,L154,L155,L156,L157,L158,L159,L160,L169,L178,L179,L182",39,0.934620762373359,0.934620762373359,0,,37,False,non_critical,
1,20260708,L002->L183,L002,L183,True,True,81.35922639729833,81.35922639729833,0.0,1.000000000000009,"L001,L002,L018,L019,L030,L040,L044,L045,L046,L054,L056,L060,L065,L102,L104,L109,L110,L111,L112,L113,L115,L128,L134,L140,L143,L148,L149,L150,L153,L154,L155,L156,L157,L158,L159,L160,L169,L178,L179,L182,L183",41,2.8626608718171296,2.8626608718171296,1,L065,39,True,relay_cascade,
1,20260708,L002->L184,L002,L184,True,True,21.648461416338748,21.648461416338748,0.0,1.0000000000000007,"L001,L002,L018,L019,L030,L040,L044,L045,L046,L054,L056,L060,L102,L104,L109,L110,L111,L112,L113,L115,L128,L134,L140,L143,L148,L149,L150,L153,L154,L155,L156,L157,L158,L159,L160,L169,L178,L179,L182,L184",40,0.934620762373359,0.934620762373359,0,,38,False,island_only,
1,20260708,L002->L185,L002,L185,True,True,35.11713329264434,35.11713329264434,0.0,1.0000000000000049,"L001,L002,L018,L019,L030,L040,L044,L045,L046,L054,L056,L060,L065,L102,L104,L109,L110,L111,L112,L113,L115,L128,L134,L140,L143,L148,L149,L150,L153,L154,L155,L156,L157,L158,L159,L160,L169,L178,L179,L182,L185,L186",42,3.0075067880410855,3.0075067880410855,2,"L065,L186",40,True,relay_cascade,
1,20260708,L002->L186,L002,L186,True,False,0.0,0.0,0.0,1.0000000000000013,"L001,L002,L018,L019,L030,L040,L044,L045,L046,L054,L056,L060,L102,L104,L109,L110,L111,L112,L113,L115,L128,L134,L140,L143,L148,L149,L150,L153,L154,L155,L156,L157,L158,L159,L160,L169,L178,L179,L182,L186",40,0.934620762373359,0.934620762373359,0,,38,False,non_critical,
1,20260708,L003->L001,L003,L001,True,False,0.0,0.0,0.0,1.0000000000000013,"L001,L003,L015,L018",4,1.0244487813639784,1.0244487813639784,0,,2,False,non_critical,
1,20260708,L003->L002,L003,L002,True,True,62.49242067839912,62.49242067839912,0.0,1.0000000000000016,"L001,L002,L003,L012,L014,L015,L018,L019,L020,L022,L030,L040,L044,L045,L046,L054,L056,L060,L102,L104,L109,L110,L111,L112,L113,L115,L128,L134,L140,L143,L148,L149,L150,L153,L154,L155,L156,L157,L158,L159,L160,L169,L178,L179,L182",45,58.417567322431324,58.417567322431324,41,"L001,L012,L014,L019,L020,L022,L030,L040,L044,L045,L046,L054,L056,L060,L102,L104,L109,L110,L111,L112,L113,L115,L128,L134,L140,L143,L148,L149,L150,L153,L154,L155,L156,L157,L158,L159,L160,L169,L178,L179,L182",43,True,relay_cascade,
1,20260708,L003->L004,L003,L004,True,True,156.41970564327733,156.41970564327733,0.0,1.0000000000000184,"L001,L003,L004,L011,L012,L014,L015,L018,L019,L020,L022,L037,L040,L044,L045,L046,L054,L056,L060,L065,L102,L104,L109,L110,L111,L112,L113,L115,L128,L129,L130,L131,L132,L134,L140,L143,L149,L150,L153,L154,L155,L156,L157,L158,L159,L160,L169,L178,L179,L182",50,54.042328986623346,54.042328986623346,46,"L001,L011,L012,L014,L019,L020,L022,L037,L040,L044,L045,L046,L054,L056,L060,L065,L102,L104,L109,L110,L111,L112,L113,L115,L128,L129,L130,L131,L132,L134,L140,L143,L149,L150,L153,L154,L155,L156,L157,L158,L159,L160,L169,L178,L179,L182",48,True,relay_cascade,
1,20260708,L003->L005,L003,L005,True,True,36.82232008588366,36.82232008588366,0.0,1.0000000000000002,"L003,L005,L015,L018,L019,L030,L039,L044,L045,L046,L054,L056,L060,L102,L104,L109,L110,L111,L112,L113,L115,L128,L134,L140,L143,L148,L149,L150,L153,L154,L155,L156,L157,L158,L159,L160,L169,L178,L179,L182",40,57.68346260833901,57.68346260833901,36,"L019,L030,L039,L044,L045,L046,L054,L056,L060,L102,L104,L109,L110,L111,L112,L113,L115,L128,L134,L140,L143,L148,L149,L150,L153,L154,L155,L156,L157,L158,L159,L160,L169,L178,L179,L182",38,True,relay_cascade,
1,20260708,L003->L006,L003,L006,True,True,54.33810863571874,54.33810863571874,0.0,1.0,"L003,L006,L015,L018,L019,L030,L039,L044,L045,L046,L054,L056,L060,L102,L104,L109,L110,L111,L112,L113,L115,L128,L134,L140,L143,L148,L149,L150,L153,L154,L155,L156,L157,L158,L159,L160,L169,L178,L179,L182",40,58.0069252779525,58.0069252779525,36,"L019,L030,L039,L044,L045,L046,L054,L056,L060,L102,L104,L109,L110,L111,L112,L113,L115,L128,L134,L140,L143,L148,L149,L150,L153,L154,L155,L156,L157,L158,L159,L160,L169,L178,L179,L182",38,True,relay_cascade,
1,20260708,L003->L007,L003,L007,True,True,25.67010059251546,25.67010059251546,0.0,1.0000000000000075,"L003,L007,L015,L018,L019,L020,L022,L030,L045,L046,L060,L065,L091,L102,L104,L109,L110,L111,L113,L115,L128,L134,L140,L143,L149,L150,L153,L154,L155,L156,L158,L159,L160,L169,L178,L179,L182",37,66.16943982901915,66.16943982901915,33,"L019,L020,L022,L030,L045,L046,L060,L065,L091,L102,L104,L109,L110,L111,L113,L115,L128,L134,L140,L143,L149,L150,L153,L154,L155,L156,L158,L159,L160,L169,L178,L179,L182",35,True,relay_cascade,
1,20260708,L003->L008,L003,L008,True,True,99.6819767056665,99.6819767056665,0.0,1.0,"L001,L003,L008,L012,L014,L015,L017,L018,L019,L020,L022,L024,L026,L030,L037,L044,L045,L046,L048,L056,L057,L060,L077,L078,L082,L095,L102,L104,L109,L110,L111,L112,L113,L115,L128,L134,L140,L143,L148,L149,L150,L153,L154,L155,L156,L157,L158,L159,L160,L169,L178,L179,L182",53,59.25944015798011,59.25944015798011,49,"L001,L012,L014,L017,L019,L020,L022,L024,L026,L030,L037,L044,L045,L046,L048,L056,L057,L060,L077,L078,L082,L095,L102,L104,L109,L110,L111,L112,L113,L115,L128,L134,L140,L143,L148,L149,L150,L153,L154,L155,L156,L157,L158,L159,L160,L169,L178,L179,L182",51,True,relay_cascade,
1,20260708,L003->L009,L003,L009,True,True,25.67010059251546,25.67010059251546,0.0,1.0000000000000042,"L003,L009,L015,L018,L019,L020,L022,L030,L045,L046,L060,L065,L091,L102,L104,L109,L110,L111,L113,L115,L128,L134,L140,L143,L149,L150,L153,L154,L155,L156,L158,L159,L160,L169,L178,L179,L182",37,66.16943982901915,66.16943982901915,33,"L019,L020,L022,L030,L045,L046,L060,L065,L091,L102,L104,L109,L110,L111,L113,L115,L128,L134,L140,L143,L149,L150,L153,L154,L155,L156,L158,L159,L160,L169,L178,L179,L182",35,True,relay_cascade,
1,20260708,L003->L010,L003,L010,True,True,36.82232008588366,36.82232008588366,0.0,1.0000000000000002,"L003,L010,L015,L018,L019,L030,L040,L044,L045,L046,L054,L056,L060,L102,L104,L109,L110,L111,L112,L113,L115,L128,L134,L140,L143,L148,L149,L150,L153,L154,L155,L156,L157,L158,L159,L160,L169,L178,L179,L182",40,58.58832358935725,58.58832358935725,36,"L019,L030,L040,L044,L045,L046,L054,L056,L060,L102,L104,L109,L110,L111,L112,L113,L115,L128,L134,L140,L143,L148,L149,L150,L153,L154,L155,L156,L157,L158,L159,L160,L169,L178,L179,L182",38,True,relay_cascade,
1,20260708,L003->L011,L003,L011,True,True,62.49242067839912,62.49242067839912,0.0,1.0,"L001,L003,L004,L011,L014,L015,L018,L019,L020,L022,L030,L037,L040,L044,L045,L046,L054,L056,L060,L102,L104,L109,L110,L111,L112,L113,L115,L128,L134,L140,L143,L148,L149,L150,L153,L154,L155,L156,L157,L158,L159,L160,L169,L178,L179,L182",46,59.27111772105741,59.27111772105741,42,"L001,L004,L014,L019,L020,L022,L030,L037,L040,L044,L045,L046,L054,L056,L060,L102,L104,L109,L110,L111,L112,L113,L115,L128,L134,L140,L143,L148,L149,L150,L153,L154,L155,L156,L157,L158,L159,L160,L169,L178,L179,L182",44,True,relay_cascade,
1,20260708,L003->L012,L003,L012,True,True,77.36714366189312,77.36714366189312,0.0,1.0000000000000007,"L001,L003,L012,L014,L015,L018,L019,L020,L030,L037,L044,L045,L046,L056,L057,L060,L065,L077,L078,L082,L095,L102,L104,L109,L110,L111,L112,L113,L115,L128,L129,L130,L131,L134,L140,L143,L149,L150,L153,L154,L155,L156,L157,L158,L159,L160,L169,L178,L179,L182",50,60.17463542854496,60.17463542854496,46,"L001,L014,L019,L020,L030,L037,L044,L045,L046,L056,L057,L060,L065,L077,L078,L082,L095,L102,L104,L109,L110,L111,L112,L113,L115,L128,L129,L130,L131,L134,L140,L143,L149,L150,L153,L154,L155,L156,L157,L158,L159,L160,L169,L178,L179,L182",48,True,relay_cascade,
1,20260708,L003->L013,L003,L013,True,True,0.5644550634935908,0.0,0.5644550634935908,1.000000000000023,"L003,L013,L015,L018",4,1.0280696537827956,1.0280696537827956,0,,2,False,island_only,
1,20260708,L003->L014,L003,L014,True,False,0.0,0.0,0.0,1.0000000000000016,"L003,L014,L015,L018",4,1.090367140703509,1.090367140703509,0,,2,False,non_critical,
1,20260708,L003->L015,L003,L015,True,False,0.0,0.0,0.0,1.000000000000023,"L003,L015,L018",3,1.0000000000000204,1.0000000000000204,0,,1,False,non_critical,
1,20260708,L003->L016,L003,L016,True,True,68.33711213373446,68.33711213373446,0.0,1.000000000000001,"L003,L015,L016,L018,L019,L030,L039,L044,L045,L046,L054,L056,L057,L060,L102,L109,L110,L111,L112,L113,L115,L128,L134,L140,L143,L148,L149,L150,L153,L154,L155,L156,L157,L158,L159,L160,L169,L178,L179,L182",40,57.573652400811845,57.573652400811845,36,"L019,L030,L039,L044,L045,L046,L054,L056,L057,L060,L102,L109,L110,L111,L112,L113,L115,L128,L134,L140,L143,L148,L149,L150,L153,L154,L155,L156,L157,L158,L159,L160,L169,L178,L179,L182",38,True,relay_cascade,
1,20260708,L003->L017,L003,L017,True,True,51.506419351557014,51.506419351557014,0.0,1.0,"L003,L015,L017,L018,L019,L030,L040,L044,L045,L046,L054,L056,L060,L102,L104,L109,L110,L111,L112,L113,L115,L128,L134,L140,L143,L148,L149,L150,L153,L154,L155,L156,L157,L158,L159,L160,L169,L178,L179,L182",40,58.09416640587929,58.09416640587929,36,"L019,L030,L040,L044,L045,L046,L054,L056,L060,L102,L104,L109,L110,L111,L112,L113,L115,L128,L134,L140,L143,L148,L149,L150,L153,L154,L155,L156,L157,L158,L159,L160,L169,L178,L179,L182",38,True,relay_cascade,
1,20260708,L003->L018,L003,L018,True,False,0.0,0.0,0.0,1.000000000000023,"L003,L015,L018",3,1.0000000000000204,1.0000000000000204,0,,1,False,non_critical,
1,20260708,L003->L019,L003,L019,True,False,0.0,0.0,0.0,1.000000000000003,"L003,L015,L018,L019",4,1.0315949342768078,1.0315949342768078,0,,2,False,non_critical,
1,20260708,L003->L020,L003,L020,True,False,0.0,0.0,0.0,1.0000000000000204,"L003,L015,L018,L020",4,1.02655930408043,1.02655930408043,0,,2,False,non_critical,
1,20260708,L003->L021,L003,L021,True,True,84.99787743999315,84.99787743999315,0.0,1.0000000000000369,"L003,L015,L018,L019,L020,L021,L022,L024,L025,L026,L030,L039,L040,L044,L045,L046,L048,L054,L056,L057,L060,L102,L109,L110,L111,L112,L113,L115,L128,L134,L140,L143,L148,L149,L150,L153,L154,L155,L156,L157,L158,L159,L160,L169,L178,L179,L182",47,57.51740031218547,57.51740031218547,43,"L019,L020,L022,L024,L025,L026,L030,L039,L040,L044,L045,L046,L048,L054,L056,L057,L060,L102,L109,L110,L111,L112,L113,L115,L128,L134,L140,L143,L148,L149,L150,L153,L154,L155,L156,L157,L158,L159,L160,L169,L178,L179,L182",45,True,relay_cascade,
1,20260708,L003->L022,L003,L022,True,True,62.49242067839912,62.49242067839912,0.0,1.0000000000000007,"L003,L015,L018,L019,L020,L022,L030,L039,L044,L045,L046,L054,L056,L060,L102,L104,L109,L110,L111,L112,L113,L115,L128,L134,L140,L143,L148,L149,L150,L153,L154,L155,L156,L157,L158,L159,L160,L169,L178,L179,L182",41,57.75245516480675,57.75245516480675,37,"L019,L020,L030,L039,L044,L045,L046,L054,L056,L060,L102,L104,L109,L110,L111,L112,L113,L115,L128,L134,L140,L143,L148,L149,L150,L153,L154,L155,L156,L157,L158,L159,L160,L169,L178,L179,L182",39,True,relay_cascade,
1,20260708,L003->L023,L003,L023,True,True,36.82232008588366,36.82232008588366,0.0,1.0000000000000016,"L003,L015,L018,L019,L023,L025,L026,L030,L039,L040,L044,L045,L046,L054,L056,L057,L060,L102,L109,L110,L111,L112,L113,L114,L115,L128,L134,L140,L143,L148,L149,L150,L153,L154,L155,L156,L157,L158,L159,L160,L169,L178,L179,L182",44,60.129661561039214,60.129661561039214,40,"L019,L025,L026,L030,L039,L040,L044,L045,L046,L054,L056,L057,L060,L102,L109,L110,L111,L112,L113,L114,L115,L128,L134,L140,L143,L148,L149,L150,L153,L154,L155,L156,L157,L158,L159,L160,L169,L178,L179,L182",42,True,relay_cascade,
1,20260708,L003->L024,L003,L024,True,True,36.82232008588366,36.82232008588366,0.0,1.0000000000000184,"L003,L015,L018,L019,L024,L025,L026,L030,L039,L040,L044,L045,L046,L054,L056,L060,L102,L109,L110,L111,L112,L113,L114,L115,L128,L134,L140,L143,L148,L149,L150,L153,L154,L155,L156,L157,L158,L159,L160,L169,L178,L179,L182",43,60.51474901345422,60.51474901345422,39,"L019,L025,L026,L030,L039,L040,L044,L045,L046,L054,L056,L060,L102,L109,L110,L111,L112,L113,L114,L115,L128,L134,L140,L143,L148,L149,L150,L153,L154,L155,L156,L157,L158,L159,L160,L169,L178,L179,L182",41,True,relay_cascade,
1,20260708,L003->L025,L003,L025,True,False,0.0,0.0,0.0,1.0000000000000047,"L003,L015,L018,L025",4,1.0959717289330375,1.0959717289330375,0,,2,False,non_critical,
1,20260708,L003->L026,L003,L026,True,False,0.0,0.0,0.0,1.0000000000000675,"L003,L015,L018,L026",4,1.0446725426935226,1.0446725426935226,0,,2,False,non_critical,
1,20260708,L003->L027,L003,L027,True,True,36.82232008588366,36.82232008588366,0.0,1.0000000000000735,"L003,L015,L018,L019,L027,L030,L044,L045,L046,L054,L056,L057,L060,L102,L104,L109,L110,L111,L112,L113,L115,L128,L134,L140,L143,L148,L149,L150,L153,L154,L155,L156,L157,L158,L159,L160,L169,L178,L179,L182",40,59.664881600365874,59.664881600365874,36,"L019,L030,L044,L045,L046,L054,L056,L057,L060,L102,L104,L109,L110,L111,L112,L113,L115,L128,L134,L140,L143,L148,L149,L150,L153,L154,L155,L156,L157,L158,L159,L160,L169,L178,L179,L182",38,True,relay_cascade,
1,20260708,L003->L028,L003,L028,True,True,69.05767993523725,69.05767993523725,0.0,1.0000000000000002,"L003,L015,L018,L019,L024,L025,L028,L030,L044,L045,L046,L054,L056,L060,L102,L104,L109,L110,L111,L112,L113,L115,L128,L134,L140,L143,L148,L149,L150,L153,L154,L155,L156,L157,L158,L159,L160,L169,L178,L179,L182",41,57.487556257869706,57.487556257869706,37,"L019,L024,L025,L030,L044,L045,L046,L054,L056,L060,L102,L104,L109,L110,L111,L112,L113,L115,L128,L134,L140,L143,L148,L149,L150,L153,L154,L155,L156,L157,L158,L159,L160,L169,L178,L179,L182",39,True,relay_cascade,
1,20260708,L003->L029,L003,L029,True,True,79.13039712130427,79.13039712130427,0.0,1.0000000000000004,"L003,L015,L018,L019,L024,L025,L029,L030,L044,L045,L046,L054,L056,L060,L102,L104,L109,L110,L111,L112,L113,L115,L128,L134,L140,L143,L148,L149,L150,L153,L154,L155,L156,L157,L158,L159,L160,L169,L178,L179,L182",41,56.300908397211145,56.300908397211145,37,"L019,L024,L025,L030,L044,L045,L046,L054,L056,L060,L102,L104,L109,L110,L111,L112,L113,L115,L128,L134,L140,L143,L148,L149,L150,L153,L154,L155,L156,L157,L158,L159,L160,L169,L178,L179,L182",39,True,relay_cascade,
1,20260708,L003->L030,L003,L030,True,True,36.82232008588366,36.82232008588366,0.0,1.0,"L003,L015,L018,L019,L030,L040,L044,L045,L046,L054,L056,L057,L060,L065,L078,L082,L095,L102,L104,L109,L110,L111,L112,L113,L114,L115,L128,L134,L140,L143,L148,L149,L150,L153,L154,L155,L156,L157,L158,L159,L160,L169,L178,L179,L182",45,57.809394726966474,57.809394726966474,41,"L019,L040,L044,L045,L046,L054,L056,L057,L060,L065,L078,L082,L095,L102,L104,L109,L110,L111,L112,L113,L114,L115,L128,L134,L140,L143,L148,L149,L150,L153,L154,L155,L156,L157,L158,L159,L160,L169,L178,L179,L182",43,True,relay_cascade,
1,20260708,L003->L031,L003,L031,True,True,69.00782057757255,69.00782057757255,0.0,1.0,"L003,L015,L018,L019,L020,L022,L025,L030,L031,L035,L039,L040,L042,L043,L044,L045,L046,L054,L056,L057,L060,L102,L104,L109,L110,L111,L112,L113,L115,L128,L134,L140,L143,L150,L153,L154,L155,L156,L158,L159,L160,L169,L178,L179,L182",45,60.613873726297676,60.613873726297676,41,"L019,L020,L022,L025,L030,L035,L039,L040,L042,L043,L044,L045,L046,L054,L056,L057,L060,L102,L104,L109,L110,L111,L112,L113,L115,L128,L134,L140,L143,L150,L153,L154,L155,L156,L158,L159,L160,L169,L178,L179,L182",43,True,relay_cascade,
1,20260708,L003->L032,L003,L032,True,True,44.094508903887366,44.094508903887366,0.0,1.0000000000000016,"L003,L015,L018,L019,L025,L030,L032,L039,L040,L044,L045,L046,L054,L056,L060,L102,L104,L109,L110,L111,L112,L113,L115,L128,L134,L140,L143,L148,L149,L150,L153,L154,L155,L156,L157,L158,L159,L160,L169,L178,L179,L180,L182,L186",44,61.03848770111139,61.03848770111139,40,"L019,L025,L030,L039,L040,L044,L045,L046,L054,L056,L060,L102,L104,L109,L110,L111,L112,L113,L115,L128,L134,L140,L143,L148,L149,L150,L153,L154,L155,L156,L157,L158,L159,L160,L169,L178,L179,L180,L182,L186",42,True,relay_cascade,
1,20260708,L003->L033,L003,L033,True,True,98.45092384663216,98.45092384663216,0.0,1.0,"L003,L015,L018,L019,L020,L022,L030,L033,L039,L040,L043,L044,L045,L046,L054,L056,L060,L102,L104,L109,L110,L111,L113,L115,L128,L134,L140,L143,L148,L149,L150,L153,L154,L155,L156,L157,L158,L159,L160,L169,L178,L179,L180,L182",44,59.46976520926643,59.46976520926643,40,"L019,L020,L022,L030,L039,L040,L043,L044,L045,L046,L054,L056,L060,L102,L104,L109,L110,L111,L113,L115,L128,L134,L140,L143,L148,L149,L150,L153,L154,L155,L156,L157,L158,L159,L160,L169,L178,L179,L180,L182",42,True,relay_cascade,
1,20260708,L003->L034,L003,L034,True,True,77.86801376183662,77.86801376183662,0.0,1.0000000000000002,"L003,L015,L018,L019,L030,L034,L039,L040,L044,L045,L046,L054,L056,L060,L102,L104,L109,L110,L111,L112,L113,L115,L128,L134,L140,L143,L148,L149,L150,L153,L154,L155,L156,L157,L158,L159,L160,L169,L178,L179,L182",41,57.204033082885225,57.204033082885225,37,"L019,L030,L039,L040,L044,L045,L046,L054,L056,L060,L102,L104,L109,L110,L111,L112,L113,L115,L128,L134,L140,L143,L148,L149,L150,L153,L154,L155,L156,L157,L158,L159,L160,L169,L178,L179,L182",39,True,relay_cascade,
1,20260708,L003->L035,L003,L035,True,True,60.73919829355475,60.73919829355475,0.0,1.0,"L003,L015,L018,L019,L030,L035,L040,L044,L045,L046,L054,L056,L060,L102,L104,L109,L110,L111,L112,L113,L115,L128,L134,L140,L143,L148,L149,L150,L153,L154,L155,L156,L157,L158,L159,L160,L169,L178,L179,L182",40,57.77681564958925,57.77681564958925,36,"L019,L030,L040,L044,L045,L046,L054,L056,L060,L102,L104,L109,L110,L111,L112,L113,L115,L128,L134,L140,L143,L148,L149,L150,L153,L154,L155,L156,L157,L158,L159,L160,L169,L178,L179,L182",38,True,relay_cascade,
1,20260708,L003->L036,L003,L036,True,True,171.63451716785056,171.63451716785056,0.0,1.0000000000000002,"L001,L003,L011,L012,L014,L015,L018,L019,L020,L025,L026,L027,L030,L032,L036,L039,L040,L044,L045,L046,L048,L054,L056,L060,L065,L102,L104,L109,L110,L111,L112,L113,L114,L115,L128,L129,L130,L131,L132,L134,L140,L143,L149,L150,L153,L154,L155,L156,L157,L158,L159,L160,L169,L178,L179,L182",56,52.46402472544561,52.46402472544561,52,"L001,L011,L012,L014,L019,L020,L025,L026,L027,L030,L032,L039,L040,L044,L045,L046,L048,L054,L056,L060,L065,L102,L104,L109,L110,L111,L112,L113,L114,L115,L128,L129,L130,L131,L132,L134,L140,L143,L149,L150,L153,L154,L155,L156,L157,L158,L159,L160,L169,L178,L179,L182",54,True,relay_cascade,
1,20260708,L003->L037,L003,L037,True,True,118.73289048794797,118.73289048794797,0.0,1.0000000000000018,"L001,L003,L011,L012,L014,L015,L017,L018,L019,L020,L022,L030,L037,L044,L045,L046,L056,L057,L060,L077,L078,L082,L095,L102,L104,L109,L110,L111,L112,L113,L115,L128,L134,L140,L143,L148,L149,L150,L153,L154,L155,L156,L157,L158,L159,L160,L169,L178,L179,L182",50,59.28844566740276,59.28844566740276,46,"L001,L011,L012,L014,L017,L019,L020,L022,L030,L044,L045,L046,L056,L057,L060,L077,L078,L082,L095,L102,L104,L109,L110,L111,L112,L113,L115,L128,L134,L140,L143,L148,L149,L150,L153,L154,L155,L156,L157,L158,L159,L160,L169,L178,L179,L182",48,True,relay_cascade,
1,20260708,L003->L038,L003,L038,True,False,0.0,0.0,0.0,1.0000000000000184,"L003,L015,L018,L019,L030,L032,L038,L039,L040,L045,L046,L060,L065,L102,L104,L109,L110,L111,L112,L113,L115,L128,L134,L140,L143,L149,L150,L153,L154,L155,L156,L158,L159,L160,L169,L178,L179,L182",38,61.35774237844875,61.35774237844875,34,"L019,L030,L032,L039,L040,L045,L046,L060,L065,L102,L104,L109,L110,L111,L112,L113,L115,L128,L134,L140,L143,L149,L150,L153,L154,L155,L156,L158,L159,L160,L169,L178,L179,L182",36,True,non_critical,
1,20260708,L003->L039,L003,L039,True,False,0.0,0.0,0.0,1.0000000000000042,"L003,L015,L018,L019,L030,L039,L040,L044,L045,L046,L054,L056,L060,L102,L104,L109,L110,L111,L112,L113,L115,L128,L134,L140,L143,L150,L153,L154,L155,L156,L158,L159,L160,L169,L178,L179,L182",37,59.66045666762221,59.66045666762221,33,"L019,L030,L040,L044,L045,L046,L054,L056,L060,L102,L104,L109,L110,L111,L112,L113,L115,L128,L134,L140,L143,L150,L153,L154,L155,L156,L158,L159,L160,L169,L178,L179,L182",35,True,non_critical,
1,20260708,L003->L040,L003,L040,True,False,0.0,0.0,0.0,1.000000000000023,"L003,L015,L018,L040,L182",5,3.619842544583163,3.619842544583163,1,L182,3,True,non_critical,
1,20260708,L003->L041,L003,L041,True,True,60.73919829355475,60.73919829355475,0.0,1.0000000000000184,"L003,L015,L018,L019,L030,L035,L039,L040,L041,L043,L044,L045,L046,L054,L056,L060,L102,L104,L109,L110,L111,L112,L113,L114,L115,L128,L134,L140,L143,L148,L149,L150,L153,L154,L155,L156,L157,L158,L159,L160,L169,L178,L179,L182",44,57.80939472696634,57.80939472696634,40,"L019,L030,L035,L039,L040,L043,L044,L045,L046,L054,L056,L060,L102,L104,L109,L110,L111,L112,L113,L114,L115,L128,L134,L140,L143,L148,L149,L150,L153,L154,L155,L156,L157,L158,L159,L160,L169,L178,L179,L182",42,True,relay_cascade,
1,20260708,L003->L042,L003,L042,True,True,77.86801376183662,77.86801376183662,0.0,1.0000000000000002,"L003,L015,L018,L019,L030,L034,L035,L039,L040,L042,L044,L045,L046,L054,L056,L060,L102,L104,L109,L110,L111,L112,L113,L115,L128,L134,L140,L143,L148,L149,L150,L153,L154,L155,L156,L157,L158,L159,L160,L169,L178,L179,L182",43,58.37245848820827,58.37245848820827,39,"L019,L030,L034,L035,L039,L040,L044,L045,L046,L054,L056,L060,L102,L104,L109,L110,L111,L112,L113,L115,L128,L134,L140,L143,L148,L149,L150,L153,L154,L155,L156,L157,L158,L159,L160,L169,L178,L179,L182",41,True,relay_cascade,
1,20260708,L003->L043,L003,L043,True,True,36.82232008588366,36.82232008588366,0.0,1.0000000000000735,"L003,L015,L018,L019,L030,L043,L044,L045,L046,L054,L056,L057,L060,L102,L104,L109,L110,L111,L113,L115,L128,L134,L140,L143,L148,L149,L150,L153,L154,L155,L156,L157,L158,L159,L160,L169,L178,L179,L182",39,59.68811704492774,59.68811704492774,35,"L019,L030,L044,L045,L046,L054,L056,L057,L060,L102,L104,L109,L110,L111,L113,L115,L128,L134,L140,L143,L148,L149,L150,L153,L154,L155,L156,L157,L158,L159,L160,L169,L178,L179,L182",37,True,relay_cascade,
1,20260708,L003->L044,L003,L044,True,False,0.0,0.0,0.0,1.0000000000000675,"L003,L015,L018,L044",4,1.1391669814391268,1.1391669814391268,0,,2,False,non_critical,
1,20260708,L003->L045,L003,L045,True,False,0.0,0.0,0.0,1.000000000000023,"L003,L015,L018,L045",4,1.0328987142587196,1.0328987142587196,0,,2,False,non_critical,
1,20260708,L003->L046,L003,L046,True,False,0.0,0.0,0.0,1.0000000000000675,"L003,L015,L018,L046",4,1.00955479940712,1.00955479940712,0,,2,False,non_critical,
1,20260708,L003->L047,L003,L047,True,True,68.12292542074417,68.12292542074417,0.0,1.0000000000000024,"L003,L015,L018,L019,L030,L039,L044,L045,L046,L047,L054,L056,L057,L060,L102,L109,L110,L111,L112,L113,L115,L128,L134,L140,L143,L148,L149,L150,L153,L154,L155,L156,L157,L158,L159,L160,L169,L178,L179,L182",40,57.58856664217397,57.58856664217397,36,"L019,L030,L039,L044,L045,L046,L054,L056,L057,L060,L102,L109,L110,L111,L112,L113,L115,L128,L134,L140,L143,L148,L149,L150,L153,L154,L155,L156,L157,L158,L159,L160,L169,L178,L179,L182",38,True,relay_cascade,
1,20260708,L003->L048,L003,L048,True,True,59.32777684747769,59.32777684747769,0.0,1.0000000000000027,"L003,L015,L018,L019,L030,L040,L044,L045,L046,L048,L054,L056,L060,L102,L109,L110,L111,L112,L113,L115,L128,L134,L140,L143,L148,L149,L150,L153,L154,L155,L156,L157,L158,L159,L160,L169,L178,L179,L182",39,57.83196315671862,57.83196315671862,35,"L019,L030,L040,L044,L045,L046,L054,L056,L060,L102,L109,L110,L111,L112,L113,L115,L128,L134,L140,L143,L148,L149,L150,L153,L154,L155,L156,L157,L158,L159,L160,L169,L178,L179,L182",37,True,relay_cascade,
1,20260708,L003->L049,L003,L049,True,True,36.82232008588366,36.82232008588366,0.0,1.0000000000000413,"L003,L015,L018,L019,L030,L040,L044,L045,L046,L049,L054,L056,L060,L102,L104,L109,L110,L111,L112,L113,L115,L128,L134,L140,L143,L148,L149,L150,L153,L154,L155,L156,L157,L158,L159,L160,L169,L178,L179,L182",40,58.82915157516195,58.82915157516195,36,"L019,L030,L040,L044,L045,L046,L054,L056,L060,L102,L104,L109,L110,L111,L112,L113,L115,L128,L134,L140,L143,L148,L149,L150,L153,L154,L155,L156,L157,L158,L159,L160,L169,L178,L179,L182",38,True,relay_cascade,
1,20260708,L003->L050,L003,L050,True,True,68.12292542074417,68.12292542074417,0.0,1.000000000000001,"L003,L015,L018,L019,L030,L039,L044,L045,L046,L047,L050,L054,L056,L057,L060,L065,L102,L104,L109,L110,L111,L112,L113,L115,L128,L134,L140,L143,L148,L149,L150,L153,L154,L155,L156,L157,L158,L159,L160,L169,L178,L179,L182",43,57.58232299577573,57.58232299577573,39,"L019,L030,L039,L044,L045,L046,L047,L054,L056,L057,L060,L065,L102,L104,L109,L110,L111,L112,L113,L115,L128,L134,L140,L143,L148,L149,L150,L153,L154,L155,L156,L157,L158,L159,L160,L169,L178,L179,L182",41,True,relay_cascade,
1,20260708,L003->L051,L003,L051,True,True,108.77794928405052,103.34437540086802,5.433573883182504,1.0000000000000007,"L003,L015,L018,L019,L020,L022,L024,L030,L040,L044,L045,L046,L048,L051,L057,L058,L059,L060,L065,L074,L077,L078,L082,L091,L093,L094,L095,L102,L104,L109,L110,L111,L112,L113,L115,L128,L134,L140,L143,L148,L149,L150,L153,L154,L155,L156,L157,L158,L159,L160,L169,L178,L179,L182",54,53.44242997751601,53.44242997751601,50,"L019,L020,L022,L024,L030,L040,L044,L045,L046,L048,L057,L058,L059,L060,L065,L074,L077,L078,L082,L091,L093,L094,L095,L102,L104,L109,L110,L111,L112,L113,L115,L128,L134,L140,L143,L148,L149,L150,L153,L154,L155,L156,L157,L158,L159,L160,L169,L178,L179,L182",52,True,relay_cascade,
1,20260708,L003->L052,L003,L052,True,True,86.63824718346618,83.77663527297527,2.861611910490902,1.0000000000000004,"L003,L015,L018,L019,L030,L044,L045,L046,L052,L053,L057,L058,L060,L064,L065,L074,L077,L078,L082,L095,L102,L104,L109,L110,L111,L112,L113,L114,L115,L128,L134,L140,L143,L148,L149,L150,L151,L153,L154,L155,L156,L157,L158,L159,L160,L169,L178,L179,L182",49,56.92008489426868,56.92008489426868,45,"L019,L030,L044,L045,L046,L053,L057,L058,L060,L064,L065,L074,L077,L078,L082,L095,L102,L104,L109,L110,L111,L112,L113,L114,L115,L128,L134,L140,L143,L148,L149,L150,L151,L153,L154,L155,L156,L157,L158,L159,L160,L169,L178,L179,L182",47,True,relay_cascade,
1,20260708,L003->L053,L003,L053,True,True,41.41439735511439,39.96149009303274,1.452907262081654,1.0000000000000087,"L003,L015,L018,L019,L030,L040,L044,L045,L046,L053,L054,L055,L057,L058,L060,L102,L104,L109,L110,L111,L112,L113,L114,L115,L126,L127,L128,L134,L140,L143,L148,L149,L150,L153,L154,L155,L156,L157,L158,L159,L160,L169,L178,L179,L182",45,57.758988136771166,57.758988136771166,41,"L019,L030,L040,L044,L045,L046,L054,L055,L057,L058,L060,L102,L104,L109,L110,L111,L112,L113,L114,L115,L126,L127,L128,L134,L140,L143,L148,L149,L150,L153,L154,L155,L156,L157,L158,L159,L160,L169,L178,L179,L182",43,True,relay_cascade,
1,20260708,L003->L054,L003,L054,True,True,57.560789376235434,57.560789376235434,0.0,1.0000000000000018,"L003,L015,L018,L019,L020,L022,L024,L026,L030,L032,L039,L040,L044,L045,L046,L054,L057,L060,L062,L063,L064,L065,L078,L091,L102,L104,L105,L106,L109,L110,L111,L112,L113,L114,L115,L128,L134,L140,L143,L149,L150,L153,L154,L155,L156,L158,L159,L160,L169,L178,L179,L182,L186",53,61.40440398181978,61.40440398181978,49,"L019,L020,L022,L024,L026,L030,L032,L039,L040,L044,L045,L046,L057,L060,L062,L063,L064,L065,L078,L091,L102,L104,L105,L106,L109,L110,L111,L112,L113,L114,L115,L128,L134,L140,L143,L149,L150,L153,L154,L155,L156,L158,L159,L160,L169,L178,L179,L182,L186",51,True,relay_cascade,
1,20260708,L003->L055,L003,L055,True,False,0.0,0.0,0.0,1.0000000000000102,"L003,L015,L018,L055,L060",5,1.2070433027925573,1.2070433027925573,1,L060,3,True,non_critical,
1,20260708,L003->L056,L003,L056,True,False,0.0,0.0,0.0,1.0000000000000102,"L003,L015,L018,L056",4,1.087643650054133,1.087643650054133,0,,2,False,non_critical,
1,20260708,L003->L057,L003,L057,True,False,0.0,0.0,0.0,1.0000000000000056,"L003,L015,L018,L057,L102",5,1.2643844828182156,1.2643844828182156,1,L102,3,True,non_critical,
1,20260708,L003->L058,L003,L058,True,True,39.394282058575264,36.82232008588366,2.5719619726916054,1.0,"L003,L015,L018,L019,L030,L040,L044,L045,L046,L054,L057,L058,L060,L065,L077,L078,L082,L095,L102,L104,L109,L110,L111,L112,L113,L114,L115,L128,L134,L140,L143,L148,L149,L150,L153,L154,L155,L156,L157,L158,L159,L160,L169,L178,L179,L182",46,57.809394726966474,57.809394726966474,42,"L019,L030,L040,L044,L045,L046,L054,L057,L060,L065,L077,L078,L082,L095,L102,L104,L109,L110,L111,L112,L113,L114,L115,L128,L134,L140,L143,L148,L149,L150,L153,L154,L155,L156,L157,L158,L159,L160,L169,L178,L179,L182",44,True,relay_cascade,
1,20260708,L003->L059,L003,L059,True,True,55.16881804675853,55.16881804675853,0.0,1.0,"L003,L015,L018,L019,L030,L040,L044,L045,L046,L054,L056,L057,L059,L060,L102,L109,L110,L111,L112,L113,L115,L128,L134,L140,L143,L148,L149,L150,L153,L154,L155,L156,L157,L158,L159,L160,L169,L178,L179,L182",40,58.0263536152176,58.0263536152176,36,"L019,L030,L040,L044,L045,L046,L054,L056,L057,L060,L102,L109,L110,L111,L112,L113,L115,L128,L134,L140,L143,L148,L149,L150,L153,L154,L155,L156,L157,L158,L159,L160,L169,L178,L179,L182",38,True,relay_cascade,
1,20260708,L003->L060,L003,L060,True,False,0.0,0.0,0.0,1.000000000000023,"L003,L015,L018,L060",4,1.1110931174315721,1.1110931174315721,0,,2,False,non_critical,
1,20260708,L003->L061,L003,L061,True,True,70.703891942181,70.703891942181,0.0,1.0,"L003,L015,L018,L019,L030,L040,L044,L045,L046,L054,L056,L057,L060,L061,L065,L102,L109,L110,L111,L112,L113,L115,L128,L134,L140,L143,L148,L149,L150,L153,L154,L155,L156,L157,L158,L159,L160,L169,L178,L179,L182",41,57.519529196145655,57.519529196145655,37,"L019,L030,L040,L044,L045,L046,L054,L056,L057,L060,L065,L102,L109,L110,L111,L112,L113,L115,L128,L134,L140,L143,L148,L149,L150,L153,L154,L155,L156,L157,L158,L159,L160,L169,L178,L179,L182",39,True,relay_cascade,
1,20260708,L003->L062,L003,L062,True,False,0.0,0.0,0.0,1.000000000000001,"L003,L015,L018,L019,L030,L040,L044,L045,L046,L054,L056,L057,L060,L062,L064,L065,L077,L078,L082,L095,L102,L104,L106,L109,L110,L111,L112,L113,L114,L115,L128,L134,L140,L143,L149,L150,L153,L154,L155,L156,L157,L158,L159,L160,L169,L178,L179,L182,L186",49,52.22298463476297,52.22298463476297,45,"L019,L030,L040,L044,L045,L046,L054,L056,L057,L060,L064,L065,L077,L078,L082,L095,L102,L104,L106,L109,L110,L111,L112,L113,L114,L115,L128,L134,L140,L143,L149,L150,L153,L154,L155,L156,L157,L158,L159,L160,L169,L178,L179,L182,L186",47,True,non_critical,
1,20260708,L003->L063,L003,L063,True,False,0.0,0.0,0.0,1.0,"L003,L015,L018,L019,L030,L040,L044,L045,L046,L054,L056,L060,L063,L065,L102,L104,L106,L109,L110,L111,L112,L113,L114,L115,L128,L134,L140,L143,L149,L150,L153,L154,L155,L156,L157,L158,L159,L160,L169,L178,L179,L182,L186",43,57.65765726552973,57.65765726552973,39,"L019,L030,L040,L044,L045,L046,L054,L056,L060,L065,L102,L104,L106,L109,L110,L111,L112,L113,L114,L115,L128,L134,L140,L143,L149,L150,L153,L154,L155,L156,L157,L158,L159,L160,L169,L178,L179,L182,L186",41,True,non_critical,
1,20260708,L003->L064,L003,L064,True,False,0.0,0.0,0.0,1.0000000000000102,"L003,L015,L018,L064,L065",5,1.2249680372055,1.2249680372055,1,L065,3,True,non_critical,
1,20260708,L003->L065,L003,L065,True,False,0.0,0.0,0.0,1.0000000000000682,"L003,L015,L018,L065",4,1.0970896452216383,1.0970896452216383,0,,2,False,non_critical,
1,20260708,L003->L066,L003,L066,True,True,36.82232008588366,36.82232008588366,0.0,1.0000000000000002,"L003,L015,L018,L019,L030,L040,L044,L045,L046,L054,L056,L057,L060,L065,L066,L077,L078,L082,L095,L102,L104,L109,L110,L111,L112,L113,L114,L115,L128,L134,L140,L143,L148,L149,L150,L153,L154,L155,L156,L157,L158,L159,L160,L169,L178,L179,L182",47,57.809394726966474,57.809394726966474,43,"L019,L030,L040,L044,L045,L046,L054,L056,L057,L060,L065,L077,L078,L082,L095,L102,L104,L109,L110,L111,L112,L113,L114,L115,L128,L134,L140,L143,L148,L149,L150,L153,L154,L155,L156,L157,L158,L159,L160,L169,L178,L179,L182",45,True,relay_cascade,
1,20260708,L003->L067,L003,L067,True,True,36.82232008588366,36.82232008588366,0.0,1.0000000000000002,"L003,L015,L018,L019,L030,L040,L044,L045,L046,L054,L056,L057,L060,L065,L067,L077,L078,L082,L095,L102,L104,L109,L110,L111,L112,L113,L114,L115,L128,L134,L140,L143,L148,L149,L150,L153,L154,L155,L156,L157,L158,L159,L160,L169,L178,L179,L182",47,57.809394726966474,57.809394726966474,43,"L019,L030,L040,L044,L045,L046,L054,L056,L057,L060,L065,L077,L078,L082,L095,L102,L104,L109,L110,L111,L112,L113,L114,L115,L128,L134,L140,L143,L148,L149,L150,L153,L154,L155,L156,L157,L158,L159,L160,L169,L178,L179,L182",45,True,relay_cascade,
1,20260708,L003->L068,L003,L068,True,True,119.13750114398512,119.13750114398512,0.0,1.0000000000000369,"L003,L015,L018,L019,L030,L040,L044,L045,L046,L054,L060,L062,L065,L068,L102,L104,L109,L110,L111,L112,L113,L115,L128,L134,L140,L143,L148,L149,L150,L153,L154,L155,L156,L157,L158,L159,L160,L169,L178,L179,L182",41,56.05642192494128,56.05642192494128,37,"L019,L030,L040,L044,L045,L046,L054,L060,L062,L065,L102,L104,L109,L110,L111,L112,L113,L115,L128,L134,L140,L143,L148,L149,L150,L153,L154,L155,L156,L157,L158,L159,L160,L169,L178,L179,L182",39,True,relay_cascade,
1,20260708,L003->L069,L003,L069,True,False,0.0,0.0,0.0,1.0000000000000062,"L003,L015,L018,L060,L069",5,1.251408597271809,1.251408597271809,1,L060,3,True,non_critical,
1,20260708,L003->L070,L003,L070,True,False,0.0,0.0,0.0,1.000000000000017,"L003,L015,L018,L070,L077,L078,L079,L082,L102,L128",10,1.711253624634556,1.711253624634556,6,"L077,L078,L079,L082,L102,L128",8,True,non_critical,
1,20260708,L003->L071,L003,L071,True,True,107.3892661154242,107.3892661154242,0.0,1.0000000000000215,"L003,L015,L018,L019,L030,L040,L044,L045,L046,L054,L060,L071,L074,L078,L082,L102,L109,L110,L111,L112,L113,L115,L128,L134,L140,L143,L148,L149,L150,L153,L154,L155,L156,L157,L158,L159,L160,L169,L178,L179,L182",41,56.42461866276025,56.42461866276025,37,"L019,L030,L040,L044,L045,L046,L054,L060,L074,L078,L082,L102,L109,L110,L111,L112,L113,L115,L128,L134,L140,L143,L148,L149,L150,L153,L154,L155,L156,L157,L158,L159,L160,L169,L178,L179,L182",39,True,relay_cascade,
1,20260708,L003->L072,L003,L072,True,True,79.71011942383755,79.71011942383755,0.0,1.0000000000000144,"L003,L015,L018,L019,L030,L040,L044,L045,L046,L054,L056,L060,L072,L074,L102,L109,L110,L111,L112,L113,L115,L128,L134,L140,L143,L148,L149,L150,L153,L154,L155,L156,L157,L158,L159,L160,L169,L178,L179,L182",40,57.24524823841003,57.24524823841003,36,"L019,L030,L040,L044,L045,L046,L054,L056,L060,L074,L102,L109,L110,L111,L112,L113,L115,L128,L134,L140,L143,L148,L149,L150,L153,L154,L155,L156,L157,L158,L159,L160,L169,L178,L179,L182",38,True,relay_cascade,
1,20260708,L003->L073,L003,L073,True,False,0.0,0.0,0.0,1.0000000000000087,"L003,L015,L018,L073",4,1.0040204772631456,1.0040204772631456,0,,2,False,non_critical,
1,20260708,L003->L074,L003,L074,True,True,2.8616119104909106,0.0,2.8616119104909106,1.0000000000000675,"L003,L015,L018,L074,L078,L082",6,1.945938919911939,1.945938919911939,2,"L078,L082",4,True,relay_cascade,
1,20260708,L003->L075,L003,L075,True,False,0.0,0.0,0.0,1.000000000000023,"L003,L015,L018,L075",4,1.152245922183631,1.152245922183631,0,,2,False,non_critical,
1,20260708,L003->L076,L003,L076,True,False,0.0,0.0,0.0,1.000000000000023,"L003,L015,L018,L076",4,1.1509779849163826,1.1509779849163826,0,,2,False,non_critical,
1,20260708,L003->L077,L003,L077,True,False,0.0,0.0,0.0,1.0000000000000122,"L003,L015,L018,L077",4,1.0062585874609042,1.0062585874609042,0,,2,False,non_critical,
1,20260708,L003->L078,L003,L078,True,False,0.0,0.0,0.0,1.000000000000023,"L003,L015,L018,L078",4,1.1250112357404443,1.1250112357404443,0,,2,False,non_critical,
1,20260708,L003->L079,L003,L079,True,False,0.0,0.0,0.0,1.0000000000000682,"L003,L015,L018,L077,L078,L079",6,2.7379568955463833,2.7379568955463833,2,"L077,L078",4,True,non_critical,
1,20260708,L003->L080,L003,L080,True,False,0.0,0.0,0.0,1.0000000000000087,"L003,L015,L018,L080",4,1.0213429018567484,1.0213429018567484,0,,2,False,non_critical,
1,20260708,L003->L081,L003,L081,True,True,2.8616119104909106,0.0,2.8616119104909106,1.000000000000007,"L003,L015,L018,L074,L077,L078,L079,L081,L102",9,1.7461916801533521,1.7461916801533521,5,"L074,L077,L078,L079,L102",7,True,relay_cascade,
1,20260708,L003->L082,L003,L082,True,False,0.0,0.0,0.0,1.0000000000000122,"L003,L015,L018,L082",4,1.0426005202298212,1.0426005202298212,0,,2,False,non_critical,
1,20260708,L003->L083,L003,L083,True,False,0.0,0.0,0.0,1.0000000000000038,"L003,L015,L018,L083",4,1.002636936269671,1.002636936269671,0,,2,False,non_critical,
1,20260708,L003->L084,L003,L084,True,False,0.0,0.0,0.0,1.000000000000023,"L003,L015,L018,L084",4,1.0102233070200284,1.0102233070200284,0,,2,False,non_critical,
1,20260708,L003->L085,L003,L085,True,False,0.0,0.0,0.0,1.0000000000000675,"L003,L015,L018,L085",4,1.0827359795732554,1.0827359795732554,0,,2,False,non_critical,
1,20260708,L003->L086,L003,L086,True,False,0.0,0.0,0.0,1.0000000000000675,"L003,L015,L018,L086",4,1.0878528288779958,1.0878528288779958,0,,2,False,non_critical,
1,20260708,L003->L087,L003,L087,True,False,0.0,0.0,0.0,1.0000000000000675,"L003,L015,L018,L087",4,1.0262582988467208,1.0262582988467208,0,,2,False,non_critical,
1,20260708,L003->L088,L003,L088,True,False,0.0,0.0,0.0,1.0,"L003,L015,L018,L088",4,1.1153186804510065,1.1153186804510065,0,,2,False,non_critical,
1,20260708,L003->L089,L003,L089,True,False,0.0,0.0,0.0,1.0000000000000087,"L003,L015,L018,L089",4,1.1337486534260932,1.1337486534260932,0,,2,False,non_critical,
1,20260708,L003->L090,L003,L090,True,True,126.01555459277004,126.01555459277004,0.0,1.0,"L003,L015,L018,L019,L030,L039,L044,L045,L046,L054,L056,L057,L060,L065,L077,L078,L082,L089,L090,L091,L092,L095,L102,L104,L109,L110,L111,L112,L113,L115,L126,L127,L128,L129,L130,L131,L132,L134,L135,L140,L143,L148,L149,L150,L153,L154,L155,L156,L157,L158,L159,L160,L169,L178,L179,L182",56,62.05952900879695,62.05952900879695,52,"L019,L030,L039,L044,L045,L046,L054,L056,L057,L060,L065,L077,L078,L082,L089,L091,L092,L095,L102,L104,L109,L110,L111,L112,L113,L115,L126,L127,L128,L129,L130,L131,L132,L134,L135,L140,L143,L148,L149,L150,L153,L154,L155,L156,L157,L158,L159,L160,L169,L178,L179,L182",54,True,relay_cascade,
1,20260708,L003->L091,L003,L091,True,False,0.0,0.0,0.0,1.000000000000004,"L003,L015,L018,L091",4,1.0345049476137937,1.0345049476137937,0,,2,False,non_critical,
1,20260708,L003->L092,L003,L092,True,False,0.0,0.0,0.0,1.0000000000000016,"L003,L015,L018,L060,L065,L082,L091,L092,L102",9,1.6325157401003925,1.6325157401003925,5,"L060,L065,L082,L091,L102",7,True,non_critical,
1,20260708,L003->L093,L003,L093,True,True,61.40352432128481,61.40352432128481,0.0,1.0000000000000016,"L003,L015,L018,L019,L030,L040,L045,L046,L055,L056,L057,L060,L065,L077,L078,L080,L081,L082,L083,L084,L088,L089,L091,L092,L093,L101,L102,L104,L109,L110,L111,L112,L113,L114,L115,L128,L134,L140,L143,L148,L149,L150,L153,L154,L155,L156,L157,L158,L160,L169,L178,L179,L182,L186",54,17.541442004143537,17.541442004143537,50,"L019,L030,L040,L045,L046,L055,L056,L057,L060,L065,L077,L078,L080,L081,L082,L083,L084,L088,L089,L091,L092,L101,L102,L104,L109,L110,L111,L112,L113,L114,L115,L128,L134,L140,L143,L148,L149,L150,L153,L154,L155,L156,L157,L158,L160,L169,L178,L179,L182,L186",52,True,relay_cascade,
1,20260708,L003->L094,L003,L094,True,True,61.40352432128481,61.40352432128481,0.0,1.0,"L003,L015,L018,L019,L030,L040,L045,L046,L055,L056,L057,L060,L065,L077,L078,L080,L081,L082,L083,L084,L088,L089,L091,L092,L094,L101,L102,L104,L109,L110,L111,L112,L113,L114,L115,L128,L134,L140,L143,L148,L149,L150,L153,L154,L155,L156,L157,L158,L160,L169,L178,L179,L182,L186",54,17.541442004143537,17.541442004143537,50,"L019,L030,L040,L045,L046,L055,L056,L057,L060,L065,L077,L078,L080,L081,L082,L083,L084,L088,L089,L091,L092,L101,L102,L104,L109,L110,L111,L112,L113,L114,L115,L128,L134,L140,L143,L148,L149,L150,L153,L154,L155,L156,L157,L158,L160,L169,L178,L179,L182,L186",52,True,relay_cascade,
1,20260708,L003->L095,L003,L095,True,False,0.0,0.0,0.0,1.0000000000000102,"L003,L015,L018,L095,L102",5,1.841636982710738,1.841636982710738,1,L102,3,True,non_critical,
1,20260708,L003->L096,L003,L096,True,True,57.74078001945011,55.16881804675853,2.571961972691583,1.000000000000009,"L003,L015,L018,L019,L030,L044,L045,L046,L057,L058,L059,L060,L082,L096,L102,L104,L109,L110,L111,L112,L113,L115,L128,L134,L140,L143,L148,L149,L150,L153,L154,L155,L156,L157,L158,L160,L169,L178,L179,L182,L186",41,8.822160859553263,8.822160859553263,37,"L019,L030,L044,L045,L046,L057,L058,L059,L060,L082,L102,L104,L109,L110,L111,L112,L113,L115,L128,L134,L140,L143,L148,L149,L150,L153,L154,L155,L156,L157,L158,L160,L169,L178,L179,L182,L186",39,True,relay_cascade,
1,20260708,L003->L097,L003,L097,True,False,0.0,0.0,0.0,1.0000000000000675,"L003,L015,L018,L060,L065,L077,L078,L082,L091,L095,L097,L102,L111,L155,L186",15,8.471956655335694,8.471956655335694,11,"L060,L065,L077,L078,L082,L091,L095,L102,L111,L155,L186",13,True,non_critical,
1,20260708,L003->L098,L003,L098,True,False,0.0,0.0,0.0,1.0000000000000342,"L003,L015,L018,L060,L065,L082,L098,L102",8,5.1743841343680215,5.1743841343680215,4,"L060,L065,L082,L102",6,True,non_critical,
1,20260708,L003->L099,L003,L099,True,False,0.0,0.0,0.0,1.0000000000000342,"L003,L015,L018,L060,L065,L082,L099,L102",8,5.1743841343680215,5.1743841343680215,4,"L060,L065,L082,L102",6,True,non_critical,
1,20260708,L003->L100,L003,L100,True,False,0.0,0.0,0.0,1.000000000000023,"L003,L015,L018,L100,L102",5,2.1452539847601346,2.1452539847601346,1,L102,3,True,non_critical,
1,20260708,L003->L101,L003,L101,True,False,0.0,0.0,0.0,1.0000000000000009,"L003,L015,L018,L101,L102",5,1.534811255865977,1.534811255865977,1,L102,3,True,non_critical,
1,20260708,L003->L102,L003,L102,True,False,0.0,0.0,0.0,1.0000000000000053,"L003,L015,L018,L102",4,1.0635661043821187,1.0635661043821187,0,,2,False,non_critical,
1,20260708,L003->L103,L003,L103,True,True,36.82232008588366,36.82232008588366,0.0,1.0000000000000049,"L003,L015,L018,L019,L030,L040,L044,L045,L046,L054,L056,L057,L060,L065,L077,L078,L082,L095,L102,L103,L104,L109,L110,L111,L112,L113,L115,L128,L134,L140,L143,L148,L149,L150,L153,L154,L155,L156,L157,L158,L159,L160,L169,L178,L179,L182,L186",47,58.263219287763945,58.263219287763945,43,"L019,L030,L040,L044,L045,L046,L054,L056,L057,L060,L065,L077,L078,L082,L095,L102,L104,L109,L110,L111,L112,L113,L115,L128,L134,L140,L143,L148,L149,L150,L153,L154,L155,L156,L157,L158,L159,L160,L169,L178,L179,L182,L186",45,True,relay_cascade,
1,20260708,L003->L104,L003,L104,True,True,36.82232008588366,36.82232008588366,0.0,1.0000000000000018,"L003,L015,L018,L019,L030,L040,L044,L045,L046,L054,L056,L057,L060,L065,L078,L082,L092,L095,L102,L104,L109,L110,L111,L112,L113,L114,L115,L128,L134,L140,L143,L148,L149,L150,L153,L154,L155,L156,L157,L158,L159,L160,L169,L178,L179,L182,L186",47,59.67114017252668,59.67114017252668,43,"L019,L030,L040,L044,L045,L046,L054,L056,L057,L060,L065,L078,L082,L092,L095,L102,L109,L110,L111,L112,L113,L114,L115,L128,L134,L140,L143,L148,L149,L150,L153,L154,L155,L156,L157,L158,L159,L160,L169,L178,L179,L182,L186",45,True,relay_cascade,
1,20260708,L003->L105,L003,L105,True,False,0.0,0.0,0.0,1.0000000000000022,"L003,L015,L018,L019,L030,L040,L044,L045,L046,L054,L056,L057,L060,L065,L077,L078,L082,L095,L102,L104,L105,L106,L109,L110,L111,L112,L113,L114,L115,L128,L134,L140,L143,L149,L150,L153,L154,L155,L156,L157,L158,L159,L160,L169,L178,L179,L182,L186",48,51.58433533405675,51.58433533405675,44,"L019,L030,L040,L044,L045,L046,L054,L056,L057,L060,L065,L077,L078,L082,L095,L102,L104,L106,L109,L110,L111,L112,L113,L114,L115,L128,L134,L140,L143,L149,L150,L153,L154,L155,L156,L157,L158,L159,L160,L169,L178,L179,L182,L186",46,True,non_critical,
1,20260708,L003->L106,L003,L106,True,True,31.890688783719977,31.890688783719977,0.0,1.0000000000000004,"L003,L015,L018,L019,L030,L040,L044,L045,L046,L054,L056,L057,L060,L062,L063,L064,L065,L102,L104,L105,L106,L109,L110,L111,L112,L113,L114,L115,L128,L134,L140,L143,L149,L150,L153,L154,L155,L156,L157,L158,L159,L160,L169,L178,L179,L182,L186",47,57.65765726552973,57.65765726552973,43,"L019,L030,L040,L044,L045,L046,L054,L056,L057,L060,L062,L063,L064,L065,L102,L104,L105,L109,L110,L111,L112,L113,L114,L115,L128,L134,L140,L143,L149,L150,L153,L154,L155,L156,L157,L158,L159,L160,L169,L178,L179,L182,L186",45,True,relay_cascade,
1,20260708,L003->L107,L003,L107,True,True,166.4227910760565,166.4227910760565,0.0,1.0,"L003,L015,L018,L019,L030,L040,L044,L045,L046,L054,L056,L057,L060,L062,L063,L064,L065,L091,L102,L104,L105,L106,L107,L109,L110,L111,L112,L113,L114,L115,L119,L120,L126,L127,L128,L134,L140,L143,L148,L149,L150,L151,L153,L154,L155,L156,L157,L158,L159,L160,L169,L178,L179,L182,L186",55,57.65765726552979,57.65765726552979,51,"L019,L030,L040,L044,L045,L046,L054,L056,L057,L060,L062,L063,L064,L065,L091,L102,L104,L105,L106,L109,L110,L111,L112,L113,L114,L115,L119,L120,L126,L127,L128,L134,L140,L143,L148,L149,L150,L151,L153,L154,L155,L156,L157,L158,L159,L160,L169,L178,L179,L182,L186",53,True,relay_cascade,
1,20260708,L003->L108,L003,L108,True,True,36.82232008588366,36.82232008588366,0.0,1.0,"L003,L015,L018,L019,L030,L040,L044,L045,L046,L054,L056,L057,L060,L065,L102,L104,L108,L109,L110,L111,L112,L113,L114,L115,L117,L128,L134,L140,L143,L148,L149,L150,L153,L154,L155,L156,L157,L158,L160,L169,L178,L179,L182,L186",44,34.2905636779681,34.2905636779681,40,"L019,L030,L040,L044,L045,L046,L054,L056,L057,L060,L065,L102,L104,L109,L110,L111,L112,L113,L114,L115,L117,L128,L134,L140,L143,L148,L149,L150,L153,L154,L155,L156,L157,L158,L160,L169,L178,L179,L182,L186",42,True,relay_cascade,
1,20260708,L003->L109,L003,L109,True,True,36.82232008588366,36.82232008588366,0.0,1.0000000000000075,"L003,L015,L018,L019,L030,L040,L044,L045,L046,L054,L056,L057,L060,L102,L104,L109,L110,L111,L112,L113,L114,L115,L128,L134,L140,L143,L148,L149,L150,L153,L154,L155,L156,L157,L158,L159,L160,L169,L178,L179,L182",41,57.80939472696634,57.80939472696634,37,"L019,L030,L040,L044,L045,L046,L054,L056,L057,L060,L102,L104,L110,L111,L112,L113,L114,L115,L128,L134,L140,L143,L148,L149,L150,L153,L154,L155,L156,L157,L158,L159,L160,L169,L178,L179,L182",39,True,relay_cascade,
1,20260708,L003->L110,L003,L110,True,False,0.0,0.0,0.0,1.000000000000023,"L003,L015,L018,L110",4,1.080556318515846,1.080556318515846,0,,2,False,non_critical,
1,20260708,L003->L111,L003,L111,True,False,0.0,0.0,0.0,1.000000000000023,"L003,L015,L018,L111",4,1.071601369390552,1.071601369390552,0,,2,False,non_critical,
1,20260708,L003->L112,L003,L112,True,True,36.82232008588366,36.82232008588366,0.0,1.0000000000000735,"L003,L015,L018,L019,L030,L040,L044,L045,L046,L054,L056,L057,L060,L102,L104,L109,L110,L111,L112,L113,L115,L128,L134,L140,L143,L148,L149,L150,L153,L154,L155,L156,L157,L158,L159,L160,L169,L178,L179,L182",40,57.70002417729642,57.70002417729642,36,"L019,L030,L040,L044,L045,L046,L054,L056,L057,L060,L102,L104,L109,L110,L111,L113,L115,L128,L134,L140,L143,L148,L149,L150,L153,L154,L155,L156,L157,L158,L159,L160,L169,L178,L179,L182",38,True,relay_cascade,
1,20260708,L003->L113,L003,L113,True,True,36.82232008588366,36.82232008588366,0.0,1.0,"L003,L015,L018,L019,L030,L039,L044,L045,L046,L054,L056,L060,L102,L104,L109,L111,L112,L113,L115,L128,L134,L140,L143,L148,L149,L150,L153,L154,L155,L156,L157,L158,L159,L160,L169,L178,L179,L182",38,59.79210796418472,59.79210796418472,34,"L019,L030,L039,L044,L045,L046,L054,L056,L060,L102,L104,L109,L111,L112,L115,L128,L134,L140,L143,L148,L149,L150,L153,L154,L155,L156,L157,L158,L159,L160,L169,L178,L179,L182",36,True,relay_cascade,
1,20260708,L003->L114,L003,L114,True,True,36.82232008588366,36.82232008588366,0.0,1.0000000000000024,"L003,L015,L018,L019,L030,L040,L044,L045,L046,L054,L056,L057,L060,L102,L104,L109,L110,L111,L112,L113,L114,L115,L128,L134,L140,L143,L148,L149,L150,L153,L154,L155,L156,L157,L158,L159,L160,L169,L178,L179,L182,L186",42,57.80939472696634,57.80939472696634,38,"L019,L030,L040,L044,L045,L046,L054,L056,L057,L060,L102,L104,L109,L110,L111,L112,L113,L115,L128,L134,L140,L143,L148,L149,L150,L153,L154,L155,L156,L157,L158,L159,L160,L169,L178,L179,L182,L186",40,True,relay_cascade,
1,20260708,L003->L115,L003,L115,True,False,0.0,0.0,0.0,1.0000000000000675,"L003,L015,L018,L115",4,1.0001901449429251,1.0001901449429251,0,,2,False,non_critical,
1,20260708,L003->L116,L003,L116,True,True,51.84086026986975,51.84086026986975,0.0,1.0000000000000049,"L003,L015,L018,L019,L030,L040,L044,L045,L046,L054,L056,L060,L065,L102,L104,L109,L110,L111,L113,L114,L115,L116,L120,L128,L134,L140,L143,L148,L149,L153,L154,L155,L156,L157,L158,L159,L160,L169,L178,L179,L182,L186",42,13.827511577492272,13.827511577492272,38,"L019,L030,L040,L044,L045,L046,L054,L056,L060,L065,L102,L104,L109,L110,L111,L113,L114,L115,L120,L128,L134,L140,L143,L148,L149,L153,L154,L155,L156,L157,L158,L159,L160,L169,L178,L179,L182,L186",40,True,relay_cascade,
1,20260708,L003->L117,L003,L117,True,True,36.82232008588366,36.82232008588366,0.0,1.000000000000007,"L003,L015,L018,L019,L030,L040,L044,L045,L046,L054,L056,L060,L102,L104,L109,L110,L111,L113,L114,L115,L117,L128,L134,L140,L143,L148,L149,L150,L153,L154,L155,L156,L157,L158,L159,L160,L169,L178,L179,L182",40,56.58826846768867,56.58826846768867,36,"L019,L030,L040,L044,L045,L046,L054,L056,L060,L102,L104,L109,L110,L111,L113,L114,L115,L128,L134,L140,L143,L148,L149,L150,L153,L154,L155,L156,L157,L158,L159,L160,L169,L178,L179,L182",38,True,relay_cascade,
1,20260708,L003->L118,L003,L118,True,True,36.82232008588366,36.82232008588366,0.0,1.0000000000000184,"L003,L015,L018,L019,L044,L045,L046,L054,L056,L060,L102,L104,L109,L110,L111,L113,L114,L115,L118,L128,L134,L140,L143,L148,L149,L150,L153,L154,L155,L156,L157,L158,L159,L160,L169,L178,L179,L182,L186",39,56.67022977400099,56.67022977400099,35,"L019,L044,L045,L046,L054,L056,L060,L102,L104,L109,L110,L111,L113,L114,L115,L128,L134,L140,L143,L148,L149,L150,L153,L154,L155,L156,L157,L158,L159,L160,L169,L178,L179,L182,L186",37,True,relay_cascade,
1,20260708,L003->L119,L003,L119,True,False,0.0,0.0,0.0,1.0000000000000087,"L003,L015,L018,L102,L115,L119,L128,L155",8,3.616425121438871,3.616425121438871,4,"L102,L115,L128,L155",6,True,non_critical,
1,20260708,L003->L120,L003,L120,True,False,0.0,0.0,0.0,1.0000000000000675,"L003,L015,L018,L115,L120,L128,L186",7,2.3007571772617412,2.3007571772617412,3,"L115,L128,L186",5,True,non_critical,
1,20260708,L003->L121,L003,L121,True,True,111.77557526160913,111.77557526160913,0.0,1.000000000000003,"L003,L015,L018,L019,L030,L040,L044,L045,L046,L054,L056,L057,L060,L065,L102,L104,L109,L110,L111,L113,L115,L121,L122,L128,L134,L140,L143,L148,L149,L150,L153,L154,L155,L156,L157,L158,L159,L160,L169,L178,L179,L182",42,55.67954854189425,55.67954854189425,38,"L019,L030,L040,L044,L045,L046,L054,L056,L057,L060,L065,L102,L104,L109,L110,L111,L113,L115,L122,L128,L134,L140,L143,L148,L149,L150,L153,L154,L155,L156,L157,L158,L159,L160,L169,L178,L179,L182",40,True,relay_cascade,
1,20260708,L003->L122,L003,L122,True,False,0.0,0.0,0.0,1.0000000000000067,"L003,L015,L018,L122,L128,L155",6,1.6487160539540024,1.6487160539540024,2,"L128,L155",4,True,non_critical,
1,20260708,L003->L123,L003,L123,True,False,0.0,0.0,0.0,1.0000000000000016,"L003,L015,L018,L123,L128,L155",6,12.80180922092713,12.80180922092713,2,"L128,L155",4,True,non_critical,
1,20260708,L003->L124,L003,L124,True,False,0.0,0.0,0.0,1.0000000000000009,"L003,L015,L018,L124,L128,L155",6,3.6898746231400548,3.6898746231400548,2,"L128,L155",4,True,non_critical,
1,20260708,L003->L125,L003,L125,True,True,13.298257584545548,0.0,13.298257584545548,1.0000000000000067,"L003,L015,L018,L125,L128,L155",6,6.216071314827953,6.216071314827953,2,"L128,L155",4,True,relay_cascade,
1,20260708,L003->L126,L003,L126,True,False,0.0,0.0,0.0,1.0000000000000102,"L003,L015,L018,L111,L115,L126,L128,L155,L186",9,1.8887744517694927,1.8887744517694927,5,"L111,L115,L128,L155,L186",7,True,non_critical,
1,20260708,L003->L127,L003,L127,True,False,0.0,0.0,0.0,1.000000000000002,"L003,L015,L018,L111,L115,L127,L128,L155,L186",9,1.8887744517695815,1.8887744517695815,5,"L111,L115,L128,L155,L186",7,True,non_critical,
1,20260708,L003->L128,L003,L128,True,False,0.0,0.0,0.0,1.000000000000023,"L003,L015,L018,L128",4,1.152489796511992,1.152489796511992,0,,2,False,non_critical,
1,20260708,L003->L129,L003,L129,True,True,58.608730684473244,58.608730684473244,0.0,1.0000000000000184,"L003,L015,L018,L019,L030,L040,L044,L045,L046,L054,L056,L060,L102,L104,L109,L110,L111,L113,L114,L115,L128,L129,L134,L140,L143,L149,L150,L153,L154,L155,L156,L158,L159,L160,L169,L178,L179,L182",38,15.652464921107738,15.652464921107738,34,"L019,L030,L040,L044,L045,L046,L054,L056,L060,L102,L104,L109,L110,L111,L113,L114,L115,L128,L134,L140,L143,L149,L150,L153,L154,L155,L156,L158,L159,L160,L169,L178,L179,L182",36,True,relay_cascade,
1,20260708,L003->L130,L003,L130,True,False,0.0,0.0,0.0,1.0000000000000675,"L003,L015,L018,L128,L130,L155,L156",7,3.424979789004068,3.424979789004068,3,"L128,L155,L156",5,True,non_critical,
1,20260708,L003->L131,L003,L131,True,True,77.36714366189312,77.36714366189312,0.0,1.0000000000000042,"L003,L015,L018,L019,L030,L040,L044,L045,L046,L054,L056,L057,L060,L065,L102,L104,L109,L110,L111,L113,L115,L128,L130,L131,L134,L140,L149,L150,L153,L154,L155,L156,L158,L159,L160,L169,L178,L179,L182",39,15.170492132109295,15.170492132109295,35,"L019,L030,L040,L044,L045,L046,L054,L056,L057,L060,L065,L102,L104,L109,L110,L111,L113,L115,L128,L130,L134,L140,L149,L150,L153,L154,L155,L156,L158,L159,L160,L169,L178,L179,L182",37,True,relay_cascade,
