scenario_id,seed,path,first_line,second_line,converged,critical,total_load_shed_mw,island_load_shed_mw,redispatch_load_shed_mw,final_max_loading_ratio,final_outage_labels,num_final_outages,max_event_loading_ratio,max_pre_redispatch_loading_ratio,num_relay_trips,relay_trip_labels,num_passive_outages,has_overload_cascade,critical_mechanism,error
1,20260708,L076->L173,L076,L173,True,False,0.0,0.0,0.0,1.0000000000000009,"L076,L173",2,1.0000000000000058,1.0000000000000058,0,,0,False,non_critical,
1,20260708,L095->L056,L095,L056,True,False,0.0,0.0,0.0,1.0000000000000018,"L056,L095",2,1.0277143543083873,1.0277143543083873,0,,0,False,non_critical,
1,20260708,L011->L088,L011,L088,True,False,0.0,0.0,0.0,1.0000000000000018,"L011,L088",2,1.018645283039864,1.018645283039864,0,,0,False,non_critical,
1,20260708,L121->L183,L121,L183,True,True,81.35922639729833,81.35922639729833,0.0,1.0000000000000009,"L018,L060,L102,L115,L121,L128,L134,L140,L155,L178,L182,L183",12,13.60831350049211,13.60831350049211,9,"L018,L060,L102,L115,L134,L140,L155,L178,L182",10,True,relay_cascade,
1,20260708,L010->L119,L010,L119,True,False,0.0,0.0,0.0,1.000000000000022,"L010,L115,L119,L128,L155",5,2.493906743419661,2.493906743419661,3,"L115,L128,L155",3,True,non_critical,
1,20260708,L047->L163,L047,L163,True,False,0.0,0.0,0.0,1.0,"L018,L046,L047,L060,L102,L115,L128,L134,L140,L155,L158,L163,L178,L182",14,1.1728964458634314,1.1728964458634314,0,,12,False,non_critical,
1,20260708,L155->L071,L155,L071,True,False,0.0,0.0,0.0,1.0000000000000018,"L071,L155",2,1.0235427172564038,1.0235427172564038,0,,0,False,non_critical,
1,20260708,L142->L157,L142,L157,True,False,0.0,0.0,0.0,1.0000000000000877,"L142,L157",2,1.001692218080943,1.001692218080943,0,,0,False,non_critical,
1,20260708,L018->L008,L018,L008,True,False,0.0,0.0,0.0,1.0,"L008,L018,L019,L020,L045,L060,L102,L115,L128,L134,L140,L155,L178,L182",14,13.022806044011897,13.022806044011897,12,"L019,L020,L045,L060,L102,L115,L128,L134,L140,L155,L178,L182",12,True,non_critical,
1,20260708,L001->L072,L001,L072,True,False,0.0,0.0,0.0,1.0000000000000018,"L001,L072",2,1.0335314583756932,1.0335314583756932,0,,0,False,non_critical,
1,20260708,L170->L019,L170,L019,True,False,0.0,0.0,0.0,1.0,"L018,L019,L170",3,1.3349456792711891,1.3349456792711891,1,L018,1,True,non_critical,
1,20260708,L021->L121,L021,L121,True,False,0.0,0.0,0.0,1.0000000000000053,"L018,L021,L121,L128",4,5.194896301285615,5.194896301285615,1,L128,2,True,non_critical,
1,20260708,L041->L063,L041,L063,True,False,0.0,0.0,0.0,1.0000000000000084,"L041,L060,L063,L178,L182",5,1.213399709681463,1.213399709681463,1,L060,3,True,non_critical,
1,20260708,L169->L089,L169,L089,True,False,0.0,0.0,0.0,1.0,"L089,L169",2,1.003070440998884,1.003070440998884,0,,0,False,non_critical,
1,20260708,L116->L073,L116,L073,True,False,0.0,0.0,0.0,1.0000000000000009,"L073,L115,L116,L128",4,1.0042984548708942,1.0042984548708942,0,,2,False,non_critical,
1,20260708,L138->L002,L138,L002,True,False,0.0,0.0,0.0,1.000000000000003,"L002,L138",2,1.0381823880446133,1.0381823880446133,0,,0,False,non_critical,
1,20260708,L039->L165,L039,L165,True,False,0.0,0.0,0.0,1.000000000000022,"L039,L165",2,1.000000000000034,1.000000000000034,0,,0,False,non_critical,
1,20260708,L020->L090,L020,L090,True,False,0.0,0.0,0.0,1.0000000000000024,"L020,L090,L091",3,1.2753633276452236,1.2753633276452236,1,L091,1,True,non_critical,
1,20260708,L097->L010,L097,L010,True,False,0.0,0.0,0.0,1.0000000000000004,"L010,L018,L060,L097,L102",5,1.6681954538389387,1.6681954538389387,1,L018,3,True,non_critical,
1,20260708,L136->L031,L136,L031,True,False,0.0,0.0,0.0,1.0000000000000004,"L018,L031,L111,L128,L136,L182",6,15.055130300903718,15.055130300903718,3,"L018,L111,L182",4,True,non_critical,
1,20260708,L117->L182,L117,L182,True,False,0.0,0.0,0.0,1.0000000000000053,"L115,L117,L182",3,1.0041254810806388,1.0041254810806388,0,,1,False,non_critical,
1,20260708,L168->L026,L168,L026,True,False,0.0,0.0,0.0,1.000000000000022,"L026,L168",2,1.0052834510607291,1.0052834510607291,0,,0,False,non_critical,
1,20260708,L008->L176,L008,L176,True,False,0.0,0.0,0.0,1.0000000000000102,"L008,L018,L019,L020,L045,L060,L102,L109,L111,L115,L128,L134,L140,L155,L176,L178,L182",17,1.3158461360645826,1.3158461360645826,2,"L109,L111",15,True,non_critical,
1,20260708,L054->L071,L054,L071,True,False,0.0,0.0,0.0,1.0000000000000877,"L045,L054,L071",3,1.1406558062448382,1.1406558062448382,0,,1,False,non_critical,
1,20260708,L129->L165,L129,L165,True,False,0.0,0.0,0.0,1.0000000000000053,"L128,L129,L155,L165",4,1.0000000000000153,1.0000000000000153,0,,2,False,non_critical,
1,20260708,L173->L167,L173,L167,True,False,0.0,0.0,0.0,1.0000000000000024,"L167,L173",2,1.0000000000000187,1.0000000000000187,0,,0,False,non_critical,
1,20260708,L103->L015,L103,L015,True,False,0.0,0.0,0.0,1.000000000000044,"L015,L103",2,1.0274854602819325,1.0274854602819325,0,,0,False,non_critical,
1,20260708,L117->L145,L117,L145,True,False,0.0,0.0,0.0,1.000000000000022,"L115,L117,L128,L145,L155",5,4.426459038369855,4.426459038369855,2,"L128,L155",3,True,non_critical,
1,20260708,L155->L148,L155,L148,True,False,0.0,0.0,0.0,1.0000000000000004,"L148,L155",2,1.0036827108704658,1.0036827108704658,0,,0,False,non_critical,
1,20260708,L096->L022,L096,L022,True,False,0.0,0.0,0.0,1.0000000000000204,"L018,L022,L056,L057,L058,L060,L096,L102,L109,L111,L115,L128,L134,L140,L155,L158,L178,L182",18,1.1073981987597006,1.1073981987597006,0,,16,False,non_critical,
1,20260708,L090->L025,L090,L025,True,False,0.0,0.0,0.0,1.000000000000044,"L025,L090",2,1.0313691303933898,1.0313691303933898,0,,0,False,non_critical,
1,20260708,L165->L152,L165,L152,True,False,0.0,0.0,0.0,1.000000000000022,"L152,L165",2,1.0009505267947494,1.0009505267947494,0,,0,False,non_critical,
1,20260708,L009->L041,L009,L041,True,False,0.0,0.0,0.0,1.0,"L009,L018,L019,L041,L111,L115,L128,L134,L140,L155,L156,L158,L178,L179,L182",15,1.1153878357133706,1.1153878357133706,0,,13,False,non_critical,
1,20260708,L090->L181,L090,L181,True,True,20.772296104867053,20.772296104867053,0.0,1.0000000000000004,"L018,L046,L060,L090,L102,L115,L128,L134,L140,L155,L158,L178,L181,L182",14,20.53284778737436,20.53284778737436,12,"L018,L046,L060,L102,L115,L128,L134,L140,L155,L158,L178,L182",12,True,relay_cascade,
1,20260708,L158->L021,L158,L021,True,False,0.0,0.0,0.0,1.000000000000001,"L018,L021,L158,L182",4,3.3061522840852695,3.3061522840852695,2,"L018,L182",2,True,non_critical,
1,20260708,L108->L086,L108,L086,True,False,0.0,0.0,0.0,1.0,"L086,L108,L111,L115",4,1.0031856821981118,1.0031856821981118,0,,2,False,non_critical,
1,20260708,L123->L029,L123,L029,True,False,0.0,0.0,0.0,1.0,"L018,L029,L115,L123,L128,L178,L182",7,3.627532212135454,3.627532212135454,4,"L018,L115,L178,L182",5,True,non_critical,
1,20260708,L147->L183,L147,L183,True,True,81.35922639729833,81.35922639729833,0.0,1.0000000000000024,"L018,L060,L102,L115,L128,L134,L140,L147,L155,L156,L158,L178,L182,L183",14,1.123406923062501,1.123406923062501,0,,12,False,island_only,
1,20260708,L002->L120,L002,L120,True,False,0.0,0.0,0.0,1.000000000000003,"L002,L120",2,1.0366890111306648,1.0366890111306648,0,,0,False,non_critical,
1,20260708,L004->L084,L004,L084,True,False,0.0,0.0,0.0,1.0000000000000084,"L004,L084",2,1.000337370925212,1.000337370925212,0,,0,False,non_critical,
1,20260708,L017->L171,L017,L171,True,False,0.0,0.0,0.0,1.0000000000000016,"L017,L171",2,1.0000000000000302,1.0000000000000302,0,,0,False,non_critical,
1,20260708,L045->L171,L045,L171,True,False,0.0,0.0,0.0,1.0000000000000004,"L045,L171",2,1.000000000000006,1.000000000000006,0,,0,False,non_critical,
1,20260708,L056->L095,L056,L095,True,False,0.0,0.0,0.0,1.000000000000007,"L056,L095,L102",3,1.2970774521776047,1.2970774521776047,1,L102,1,True,non_critical,
1,20260708,L023->L168,L023,L168,True,False,0.0,0.0,0.0,1.0000000000000877,"L023,L168",2,1.0000000000000107,1.0000000000000107,0,,0,False,non_critical,
1,20260708,L150->L040,L150,L040,True,False,0.0,0.0,0.0,1.0000000000000004,"L040,L150,L182",3,3.962010236636107,3.962010236636107,1,L182,1,True,non_critical,
1,20260708,L122->L180,L122,L180,True,True,7.272188818003705,7.272188818003705,0.0,1.0,"L018,L046,L060,L102,L115,L122,L128,L134,L140,L155,L158,L178,L180,L182",14,14.588783581886707,14.588783581886707,12,"L018,L046,L060,L102,L115,L128,L134,L140,L155,L158,L178,L182",12,True,relay_cascade,
1,20260708,L137->L109,L137,L109,True,False,0.0,0.0,0.0,1.0000000000000058,"L109,L111,L115,L128,L137",5,1.5282736877305694,1.5282736877305694,2,"L111,L115",3,True,non_critical,
1,20260708,L035->L078,L035,L078,True,False,0.0,0.0,0.0,1.0000000000000018,"L035,L078,L182",3,1.0003219669109007,1.0003219669109007,0,,1,False,non_critical,
1,20260708,L059->L127,L059,L127,True,False,0.0,0.0,0.0,1.000000000000005,"L059,L115,L127,L128",4,3.3250495235213875,3.3250495235213875,2,"L115,L128",2,True,non_critical,
1,20260708,L136->L057,L136,L057,True,False,0.0,0.0,0.0,1.000000000000002,"L057,L128,L136",3,1.0604456752639528,1.0604456752639528,0,,1,False,non_critical,
1,20260708,L100->L064,L100,L064,True,False,0.0,0.0,0.0,1.0000000000000013,"L064,L100",2,1.024811400684262,1.024811400684262,0,,0,False,non_critical,
1,20260708,L155->L173,L155,L173,True,False,0.0,0.0,0.0,1.0000000000000004,"L155,L173",2,1.0000000000000062,1.0000000000000062,0,,0,False,non_critical,
1,20260708,L150->L036,L150,L036,True,False,0.0,0.0,0.0,1.0000000000000004,"L018,L019,L020,L036,L045,L150,L178,L182",8,5.2393376193518755,5.2393376193518755,6,"L018,L019,L020,L045,L178,L182",6,True,non_critical,
1,20260708,L153->L157,L153,L157,True,False,0.0,0.0,0.0,1.000000000000001,"L128,L153,L155,L157",4,1.0762474359919054,1.0762474359919054,0,,2,False,non_critical,
1,20260708,L044->L128,L044,L128,True,False,0.0,0.0,0.0,1.0000000000000042,"L044,L128",2,1.1184715313910139,1.1184715313910139,0,,0,False,non_critical,
1,20260708,L080->L121,L080,L121,True,False,0.0,0.0,0.0,1.0000000000000002,"L080,L121,L128",3,5.179546561815915,5.179546561815915,1,L128,1,True,non_critical,
1,20260708,L084->L178,L084,L178,True,False,0.0,0.0,0.0,1.0000000000000018,"L084,L178,L182",3,2.5123316815078955,2.5123316815078955,1,L182,1,True,non_critical,
1,20260708,L109->L027,L109,L027,True,False,0.0,0.0,0.0,1.0000000000000042,"L018,L027,L109,L178,L182",5,3.0128030285579435,3.0128030285579435,3,"L018,L178,L182",3,True,non_critical,
1,20260708,L100->L030,L100,L030,True,False,0.0,0.0,0.0,1.0000000000000042,"L030,L100,L115",3,1.4362132267309187,1.4362132267309187,1,L115,1,True,non_critical,
1,20260708,L009->L156,L009,L156,True,False,0.0,0.0,0.0,1.000000000000002,"L009,L018,L019,L111,L115,L128,L134,L140,L155,L156,L158,L178,L179,L182",14,1.1153620178352015,1.1153620178352015,0,,12,False,non_critical,
1,20260708,L036->L151,L036,L151,True,False,0.0,0.0,0.0,1.0000000000000058,"L018,L019,L020,L036,L044,L045,L109,L111,L115,L128,L151,L155,L178,L182",14,3.538510065111244,3.538510065111244,2,"L128,L155",12,True,non_critical,
1,20260708,L149->L066,L149,L066,True,False,0.0,0.0,0.0,1.0000000000000002,"L066,L128,L149",3,1.1031189415461844,1.1031189415461844,0,,1,False,non_critical,
1,20260708,L134->L105,L134,L105,True,False,0.0,0.0,0.0,1.0,"L046,L060,L102,L105,L115,L128,L134,L140,L155,L158,L178,L182",12,1.2047939622676005,1.2047939622676005,1,L046,10,True,non_critical,
1,20260708,L095->L042,L095,L042,True,False,0.0,0.0,0.0,1.0000000000000016,"L042,L095,L182",3,6.098415949667983,6.098415949667983,1,L182,1,True,non_critical,
1,20260708,L049->L095,L049,L095,True,False,0.0,0.0,0.0,1.0000000000000016,"L018,L046,L049,L060,L095,L102,L115,L128,L134,L140,L155,L158,L178,L182",14,1.1861498143802525,1.1861498143802525,0,,12,False,non_critical,
1,20260708,L152->L020,L152,L020,True,False,0.0,0.0,0.0,1.0000000000000004,"L018,L020,L128,L152,L155",5,1.5580208319811135,1.5580208319811135,1,L018,3,True,non_critical,
1,20260708,L122->L034,L122,L034,True,False,0.0,0.0,0.0,1.0000000000000009,"L034,L122,L182",3,7.067811021193838,7.067811021193838,1,L182,1,True,non_critical,
1,20260708,L140->L125,L140,L125,True,False,0.0,0.0,0.0,1.0000000000000877,"L125,L128,L140",3,1.2680775311183154,1.2680775311183154,1,L128,1,True,non_critical,
1,20260708,L129->L038,L129,L038,True,False,0.0,0.0,0.0,1.0000000000000004,"L018,L038,L045,L102,L115,L128,L129,L134,L140,L155,L156,L158,L178,L179,L182",15,14.881666332523627,14.881666332523627,11,"L018,L045,L102,L115,L134,L140,L156,L158,L178,L179,L182",13,True,non_critical,
1,20260708,L057->L061,L057,L061,True,True,33.88157185629734,33.88157185629734,0.0,1.0000000000000002,"L018,L057,L060,L061,L102,L115,L128,L134,L140,L155,L158,L178,L182",13,14.377039245954032,14.377039245954032,11,"L018,L060,L102,L115,L128,L134,L140,L155,L158,L178,L182",11,True,relay_cascade,
1,20260708,L018->L035,L018,L035,True,False,0.0,0.0,0.0,1.000000000000044,"L018,L035",2,1.18658828427473,1.18658828427473,0,,0,False,non_critical,
1,20260708,L157->L101,L157,L101,True,False,0.0,0.0,0.0,1.000000000000002,"L101,L128,L157",3,1.179567454794066,1.179567454794066,0,,1,False,non_critical,
1,20260708,L051->L073,L051,L073,True,False,0.0,0.0,0.0,1.0,"L018,L044,L045,L046,L051,L056,L057,L058,L060,L073,L102,L111,L115,L128,L134,L140,L155,L158,L178,L182",20,1.135096390838828,1.135096390838828,0,,18,False,non_critical,
1,20260708,L153->L053,L153,L053,True,False,0.0,0.0,0.0,1.000000000000005,"L053,L128,L153,L155",4,1.1043771391251331,1.1043771391251331,0,,2,False,non_critical,
1,20260708,L067->L084,L067,L084,True,False,0.0,0.0,0.0,1.0000000000000084,"L067,L084",2,1.0423497372259387,1.0423497372259387,0,,0,False,non_critical,
1,20260708,L037->L093,L037,L093,True,False,0.0,0.0,0.0,1.0000000000000007,"L018,L019,L020,L037,L060,L093,L102,L115,L128,L134,L140,L155,L158,L178,L179,L182",16,1.694879021595515,1.694879021595515,2,"L060,L102",14,True,non_critical,
1,20260708,L163->L178,L163,L178,True,False,0.0,0.0,0.0,1.0000000000000024,"L163,L178,L182",3,2.512331084152999,2.512331084152999,1,L182,1,True,non_critical,
1,20260708,L162->L094,L162,L094,True,False,0.0,0.0,0.0,1.0000000000000007,"L094,L128,L155,L162",4,1.1376335637264354,1.1376335637264354,0,,2,False,non_critical,
1,20260708,L010->L148,L010,L148,True,False,0.0,0.0,0.0,1.0000000000000084,"L010,L148",2,1.0003625871784623,1.0003625871784623,0,,0,False,non_critical,
1,20260708,L023->L014,L023,L014,True,False,0.0,0.0,0.0,1.0000000000000027,"L014,L023",2,1.0030929417617178,1.0030929417617178,0,,0,False,non_critical,
1,20260708,L014->L039,L014,L039,True,False,0.0,0.0,0.0,1.0000000000000013,"L014,L039,L182",3,1.3943744744676319,1.3943744744676319,1,L182,1,True,non_critical,
1,20260708,L031->L107,L031,L107,True,False,0.0,0.0,0.0,1.000000000000007,"L031,L102,L107,L109,L111,L115,L128,L134,L140,L155,L158,L178,L179,L182",14,14.452348681741631,14.452348681741631,11,"L102,L109,L111,L115,L128,L134,L140,L155,L158,L178,L179",12,True,non_critical,
1,20260708,L107->L115,L107,L115,True,False,0.0,0.0,0.0,1.0000000000000009,"L107,L115,L128",3,1.0101853523946698,1.0101853523946698,0,,1,False,non_critical,
1,20260708,L158->L052,L158,L052,True,False,0.0,0.0,0.0,1.000000000000007,"L052,L158",2,1.1347931333599834,1.1347931333599834,0,,0,False,non_critical,
1,20260708,L024->L162,L024,L162,True,False,0.0,0.0,0.0,1.0000000000000104,"L024,L128,L155,L156,L162",5,3.6335894870470957,3.6335894870470957,3,"L128,L155,L156",3,True,non_critical,
1,20260708,L134->L100,L134,L100,True,False,0.0,0.0,0.0,1.0000000000000002,"L060,L100,L102,L115,L128,L134,L140,L155,L158,L178,L182",11,1.1969399061238843,1.1969399061238843,0,,9,False,non_critical,
1,20260708,L086->L129,L086,L129,True,False,0.0,0.0,0.0,1.000000000000002,"L086,L128,L129,L155,L156",5,6.624175292909,6.624175292909,3,"L128,L155,L156",3,True,non_critical,
1,20260708,L048->L131,L048,L131,True,False,0.0,0.0,0.0,1.000000000000022,"L048,L128,L131,L155,L156",5,2.8298031471913756,2.8298031471913756,3,"L128,L155,L156",3,True,non_critical,
1,20260708,L093->L085,L093,L085,True,False,0.0,0.0,0.0,1.0,"L085,L093",2,1.0021400147618118,1.0021400147618118,0,,0,False,non_critical,
1,20260708,L009->L177,L009,L177,True,False,0.0,0.0,0.0,1.0,"L009,L018,L019,L111,L115,L128,L134,L140,L155,L156,L158,L177,L178,L179,L182",15,1.1089605247989769,1.1089605247989769,0,,13,False,non_critical,
1,20260708,L118->L132,L118,L132,True,False,0.0,0.0,0.0,1.0000000000000004,"L018,L060,L102,L115,L118,L128,L132,L134,L140,L155,L158,L178,L182,L186",14,1.1897702652917177,1.1897702652917177,0,,12,False,non_critical,
1,20260708,L096->L009,L096,L009,True,False,0.0,0.0,0.0,1.0000000000000204,"L009,L018,L046,L056,L057,L058,L060,L096,L102,L109,L111,L115,L128,L134,L140,L155,L158,L178,L179,L182",20,1.4002041423357086,1.4002041423357086,2,"L046,L179",18,True,non_critical,
1,20260708,L130->L149,L130,L149,True,False,0.0,0.0,0.0,1.000000000000001,"L130,L149",2,1.1254900353734039,1.1254900353734039,0,,0,False,non_critical,
1,20260708,L110->L012,L110,L012,True,False,0.0,0.0,0.0,1.0000000000000004,"L012,L046,L060,L102,L110,L111,L115,L128,L134,L140,L155,L158,L178,L179,L182",15,0.7464125912690653,0.7464125912690653,0,,13,False,non_critical,
1,20260708,L169->L151,L169,L151,True,False,0.0,0.0,0.0,1.0000000000000007,"L128,L151,L155,L169",4,5.551633821905665,5.551633821905665,2,"L128,L155",2,True,non_critical,
1,20260708,L004->L002,L004,L002,True,False,0.0,0.0,0.0,1.000000000000001,"L002,L004",2,1.0000000000000295,1.0000000000000295,0,,0,False,non_critical,
1,20260708,L063->L114,L063,L114,True,False,0.0,0.0,0.0,1.0000000000000004,"L063,L114",2,1.0000793977235505,1.0000793977235505,0,,0,False,non_critical,
1,20260708,L020->L076,L020,L076,True,False,0.0,0.0,0.0,1.0000000000000042,"L020,L076",2,1.0532847493130248,1.0532847493130248,0,,0,False,non_critical,
1,20260708,L176->L058,L176,L058,True,False,0.0,0.0,0.0,1.0000000000000007,"L046,L058,L060,L115,L128,L134,L140,L155,L176,L178,L179,L182",12,1.1490684981415678,1.1490684981415678,0,,10,False,non_critical,
1,20260708,L171->L162,L171,L162,True,False,0.0,0.0,0.0,1.0000000000000877,"L128,L155,L162,L171",4,2.8297958113958535,2.8297958113958535,2,"L128,L155",2,True,non_critical,
1,20260708,L052->L006,L052,L006,True,False,0.0,0.0,0.0,1.0000000000000036,"L006,L052",2,1.0027151702100625,1.0027151702100625,0,,0,False,non_critical,
1,20260708,L154->L143,L154,L143,True,False,0.0,0.0,0.0,1.000000000000001,"L128,L143,L154,L155",4,1.0019052937486128,1.0019052937486128,0,,2,False,non_critical,
1,20260708,L076->L085,L076,L085,True,False,0.0,0.0,0.0,1.0000000000000009,"L076,L085",2,1.0135589088591899,1.0135589088591899,0,,0,False,non_critical,
1,20260708,L020->L087,L020,L087,True,False,0.0,0.0,0.0,1.000000000000022,"L020,L087",2,1.0017223012426775,1.0017223012426775,0,,0,False,non_critical,
1,20260708,L018->L083,L018,L083,True,False,0.0,0.0,0.0,1.000000000000002,"L018,L083",2,1.0083671171891668,1.0083671171891668,0,,0,False,non_critical,
1,20260708,L132->L085,L132,L085,True,False,0.0,0.0,0.0,1.0000000000000018,"L085,L132",2,1.0028483900443204,1.0028483900443204,0,,0,False,non_critical,
1,20260708,L001->L106,L001,L106,True,False,0.0,0.0,0.0,1.0,"L001,L106,L128",3,1.3411346738942225,1.3411346738942225,1,L128,1,True,non_critical,
1,20260708,L094->L002,L094,L002,True,False,0.0,0.0,0.0,1.0000000000000007,"L002,L094",2,1.0000501245174875,1.0000501245174875,0,,0,False,non_critical,
1,20260708,L020->L101,L020,L101,True,False,0.0,0.0,0.0,1.0000000000000084,"L020,L101",2,1.168003118412601,1.168003118412601,0,,0,False,non_critical,
1,20260708,L110->L182,L110,L182,True,False,0.0,0.0,0.0,1.0000000000000004,"L046,L060,L102,L110,L111,L115,L128,L134,L140,L155,L158,L178,L179,L182",14,0.8846257066682403,0.8846257066682403,0,,12,False,non_critical,
1,20260708,L042->L131,L042,L131,True,False,0.0,0.0,0.0,1.0000000000000016,"L042,L128,L131,L155,L156,L182",6,2.836771771371037,2.836771771371037,3,"L128,L155,L156",4,True,non_critical,
1,20260708,L014->L158,L014,L158,True,False,0.0,0.0,0.0,1.000000000000007,"L014,L155,L158",3,3.174198934724152,3.174198934724152,1,L155,1,True,non_critical,
1,20260708,L160->L024,L160,L024,True,False,0.0,0.0,0.0,1.0000000000000036,"L018,L024,L155,L160",4,1.6145800208390106,1.6145800208390106,1,L018,2,True,non_critical,
1,20260708,L157->L053,L157,L053,True,False,0.0,0.0,0.0,1.0,"L053,L128,L157",3,1.1719012212949045,1.1719012212949045,0,,1,False,non_critical,
1,20260708,L166->L029,L166,L029,True,False,0.0,0.0,0.0,1.0000000000000018,"L018,L029,L115,L166",4,1.3881389750810287,1.3881389750810287,2,"L018,L115",2,True,non_critical,
1,20260708,L015->L182,L015,L182,True,False,0.0,0.0,0.0,1.0000000000000018,"L015,L182",2,1.0041201471007162,1.0041201471007162,0,,0,False,non_critical,
1,20260708,L068->L048,L068,L048,True,False,0.0,0.0,0.0,1.0000000000000004,"L048,L068",2,1.0761219659733772,1.0761219659733772,0,,0,False,non_critical,
1,20260708,L020->L145,L020,L145,True,False,0.0,0.0,0.0,1.0000000000000004,"L020,L128,L145,L155",4,5.190081597140765,5.190081597140765,2,"L128,L155",2,True,non_critical,
1,20260708,L159->L124,L159,L124,True,False,0.0,0.0,0.0,1.0000000000000002,"L124,L128,L155,L159",4,1.0018578005751748,1.0018578005751748,0,,2,False,non_critical,
1,20260708,L186->L002,L186,L002,True,False,0.0,0.0,0.0,1.000000000000002,"L002,L186",2,1.03824416316281,1.03824416316281,0,,0,False,non_critical,
1,20260708,L109->L005,L109,L005,True,False,0.0,0.0,0.0,1.0000000000000877,"L005,L109",2,1.032870056383772,1.032870056383772,0,,0,False,non_critical,
1,20260708,L063->L055,L063,L055,True,False,0.0,0.0,0.0,1.0000000000000018,"L055,L063",2,1.0799083789979824,1.0799083789979824,0,,0,False,non_critical,
1,20260708,L092->L051,L092,L051,True,True,36.767162588215044,36.767162588215044,0.0,1.0000000000000002,"L018,L044,L045,L046,L051,L056,L057,L058,L060,L092,L102,L115,L128,L134,L140,L155,L158,L178,L182",19,13.533641766699489,13.533641766699489,17,"L018,L044,L045,L046,L056,L057,L058,L060,L102,L115,L128,L134,L140,L155,L158,L178,L182",17,True,relay_cascade,
1,20260708,L166->L186,L166,L186,True,False,0.0,0.0,0.0,1.0000000000000004,"L166,L186",2,1.072292770960261,1.072292770960261,0,,0,False,non_critical,
1,20260708,L014->L074,L014,L074,True,False,0.0,0.0,0.0,1.0000000000000024,"L014,L074",2,1.0076636107590935,1.0076636107590935,0,,0,False,non_critical,
1,20260708,L072->L003,L072,L003,True,False,0.0,0.0,0.0,1.0000000000000877,"L003,L072",2,1.005452726314165,1.005452726314165,0,,0,False,non_critical,
1,20260708,L136->L017,L136,L017,True,False,0.0,0.0,0.0,1.0000000000000007,"L017,L018,L128,L136",4,2.097561222177109,2.097561222177109,1,L018,2,True,non_critical,
1,20260708,L078->L056,L078,L056,True,False,0.0,0.0,0.0,1.0000000000000009,"L056,L078",2,1.0145883013090016,1.0145883013090016,0,,0,False,non_critical,
1,20260708,L106->L078,L106,L078,True,False,0.0,0.0,0.0,1.0000000000000009,"L078,L106",2,1.002512656725004,1.002512656725004,0,,0,False,non_critical,
1,20260708,L121->L077,L121,L077,True,False,0.0,0.0,0.0,1.0000000000000018,"L077,L121,L128",3,1.0001687496354452,1.0001687496354452,0,,1,False,non_critical,
1,20260708,L098->L167,L098,L167,True,False,0.0,0.0,0.0,1.000000000000044,"L098,L102,L167",3,1.0000000000000069,1.0000000000000069,0,,1,False,non_critical,
1,20260708,L135->L117,L135,L117,True,False,0.0,0.0,0.0,1.000000000000001,"L115,L117,L128,L135",4,3.1906201593594,3.1906201593594,1,L115,2,True,non_critical,
1,20260708,L052->L097,L052,L097,True,False,0.0,0.0,0.0,1.000000000000002,"L052,L060,L097,L102",4,1.4706653394584748,1.4706653394584748,2,"L060,L102",2,True,non_critical,
1,20260708,L004->L080,L004,L080,True,False,0.0,0.0,0.0,1.0000000000000004,"L004,L080",2,1.0120402981933982,1.0120402981933982,0,,0,False,non_critical,
1,20260708,L110->L025,L110,L025,True,False,0.0,0.0,0.0,1.0000000000000024,"L025,L046,L060,L102,L110,L111,L115,L128,L134,L140,L155,L158,L178,L179,L182",15,0.8677077113004741,0.8677077113004741,0,,13,False,non_critical,
1,20260708,L028->L170,L028,L170,True,False,0.0,0.0,0.0,1.000000000000044,"L028,L169,L170",3,1.3104887605738869,1.3104887605738869,1,L169,1,True,non_critical,
1,20260708,L093->L125,L093,L125,True,False,0.0,0.0,0.0,1.0000000000000004,"L093,L125",2,1.0365526391084359,1.0365526391084359,0,,0,False,non_critical,
1,20260708,L159->L010,L159,L010,True,False,0.0,0.0,0.0,1.0,"L010,L128,L155,L159",4,1.0189366809503146,1.0189366809503146,0,,2,False,non_critical,
1,20260708,L057->L172,L057,L172,True,False,0.0,0.0,0.0,1.0000000000000018,"L057,L172",2,1.0000000000000129,1.0000000000000129,0,,0,False,non_critical,
1,20260708,L151->L074,L151,L074,True,False,0.0,0.0,0.0,1.0000000000000009,"L074,L128,L151,L155",4,1.0071910088804974,1.0071910088804974,0,,2,False,non_critical,
1,20260708,L137->L059,L137,L059,True,False,0.0,0.0,0.0,1.0000000000000007,"L059,L128,L137",3,1.014551873665398,1.014551873665398,0,,1,False,non_critical,
1,20260708,L112->L077,L112,L077,True,False,0.0,0.0,0.0,1.0000000000000007,"L077,L112",2,1.0001332028654812,1.0001332028654812,0,,0,False,non_critical,
1,20260708,L087->L130,L087,L130,True,False,0.0,0.0,0.0,1.0000000000000053,"L087,L128,L130,L155",4,2.3200067284528214,2.3200067284528214,2,"L128,L155",2,True,non_critical,
1,20260708,L158->L141,L158,L141,True,False,0.0,0.0,0.0,1.000000000000044,"L128,L141,L155,L158",4,4.813935498609444,4.813935498609444,2,"L128,L155",2,True,non_critical,
1,20260708,L125->L045,L125,L045,True,False,0.0,0.0,0.0,1.000000000000001,"L045,L125,L128",3,1.06474543016583,1.06474543016583,0,,1,False,non_critical,
1,20260708,L131->L112,L131,L112,True,False,0.0,0.0,0.0,1.0000000000000007,"L112,L115,L128,L131",4,1.4549776953602853,1.4549776953602853,1,L115,2,True,non_critical,
1,20260708,L025->L096,L025,L096,True,False,0.0,0.0,0.0,1.0000000000000002,"L025,L096,L111,L178,L182",5,1.771564824295085,1.771564824295085,3,"L111,L178,L182",3,True,non_critical,
1,20260708,L057->L056,L057,L056,True,False,0.0,0.0,0.0,1.0000000000000004,"L056,L057,L060,L115",4,1.332111397522993,1.332111397522993,2,"L060,L115",2,True,non_critical,
1,20260708,L125->L064,L125,L064,True,False,0.0,0.0,0.0,1.0000000000000004,"L064,L125,L128",3,1.0542458675957254,1.0542458675957254,0,,1,False,non_critical,
1,20260708,L022->L045,L022,L045,True,False,0.0,0.0,0.0,1.0000000000000036,"L022,L045",2,1.0863672597569194,1.0863672597569194,0,,0,False,non_critical,
1,20260708,L119->L179,L119,L179,True,False,0.0,0.0,0.0,1.000000000000001,"L060,L102,L115,L119,L128,L134,L140,L155,L158,L178,L179,L182",12,14.452348681741624,14.452348681741624,9,"L060,L102,L115,L134,L140,L155,L158,L178,L182",10,True,non_critical,
1,20260708,L035->L006,L035,L006,True,False,0.0,0.0,0.0,1.0000000000000053,"L006,L035,L182",3,1.014744108548692,1.014744108548692,0,,1,False,non_critical,
1,20260708,L125->L094,L125,L094,True,False,0.0,0.0,0.0,1.0000000000000004,"L094,L125,L128",3,1.1241747301293064,1.1241747301293064,0,,1,False,non_critical,
1,20260708,L011->L167,L011,L167,True,False,0.0,0.0,0.0,1.000000000000001,"L011,L167",2,1.0000000000000044,1.0000000000000044,0,,0,False,non_critical,
1,20260708,L177->L149,L177,L149,True,False,0.0,0.0,0.0,1.0000000000000007,"L018,L060,L102,L115,L128,L134,L140,L149,L155,L158,L177,L178,L182",13,1.1896953209627434,1.1896953209627434,0,,11,False,non_critical,
1,20260708,L086->L047,L086,L047,True,True,31.300605334860514,31.300605334860514,0.0,1.0000000000000002,"L018,L046,L047,L060,L086,L102,L115,L128,L134,L140,L155,L158,L178,L182",14,14.397931106173369,14.397931106173369,12,"L018,L046,L060,L102,L115,L128,L134,L140,L155,L158,L178,L182",12,True,relay_cascade,
1,20260708,L010->L185,L010,L185,True,False,0.0,0.0,0.0,1.0000000000000009,"L010,L185",2,1.0443823893207778,1.0443823893207778,0,,0,False,non_critical,
1,20260708,L135->L130,L135,L130,True,False,0.0,0.0,0.0,1.0000000000000104,"L128,L130,L135",3,1.0913910866592555,1.0913910866592555,0,,1,False,non_critical,
1,20260708,L082->L117,L082,L117,True,False,0.0,0.0,0.0,1.0000000000000042,"L082,L115,L117",3,1.755323077226833,1.755323077226833,1,L115,1,True,non_critical,
1,20260708,L034->L088,L034,L088,True,False,0.0,0.0,0.0,1.0000000000000084,"L034,L088,L182",3,1.0207389249187073,1.0207389249187073,0,,1,False,non_critical,
1,20260708,L008->L058,L008,L058,True,False,0.0,0.0,0.0,1.0000000000000102,"L008,L018,L019,L020,L045,L058,L060,L102,L111,L115,L128,L134,L140,L155,L178,L182",16,1.2092031726356307,1.2092031726356307,1,L111,14,True,non_critical,
1,20260708,L037->L075,L037,L075,True,False,0.0,0.0,0.0,1.000000000000002,"L018,L019,L020,L037,L075,L115,L128,L134,L140,L155,L158,L178,L179,L182",14,1.0730967764041126,1.0730967764041126,0,,12,False,non_critical,
1,20260708,L136->L080,L136,L080,True,False,0.0,0.0,0.0,1.0000000000000016,"L080,L128,L136",3,1.0111037242814027,1.0111037242814027,0,,1,False,non_critical,
1,20260708,L033->L029,L033,L029,True,False,0.0,0.0,0.0,1.0,"L018,L029,L033,L115,L178,L182",6,1.2463997056653011,1.2463997056653011,2,"L018,L115",4,True,non_critical,
1,20260708,L158->L095,L158,L095,True,False,0.0,0.0,0.0,1.0000000000000004,"L095,L102,L158",3,1.2511272895882408,1.2511272895882408,1,L102,1,True,non_critical,
1,20260708,L174->L009,L174,L009,True,False,0.0,0.0,0.0,1.0,"L009,L018,L019,L111,L115,L128,L134,L140,L155,L156,L158,L174,L178,L179,L182",15,16.54237269728168,16.54237269728168,13,"L018,L019,L111,L115,L128,L134,L140,L155,L156,L158,L178,L179,L182",13,True,non_critical,
1,20260708,L177->L119,L177,L119,True,False,0.0,0.0,0.0,1.0000000000000013,"L018,L060,L102,L115,L119,L128,L134,L140,L155,L158,L177,L178,L182",13,1.189709013422169,1.189709013422169,0,,11,False,non_critical,
1,20260708,L027->L178,L027,L178,True,False,0.0,0.0,0.0,1.0000000000000042,"L027,L178,L182",3,2.558503108229264,2.558503108229264,1,L182,1,True,non_critical,
1,20260708,L037->L095,L037,L095,True,False,0.0,0.0,0.0,1.0000000000000013,"L018,L019,L020,L037,L060,L095,L102,L115,L128,L134,L140,L155,L158,L178,L179,L182",16,1.3677505496846005,1.3677505496846005,2,"L060,L102",14,True,non_critical,
1,20260708,L110->L040,L110,L040,True,False,0.0,0.0,0.0,1.0000000000000002,"L040,L046,L060,L102,L110,L111,L115,L128,L134,L140,L155,L158,L178,L179,L182",15,0.9017486395568909,0.9017486395568909,0,,13,False,non_critical,
1,20260708,L055->L157,L055,L157,True,False,0.0,0.0,0.0,1.0000000000000002,"L055,L157",2,1.0005776008620313,1.0005776008620313,0,,0,False,non_critical,
1,20260708,L163->L164,L163,L164,True,False,0.0,0.0,0.0,1.0000000000000084,"L163,L164",2,1.0000000000002287,1.0000000000002287,0,,0,False,non_critical,
1,20260708,L162->L132,L162,L132,True,False,0.0,0.0,0.0,1.0000000000000007,"L128,L132,L155,L162",4,1.0280972769795076,1.0280972769795076,0,,2,False,non_critical,
1,20260708,L151->L007,L151,L007,True,False,0.0,0.0,0.0,1.000000000000005,"L007,L018,L019,L111,L115,L128,L134,L140,L151,L155,L158,L178,L179,L182",14,5.007296796035853,5.007296796035853,10,"L018,L019,L111,L115,L134,L140,L158,L178,L179,L182",12,True,non_critical,
1,20260708,L002->L062,L002,L062,True,False,0.0,0.0,0.0,1.0000000000000024,"L002,L060,L062",3,1.2126127878498008,1.2126127878498008,1,L060,1,True,non_critical,
1,20260708,L125->L069,L125,L069,True,False,0.0,0.0,0.0,1.0,"L069,L125,L128",3,1.143083491421793,1.143083491421793,0,,1,False,non_critical,
1,20260708,L176->L102,L176,L102,True,False,0.0,0.0,0.0,1.0000000000000002,"L046,L060,L102,L115,L128,L134,L140,L155,L176,L178,L179,L182",12,1.0075511119484275,1.0075511119484275,0,,10,False,non_critical,
1,20260708,L154->L127,L154,L127,True,False,0.0,0.0,0.0,1.0000000000000004,"L115,L127,L128,L154,L155",5,2.514550966615287,2.514550966615287,1,L115,3,True,non_critical,
1,20260708,L119->L131,L119,L131,True,False,0.0,0.0,0.0,1.0000000000000007,"L119,L128,L131,L155",4,1.3050061244825737,1.3050061244825737,1,L155,2,True,non_critical,
1,20260708,L093->L018,L093,L018,True,False,0.0,0.0,0.0,1.000000000000001,"L018,L093",2,1.000023153551279,1.000023153551279,0,,0,False,non_critical,
1,20260708,L149->L112,L149,L112,True,False,0.0,0.0,0.0,1.0000000000000024,"L112,L115,L128,L149",4,1.377214438723563,1.377214438723563,1,L115,2,True,non_critical,
1,20260708,L133->L086,L133,L086,True,False,0.0,0.0,0.0,1.0,"L018,L060,L086,L102,L115,L128,L133,L140,L155,L158,L178,L182",12,1.1906061005403352,1.1906061005403352,0,,10,False,non_critical,
1,20260708,L074->L077,L074,L077,True,False,0.0,0.0,0.0,1.0000000000000877,"L074,L077",2,1.0000498638400819,1.0000498638400819,0,,0,False,non_critical,
1,20260708,L044->L022,L044,L022,True,False,0.0,0.0,0.0,1.0000000000000042,"L022,L044",2,1.0595560499916674,1.0595560499916674,0,,0,False,non_critical,
1,20260708,L063->L143,L063,L143,True,False,0.0,0.0,0.0,1.0000000000000002,"L018,L046,L060,L063,L102,L115,L128,L134,L140,L143,L155,L158,L178,L182",14,15.241923465419825,15.241923465419825,12,"L018,L046,L060,L102,L115,L128,L134,L140,L155,L158,L178,L182",12,True,non_critical,
1,20260708,L094->L160,L094,L160,True,False,0.0,0.0,0.0,1.0000000000000009,"L094,L160",2,1.0121246295317958,1.0121246295317958,0,,0,False,non_critical,
1,20260708,L129->L008,L129,L008,True,False,0.0,0.0,0.0,1.0000000000000018,"L008,L018,L019,L020,L045,L060,L102,L115,L128,L129,L134,L140,L155,L158,L178,L182",16,18.316224758909634,18.316224758909634,12,"L018,L019,L020,L045,L060,L102,L115,L134,L140,L158,L178,L182",14,True,non_critical,
1,20260708,L090->L085,L090,L085,True,False,0.0,0.0,0.0,1.0000000000000042,"L085,L090",2,1.0026763117815412,1.0026763117815412,0,,0,False,non_critical,
1,20260708,L054->L078,L054,L078,True,False,0.0,0.0,0.0,1.0000000000000018,"L045,L054,L078",3,1.022014766520083,1.022014766520083,0,,1,False,non_critical,
1,20260708,L038->L001,L038,L001,True,False,0.0,0.0,0.0,1.0000000000000024,"L001,L018,L038,L045,L111,L115,L128,L134,L140,L155,L158,L178,L179,L182",14,1.170575874394326,1.170575874394326,0,,12,False,non_critical,
1,20260708,L096->L023,L096,L023,True,False,0.0,0.0,0.0,1.0000000000000204,"L018,L023,L056,L057,L058,L060,L096,L102,L109,L111,L115,L128,L134,L140,L155,L158,L178,L182",18,1.107398198759701,1.107398198759701,0,,16,False,non_critical,
1,20260708,L086->L011,L086,L011,True,False,0.0,0.0,0.0,1.0,"L011,L086",2,1.019878856573797,1.019878856573797,0,,0,False,non_critical,
1,20260708,L039->L120,L039,L120,True,False,0.0,0.0,0.0,1.0000000000000877,"L039,L120",2,1.0607613127920688,1.0607613127920688,0,,0,False,non_critical,
1,20260708,L115->L087,L115,L087,True,False,0.0,0.0,0.0,1.0000000000000018,"L087,L115",2,1.0023668193419675,1.0023668193419675,0,,0,False,non_critical,
1,20260708,L139->L131,L139,L131,True,False,0.0,0.0,0.0,1.0000000000000007,"L131,L139,L140",3,1.1994510929293287,1.1994510929293287,0,,1,False,non_critical,
1,20260708,L097->L184,L097,L184,True,True,21.648461416338748,21.648461416338748,0.0,1.000000000000002,"L045,L046,L060,L065,L097,L102,L115,L128,L134,L140,L155,L158,L178,L182,L184",15,14.619766545565087,14.619766545565087,11,"L045,L046,L065,L115,L128,L134,L140,L155,L158,L178,L182",13,True,relay_cascade,
1,20260708,L105->L097,L105,L097,True,False,0.0,0.0,0.0,1.0000000000000084,"L097,L102,L105",3,1.2335765855140903,1.2335765855140903,1,L102,1,True,non_critical,
1,20260708,L129->L177,L129,L177,True,False,0.0,0.0,0.0,1.0000000000000053,"L018,L060,L102,L115,L128,L129,L134,L140,L155,L156,L158,L177,L178,L182",14,4.1493313666893155,4.1493313666893155,10,"L018,L060,L102,L115,L134,L140,L156,L158,L178,L182",12,True,non_critical,
1,20260708,L036->L180,L036,L180,True,True,7.272188818003705,7.272188818003705,0.0,1.000000000000005,"L018,L019,L020,L036,L044,L045,L060,L102,L109,L111,L115,L128,L134,L140,L155,L158,L178,L180,L182",19,14.60480492229547,14.60480492229547,7,"L060,L102,L128,L134,L140,L155,L158",17,True,relay_cascade,
1,20260708,L034->L159,L034,L159,True,False,0.0,0.0,0.0,1.0000000000000004,"L034,L128,L155,L159,L182",5,3.825658336903628,3.825658336903628,2,"L128,L155",3,True,non_critical,
1,20260708,L169->L052,L169,L052,True,False,0.0,0.0,0.0,1.0000000000000018,"L052,L169",2,1.1153636137832454,1.1153636137832454,0,,0,False,non_critical,
1,20260708,L151->L046,L151,L046,True,False,0.0,0.0,0.0,1.000000000000044,"L046,L128,L151,L155",4,1.006194358443645,1.006194358443645,0,,2,False,non_critical,
1,20260708,L174->L013,L174,L013,True,False,0.0,0.0,0.0,1.0000000000000104,"L013,L174",2,1.0012641028761815,1.0012641028761815,0,,0,False,non_critical,
1,20260708,L148->L048,L148,L048,True,False,0.0,0.0,0.0,1.0000000000000004,"L048,L128,L148,L155",4,1.0082768505227644,1.0082768505227644,0,,2,False,non_critical,
1,20260708,L100->L010,L100,L010,True,False,0.0,0.0,0.0,1.0000000000000016,"L010,L100",2,1.024661028541915,1.024661028541915,0,,0,False,non_critical,
1,20260708,L075->L059,L075,L059,True,False,0.0,0.0,0.0,1.0000000000000104,"L059,L075",2,1.000202528902406,1.000202528902406,0,,0,False,non_critical,
1,20260708,L127->L090,L127,L090,True,False,0.0,0.0,0.0,1.0000000000000042,"L090,L091,L127,L128",4,1.2842370159037917,1.2842370159037917,1,L091,2,True,non_critical,
1,20260708,L116->L065,L116,L065,True,False,0.0,0.0,0.0,1.000000000000044,"L065,L115,L116,L128",4,1.0145628215273215,1.0145628215273215,0,,2,False,non_critical,
1,20260708,L132->L028,L132,L028,True,False,0.0,0.0,0.0,1.0000000000000042,"L018,L028,L115,L132",4,1.293338998710196,1.293338998710196,2,"L018,L115",2,True,non_critical,
1,20260708,L048->L147,L048,L147,True,True,43.59265123807146,43.59265123807146,0.0,1.0000000000000002,"L018,L048,L060,L102,L115,L128,L134,L140,L147,L155,L156,L158,L178,L182",14,4.026916782444445,4.026916782444445,12,"L018,L060,L102,L115,L128,L134,L140,L155,L156,L158,L178,L182",12,True,relay_cascade,
1,20260708,L165->L180,L165,L180,True,True,7.272188818003705,7.272188818003705,0.0,1.0000000000000002,"L018,L046,L060,L102,L115,L128,L134,L140,L155,L158,L165,L178,L180,L182",14,14.58003129428725,14.58003129428725,12,"L018,L046,L060,L102,L115,L128,L134,L140,L155,L158,L178,L182",12,True,relay_cascade,
1,20260708,L103->L012,L103,L012,True,False,0.0,0.0,0.0,1.0000000000000009,"L012,L018,L103",3,2.7808341679234836,2.7808341679234836,1,L018,1,True,non_critical,
1,20260708,L033->L124,L033,L124,True,False,0.0,0.0,0.0,1.0000000000000004,"L033,L124,L128,L178,L182",5,1.4774214265019285,1.4774214265019285,1,L128,3,True,non_critical,
1,20260708,L122->L105,L122,L105,True,False,0.0,0.0,0.0,1.0,"L018,L030,L045,L060,L102,L104,L105,L109,L111,L115,L122,L128,L134,L140,L155,L158,L178,L182",18,14.414414316382448,14.414414316382448,16,"L018,L030,L045,L060,L102,L104,L109,L111,L115,L128,L134,L140,L155,L158,L178,L182",16,True,non_critical,
1,20260708,L069->L042,L069,L042,True,False,0.0,0.0,0.0,1.0000000000000004,"L042,L069,L182",3,5.864132909682315,5.864132909682315,1,L182,1,True,non_critical,
1,20260708,L018->L114,L018,L114,True,False,0.0,0.0,0.0,1.0,"L018,L114",2,1.0050950629158972,1.0050950629158972,0,,0,False,non_critical,
1,20260708,L164->L099,L164,L099,True,False,0.0,0.0,0.0,1.000000000000044,"L099,L164",2,1.1885807893200249,1.1885807893200249,0,,0,False,non_critical,
1,20260708,L070->L036,L070,L036,True,False,0.0,0.0,0.0,1.000000000000003,"L018,L019,L020,L036,L045,L070,L111,L178,L182",9,4.914333683506591,4.914333683506591,7,"L018,L019,L020,L045,L111,L178,L182",7,True,non_critical,
1,20260708,L110->L085,L110,L085,True,False,0.0,0.0,0.0,1.0000000000000004,"L046,L060,L085,L102,L110,L111,L115,L128,L134,L140,L155,L158,L178,L179,L182",15,0.8828298927930314,0.8828298927930314,0,,13,False,non_critical,
1,20260708,L158->L031,L158,L031,True,False,0.0,0.0,0.0,1.0000000000000004,"L018,L031,L111,L128,L158,L178,L182",7,14.671616185245316,14.671616185245316,5,"L018,L111,L128,L178,L182",5,True,non_critical,
1,20260708,L012->L122,L012,L122,True,False,0.0,0.0,0.0,1.0000000000000084,"L012,L018,L122,L128",4,2.260226587181034,2.260226587181034,1,L128,2,True,non_critical,
1,20260708,L122->L149,L122,L149,True,False,0.0,0.0,0.0,1.0000000000000016,"L122,L128,L149",3,2.0715039389506216,2.0715039389506216,1,L128,1,True,non_critical,
1,20260708,L067->L133,L067,L133,True,False,0.0,0.0,0.0,1.0000000000000002,"L018,L060,L067,L102,L115,L128,L133,L140,L155,L158,L178,L182",12,15.141222393008562,15.141222393008562,10,"L018,L060,L102,L115,L128,L140,L155,L158,L178,L182",10,True,non_critical,
1,20260708,L018->L153,L018,L153,True,False,0.0,0.0,0.0,1.0000000000000018,"L018,L153,L155",3,3.370022543421552,3.370022543421552,1,L155,1,True,non_critical,
1,20260708,L057->L067,L057,L067,True,False,0.0,0.0,0.0,1.000000000000002,"L057,L067,L102",3,1.2130480225382834,1.2130480225382834,1,L102,1,True,non_critical,
1,20260708,L172->L114,L172,L114,True,False,0.0,0.0,0.0,1.000000000000022,"L114,L172",2,1.0131447643502678,1.0131447643502678,0,,0,False,non_critical,
1,20260708,L186->L024,L186,L024,True,False,0.0,0.0,0.0,1.0000000000000042,"L018,L024,L186",3,1.6043871498806643,1.6043871498806643,1,L018,1,True,non_critical,
1,20260708,L032->L142,L032,L142,True,False,0.0,0.0,0.0,1.0000000000000009,"L032,L142,L178,L182",4,1.0004367812379178,1.0004367812379178,0,,2,False,non_critical,
1,20260708,L108->L104,L108,L104,True,False,0.0,0.0,0.0,1.0000000000000004,"L102,L104,L108,L111,L115,L178,L182",7,2.7837359889557414,2.7837359889557414,3,"L102,L178,L182",5,True,non_critical,
1,20260708,L088->L117,L088,L117,True,False,0.0,0.0,0.0,1.000000000000007,"L088,L111,L115,L117",4,3.189635169065828,3.189635169065828,2,"L111,L115",2,True,non_critical,
1,20260708,L122->L139,L122,L139,True,False,0.0,0.0,0.0,1.0000000000000002,"L122,L128,L139,L140",4,1.618029378412316,1.618029378412316,2,"L128,L140",2,True,non_critical,
1,20260708,L080->L063,L080,L063,True,False,0.0,0.0,0.0,1.0000000000000002,"L063,L080",2,1.1937662146119634,1.1937662146119634,0,,0,False,non_critical,
1,20260708,L018->L132,L018,L132,True,False,0.0,0.0,0.0,1.0,"L018,L128,L132,L155",4,2.692458388911921,2.692458388911921,2,"L128,L155",2,True,non_critical,
1,20260708,L169->L178,L169,L178,True,False,0.0,0.0,0.0,1.000000000000002,"L169,L178,L182",3,2.512331084153043,2.512331084153043,1,L182,1,True,non_critical,
1,20260708,L181->L003,L181,L003,True,False,0.0,0.0,0.0,1.000000000000005,"L003,L018,L046,L060,L102,L115,L128,L134,L140,L155,L158,L178,L181,L182",14,1.1763078735614199,1.1763078735614199,0,,12,False,non_critical,
1,20260708,L153->L030,L153,L030,True,False,0.0,0.0,0.0,1.0000000000000004,"L030,L115,L128,L153,L155",5,1.3211573697318533,1.3211573697318533,1,L115,3,True,non_critical,
1,20260708,L022->L104,L022,L104,True,False,0.0,0.0,0.0,1.0000000000000062,"L022,L045,L065,L102,L104,L109,L111,L115,L178,L182",10,2.554004510503236,2.554004510503236,8,"L045,L065,L102,L109,L111,L115,L178,L182",8,True,non_critical,
1,20260708,L008->L041,L008,L041,True,False,0.0,0.0,0.0,1.0000000000000044,"L008,L018,L019,L020,L041,L045,L060,L102,L109,L111,L115,L128,L134,L140,L155,L178,L182",17,1.308432570003287,1.308432570003287,2,"L109,L111",15,True,non_critical,
1,20260708,L066->L163,L066,L163,True,False,0.0,0.0,0.0,1.0000000000000042,"L066,L163,L169",3,1.2382303182382857,1.2382303182382857,1,L169,1,True,non_critical,
1,20260708,L148->L078,L148,L078,True,False,0.0,0.0,0.0,1.000000000000044,"L078,L128,L148,L155",4,1.0217232475174352,1.0217232475174352,0,,2,False,non_critical,
1,20260708,L105->L181,L105,L181,True,True,20.772296104867053,20.772296104867053,0.0,1.0000000000000002,"L018,L046,L060,L102,L105,L115,L128,L134,L140,L155,L158,L178,L181,L182",14,20.532847787374376,20.532847787374376,12,"L018,L046,L060,L102,L115,L128,L134,L140,L155,L158,L178,L182",12,True,relay_cascade,
1,20260708,L024->L121,L024,L121,True,False,0.0,0.0,0.0,1.000000000000002,"L024,L121,L128",3,4.991507613750727,4.991507613750727,1,L128,1,True,non_critical,
1,20260708,L054->L156,L054,L156,True,False,0.0,0.0,0.0,1.0,"L045,L054,L156",3,1.0565884077936079,1.0565884077936079,0,,1,False,non_critical,
1,20260708,L160->L050,L160,L050,True,False,0.0,0.0,0.0,1.0000000000000007,"L018,L045,L046,L050,L060,L102,L115,L128,L134,L140,L155,L158,L160,L178,L182",15,3.8519114917921304,3.8519114917921304,12,"L018,L045,L046,L060,L102,L115,L128,L134,L140,L158,L178,L182",13,True,non_critical,
1,20260708,L067->L097,L067,L097,True,False,0.0,0.0,0.0,1.0000000000000084,"L060,L067,L097,L102",4,2.255723330902906,2.255723330902906,2,"L060,L102",2,True,non_critical,
1,20260708,L156->L123,L156,L123,True,False,0.0,0.0,0.0,1.0000000000000004,"L123,L128,L156",3,2.504530714083384,2.504530714083384,1,L128,1,True,non_critical,
1,20260708,L106->L172,L106,L172,True,False,0.0,0.0,0.0,1.0000000000000084,"L106,L172",2,1.0000000000000033,1.0000000000000033,0,,0,False,non_critical,
1,20260708,L173->L111,L173,L111,True,False,0.0,0.0,0.0,1.0000000000000877,"L111,L173",2,1.176581724902286,1.176581724902286,0,,0,False,non_critical,
1,20260708,L064->L077,L064,L077,True,False,0.0,0.0,0.0,1.0000000000000002,"L064,L077",2,1.0001775186814679,1.0001775186814679,0,,0,False,non_critical,
1,20260708,L054->L137,L054,L137,True,False,0.0,0.0,0.0,1.0000000000000877,"L045,L054,L128,L137,L155",5,2.7902542332478224,2.7902542332478224,2,"L128,L155",3,True,non_critical,
1,20260708,L179->L071,L179,L071,True,False,0.0,0.0,0.0,1.0000000000000042,"L071,L179",2,1.1438449796987118,1.1438449796987118,0,,0,False,non_critical,
1,20260708,L025->L118,L025,L118,True,False,0.0,0.0,0.0,1.0000000000000018,"L025,L118",2,1.05915444354238,1.05915444354238,0,,0,False,non_critical,
1,20260708,L159->L109,L159,L109,True,False,0.0,0.0,0.0,1.0000000000000058,"L109,L111,L115,L128,L155,L159",6,1.3311719073521064,1.3311719073521064,2,"L111,L115",4,True,non_critical,
1,20260708,L108->L156,L108,L156,True,False,0.0,0.0,0.0,1.0000000000000004,"L108,L111,L115,L156",4,1.042017464014915,1.042017464014915,0,,2,False,non_critical,
1,20260708,L097->L049,L097,L049,True,False,0.0,0.0,0.0,1.0000000000000877,"L049,L060,L097,L102",4,1.0002061071525603,1.0002061071525603,0,,2,False,non_critical,
1,20260708,L104->L142,L104,L142,True,False,0.0,0.0,0.0,1.0000000000000004,"L104,L142",2,1.0001519989612193,1.0001519989612193,0,,0,False,non_critical,
1,20260708,L084->L024,L084,L024,True,False,0.0,0.0,0.0,1.0000000000000877,"L018,L024,L084",3,1.2539830419668168,1.2539830419668168,1,L018,1,True,non_critical,
1,20260708,L023->L169,L023,L169,True,False,0.0,0.0,0.0,1.0000000000000142,"L023,L169",2,1.0000000000000107,1.0000000000000107,0,,0,False,non_critical,
1,20260708,L011->L106,L011,L106,True,False,0.0,0.0,0.0,1.0000000000000004,"L011,L106,L128",3,1.3858052969862382,1.3858052969862382,1,L128,1,True,non_critical,
1,20260708,L034->L172,L034,L172,True,False,0.0,0.0,0.0,1.0000000000000004,"L034,L172,L182",3,1.0000000000000098,1.0000000000000098,0,,1,False,non_critical,
1,20260708,L163->L153,L163,L153,True,False,0.0,0.0,0.0,1.0000000000000018,"L128,L153,L155,L156,L158,L163",6,3.9456939971140135,3.9456939971140135,4,"L128,L155,L156,L158",4,True,non_critical,
1,20260708,L165->L159,L165,L159,True,False,0.0,0.0,0.0,1.0000000000000009,"L128,L155,L156,L158,L159,L165",6,5.264716455931814,5.264716455931814,4,"L128,L155,L156,L158",4,True,non_critical,
1,20260708,L072->L034,L072,L034,True,False,0.0,0.0,0.0,1.0000000000000007,"L034,L072,L182",3,7.043961906762172,7.043961906762172,1,L182,1,True,non_critical,
1,20260708,L178->L114,L178,L114,True,False,0.0,0.0,0.0,1.0,"L114,L178",2,1.0101159767657297,1.0101159767657297,0,,0,False,non_critical,
1,20260708,L131->L073,L131,L073,True,False,0.0,0.0,0.0,1.0000000000000042,"L073,L128,L131",3,1.0033294305611504,1.0033294305611504,0,,1,False,non_critical,
1,20260708,L022->L101,L022,L101,True,False,0.0,0.0,0.0,1.0000000000000004,"L022,L101",2,1.1680359606049342,1.1680359606049342,0,,0,False,non_critical,
1,20260708,L016->L178,L016,L178,True,False,0.0,0.0,0.0,1.0000000000000004,"L016,L018,L046,L060,L102,L115,L128,L134,L140,L155,L158,L178,L182",13,1.1728270441704083,1.1728270441704083,0,,11,False,non_critical,
1,20260708,L184->L151,L184,L151,True,False,0.0,0.0,0.0,1.0000000000000004,"L046,L060,L102,L115,L128,L134,L140,L151,L155,L158,L178,L182,L184",13,1.1760239747371852,1.1760239747371852,0,,11,False,non_critical,
1,20260708,L082->L122,L082,L122,True,False,0.0,0.0,0.0,1.0000000000000042,"L082,L122,L128",3,2.1356874838638626,2.1356874838638626,1,L128,1,True,non_critical,
1,20260708,L045->L136,L045,L136,True,False,0.0,0.0,0.0,1.0000000000000004,"L045,L128,L136,L155",4,1.7498625788849307,1.7498625788849307,2,"L128,L155",2,True,non_critical,
1,20260708,L045->L160,L045,L160,True,False,0.0,0.0,0.0,1.0000000000000009,"L045,L160",2,1.0124604009410236,1.0124604009410236,0,,0,False,non_critical,
1,20260708,L170->L035,L170,L035,True,False,0.0,0.0,0.0,1.000000000000007,"L035,L170,L182",3,2.485909701561792,2.485909701561792,1,L182,1,True,non_critical,
1,20260708,L097->L101,L097,L101,True,False,0.0,0.0,0.0,1.0000000000000009,"L060,L097,L101,L102",4,1.000000000000022,1.000000000000022,0,,2,False,non_critical,
1,20260708,L125->L157,L125,L157,True,False,0.0,0.0,0.0,1.000000000000003,"L125,L128,L155,L157",4,4.243411086720665,4.243411086720665,1,L155,2,True,non_critical,
1,20260708,L047->L176,L047,L176,True,False,0.0,0.0,0.0,1.0000000000000004,"L018,L046,L047,L060,L102,L115,L128,L134,L140,L155,L158,L176,L178,L182",14,1.1918717142917354,1.1918717142917354,0,,12,False,non_critical,
1,20260708,L181->L173,L181,L173,True,False,0.0,0.0,0.0,1.0000000000000002,"L018,L046,L060,L102,L115,L128,L134,L140,L155,L158,L173,L178,L181,L182",14,1.1763078735614199,1.1763078735614199,0,,12,False,non_critical,
1,20260708,L185->L083,L185,L083,True,False,0.0,0.0,0.0,1.0000000000000009,"L083,L185",2,1.0010742373660773,1.0010742373660773,0,,0,False,non_critical,
1,20260708,L094->L115,L094,L115,True,False,0.0,0.0,0.0,1.000000000000001,"L094,L115",2,1.0153565169402994,1.0153565169402994,0,,0,False,non_critical,
1,20260708,L131->L149,L131,L149,True,False,0.0,0.0,0.0,1.000000000000002,"L128,L131,L149",3,1.1754051613783656,1.1754051613783656,0,,1,False,non_critical,
1,20260708,L008->L097,L008,L097,True,False,0.0,0.0,0.0,1.0000000000000102,"L008,L018,L019,L020,L045,L060,L065,L097,L102,L115,L128,L134,L140,L155,L178,L182",16,1.2301439777279948,1.2301439777279948,1,L065,14,True,non_critical,
1,20260708,L056->L035,L056,L035,True,False,0.0,0.0,0.0,1.0000000000000018,"L035,L056,L182",3,2.5286325325746715,2.5286325325746715,1,L182,1,True,non_critical,
1,20260708,L135->L180,L135,L180,True,True,7.272188818003705,7.272188818003705,0.0,1.0,"L018,L046,L060,L102,L115,L128,L134,L135,L140,L155,L158,L178,L180,L182",14,14.334764290797127,14.334764290797127,11,"L018,L046,L060,L102,L115,L134,L140,L155,L158,L178,L182",12,True,relay_cascade,
1,20260708,L135->L066,L135,L066,True,False,0.0,0.0,0.0,1.0000000000000016,"L066,L128,L135",3,1.1025310580706726,1.1025310580706726,0,,1,False,non_critical,
1,20260708,L101->L009,L101,L009,True,False,0.0,0.0,0.0,1.0000000000000016,"L009,L018,L019,L101,L111,L115,L128,L134,L140,L155,L156,L158,L178,L179,L182",15,16.54207849757355,16.54207849757355,13,"L018,L019,L111,L115,L128,L134,L140,L155,L156,L158,L178,L179,L182",13,True,non_critical,
1,20260708,L137->L148,L137,L148,True,False,0.0,0.0,0.0,1.0000000000000007,"L128,L137,L148,L155",4,2.2063259260525703,2.2063259260525703,1,L155,2,True,non_critical,
1,20260708,L186->L042,L186,L042,True,False,0.0,0.0,0.0,1.0000000000000004,"L042,L178,L182,L186",4,4.414369761527259,4.414369761527259,2,"L178,L182",2,True,non_critical,
1,20260708,L119->L047,L119,L047,True,True,31.300605334860514,31.300605334860514,0.0,1.0000000000000002,"L018,L046,L047,L060,L102,L115,L119,L128,L134,L140,L155,L158,L178,L182",14,14.127605439787507,14.127605439787507,11,"L018,L046,L060,L102,L115,L134,L140,L155,L158,L178,L182",12,True,relay_cascade,
1,20260708,L090->L102,L090,L102,True,False,0.0,0.0,0.0,1.0000000000000024,"L090,L102",2,1.016720669736985,1.016720669736985,0,,0,False,non_critical,
1,20260708,L110->L042,L110,L042,True,False,0.0,0.0,0.0,1.0,"L042,L046,L060,L102,L110,L111,L115,L128,L134,L140,L155,L158,L178,L179,L182",15,0.854224375294079,0.854224375294079,0,,13,False,non_critical,
1,20260708,L110->L174,L110,L174,True,False,0.0,0.0,0.0,1.0000000000000024,"L046,L060,L102,L110,L111,L115,L128,L134,L140,L155,L158,L174,L178,L179,L182",15,0.8846257066682395,0.8846257066682395,0,,13,False,non_critical,
1,20260708,L014->L020,L014,L020,True,False,0.0,0.0,0.0,1.0000000000000016,"L014,L018,L020",3,1.2807456234818573,1.2807456234818573,1,L018,1,True,non_critical,
1,20260708,L071->L172,L071,L172,True,False,0.0,0.0,0.0,1.0000000000000007,"L071,L172",2,1.000000000000065,1.000000000000065,0,,0,False,non_critical,
1,20260708,L081->L037,L081,L037,True,False,0.0,0.0,0.0,1.000000000000005,"L018,L019,L020,L037,L045,L081,L115,L128,L134,L140,L155,L158,L178,L179,L182",15,15.04578191609148,15.04578191609148,13,"L018,L019,L020,L045,L115,L128,L134,L140,L155,L158,L178,L179,L182",13,True,non_critical,
1,20260708,L093->L117,L093,L117,True,False,0.0,0.0,0.0,1.0000000000000058,"L093,L111,L115,L117",4,2.949645385964151,2.949645385964151,2,"L111,L115",2,True,non_critical,
1,20260708,L100->L042,L100,L042,True,False,0.0,0.0,0.0,1.0000000000000004,"L042,L100,L178,L182",4,6.031424589183621,6.031424589183621,2,"L178,L182",2,True,non_critical,
1,20260708,L042->L089,L042,L089,True,False,0.0,0.0,0.0,1.0000000000000018,"L042,L089,L182",3,1.0028974007478448,1.0028974007478448,0,,1,False,non_critical,
1,20260708,L156->L125,L156,L125,True,False,0.0,0.0,0.0,1.0000000000000009,"L125,L156",2,1.0389549403917753,1.0389549403917753,0,,0,False,non_critical,
1,20260708,L121->L028,L121,L028,True,False,0.0,0.0,0.0,1.0000000000000004,"L018,L028,L115,L121,L128,L178,L182",7,3.3504672052145485,3.3504672052145485,4,"L018,L115,L178,L182",5,True,non_critical,
1,20260708,L014->L142,L014,L142,True,False,0.0,0.0,0.0,1.0000000000000042,"L014,L142",2,1.0001430943856806,1.0001430943856806,0,,0,False,non_critical,
1,20260708,L078->L108,L078,L108,True,False,0.0,0.0,0.0,1.000000000000044,"L078,L108,L115",3,2.755519517567657,2.755519517567657,1,L115,1,True,non_critical,
1,20260708,L136->L078,L136,L078,True,False,0.0,0.0,0.0,1.0000000000000002,"L078,L128,L136",3,1.022732902283847,1.022732902283847,0,,1,False,non_critical,
1,20260708,L118->L151,L118,L151,True,False,0.0,0.0,0.0,1.0000000000000004,"L018,L060,L102,L115,L118,L128,L134,L140,L151,L155,L158,L178,L182,L186",14,1.1897702652917177,1.1897702652917177,0,,12,False,non_critical,
1,20260708,L067->L154,L067,L154,True,False,0.0,0.0,0.0,1.000000000000002,"L067,L154,L155,L156",4,2.7483617089423973,2.7483617089423973,2,"L155,L156",2,True,non_critical,
1,20260708,L136->L141,L136,L141,True,False,0.0,0.0,0.0,1.0000000000000053,"L128,L136,L141",3,1.0000000000000877,1.0000000000000877,0,,1,False,non_critical,
1,20260708,L172->L129,L172,L129,True,False,0.0,0.0,0.0,1.000000000000001,"L128,L129,L155,L172",4,6.193534197442406,6.193534197442406,2,"L128,L155",2,True,non_critical,
1,20260708,L142->L059,L142,L059,True,False,0.0,0.0,0.0,1.000000000000001,"L059,L142",2,1.0135319049163434,1.0135319049163434,0,,0,False,non_critical,
1,20260708,L025->L165,L025,L165,True,False,0.0,0.0,0.0,1.0000000000000016,"L025,L165",2,1.0000000000000127,1.0000000000000127,0,,0,False,non_critical,
1,20260708,L091->L105,L091,L105,True,False,0.0,0.0,0.0,1.0000000000000062,"L018,L030,L045,L060,L091,L102,L104,L105,L109,L111,L115,L128,L134,L140,L155,L158,L178,L182",18,14.414414316382464,14.414414316382464,16,"L018,L030,L045,L060,L102,L104,L109,L111,L115,L128,L134,L140,L155,L158,L178,L182",16,True,non_critical,
1,20260708,L163->L143,L163,L143,True,False,0.0,0.0,0.0,1.000000000000005,"L018,L046,L060,L102,L115,L128,L134,L140,L143,L155,L158,L163,L178,L182",14,15.241923465419815,15.241923465419815,12,"L018,L046,L060,L102,L115,L128,L134,L140,L155,L158,L178,L182",12,True,non_critical,
1,20260708,L030->L029,L030,L029,True,False,0.0,0.0,0.0,1.0000000000000004,"L018,L029,L030,L178,L182",5,1.6537434359343681,1.6537434359343681,3,"L018,L178,L182",3,True,non_critical,
1,20260708,L089->L084,L089,L084,True,False,0.0,0.0,0.0,1.0000000000000084,"L084,L089",2,1.0004246744399166,1.0004246744399166,0,,0,False,non_critical,
1,20260708,L043->L023,L043,L023,True,False,0.0,0.0,0.0,1.000000000000007,"L023,L043,L182",3,1.1580615647906032,1.1580615647906032,0,,1,False,non_critical,
1,20260708,L015->L140,L015,L140,True,False,0.0,0.0,0.0,1.0000000000000004,"L015,L128,L140",3,1.2546543583200525,1.2546543583200525,1,L128,1,True,non_critical,
1,20260708,L122->L001,L122,L001,True,False,0.0,0.0,0.0,1.0000000000000042,"L001,L122",2,1.0052527844768193,1.0052527844768193,0,,0,False,non_critical,
1,20260708,L022->L133,L022,L133,True,False,0.0,0.0,0.0,1.0000000000000018,"L018,L022,L060,L102,L115,L128,L133,L140,L155,L158,L178,L182",12,15.140490975675833,15.140490975675833,10,"L018,L060,L102,L115,L128,L140,L155,L158,L178,L182",10,True,non_critical,
1,20260708,L001->L125,L001,L125,True,False,0.0,0.0,0.0,1.000000000000001,"L001,L125",2,1.0407791378003126,1.0407791378003126,0,,0,False,non_critical,
1,20260708,L162->L064,L162,L064,True,False,0.0,0.0,0.0,1.0000000000000013,"L064,L128,L155,L162",4,1.0527568754265177,1.0527568754265177,0,,2,False,non_critical,
1,20260708,L128->L136,L128,L136,True,False,0.0,0.0,0.0,1.0000000000000018,"L128,L136,L155",3,1.5790366928884423,1.5790366928884423,1,L155,1,True,non_critical,
1,20260708,L160->L017,L160,L017,True,False,0.0,0.0,0.0,1.0000000000000007,"L017,L018,L155,L160",4,2.10735973236698,2.10735973236698,1,L018,2,True,non_critical,
1,20260708,L010->L090,L010,L090,True,False,0.0,0.0,0.0,1.0000000000000004,"L010,L090,L091",3,1.2614956163005477,1.2614956163005477,1,L091,1,True,non_critical,
1,20260708,L179->L006,L179,L006,True,False,0.0,0.0,0.0,1.0000000000000009,"L006,L179",2,1.000075669889557,1.000075669889557,0,,0,False,non_critical,
1,20260708,L141->L072,L141,L072,True,False,0.0,0.0,0.0,1.0000000000000007,"L072,L128,L140,L141,L155,L156",6,1.0352039512154607,1.0352039512154607,0,,4,False,non_critical,
1,20260708,L016->L083,L016,L083,True,False,0.0,0.0,0.0,1.0000000000000002,"L016,L018,L046,L060,L083,L102,L115,L128,L134,L140,L155,L158,L178,L182",14,1.1728270441704087,1.1728270441704087,0,,12,False,non_critical,
1,20260708,L073->L186,L073,L186,True,False,0.0,0.0,0.0,1.000000000000001,"L073,L186",2,1.0677048442041215,1.0677048442041215,0,,0,False,non_critical,
1,20260708,L171->L083,L171,L083,True,False,0.0,0.0,0.0,1.000000000000002,"L083,L171",2,1.0033758635529821,1.0033758635529821,0,,0,False,non_critical,
1,20260708,L011->L049,L011,L049,True,False,0.0,0.0,0.0,1.0000000000000016,"L011,L018,L046,L049,L060,L102,L115,L128,L134,L140,L155,L158,L178,L182",14,14.707242122243654,14.707242122243654,12,"L018,L046,L060,L102,L115,L128,L134,L140,L155,L158,L178,L182",12,True,non_critical,
1,20260708,L103->L025,L103,L025,True,False,0.0,0.0,0.0,1.0000000000000042,"L025,L103",2,1.0166019420535697,1.0166019420535697,0,,0,False,non_critical,
1,20260708,L048->L019,L048,L019,True,False,0.0,0.0,0.0,1.000000000000001,"L018,L019,L048",3,1.3451695809580493,1.3451695809580493,1,L018,1,True,non_critical,
1,20260708,L024->L044,L024,L044,True,False,0.0,0.0,0.0,1.0000000000000004,"L024,L044",2,1.0324060214805602,1.0324060214805602,0,,0,False,non_critical,
1,20260708,L158->L135,L158,L135,True,False,0.0,0.0,0.0,1.0000000000000004,"L128,L135,L156,L158",4,1.5071297131291181,1.5071297131291181,2,"L128,L156",2,True,non_critical,
1,20260708,L177->L126,L177,L126,True,False,0.0,0.0,0.0,1.0000000000000024,"L018,L060,L102,L115,L126,L128,L134,L140,L155,L158,L177,L178,L182",13,1.1910245447339534,1.1910245447339534,0,,11,False,non_critical,
1,20260708,L154->L131,L154,L131,True,False,0.0,0.0,0.0,1.000000000000002,"L128,L131,L154,L155",4,1.0098781517792805,1.0098781517792805,0,,2,False,non_critical,
1,20260708,L186->L104,L186,L104,True,False,0.0,0.0,0.0,1.0000000000000064,"L045,L065,L102,L104,L109,L111,L115,L178,L182,L186",10,2.9625537893416576,2.9625537893416576,8,"L045,L065,L102,L109,L111,L115,L178,L182",8,True,non_critical,
1,20260708,L022->L171,L022,L171,True,False,0.0,0.0,0.0,1.0000000000000007,"L022,L171",2,1.0000000000000129,1.0000000000000129,0,,0,False,non_critical,
1,20260708,L167->L120,L167,L120,True,False,0.0,0.0,0.0,1.0000000000000004,"L115,L120,L128,L167,L186",5,2.28026912977535,2.28026912977535,3,"L115,L128,L186",3,True,non_critical,
1,20260708,L019->L122,L019,L122,True,False,0.0,0.0,0.0,1.0000000000000013,"L019,L122,L128",3,2.2032852235339404,2.2032852235339404,1,L128,1,True,non_critical,
1,20260708,L090->L094,L090,L094,True,False,0.0,0.0,0.0,1.000000000000044,"L090,L091,L094,L102",4,1.7409711733808113,1.7409711733808113,2,"L091,L102",2,True,non_critical,
1,20260708,L144->L106,L144,L106,True,False,0.0,0.0,0.0,1.0000000000000002,"L045,L046,L060,L063,L064,L065,L102,L104,L106,L109,L111,L115,L128,L134,L140,L144,L155,L158,L178,L179,L182",21,2.84225886978876,2.84225886978876,18,"L045,L046,L060,L063,L064,L065,L102,L104,L109,L111,L115,L128,L134,L140,L158,L178,L179,L182",19,True,non_critical,
1,20260708,L141->L092,L141,L092,True,False,0.0,0.0,0.0,1.0000000000000016,"L092,L128,L140,L141,L155,L156",6,1.0034487747445073,1.0034487747445073,0,,4,False,non_critical,
1,20260708,L010->L132,L010,L132,True,False,0.0,0.0,0.0,1.0000000000000109,"L010,L128,L132,L156",4,2.430187619952997,2.430187619952997,2,"L128,L156",2,True,non_critical,
1,20260708,L051->L182,L051,L182,True,False,0.0,0.0,0.0,1.0,"L018,L044,L045,L046,L051,L056,L057,L058,L060,L102,L111,L115,L128,L134,L140,L155,L158,L178,L182",19,1.1350963908388274,1.1350963908388274,0,,17,False,non_critical,
1,20260708,L036->L073,L036,L073,True,False,0.0,0.0,0.0,1.0000000000000062,"L018,L019,L020,L036,L044,L045,L073,L109,L111,L115,L178,L182",12,1.0019783898656816,1.0019783898656816,0,,10,False,non_critical,
1,20260708,L173->L048,L173,L048,True,False,0.0,0.0,0.0,1.0000000000000104,"L048,L173",2,1.0692406584726986,1.0692406584726986,0,,0,False,non_critical,
1,20260708,L044->L021,L044,L021,True,False,0.0,0.0,0.0,1.000000000000002,"L018,L019,L021,L044,L182",5,3.4096827732019803,3.4096827732019803,3,"L018,L019,L182",3,True,non_critical,
1,20260708,L028->L017,L028,L017,True,False,0.0,0.0,0.0,1.0000000000000004,"L017,L018,L028",3,1.9743242710303368,1.9743242710303368,1,L018,1,True,non_critical,
1,20260708,L157->L042,L157,L042,True,False,0.0,0.0,0.0,1.0000000000000004,"L042,L128,L157,L178,L182",5,5.2242593836192714,5.2242593836192714,2,"L178,L182",3,True,non_critical,
1,20260708,L047->L059,L047,L059,True,True,18.346497960874867,18.346497960874867,0.0,1.0000000000000024,"L018,L046,L047,L059,L060,L102,L115,L128,L134,L140,L155,L158,L178,L182",14,1.1669517352800358,1.1669517352800358,0,,12,False,island_only,
1,20260708,L104->L002,L104,L002,True,False,0.0,0.0,0.0,1.000000000000003,"L002,L104",2,1.03346326593376,1.03346326593376,0,,0,False,non_critical,
1,20260708,L130->L090,L130,L090,True,False,0.0,0.0,0.0,1.0000000000000013,"L090,L091,L130",3,1.2753421156469695,1.2753421156469695,1,L091,1,True,non_critical,
1,20260708,L152->L131,L152,L131,True,False,0.0,0.0,0.0,1.0000000000000004,"L128,L131,L152,L155",4,1.0000000000000022,1.0000000000000022,0,,2,False,non_critical,
1,20260708,L174->L177,L174,L177,True,False,0.0,0.0,0.0,1.0,"L018,L060,L102,L115,L128,L134,L140,L155,L158,L174,L177,L178,L182",13,16.161780879318087,16.161780879318087,11,"L018,L060,L102,L115,L128,L134,L140,L155,L158,L178,L182",11,True,non_critical,
1,20260708,L002->L119,L002,L119,True,False,0.0,0.0,0.0,1.0,"L002,L115,L119,L128,L155",5,2.273183382735232,2.273183382735232,3,"L115,L128,L155",3,True,non_critical,
1,20260708,L075->L091,L075,L091,True,False,0.0,0.0,0.0,1.0000000000000042,"L075,L091",2,1.0402665044069015,1.0402665044069015,0,,0,False,non_critical,
1,20260708,L186->L079,L186,L079,True,False,0.0,0.0,0.0,1.000000000000044,"L079,L186",2,1.0048051054536151,1.0048051054536151,0,,0,False,non_critical,
1,20260708,L143->L133,L143,L133,True,False,0.0,0.0,0.0,1.000000000000001,"L018,L046,L060,L102,L115,L128,L133,L140,L143,L155,L158,L178,L182",13,15.141596693907356,15.141596693907356,11,"L018,L046,L060,L102,L115,L128,L140,L155,L158,L178,L182",11,True,non_critical,
1,20260708,L126->L034,L126,L034,True,False,0.0,0.0,0.0,1.0000000000000004,"L034,L126,L128,L182",4,6.802992889083899,6.802992889083899,1,L182,2,True,non_critical,
1,20260708,L062->L185,L062,L185,True,False,0.0,0.0,0.0,1.000000000000001,"L062,L185",2,1.088060551528952,1.088060551528952,0,,0,False,non_critical,
1,20260708,L138->L172,L138,L172,True,False,0.0,0.0,0.0,1.0000000000000018,"L138,L172",2,1.0000000000000877,1.0000000000000877,0,,0,False,non_critical,
1,20260708,L067->L026,L067,L026,True,False,0.0,0.0,0.0,1.0000000000000007,"L026,L067",2,1.0000002524522138,1.0000002524522138,0,,0,False,non_critical,
1,20260708,L167->L006,L167,L006,True,False,0.0,0.0,0.0,1.0000000000000084,"L006,L167",2,1.0205139324921908,1.0205139324921908,0,,0,False,non_critical,
1,20260708,L172->L046,L172,L046,True,False,0.0,0.0,0.0,1.0000000000000004,"L046,L172",2,1.0095502487589083,1.0095502487589083,0,,0,False,non_critical,
1,20260708,L156->L043,L156,L043,True,False,0.0,0.0,0.0,1.000000000000001,"L043,L156,L182",3,5.299925005171617,5.299925005171617,1,L182,1,True,non_critical,
1,20260708,L130->L023,L130,L023,True,False,0.0,0.0,0.0,1.0000000000000009,"L023,L130",2,1.1632950807651383,1.1632950807651383,0,,0,False,non_critical,
1,20260708,L165->L051,L165,L051,True,True,36.767162588215044,36.767162588215044,0.0,1.0,"L018,L044,L045,L046,L051,L056,L057,L058,L060,L102,L111,L115,L128,L134,L140,L155,L165,L178,L182",19,13.56615477373014,13.56615477373014,17,"L018,L044,L045,L046,L056,L057,L058,L060,L102,L111,L115,L128,L134,L140,L155,L178,L182",17,True,relay_cascade,
1,20260708,L071->L170,L071,L170,True,False,0.0,0.0,0.0,1.0,"L071,L169,L170",3,1.4028709318445898,1.4028709318445898,1,L169,1,True,non_critical,
1,20260708,L052->L096,L052,L096,True,False,0.0,0.0,0.0,1.0000000000000064,"L052,L096,L109,L111,L115,L182",6,2.0563078832275172,2.0563078832275172,4,"L109,L111,L115,L182",4,True,non_critical,
1,20260708,L037->L030,L037,L030,True,False,0.0,0.0,0.0,1.0,"L018,L019,L020,L030,L037,L115,L128,L134,L140,L155,L158,L178,L179,L182",14,1.0595145273807656,1.0595145273807656,0,,12,False,non_critical,
1,20260708,L113->L019,L113,L019,True,False,0.0,0.0,0.0,1.0000000000000004,"L019,L046,L060,L102,L113,L115,L128,L134,L140,L155,L158,L178,L182",13,1.1951997610823568,1.1951997610823568,0,,11,False,non_critical,
1,20260708,L096->L109,L096,L109,True,False,0.0,0.0,0.0,1.0000000000000204,"L018,L056,L057,L058,L060,L096,L102,L109,L111,L115,L128,L134,L140,L155,L158,L178,L182",17,1.1073981987597006,1.1073981987597006,0,,15,False,non_critical,
1,20260708,L120->L075,L120,L075,True,False,0.0,0.0,0.0,1.0000000000000009,"L075,L120",2,1.061886341216287,1.061886341216287,0,,0,False,non_critical,
1,20260708,L035->L136,L035,L136,True,False,0.0,0.0,0.0,1.0000000000000007,"L035,L128,L136,L155,L182",5,1.7350681330135873,1.7350681330135873,2,"L128,L155",3,True,non_critical,
1,20260708,L170->L061,L170,L061,True,True,33.88157185629734,33.88157185629734,0.0,1.0,"L018,L060,L061,L115,L128,L134,L140,L155,L158,L170,L178,L182",12,14.377193221659486,14.377193221659486,10,"L018,L060,L115,L128,L134,L140,L155,L158,L178,L182",10,True,relay_cascade,
1,20260708,L092->L109,L092,L109,True,False,0.0,0.0,0.0,1.0000000000000062,"L092,L109,L111,L115,L128",5,1.5212753724896373,1.5212753724896373,3,"L111,L115,L128",3,True,non_critical,
1,20260708,L121->L132,L121,L132,True,False,0.0,0.0,0.0,1.0000000000000877,"L121,L128,L132",3,1.1467801170064924,1.1467801170064924,0,,1,False,non_critical,
1,20260708,L164->L135,L164,L135,True,False,0.0,0.0,0.0,1.0000000000000018,"L128,L135,L164",3,3.1345266364059836,3.1345266364059836,1,L128,1,True,non_critical,
1,20260708,L157->L068,L157,L068,True,False,0.0,0.0,0.0,1.0000000000000084,"L060,L068,L128,L157",4,1.5110545785451814,1.5110545785451814,1,L060,2,True,non_critical,
1,20260708,L094->L090,L094,L090,True,False,0.0,0.0,0.0,1.000000000000002,"L090,L091,L094",3,1.9259762234338846,1.9259762234338846,1,L091,1,True,non_critical,
1,20260708,L126->L082,L126,L082,True,False,0.0,0.0,0.0,1.0000000000000004,"L082,L126,L128",3,1.004847032967164,1.004847032967164,0,,1,False,non_critical,
1,20260708,L164->L062,L164,L062,True,False,0.0,0.0,0.0,1.0000000000000004,"L060,L062,L164",3,1.2524475031505142,1.2524475031505142,1,L060,1,True,non_critical,
1,20260708,L038->L019,L038,L019,True,False,0.0,0.0,0.0,1.0000000000000024,"L018,L019,L038,L045,L111,L115,L128,L134,L140,L155,L158,L178,L179,L182",14,1.1782274360473224,1.1782274360473224,0,,12,False,non_critical,
1,20260708,L052->L079,L052,L079,True,False,0.0,0.0,0.0,1.000000000000001,"L052,L079",2,1.0053772587507084,1.0053772587507084,0,,0,False,non_critical,
1,20260708,L178->L059,L178,L059,True,False,0.0,0.0,0.0,1.0,"L059,L178",2,1.0145632171079182,1.0145632171079182,0,,0,False,non_critical,
1,20260708,L021->L182,L021,L182,True,False,0.0,0.0,0.0,1.0000000000000024,"L018,L021,L182",3,1.0041065133578908,1.0041065133578908,0,,1,False,non_critical,
1,20260708,L014->L147,L014,L147,True,True,43.59265123807146,43.59265123807146,0.0,1.0000000000000002,"L014,L018,L060,L102,L115,L128,L134,L140,L147,L155,L156,L158,L178,L182",14,10.234635476682097,10.234635476682097,12,"L018,L060,L102,L115,L128,L134,L140,L155,L156,L158,L178,L182",12,True,relay_cascade,
1,20260708,L044->L050,L044,L050,True,False,0.0,0.0,0.0,1.0000000000000024,"L018,L044,L045,L046,L050,L060,L102,L115,L128,L134,L140,L155,L158,L178,L182",15,14.62776440011669,14.62776440011669,13,"L018,L045,L046,L060,L102,L115,L128,L134,L140,L155,L158,L178,L182",13,True,non_critical,
1,20260708,L085->L071,L085,L071,True,False,0.0,0.0,0.0,1.0000000000000084,"L071,L085",2,1.1428322214485351,1.1428322214485351,0,,0,False,non_critical,
1,20260708,L022->L110,L022,L110,True,False,0.0,0.0,0.0,1.0000000000000002,"L018,L022,L046,L060,L102,L110,L111,L115,L128,L134,L140,L155,L158,L178,L179,L182",16,15.218616606119513,15.218616606119513,14,"L018,L046,L060,L102,L111,L115,L128,L134,L140,L155,L158,L178,L179,L182",14,True,non_critical,
1,20260708,L090->L032,L090,L032,True,False,0.0,0.0,0.0,1.0000000000000007,"L018,L032,L060,L090,L102,L111,L115,L128,L134,L140,L155,L158,L178,L179,L182",15,16.471243449470023,16.471243449470023,13,"L018,L060,L102,L111,L115,L128,L134,L140,L155,L158,L178,L179,L182",13,True,non_critical,
1,20260708,L095->L116,L095,L116,True,False,0.0,0.0,0.0,1.0000000000000004,"L095,L115,L116",3,3.7994661117625177,3.7994661117625177,1,L115,1,True,non_critical,
1,20260708,L034->L054,L034,L054,True,False,0.0,0.0,0.0,1.0000000000000004,"L018,L030,L034,L044,L045,L054,L104,L109,L111,L115,L128,L134,L140,L155,L156,L158,L178,L179,L182",19,15.351100995454962,15.351100995454962,16,"L018,L030,L044,L045,L104,L109,L111,L115,L128,L134,L140,L155,L156,L158,L178,L179",17,True,non_critical,
1,20260708,L132->L069,L132,L069,True,False,0.0,0.0,0.0,1.0000000000000018,"L069,L132",2,1.14373348064287,1.14373348064287,0,,0,False,non_critical,
1,20260708,L155->L106,L155,L106,True,False,0.0,0.0,0.0,1.0000000000000004,"L018,L030,L045,L065,L102,L104,L106,L109,L111,L115,L128,L134,L140,L155,L158,L178,L182",17,4.58748690181108,4.58748690181108,15,"L018,L030,L045,L065,L102,L104,L109,L111,L115,L128,L134,L140,L158,L178,L182",15,True,non_critical,
1,20260708,L063->L129,L063,L129,True,False,0.0,0.0,0.0,1.0000000000000004,"L063,L128,L129,L155,L156",5,3.4285675201168306,3.4285675201168306,3,"L128,L155,L156",3,True,non_critical,
1,20260708,L118->L099,L118,L099,True,False,0.0,0.0,0.0,1.000000000000001,"L018,L060,L099,L102,L115,L118,L128,L134,L140,L155,L158,L178,L182,L186",14,1.1907920904211635,1.1907920904211635,0,,12,False,non_critical,
1,20260708,L128->L077,L128,L077,True,False,0.0,0.0,0.0,1.0,"L077,L128",2,1.0001476778960643,1.0001476778960643,0,,0,False,non_critical,
1,20260708,L099->L102,L099,L102,True,False,0.0,0.0,0.0,1.0000000000000002,"L099,L102",2,1.0000000000000069,1.0000000000000069,0,,0,False,non_critical,
1,20260708,L184->L121,L184,L121,True,False,0.0,0.0,0.0,1.0000000000000009,"L046,L060,L102,L115,L121,L128,L134,L140,L155,L158,L178,L182,L184",13,1.1760239747371852,1.1760239747371852,0,,11,False,non_critical,
1,20260708,L159->L121,L159,L121,True,False,0.0,0.0,0.0,1.0000000000000053,"L121,L128,L155,L159",4,1.0174321581286359,1.0174321581286359,0,,2,False,non_critical,
1,20260708,L186->L040,L186,L040,True,False,0.0,0.0,0.0,1.0000000000000004,"L040,L182,L186",3,4.7045393883655,4.7045393883655,1,L182,1,True,non_critical,
1,20260708,L020->L083,L020,L083,True,False,0.0,0.0,0.0,1.0000000000000016,"L020,L083",2,1.007155302436367,1.007155302436367,0,,0,False,non_critical,
1,20260708,L025->L131,L025,L131,True,False,0.0,0.0,0.0,1.0000000000000016,"L025,L128,L131,L155",4,3.2676980973967247,3.2676980973967247,2,"L128,L155",2,True,non_critical,
1,20260708,L060->L146,L060,L146,True,False,0.0,0.0,0.0,1.0000000000000002,"L060,L128,L146,L155",4,4.823318454939878,4.823318454939878,2,"L128,L155",2,True,non_critical,
1,20260708,L092->L084,L092,L084,True,False,0.0,0.0,0.0,1.0000000000000042,"L084,L092",2,1.0203163109693432,1.0203163109693432,0,,0,False,non_critical,
1,20260708,L156->L079,L156,L079,True,False,0.0,0.0,0.0,1.000000000000022,"L079,L156",2,1.0047640194944787,1.0047640194944787,0,,0,False,non_critical,
1,20260708,L015->L047,L015,L047,True,True,31.300605334860514,31.300605334860514,0.0,1.0,"L015,L018,L046,L047,L060,L102,L115,L128,L134,L140,L155,L158,L178,L182",14,14.397031336732024,14.397031336732024,12,"L018,L046,L060,L102,L115,L128,L134,L140,L155,L158,L178,L182",12,True,relay_cascade,
1,20260708,L007->L142,L007,L142,True,False,0.0,0.0,0.0,1.0000000000000004,"L007,L018,L019,L111,L115,L128,L134,L140,L142,L155,L156,L158,L178,L179,L182",15,1.1153620178351806,1.1153620178351806,0,,13,False,non_critical,
1,20260708,L059->L130,L059,L130,True,False,0.0,0.0,0.0,1.0000000000000104,"L059,L128,L130,L156",4,2.0270539817138706,2.0270539817138706,2,"L128,L156",2,True,non_critical,
1,20260708,L082->L134,L082,L134,True,False,0.0,0.0,0.0,1.0000000000000007,"L060,L082,L102,L115,L128,L134,L140,L155,L158,L178,L182",11,15.59088827037655,15.59088827037655,9,"L060,L102,L115,L128,L140,L155,L158,L178,L182",9,True,non_critical,
1,20260708,L022->L086,L022,L086,True,False,0.0,0.0,0.0,1.000000000000044,"L022,L086",2,1.0030300542810573,1.0030300542810573,0,,0,False,non_critical,
1,20260708,L133->L041,L133,L041,True,False,0.0,0.0,0.0,1.0000000000000002,"L018,L041,L060,L102,L115,L128,L133,L140,L155,L158,L178,L182",12,1.1867176609337515,1.1867176609337515,0,,10,False,non_critical,
1,20260708,L150->L023,L150,L023,True,False,0.0,0.0,0.0,1.0000000000000109,"L018,L023,L150",3,1.4679618143875643,1.4679618143875643,1,L018,1,True,non_critical,
1,20260708,L085->L131,L085,L131,True,False,0.0,0.0,0.0,1.0000000000000004,"L085,L128,L131,L155,L156",5,2.8560832485015983,2.8560832485015983,3,"L128,L155,L156",3,True,non_critical,
1,20260708,L013->L082,L013,L082,True,False,0.0,0.0,0.0,1.0000000000000877,"L013,L082",2,1.0044725807539887,1.0044725807539887,0,,0,False,non_critical,
1,20260708,L102->L097,L102,L097,True,False,0.0,0.0,0.0,1.0000000000000007,"L060,L097,L102",3,2.0656286368714762,2.0656286368714762,1,L060,1,True,non_critical,
1,20260708,L164->L011,L164,L011,True,False,0.0,0.0,0.0,1.0,"L011,L164",2,1.0308361705298974,1.0308361705298974,0,,0,False,non_critical,
1,20260708,L185->L103,L185,L103,True,False,0.0,0.0,0.0,1.0000000000000018,"L103,L185",2,1.0085616504256698,1.0085616504256698,0,,0,False,non_critical,
1,20260708,L030->L123,L030,L123,True,False,0.0,0.0,0.0,1.0000000000000004,"L030,L123,L128,L155",4,2.7930562009058244,2.7930562009058244,2,"L128,L155",2,True,non_critical,
1,20260708,L131->L020,L131,L020,True,False,0.0,0.0,0.0,1.0000000000000004,"L018,L020,L128,L131",4,1.4389236917404424,1.4389236917404424,1,L018,2,True,non_critical,
1,20260708,L123->L118,L123,L118,True,False,0.0,0.0,0.0,1.0000000000000053,"L118,L123,L128",3,1.025902625145109,1.025902625145109,0,,1,False,non_critical,
1,20260708,L003->L177,L003,L177,True,False,0.0,0.0,0.0,1.0000000000000002,"L003,L018,L060,L102,L115,L128,L134,L140,L155,L158,L177,L178,L182",13,16.161877826170585,16.161877826170585,11,"L018,L060,L102,L115,L128,L134,L140,L155,L158,L178,L182",11,True,non_critical,
1,20260708,L171->L144,L171,L144,True,False,0.0,0.0,0.0,1.0000000000000007,"L128,L144,L155,L171",4,4.637195819573566,4.637195819573566,2,"L128,L155",2,True,non_critical,
1,20260708,L175->L170,L175,L170,True,False,0.0,0.0,0.0,1.0000000000000877,"L170,L175",2,1.0000000000000038,1.0000000000000038,0,,0,False,non_critical,
1,20260708,L078->L044,L078,L044,True,False,0.0,0.0,0.0,1.000000000000001,"L044,L078",2,1.0821484464430253,1.0821484464430253,0,,0,False,non_critical,
1,20260708,L130->L033,L130,L033,True,False,0.0,0.0,0.0,1.0000000000000009,"L018,L033,L130,L178,L182",5,28.612369886212296,28.612369886212296,3,"L018,L178,L182",3,True,non_critical,
1,20260708,L110->L165,L110,L165,True,False,0.0,0.0,0.0,1.0,"L046,L060,L102,L110,L111,L115,L128,L134,L140,L155,L158,L165,L178,L179,L182",15,0.8846257066682403,0.8846257066682403,0,,13,False,non_critical,
1,20260708,L179->L053,L179,L053,True,False,0.0,0.0,0.0,1.0000000000000084,"L053,L179",2,1.1050307788699065,1.1050307788699065,0,,0,False,non_critical,
1,20260708,L141->L176,L141,L176,True,False,0.0,0.0,0.0,1.0000000000000004,"L046,L060,L115,L128,L134,L140,L141,L155,L156,L176,L178,L179,L182",13,4.669356505963877,4.669356505963877,7,"L046,L060,L115,L134,L178,L179,L182",11,True,non_critical,
1,20260708,L176->L113,L176,L113,True,False,0.0,0.0,0.0,1.0000000000000004,"L046,L060,L113,L115,L128,L134,L140,L155,L176,L178,L179,L182",12,1.0847936914387384,1.0847936914387384,0,,10,False,non_critical,
1,20260708,L176->L156,L176,L156,True,False,0.0,0.0,0.0,1.0,"L046,L060,L115,L128,L134,L140,L155,L156,L176,L178,L179,L182",12,1.1376462437577903,1.1376462437577903,0,,10,False,non_critical,
1,20260708,L104->L055,L104,L055,True,False,0.0,0.0,0.0,1.0000000000000053,"L055,L104",2,1.068230948825924,1.068230948825924,0,,0,False,non_critical,
1,20260708,L083->L116,L083,L116,True,False,0.0,0.0,0.0,1.0000000000000024,"L083,L115,L116",3,4.006438492479279,4.006438492479279,1,L115,1,True,non_critical,
1,20260708,L095->L034,L095,L034,True,False,0.0,0.0,0.0,1.0000000000000042,"L034,L095,L182",3,7.301064240101207,7.301064240101207,1,L182,1,True,non_critical,
1,20260708,L149->L083,L149,L083,True,False,0.0,0.0,0.0,1.0000000000000016,"L083,L128,L149",3,1.006192469891825,1.006192469891825,0,,1,False,non_critical,
1,20260708,L121->L048,L121,L048,True,False,0.0,0.0,0.0,1.000000000000022,"L048,L121,L128",3,1.0004073014957178,1.0004073014957178,0,,1,False,non_critical,
1,20260708,L101->L014,L101,L014,True,False,0.0,0.0,0.0,1.0000000000000042,"L014,L101",2,1.0088772778656134,1.0088772778656134,0,,0,False,non_critical,
1,20260708,L017->L093,L017,L093,True,False,0.0,0.0,0.0,1.0,"L017,L093",2,1.0565596307623049,1.0565596307623049,0,,0,False,non_critical,
1,20260708,L174->L151,L174,L151,True,False,0.0,0.0,0.0,1.0000000000000009,"L128,L151,L155,L174",4,1.7917377436670123,1.7917377436670123,2,"L128,L155",2,True,non_critical,
1,20260708,L095->L133,L095,L133,True,False,0.0,0.0,0.0,1.0000000000000004,"L018,L060,L095,L102,L115,L128,L133,L140,L155,L158,L178,L182",12,15.142932855964329,15.142932855964329,10,"L018,L060,L102,L115,L128,L140,L155,L158,L178,L182",10,True,non_critical,
1,20260708,L032->L157,L032,L157,True,False,0.0,0.0,0.0,1.000000000000001,"L032,L157,L178,L182",4,1.00195357109662,1.00195357109662,0,,2,False,non_critical,
1,20260708,L041->L186,L041,L186,True,False,0.0,0.0,0.0,1.0000000000000104,"L041,L178,L182,L186",4,1.0322528644351847,1.0322528644351847,0,,2,False,non_critical,
1,20260708,L006->L137,L006,L137,True,False,0.0,0.0,0.0,1.0000000000000013,"L006,L128,L137,L155",4,2.7845307946708258,2.7845307946708258,2,"L128,L155",2,True,non_critical,
1,20260708,L103->L026,L103,L026,True,False,0.0,0.0,0.0,1.000000000000022,"L026,L103",2,1.0040631638907633,1.0040631638907633,0,,0,False,non_critical,
1,20260708,L160->L096,L160,L096,True,False,0.0,0.0,0.0,1.0000000000000142,"L096,L111,L155,L160,L178,L182",6,1.7175502505132476,1.7175502505132476,3,"L111,L178,L182",4,True,non_critical,
1,20260708,L169->L104,L169,L104,True,False,0.0,0.0,0.0,1.0000000000000064,"L045,L065,L102,L104,L109,L111,L115,L169,L178,L182",10,3.1961906158701137,3.1961906158701137,8,"L045,L065,L102,L109,L111,L115,L178,L182",8,True,non_critical,
1,20260708,L135->L071,L135,L071,True,False,0.0,0.0,0.0,1.000000000000022,"L071,L128,L135",3,1.1432949671798032,1.1432949671798032,0,,1,False,non_critical,
1,20260708,L143->L097,L143,L097,True,False,0.0,0.0,0.0,1.000000000000022,"L060,L097,L102,L128,L143",5,1.5045438385101728,1.5045438385101728,3,"L060,L102,L128",3,True,non_critical,
1,20260708,L053->L087,L053,L087,True,False,0.0,0.0,0.0,1.000000000000022,"L053,L087",2,1.0003670815311319,1.0003670815311319,0,,0,False,non_critical,
1,20260708,L148->L058,L148,L058,True,False,0.0,0.0,0.0,1.0000000000000009,"L058,L128,L148,L155",4,1.0909568914716579,1.0909568914716579,0,,2,False,non_critical,
1,20260708,L183->L085,L183,L085,True,False,0.0,0.0,0.0,1.0000000000000007,"L018,L060,L085,L102,L115,L128,L134,L140,L155,L158,L178,L182,L183",13,1.1385419996456947,1.1385419996456947,0,,11,False,non_critical,
1,20260708,L177->L026,L177,L026,True,False,0.0,0.0,0.0,1.0,"L018,L026,L060,L102,L115,L128,L134,L140,L155,L158,L177,L178,L182",13,1.1964407566470652,1.1964407566470652,0,,11,False,non_critical,
1,20260708,L167->L159,L167,L159,True,False,0.0,0.0,0.0,1.0000000000000053,"L128,L155,L156,L159,L167",5,5.93396253953292,5.93396253953292,3,"L128,L155,L156",3,True,non_critical,
1,20260708,L140->L109,L140,L109,True,False,0.0,0.0,0.0,1.0000000000000064,"L109,L111,L115,L140",4,1.4590142826084564,1.4590142826084564,2,"L111,L115",2,True,non_critical,
1,20260708,L130->L079,L130,L079,True,False,0.0,0.0,0.0,1.0000000000000036,"L079,L130",2,1.0047660614744227,1.0047660614744227,0,,0,False,non_critical,
1,20260708,L126->L073,L126,L073,True,False,0.0,0.0,0.0,1.0,"L073,L126,L128",3,1.0029112496103423,1.0029112496103423,0,,1,False,non_critical,
1,20260708,L174->L021,L174,L021,True,False,0.0,0.0,0.0,1.000000000000001,"L018,L019,L021,L174,L182",5,3.327597134072307,3.327597134072307,3,"L018,L019,L182",3,True,non_critical,
1,20260708,L032->L024,L032,L024,True,False,0.0,0.0,0.0,1.000000000000002,"L018,L024,L032,L178,L182",5,1.4775254276789627,1.4775254276789627,1,L018,3,True,non_critical,
1,20260708,L069->L148,L069,L148,True,False,0.0,0.0,0.0,1.0000000000000004,"L069,L148",2,1.0008757664013903,1.0008757664013903,0,,0,False,non_critical,
1,20260708,L066->L106,L066,L106,True,False,0.0,0.0,0.0,1.0000000000000058,"L018,L030,L045,L065,L066,L102,L104,L106,L109,L111,L115,L128,L134,L140,L155,L158,L178,L182",18,14.414414316382455,14.414414316382455,16,"L018,L030,L045,L065,L102,L104,L109,L111,L115,L128,L134,L140,L155,L158,L178,L182",16,True,non_critical,
1,20260708,L113->L007,L113,L007,True,False,0.0,0.0,0.0,1.000000000000005,"L007,L018,L019,L046,L060,L102,L111,L113,L115,L128,L134,L140,L155,L158,L178,L179,L182",17,4.807065074548286,4.807065074548286,4,"L018,L019,L111,L179",15,True,non_critical,
1,20260708,L139->L078,L139,L078,True,False,0.0,0.0,0.0,1.0000000000000084,"L078,L139,L140",3,1.0018630579100396,1.0018630579100396,0,,1,False,non_critical,
1,20260708,L064->L158,L064,L158,True,False,0.0,0.0,0.0,1.0000000000000004,"L064,L128,L155,L156,L158",5,3.7911983827764386,3.7911983827764386,3,"L128,L155,L156",3,True,non_critical,
1,20260708,L173->L152,L173,L152,True,False,0.0,0.0,0.0,1.0000000000000004,"L128,L152,L173",3,1.7861088538738037,1.7861088538738037,1,L128,1,True,non_critical,
1,20260708,L133->L072,L133,L072,True,False,0.0,0.0,0.0,1.000000000000001,"L018,L060,L072,L102,L115,L128,L133,L140,L155,L158,L178,L182",12,1.1900125566997435,1.1900125566997435,0,,10,False,non_critical,
1,20260708,L020->L148,L020,L148,True,False,0.0,0.0,0.0,1.000000000000002,"L020,L148",2,1.0007068323991022,1.0007068323991022,0,,0,False,non_critical,
1,20260708,L044->L009,L044,L009,True,False,0.0,0.0,0.0,1.0000000000000013,"L009,L018,L019,L044,L111,L115,L128,L134,L140,L155,L156,L158,L178,L179,L182",15,16.541610238326776,16.541610238326776,13,"L018,L019,L111,L115,L128,L134,L140,L155,L156,L158,L178,L179,L182",13,True,non_critical,
1,20260708,L063->L176,L063,L176,True,False,0.0,0.0,0.0,1.0000000000000002,"L046,L060,L063,L102,L115,L128,L134,L140,L155,L176,L178,L179,L182",13,10.693303863164141,10.693303863164141,11,"L046,L060,L102,L115,L128,L134,L140,L155,L178,L179,L182",11,True,non_critical,
1,20260708,L030->L169,L030,L169,True,False,0.0,0.0,0.0,1.0000000000000018,"L030,L169",2,1.0000000000000036,1.0000000000000036,0,,0,False,non_critical,
1,20260708,L110->L118,L110,L118,True,False,0.0,0.0,0.0,1.0000000000000002,"L046,L060,L102,L110,L111,L115,L118,L128,L134,L140,L155,L158,L178,L179,L182",15,0.8837871734178249,0.8837871734178249,0,,13,False,non_critical,
1,20260708,L082->L045,L082,L045,True,False,0.0,0.0,0.0,1.0000000000000018,"L045,L082",2,1.0215343858546784,1.0215343858546784,0,,0,False,non_critical,
1,20260708,L085->L158,L085,L158,True,False,0.0,0.0,0.0,1.0000000000000016,"L085,L128,L155,L156,L158",5,3.874046648697511,3.874046648697511,3,"L128,L155,L156",3,True,non_critical,
1,20260708,L117->L121,L117,L121,True,False,0.0,0.0,0.0,1.000000000000017,"L115,L117,L121,L128",4,5.507364766514179,5.507364766514179,1,L128,2,True,non_critical,
1,20260708,L029->L030,L029,L030,True,False,0.0,0.0,0.0,1.0000000000000004,"L029,L030,L115",3,1.599907658881079,1.599907658881079,1,L115,1,True,non_critical,
1,20260708,L095->L066,L095,L066,True,False,0.0,0.0,0.0,1.0000000000000018,"L066,L095",2,1.05916996802392,1.05916996802392,0,,0,False,non_critical,
1,20260708,L027->L079,L027,L079,True,False,0.0,0.0,0.0,1.0000000000000016,"L027,L079",2,1.0048176804255933,1.0048176804255933,0,,0,False,non_critical,
1,20260708,L031->L165,L031,L165,True,False,0.0,0.0,0.0,1.0000000000000042,"L031,L165,L182",3,1.0000000000000027,1.0000000000000027,0,,1,False,non_critical,
1,20260708,L067->L114,L067,L114,True,False,0.0,0.0,0.0,1.0000000000000004,"L067,L114",2,1.0050939022740102,1.0050939022740102,0,,0,False,non_critical,
1,20260708,L169->L170,L169,L170,True,False,0.0,0.0,0.0,1.0000000000000007,"L169,L170",2,1.0000000000000095,1.0000000000000095,0,,0,False,non_critical,
1,20260708,L146->L060,L146,L060,True,False,0.0,0.0,0.0,1.0000000000000004,"L060,L146,L155",3,1.111036531166255,1.111036531166255,0,,1,False,non_critical,
1,20260708,L072->L142,L072,L142,True,False,0.0,0.0,0.0,1.0000000000000009,"L072,L142",2,1.0003670138489507,1.0003670138489507,0,,0,False,non_critical,
1,20260708,L065->L174,L065,L174,True,False,0.0,0.0,0.0,1.0000000000000084,"L065,L174",2,1.0000000000000104,1.0000000000000104,0,,0,False,non_critical,
1,20260708,L048->L009,L048,L009,True,False,0.0,0.0,0.0,1.000000000000003,"L009,L018,L019,L048,L111,L115,L128,L134,L140,L155,L156,L158,L178,L179,L182",15,16.543760537761546,16.543760537761546,13,"L018,L019,L111,L115,L128,L134,L140,L155,L156,L158,L178,L179,L182",13,True,non_critical,
1,20260708,L151->L055,L151,L055,True,False,0.0,0.0,0.0,1.0000000000000024,"L055,L128,L151,L155",4,1.0568934443691431,1.0568934443691431,0,,2,False,non_critical,
1,20260708,L142->L088,L142,L088,True,False,0.0,0.0,0.0,1.0000000000000007,"L088,L142",2,1.0162101383192876,1.0162101383192876,0,,0,False,non_critical,
1,20260708,L171->L084,L171,L084,True,False,0.0,0.0,0.0,1.000000000000003,"L084,L171",2,1.0037041708818326,1.0037041708818326,0,,0,False,non_critical,
1,20260708,L086->L064,L086,L064,True,False,0.0,0.0,0.0,1.0000000000000009,"L064,L086",2,1.0540998151424337,1.0540998151424337,0,,0,False,non_critical,
1,20260708,L039->L018,L039,L018,True,False,0.0,0.0,0.0,1.0000000000000004,"L018,L039",2,1.0050165773455073,1.0050165773455073,0,,0,False,non_critical,
1,20260708,L081->L098,L081,L098,True,False,0.0,0.0,0.0,1.0000000000000007,"L081,L098,L102",3,2.177362967417317,2.177362967417317,1,L102,1,True,non_critical,
1,20260708,L052->L078,L052,L078,True,False,0.0,0.0,0.0,1.0,"L052,L078",2,1.0213969942004628,1.0213969942004628,0,,0,False,non_critical,
1,20260708,L142->L092,L142,L092,True,False,0.0,0.0,0.0,1.0000000000000042,"L092,L142",2,1.0036096327375112,1.0036096327375112,0,,0,False,non_critical,
1,20260708,L060->L098,L060,L098,True,False,0.0,0.0,0.0,1.0000000000000018,"L060,L098,L102",3,1.9128063481069124,1.9128063481069124,1,L102,1,True,non_critical,
1,20260708,L016->L024,L016,L024,True,False,0.0,0.0,0.0,1.0000000000000004,"L016,L018,L024,L046,L060,L102,L115,L128,L134,L140,L155,L158,L178,L182",14,1.1728270441704085,1.1728270441704085,0,,12,False,non_critical,
1,20260708,L004->L140,L004,L140,True,False,0.0,0.0,0.0,1.0000000000000053,"L004,L128,L140",3,1.2546543591856787,1.2546543591856787,1,L128,1,True,non_critical,
1,20260708,L110->L028,L110,L028,True,False,0.0,0.0,0.0,1.0000000000000024,"L028,L046,L060,L102,L110,L111,L115,L128,L134,L140,L155,L158,L178,L179,L182",15,0.7588442557117173,0.7588442557117173,0,,13,False,non_critical,
1,20260708,L097->L167,L097,L167,True,False,0.0,0.0,0.0,1.0,"L060,L097,L102,L167",4,1.000000000000022,1.000000000000022,0,,2,False,non_critical,
1,20260708,L031->L020,L031,L020,True,False,0.0,0.0,0.0,1.0000000000000027,"L018,L020,L031,L182",4,1.7228808438981758,1.7228808438981758,1,L018,2,True,non_critical,
1,20260708,L037->L130,L037,L130,True,False,0.0,0.0,0.0,1.0000000000000013,"L018,L019,L020,L037,L115,L128,L130,L134,L140,L155,L158,L178,L179,L182",14,1.0711469826737505,1.0711469826737505,0,,12,False,non_critical,
1,20260708,L033->L181,L033,L181,True,True,20.772296104867053,20.772296104867053,0.0,1.0,"L033,L060,L102,L115,L128,L134,L140,L155,L158,L178,L181,L182",12,14.46879937309944,14.46879937309944,8,"L060,L102,L115,L128,L134,L140,L155,L158",10,True,relay_cascade,
1,20260708,L096->L047,L096,L047,True,True,31.300605334860514,31.300605334860514,0.0,1.0000000000000204,"L018,L046,L047,L056,L057,L058,L060,L096,L102,L109,L111,L115,L128,L134,L140,L155,L158,L178,L182",19,1.8479906533749644,1.8479906533749644,1,L046,17,True,relay_cascade,
1,20260708,L107->L054,L107,L054,True,False,0.0,0.0,0.0,1.0000000000000209,"L018,L045,L054,L107,L111,L115,L128",7,1.7555570095389696,1.7555570095389696,4,"L018,L045,L111,L115",5,True,non_critical,
1,20260708,L040->L155,L040,L155,True,False,0.0,0.0,0.0,1.0,"L040,L128,L155,L182",4,1.2751609248575617,1.2751609248575617,1,L128,2,True,non_critical,
1,20260708,L113->L075,L113,L075,True,False,0.0,0.0,0.0,1.0,"L046,L060,L075,L102,L113,L115,L128,L134,L140,L155,L158,L178,L182",13,1.1951997610823568,1.1951997610823568,0,,11,False,non_critical,
1,20260708,L087->L185,L087,L185,True,False,0.0,0.0,0.0,1.000000000000044,"L087,L185",2,1.0785457197616115,1.0785457197616115,0,,0,False,non_critical,
1,20260708,L011->L115,L011,L115,True,False,0.0,0.0,0.0,1.000000000000002,"L011,L115",2,1.0099711682545136,1.0099711682545136,0,,0,False,non_critical,
1,20260708,L103->L073,L103,L073,True,False,0.0,0.0,0.0,1.000000000000044,"L073,L103",2,1.0035032662117114,1.0035032662117114,0,,0,False,non_critical,
1,20260708,L109->L155,L109,L155,True,False,0.0,0.0,0.0,1.0000000000000009,"L109,L128,L155",3,1.275137860873366,1.275137860873366,1,L128,1,True,non_critical,
1,20260708,L014->L143,L014,L143,True,False,0.0,0.0,0.0,1.0000000000000013,"L014,L046,L060,L102,L115,L128,L134,L140,L143,L155,L158,L178,L182",13,15.245645625502673,15.245645625502673,11,"L046,L060,L102,L115,L128,L134,L140,L155,L158,L178,L182",11,True,non_critical,
1,20260708,L013->L028,L013,L028,True,False,0.0,0.0,0.0,1.0000000000000036,"L013,L028,L115,L178,L182",5,3.3931766026563612,3.3931766026563612,3,"L115,L178,L182",3,True,non_critical,
1,20260708,L184->L034,L184,L034,True,False,0.0,0.0,0.0,1.0000000000000004,"L034,L046,L060,L102,L115,L128,L134,L140,L155,L158,L178,L182,L184",13,1.1760239747371852,1.1760239747371852,0,,11,False,non_critical,
1,20260708,L062->L085,L062,L085,True,False,0.0,0.0,0.0,1.0000000000000018,"L062,L085",2,1.0059712138915773,1.0059712138915773,0,,0,False,non_critical,
1,20260708,L168->L052,L168,L052,True,False,0.0,0.0,0.0,1.0000000000000009,"L052,L168",2,1.1155315421448566,1.1155315421448566,0,,0,False,non_critical,
1,20260708,L063->L146,L063,L146,True,False,0.0,0.0,0.0,1.0000000000000013,"L063,L128,L146,L155",4,4.524260431440505,4.524260431440505,2,"L128,L155",2,True,non_critical,
1,20260708,L181->L052,L181,L052,True,False,0.0,0.0,0.0,1.0000000000000024,"L018,L046,L052,L060,L102,L115,L128,L134,L140,L155,L158,L178,L181,L182",14,1.1763078735614199,1.1763078735614199,0,,12,False,non_critical,
1,20260708,L163->L089,L163,L089,True,False,0.0,0.0,0.0,1.000000000000022,"L089,L163",2,1.018406208154433,1.018406208154433,0,,0,False,non_critical,
1,20260708,L102->L139,L102,L139,True,False,0.0,0.0,0.0,1.000000000000022,"L102,L128,L139,L140",4,1.6180373325973587,1.6180373325973587,2,"L128,L140",2,True,non_critical,
1,20260708,L003->L089,L003,L089,True,False,0.0,0.0,0.0,1.0000000000000053,"L003,L089",2,1.0211710994702556,1.0211710994702556,0,,0,False,non_critical,
1,20260708,L153->L047,L153,L047,True,True,31.300605334860514,31.300605334860514,0.0,1.0,"L018,L046,L047,L060,L102,L115,L128,L134,L140,L153,L155,L156,L158,L178,L182",15,4.394093375470019,4.394093375470019,11,"L018,L046,L060,L102,L115,L134,L140,L156,L158,L178,L182",13,True,relay_cascade,
1,20260708,L055->L112,L055,L112,True,False,0.0,0.0,0.0,1.0000000000000018,"L055,L112,L115",3,1.4431444798089528,1.4431444798089528,1,L115,1,True,non_critical,
1,20260708,L121->L073,L121,L073,True,False,0.0,0.0,0.0,1.0000000000000877,"L073,L121,L128",3,1.0003130269534914,1.0003130269534914,0,,1,False,non_critical,
1,20260708,L059->L184,L059,L184,True,True,21.648461416338748,21.648461416338748,0.0,1.0000000000000013,"L059,L102,L115,L128,L134,L140,L155,L158,L178,L182,L184",11,14.469438157541267,14.469438157541267,9,"L102,L115,L128,L134,L140,L155,L158,L178,L182",9,True,relay_cascade,
1,20260708,L173->L105,L173,L105,True,False,0.0,0.0,0.0,1.0000000000000007,"L060,L105,L128,L173",4,1.4223175589235624,1.4223175589235624,2,"L060,L128",2,True,non_critical,
1,20260708,L176->L107,L176,L107,True,False,0.0,0.0,0.0,1.0000000000000009,"L046,L060,L107,L115,L128,L134,L140,L155,L176,L178,L179,L182",12,1.0075511119484264,1.0075511119484264,0,,10,False,non_critical,
1,20260708,L091->L040,L091,L040,True,False,0.0,0.0,0.0,1.0000000000000004,"L040,L091,L182",3,3.837863248773611,3.837863248773611,1,L182,1,True,non_critical,
1,20260708,L167->L158,L167,L158,True,False,0.0,0.0,0.0,1.0000000000000009,"L158,L167",2,1.1711698133472683,1.1711698133472683,0,,0,False,non_critical,
1,20260708,L170->L024,L170,L024,True,False,0.0,0.0,0.0,1.0000000000000018,"L018,L024,L170",3,1.5816475939494248,1.5816475939494248,1,L018,1,True,non_critical,
1,20260708,L150->L071,L150,L071,True,False,0.0,0.0,0.0,1.0000000000000042,"L071,L150",2,1.1400175504217753,1.1400175504217753,0,,0,False,non_critical,
1,20260708,L152->L102,L152,L102,True,False,0.0,0.0,0.0,1.0000000000000002,"L102,L128,L152,L155",4,1.055368712577777,1.055368712577777,0,,2,False,non_critical,
1,20260708,L160->L136,L160,L136,True,False,0.0,0.0,0.0,1.0000000000000009,"L128,L136,L155,L156,L160",5,3.4053613360253414,3.4053613360253414,2,"L128,L156",3,True,non_critical,
1,20260708,L037->L053,L037,L053,True,False,0.0,0.0,0.0,1.0000000000000024,"L018,L019,L020,L037,L053,L115,L128,L134,L140,L155,L158,L178,L179,L182",14,1.1681442745913646,1.1681442745913646,0,,12,False,non_critical,
1,20260708,L037->L148,L037,L148,True,False,0.0,0.0,0.0,1.0,"L018,L019,L020,L037,L115,L128,L134,L140,L148,L155,L158,L178,L179,L182",14,1.0711469826737479,1.0711469826737479,0,,12,False,non_critical,
1,20260708,L121->L085,L121,L085,True,False,0.0,0.0,0.0,1.0,"L085,L121,L128",3,1.003708981386625,1.003708981386625,0,,1,False,non_critical,
1,20260708,L107->L076,L107,L076,True,False,0.0,0.0,0.0,1.0000000000000024,"L076,L107,L128",3,1.09045862139268,1.09045862139268,0,,1,False,non_critical,
1,20260708,L182->L140,L182,L140,True,False,0.0,0.0,0.0,1.0000000000000007,"L128,L140,L182",3,1.2546543569427313,1.2546543569427313,1,L128,1,True,non_critical,
1,20260708,L075->L136,L075,L136,True,False,0.0,0.0,0.0,1.0000000000000018,"L075,L128,L136,L155,L156",5,3.528222053234761,3.528222053234761,3,"L128,L155,L156",3,True,non_critical,
1,20260708,L177->L005,L177,L005,True,False,0.0,0.0,0.0,1.0000000000000002,"L005,L018,L060,L102,L115,L128,L134,L140,L155,L158,L177,L178,L182",13,1.1867345212632343,1.1867345212632343,0,,11,False,non_critical,
1,20260708,L119->L147,L119,L147,True,True,43.59265123807146,43.59265123807146,0.0,1.0000000000000004,"L018,L060,L102,L115,L119,L128,L134,L140,L147,L155,L156,L158,L178,L182",14,10.234635476682122,10.234635476682122,11,"L018,L060,L102,L115,L134,L140,L155,L156,L158,L178,L182",12,True,relay_cascade,
1,20260708,L149->L104,L149,L104,True,False,0.0,0.0,0.0,1.0000000000000013,"L045,L102,L104,L109,L111,L115,L128,L149,L178,L182",10,2.6307319805472824,2.6307319805472824,7,"L045,L102,L109,L111,L115,L178,L182",8,True,non_critical,
1,20260708,L072->L176,L072,L176,True,False,0.0,0.0,0.0,1.0000000000000004,"L046,L060,L072,L115,L128,L134,L140,L155,L176,L178,L179,L182",12,10.693237711336092,10.693237711336092,10,"L046,L060,L115,L128,L134,L140,L155,L178,L179,L182",10,True,non_critical,
1,20260708,L145->L052,L145,L052,True,False,0.0,0.0,0.0,1.000000000000044,"L052,L145,L155",3,1.1351851864828522,1.1351851864828522,0,,1,False,non_critical,
1,20260708,L064->L132,L064,L132,True,False,0.0,0.0,0.0,1.000000000000001,"L064,L128,L132,L156",4,2.412542532915536,2.412542532915536,2,"L128,L156",2,True,non_critical,
1,20260708,L133->L175,L133,L175,True,False,0.0,0.0,0.0,1.0000000000000009,"L018,L060,L102,L115,L128,L133,L140,L155,L158,L175,L178,L182",12,1.190259406272772,1.190259406272772,0,,10,False,non_critical,
1,20260708,L143->L146,L143,L146,True,False,0.0,0.0,0.0,1.0000000000000036,"L128,L143,L146,L155",4,2.909612803097093,2.909612803097093,2,"L128,L155",2,True,non_critical,
1,20260708,L184->L134,L184,L134,True,False,0.0,0.0,0.0,1.0000000000000004,"L046,L060,L102,L115,L128,L134,L140,L155,L158,L178,L182,L184",12,1.1760239747371852,1.1760239747371852,0,,10,False,non_critical,
1,20260708,L165->L058,L165,L058,True,False,0.0,0.0,0.0,1.000000000000022,"L058,L165",2,1.023246408750428,1.023246408750428,0,,0,False,non_critical,
1,20260708,L140->L041,L140,L041,True,False,0.0,0.0,0.0,1.000000000000002,"L041,L115,L140,L182",4,9.656126508483935,9.656126508483935,2,"L115,L182",2,True,non_critical,
1,20260708,L064->L172,L064,L172,True,False,0.0,0.0,0.0,1.0000000000000018,"L064,L172",2,1.000000000000005,1.000000000000005,0,,0,False,non_critical,
1,20260708,L040->L104,L040,L104,True,False,0.0,0.0,0.0,1.000000000000007,"L040,L045,L065,L102,L104,L109,L111,L115,L178,L182",10,3.0249469135614175,3.0249469135614175,7,"L045,L065,L102,L109,L111,L115,L178",8,True,non_critical,
1,20260708,L021->L085,L021,L085,True,False,0.0,0.0,0.0,1.0000000000000877,"L018,L021,L085",3,1.0013214080751058,1.0013214080751058,0,,1,False,non_critical,
1,20260708,L151->L164,L151,L164,True,False,0.0,0.0,0.0,1.0000000000000877,"L128,L151,L155,L164",4,1.0494650670146721,1.0494650670146721,0,,2,False,non_critical,
1,20260708,L043->L146,L043,L146,True,False,0.0,0.0,0.0,1.0000000000000007,"L043,L128,L146,L155,L182",5,4.823318448544659,4.823318448544659,2,"L128,L155",3,True,non_critical,
1,20260708,L155->L008,L155,L008,True,True,25.67010059251546,25.67010059251546,0.0,1.0000000000000102,"L008,L018,L019,L020,L022,L045,L060,L102,L109,L111,L115,L128,L134,L140,L155,L178,L182",17,24.23019967465688,24.23019967465688,15,"L018,L019,L020,L022,L045,L060,L102,L109,L111,L115,L128,L134,L140,L178,L182",15,True,relay_cascade,
1,20260708,L070->L081,L070,L081,True,True,16.14448705021324,16.14448705021324,0.0,1.000000000000001,"L018,L060,L070,L081,L115,L128,L134,L140,L155,L158,L178,L182",12,14.511685111874492,14.511685111874492,10,"L018,L060,L115,L128,L134,L140,L155,L158,L178,L182",10,True,relay_cascade,
1,20260708,L035->L181,L035,L181,True,True,20.772296104867053,20.772296104867053,0.0,1.0,"L018,L035,L046,L060,L102,L115,L128,L134,L140,L155,L158,L178,L181,L182",14,14.473954464998762,14.473954464998762,11,"L018,L046,L060,L102,L115,L128,L134,L140,L155,L158,L178",12,True,relay_cascade,
1,20260708,L007->L041,L007,L041,True,False,0.0,0.0,0.0,1.000000000000001,"L007,L018,L019,L041,L111,L115,L128,L134,L140,L155,L156,L158,L178,L179,L182",15,1.115387835713381,1.115387835713381,0,,13,False,non_critical,
1,20260708,L111->L049,L111,L049,True,False,0.0,0.0,0.0,1.000000000000022,"L049,L111",2,1.084404316626521,1.084404316626521,0,,0,False,non_critical,
1,20260708,L101->L118,L101,L118,True,False,0.0,0.0,0.0,1.0000000000000002,"L101,L118",2,1.0737131511491396,1.0737131511491396,0,,0,False,non_critical,
1,20260708,L076->L044,L076,L044,True,False,0.0,0.0,0.0,1.0,"L044,L045,L076,L182",4,1.2445339721444333,1.2445339721444333,2,"L045,L182",2,True,non_critical,
1,20260708,L137->L144,L137,L144,True,False,0.0,0.0,0.0,1.0000000000000004,"L128,L137,L144,L155",4,4.322167012708971,4.322167012708971,1,L155,2,True,non_critical,
1,20260708,L038->L180,L038,L180,True,True,7.272188818003705,7.272188818003705,0.0,1.0000000000000004,"L018,L038,L045,L060,L102,L109,L111,L115,L128,L134,L140,L155,L158,L178,L179,L180,L182",17,1.2854129936885978,1.2854129936885978,3,"L060,L102,L109",15,True,relay_cascade,
1,20260708,L075->L001,L075,L001,True,False,0.0,0.0,0.0,1.000000000000022,"L001,L075",2,1.0047342870231988,1.0047342870231988,0,,0,False,non_critical,
1,20260708,L069->L036,L069,L036,True,False,0.0,0.0,0.0,1.0000000000000018,"L018,L019,L036,L069,L111,L178,L182",7,4.422078116510085,4.422078116510085,5,"L018,L019,L111,L178,L182",5,True,non_critical,
1,20260708,L117->L159,L117,L159,True,False,0.0,0.0,0.0,1.0000000000000053,"L115,L117,L128,L155,L156,L158,L159",7,5.164356775583999,5.164356775583999,4,"L128,L155,L156,L158",5,True,non_critical,
1,20260708,L159->L174,L159,L174,True,False,0.0,0.0,0.0,1.000000000000005,"L128,L155,L159,L174",4,1.000000000000006,1.000000000000006,0,,2,False,non_critical,
1,20260708,L061->L109,L061,L109,True,False,0.0,0.0,0.0,1.000000000000005,"L018,L060,L061,L109,L115,L128,L134,L140,L155,L158,L178,L182",12,1.1883408756878757,1.1883408756878757,0,,10,False,non_critical,
1,20260708,L030->L109,L030,L109,True,False,0.0,0.0,0.0,1.000000000000001,"L030,L109",2,1.0000000000000107,1.0000000000000107,0,,0,False,non_critical,
1,20260708,L151->L166,L151,L166,True,False,0.0,0.0,0.0,1.000000000000001,"L128,L151,L155,L166",4,1.0000000000000135,1.0000000000000135,0,,2,False,non_critical,
1,20260708,L183->L048,L183,L048,True,False,0.0,0.0,0.0,1.000000000000002,"L018,L048,L060,L102,L115,L128,L134,L140,L155,L158,L178,L182,L183",13,1.1390826684907192,1.1390826684907192,0,,11,False,non_critical,
1,20260708,L075->L100,L075,L100,True,False,0.0,0.0,0.0,1.0000000000000018,"L075,L100,L102",3,1.434517585902863,1.434517585902863,1,L102,1,True,non_critical,
1,20260708,L157->L040,L157,L040,True,False,0.0,0.0,0.0,1.0000000000000042,"L040,L128,L157,L182",4,4.160783999730987,4.160783999730987,1,L182,2,True,non_critical,
1,20260708,L004->L089,L004,L089,True,False,0.0,0.0,0.0,1.000000000000003,"L004,L089",2,1.0028641005903538,1.0028641005903538,0,,0,False,non_critical,
1,20260708,L091->L149,L091,L149,True,False,0.0,0.0,0.0,1.0000000000000036,"L091,L149",2,1.1484938605226664,1.1484938605226664,0,,0,False,non_critical,
1,20260708,L088->L185,L088,L185,True,False,0.0,0.0,0.0,1.000000000000007,"L088,L185",2,1.0462964271137247,1.0462964271137247,0,,0,False,non_critical,
1,20260708,L026->L012,L026,L012,True,False,0.0,0.0,0.0,1.0000000000000004,"L012,L018,L026",3,3.4517221998842462,3.4517221998842462,1,L018,1,True,non_critical,
1,20260708,L186->L032,L186,L032,True,False,0.0,0.0,0.0,1.0,"L018,L032,L060,L102,L111,L115,L128,L134,L140,L155,L158,L178,L179,L182,L186",15,17.60342343075479,17.60342343075479,13,"L018,L060,L102,L111,L115,L128,L134,L140,L155,L158,L178,L179,L182",13,True,non_critical,
1,20260708,L056->L135,L056,L135,True,False,0.0,0.0,0.0,1.000000000000003,"L056,L128,L135,L156",4,2.819521816452578,2.819521816452578,2,"L128,L156",2,True,non_critical,
1,20260708,L067->L108,L067,L108,True,False,0.0,0.0,0.0,1.0000000000000002,"L067,L108,L115",3,2.7694316247760358,2.7694316247760358,1,L115,1,True,non_critical,
1,20260708,L087->L014,L087,L014,True,False,0.0,0.0,0.0,1.0,"L014,L087",2,1.0013267619057513,1.0013267619057513,0,,0,False,non_critical,
1,20260708,L147->L142,L147,L142,True,False,0.0,0.0,0.0,1.0000000000000002,"L018,L060,L102,L115,L128,L134,L140,L142,L147,L155,L156,L158,L178,L182",14,1.180722952183373,1.180722952183373,0,,12,False,non_critical,
1,20260708,L125->L161,L125,L161,True,False,0.0,0.0,0.0,1.000000000000005,"L125,L128,L155,L161",4,2.147678525926873,2.147678525926873,1,L155,2,True,non_critical,
1,20260708,L046->L018,L046,L018,True,False,0.0,0.0,0.0,1.0000000000000004,"L018,L046",2,1.0034110528035616,1.0034110528035616,0,,0,False,non_critical,
1,20260708,L164->L010,L164,L010,True,False,0.0,0.0,0.0,1.0000000000000004,"L010,L164",2,1.0246364079187595,1.0246364079187595,0,,0,False,non_critical,
1,20260708,L138->L161,L138,L161,True,False,0.0,0.0,0.0,1.000000000000002,"L128,L138,L155,L161",4,3.985054310594806,3.985054310594806,2,"L128,L155",2,True,non_critical,
1,20260708,L072->L050,L072,L050,True,False,0.0,0.0,0.0,1.0,"L018,L045,L046,L050,L060,L072,L102,L115,L128,L134,L140,L155,L158,L178,L182",15,14.630584685470454,14.630584685470454,13,"L018,L045,L046,L060,L102,L115,L128,L134,L140,L155,L158,L178,L182",13,True,non_critical,
1,20260708,L152->L017,L152,L017,True,False,0.0,0.0,0.0,1.0000000000000002,"L017,L018,L128,L152,L155",5,2.1803650123537865,2.1803650123537865,1,L018,3,True,non_critical,
1,20260708,L038->L030,L038,L030,True,False,0.0,0.0,0.0,1.000000000000007,"L018,L030,L038,L045,L111,L115,L128,L134,L140,L155,L158,L178,L179,L182",14,1.1111584063587592,1.1111584063587592,0,,12,False,non_critical,
1,20260708,L114->L124,L114,L124,True,False,0.0,0.0,0.0,1.000000000000001,"L114,L115,L124,L128",4,1.742232182098395,1.742232182098395,1,L128,2,True,non_critical,
1,20260708,L177->L127,L177,L127,True,False,0.0,0.0,0.0,1.0,"L018,L060,L102,L115,L127,L128,L134,L140,L155,L158,L177,L178,L182",13,1.1910245447339538,1.1910245447339538,0,,11,False,non_critical,
1,20260708,L037->L174,L037,L174,True,False,0.0,0.0,0.0,1.0000000000000004,"L018,L019,L020,L037,L115,L128,L134,L140,L155,L158,L174,L178,L179,L182",14,1.0711469826737505,1.0711469826737505,0,,12,False,non_critical,
1,20260708,L027->L077,L027,L077,True,False,0.0,0.0,0.0,1.0000000000000042,"L027,L077",2,1.0001544352539817,1.0001544352539817,0,,0,False,non_critical,
1,20260708,L185->L003,L185,L003,True,False,0.0,0.0,0.0,1.000000000000001,"L003,L185",2,1.0020624367290107,1.0020624367290107,0,,0,False,non_critical,
1,20260708,L053->L061,L053,L061,True,True,33.88157185629734,33.88157185629734,0.0,1.0000000000000002,"L018,L053,L060,L061,L102,L115,L128,L134,L140,L155,L158,L178,L182",13,14.376604233074513,14.376604233074513,11,"L018,L060,L102,L115,L128,L134,L140,L155,L158,L178,L182",11,True,relay_cascade,
1,20260708,L097->L094,L097,L094,True,False,0.0,0.0,0.0,1.0000000000000009,"L060,L094,L097,L102",4,1.0000000000000018,1.0000000000000018,0,,2,False,non_critical,
1,20260708,L128->L152,L128,L152,True,False,0.0,0.0,0.0,1.0000000000000084,"L128,L152",2,1.0000000000000877,1.0000000000000877,0,,0,False,non_critical,
1,20260708,L094->L186,L094,L186,True,False,0.0,0.0,0.0,1.0000000000000004,"L094,L186",2,1.0426358272390694,1.0426358272390694,0,,0,False,non_critical,
1,20260708,L082->L078,L082,L078,True,False,0.0,0.0,0.0,1.0000000000000009,"L078,L082",2,1.0318177207195487,1.0318177207195487,0,,0,False,non_critical,
1,20260708,L018->L159,L018,L159,True,False,0.0,0.0,0.0,1.000000000000005,"L018,L128,L155,L159",4,3.9922890726861926,3.9922890726861926,2,"L128,L155",2,True,non_critical,
1,20260708,L056->L075,L056,L075,True,False,0.0,0.0,0.0,1.0,"L056,L075",2,1.0110012278207106,1.0110012278207106,0,,0,False,non_critical,
1,20260708,L113->L133,L113,L133,True,True,20.77635989697293,20.77635989697293,0.0,1.0000000000000004,"L046,L060,L102,L113,L115,L128,L133,L134,L140,L155,L158,L178,L182",13,1.188398755937562,1.188398755937562,0,,11,False,island_only,
1,20260708,L167->L082,L167,L082,True,False,0.0,0.0,0.0,1.0000000000000084,"L082,L167",2,1.0053062471207763,1.0053062471207763,0,,0,False,non_critical,
1,20260708,L017->L009,L017,L009,True,False,0.0,0.0,0.0,1.0,"L009,L017,L018,L111,L115,L128,L134,L140,L155,L156,L158,L178,L179,L182",14,16.54233562990038,16.54233562990038,12,"L018,L111,L115,L128,L134,L140,L155,L156,L158,L178,L179,L182",12,True,non_critical,
1,20260708,L002->L013,L002,L013,True,False,0.0,0.0,0.0,1.0000000000000004,"L002,L013,L046,L060,L102,L115,L128,L134,L140,L155,L158,L178,L182",13,14.442288144678237,14.442288144678237,11,"L046,L060,L102,L115,L128,L134,L140,L155,L158,L178,L182",11,True,non_critical,
1,20260708,L032->L075,L032,L075,True,False,0.0,0.0,0.0,1.0000000000000002,"L032,L075,L178,L182",4,1.053328237990207,1.053328237990207,0,,2,False,non_critical,
1,20260708,L086->L043,L086,L043,True,False,0.0,0.0,0.0,1.0000000000000004,"L043,L086,L182",3,5.299925010131671,5.299925010131671,1,L182,1,True,non_critical,
1,20260708,L134->L035,L134,L035,True,False,0.0,0.0,0.0,1.0000000000000007,"L035,L060,L102,L115,L128,L134,L140,L155,L158,L178,L182",11,1.196483892365471,1.196483892365471,0,,9,False,non_critical,
1,20260708,L095->L170,L095,L170,True,False,0.0,0.0,0.0,1.0000000000000007,"L095,L170",2,1.1870869582707908,1.1870869582707908,0,,0,False,non_critical,
1,20260708,L121->L046,L121,L046,True,False,0.0,0.0,0.0,1.0000000000000004,"L046,L121,L128",3,1.0095502656100859,1.0095502656100859,0,,1,False,non_critical,
1,20260708,L085->L138,L085,L138,True,False,0.0,0.0,0.0,1.000000000000022,"L085,L128,L138,L140",4,1.2546539255921438,1.2546539255921438,2,"L128,L140",2,True,non_critical,
1,20260708,L023->L135,L023,L135,True,False,0.0,0.0,0.0,1.0000000000000053,"L023,L128,L135,L155,L156",5,3.087013870167255,3.087013870167255,3,"L128,L155,L156",3,True,non_critical,
1,20260708,L146->L122,L146,L122,True,False,0.0,0.0,0.0,1.0000000000000009,"L122,L128,L146,L155",4,1.977893033377877,1.977893033377877,1,L128,2,True,non_critical,
1,20260708,L052->L014,L052,L014,True,False,0.0,0.0,0.0,1.0000000000000007,"L014,L052",2,1.000624122727405,1.000624122727405,0,,0,False,non_critical,
1,20260708,L089->L143,L089,L143,True,False,0.0,0.0,0.0,1.0000000000000002,"L018,L046,L060,L089,L102,L115,L128,L134,L140,L143,L155,L158,L178,L182",14,15.246822671072746,15.246822671072746,12,"L018,L046,L060,L102,L115,L128,L134,L140,L155,L158,L178,L182",12,True,non_critical,
1,20260708,L135->L070,L135,L070,True,False,0.0,0.0,0.0,1.0000000000000004,"L070,L128,L135",3,1.1115975812640493,1.1115975812640493,0,,1,False,non_critical,
1,20260708,L037->L041,L037,L041,True,False,0.0,0.0,0.0,1.0000000000000009,"L018,L019,L020,L037,L041,L115,L128,L134,L140,L155,L158,L178,L179,L182",14,1.0701188173952805,1.0701188173952805,0,,12,False,non_critical,
1,20260708,L169->L033,L169,L033,True,False,0.0,0.0,0.0,1.0000000000000004,"L018,L033,L169,L182",4,29.113410578221984,29.113410578221984,2,"L018,L182",2,True,non_critical,
1,20260708,L141->L166,L141,L166,True,False,0.0,0.0,0.0,1.0000000000000009,"L128,L140,L141,L155,L156,L166",6,1.000000000000003,1.000000000000003,0,,4,False,non_critical,
1,20260708,L003->L148,L003,L148,True,False,0.0,0.0,0.0,1.0000000000000877,"L003,L148",2,1.00017686116603,1.00017686116603,0,,0,False,non_critical,
1,20260708,L061->L041,L061,L041,True,False,0.0,0.0,0.0,1.0000000000000004,"L018,L041,L060,L061,L115,L128,L134,L140,L155,L158,L178,L182",12,1.1763252031232068,1.1763252031232068,0,,10,False,non_critical,
1,20260708,L098->L165,L098,L165,True,False,0.0,0.0,0.0,1.000000000000003,"L098,L102,L165",3,1.0000000000000067,1.0000000000000067,0,,1,False,non_critical,
1,20260708,L045->L028,L045,L028,True,False,0.0,0.0,0.0,1.0000000000000018,"L018,L028,L045,L115,L178,L182",6,3.3081339080340135,3.3081339080340135,4,"L018,L115,L178,L182",4,True,non_critical,
1,20260708,L018->L098,L018,L098,True,False,0.0,0.0,0.0,1.000000000000002,"L018,L098,L102",3,1.9368482549742485,1.9368482549742485,1,L102,1,True,non_critical,
1,20260708,L033->L007,L033,L007,True,False,0.0,0.0,0.0,1.000000000000002,"L007,L018,L019,L033,L111,L115,L128,L134,L140,L155,L156,L158,L178,L179,L182",15,16.53551011648294,16.53551011648294,11,"L018,L019,L111,L115,L128,L134,L140,L155,L156,L158,L179",13,True,non_critical,
1,20260708,L033->L025,L033,L025,True,False,0.0,0.0,0.0,1.0000000000000004,"L025,L033,L178,L182",4,1.1460352941969718,1.1460352941969718,0,,2,False,non_critical,
1,20260708,L037->L024,L037,L024,True,False,0.0,0.0,0.0,1.0000000000000004,"L018,L019,L020,L024,L037,L115,L128,L134,L140,L155,L158,L178,L179,L182",14,1.0584423779552918,1.0584423779552918,0,,12,False,non_critical,
1,20260708,L128->L133,L128,L133,True,False,0.0,0.0,0.0,1.0000000000000002,"L018,L060,L102,L115,L128,L133,L140,L155,L158,L178,L182",11,15.105162208733235,15.105162208733235,9,"L018,L060,L102,L115,L140,L155,L158,L178,L182",9,True,non_critical,
1,20260708,L067->L048,L067,L048,True,False,0.0,0.0,0.0,1.0,"L048,L067",2,1.010427526363149,1.010427526363149,0,,0,False,non_critical,
1,20260708,L043->L108,L043,L108,True,False,0.0,0.0,0.0,1.0000000000000004,"L043,L108,L115,L182",4,3.0192881306125114,3.0192881306125114,1,L115,2,True,non_critical,
1,20260708,L061->L175,L061,L175,True,False,0.0,0.0,0.0,1.0000000000000002,"L018,L060,L061,L115,L128,L134,L140,L155,L158,L175,L178,L182",12,1.1798634220464135,1.1798634220464135,0,,10,False,non_critical,
1,20260708,L134->L186,L134,L186,True,False,0.0,0.0,0.0,1.0000000000000002,"L060,L102,L115,L128,L134,L140,L155,L158,L178,L182,L186",11,1.1974749387710923,1.1974749387710923,0,,9,False,non_critical,
1,20260708,L036->L041,L036,L041,True,False,0.0,0.0,0.0,1.0000000000000058,"L018,L019,L020,L036,L041,L044,L045,L109,L111,L115,L178,L182",12,1.0000000000000058,1.0000000000000058,0,,10,False,non_critical,
1,20260708,L112->L099,L112,L099,True,False,0.0,0.0,0.0,1.0000000000000013,"L099,L102,L112",3,1.9421597336271064,1.9421597336271064,1,L102,1,True,non_critical,
1,20260708,L034->L020,L034,L020,True,False,0.0,0.0,0.0,1.0000000000000016,"L018,L020,L034,L182",4,1.4450457109096926,1.4450457109096926,1,L018,2,True,non_critical,
1,20260708,L152->L113,L152,L113,True,False,0.0,0.0,0.0,1.0,"L046,L060,L102,L113,L115,L128,L134,L140,L152,L155,L178,L182",12,3.4713427681865476,3.4713427681865476,8,"L046,L060,L102,L115,L134,L140,L178,L182",10,True,non_critical,
1,20260708,L006->L039,L006,L039,True,False,0.0,0.0,0.0,1.0000000000000009,"L006,L039,L182",3,1.3569476361416761,1.3569476361416761,1,L182,1,True,non_critical,
1,20260708,L070->L009,L070,L009,True,False,0.0,0.0,0.0,1.0000000000000018,"L009,L018,L019,L070,L111,L115,L128,L134,L140,L155,L156,L158,L178,L179,L182",15,16.539401455568683,16.539401455568683,13,"L018,L019,L111,L115,L128,L134,L140,L155,L156,L158,L178,L179,L182",13,True,non_critical,
1,20260708,L171->L147,L171,L147,True,True,43.59265123807146,43.59265123807146,0.0,1.0000000000000053,"L018,L060,L102,L115,L128,L134,L140,L147,L155,L156,L158,L171,L178,L182",14,10.234635476682097,10.234635476682097,12,"L018,L060,L102,L115,L128,L134,L140,L155,L156,L158,L178,L182",12,True,relay_cascade,
1,20260708,L094->L042,L094,L042,True,False,0.0,0.0,0.0,1.0000000000000007,"L042,L094,L182",3,5.898158628960836,5.898158628960836,1,L182,1,True,non_critical,
1,20260708,L014->L076,L014,L076,True,False,0.0,0.0,0.0,1.000000000000044,"L014,L076",2,1.0086985472637764,1.0086985472637764,0,,0,False,non_critical,
1,20260708,L026->L156,L026,L156,True,False,0.0,0.0,0.0,1.000000000000022,"L026,L156",2,1.0638826591470398,1.0638826591470398,0,,0,False,non_critical,
1,20260708,L009->L161,L009,L161,True,False,0.0,0.0,0.0,1.0,"L009,L018,L019,L111,L115,L128,L134,L140,L155,L156,L158,L161,L178,L179,L182",15,1.1153620178352015,1.1153620178352015,0,,13,False,non_critical,
1,20260708,L072->L080,L072,L080,True,False,0.0,0.0,0.0,1.000000000000002,"L072,L080",2,1.0020864340066866,1.0020864340066866,0,,0,False,non_critical,
1,20260708,L148->L095,L148,L095,True,False,0.0,0.0,0.0,1.0000000000000036,"L095,L102,L128,L148,L155",5,1.2384328389800727,1.2384328389800727,1,L102,3,True,non_critical,
1,20260708,L141->L157,L141,L157,True,False,0.0,0.0,0.0,1.0000000000000007,"L128,L140,L141,L155,L156,L157",6,1.000000000000003,1.000000000000003,0,,4,False,non_critical,
1,20260708,L026->L040,L026,L040,True,False,0.0,0.0,0.0,1.0000000000000004,"L026,L040,L182",3,3.593095923152928,3.593095923152928,1,L182,1,True,non_critical,
1,20260708,L080->L099,L080,L099,True,False,0.0,0.0,0.0,1.0000000000000002,"L060,L080,L099,L102",4,2.2024230943622993,2.2024230943622993,2,"L060,L102",2,True,non_critical,
1,20260708,L122->L059,L122,L059,True,False,0.0,0.0,0.0,1.0000000000000056,"L059,L122",2,1.000313241361648,1.000313241361648,0,,0,False,non_critical,
1,20260708,L097->L065,L097,L065,True,False,0.0,0.0,0.0,1.0000000000000004,"L060,L065,L097,L102",4,1.0463110257708104,1.0463110257708104,0,,2,False,non_critical,
1,20260708,L166->L162,L166,L162,True,False,0.0,0.0,0.0,1.000000000000003,"L128,L155,L156,L162,L166",5,6.156519098857654,6.156519098857654,3,"L128,L155,L156",3,True,non_critical,
1,20260708,L101->L182,L101,L182,True,False,0.0,0.0,0.0,1.0,"L101,L182",2,1.0041208060534286,1.0041208060534286,0,,0,False,non_critical,
1,20260708,L064->L171,L064,L171,True,False,0.0,0.0,0.0,1.0000000000000042,"L064,L171",2,1.000000000000005,1.000000000000005,0,,0,False,non_critical,
1,20260708,L097->L014,L097,L014,True,False,0.0,0.0,0.0,1.0000000000000007,"L014,L060,L097,L102",4,1.0191148486541197,1.0191148486541197,0,,2,False,non_critical,
1,20260708,L065->L169,L065,L169,True,False,0.0,0.0,0.0,1.000000000000007,"L065,L169",2,1.000000000000022,1.000000000000022,0,,0,False,non_critical,
1,20260708,L153->L114,L153,L114,True,False,0.0,0.0,0.0,1.000000000000005,"L114,L115,L128,L153,L155",5,2.6524221685678477,2.6524221685678477,1,L115,3,True,non_critical,
1,20260708,L043->L112,L043,L112,True,False,0.0,0.0,0.0,1.0000000000000084,"L043,L112,L115,L182",4,1.4151638253888612,1.4151638253888612,1,L115,2,True,non_critical,
1,20260708,L179->L095,L179,L095,True,False,0.0,0.0,0.0,1.0000000000000018,"L095,L102,L179",3,1.2508190678286026,1.2508190678286026,1,L102,1,True,non_critical,
1,20260708,L108->L064,L108,L064,True,False,0.0,0.0,0.0,1.0000000000000004,"L064,L108,L111,L115",4,1.0560781935575074,1.0560781935575074,0,,2,False,non_critical,
1,20260708,L035->L134,L035,L134,True,False,0.0,0.0,0.0,1.0000000000000007,"L035,L060,L102,L115,L128,L134,L140,L155,L158,L178,L182",11,15.590567141816074,15.590567141816074,8,"L060,L102,L115,L128,L140,L155,L158,L178",9,True,non_critical,
1,20260708,L119->L152,L119,L152,True,False,0.0,0.0,0.0,1.0000000000000002,"L119,L128,L152",3,1.0000000000000122,1.0000000000000122,0,,1,False,non_critical,
1,20260708,L144->L104,L144,L104,True,False,0.0,0.0,0.0,1.000000000000008,"L045,L065,L102,L104,L109,L111,L115,L144,L155,L178,L182",11,2.969642798462066,2.969642798462066,8,"L045,L065,L102,L109,L111,L115,L178,L182",9,True,non_critical,
1,20260708,L120->L004,L120,L004,True,False,0.0,0.0,0.0,1.000000000000002,"L004,L120",2,1.0253288759360717,1.0253288759360717,0,,0,False,non_critical,
1,20260708,L114->L060,L114,L060,True,False,0.0,0.0,0.0,1.0000000000000142,"L060,L114,L115",3,1.0012338091701107,1.0012338091701107,0,,1,False,non_critical,
1,20260708,L057->L113,L057,L113,True,False,0.0,0.0,0.0,1.0,"L046,L057,L060,L102,L113,L115,L128,L134,L140,L155,L158,L178,L182",13,14.947743743969701,14.947743743969701,11,"L046,L060,L102,L115,L128,L134,L140,L155,L158,L178,L182",11,True,non_critical,
1,20260708,L079->L087,L079,L087,True,False,0.0,0.0,0.0,1.000000000000022,"L079,L087",2,1.0025991162275374,1.0025991162275374,0,,0,False,non_critical,
1,20260708,L017->L039,L017,L039,True,False,0.0,0.0,0.0,1.000000000000001,"L017,L039,L182",3,1.3807185231800891,1.3807185231800891,1,L182,1,True,non_critical,
1,20260708,L048->L107,L048,L107,True,False,0.0,0.0,0.0,1.0000000000000064,"L048,L102,L107,L109,L111,L115,L128,L182",8,8.643174305722855,8.643174305722855,6,"L102,L109,L111,L115,L128,L182",6,True,non_critical,
1,20260708,L097->L071,L097,L071,True,False,0.0,0.0,0.0,1.0,"L060,L071,L097,L102",4,1.0000000000000018,1.0000000000000018,0,,2,False,non_critical,
1,20260708,L055->L004,L055,L004,True,False,0.0,0.0,0.0,1.0000000000001756,"L004,L055",2,1.000176584097667,1.000176584097667,0,,0,False,non_critical,
1,20260708,L163->L064,L163,L064,True,False,0.0,0.0,0.0,1.0000000000000002,"L064,L163",2,1.054860944157414,1.054860944157414,0,,0,False,non_critical,
1,20260708,L022->L036,L022,L036,True,False,0.0,0.0,0.0,1.0000000000000142,"L018,L019,L022,L036,L045,L178,L182",7,5.835095394084493,5.835095394084493,5,"L018,L019,L045,L178,L182",5,True,non_critical,
1,20260708,L140->L154,L140,L154,True,False,0.0,0.0,0.0,1.000000000000001,"L128,L140,L154,L155",4,5.013309591862223,5.013309591862223,2,"L128,L155",2,True,non_critical,
1,20260708,L178->L026,L178,L026,True,False,0.0,0.0,0.0,1.000000000000001,"L026,L178",2,1.0001755544304343,1.0001755544304343,0,,0,False,non_critical,
1,20260708,L070->L120,L070,L120,True,False,0.0,0.0,0.0,1.0000000000000036,"L070,L120",2,1.0459606288779542,1.0459606288779542,0,,0,False,non_critical,
1,20260708,L143->L054,L143,L054,True,False,0.0,0.0,0.0,1.0000000000000058,"L018,L030,L044,L045,L046,L054,L104,L109,L111,L115,L128,L134,L140,L143,L155,L156,L158,L178,L179,L182",20,16.468984725797938,16.468984725797938,18,"L018,L030,L044,L045,L046,L104,L109,L111,L115,L128,L134,L140,L155,L156,L158,L178,L179,L182",18,True,non_critical,
1,20260708,L135->L102,L135,L102,True,False,0.0,0.0,0.0,1.0000000000000042,"L102,L128,L135",3,1.0364872904695812,1.0364872904695812,0,,1,False,non_critical,
1,20260708,L121->L158,L121,L158,True,False,0.0,0.0,0.0,1.0000000000000004,"L121,L128,L156,L158",4,1.3394119897071382,1.3394119897071382,1,L156,2,True,non_critical,
1,20260708,L022->L103,L022,L103,True,False,0.0,0.0,0.0,1.0000000000000016,"L022,L102,L103",3,1.4947422856222492,1.4947422856222492,1,L102,1,True,non_critical,
1,20260708,L046->L003,L046,L003,True,False,0.0,0.0,0.0,1.0000000000000018,"L003,L046",2,1.00980950848617,1.00980950848617,0,,0,False,non_critical,
1,20260708,L099->L033,L099,L033,True,False,0.0,0.0,0.0,1.0000000000000004,"L018,L033,L099,L102,L182",5,22.332246884662244,22.332246884662244,2,"L018,L182",3,True,non_critical,
1,20260708,L028->L078,L028,L078,True,False,0.0,0.0,0.0,1.0000000000000042,"L028,L078",2,1.0039612573656795,1.0039612573656795,0,,0,False,non_critical,
1,20260708,L038->L107,L038,L107,True,False,0.0,0.0,0.0,1.0000000000000024,"L018,L038,L045,L107,L111,L115,L128,L134,L140,L155,L158,L178,L179,L182",14,1.000058171970045,1.000058171970045,0,,12,False,non_critical,
1,20260708,L081->L011,L081,L011,True,False,0.0,0.0,0.0,1.0000000000000877,"L011,L081",2,1.0296758982262275,1.0296758982262275,0,,0,False,non_critical,
1,20260708,L152->L123,L152,L123,True,False,0.0,0.0,0.0,1.0000000000000009,"L123,L128,L152,L155",4,1.0002234962596641,1.0002234962596641,0,,2,False,non_critical,
1,20260708,L122->L147,L122,L147,True,True,43.59265123807146,43.59265123807146,0.0,1.0,"L018,L060,L102,L115,L122,L128,L134,L140,L147,L155,L156,L158,L178,L182",14,10.234635476682122,10.234635476682122,12,"L018,L060,L102,L115,L128,L134,L140,L155,L156,L158,L178,L182",12,True,relay_cascade,
1,20260708,L098->L153,L098,L153,True,False,0.0,0.0,0.0,1.0000000000000009,"L098,L102,L153,L155",4,1.5678721457355203,1.5678721457355203,1,L155,2,True,non_critical,
1,20260708,L085->L005,L085,L005,True,False,0.0,0.0,0.0,1.0000000000000084,"L005,L085",2,1.009982271387357,1.009982271387357,0,,0,False,non_critical,
1,20260708,L163->L129,L163,L129,True,False,0.0,0.0,0.0,1.0000000000000004,"L128,L129,L156,L163",4,5.6453290903356335,5.6453290903356335,2,"L128,L156",2,True,non_critical,
1,20260708,L096->L101,L096,L101,True,False,0.0,0.0,0.0,1.000000000000007,"L018,L056,L057,L058,L060,L096,L101,L102,L109,L111,L115,L128,L134,L140,L155,L158,L178,L182",18,1.1073981987597006,1.1073981987597006,0,,16,False,non_critical,
1,20260708,L107->L091,L107,L091,True,False,0.0,0.0,0.0,1.0000000000000007,"L091,L107,L128",3,1.004271866962175,1.004271866962175,0,,1,False,non_critical,
1,20260708,L031->L086,L031,L086,True,False,0.0,0.0,0.0,1.0000000000000027,"L031,L086,L182",3,1.002549815866552,1.002549815866552,0,,1,False,non_critical,
1,20260708,L136->L126,L136,L126,True,False,0.0,0.0,0.0,1.0000000000000877,"L115,L126,L128,L136",4,2.4247979577865912,2.4247979577865912,1,L115,2,True,non_critical,
1,20260708,L156->L062,L156,L062,True,False,0.0,0.0,0.0,1.0000000000000877,"L060,L062,L156",3,1.2473532004698262,1.2473532004698262,1,L060,1,True,non_critical,
1,20260708,L089->L103,L089,L103,True,False,0.0,0.0,0.0,1.0000000000000036,"L089,L102,L103",3,1.2246351836234497,1.2246351836234497,1,L102,1,True,non_critical,
1,20260708,L096->L130,L096,L130,True,False,0.0,0.0,0.0,1.000000000000005,"L018,L056,L057,L058,L060,L096,L102,L109,L111,L115,L128,L130,L134,L140,L155,L158,L178,L182",18,1.1073981987597006,1.1073981987597006,0,,16,False,non_critical,
1,20260708,L179->L138,L179,L138,True,False,0.0,0.0,0.0,1.0000000000000013,"L128,L138,L140,L179",4,1.254652685948732,1.254652685948732,2,"L128,L140",2,True,non_critical,
1,20260708,L077->L129,L077,L129,True,False,0.0,0.0,0.0,1.0000000000000053,"L077,L128,L129,L155,L156",5,8.486858798718627,8.486858798718627,3,"L128,L155,L156",3,True,non_critical,
1,20260708,L182->L029,L182,L029,True,False,0.0,0.0,0.0,1.000000000000002,"L018,L029,L115,L178,L182",5,1.5245665477535593,1.5245665477535593,3,"L018,L115,L178",3,True,non_critical,
1,20260708,L136->L089,L136,L089,True,False,0.0,0.0,0.0,1.0000000000000004,"L089,L128,L136",3,1.0184535110386803,1.0184535110386803,0,,1,False,non_critical,
1,20260708,L103->L138,L103,L138,True,False,0.0,0.0,0.0,1.0000000000000042,"L103,L128,L138,L140",4,1.2546542569764567,1.2546542569764567,2,"L128,L140",2,True,non_critical,
1,20260708,L115->L031,L115,L031,True,False,0.0,0.0,0.0,1.0000000000000084,"L018,L031,L111,L115,L182",5,15.372170038127305,15.372170038127305,3,"L018,L111,L182",3,True,non_critical,
1,20260708,L107->L116,L107,L116,True,False,0.0,0.0,0.0,1.0000000000000877,"L107,L115,L116,L128",4,3.2474620664623,3.2474620664623,1,L115,2,True,non_critical,
1,20260708,L123->L058,L123,L058,True,False,0.0,0.0,0.0,1.000000000000001,"L058,L123,L128",3,1.0917246705293364,1.0917246705293364,0,,1,False,non_critical,
1,20260708,L078->L169,L078,L169,True,False,0.0,0.0,0.0,1.0000000000000084,"L078,L169",2,1.0000000000000075,1.0000000000000075,0,,0,False,non_critical,
1,20260708,L059->L037,L059,L037,True,False,0.0,0.0,0.0,1.0,"L018,L019,L020,L037,L059,L102,L115,L128,L134,L140,L155,L158,L178,L179,L182",15,15.049327376653709,15.049327376653709,13,"L018,L019,L020,L102,L115,L128,L134,L140,L155,L158,L178,L179,L182",13,True,non_critical,
1,20260708,L008->L001,L008,L001,True,False,0.0,0.0,0.0,1.0,"L001,L008,L018,L019,L020,L045,L060,L102,L115,L128,L134,L140,L155,L178,L182",15,1.1688607699366447,1.1688607699366447,0,,13,False,non_critical,
1,20260708,L032->L045,L032,L045,True,False,0.0,0.0,0.0,1.0000000000000018,"L032,L045,L178,L182",4,1.0327917117429855,1.0327917117429855,0,,2,False,non_critical,
1,20260708,L065->L040,L065,L040,True,False,0.0,0.0,0.0,1.0,"L040,L065,L182",3,3.8326175067803883,3.8326175067803883,1,L182,1,True,non_critical,
1,20260708,L066->L034,L066,L034,True,False,0.0,0.0,0.0,1.0000000000000009,"L034,L066,L182",3,7.1082929962648755,7.1082929962648755,1,L182,1,True,non_critical,
1,20260708,L041->L035,L041,L035,True,False,0.0,0.0,0.0,1.0000000000000084,"L035,L041,L178,L182",4,1.0136867997328547,1.0136867997328547,0,,2,False,non_critical,
1,20260708,L074->L132,L074,L132,True,False,0.0,0.0,0.0,1.0000000000000084,"L074,L128,L132,L156",4,2.4368365772703315,2.4368365772703315,2,"L128,L156",2,True,non_critical,
1,20260708,L047->L044,L047,L044,True,False,0.0,0.0,0.0,1.0000000000000013,"L018,L044,L046,L047,L060,L102,L115,L128,L134,L140,L155,L158,L178,L182",14,1.1728964458634314,1.1728964458634314,0,,12,False,non_critical,
1,20260708,L089->L064,L089,L064,True,False,0.0,0.0,0.0,1.0,"L064,L089",2,1.0263188451832241,1.0263188451832241,0,,0,False,non_critical,
1,20260708,L075->L020,L075,L020,True,False,0.0,0.0,0.0,1.0000000000000042,"L018,L020,L075",3,1.5457163654415045,1.5457163654415045,1,L018,1,True,non_critical,
1,20260708,L110->L091,L110,L091,True,False,0.0,0.0,0.0,1.0000000000000004,"L046,L060,L091,L102,L110,L111,L115,L128,L134,L140,L155,L158,L178,L179,L182",15,0.8849739878573791,0.8849739878573791,0,,13,False,non_critical,
1,20260708,L008->L130,L008,L130,True,False,0.0,0.0,0.0,1.0000000000000024,"L008,L018,L019,L020,L045,L060,L102,L115,L128,L130,L134,L140,L155,L178,L182",15,1.1688607699366447,1.1688607699366447,0,,13,False,non_critical,
1,20260708,L006->L078,L006,L078,True,False,0.0,0.0,0.0,1.0000000000000004,"L006,L078",2,1.0017161023509111,1.0017161023509111,0,,0,False,non_critical,
1,20260708,L093->L045,L093,L045,True,False,0.0,0.0,0.0,1.0000000000000009,"L045,L093",2,1.0846307635471555,1.0846307635471555,0,,0,False,non_critical,
1,20260708,L167->L152,L167,L152,True,False,0.0,0.0,0.0,1.0000000000000007,"L128,L152,L155,L167",4,3.952237787748002,3.952237787748002,2,"L128,L155",2,True,non_critical,
1,20260708,L106->L020,L106,L020,True,False,0.0,0.0,0.0,1.0000000000000004,"L018,L020,L106",3,1.2891259271085411,1.2891259271085411,1,L018,1,True,non_critical,
1,20260708,L005->L157,L005,L157,True,False,0.0,0.0,0.0,1.0000000000000877,"L005,L157",2,1.0005799107868223,1.0005799107868223,0,,0,False,non_critical,
1,20260708,L105->L073,L105,L073,True,False,0.0,0.0,0.0,1.000000000000001,"L073,L105",2,1.0019430987158804,1.0019430987158804,0,,0,False,non_critical,
1,20260708,L180->L028,L180,L028,True,False,0.0,0.0,0.0,1.0000000000000004,"L018,L028,L046,L060,L102,L115,L128,L134,L140,L155,L158,L178,L180,L182",14,1.1806822359512523,1.1806822359512523,0,,12,False,non_critical,
1,20260708,L164->L160,L164,L160,True,False,0.0,0.0,0.0,1.0000000000000016,"L128,L155,L160,L164",4,3.4705535661292575,3.4705535661292575,2,"L128,L155",2,True,non_critical,
1,20260708,L156->L064,L156,L064,True,False,0.0,0.0,0.0,1.0,"L064,L156",2,1.0548305274325283,1.0548305274325283,0,,0,False,non_critical,
1,20260708,L079->L012,L079,L012,True,False,0.0,0.0,0.0,1.0000000000000004,"L012,L018,L079",3,3.4108034713621813,3.4108034713621813,1,L018,1,True,non_critical,
1,20260708,L027->L033,L027,L033,True,False,0.0,0.0,0.0,1.0000000000000027,"L018,L027,L033,L182",4,20.692357584917595,20.692357584917595,2,"L018,L182",2,True,non_critical,
1,20260708,L182->L034,L182,L034,True,False,0.0,0.0,0.0,1.0000000000000009,"L034,L182",2,1.1129719210397144,1.1129719210397144,0,,0,False,non_critical,
1,20260708,L152->L048,L152,L048,True,False,0.0,0.0,0.0,1.0000000000000018,"L048,L128,L152,L155",4,1.0277478402957296,1.0277478402957296,0,,2,False,non_critical,
1,20260708,L040->L027,L040,L027,True,False,0.0,0.0,0.0,1.000000000000002,"L018,L027,L040,L115,L178,L182",6,1.2162825793839596,1.2162825793839596,3,"L018,L115,L178",4,True,non_critical,
1,20260708,L084->L038,L084,L038,True,False,0.0,0.0,0.0,1.0000000000000009,"L018,L038,L045,L084,L102,L115,L128,L134,L140,L155,L158,L178,L179,L182",14,14.66822971402359,14.66822971402359,12,"L018,L045,L102,L115,L128,L134,L140,L155,L158,L178,L179,L182",12,True,non_critical,
1,20260708,L128->L179,L128,L179,True,False,0.0,0.0,0.0,1.0000000000000016,"L060,L102,L115,L128,L134,L140,L155,L158,L178,L179,L182",11,14.452348681741602,14.452348681741602,9,"L060,L102,L115,L134,L140,L155,L158,L178,L182",9,True,non_critical,
1,20260708,L169->L046,L169,L046,True,False,0.0,0.0,0.0,1.000000000000022,"L046,L169",2,1.0004056003406323,1.0004056003406323,0,,0,False,non_critical,
1,20260708,L175->L157,L175,L157,True,False,0.0,0.0,0.0,1.0000000000000009,"L157,L175",2,1.0005873563904881,1.0005873563904881,0,,0,False,non_critical,
1,20260708,L054->L173,L054,L173,True,False,0.0,0.0,0.0,1.000000000000044,"L045,L054,L173",3,1.000000000000006,1.000000000000006,0,,1,False,non_critical,
1,20260708,L171->L035,L171,L035,True,False,0.0,0.0,0.0,1.0000000000000042,"L035,L171,L182",3,2.5263146119961366,2.5263146119961366,1,L182,1,True,non_critical,
1,20260708,L173->L174,L173,L174,True,False,0.0,0.0,0.0,1.0000000000000013,"L018,L046,L060,L102,L115,L128,L134,L140,L155,L158,L173,L174,L178,L182",14,12.40439166164252,12.40439166164252,12,"L018,L046,L060,L102,L115,L128,L134,L140,L155,L158,L178,L182",12,True,non_critical,
1,20260708,L002->L166,L002,L166,True,False,0.0,0.0,0.0,1.000000000000003,"L002,L166",2,1.0000000000000087,1.0000000000000087,0,,0,False,non_critical,
1,20260708,L079->L107,L079,L107,True,False,0.0,0.0,0.0,1.0000000000000062,"L079,L102,L107,L109,L111,L115,L128,L178,L182",9,8.230118491976278,8.230118491976278,7,"L102,L109,L111,L115,L128,L178,L182",7,True,non_critical,
1,20260708,L122->L018,L122,L018,True,False,0.0,0.0,0.0,1.0000000000000084,"L018,L122",2,1.00341034989921,1.00341034989921,0,,0,False,non_critical,
1,20260708,L062->L047,L062,L047,True,True,31.300605334860514,31.300605334860514,0.0,1.0,"L018,L046,L047,L060,L062,L102,L115,L128,L134,L140,L155,L158,L178,L182",14,14.395782562462703,14.395782562462703,12,"L018,L046,L060,L102,L115,L128,L134,L140,L155,L158,L178,L182",12,True,relay_cascade,
1,20260708,L081->L016,L081,L016,True,True,31.514792047850804,31.514792047850804,0.0,1.0,"L016,L018,L046,L060,L081,L102,L115,L128,L134,L140,L155,L158,L178,L182",14,14.391261624639357,14.391261624639357,12,"L018,L046,L060,L102,L115,L128,L134,L140,L155,L158,L178,L182",12,True,relay_cascade,
1,20260708,L076->L084,L076,L084,True,False,0.0,0.0,0.0,1.0000000000000018,"L076,L084",2,1.0169156681430844,1.0169156681430844,0,,0,False,non_critical,
1,20260708,L105->L173,L105,L173,True,False,0.0,0.0,0.0,1.0,"L105,L173",2,1.000000000000068,1.000000000000068,0,,0,False,non_critical,
1,20260708,L032->L039,L032,L039,True,False,0.0,0.0,0.0,1.0000000000000009,"L032,L039,L178,L182",4,1.0123597852530315,1.0123597852530315,0,,2,False,non_critical,
1,20260708,L074->L133,L074,L133,True,False,0.0,0.0,0.0,1.0000000000000009,"L018,L060,L074,L102,L115,L128,L133,L140,L155,L158,L178,L182",12,15.141304351708015,15.141304351708015,10,"L018,L060,L102,L115,L128,L140,L155,L158,L178,L182",10,True,non_critical,
1,20260708,L142->L063,L142,L063,True,False,0.0,0.0,0.0,1.000000000000002,"L060,L063,L142",3,1.2156807142302655,1.2156807142302655,1,L060,1,True,non_critical,
1,20260708,L186->L091,L186,L091,True,False,0.0,0.0,0.0,1.000000000000022,"L091,L186",2,1.0001089329237,1.0001089329237,0,,0,False,non_critical,
1,20260708,L180->L001,L180,L001,True,False,0.0,0.0,0.0,1.0,"L001,L018,L046,L060,L102,L115,L128,L134,L140,L155,L158,L178,L180,L182",14,1.1806822359512525,1.1806822359512525,0,,12,False,non_critical,
1,20260708,L107->L025,L107,L025,True,False,0.0,0.0,0.0,1.0000000000000002,"L025,L107,L128",3,1.0133079267670653,1.0133079267670653,0,,1,False,non_critical,
1,20260708,L145->L081,L145,L081,True,False,0.0,0.0,0.0,1.0000000000000036,"L081,L145,L155",3,1.009236982356463,1.009236982356463,0,,1,False,non_critical,
1,20260708,L130->L098,L130,L098,True,False,0.0,0.0,0.0,1.0000000000000007,"L098,L102,L130",3,1.9850350474787721,1.9850350474787721,1,L102,1,True,non_critical,
1,20260708,L004->L075,L004,L075,True,False,0.0,0.0,0.0,1.000000000000003,"L004,L075",2,1.054069211820462,1.054069211820462,0,,0,False,non_critical,
1,20260708,L104->L083,L104,L083,True,False,0.0,0.0,0.0,1.0000000000000084,"L083,L104",2,1.0174085574832716,1.0174085574832716,0,,0,False,non_critical,
1,20260708,L092->L123,L092,L123,True,False,0.0,0.0,0.0,1.0000000000000024,"L092,L123,L128",3,2.3407091040308576,2.3407091040308576,1,L128,1,True,non_critical,
1,20260708,L173->L127,L173,L127,True,False,0.0,0.0,0.0,1.0000000000000004,"L115,L127,L128,L173",4,4.843781536483259,4.843781536483259,2,"L115,L128",2,True,non_critical,
1,20260708,L127->L050,L127,L050,True,False,0.0,0.0,0.0,1.0,"L018,L045,L046,L050,L127,L128",6,1.5992549698275107,1.5992549698275107,3,"L018,L045,L046",4,True,non_critical,
1,20260708,L052->L046,L052,L046,True,False,0.0,0.0,0.0,1.0000000000000018,"L046,L052",2,1.0027461488599014,1.0027461488599014,0,,0,False,non_critical,
1,20260708,L142->L068,L142,L068,True,False,0.0,0.0,0.0,1.0000000000000016,"L060,L068,L142",3,1.512580083158534,1.512580083158534,1,L060,1,True,non_critical,
1,20260708,L141->L127,L141,L127,True,False,0.0,0.0,0.0,1.0000000000000004,"L115,L127,L128,L140,L141,L155,L156",7,1.9716017637911194,1.9716017637911194,1,L115,5,True,non_critical,
1,20260708,L151->L022,L151,L022,True,False,0.0,0.0,0.0,1.0000000000000004,"L022,L128,L151,L155",4,1.0574584370163689,1.0574584370163689,0,,2,False,non_critical,
1,20260708,L045->L157,L045,L157,True,False,0.0,0.0,0.0,1.000000000000022,"L045,L157",2,1.0006313069111077,1.0006313069111077,0,,0,False,non_critical,
1,20260708,L075->L148,L075,L148,True,False,0.0,0.0,0.0,1.000000000000007,"L075,L148",2,1.0010697045743422,1.0010697045743422,0,,0,False,non_critical,
1,20260708,L071->L135,L071,L135,True,False,0.0,0.0,0.0,1.0000000000000004,"L071,L135",2,1.0153617006646547,1.0153617006646547,0,,0,False,non_critical,
1,20260708,L169->L021,L169,L021,True,False,0.0,0.0,0.0,1.0000000000000018,"L018,L019,L021,L169,L182",5,3.8469056666576256,3.8469056666576256,3,"L018,L019,L182",3,True,non_critical,
1,20260708,L149->L180,L149,L180,True,True,7.272188818003705,7.272188818003705,0.0,1.0000000000000002,"L018,L046,L060,L102,L115,L128,L134,L140,L149,L155,L158,L178,L180,L182",14,14.036593644060517,14.036593644060517,11,"L018,L046,L060,L102,L115,L134,L140,L155,L158,L178,L182",12,True,relay_cascade,
1,20260708,L149->L105,L149,L105,True,False,0.0,0.0,0.0,1.0000000000000013,"L060,L105,L128,L149",4,1.2494270264017227,1.2494270264017227,1,L060,2,True,non_critical,
1,20260708,L127->L124,L127,L124,True,False,0.0,0.0,0.0,1.0000000000000016,"L124,L127,L128",3,1.0000000000000298,1.0000000000000298,0,,1,False,non_critical,
1,20260708,L152->L116,L152,L116,True,False,0.0,0.0,0.0,1.0000000000000004,"L115,L116,L128,L152,L155",5,4.710988766074986,4.710988766074986,1,L115,3,True,non_critical,
1,20260708,L067->L117,L067,L117,True,False,0.0,0.0,0.0,1.0000000000000004,"L067,L115,L117",3,3.190735304330864,3.190735304330864,1,L115,1,True,non_critical,
1,20260708,L169->L094,L169,L094,True,False,0.0,0.0,0.0,1.0000000000000084,"L094,L169",2,1.0202640232552969,1.0202640232552969,0,,0,False,non_critical,
1,20260708,L180->L147,L180,L147,True,True,43.59265123807146,43.59265123807146,0.0,1.0,"L018,L046,L060,L102,L115,L128,L134,L140,L147,L155,L156,L158,L178,L180,L182",15,2.515333739418529,2.515333739418529,1,L156,13,True,relay_cascade,
1,20260708,L080->L022,L080,L022,True,False,0.0,0.0,0.0,1.0000000000000009,"L022,L080",2,1.0937359487241307,1.0937359487241307,0,,0,False,non_critical,
1,20260708,L174->L185,L174,L185,True,False,0.0,0.0,0.0,1.0000000000000036,"L174,L185",2,1.04466735337653,1.04466735337653,0,,0,False,non_critical,
1,20260708,L041->L155,L041,L155,True,False,0.0,0.0,0.0,1.0000000000000004,"L041,L128,L155,L178,L182",5,1.27515561038308,1.27515561038308,1,L128,3,True,non_critical,
1,20260708,L069->L101,L069,L101,True,False,0.0,0.0,0.0,1.0000000000000004,"L069,L101",2,1.176768223979508,1.176768223979508,0,,0,False,non_critical,
1,20260708,L009->L064,L009,L064,True,False,0.0,0.0,0.0,1.0000000000000018,"L009,L018,L019,L064,L111,L115,L128,L134,L140,L155,L156,L158,L178,L179,L182",15,1.1151983009132609,1.1151983009132609,0,,13,False,non_critical,
1,20260708,L146->L156,L146,L156,True,False,0.0,0.0,0.0,1.000000000000001,"L146,L155,L156",3,1.0000239943877385,1.0000239943877385,0,,1,False,non_critical,
1,20260708,L056->L150,L056,L150,True,False,0.0,0.0,0.0,1.0000000000000004,"L056,L128,L150,L155,L156",5,5.317650756461525,5.317650756461525,3,"L128,L155,L156",3,True,non_critical,
1,20260708,L016->L131,L016,L131,True,False,0.0,0.0,0.0,1.0000000000000002,"L016,L018,L046,L060,L102,L115,L128,L131,L134,L140,L155,L158,L178,L182",14,1.1728270441704083,1.1728270441704083,0,,12,False,non_critical,
1,20260708,L048->L067,L048,L067,True,False,0.0,0.0,0.0,1.0,"L048,L067",2,1.102465735830025,1.102465735830025,0,,0,False,non_critical,
1,20260708,L006->L015,L006,L015,True,True,17.515788549835076,17.515788549835076,0.0,1.0000000000000002,"L006,L015,L060,L102,L115,L128,L134,L140,L155,L158,L178,L182",12,14.501605170727396,14.501605170727396,10,"L060,L102,L115,L128,L134,L140,L155,L158,L178,L182",10,True,relay_cascade,
1,20260708,L090->L060,L090,L060,True,False,0.0,0.0,0.0,1.000000000000003,"L060,L090",2,1.109613145511662,1.109613145511662,0,,0,False,non_critical,
1,20260708,L117->L005,L117,L005,True,False,0.0,0.0,0.0,1.0000000000000042,"L005,L115,L117",3,1.0332280699642251,1.0332280699642251,0,,1,False,non_critical,
1,20260708,L079->L153,L079,L153,True,False,0.0,0.0,0.0,1.000000000000002,"L079,L153",2,1.0989043809286205,1.0989043809286205,0,,0,False,non_critical,
1,20260708,L036->L169,L036,L169,True,False,0.0,0.0,0.0,1.0000000000000062,"L018,L019,L020,L036,L044,L045,L109,L111,L115,L169,L178,L182",12,1.0000000000000058,1.0000000000000058,0,,10,False,non_critical,
1,20260708,L001->L023,L001,L023,True,False,0.0,0.0,0.0,1.0000000000000004,"L001,L018,L023",3,1.3680466605278254,1.3680466605278254,1,L018,1,True,non_critical,
1,20260708,L171->L061,L171,L061,True,True,33.88157185629734,33.88157185629734,0.0,1.0000000000000004,"L018,L060,L061,L115,L128,L134,L140,L155,L158,L171,L178,L182",12,14.37719322165947,14.37719322165947,10,"L018,L060,L115,L128,L134,L140,L155,L158,L178,L182",10,True,relay_cascade,
1,20260708,L061->L183,L061,L183,True,True,81.35922639729833,81.35922639729833,0.0,1.0000000000000004,"L018,L060,L061,L102,L115,L128,L134,L140,L155,L158,L178,L182,L183",13,1.460434194660068,1.460434194660068,1,L102,11,True,relay_cascade,
1,20260708,L103->L134,L103,L134,True,False,0.0,0.0,0.0,1.0000000000000009,"L060,L103,L115,L128,L134,L140,L155,L158,L178,L182",10,15.589775850692178,15.589775850692178,8,"L060,L115,L128,L140,L155,L158,L178,L182",8,True,non_critical,
1,20260708,L079->L133,L079,L133,True,False,0.0,0.0,0.0,1.0,"L018,L060,L079,L102,L115,L128,L133,L140,L155,L158,L178,L182",12,15.14073710440984,15.14073710440984,10,"L018,L060,L102,L115,L128,L140,L155,L158,L178,L182",10,True,non_critical,
1,20260708,L158->L064,L158,L064,True,False,0.0,0.0,0.0,1.0,"L064,L158",2,1.0550630679108666,1.0550630679108666,0,,0,False,non_critical,
1,20260708,L027->L121,L027,L121,True,False,0.0,0.0,0.0,1.0000000000000004,"L027,L121,L128",3,5.147662745855891,5.147662745855891,1,L128,1,True,non_critical,
1,20260708,L171->L076,L171,L076,True,False,0.0,0.0,0.0,1.000000000000002,"L076,L171",2,1.046571701809896,1.046571701809896,0,,0,False,non_critical,
1,20260708,L145->L160,L145,L160,True,False,0.0,0.0,0.0,1.0000000000000004,"L145,L155,L160",3,1.0272046856082668,1.0272046856082668,0,,1,False,non_critical,
1,20260708,L025->L120,L025,L120,True,False,0.0,0.0,0.0,1.0000000000000016,"L025,L120",2,1.0721779822050517,1.0721779822050517,0,,0,False,non_critical,
1,20260708,L082->L007,L082,L007,True,False,0.0,0.0,0.0,1.0000000000000016,"L007,L018,L019,L082,L111,L115,L128,L134,L140,L155,L156,L158,L178,L179,L182",15,16.54246709219646,16.54246709219646,13,"L018,L019,L111,L115,L128,L134,L140,L155,L156,L158,L178,L179,L182",13,True,non_critical,
1,20260708,L184->L057,L184,L057,True,False,0.0,0.0,0.0,1.0000000000000013,"L046,L057,L060,L102,L115,L128,L134,L140,L155,L158,L178,L182,L184",13,1.1760239747371852,1.1760239747371852,0,,11,False,non_critical,
1,20260708,L004->L116,L004,L116,True,False,0.0,0.0,0.0,1.000000000000001,"L004,L115,L116",3,3.7361795157796203,3.7361795157796203,1,L115,1,True,non_critical,
1,20260708,L130->L180,L130,L180,True,True,7.272188818003705,7.272188818003705,0.0,1.0000000000000002,"L018,L046,L060,L102,L115,L128,L130,L134,L140,L155,L158,L178,L180,L182",14,14.687322805028673,14.687322805028673,12,"L018,L046,L060,L102,L115,L128,L134,L140,L155,L158,L178,L182",12,True,relay_cascade,
1,20260708,L070->L018,L070,L018,True,False,0.0,0.0,0.0,1.0000000000000042,"L018,L070",2,1.0034106517933041,1.0034106517933041,0,,0,False,non_critical,
1,20260708,L089->L092,L089,L092,True,False,0.0,0.0,0.0,1.000000000000003,"L089,L092",2,1.0001784693236786,1.0001784693236786,0,,0,False,non_critical,
1,20260708,L050->L153,L050,L153,True,False,0.0,0.0,0.0,1.0000000000000009,"L018,L045,L046,L050,L060,L102,L115,L128,L134,L140,L153,L155,L156,L158,L178,L182",16,1.6731384733345078,1.6731384733345078,1,L156,14,True,non_critical,
1,20260708,L091->L062,L091,L062,True,False,0.0,0.0,0.0,1.0000000000000002,"L060,L062,L091",3,1.250587425401763,1.250587425401763,1,L060,1,True,non_critical,
1,20260708,L013->L111,L013,L111,True,False,0.0,0.0,0.0,1.0,"L013,L111,L115",3,1.2416085002161998,1.2416085002161998,1,L115,1,True,non_critical,
1,20260708,L181->L099,L181,L099,True,False,0.0,0.0,0.0,1.0000000000000009,"L018,L046,L060,L099,L102,L115,L128,L134,L140,L155,L158,L178,L181,L182",14,1.1763078735614196,1.1763078735614196,0,,12,False,non_critical,
1,20260708,L095->L016,L095,L016,True,True,31.514792047850804,31.514792047850804,0.0,1.0000000000000007,"L016,L018,L046,L060,L095,L102,L115,L128,L134,L140,L155,L158,L178,L182",14,14.395497299263802,14.395497299263802,12,"L018,L046,L060,L102,L115,L128,L134,L140,L155,L158,L178,L182",12,True,relay_cascade,
1,20260708,L053->L114,L053,L114,True,False,0.0,0.0,0.0,1.0000000000000056,"L053,L114",2,1.005094386661958,1.005094386661958,0,,0,False,non_critical,
1,20260708,L013->L087,L013,L087,True,False,0.0,0.0,0.0,1.0000000000000004,"L013,L087",2,1.0017577475101114,1.0017577475101114,0,,0,False,non_critical,
1,20260708,L130->L027,L130,L027,True,False,0.0,0.0,0.0,1.0000000000000042,"L027,L130",2,1.1620681790294332,1.1620681790294332,0,,0,False,non_critical,
1,20260708,L176->L138,L176,L138,True,False,0.0,0.0,0.0,1.0000000000000004,"L046,L060,L115,L128,L134,L138,L140,L155,L176,L178,L179,L182",12,1.1376462437577903,1.1376462437577903,0,,10,False,non_critical,
1,20260708,L108->L071,L108,L071,True,False,0.0,0.0,0.0,1.0000000000000018,"L071,L108,L111,L115",4,1.143086089992203,1.143086089992203,0,,2,False,non_critical,
1,20260708,L064->L153,L064,L153,True,False,0.0,0.0,0.0,1.0000000000000013,"L064,L128,L153,L155,L156,L158",6,4.243675971867217,4.243675971867217,4,"L128,L155,L156,L158",4,True,non_critical,
1,20260708,L071->L173,L071,L173,True,False,0.0,0.0,0.0,1.0000000000000009,"L071,L173",2,1.000000000000065,1.000000000000065,0,,0,False,non_critical,
1,20260708,L128->L104,L128,L104,True,False,0.0,0.0,0.0,1.0000000000000064,"L045,L102,L104,L109,L111,L115,L128,L178,L182",9,2.596638269622312,2.596638269622312,7,"L045,L102,L109,L111,L115,L178,L182",7,True,non_critical,
1,20260708,L076->L185,L076,L185,True,False,0.0,0.0,0.0,1.0000000000000042,"L076,L185",2,1.0751362332814745,1.0751362332814745,0,,0,False,non_critical,
1,20260708,L120->L139,L120,L139,True,False,0.0,0.0,0.0,1.0000000000000084,"L120,L128,L139,L140",4,1.6180369851661864,1.6180369851661864,2,"L128,L140",2,True,non_critical,
1,20260708,L118->L090,L118,L090,True,False,0.0,0.0,0.0,1.0000000000000002,"L018,L060,L090,L102,L115,L118,L128,L134,L140,L155,L158,L178,L182,L186",14,1.190508256440229,1.190508256440229,0,,12,False,non_critical,
1,20260708,L009->L089,L009,L089,True,False,0.0,0.0,0.0,1.0,"L009,L018,L019,L089,L111,L115,L128,L134,L140,L155,L156,L158,L178,L179,L182",15,1.1142113849238864,1.1142113849238864,0,,13,False,non_critical,
1,20260708,L111->L148,L111,L148,True,False,0.0,0.0,0.0,1.0000000000000004,"L111,L148",2,1.0003436331548186,1.0003436331548186,0,,0,False,non_critical,
1,20260708,L102->L133,L102,L133,True,False,0.0,0.0,0.0,1.0000000000000002,"L018,L060,L102,L115,L128,L133,L140,L155,L158,L178,L182",11,15.151848873225624,15.151848873225624,9,"L018,L060,L115,L128,L140,L155,L158,L178,L182",9,True,non_critical,
1,20260708,L057->L093,L057,L093,True,False,0.0,0.0,0.0,1.0000000000000042,"L057,L093",2,1.1114250518499578,1.1114250518499578,0,,0,False,non_critical,
1,20260708,L133->L138,L133,L138,True,False,0.0,0.0,0.0,1.0,"L018,L060,L102,L115,L128,L133,L138,L140,L155,L158,L178,L182",12,1.1902594062727616,1.1902594062727616,0,,10,False,non_critical,
1,20260708,L139->L185,L139,L185,True,False,0.0,0.0,0.0,1.0,"L128,L139,L140,L185",4,1.3674490022497867,1.3674490022497867,1,L128,2,True,non_critical,
1,20260708,L176->L104,L176,L104,True,False,0.0,0.0,0.0,1.0000000000000013,"L046,L060,L104,L115,L128,L134,L140,L155,L176,L178,L179,L182",12,1.0250225932757266,1.0250225932757266,0,,10,False,non_critical,
1,20260708,L153->L014,L153,L014,True,False,0.0,0.0,0.0,1.0000000000000002,"L014,L128,L153,L155",4,1.0025907453996337,1.0025907453996337,0,,2,False,non_critical,
1,20260708,L109->L182,L109,L182,True,False,0.0,0.0,0.0,1.000000000000007,"L109,L182",2,1.0041330203220842,1.0041330203220842,0,,0,False,non_critical,
1,20260708,L163->L025,L163,L025,True,False,0.0,0.0,0.0,1.0000000000000877,"L025,L163",2,1.0136454152731706,1.0136454152731706,0,,0,False,non_critical,
1,20260708,L062->L103,L062,L103,True,False,0.0,0.0,0.0,1.000000000000007,"L062,L103",2,1.1996678403840297,1.1996678403840297,0,,0,False,non_critical,
1,20260708,L060->L009,L060,L009,True,False,0.0,0.0,0.0,1.0000000000000018,"L009,L018,L019,L060,L111,L115,L128,L134,L140,L155,L156,L158,L178,L179,L182",15,16.542232464020312,16.542232464020312,13,"L018,L019,L111,L115,L128,L134,L140,L155,L156,L158,L178,L179,L182",13,True,non_critical,
1,20260708,L167->L103,L167,L103,True,False,0.0,0.0,0.0,1.0,"L102,L103,L167",3,1.5055156413768642,1.5055156413768642,1,L102,1,True,non_critical,
1,20260708,L051->L091,L051,L091,True,False,0.0,0.0,0.0,1.0,"L018,L044,L045,L046,L051,L056,L057,L058,L060,L091,L102,L111,L115,L128,L134,L140,L155,L158,L178,L182",20,1.1350963908388274,1.1350963908388274,0,,18,False,non_critical,
1,20260708,L083->L128,L083,L128,True,False,0.0,0.0,0.0,1.0000000000000007,"L083,L128",2,1.1184715313910034,1.1184715313910034,0,,0,False,non_critical,
1,20260708,L046->L029,L046,L029,True,False,0.0,0.0,0.0,1.0000000000000004,"L018,L029,L046,L115,L178,L182",6,3.616804222696589,3.616804222696589,4,"L018,L115,L178,L182",4,True,non_critical,
1,20260708,L119->L114,L119,L114,True,False,0.0,0.0,0.0,1.0000000000000004,"L114,L115,L119,L128",4,1.9982561555555394,1.9982561555555394,1,L115,2,True,non_critical,
1,20260708,L039->L072,L039,L072,True,False,0.0,0.0,0.0,1.0000000000000016,"L039,L072",2,1.0350558916628707,1.0350558916628707,0,,0,False,non_critical,
1,20260708,L163->L010,L163,L010,True,False,0.0,0.0,0.0,1.0000000000000084,"L010,L163",2,1.0266664236461995,1.0266664236461995,0,,0,False,non_critical,
1,20260708,L133->L035,L133,L035,True,False,0.0,0.0,0.0,1.0000000000000104,"L018,L035,L060,L102,L115,L128,L133,L140,L155,L158,L178,L182",12,1.1893637703236049,1.1893637703236049,0,,10,False,non_critical,
1,20260708,L036->L018,L036,L018,True,False,0.0,0.0,0.0,1.0000000000000062,"L018,L019,L020,L036,L044,L045,L109,L111,L115,L178,L182",11,1.0000000000000058,1.0000000000000058,0,,9,False,non_critical,
1,20260708,L134->L056,L134,L056,True,False,0.0,0.0,0.0,1.0000000000000007,"L056,L060,L102,L115,L128,L134,L140,L155,L158,L178,L182",11,1.1902484710899368,1.1902484710899368,0,,9,False,non_critical,
1,20260708,L172->L103,L172,L103,True,False,0.0,0.0,0.0,1.0000000000000018,"L102,L103,L172",3,1.4873417024990603,1.4873417024990603,1,L102,1,True,non_critical,
1,20260708,L149->L160,L149,L160,True,False,0.0,0.0,0.0,1.0000000000000004,"L128,L149,L155,L156,L160",5,3.9871519402664592,3.9871519402664592,2,"L155,L156",3,True,non_critical,
1,20260708,L013->L123,L013,L123,True,False,0.0,0.0,0.0,1.0000000000000007,"L013,L123,L128",3,2.7820860506796694,2.7820860506796694,1,L128,1,True,non_critical,
1,20260708,L063->L019,L063,L019,True,False,0.0,0.0,0.0,1.0000000000000018,"L018,L019,L063",3,1.336110473827558,1.336110473827558,1,L018,1,True,non_critical,
1,20260708,L123->L111,L123,L111,True,False,0.0,0.0,0.0,1.0000000000000002,"L111,L123,L128",3,1.154939645415088,1.154939645415088,0,,1,False,non_critical,
1,20260708,L022->L049,L022,L049,True,False,0.0,0.0,0.0,1.0000000000000002,"L018,L022,L046,L049,L060,L102,L115,L128,L134,L140,L155,L158,L178,L182",14,14.706835903132077,14.706835903132077,12,"L018,L046,L060,L102,L115,L128,L134,L140,L155,L158,L178,L182",12,True,non_critical,
1,20260708,L041->L099,L041,L099,True,False,0.0,0.0,0.0,1.0000000000000002,"L041,L099,L102,L178,L182",5,2.001965745806264,2.001965745806264,1,L102,3,True,non_critical,
1,20260708,L132->L043,L132,L043,True,False,0.0,0.0,0.0,1.0000000000000042,"L043,L132,L182",3,5.299925007646442,5.299925007646442,1,L182,1,True,non_critical,
1,20260708,L145->L025,L145,L025,True,False,0.0,0.0,0.0,1.0000000000000004,"L025,L145,L155",3,1.034801954635178,1.034801954635178,0,,1,False,non_critical,
1,20260708,L148->L026,L148,L026,True,False,0.0,0.0,0.0,1.0000000000000009,"L026,L128,L148,L155",4,1.0019343526846007,1.0019343526846007,0,,2,False,non_critical,
1,20260708,L055->L044,L055,L044,True,False,0.0,0.0,0.0,1.0000000000000013,"L044,L045,L055,L115,L182",5,1.4319493401731584,1.4319493401731584,3,"L045,L115,L182",3,True,non_critical,
1,20260708,L157->L133,L157,L133,True,False,0.0,0.0,0.0,1.0000000000000104,"L018,L060,L102,L115,L128,L133,L140,L155,L157,L158,L178,L182",12,14.813740917417874,14.813740917417874,9,"L018,L060,L102,L115,L140,L155,L158,L178,L182",10,True,non_critical,
1,20260708,L052->L168,L052,L168,True,False,0.0,0.0,0.0,1.0000000000000009,"L052,L168",2,1.0000000000000242,1.0000000000000242,0,,0,False,non_critical,
1,20260708,L120->L143,L120,L143,True,False,0.0,0.0,0.0,1.0000000000000004,"L018,L046,L060,L102,L115,L120,L128,L134,L140,L143,L155,L158,L178,L182",14,15.243041887585486,15.243041887585486,12,"L018,L046,L060,L102,L115,L128,L134,L140,L155,L158,L178,L182",12,True,non_critical,
1,20260708,L102->L083,L102,L083,True,False,0.0,0.0,0.0,1.0000000000000053,"L083,L102",2,1.002265121459521,1.002265121459521,0,,0,False,non_critical,
1,20260708,L076->L029,L076,L029,True,False,0.0,0.0,0.0,1.000000000000001,"L018,L029,L076,L115,L178,L182",6,3.630151766512173,3.630151766512173,4,"L018,L115,L178,L182",4,True,non_critical,
1,20260708,L110->L179,L110,L179,True,False,0.0,0.0,0.0,1.0000000000000004,"L046,L060,L102,L110,L111,L115,L128,L134,L140,L155,L158,L178,L179,L182",14,0.8846257066682403,0.8846257066682403,0,,12,False,non_critical,
1,20260708,L041->L164,L041,L164,True,False,0.0,0.0,0.0,1.000000000000003,"L041,L164,L178,L182",4,1.000000000000006,1.000000000000006,0,,2,False,non_critical,
1,20260708,L036->L159,L036,L159,True,False,0.0,0.0,0.0,1.0000000000000058,"L018,L019,L020,L036,L044,L045,L109,L111,L115,L128,L155,L159,L178,L182",14,3.7872214479650177,3.7872214479650177,2,"L128,L155",12,True,non_critical,
1,20260708,L169->L016,L169,L016,True,True,31.514792047850804,31.514792047850804,0.0,1.0000000000000024,"L016,L018,L046,L060,L102,L115,L128,L134,L140,L155,L158,L169,L178,L182",14,14.393246754855586,14.393246754855586,12,"L018,L046,L060,L102,L115,L128,L134,L140,L155,L158,L178,L182",12,True,relay_cascade,
1,20260708,L051->L044,L051,L044,True,False,0.0,0.0,0.0,1.0,"L018,L044,L045,L046,L051,L056,L057,L058,L060,L102,L111,L115,L128,L134,L140,L155,L158,L178,L182",19,1.1350963908388274,1.1350963908388274,0,,17,False,non_critical,
1,20260708,L061->L108,L061,L108,True,False,0.0,0.0,0.0,1.0,"L018,L060,L061,L108,L115,L128,L134,L140,L155,L158,L178,L182",12,1.1826433268366168,1.1826433268366168,0,,10,False,non_critical,
1,20260708,L113->L186,L113,L186,True,False,0.0,0.0,0.0,1.0000000000000004,"L046,L060,L102,L113,L115,L128,L134,L140,L155,L158,L178,L182,L186",13,1.1951997610823568,1.1951997610823568,0,,11,False,non_critical,
1,20260708,L022->L158,L022,L158,True,False,0.0,0.0,0.0,1.0000000000000877,"L022,L128,L155,L156,L158",5,3.8401788069841944,3.8401788069841944,3,"L128,L155,L156",3,True,non_critical,
1,20260708,L067->L137,L067,L137,True,False,0.0,0.0,0.0,1.0000000000000007,"L067,L128,L137,L155,L156",5,4.562785319932014,4.562785319932014,3,"L128,L155,L156",3,True,non_critical,
1,20260708,L170->L004,L170,L004,True,False,0.0,0.0,0.0,1.0000000000000877,"L004,L170",2,1.0000018296538065,1.0000018296538065,0,,0,False,non_critical,
1,20260708,L024->L082,L024,L082,True,False,0.0,0.0,0.0,1.0000000000000018,"L024,L082",2,1.000749985905597,1.000749985905597,0,,0,False,non_critical,
1,20260708,L012->L163,L012,L163,True,False,0.0,0.0,0.0,1.0000000000000002,"L012,L018,L163,L169",4,1.2300123610330829,1.2300123610330829,1,L169,2,True,non_critical,
1,20260708,L185->L073,L185,L073,True,False,0.0,0.0,0.0,1.0000000000000042,"L073,L185",2,1.0005365875186223,1.0005365875186223,0,,0,False,non_critical,
1,20260708,L145->L095,L145,L095,True,False,0.0,0.0,0.0,1.0000000000000009,"L095,L145,L155",3,1.0088810387093627,1.0088810387093627,0,,1,False,non_critical,
1,20260708,L083->L147,L083,L147,True,True,43.59265123807146,43.59265123807146,0.0,1.0000000000000004,"L018,L060,L083,L102,L115,L128,L134,L140,L147,L155,L156,L158,L178,L182",14,4.016434874795378,4.016434874795378,12,"L018,L060,L102,L115,L128,L134,L140,L155,L156,L158,L178,L182",12,True,relay_cascade,
1,20260708,L167->L091,L167,L091,True,False,0.0,0.0,0.0,1.0000000000000877,"L091,L167",2,1.0173560485706283,1.0173560485706283,0,,0,False,non_critical,
1,20260708,L115->L165,L115,L165,True,False,0.0,0.0,0.0,1.0,"L115,L165",2,1.0000000000000178,1.0000000000000178,0,,0,False,non_critical,
1,20260708,L058->L071,L058,L071,True,False,0.0,0.0,0.0,1.000000000000022,"L058,L071",2,1.115869074344584,1.115869074344584,0,,0,False,non_critical,
1,20260708,L050->L016,L050,L016,True,True,31.514792047850804,31.514792047850804,0.0,1.0,"L016,L018,L045,L046,L050,L060,L102,L115,L128,L134,L140,L155,L158,L178,L182",15,1.1720099607843237,1.1720099607843237,0,,13,False,island_only,
1,20260708,L136->L109,L136,L109,True,False,0.0,0.0,0.0,1.0000000000000064,"L109,L111,L115,L128,L136",5,1.2804811825486277,1.2804811825486277,2,"L111,L115",3,True,non_critical,
1,20260708,L026->L004,L026,L004,True,False,0.0,0.0,0.0,1.0,"L004,L026",2,1.028827372383873,1.028827372383873,0,,0,False,non_critical,
1,20260708,L145->L111,L145,L111,True,False,0.0,0.0,0.0,1.0000000000000007,"L111,L115,L145,L155",4,1.2758253319147017,1.2758253319147017,1,L115,2,True,non_critical,
1,20260708,L040->L152,L040,L152,True,False,0.0,0.0,0.0,1.0000000000000042,"L040,L128,L152,L182",4,1.8557210536378024,1.8557210536378024,1,L128,2,True,non_critical,
1,20260708,L141->L003,L141,L003,True,False,0.0,0.0,0.0,1.0000000000001756,"L003,L128,L140,L141,L155,L156",6,1.0020970487332996,1.0020970487332996,0,,4,False,non_critical,
1,20260708,L070->L022,L070,L022,True,False,0.0,0.0,0.0,1.0,"L022,L070",2,1.0937219533768228,1.0937219533768228,0,,0,False,non_critical,
1,20260708,L132->L154,L132,L154,True,False,0.0,0.0,0.0,1.000000000000001,"L132,L154,L155,L156",4,2.754571128824774,2.754571128824774,2,"L155,L156",2,True,non_critical,
1,20260708,L123->L100,L123,L100,True,False,0.0,0.0,0.0,1.000000000000002,"L100,L102,L123,L128",4,1.3213823649721113,1.3213823649721113,1,L102,2,True,non_critical,
1,20260708,L020->L079,L020,L079,True,False,0.0,0.0,0.0,1.000000000000022,"L020,L079",2,1.004766295471911,1.004766295471911,0,,0,False,non_critical,
1,20260708,L114->L178,L114,L178,True,False,0.0,0.0,0.0,1.0000000000000009,"L114,L115,L178,L182",4,2.517319035488615,2.517319035488615,1,L182,2,True,non_critical,
1,20260708,L102->L040,L102,L040,True,False,0.0,0.0,0.0,1.0000000000000004,"L040,L102,L182",3,5.447543513661095,5.447543513661095,1,L182,1,True,non_critical,
1,20260708,L028->L168,L028,L168,True,False,0.0,0.0,0.0,1.0000000000000018,"L028,L168",2,1.000000000000022,1.000000000000022,0,,0,False,non_critical,
1,20260708,L154->L084,L154,L084,True,False,0.0,0.0,0.0,1.000000000000044,"L084,L128,L154,L155",4,1.0023694786480992,1.0023694786480992,0,,2,False,non_critical,
1,20260708,L062->L132,L062,L132,True,False,0.0,0.0,0.0,1.0000000000000042,"L062,L132,L156",3,1.2720195765071316,1.2720195765071316,1,L156,1,True,non_critical,
1,20260708,L124->L147,L124,L147,True,True,43.59265123807146,43.59265123807146,0.0,1.000000000000001,"L018,L060,L102,L115,L124,L128,L134,L140,L147,L155,L156,L158,L178,L182",14,4.066527095743912,4.066527095743912,11,"L018,L060,L102,L115,L134,L140,L155,L156,L158,L178,L182",12,True,relay_cascade,
1,20260708,L169->L107,L169,L107,True,False,0.0,0.0,0.0,1.000000000000006,"L102,L107,L111,L115,L128,L155,L169,L178,L182",9,4.1246156760347095,4.1246156760347095,7,"L102,L111,L115,L128,L155,L178,L182",7,True,non_critical,
1,20260708,L073->L145,L073,L145,True,False,0.0,0.0,0.0,1.000000000000022,"L073,L128,L145,L155",4,5.190081573446888,5.190081573446888,2,"L128,L155",2,True,non_critical,
1,20260708,L056->L083,L056,L083,True,False,0.0,0.0,0.0,1.0000000000000036,"L056,L083",2,1.0044135698388659,1.0044135698388659,0,,0,False,non_critical,
1,20260708,L099->L111,L099,L111,True,False,0.0,0.0,0.0,1.0000000000000084,"L099,L102,L111,L115",4,1.2775427843703768,1.2775427843703768,1,L115,2,True,non_critical,
1,20260708,L102->L174,L102,L174,True,False,0.0,0.0,0.0,1.0000000000000084,"L102,L174",2,1.0000000000001756,1.0000000000001756,0,,0,False,non_critical,
1,20260708,L026->L109,L026,L109,True,False,0.0,0.0,0.0,1.0000000000000109,"L026,L109,L111,L115,L128",5,1.4962190268923563,1.4962190268923563,3,"L111,L115,L128",3,True,non_critical,
1,20260708,L182->L151,L182,L151,True,False,0.0,0.0,0.0,1.000000000000005,"L128,L151,L155,L182",4,1.903661945597756,1.903661945597756,2,"L128,L155",2,True,non_critical,
1,20260708,L020->L105,L020,L105,True,False,0.0,0.0,0.0,1.0000000000000013,"L020,L060,L105,L128",4,1.4096423257658115,1.4096423257658115,2,"L060,L128",2,True,non_critical,
1,20260708,L116->L071,L116,L071,True,False,0.0,0.0,0.0,1.0000000000000004,"L071,L115,L116,L128",4,1.1505123384925704,1.1505123384925704,0,,2,False,non_critical,
1,20260708,L179->L147,L179,L147,True,True,43.59265123807146,43.59265123807146,0.0,1.0000000000000016,"L018,L060,L102,L115,L128,L134,L140,L147,L155,L156,L158,L178,L179,L182",14,4.622160533958312,4.622160533958312,12,"L018,L060,L102,L115,L128,L134,L140,L155,L156,L158,L178,L182",12,True,relay_cascade,
1,20260708,L162->L001,L162,L001,True,False,0.0,0.0,0.0,1.0000000000000007,"L001,L128,L155,L162",4,1.006739061147916,1.006739061147916,0,,2,False,non_critical,
1,20260708,L046->L132,L046,L132,True,False,0.0,0.0,0.0,1.0000000000000004,"L046,L128,L132,L156",4,2.4129243650932044,2.4129243650932044,2,"L128,L156",2,True,non_critical,
1,20260708,L043->L105,L043,L105,True,False,0.0,0.0,0.0,1.0000000000000029,"L043,L060,L102,L104,L105,L109,L111,L115,L128,L178,L182",11,2.8741993062950013,2.8741993062950013,8,"L060,L102,L104,L109,L111,L115,L128,L178",9,True,non_critical,
1,20260708,L161->L157,L161,L157,True,False,0.0,0.0,0.0,1.000000000000022,"L128,L155,L157,L161",4,1.0121427892461532,1.0121427892461532,0,,2,False,non_critical,
1,20260708,L047->L013,L047,L013,True,False,0.0,0.0,0.0,1.0,"L013,L018,L046,L047,L060,L102,L115,L128,L134,L140,L155,L158,L178,L182",14,1.1728964458634314,1.1728964458634314,0,,12,False,non_critical,
1,20260708,L053->L083,L053,L083,True,False,0.0,0.0,0.0,1.0000000000000042,"L053,L083",2,1.0041284532958377,1.0041284532958377,0,,0,False,non_critical,
1,20260708,L116->L016,L116,L016,True,True,31.514792047850804,31.514792047850804,0.0,1.0000000000000002,"L016,L018,L046,L060,L102,L115,L116,L128,L134,L140,L155,L158,L178,L182",14,14.126586246199247,14.126586246199247,10,"L018,L046,L060,L102,L134,L140,L155,L158,L178,L182",12,True,relay_cascade,
1,20260708,L160->L106,L160,L106,True,False,0.0,0.0,0.0,1.0000000000000115,"L018,L030,L045,L065,L102,L104,L106,L109,L111,L115,L128,L134,L140,L155,L158,L160,L178,L182",18,4.765497831469866,4.765497831469866,15,"L018,L030,L045,L065,L102,L104,L109,L111,L115,L128,L134,L140,L158,L178,L182",16,True,non_critical,
1,20260708,L163->L176,L163,L176,True,False,0.0,0.0,0.0,1.0000000000000007,"L046,L060,L115,L128,L134,L140,L155,L163,L176,L178,L179,L182",12,10.694118041456838,10.694118041456838,10,"L046,L060,L115,L128,L134,L140,L155,L178,L179,L182",10,True,non_critical,
1,20260708,L043->L123,L043,L123,True,False,0.0,0.0,0.0,1.0000000000000042,"L043,L123,L128,L182",4,2.6804817074182647,2.6804817074182647,1,L128,2,True,non_critical,
1,20260708,L036->L040,L036,L040,True,False,0.0,0.0,0.0,1.0000000000000062,"L018,L019,L020,L036,L040,L044,L045,L109,L111,L115,L178,L182",12,1.0000000000000056,1.0000000000000056,0,,10,False,non_critical,
1,20260708,L038->L178,L038,L178,True,False,0.0,0.0,0.0,1.0000000000000002,"L018,L038,L045,L111,L115,L128,L134,L140,L155,L158,L178,L179,L182",13,1.1706884125708357,1.1706884125708357,0,,11,False,non_critical,
1,20260708,L181->L091,L181,L091,True,False,0.0,0.0,0.0,1.0000000000000002,"L018,L046,L060,L091,L102,L115,L128,L134,L140,L155,L158,L178,L181,L182",14,1.1763078735614199,1.1763078735614199,0,,12,False,non_critical,
1,20260708,L099->L071,L099,L071,True,False,0.0,0.0,0.0,1.000000000000022,"L071,L099,L102",3,1.035640395832111,1.035640395832111,0,,1,False,non_critical,
1,20260708,L013->L157,L013,L157,True,False,0.0,0.0,0.0,1.0000000000000877,"L013,L157",2,1.001122461186514,1.001122461186514,0,,0,False,non_critical,
1,20260708,L032->L073,L032,L073,True,False,0.0,0.0,0.0,1.0,"L032,L073,L178,L182",4,1.0033630347230733,1.0033630347230733,0,,2,False,non_critical,
1,20260708,L066->L151,L066,L151,True,False,0.0,0.0,0.0,1.0000000000000009,"L066,L151",2,1.117508984012707,1.117508984012707,0,,0,False,non_critical,
1,20260708,L104->L069,L104,L069,True,False,0.0,0.0,0.0,1.0000000000000018,"L069,L104",2,1.0548504303061308,1.0548504303061308,0,,0,False,non_critical,
1,20260708,L111->L118,L111,L118,True,False,0.0,0.0,0.0,1.0,"L111,L118",2,1.1994186065320713,1.1994186065320713,0,,0,False,non_critical,
1,20260708,L088->L003,L088,L003,True,False,0.0,0.0,0.0,1.0000000000000016,"L003,L088",2,1.0364208158144972,1.0364208158144972,0,,0,False,non_critical,
1,20260708,L073->L119,L073,L119,True,False,0.0,0.0,0.0,1.0000000000000002,"L073,L115,L119,L128,L155",5,2.51138844305669,2.51138844305669,3,"L115,L128,L155",3,True,non_critical,
1,20260708,L180->L087,L180,L087,True,False,0.0,0.0,0.0,1.0000000000000002,"L018,L046,L060,L087,L102,L115,L128,L134,L140,L155,L158,L178,L180,L182",14,1.1806822359512528,1.1806822359512528,0,,12,False,non_critical,
1,20260708,L087->L176,L087,L176,True,False,0.0,0.0,0.0,1.0,"L046,L060,L087,L102,L115,L128,L134,L140,L155,L176,L178,L179,L182",13,10.695183826166778,10.695183826166778,11,"L046,L060,L102,L115,L128,L134,L140,L155,L178,L179,L182",11,True,non_critical,
1,20260708,L186->L154,L186,L154,True,False,0.0,0.0,0.0,1.0000000000000004,"L154,L155,L186",3,2.151050058900549,2.151050058900549,1,L155,1,True,non_critical,
1,20260708,L099->L004,L099,L004,True,False,0.0,0.0,0.0,1.0,"L004,L099,L102",3,1.0087417429860988,1.0087417429860988,0,,1,False,non_critical,
1,20260708,L071->L032,L071,L032,True,False,0.0,0.0,0.0,1.0,"L018,L032,L071,L111,L115,L128,L134,L140,L155,L158,L178,L179,L182",13,18.988239195311532,18.988239195311532,11,"L018,L111,L115,L128,L134,L140,L155,L158,L178,L179,L182",11,True,non_critical,
1,20260708,L109->L142,L109,L142,True,False,0.0,0.0,0.0,1.0000000000000018,"L109,L142",2,1.0003609530119346,1.0003609530119346,0,,0,False,non_critical,
1,20260708,L042->L069,L042,L069,True,False,0.0,0.0,0.0,1.0000000000000004,"L042,L069,L182",3,1.116871705458863,1.116871705458863,0,,1,False,non_critical,
1,20260708,L148->L084,L148,L084,True,False,0.0,0.0,0.0,1.0000000000000004,"L084,L128,L148,L155",4,1.003709456983115,1.003709456983115,0,,2,False,non_critical,
1,20260708,L105->L125,L105,L125,True,False,0.0,0.0,0.0,1.0000000000000016,"L105,L125,L128,L155",4,3.3740879664189602,3.3740879664189602,2,"L128,L155",2,True,non_critical,
1,20260708,L049->L160,L049,L160,True,False,0.0,0.0,0.0,1.0000000000000018,"L018,L046,L049,L060,L102,L115,L128,L134,L140,L155,L158,L160,L178,L182",14,1.186149814380253,1.186149814380253,0,,12,False,non_critical,
1,20260708,L134->L152,L134,L152,True,True,31.05817161312981,31.05817161312981,0.0,1.0000000000000007,"L060,L102,L115,L128,L134,L140,L152,L155,L158,L178,L182",11,1.1992620875533018,1.1992620875533018,0,,9,False,island_only,
1,20260708,L162->L007,L162,L007,True,False,0.0,0.0,0.0,1.0000000000000004,"L007,L018,L019,L111,L115,L128,L134,L140,L155,L158,L162,L178,L179,L182",14,5.007296796035849,5.007296796035849,10,"L018,L019,L111,L115,L134,L140,L158,L178,L179,L182",12,True,non_critical,
1,20260708,L171->L184,L171,L184,True,True,21.648461416338748,21.648461416338748,0.0,1.0,"L046,L060,L102,L115,L128,L134,L140,L155,L158,L171,L178,L182,L184",13,14.469551632961053,14.469551632961053,11,"L046,L060,L102,L115,L128,L134,L140,L155,L158,L178,L182",11,True,relay_cascade,
1,20260708,L046->L004,L046,L004,True,False,0.0,0.0,0.0,1.0000000000000013,"L004,L046",2,1.0250433081166919,1.0250433081166919,0,,0,False,non_critical,
1,20260708,L041->L036,L041,L036,True,False,0.0,0.0,0.0,1.0000000000000016,"L018,L019,L020,L036,L041,L045,L178,L182",8,4.589312896656701,4.589312896656701,4,"L018,L019,L020,L045",6,True,non_critical,
1,20260708,L017->L007,L017,L007,True,False,0.0,0.0,0.0,1.0,"L007,L017,L018,L111,L115,L128,L134,L140,L155,L156,L158,L178,L179,L182",14,16.542335629900396,16.542335629900396,12,"L018,L111,L115,L128,L134,L140,L155,L156,L158,L178,L179,L182",12,True,non_critical,
1,20260708,L088->L023,L088,L023,True,False,0.0,0.0,0.0,1.0000000000000004,"L018,L023,L088",3,1.7701653810847484,1.7701653810847484,1,L018,1,True,non_critical,
1,20260708,L073->L162,L073,L162,True,False,0.0,0.0,0.0,1.0000000000000004,"L073,L128,L155,L156,L162",5,3.6335895497961164,3.6335895497961164,3,"L128,L155,L156",3,True,non_critical,
1,20260708,L089->L060,L089,L060,True,False,0.0,0.0,0.0,1.0000000000000018,"L060,L089",2,1.0671294745715836,1.0671294745715836,0,,0,False,non_critical,
1,20260708,L162->L031,L162,L031,True,False,0.0,0.0,0.0,1.0,"L018,L031,L111,L128,L155,L162,L178,L182",8,14.989426589803683,14.989426589803683,4,"L018,L111,L178,L182",6,True,non_critical,
1,20260708,L136->L099,L136,L099,True,False,0.0,0.0,0.0,1.0000000000000024,"L099,L102,L128,L136",4,1.9986147559055798,1.9986147559055798,1,L102,2,True,non_critical,
1,20260708,L136->L002,L136,L002,True,False,0.0,0.0,0.0,1.0000000000001756,"L002,L128,L136",3,1.0327715029335138,1.0327715029335138,0,,1,False,non_critical,
1,20260708,L129->L101,L129,L101,True,False,0.0,0.0,0.0,1.0000000000000002,"L101,L102,L128,L129,L155",5,1.2079574767915517,1.2079574767915517,1,L102,3,True,non_critical,
1,20260708,L039->L133,L039,L133,True,False,0.0,0.0,0.0,1.0000000000000002,"L018,L039,L060,L102,L115,L128,L133,L140,L155,L158,L178,L182",12,15.140051067159192,15.140051067159192,10,"L018,L060,L102,L115,L128,L140,L155,L158,L178,L182",10,True,non_critical,
1,20260708,L080->L037,L080,L037,True,False,0.0,0.0,0.0,1.000000000000001,"L018,L019,L020,L037,L045,L080,L115,L128,L134,L140,L155,L158,L178,L179,L182",15,15.046715013947267,15.046715013947267,13,"L018,L019,L020,L045,L115,L128,L134,L140,L155,L158,L178,L179,L182",13,True,non_critical,
1,20260708,L090->L118,L090,L118,True,False,0.0,0.0,0.0,1.0000000000000018,"L090,L118",2,1.0639157587277508,1.0639157587277508,0,,0,False,non_critical,
1,20260708,L045->L181,L045,L181,True,True,20.772296104867053,20.772296104867053,0.0,1.000000000000005,"L018,L045,L060,L102,L115,L128,L134,L140,L155,L158,L178,L181,L182",13,20.53284778737438,20.53284778737438,11,"L018,L060,L102,L115,L128,L134,L140,L155,L158,L178,L182",11,True,relay_cascade,
1,20260708,L100->L166,L100,L166,True,False,0.0,0.0,0.0,1.000000000000022,"L100,L166",2,1.0000000000000242,1.0000000000000242,0,,0,False,non_critical,
1,20260708,L169->L139,L169,L139,True,False,0.0,0.0,0.0,1.0000000000000002,"L128,L139,L140,L169",4,1.618037355108295,1.618037355108295,2,"L128,L140",2,True,non_critical,
1,20260708,L039->L153,L039,L153,True,False,0.0,0.0,0.0,1.0000000000000009,"L039,L128,L153,L155,L156,L158",6,4.246368047390861,4.246368047390861,4,"L128,L155,L156,L158",4,True,non_critical,
1,20260708,L081->L024,L081,L024,True,False,0.0,0.0,0.0,1.0000000000000002,"L018,L024,L081",3,1.5377012761728246,1.5377012761728246,1,L018,1,True,non_critical,
1,20260708,L063->L168,L063,L168,True,False,0.0,0.0,0.0,1.0000000000000084,"L063,L168",2,1.0000000000000444,1.0000000000000444,0,,0,False,non_critical,
1,20260708,L138->L097,L138,L097,True,False,0.0,0.0,0.0,1.0000000000000009,"L060,L097,L102,L128,L138",5,2.1191978058846543,2.1191978058846543,3,"L060,L102,L128",3,True,non_critical,
1,20260708,L068->L001,L068,L001,True,False,0.0,0.0,0.0,1.0000000000000018,"L001,L068",2,1.0008862148811495,1.0008862148811495,0,,0,False,non_critical,
1,20260708,L140->L149,L140,L149,True,False,0.0,0.0,0.0,1.000000000000003,"L128,L140,L149",3,3.128242874240598,3.128242874240598,1,L128,1,True,non_critical,
1,20260708,L140->L116,L140,L116,True,False,0.0,0.0,0.0,1.0000000000000084,"L115,L116,L128,L140",4,3.585950440171584,3.585950440171584,2,"L115,L128",2,True,non_critical,
1,20260708,L183->L006,L183,L006,True,False,0.0,0.0,0.0,1.0000000000000002,"L006,L018,L060,L102,L115,L128,L134,L140,L155,L158,L178,L182,L183",13,1.1376766915308731,1.1376766915308731,0,,11,False,non_critical,
1,20260708,L027->L037,L027,L037,True,False,0.0,0.0,0.0,1.0,"L018,L019,L020,L027,L037,L045,L115,L128,L134,L140,L155,L158,L178,L179,L182",15,15.043820105779824,15.043820105779824,13,"L018,L019,L020,L045,L115,L128,L134,L140,L155,L158,L178,L179,L182",13,True,non_critical,
1,20260708,L161->L023,L161,L023,True,False,0.0,0.0,0.0,1.0000000000000004,"L018,L023,L128,L155,L161",5,1.251310906788784,1.251310906788784,1,L018,3,True,non_critical,
1,20260708,L100->L120,L100,L120,True,False,0.0,0.0,0.0,1.000000000000022,"L100,L120",2,1.0481778514808993,1.0481778514808993,0,,0,False,non_critical,
1,20260708,L002->L074,L002,L074,True,False,0.0,0.0,0.0,1.000000000000003,"L002,L074",2,1.011380973617884,1.011380973617884,0,,0,False,non_critical,
1,20260708,L084->L061,L084,L061,True,True,33.88157185629734,33.88157185629734,0.0,1.0000000000000002,"L018,L060,L061,L084,L102,L115,L128,L134,L140,L155,L158,L178,L182",13,14.378240778268106,14.378240778268106,11,"L018,L060,L102,L115,L128,L134,L140,L155,L158,L178,L182",11,True,relay_cascade,
1,20260708,L029->L017,L029,L017,True,False,0.0,0.0,0.0,1.0000000000000004,"L017,L018,L029",3,1.962645417357376,1.962645417357376,1,L018,1,True,non_critical,
1,20260708,L113->L089,L113,L089,True,False,0.0,0.0,0.0,1.000000000000005,"L046,L060,L089,L102,L113,L115,L128,L134,L140,L155,L158,L178,L182",13,1.1951997610823568,1.1951997610823568,0,,11,False,non_critical,
1,20260708,L152->L154,L152,L154,True,False,0.0,0.0,0.0,1.0000000000000009,"L128,L152,L154,L155",4,1.0410143233871507,1.0410143233871507,0,,2,False,non_critical,
1,20260708,L151->L073,L151,L073,True,False,0.0,0.0,0.0,1.0000000000000009,"L073,L128,L151,L155",4,1.0048495446014685,1.0048495446014685,0,,2,False,non_critical,
1,20260708,L163->L141,L163,L141,True,False,0.0,0.0,0.0,1.0000000000000004,"L128,L141,L155,L163",4,5.318486316111186,5.318486316111186,2,"L128,L155",2,True,non_critical,
1,20260708,L019->L103,L019,L103,True,False,0.0,0.0,0.0,1.0000000000000004,"L019,L102,L103",3,1.515429909220099,1.515429909220099,1,L102,1,True,non_critical,
1,20260708,L094->L076,L094,L076,True,False,0.0,0.0,0.0,1.0,"L076,L094",2,1.0122156491405716,1.0122156491405716,0,,0,False,non_critical,
1,20260708,L081->L060,L081,L060,True,False,0.0,0.0,0.0,1.0000000000000018,"L060,L081",2,1.0983929922733284,1.0983929922733284,0,,0,False,non_critical,
1,20260708,L099->L022,L099,L022,True,False,0.0,0.0,0.0,1.000000000000001,"L022,L099,L102",3,1.0472268241590856,1.0472268241590856,0,,1,False,non_critical,
1,20260708,L118->L153,L118,L153,True,False,0.0,0.0,0.0,1.0000000000000002,"L018,L060,L102,L115,L118,L128,L134,L140,L153,L155,L156,L158,L178,L182,L186",15,1.5858003218053296,1.5858003218053296,1,L156,13,True,non_critical,
1,20260708,L182->L099,L182,L099,True,False,0.0,0.0,0.0,1.0000000000000018,"L099,L102,L182",3,2.1569232148425432,2.1569232148425432,1,L102,1,True,non_critical,
1,20260708,L016->L159,L016,L159,True,False,0.0,0.0,0.0,1.0000000000000009,"L016,L018,L046,L060,L102,L115,L128,L134,L140,L155,L156,L158,L159,L178,L182",15,1.5399104184628118,1.5399104184628118,1,L156,13,True,non_critical,
1,20260708,L027->L057,L027,L057,True,False,0.0,0.0,0.0,1.0000000000000004,"L027,L057",2,1.0326180660989377,1.0326180660989377,0,,0,False,non_critical,
1,20260708,L139->L062,L139,L062,True,False,0.0,0.0,0.0,1.0000000000000024,"L060,L062,L139,L140",4,1.311833344489545,1.311833344489545,1,L060,2,True,non_critical,
1,20260708,L006->L116,L006,L116,True,False,0.0,0.0,0.0,1.0000000000000004,"L006,L115,L116",3,3.612375704851673,3.612375704851673,1,L115,1,True,non_critical,
1,20260708,L026->L001,L026,L001,True,False,0.0,0.0,0.0,1.0,"L001,L026",2,1.0052648008220575,1.0052648008220575,0,,0,False,non_critical,
1,20260708,L038->L033,L038,L033,True,False,0.0,0.0,0.0,1.0000000000000007,"L018,L033,L038,L045,L060,L102,L109,L111,L115,L128,L134,L140,L155,L158,L178,L179,L182",17,1.4721391542813063,1.4721391542813063,3,"L060,L102,L109",15,True,non_critical,
1,20260708,L143->L104,L143,L104,True,False,0.0,0.0,0.0,1.0000000000000058,"L065,L102,L104,L109,L111,L115,L128,L143,L178,L182",10,2.472607964196502,2.472607964196502,8,"L065,L102,L109,L111,L115,L128,L178,L182",8,True,non_critical,
1,20260708,L030->L018,L030,L018,True,False,0.0,0.0,0.0,1.0000000000000004,"L018,L030",2,1.0032806638531884,1.0032806638531884,0,,0,False,non_critical,
1,20260708,L080->L061,L080,L061,True,True,33.88157185629734,33.88157185629734,0.0,1.0000000000000024,"L018,L060,L061,L080,L115,L128,L134,L140,L155,L158,L178,L182",12,14.37613163249305,14.37613163249305,10,"L018,L060,L115,L128,L134,L140,L155,L158,L178,L182",10,True,relay_cascade,
1,20260708,L098->L073,L098,L073,True,False,0.0,0.0,0.0,1.0000000000000042,"L073,L098,L102",3,1.0005447727538535,1.0005447727538535,0,,1,False,non_critical,
1,20260708,L171->L002,L171,L002,True,False,0.0,0.0,0.0,1.0000000000000877,"L002,L171",2,1.0335120661034112,1.0335120661034112,0,,0,False,non_critical,
1,20260708,L118->L035,L118,L035,True,False,0.0,0.0,0.0,1.0,"L018,L035,L060,L102,L115,L118,L128,L134,L140,L155,L158,L178,L182,L186",14,1.1888751111363363,1.1888751111363363,0,,12,False,non_critical,
1,20260708,L122->L083,L122,L083,True,False,0.0,0.0,0.0,1.0000000000000042,"L083,L122",2,1.0001584753575792,1.0001584753575792,0,,0,False,non_critical,
1,20260708,L126->L090,L126,L090,True,False,0.0,0.0,0.0,1.0000000000000042,"L090,L091,L126,L128",4,1.2842370159037917,1.2842370159037917,1,L091,2,True,non_critical,
1,20260708,L150->L043,L150,L043,True,False,0.0,0.0,0.0,1.0,"L043,L150,L182",3,5.299925005430279,5.299925005430279,1,L182,1,True,non_critical,
1,20260708,L057->L092,L057,L092,True,False,0.0,0.0,0.0,1.0000000000000024,"L057,L092",2,1.0035758932897072,1.0035758932897072,0,,0,False,non_critical,
1,20260708,L021->L065,L021,L065,True,False,0.0,0.0,0.0,1.000000000000044,"L018,L021,L065",3,1.0288710995934411,1.0288710995934411,0,,1,False,non_critical,
1,20260708,L176->L149,L176,L149,True,False,0.0,0.0,0.0,1.0000000000000004,"L046,L060,L115,L128,L134,L140,L149,L155,L176,L178,L179,L182",12,1.137646243757789,1.137646243757789,0,,10,False,non_critical,
1,20260708,L103->L033,L103,L033,True,False,0.0,0.0,0.0,1.0000000000000016,"L018,L033,L103,L182",4,28.50370338295908,28.50370338295908,2,"L018,L182",2,True,non_critical,
1,20260708,L052->L049,L052,L049,True,False,0.0,0.0,0.0,1.0000000000000004,"L049,L052",2,1.0110568823727086,1.0110568823727086,0,,0,False,non_critical,
1,20260708,L145->L068,L145,L068,True,False,0.0,0.0,0.0,1.000000000000022,"L060,L068,L145,L155",4,1.5110949675063063,1.5110949675063063,1,L060,2,True,non_critical,
1,20260708,L109->L059,L109,L059,True,False,0.0,0.0,0.0,1.0000000000000009,"L059,L109",2,1.009638144682754,1.009638144682754,0,,0,False,non_critical,
1,20260708,L143->L050,L143,L050,True,False,0.0,0.0,0.0,1.0000000000000002,"L018,L045,L046,L050,L060,L102,L115,L128,L134,L140,L143,L155,L158,L178,L182",15,14.631306027473336,14.631306027473336,13,"L018,L045,L046,L060,L102,L115,L128,L134,L140,L155,L158,L178,L182",13,True,non_critical,
1,20260708,L036->L177,L036,L177,True,False,0.0,0.0,0.0,1.0,"L018,L019,L020,L036,L044,L045,L060,L102,L109,L111,L115,L128,L134,L140,L155,L158,L177,L178,L182",19,16.182068799687894,16.182068799687894,7,"L060,L102,L128,L134,L140,L155,L158",17,True,non_critical,
1,20260708,L090->L077,L090,L077,True,False,0.0,0.0,0.0,1.000000000000022,"L077,L090",2,1.0000027324698777,1.0000027324698777,0,,0,False,non_critical,
1,20260708,L060->L005,L060,L005,True,False,0.0,0.0,0.0,1.0,"L005,L060",2,1.033768748415489,1.033768748415489,0,,0,False,non_critical,
1,20260708,L125->L058,L125,L058,True,False,0.0,0.0,0.0,1.0000000000000002,"L058,L125,L128",3,1.0298127474811298,1.0298127474811298,0,,1,False,non_critical,
1,20260708,L119->L015,L119,L015,True,False,0.0,0.0,0.0,1.0000000000000053,"L015,L119,L128",3,1.0087291562428682,1.0087291562428682,0,,1,False,non_critical,
1,20260708,L013->L092,L013,L092,True,False,0.0,0.0,0.0,1.0000000000000036,"L013,L092",2,1.0052337214300833,1.0052337214300833,0,,0,False,non_critical,
1,20260708,L164->L089,L164,L089,True,False,0.0,0.0,0.0,1.0000000000000007,"L089,L164",2,1.018621638134111,1.018621638134111,0,,0,False,non_critical,
