scenario_id,seed,path,first_line,second_line,converged,critical,total_load_shed_mw,island_load_shed_mw,redispatch_load_shed_mw,final_max_loading_ratio,final_outage_labels,num_final_outages,max_event_loading_ratio,max_pre_redispatch_loading_ratio,num_relay_trips,relay_trip_labels,num_passive_outages,has_overload_cascade,critical_mechanism,error
1,20260708,L076->L173,L076,L173,True,False,0.0,0.0,0.0,1.0000000000000047,"L076,L173",2,1.0000000000000675,1.0000000000000675,0,,0,False,non_critical,
1,20260708,L095->L056,L095,L056,True,False,0.0,0.0,0.0,1.0000000000000242,"L056,L095",2,1.1555426582111048,1.1555426582111048,0,,0,False,non_critical,
1,20260708,L011->L088,L011,L088,True,False,0.0,0.0,0.0,1.0000000000000675,"L011,L018,L088",3,1.089837908260149,1.089837908260149,0,,1,False,non_critical,
1,20260708,L121->L183,L121,L183,True,True,113.24991518101831,113.24991518101831,0.0,1.0000000000000004,"L018,L019,L030,L040,L044,L045,L046,L054,L056,L057,L060,L062,L063,L064,L065,L102,L104,L105,L106,L109,L110,L111,L113,L115,L121,L122,L128,L134,L140,L143,L148,L149,L150,L153,L154,L155,L156,L157,L158,L159,L160,L169,L178,L179,L182,L183",46,3.7828194156891177,3.7828194156891177,5,"L062,L063,L064,L105,L106",44,True,relay_cascade,
1,20260708,L010->L119,L010,L119,True,True,36.82232008588366,36.82232008588366,0.0,1.0000000000000004,"L010,L018,L019,L030,L040,L044,L045,L046,L054,L056,L060,L065,L102,L109,L110,L111,L113,L114,L115,L119,L120,L126,L127,L128,L134,L140,L143,L148,L149,L150,L153,L154,L155,L156,L157,L158,L159,L160,L169,L178,L179,L182,L186",43,57.106189364356744,57.106189364356744,40,"L019,L030,L040,L044,L045,L046,L054,L056,L060,L065,L102,L109,L110,L111,L113,L114,L115,L120,L126,L127,L128,L134,L140,L143,L148,L149,L150,L153,L154,L155,L156,L157,L158,L159,L160,L169,L178,L179,L182,L186",41,True,relay_cascade,
1,20260708,L047->L163,L047,L163,True,False,0.0,0.0,0.0,1.0000000000000029,"L018,L019,L030,L039,L044,L045,L046,L047,L054,L056,L057,L060,L102,L109,L110,L111,L112,L113,L115,L128,L134,L140,L143,L148,L149,L150,L153,L154,L155,L156,L157,L158,L159,L160,L163,L169,L178,L179,L182",39,1.0907310281165576,1.0907310281165576,0,,37,False,non_critical,
1,20260708,L155->L071,L155,L071,True,True,107.3892661154242,107.3892661154242,0.0,1.0000000000000215,"L018,L019,L030,L040,L044,L045,L046,L054,L060,L071,L074,L078,L082,L102,L109,L110,L111,L112,L113,L115,L128,L134,L140,L143,L148,L149,L150,L153,L154,L155,L156,L157,L158,L159,L160,L169,L178,L179,L182",39,16.860854895208917,16.860854895208917,37,"L018,L019,L030,L040,L044,L045,L046,L054,L060,L074,L078,L082,L102,L109,L110,L111,L112,L113,L115,L128,L134,L140,L143,L148,L149,L150,L153,L154,L156,L157,L158,L159,L160,L169,L178,L179,L182",37,True,relay_cascade,
1,20260708,L142->L157,L142,L157,True,False,0.0,0.0,0.0,1.0000000000000675,"L128,L142,L155,L157",4,2.023388534670155,2.023388534670155,1,L155,2,True,non_critical,
1,20260708,L018->L008,L018,L008,True,True,99.6819767056665,99.6819767056665,0.0,1.0,"L001,L008,L014,L015,L017,L018,L019,L020,L022,L024,L026,L030,L037,L044,L045,L046,L048,L056,L057,L060,L065,L077,L078,L082,L095,L102,L104,L109,L110,L111,L112,L113,L115,L128,L134,L140,L143,L148,L149,L150,L153,L154,L155,L156,L157,L158,L159,L160,L169,L178,L179,L182",52,60.569199830791646,60.569199830791646,50,"L001,L014,L015,L017,L019,L020,L022,L024,L026,L030,L037,L044,L045,L046,L048,L056,L057,L060,L065,L077,L078,L082,L095,L102,L104,L109,L110,L111,L112,L113,L115,L128,L134,L140,L143,L148,L149,L150,L153,L154,L155,L156,L157,L158,L159,L160,L169,L178,L179,L182",50,True,relay_cascade,
1,20260708,L001->L072,L001,L072,True,True,79.71011942383755,79.71011942383755,0.0,1.0000000000000144,"L001,L018,L019,L030,L040,L044,L045,L046,L054,L056,L060,L072,L074,L102,L109,L110,L111,L112,L113,L115,L128,L134,L140,L143,L148,L149,L150,L153,L154,L155,L156,L157,L158,L159,L160,L169,L178,L179,L182",39,57.2446149370369,57.2446149370369,37,"L018,L019,L030,L040,L044,L045,L046,L054,L056,L060,L074,L102,L109,L110,L111,L112,L113,L115,L128,L134,L140,L143,L148,L149,L150,L153,L154,L155,L156,L157,L158,L159,L160,L169,L178,L179,L182",37,True,relay_cascade,
1,20260708,L170->L019,L170,L019,True,False,0.0,0.0,0.0,1.000000000000023,"L019,L169,L170",3,1.0061753483251734,1.0061753483251734,0,,1,False,non_critical,
1,20260708,L021->L121,L021,L121,True,True,74.95325517572547,74.95325517572547,0.0,1.0000000000000007,"L018,L019,L021,L024,L025,L026,L039,L040,L044,L045,L046,L048,L054,L060,L065,L102,L104,L109,L110,L111,L112,L113,L115,L121,L122,L128,L129,L130,L131,L132,L134,L140,L143,L149,L150,L153,L154,L155,L156,L157,L158,L159,L160,L169,L178,L179,L182",47,1.456983641146134,1.456983641146134,1,L122,45,True,relay_cascade,
1,20260708,L041->L063,L041,L063,True,False,0.0,0.0,0.0,1.0000000000000024,"L018,L019,L025,L030,L035,L039,L040,L041,L043,L044,L045,L046,L054,L056,L057,L060,L063,L102,L104,L109,L110,L111,L112,L113,L114,L115,L128,L134,L140,L143,L150,L153,L154,L155,L156,L158,L159,L160,L169,L178,L179,L182",42,1.1612726558502424,1.1612726558502424,0,,40,False,non_critical,
1,20260708,L169->L089,L169,L089,True,False,0.0,0.0,0.0,1.0000000000000682,"L089,L169",2,1.1447758611309053,1.1447758611309053,0,,0,False,non_critical,
1,20260708,L116->L073,L116,L073,True,False,0.0,0.0,0.0,1.0000000000000004,"L018,L019,L030,L040,L044,L045,L046,L054,L056,L060,L065,L073,L102,L104,L109,L110,L111,L112,L113,L114,L115,L116,L120,L128,L134,L140,L143,L148,L149,L150,L153,L154,L155,L156,L157,L158,L159,L160,L169,L178,L179,L182,L186",43,1.0147544464112,1.0147544464112,0,,41,False,non_critical,
1,20260708,L138->L002,L138,L002,True,True,36.82232008588366,36.82232008588366,0.0,1.0,"L001,L002,L018,L019,L030,L040,L044,L045,L046,L054,L056,L060,L102,L104,L109,L110,L111,L112,L113,L115,L128,L134,L138,L140,L143,L148,L149,L150,L153,L154,L155,L156,L157,L158,L159,L160,L169,L178,L179,L182",40,58.56060283710015,58.56060283710015,37,"L001,L018,L019,L030,L040,L044,L045,L046,L054,L056,L060,L102,L104,L109,L110,L111,L112,L113,L115,L128,L134,L143,L148,L149,L150,L153,L154,L155,L156,L157,L158,L159,L160,L169,L178,L179,L182",38,True,relay_cascade,
1,20260708,L039->L165,L039,L165,True,False,0.0,0.0,0.0,1.000000000000023,"L039,L165,L178",3,1.113178059567671,1.113178059567671,0,,1,False,non_critical,
1,20260708,L020->L090,L020,L090,True,True,126.01555459277004,126.01555459277004,0.0,1.0000000000000002,"L018,L019,L020,L030,L039,L044,L045,L046,L054,L056,L057,L060,L065,L077,L078,L082,L089,L090,L091,L092,L095,L102,L104,L109,L110,L111,L112,L113,L115,L126,L127,L128,L129,L130,L131,L132,L134,L135,L140,L143,L148,L149,L150,L153,L154,L155,L156,L157,L158,L159,L160,L169,L178,L179,L182",55,62.05905019700264,62.05905019700264,52,"L019,L030,L039,L044,L045,L046,L054,L056,L057,L060,L065,L077,L078,L082,L089,L091,L092,L095,L102,L104,L109,L110,L111,L112,L113,L115,L126,L127,L128,L129,L130,L131,L132,L134,L135,L140,L143,L148,L149,L150,L153,L154,L155,L156,L157,L158,L159,L160,L169,L178,L179,L182",53,True,relay_cascade,
1,20260708,L097->L010,L097,L010,True,False,0.0,0.0,0.0,1.0000000000000004,"L010,L018,L019,L030,L040,L045,L046,L056,L057,L060,L065,L070,L073,L075,L076,L077,L078,L080,L081,L082,L091,L092,L097,L100,L101,L102,L104,L109,L110,L111,L112,L113,L114,L115,L128,L134,L140,L143,L149,L150,L153,L154,L155,L156,L157,L158,L159,L160,L169,L178,L179,L182,L186",53,1.081391058098217,1.081391058098217,0,,51,False,non_critical,
1,20260708,L136->L031,L136,L031,True,True,19.420841777385988,19.420841777385988,0.0,1.0,"L018,L019,L025,L030,L031,L039,L040,L042,L043,L044,L045,L046,L054,L056,L060,L102,L104,L109,L110,L111,L113,L115,L128,L133,L134,L135,L136,L140,L144,L145,L146,L148,L149,L150,L153,L154,L155,L156,L157,L158,L160,L169,L178,L179,L182",45,2.8780186667395746,2.8780186667395746,4,"L025,L039,L042,L043",43,True,relay_cascade,
1,20260708,L117->L182,L117,L182,True,False,0.0,0.0,0.0,1.000000000000007,"L018,L019,L030,L040,L044,L045,L046,L054,L056,L060,L102,L104,L109,L110,L111,L112,L113,L114,L115,L117,L128,L134,L140,L143,L148,L149,L150,L153,L154,L155,L156,L157,L158,L159,L160,L169,L178,L179,L182",39,1.0660993111135735,1.0660993111135735,0,,37,False,non_critical,
1,20260708,L168->L026,L168,L026,True,False,0.0,0.0,0.0,1.000000000000023,"L026,L168",2,1.1141035388142617,1.1141035388142617,0,,0,False,non_critical,
1,20260708,L008->L176,L008,L176,True,False,0.0,0.0,0.0,1.0,"L001,L008,L014,L015,L017,L018,L019,L020,L022,L026,L030,L037,L044,L045,L046,L048,L056,L057,L060,L077,L078,L082,L095,L102,L104,L109,L110,L111,L112,L113,L115,L128,L134,L140,L143,L148,L149,L150,L153,L154,L155,L156,L157,L158,L159,L160,L169,L176,L178,L179,L182",51,1.0104887246110543,1.0104887246110543,0,,49,False,non_critical,
1,20260708,L054->L071,L054,L071,True,True,70.56694602954055,70.56694602954055,0.0,1.0000000000000004,"L018,L019,L030,L040,L044,L045,L046,L054,L060,L065,L071,L074,L082,L102,L104,L109,L110,L111,L112,L113,L114,L115,L128,L134,L140,L143,L149,L150,L153,L154,L155,L156,L158,L159,L160,L169,L178,L179,L182,L186",40,2.8367132127266528,2.8367132127266528,2,"L074,L082",38,True,relay_cascade,
1,20260708,L129->L165,L129,L165,True,False,0.0,0.0,0.0,1.0000000000000042,"L018,L019,L030,L040,L044,L045,L046,L054,L056,L057,L060,L065,L102,L104,L109,L110,L111,L113,L115,L128,L129,L134,L140,L143,L146,L148,L149,L150,L153,L154,L155,L156,L157,L158,L160,L165,L169,L178,L179,L182",40,0.934620762373359,0.934620762373359,0,,38,False,non_critical,
1,20260708,L173->L167,L173,L167,True,False,0.0,0.0,0.0,1.000000000000023,"L167,L169,L173",3,2.6565577664077877,2.6565577664077877,1,L169,1,True,non_critical,
1,20260708,L103->L015,L103,L015,True,True,62.49242067839912,62.49242067839912,0.0,1.0,"L001,L012,L014,L015,L018,L019,L020,L022,L030,L040,L044,L045,L046,L054,L056,L057,L060,L102,L103,L104,L109,L110,L111,L112,L113,L115,L128,L134,L140,L143,L148,L149,L150,L153,L154,L155,L156,L157,L158,L159,L160,L169,L178,L179,L182",45,57.77210804803781,57.77210804803781,42,"L001,L012,L014,L018,L019,L020,L022,L030,L040,L044,L045,L046,L054,L056,L057,L060,L104,L109,L110,L111,L112,L113,L115,L128,L134,L140,L143,L148,L149,L150,L153,L154,L155,L156,L157,L158,L159,L160,L169,L178,L179,L182",43,True,relay_cascade,
1,20260708,L117->L145,L117,L145,True,False,0.0,0.0,0.0,1.000000000000007,"L018,L019,L030,L040,L044,L045,L046,L054,L056,L060,L102,L104,L109,L110,L111,L112,L113,L114,L115,L117,L128,L134,L140,L143,L145,L148,L149,L150,L153,L154,L155,L156,L157,L158,L159,L160,L169,L178,L179,L182",40,1.0660993111135735,1.0660993111135735,0,,38,False,non_critical,
1,20260708,L155->L148,L155,L148,True,False,0.0,0.0,0.0,1.0000000000000122,"L128,L148,L155",3,4.347915701312344,4.347915701312344,1,L128,1,True,non_critical,
1,20260708,L096->L022,L096,L022,True,True,25.67010059251546,25.67010059251546,0.0,1.0000000000000007,"L018,L019,L020,L022,L030,L044,L045,L046,L057,L058,L059,L060,L065,L096,L102,L104,L109,L110,L111,L112,L115,L128,L134,L140,L143,L148,L149,L150,L153,L154,L155,L156,L157,L158,L159,L160,L169,L178,L179,L182",40,1.7269890054182615,1.7269890054182615,1,L020,38,True,relay_cascade,
1,20260708,L090->L025,L090,L025,True,False,0.0,0.0,0.0,1.000000000000023,"L025,L090,L091,L092,L102",5,1.0183616306325975,1.0183616306325975,0,,3,False,non_critical,
1,20260708,L165->L152,L165,L152,True,True,67.88049169901348,67.88049169901348,0.0,1.0000000000000144,"L018,L019,L030,L040,L044,L045,L046,L054,L056,L060,L102,L109,L110,L111,L112,L113,L115,L128,L134,L140,L143,L148,L149,L150,L152,L153,L154,L155,L156,L157,L158,L159,L160,L165,L169,L178,L179,L182",38,16.379327978190616,16.379327978190616,36,"L018,L019,L030,L040,L044,L045,L046,L054,L056,L060,L102,L109,L110,L111,L112,L113,L115,L128,L134,L140,L143,L148,L149,L150,L153,L154,L155,L156,L157,L158,L159,L160,L169,L178,L179,L182",36,True,relay_cascade,
1,20260708,L009->L041,L009,L041,True,False,0.0,0.0,0.0,1.0000000000000009,"L009,L018,L019,L020,L022,L030,L041,L045,L046,L060,L065,L091,L102,L104,L106,L109,L110,L111,L113,L115,L128,L134,L140,L143,L149,L150,L153,L154,L155,L156,L158,L159,L160,L169,L178,L179,L182",37,1.0229516281946256,1.0229516281946256,0,,35,False,non_critical,
1,20260708,L090->L181,L090,L181,True,True,64.86680500875443,64.86680500875443,0.0,1.0000000000000049,"L018,L019,L030,L044,L045,L046,L054,L056,L057,L060,L065,L090,L091,L092,L102,L109,L110,L111,L112,L113,L115,L128,L134,L140,L143,L148,L149,L150,L153,L154,L155,L156,L157,L158,L159,L160,L169,L178,L179,L180,L181,L182",42,57.73998235498642,57.73998235498642,37,"L018,L019,L030,L044,L045,L046,L054,L056,L057,L060,L065,L109,L110,L111,L112,L113,L115,L128,L134,L140,L143,L148,L149,L150,L153,L154,L155,L156,L157,L158,L159,L160,L169,L178,L179,L180,L182",40,True,relay_cascade,
1,20260708,L158->L021,L158,L021,True,True,59.32777684747769,59.32777684747769,0.0,1.0000000000000013,"L018,L019,L021,L024,L025,L026,L030,L039,L044,L045,L046,L048,L054,L057,L060,L065,L102,L104,L109,L110,L111,L112,L113,L114,L115,L128,L134,L140,L143,L148,L149,L150,L153,L154,L155,L156,L157,L158,L159,L160,L169,L178,L179,L182,L186",45,40.05701634846848,40.05701634846848,41,"L018,L019,L024,L025,L026,L030,L039,L044,L045,L046,L048,L054,L057,L060,L065,L102,L104,L109,L110,L111,L112,L113,L114,L115,L134,L140,L143,L148,L149,L150,L153,L154,L156,L157,L159,L160,L169,L178,L179,L182,L186",43,True,relay_cascade,
1,20260708,L108->L086,L108,L086,True,False,0.0,0.0,0.0,1.000000000000009,"L018,L019,L030,L040,L044,L045,L046,L054,L056,L060,L065,L086,L102,L104,L108,L109,L110,L111,L113,L114,L115,L117,L128,L134,L140,L143,L148,L149,L150,L153,L154,L155,L156,L157,L158,L159,L160,L169,L178,L179,L182,L186",42,0.934620762373359,0.934620762373359,0,,40,False,non_critical,
1,20260708,L123->L029,L123,L029,True,True,42.3080770354206,42.3080770354206,0.0,1.0000000000000049,"L018,L019,L025,L026,L029,L030,L039,L044,L045,L046,L054,L056,L060,L102,L109,L110,L111,L112,L113,L114,L115,L123,L128,L134,L140,L143,L153,L154,L155,L156,L158,L159,L160,L169,L178,L179,L182",37,9.017920258126594,9.017920258126594,32,"L018,L019,L025,L026,L030,L039,L044,L045,L046,L054,L056,L060,L102,L109,L110,L111,L112,L113,L114,L134,L140,L143,L153,L154,L156,L158,L159,L160,L169,L178,L179,L182",35,True,relay_cascade,
1,20260708,L147->L183,L147,L183,True,True,118.18154648318199,118.18154648318199,0.0,1.000000000000009,"L018,L019,L030,L040,L044,L045,L046,L054,L056,L060,L065,L102,L104,L109,L110,L111,L112,L113,L115,L128,L134,L140,L143,L147,L148,L149,L150,L153,L154,L155,L156,L157,L158,L160,L169,L178,L179,L182,L183",39,2.02650591706347,2.02650591706347,3,"L065,L148,L149",37,True,relay_cascade,
1,20260708,L002->L120,L002,L120,True,False,0.0,0.0,0.0,1.0000000000000184,"L001,L002,L018,L019,L030,L040,L044,L045,L046,L054,L056,L060,L102,L104,L109,L110,L111,L112,L113,L115,L120,L128,L134,L140,L143,L148,L149,L150,L153,L154,L155,L156,L157,L158,L159,L160,L169,L178,L179,L182",40,0.934620762373359,0.934620762373359,0,,38,False,non_critical,
1,20260708,L004->L084,L004,L084,True,False,0.0,0.0,0.0,1.0000000000000087,"L001,L004,L014,L018,L030,L039,L044,L045,L046,L054,L056,L057,L060,L065,L084,L102,L104,L109,L110,L111,L112,L113,L115,L128,L134,L140,L143,L148,L149,L150,L153,L154,L155,L156,L157,L158,L159,L160,L169,L178,L179,L182",42,1.150737149026372,1.150737149026372,0,,40,False,non_critical,
1,20260708,L017->L171,L017,L171,True,False,0.0,0.0,0.0,1.0000000000000029,"L017,L018,L019,L030,L039,L044,L045,L046,L054,L056,L060,L102,L104,L109,L110,L111,L112,L113,L115,L128,L134,L140,L143,L148,L149,L150,L153,L154,L155,L156,L157,L158,L159,L160,L169,L171,L178,L179,L182",39,1.0776692959932188,1.0776692959932188,0,,37,False,non_critical,
1,20260708,L045->L171,L045,L171,True,False,0.0,0.0,0.0,1.000000000000023,"L045,L171",2,1.0588812928391198,1.0588812928391198,0,,0,False,non_critical,
1,20260708,L056->L095,L056,L095,True,True,36.82232008588366,36.82232008588366,0.0,1.0000000000000004,"L018,L019,L030,L040,L044,L045,L046,L054,L056,L057,L060,L065,L077,L078,L082,L095,L102,L104,L109,L110,L111,L112,L113,L115,L128,L134,L140,L143,L148,L149,L150,L153,L154,L155,L156,L157,L158,L159,L160,L169,L178,L179,L182",43,58.263219287763945,58.263219287763945,41,"L018,L019,L030,L040,L044,L045,L046,L054,L057,L060,L065,L077,L078,L082,L102,L104,L109,L110,L111,L112,L113,L115,L128,L134,L140,L143,L148,L149,L150,L153,L154,L155,L156,L157,L158,L159,L160,L169,L178,L179,L182",41,True,relay_cascade,
1,20260708,L023->L168,L023,L168,True,False,0.0,0.0,0.0,1.0000000000000002,"L018,L019,L023,L024,L026,L030,L040,L044,L045,L046,L054,L056,L060,L102,L104,L109,L110,L111,L112,L113,L115,L128,L134,L140,L143,L148,L149,L150,L153,L154,L155,L156,L157,L158,L159,L160,L168,L169,L178,L179,L182",41,0.934620762373359,0.934620762373359,0,,39,False,non_critical,
1,20260708,L150->L040,L150,L040,True,False,0.0,0.0,0.0,1.000000000000023,"L040,L150,L155,L156,L182",5,3.2458789890561057,3.2458789890561057,1,L182,3,True,non_critical,
1,20260708,L122->L180,L122,L180,True,True,44.094508903887366,44.094508903887366,0.0,1.0,"L018,L019,L030,L044,L045,L046,L054,L056,L060,L102,L104,L109,L110,L111,L112,L113,L115,L122,L128,L134,L140,L143,L148,L149,L150,L153,L154,L155,L156,L157,L158,L159,L160,L169,L178,L179,L180,L182",38,56.967772408187145,56.967772408187145,35,"L018,L019,L030,L044,L045,L046,L054,L056,L060,L102,L104,L109,L110,L111,L112,L113,L115,L134,L140,L143,L148,L149,L150,L153,L154,L155,L156,L157,L158,L159,L160,L169,L178,L179,L182",36,True,relay_cascade,
1,20260708,L137->L109,L137,L109,True,False,0.0,0.0,0.0,1.0000000000000042,"L018,L019,L030,L040,L044,L045,L046,L054,L056,L057,L060,L065,L102,L104,L109,L110,L111,L113,L115,L128,L133,L134,L136,L137,L140,L149,L150,L153,L155,L156,L158,L159,L169,L178,L179,L182",36,0.9988732055880061,0.9988732055880061,0,,34,False,non_critical,
1,20260708,L035->L078,L035,L078,True,False,0.0,0.0,0.0,1.0000000000000007,"L018,L019,L030,L035,L040,L044,L045,L046,L054,L056,L060,L078,L102,L104,L109,L110,L111,L112,L113,L115,L128,L134,L140,L143,L148,L149,L150,L153,L154,L155,L156,L157,L158,L159,L160,L169,L178,L179,L182",39,0.9346207623733592,0.9346207623733592,0,,37,False,non_critical,
1,20260708,L059->L127,L059,L127,True,False,0.0,0.0,0.0,1.0000000000000029,"L018,L019,L030,L039,L044,L045,L046,L054,L056,L059,L060,L102,L109,L110,L111,L112,L113,L115,L127,L128,L134,L140,L143,L148,L149,L150,L153,L154,L155,L156,L157,L158,L159,L160,L169,L178,L179,L182",38,1.0907310281165576,1.0907310281165576,0,,36,False,non_critical,
1,20260708,L136->L057,L136,L057,True,False,0.0,0.0,0.0,1.0000000000000735,"L018,L019,L030,L040,L044,L045,L046,L054,L056,L057,L060,L102,L104,L109,L110,L111,L113,L115,L128,L133,L134,L135,L136,L140,L144,L145,L146,L148,L149,L150,L153,L154,L155,L156,L157,L158,L160,L169,L178,L179,L182",41,0.934620762373359,0.934620762373359,0,,39,False,non_critical,
1,20260708,L100->L064,L100,L064,True,False,0.0,0.0,0.0,1.0000000000000064,"L060,L064,L065,L100,L102",5,1.6601386032321888,1.6601386032321888,2,"L060,L065",3,True,non_critical,
1,20260708,L155->L173,L155,L173,True,False,0.0,0.0,0.0,1.000000000000023,"L155,L173",2,1.0000000000000675,1.0000000000000675,0,,0,False,non_critical,
1,20260708,L150->L036,L150,L036,True,True,40.88491211708872,40.88491211708872,0.0,1.0000000000000004,"L001,L012,L014,L015,L018,L019,L020,L025,L026,L027,L030,L032,L036,L039,L040,L044,L045,L046,L048,L054,L056,L060,L102,L104,L109,L110,L111,L112,L113,L115,L128,L134,L140,L143,L149,L150,L153,L154,L155,L156,L158,L159,L160,L169,L178,L179,L182",47,15.977310926508766,15.977310926508766,43,"L001,L012,L014,L015,L018,L019,L020,L025,L026,L027,L030,L032,L039,L040,L044,L045,L046,L048,L054,L056,L060,L102,L104,L109,L110,L111,L112,L113,L115,L128,L134,L140,L143,L149,L153,L154,L158,L159,L160,L169,L178,L179,L182",45,True,relay_cascade,
1,20260708,L153->L157,L153,L157,True,False,0.0,0.0,0.0,1.0000000000000122,"L128,L153,L155,L156,L157,L158",6,1.3152410594543995,1.3152410594543995,1,L158,4,True,non_critical,
1,20260708,L044->L128,L044,L128,True,False,0.0,0.0,0.0,1.0000000000000122,"L044,L128",2,1.003639556351382,1.003639556351382,0,,0,False,non_critical,
1,20260708,L080->L121,L080,L121,True,True,74.95325517572547,74.95325517572547,0.0,1.0000000000000064,"L018,L019,L030,L040,L044,L045,L046,L054,L056,L060,L065,L080,L102,L104,L109,L110,L111,L113,L115,L121,L122,L128,L134,L140,L143,L148,L149,L153,L154,L155,L156,L157,L158,L159,L160,L169,L178,L179,L182",39,14.664807544532803,14.664807544532803,37,"L018,L019,L030,L040,L044,L045,L046,L054,L056,L060,L065,L102,L104,L109,L110,L111,L113,L115,L122,L128,L134,L140,L143,L148,L149,L153,L154,L155,L156,L157,L158,L159,L160,L169,L178,L179,L182",37,True,relay_cascade,
1,20260708,L084->L178,L084,L178,True,True,36.82232008588366,36.82232008588366,0.0,1.0000000000000129,"L018,L019,L030,L040,L044,L045,L046,L054,L056,L060,L084,L102,L104,L109,L110,L111,L113,L115,L128,L134,L140,L143,L148,L149,L150,L153,L154,L155,L156,L157,L158,L159,L160,L169,L178,L179,L182",37,59.691495549388,59.691495549388,35,"L018,L019,L030,L040,L044,L045,L046,L054,L056,L060,L102,L104,L109,L110,L111,L113,L115,L128,L134,L140,L143,L148,L149,L150,L153,L154,L155,L156,L157,L158,L159,L160,L169,L179,L182",35,True,relay_cascade,
1,20260708,L109->L027,L109,L027,True,False,0.0,0.0,0.0,1.000000000000023,"L018,L027,L045,L109,L115",5,2.0776195456618427,2.0776195456618427,3,"L018,L045,L115",3,True,non_critical,
1,20260708,L100->L030,L100,L030,True,True,36.82232008588366,36.82232008588366,0.0,1.0000000000000075,"L018,L019,L030,L040,L044,L045,L046,L054,L056,L057,L060,L065,L078,L082,L095,L100,L101,L102,L104,L109,L110,L111,L112,L113,L114,L115,L128,L134,L140,L143,L148,L149,L150,L153,L154,L155,L156,L157,L158,L159,L160,L169,L178,L179,L182",45,57.809394726966275,57.809394726966275,42,"L018,L019,L040,L044,L045,L046,L054,L056,L057,L060,L065,L078,L082,L095,L101,L104,L109,L110,L111,L112,L113,L114,L115,L128,L134,L140,L143,L148,L149,L150,L153,L154,L155,L156,L157,L158,L159,L160,L169,L178,L179,L182",43,True,relay_cascade,
1,20260708,L009->L156,L009,L156,True,False,0.0,0.0,0.0,1.000000000000001,"L009,L018,L019,L020,L022,L030,L045,L046,L060,L065,L091,L102,L104,L106,L109,L110,L111,L113,L115,L128,L134,L140,L143,L149,L150,L153,L154,L155,L156,L158,L159,L160,L169,L178,L179,L182",36,1.0101197273388998,1.0101197273388998,0,,34,False,non_critical,
1,20260708,L036->L151,L036,L151,True,True,16.350555809154557,16.350555809154557,0.0,1.0000000000000369,"L017,L018,L019,L020,L025,L030,L036,L039,L044,L045,L046,L048,L054,L056,L057,L060,L102,L109,L110,L111,L113,L115,L128,L134,L140,L143,L148,L149,L150,L151,L153,L154,L155,L156,L157,L158,L159,L160,L169,L178,L179,L182",42,0.9346207623733583,0.9346207623733583,0,,40,False,island_only,
1,20260708,L149->L066,L149,L066,True,False,0.0,0.0,0.0,1.0000000000000115,"L045,L060,L065,L066,L077,L078,L102,L104,L109,L111,L115,L128,L149,L155,L156",15,2.4599350011700256,2.4599350011700256,10,"L045,L060,L065,L077,L078,L102,L104,L109,L111,L115",13,True,non_critical,
1,20260708,L134->L105,L134,L105,True,False,0.0,0.0,0.0,1.0000000000000029,"L018,L019,L030,L039,L044,L045,L046,L054,L056,L060,L065,L102,L104,L105,L109,L110,L111,L112,L113,L115,L128,L134,L140,L143,L148,L149,L150,L153,L154,L155,L156,L157,L158,L159,L160,L169,L178,L179,L182",39,2.4653801394239934,2.4653801394239934,1,L065,37,True,non_critical,
1,20260708,L095->L042,L095,L042,True,True,77.86801376183662,77.86801376183662,0.0,1.0000000000000075,"L018,L019,L030,L034,L035,L039,L040,L042,L044,L045,L046,L054,L056,L060,L095,L102,L109,L110,L111,L112,L113,L114,L115,L128,L134,L140,L143,L148,L149,L150,L153,L154,L155,L156,L157,L158,L159,L160,L169,L178,L179,L182",42,57.298951270132584,57.298951270132584,40,"L018,L019,L030,L034,L035,L039,L040,L044,L045,L046,L054,L056,L060,L102,L109,L110,L111,L112,L113,L114,L115,L128,L134,L140,L143,L148,L149,L150,L153,L154,L155,L156,L157,L158,L159,L160,L169,L178,L179,L182",40,True,relay_cascade,
1,20260708,L049->L095,L049,L095,True,False,0.0,0.0,0.0,1.0000000000000049,"L018,L019,L030,L040,L044,L045,L046,L049,L054,L056,L060,L095,L102,L104,L109,L110,L111,L112,L113,L115,L128,L134,L140,L143,L148,L149,L150,L153,L154,L155,L156,L157,L158,L159,L160,L169,L178,L179,L182",39,0.934620762373359,0.934620762373359,0,,37,False,non_critical,
1,20260708,L152->L020,L152,L020,True,False,0.0,0.0,0.0,1.0000000000000144,"L018,L019,L020,L030,L040,L044,L045,L046,L054,L056,L060,L102,L109,L110,L111,L112,L113,L115,L128,L134,L140,L143,L148,L149,L150,L152,L153,L154,L155,L156,L157,L158,L159,L160,L169,L178,L179,L182",38,0.934620762373359,0.934620762373359,0,,36,False,non_critical,
1,20260708,L122->L034,L122,L034,True,True,77.86801376183662,77.86801376183662,0.0,1.0000000000000002,"L018,L019,L030,L034,L039,L040,L044,L045,L046,L054,L056,L060,L102,L104,L109,L110,L111,L112,L113,L115,L122,L128,L134,L140,L143,L148,L149,L150,L153,L154,L155,L156,L157,L158,L159,L160,L169,L178,L179,L182",40,56.32493627471938,56.32493627471938,37,"L018,L019,L030,L039,L040,L044,L045,L046,L054,L056,L060,L102,L104,L109,L110,L111,L112,L113,L115,L134,L140,L143,L148,L149,L150,L153,L154,L155,L156,L157,L158,L159,L160,L169,L178,L179,L182",38,True,relay_cascade,
1,20260708,L140->L125,L140,L125,True,True,13.29825758454568,0.0,13.29825758454568,1.0000000000000104,"L115,L125,L128,L140",4,3.247438567904659,3.247438567904659,2,"L115,L128",2,True,relay_cascade,
1,20260708,L129->L038,L129,L038,True,False,0.0,0.0,0.0,1.0000000000000042,"L018,L019,L025,L030,L038,L039,L040,L042,L044,L045,L046,L054,L056,L057,L060,L065,L102,L104,L109,L110,L111,L113,L115,L128,L129,L134,L140,L143,L146,L148,L149,L150,L153,L154,L155,L156,L157,L158,L160,L169,L178,L179,L182",43,2.383602522962614,2.383602522962614,3,"L025,L039,L042",41,True,non_critical,
1,20260708,L057->L061,L057,L061,True,True,70.703891942181,70.703891942181,0.0,1.0000000000000004,"L018,L019,L030,L040,L044,L045,L046,L054,L056,L057,L060,L061,L065,L102,L109,L110,L111,L112,L113,L115,L128,L134,L140,L143,L148,L149,L150,L153,L154,L155,L156,L157,L158,L159,L160,L169,L178,L179,L182",39,57.515338570598736,57.515338570598736,37,"L018,L019,L030,L040,L044,L045,L046,L054,L056,L060,L065,L102,L109,L110,L111,L112,L113,L115,L128,L134,L140,L143,L148,L149,L150,L153,L154,L155,L156,L157,L158,L159,L160,L169,L178,L179,L182",37,True,relay_cascade,
1,20260708,L018->L035,L018,L035,True,True,60.73919829355475,60.73919829355475,0.0,1.0000000000000007,"L018,L019,L030,L035,L040,L044,L045,L046,L054,L056,L060,L102,L104,L109,L110,L111,L112,L113,L115,L128,L134,L140,L143,L148,L149,L150,L153,L154,L155,L156,L157,L158,L159,L160,L169,L178,L179,L182",38,57.79478321182236,57.79478321182236,36,"L019,L030,L040,L044,L045,L046,L054,L056,L060,L102,L104,L109,L110,L111,L112,L113,L115,L128,L134,L140,L143,L148,L149,L150,L153,L154,L155,L156,L157,L158,L159,L160,L169,L178,L179,L182",36,True,relay_cascade,
1,20260708,L157->L101,L157,L101,True,False,0.0,0.0,0.0,1.000000000000023,"L101,L102,L128,L155,L157",5,1.5270225313157209,1.5270225313157209,1,L102,3,True,non_critical,
1,20260708,L051->L073,L051,L073,True,True,20.700654903341228,20.700654903341228,0.0,1.0000000000000007,"L018,L019,L024,L026,L030,L040,L044,L045,L046,L048,L051,L057,L058,L059,L060,L065,L073,L074,L077,L078,L082,L091,L093,L094,L095,L102,L104,L109,L110,L111,L112,L113,L115,L128,L134,L140,L143,L148,L149,L150,L153,L154,L155,L156,L157,L158,L159,L160,L169,L178,L179,L182",52,1.1915116286083183,1.1915116286083183,0,,50,False,island_only,
1,20260708,L153->L053,L153,L053,True,True,41.41439735511439,39.96149009303274,1.452907262081654,1.0000000000000087,"L018,L019,L030,L040,L044,L045,L046,L053,L054,L055,L057,L058,L060,L102,L104,L109,L110,L111,L112,L113,L114,L115,L126,L127,L128,L134,L140,L143,L148,L149,L150,L153,L154,L155,L156,L157,L158,L160,L169,L178,L179,L182",42,8.159165837939138,8.159165837939138,37,"L018,L019,L030,L040,L044,L045,L046,L054,L055,L057,L058,L060,L102,L104,L109,L110,L111,L112,L113,L114,L115,L126,L127,L134,L140,L143,L148,L149,L150,L154,L157,L158,L160,L169,L178,L179,L182",40,True,relay_cascade,
1,20260708,L067->L084,L067,L084,True,False,0.0,0.0,0.0,1.000000000000023,"L067,L084,L102",3,1.0244246709024025,1.0244246709024025,0,,1,False,non_critical,
1,20260708,L037->L093,L037,L093,True,True,64.23175195900302,64.23175195900302,0.0,1.0000000000000002,"L018,L019,L020,L030,L037,L040,L044,L045,L046,L052,L053,L055,L056,L057,L058,L060,L065,L082,L091,L093,L095,L102,L104,L109,L110,L111,L113,L115,L128,L129,L130,L131,L134,L140,L143,L149,L150,L153,L154,L155,L156,L157,L158,L159,L160,L169,L178,L179,L182",49,5.824427559151498,5.824427559151498,12,"L040,L052,L053,L055,L056,L057,L058,L065,L082,L091,L095,L104",47,True,relay_cascade,
1,20260708,L163->L178,L163,L178,True,False,0.0,0.0,0.0,1.0000000000000184,"L018,L019,L030,L039,L044,L045,L046,L054,L056,L060,L065,L102,L104,L109,L110,L111,L112,L113,L115,L128,L134,L140,L143,L148,L149,L150,L153,L154,L155,L156,L157,L158,L160,L163,L164,L167,L169,L170,L172,L175,L178,L179,L182",43,1.0907310281165576,1.0907310281165576,0,,41,False,non_critical,
1,20260708,L162->L094,L162,L094,True,True,24.581204235401152,24.581204235401152,0.0,1.0000000000000009,"L018,L019,L030,L040,L044,L045,L046,L056,L057,L060,L063,L065,L077,L078,L080,L081,L082,L083,L084,L088,L089,L091,L092,L094,L101,L102,L104,L106,L109,L110,L111,L112,L113,L115,L126,L127,L128,L134,L140,L143,L150,L153,L154,L155,L156,L158,L159,L162,L169,L178,L179,L182,L186",53,16.053131370307657,16.053131370307657,49,"L018,L019,L030,L040,L044,L045,L046,L056,L057,L060,L063,L065,L077,L078,L080,L081,L082,L083,L084,L088,L089,L091,L092,L101,L102,L104,L106,L109,L110,L111,L112,L113,L115,L126,L127,L134,L140,L143,L150,L153,L154,L156,L158,L159,L169,L178,L179,L182,L186",51,True,relay_cascade,
1,20260708,L010->L148,L010,L148,True,False,0.0,0.0,0.0,1.0000000000000122,"L010,L018,L128,L148,L155",5,5.715015386912037,5.715015386912037,2,"L128,L155",3,True,non_critical,
1,20260708,L023->L014,L023,L014,True,False,0.0,0.0,0.0,1.0000000000000002,"L014,L018,L019,L023,L024,L026,L030,L040,L044,L045,L046,L054,L056,L060,L102,L104,L109,L110,L111,L112,L113,L115,L128,L134,L140,L143,L148,L149,L150,L153,L154,L155,L156,L157,L158,L159,L160,L169,L178,L179,L182",41,0.934620762373359,0.934620762373359,0,,39,False,non_critical,
1,20260708,L014->L039,L014,L039,True,False,0.0,0.0,0.0,1.000000000000002,"L014,L039",2,1.087592552570445,1.087592552570445,0,,0,False,non_critical,
1,20260708,L031->L107,L031,L107,True,True,113.24991518101831,113.24991518101831,0.0,1.0000000000000369,"L018,L019,L025,L030,L031,L035,L039,L040,L043,L044,L045,L046,L054,L056,L060,L062,L063,L064,L065,L102,L104,L105,L106,L107,L109,L110,L111,L112,L113,L114,L115,L119,L120,L126,L127,L128,L134,L140,L143,L149,L150,L153,L154,L155,L156,L157,L158,L159,L160,L169,L178,L179,L182,L186",54,3.722376288478631,3.722376288478631,15,"L062,L063,L064,L065,L104,L105,L106,L114,L119,L120,L126,L127,L149,L157,L186",52,True,relay_cascade,
1,20260708,L107->L115,L107,L115,True,False,0.0,0.0,0.0,1.000000000000001,"L018,L019,L030,L044,L045,L046,L056,L057,L060,L065,L095,L102,L104,L107,L109,L110,L111,L112,L113,L114,L115,L126,L127,L128,L134,L140,L143,L149,L150,L153,L154,L155,L156,L157,L158,L159,L160,L169,L178,L179,L182,L186",42,1.0583786227693706,1.0583786227693706,0,,40,False,non_critical,
1,20260708,L158->L052,L158,L052,True,True,67.42607946382071,67.42607946382071,0.0,1.0,"L018,L019,L030,L044,L045,L046,L052,L053,L057,L058,L060,L065,L077,L078,L082,L095,L102,L104,L109,L110,L111,L112,L113,L114,L115,L128,L134,L140,L143,L148,L149,L150,L153,L154,L155,L156,L157,L158,L159,L160,L169,L178,L179,L182",44,8.007489641677168,8.007489641677168,40,"L018,L019,L030,L044,L045,L046,L053,L057,L058,L060,L065,L077,L078,L082,L095,L102,L104,L109,L110,L111,L112,L113,L114,L115,L134,L140,L143,L148,L149,L150,L153,L154,L156,L157,L159,L160,L169,L178,L179,L182",42,True,relay_cascade,
1,20260708,L024->L162,L024,L162,True,True,20.98550075696534,20.98550075696534,0.0,1.0000000000000002,"L018,L019,L024,L025,L026,L030,L040,L044,L045,L046,L054,L056,L060,L102,L104,L109,L110,L111,L112,L113,L115,L128,L134,L140,L143,L148,L149,L150,L153,L154,L155,L156,L157,L158,L159,L160,L162,L169,L178,L179,L182",41,0.934620762373359,0.934620762373359,0,,39,False,island_only,
1,20260708,L134->L100,L134,L100,True,False,0.0,0.0,0.0,1.0000000000000184,"L018,L019,L030,L039,L044,L045,L046,L054,L056,L060,L100,L102,L104,L109,L110,L111,L112,L113,L115,L128,L134,L140,L143,L148,L149,L150,L153,L154,L155,L156,L157,L158,L159,L160,L169,L178,L179,L182",38,1.0907310281165576,1.0907310281165576,0,,36,False,non_critical,
1,20260708,L086->L129,L086,L129,True,True,58.608730684473244,58.608730684473244,0.0,1.0000000000000184,"L018,L019,L030,L040,L044,L045,L046,L054,L056,L060,L086,L102,L104,L109,L110,L111,L113,L114,L115,L128,L129,L134,L140,L143,L149,L150,L153,L154,L155,L156,L158,L159,L160,L169,L178,L179,L182",37,20.226782684296516,20.226782684296516,35,"L018,L019,L030,L040,L044,L045,L046,L054,L056,L060,L102,L104,L109,L110,L111,L113,L114,L115,L128,L134,L140,L143,L149,L150,L153,L154,L155,L156,L158,L159,L160,L169,L178,L179,L182",35,True,relay_cascade,
1,20260708,L048->L131,L048,L131,True,True,77.36714366189312,77.36714366189312,0.0,1.0000000000000369,"L018,L019,L030,L039,L044,L045,L046,L048,L054,L056,L057,L060,L102,L109,L110,L111,L112,L113,L115,L128,L130,L131,L134,L140,L143,L148,L149,L150,L153,L154,L155,L156,L157,L158,L159,L160,L169,L178,L179,L182",40,1.5015163255197985,1.5015163255197985,1,L130,38,True,relay_cascade,
1,20260708,L093->L085,L093,L085,True,False,0.0,0.0,0.0,1.000000000000001,"L018,L019,L030,L040,L044,L045,L046,L048,L053,L055,L056,L057,L060,L065,L073,L075,L076,L077,L078,L080,L082,L084,L085,L091,L092,L093,L095,L100,L101,L102,L104,L109,L111,L112,L113,L115,L128,L134,L140,L143,L148,L149,L150,L153,L154,L155,L156,L157,L158,L159,L160,L169,L178,L179,L182",55,0.9346207623733596,0.9346207623733596,0,,53,False,non_critical,
1,20260708,L009->L177,L009,L177,True,False,0.0,0.0,0.0,1.000000000000001,"L009,L018,L019,L020,L022,L030,L045,L046,L060,L065,L091,L102,L104,L106,L109,L110,L111,L113,L115,L128,L134,L140,L143,L149,L150,L153,L154,L155,L156,L158,L159,L160,L169,L177,L178,L179,L182",37,1.0101197273388998,1.0101197273388998,0,,35,False,non_critical,
1,20260708,L118->L132,L118,L132,True,True,10.677320953234481,0.0,10.677320953234481,1.0000000000000049,"L018,L019,L030,L040,L044,L045,L046,L054,L056,L057,L060,L065,L102,L104,L109,L110,L111,L113,L115,L118,L128,L132,L134,L140,L143,L148,L149,L150,L153,L154,L155,L156,L157,L158,L159,L160,L169,L178,L179,L182,L185,L186",42,1.13598925962873,1.13598925962873,0,,40,False,island_only,
1,20260708,L096->L009,L096,L009,True,False,0.0,0.0,0.0,1.0000000000000007,"L009,L018,L019,L030,L039,L040,L044,L045,L046,L057,L058,L059,L060,L065,L096,L102,L104,L109,L110,L111,L112,L115,L128,L134,L140,L143,L148,L149,L150,L153,L154,L155,L156,L157,L158,L159,L160,L169,L178,L179,L182",41,1.4607547292854712,1.4607547292854712,2,"L039,L040",39,True,non_critical,
1,20260708,L130->L149,L130,L149,True,False,0.0,0.0,0.0,1.0000000000000102,"L128,L130,L140,L149,L155",5,1.5081341410960636,1.5081341410960636,1,L140,3,True,non_critical,
1,20260708,L110->L012,L110,L012,True,False,0.0,0.0,0.0,1.0000000000000735,"L012,L018,L019,L030,L040,L044,L045,L046,L054,L056,L057,L060,L102,L104,L109,L110,L111,L115,L128,L134,L140,L143,L148,L149,L150,L153,L154,L155,L156,L157,L158,L159,L160,L169,L178,L179,L182",37,0.9346207623733596,0.9346207623733596,0,,35,False,non_critical,
1,20260708,L169->L151,L169,L151,True,False,0.0,0.0,0.0,1.0000000000000009,"L128,L151,L155,L169",4,13.939605437843428,13.939605437843428,2,"L128,L155",2,True,non_critical,
1,20260708,L004->L002,L004,L002,True,True,38.8500870832418,38.8500870832418,0.0,1.0000000000000042,"L001,L002,L004,L014,L018,L030,L039,L044,L045,L046,L054,L056,L057,L060,L065,L102,L104,L109,L110,L111,L112,L113,L115,L128,L134,L140,L143,L148,L149,L150,L153,L154,L155,L156,L157,L158,L159,L160,L169,L178,L179,L182",42,1.150737149026372,1.150737149026372,0,,40,False,island_only,
1,20260708,L063->L114,L063,L114,True,False,0.0,0.0,0.0,1.0000000000000067,"L060,L063,L065,L114",4,1.0293063478386333,1.0293063478386333,0,,2,False,non_critical,
1,20260708,L020->L076,L020,L076,True,False,0.0,0.0,0.0,1.000000000000023,"L018,L020,L076",3,1.1653534292172374,1.1653534292172374,0,,1,False,non_critical,
1,20260708,L176->L058,L176,L058,True,True,36.767162588215044,36.767162588215044,0.0,1.0000000000000229,"L018,L019,L030,L039,L044,L045,L046,L054,L056,L058,L060,L065,L102,L104,L109,L110,L111,L112,L113,L115,L128,L134,L140,L143,L148,L149,L150,L153,L154,L155,L156,L157,L158,L160,L169,L176,L178,L179,L182",39,1.0907310281165576,1.0907310281165576,0,,37,False,island_only,
1,20260708,L171->L162,L171,L162,True,False,0.0,0.0,0.0,1.000000000000023,"L128,L155,L162,L171",4,15.876792599961453,15.876792599961453,2,"L128,L155",2,True,non_critical,
1,20260708,L052->L006,L052,L006,True,True,62.49242067839912,62.49242067839912,0.0,1.0000000000000022,"L001,L006,L012,L014,L018,L019,L020,L022,L030,L040,L044,L045,L046,L052,L053,L054,L056,L057,L060,L065,L102,L104,L109,L110,L111,L112,L113,L115,L128,L134,L140,L143,L148,L149,L150,L153,L154,L155,L156,L157,L158,L159,L160,L169,L178,L179,L182",47,57.74973340978201,57.74973340978201,45,"L001,L012,L014,L018,L019,L020,L022,L030,L040,L044,L045,L046,L053,L054,L056,L057,L060,L065,L102,L104,L109,L110,L111,L112,L113,L115,L128,L134,L140,L143,L148,L149,L150,L153,L154,L155,L156,L157,L158,L159,L160,L169,L178,L179,L182",45,True,relay_cascade,
1,20260708,L154->L143,L154,L143,True,False,0.0,0.0,0.0,1.0000000000000102,"L128,L143,L154,L155",4,1.015446615342208,1.015446615342208,0,,2,False,non_critical,
1,20260708,L076->L085,L076,L085,True,False,0.0,0.0,0.0,1.0000000000000275,"L076,L085",2,1.117391402770695,1.117391402770695,0,,0,False,non_critical,
1,20260708,L020->L087,L020,L087,True,False,0.0,0.0,0.0,1.0000000000000675,"L018,L020,L087",3,1.0775643273781976,1.0775643273781976,0,,1,False,non_critical,
1,20260708,L018->L083,L018,L083,True,False,0.0,0.0,0.0,1.000000000000023,"L018,L083",2,1.0459107728206898,1.0459107728206898,0,,0,False,non_critical,
1,20260708,L132->L085,L132,L085,True,False,0.0,0.0,0.0,1.000000000000009,"L085,L128,L132,L155",4,1.0187067537548011,1.0187067537548011,0,,2,False,non_critical,
1,20260708,L001->L106,L001,L106,True,True,31.890688783719977,31.890688783719977,0.0,1.0000000000000036,"L001,L018,L019,L030,L040,L044,L045,L046,L054,L056,L057,L060,L062,L063,L064,L065,L095,L102,L104,L105,L106,L109,L110,L111,L112,L113,L115,L128,L134,L140,L143,L149,L150,L153,L154,L155,L156,L157,L158,L159,L160,L169,L178,L179,L182",45,57.657657265529856,57.657657265529856,43,"L018,L019,L030,L040,L044,L045,L046,L054,L056,L057,L060,L062,L063,L064,L065,L095,L102,L104,L105,L109,L110,L111,L112,L113,L115,L128,L134,L140,L143,L149,L150,L153,L154,L155,L156,L157,L158,L159,L160,L169,L178,L179,L182",43,True,relay_cascade,
1,20260708,L094->L002,L094,L002,True,False,0.0,0.0,0.0,1.0000000000000002,"L002,L018,L019,L030,L040,L044,L045,L046,L048,L053,L055,L056,L057,L060,L065,L073,L075,L076,L077,L078,L080,L082,L084,L091,L092,L094,L095,L100,L101,L102,L104,L109,L111,L112,L113,L115,L128,L134,L140,L143,L148,L149,L150,L153,L154,L155,L156,L157,L158,L159,L160,L169,L178,L179,L182",55,0.9437724844931078,0.9437724844931078,0,,53,False,non_critical,
1,20260708,L020->L101,L020,L101,True,False,0.0,0.0,0.0,1.0000000000000104,"L018,L020,L101",3,1.0595107903386456,1.0595107903386456,0,,1,False,non_critical,
1,20260708,L110->L182,L110,L182,True,False,0.0,0.0,0.0,1.0000000000000735,"L018,L019,L030,L040,L044,L045,L046,L054,L056,L057,L060,L102,L104,L109,L110,L111,L115,L128,L134,L140,L143,L148,L149,L150,L153,L154,L155,L156,L157,L158,L159,L160,L169,L178,L179,L182",36,0.9346207623733596,0.9346207623733596,0,,34,False,non_critical,
1,20260708,L042->L131,L042,L131,True,True,77.36714366189312,77.36714366189312,0.0,1.0000000000000002,"L018,L019,L030,L042,L044,L045,L046,L054,L056,L060,L102,L104,L109,L110,L111,L112,L113,L115,L128,L130,L131,L134,L140,L143,L148,L149,L150,L153,L154,L155,L156,L157,L158,L159,L160,L169,L178,L179,L182",39,1.5015163255197985,1.5015163255197985,1,L130,37,True,relay_cascade,
1,20260708,L014->L158,L014,L158,True,False,0.0,0.0,0.0,1.0000000000000675,"L014,L128,L155,L158",4,2.66940312396528,2.66940312396528,2,"L128,L155",2,True,non_critical,
1,20260708,L160->L024,L160,L024,True,True,36.82232008588366,36.82232008588366,0.0,1.0000000000000004,"L018,L019,L024,L025,L026,L030,L040,L044,L045,L046,L054,L056,L057,L060,L065,L095,L102,L104,L109,L110,L111,L112,L113,L115,L128,L134,L140,L143,L148,L149,L150,L153,L154,L155,L156,L157,L158,L160,L169,L178,L179,L182",42,15.927239717528295,15.927239717528295,38,"L018,L019,L025,L026,L030,L040,L044,L045,L046,L054,L056,L057,L060,L065,L095,L102,L104,L109,L110,L111,L112,L113,L115,L134,L140,L143,L148,L149,L150,L153,L154,L156,L157,L158,L169,L178,L179,L182",40,True,relay_cascade,
1,20260708,L157->L053,L157,L053,True,True,4.59207726923073,3.139170007149076,1.452907262081654,1.0000000000000049,"L018,L019,L030,L040,L044,L045,L046,L053,L054,L055,L057,L058,L060,L065,L078,L082,L092,L095,L102,L104,L109,L110,L111,L112,L113,L114,L115,L128,L134,L140,L143,L148,L149,L153,L154,L155,L156,L157,L158,L159,L160,L169,L178,L179,L182",45,10.842329391700737,10.842329391700737,41,"L018,L019,L030,L040,L044,L045,L046,L054,L055,L057,L058,L060,L065,L078,L082,L092,L095,L102,L104,L109,L110,L111,L112,L113,L114,L115,L134,L140,L143,L148,L149,L153,L154,L156,L158,L159,L160,L169,L178,L179,L182",43,True,relay_cascade,
1,20260708,L166->L029,L166,L029,True,True,79.13039712130427,79.13039712130427,0.0,1.0000000000000184,"L018,L019,L025,L026,L029,L030,L039,L044,L045,L046,L054,L056,L060,L102,L104,L109,L110,L111,L112,L113,L114,L115,L128,L134,L140,L143,L148,L149,L150,L153,L154,L155,L156,L157,L158,L159,L160,L166,L169,L178,L179,L182",42,56.99595174235554,56.99595174235554,40,"L018,L019,L025,L026,L030,L039,L044,L045,L046,L054,L056,L060,L102,L104,L109,L110,L111,L112,L113,L114,L115,L128,L134,L140,L143,L148,L149,L150,L153,L154,L155,L156,L157,L158,L159,L160,L169,L178,L179,L182",40,True,relay_cascade,
1,20260708,L015->L182,L015,L182,True,False,0.0,0.0,0.0,1.000000000000001,"L015,L182",2,1.0077077009295847,1.0077077009295847,0,,0,False,non_critical,
1,20260708,L068->L048,L068,L048,True,True,22.50545676159403,22.50545676159403,0.0,1.0000000000000495,"L018,L019,L030,L040,L044,L045,L046,L048,L054,L056,L060,L062,L064,L065,L068,L102,L104,L109,L110,L111,L112,L113,L115,L128,L134,L140,L143,L148,L149,L150,L153,L154,L155,L156,L157,L158,L159,L160,L169,L178,L179,L182",42,0.9346207623733596,0.9346207623733596,0,,40,False,island_only,
1,20260708,L020->L145,L020,L145,True,False,0.0,0.0,0.0,1.000000000000004,"L018,L020,L128,L140,L145,L155,L156,L158",8,10.798339585021797,10.798339585021797,5,"L128,L140,L155,L156,L158",6,True,non_critical,
1,20260708,L159->L124,L159,L124,True,False,0.0,0.0,0.0,1.0000000000000675,"L124,L128,L155,L156,L158,L159",6,1.0210813363448152,1.0210813363448152,0,,4,False,non_critical,
1,20260708,L186->L002,L186,L002,True,True,36.82232008588366,36.82232008588366,0.0,1.0000000000000013,"L001,L002,L018,L019,L030,L040,L044,L045,L046,L054,L056,L060,L102,L104,L109,L110,L111,L112,L113,L115,L128,L134,L140,L143,L148,L149,L150,L153,L154,L155,L156,L157,L158,L159,L160,L169,L178,L179,L182,L186",40,58.43444183078348,58.43444183078348,38,"L001,L018,L019,L030,L040,L044,L045,L046,L054,L056,L060,L102,L104,L109,L110,L111,L112,L113,L115,L128,L134,L140,L143,L148,L149,L150,L153,L154,L155,L156,L157,L158,L159,L160,L169,L178,L179,L182",38,True,relay_cascade,
1,20260708,L109->L005,L109,L005,True,True,36.82232008588366,36.82232008588366,0.0,1.0,"L005,L012,L015,L018,L019,L030,L039,L044,L045,L046,L054,L056,L060,L102,L104,L109,L110,L111,L112,L113,L115,L128,L134,L140,L143,L148,L149,L150,L153,L154,L155,L156,L157,L158,L159,L160,L169,L178,L179,L182",40,57.72169968679497,57.72169968679497,38,"L012,L015,L018,L019,L030,L039,L044,L045,L046,L054,L056,L060,L102,L104,L110,L111,L112,L113,L115,L128,L134,L140,L143,L148,L149,L150,L153,L154,L155,L156,L157,L158,L159,L160,L169,L178,L179,L182",38,True,relay_cascade,
1,20260708,L063->L055,L063,L055,True,False,0.0,0.0,0.0,1.000000000000023,"L055,L060,L063,L065",4,1.059547228575635,1.059547228575635,0,,2,False,non_critical,
1,20260708,L092->L051,L092,L051,True,True,83.10784869153505,77.67427480835255,5.433573883182502,1.0000000000000002,"L018,L019,L024,L030,L040,L044,L045,L046,L048,L051,L057,L058,L059,L060,L065,L074,L077,L078,L080,L082,L084,L091,L092,L093,L094,L095,L102,L104,L109,L110,L111,L112,L113,L115,L128,L134,L140,L143,L148,L149,L150,L153,L154,L155,L156,L157,L158,L159,L160,L169,L178,L179,L182",53,53.4668634200828,53.4668634200828,51,"L018,L019,L024,L030,L040,L044,L045,L046,L048,L057,L058,L059,L060,L065,L074,L077,L078,L080,L082,L084,L091,L093,L094,L095,L102,L104,L109,L110,L111,L112,L113,L115,L128,L134,L140,L143,L148,L149,L150,L153,L154,L155,L156,L157,L158,L159,L160,L169,L178,L179,L182",51,True,relay_cascade,
1,20260708,L166->L186,L166,L186,True,False,0.0,0.0,0.0,1.0000000000000122,"L166,L186",2,1.0010945371909694,1.0010945371909694,0,,0,False,non_critical,
1,20260708,L014->L074,L014,L074,True,True,2.8616119104909106,0.0,2.8616119104909106,1.0000000000000087,"L014,L074,L078,L082",4,1.9459386270322465,1.9459386270322465,2,"L078,L082",2,True,relay_cascade,
1,20260708,L072->L003,L072,L003,True,False,0.0,0.0,0.0,1.0000000000000024,"L003,L018,L019,L030,L040,L044,L045,L046,L054,L056,L060,L072,L074,L082,L102,L109,L110,L111,L112,L113,L115,L128,L134,L140,L143,L148,L149,L150,L153,L154,L155,L156,L157,L158,L159,L160,L169,L178,L179,L182",40,1.1044127421283574,1.1044127421283574,0,,38,False,non_critical,
1,20260708,L136->L017,L136,L017,True,True,14.684099265673353,14.684099265673353,0.0,1.0000000000000004,"L017,L018,L019,L030,L040,L044,L045,L046,L054,L056,L060,L102,L104,L109,L110,L111,L113,L115,L128,L133,L134,L135,L136,L140,L144,L145,L146,L148,L149,L150,L153,L154,L155,L156,L157,L158,L160,L169,L178,L179,L182",41,0.934620762373359,0.934620762373359,0,,39,False,island_only,
1,20260708,L078->L056,L078,L056,True,False,0.0,0.0,0.0,1.000000000000023,"L056,L078",2,1.0876761803256294,1.0876761803256294,0,,0,False,non_critical,
1,20260708,L106->L078,L106,L078,True,False,0.0,0.0,0.0,1.0000000000000342,"L060,L077,L078,L082,L102,L106",6,1.668822057367828,1.668822057367828,3,"L060,L077,L082",4,True,non_critical,
1,20260708,L121->L077,L121,L077,True,False,0.0,0.0,0.0,1.0000000000000024,"L018,L019,L030,L040,L044,L045,L046,L054,L056,L057,L060,L065,L077,L102,L104,L109,L110,L111,L113,L115,L121,L122,L128,L134,L140,L143,L148,L149,L150,L153,L154,L155,L156,L157,L158,L159,L160,L169,L178,L179,L182",41,0.9646975521526926,0.9646975521526926,0,,39,False,non_critical,
1,20260708,L098->L167,L098,L167,True,False,0.0,0.0,0.0,1.000000000000004,"L060,L091,L098,L102,L167",5,1.0000000000001705,1.0000000000001705,0,,3,False,non_critical,
1,20260708,L135->L117,L135,L117,True,False,0.0,0.0,0.0,1.0000000000000087,"L109,L111,L115,L117,L128,L135,L155",7,6.833057083773525,6.833057083773525,3,"L109,L111,L115",5,True,non_critical,
1,20260708,L052->L097,L052,L097,True,True,53.109216139531085,53.109216139531085,0.0,1.0000000000000004,"L018,L019,L030,L040,L044,L045,L046,L048,L052,L053,L057,L058,L060,L063,L064,L065,L077,L078,L091,L095,L097,L102,L104,L106,L109,L110,L111,L112,L113,L114,L115,L126,L127,L128,L134,L140,L143,L149,L150,L153,L154,L155,L156,L157,L158,L159,L160,L169,L178,L179,L182",51,51.83551841040568,51.83551841040568,49,"L018,L019,L030,L040,L044,L045,L046,L048,L053,L057,L058,L060,L063,L064,L065,L077,L078,L091,L095,L102,L104,L106,L109,L110,L111,L112,L113,L114,L115,L126,L127,L128,L134,L140,L143,L149,L150,L153,L154,L155,L156,L157,L158,L159,L160,L169,L178,L179,L182",49,True,relay_cascade,
1,20260708,L004->L080,L004,L080,True,False,0.0,0.0,0.0,1.0000000000000229,"L001,L004,L014,L018,L030,L039,L044,L045,L046,L054,L056,L057,L060,L065,L080,L102,L104,L109,L110,L111,L112,L113,L115,L128,L134,L140,L143,L148,L149,L150,L153,L154,L155,L156,L157,L158,L159,L160,L169,L178,L179,L182",42,1.150737149026372,1.150737149026372,0,,40,False,non_critical,
1,20260708,L110->L025,L110,L025,True,False,0.0,0.0,0.0,1.0000000000000735,"L018,L019,L025,L030,L040,L044,L045,L046,L054,L056,L057,L060,L102,L104,L109,L110,L111,L115,L128,L134,L140,L143,L148,L149,L150,L153,L154,L155,L156,L157,L158,L159,L160,L169,L178,L179,L182",37,0.9346207623733596,0.9346207623733596,0,,35,False,non_critical,
1,20260708,L028->L170,L028,L170,True,False,0.0,0.0,0.0,1.0000000000000184,"L018,L019,L025,L026,L028,L030,L044,L045,L046,L054,L056,L060,L102,L104,L109,L110,L111,L112,L113,L114,L115,L128,L134,L140,L143,L148,L149,L150,L153,L154,L155,L156,L157,L158,L159,L160,L169,L170,L178,L179,L182",41,1.1363025093646333,1.1363025093646333,0,,39,False,non_critical,
1,20260708,L093->L125,L093,L125,True,True,13.298257584545325,0.0,13.298257584545325,1.0000000000000038,"L018,L019,L030,L040,L044,L045,L046,L048,L053,L055,L056,L057,L060,L065,L073,L075,L076,L077,L078,L080,L082,L084,L091,L092,L093,L095,L100,L101,L102,L104,L109,L111,L112,L113,L115,L125,L128,L134,L140,L143,L148,L149,L150,L153,L154,L155,L156,L157,L158,L159,L160,L169,L178,L179,L182",55,1.1350592731480271,1.1350592731480271,0,,53,False,island_only,
1,20260708,L159->L010,L159,L010,True,False,0.0,0.0,0.0,1.0000000000000075,"L010,L015,L018,L019,L128,L155,L156,L158,L159",9,4.965203794895222,4.965203794895222,3,"L015,L018,L019",7,True,non_critical,
1,20260708,L057->L172,L057,L172,True,False,0.0,0.0,0.0,1.0000000000000675,"L057,L169,L172",3,2.6487227779314417,2.6487227779314417,1,L169,1,True,non_critical,
1,20260708,L151->L074,L151,L074,True,True,2.8616119104909106,0.0,2.8616119104909106,1.0000000000000036,"L074,L078,L082,L128,L151,L155",6,1.9459403677125369,1.9459403677125369,2,"L078,L082",4,True,relay_cascade,
1,20260708,L137->L059,L137,L059,True,True,18.346497960874867,18.346497960874867,0.0,1.0000000000000042,"L018,L019,L030,L040,L044,L045,L046,L054,L056,L057,L059,L060,L065,L102,L104,L109,L110,L111,L113,L115,L128,L133,L134,L136,L137,L140,L149,L150,L153,L155,L156,L158,L159,L169,L178,L179,L182",37,0.9988732055880061,0.9988732055880061,0,,35,False,island_only,
1,20260708,L112->L077,L112,L077,True,False,0.0,0.0,0.0,1.000000000000002,"L018,L019,L030,L040,L044,L045,L046,L054,L056,L060,L077,L102,L104,L109,L110,L111,L112,L113,L115,L128,L134,L140,L143,L148,L149,L150,L153,L154,L155,L156,L157,L158,L159,L160,L169,L178,L179,L182",38,0.9346207623733592,0.9346207623733592,0,,36,False,non_critical,
1,20260708,L087->L130,L087,L130,True,False,0.0,0.0,0.0,1.0000000000000004,"L018,L019,L030,L040,L044,L045,L046,L054,L056,L060,L077,L078,L079,L087,L102,L109,L110,L111,L112,L113,L115,L128,L130,L134,L140,L143,L148,L149,L150,L153,L154,L155,L156,L157,L158,L159,L160,L169,L178,L179,L182",41,0.9853689546518007,0.9853689546518007,0,,39,False,non_critical,
1,20260708,L158->L141,L158,L141,True,True,130.065052528575,130.065052528575,0.0,1.0000000000000184,"L018,L019,L030,L039,L044,L045,L046,L054,L056,L060,L065,L102,L104,L109,L110,L111,L112,L113,L115,L128,L134,L140,L141,L142,L143,L148,L149,L150,L151,L153,L154,L155,L156,L157,L158,L160,L169,L178,L179,L182",40,20.10583137349807,20.10583137349807,36,"L018,L019,L030,L039,L044,L045,L046,L054,L056,L060,L065,L102,L104,L109,L110,L111,L112,L113,L115,L134,L140,L142,L143,L148,L149,L150,L151,L153,L154,L156,L157,L160,L169,L178,L179,L182",38,True,relay_cascade,
1,20260708,L125->L045,L125,L045,True,False,0.0,0.0,0.0,1.0000000000000036,"L045,L125,L128,L155",4,1.0323765545340937,1.0323765545340937,0,,2,False,non_critical,
1,20260708,L131->L112,L131,L112,True,True,113.81760833882768,113.81760833882768,0.0,1.0000000000000004,"L018,L019,L030,L040,L044,L045,L046,L054,L056,L060,L102,L104,L109,L110,L111,L112,L113,L115,L128,L130,L131,L134,L140,L143,L148,L149,L150,L153,L154,L155,L156,L157,L158,L160,L169,L178,L179,L182",38,12.645696104332256,12.645696104332256,34,"L018,L019,L030,L040,L044,L045,L046,L054,L056,L060,L102,L104,L109,L110,L111,L113,L115,L130,L134,L140,L143,L148,L149,L150,L153,L154,L156,L157,L158,L160,L169,L178,L179,L182",36,True,relay_cascade,
1,20260708,L025->L096,L025,L096,True,True,57.74078001945011,55.16881804675853,2.571961972691583,1.000000000000009,"L018,L019,L025,L030,L044,L045,L046,L057,L058,L059,L060,L082,L096,L102,L104,L109,L110,L111,L112,L115,L128,L134,L140,L143,L148,L149,L150,L153,L154,L155,L156,L157,L158,L159,L160,L169,L178,L179,L182",39,59.05148945211383,59.05148945211383,37,"L018,L019,L030,L044,L045,L046,L057,L058,L059,L060,L082,L102,L104,L109,L110,L111,L112,L115,L128,L134,L140,L143,L148,L149,L150,L153,L154,L155,L156,L157,L158,L159,L160,L169,L178,L179,L182",37,True,relay_cascade,
1,20260708,L057->L056,L057,L056,True,False,0.0,0.0,0.0,1.000000000000023,"L056,L057",2,1.1022628975694402,1.1022628975694402,0,,0,False,non_critical,
1,20260708,L125->L064,L125,L064,True,False,0.0,0.0,0.0,1.0000000000000087,"L064,L065,L125,L128,L155",5,1.2440851864091051,1.2440851864091051,1,L065,3,True,non_critical,
1,20260708,L022->L045,L022,L045,True,False,0.0,0.0,0.0,1.0000000000000007,"L018,L019,L020,L022,L030,L039,L044,L045,L046,L054,L056,L060,L102,L104,L109,L110,L111,L112,L113,L115,L128,L134,L140,L143,L148,L149,L150,L153,L154,L155,L156,L157,L158,L159,L160,L169,L178,L179,L182",39,1.0708590723283622,1.0708590723283622,0,,37,False,non_critical,
1,20260708,L119->L179,L119,L179,True,True,36.82232008588366,36.82232008588366,0.0,1.0000000000000004,"L018,L019,L030,L040,L044,L045,L046,L054,L056,L060,L102,L104,L109,L110,L111,L113,L114,L115,L119,L126,L127,L128,L134,L140,L143,L148,L149,L150,L153,L154,L155,L156,L157,L158,L160,L169,L178,L179,L182,L186",40,8.570844519615243,8.570844519615243,34,"L018,L019,L030,L040,L044,L045,L046,L054,L056,L060,L102,L104,L109,L110,L111,L113,L114,L126,L127,L134,L140,L143,L148,L149,L150,L153,L154,L156,L157,L158,L160,L169,L178,L182",38,True,relay_cascade,
1,20260708,L035->L006,L035,L006,True,False,0.0,0.0,0.0,1.000000000000001,"L006,L018,L019,L030,L035,L040,L044,L045,L046,L054,L056,L060,L102,L104,L109,L110,L111,L112,L113,L115,L128,L134,L140,L143,L148,L149,L150,L153,L154,L155,L156,L157,L158,L159,L160,L169,L178,L179,L182",39,0.9573348176509758,0.9573348176509758,0,,37,False,non_critical,
1,20260708,L125->L094,L125,L094,True,True,24.581204235401152,24.581204235401152,0.0,1.000000000000001,"L018,L019,L030,L040,L044,L045,L046,L055,L056,L057,L060,L065,L077,L078,L080,L081,L082,L083,L084,L088,L089,L091,L092,L094,L095,L101,L102,L104,L109,L110,L111,L112,L113,L114,L115,L125,L128,L134,L140,L143,L149,L153,L154,L155,L156,L158,L159,L160,L169,L178,L179,L182",52,10.626976047950414,10.626976047950414,48,"L018,L019,L030,L040,L044,L045,L046,L055,L056,L057,L060,L065,L077,L078,L080,L081,L082,L083,L084,L088,L089,L091,L092,L095,L101,L102,L104,L109,L110,L111,L112,L113,L114,L115,L134,L140,L143,L149,L153,L154,L156,L158,L159,L160,L169,L178,L179,L182",50,True,relay_cascade,
1,20260708,L011->L167,L011,L167,True,False,0.0,0.0,0.0,1.0000000000000029,"L011,L018,L167",3,1.0000000000000897,1.0000000000000897,0,,1,False,non_critical,
1,20260708,L177->L149,L177,L149,True,False,0.0,0.0,0.0,1.0000000000000004,"L018,L019,L030,L040,L044,L045,L046,L054,L056,L060,L102,L104,L109,L110,L111,L112,L113,L115,L128,L134,L140,L143,L148,L149,L150,L153,L154,L155,L156,L157,L158,L159,L160,L169,L175,L177,L178,L179,L182",39,0.934620762373359,0.934620762373359,0,,37,False,non_critical,
1,20260708,L086->L047,L086,L047,True,True,68.12292542074417,68.12292542074417,0.0,1.0000000000000029,"L018,L019,L030,L039,L044,L045,L046,L047,L054,L056,L057,L060,L086,L102,L109,L110,L111,L112,L113,L115,L128,L134,L140,L143,L148,L149,L150,L153,L154,L155,L156,L157,L158,L159,L160,L169,L178,L179,L182",39,57.591724424693474,57.591724424693474,37,"L018,L019,L030,L039,L044,L045,L046,L054,L056,L057,L060,L102,L109,L110,L111,L112,L113,L115,L128,L134,L140,L143,L148,L149,L150,L153,L154,L155,L156,L157,L158,L159,L160,L169,L178,L179,L182",37,True,relay_cascade,
1,20260708,L010->L185,L010,L185,True,True,35.11713329264434,35.11713329264434,0.0,1.0000000000000007,"L010,L018,L019,L030,L040,L044,L045,L046,L054,L056,L057,L060,L102,L109,L110,L111,L112,L113,L115,L128,L134,L140,L143,L149,L150,L153,L154,L155,L156,L157,L158,L159,L160,L169,L178,L179,L182,L185,L186",39,57.39076212807794,57.39076212807794,36,"L019,L030,L040,L044,L045,L046,L054,L056,L057,L060,L102,L109,L110,L111,L112,L113,L115,L128,L134,L140,L143,L149,L150,L153,L154,L155,L156,L157,L158,L159,L160,L169,L178,L179,L182,L186",37,True,relay_cascade,
1,20260708,L135->L130,L135,L130,True,False,0.0,0.0,0.0,1.0000000000000029,"L018,L019,L030,L039,L044,L045,L046,L054,L056,L060,L102,L109,L110,L111,L112,L113,L115,L128,L130,L134,L135,L140,L143,L149,L153,L154,L155,L156,L158,L159,L160,L169,L178,L179,L182",35,18.005484119583603,18.005484119583603,31,"L018,L019,L030,L039,L044,L045,L046,L054,L056,L060,L102,L109,L110,L111,L112,L113,L115,L134,L140,L143,L149,L153,L154,L156,L158,L159,L160,L169,L178,L179,L182",33,True,non_critical,
1,20260708,L082->L117,L082,L117,True,True,36.82232008588366,36.82232008588366,0.0,1.000000000000007,"L018,L019,L030,L040,L044,L045,L046,L054,L056,L060,L082,L102,L104,L109,L110,L111,L113,L114,L115,L117,L128,L134,L140,L143,L148,L149,L150,L153,L154,L155,L156,L157,L158,L159,L160,L169,L178,L179,L182",39,56.58826846768861,56.58826846768861,37,"L018,L019,L030,L040,L044,L045,L046,L054,L056,L060,L102,L104,L109,L110,L111,L113,L114,L115,L128,L134,L140,L143,L148,L149,L150,L153,L154,L155,L156,L157,L158,L159,L160,L169,L178,L179,L182",37,True,relay_cascade,
1,20260708,L034->L088,L034,L088,True,False,0.0,0.0,0.0,1.0000000000000229,"L018,L019,L030,L034,L039,L040,L044,L045,L046,L054,L056,L060,L088,L102,L104,L109,L110,L111,L112,L113,L115,L128,L134,L140,L143,L148,L149,L150,L153,L154,L155,L156,L157,L158,L159,L160,L169,L178,L179,L182",40,0.934620762373359,0.934620762373359,0,,38,False,non_critical,
1,20260708,L008->L058,L008,L058,True,True,36.767162588215044,36.767162588215044,0.0,1.0,"L001,L008,L014,L015,L017,L018,L019,L020,L022,L026,L030,L037,L044,L045,L046,L048,L056,L057,L058,L060,L065,L077,L078,L082,L095,L102,L104,L109,L110,L111,L112,L113,L115,L128,L134,L140,L143,L148,L149,L150,L153,L154,L155,L156,L157,L158,L159,L160,L169,L178,L179,L182",52,1.347267106763779,1.347267106763779,1,L065,50,True,relay_cascade,
1,20260708,L037->L075,L037,L075,True,False,0.0,0.0,0.0,1.0000000000000027,"L018,L019,L020,L030,L037,L044,L045,L046,L060,L075,L102,L109,L110,L111,L113,L115,L128,L129,L130,L131,L134,L140,L143,L149,L150,L153,L154,L155,L156,L157,L158,L159,L160,L169,L178,L179,L182",37,1.049690352032524,1.049690352032524,0,,35,False,non_critical,
1,20260708,L136->L080,L136,L080,True,False,0.0,0.0,0.0,1.0000000000000049,"L018,L019,L030,L040,L044,L045,L046,L054,L056,L060,L080,L102,L104,L109,L110,L111,L113,L115,L128,L133,L134,L135,L136,L140,L144,L145,L146,L148,L149,L150,L153,L154,L155,L156,L157,L158,L160,L169,L178,L179,L182",41,0.9346207623733592,0.9346207623733592,0,,39,False,non_critical,
1,20260708,L033->L029,L033,L029,True,True,42.3080770354206,42.3080770354206,0.0,1.0,"L018,L019,L025,L029,L030,L033,L039,L040,L043,L044,L045,L046,L054,L056,L060,L102,L104,L109,L110,L111,L112,L113,L115,L128,L134,L140,L143,L148,L149,L150,L153,L154,L155,L156,L157,L158,L159,L160,L169,L178,L179,L180,L182",43,2.0465686688660583,2.0465686688660583,1,L025,41,True,relay_cascade,
1,20260708,L158->L095,L158,L095,True,False,0.0,0.0,0.0,1.000000000000023,"L095,L102,L128,L155,L158",5,1.851122500573722,1.851122500573722,1,L102,3,True,non_critical,
1,20260708,L174->L009,L174,L009,True,True,25.67010059251546,25.67010059251546,0.0,1.0000000000000144,"L009,L018,L019,L020,L022,L030,L039,L040,L044,L045,L046,L054,L056,L060,L102,L109,L110,L111,L112,L113,L115,L128,L134,L140,L143,L148,L149,L150,L153,L154,L155,L156,L157,L158,L159,L160,L169,L171,L173,L174,L175,L178,L179,L182",44,1.3364571350170613,1.3364571350170613,3,"L020,L022,L040",42,True,relay_cascade,
1,20260708,L177->L119,L177,L119,True,False,0.0,0.0,0.0,1.0000000000000275,"L018,L019,L030,L040,L044,L045,L046,L054,L056,L060,L102,L104,L109,L110,L111,L112,L113,L115,L119,L128,L134,L140,L143,L148,L149,L150,L153,L154,L155,L156,L157,L158,L159,L160,L169,L175,L177,L178,L179,L182",40,0.934620762373359,0.934620762373359,0,,38,False,non_critical,
1,20260708,L027->L178,L027,L178,True,False,0.0,0.0,0.0,1.000000000000003,"L018,L019,L027,L030,L044,L045,L046,L054,L056,L060,L102,L104,L109,L110,L111,L112,L113,L114,L115,L128,L134,L140,L143,L150,L153,L154,L155,L156,L158,L159,L160,L169,L178,L179,L182",35,1.1612726558502406,1.1612726558502406,0,,33,False,non_critical,
1,20260708,L037->L095,L037,L095,True,False,0.0,0.0,0.0,1.0000000000000002,"L018,L019,L020,L030,L037,L044,L045,L046,L060,L095,L102,L109,L110,L111,L113,L115,L128,L129,L130,L131,L134,L140,L143,L149,L150,L153,L154,L155,L156,L157,L158,L159,L160,L169,L178,L179,L182",37,1.1127895029360686,1.1127895029360686,0,,35,False,non_critical,
1,20260708,L110->L040,L110,L040,True,False,0.0,0.0,0.0,1.0000000000000735,"L018,L019,L030,L040,L044,L045,L046,L054,L056,L057,L060,L102,L104,L109,L110,L111,L115,L128,L134,L140,L143,L148,L149,L150,L153,L154,L155,L156,L157,L158,L159,L160,L169,L178,L179,L182",36,0.9346207623733596,0.9346207623733596,0,,34,False,non_critical,
1,20260708,L055->L157,L055,L157,True,False,0.0,0.0,0.0,1.0000000000000204,"L055,L128,L157",3,2.4050742336731545,2.4050742336731545,1,L128,1,True,non_critical,
1,20260708,L163->L164,L163,L164,True,False,0.0,0.0,0.0,1.0000000000000184,"L018,L019,L030,L039,L044,L045,L046,L054,L056,L060,L065,L102,L104,L109,L110,L111,L112,L113,L115,L128,L134,L140,L143,L148,L149,L150,L153,L154,L155,L156,L157,L158,L160,L163,L164,L167,L169,L170,L172,L175,L178,L179,L182",43,1.0907310281165576,1.0907310281165576,0,,41,False,non_critical,
1,20260708,L162->L132,L162,L132,True,True,10.677320953234503,0.0,10.677320953234503,1.000000000000009,"L128,L132,L140,L149,L155,L156,L162",7,1.9033491954035568,1.9033491954035568,3,"L140,L149,L156",5,True,relay_cascade,
1,20260708,L151->L007,L151,L007,True,True,78.84297648755367,78.84297648755367,0.0,1.0000000000000036,"L007,L018,L019,L020,L022,L030,L045,L046,L060,L063,L064,L065,L091,L102,L104,L106,L109,L110,L111,L113,L115,L126,L127,L128,L134,L140,L143,L148,L149,L150,L151,L153,L154,L155,L156,L158,L159,L160,L169,L178,L179,L182,L186",43,20.029187184143403,20.029187184143403,39,"L018,L019,L020,L022,L030,L045,L046,L060,L063,L064,L065,L091,L102,L104,L106,L109,L110,L111,L113,L115,L126,L127,L134,L140,L143,L148,L149,L150,L153,L154,L156,L158,L159,L160,L169,L178,L179,L182,L186",41,True,relay_cascade,
1,20260708,L002->L062,L002,L062,True,False,0.0,0.0,0.0,1.0000000000000184,"L001,L002,L018,L019,L030,L040,L044,L045,L046,L054,L056,L060,L062,L064,L065,L102,L104,L109,L110,L111,L112,L113,L115,L128,L134,L140,L143,L148,L149,L150,L153,L154,L155,L156,L157,L158,L159,L160,L169,L178,L179,L182",42,2.2760144202075656,2.2760144202075656,2,"L064,L065",40,True,non_critical,
1,20260708,L125->L069,L125,L069,True,False,0.0,0.0,0.0,1.0000000000000315,"L060,L069,L125,L128,L155",5,1.2425936212021433,1.2425936212021433,1,L060,3,True,non_critical,
1,20260708,L176->L102,L176,L102,True,False,0.0,0.0,0.0,1.0000000000000184,"L018,L019,L030,L039,L044,L045,L046,L054,L056,L060,L065,L102,L104,L109,L110,L111,L112,L113,L115,L128,L134,L140,L143,L148,L149,L150,L153,L154,L155,L156,L157,L158,L160,L169,L176,L178,L179,L182",38,1.0907310281165576,1.0907310281165576,0,,36,False,non_critical,
1,20260708,L154->L127,L154,L127,True,True,35.11713329264434,35.11713329264434,0.0,1.0000000000000013,"L018,L019,L030,L044,L045,L046,L060,L065,L102,L104,L109,L110,L111,L112,L113,L114,L115,L119,L120,L127,L128,L134,L140,L143,L153,L154,L155,L156,L158,L160,L169,L178,L179,L182,L185,L186",36,12.810198654481786,12.810198654481786,32,"L018,L019,L030,L044,L045,L046,L060,L065,L102,L104,L109,L110,L111,L112,L113,L114,L115,L119,L120,L134,L140,L143,L153,L156,L158,L160,L169,L178,L179,L182,L185,L186",34,True,relay_cascade,
1,20260708,L119->L131,L119,L131,True,True,0.3718554089490844,0.0,0.3718554089490844,1.0000000000000047,"L115,L119,L128,L131,L155,L156,L158,L186",8,2.432556265410314,2.432556265410314,2,"L156,L158",6,True,relay_cascade,
1,20260708,L093->L018,L093,L018,True,False,0.0,0.0,0.0,1.000000000000001,"L018,L019,L030,L040,L044,L045,L046,L048,L053,L055,L056,L057,L060,L065,L073,L075,L076,L077,L078,L080,L082,L084,L091,L092,L093,L095,L100,L101,L102,L104,L109,L111,L112,L113,L115,L128,L134,L140,L143,L148,L149,L150,L153,L154,L155,L156,L157,L158,L159,L160,L169,L178,L179,L182",54,0.9346207623733596,0.9346207623733596,0,,52,False,non_critical,
1,20260708,L149->L112,L149,L112,True,False,0.0,0.0,0.0,1.0000000000000004,"L018,L019,L030,L040,L044,L045,L046,L054,L056,L060,L102,L104,L109,L110,L111,L112,L113,L115,L128,L134,L140,L143,L149,L150,L153,L154,L155,L156,L157,L158,L160,L169,L178,L179,L182",35,12.648325800649676,12.648325800649676,30,"L018,L019,L030,L040,L044,L045,L046,L054,L056,L060,L102,L104,L109,L110,L111,L113,L115,L134,L140,L143,L150,L153,L154,L157,L158,L160,L169,L178,L179,L182",33,True,non_critical,
1,20260708,L133->L086,L133,L086,True,False,0.0,0.0,0.0,1.0000000000000369,"L018,L019,L030,L040,L044,L045,L046,L054,L056,L060,L086,L102,L104,L109,L110,L111,L112,L113,L115,L128,L133,L134,L140,L143,L148,L149,L150,L153,L154,L155,L156,L157,L158,L159,L160,L169,L178,L179,L182",39,0.934620762373359,0.934620762373359,0,,37,False,non_critical,
1,20260708,L074->L077,L074,L077,True,False,0.0,0.0,0.0,1.0000000000000675,"L074,L077",2,1.0019168489730979,1.0019168489730979,0,,0,False,non_critical,
1,20260708,L044->L022,L044,L022,True,True,62.49242067839912,62.49242067839912,0.0,1.0000000000000007,"L018,L019,L020,L022,L030,L039,L044,L045,L046,L054,L056,L060,L102,L104,L109,L110,L111,L112,L113,L115,L128,L134,L140,L143,L148,L149,L150,L153,L154,L155,L156,L157,L158,L159,L160,L169,L178,L179,L182",39,57.74097391699596,57.74097391699596,37,"L018,L019,L020,L030,L039,L045,L046,L054,L056,L060,L102,L104,L109,L110,L111,L112,L113,L115,L128,L134,L140,L143,L148,L149,L150,L153,L154,L155,L156,L157,L158,L159,L160,L169,L178,L179,L182",37,True,relay_cascade,
1,20260708,L063->L143,L063,L143,True,True,36.82232008588366,36.82232008588366,0.0,1.0000000000000229,"L018,L019,L030,L039,L044,L045,L046,L054,L056,L057,L060,L063,L065,L102,L104,L109,L110,L111,L112,L113,L115,L128,L134,L140,L143,L148,L149,L150,L153,L154,L155,L156,L157,L158,L159,L160,L169,L178,L179,L182",40,60.932854724738924,60.932854724738924,36,"L018,L019,L030,L039,L044,L045,L046,L054,L056,L057,L102,L104,L109,L110,L111,L112,L113,L115,L128,L134,L140,L148,L149,L150,L153,L154,L155,L156,L157,L158,L159,L160,L169,L178,L179,L182",38,True,relay_cascade,
1,20260708,L094->L160,L094,L160,True,False,0.0,0.0,0.0,1.000000000000001,"L018,L019,L030,L040,L044,L045,L046,L048,L053,L055,L056,L057,L060,L065,L073,L075,L076,L077,L078,L080,L082,L084,L091,L092,L094,L095,L100,L101,L102,L104,L109,L111,L112,L113,L115,L128,L134,L140,L143,L148,L149,L150,L153,L154,L155,L156,L157,L158,L159,L160,L169,L178,L179,L182",54,0.9346207623733596,0.9346207623733596,0,,52,False,non_critical,
1,20260708,L129->L008,L129,L008,True,True,25.67010059251546,25.67010059251546,0.0,1.0000000000000042,"L001,L008,L012,L014,L015,L018,L019,L020,L022,L030,L037,L040,L044,L045,L046,L054,L056,L057,L060,L065,L102,L104,L109,L110,L111,L113,L115,L128,L129,L134,L140,L143,L146,L148,L149,L150,L153,L154,L155,L156,L157,L158,L160,L169,L178,L179,L182",47,14.651295326783025,14.651295326783025,7,"L001,L012,L014,L015,L020,L022,L037",45,True,relay_cascade,
1,20260708,L090->L085,L090,L085,True,False,0.0,0.0,0.0,1.0000000000000102,"L085,L090,L091,L092,L102",5,1.0590207028666903,1.0590207028666903,0,,3,False,non_critical,
1,20260708,L054->L078,L054,L078,True,False,0.0,0.0,0.0,1.0000000000000004,"L018,L019,L030,L040,L044,L045,L046,L054,L060,L065,L078,L102,L104,L109,L110,L111,L112,L113,L114,L115,L128,L134,L140,L143,L149,L150,L153,L154,L155,L156,L158,L159,L160,L169,L178,L179,L182,L186",38,0.8177989176474222,0.8177989176474222,0,,36,False,non_critical,
1,20260708,L038->L001,L038,L001,True,False,0.0,0.0,0.0,1.0000000000000009,"L001,L018,L025,L027,L030,L032,L035,L038,L039,L040,L043,L046,L060,L065,L102,L104,L109,L110,L111,L112,L113,L114,L115,L126,L127,L128,L134,L140,L143,L149,L150,L153,L154,L155,L156,L158,L159,L160,L169,L178,L179,L182,L186",43,1.0277432638040997,1.0277432638040997,0,,41,False,non_critical,
1,20260708,L096->L023,L096,L023,True,False,0.0,0.0,0.0,1.0000000000000007,"L018,L019,L023,L030,L044,L045,L046,L057,L058,L059,L060,L065,L096,L102,L104,L109,L110,L111,L112,L115,L128,L134,L140,L143,L148,L149,L150,L153,L154,L155,L156,L157,L158,L159,L160,L169,L178,L179,L182",39,1.0476336866770999,1.0476336866770999,0,,37,False,non_critical,
1,20260708,L086->L011,L086,L011,True,True,254.20261588082428,254.20261588082428,0.0,1.0000000000000229,"L001,L002,L004,L010,L011,L012,L014,L015,L018,L019,L020,L022,L037,L040,L044,L045,L046,L054,L056,L060,L065,L086,L102,L104,L109,L110,L111,L112,L113,L115,L128,L129,L130,L131,L132,L134,L140,L143,L149,L150,L153,L154,L155,L156,L157,L158,L159,L160,L169,L178,L179,L182",52,53.378909240386044,53.378909240386044,50,"L001,L002,L004,L010,L012,L014,L015,L018,L019,L020,L022,L037,L040,L044,L045,L046,L054,L056,L060,L065,L102,L104,L109,L110,L111,L112,L113,L115,L128,L129,L130,L131,L132,L134,L140,L143,L149,L150,L153,L154,L155,L156,L157,L158,L159,L160,L169,L178,L179,L182",50,True,relay_cascade,
1,20260708,L039->L120,L039,L120,True,False,0.0,0.0,0.0,1.0000000000000122,"L039,L120,L178",3,1.021854348579427,1.021854348579427,0,,1,False,non_critical,
1,20260708,L115->L087,L115,L087,True,False,0.0,0.0,0.0,1.000000000000009,"L087,L115",2,1.0245614839809016,1.0245614839809016,0,,0,False,non_critical,
1,20260708,L139->L131,L139,L131,True,True,77.36714366189312,77.36714366189312,0.0,1.0000000000000029,"L018,L019,L030,L039,L044,L045,L046,L054,L056,L060,L102,L104,L109,L110,L111,L112,L113,L115,L128,L130,L131,L134,L139,L140,L143,L148,L149,L150,L153,L154,L155,L156,L157,L158,L159,L160,L169,L178,L179,L182",40,1.5015163255197985,1.5015163255197985,1,L130,38,True,relay_cascade,
1,20260708,L097->L184,L097,L184,True,True,21.648461416338748,21.648461416338748,0.0,1.0000000000000004,"L018,L019,L030,L040,L045,L046,L056,L057,L060,L065,L070,L073,L075,L076,L077,L078,L080,L081,L082,L091,L092,L097,L100,L101,L102,L104,L109,L110,L111,L112,L113,L114,L115,L128,L134,L140,L143,L149,L150,L153,L154,L155,L156,L157,L158,L159,L160,L169,L178,L179,L182,L184,L186",53,1.0007376379041186,1.0007376379041186,0,,51,False,island_only,
1,20260708,L105->L097,L105,L097,True,False,0.0,0.0,0.0,1.0000000000000004,"L018,L019,L030,L040,L044,L045,L046,L054,L055,L056,L057,L060,L064,L065,L068,L091,L097,L102,L104,L105,L106,L109,L110,L111,L113,L115,L128,L134,L140,L143,L148,L149,L150,L153,L154,L155,L156,L157,L158,L159,L160,L169,L178,L179,L182",45,2.795522646426642,2.795522646426642,5,"L055,L056,L057,L091,L106",43,True,non_critical,
1,20260708,L129->L177,L129,L177,True,False,0.0,0.0,0.0,1.0000000000000042,"L018,L019,L030,L040,L044,L045,L046,L054,L056,L057,L060,L065,L102,L104,L109,L110,L111,L113,L115,L128,L129,L134,L140,L143,L146,L148,L149,L150,L153,L154,L155,L156,L157,L158,L160,L169,L177,L178,L179,L182",40,0.934620762373359,0.934620762373359,0,,38,False,non_critical,
1,20260708,L036->L180,L036,L180,True,True,7.272188818003705,7.272188818003705,0.0,1.0000000000000369,"L017,L018,L019,L020,L025,L030,L036,L039,L044,L045,L046,L048,L054,L056,L057,L060,L102,L109,L110,L111,L113,L115,L128,L134,L140,L143,L148,L149,L150,L153,L154,L155,L156,L157,L158,L159,L160,L169,L178,L179,L180,L182",42,0.9588633647649928,0.9588633647649928,0,,40,False,island_only,
1,20260708,L034->L159,L034,L159,True,False,0.0,0.0,0.0,1.0000000000000002,"L018,L019,L030,L034,L039,L040,L044,L045,L046,L054,L056,L060,L102,L104,L109,L110,L111,L112,L113,L115,L128,L134,L140,L143,L148,L149,L150,L153,L154,L155,L156,L157,L158,L159,L160,L169,L178,L179,L182",39,0.934620762373359,0.934620762373359,0,,37,False,non_critical,
1,20260708,L169->L052,L169,L052,True,True,39.394282058575264,36.82232008588366,2.5719619726916054,1.0000000000000275,"L018,L019,L030,L040,L044,L045,L046,L052,L054,L057,L058,L060,L102,L104,L109,L110,L111,L112,L113,L114,L115,L128,L134,L140,L143,L148,L149,L150,L153,L154,L155,L156,L157,L158,L159,L160,L169,L178,L179,L182",40,59.60730850523146,59.60730850523146,38,"L018,L019,L030,L040,L044,L045,L046,L054,L057,L058,L060,L102,L104,L109,L110,L111,L112,L113,L114,L115,L128,L134,L140,L143,L148,L149,L150,L153,L154,L155,L156,L157,L158,L159,L160,L178,L179,L182",38,True,relay_cascade,
1,20260708,L151->L046,L151,L046,True,False,0.0,0.0,0.0,1.000000000000023,"L046,L128,L151,L155",4,1.0003069013808152,1.0003069013808152,0,,2,False,non_critical,
1,20260708,L174->L013,L174,L013,True,True,0.5644550634935908,0.0,0.5644550634935908,1.0000000000000144,"L013,L018,L019,L030,L039,L044,L045,L046,L054,L056,L060,L102,L109,L110,L111,L112,L113,L115,L128,L134,L140,L143,L148,L149,L150,L153,L154,L155,L156,L157,L158,L159,L160,L169,L171,L173,L174,L175,L178,L179,L182",41,1.0908440161619424,1.0908440161619424,0,,39,False,island_only,
1,20260708,L148->L048,L148,L048,True,True,22.50545676159403,22.50545676159403,0.0,1.0000000000000369,"L018,L019,L030,L039,L044,L045,L046,L048,L054,L056,L057,L060,L102,L109,L110,L111,L112,L113,L115,L128,L134,L140,L143,L148,L153,L154,L155,L156,L157,L158,L159,L160,L169,L178,L179,L182",36,17.81414332364048,17.81414332364048,32,"L018,L019,L030,L039,L044,L045,L046,L054,L056,L057,L060,L102,L109,L110,L111,L112,L113,L115,L134,L140,L143,L153,L154,L156,L157,L158,L159,L160,L169,L178,L179,L182",34,True,relay_cascade,
1,20260708,L100->L010,L100,L010,True,False,0.0,0.0,0.0,1.000000000000004,"L010,L015,L018,L019,L045,L100,L102",7,4.965060355592145,4.965060355592145,4,"L015,L018,L019,L045",5,True,non_critical,
1,20260708,L075->L059,L075,L059,True,True,55.16881804675853,55.16881804675853,0.0,1.0000000000000007,"L018,L019,L044,L045,L046,L054,L056,L057,L059,L060,L075,L102,L109,L110,L111,L112,L113,L114,L115,L128,L134,L140,L143,L148,L149,L150,L153,L154,L155,L156,L157,L158,L159,L160,L169,L178,L179,L182",38,58.08114998471606,58.08114998471606,36,"L018,L019,L044,L045,L046,L054,L056,L057,L060,L102,L109,L110,L111,L112,L113,L114,L115,L128,L134,L140,L143,L148,L149,L150,L153,L154,L155,L156,L157,L158,L159,L160,L169,L178,L179,L182",36,True,relay_cascade,
1,20260708,L127->L090,L127,L090,True,True,126.01555459277004,126.01555459277004,0.0,1.0000000000000036,"L018,L019,L030,L040,L044,L045,L046,L054,L056,L057,L060,L065,L077,L078,L082,L089,L090,L091,L092,L095,L102,L104,L109,L110,L111,L112,L113,L115,L127,L128,L129,L130,L131,L132,L134,L135,L140,L143,L148,L149,L150,L153,L154,L155,L156,L157,L158,L159,L160,L169,L178,L179,L182,L186",54,59.25746804038934,59.25746804038934,50,"L018,L019,L030,L040,L044,L045,L046,L054,L056,L057,L060,L065,L077,L078,L082,L089,L091,L092,L095,L102,L104,L109,L110,L111,L112,L113,L129,L130,L131,L132,L134,L135,L140,L143,L148,L149,L150,L153,L154,L155,L156,L157,L158,L159,L160,L169,L178,L179,L182,L186",52,True,relay_cascade,
1,20260708,L116->L065,L116,L065,True,False,0.0,0.0,0.0,1.0000000000000049,"L018,L019,L030,L040,L044,L045,L046,L054,L056,L060,L065,L102,L104,L109,L110,L111,L112,L113,L114,L115,L116,L120,L128,L134,L140,L143,L148,L149,L150,L153,L154,L155,L156,L157,L158,L159,L160,L169,L178,L179,L182,L186",42,1.0147544464112008,1.0147544464112008,0,,40,False,non_critical,
1,20260708,L132->L028,L132,L028,True,True,158.25091444212364,158.25091444212364,0.0,1.0000000000000184,"L018,L019,L024,L025,L028,L030,L039,L044,L045,L046,L054,L056,L060,L065,L102,L104,L109,L110,L111,L112,L113,L115,L128,L131,L132,L134,L140,L143,L148,L149,L150,L153,L154,L155,L156,L157,L158,L159,L160,L169,L178,L179,L182",43,19.89999020265445,19.89999020265445,39,"L018,L019,L024,L025,L030,L039,L044,L045,L046,L054,L056,L060,L065,L102,L104,L109,L110,L111,L112,L113,L115,L131,L134,L140,L143,L148,L149,L150,L153,L154,L156,L157,L158,L159,L160,L169,L178,L179,L182",41,True,relay_cascade,
1,20260708,L048->L147,L048,L147,True,True,43.59265123807146,43.59265123807146,0.0,1.0000000000000369,"L018,L019,L030,L039,L044,L045,L046,L048,L054,L056,L057,L060,L102,L109,L110,L111,L112,L113,L115,L128,L134,L140,L143,L147,L148,L149,L150,L153,L154,L155,L156,L157,L158,L159,L160,L169,L178,L179,L182",39,1.0907310281165576,1.0907310281165576,0,,37,False,island_only,
1,20260708,L165->L180,L165,L180,True,True,44.094508903887366,44.094508903887366,0.0,1.0000000000000004,"L018,L019,L030,L044,L045,L046,L054,L056,L060,L102,L104,L109,L110,L111,L112,L113,L115,L128,L134,L140,L143,L148,L149,L150,L153,L154,L155,L156,L157,L158,L159,L160,L165,L169,L178,L179,L180,L182",38,58.32012517714907,58.32012517714907,36,"L018,L019,L030,L044,L045,L046,L054,L056,L060,L102,L104,L109,L110,L111,L112,L113,L115,L128,L134,L140,L143,L148,L149,L150,L153,L154,L155,L156,L157,L158,L159,L160,L169,L178,L179,L182",36,True,relay_cascade,
1,20260708,L103->L012,L103,L012,True,True,54.33810863571874,54.33810863571874,0.0,1.0000000000000036,"L006,L012,L015,L018,L019,L030,L040,L044,L045,L046,L054,L056,L060,L102,L103,L104,L109,L110,L111,L112,L113,L115,L128,L134,L140,L143,L148,L149,L150,L153,L154,L155,L156,L157,L158,L159,L160,L169,L178,L179,L182",41,58.035036558147674,58.035036558147674,38,"L006,L015,L018,L019,L030,L040,L044,L045,L046,L054,L056,L060,L104,L109,L110,L111,L112,L113,L115,L128,L134,L140,L143,L148,L149,L150,L153,L154,L155,L156,L157,L158,L159,L160,L169,L178,L179,L182",39,True,relay_cascade,
1,20260708,L033->L124,L033,L124,True,False,0.0,0.0,0.0,1.0000000000000004,"L018,L019,L030,L033,L039,L040,L043,L044,L045,L046,L054,L056,L060,L102,L104,L109,L110,L111,L112,L113,L115,L124,L128,L134,L140,L143,L148,L149,L150,L153,L154,L155,L156,L157,L158,L159,L160,L169,L178,L179,L180,L182",42,1.0058090440298577,1.0058090440298577,0,,40,False,non_critical,
1,20260708,L122->L105,L122,L105,True,False,0.0,0.0,0.0,1.0000000000000004,"L018,L019,L030,L040,L044,L045,L046,L054,L056,L057,L060,L065,L102,L104,L105,L106,L109,L110,L111,L112,L113,L115,L122,L128,L134,L140,L143,L149,L150,L153,L154,L155,L156,L157,L158,L159,L160,L169,L178,L179,L182",41,57.65765726552966,57.65765726552966,38,"L018,L019,L030,L040,L044,L045,L046,L054,L056,L057,L060,L065,L102,L104,L106,L109,L110,L111,L112,L113,L115,L134,L140,L143,L149,L150,L153,L154,L155,L156,L157,L158,L159,L160,L169,L178,L179,L182",39,True,non_critical,
1,20260708,L069->L042,L069,L042,True,True,36.82232008588366,36.82232008588366,0.0,1.0000000000000002,"L018,L019,L030,L042,L044,L045,L046,L054,L056,L060,L065,L069,L102,L109,L110,L111,L112,L113,L114,L115,L128,L134,L140,L143,L148,L149,L150,L153,L154,L155,L156,L157,L158,L159,L160,L169,L178,L179,L182",39,59.80370442890348,59.80370442890348,34,"L018,L019,L030,L044,L045,L046,L054,L056,L109,L110,L111,L112,L113,L114,L115,L128,L134,L140,L143,L148,L149,L150,L153,L154,L155,L156,L157,L158,L159,L160,L169,L178,L179,L182",37,True,relay_cascade,
1,20260708,L018->L114,L018,L114,True,False,0.0,0.0,0.0,1.0000000000000047,"L018,L109,L111,L114,L115",5,4.143520158152774,4.143520158152774,3,"L109,L111,L115",3,True,non_critical,
1,20260708,L164->L099,L164,L099,True,False,0.0,0.0,0.0,1.0000000000000342,"L060,L065,L082,L099,L102,L115,L164",7,5.398342733752866,5.398342733752866,5,"L060,L065,L082,L102,L115",5,True,non_critical,
1,20260708,L070->L036,L070,L036,True,True,40.88491211708872,40.88491211708872,0.0,1.0000000000000007,"L001,L012,L014,L015,L018,L019,L020,L025,L026,L027,L030,L032,L036,L039,L040,L044,L045,L046,L048,L054,L060,L065,L070,L077,L078,L082,L091,L102,L104,L109,L110,L111,L112,L113,L114,L115,L128,L134,L140,L143,L149,L150,L153,L154,L155,L156,L158,L159,L160,L169,L178,L179,L182,L186",54,64.5449777042947,64.5449777042947,48,"L001,L012,L014,L015,L018,L019,L020,L025,L026,L027,L030,L032,L039,L040,L044,L045,L046,L048,L054,L060,L065,L091,L104,L109,L110,L111,L112,L113,L114,L115,L128,L134,L140,L143,L149,L150,L153,L154,L155,L156,L158,L159,L160,L169,L178,L179,L182,L186",52,True,relay_cascade,
1,20260708,L110->L085,L110,L085,True,False,0.0,0.0,0.0,1.0000000000000049,"L018,L019,L030,L040,L044,L045,L046,L054,L056,L057,L060,L085,L102,L104,L109,L110,L111,L115,L128,L134,L140,L143,L148,L149,L150,L153,L154,L155,L156,L157,L158,L159,L160,L169,L178,L179,L182",37,0.934620762373359,0.934620762373359,0,,35,False,non_critical,
1,20260708,L158->L031,L158,L031,True,True,60.73919829355475,60.73919829355475,0.0,1.0000000000000004,"L018,L019,L025,L030,L031,L035,L039,L040,L043,L044,L045,L046,L054,L056,L057,L060,L102,L104,L109,L110,L111,L112,L113,L114,L115,L126,L127,L128,L134,L140,L143,L148,L149,L150,L153,L154,L155,L156,L157,L158,L159,L160,L169,L178,L179,L182,L186",47,20.66250890410881,20.66250890410881,43,"L018,L019,L025,L030,L035,L039,L040,L043,L044,L045,L046,L054,L056,L057,L060,L102,L104,L109,L110,L111,L112,L113,L114,L115,L126,L127,L134,L140,L143,L148,L149,L150,L153,L154,L156,L157,L159,L160,L169,L178,L179,L182,L186",45,True,relay_cascade,
1,20260708,L012->L122,L012,L122,True,False,0.0,0.0,0.0,1.000000000000023,"L012,L018,L122",3,1.1387898216043801,1.1387898216043801,0,,1,False,non_critical,
1,20260708,L122->L149,L122,L149,True,False,0.0,0.0,0.0,1.0000000000000675,"L122,L128,L140,L149,L155,L156",6,3.2357125082058507,3.2357125082058507,3,"L140,L155,L156",4,True,non_critical,
1,20260708,L067->L133,L067,L133,True,True,57.598679982856595,57.598679982856595,0.0,1.0000000000000049,"L018,L019,L030,L040,L044,L045,L046,L054,L056,L057,L060,L067,L102,L104,L109,L110,L111,L112,L113,L115,L128,L133,L134,L140,L143,L148,L149,L150,L153,L154,L155,L156,L157,L158,L159,L160,L169,L178,L179,L182",40,60.605135486322446,60.605135486322446,37,"L018,L019,L030,L040,L044,L045,L046,L054,L056,L057,L060,L104,L109,L110,L111,L112,L113,L115,L128,L134,L140,L143,L148,L149,L150,L153,L154,L155,L156,L157,L158,L159,L160,L169,L178,L179,L182",38,True,relay_cascade,
1,20260708,L018->L153,L018,L153,True,True,36.82232008588366,36.82232008588366,0.0,1.0000000000000029,"L018,L019,L030,L039,L044,L045,L046,L054,L056,L060,L102,L104,L109,L110,L111,L112,L113,L115,L128,L134,L140,L143,L148,L149,L150,L153,L154,L155,L156,L157,L158,L159,L160,L169,L178,L179,L182",37,17.186296242664426,17.186296242664426,35,"L019,L030,L039,L044,L045,L046,L054,L056,L060,L102,L104,L109,L110,L111,L112,L113,L115,L128,L134,L140,L143,L148,L149,L150,L154,L155,L156,L157,L158,L159,L160,L169,L178,L179,L182",35,True,relay_cascade,
1,20260708,L057->L067,L057,L067,True,False,0.0,0.0,0.0,1.0000000000000087,"L045,L057,L060,L065,L067,L077,L078,L102,L104,L109,L111,L115,L128",13,2.4808317815748304,2.4808317815748304,11,"L045,L060,L065,L077,L078,L102,L104,L109,L111,L115,L128",11,True,non_critical,
1,20260708,L172->L114,L172,L114,True,False,0.0,0.0,0.0,1.000000000000023,"L114,L172",2,1.096939774058556,1.096939774058556,0,,0,False,non_critical,
1,20260708,L186->L024,L186,L024,True,True,36.82232008588366,36.82232008588366,0.0,1.000000000000007,"L018,L019,L024,L025,L026,L030,L040,L044,L045,L046,L054,L056,L057,L060,L102,L109,L110,L111,L112,L113,L114,L115,L128,L134,L140,L143,L148,L149,L150,L153,L154,L155,L156,L157,L158,L159,L160,L169,L178,L179,L182,L186",42,59.35064494577145,59.35064494577145,40,"L018,L019,L025,L026,L030,L040,L044,L045,L046,L054,L056,L057,L060,L102,L109,L110,L111,L112,L113,L114,L115,L128,L134,L140,L143,L148,L149,L150,L153,L154,L155,L156,L157,L158,L159,L160,L169,L178,L179,L182",40,True,relay_cascade,
1,20260708,L032->L142,L032,L142,True,False,0.0,0.0,0.0,1.0000000000000075,"L018,L019,L025,L030,L032,L039,L040,L044,L045,L046,L054,L056,L057,L060,L102,L104,L109,L110,L111,L112,L113,L114,L115,L128,L134,L140,L142,L143,L148,L149,L150,L153,L154,L155,L156,L157,L158,L159,L160,L169,L178,L179,L182",43,0.9358404769730952,0.9358404769730952,0,,41,False,non_critical,
1,20260708,L108->L104,L108,L104,True,False,0.0,0.0,0.0,1.0000000000000016,"L018,L019,L030,L040,L044,L045,L046,L054,L056,L060,L065,L102,L104,L108,L109,L110,L111,L113,L114,L115,L117,L128,L134,L140,L143,L148,L149,L150,L153,L154,L155,L156,L157,L158,L159,L160,L169,L178,L179,L182,L186",41,0.934620762373359,0.934620762373359,0,,39,False,non_critical,
1,20260708,L088->L117,L088,L117,True,False,0.0,0.0,0.0,1.000000000000023,"L088,L109,L111,L115,L117",5,5.540478825941917,5.540478825941917,3,"L109,L111,L115",3,True,non_critical,
1,20260708,L122->L139,L122,L139,True,False,0.0,0.0,0.0,1.0000000000000204,"L122,L128,L139,L140",4,4.321402979072217,4.321402979072217,1,L140,2,True,non_critical,
1,20260708,L080->L063,L080,L063,True,True,36.82232008588366,36.82232008588366,0.0,1.0000000000000049,"L018,L019,L030,L040,L044,L045,L046,L054,L056,L057,L060,L063,L065,L080,L095,L102,L104,L109,L110,L111,L112,L113,L115,L128,L134,L140,L143,L148,L149,L150,L153,L154,L155,L156,L157,L158,L159,L160,L169,L178,L179,L182",42,58.263219287763945,58.263219287763945,40,"L018,L019,L030,L040,L044,L045,L046,L054,L056,L057,L060,L065,L095,L102,L104,L109,L110,L111,L112,L113,L115,L128,L134,L140,L143,L148,L149,L150,L153,L154,L155,L156,L157,L158,L159,L160,L169,L178,L179,L182",40,True,relay_cascade,
1,20260708,L018->L132,L018,L132,True,False,0.0,0.0,0.0,1.000000000000023,"L018,L128,L132,L155,L156,L158",6,5.843020400623811,5.843020400623811,4,"L128,L155,L156,L158",4,True,non_critical,
1,20260708,L169->L178,L169,L178,True,True,36.82232008588366,36.82232008588366,0.0,1.0000000000000004,"L018,L019,L030,L040,L044,L045,L046,L054,L056,L060,L102,L104,L109,L110,L111,L113,L115,L128,L134,L140,L143,L148,L149,L150,L153,L154,L155,L156,L157,L158,L159,L160,L169,L178,L179,L182",36,59.68721345698053,59.68721345698053,34,"L018,L019,L030,L040,L044,L045,L046,L054,L056,L060,L102,L104,L109,L110,L111,L113,L115,L128,L134,L140,L143,L148,L149,L150,L153,L154,L155,L156,L157,L158,L159,L160,L179,L182",34,True,relay_cascade,
1,20260708,L181->L003,L181,L003,True,False,0.0,0.0,0.0,1.0,"L003,L018,L019,L030,L044,L045,L046,L054,L056,L060,L102,L104,L109,L110,L111,L112,L113,L115,L128,L134,L140,L143,L148,L149,L150,L153,L154,L155,L156,L157,L158,L159,L160,L169,L178,L179,L180,L181,L182",39,1.1055572358719297,1.1055572358719297,0,,37,False,non_critical,
1,20260708,L153->L030,L153,L030,True,True,36.82232008588366,36.82232008588366,0.0,1.0000000000000018,"L018,L019,L030,L039,L040,L044,L045,L046,L054,L056,L057,L060,L065,L078,L082,L092,L095,L102,L104,L109,L110,L111,L112,L113,L114,L115,L128,L134,L140,L143,L148,L149,L150,L153,L154,L155,L156,L157,L158,L160,L169,L178,L179,L182,L186",45,8.910322992822842,8.910322992822842,40,"L018,L019,L039,L040,L044,L045,L046,L054,L056,L057,L060,L065,L078,L082,L092,L095,L102,L104,L109,L110,L111,L112,L113,L114,L115,L134,L140,L143,L148,L149,L150,L154,L157,L158,L160,L169,L178,L179,L182,L186",43,True,relay_cascade,
1,20260708,L022->L104,L022,L104,True,False,0.0,0.0,0.0,1.0000000000000007,"L018,L019,L020,L022,L030,L039,L044,L045,L046,L054,L056,L060,L102,L104,L109,L110,L111,L112,L113,L115,L128,L134,L140,L143,L148,L149,L150,L153,L154,L155,L156,L157,L158,L159,L160,L169,L178,L179,L182",39,1.0708590723283622,1.0708590723283622,0,,37,False,non_critical,
1,20260708,L008->L041,L008,L041,True,False,0.0,0.0,0.0,1.0000000000000049,"L001,L008,L014,L015,L017,L018,L019,L020,L022,L026,L030,L037,L041,L044,L045,L046,L048,L056,L057,L060,L077,L078,L082,L095,L102,L104,L109,L110,L111,L112,L113,L115,L128,L134,L140,L143,L148,L149,L150,L153,L154,L155,L156,L157,L158,L159,L160,L169,L178,L179,L182",51,1.0104887246111092,1.0104887246111092,0,,49,False,non_critical,
1,20260708,L066->L163,L066,L163,True,False,0.0,0.0,0.0,1.000000000000023,"L066,L102,L163",3,1.0000000000004092,1.0000000000004092,0,,1,False,non_critical,
1,20260708,L148->L078,L148,L078,True,True,2.8616119104909092,0.0,2.8616119104909092,1.0000000000000075,"L074,L077,L078,L079,L128,L148,L155",7,2.4406887071594148,2.4406887071594148,3,"L074,L077,L079",5,True,relay_cascade,
1,20260708,L105->L181,L105,L181,True,True,20.772296104867053,20.772296104867053,0.0,1.000000000000009,"L018,L019,L030,L040,L044,L045,L046,L054,L060,L064,L065,L068,L102,L104,L105,L109,L110,L111,L113,L115,L128,L134,L140,L143,L148,L149,L150,L153,L154,L155,L156,L157,L158,L159,L160,L169,L178,L179,L181,L182",40,1.0007448092196576,1.0007448092196576,0,,38,False,island_only,
1,20260708,L024->L121,L024,L121,True,True,74.95325517572547,74.95325517572547,0.0,1.0000000000000009,"L018,L019,L024,L025,L026,L030,L040,L044,L045,L046,L054,L056,L060,L065,L102,L104,L109,L110,L111,L112,L113,L115,L121,L122,L128,L134,L140,L143,L148,L149,L150,L153,L154,L155,L156,L157,L158,L159,L160,L169,L178,L179,L182",43,1.9181548555435353,1.9181548555435353,2,"L065,L122",41,True,relay_cascade,
1,20260708,L054->L156,L054,L156,True,False,0.0,0.0,0.0,1.0000000000000275,"L018,L019,L030,L040,L044,L045,L046,L054,L060,L065,L102,L104,L109,L110,L111,L112,L113,L114,L115,L128,L134,L140,L143,L149,L150,L153,L154,L155,L156,L158,L159,L160,L169,L178,L179,L182,L186",37,0.8177989176474237,0.8177989176474237,0,,35,False,non_critical,
1,20260708,L160->L050,L160,L050,True,True,31.300605334860514,31.300605334860514,0.0,1.0000000000000029,"L018,L019,L030,L039,L044,L045,L046,L047,L050,L054,L056,L057,L060,L102,L104,L109,L110,L111,L112,L113,L115,L128,L134,L140,L143,L149,L150,L153,L154,L155,L156,L157,L158,L160,L169,L178,L179,L182",38,18.414632276686667,18.414632276686667,34,"L018,L019,L030,L039,L044,L045,L046,L047,L054,L056,L057,L060,L102,L104,L109,L110,L111,L112,L113,L115,L134,L140,L143,L149,L150,L153,L154,L156,L157,L158,L169,L178,L179,L182",36,True,relay_cascade,
1,20260708,L067->L097,L067,L097,True,False,0.0,0.0,0.0,1.0000000000000053,"L018,L060,L067,L091,L095,L097,L102",7,3.1808068821806805,3.1808068821806805,4,"L018,L060,L091,L095",5,True,non_critical,
1,20260708,L156->L123,L156,L123,True,False,0.0,0.0,0.0,1.000000000000017,"L115,L123,L128,L156",4,4.7860658183941585,4.7860658183941585,2,"L115,L128",2,True,non_critical,
1,20260708,L106->L172,L106,L172,True,False,0.0,0.0,0.0,1.000000000000007,"L102,L106,L169,L172",4,1.8152177580790698,1.8152177580790698,1,L169,2,True,non_critical,
1,20260708,L173->L111,L173,L111,True,False,0.0,0.0,0.0,1.000000000000023,"L111,L115,L173",3,1.2351967206432017,1.2351967206432017,1,L115,1,True,non_critical,
1,20260708,L064->L077,L064,L077,True,False,0.0,0.0,0.0,1.0000000000000073,"L064,L077",2,1.0318403351838052,1.0318403351838052,0,,0,False,non_critical,
1,20260708,L054->L137,L054,L137,True,False,0.0,0.0,0.0,1.0000000000000275,"L018,L019,L030,L040,L044,L045,L046,L054,L060,L065,L102,L104,L109,L110,L111,L112,L113,L114,L115,L128,L134,L137,L140,L143,L149,L150,L153,L154,L155,L156,L158,L159,L160,L169,L178,L179,L182,L186",38,0.929211722179718,0.929211722179718,0,,36,False,non_critical,
1,20260708,L179->L071,L179,L071,True,True,70.56694602954055,70.56694602954055,0.0,1.0000000000000004,"L018,L019,L030,L040,L044,L045,L046,L054,L056,L060,L071,L074,L082,L102,L104,L109,L110,L111,L113,L115,L128,L134,L140,L143,L148,L149,L150,L153,L154,L155,L156,L157,L158,L159,L160,L169,L178,L179,L182",39,2.835436866163336,2.835436866163336,2,"L074,L082",37,True,relay_cascade,
1,20260708,L025->L118,L025,L118,True,True,36.82232008588366,36.82232008588366,0.0,1.0000000000000184,"L018,L019,L025,L030,L040,L044,L045,L046,L054,L056,L060,L102,L104,L109,L110,L111,L113,L114,L115,L118,L128,L134,L140,L143,L148,L149,L150,L153,L154,L155,L156,L157,L158,L159,L160,L169,L178,L179,L182,L186",40,56.67022977400092,56.67022977400092,38,"L018,L019,L030,L040,L044,L045,L046,L054,L056,L060,L102,L104,L109,L110,L111,L113,L114,L115,L128,L134,L140,L143,L148,L149,L150,L153,L154,L155,L156,L157,L158,L159,L160,L169,L178,L179,L182,L186",38,True,relay_cascade,
1,20260708,L159->L109,L159,L109,True,False,0.0,0.0,0.0,1.0000000000000087,"L109,L111,L128,L155,L156,L158,L159",7,2.104848527494086,2.104848527494086,1,L111,5,True,non_critical,
1,20260708,L108->L156,L108,L156,True,False,0.0,0.0,0.0,1.0000000000000016,"L018,L019,L030,L040,L044,L045,L046,L054,L056,L060,L065,L102,L104,L108,L109,L110,L111,L113,L114,L115,L117,L128,L134,L140,L143,L148,L149,L150,L153,L154,L155,L156,L157,L158,L159,L160,L169,L178,L179,L182,L186",41,0.934620762373359,0.934620762373359,0,,39,False,non_critical,
1,20260708,L097->L049,L097,L049,True,False,0.0,0.0,0.0,1.0000000000000004,"L018,L019,L030,L040,L045,L046,L049,L056,L057,L060,L065,L070,L073,L075,L076,L077,L078,L080,L081,L082,L091,L092,L097,L100,L101,L102,L104,L109,L110,L111,L112,L113,L114,L115,L128,L134,L140,L143,L149,L150,L153,L154,L155,L156,L157,L158,L159,L160,L169,L178,L179,L182,L186",53,1.00486771036485,1.00486771036485,0,,51,False,non_critical,
1,20260708,L104->L142,L104,L142,True,False,0.0,0.0,0.0,1.000000000000023,"L104,L111,L115,L142",4,1.1564420793410233,1.1564420793410233,0,,2,False,non_critical,
1,20260708,L084->L024,L084,L024,True,True,36.82232008588366,36.82232008588366,0.0,1.0000000000000087,"L018,L019,L024,L025,L026,L030,L039,L040,L044,L045,L046,L054,L056,L057,L060,L084,L102,L109,L110,L111,L112,L113,L114,L115,L128,L134,L140,L143,L148,L149,L150,L153,L154,L155,L156,L157,L158,L159,L160,L169,L178,L179,L182",43,59.61643845607311,59.61643845607311,41,"L018,L019,L025,L026,L030,L039,L040,L044,L045,L046,L054,L056,L057,L060,L102,L109,L110,L111,L112,L113,L114,L115,L128,L134,L140,L143,L148,L149,L150,L153,L154,L155,L156,L157,L158,L159,L160,L169,L178,L179,L182",41,True,relay_cascade,
1,20260708,L023->L169,L023,L169,True,False,0.0,0.0,0.0,1.0000000000000002,"L018,L019,L023,L024,L026,L030,L040,L044,L045,L046,L054,L056,L060,L102,L104,L109,L110,L111,L112,L113,L115,L128,L134,L140,L143,L148,L149,L150,L153,L154,L155,L156,L157,L158,L159,L160,L169,L178,L179,L182",40,0.934620762373359,0.934620762373359,0,,38,False,non_critical,
1,20260708,L011->L106,L011,L106,True,False,0.0,0.0,0.0,1.0000000000000036,"L011,L018,L019,L030,L040,L044,L045,L046,L054,L056,L057,L060,L062,L063,L064,L065,L095,L102,L104,L106,L109,L110,L111,L112,L115,L128,L134,L140,L143,L149,L150,L153,L154,L155,L156,L157,L158,L159,L160,L169,L178,L179,L182",43,58.995497820543,58.995497820543,40,"L019,L030,L040,L044,L045,L046,L054,L056,L057,L060,L062,L063,L064,L065,L095,L102,L104,L109,L110,L111,L112,L115,L128,L134,L140,L143,L149,L150,L153,L154,L155,L156,L157,L158,L159,L160,L169,L178,L179,L182",41,True,non_critical,
1,20260708,L034->L172,L034,L172,True,False,0.0,0.0,0.0,1.0000000000000002,"L018,L019,L030,L034,L039,L040,L044,L045,L046,L054,L056,L060,L102,L104,L109,L110,L111,L112,L113,L115,L128,L134,L140,L143,L148,L149,L150,L153,L154,L155,L156,L157,L158,L159,L160,L169,L172,L178,L179,L182",40,0.934620762373359,0.934620762373359,0,,38,False,non_critical,
1,20260708,L163->L153,L163,L153,True,False,0.0,0.0,0.0,1.0000000000000184,"L018,L019,L030,L039,L044,L045,L046,L054,L056,L060,L065,L102,L104,L109,L110,L111,L112,L113,L115,L128,L134,L140,L143,L148,L149,L150,L153,L154,L155,L156,L157,L158,L160,L163,L164,L167,L169,L170,L172,L175,L178,L179,L182",43,1.0907310281165576,1.0907310281165576,0,,41,False,non_critical,
1,20260708,L165->L159,L165,L159,True,False,0.0,0.0,0.0,1.0000000000000735,"L018,L019,L030,L039,L044,L045,L046,L054,L056,L057,L060,L102,L104,L109,L110,L111,L112,L113,L115,L128,L134,L140,L143,L149,L150,L154,L155,L156,L158,L159,L160,L165,L169,L178,L179,L182",36,21.137361314369176,21.137361314369176,34,"L018,L019,L030,L039,L044,L045,L046,L054,L056,L057,L060,L102,L104,L109,L110,L111,L112,L113,L115,L128,L134,L140,L143,L149,L150,L154,L155,L156,L158,L160,L169,L178,L179,L182",34,True,non_critical,
1,20260708,L072->L034,L072,L034,True,True,41.04569367595296,41.04569367595296,0.0,1.0000000000000024,"L018,L019,L030,L034,L040,L044,L045,L046,L054,L056,L060,L072,L074,L082,L102,L109,L110,L111,L112,L113,L115,L128,L134,L140,L143,L148,L149,L150,L153,L154,L155,L156,L157,L158,L159,L160,L169,L178,L179,L182",40,0.934620762373359,0.934620762373359,0,,38,False,island_only,
1,20260708,L178->L114,L178,L114,True,False,0.0,0.0,0.0,1.0000000000000342,"L109,L111,L114,L115,L178",5,6.283473389359639,6.283473389359639,3,"L109,L111,L115",3,True,non_critical,
1,20260708,L131->L073,L131,L073,True,False,0.0,0.0,0.0,1.0000000000000275,"L073,L128,L131,L155",4,1.0040209869985333,1.0040209869985333,0,,2,False,non_critical,
1,20260708,L022->L101,L022,L101,True,False,0.0,0.0,0.0,1.0000000000000007,"L018,L019,L020,L022,L030,L039,L044,L045,L046,L054,L056,L060,L101,L102,L104,L109,L110,L111,L112,L113,L115,L128,L134,L140,L143,L148,L149,L150,L153,L154,L155,L156,L157,L158,L159,L160,L169,L178,L179,L182",40,1.0708590723283622,1.0708590723283622,0,,38,False,non_critical,
1,20260708,L016->L178,L016,L178,True,False,0.0,0.0,0.0,1.0000000000000004,"L016,L018,L019,L030,L039,L044,L045,L046,L054,L056,L057,L060,L102,L109,L110,L111,L112,L113,L115,L128,L134,L140,L143,L148,L149,L150,L153,L154,L155,L156,L157,L158,L159,L160,L169,L178,L179,L182",38,1.0625909556475854,1.0625909556475854,0,,36,False,non_critical,
1,20260708,L184->L151,L184,L151,True,True,16.350555809154557,16.350555809154557,0.0,1.0000000000000004,"L018,L019,L030,L039,L044,L045,L046,L054,L056,L060,L102,L104,L109,L110,L111,L112,L113,L115,L128,L134,L140,L143,L148,L149,L150,L151,L153,L154,L155,L156,L157,L158,L159,L160,L169,L178,L179,L182,L184",39,1.071474388755391,1.071474388755391,0,,37,False,island_only,
1,20260708,L082->L122,L082,L122,True,False,0.0,0.0,0.0,1.0000000000000107,"L082,L122",2,1.0100678830099745,1.0100678830099745,0,,0,False,non_critical,
1,20260708,L045->L136,L045,L136,True,False,0.0,0.0,0.0,1.0000000000000047,"L045,L128,L136,L155",4,3.9445859808757255,3.9445859808757255,2,"L128,L155",2,True,non_critical,
1,20260708,L045->L160,L045,L160,True,False,0.0,0.0,0.0,1.0000000000000675,"L045,L128,L155,L160",4,4.290101387685874,4.290101387685874,2,"L128,L155",2,True,non_critical,
1,20260708,L170->L035,L170,L035,True,True,60.73919829355475,60.73919829355475,0.0,1.0000000000000009,"L018,L019,L030,L035,L040,L044,L045,L046,L054,L056,L060,L102,L104,L109,L110,L111,L112,L113,L115,L128,L134,L140,L143,L148,L149,L150,L153,L154,L155,L156,L157,L158,L159,L160,L169,L170,L178,L179,L182",39,57.77635488652713,57.77635488652713,36,"L018,L019,L030,L040,L044,L045,L046,L054,L056,L060,L102,L104,L109,L110,L111,L112,L113,L115,L128,L134,L140,L143,L148,L149,L150,L153,L154,L155,L156,L157,L158,L159,L160,L178,L179,L182",37,True,relay_cascade,
1,20260708,L097->L101,L097,L101,True,False,0.0,0.0,0.0,1.0000000000000004,"L018,L019,L030,L040,L045,L046,L056,L057,L060,L065,L070,L073,L075,L076,L077,L078,L080,L081,L082,L091,L092,L097,L100,L101,L102,L104,L109,L110,L111,L112,L113,L114,L115,L128,L134,L140,L143,L149,L150,L153,L154,L155,L156,L157,L158,L159,L160,L169,L178,L179,L182,L186",52,1.0270430730095088,1.0270430730095088,0,,50,False,non_critical,
1,20260708,L125->L157,L125,L157,True,False,0.0,0.0,0.0,1.0000000000000675,"L125,L128,L155,L157",4,1.0551183349123543,1.0551183349123543,0,,2,False,non_critical,
1,20260708,L047->L176,L047,L176,True,False,0.0,0.0,0.0,1.0000000000000029,"L018,L019,L030,L039,L044,L045,L046,L047,L054,L056,L057,L060,L102,L109,L110,L111,L112,L113,L115,L128,L134,L140,L143,L148,L149,L150,L153,L154,L155,L156,L157,L158,L159,L160,L169,L176,L178,L179,L182",39,1.0907310281165576,1.0907310281165576,0,,37,False,non_critical,
1,20260708,L181->L173,L181,L173,True,False,0.0,0.0,0.0,1.0,"L018,L019,L030,L044,L045,L046,L054,L056,L060,L102,L104,L109,L110,L111,L112,L113,L115,L128,L134,L140,L143,L148,L149,L150,L153,L154,L155,L156,L157,L158,L159,L160,L169,L173,L178,L179,L180,L181,L182",39,0.934620762373359,0.934620762373359,0,,37,False,non_critical,
1,20260708,L185->L083,L185,L083,True,False,0.0,0.0,0.0,1.0000000000000004,"L018,L019,L030,L040,L044,L045,L046,L054,L056,L057,L060,L065,L083,L102,L104,L109,L110,L111,L113,L115,L128,L134,L140,L143,L148,L149,L150,L153,L154,L155,L156,L157,L158,L159,L160,L169,L178,L179,L182,L185,L186",41,0.9346207623733592,0.9346207623733592,0,,39,False,non_critical,
1,20260708,L094->L115,L094,L115,True,False,0.0,0.0,0.0,1.000000000000001,"L018,L019,L030,L040,L044,L045,L046,L048,L053,L055,L056,L057,L060,L065,L073,L075,L076,L077,L078,L080,L082,L084,L091,L092,L094,L095,L100,L101,L102,L104,L109,L111,L112,L113,L115,L128,L134,L140,L143,L148,L149,L150,L153,L154,L155,L156,L157,L158,L159,L160,L169,L178,L179,L182",54,0.9346207623733596,0.9346207623733596,0,,52,False,non_critical,
1,20260708,L131->L149,L131,L149,True,True,188.29405836841627,188.29405836841627,0.0,1.0000000000000184,"L018,L019,L030,L040,L044,L045,L046,L054,L056,L060,L065,L102,L104,L109,L110,L111,L113,L115,L128,L130,L131,L134,L140,L145,L146,L148,L149,L150,L153,L154,L155,L156,L157,L158,L160,L169,L178,L179,L182",39,15.189357137974355,15.189357137974355,35,"L018,L019,L030,L040,L044,L045,L046,L054,L056,L060,L065,L102,L104,L109,L110,L111,L113,L115,L130,L134,L140,L145,L146,L148,L150,L153,L154,L156,L157,L158,L160,L169,L178,L179,L182",37,True,relay_cascade,
1,20260708,L008->L097,L008,L097,True,False,0.0,0.0,0.0,1.0000000000000004,"L001,L008,L014,L015,L017,L018,L019,L020,L022,L026,L030,L037,L040,L044,L045,L046,L048,L056,L057,L060,L065,L077,L078,L082,L091,L095,L097,L102,L104,L109,L110,L111,L112,L113,L115,L128,L134,L140,L143,L148,L149,L150,L153,L154,L155,L156,L157,L158,L159,L160,L169,L178,L179,L182",54,2.9218988011936333,2.9218988011936333,3,"L040,L065,L091",52,True,non_critical,
1,20260708,L056->L035,L056,L035,True,True,60.73919829355475,60.73919829355475,0.0,1.0000000000000007,"L018,L019,L030,L035,L040,L044,L045,L046,L054,L056,L057,L060,L065,L095,L102,L104,L109,L110,L111,L112,L113,L115,L128,L134,L140,L143,L148,L149,L150,L153,L154,L155,L156,L157,L158,L159,L160,L169,L178,L179,L182",41,57.77463747262163,57.77463747262163,39,"L018,L019,L030,L040,L044,L045,L046,L054,L057,L060,L065,L095,L102,L104,L109,L110,L111,L112,L113,L115,L128,L134,L140,L143,L148,L149,L150,L153,L154,L155,L156,L157,L158,L159,L160,L169,L178,L179,L182",39,True,relay_cascade,
1,20260708,L135->L180,L135,L180,True,True,7.272188818003705,7.272188818003705,0.0,1.0000000000000184,"L018,L019,L030,L044,L045,L046,L054,L056,L060,L102,L109,L110,L111,L112,L113,L115,L128,L134,L135,L140,L143,L149,L153,L154,L155,L156,L158,L159,L160,L169,L178,L179,L180,L182",34,17.438990909037926,17.438990909037926,30,"L018,L019,L030,L044,L045,L046,L054,L056,L060,L102,L109,L110,L111,L112,L113,L115,L134,L140,L143,L149,L153,L154,L156,L158,L159,L160,L169,L178,L179,L182",32,True,relay_cascade,
1,20260708,L135->L066,L135,L066,True,False,0.0,0.0,0.0,1.0000000000000087,"L045,L060,L065,L066,L077,L078,L102,L104,L109,L111,L115,L128,L135,L155",14,2.4803714584302003,2.4803714584302003,10,"L045,L060,L065,L077,L078,L102,L104,L109,L111,L115",12,True,non_critical,
1,20260708,L101->L009,L101,L009,True,True,25.67010059251546,25.67010059251546,0.0,1.0000000000000087,"L009,L018,L019,L020,L022,L030,L045,L046,L060,L065,L101,L102,L104,L106,L109,L110,L111,L113,L115,L128,L134,L140,L143,L149,L150,L153,L154,L155,L156,L158,L159,L160,L169,L178,L179,L182",36,66.20795932708626,66.20795932708626,33,"L018,L019,L020,L022,L030,L045,L046,L060,L065,L104,L106,L109,L110,L111,L113,L115,L128,L134,L140,L143,L149,L150,L153,L154,L155,L156,L158,L159,L160,L169,L178,L179,L182",34,True,relay_cascade,
1,20260708,L137->L148,L137,L148,True,True,36.82232008588366,36.82232008588366,0.0,1.0000000000000042,"L018,L019,L030,L040,L044,L045,L046,L054,L056,L057,L060,L065,L102,L104,L109,L110,L111,L113,L115,L128,L133,L134,L136,L137,L140,L148,L149,L150,L153,L155,L156,L157,L158,L159,L169,L178,L179,L182",38,1.533412231546758,1.533412231546758,1,L157,36,True,relay_cascade,
1,20260708,L186->L042,L186,L042,True,True,36.82232008588366,36.82232008588366,0.0,1.0000000000000013,"L018,L019,L030,L042,L044,L045,L046,L054,L056,L060,L102,L104,L109,L110,L111,L112,L113,L115,L128,L134,L140,L143,L148,L149,L150,L153,L154,L155,L156,L157,L158,L159,L160,L169,L178,L179,L182,L186",38,59.68934664513464,59.68934664513464,36,"L018,L019,L030,L044,L045,L046,L054,L056,L060,L102,L104,L109,L110,L111,L112,L113,L115,L128,L134,L140,L143,L148,L149,L150,L153,L154,L155,L156,L157,L158,L159,L160,L169,L178,L179,L182",36,True,relay_cascade,
1,20260708,L119->L047,L119,L047,True,True,31.300605334860514,31.300605334860514,0.0,1.0000000000000004,"L018,L019,L030,L040,L044,L045,L046,L047,L054,L056,L060,L102,L109,L110,L111,L112,L113,L114,L115,L119,L120,L126,L127,L128,L134,L140,L143,L148,L153,L154,L155,L156,L157,L158,L159,L160,L169,L178,L179,L182,L186",41,11.848693958336689,11.848693958336689,35,"L018,L019,L030,L040,L044,L045,L046,L054,L056,L060,L102,L109,L110,L111,L112,L113,L114,L120,L126,L127,L134,L140,L143,L148,L153,L154,L156,L157,L158,L159,L160,L169,L178,L179,L182",39,True,relay_cascade,
1,20260708,L090->L102,L090,L102,True,False,0.0,0.0,0.0,1.000000000000023,"L090,L091,L092,L102",4,1.000000000000341,1.000000000000341,0,,2,False,non_critical,
1,20260708,L110->L042,L110,L042,True,False,0.0,0.0,0.0,1.0000000000000735,"L018,L019,L030,L040,L042,L044,L045,L046,L054,L056,L057,L060,L102,L104,L109,L110,L111,L115,L128,L134,L140,L143,L148,L149,L150,L153,L154,L155,L156,L157,L158,L159,L160,L169,L178,L179,L182",37,0.9346207623733596,0.9346207623733596,0,,35,False,non_critical,
1,20260708,L110->L174,L110,L174,True,False,0.0,0.0,0.0,1.0000000000000735,"L018,L019,L030,L040,L044,L045,L046,L054,L056,L057,L060,L102,L104,L109,L110,L111,L115,L128,L134,L140,L143,L148,L149,L150,L153,L154,L155,L156,L157,L158,L159,L160,L169,L174,L178,L179,L182",37,0.9346207623733596,0.9346207623733596,0,,35,False,non_critical,
1,20260708,L014->L020,L014,L020,True,False,0.0,0.0,0.0,1.000000000000023,"L014,L018,L020",3,1.8670525023833944,1.8670525023833944,1,L018,1,True,non_critical,
1,20260708,L071->L172,L071,L172,True,False,0.0,0.0,0.0,1.0000000000000049,"L018,L019,L030,L040,L044,L045,L046,L054,L060,L071,L074,L082,L102,L109,L110,L111,L112,L113,L115,L128,L134,L140,L143,L148,L149,L150,L153,L154,L155,L156,L157,L158,L159,L160,L169,L172,L178,L179,L182",39,0.8514500909074709,0.8514500909074709,0,,37,False,non_critical,
1,20260708,L081->L037,L081,L037,True,True,109.56703147740156,109.56703147740156,0.0,1.000000000000001,"L006,L012,L015,L017,L018,L019,L020,L030,L037,L044,L045,L046,L060,L077,L078,L081,L082,L102,L109,L110,L111,L112,L113,L115,L128,L129,L130,L131,L134,L140,L143,L149,L150,L153,L154,L155,L156,L157,L158,L159,L160,L169,L178,L179,L182",45,60.20007498353529,60.20007498353529,39,"L006,L012,L015,L017,L018,L019,L020,L030,L044,L045,L046,L060,L109,L110,L111,L112,L113,L115,L128,L129,L130,L131,L134,L140,L143,L149,L150,L153,L154,L155,L156,L157,L158,L159,L160,L169,L178,L179,L182",43,True,relay_cascade,
1,20260708,L093->L117,L093,L117,True,False,0.0,0.0,0.0,1.000000000000001,"L018,L019,L030,L040,L044,L045,L046,L048,L053,L055,L056,L057,L060,L065,L073,L075,L076,L077,L078,L080,L082,L084,L091,L092,L093,L095,L100,L101,L102,L104,L109,L111,L112,L113,L115,L117,L128,L134,L140,L143,L148,L149,L150,L153,L154,L155,L156,L157,L158,L159,L160,L169,L178,L179,L182",55,0.9346207623733596,0.9346207623733596,0,,53,False,non_critical,
1,20260708,L100->L042,L100,L042,True,True,77.86801376183662,77.86801376183662,0.0,1.0000000000000002,"L018,L019,L030,L034,L035,L039,L040,L042,L044,L045,L046,L054,L056,L060,L100,L102,L104,L109,L110,L111,L112,L113,L114,L115,L128,L134,L140,L143,L148,L149,L150,L153,L154,L155,L156,L157,L158,L159,L160,L169,L178,L179,L182",43,58.54258037679408,58.54258037679408,40,"L018,L019,L030,L034,L035,L039,L040,L044,L045,L046,L054,L056,L060,L104,L109,L110,L111,L112,L113,L114,L115,L128,L134,L140,L143,L148,L149,L150,L153,L154,L155,L156,L157,L158,L159,L160,L169,L178,L179,L182",41,True,relay_cascade,
1,20260708,L042->L089,L042,L089,True,False,0.0,0.0,0.0,1.000000000000009,"L018,L019,L030,L042,L044,L045,L046,L054,L056,L060,L089,L102,L104,L109,L110,L111,L112,L113,L115,L128,L134,L140,L143,L148,L149,L150,L153,L154,L155,L156,L157,L158,L159,L160,L169,L178,L179,L182",38,0.934620762373359,0.934620762373359,0,,36,False,non_critical,
1,20260708,L156->L125,L156,L125,True,True,13.298257584545325,0.0,13.298257584545325,1.0000000000000682,"L115,L125,L128,L156",4,3.5532564804547917,3.5532564804547917,2,"L115,L128",2,True,relay_cascade,
1,20260708,L121->L028,L121,L028,True,True,32.235359849353586,32.235359849353586,0.0,1.000000000000003,"L018,L019,L025,L028,L030,L040,L044,L045,L046,L054,L056,L057,L060,L065,L102,L104,L109,L110,L111,L113,L115,L121,L122,L128,L134,L140,L143,L148,L149,L150,L153,L154,L155,L156,L157,L158,L159,L160,L169,L178,L179,L182",42,1.5593211065130153,1.5593211065130153,1,L025,40,True,relay_cascade,
1,20260708,L014->L142,L014,L142,True,False,0.0,0.0,0.0,1.000000000000023,"L014,L142",2,1.1562982240467854,1.1562982240467854,0,,0,False,non_critical,
1,20260708,L078->L108,L078,L108,True,True,36.82232008588366,36.82232008588366,0.0,1.0000000000000004,"L018,L019,L030,L040,L044,L045,L046,L054,L056,L057,L060,L065,L077,L078,L082,L095,L102,L104,L108,L109,L110,L111,L112,L113,L114,L115,L128,L134,L140,L143,L148,L149,L150,L153,L154,L155,L156,L157,L158,L159,L160,L169,L178,L179,L182",45,57.809394726966474,57.809394726966474,43,"L018,L019,L030,L040,L044,L045,L046,L054,L056,L057,L060,L065,L077,L082,L095,L102,L104,L109,L110,L111,L112,L113,L114,L115,L128,L134,L140,L143,L148,L149,L150,L153,L154,L155,L156,L157,L158,L159,L160,L169,L178,L179,L182",43,True,relay_cascade,
1,20260708,L136->L078,L136,L078,True,False,0.0,0.0,0.0,1.0000000000000007,"L018,L019,L030,L040,L044,L045,L046,L054,L056,L060,L078,L102,L104,L109,L110,L111,L113,L115,L128,L133,L134,L135,L136,L140,L144,L145,L146,L148,L149,L150,L153,L154,L155,L156,L157,L158,L160,L169,L178,L179,L182",41,0.9346207623733592,0.9346207623733592,0,,39,False,non_critical,
1,20260708,L118->L151,L118,L151,True,True,16.350555809154557,16.350555809154557,0.0,1.0000000000000049,"L018,L019,L030,L040,L044,L045,L046,L054,L056,L057,L060,L065,L102,L104,L109,L110,L111,L113,L115,L118,L128,L134,L140,L143,L148,L149,L150,L151,L153,L154,L155,L156,L157,L158,L159,L160,L169,L178,L179,L182,L185,L186",42,0.934620762373359,0.934620762373359,0,,40,False,island_only,
1,20260708,L067->L154,L067,L154,True,False,0.0,0.0,0.0,1.000000000000023,"L067,L102,L128,L154,L155",5,12.349995895822065,12.349995895822065,2,"L128,L155",3,True,non_critical,
1,20260708,L136->L141,L136,L141,True,False,0.0,0.0,0.0,1.0000000000000004,"L018,L019,L030,L040,L044,L045,L046,L054,L056,L060,L102,L104,L109,L110,L111,L113,L115,L128,L133,L134,L135,L136,L140,L141,L144,L145,L146,L148,L149,L150,L153,L154,L155,L156,L157,L158,L160,L169,L178,L179,L182",41,0.934620762373359,0.934620762373359,0,,39,False,non_critical,
1,20260708,L172->L129,L172,L129,True,True,58.608730684473244,58.608730684473244,0.0,1.0000000000000004,"L018,L019,L030,L040,L044,L045,L046,L054,L056,L057,L060,L065,L095,L102,L104,L109,L110,L111,L113,L115,L128,L129,L134,L140,L143,L149,L150,L153,L154,L155,L156,L158,L159,L160,L169,L172,L178,L179,L182",39,47.04065160416659,47.04065160416659,37,"L018,L019,L030,L040,L044,L045,L046,L054,L056,L057,L060,L065,L095,L102,L104,L109,L110,L111,L113,L115,L128,L134,L140,L143,L149,L150,L153,L154,L155,L156,L158,L159,L160,L169,L178,L179,L182",37,True,relay_cascade,
1,20260708,L142->L059,L142,L059,True,True,55.16881804675853,55.16881804675853,0.0,1.0000000000000004,"L018,L019,L030,L040,L044,L045,L046,L054,L056,L057,L059,L060,L102,L109,L110,L111,L112,L113,L115,L128,L134,L140,L142,L143,L148,L149,L150,L153,L154,L155,L156,L157,L158,L159,L160,L169,L178,L179,L182",39,56.482120344470026,56.482120344470026,36,"L018,L019,L030,L040,L044,L045,L046,L054,L056,L057,L060,L102,L109,L110,L111,L112,L113,L115,L134,L140,L143,L148,L149,L150,L153,L154,L155,L156,L157,L158,L159,L160,L169,L178,L179,L182",37,True,relay_cascade,
1,20260708,L025->L165,L025,L165,True,False,0.0,0.0,0.0,1.0000000000000122,"L025,L165",2,1.122543000791857,1.122543000791857,0,,0,False,non_critical,
1,20260708,L091->L105,L091,L105,True,False,0.0,0.0,0.0,1.0000000000000009,"L018,L019,L030,L040,L044,L045,L046,L054,L056,L057,L060,L065,L091,L095,L102,L104,L105,L106,L109,L110,L111,L112,L113,L115,L128,L134,L140,L143,L149,L150,L153,L154,L155,L156,L157,L158,L159,L160,L169,L178,L179,L182",42,57.65765726552973,57.65765726552973,40,"L018,L019,L030,L040,L044,L045,L046,L054,L056,L057,L060,L065,L095,L102,L104,L106,L109,L110,L111,L112,L113,L115,L128,L134,L140,L143,L149,L150,L153,L154,L155,L156,L157,L158,L159,L160,L169,L178,L179,L182",40,True,non_critical,
1,20260708,L163->L143,L163,L143,True,False,0.0,0.0,0.0,1.0000000000000184,"L018,L019,L030,L039,L044,L045,L046,L054,L056,L060,L065,L102,L104,L109,L110,L111,L112,L113,L115,L128,L134,L140,L143,L148,L149,L150,L153,L154,L155,L156,L157,L158,L160,L163,L164,L167,L169,L170,L172,L175,L178,L179,L182",43,1.0907310281165576,1.0907310281165576,0,,41,False,non_critical,
1,20260708,L030->L029,L030,L029,True,True,79.13039712130427,79.13039712130427,0.0,1.0000000000000004,"L018,L019,L024,L025,L029,L030,L044,L045,L046,L054,L056,L060,L102,L104,L109,L110,L111,L112,L113,L115,L128,L134,L140,L143,L148,L149,L150,L153,L154,L155,L156,L157,L158,L159,L160,L169,L178,L179,L182",39,57.18328748679485,57.18328748679485,37,"L018,L019,L024,L025,L044,L045,L046,L054,L056,L060,L102,L104,L109,L110,L111,L112,L113,L115,L128,L134,L140,L143,L148,L149,L150,L153,L154,L155,L156,L157,L158,L159,L160,L169,L178,L179,L182",37,True,relay_cascade,
1,20260708,L089->L084,L089,L084,True,False,0.0,0.0,0.0,1.0000000000000053,"L084,L089",2,1.008766249193542,1.008766249193542,0,,0,False,non_critical,
1,20260708,L043->L023,L043,L023,True,True,36.82232008588366,36.82232008588366,0.0,1.0000000000000004,"L018,L019,L023,L025,L026,L030,L040,L043,L044,L045,L046,L054,L056,L057,L060,L102,L109,L110,L111,L112,L113,L115,L128,L134,L140,L143,L148,L149,L150,L153,L154,L155,L156,L157,L158,L159,L160,L169,L178,L179,L182",41,58.03863432113386,58.03863432113386,37,"L018,L019,L025,L026,L030,L040,L044,L045,L046,L054,L056,L057,L060,L102,L109,L110,L111,L112,L113,L115,L128,L134,L140,L143,L148,L149,L150,L153,L154,L155,L156,L157,L158,L159,L160,L169,L179",39,True,relay_cascade,
1,20260708,L015->L140,L015,L140,True,False,0.0,0.0,0.0,1.0000000000000122,"L015,L140",2,1.1978446590894531,1.1978446590894531,0,,0,False,non_critical,
1,20260708,L122->L001,L122,L001,True,False,0.0,0.0,0.0,1.0000000000000073,"L001,L122,L128",3,1.0008205708396123,1.0008205708396123,0,,1,False,non_critical,
1,20260708,L022->L133,L022,L133,True,True,20.77635989697293,20.77635989697293,0.0,1.0000000000000007,"L018,L019,L020,L022,L030,L039,L044,L045,L046,L054,L056,L060,L102,L104,L109,L110,L111,L112,L113,L115,L128,L133,L134,L140,L143,L148,L149,L150,L153,L154,L155,L156,L157,L158,L159,L160,L169,L178,L179,L182",40,1.0708590723283622,1.0708590723283622,0,,38,False,island_only,
1,20260708,L001->L125,L001,L125,True,True,13.298257584545592,0.0,13.298257584545592,1.0000000000000342,"L001,L115,L125,L128",4,3.723806784012784,3.723806784012784,2,"L115,L128",2,True,relay_cascade,
1,20260708,L162->L064,L162,L064,True,False,0.0,0.0,0.0,1.0000000000000047,"L064,L128,L155,L162",4,1.0106577905910945,1.0106577905910945,0,,2,False,non_critical,
1,20260708,L128->L136,L128,L136,True,False,0.0,0.0,0.0,1.0000000000000075,"L128,L136,L155",3,1.8824731056713626,1.8824731056713626,1,L155,1,True,non_critical,
1,20260708,L160->L017,L160,L017,True,True,51.506419351557014,51.506419351557014,0.0,1.0000000000000144,"L017,L018,L019,L030,L039,L044,L045,L046,L054,L056,L060,L102,L109,L110,L111,L112,L113,L115,L128,L134,L140,L143,L148,L149,L150,L153,L154,L155,L156,L157,L158,L160,L169,L178,L179,L182",36,17.516262581701195,17.516262581701195,32,"L018,L019,L030,L039,L044,L045,L046,L054,L056,L060,L102,L109,L110,L111,L112,L113,L115,L134,L140,L143,L148,L149,L150,L153,L154,L156,L157,L158,L169,L178,L179,L182",34,True,relay_cascade,
1,20260708,L010->L090,L010,L090,True,True,126.01555459277004,126.01555459277004,0.0,1.0000000000000022,"L010,L018,L019,L030,L039,L044,L045,L046,L054,L056,L057,L060,L065,L089,L090,L091,L092,L095,L102,L104,L109,L110,L111,L112,L113,L115,L126,L127,L128,L129,L130,L131,L132,L134,L135,L140,L143,L148,L149,L150,L153,L154,L155,L156,L157,L158,L159,L160,L169,L178,L179,L182",52,62.06045524157557,62.06045524157557,49,"L019,L030,L039,L044,L045,L046,L054,L056,L057,L060,L065,L089,L091,L092,L095,L102,L104,L109,L110,L111,L112,L113,L115,L126,L127,L128,L129,L130,L131,L132,L134,L135,L140,L143,L148,L149,L150,L153,L154,L155,L156,L157,L158,L159,L160,L169,L178,L179,L182",50,True,relay_cascade,
1,20260708,L179->L006,L179,L006,True,False,0.0,0.0,0.0,1.0,"L006,L018,L019,L030,L040,L044,L045,L046,L054,L056,L060,L102,L104,L109,L110,L111,L113,L115,L128,L134,L140,L143,L148,L149,L150,L153,L154,L155,L156,L157,L158,L159,L160,L169,L178,L179,L182",37,0.934620762373359,0.934620762373359,0,,35,False,non_critical,
1,20260708,L141->L072,L141,L072,True,True,42.88779933795389,42.88779933795389,0.0,1.0000000000000029,"L018,L019,L030,L039,L044,L045,L046,L054,L056,L060,L065,L072,L074,L102,L104,L109,L110,L111,L112,L113,L115,L128,L129,L130,L134,L140,L141,L142,L143,L148,L149,L150,L153,L154,L155,L156,L157,L158,L159,L160,L169,L178,L179,L182",44,1.6230697917363572,1.6230697917363572,1,L074,42,True,relay_cascade,
1,20260708,L016->L083,L016,L083,True,False,0.0,0.0,0.0,1.0000000000000036,"L016,L018,L019,L030,L039,L044,L045,L046,L054,L056,L057,L060,L083,L102,L109,L110,L111,L112,L113,L115,L128,L134,L140,L143,L148,L149,L150,L153,L154,L155,L156,L157,L158,L159,L160,L169,L178,L179,L182",39,1.0625909556475854,1.0625909556475854,0,,37,False,non_critical,
1,20260708,L073->L186,L073,L186,True,False,0.0,0.0,0.0,1.000000000000004,"L073,L186",2,1.0129883276540874,1.0129883276540874,0,,0,False,non_critical,
1,20260708,L171->L083,L171,L083,True,False,0.0,0.0,0.0,1.000000000000023,"L083,L171",2,1.0026373670567577,1.0026373670567577,0,,0,False,non_critical,
1,20260708,L011->L049,L011,L049,True,True,36.82232008588366,36.82232008588366,0.0,1.0000000000000413,"L011,L018,L019,L030,L040,L044,L045,L046,L049,L054,L056,L060,L102,L104,L109,L110,L111,L112,L113,L115,L128,L134,L140,L143,L148,L149,L150,L153,L154,L155,L156,L157,L158,L159,L160,L169,L178,L179,L182",39,58.828809683260744,58.828809683260744,36,"L019,L030,L040,L044,L045,L046,L054,L056,L060,L102,L104,L109,L110,L111,L112,L113,L115,L128,L134,L140,L143,L148,L149,L150,L153,L154,L155,L156,L157,L158,L159,L160,L169,L178,L179,L182",37,True,relay_cascade,
1,20260708,L103->L025,L103,L025,True,False,0.0,0.0,0.0,1.000000000000012,"L025,L102,L103",3,1.0027228158871981,1.0027228158871981,0,,1,False,non_critical,
1,20260708,L048->L019,L048,L019,True,False,0.0,0.0,0.0,1.0000000000000369,"L018,L019,L030,L039,L044,L045,L046,L048,L054,L056,L057,L060,L102,L109,L110,L111,L112,L113,L115,L128,L134,L140,L143,L148,L149,L150,L153,L154,L155,L156,L157,L158,L159,L160,L169,L178,L179,L182",38,1.0907310281165576,1.0907310281165576,0,,36,False,non_critical,
1,20260708,L024->L044,L024,L044,True,False,0.0,0.0,0.0,1.0000000000000002,"L018,L019,L024,L025,L026,L030,L040,L044,L045,L046,L054,L056,L060,L102,L104,L109,L110,L111,L112,L113,L115,L128,L134,L140,L143,L148,L149,L150,L153,L154,L155,L156,L157,L158,L159,L160,L169,L178,L179,L182",40,0.934620762373359,0.934620762373359,0,,38,False,non_critical,
1,20260708,L158->L135,L158,L135,True,False,0.0,0.0,0.0,1.0000000000000022,"L128,L135,L155,L156,L158",5,2.773757231689684,2.773757231689684,1,L156,3,True,non_critical,
1,20260708,L177->L126,L177,L126,True,False,0.0,0.0,0.0,1.0000000000000275,"L018,L019,L030,L040,L044,L045,L046,L054,L056,L060,L102,L104,L109,L110,L111,L112,L113,L115,L126,L128,L134,L140,L143,L148,L149,L150,L153,L154,L155,L156,L157,L158,L159,L160,L169,L175,L177,L178,L179,L182",40,0.934620762373359,0.934620762373359,0,,38,False,non_critical,
1,20260708,L154->L131,L154,L131,True,True,77.36714366189312,77.36714366189312,0.0,1.0000000000000042,"L018,L019,L030,L040,L044,L045,L046,L054,L056,L057,L060,L065,L102,L104,L109,L110,L111,L113,L115,L128,L130,L131,L134,L140,L149,L150,L153,L154,L155,L156,L158,L159,L160,L169,L178,L179,L182",37,15.18935713797438,15.18935713797438,33,"L018,L019,L030,L040,L044,L045,L046,L054,L056,L057,L060,L065,L102,L104,L109,L110,L111,L113,L115,L130,L134,L140,L149,L150,L153,L156,L158,L159,L160,L169,L178,L179,L182",35,True,relay_cascade,
1,20260708,L186->L104,L186,L104,True,True,36.82232008588366,36.82232008588366,0.0,1.0000000000000018,"L018,L019,L030,L040,L044,L045,L046,L054,L056,L057,L060,L065,L078,L082,L092,L095,L102,L104,L109,L110,L111,L112,L113,L114,L115,L128,L134,L140,L143,L148,L149,L150,L153,L154,L155,L156,L157,L158,L159,L160,L169,L178,L179,L182,L186",45,60.852521533352004,60.852521533352004,43,"L018,L019,L030,L040,L044,L045,L046,L054,L056,L057,L060,L065,L078,L082,L092,L095,L102,L109,L110,L111,L112,L113,L114,L115,L128,L134,L140,L143,L148,L149,L150,L153,L154,L155,L156,L157,L158,L159,L160,L169,L178,L179,L182",43,True,relay_cascade,
1,20260708,L022->L171,L022,L171,True,False,0.0,0.0,0.0,1.0000000000000007,"L018,L019,L020,L022,L030,L039,L044,L045,L046,L054,L056,L060,L102,L104,L109,L110,L111,L112,L113,L115,L128,L134,L140,L143,L148,L149,L150,L153,L154,L155,L156,L157,L158,L159,L160,L169,L171,L178,L179,L182",40,1.0708590723283622,1.0708590723283622,0,,38,False,non_critical,
1,20260708,L167->L120,L167,L120,True,False,0.0,0.0,0.0,1.0000000000000024,"L018,L019,L030,L040,L044,L045,L046,L054,L056,L060,L065,L102,L104,L109,L110,L111,L113,L115,L120,L128,L129,L130,L131,L132,L134,L140,L143,L148,L149,L150,L153,L154,L155,L156,L157,L158,L159,L160,L167,L169,L170,L178,L179,L182",44,0.9346207623733587,0.9346207623733587,0,,42,False,non_critical,
1,20260708,L019->L122,L019,L122,True,False,0.0,0.0,0.0,1.0000000000000342,"L019,L122,L128",3,1.316931584185399,1.316931584185399,1,L128,1,True,non_critical,
1,20260708,L090->L094,L090,L094,True,True,38.27781651524203,38.27781651524203,0.0,1.0,"L018,L019,L040,L045,L046,L056,L057,L060,L062,L064,L065,L077,L078,L080,L082,L083,L084,L089,L090,L091,L092,L094,L095,L102,L104,L106,L109,L110,L111,L112,L113,L115,L128,L134,L140,L143,L149,L150,L153,L154,L155,L156,L157,L158,L159,L160,L169,L178,L179,L182",50,52.22298463476304,52.22298463476304,45,"L018,L019,L040,L045,L046,L056,L057,L060,L062,L064,L065,L077,L078,L080,L082,L083,L084,L089,L095,L104,L106,L109,L110,L111,L112,L113,L115,L128,L134,L140,L143,L149,L150,L153,L154,L155,L156,L157,L158,L159,L160,L169,L178,L179,L182",48,True,relay_cascade,
1,20260708,L144->L106,L144,L106,True,True,175.88576029994852,175.88576029994852,0.0,1.0000000000000029,"L018,L019,L030,L039,L044,L045,L046,L054,L056,L057,L060,L062,L063,L064,L065,L077,L078,L082,L095,L102,L104,L105,L106,L109,L110,L111,L112,L113,L114,L115,L128,L129,L134,L140,L143,L144,L145,L149,L150,L153,L154,L155,L156,L158,L159,L160,L169,L178,L179,L182",50,8.709368057209588,8.709368057209588,45,"L018,L019,L030,L039,L044,L045,L046,L054,L056,L057,L060,L062,L063,L064,L065,L077,L078,L082,L095,L102,L104,L105,L109,L110,L111,L112,L113,L114,L115,L129,L134,L140,L143,L145,L149,L150,L153,L154,L158,L159,L160,L169,L178,L179,L182",48,True,relay_cascade,
1,20260708,L141->L092,L141,L092,True,False,0.0,0.0,0.0,1.0000000000000029,"L018,L019,L030,L039,L044,L045,L046,L054,L056,L060,L065,L092,L102,L104,L109,L110,L111,L112,L113,L115,L128,L129,L130,L134,L140,L141,L142,L143,L148,L149,L150,L153,L154,L155,L156,L157,L158,L159,L160,L169,L178,L179,L182",43,1.0907310281165576,1.0907310281165576,0,,41,False,non_critical,
1,20260708,L010->L132,L010,L132,True,False,0.0,0.0,0.0,1.000000000000007,"L010,L018,L128,L132,L155,L156,L158",7,5.843020381416042,5.843020381416042,4,"L128,L155,L156,L158",5,True,non_critical,
1,20260708,L051->L182,L051,L182,True,False,0.0,0.0,0.0,1.0000000000000004,"L018,L019,L024,L026,L030,L040,L044,L045,L046,L048,L051,L057,L058,L059,L060,L065,L074,L077,L078,L082,L091,L093,L094,L095,L102,L104,L109,L110,L111,L112,L113,L115,L128,L134,L140,L143,L148,L149,L150,L153,L154,L155,L156,L157,L158,L159,L160,L169,L178,L179,L182",51,1.1915116286083183,1.1915116286083183,0,,49,False,non_critical,
1,20260708,L036->L073,L036,L073,True,False,0.0,0.0,0.0,1.000000000000006,"L017,L018,L019,L020,L025,L030,L036,L039,L044,L045,L046,L048,L054,L056,L057,L060,L073,L102,L109,L110,L111,L113,L115,L128,L134,L140,L143,L148,L149,L150,L153,L154,L155,L156,L157,L158,L159,L160,L169,L178,L179,L182",42,0.9346207623733583,0.9346207623733583,0,,40,False,non_critical,
1,20260708,L173->L048,L173,L048,True,True,59.32777684747769,59.32777684747769,0.0,1.0000000000000369,"L018,L019,L030,L039,L044,L045,L046,L048,L054,L056,L057,L060,L102,L109,L110,L111,L112,L113,L115,L128,L134,L140,L143,L148,L149,L150,L153,L154,L155,L156,L157,L158,L159,L160,L169,L173,L178,L179,L182",39,57.84783325950323,57.84783325950323,37,"L018,L019,L030,L039,L044,L045,L046,L054,L056,L057,L060,L102,L109,L110,L111,L112,L113,L115,L128,L134,L140,L143,L148,L149,L150,L153,L154,L155,L156,L157,L158,L159,L160,L169,L178,L179,L182",37,True,relay_cascade,
1,20260708,L044->L021,L044,L021,True,True,89.19323450688638,89.19323450688638,0.0,1.0000000000000275,"L018,L019,L021,L024,L026,L030,L040,L044,L045,L046,L054,L060,L065,L102,L104,L109,L110,L111,L112,L113,L115,L128,L129,L130,L131,L132,L134,L140,L143,L149,L150,L153,L154,L155,L156,L157,L158,L159,L160,L169,L178,L179,L182",43,57.2659857639067,57.2659857639067,41,"L018,L019,L024,L026,L030,L040,L045,L046,L054,L060,L065,L102,L104,L109,L110,L111,L112,L113,L115,L128,L129,L130,L131,L132,L134,L140,L143,L149,L150,L153,L154,L155,L156,L157,L158,L159,L160,L169,L178,L179,L182",41,True,relay_cascade,
1,20260708,L028->L017,L028,L017,True,True,14.684099265673353,14.684099265673353,0.0,1.0000000000000184,"L017,L018,L019,L025,L026,L028,L030,L044,L045,L046,L054,L056,L060,L102,L104,L109,L110,L111,L112,L113,L114,L115,L128,L134,L140,L143,L148,L149,L150,L153,L154,L155,L156,L157,L158,L159,L160,L169,L178,L179,L182",41,1.1664396943444826,1.1664396943444826,0,,39,False,island_only,
1,20260708,L157->L042,L157,L042,True,True,41.04569367595296,41.04569367595296,0.0,1.0000000000000184,"L018,L019,L030,L034,L035,L039,L040,L042,L044,L045,L046,L054,L056,L060,L102,L109,L110,L111,L112,L113,L114,L115,L128,L134,L140,L143,L148,L153,L154,L155,L156,L157,L158,L159,L160,L169,L178,L179,L182",39,6.776292373638615,6.776292373638615,35,"L018,L019,L030,L034,L035,L039,L040,L044,L045,L046,L054,L056,L060,L102,L109,L110,L111,L112,L113,L114,L115,L134,L140,L143,L148,L153,L154,L156,L158,L159,L160,L169,L178,L179,L182",37,True,relay_cascade,
1,20260708,L047->L059,L047,L059,True,True,18.346497960874867,18.346497960874867,0.0,1.0000000000000029,"L018,L019,L030,L039,L044,L045,L046,L047,L054,L056,L057,L059,L060,L102,L109,L110,L111,L112,L113,L115,L128,L134,L140,L143,L148,L149,L150,L153,L154,L155,L156,L157,L158,L159,L160,L169,L178,L179,L182",39,1.0907310281165576,1.0907310281165576,0,,37,False,island_only,
1,20260708,L104->L002,L104,L002,True,True,36.82232008588366,36.82232008588366,0.0,1.0000000000000002,"L001,L002,L018,L019,L030,L040,L044,L045,L046,L054,L056,L060,L065,L102,L104,L109,L110,L111,L112,L113,L114,L115,L128,L134,L140,L143,L148,L149,L150,L153,L154,L155,L156,L157,L158,L159,L160,L169,L178,L179,L182,L186",42,58.63241513207317,58.63241513207317,38,"L001,L018,L019,L030,L040,L044,L045,L046,L054,L056,L060,L065,L102,L109,L110,L112,L113,L114,L128,L134,L140,L143,L148,L149,L150,L153,L154,L155,L156,L157,L158,L159,L160,L169,L178,L179,L182,L186",40,True,relay_cascade,
1,20260708,L130->L090,L130,L090,True,True,117.0284811612585,117.0284811612585,0.0,1.0000000000000029,"L018,L019,L030,L039,L044,L045,L046,L054,L056,L057,L060,L063,L064,L065,L073,L075,L076,L077,L078,L080,L081,L082,L084,L089,L090,L091,L092,L093,L094,L095,L102,L104,L106,L109,L110,L111,L112,L113,L115,L128,L130,L131,L134,L140,L143,L149,L150,L153,L154,L155,L156,L157,L158,L160,L169,L178,L179,L182",58,18.02037353745082,18.02037353745082,54,"L018,L019,L030,L039,L044,L045,L046,L054,L056,L057,L060,L063,L064,L065,L073,L075,L076,L077,L078,L080,L081,L082,L084,L089,L091,L092,L093,L094,L095,L102,L104,L106,L109,L110,L111,L112,L113,L115,L131,L134,L140,L143,L149,L150,L153,L154,L156,L157,L158,L160,L169,L178,L179,L182",56,True,relay_cascade,
1,20260708,L152->L131,L152,L131,True,True,77.36714366189312,77.36714366189312,0.0,1.0000000000000144,"L018,L019,L030,L040,L044,L045,L046,L054,L056,L060,L102,L109,L110,L111,L112,L113,L115,L128,L130,L131,L134,L140,L143,L148,L149,L150,L152,L153,L154,L155,L156,L157,L158,L159,L160,L169,L178,L179,L182",39,1.5015163255197985,1.5015163255197985,1,L130,37,True,relay_cascade,
1,20260708,L174->L177,L174,L177,True,False,0.0,0.0,0.0,1.0000000000000144,"L018,L019,L030,L039,L044,L045,L046,L054,L056,L060,L102,L109,L110,L111,L112,L113,L115,L128,L134,L140,L143,L148,L149,L150,L153,L154,L155,L156,L157,L158,L159,L160,L169,L171,L173,L174,L175,L177,L178,L179,L182",41,1.0907310281165576,1.0907310281165576,0,,39,False,non_critical,
1,20260708,L002->L119,L002,L119,True,False,0.0,0.0,0.0,1.0000000000000275,"L001,L002,L018,L019,L030,L040,L044,L045,L046,L054,L056,L060,L102,L104,L109,L110,L111,L112,L113,L115,L119,L128,L134,L140,L143,L148,L149,L150,L153,L154,L155,L156,L157,L158,L159,L160,L169,L178,L179,L182",40,0.934620762373359,0.934620762373359,0,,38,False,non_critical,
1,20260708,L075->L091,L075,L091,True,False,0.0,0.0,0.0,1.000000000000023,"L075,L091",2,1.1196888157207812,1.1196888157207812,0,,0,False,non_critical,
1,20260708,L186->L079,L186,L079,True,False,0.0,0.0,0.0,1.000000000000023,"L077,L078,L079,L186",4,2.784589662941377,2.784589662941377,2,"L077,L078",2,True,non_critical,
1,20260708,L143->L133,L143,L133,True,True,20.77635989697293,20.77635989697293,0.0,1.0000000000000029,"L018,L019,L030,L039,L044,L045,L046,L054,L056,L060,L102,L104,L109,L110,L111,L112,L113,L115,L128,L133,L134,L140,L143,L148,L149,L150,L153,L154,L155,L156,L157,L158,L159,L160,L169,L178,L179,L182",38,1.0907310281165576,1.0907310281165576,0,,36,False,island_only,
1,20260708,L126->L034,L126,L034,True,True,77.86801376183662,77.86801376183662,0.0,1.0000000000000002,"L018,L019,L030,L034,L039,L040,L044,L045,L046,L054,L056,L060,L102,L109,L110,L111,L112,L113,L114,L115,L126,L128,L134,L140,L143,L148,L149,L150,L153,L154,L155,L156,L157,L158,L159,L160,L169,L178,L179,L182,L186",41,56.32493627471945,56.32493627471945,37,"L018,L019,L030,L039,L040,L044,L045,L046,L054,L056,L060,L102,L109,L110,L111,L112,L113,L114,L134,L140,L143,L148,L149,L150,L153,L154,L155,L156,L157,L158,L159,L160,L169,L178,L179,L182,L186",39,True,relay_cascade,
1,20260708,L062->L185,L062,L185,True,True,35.11713329264434,35.11713329264434,0.0,1.0000000000000049,"L018,L019,L030,L040,L044,L045,L046,L054,L056,L057,L060,L062,L065,L102,L109,L110,L111,L112,L113,L115,L128,L134,L140,L143,L149,L150,L153,L154,L155,L156,L157,L158,L159,L160,L169,L178,L179,L182,L185,L186",40,56.437778955686966,56.437778955686966,37,"L018,L019,L030,L040,L044,L045,L046,L054,L056,L057,L065,L102,L109,L110,L111,L112,L113,L115,L128,L134,L140,L143,L149,L150,L153,L154,L155,L156,L157,L158,L159,L160,L169,L178,L179,L182,L186",38,True,relay_cascade,
1,20260708,L138->L172,L138,L172,True,False,0.0,0.0,0.0,1.0000000000000682,"L138,L140,L169,L172",4,1.996657114734944,1.996657114734944,1,L169,2,True,non_critical,
1,20260708,L067->L026,L067,L026,True,False,0.0,0.0,0.0,1.000000000000023,"L026,L067,L102",3,1.0633229867825211,1.0633229867825211,0,,1,False,non_critical,
1,20260708,L167->L006,L167,L006,True,False,0.0,0.0,0.0,1.0000000000000184,"L006,L018,L019,L030,L040,L044,L045,L046,L054,L056,L060,L065,L102,L104,L109,L110,L111,L113,L115,L128,L129,L130,L131,L132,L134,L140,L143,L148,L149,L150,L153,L154,L155,L156,L157,L158,L159,L160,L167,L169,L170,L178,L179,L182",44,0.9346207623733587,0.9346207623733587,0,,42,False,non_critical,
1,20260708,L172->L046,L172,L046,True,False,0.0,0.0,0.0,1.0000000000000675,"L046,L172",2,1.0004723347405724,1.0004723347405724,0,,0,False,non_critical,
1,20260708,L156->L043,L156,L043,True,True,89.19323450688638,89.19323450688638,0.0,1.0,"L018,L019,L030,L043,L044,L045,L046,L054,L056,L060,L102,L104,L109,L110,L111,L113,L115,L128,L129,L130,L131,L132,L134,L140,L143,L149,L150,L153,L154,L155,L156,L157,L158,L159,L160,L169,L178,L179,L182",39,56.71687277993741,56.71687277993741,37,"L018,L019,L030,L044,L045,L046,L054,L056,L060,L102,L104,L109,L110,L111,L113,L115,L128,L129,L130,L131,L132,L134,L140,L143,L149,L150,L153,L154,L155,L157,L158,L159,L160,L169,L178,L179,L182",37,True,relay_cascade,
1,20260708,L130->L023,L130,L023,True,True,77.36714366189312,77.36714366189312,0.0,1.0000000000000275,"L018,L019,L023,L025,L026,L030,L040,L044,L045,L046,L054,L060,L065,L102,L104,L109,L110,L111,L112,L113,L115,L128,L129,L130,L131,L134,L140,L143,L149,L150,L153,L154,L155,L156,L157,L158,L159,L160,L169,L178,L179,L182",42,18.589175875202706,18.589175875202706,38,"L018,L019,L025,L026,L030,L040,L044,L045,L046,L054,L060,L065,L102,L104,L109,L110,L111,L112,L113,L115,L129,L131,L134,L140,L143,L149,L150,L153,L154,L156,L157,L158,L159,L160,L169,L178,L179,L182",40,True,relay_cascade,
1,20260708,L165->L051,L165,L051,True,True,83.10784869153505,77.67427480835255,5.433573883182504,1.000000000000004,"L018,L019,L024,L030,L040,L044,L045,L046,L048,L051,L057,L058,L059,L060,L065,L074,L077,L078,L082,L091,L093,L094,L095,L102,L104,L109,L110,L111,L112,L113,L114,L115,L128,L134,L140,L143,L148,L149,L150,L153,L154,L155,L156,L157,L158,L159,L160,L165,L169,L178,L179,L182",52,53.52571554341651,53.52571554341651,50,"L018,L019,L024,L030,L040,L044,L045,L046,L048,L057,L058,L059,L060,L065,L074,L077,L078,L082,L091,L093,L094,L095,L102,L104,L109,L110,L111,L112,L113,L114,L115,L128,L134,L140,L143,L148,L149,L150,L153,L154,L155,L156,L157,L158,L159,L160,L169,L178,L179,L182",50,True,relay_cascade,
1,20260708,L071->L170,L071,L170,True,False,0.0,0.0,0.0,1.0000000000000049,"L018,L019,L030,L040,L044,L045,L046,L054,L060,L071,L074,L082,L102,L109,L110,L111,L112,L113,L115,L128,L134,L140,L143,L148,L149,L150,L153,L154,L155,L156,L157,L158,L159,L160,L169,L170,L178,L179,L182",39,0.8514500909074709,0.8514500909074709,0,,37,False,non_critical,
1,20260708,L052->L096,L052,L096,True,True,98.28560359545955,95.713641622768,2.571961972691561,1.000000000000009,"L018,L019,L030,L044,L045,L046,L052,L057,L058,L059,L060,L082,L096,L102,L109,L110,L111,L112,L115,L128,L129,L130,L131,L134,L140,L143,L149,L150,L153,L154,L155,L156,L157,L158,L159,L160,L169,L178,L179,L182",40,62.07211714754481,62.07211714754481,38,"L018,L019,L030,L044,L045,L046,L057,L058,L059,L060,L082,L102,L109,L110,L111,L112,L115,L128,L129,L130,L131,L134,L140,L143,L149,L150,L153,L154,L155,L156,L157,L158,L159,L160,L169,L178,L179,L182",38,True,relay_cascade,
1,20260708,L037->L030,L037,L030,True,False,0.0,0.0,0.0,1.0000000000000024,"L018,L019,L020,L030,L037,L044,L045,L046,L060,L102,L109,L110,L111,L113,L115,L128,L129,L130,L131,L134,L140,L143,L149,L150,L153,L154,L155,L156,L157,L158,L159,L160,L169,L178,L179,L182",36,1.06815180407976,1.06815180407976,0,,34,False,non_critical,
1,20260708,L113->L019,L113,L019,True,False,0.0,0.0,0.0,1.0000000000000029,"L018,L019,L030,L039,L044,L045,L046,L054,L056,L060,L102,L104,L109,L111,L112,L113,L115,L128,L134,L140,L143,L148,L149,L150,L153,L154,L155,L156,L157,L158,L159,L160,L169,L178,L179,L182",36,1.0907310281165576,1.0907310281165576,0,,34,False,non_critical,
1,20260708,L096->L109,L096,L109,True,False,0.0,0.0,0.0,1.0000000000000007,"L018,L019,L030,L044,L045,L046,L057,L058,L059,L060,L065,L096,L102,L104,L109,L110,L111,L112,L115,L128,L134,L140,L143,L148,L149,L150,L153,L154,L155,L156,L157,L158,L159,L160,L169,L178,L179,L182",38,1.0451152909626282,1.0451152909626282,0,,36,False,non_critical,
1,20260708,L120->L075,L120,L075,True,False,0.0,0.0,0.0,1.0000000000000038,"L075,L115,L120",3,1.152361840853719,1.152361840853719,0,,1,False,non_critical,
1,20260708,L035->L136,L035,L136,True,False,0.0,0.0,0.0,1.0000000000000007,"L018,L019,L030,L035,L040,L044,L045,L046,L054,L056,L060,L102,L104,L109,L110,L111,L112,L113,L115,L128,L134,L136,L140,L143,L148,L149,L150,L153,L154,L155,L156,L157,L158,L159,L160,L169,L178,L179,L182",39,0.934620762373359,0.934620762373359,0,,37,False,non_critical,
1,20260708,L170->L061,L170,L061,True,True,70.703891942181,70.703891942181,0.0,1.0000000000000009,"L018,L019,L030,L040,L044,L045,L046,L054,L056,L057,L060,L061,L065,L102,L109,L110,L111,L112,L113,L115,L128,L134,L140,L143,L148,L149,L150,L153,L154,L155,L156,L157,L158,L159,L160,L169,L170,L178,L179,L182",40,57.51912308782945,57.51912308782945,37,"L018,L019,L030,L040,L044,L045,L046,L054,L056,L057,L060,L065,L102,L109,L110,L111,L112,L113,L115,L128,L134,L140,L143,L148,L149,L150,L153,L154,L155,L156,L157,L158,L159,L160,L178,L179,L182",38,True,relay_cascade,
1,20260708,L092->L109,L092,L109,True,False,0.0,0.0,0.0,1.0000000000000675,"L045,L092,L109,L111,L115,L128,L178",7,2.069723234540485,2.069723234540485,5,"L045,L111,L115,L128,L178",5,True,non_critical,
1,20260708,L121->L132,L121,L132,True,True,10.677320953234481,0.0,10.677320953234481,1.000000000000003,"L018,L019,L030,L040,L044,L045,L046,L054,L056,L057,L060,L065,L102,L104,L109,L110,L111,L113,L115,L121,L122,L128,L132,L134,L140,L143,L148,L149,L150,L153,L154,L155,L156,L157,L158,L159,L160,L169,L178,L179,L182",41,1.13598925962873,1.13598925962873,0,,39,False,island_only,
1,20260708,L164->L135,L164,L135,True,False,0.0,0.0,0.0,1.0000000000000087,"L128,L135,L140,L155,L156,L158,L164",7,7.392049051473881,7.392049051473881,5,"L128,L140,L155,L156,L158",5,True,non_critical,
1,20260708,L157->L068,L157,L068,True,True,82.31518105810146,82.31518105810146,0.0,1.0000000000000004,"L018,L019,L030,L040,L044,L045,L046,L054,L060,L062,L065,L068,L102,L109,L110,L111,L112,L113,L115,L128,L134,L140,L143,L148,L153,L154,L155,L156,L157,L158,L159,L160,L169,L178,L179,L182",36,17.223904669133766,17.223904669133766,32,"L018,L019,L030,L040,L044,L045,L046,L054,L060,L062,L065,L102,L109,L110,L111,L112,L113,L115,L134,L140,L143,L148,L153,L154,L156,L158,L159,L160,L169,L178,L179,L182",34,True,relay_cascade,
1,20260708,L094->L090,L094,L090,True,True,26.678974889603126,26.678974889603126,0.0,1.000000000000001,"L018,L019,L030,L040,L044,L045,L046,L048,L053,L055,L056,L057,L060,L065,L073,L075,L076,L077,L078,L080,L082,L084,L089,L090,L091,L092,L094,L095,L100,L101,L102,L104,L109,L111,L112,L113,L115,L128,L134,L140,L143,L148,L149,L150,L153,L154,L155,L156,L157,L158,L159,L160,L169,L178,L179,L182",56,1.7300546784560908,1.7300546784560908,1,L089,54,True,relay_cascade,
1,20260708,L126->L082,L126,L082,True,False,0.0,0.0,0.0,1.0000000000000675,"L082,L115,L126,L128",4,1.0426275511289953,1.0426275511289953,0,,2,False,non_critical,
1,20260708,L164->L062,L164,L062,True,False,0.0,0.0,0.0,1.0000000000000004,"L018,L019,L030,L040,L044,L045,L046,L054,L056,L057,L060,L062,L064,L065,L077,L078,L082,L095,L102,L104,L106,L109,L110,L111,L112,L113,L114,L115,L128,L134,L140,L143,L149,L150,L153,L154,L155,L156,L157,L158,L159,L160,L164,L169,L178,L179,L182",47,52.22298463476304,52.22298463476304,45,"L018,L019,L030,L040,L044,L045,L046,L054,L056,L057,L060,L064,L065,L077,L078,L082,L095,L102,L104,L106,L109,L110,L111,L112,L113,L114,L115,L128,L134,L140,L143,L149,L150,L153,L154,L155,L156,L157,L158,L159,L160,L169,L178,L179,L182",45,True,non_critical,
1,20260708,L038->L019,L038,L019,True,False,0.0,0.0,0.0,1.0000000000000004,"L018,L019,L025,L027,L030,L032,L035,L038,L039,L040,L043,L046,L060,L065,L102,L104,L109,L110,L111,L112,L113,L114,L115,L126,L127,L128,L134,L140,L143,L149,L150,L153,L154,L155,L156,L158,L159,L160,L169,L178,L179,L182,L186",43,1.0510635223142373,1.0510635223142373,0,,41,False,non_critical,
1,20260708,L052->L079,L052,L079,True,False,0.0,0.0,0.0,1.0000000000000042,"L052,L077,L078,L079",4,3.033091549333868,3.033091549333868,2,"L077,L078",2,True,non_critical,
1,20260708,L178->L059,L178,L059,True,True,55.16881804675853,55.16881804675853,0.0,1.0000000000000004,"L018,L019,L030,L040,L044,L045,L046,L054,L056,L057,L059,L060,L102,L109,L110,L111,L112,L113,L115,L128,L134,L140,L143,L148,L149,L150,L153,L154,L155,L156,L157,L158,L159,L160,L169,L178,L179,L182",38,58.01043743448064,58.01043743448064,36,"L018,L019,L030,L040,L044,L045,L046,L054,L056,L057,L060,L102,L109,L110,L111,L112,L113,L115,L128,L134,L140,L143,L148,L149,L150,L153,L154,L155,L156,L157,L158,L159,L160,L169,L179,L182",36,True,relay_cascade,
1,20260708,L021->L182,L021,L182,True,False,0.0,0.0,0.0,1.0000000000000007,"L018,L019,L021,L024,L025,L026,L039,L040,L044,L045,L046,L048,L054,L060,L065,L102,L104,L109,L110,L111,L112,L113,L115,L128,L129,L130,L131,L132,L134,L140,L143,L149,L150,L153,L154,L155,L156,L157,L158,L159,L160,L169,L178,L179,L182",45,1.1066078411090314,1.1066078411090314,0,,43,False,non_critical,
1,20260708,L014->L147,L014,L147,True,True,132.78588574495785,132.78588574495785,0.0,1.0000000000000004,"L014,L018,L019,L030,L040,L044,L045,L046,L054,L056,L060,L102,L104,L109,L110,L111,L112,L113,L115,L128,L129,L130,L131,L132,L134,L140,L143,L147,L149,L150,L153,L154,L155,L156,L157,L158,L159,L160,L169,L178,L179,L182",42,16.057741681308247,16.057741681308247,40,"L018,L019,L030,L040,L044,L045,L046,L054,L056,L060,L102,L104,L109,L110,L111,L112,L113,L115,L128,L129,L130,L131,L132,L134,L140,L143,L149,L150,L153,L154,L155,L156,L157,L158,L159,L160,L169,L178,L179,L182",40,True,relay_cascade,
1,20260708,L044->L050,L044,L050,True,True,68.12292542074417,68.12292542074417,0.0,1.0000000000000029,"L018,L019,L030,L039,L044,L045,L046,L047,L050,L054,L056,L057,L060,L065,L102,L104,L109,L110,L111,L112,L113,L115,L128,L134,L140,L143,L148,L149,L150,L153,L154,L155,L156,L157,L158,L159,L160,L169,L178,L179,L182",41,57.56615028206134,57.56615028206134,39,"L018,L019,L030,L039,L045,L046,L047,L054,L056,L057,L060,L065,L102,L104,L109,L110,L111,L112,L113,L115,L128,L134,L140,L143,L148,L149,L150,L153,L154,L155,L156,L157,L158,L159,L160,L169,L178,L179,L182",39,True,relay_cascade,
1,20260708,L085->L071,L085,L071,True,True,107.3892661154242,107.3892661154242,0.0,1.000000000000007,"L018,L019,L030,L040,L044,L045,L046,L054,L060,L071,L074,L078,L082,L085,L102,L109,L110,L111,L112,L113,L115,L128,L134,L140,L143,L148,L149,L150,L153,L154,L155,L156,L157,L158,L159,L160,L169,L178,L179,L182",40,56.42776354911333,56.42776354911333,38,"L018,L019,L030,L040,L044,L045,L046,L054,L060,L074,L078,L082,L102,L109,L110,L111,L112,L113,L115,L128,L134,L140,L143,L148,L149,L150,L153,L154,L155,L156,L157,L158,L159,L160,L169,L178,L179,L182",38,True,relay_cascade,
1,20260708,L022->L110,L022,L110,True,False,0.0,0.0,0.0,1.0000000000000007,"L018,L019,L020,L022,L030,L039,L044,L045,L046,L054,L056,L060,L102,L104,L109,L110,L111,L112,L113,L115,L128,L134,L140,L143,L148,L149,L150,L153,L154,L155,L156,L157,L158,L159,L160,L169,L178,L179,L182",39,1.0708590723283622,1.0708590723283622,0,,37,False,non_critical,
1,20260708,L090->L032,L090,L032,True,True,44.094508903887366,44.094508903887366,0.0,1.0000000000000049,"L018,L019,L025,L030,L032,L039,L040,L044,L045,L046,L054,L056,L057,L060,L065,L090,L091,L092,L102,L109,L110,L111,L112,L113,L115,L128,L134,L140,L143,L148,L149,L150,L153,L154,L155,L156,L157,L158,L159,L160,L169,L178,L179,L180,L182",45,61.16241620318842,61.16241620318842,40,"L018,L019,L025,L030,L039,L040,L044,L045,L046,L054,L056,L057,L060,L065,L109,L110,L111,L112,L113,L115,L128,L134,L140,L143,L148,L149,L150,L153,L154,L155,L156,L157,L158,L159,L160,L169,L178,L179,L180,L182",43,True,relay_cascade,
1,20260708,L095->L116,L095,L116,True,True,120.55386913947339,120.55386913947339,0.0,1.0000000000000036,"L018,L019,L030,L040,L044,L045,L046,L054,L056,L057,L060,L062,L063,L064,L065,L095,L102,L104,L105,L106,L109,L110,L111,L113,L114,L115,L116,L119,L120,L126,L127,L128,L134,L140,L143,L148,L149,L150,L153,L154,L155,L156,L157,L158,L159,L160,L169,L178,L179,L182,L186",51,57.10618936435667,57.10618936435667,49,"L018,L019,L030,L040,L044,L045,L046,L054,L056,L057,L060,L062,L063,L064,L065,L102,L104,L105,L106,L109,L110,L111,L113,L114,L115,L119,L120,L126,L127,L128,L134,L140,L143,L148,L149,L150,L153,L154,L155,L156,L157,L158,L159,L160,L169,L178,L179,L182,L186",49,True,relay_cascade,
1,20260708,L034->L054,L034,L054,True,False,0.0,0.0,0.0,1.0000000000000002,"L018,L019,L030,L034,L039,L040,L044,L045,L046,L054,L056,L060,L102,L104,L109,L110,L111,L112,L113,L115,L128,L134,L140,L143,L148,L149,L150,L153,L154,L155,L156,L157,L158,L159,L160,L169,L178,L179,L182",39,0.934620762373359,0.934620762373359,0,,37,False,non_critical,
1,20260708,L132->L069,L132,L069,True,False,0.0,0.0,0.0,1.0000000000000675,"L060,L069,L128,L132,L155",5,1.2658684233499087,1.2658684233499087,1,L060,3,True,non_critical,
1,20260708,L155->L106,L155,L106,True,True,31.890688783719977,31.890688783719977,0.0,1.0000000000000004,"L018,L019,L030,L040,L044,L045,L046,L054,L056,L057,L060,L062,L063,L064,L065,L102,L104,L105,L106,L109,L110,L111,L112,L113,L115,L128,L134,L140,L143,L149,L150,L153,L154,L155,L156,L157,L158,L160,L169,L178,L179,L182",42,15.554483231555873,15.554483231555873,40,"L018,L019,L030,L040,L044,L045,L046,L054,L056,L057,L060,L062,L063,L064,L065,L102,L104,L105,L109,L110,L111,L112,L113,L115,L128,L134,L140,L143,L149,L150,L153,L154,L156,L157,L158,L160,L169,L178,L179,L182",40,True,relay_cascade,
1,20260708,L063->L129,L063,L129,True,True,58.608730684473244,58.608730684473244,0.0,1.0000000000000038,"L018,L019,L030,L040,L044,L045,L046,L054,L056,L057,L060,L063,L065,L095,L102,L104,L109,L110,L111,L112,L113,L115,L128,L129,L134,L140,L143,L149,L150,L153,L154,L155,L156,L158,L159,L160,L169,L178,L179,L182",40,17.251527751794914,17.251527751794914,36,"L018,L019,L030,L040,L044,L045,L046,L054,L056,L057,L095,L102,L104,L109,L110,L111,L112,L113,L115,L128,L134,L140,L143,L149,L150,L153,L154,L155,L156,L158,L159,L160,L169,L178,L179,L182",38,True,relay_cascade,
1,20260708,L118->L099,L118,L099,True,False,0.0,0.0,0.0,1.0000000000000036,"L018,L019,L030,L040,L044,L045,L046,L054,L056,L057,L060,L065,L099,L102,L104,L109,L110,L111,L113,L115,L118,L128,L134,L140,L143,L148,L149,L150,L153,L154,L155,L156,L157,L158,L159,L160,L169,L178,L179,L182,L185,L186",42,1.174367575893828,1.174367575893828,0,,40,False,non_critical,
1,20260708,L128->L077,L128,L077,True,False,0.0,0.0,0.0,1.0000000000000675,"L077,L128",2,1.0793578700088091,1.0793578700088091,0,,0,False,non_critical,
1,20260708,L099->L102,L099,L102,True,False,0.0,0.0,0.0,1.000000000000023,"L060,L091,L099,L102",4,1.0000000000001705,1.0000000000001705,0,,2,False,non_critical,
1,20260708,L184->L121,L184,L121,True,True,74.95325517572547,74.95325517572547,0.0,1.0000000000000009,"L018,L019,L030,L039,L044,L045,L046,L054,L056,L060,L065,L102,L104,L109,L110,L111,L112,L113,L115,L121,L122,L128,L134,L140,L143,L148,L149,L150,L153,L154,L155,L156,L157,L158,L159,L160,L169,L178,L179,L182,L184",41,1.9181548555435353,1.9181548555435353,2,"L065,L122",39,True,relay_cascade,
1,20260708,L159->L121,L159,L121,True,True,111.77557526160913,111.77557526160913,0.0,1.0000000000000049,"L018,L019,L030,L040,L044,L045,L046,L054,L056,L060,L065,L102,L104,L109,L110,L111,L113,L115,L121,L122,L126,L127,L128,L134,L140,L143,L148,L149,L150,L154,L155,L156,L157,L158,L159,L160,L169,L178,L179,L182,L186",41,12.15414179140692,12.15414179140692,35,"L018,L019,L030,L040,L044,L045,L046,L054,L056,L060,L065,L102,L104,L109,L110,L111,L113,L115,L122,L126,L127,L134,L140,L143,L148,L149,L150,L154,L157,L160,L169,L178,L179,L182,L186",39,True,relay_cascade,
1,20260708,L186->L040,L186,L040,True,False,0.0,0.0,0.0,1.0000000000000675,"L040,L186",2,1.0152131388856769,1.0152131388856769,0,,0,False,non_critical,
1,20260708,L020->L083,L020,L083,True,False,0.0,0.0,0.0,1.0000000000000073,"L018,L020,L083",3,1.002636992333332,1.002636992333332,0,,1,False,non_critical,
1,20260708,L025->L131,L025,L131,True,True,77.36714366189312,77.36714366189312,0.0,1.0000000000000184,"L018,L019,L025,L030,L040,L044,L045,L046,L054,L056,L060,L102,L104,L109,L110,L111,L113,L114,L115,L128,L130,L131,L134,L140,L149,L150,L153,L154,L155,L156,L158,L159,L160,L169,L178,L179,L182",37,15.247154962120764,15.247154962120764,35,"L018,L019,L030,L040,L044,L045,L046,L054,L056,L060,L102,L104,L109,L110,L111,L113,L114,L115,L128,L130,L134,L140,L149,L150,L153,L154,L155,L156,L158,L159,L160,L169,L178,L179,L182",35,True,relay_cascade,
1,20260708,L060->L146,L060,L146,True,False,0.0,0.0,0.0,1.0000000000000013,"L060,L128,L140,L146,L155,L156,L158",7,9.738123603822931,9.738123603822931,5,"L128,L140,L155,L156,L158",5,True,non_critical,
1,20260708,L092->L084,L092,L084,True,False,0.0,0.0,0.0,1.000000000000023,"L084,L092",2,1.1640251663625942,1.1640251663625942,0,,0,False,non_critical,
1,20260708,L156->L079,L156,L079,True,False,0.0,0.0,0.0,1.000000000000023,"L077,L078,L079,L156",4,3.027121269735329,3.027121269735329,2,"L077,L078",2,True,non_critical,
1,20260708,L015->L047,L015,L047,True,True,68.12292542074417,68.12292542074417,0.0,1.0000000000000024,"L015,L018,L019,L030,L039,L044,L045,L046,L047,L054,L056,L057,L060,L102,L109,L110,L111,L112,L113,L115,L128,L134,L140,L143,L148,L149,L150,L153,L154,L155,L156,L157,L158,L159,L160,L169,L178,L179,L182",39,57.588125346928095,57.588125346928095,37,"L018,L019,L030,L039,L044,L045,L046,L054,L056,L057,L060,L102,L109,L110,L111,L112,L113,L115,L128,L134,L140,L143,L148,L149,L150,L153,L154,L155,L156,L157,L158,L159,L160,L169,L178,L179,L182",37,True,relay_cascade,
1,20260708,L007->L142,L007,L142,True,False,0.0,0.0,0.0,1.0000000000000036,"L007,L018,L019,L020,L022,L030,L045,L046,L060,L065,L091,L102,L104,L106,L109,L110,L111,L113,L115,L128,L134,L140,L142,L143,L149,L150,L153,L154,L155,L156,L158,L159,L160,L169,L178,L179,L182",37,1.010119727338903,1.010119727338903,0,,35,False,non_critical,
1,20260708,L059->L130,L059,L130,True,False,0.0,0.0,0.0,1.0000000000000029,"L018,L019,L030,L039,L044,L045,L046,L054,L056,L059,L060,L102,L109,L110,L111,L112,L113,L115,L128,L130,L134,L140,L143,L148,L149,L150,L153,L154,L155,L156,L157,L158,L159,L160,L169,L178,L179,L182",38,1.0907310281165576,1.0907310281165576,0,,36,False,non_critical,
1,20260708,L082->L134,L082,L134,True,True,36.82232008588366,36.82232008588366,0.0,1.0000000000000029,"L018,L019,L030,L039,L044,L045,L046,L054,L056,L060,L082,L102,L104,L109,L110,L111,L112,L113,L115,L128,L134,L140,L143,L148,L149,L150,L153,L154,L155,L156,L157,L158,L159,L160,L169,L178,L179,L182",38,62.36355308150607,62.36355308150607,36,"L018,L019,L030,L039,L044,L045,L046,L054,L056,L060,L102,L104,L109,L110,L111,L112,L113,L115,L128,L140,L143,L148,L149,L150,L153,L154,L155,L156,L157,L158,L159,L160,L169,L178,L179,L182",36,True,relay_cascade,
1,20260708,L022->L086,L022,L086,True,False,0.0,0.0,0.0,1.0000000000000369,"L018,L019,L020,L022,L030,L039,L044,L045,L046,L054,L056,L060,L086,L102,L104,L109,L110,L111,L112,L113,L115,L128,L134,L140,L143,L148,L149,L150,L153,L154,L155,L156,L157,L158,L159,L160,L169,L178,L179,L182",40,1.0708590723283622,1.0708590723283622,0,,38,False,non_critical,
1,20260708,L133->L041,L133,L041,True,False,0.0,0.0,0.0,1.0000000000000004,"L018,L019,L030,L040,L041,L044,L045,L046,L054,L056,L060,L102,L104,L109,L110,L111,L112,L113,L115,L128,L133,L134,L140,L143,L148,L149,L150,L153,L154,L155,L156,L157,L158,L159,L160,L169,L178,L179,L182",39,0.934620762373359,0.934620762373359,0,,37,False,non_critical,
1,20260708,L150->L023,L150,L023,True,True,95.74659901738781,95.74659901738781,0.0,1.0000000000000144,"L018,L019,L023,L025,L026,L027,L030,L040,L044,L045,L046,L054,L056,L060,L102,L109,L110,L111,L112,L113,L115,L128,L129,L130,L131,L134,L140,L143,L149,L150,L153,L154,L155,L156,L157,L158,L160,L169,L178,L179,L182",41,15.933123262909044,15.933123262909044,37,"L018,L019,L025,L026,L027,L030,L040,L044,L045,L046,L054,L056,L060,L102,L109,L110,L111,L112,L113,L115,L128,L129,L130,L131,L134,L140,L143,L149,L153,L154,L157,L158,L160,L169,L178,L179,L182",39,True,relay_cascade,
1,20260708,L085->L131,L085,L131,True,True,77.36714366189312,77.36714366189312,0.0,1.0000000000000184,"L018,L019,L030,L040,L044,L045,L046,L054,L056,L057,L060,L065,L085,L102,L104,L109,L110,L111,L113,L115,L128,L130,L131,L134,L140,L149,L150,L153,L154,L155,L156,L158,L159,L160,L169,L178,L179,L182",38,15.17536715390627,15.17536715390627,36,"L018,L019,L030,L040,L044,L045,L046,L054,L056,L057,L060,L065,L102,L104,L109,L110,L111,L113,L115,L128,L130,L134,L140,L149,L150,L153,L154,L155,L156,L158,L159,L160,L169,L178,L179,L182",36,True,relay_cascade,
1,20260708,L013->L082,L013,L082,True,False,0.0,0.0,0.0,1.000000000000023,"L013,L014,L082",3,1.0426004444249144,1.0426004444249144,0,,1,False,non_critical,
1,20260708,L102->L097,L102,L097,True,False,0.0,0.0,0.0,1.0000000000000342,"L018,L060,L091,L095,L097,L102",6,2.629700367529132,2.629700367529132,4,"L018,L060,L091,L095",4,True,non_critical,
1,20260708,L164->L011,L164,L011,True,True,254.20261588082428,254.20261588082428,0.0,1.0000000000000184,"L001,L002,L004,L010,L011,L012,L014,L015,L018,L019,L020,L022,L037,L040,L044,L045,L046,L054,L056,L060,L065,L102,L104,L109,L110,L111,L112,L113,L115,L128,L129,L130,L131,L132,L134,L140,L143,L149,L150,L153,L154,L155,L156,L157,L158,L159,L160,L164,L169,L178,L179,L182",52,53.37528316368309,53.37528316368309,50,"L001,L002,L004,L010,L012,L014,L015,L018,L019,L020,L022,L037,L040,L044,L045,L046,L054,L056,L060,L065,L102,L104,L109,L110,L111,L112,L113,L115,L128,L129,L130,L131,L132,L134,L140,L143,L149,L150,L153,L154,L155,L156,L157,L158,L159,L160,L169,L178,L179,L182",50,True,relay_cascade,
1,20260708,L185->L103,L185,L103,True,False,0.0,0.0,0.0,1.0000000000000024,"L018,L019,L030,L040,L044,L045,L046,L054,L056,L057,L060,L065,L102,L103,L104,L109,L110,L111,L113,L115,L128,L134,L140,L143,L148,L149,L150,L153,L154,L155,L156,L157,L158,L159,L160,L169,L178,L179,L182,L185,L186",41,0.9346207623733592,0.9346207623733592,0,,39,False,non_critical,
1,20260708,L030->L123,L030,L123,True,False,0.0,0.0,0.0,1.000000000000023,"L030,L123,L128",3,5.308441865088609,5.308441865088609,1,L128,1,True,non_critical,
1,20260708,L131->L020,L131,L020,True,False,0.0,0.0,0.0,1.000000000000009,"L020,L128,L131,L155",4,1.0125534886128242,1.0125534886128242,0,,2,False,non_critical,
1,20260708,L123->L118,L123,L118,True,False,0.0,0.0,0.0,1.0000000000000004,"L018,L019,L030,L040,L044,L045,L046,L054,L056,L060,L102,L109,L110,L111,L113,L114,L115,L118,L123,L128,L134,L140,L143,L148,L153,L154,L155,L156,L157,L158,L159,L160,L169,L178,L179,L182,L186",37,12.084337394076574,12.084337394076574,32,"L018,L019,L030,L040,L044,L045,L046,L054,L056,L060,L102,L109,L110,L111,L113,L114,L134,L140,L143,L148,L153,L154,L156,L157,L158,L159,L160,L169,L178,L179,L182,L186",35,True,non_critical,
1,20260708,L003->L177,L003,L177,True,True,36.82232008588366,36.82232008588366,0.0,1.0,"L003,L015,L018,L019,L030,L040,L044,L045,L046,L054,L056,L060,L102,L104,L109,L110,L111,L112,L113,L115,L128,L134,L140,L143,L148,L149,L150,L153,L154,L155,L156,L157,L158,L159,L160,L169,L175,L177,L178,L179,L182",41,64.64777231541206,64.64777231541206,37,"L019,L030,L040,L044,L045,L046,L054,L056,L060,L102,L104,L109,L110,L111,L112,L113,L115,L128,L134,L140,L143,L148,L149,L150,L153,L154,L155,L156,L157,L158,L159,L160,L169,L175,L178,L179,L182",39,True,relay_cascade,
1,20260708,L171->L144,L171,L144,True,False,0.0,0.0,0.0,1.000000000000008,"L128,L140,L144,L155,L156,L158,L171",7,12.471547071142211,12.471547071142211,5,"L128,L140,L155,L156,L158",5,True,non_critical,
1,20260708,L175->L170,L175,L170,True,False,0.0,0.0,0.0,1.000000000000023,"L169,L170,L175",3,1.4744104089774543,1.4744104089774543,1,L169,1,True,non_critical,
1,20260708,L078->L044,L078,L044,True,False,0.0,0.0,0.0,1.0000000000000053,"L018,L044,L078",3,1.3209581899751657,1.3209581899751657,1,L018,1,True,non_critical,
1,20260708,L130->L033,L130,L033,True,True,150.1479669160098,150.1479669160098,0.0,1.0000000000000004,"L018,L019,L030,L033,L039,L040,L043,L044,L045,L046,L054,L056,L060,L102,L104,L109,L110,L111,L112,L113,L115,L128,L130,L131,L134,L140,L143,L148,L149,L150,L153,L154,L155,L156,L157,L158,L159,L160,L169,L178,L179,L180,L182",43,36.76969565366983,36.76969565366983,39,"L018,L019,L030,L039,L040,L043,L044,L045,L046,L054,L056,L060,L102,L104,L109,L110,L111,L112,L113,L115,L131,L134,L140,L143,L148,L149,L150,L153,L154,L156,L157,L158,L159,L160,L169,L178,L179,L180,L182",41,True,relay_cascade,
1,20260708,L110->L165,L110,L165,True,False,0.0,0.0,0.0,1.0000000000000735,"L018,L019,L030,L040,L044,L045,L046,L054,L056,L057,L060,L102,L104,L109,L110,L111,L115,L128,L134,L140,L143,L148,L149,L150,L153,L154,L155,L156,L157,L158,L159,L160,L165,L169,L178,L179,L182",37,0.9346207623733596,0.9346207623733596,0,,35,False,non_critical,
1,20260708,L179->L053,L179,L053,True,False,0.0,0.0,0.0,1.0000000000000024,"L018,L019,L030,L040,L044,L045,L046,L053,L054,L056,L060,L102,L104,L109,L110,L111,L113,L115,L128,L134,L140,L143,L148,L149,L150,L153,L154,L155,L156,L157,L158,L159,L160,L169,L178,L179,L182",37,0.934620762373359,0.934620762373359,0,,35,False,non_critical,
1,20260708,L141->L176,L141,L176,True,False,0.0,0.0,0.0,1.0000000000000184,"L018,L019,L030,L039,L044,L045,L046,L054,L056,L060,L065,L102,L104,L109,L110,L111,L112,L113,L115,L128,L129,L130,L134,L140,L141,L142,L143,L148,L149,L150,L153,L154,L155,L156,L157,L158,L159,L160,L169,L176,L178,L179,L182",43,1.0907310281165576,1.0907310281165576,0,,41,False,non_critical,
1,20260708,L176->L113,L176,L113,True,False,0.0,0.0,0.0,1.0000000000000184,"L018,L019,L030,L039,L044,L045,L046,L054,L056,L060,L065,L102,L104,L109,L110,L111,L112,L113,L115,L128,L134,L140,L143,L148,L149,L150,L153,L154,L155,L156,L157,L158,L160,L169,L176,L178,L179,L182",38,1.0907310281165576,1.0907310281165576,0,,36,False,non_critical,
1,20260708,L176->L156,L176,L156,True,False,0.0,0.0,0.0,1.0000000000000184,"L018,L019,L030,L039,L044,L045,L046,L054,L056,L060,L065,L102,L104,L109,L110,L111,L112,L113,L115,L128,L134,L140,L143,L148,L149,L150,L153,L154,L155,L156,L157,L158,L160,L169,L176,L178,L179,L182",38,1.0907310281165576,1.0907310281165576,0,,36,False,non_critical,
1,20260708,L104->L055,L104,L055,True,False,0.0,0.0,0.0,1.0000000000000087,"L055,L060,L104,L111,L115",5,1.2146734954498233,1.2146734954498233,1,L060,3,True,non_critical,
1,20260708,L083->L116,L083,L116,True,True,120.55386913947339,120.55386913947339,0.0,1.0000000000000004,"L018,L019,L030,L040,L044,L045,L046,L054,L056,L060,L062,L063,L064,L065,L083,L102,L104,L105,L106,L109,L110,L111,L113,L114,L115,L116,L119,L120,L126,L127,L128,L134,L140,L143,L148,L149,L150,L153,L154,L155,L156,L157,L158,L159,L160,L169,L178,L179,L182,L186",50,57.10618936435667,57.10618936435667,48,"L018,L019,L030,L040,L044,L045,L046,L054,L056,L060,L062,L063,L064,L065,L102,L104,L105,L106,L109,L110,L111,L113,L114,L115,L119,L120,L126,L127,L128,L134,L140,L143,L148,L149,L150,L153,L154,L155,L156,L157,L158,L159,L160,L169,L178,L179,L182,L186",48,True,relay_cascade,
1,20260708,L095->L034,L095,L034,True,True,77.86801376183662,77.86801376183662,0.0,1.000000000000009,"L018,L019,L030,L034,L039,L040,L044,L045,L046,L054,L056,L057,L060,L095,L102,L109,L110,L111,L112,L113,L115,L128,L134,L140,L143,L148,L149,L150,L153,L154,L155,L156,L157,L158,L159,L160,L169,L178,L179,L182",40,57.247118768583505,57.247118768583505,38,"L018,L019,L030,L039,L040,L044,L045,L046,L054,L056,L057,L060,L102,L109,L110,L111,L112,L113,L115,L128,L134,L140,L143,L148,L149,L150,L153,L154,L155,L156,L157,L158,L159,L160,L169,L178,L179,L182",38,True,relay_cascade,
1,20260708,L149->L083,L149,L083,True,False,0.0,0.0,0.0,1.0000000000000038,"L083,L128,L149,L155,L156",5,1.0026373439091716,1.0026373439091716,0,,3,False,non_critical,
1,20260708,L121->L048,L121,L048,True,True,22.50545676159403,22.50545676159403,0.0,1.0000000000000004,"L018,L019,L030,L040,L044,L045,L046,L048,L054,L056,L057,L060,L065,L102,L104,L109,L110,L111,L113,L115,L121,L122,L128,L134,L140,L143,L148,L149,L150,L153,L154,L155,L156,L157,L158,L159,L160,L169,L178,L179,L182",41,0.9346207623733587,0.9346207623733587,0,,39,False,island_only,
1,20260708,L101->L014,L101,L014,True,False,0.0,0.0,0.0,1.000000000000017,"L014,L101,L102",3,1.0028318308282798,1.0028318308282798,0,,1,False,non_critical,
1,20260708,L017->L093,L017,L093,True,False,0.0,0.0,0.0,1.0000000000000029,"L017,L018,L019,L030,L039,L044,L045,L046,L054,L055,L056,L057,L060,L065,L091,L093,L095,L102,L104,L109,L110,L111,L112,L113,L115,L128,L134,L140,L143,L148,L149,L150,L153,L154,L155,L156,L157,L158,L159,L160,L169,L178,L179,L182",44,7.694056809746497,7.694056809746497,5,"L055,L057,L065,L091,L095",42,True,non_critical,
1,20260708,L174->L151,L174,L151,True,True,16.350555809154557,16.350555809154557,0.0,1.0000000000000144,"L018,L019,L030,L039,L044,L045,L046,L054,L056,L060,L102,L109,L110,L111,L112,L113,L115,L128,L134,L140,L143,L148,L149,L150,L151,L153,L154,L155,L156,L157,L158,L159,L160,L169,L171,L173,L174,L175,L178,L179,L182",41,1.0907310281165576,1.0907310281165576,0,,39,False,island_only,
1,20260708,L095->L133,L095,L133,True,True,57.598679982856595,57.598679982856595,0.0,1.0000000000000275,"L018,L019,L030,L040,L044,L045,L046,L054,L056,L060,L095,L102,L109,L110,L111,L112,L113,L115,L128,L133,L134,L140,L143,L148,L149,L150,L153,L154,L155,L156,L157,L158,L159,L160,L169,L178,L179,L182",38,60.571731423857315,60.571731423857315,36,"L018,L019,L030,L040,L044,L045,L046,L054,L056,L060,L102,L109,L110,L111,L112,L113,L115,L128,L134,L140,L143,L148,L149,L150,L153,L154,L155,L156,L157,L158,L159,L160,L169,L178,L179,L182",36,True,relay_cascade,
1,20260708,L032->L157,L032,L157,True,False,0.0,0.0,0.0,1.0000000000000075,"L018,L019,L025,L030,L032,L039,L040,L044,L045,L046,L054,L056,L057,L060,L102,L104,L109,L110,L111,L112,L113,L114,L115,L128,L134,L140,L143,L148,L149,L150,L153,L154,L155,L156,L157,L158,L159,L160,L169,L178,L179,L182",42,0.9358404769730952,0.9358404769730952,0,,40,False,non_critical,
1,20260708,L041->L186,L041,L186,True,False,0.0,0.0,0.0,1.000000000000003,"L018,L019,L025,L030,L035,L039,L040,L041,L043,L044,L045,L046,L054,L056,L057,L060,L102,L104,L109,L110,L111,L112,L113,L114,L115,L128,L134,L140,L143,L150,L153,L154,L155,L156,L158,L159,L160,L169,L178,L179,L182,L186",42,1.1612726558502444,1.1612726558502444,0,,40,False,non_critical,
1,20260708,L006->L137,L006,L137,True,False,0.0,0.0,0.0,1.0000000000000036,"L006,L128,L137,L155,L156,L158",6,7.300316775947202,7.300316775947202,4,"L128,L155,L156,L158",4,True,non_critical,
1,20260708,L103->L026,L103,L026,True,False,0.0,0.0,0.0,1.000000000000023,"L026,L102,L103",3,1.0266695754136144,1.0266695754136144,0,,1,False,non_critical,
1,20260708,L160->L096,L160,L096,True,True,57.740780019450135,55.16881804675853,2.5719619726916054,1.0000000000000022,"L018,L019,L030,L044,L045,L046,L057,L058,L059,L060,L082,L096,L102,L104,L109,L110,L111,L112,L115,L126,L127,L128,L134,L140,L143,L148,L149,L150,L153,L154,L155,L156,L157,L158,L159,L160,L169,L178,L179,L182,L186",41,8.719720065921788,8.719720065921788,37,"L018,L019,L030,L044,L045,L046,L057,L058,L059,L060,L082,L102,L104,L109,L110,L111,L112,L115,L126,L127,L134,L140,L143,L148,L149,L150,L153,L154,L156,L157,L158,L159,L169,L178,L179,L182,L186",39,True,relay_cascade,
1,20260708,L169->L104,L169,L104,True,True,36.82232008588366,36.82232008588366,0.0,1.0000000000000004,"L018,L019,L030,L040,L044,L045,L046,L054,L056,L057,L060,L065,L078,L082,L092,L095,L102,L104,L109,L110,L111,L112,L113,L114,L115,L128,L134,L140,L143,L148,L149,L150,L153,L154,L155,L156,L157,L158,L159,L160,L169,L178,L179,L182",44,59.68154281944203,59.68154281944203,42,"L018,L019,L030,L040,L044,L045,L046,L054,L056,L057,L060,L065,L078,L082,L092,L095,L102,L109,L110,L111,L112,L113,L114,L115,L128,L134,L140,L143,L148,L149,L150,L153,L154,L155,L156,L157,L158,L159,L160,L178,L179,L182",42,True,relay_cascade,
1,20260708,L135->L071,L135,L071,True,True,70.56694602954055,70.56694602954055,0.0,1.0000000000000215,"L018,L019,L030,L040,L044,L045,L046,L054,L060,L071,L074,L078,L082,L102,L109,L110,L111,L112,L113,L115,L128,L134,L135,L140,L143,L148,L149,L153,L154,L155,L156,L157,L158,L159,L160,L169,L178,L179,L182",39,16.804953655151913,16.804953655151913,35,"L018,L019,L030,L040,L044,L045,L046,L054,L060,L074,L078,L082,L102,L109,L110,L111,L112,L113,L115,L134,L140,L143,L148,L149,L153,L154,L156,L157,L158,L159,L160,L169,L178,L179,L182",37,True,relay_cascade,
1,20260708,L143->L097,L143,L097,True,False,0.0,0.0,0.0,1.0000000000000029,"L018,L019,L030,L039,L044,L045,L046,L054,L055,L056,L057,L060,L065,L091,L097,L102,L104,L109,L110,L111,L112,L113,L115,L128,L134,L140,L143,L148,L149,L150,L153,L154,L155,L156,L157,L158,L159,L160,L169,L178,L179,L182",42,7.694056809746614,7.694056809746614,4,"L055,L057,L065,L091",40,True,non_critical,
1,20260708,L053->L087,L053,L087,True,False,0.0,0.0,0.0,1.0000000000000675,"L053,L087",2,1.0692190417005694,1.0692190417005694,0,,0,False,non_critical,
1,20260708,L148->L058,L148,L058,True,True,2.571961972691561,0.0,2.571961972691561,1.000000000000009,"L058,L102,L128,L148,L155",5,1.2231616265893324,1.2231616265893324,1,L102,3,True,relay_cascade,
1,20260708,L183->L085,L183,L085,True,False,0.0,0.0,0.0,1.0000000000000024,"L018,L019,L030,L044,L045,L046,L056,L057,L060,L065,L085,L095,L102,L104,L109,L110,L111,L113,L115,L128,L134,L140,L143,L149,L150,L153,L154,L155,L156,L157,L158,L159,L160,L169,L178,L179,L182,L183",38,1.0583786227693726,1.0583786227693726,0,,36,False,non_critical,
1,20260708,L177->L026,L177,L026,True,False,0.0,0.0,0.0,1.0000000000000007,"L018,L019,L026,L030,L040,L044,L045,L046,L054,L056,L060,L102,L104,L109,L110,L111,L112,L113,L115,L128,L134,L140,L143,L148,L149,L150,L153,L154,L155,L156,L157,L158,L159,L160,L169,L175,L177,L178,L179,L182",40,0.934620762373359,0.934620762373359,0,,38,False,non_critical,
1,20260708,L167->L159,L167,L159,True,False,0.0,0.0,0.0,1.0000000000000184,"L018,L019,L030,L040,L044,L045,L046,L054,L056,L060,L065,L102,L104,L109,L110,L111,L113,L115,L128,L129,L130,L131,L132,L134,L140,L143,L148,L149,L150,L153,L154,L155,L156,L157,L158,L159,L160,L167,L169,L170,L178,L179,L182",43,0.9346207623733587,0.9346207623733587,0,,41,False,non_critical,
1,20260708,L140->L109,L140,L109,True,True,36.82232008588366,36.82232008588366,0.0,1.0000000000000004,"L018,L019,L030,L040,L044,L045,L046,L054,L056,L057,L060,L065,L078,L082,L092,L095,L102,L104,L109,L110,L111,L112,L113,L114,L115,L128,L134,L140,L143,L148,L149,L150,L153,L154,L155,L156,L157,L158,L159,L160,L169,L178,L179,L182",44,58.10802080088876,58.10802080088876,42,"L018,L019,L030,L040,L044,L045,L046,L054,L056,L057,L060,L065,L078,L082,L092,L095,L102,L104,L110,L111,L112,L113,L114,L115,L128,L134,L143,L148,L149,L150,L153,L154,L155,L156,L157,L158,L159,L160,L169,L178,L179,L182",42,True,relay_cascade,
1,20260708,L130->L079,L130,L079,True,False,0.0,0.0,0.0,1.0000000000000122,"L077,L078,L079,L128,L130,L155",6,2.282022496199743,2.282022496199743,2,"L077,L078",4,True,non_critical,
1,20260708,L126->L073,L126,L073,True,False,0.0,0.0,0.0,1.0000000000000093,"L073,L115,L126,L128",4,1.0040561829575023,1.0040561829575023,0,,2,False,non_critical,
1,20260708,L174->L021,L174,L021,True,False,0.0,0.0,0.0,1.0000000000000144,"L018,L019,L021,L024,L026,L030,L039,L044,L045,L046,L054,L056,L060,L102,L109,L110,L111,L112,L113,L115,L128,L134,L140,L143,L148,L149,L150,L153,L154,L155,L156,L157,L158,L159,L160,L169,L171,L173,L174,L175,L178,L179,L182",43,1.6441239776551437,1.6441239776551437,2,"L024,L026",41,True,non_critical,
1,20260708,L032->L024,L032,L024,True,False,0.0,0.0,0.0,1.0000000000000075,"L018,L019,L024,L025,L030,L032,L039,L040,L044,L045,L046,L054,L056,L057,L060,L102,L104,L109,L110,L111,L112,L113,L114,L115,L128,L134,L140,L143,L148,L149,L150,L153,L154,L155,L156,L157,L158,L159,L160,L169,L178,L179,L182",43,0.9358404769730951,0.9358404769730951,0,,41,False,non_critical,
1,20260708,L069->L148,L069,L148,True,False,0.0,0.0,0.0,1.000000000000023,"L060,L065,L069,L102,L128,L148,L155",7,4.622957629905344,4.622957629905344,2,"L128,L155",5,True,non_critical,
1,20260708,L066->L106,L066,L106,True,True,31.890688783719977,31.890688783719977,0.0,1.0000000000000004,"L018,L019,L030,L040,L044,L045,L046,L054,L056,L057,L060,L062,L063,L064,L065,L066,L095,L102,L104,L105,L106,L109,L110,L111,L112,L113,L114,L115,L128,L134,L140,L143,L149,L150,L153,L154,L155,L156,L157,L158,L159,L160,L169,L178,L179,L182",46,57.65765726552973,57.65765726552973,43,"L018,L019,L030,L040,L044,L045,L046,L054,L056,L057,L060,L062,L063,L064,L065,L095,L104,L105,L109,L110,L111,L112,L113,L114,L115,L128,L134,L140,L143,L149,L150,L153,L154,L155,L156,L157,L158,L159,L160,L169,L178,L179,L182",44,True,relay_cascade,
1,20260708,L113->L007,L113,L007,True,True,25.67010059251546,25.67010059251546,0.0,1.0000000000000016,"L007,L018,L019,L020,L022,L030,L039,L040,L044,L045,L046,L054,L056,L060,L102,L104,L109,L111,L112,L113,L115,L128,L134,L140,L143,L148,L149,L150,L153,L154,L155,L156,L157,L158,L159,L160,L169,L178,L179,L182",40,1.3364571350170613,1.3364571350170613,3,"L020,L022,L040",38,True,relay_cascade,
1,20260708,L139->L078,L139,L078,True,False,0.0,0.0,0.0,1.0000000000000029,"L018,L019,L030,L039,L044,L045,L046,L054,L056,L060,L078,L102,L104,L109,L110,L111,L112,L113,L115,L128,L134,L139,L140,L143,L148,L149,L150,L153,L154,L155,L156,L157,L158,L159,L160,L169,L178,L179,L182",39,1.0907310281165576,1.0907310281165576,0,,37,False,non_critical,
1,20260708,L064->L158,L064,L158,True,False,0.0,0.0,0.0,1.0000000000000064,"L064,L128,L155,L158",4,2.6694027874479063,2.6694027874479063,2,"L128,L155",2,True,non_critical,
1,20260708,L173->L152,L173,L152,True,True,67.88049169901348,67.88049169901348,0.0,1.0000000000000144,"L018,L019,L030,L040,L044,L045,L046,L054,L056,L060,L102,L109,L110,L111,L112,L113,L115,L128,L134,L140,L143,L148,L149,L150,L152,L153,L154,L155,L156,L157,L158,L159,L160,L169,L173,L178,L179,L182",38,16.37932797819063,16.37932797819063,36,"L018,L019,L030,L040,L044,L045,L046,L054,L056,L060,L102,L109,L110,L111,L112,L113,L115,L128,L134,L140,L143,L148,L149,L150,L153,L154,L155,L156,L157,L158,L159,L160,L169,L178,L179,L182",36,True,relay_cascade,
1,20260708,L133->L072,L133,L072,True,True,42.88779933795389,42.88779933795389,0.0,1.0000000000000004,"L018,L019,L030,L040,L044,L045,L046,L054,L056,L060,L072,L074,L102,L104,L109,L110,L111,L112,L113,L115,L128,L133,L134,L140,L143,L148,L149,L150,L153,L154,L155,L156,L157,L158,L159,L160,L169,L178,L179,L182",40,1.6230697917363572,1.6230697917363572,1,L074,38,True,relay_cascade,
1,20260708,L020->L148,L020,L148,True,False,0.0,0.0,0.0,1.000000000000023,"L018,L020,L128,L148,L155",5,5.390557776636173,5.390557776636173,2,"L128,L155",3,True,non_critical,
1,20260708,L044->L009,L044,L009,True,True,25.67010059251546,25.67010059251546,0.0,1.0000000000000038,"L009,L018,L019,L020,L022,L030,L044,L045,L046,L060,L065,L091,L102,L104,L106,L109,L110,L111,L113,L115,L128,L134,L140,L143,L149,L150,L153,L154,L155,L156,L158,L159,L160,L169,L178,L179,L182",37,66.16644095330693,66.16644095330693,35,"L018,L019,L020,L022,L030,L045,L046,L060,L065,L091,L102,L104,L106,L109,L110,L111,L113,L115,L128,L134,L140,L143,L149,L150,L153,L154,L155,L156,L158,L159,L160,L169,L178,L179,L182",35,True,relay_cascade,
1,20260708,L063->L176,L063,L176,True,True,36.82232008588366,36.82232008588366,0.0,1.0000000000000029,"L018,L019,L030,L039,L044,L045,L046,L054,L056,L057,L060,L063,L065,L102,L104,L106,L109,L110,L111,L112,L113,L115,L128,L134,L140,L143,L148,L149,L150,L153,L154,L155,L156,L157,L158,L160,L169,L176,L178,L179,L182",41,42.72883160713577,42.72883160713577,37,"L018,L019,L030,L039,L044,L045,L046,L054,L056,L057,L102,L104,L106,L109,L110,L111,L112,L113,L115,L128,L134,L140,L143,L148,L149,L150,L153,L154,L155,L156,L157,L158,L160,L169,L178,L179,L182",39,True,relay_cascade,
1,20260708,L030->L169,L030,L169,True,False,0.0,0.0,0.0,1.0000000000000004,"L030,L169",2,1.0414003236681504,1.0414003236681504,0,,0,False,non_critical,
1,20260708,L110->L118,L110,L118,True,False,0.0,0.0,0.0,1.0000000000000049,"L018,L019,L030,L040,L044,L045,L046,L054,L056,L057,L060,L102,L104,L109,L110,L111,L115,L118,L128,L134,L140,L143,L148,L149,L150,L153,L154,L155,L156,L157,L158,L159,L160,L169,L178,L179,L182,L186",38,1.3634608921987126,1.3634608921987126,1,L186,36,True,non_critical,
1,20260708,L082->L045,L082,L045,True,False,0.0,0.0,0.0,1.000000000000007,"L045,L082",2,1.0127223265255405,1.0127223265255405,0,,0,False,non_critical,
1,20260708,L085->L158,L085,L158,True,False,0.0,0.0,0.0,1.0000000000000122,"L085,L128,L155,L158",4,4.669402710596815,4.669402710596815,2,"L128,L155",2,True,non_critical,
1,20260708,L117->L121,L117,L121,True,True,74.95325517572547,74.95325517572547,0.0,1.0000000000000075,"L018,L019,L030,L040,L044,L045,L046,L054,L056,L060,L065,L102,L104,L109,L110,L111,L112,L113,L114,L115,L117,L121,L122,L128,L134,L140,L143,L148,L149,L150,L153,L154,L155,L156,L157,L158,L159,L160,L169,L178,L179,L182",42,2.2674954831182017,2.2674954831182017,2,"L065,L122",40,True,relay_cascade,
1,20260708,L029->L030,L029,L030,True,False,0.0,0.0,0.0,1.0000000000000184,"L018,L019,L025,L026,L029,L030,L044,L045,L046,L054,L056,L060,L102,L104,L109,L110,L111,L112,L113,L114,L115,L128,L134,L140,L143,L148,L149,L150,L153,L154,L155,L156,L157,L158,L159,L160,L169,L178,L179,L182",40,1.0956776040806084,1.0956776040806084,0,,38,False,non_critical,
1,20260708,L095->L066,L095,L066,True,False,0.0,0.0,0.0,1.000000000000007,"L045,L066,L095,L102,L109,L111,L115,L128,L178",9,2.885831672544048,2.885831672544048,7,"L045,L102,L109,L111,L115,L128,L178",7,True,non_critical,
1,20260708,L027->L079,L027,L079,True,False,0.0,0.0,0.0,1.0000000000000047,"L018,L019,L027,L030,L044,L045,L046,L054,L056,L060,L079,L102,L104,L109,L110,L111,L112,L113,L114,L115,L128,L134,L140,L143,L150,L153,L154,L155,L156,L158,L159,L160,L169,L178,L179,L182",36,1.1612726558502406,1.1612726558502406,0,,34,False,non_critical,
1,20260708,L031->L165,L031,L165,True,False,0.0,0.0,0.0,1.0000000000000049,"L018,L019,L025,L030,L031,L035,L039,L040,L043,L044,L045,L046,L054,L056,L060,L102,L109,L110,L111,L112,L113,L115,L128,L134,L140,L143,L150,L153,L154,L155,L156,L158,L159,L160,L165,L169,L178,L179,L182",39,1.1612726558502389,1.1612726558502389,0,,37,False,non_critical,
1,20260708,L067->L114,L067,L114,True,True,36.82232008588366,36.82232008588366,0.0,1.0000000000000049,"L018,L019,L030,L040,L044,L045,L046,L054,L056,L057,L060,L067,L102,L104,L109,L110,L111,L112,L113,L114,L115,L128,L134,L140,L143,L148,L149,L150,L153,L154,L155,L156,L157,L158,L159,L160,L169,L178,L179,L182",40,59.95223562252462,59.95223562252462,37,"L018,L019,L030,L040,L044,L045,L046,L054,L056,L057,L060,L104,L109,L110,L111,L112,L113,L115,L128,L134,L140,L143,L148,L149,L150,L153,L154,L155,L156,L157,L158,L159,L160,L169,L178,L179,L182",38,True,relay_cascade,
1,20260708,L169->L170,L169,L170,True,False,0.0,0.0,0.0,1.000000000000023,"L169,L170",2,1.076567373404787,1.076567373404787,0,,0,False,non_critical,
1,20260708,L146->L060,L146,L060,True,False,0.0,0.0,0.0,1.0000000000000047,"L060,L128,L146,L155,L156",5,1.0336676966776452,1.0336676966776452,0,,3,False,non_critical,
1,20260708,L072->L142,L072,L142,True,False,0.0,0.0,0.0,1.0000000000000024,"L018,L019,L030,L040,L044,L045,L046,L054,L056,L060,L072,L074,L082,L102,L109,L110,L111,L112,L113,L115,L128,L134,L140,L142,L143,L148,L149,L150,L153,L154,L155,L156,L157,L158,L159,L160,L169,L178,L179,L182",40,0.934620762373359,0.934620762373359,0,,38,False,non_critical,
1,20260708,L065->L174,L065,L174,True,False,0.0,0.0,0.0,1.0000000000000058,"L065,L174",2,1.0417066898431504,1.0417066898431504,0,,0,False,non_critical,
1,20260708,L048->L009,L048,L009,True,True,25.67010059251546,25.67010059251546,0.0,1.0000000000000369,"L009,L018,L019,L020,L022,L030,L039,L040,L044,L045,L046,L048,L054,L056,L057,L060,L102,L109,L110,L111,L112,L113,L115,L128,L134,L140,L143,L148,L149,L150,L153,L154,L155,L156,L157,L158,L159,L160,L169,L178,L179,L182",42,1.3364571350170613,1.3364571350170613,3,"L020,L022,L040",40,True,relay_cascade,
1,20260708,L151->L055,L151,L055,True,False,0.0,0.0,0.0,1.000000000000004,"L055,L060,L128,L151,L155",5,1.2070007796321853,1.2070007796321853,1,L060,3,True,non_critical,
1,20260708,L142->L088,L142,L088,True,False,0.0,0.0,0.0,1.0000000000000038,"L088,L128,L142",3,1.1243445214797425,1.1243445214797425,0,,1,False,non_critical,
1,20260708,L171->L084,L171,L084,True,False,0.0,0.0,0.0,1.000000000000023,"L084,L171",2,1.0118306524995286,1.0118306524995286,0,,0,False,non_critical,
1,20260708,L086->L064,L086,L064,True,False,0.0,0.0,0.0,1.000000000000004,"L064,L086",2,1.0158362446952611,1.0158362446952611,0,,0,False,non_critical,
1,20260708,L039->L018,L039,L018,True,False,0.0,0.0,0.0,1.000000000000023,"L018,L039,L178",3,1.0027502362654594,1.0027502362654594,0,,1,False,non_critical,
1,20260708,L081->L098,L081,L098,True,True,209.91883346706032,207.0572215565694,2.8616119104909075,1.0000000000000004,"L018,L019,L030,L040,L044,L045,L046,L054,L055,L056,L057,L058,L060,L062,L063,L064,L065,L074,L077,L078,L081,L082,L084,L088,L089,L090,L091,L092,L095,L098,L099,L100,L101,L102,L104,L105,L106,L109,L110,L111,L113,L115,L128,L129,L134,L140,L143,L149,L150,L153,L154,L155,L156,L158,L159,L160,L169,L178,L179,L182",60,59.983342320920656,59.983342320920656,54,"L018,L019,L030,L040,L044,L045,L046,L054,L055,L056,L057,L058,L060,L062,L063,L064,L065,L074,L084,L088,L089,L090,L091,L092,L095,L099,L100,L101,L104,L105,L106,L109,L110,L111,L113,L115,L128,L129,L134,L140,L143,L149,L150,L153,L154,L155,L156,L158,L159,L160,L169,L178,L179,L182",58,True,relay_cascade,
1,20260708,L052->L078,L052,L078,True,True,2.8616119104909097,0.0,2.8616119104909097,1.000000000000023,"L052,L074,L077,L078,L079",5,2.168271615541182,2.168271615541182,3,"L074,L077,L079",3,True,relay_cascade,
1,20260708,L142->L092,L142,L092,True,False,0.0,0.0,0.0,1.0000000000000013,"L060,L082,L091,L092,L102,L128,L142",7,1.3237849874813419,1.3237849874813419,4,"L060,L082,L091,L102",5,True,non_critical,
1,20260708,L060->L098,L060,L098,True,False,0.0,0.0,0.0,1.000000000000023,"L060,L091,L098,L102",4,5.722454927982148,5.722454927982148,2,"L091,L102",2,True,non_critical,
1,20260708,L016->L024,L016,L024,True,False,0.0,0.0,0.0,1.0000000000000007,"L016,L018,L019,L024,L030,L039,L044,L045,L046,L054,L056,L057,L060,L102,L109,L110,L111,L112,L113,L115,L128,L134,L140,L143,L148,L149,L150,L153,L154,L155,L156,L157,L158,L159,L160,L169,L178,L179,L182",39,1.0584241826099658,1.0584241826099658,0,,37,False,non_critical,
1,20260708,L004->L140,L004,L140,True,False,0.0,0.0,0.0,1.0000000000000042,"L001,L004,L014,L018,L030,L039,L044,L045,L046,L054,L056,L057,L060,L065,L102,L104,L109,L110,L111,L112,L113,L115,L128,L134,L140,L143,L148,L149,L150,L153,L154,L155,L156,L157,L158,L159,L160,L169,L178,L179,L182",41,1.150737149026372,1.150737149026372,0,,39,False,non_critical,
1,20260708,L110->L028,L110,L028,True,True,32.235359849353586,32.235359849353586,0.0,1.0000000000000735,"L018,L019,L025,L028,L030,L040,L044,L045,L046,L054,L056,L057,L060,L102,L104,L109,L110,L111,L115,L128,L134,L140,L143,L148,L149,L150,L153,L154,L155,L156,L157,L158,L159,L160,L169,L178,L179,L182",38,1.5593211065130153,1.5593211065130153,1,L025,36,True,relay_cascade,
1,20260708,L097->L167,L097,L167,True,False,0.0,0.0,0.0,1.0000000000000004,"L018,L019,L030,L040,L045,L046,L056,L057,L060,L065,L070,L073,L075,L076,L077,L078,L080,L081,L082,L091,L092,L097,L100,L101,L102,L104,L109,L110,L111,L112,L113,L114,L115,L128,L134,L140,L143,L149,L150,L153,L154,L155,L156,L157,L158,L159,L160,L167,L169,L178,L179,L182,L186",53,1.1729177952920953,1.1729177952920953,0,,51,False,non_critical,
1,20260708,L031->L020,L031,L020,True,False,0.0,0.0,0.0,1.0000000000000049,"L018,L019,L020,L025,L030,L031,L035,L039,L040,L043,L044,L045,L046,L054,L056,L060,L102,L109,L110,L111,L112,L113,L115,L128,L134,L140,L143,L150,L153,L154,L155,L156,L158,L159,L160,L169,L178,L179,L182",39,1.1612726558502389,1.1612726558502389,0,,37,False,non_critical,
1,20260708,L037->L130,L037,L130,True,False,0.0,0.0,0.0,1.0000000000000024,"L018,L019,L020,L030,L037,L044,L045,L046,L060,L102,L109,L110,L111,L113,L115,L128,L129,L130,L131,L134,L140,L143,L149,L150,L153,L154,L155,L156,L157,L158,L159,L160,L169,L178,L179,L182",36,1.06815180407976,1.06815180407976,0,,34,False,non_critical,
1,20260708,L033->L181,L033,L181,True,True,16.141806694637093,16.141806694637093,0.0,1.0000000000000004,"L018,L019,L030,L033,L039,L040,L043,L044,L045,L046,L054,L056,L060,L102,L104,L109,L110,L111,L112,L113,L115,L128,L134,L140,L143,L148,L149,L150,L153,L154,L155,L156,L157,L158,L159,L160,L169,L178,L179,L180,L181,L182",42,1.0058090440298577,1.0058090440298577,0,,40,False,island_only,
1,20260708,L096->L047,L096,L047,True,True,31.300605334860514,31.300605334860514,0.0,1.0000000000000007,"L018,L019,L030,L044,L045,L046,L047,L057,L058,L059,L060,L065,L096,L102,L104,L109,L110,L111,L112,L115,L128,L134,L140,L143,L148,L149,L150,L153,L154,L155,L156,L157,L158,L159,L160,L169,L178,L179,L182",39,1.0673777251498942,1.0673777251498942,0,,37,False,island_only,
1,20260708,L107->L054,L107,L054,True,False,0.0,0.0,0.0,1.0000000000000004,"L018,L019,L030,L040,L044,L045,L046,L054,L056,L057,L060,L065,L095,L102,L104,L107,L109,L110,L111,L112,L113,L114,L115,L126,L127,L128,L134,L140,L143,L149,L150,L153,L154,L155,L156,L157,L158,L159,L160,L169,L178,L179,L182,L186",44,1.216938951292047,1.216938951292047,1,L040,42,True,non_critical,
1,20260708,L040->L155,L040,L155,True,False,0.0,0.0,0.0,1.000000000000023,"L040,L155,L182",3,1.000237460631566,1.000237460631566,0,,1,False,non_critical,
1,20260708,L113->L075,L113,L075,True,False,0.0,0.0,0.0,1.0000000000000029,"L018,L019,L030,L039,L044,L045,L046,L054,L056,L060,L075,L102,L104,L109,L111,L112,L113,L115,L128,L134,L140,L143,L148,L149,L150,L153,L154,L155,L156,L157,L158,L159,L160,L169,L178,L179,L182",37,1.0907310281165576,1.0907310281165576,0,,35,False,non_critical,
1,20260708,L087->L185,L087,L185,True,True,35.11713329264434,35.11713329264434,0.0,1.0000000000000049,"L018,L019,L030,L040,L044,L045,L046,L054,L056,L060,L077,L078,L079,L087,L102,L109,L110,L111,L112,L113,L115,L128,L134,L140,L143,L148,L149,L150,L153,L154,L155,L156,L157,L158,L159,L160,L169,L178,L179,L182,L185,L186",42,3.0075067880410815,3.0075067880410815,1,L186,40,True,relay_cascade,
1,20260708,L011->L115,L011,L115,True,False,0.0,0.0,0.0,1.000000000000023,"L011,L018,L115",3,1.009969815205841,1.009969815205841,0,,1,False,non_critical,
1,20260708,L103->L073,L103,L073,True,False,0.0,0.0,0.0,1.0000000000000073,"L073,L102,L103",3,1.0013049267795828,1.0013049267795828,0,,1,False,non_critical,
1,20260708,L109->L155,L109,L155,True,False,0.0,0.0,0.0,1.0000000000000038,"L109,L155",2,1.0004930365545412,1.0004930365545412,0,,0,False,non_critical,
1,20260708,L014->L143,L014,L143,True,True,36.82232008588366,36.82232008588366,0.0,1.0000000000000004,"L014,L018,L019,L030,L039,L044,L045,L046,L054,L056,L060,L102,L104,L109,L110,L111,L112,L113,L115,L128,L134,L140,L143,L148,L149,L150,L153,L154,L155,L156,L157,L158,L159,L160,L169,L178,L179,L182",38,60.982582502010615,60.982582502010615,36,"L018,L019,L030,L039,L044,L045,L046,L054,L056,L060,L102,L104,L109,L110,L111,L112,L113,L115,L128,L134,L140,L148,L149,L150,L153,L154,L155,L156,L157,L158,L159,L160,L169,L178,L179,L182",36,True,relay_cascade,
1,20260708,L013->L028,L013,L028,True,True,69.05767993523725,69.05767993523725,0.0,1.0000000000000184,"L013,L014,L018,L019,L024,L025,L028,L030,L039,L044,L045,L046,L054,L056,L060,L102,L104,L109,L110,L111,L112,L113,L114,L115,L128,L134,L140,L143,L148,L149,L150,L153,L154,L155,L156,L157,L158,L159,L160,L169,L178,L179,L182",43,57.55146692923586,57.55146692923586,40,"L018,L019,L024,L025,L030,L039,L044,L045,L046,L054,L056,L060,L102,L104,L109,L110,L111,L112,L113,L114,L115,L128,L134,L140,L143,L148,L149,L150,L153,L154,L155,L156,L157,L158,L159,L160,L169,L178,L179,L182",41,True,relay_cascade,
1,20260708,L184->L034,L184,L034,True,True,41.04569367595296,41.04569367595296,0.0,1.0,"L018,L019,L030,L034,L039,L040,L044,L045,L046,L054,L056,L060,L102,L104,L109,L110,L111,L112,L113,L115,L128,L134,L140,L143,L148,L149,L150,L153,L154,L155,L156,L157,L158,L159,L160,L169,L178,L179,L182,L184",40,2.7252957623325003,2.7252957623325003,1,L040,38,True,relay_cascade,
1,20260708,L062->L085,L062,L085,True,True,2.8616119104909243,0.0,2.8616119104909243,1.000000000000023,"L060,L062,L074,L077,L078,L079,L085",7,2.6733098477831847,2.6733098477831847,4,"L074,L077,L078,L079",5,True,relay_cascade,
1,20260708,L168->L052,L168,L052,True,True,86.63824718346618,83.77663527297527,2.861611910490902,1.0000000000000087,"L018,L019,L030,L044,L045,L046,L052,L053,L057,L058,L060,L064,L065,L074,L077,L078,L082,L095,L102,L104,L109,L110,L111,L112,L113,L114,L115,L128,L134,L140,L143,L148,L149,L150,L151,L153,L154,L155,L156,L157,L158,L159,L160,L168,L169,L178,L179,L182",48,56.92008489426875,56.92008489426875,46,"L018,L019,L030,L044,L045,L046,L053,L057,L058,L060,L064,L065,L074,L077,L078,L082,L095,L102,L104,L109,L110,L111,L112,L113,L114,L115,L128,L134,L140,L143,L148,L149,L150,L151,L153,L154,L155,L156,L157,L158,L159,L160,L169,L178,L179,L182",46,True,relay_cascade,
1,20260708,L063->L146,L063,L146,True,False,0.0,0.0,0.0,1.000000000000009,"L060,L063,L065,L128,L146,L155,L156",7,11.005075310158572,11.005075310158572,3,"L128,L155,L156",5,True,non_critical,
1,20260708,L181->L052,L181,L052,True,False,0.0,0.0,0.0,1.0000000000000275,"L018,L019,L030,L044,L045,L046,L052,L054,L056,L060,L102,L104,L109,L110,L111,L112,L113,L115,L128,L134,L140,L143,L148,L149,L150,L153,L154,L155,L156,L157,L158,L159,L160,L169,L178,L179,L180,L181,L182",39,0.934620762373359,0.934620762373359,0,,37,False,non_critical,
1,20260708,L163->L089,L163,L089,True,False,0.0,0.0,0.0,1.0000000000000029,"L018,L019,L030,L039,L044,L045,L046,L054,L056,L060,L065,L089,L102,L104,L109,L110,L111,L112,L113,L115,L128,L134,L140,L143,L148,L149,L150,L153,L154,L155,L156,L157,L158,L160,L163,L164,L167,L169,L170,L172,L175,L178,L179,L182",44,1.0907310281165576,1.0907310281165576,0,,42,False,non_critical,
1,20260708,L102->L139,L102,L139,True,False,0.0,0.0,0.0,1.000000000000001,"L102,L139,L140",3,4.323117323764608,4.323117323764608,1,L140,1,True,non_critical,
1,20260708,L003->L089,L003,L089,True,False,0.0,0.0,0.0,1.0000000000000087,"L003,L015,L018,L089",4,1.1337486534260932,1.1337486534260932,0,,2,False,non_critical,
1,20260708,L153->L047,L153,L047,True,True,31.300605334860514,31.300605334860514,0.0,1.0000000000000029,"L018,L019,L030,L039,L044,L045,L046,L047,L054,L056,L057,L060,L102,L109,L110,L111,L112,L113,L115,L128,L134,L140,L143,L149,L150,L153,L154,L155,L156,L157,L158,L160,L169,L178,L179,L182",36,17.576373501880063,17.576373501880063,31,"L018,L019,L030,L039,L044,L045,L046,L054,L056,L057,L060,L102,L109,L110,L111,L112,L113,L115,L134,L140,L143,L149,L150,L154,L157,L158,L160,L169,L178,L179,L182",34,True,relay_cascade,
1,20260708,L055->L112,L055,L112,True,True,36.82232008588366,36.82232008588366,0.0,1.0000000000000004,"L018,L019,L030,L040,L044,L045,L046,L054,L055,L056,L060,L102,L104,L109,L110,L111,L112,L113,L115,L128,L134,L140,L143,L148,L149,L150,L153,L154,L155,L156,L157,L158,L159,L160,L169,L178,L179,L182",38,57.70002417729642,57.70002417729642,36,"L018,L019,L030,L040,L044,L045,L046,L054,L056,L060,L102,L104,L109,L110,L111,L113,L115,L128,L134,L140,L143,L148,L149,L150,L153,L154,L155,L156,L157,L158,L159,L160,L169,L178,L179,L182",36,True,relay_cascade,
1,20260708,L121->L073,L121,L073,True,False,0.0,0.0,0.0,1.0000000000000004,"L018,L019,L030,L040,L044,L045,L046,L054,L056,L057,L060,L065,L073,L102,L104,L109,L110,L111,L113,L115,L121,L122,L128,L134,L140,L143,L148,L149,L150,L153,L154,L155,L156,L157,L158,L159,L160,L169,L178,L179,L182",41,0.9646975521526926,0.9646975521526926,0,,39,False,non_critical,
1,20260708,L059->L184,L059,L184,True,True,21.648461416338748,21.648461416338748,0.0,1.0000000000000024,"L018,L019,L030,L039,L044,L045,L046,L054,L056,L059,L060,L102,L109,L110,L111,L112,L113,L115,L128,L134,L140,L143,L148,L149,L150,L153,L154,L155,L156,L157,L158,L159,L160,L169,L178,L179,L182,L184",38,1.071474388755391,1.071474388755391,0,,36,False,island_only,
1,20260708,L173->L105,L173,L105,True,False,0.0,0.0,0.0,1.0000000000000022,"L018,L019,L030,L040,L044,L045,L046,L054,L056,L057,L060,L065,L077,L078,L082,L095,L102,L104,L105,L106,L109,L110,L111,L112,L113,L114,L115,L128,L134,L140,L143,L149,L150,L153,L154,L155,L156,L157,L158,L159,L160,L169,L173,L178,L179,L182",46,51.58433533405666,51.58433533405666,44,"L018,L019,L030,L040,L044,L045,L046,L054,L056,L057,L060,L065,L077,L078,L082,L095,L102,L104,L106,L109,L110,L111,L112,L113,L114,L115,L128,L134,L140,L143,L149,L150,L153,L154,L155,L156,L157,L158,L159,L160,L169,L178,L179,L182",44,True,non_critical,
1,20260708,L176->L107,L176,L107,True,True,81.35922639729833,81.35922639729833,0.0,1.0000000000000184,"L018,L019,L030,L039,L044,L045,L046,L054,L056,L060,L065,L102,L104,L107,L109,L110,L111,L112,L113,L115,L126,L127,L128,L134,L140,L143,L148,L149,L150,L153,L154,L155,L156,L157,L158,L160,L169,L176,L178,L179,L182",41,1.841421211581674,1.841421211581674,2,"L126,L127",39,True,relay_cascade,
1,20260708,L091->L040,L091,L040,True,False,0.0,0.0,0.0,1.0000000000000342,"L040,L091,L178,L182",4,3.597748657086086,3.597748657086086,2,"L178,L182",2,True,non_critical,
1,20260708,L167->L158,L167,L158,True,False,0.0,0.0,0.0,1.0000000000000184,"L018,L019,L030,L040,L044,L045,L046,L054,L056,L060,L065,L102,L104,L109,L110,L111,L113,L115,L128,L129,L130,L131,L132,L134,L140,L143,L148,L149,L150,L153,L154,L155,L156,L157,L158,L159,L160,L167,L169,L170,L178,L179,L182",43,0.9346207623733587,0.9346207623733587,0,,41,False,non_critical,
1,20260708,L170->L024,L170,L024,True,True,36.82232008588366,36.82232008588366,0.0,1.0000000000000735,"L018,L019,L024,L025,L026,L030,L039,L040,L044,L045,L046,L054,L056,L057,L060,L102,L104,L109,L110,L111,L112,L113,L115,L128,L134,L140,L143,L148,L149,L150,L153,L154,L155,L156,L157,L158,L159,L160,L169,L170,L178,L179,L182",43,59.43276919837248,59.43276919837248,40,"L018,L019,L025,L026,L030,L039,L040,L044,L045,L046,L054,L056,L057,L060,L102,L104,L109,L110,L111,L112,L113,L115,L128,L134,L140,L143,L148,L149,L150,L153,L154,L155,L156,L157,L158,L159,L160,L178,L179,L182",41,True,relay_cascade,
1,20260708,L150->L071,L150,L071,True,True,159.7601805364269,159.7601805364269,0.0,1.0000000000000215,"L018,L019,L030,L040,L044,L045,L046,L054,L060,L071,L074,L078,L082,L102,L109,L110,L111,L112,L113,L115,L128,L129,L130,L131,L132,L134,L140,L143,L149,L150,L153,L154,L155,L156,L157,L158,L159,L160,L169,L178,L179,L182",42,16.86585241434659,16.86585241434659,38,"L018,L019,L030,L040,L044,L045,L046,L054,L060,L074,L078,L082,L102,L109,L110,L111,L112,L113,L115,L128,L129,L130,L131,L132,L134,L140,L143,L149,L153,L154,L157,L158,L159,L160,L169,L178,L179,L182",40,True,relay_cascade,
1,20260708,L152->L102,L152,L102,True,False,0.0,0.0,0.0,1.0000000000000144,"L018,L019,L030,L040,L044,L045,L046,L054,L056,L060,L102,L109,L110,L111,L112,L113,L115,L128,L134,L140,L143,L148,L149,L150,L152,L153,L154,L155,L156,L157,L158,L159,L160,L169,L178,L179,L182",37,0.934620762373359,0.934620762373359,0,,35,False,non_critical,
1,20260708,L160->L136,L160,L136,True,True,34.64570647477072,34.64570647477072,0.0,1.0000000000000004,"L018,L019,L030,L040,L044,L045,L046,L054,L056,L057,L060,L065,L095,L102,L104,L109,L110,L111,L113,L115,L128,L133,L134,L135,L136,L140,L149,L150,L153,L154,L155,L156,L158,L159,L160,L169,L178,L179,L182",39,15.910904902476206,15.910904902476206,35,"L018,L019,L030,L040,L044,L045,L046,L054,L056,L057,L060,L065,L095,L102,L104,L109,L110,L111,L113,L115,L133,L134,L135,L140,L149,L150,L153,L154,L156,L158,L159,L169,L178,L179,L182",37,True,relay_cascade,
1,20260708,L037->L053,L037,L053,True,False,0.0,0.0,0.0,1.0000000000000007,"L018,L019,L020,L030,L037,L044,L045,L046,L053,L060,L102,L109,L110,L111,L113,L115,L128,L129,L130,L131,L134,L140,L143,L149,L150,L153,L154,L155,L156,L157,L158,L159,L160,L169,L178,L179,L182",37,1.0072960108773015,1.0072960108773015,0,,35,False,non_critical,
1,20260708,L037->L148,L037,L148,True,True,36.82232008588366,36.82232008588366,0.0,1.0000000000000018,"L018,L019,L020,L030,L037,L044,L045,L046,L060,L102,L109,L110,L111,L113,L115,L128,L129,L130,L131,L134,L140,L143,L148,L149,L150,L153,L154,L155,L156,L157,L158,L159,L160,L169,L178,L179,L182",37,1.0537575778003119,1.0537575778003119,0,,35,False,island_only,
1,20260708,L121->L085,L121,L085,True,False,0.0,0.0,0.0,1.000000000000009,"L018,L019,L030,L040,L044,L045,L046,L054,L056,L057,L060,L065,L085,L102,L104,L109,L110,L111,L113,L115,L121,L122,L128,L134,L140,L143,L148,L149,L150,L153,L154,L155,L156,L157,L158,L159,L160,L169,L178,L179,L182",41,0.9646975521526926,0.9646975521526926,0,,39,False,non_critical,
1,20260708,L107->L076,L107,L076,True,False,0.0,0.0,0.0,1.0000000000000004,"L018,L019,L030,L044,L045,L046,L056,L057,L060,L065,L076,L077,L078,L082,L095,L102,L104,L107,L109,L110,L111,L112,L113,L114,L115,L126,L127,L128,L134,L140,L143,L149,L150,L153,L154,L155,L156,L157,L158,L159,L160,L169,L178,L179,L182,L186",46,1.7429309396361778,1.7429309396361778,3,"L077,L078,L082",44,True,non_critical,
1,20260708,L182->L140,L182,L140,True,False,0.0,0.0,0.0,1.000000000000023,"L140,L182",2,1.197844658019065,1.197844658019065,0,,0,False,non_critical,
1,20260708,L075->L136,L075,L136,True,False,0.0,0.0,0.0,1.0000000000000322,"L075,L128,L136,L155",4,3.944593211868286,3.944593211868286,2,"L128,L155",2,True,non_critical,
1,20260708,L177->L005,L177,L005,True,False,0.0,0.0,0.0,1.0000000000000004,"L005,L018,L019,L030,L040,L044,L045,L046,L054,L056,L060,L102,L104,L109,L110,L111,L112,L113,L115,L128,L134,L140,L143,L148,L149,L150,L153,L154,L155,L156,L157,L158,L159,L160,L169,L175,L177,L178,L179,L182",40,0.9940015499024958,0.9940015499024958,0,,38,False,non_critical,
1,20260708,L119->L147,L119,L147,True,True,43.59265123807146,43.59265123807146,0.0,1.0000000000000004,"L018,L019,L030,L040,L044,L045,L046,L054,L056,L060,L102,L104,L109,L110,L111,L113,L114,L115,L119,L126,L127,L128,L134,L140,L143,L147,L149,L150,L153,L154,L155,L156,L158,L159,L160,L169,L178,L179,L182,L186",40,12.071816089986685,12.071816089986685,34,"L018,L019,L030,L040,L044,L045,L046,L054,L056,L060,L102,L104,L109,L110,L111,L113,L114,L126,L127,L134,L140,L143,L149,L150,L153,L154,L156,L158,L159,L160,L169,L178,L179,L182",38,True,relay_cascade,
1,20260708,L149->L104,L149,L104,True,True,2.571961972691561,0.0,2.571961972691561,1.0000000000000004,"L045,L057,L058,L060,L065,L077,L078,L095,L102,L104,L109,L111,L115,L128,L149,L155,L156,L178,L186",19,3.196350629000223,3.196350629000223,14,"L045,L057,L058,L060,L065,L077,L078,L095,L102,L109,L111,L115,L178,L186",17,True,relay_cascade,
1,20260708,L072->L176,L072,L176,True,False,0.0,0.0,0.0,1.0000000000000024,"L018,L019,L030,L040,L044,L045,L046,L054,L056,L060,L072,L074,L082,L102,L109,L110,L111,L112,L113,L115,L128,L134,L140,L143,L148,L149,L150,L153,L154,L155,L156,L157,L158,L159,L160,L169,L176,L178,L179,L182",40,0.934620762373359,0.934620762373359,0,,38,False,non_critical,
1,20260708,L145->L052,L145,L052,True,True,118.85171212018325,115.99010020969234,2.8616119104909132,1.0000000000000024,"L018,L019,L030,L044,L045,L046,L052,L053,L057,L058,L060,L065,L074,L077,L078,L082,L095,L102,L104,L109,L110,L111,L112,L113,L114,L115,L128,L134,L140,L143,L144,L145,L146,L150,L153,L154,L155,L156,L158,L159,L160,L169,L178,L179,L182",45,8.864465027634338,8.864465027634338,40,"L018,L019,L030,L044,L045,L046,L053,L057,L058,L060,L065,L074,L077,L078,L082,L095,L102,L104,L109,L110,L111,L112,L113,L114,L115,L134,L140,L143,L144,L146,L150,L153,L154,L158,L159,L160,L169,L178,L179,L182",43,True,relay_cascade,
1,20260708,L064->L132,L064,L132,True,False,0.0,0.0,0.0,1.000000000000023,"L064,L128,L132,L155,L156,L158",6,5.843013764216676,5.843013764216676,4,"L128,L155,L156,L158",4,True,non_critical,
1,20260708,L133->L175,L133,L175,True,False,0.0,0.0,0.0,1.0000000000000004,"L018,L019,L030,L040,L044,L045,L046,L054,L056,L060,L102,L104,L109,L110,L111,L112,L113,L115,L128,L133,L134,L140,L143,L148,L149,L150,L153,L154,L155,L156,L157,L158,L159,L160,L169,L175,L178,L179,L182",39,0.934620762373359,0.934620762373359,0,,37,False,non_critical,
1,20260708,L143->L146,L143,L146,True,False,0.0,0.0,0.0,1.0000000000000029,"L018,L019,L030,L039,L044,L045,L046,L054,L056,L060,L102,L104,L109,L110,L111,L112,L113,L115,L128,L134,L140,L143,L146,L148,L149,L150,L153,L154,L155,L156,L157,L158,L159,L160,L169,L178,L179,L182",38,1.0907310281165576,1.0907310281165576,0,,36,False,non_critical,
1,20260708,L184->L134,L184,L134,True,False,0.0,0.0,0.0,1.0000000000000004,"L018,L019,L030,L039,L044,L045,L046,L054,L056,L060,L102,L104,L109,L110,L111,L112,L113,L115,L128,L134,L140,L143,L148,L149,L150,L153,L154,L155,L156,L157,L158,L159,L160,L169,L178,L179,L182,L184",38,1.071474388755391,1.071474388755391,0,,36,False,non_critical,
1,20260708,L165->L058,L165,L058,True,True,39.394282058575264,36.82232008588366,2.5719619726916054,1.0000000000000004,"L018,L019,L030,L040,L044,L045,L046,L054,L057,L058,L060,L065,L077,L078,L082,L095,L102,L104,L109,L110,L111,L112,L113,L114,L115,L128,L134,L140,L143,L148,L149,L150,L153,L154,L155,L156,L157,L158,L159,L160,L165,L169,L178,L179,L182",45,57.80939472696634,57.80939472696634,43,"L018,L019,L030,L040,L044,L045,L046,L054,L057,L060,L065,L077,L078,L082,L095,L102,L104,L109,L110,L111,L112,L113,L114,L115,L128,L134,L140,L143,L148,L149,L150,L153,L154,L155,L156,L157,L158,L159,L160,L169,L178,L179,L182",43,True,relay_cascade,
1,20260708,L140->L041,L140,L041,True,True,60.73919829355475,60.73919829355475,0.0,1.0000000000000004,"L018,L019,L030,L035,L039,L040,L041,L043,L044,L045,L046,L054,L056,L060,L065,L102,L104,L109,L110,L111,L113,L114,L115,L128,L134,L140,L143,L148,L149,L150,L153,L154,L155,L156,L157,L158,L159,L160,L169,L178,L179,L182,L186",43,58.1080208008889,58.1080208008889,41,"L018,L019,L030,L035,L039,L040,L043,L044,L045,L046,L054,L056,L060,L065,L102,L104,L109,L110,L111,L113,L114,L115,L128,L134,L143,L148,L149,L150,L153,L154,L155,L156,L157,L158,L159,L160,L169,L178,L179,L182,L186",41,True,relay_cascade,
1,20260708,L064->L172,L064,L172,True,False,0.0,0.0,0.0,1.0000000000000342,"L064,L169,L172",3,1.9694220371520323,1.9694220371520323,1,L169,1,True,non_critical,
1,20260708,L040->L104,L040,L104,True,True,36.82232008588366,36.82232008588366,0.0,1.0000000000000004,"L018,L019,L030,L040,L044,L045,L046,L054,L056,L057,L060,L065,L078,L082,L092,L095,L102,L104,L109,L110,L111,L112,L113,L114,L115,L128,L134,L140,L143,L148,L149,L150,L153,L154,L155,L156,L157,L158,L159,L160,L169,L178,L179,L182",44,59.93297757804909,59.93297757804909,41,"L018,L019,L030,L044,L045,L046,L054,L056,L057,L060,L065,L078,L082,L092,L095,L102,L109,L110,L111,L112,L113,L114,L115,L128,L134,L140,L143,L148,L149,L150,L153,L154,L155,L156,L157,L158,L159,L160,L169,L178,L179",42,True,relay_cascade,
1,20260708,L021->L085,L021,L085,True,False,0.0,0.0,0.0,1.0000000000000087,"L018,L019,L021,L024,L025,L026,L039,L040,L044,L045,L046,L048,L054,L060,L065,L085,L102,L104,L109,L110,L111,L112,L113,L115,L128,L129,L130,L131,L132,L134,L140,L143,L149,L150,L153,L154,L155,L156,L157,L158,L159,L160,L169,L178,L179,L182",46,1.1066078411090314,1.1066078411090314,0,,44,False,non_critical,
1,20260708,L151->L164,L151,L164,True,False,0.0,0.0,0.0,1.0000000000000675,"L128,L151,L155,L164",4,1.0790417406302442,1.0790417406302442,0,,2,False,non_critical,
1,20260708,L043->L146,L043,L146,True,False,0.0,0.0,0.0,1.000000000000009,"L043,L128,L140,L146,L155,L156,L158,L178,L182",9,9.738121930277796,9.738121930277796,5,"L128,L140,L155,L156,L158",7,True,non_critical,
1,20260708,L155->L008,L155,L008,True,True,99.6819767056665,99.6819767056665,0.0,1.0,"L001,L008,L014,L015,L017,L018,L019,L020,L022,L024,L026,L030,L037,L044,L045,L046,L048,L056,L057,L060,L065,L077,L078,L082,L095,L102,L104,L109,L110,L111,L112,L113,L115,L128,L134,L140,L143,L148,L149,L150,L153,L154,L155,L156,L157,L158,L160,L169,L178,L179,L182",51,70.6852085564379,70.6852085564379,49,"L001,L014,L015,L017,L018,L019,L020,L022,L024,L026,L030,L037,L044,L045,L046,L048,L056,L057,L060,L065,L077,L078,L082,L095,L102,L104,L109,L110,L111,L112,L113,L115,L128,L134,L140,L143,L148,L149,L150,L153,L154,L156,L157,L158,L160,L169,L178,L179,L182",49,True,relay_cascade,
1,20260708,L070->L081,L070,L081,True,True,52.966807136096904,52.966807136096904,0.0,1.0000000000000036,"L018,L019,L030,L040,L044,L045,L046,L054,L056,L060,L070,L077,L078,L081,L082,L102,L104,L109,L110,L111,L112,L113,L115,L128,L134,L140,L143,L148,L149,L150,L153,L154,L155,L156,L157,L158,L159,L160,L169,L178,L179,L182",42,58.077228663796156,58.077228663796156,36,"L018,L019,L030,L040,L044,L045,L046,L054,L056,L060,L104,L109,L110,L111,L112,L113,L115,L128,L134,L140,L143,L148,L149,L150,L153,L154,L155,L156,L157,L158,L159,L160,L169,L178,L179,L182",40,True,relay_cascade,
1,20260708,L035->L181,L035,L181,True,True,20.772296104867053,20.772296104867053,0.0,1.0000000000000002,"L018,L019,L030,L035,L040,L044,L045,L046,L054,L056,L060,L102,L104,L109,L110,L111,L112,L113,L115,L128,L134,L140,L143,L148,L149,L150,L153,L154,L155,L156,L157,L158,L159,L160,L169,L178,L179,L181,L182",39,0.934620762373359,0.934620762373359,0,,37,False,island_only,
1,20260708,L007->L041,L007,L041,True,False,0.0,0.0,0.0,1.0000000000000049,"L007,L018,L019,L020,L022,L030,L041,L045,L046,L060,L065,L091,L102,L104,L106,L109,L110,L111,L113,L115,L128,L134,L140,L143,L149,L150,L153,L154,L155,L156,L158,L159,L160,L169,L178,L179,L182",37,1.0229516281946227,1.0229516281946227,0,,35,False,non_critical,
1,20260708,L111->L049,L111,L049,True,True,36.82232008588366,36.82232008588366,0.0,1.0000000000000413,"L018,L019,L044,L045,L046,L049,L054,L056,L060,L102,L104,L109,L110,L111,L112,L113,L115,L128,L134,L140,L143,L148,L149,L150,L153,L154,L155,L156,L157,L158,L159,L160,L169,L178,L179,L182",36,58.81454303588266,58.81454303588266,34,"L018,L019,L044,L045,L046,L054,L056,L060,L102,L104,L109,L110,L112,L113,L115,L128,L134,L140,L143,L148,L149,L150,L153,L154,L155,L156,L157,L158,L159,L160,L169,L178,L179,L182",34,True,relay_cascade,
1,20260708,L101->L118,L101,L118,True,True,36.82232008588366,36.82232008588366,0.0,1.0000000000000024,"L018,L019,L030,L040,L044,L045,L046,L054,L056,L060,L101,L102,L104,L109,L110,L111,L113,L114,L115,L118,L128,L134,L140,L143,L148,L149,L150,L153,L154,L155,L156,L157,L158,L159,L160,L169,L178,L179,L182,L186",40,56.67022977400099,56.67022977400099,37,"L018,L019,L030,L040,L044,L045,L046,L054,L056,L060,L104,L109,L110,L111,L113,L114,L115,L128,L134,L140,L143,L148,L149,L150,L153,L154,L155,L156,L157,L158,L159,L160,L169,L178,L179,L182,L186",38,True,relay_cascade,
1,20260708,L076->L044,L076,L044,True,False,0.0,0.0,0.0,1.0000000000000102,"L018,L044,L076",3,1.4944656699953902,1.4944656699953902,1,L018,1,True,non_critical,
1,20260708,L137->L144,L137,L144,True,False,0.0,0.0,0.0,1.0000000000000042,"L018,L019,L030,L040,L044,L045,L046,L054,L056,L057,L060,L065,L102,L104,L109,L110,L111,L113,L115,L128,L133,L134,L136,L137,L140,L144,L149,L150,L153,L155,L156,L158,L159,L169,L178,L179,L182",37,0.9988732055880057,0.9988732055880057,0,,35,False,non_critical,
1,20260708,L038->L180,L038,L180,True,True,7.272188818003705,7.272188818003705,0.0,1.0000000000000069,"L018,L025,L027,L030,L032,L035,L038,L039,L040,L043,L046,L060,L065,L102,L104,L109,L110,L111,L112,L113,L114,L115,L126,L127,L128,L134,L140,L143,L149,L150,L153,L154,L155,L156,L158,L159,L160,L169,L178,L179,L180,L182,L186",43,1.0403120898335112,1.0403120898335112,0,,41,False,island_only,
1,20260708,L075->L001,L075,L001,True,False,0.0,0.0,0.0,1.0000000000000298,"L001,L075",2,1.0004312515264144,1.0004312515264144,0,,0,False,non_critical,
1,20260708,L069->L036,L069,L036,True,True,169.5065121113294,169.5065121113294,0.0,1.0000000000000004,"L001,L012,L014,L015,L018,L019,L020,L025,L030,L032,L036,L039,L040,L044,L045,L046,L048,L054,L060,L065,L069,L102,L104,L109,L110,L111,L112,L113,L115,L126,L127,L128,L129,L130,L131,L132,L134,L140,L143,L148,L149,L150,L153,L154,L155,L156,L157,L158,L160,L162,L169,L178,L179,L182,L186",55,63.01651430964584,63.01651430964584,50,"L001,L012,L014,L015,L018,L019,L020,L025,L030,L032,L039,L040,L044,L045,L046,L048,L054,L104,L109,L110,L111,L112,L113,L115,L126,L127,L128,L129,L130,L131,L132,L134,L140,L143,L148,L149,L150,L153,L154,L155,L156,L157,L158,L160,L162,L169,L178,L179,L182,L186",53,True,relay_cascade,
1,20260708,L117->L159,L117,L159,True,False,0.0,0.0,0.0,1.000000000000007,"L018,L019,L030,L040,L044,L045,L046,L054,L056,L060,L102,L104,L109,L110,L111,L112,L113,L114,L115,L117,L128,L134,L140,L143,L148,L149,L150,L153,L154,L155,L156,L157,L158,L159,L160,L169,L178,L179,L182",39,1.0660993111135735,1.0660993111135735,0,,37,False,non_critical,
1,20260708,L159->L174,L159,L174,True,True,67.74169231494446,67.74169231494446,0.0,1.0000000000000144,"L018,L019,L030,L039,L044,L045,L046,L054,L056,L060,L102,L109,L110,L111,L112,L113,L115,L128,L129,L134,L140,L143,L149,L150,L154,L155,L156,L157,L158,L159,L160,L169,L171,L173,L174,L175,L178,L179,L182",39,17.975398389273305,17.975398389273305,33,"L018,L019,L030,L039,L044,L045,L046,L054,L056,L060,L102,L109,L110,L111,L112,L113,L115,L129,L134,L140,L143,L149,L150,L154,L157,L160,L169,L171,L173,L175,L178,L179,L182",37,True,relay_cascade,
1,20260708,L061->L109,L061,L109,True,False,0.0,0.0,0.0,1.000000000000007,"L018,L019,L030,L039,L044,L045,L046,L054,L056,L060,L061,L102,L109,L110,L111,L112,L113,L115,L128,L134,L140,L143,L148,L149,L150,L153,L154,L155,L156,L157,L158,L159,L160,L169,L178,L179,L182",37,1.0907310281165576,1.0907310281165576,0,,35,False,non_critical,
1,20260708,L030->L109,L030,L109,True,True,36.82232008588366,36.82232008588366,0.0,1.0000000000000004,"L018,L019,L030,L040,L044,L045,L046,L054,L056,L060,L102,L104,L109,L110,L111,L112,L113,L115,L128,L134,L140,L143,L148,L149,L150,L153,L154,L155,L156,L157,L158,L159,L160,L169,L178,L179,L182",37,60.56152794848982,60.56152794848982,35,"L018,L019,L040,L044,L045,L046,L054,L056,L060,L102,L104,L110,L111,L112,L113,L115,L128,L134,L140,L143,L148,L149,L150,L153,L154,L155,L156,L157,L158,L159,L160,L169,L178,L179,L182",35,True,relay_cascade,
1,20260708,L151->L166,L151,L166,True,False,0.0,0.0,0.0,1.0000000000000122,"L128,L151,L155,L166",4,1.1039921700554585,1.1039921700554585,0,,2,False,non_critical,
1,20260708,L183->L048,L183,L048,True,True,22.50545676159403,22.50545676159403,0.0,1.0000000000000024,"L018,L019,L030,L044,L045,L046,L048,L056,L057,L060,L065,L095,L102,L104,L109,L110,L111,L113,L115,L128,L134,L140,L143,L149,L150,L153,L154,L155,L156,L157,L158,L159,L160,L169,L178,L179,L182,L183",38,1.0377545014598406,1.0377545014598406,0,,36,False,island_only,
1,20260708,L075->L100,L075,L100,True,False,0.0,0.0,0.0,1.000000000000023,"L075,L100,L102,L128",4,2.5288803693562865,2.5288803693562865,2,"L102,L128",2,True,non_critical,
1,20260708,L157->L040,L157,L040,True,False,0.0,0.0,0.0,1.0000000000000102,"L040,L128,L155,L157,L182",5,3.1869005972948727,3.1869005972948727,1,L182,3,True,non_critical,
1,20260708,L004->L089,L004,L089,True,False,0.0,0.0,0.0,1.0000000000000024,"L001,L004,L014,L018,L030,L039,L044,L045,L046,L054,L056,L057,L060,L065,L089,L102,L104,L109,L110,L111,L112,L113,L115,L128,L134,L140,L143,L148,L149,L150,L153,L154,L155,L156,L157,L158,L159,L160,L169,L178,L179,L182",42,1.150737149026372,1.150737149026372,0,,40,False,non_critical,
1,20260708,L091->L149,L091,L149,True,False,0.0,0.0,0.0,1.0000000000000009,"L091,L128,L149",3,2.6967823904772814,2.6967823904772814,1,L128,1,True,non_critical,
1,20260708,L088->L185,L088,L185,True,True,35.11713329264434,35.11713329264434,0.0,1.0000000000000275,"L018,L019,L030,L040,L044,L045,L046,L054,L056,L057,L060,L088,L102,L109,L110,L111,L112,L113,L115,L128,L134,L140,L143,L149,L150,L153,L154,L155,L156,L157,L158,L159,L160,L169,L178,L179,L182,L185,L186",39,11.920444430667104,11.920444430667104,37,"L018,L019,L030,L040,L044,L045,L046,L054,L056,L057,L060,L102,L109,L110,L111,L112,L113,L115,L128,L134,L140,L143,L149,L150,L153,L154,L155,L156,L157,L158,L159,L160,L169,L178,L179,L182,L186",37,True,relay_cascade,
1,20260708,L026->L012,L026,L012,True,True,54.33810863571874,54.33810863571874,0.0,1.0000000000000004,"L006,L012,L015,L018,L019,L026,L030,L039,L044,L045,L046,L054,L056,L060,L102,L104,L109,L110,L111,L112,L113,L115,L128,L134,L140,L143,L148,L149,L150,L153,L154,L155,L156,L157,L158,L159,L160,L169,L178,L179,L182",41,58.00700777287209,58.00700777287209,39,"L006,L015,L018,L019,L030,L039,L044,L045,L046,L054,L056,L060,L102,L104,L109,L110,L111,L112,L113,L115,L128,L134,L140,L143,L148,L149,L150,L153,L154,L155,L156,L157,L158,L159,L160,L169,L178,L179,L182",39,True,relay_cascade,
1,20260708,L186->L032,L186,L032,True,True,96.46542332489008,96.46542332489008,0.0,1.0000000000000013,"L018,L019,L025,L030,L032,L039,L040,L044,L045,L046,L054,L056,L060,L102,L104,L109,L110,L111,L112,L115,L128,L129,L130,L131,L132,L134,L140,L143,L149,L150,L153,L154,L155,L156,L157,L158,L159,L160,L169,L178,L179,L180,L182,L186",44,62.43106570410952,62.43106570410952,42,"L018,L019,L025,L030,L039,L040,L044,L045,L046,L054,L056,L060,L102,L104,L109,L110,L111,L112,L115,L128,L129,L130,L131,L132,L134,L140,L143,L149,L150,L153,L154,L155,L156,L157,L158,L159,L160,L169,L178,L179,L180,L182",42,True,relay_cascade,
1,20260708,L056->L135,L056,L135,True,False,0.0,0.0,0.0,1.0000000000000007,"L056,L128,L135",3,1.7401811425135971,1.7401811425135971,1,L128,1,True,non_critical,
1,20260708,L067->L108,L067,L108,True,True,36.82232008588366,36.82232008588366,0.0,1.0000000000000004,"L018,L019,L030,L040,L044,L045,L046,L054,L056,L057,L060,L065,L067,L078,L082,L092,L095,L102,L104,L108,L109,L110,L111,L112,L113,L114,L115,L128,L134,L140,L143,L148,L149,L150,L153,L154,L155,L156,L157,L158,L159,L160,L169,L178,L179,L182,L186",47,59.93143616312229,59.93143616312229,44,"L018,L019,L030,L040,L044,L045,L046,L054,L056,L057,L060,L065,L078,L082,L092,L095,L104,L109,L110,L111,L112,L113,L114,L115,L128,L134,L140,L143,L148,L149,L150,L153,L154,L155,L156,L157,L158,L159,L160,L169,L178,L179,L182,L186",45,True,relay_cascade,
1,20260708,L087->L014,L087,L014,True,False,0.0,0.0,0.0,1.0000000000000004,"L014,L018,L019,L030,L040,L044,L045,L046,L054,L056,L060,L077,L078,L079,L087,L102,L109,L110,L111,L112,L113,L115,L128,L134,L140,L143,L148,L149,L150,L153,L154,L155,L156,L157,L158,L159,L160,L169,L178,L179,L182",41,0.934620762373359,0.934620762373359,0,,39,False,non_critical,
1,20260708,L147->L142,L147,L142,True,False,0.0,0.0,0.0,1.0000000000000004,"L018,L019,L030,L040,L044,L045,L046,L054,L056,L060,L102,L104,L109,L110,L111,L112,L113,L115,L128,L134,L140,L142,L143,L147,L150,L153,L154,L155,L156,L157,L158,L160,L169,L178,L179,L182",36,0.934620762373359,0.934620762373359,0,,34,False,non_critical,
1,20260708,L125->L161,L125,L161,True,False,0.0,0.0,0.0,1.0000000000000122,"L125,L128,L155,L161",4,1.0806881844628426,1.0806881844628426,0,,2,False,non_critical,
1,20260708,L046->L018,L046,L018,True,False,0.0,0.0,0.0,1.0000000000000073,"L018,L046",2,1.004773788422586,1.004773788422586,0,,0,False,non_critical,
1,20260708,L164->L010,L164,L010,True,False,0.0,0.0,0.0,1.000000000000023,"L010,L015,L018,L019,L164",5,4.965204009597866,4.965204009597866,3,"L015,L018,L019",3,True,non_critical,
1,20260708,L138->L161,L138,L161,True,False,0.0,0.0,0.0,1.0000000000000122,"L128,L138,L140,L155,L161",5,17.60424207592088,17.60424207592088,2,"L128,L155",3,True,non_critical,
1,20260708,L072->L050,L072,L050,True,False,0.0,0.0,0.0,1.0000000000000036,"L018,L019,L030,L040,L044,L045,L046,L050,L054,L056,L060,L072,L074,L082,L102,L109,L110,L111,L112,L113,L115,L128,L134,L140,L143,L148,L149,L150,L153,L154,L155,L156,L157,L158,L159,L160,L169,L178,L179,L182",40,0.934620762373359,0.934620762373359,0,,38,False,non_critical,
1,20260708,L152->L017,L152,L017,True,True,14.684099265673353,14.684099265673353,0.0,1.0000000000000144,"L017,L018,L019,L030,L040,L044,L045,L046,L054,L056,L060,L102,L109,L110,L111,L112,L113,L115,L128,L134,L140,L143,L148,L149,L150,L152,L153,L154,L155,L156,L157,L158,L159,L160,L169,L178,L179,L182",38,0.934620762373359,0.934620762373359,0,,36,False,island_only,
1,20260708,L038->L030,L038,L030,True,False,0.0,0.0,0.0,1.0000000000000069,"L018,L025,L027,L030,L032,L035,L038,L039,L040,L043,L046,L060,L065,L102,L104,L109,L110,L111,L112,L113,L114,L115,L126,L127,L128,L134,L140,L143,L149,L150,L153,L154,L155,L156,L158,L159,L160,L169,L178,L179,L182,L186",42,1.0403120898335112,1.0403120898335112,0,,40,False,non_critical,
1,20260708,L114->L124,L114,L124,True,False,0.0,0.0,0.0,1.0000000000000675,"L114,L115,L124,L128,L155",5,1.6780336009231345,1.6780336009231345,2,"L128,L155",3,True,non_critical,
1,20260708,L177->L127,L177,L127,True,False,0.0,0.0,0.0,1.0000000000000275,"L018,L019,L030,L040,L044,L045,L046,L054,L056,L060,L102,L104,L109,L110,L111,L112,L113,L115,L127,L128,L134,L140,L143,L148,L149,L150,L153,L154,L155,L156,L157,L158,L159,L160,L169,L175,L177,L178,L179,L182",40,0.934620762373359,0.934620762373359,0,,38,False,non_critical,
1,20260708,L037->L174,L037,L174,True,False,0.0,0.0,0.0,1.0000000000000024,"L018,L019,L020,L030,L037,L044,L045,L046,L060,L102,L109,L110,L111,L113,L115,L128,L129,L130,L131,L134,L140,L143,L149,L150,L153,L154,L155,L156,L157,L158,L159,L160,L169,L174,L178,L179,L182",37,1.06815180407976,1.06815180407976,0,,35,False,non_critical,
1,20260708,L027->L077,L027,L077,True,False,0.0,0.0,0.0,1.0000000000000049,"L018,L019,L027,L030,L044,L045,L046,L054,L056,L060,L077,L102,L104,L109,L110,L111,L112,L113,L114,L115,L128,L134,L140,L143,L150,L153,L154,L155,L156,L158,L159,L160,L169,L178,L179,L182",36,1.1612726558502406,1.1612726558502406,0,,34,False,non_critical,
1,20260708,L185->L003,L185,L003,True,False,0.0,0.0,0.0,1.0000000000000049,"L003,L018,L019,L030,L040,L044,L045,L046,L054,L056,L057,L060,L065,L102,L104,L109,L110,L111,L113,L115,L128,L134,L140,L143,L148,L149,L150,L153,L154,L155,L156,L157,L158,L159,L160,L169,L178,L179,L182,L185,L186",41,1.1044127421283574,1.1044127421283574,0,,39,False,non_critical,
1,20260708,L053->L061,L053,L061,True,True,70.703891942181,70.703891942181,0.0,1.0000000000000184,"L018,L019,L030,L040,L044,L045,L046,L053,L054,L060,L061,L065,L102,L104,L109,L110,L111,L112,L113,L114,L115,L128,L134,L140,L143,L148,L149,L150,L153,L154,L155,L156,L157,L158,L159,L160,L169,L178,L179,L182",40,58.5175126319207,58.5175126319207,38,"L018,L019,L030,L040,L044,L045,L046,L054,L060,L065,L102,L104,L109,L110,L111,L112,L113,L114,L115,L128,L134,L140,L143,L148,L149,L150,L153,L154,L155,L156,L157,L158,L159,L160,L169,L178,L179,L182",38,True,relay_cascade,
1,20260708,L097->L094,L097,L094,True,False,0.0,0.0,0.0,1.0000000000000004,"L018,L019,L030,L040,L045,L046,L056,L057,L060,L065,L070,L073,L075,L076,L077,L078,L080,L081,L082,L091,L092,L094,L097,L100,L101,L102,L104,L109,L110,L111,L112,L113,L114,L115,L128,L134,L140,L143,L149,L150,L153,L154,L155,L156,L157,L158,L159,L160,L169,L178,L179,L182,L186",53,1.0270430730095088,1.0270430730095088,0,,51,False,non_critical,
1,20260708,L128->L152,L128,L152,True,True,67.88049169901348,67.88049169901348,0.0,1.0000000000000144,"L018,L019,L030,L040,L044,L045,L046,L054,L056,L060,L102,L109,L110,L111,L112,L113,L115,L128,L134,L140,L143,L148,L149,L150,L152,L153,L154,L155,L156,L157,L158,L159,L160,L169,L178,L179,L182",37,16.379327978190602,16.379327978190602,35,"L018,L019,L030,L040,L044,L045,L046,L054,L056,L060,L102,L109,L110,L111,L112,L113,L115,L134,L140,L143,L148,L149,L150,L153,L154,L155,L156,L157,L158,L159,L160,L169,L178,L179,L182",35,True,relay_cascade,
1,20260708,L094->L186,L094,L186,True,False,0.0,0.0,0.0,1.000000000000001,"L018,L019,L030,L040,L044,L045,L046,L048,L053,L055,L056,L057,L060,L065,L073,L075,L076,L077,L078,L080,L082,L084,L091,L092,L094,L095,L100,L101,L102,L104,L109,L111,L112,L113,L115,L128,L134,L140,L143,L148,L149,L150,L153,L154,L155,L156,L157,L158,L159,L160,L169,L178,L179,L182,L186",55,0.9346207623733596,0.9346207623733596,0,,53,False,non_critical,
1,20260708,L082->L078,L082,L078,True,True,2.8616119104909106,0.0,2.8616119104909106,1.0000000000000453,"L074,L077,L078,L079,L082,L102",6,2.185309178170828,2.185309178170828,4,"L074,L077,L079,L102",4,True,relay_cascade,
1,20260708,L018->L159,L018,L159,True,True,36.82232008588366,36.82232008588366,0.0,1.0000000000000144,"L018,L019,L030,L040,L044,L045,L046,L054,L056,L060,L102,L109,L110,L111,L112,L113,L115,L128,L134,L140,L143,L148,L149,L150,L153,L154,L155,L156,L157,L158,L159,L160,L169,L178,L179,L182",36,17.92601680082016,17.92601680082016,34,"L019,L030,L040,L044,L045,L046,L054,L056,L060,L102,L109,L110,L111,L112,L113,L115,L128,L134,L140,L143,L148,L149,L150,L153,L154,L155,L156,L157,L158,L160,L169,L178,L179,L182",34,True,relay_cascade,
1,20260708,L056->L075,L056,L075,True,False,0.0,0.0,0.0,1.0000000000000016,"L056,L075",2,1.1545674116040234,1.1545674116040234,0,,0,False,non_critical,
1,20260708,L113->L133,L113,L133,True,True,20.77635989697293,20.77635989697293,0.0,1.0000000000000029,"L018,L019,L030,L039,L044,L045,L046,L054,L056,L060,L102,L104,L109,L111,L112,L113,L115,L128,L133,L134,L140,L143,L148,L149,L150,L153,L154,L155,L156,L157,L158,L159,L160,L169,L178,L179,L182",37,1.0907310281165576,1.0907310281165576,0,,35,False,island_only,
1,20260708,L167->L082,L167,L082,True,False,0.0,0.0,0.0,1.0000000000000369,"L018,L019,L030,L040,L044,L045,L046,L054,L056,L060,L065,L082,L102,L104,L109,L110,L111,L113,L115,L128,L129,L130,L131,L132,L134,L140,L143,L148,L149,L150,L153,L154,L155,L156,L157,L158,L159,L160,L167,L169,L170,L178,L179,L182",44,0.934620762373359,0.934620762373359,0,,42,False,non_critical,
1,20260708,L017->L009,L017,L009,True,False,0.0,0.0,0.0,1.0000000000000007,"L009,L017,L018,L019,L030,L039,L040,L044,L045,L046,L054,L056,L060,L102,L104,L109,L110,L111,L112,L113,L115,L128,L134,L140,L143,L148,L149,L150,L153,L154,L155,L156,L157,L158,L159,L160,L169,L178,L179,L182",40,1.3195905462808708,1.3195905462808708,1,L040,38,True,non_critical,
1,20260708,L002->L013,L002,L013,True,True,20.67354040745169,20.67354040745169,0.0,1.0000000000000004,"L001,L002,L013,L018,L019,L030,L040,L044,L045,L046,L054,L056,L060,L102,L104,L109,L110,L111,L112,L113,L115,L128,L134,L140,L143,L148,L149,L150,L153,L154,L155,L156,L157,L158,L159,L160,L169,L178,L179,L182",40,0.934620762373359,0.934620762373359,0,,38,False,island_only,
1,20260708,L032->L075,L032,L075,True,False,0.0,0.0,0.0,1.0000000000000002,"L018,L019,L025,L030,L032,L039,L040,L044,L045,L046,L054,L056,L057,L060,L075,L102,L104,L109,L110,L111,L112,L113,L114,L115,L128,L134,L140,L143,L148,L149,L150,L153,L154,L155,L156,L157,L158,L159,L160,L169,L178,L179,L182",43,0.9358404769730952,0.9358404769730952,0,,41,False,non_critical,
1,20260708,L086->L043,L086,L043,True,False,0.0,0.0,0.0,1.000000000000007,"L043,L086,L182",3,9.346454727030462,9.346454727030462,1,L182,1,True,non_critical,
1,20260708,L134->L035,L134,L035,True,True,23.91687820767109,23.91687820767109,0.0,1.0,"L018,L019,L030,L035,L039,L040,L044,L045,L046,L054,L056,L060,L102,L104,L109,L110,L111,L112,L113,L115,L128,L134,L140,L143,L148,L149,L150,L153,L154,L155,L156,L157,L158,L159,L160,L169,L178,L179,L182",39,1.5880001283977632,1.5880001283977632,1,L040,37,True,relay_cascade,
1,20260708,L095->L170,L095,L170,True,False,0.0,0.0,0.0,1.0000000000000675,"L095,L170",2,1.0000000000000675,1.0000000000000675,0,,0,False,non_critical,
1,20260708,L121->L046,L121,L046,True,False,0.0,0.0,0.0,1.000000000000003,"L018,L019,L030,L040,L044,L045,L046,L054,L056,L057,L060,L065,L102,L104,L109,L110,L111,L113,L115,L121,L122,L128,L134,L140,L143,L148,L149,L150,L153,L154,L155,L156,L157,L158,L159,L160,L169,L178,L179,L182",40,0.9646975521526926,0.9646975521526926,0,,38,False,non_critical,
1,20260708,L085->L138,L085,L138,True,False,0.0,0.0,0.0,1.000000000000023,"L085,L138,L140",3,2.173930386833094,2.173930386833094,1,L140,1,True,non_critical,
1,20260708,L023->L135,L023,L135,True,False,0.0,0.0,0.0,1.0000000000000002,"L018,L019,L023,L024,L026,L030,L040,L044,L045,L046,L054,L056,L060,L102,L104,L109,L110,L111,L112,L113,L115,L128,L134,L135,L140,L143,L148,L149,L150,L153,L154,L155,L156,L157,L158,L159,L160,L169,L178,L179,L182",41,0.934620762373359,0.934620762373359,0,,39,False,non_critical,
1,20260708,L146->L122,L146,L122,True,False,0.0,0.0,0.0,1.0000000000000042,"L122,L128,L146,L155,L156",5,1.127499323252569,1.127499323252569,0,,3,False,non_critical,
1,20260708,L052->L014,L052,L014,True,False,0.0,0.0,0.0,1.000000000000023,"L014,L052",2,1.023848881389074,1.023848881389074,0,,0,False,non_critical,
1,20260708,L089->L143,L089,L143,True,True,36.82232008588366,36.82232008588366,0.0,1.000000000000009,"L018,L019,L030,L039,L044,L045,L046,L054,L056,L060,L089,L102,L104,L109,L110,L111,L112,L113,L115,L128,L134,L140,L143,L148,L149,L150,L153,L154,L155,L156,L157,L158,L159,L160,L169,L178,L179,L182",38,60.98729068429092,60.98729068429092,36,"L018,L019,L030,L039,L044,L045,L046,L054,L056,L060,L102,L104,L109,L110,L111,L112,L113,L115,L128,L134,L140,L148,L149,L150,L153,L154,L155,L156,L157,L158,L159,L160,L169,L178,L179,L182",36,True,relay_cascade,
1,20260708,L135->L070,L135,L070,True,False,0.0,0.0,0.0,1.000000000000004,"L070,L077,L078,L079,L102,L128,L135,L155",8,1.7112573011726082,1.7112573011726082,4,"L077,L078,L079,L102",6,True,non_critical,
1,20260708,L037->L041,L037,L041,True,False,0.0,0.0,0.0,1.000000000000001,"L018,L019,L020,L030,L037,L041,L044,L045,L046,L060,L102,L109,L110,L111,L113,L115,L128,L129,L130,L131,L134,L140,L143,L149,L150,L153,L154,L155,L156,L157,L158,L159,L160,L169,L178,L179,L182",37,1.06815180407976,1.06815180407976,0,,35,False,non_critical,
1,20260708,L169->L033,L169,L033,True,True,72.78082325411671,72.78082325411671,0.0,1.0000000000000004,"L018,L019,L030,L033,L039,L040,L043,L044,L045,L046,L054,L056,L060,L102,L104,L109,L110,L111,L112,L113,L115,L128,L134,L140,L143,L148,L149,L150,L153,L154,L155,L156,L157,L158,L159,L160,L169,L178,L179,L180,L182",41,59.46454042698707,59.46454042698707,39,"L018,L019,L030,L039,L040,L043,L044,L045,L046,L054,L056,L060,L102,L104,L109,L110,L111,L112,L113,L115,L128,L134,L140,L143,L148,L149,L150,L153,L154,L155,L156,L157,L158,L159,L160,L178,L179,L180,L182",39,True,relay_cascade,
1,20260708,L141->L166,L141,L166,True,False,0.0,0.0,0.0,1.0000000000000184,"L018,L019,L030,L039,L044,L045,L046,L054,L056,L060,L065,L102,L104,L109,L110,L111,L112,L113,L115,L128,L129,L130,L134,L140,L141,L142,L143,L148,L149,L150,L153,L154,L155,L156,L157,L158,L159,L160,L166,L169,L178,L179,L182",43,1.0907310281165576,1.0907310281165576,0,,41,False,non_critical,
1,20260708,L003->L148,L003,L148,True,False,0.0,0.0,0.0,1.0000000000000122,"L003,L015,L018,L128,L148,L155,L156",7,7.561018596153124,7.561018596153124,3,"L128,L155,L156",5,True,non_critical,
1,20260708,L061->L041,L061,L041,True,True,23.91687820767109,23.91687820767109,0.0,1.000000000000007,"L018,L019,L030,L035,L039,L040,L041,L043,L044,L045,L046,L054,L056,L060,L061,L102,L109,L110,L111,L112,L113,L115,L128,L134,L140,L143,L148,L149,L150,L153,L154,L155,L156,L157,L158,L159,L160,L169,L178,L179,L182",41,2.4092507176124283,2.4092507176124283,3,"L035,L040,L043",39,True,relay_cascade,
1,20260708,L098->L165,L098,L165,True,False,0.0,0.0,0.0,1.0000000000000029,"L060,L091,L098,L102,L165",5,1.074900295742014,1.074900295742014,0,,3,False,non_critical,
1,20260708,L045->L028,L045,L028,True,True,69.05767993523725,69.05767993523725,0.0,1.0000000000000004,"L018,L019,L024,L025,L028,L030,L044,L045,L046,L054,L056,L060,L102,L104,L109,L110,L111,L112,L113,L115,L128,L134,L140,L143,L148,L149,L150,L153,L154,L155,L156,L157,L158,L159,L160,L169,L178,L179,L182",39,57.48715208259639,57.48715208259639,37,"L018,L019,L024,L025,L030,L044,L046,L054,L056,L060,L102,L104,L109,L110,L111,L112,L113,L115,L128,L134,L140,L143,L148,L149,L150,L153,L154,L155,L156,L157,L158,L159,L160,L169,L178,L179,L182",37,True,relay_cascade,
1,20260708,L018->L098,L018,L098,True,False,0.0,0.0,0.0,1.0000000000000087,"L018,L060,L065,L098,L102",5,5.556630769825668,5.556630769825668,3,"L060,L065,L102",3,True,non_critical,
1,20260708,L033->L007,L033,L007,True,True,25.67010059251546,25.67010059251546,0.0,1.0000000000000007,"L007,L018,L019,L020,L022,L030,L033,L037,L039,L040,L043,L044,L045,L046,L054,L056,L060,L102,L104,L109,L110,L111,L112,L113,L115,L128,L134,L140,L143,L148,L149,L150,L153,L154,L155,L156,L157,L158,L159,L160,L169,L178,L179,L180,L182",45,1.7007024474070758,1.7007024474070758,3,"L020,L022,L037",43,True,relay_cascade,
1,20260708,L033->L025,L033,L025,True,False,0.0,0.0,0.0,1.0,"L018,L019,L025,L030,L033,L039,L040,L043,L044,L045,L046,L054,L056,L060,L102,L104,L109,L110,L111,L112,L113,L115,L128,L134,L140,L143,L148,L149,L150,L153,L154,L155,L156,L157,L158,L159,L160,L169,L178,L179,L180,L182",42,0.9930404437254994,0.9930404437254994,0,,40,False,non_critical,
1,20260708,L037->L024,L037,L024,True,False,0.0,0.0,0.0,1.0000000000000016,"L018,L019,L020,L024,L030,L037,L044,L045,L046,L060,L102,L109,L110,L111,L113,L115,L128,L129,L130,L131,L134,L140,L143,L149,L150,L153,L154,L155,L156,L157,L158,L159,L160,L169,L178,L179,L182",37,1.0681518040797606,1.0681518040797606,0,,35,False,non_critical,
1,20260708,L128->L133,L128,L133,True,True,57.598679982856595,57.598679982856595,0.0,1.0000000000000004,"L018,L019,L030,L040,L044,L045,L046,L054,L056,L060,L102,L104,L109,L110,L111,L112,L113,L115,L128,L133,L134,L140,L143,L148,L149,L150,L153,L154,L155,L156,L157,L158,L159,L160,L169,L178,L179,L182",38,60.42064883493288,60.42064883493288,36,"L018,L019,L030,L040,L044,L045,L046,L054,L056,L060,L102,L104,L109,L110,L111,L112,L113,L115,L134,L140,L143,L148,L149,L150,L153,L154,L155,L156,L157,L158,L159,L160,L169,L178,L179,L182",36,True,relay_cascade,
1,20260708,L067->L048,L067,L048,True,True,59.32777684747769,59.32777684747769,0.0,1.0000000000000029,"L018,L019,L030,L039,L044,L045,L046,L048,L054,L056,L057,L060,L067,L102,L109,L110,L111,L112,L113,L115,L128,L134,L140,L143,L148,L149,L150,L153,L154,L155,L156,L157,L158,L159,L160,L169,L178,L179,L182",39,57.87827357889243,57.87827357889243,36,"L018,L019,L030,L039,L044,L045,L046,L054,L056,L057,L060,L109,L110,L111,L112,L113,L115,L128,L134,L140,L143,L148,L149,L150,L153,L154,L155,L156,L157,L158,L159,L160,L169,L178,L179,L182",37,True,relay_cascade,
1,20260708,L043->L108,L043,L108,True,True,36.82232008588366,36.82232008588366,0.0,1.0000000000000369,"L018,L019,L030,L043,L044,L045,L046,L054,L056,L057,L060,L065,L102,L104,L108,L109,L110,L111,L113,L114,L115,L117,L126,L127,L128,L134,L140,L143,L148,L149,L150,L153,L154,L155,L156,L157,L158,L159,L160,L169,L178,L179,L182,L186",44,58.05839042164093,58.05839042164093,40,"L018,L019,L030,L044,L045,L046,L054,L056,L057,L060,L065,L102,L104,L109,L110,L111,L113,L114,L115,L117,L126,L127,L128,L134,L140,L143,L148,L149,L150,L153,L154,L155,L156,L157,L158,L159,L160,L169,L179,L186",42,True,relay_cascade,
1,20260708,L061->L175,L061,L175,True,False,0.0,0.0,0.0,1.000000000000007,"L018,L019,L030,L039,L044,L045,L046,L054,L056,L060,L061,L102,L109,L110,L111,L112,L113,L115,L128,L134,L140,L143,L148,L149,L150,L153,L154,L155,L156,L157,L158,L159,L160,L169,L175,L178,L179,L182",38,1.0907310281165576,1.0907310281165576,0,,36,False,non_critical,
1,20260708,L134->L186,L134,L186,True,False,0.0,0.0,0.0,1.0000000000000029,"L018,L019,L030,L039,L044,L045,L046,L054,L056,L060,L102,L104,L109,L110,L111,L112,L113,L115,L128,L134,L140,L143,L148,L149,L150,L153,L154,L155,L156,L157,L158,L159,L160,L169,L178,L179,L182,L186",38,1.0907310281165576,1.0907310281165576,0,,36,False,non_critical,
1,20260708,L036->L041,L036,L041,True,True,41.04569367595296,41.04569367595296,0.0,1.0000000000000369,"L017,L018,L019,L020,L025,L030,L034,L035,L036,L039,L040,L041,L043,L044,L045,L046,L048,L054,L056,L057,L060,L102,L109,L110,L111,L113,L115,L128,L134,L140,L143,L148,L149,L150,L153,L154,L155,L156,L157,L158,L159,L160,L169,L178,L179,L182",46,3.1786928840362454,3.1786928840362454,4,"L034,L035,L040,L043",44,True,relay_cascade,
1,20260708,L112->L099,L112,L099,True,False,0.0,0.0,0.0,1.0000000000000009,"L018,L019,L030,L040,L044,L045,L046,L054,L056,L060,L099,L102,L104,L109,L110,L111,L112,L113,L115,L128,L134,L140,L143,L148,L149,L150,L153,L154,L155,L156,L157,L158,L159,L160,L169,L178,L179,L182",38,1.1993380481834832,1.1993380481834832,0,,36,False,non_critical,
1,20260708,L034->L020,L034,L020,True,False,0.0,0.0,0.0,1.0000000000000036,"L018,L019,L020,L030,L034,L039,L040,L044,L045,L046,L054,L056,L060,L102,L104,L109,L110,L111,L112,L113,L115,L128,L134,L140,L143,L148,L149,L150,L153,L154,L155,L156,L157,L158,L159,L160,L169,L178,L179,L182",40,0.934620762373359,0.934620762373359,0,,38,False,non_critical,
1,20260708,L152->L113,L152,L113,True,False,0.0,0.0,0.0,1.0000000000000144,"L018,L019,L030,L040,L044,L045,L046,L054,L056,L060,L102,L109,L110,L111,L112,L113,L115,L128,L134,L140,L143,L148,L149,L150,L152,L153,L154,L155,L156,L157,L158,L159,L160,L169,L178,L179,L182",37,0.934620762373359,0.934620762373359,0,,35,False,non_critical,
1,20260708,L006->L039,L006,L039,True,False,0.0,0.0,0.0,1.000000000000001,"L006,L039",2,1.1764903375853342,1.1764903375853342,0,,0,False,non_critical,
1,20260708,L070->L009,L070,L009,True,True,25.67010059251546,25.67010059251546,0.0,1.0000000000000004,"L009,L018,L019,L020,L022,L030,L045,L046,L057,L060,L065,L070,L077,L078,L082,L091,L102,L104,L106,L109,L110,L111,L113,L115,L128,L134,L140,L143,L149,L150,L153,L154,L155,L156,L158,L159,L160,L169,L178,L179,L182",41,66.18118196889272,66.18118196889272,35,"L018,L019,L020,L022,L030,L045,L046,L057,L060,L065,L091,L104,L106,L109,L110,L111,L113,L115,L128,L134,L140,L143,L149,L150,L153,L154,L155,L156,L158,L159,L160,L169,L178,L179,L182",39,True,relay_cascade,
1,20260708,L171->L147,L171,L147,True,True,132.78588574495785,132.78588574495785,0.0,1.0000000000000004,"L018,L019,L030,L040,L044,L045,L046,L054,L056,L060,L102,L104,L109,L110,L111,L112,L113,L115,L128,L129,L130,L131,L132,L134,L140,L143,L147,L149,L150,L153,L154,L155,L156,L157,L158,L159,L160,L169,L171,L178,L179,L182",42,16.057237795854938,16.057237795854938,40,"L018,L019,L030,L040,L044,L045,L046,L054,L056,L060,L102,L104,L109,L110,L111,L112,L113,L115,L128,L129,L130,L131,L132,L134,L140,L143,L149,L150,L153,L154,L155,L156,L157,L158,L159,L160,L169,L178,L179,L182",40,True,relay_cascade,
1,20260708,L094->L042,L094,L042,True,False,0.0,0.0,0.0,1.0000000000000004,"L018,L019,L030,L040,L042,L044,L045,L046,L048,L053,L055,L056,L057,L060,L065,L073,L075,L076,L077,L078,L080,L082,L084,L091,L092,L094,L095,L100,L101,L102,L104,L109,L111,L112,L113,L115,L128,L134,L140,L143,L148,L149,L150,L153,L154,L155,L156,L157,L158,L159,L160,L169,L178,L179,L182",55,0.9346207623733596,0.9346207623733596,0,,53,False,non_critical,
1,20260708,L014->L076,L014,L076,True,False,0.0,0.0,0.0,1.0000000000000322,"L014,L076",2,1.1509740690978305,1.1509740690978305,0,,0,False,non_critical,
1,20260708,L026->L156,L026,L156,True,False,0.0,0.0,0.0,1.0000000000000038,"L026,L155,L156",3,1.452072824999727,1.452072824999727,1,L155,1,True,non_critical,
1,20260708,L009->L161,L009,L161,True,True,25.8591841142224,25.8591841142224,0.0,1.000000000000001,"L009,L018,L019,L020,L022,L030,L045,L046,L060,L065,L091,L102,L104,L106,L109,L110,L111,L113,L115,L128,L134,L140,L143,L149,L150,L153,L154,L155,L156,L158,L159,L160,L161,L169,L178,L179,L182",37,1.0101197273388998,1.0101197273388998,0,,35,False,island_only,
1,20260708,L072->L080,L072,L080,True,False,0.0,0.0,0.0,1.0000000000000049,"L018,L019,L030,L040,L044,L045,L046,L054,L056,L060,L072,L074,L080,L082,L102,L109,L110,L111,L112,L113,L115,L128,L134,L140,L143,L148,L149,L150,L153,L154,L155,L156,L157,L158,L159,L160,L169,L178,L179,L182",40,0.934620762373359,0.934620762373359,0,,38,False,non_critical,
1,20260708,L148->L095,L148,L095,True,False,0.0,0.0,0.0,1.000000000000023,"L095,L102,L128,L148,L155",5,1.6339407747537218,1.6339407747537218,1,L102,3,True,non_critical,
1,20260708,L141->L157,L141,L157,True,False,0.0,0.0,0.0,1.0000000000000184,"L018,L019,L030,L039,L044,L045,L046,L054,L056,L060,L065,L102,L104,L109,L110,L111,L112,L113,L115,L128,L129,L130,L134,L140,L141,L142,L143,L148,L149,L150,L153,L154,L155,L156,L157,L158,L159,L160,L169,L178,L179,L182",42,1.0907310281165576,1.0907310281165576,0,,40,False,non_critical,
1,20260708,L026->L040,L026,L040,True,False,0.0,0.0,0.0,1.0000000000000029,"L026,L040,L182",3,3.3494776591983744,3.3494776591983744,1,L182,1,True,non_critical,
1,20260708,L080->L099,L080,L099,True,False,0.0,0.0,0.0,1.0000000000000029,"L060,L065,L077,L078,L080,L082,L099,L102",8,5.343410158430956,5.343410158430956,6,"L060,L065,L077,L078,L082,L102",6,True,non_critical,
1,20260708,L122->L059,L122,L059,True,True,55.16881804675853,55.16881804675853,0.0,1.000000000000009,"L018,L019,L030,L040,L044,L045,L046,L054,L056,L057,L059,L060,L102,L109,L110,L111,L112,L113,L115,L122,L128,L134,L140,L143,L148,L149,L150,L153,L154,L155,L156,L157,L158,L159,L160,L169,L178,L179,L182",39,56.75698687970356,56.75698687970356,36,"L018,L019,L030,L040,L044,L045,L046,L054,L056,L057,L060,L102,L109,L110,L111,L112,L113,L115,L134,L140,L143,L148,L149,L150,L153,L154,L155,L156,L157,L158,L159,L160,L169,L178,L179,L182",37,True,relay_cascade,
1,20260708,L097->L065,L097,L065,True,False,0.0,0.0,0.0,1.0000000000000004,"L018,L019,L030,L040,L045,L046,L056,L057,L060,L065,L070,L073,L075,L076,L077,L078,L080,L081,L082,L091,L092,L097,L100,L101,L102,L104,L109,L110,L111,L112,L113,L114,L115,L128,L134,L140,L143,L149,L150,L153,L154,L155,L156,L157,L158,L159,L160,L169,L178,L179,L182,L186",52,1.0270430730095088,1.0270430730095088,0,,50,False,non_critical,
1,20260708,L166->L162,L166,L162,True,False,0.0,0.0,0.0,1.0000000000000675,"L128,L155,L162,L166",4,15.876792599961316,15.876792599961316,2,"L128,L155",2,True,non_critical,
1,20260708,L101->L182,L101,L182,True,False,0.0,0.0,0.0,1.000000000000023,"L101,L102,L182",3,1.001573624661043,1.001573624661043,0,,1,False,non_critical,
1,20260708,L064->L171,L064,L171,True,False,0.0,0.0,0.0,1.000000000000023,"L064,L171",2,1.0000000000001024,1.0000000000001024,0,,0,False,non_critical,
1,20260708,L097->L014,L097,L014,True,False,0.0,0.0,0.0,1.0000000000000007,"L014,L018,L019,L030,L040,L045,L046,L056,L057,L060,L065,L070,L073,L075,L076,L077,L078,L080,L081,L082,L091,L092,L097,L100,L101,L102,L104,L109,L110,L111,L112,L113,L114,L115,L128,L134,L140,L143,L149,L150,L153,L154,L155,L156,L157,L158,L159,L160,L169,L178,L179,L182,L186",53,1.0264876151059723,1.0264876151059723,0,,51,False,non_critical,
1,20260708,L065->L169,L065,L169,True,False,0.0,0.0,0.0,1.0000000000000342,"L065,L169",2,1.000000000000109,1.000000000000109,0,,0,False,non_critical,
1,20260708,L153->L114,L153,L114,True,False,0.0,0.0,0.0,1.0000000000000036,"L114,L115,L128,L153,L155,L156",6,3.588042138462578,3.588042138462578,1,L115,4,True,non_critical,
1,20260708,L043->L112,L043,L112,True,True,36.82232008588366,36.82232008588366,0.0,1.0000000000000735,"L018,L019,L030,L043,L044,L045,L046,L054,L056,L057,L060,L102,L104,L109,L110,L111,L112,L113,L115,L128,L134,L140,L143,L148,L149,L150,L153,L154,L155,L156,L157,L158,L159,L160,L169,L178,L179,L182",38,57.700024177296356,57.700024177296356,34,"L018,L019,L030,L044,L045,L046,L054,L056,L057,L060,L102,L104,L109,L110,L111,L113,L115,L128,L134,L140,L143,L148,L149,L150,L153,L154,L155,L156,L157,L158,L159,L160,L169,L179",36,True,relay_cascade,
1,20260708,L179->L095,L179,L095,True,False,0.0,0.0,0.0,1.0000000000000184,"L018,L019,L030,L040,L044,L045,L046,L054,L056,L060,L095,L102,L104,L109,L110,L111,L113,L115,L128,L134,L140,L143,L148,L149,L150,L153,L154,L155,L156,L157,L158,L159,L160,L169,L178,L179,L182",37,0.9346207623733592,0.9346207623733592,0,,35,False,non_critical,
1,20260708,L108->L064,L108,L064,True,False,0.0,0.0,0.0,1.0000000000000275,"L018,L019,L030,L040,L044,L045,L046,L054,L056,L060,L064,L065,L102,L104,L108,L109,L110,L111,L113,L114,L115,L117,L128,L134,L140,L143,L148,L149,L150,L153,L154,L155,L156,L157,L158,L159,L160,L169,L178,L179,L182,L186",42,0.9346207623733587,0.9346207623733587,0,,40,False,non_critical,
1,20260708,L035->L134,L035,L134,True,False,0.0,0.0,0.0,1.0000000000000007,"L018,L019,L030,L035,L040,L044,L045,L046,L054,L056,L060,L102,L104,L109,L110,L111,L112,L113,L115,L128,L134,L140,L143,L148,L149,L150,L153,L154,L155,L156,L157,L158,L159,L160,L169,L178,L179,L182",38,0.934620762373359,0.934620762373359,0,,36,False,non_critical,
1,20260708,L119->L152,L119,L152,True,True,67.88049169901348,67.88049169901348,0.0,1.0000000000000049,"L018,L019,L030,L040,L044,L045,L046,L054,L056,L060,L102,L109,L110,L111,L113,L114,L115,L119,L128,L134,L140,L143,L148,L149,L150,L152,L153,L154,L155,L156,L157,L158,L159,L160,L169,L178,L179,L182,L186",39,12.111865119301665,12.111865119301665,33,"L018,L019,L030,L040,L044,L045,L046,L054,L056,L060,L102,L109,L110,L111,L113,L114,L134,L140,L143,L148,L149,L150,L153,L154,L156,L157,L158,L159,L160,L169,L178,L179,L182",37,True,relay_cascade,
1,20260708,L144->L104,L144,L104,True,True,2.571961972691561,0.0,2.571961972691561,1.000000000000007,"L057,L058,L060,L065,L078,L079,L082,L095,L102,L104,L109,L111,L115,L128,L144,L155,L156,L178,L186",19,3.3021605636709084,3.3021605636709084,14,"L057,L058,L060,L065,L078,L079,L082,L095,L102,L109,L111,L115,L178,L186",17,True,relay_cascade,
1,20260708,L120->L004,L120,L004,True,True,62.49242067839912,62.49242067839912,0.0,1.0000000000000049,"L001,L004,L012,L014,L015,L018,L019,L020,L022,L030,L040,L044,L045,L046,L054,L056,L057,L060,L065,L102,L104,L109,L110,L111,L112,L113,L114,L115,L120,L128,L134,L140,L143,L148,L149,L150,L153,L154,L155,L156,L157,L158,L159,L160,L169,L178,L179,L182,L186",49,57.23692007705908,57.23692007705908,46,"L001,L012,L014,L015,L018,L019,L020,L022,L030,L040,L044,L045,L046,L054,L056,L057,L060,L065,L102,L104,L109,L110,L111,L112,L113,L114,L128,L134,L140,L143,L148,L149,L150,L153,L154,L155,L156,L157,L158,L159,L160,L169,L178,L179,L182,L186",47,True,relay_cascade,
1,20260708,L114->L060,L114,L060,True,False,0.0,0.0,0.0,1.000000000000023,"L060,L114,L115",3,1.0108238865634107,1.0108238865634107,0,,1,False,non_critical,
1,20260708,L057->L113,L057,L113,True,True,36.82232008588366,36.82232008588366,0.0,1.0000000000000029,"L018,L019,L030,L039,L044,L045,L046,L054,L056,L057,L060,L065,L095,L102,L104,L109,L111,L112,L113,L115,L128,L134,L140,L143,L148,L149,L150,L153,L154,L155,L156,L157,L158,L159,L160,L169,L178,L179,L182",39,59.790974975878804,59.790974975878804,37,"L018,L019,L030,L039,L044,L045,L046,L054,L056,L060,L065,L095,L102,L104,L109,L111,L112,L115,L128,L134,L140,L143,L148,L149,L150,L153,L154,L155,L156,L157,L158,L159,L160,L169,L178,L179,L182",37,True,relay_cascade,
1,20260708,L079->L087,L079,L087,True,True,36.82232008588366,36.82232008588366,0.0,1.0000000000000016,"L018,L019,L030,L040,L044,L045,L046,L054,L056,L060,L077,L079,L087,L102,L109,L110,L111,L112,L113,L115,L128,L134,L140,L143,L148,L149,L150,L153,L154,L155,L156,L157,L158,L159,L160,L169,L178,L179,L182",39,57.89989206807221,57.89989206807221,36,"L018,L019,L030,L040,L044,L045,L046,L054,L056,L060,L102,L109,L110,L111,L112,L113,L115,L128,L134,L140,L143,L148,L149,L150,L153,L154,L155,L156,L157,L158,L159,L160,L169,L178,L179,L182",37,True,relay_cascade,
1,20260708,L017->L039,L017,L039,True,False,0.0,0.0,0.0,1.0000000000000029,"L017,L018,L019,L030,L039,L044,L045,L046,L054,L056,L060,L102,L104,L109,L110,L111,L112,L113,L115,L128,L134,L140,L143,L148,L149,L150,L153,L154,L155,L156,L157,L158,L159,L160,L169,L178,L179,L182",38,1.0776692959932188,1.0776692959932188,0,,36,False,non_critical,
1,20260708,L048->L107,L048,L107,True,True,113.24991518101831,113.24991518101831,0.0,1.0000000000000369,"L018,L019,L030,L039,L044,L045,L046,L048,L054,L056,L057,L060,L062,L063,L064,L065,L091,L102,L104,L105,L106,L107,L109,L110,L111,L112,L113,L115,L126,L127,L128,L134,L140,L143,L148,L149,L150,L153,L154,L155,L156,L157,L158,L159,L160,L169,L178,L179,L182",49,2.694260193517198,2.694260193517198,10,"L062,L063,L064,L065,L091,L104,L105,L106,L126,L127",47,True,relay_cascade,
1,20260708,L097->L071,L097,L071,True,True,47.004679215708414,47.004679215708414,0.0,1.0000000000000004,"L018,L019,L030,L040,L045,L046,L056,L057,L060,L065,L070,L071,L073,L075,L076,L077,L078,L080,L081,L082,L091,L092,L097,L100,L101,L102,L104,L109,L110,L111,L112,L113,L114,L115,L128,L134,L140,L143,L149,L150,L153,L154,L155,L156,L157,L158,L159,L160,L169,L178,L179,L182,L186",53,1.0270430730095088,1.0270430730095088,0,,51,False,island_only,
1,20260708,L055->L004,L055,L004,True,True,62.49242067839912,62.49242067839912,0.0,1.0000000000000322,"L001,L004,L012,L014,L015,L018,L019,L020,L022,L030,L040,L044,L045,L046,L054,L055,L056,L060,L065,L102,L104,L109,L110,L111,L112,L113,L115,L128,L134,L140,L143,L148,L149,L150,L153,L154,L155,L156,L157,L158,L159,L160,L169,L178,L179,L182",46,57.20316748885418,57.20316748885418,44,"L001,L012,L014,L015,L018,L019,L020,L022,L030,L040,L044,L045,L046,L054,L056,L060,L065,L102,L104,L109,L110,L111,L112,L113,L115,L128,L134,L140,L143,L148,L149,L150,L153,L154,L155,L156,L157,L158,L159,L160,L169,L178,L179,L182",44,True,relay_cascade,
1,20260708,L163->L064,L163,L064,True,False,0.0,0.0,0.0,1.0000000000000275,"L018,L019,L030,L039,L044,L045,L046,L054,L056,L060,L064,L065,L102,L104,L109,L110,L111,L112,L113,L115,L128,L134,L140,L143,L148,L149,L150,L153,L154,L155,L156,L157,L158,L160,L163,L164,L167,L169,L170,L172,L175,L178,L179,L182",44,1.0907310281165576,1.0907310281165576,0,,42,False,non_critical,
1,20260708,L022->L036,L022,L036,True,True,42.3080770354206,42.3080770354206,0.0,1.0,"L018,L019,L020,L022,L025,L026,L027,L028,L029,L030,L036,L039,L044,L045,L046,L054,L056,L060,L102,L104,L109,L110,L111,L112,L113,L115,L128,L134,L140,L143,L148,L149,L150,L153,L154,L155,L156,L157,L158,L159,L160,L169,L178,L179,L182",45,4.09119692051923,4.09119692051923,5,"L025,L026,L027,L028,L029",43,True,relay_cascade,
1,20260708,L140->L154,L140,L154,True,False,0.0,0.0,0.0,1.0000000000000047,"L128,L140,L154,L155",4,11.976847588165583,11.976847588165583,2,"L128,L155",2,True,non_critical,
1,20260708,L178->L026,L178,L026,True,False,0.0,0.0,0.0,1.0000000000000122,"L026,L178",2,1.155705313566973,1.155705313566973,0,,0,False,non_critical,
1,20260708,L070->L120,L070,L120,True,False,0.0,0.0,0.0,1.0000000000000036,"L070,L077,L078,L082,L102,L115,L120",7,1.3653536759476548,1.3653536759476548,1,L115,5,True,non_critical,
1,20260708,L143->L054,L143,L054,True,False,0.0,0.0,0.0,1.0000000000000029,"L018,L019,L030,L039,L044,L045,L046,L054,L056,L060,L102,L104,L109,L110,L111,L112,L113,L115,L128,L134,L140,L143,L148,L149,L150,L153,L154,L155,L156,L157,L158,L159,L160,L169,L178,L179,L182",37,1.0907310281165576,1.0907310281165576,0,,35,False,non_critical,
1,20260708,L135->L102,L135,L102,True,False,0.0,0.0,0.0,1.000000000000004,"L102,L128,L135,L155",4,1.0553687125777789,1.0553687125777789,0,,2,False,non_critical,
1,20260708,L121->L158,L121,L158,True,False,0.0,0.0,0.0,1.000000000000003,"L018,L019,L030,L040,L044,L045,L046,L054,L056,L057,L060,L065,L102,L104,L109,L110,L111,L113,L115,L121,L122,L128,L134,L140,L143,L148,L149,L150,L153,L154,L155,L156,L157,L158,L159,L160,L169,L178,L179,L182",40,0.9646975521526926,0.9646975521526926,0,,38,False,non_critical,
1,20260708,L022->L103,L022,L103,True,False,0.0,0.0,0.0,1.0000000000000036,"L018,L019,L020,L022,L030,L039,L044,L045,L046,L054,L056,L060,L102,L103,L104,L109,L110,L111,L112,L113,L115,L128,L134,L140,L143,L148,L149,L150,L153,L154,L155,L156,L157,L158,L159,L160,L169,L178,L179,L182",40,1.0708590723283622,1.0708590723283622,0,,38,False,non_critical,
1,20260708,L046->L003,L046,L003,True,False,0.0,0.0,0.0,1.0000000000000033,"L003,L018,L046",3,2.2164518799568955,2.2164518799568955,1,L018,1,True,non_critical,
1,20260708,L099->L033,L099,L033,True,True,72.78082325411671,72.78082325411671,0.0,1.0000000000000369,"L018,L019,L030,L033,L039,L040,L043,L044,L045,L046,L054,L056,L057,L060,L065,L091,L099,L102,L104,L109,L110,L111,L112,L113,L114,L115,L128,L134,L140,L143,L148,L149,L150,L153,L154,L155,L156,L157,L158,L159,L160,L169,L178,L179,L180,L182,L186",47,56.83286582916259,56.83286582916259,42,"L018,L019,L030,L039,L040,L043,L044,L045,L046,L054,L056,L057,L065,L104,L109,L110,L111,L112,L113,L114,L115,L128,L134,L140,L143,L148,L149,L150,L153,L154,L155,L156,L157,L158,L159,L160,L169,L178,L179,L180,L182,L186",45,True,relay_cascade,
1,20260708,L028->L078,L028,L078,True,False,0.0,0.0,0.0,1.0000000000000004,"L018,L019,L025,L026,L028,L030,L044,L045,L046,L054,L056,L060,L078,L102,L104,L109,L110,L111,L112,L113,L114,L115,L128,L134,L140,L143,L148,L149,L150,L153,L154,L155,L156,L157,L158,L159,L160,L169,L178,L179,L182",41,1.1363025093646333,1.1363025093646333,0,,39,False,non_critical,
1,20260708,L038->L107,L038,L107,True,True,81.35922639729833,81.35922639729833,0.0,1.0,"L018,L025,L027,L030,L032,L035,L038,L039,L040,L043,L046,L060,L065,L102,L104,L107,L109,L110,L111,L112,L113,L114,L115,L126,L127,L128,L134,L140,L143,L149,L150,L153,L154,L155,L156,L158,L159,L160,L169,L178,L179,L182,L186",43,0.966110579016667,0.966110579016667,0,,41,False,island_only,
1,20260708,L081->L011,L081,L011,True,True,201.83170145982155,201.83170145982155,0.0,1.0000000000000024,"L001,L002,L004,L010,L011,L012,L014,L015,L018,L019,L020,L022,L030,L037,L044,L045,L046,L056,L057,L060,L077,L078,L081,L082,L095,L102,L104,L109,L110,L111,L113,L115,L128,L134,L140,L143,L148,L149,L150,L153,L154,L155,L156,L157,L158,L159,L160,L169,L178,L179,L182",51,60.625098900708316,60.625098900708316,45,"L001,L002,L004,L010,L012,L014,L015,L018,L019,L020,L022,L030,L037,L044,L045,L046,L056,L057,L060,L095,L104,L109,L110,L111,L113,L115,L128,L134,L140,L143,L148,L149,L150,L153,L154,L155,L156,L157,L158,L159,L160,L169,L178,L179,L182",49,True,relay_cascade,
1,20260708,L152->L123,L152,L123,True,False,0.0,0.0,0.0,1.0000000000000144,"L018,L019,L030,L040,L044,L045,L046,L054,L056,L060,L102,L109,L110,L111,L112,L113,L115,L123,L128,L134,L140,L143,L148,L149,L150,L152,L153,L154,L155,L156,L157,L158,L159,L160,L169,L178,L179,L182",38,0.934620762373359,0.934620762373359,0,,36,False,non_critical,
1,20260708,L122->L147,L122,L147,True,True,43.59265123807146,43.59265123807146,0.0,1.0000000000000075,"L018,L019,L030,L040,L044,L045,L046,L054,L056,L060,L102,L104,L109,L110,L111,L112,L113,L115,L122,L128,L134,L140,L143,L147,L150,L153,L154,L155,L156,L157,L158,L160,L169,L178,L179,L182",36,16.119403003214604,16.119403003214604,33,"L018,L019,L030,L040,L044,L045,L046,L054,L056,L060,L102,L104,L109,L110,L111,L112,L113,L115,L134,L140,L143,L150,L153,L154,L155,L156,L157,L158,L160,L169,L178,L179,L182",34,True,relay_cascade,
1,20260708,L098->L153,L098,L153,True,True,36.82232008588366,36.82232008588366,0.0,1.0000000000000029,"L018,L019,L030,L039,L044,L045,L046,L054,L056,L057,L060,L091,L098,L102,L104,L109,L110,L111,L112,L113,L115,L128,L134,L140,L143,L148,L149,L150,L153,L154,L155,L156,L157,L158,L159,L160,L169,L178,L179,L182",40,17.519888259528425,17.519888259528425,35,"L018,L019,L030,L039,L044,L045,L046,L054,L056,L057,L104,L109,L110,L111,L112,L113,L115,L128,L134,L140,L143,L148,L149,L150,L154,L155,L156,L157,L158,L159,L160,L169,L178,L179,L182",38,True,relay_cascade,
1,20260708,L085->L005,L085,L005,True,True,36.82232008588366,36.82232008588366,0.0,1.0,"L005,L012,L015,L018,L019,L030,L039,L044,L045,L046,L054,L056,L057,L060,L085,L102,L109,L110,L111,L112,L113,L115,L128,L134,L140,L143,L148,L149,L150,L153,L154,L155,L156,L157,L158,L159,L160,L169,L178,L179,L182",41,57.68721208711038,57.68721208711038,39,"L012,L015,L018,L019,L030,L039,L044,L045,L046,L054,L056,L057,L060,L102,L109,L110,L111,L112,L113,L115,L128,L134,L140,L143,L148,L149,L150,L153,L154,L155,L156,L157,L158,L159,L160,L169,L178,L179,L182",39,True,relay_cascade,
1,20260708,L163->L129,L163,L129,True,True,58.608730684473244,58.608730684473244,0.0,1.0000000000000184,"L018,L019,L030,L039,L044,L045,L046,L054,L056,L060,L065,L102,L104,L109,L110,L111,L112,L113,L115,L128,L129,L134,L140,L143,L148,L149,L150,L153,L154,L155,L156,L157,L158,L160,L163,L164,L167,L169,L170,L172,L175,L178,L179,L182",44,1.0907310281165576,1.0907310281165576,0,,42,False,island_only,
1,20260708,L096->L101,L096,L101,True,False,0.0,0.0,0.0,1.0000000000000038,"L018,L019,L030,L044,L045,L046,L057,L058,L059,L060,L065,L096,L101,L102,L104,L109,L110,L111,L112,L115,L128,L134,L140,L143,L148,L149,L150,L153,L154,L155,L156,L157,L158,L159,L160,L169,L178,L179,L182",39,1.0451152909626282,1.0451152909626282,0,,37,False,non_critical,
1,20260708,L107->L091,L107,L091,True,False,0.0,0.0,0.0,1.0000000000000369,"L018,L019,L030,L044,L045,L046,L056,L057,L060,L065,L091,L095,L102,L104,L107,L109,L110,L111,L112,L113,L114,L115,L126,L127,L128,L134,L140,L143,L149,L150,L153,L154,L155,L156,L157,L158,L159,L160,L169,L178,L179,L182,L186",43,1.0583786227693734,1.0583786227693734,0,,41,False,non_critical,
1,20260708,L031->L086,L031,L086,True,False,0.0,0.0,0.0,1.0000000000000049,"L018,L019,L025,L030,L031,L035,L039,L040,L043,L044,L045,L046,L054,L056,L060,L086,L102,L109,L110,L111,L112,L113,L115,L128,L134,L140,L143,L150,L153,L154,L155,L156,L158,L159,L160,L169,L178,L179,L182",39,1.1612726558502389,1.1612726558502389,0,,37,False,non_critical,
1,20260708,L136->L126,L136,L126,True,False,0.0,0.0,0.0,1.0000000000000275,"L018,L019,L030,L040,L044,L045,L046,L054,L056,L060,L102,L104,L109,L110,L111,L113,L115,L126,L128,L133,L134,L135,L136,L140,L144,L145,L146,L148,L149,L150,L153,L154,L155,L156,L157,L158,L160,L169,L178,L179,L182",41,0.934620762373359,0.934620762373359,0,,39,False,non_critical,
1,20260708,L156->L062,L156,L062,True,False,0.0,0.0,0.0,1.0000000000000004,"L018,L019,L030,L040,L044,L045,L046,L054,L056,L057,L060,L062,L064,L065,L102,L104,L106,L109,L110,L111,L112,L115,L128,L134,L140,L143,L149,L150,L153,L154,L155,L156,L157,L158,L159,L160,L169,L178,L179,L182",40,53.03113466823778,53.03113466823778,38,"L018,L019,L030,L040,L044,L045,L046,L054,L056,L057,L060,L064,L065,L102,L104,L106,L109,L110,L111,L112,L115,L128,L134,L140,L143,L149,L150,L153,L154,L155,L157,L158,L159,L160,L169,L178,L179,L182",38,True,non_critical,
1,20260708,L089->L103,L089,L103,True,False,0.0,0.0,0.0,1.0000000000000067,"L089,L102,L103,L128",4,2.475993819974911,2.475993819974911,2,"L102,L128",2,True,non_critical,
1,20260708,L096->L130,L096,L130,True,False,0.0,0.0,0.0,1.0000000000000007,"L018,L019,L030,L044,L045,L046,L057,L058,L059,L060,L065,L096,L102,L104,L109,L110,L111,L112,L115,L128,L130,L134,L140,L143,L148,L149,L150,L153,L154,L155,L156,L157,L158,L159,L160,L169,L178,L179,L182",39,1.0451152909626282,1.0451152909626282,0,,37,False,non_critical,
1,20260708,L179->L138,L179,L138,True,False,0.0,0.0,0.0,1.0000000000000004,"L018,L019,L030,L040,L044,L045,L046,L054,L056,L060,L102,L104,L109,L110,L111,L113,L115,L128,L134,L138,L140,L143,L148,L149,L150,L153,L154,L155,L156,L157,L158,L159,L160,L169,L178,L179,L182",37,0.934620762373359,0.934620762373359,0,,35,False,non_critical,
1,20260708,L077->L129,L077,L129,True,True,58.608730684473244,58.608730684473244,0.0,1.0000000000000042,"L018,L019,L030,L040,L044,L045,L046,L054,L056,L060,L077,L102,L104,L109,L110,L111,L113,L114,L115,L128,L129,L134,L140,L143,L149,L150,L153,L154,L155,L156,L158,L159,L160,L169,L178,L179,L182",37,20.22681466429308,20.22681466429308,35,"L018,L019,L030,L040,L044,L045,L046,L054,L056,L060,L102,L104,L109,L110,L111,L113,L114,L115,L128,L134,L140,L143,L149,L150,L153,L154,L155,L156,L158,L159,L160,L169,L178,L179,L182",35,True,relay_cascade,
1,20260708,L182->L029,L182,L029,True,True,79.13039712130427,79.13039712130427,0.0,1.0000000000000184,"L018,L019,L024,L025,L029,L030,L039,L040,L044,L045,L046,L054,L056,L060,L102,L104,L109,L110,L111,L112,L113,L114,L115,L128,L134,L140,L143,L148,L149,L150,L153,L154,L155,L156,L157,L158,L159,L160,L169,L178,L179,L182",42,56.30090839721108,56.30090839721108,40,"L018,L019,L024,L025,L030,L039,L040,L044,L045,L046,L054,L056,L060,L102,L104,L109,L110,L111,L112,L113,L114,L115,L128,L134,L140,L143,L148,L149,L150,L153,L154,L155,L156,L157,L158,L159,L160,L169,L178,L179",40,True,relay_cascade,
1,20260708,L136->L089,L136,L089,True,False,0.0,0.0,0.0,1.000000000000009,"L018,L019,L030,L040,L044,L045,L046,L054,L056,L060,L089,L102,L104,L109,L110,L111,L113,L115,L128,L133,L134,L135,L136,L140,L144,L145,L146,L148,L149,L150,L153,L154,L155,L156,L157,L158,L160,L169,L178,L179,L182",41,0.934620762373359,0.934620762373359,0,,39,False,non_critical,
1,20260708,L103->L138,L103,L138,True,False,0.0,0.0,0.0,1.000000000000023,"L102,L103,L138,L140",4,2.1739303255818196,2.1739303255818196,1,L140,2,True,non_critical,
1,20260708,L115->L031,L115,L031,True,True,43.337719985057085,43.337719985057085,0.0,1.0,"L018,L019,L025,L030,L031,L035,L039,L040,L042,L043,L044,L045,L046,L054,L056,L057,L060,L102,L104,L109,L110,L111,L112,L113,L115,L128,L134,L140,L143,L150,L153,L154,L155,L156,L158,L159,L160,L169,L178,L179,L182",41,61.77303157900543,61.77303157900543,39,"L018,L019,L025,L030,L035,L039,L040,L042,L043,L044,L045,L046,L054,L056,L057,L060,L102,L104,L109,L110,L111,L112,L113,L128,L134,L140,L143,L150,L153,L154,L155,L156,L158,L159,L160,L169,L178,L179,L182",39,True,relay_cascade,
1,20260708,L107->L116,L107,L116,True,True,51.84086026986975,51.84086026986975,0.0,1.0000000000000004,"L018,L019,L030,L040,L044,L045,L046,L054,L056,L057,L060,L063,L064,L065,L077,L078,L082,L095,L102,L104,L106,L107,L109,L110,L111,L112,L113,L114,L115,L116,L119,L120,L126,L127,L128,L134,L140,L143,L149,L150,L153,L154,L155,L156,L157,L158,L159,L160,L169,L178,L179,L182,L186",53,1.8736025490131856,1.8736025490131856,10,"L040,L054,L063,L064,L077,L078,L082,L106,L119,L120",51,True,relay_cascade,
1,20260708,L123->L058,L123,L058,True,True,2.57196197269165,0.0,2.57196197269165,1.000000000000023,"L058,L102,L115,L123,L128,L155",6,1.2097544673839737,1.2097544673839737,1,L102,4,True,relay_cascade,
1,20260708,L078->L169,L078,L169,True,False,0.0,0.0,0.0,1.000000000000023,"L078,L169",2,1.0000000000002673,1.0000000000002673,0,,0,False,non_critical,
1,20260708,L059->L037,L059,L037,True,False,0.0,0.0,0.0,1.0000000000000024,"L018,L019,L030,L037,L039,L044,L045,L046,L054,L056,L059,L060,L102,L109,L110,L111,L112,L113,L115,L128,L134,L140,L143,L148,L149,L150,L153,L154,L155,L156,L157,L158,L159,L160,L169,L178,L179,L182",38,1.0912895354893157,1.0912895354893157,0,,36,False,non_critical,
1,20260708,L008->L001,L008,L001,True,False,0.0,0.0,0.0,1.0,"L001,L008,L014,L015,L017,L018,L019,L020,L022,L026,L030,L037,L044,L045,L046,L048,L056,L057,L060,L077,L078,L082,L095,L102,L104,L109,L110,L111,L112,L113,L115,L128,L134,L140,L143,L148,L149,L150,L153,L154,L155,L156,L157,L158,L159,L160,L169,L178,L179,L182",50,1.0104887246110543,1.0104887246110543,0,,48,False,non_critical,
1,20260708,L032->L045,L032,L045,True,False,0.0,0.0,0.0,1.0000000000000075,"L018,L019,L025,L030,L032,L039,L040,L044,L045,L046,L054,L056,L057,L060,L102,L104,L109,L110,L111,L112,L113,L114,L115,L128,L134,L140,L143,L148,L149,L150,L153,L154,L155,L156,L157,L158,L159,L160,L169,L178,L179,L182",42,0.9358404769730952,0.9358404769730952,0,,40,False,non_critical,
1,20260708,L065->L040,L065,L040,True,False,0.0,0.0,0.0,1.000000000000023,"L040,L065,L182",3,3.513109433843864,3.513109433843864,1,L182,1,True,non_critical,
1,20260708,L066->L034,L066,L034,True,True,77.86801376183662,77.86801376183662,0.0,1.0000000000000184,"L018,L019,L030,L034,L039,L040,L044,L045,L046,L054,L056,L057,L060,L066,L102,L109,L110,L111,L112,L113,L115,L128,L134,L140,L143,L148,L149,L150,L153,L154,L155,L156,L157,L158,L159,L160,L169,L178,L179,L182",40,57.30062311463757,57.30062311463757,37,"L018,L019,L030,L039,L040,L044,L045,L046,L054,L056,L057,L060,L109,L110,L111,L112,L113,L115,L128,L134,L140,L143,L148,L149,L150,L153,L154,L155,L156,L157,L158,L159,L160,L169,L178,L179,L182",38,True,relay_cascade,
1,20260708,L041->L035,L041,L035,True,False,0.0,0.0,0.0,1.0000000000000049,"L018,L019,L025,L030,L035,L039,L040,L041,L043,L044,L045,L046,L054,L056,L057,L060,L102,L104,L109,L110,L111,L112,L113,L114,L115,L128,L134,L140,L143,L150,L153,L154,L155,L156,L158,L159,L160,L169,L178,L179,L182",41,1.1612726558502424,1.1612726558502424,0,,39,False,non_critical,
1,20260708,L074->L132,L074,L132,True,False,0.0,0.0,0.0,1.0000000000000122,"L074,L128,L132,L155,L156,L158",6,5.843018711333259,5.843018711333259,4,"L128,L155,L156,L158",4,True,non_critical,
1,20260708,L047->L044,L047,L044,True,False,0.0,0.0,0.0,1.0000000000000029,"L018,L019,L030,L039,L044,L045,L046,L047,L054,L056,L057,L060,L102,L109,L110,L111,L112,L113,L115,L128,L134,L140,L143,L148,L149,L150,L153,L154,L155,L156,L157,L158,L159,L160,L169,L178,L179,L182",38,1.0907310281165576,1.0907310281165576,0,,36,False,non_critical,
1,20260708,L089->L064,L089,L064,True,False,0.0,0.0,0.0,1.000000000000023,"L064,L089",2,1.0879563247639665,1.0879563247639665,0,,0,False,non_critical,
1,20260708,L075->L020,L075,L020,True,False,0.0,0.0,0.0,1.0000000000000675,"L020,L075",2,1.0145892911532461,1.0145892911532461,0,,0,False,non_critical,
1,20260708,L110->L091,L110,L091,True,False,0.0,0.0,0.0,1.0000000000000004,"L018,L019,L030,L040,L044,L045,L046,L054,L056,L057,L060,L091,L102,L104,L109,L110,L111,L115,L128,L134,L140,L143,L148,L149,L150,L153,L154,L155,L156,L157,L158,L159,L160,L169,L178,L179,L182",37,0.9346207623733596,0.9346207623733596,0,,35,False,non_critical,
1,20260708,L008->L130,L008,L130,True,False,0.0,0.0,0.0,1.0,"L001,L008,L014,L015,L017,L018,L019,L020,L022,L026,L030,L037,L044,L045,L046,L048,L056,L057,L060,L077,L078,L082,L095,L102,L104,L109,L110,L111,L112,L113,L115,L128,L130,L134,L140,L143,L148,L149,L150,L153,L154,L155,L156,L157,L158,L159,L160,L169,L178,L179,L182",51,1.0104887246110543,1.0104887246110543,0,,49,False,non_critical,
1,20260708,L006->L078,L006,L078,True,False,0.0,0.0,0.0,1.000000000000023,"L006,L077,L078,L079",4,2.4010641999728315,2.4010641999728315,2,"L077,L079",2,True,non_critical,
1,20260708,L093->L045,L093,L045,True,False,0.0,0.0,0.0,1.000000000000001,"L018,L019,L030,L040,L044,L045,L046,L048,L053,L055,L056,L057,L060,L065,L073,L075,L076,L077,L078,L080,L082,L084,L091,L092,L093,L095,L100,L101,L102,L104,L109,L111,L112,L113,L115,L128,L134,L140,L143,L148,L149,L150,L153,L154,L155,L156,L157,L158,L159,L160,L169,L178,L179,L182",54,0.9346207623733596,0.9346207623733596,0,,52,False,non_critical,
1,20260708,L167->L152,L167,L152,True,True,31.05817161312981,31.05817161312981,0.0,1.0000000000000184,"L018,L019,L030,L040,L044,L045,L046,L054,L056,L060,L065,L102,L104,L109,L110,L111,L113,L115,L128,L129,L130,L131,L132,L134,L140,L143,L148,L149,L150,L152,L153,L154,L155,L156,L157,L158,L159,L160,L167,L169,L170,L178,L179,L182",44,0.934620762373359,0.934620762373359,0,,42,False,island_only,
1,20260708,L106->L020,L106,L020,True,False,0.0,0.0,0.0,1.000000000000002,"L020,L102,L106",3,1.0271159313317568,1.0271159313317568,0,,1,False,non_critical,
1,20260708,L005->L157,L005,L157,True,False,0.0,0.0,0.0,1.0,"L005,L012,L015,L018,L019,L030,L039,L044,L045,L046,L054,L056,L060,L102,L104,L109,L110,L111,L112,L113,L115,L128,L134,L140,L143,L148,L149,L150,L153,L154,L155,L156,L157,L158,L159,L160,L169,L178,L179,L182",40,1.059231770424899,1.059231770424899,0,,38,False,non_critical,
1,20260708,L105->L073,L105,L073,True,False,0.0,0.0,0.0,1.0000000000000184,"L018,L019,L030,L040,L044,L045,L046,L054,L060,L064,L065,L068,L073,L102,L104,L105,L109,L110,L111,L113,L115,L128,L134,L140,L143,L148,L149,L150,L153,L154,L155,L156,L157,L158,L159,L160,L169,L178,L179,L182",40,1.0166890258713148,1.0166890258713148,0,,38,False,non_critical,
1,20260708,L180->L028,L180,L028,True,True,32.235359849353586,32.235359849353586,0.0,1.0,"L018,L019,L025,L028,L030,L044,L045,L046,L054,L056,L060,L102,L104,L109,L110,L111,L112,L113,L115,L128,L134,L140,L143,L148,L149,L150,L153,L154,L155,L156,L157,L158,L159,L160,L169,L178,L179,L180,L182",39,1.5593211065130153,1.5593211065130153,1,L025,37,True,relay_cascade,
1,20260708,L164->L160,L164,L160,True,False,0.0,0.0,0.0,1.0000000000000122,"L128,L155,L160,L164",4,7.854756690363089,7.854756690363089,2,"L128,L155",2,True,non_critical,
1,20260708,L156->L064,L156,L064,True,False,0.0,0.0,0.0,1.0000000000000675,"L064,L156",2,1.0055394296476259,1.0055394296476259,0,,0,False,non_critical,
1,20260708,L079->L012,L079,L012,True,True,54.33810863571874,54.33810863571874,0.0,1.0000000000000049,"L006,L012,L015,L018,L019,L030,L039,L044,L045,L046,L054,L056,L060,L077,L079,L102,L104,L109,L110,L111,L112,L113,L115,L128,L134,L140,L143,L148,L149,L150,L153,L154,L155,L156,L157,L158,L159,L160,L169,L178,L179,L182",42,58.00610838798092,58.00610838798092,39,"L006,L015,L018,L019,L030,L039,L044,L045,L046,L054,L056,L060,L102,L104,L109,L110,L111,L112,L113,L115,L128,L134,L140,L143,L148,L149,L150,L153,L154,L155,L156,L157,L158,L159,L160,L169,L178,L179,L182",40,True,relay_cascade,
1,20260708,L027->L033,L027,L033,True,True,28.68631435022934,28.68631435022934,0.0,1.000000000000003,"L018,L019,L027,L030,L033,L040,L043,L044,L045,L046,L054,L056,L060,L102,L104,L109,L110,L111,L112,L113,L114,L115,L128,L134,L140,L143,L150,L153,L154,L155,L156,L158,L159,L160,L169,L178,L179,L182",38,2.5734306211109748,2.5734306211109748,2,"L040,L043",36,True,relay_cascade,
1,20260708,L182->L034,L182,L034,True,True,77.86801376183662,77.86801376183662,0.0,1.0000000000000002,"L018,L019,L030,L034,L039,L040,L044,L045,L046,L054,L056,L060,L102,L104,L109,L110,L111,L112,L113,L115,L128,L134,L140,L143,L148,L149,L150,L153,L154,L155,L156,L157,L158,L159,L160,L169,L178,L179,L182",39,57.20398317932403,57.20398317932403,37,"L018,L019,L030,L039,L040,L044,L045,L046,L054,L056,L060,L102,L104,L109,L110,L111,L112,L113,L115,L128,L134,L140,L143,L148,L149,L150,L153,L154,L155,L156,L157,L158,L159,L160,L169,L178,L179",37,True,relay_cascade,
1,20260708,L152->L048,L152,L048,True,True,22.50545676159403,22.50545676159403,0.0,1.0000000000000027,"L018,L019,L030,L040,L044,L045,L046,L048,L054,L056,L060,L102,L109,L110,L111,L112,L113,L115,L128,L134,L140,L143,L148,L149,L150,L152,L153,L154,L155,L156,L157,L158,L159,L160,L169,L178,L179,L182",38,0.9970358637391323,0.9970358637391323,0,,36,False,island_only,
1,20260708,L040->L027,L040,L027,True,True,36.82232008588366,36.82232008588366,0.0,1.0000000000000184,"L018,L019,L027,L030,L040,L044,L045,L046,L054,L056,L060,L102,L104,L109,L110,L111,L112,L113,L114,L115,L128,L134,L140,L143,L148,L149,L150,L153,L154,L155,L156,L157,L158,L159,L160,L169,L178,L179,L182",39,59.733934650913255,59.733934650913255,36,"L018,L019,L030,L044,L045,L046,L054,L056,L060,L102,L104,L109,L110,L111,L112,L113,L114,L115,L128,L134,L140,L143,L148,L149,L150,L153,L154,L155,L156,L157,L158,L159,L160,L169,L178,L179",37,True,relay_cascade,
1,20260708,L084->L038,L084,L038,True,True,71.59109329423549,71.59109329423549,0.0,1.0000000000000004,"L018,L019,L025,L030,L032,L038,L040,L043,L044,L045,L046,L056,L057,L060,L065,L077,L078,L080,L081,L082,L084,L091,L092,L095,L102,L104,L105,L106,L109,L110,L111,L112,L113,L114,L115,L128,L129,L134,L140,L143,L149,L150,L153,L154,L155,L156,L158,L159,L160,L169,L178,L179,L182,L186",54,61.357742378448826,61.357742378448826,52,"L018,L019,L025,L030,L032,L040,L043,L044,L045,L046,L056,L057,L060,L065,L077,L078,L080,L081,L082,L091,L092,L095,L102,L104,L105,L106,L109,L110,L111,L112,L113,L114,L115,L128,L129,L134,L140,L143,L149,L150,L153,L154,L155,L156,L158,L159,L160,L169,L178,L179,L182,L186",52,True,relay_cascade,
1,20260708,L128->L179,L128,L179,True,True,36.82232008588366,36.82232008588366,0.0,1.0000000000000004,"L018,L019,L030,L040,L044,L045,L046,L054,L056,L060,L102,L104,L109,L110,L111,L112,L113,L115,L128,L134,L140,L143,L148,L149,L150,L153,L154,L155,L156,L157,L158,L159,L160,L169,L178,L179,L182",37,57.80939472696634,57.80939472696634,35,"L018,L019,L030,L040,L044,L045,L046,L054,L056,L060,L102,L104,L109,L110,L111,L112,L113,L115,L134,L140,L143,L148,L149,L150,L153,L154,L155,L156,L157,L158,L159,L160,L169,L178,L182",35,True,relay_cascade,
1,20260708,L169->L046,L169,L046,True,False,0.0,0.0,0.0,1.0000000000000002,"L046,L169",2,1.0004723347405722,1.0004723347405722,0,,0,False,non_critical,
1,20260708,L175->L157,L175,L157,True,False,0.0,0.0,0.0,1.0000000000000036,"L128,L157,L175",3,2.4050743300478405,2.4050743300478405,1,L128,1,True,non_critical,
1,20260708,L054->L173,L054,L173,True,False,0.0,0.0,0.0,1.0000000000000275,"L018,L019,L030,L040,L044,L045,L046,L054,L060,L065,L102,L104,L109,L110,L111,L112,L113,L114,L115,L128,L134,L140,L143,L149,L150,L153,L154,L155,L156,L158,L159,L160,L169,L173,L178,L179,L182,L186",38,0.8177989176474237,0.8177989176474237,0,,36,False,non_critical,
1,20260708,L171->L035,L171,L035,True,True,60.73919829355475,60.73919829355475,0.0,1.0000000000000007,"L018,L019,L030,L035,L040,L044,L045,L046,L054,L056,L060,L102,L104,L109,L110,L111,L112,L113,L115,L128,L134,L140,L143,L148,L149,L150,L153,L154,L155,L156,L157,L158,L159,L160,L169,L171,L178,L179,L182",39,57.77635488652699,57.77635488652699,37,"L018,L019,L030,L040,L044,L045,L046,L054,L056,L060,L102,L104,L109,L110,L111,L112,L113,L115,L128,L134,L140,L143,L148,L149,L150,L153,L154,L155,L156,L157,L158,L159,L160,L169,L178,L179,L182",37,True,relay_cascade,
1,20260708,L173->L174,L173,L174,True,True,36.82232008588366,36.82232008588366,0.0,1.0000000000000144,"L018,L019,L030,L039,L044,L045,L046,L054,L056,L060,L102,L109,L110,L111,L112,L113,L115,L128,L134,L140,L143,L148,L149,L150,L153,L154,L155,L156,L157,L158,L159,L160,L169,L173,L174,L178,L179,L182",38,49.617566646570005,49.617566646570005,36,"L018,L019,L030,L039,L044,L045,L046,L054,L056,L060,L102,L109,L110,L111,L112,L113,L115,L128,L134,L140,L143,L148,L149,L150,L153,L154,L155,L156,L157,L158,L159,L160,L169,L178,L179,L182",36,True,relay_cascade,
1,20260708,L002->L166,L002,L166,True,False,0.0,0.0,0.0,1.0,"L001,L002,L018,L019,L030,L040,L044,L045,L046,L054,L056,L060,L102,L104,L109,L110,L111,L112,L113,L115,L128,L134,L140,L143,L148,L149,L150,L153,L154,L155,L156,L157,L158,L159,L160,L166,L169,L178,L179,L182",40,0.934620762373359,0.934620762373359,0,,38,False,non_critical,
1,20260708,L079->L107,L079,L107,True,True,113.24991518101831,113.24991518101831,0.0,1.0000000000000047,"L018,L019,L030,L040,L044,L045,L046,L054,L056,L057,L060,L062,L063,L064,L065,L077,L079,L095,L102,L104,L105,L106,L107,L109,L110,L111,L112,L113,L114,L115,L119,L120,L126,L127,L128,L134,L140,L143,L150,L153,L154,L155,L156,L157,L158,L160,L169,L178,L179,L182,L186",51,12.81776027624244,12.81776027624244,48,"L018,L019,L030,L040,L044,L045,L046,L054,L056,L057,L060,L062,L063,L064,L065,L095,L102,L104,L105,L106,L109,L110,L111,L112,L113,L114,L115,L119,L120,L126,L127,L128,L134,L140,L143,L150,L153,L154,L155,L156,L157,L158,L160,L169,L178,L179,L182,L186",49,True,relay_cascade,
1,20260708,L122->L018,L122,L018,True,False,0.0,0.0,0.0,1.0000000000000675,"L018,L122,L128",3,1.0016736538046074,1.0016736538046074,0,,1,False,non_critical,
1,20260708,L062->L047,L062,L047,True,True,68.12292542074417,68.12292542074417,0.0,1.0000000000000029,"L018,L019,L030,L039,L044,L045,L046,L047,L054,L056,L057,L060,L062,L064,L065,L102,L109,L110,L111,L112,L113,L115,L128,L134,L140,L143,L148,L149,L150,L153,L154,L155,L156,L157,L158,L159,L160,L169,L178,L179,L182",41,57.57812389140202,57.57812389140202,38,"L018,L019,L030,L039,L044,L045,L046,L054,L056,L057,L064,L065,L102,L109,L110,L111,L112,L113,L115,L128,L134,L140,L143,L148,L149,L150,L153,L154,L155,L156,L157,L158,L159,L160,L169,L178,L179,L182",39,True,relay_cascade,
1,20260708,L081->L016,L081,L016,True,True,68.33711213373446,68.33711213373446,0.0,1.0000000000000036,"L016,L018,L019,L030,L039,L044,L045,L046,L054,L056,L060,L077,L078,L081,L082,L102,L104,L109,L110,L111,L112,L113,L115,L128,L134,L140,L143,L148,L149,L150,L153,L154,L155,L156,L157,L158,L159,L160,L169,L178,L179,L182",42,57.602410155362094,57.602410155362094,36,"L018,L019,L030,L039,L044,L045,L046,L054,L056,L060,L104,L109,L110,L111,L112,L113,L115,L128,L134,L140,L143,L148,L149,L150,L153,L154,L155,L156,L157,L158,L159,L160,L169,L178,L179,L182",40,True,relay_cascade,
1,20260708,L076->L084,L076,L084,True,True,36.82232008588366,36.82232008588366,0.0,1.0000000000000049,"L018,L019,L030,L040,L044,L045,L046,L054,L060,L065,L073,L075,L076,L077,L078,L079,L082,L084,L102,L109,L110,L111,L112,L113,L115,L128,L134,L140,L143,L148,L149,L150,L153,L154,L155,L156,L157,L158,L159,L160,L169,L178,L179,L182",44,55.92861315188084,55.92861315188084,42,"L018,L019,L030,L040,L044,L045,L046,L054,L060,L065,L073,L075,L077,L078,L079,L082,L102,L109,L110,L111,L112,L113,L115,L128,L134,L140,L143,L148,L149,L150,L153,L154,L155,L156,L157,L158,L159,L160,L169,L178,L179,L182",42,True,relay_cascade,
1,20260708,L105->L173,L105,L173,True,False,0.0,0.0,0.0,1.000000000000009,"L018,L019,L030,L040,L044,L045,L046,L054,L060,L064,L065,L068,L102,L104,L105,L109,L110,L111,L113,L115,L128,L134,L140,L143,L148,L149,L150,L153,L154,L155,L156,L157,L158,L159,L160,L169,L173,L178,L179,L182",40,1.0007448092196576,1.0007448092196576,0,,38,False,non_critical,
1,20260708,L032->L039,L032,L039,True,False,0.0,0.0,0.0,1.0000000000000075,"L018,L019,L025,L030,L032,L039,L040,L044,L045,L046,L054,L056,L057,L060,L102,L104,L109,L110,L111,L112,L113,L114,L115,L128,L134,L140,L143,L148,L149,L150,L153,L154,L155,L156,L157,L158,L159,L160,L169,L178,L179,L182",42,0.9358404769730952,0.9358404769730952,0,,40,False,non_critical,
1,20260708,L074->L133,L074,L133,True,True,57.598679982856595,57.598679982856595,0.0,1.0000000000000369,"L018,L019,L030,L040,L044,L045,L046,L054,L056,L060,L074,L102,L104,L109,L110,L111,L112,L113,L115,L128,L133,L134,L140,L143,L148,L149,L150,L153,L154,L155,L156,L157,L158,L159,L160,L169,L178,L179,L182",39,60.47552263355306,60.47552263355306,37,"L018,L019,L030,L040,L044,L045,L046,L054,L056,L060,L102,L104,L109,L110,L111,L112,L113,L115,L128,L134,L140,L143,L148,L149,L150,L153,L154,L155,L156,L157,L158,L159,L160,L169,L178,L179,L182",37,True,relay_cascade,
1,20260708,L142->L063,L142,L063,True,False,0.0,0.0,0.0,1.0000000000000049,"L018,L019,L030,L040,L044,L045,L046,L054,L056,L057,L060,L063,L065,L082,L095,L102,L104,L106,L109,L110,L111,L112,L113,L114,L115,L128,L134,L140,L142,L143,L149,L150,L153,L154,L155,L156,L157,L158,L159,L160,L169,L178,L179,L182,L186",45,52.673683881008614,52.673683881008614,42,"L018,L019,L030,L040,L044,L045,L046,L054,L056,L057,L060,L065,L082,L095,L102,L104,L106,L109,L110,L111,L112,L113,L114,L115,L134,L140,L143,L149,L150,L153,L154,L155,L156,L157,L158,L159,L160,L169,L178,L179,L182,L186",43,True,non_critical,
1,20260708,L186->L091,L186,L091,True,False,0.0,0.0,0.0,1.000000000000023,"L091,L186",2,1.037497874445293,1.037497874445293,0,,0,False,non_critical,
1,20260708,L180->L001,L180,L001,True,False,0.0,0.0,0.0,1.0000000000000004,"L001,L018,L019,L030,L044,L045,L046,L054,L056,L060,L102,L104,L109,L110,L111,L112,L113,L115,L128,L134,L140,L143,L148,L149,L150,L153,L154,L155,L156,L157,L158,L159,L160,L169,L178,L179,L180,L182",38,1.1977066833892418,1.1977066833892418,0,,36,False,non_critical,
1,20260708,L107->L025,L107,L025,True,False,0.0,0.0,0.0,1.0000000000000004,"L018,L019,L025,L030,L044,L045,L046,L056,L057,L060,L065,L095,L102,L104,L107,L109,L110,L111,L112,L113,L114,L115,L126,L127,L128,L134,L140,L143,L149,L150,L153,L154,L155,L156,L157,L158,L159,L160,L169,L178,L179,L182,L186",43,1.0583786227693759,1.0583786227693759,0,,41,False,non_critical,
1,20260708,L145->L081,L145,L081,True,False,0.0,0.0,0.0,1.000000000000023,"L081,L128,L145,L155,L156",5,1.1578795412617064,1.1578795412617064,0,,3,False,non_critical,
1,20260708,L130->L098,L130,L098,True,False,0.0,0.0,0.0,1.000000000000023,"L060,L065,L082,L098,L102,L128,L130,L155",8,4.061958182506307,4.061958182506307,4,"L060,L065,L082,L102",6,True,non_critical,
1,20260708,L004->L075,L004,L075,True,False,0.0,0.0,0.0,1.0000000000000042,"L001,L004,L014,L018,L030,L039,L044,L045,L046,L054,L056,L057,L060,L065,L075,L102,L104,L109,L110,L111,L112,L113,L115,L128,L134,L140,L143,L148,L149,L150,L153,L154,L155,L156,L157,L158,L159,L160,L169,L178,L179,L182",42,1.150737149026372,1.150737149026372,0,,40,False,non_critical,
1,20260708,L104->L083,L104,L083,True,False,0.0,0.0,0.0,1.000000000000023,"L083,L104,L111,L115",4,1.0796521323686465,1.0796521323686465,0,,2,False,non_critical,
1,20260708,L092->L123,L092,L123,True,False,0.0,0.0,0.0,1.0000000000000018,"L092,L115,L123,L128",4,5.278815928221503,5.278815928221503,2,"L115,L128",2,True,non_critical,
1,20260708,L173->L127,L173,L127,True,False,0.0,0.0,0.0,1.0000000000000369,"L018,L019,L030,L040,L044,L045,L046,L054,L056,L060,L065,L102,L104,L109,L110,L111,L112,L113,L114,L115,L119,L120,L127,L128,L134,L140,L143,L150,L153,L154,L155,L156,L157,L158,L160,L169,L173,L178,L179,L182,L186",41,12.360875676416262,12.360875676416262,39,"L018,L019,L030,L040,L044,L045,L046,L054,L056,L060,L065,L102,L104,L109,L110,L111,L112,L113,L114,L115,L119,L120,L128,L134,L140,L143,L150,L153,L154,L155,L156,L157,L158,L160,L169,L178,L179,L182,L186",39,True,non_critical,
1,20260708,L127->L050,L127,L050,True,True,36.82232008588366,36.82232008588366,0.0,1.0000000000000036,"L018,L019,L030,L040,L044,L045,L046,L050,L054,L056,L060,L102,L109,L110,L111,L112,L113,L114,L115,L127,L128,L134,L140,L143,L148,L149,L150,L153,L154,L155,L156,L157,L158,L159,L160,L169,L178,L179,L182,L186",40,57.05327299146971,57.05327299146971,36,"L018,L019,L030,L040,L044,L045,L046,L054,L056,L060,L102,L109,L110,L111,L112,L113,L114,L134,L140,L143,L148,L149,L150,L153,L154,L155,L156,L157,L158,L159,L160,L169,L178,L179,L182,L186",38,True,relay_cascade,
1,20260708,L052->L046,L052,L046,True,False,0.0,0.0,0.0,1.000000000000006,"L046,L052",2,1.0016565086924654,1.0016565086924654,0,,0,False,non_critical,
1,20260708,L142->L068,L142,L068,True,True,119.13750114398512,119.13750114398512,0.0,1.000000000000002,"L018,L019,L030,L040,L044,L045,L046,L054,L060,L062,L065,L068,L102,L104,L109,L110,L111,L112,L113,L114,L115,L126,L127,L128,L134,L140,L142,L143,L148,L149,L150,L153,L154,L155,L156,L157,L158,L159,L160,L169,L178,L179,L182",43,55.27287313608235,55.27287313608235,40,"L018,L019,L030,L040,L044,L045,L046,L054,L060,L062,L065,L102,L104,L109,L110,L111,L112,L113,L114,L115,L126,L127,L134,L140,L143,L148,L149,L150,L153,L154,L155,L156,L157,L158,L159,L160,L169,L178,L179,L182",41,True,relay_cascade,
1,20260708,L141->L127,L141,L127,True,False,0.0,0.0,0.0,1.0000000000000029,"L018,L019,L030,L039,L044,L045,L046,L054,L056,L060,L065,L102,L104,L109,L110,L111,L112,L113,L115,L127,L128,L129,L130,L134,L140,L141,L142,L143,L148,L149,L150,L153,L154,L155,L156,L157,L158,L159,L160,L169,L178,L179,L182",43,1.0907310281165576,1.0907310281165576,0,,41,False,non_critical,
1,20260708,L151->L022,L151,L022,True,True,25.67010059251546,25.67010059251546,0.0,1.0000000000000144,"L018,L019,L020,L022,L030,L039,L044,L045,L046,L054,L056,L060,L102,L109,L110,L111,L112,L113,L115,L128,L134,L140,L143,L148,L151,L153,L154,L155,L156,L158,L159,L160,L169,L178,L179,L182",36,17.80455150929474,17.80455150929474,32,"L018,L019,L020,L030,L039,L044,L045,L046,L054,L056,L060,L102,L109,L110,L111,L112,L113,L115,L134,L140,L143,L148,L153,L154,L156,L158,L159,L160,L169,L178,L179,L182",34,True,relay_cascade,
1,20260708,L045->L157,L045,L157,True,False,0.0,0.0,0.0,1.0000000000000036,"L045,L128,L155,L157",4,2.718711695059639,2.718711695059639,2,"L128,L155",2,True,non_critical,
1,20260708,L075->L148,L075,L148,True,False,0.0,0.0,0.0,1.0000000000000322,"L075,L128,L148,L155",4,6.028418990652629,6.028418990652629,2,"L128,L155",2,True,non_critical,
1,20260708,L071->L135,L071,L135,True,False,0.0,0.0,0.0,1.0000000000000049,"L018,L019,L030,L040,L044,L045,L046,L054,L060,L071,L074,L082,L102,L109,L110,L111,L112,L113,L115,L128,L134,L135,L140,L143,L148,L149,L150,L153,L154,L155,L156,L157,L158,L159,L160,L169,L178,L179,L182",39,0.8514500909074709,0.8514500909074709,0,,37,False,non_critical,
1,20260708,L169->L021,L169,L021,True,True,59.32777684747769,59.32777684747769,0.0,1.0000000000000369,"L018,L019,L021,L024,L025,L026,L030,L039,L040,L044,L045,L046,L048,L054,L056,L057,L060,L102,L109,L110,L111,L112,L113,L115,L128,L134,L140,L143,L148,L149,L150,L153,L154,L155,L156,L157,L158,L159,L160,L169,L178,L179,L182",43,57.517400312185615,57.517400312185615,41,"L018,L019,L024,L025,L026,L030,L039,L040,L044,L045,L046,L048,L054,L056,L057,L060,L102,L109,L110,L111,L112,L113,L115,L128,L134,L140,L143,L148,L149,L150,L153,L154,L155,L156,L157,L158,L159,L160,L178,L179,L182",41,True,relay_cascade,
1,20260708,L149->L180,L149,L180,True,True,7.272188818003705,7.272188818003705,0.0,1.0000000000000042,"L018,L019,L030,L044,L045,L046,L054,L056,L060,L102,L109,L110,L111,L112,L113,L115,L128,L134,L140,L143,L149,L153,L154,L155,L156,L158,L159,L160,L169,L178,L179,L180,L182",33,17.43899090903789,17.43899090903789,28,"L018,L019,L030,L044,L045,L046,L054,L056,L060,L102,L109,L110,L111,L112,L113,L115,L134,L140,L143,L153,L154,L158,L159,L160,L169,L178,L179,L182",31,True,relay_cascade,
1,20260708,L149->L105,L149,L105,True,False,0.0,0.0,0.0,1.0000000000000004,"L018,L019,L030,L040,L044,L045,L046,L054,L056,L057,L060,L065,L095,L102,L104,L105,L106,L109,L110,L111,L112,L113,L114,L115,L128,L134,L140,L143,L149,L150,L153,L154,L155,L156,L157,L158,L159,L160,L169,L178,L179,L182,L186",43,5.819072166166213,5.819072166166213,38,"L018,L019,L030,L040,L044,L045,L046,L054,L056,L057,L060,L065,L095,L102,L104,L106,L109,L110,L111,L112,L113,L114,L115,L134,L140,L143,L150,L153,L154,L157,L158,L159,L160,L169,L178,L179,L182,L186",41,True,non_critical,
1,20260708,L127->L124,L127,L124,True,False,0.0,0.0,0.0,1.000000000000004,"L115,L124,L127,L128",4,1.025862016547005,1.025862016547005,0,,2,False,non_critical,
1,20260708,L152->L116,L152,L116,True,True,51.84086026986975,51.84086026986975,0.0,1.0000000000000049,"L018,L019,L030,L040,L044,L045,L046,L054,L056,L060,L065,L102,L104,L109,L110,L111,L112,L113,L114,L115,L116,L120,L128,L134,L140,L143,L148,L149,L150,L152,L153,L154,L155,L156,L157,L158,L159,L160,L169,L178,L179,L182,L186",43,2.8873418067787266,2.8873418067787266,5,"L065,L104,L114,L120,L186",41,True,relay_cascade,
1,20260708,L067->L117,L067,L117,True,True,36.82232008588366,36.82232008588366,0.0,1.0000000000000004,"L018,L019,L030,L040,L044,L045,L046,L054,L056,L057,L060,L067,L102,L104,L109,L110,L111,L113,L114,L115,L117,L128,L134,L140,L143,L148,L149,L150,L153,L154,L155,L156,L157,L158,L159,L160,L169,L178,L179,L182",40,56.58826846768861,56.58826846768861,37,"L018,L019,L030,L040,L044,L045,L046,L054,L056,L057,L060,L104,L109,L110,L111,L113,L114,L115,L128,L134,L140,L143,L148,L149,L150,L153,L154,L155,L156,L157,L158,L159,L160,L169,L178,L179,L182",38,True,relay_cascade,
1,20260708,L169->L094,L169,L094,True,True,24.581204235401152,24.581204235401152,0.0,1.0000000000000018,"L018,L019,L030,L040,L045,L046,L055,L056,L057,L060,L065,L077,L078,L080,L081,L082,L083,L084,L088,L089,L091,L092,L094,L095,L101,L102,L104,L109,L110,L111,L112,L113,L114,L115,L128,L134,L140,L143,L149,L153,L154,L155,L156,L158,L159,L160,L169,L178,L179,L182",50,10.720729149829042,10.720729149829042,48,"L018,L019,L030,L040,L045,L046,L055,L056,L057,L060,L065,L077,L078,L080,L081,L082,L083,L084,L088,L089,L091,L092,L095,L101,L102,L104,L109,L110,L111,L112,L113,L114,L115,L128,L134,L140,L143,L149,L153,L154,L155,L156,L158,L159,L160,L178,L179,L182",48,True,relay_cascade,
1,20260708,L180->L147,L180,L147,True,True,43.59265123807146,43.59265123807146,0.0,1.0,"L018,L019,L030,L044,L045,L046,L054,L056,L060,L102,L104,L109,L110,L111,L112,L113,L115,L128,L134,L140,L143,L147,L148,L149,L150,L153,L154,L155,L156,L157,L158,L159,L160,L169,L178,L179,L180,L182",38,1.1978406788306983,1.1978406788306983,0,,36,False,island_only,
1,20260708,L080->L022,L080,L022,True,True,62.49242067839912,62.49242067839912,0.0,1.0000000000000049,"L018,L019,L020,L022,L030,L039,L044,L045,L046,L054,L056,L060,L080,L102,L104,L109,L110,L111,L112,L113,L115,L128,L134,L140,L143,L148,L149,L150,L153,L154,L155,L156,L157,L158,L159,L160,L169,L178,L179,L182",40,57.74828044325638,57.74828044325638,38,"L018,L019,L020,L030,L039,L044,L045,L046,L054,L056,L060,L102,L104,L109,L110,L111,L112,L113,L115,L128,L134,L140,L143,L148,L149,L150,L153,L154,L155,L156,L157,L158,L159,L160,L169,L178,L179,L182",38,True,relay_cascade,
1,20260708,L174->L185,L174,L185,True,True,35.11713329264434,35.11713329264434,0.0,1.0000000000000275,"L018,L019,L030,L039,L044,L045,L046,L054,L056,L060,L102,L109,L110,L111,L112,L113,L115,L128,L134,L140,L143,L148,L149,L150,L153,L154,L155,L156,L157,L158,L159,L160,L169,L171,L173,L174,L175,L178,L179,L182,L185,L186",42,3.0075067880410815,3.0075067880410815,1,L186,40,True,relay_cascade,
1,20260708,L041->L155,L041,L155,True,False,0.0,0.0,0.0,1.0000000000000049,"L018,L019,L025,L030,L035,L039,L040,L041,L043,L044,L045,L046,L054,L056,L057,L060,L102,L104,L109,L110,L111,L112,L113,L114,L115,L128,L134,L140,L143,L150,L153,L154,L155,L156,L158,L159,L160,L169,L178,L179,L182",41,1.1612726558502424,1.1612726558502424,0,,39,False,non_critical,
1,20260708,L069->L101,L069,L101,True,False,0.0,0.0,0.0,1.0000000000000342,"L060,L065,L069,L101,L102",5,1.074965338037094,1.074965338037094,0,,3,False,non_critical,
1,20260708,L009->L064,L009,L064,True,False,0.0,0.0,0.0,1.0000000000000075,"L009,L018,L019,L020,L022,L030,L045,L046,L060,L064,L065,L091,L102,L104,L106,L109,L110,L111,L113,L115,L128,L134,L140,L143,L149,L150,L153,L154,L155,L156,L158,L159,L160,L169,L178,L179,L182",37,1.1267346150839916,1.1267346150839916,0,,35,False,non_critical,
1,20260708,L146->L156,L146,L156,True,False,0.0,0.0,0.0,1.0000000000000122,"L128,L146,L155,L156",4,1.0000000000000242,1.0000000000000242,0,,2,False,non_critical,
1,20260708,L056->L150,L056,L150,True,False,0.0,0.0,0.0,1.0000000000000053,"L056,L128,L140,L150,L155,L156,L158",7,4.1611556139824035,4.1611556139824035,5,"L128,L140,L155,L156,L158",5,True,non_critical,
1,20260708,L016->L131,L016,L131,True,True,77.36714366189312,77.36714366189312,0.0,1.0000000000000004,"L016,L018,L019,L030,L039,L044,L045,L046,L054,L056,L057,L060,L102,L109,L110,L111,L112,L113,L115,L128,L130,L131,L134,L140,L143,L148,L149,L150,L153,L154,L155,L156,L157,L158,L159,L160,L169,L178,L179,L182",40,1.5015163255197985,1.5015163255197985,1,L130,38,True,relay_cascade,
1,20260708,L048->L067,L048,L067,True,False,0.0,0.0,0.0,1.0000000000000029,"L018,L019,L030,L039,L044,L045,L046,L048,L054,L056,L057,L060,L067,L102,L109,L110,L111,L112,L113,L115,L128,L134,L140,L143,L148,L149,L150,L153,L154,L155,L156,L157,L158,L159,L160,L169,L178,L179,L182",39,1.0907310281165576,1.0907310281165576,0,,37,False,non_critical,
1,20260708,L006->L015,L006,L015,True,True,54.33810863571874,54.33810863571874,0.0,1.0,"L006,L015,L018,L019,L030,L039,L044,L045,L046,L054,L056,L060,L102,L104,L109,L110,L111,L112,L113,L115,L128,L134,L140,L143,L148,L149,L150,L153,L154,L155,L156,L157,L158,L159,L160,L169,L178,L179,L182",39,58.006420682909585,58.006420682909585,37,"L018,L019,L030,L039,L044,L045,L046,L054,L056,L060,L102,L104,L109,L110,L111,L112,L113,L115,L128,L134,L140,L143,L148,L149,L150,L153,L154,L155,L156,L157,L158,L159,L160,L169,L178,L179,L182",37,True,relay_cascade,
1,20260708,L090->L060,L090,L060,True,False,0.0,0.0,0.0,1.000000000000023,"L060,L090,L091,L092,L102",5,1.0958376407310335,1.0958376407310335,0,,3,False,non_critical,
1,20260708,L117->L005,L117,L005,True,False,0.0,0.0,0.0,1.000000000000007,"L005,L018,L019,L030,L040,L044,L045,L046,L054,L056,L060,L102,L104,L109,L110,L111,L112,L113,L114,L115,L117,L128,L134,L140,L143,L148,L149,L150,L153,L154,L155,L156,L157,L158,L159,L160,L169,L178,L179,L182",40,1.0660993111135735,1.0660993111135735,0,,38,False,non_critical,
1,20260708,L079->L153,L079,L153,True,True,36.82232008588366,36.82232008588366,0.0,1.0000000000000049,"L018,L019,L030,L039,L044,L045,L046,L054,L056,L060,L077,L079,L102,L104,L109,L110,L111,L112,L113,L115,L128,L134,L140,L143,L148,L149,L150,L153,L154,L155,L156,L157,L158,L159,L160,L169,L178,L179,L182",39,17.187436355669497,17.187436355669497,36,"L018,L019,L030,L039,L044,L045,L046,L054,L056,L060,L102,L104,L109,L110,L111,L112,L113,L115,L128,L134,L140,L143,L148,L149,L150,L154,L155,L156,L157,L158,L159,L160,L169,L178,L179,L182",37,True,relay_cascade,
1,20260708,L036->L169,L036,L169,True,False,0.0,0.0,0.0,1.0000000000000369,"L017,L018,L019,L020,L025,L030,L036,L039,L044,L045,L046,L048,L054,L056,L057,L060,L102,L109,L110,L111,L113,L115,L128,L134,L140,L143,L148,L149,L150,L153,L154,L155,L156,L157,L158,L159,L160,L169,L178,L179,L182",41,0.934620762373359,0.934620762373359,0,,39,False,non_critical,
1,20260708,L001->L023,L001,L023,True,True,36.82232008588366,36.82232008588366,0.0,1.0000000000000007,"L001,L018,L019,L023,L025,L026,L030,L039,L040,L044,L045,L046,L054,L056,L057,L060,L102,L109,L110,L111,L112,L113,L115,L128,L134,L140,L143,L148,L149,L150,L153,L154,L155,L156,L157,L158,L159,L160,L169,L178,L179,L182",42,58.911967640148966,58.911967640148966,40,"L018,L019,L025,L026,L030,L039,L040,L044,L045,L046,L054,L056,L057,L060,L102,L109,L110,L111,L112,L113,L115,L128,L134,L140,L143,L148,L149,L150,L153,L154,L155,L156,L157,L158,L159,L160,L169,L178,L179,L182",40,True,relay_cascade,
1,20260708,L171->L061,L171,L061,True,True,70.703891942181,70.703891942181,0.0,1.0000000000000042,"L018,L019,L030,L040,L044,L045,L046,L054,L056,L057,L060,L061,L065,L102,L104,L109,L110,L111,L112,L113,L115,L128,L134,L140,L143,L148,L149,L150,L153,L154,L155,L156,L157,L158,L159,L160,L169,L171,L178,L179,L182",41,57.5957368889277,57.5957368889277,39,"L018,L019,L030,L040,L044,L045,L046,L054,L056,L057,L060,L065,L102,L104,L109,L110,L111,L112,L113,L115,L128,L134,L140,L143,L148,L149,L150,L153,L154,L155,L156,L157,L158,L159,L160,L169,L178,L179,L182",39,True,relay_cascade,
1,20260708,L061->L183,L061,L183,True,True,81.35922639729833,81.35922639729833,0.0,1.0000000000000029,"L018,L019,L030,L039,L044,L045,L046,L054,L056,L060,L061,L065,L102,L104,L109,L110,L111,L112,L113,L115,L128,L134,L140,L143,L148,L149,L150,L153,L154,L155,L156,L157,L158,L159,L160,L169,L178,L179,L182,L183",40,2.994135358038222,2.994135358038222,2,"L065,L104",38,True,relay_cascade,
1,20260708,L103->L134,L103,L134,True,True,36.82232008588366,36.82232008588366,0.0,1.0000000000000036,"L018,L019,L030,L039,L044,L045,L046,L054,L056,L060,L102,L103,L104,L109,L110,L111,L112,L113,L115,L128,L134,L140,L143,L148,L149,L150,L153,L154,L155,L156,L157,L158,L159,L160,L169,L178,L179,L182",38,62.386720509516714,62.386720509516714,35,"L018,L019,L030,L039,L044,L045,L046,L054,L056,L060,L104,L109,L110,L111,L112,L113,L115,L128,L140,L143,L148,L149,L150,L153,L154,L155,L156,L157,L158,L159,L160,L169,L178,L179,L182",36,True,relay_cascade,
1,20260708,L079->L133,L079,L133,True,True,57.598679982856595,57.598679982856595,0.0,1.0000000000000049,"L018,L019,L030,L040,L044,L045,L046,L054,L056,L060,L077,L079,L102,L104,L109,L110,L111,L112,L113,L115,L128,L133,L134,L140,L143,L148,L149,L150,L153,L154,L155,L156,L157,L158,L159,L160,L169,L178,L179,L182",40,60.56227471497155,60.56227471497155,37,"L018,L019,L030,L040,L044,L045,L046,L054,L056,L060,L102,L104,L109,L110,L111,L112,L113,L115,L128,L134,L140,L143,L148,L149,L150,L153,L154,L155,L156,L157,L158,L159,L160,L169,L178,L179,L182",38,True,relay_cascade,
1,20260708,L158->L064,L158,L064,True,False,0.0,0.0,0.0,1.000000000000023,"L064,L065,L128,L155,L158",5,1.3484620098131144,1.3484620098131144,1,L065,3,True,non_critical,
1,20260708,L027->L121,L027,L121,True,True,74.95325517572547,74.95325517572547,0.0,1.0000000000000184,"L018,L019,L027,L030,L044,L045,L046,L054,L056,L060,L065,L102,L104,L109,L110,L111,L112,L113,L114,L115,L121,L122,L128,L134,L140,L143,L149,L150,L153,L154,L155,L156,L157,L158,L159,L160,L169,L178,L179,L182",40,1.5966230673565602,1.5966230673565602,4,"L065,L122,L149,L157",38,True,relay_cascade,
1,20260708,L171->L076,L171,L076,True,False,0.0,0.0,0.0,1.0000000000000047,"L076,L171",2,1.1509740127968782,1.1509740127968782,0,,0,False,non_critical,
1,20260708,L145->L160,L145,L160,True,False,0.0,0.0,0.0,1.000000000000023,"L128,L145,L155,L156,L160",5,1.0657831582348751,1.0657831582348751,0,,3,False,non_critical,
1,20260708,L025->L120,L025,L120,True,False,0.0,0.0,0.0,1.0000000000000342,"L025,L115,L120,L128",4,1.7306522273490583,1.7306522273490583,2,"L115,L128",2,True,non_critical,
1,20260708,L082->L007,L082,L007,True,True,25.67010059251546,25.67010059251546,0.0,1.0000000000000049,"L007,L018,L019,L020,L022,L030,L045,L046,L060,L065,L082,L091,L102,L104,L106,L109,L110,L111,L113,L115,L128,L134,L140,L143,L149,L150,L153,L154,L155,L156,L158,L159,L160,L169,L178,L179,L182",37,66.16986836878571,66.16986836878571,35,"L018,L019,L020,L022,L030,L045,L046,L060,L065,L091,L102,L104,L106,L109,L110,L111,L113,L115,L128,L134,L140,L143,L149,L150,L153,L154,L155,L156,L158,L159,L160,L169,L178,L179,L182",35,True,relay_cascade,
1,20260708,L184->L057,L184,L057,True,False,0.0,0.0,0.0,1.0000000000000735,"L018,L019,L030,L039,L044,L045,L046,L054,L056,L057,L060,L102,L104,L109,L110,L111,L112,L113,L115,L128,L134,L140,L143,L148,L149,L150,L153,L154,L155,L156,L157,L158,L159,L160,L169,L178,L179,L182,L184",39,1.071474388755391,1.071474388755391,0,,37,False,non_critical,
1,20260708,L004->L116,L004,L116,True,True,51.84086026986975,51.84086026986975,0.0,1.0000000000000049,"L001,L004,L014,L018,L030,L039,L044,L045,L046,L054,L056,L057,L060,L065,L102,L104,L109,L110,L111,L112,L113,L114,L115,L116,L120,L128,L134,L140,L143,L148,L149,L150,L153,L154,L155,L156,L157,L158,L159,L160,L169,L178,L179,L182,L186",45,2.0496241908078616,2.0496241908078616,3,"L114,L120,L186",43,True,relay_cascade,
1,20260708,L130->L180,L130,L180,True,True,121.46165256578048,121.46165256578048,0.0,1.0000000000000144,"L018,L019,L030,L044,L045,L046,L054,L056,L060,L102,L109,L110,L111,L112,L113,L115,L128,L130,L131,L134,L140,L143,L148,L149,L150,L153,L154,L155,L156,L157,L158,L160,L169,L178,L179,L180,L182",37,17.43899090903789,17.43899090903789,33,"L018,L019,L030,L044,L045,L046,L054,L056,L060,L102,L109,L110,L111,L112,L113,L115,L131,L134,L140,L143,L148,L149,L150,L153,L154,L156,L157,L158,L160,L169,L178,L179,L182",35,True,relay_cascade,
1,20260708,L070->L018,L070,L018,True,False,0.0,0.0,0.0,1.0000000000000675,"L018,L070,L077,L078,L082,L102",6,1.002921674718552,1.002921674718552,0,,4,False,non_critical,
1,20260708,L089->L092,L089,L092,True,True,36.82232008588366,36.82232008588366,0.0,1.0000000000000004,"L018,L019,L030,L040,L044,L045,L046,L054,L056,L057,L060,L065,L082,L088,L089,L091,L092,L095,L102,L104,L109,L110,L111,L112,L113,L115,L128,L134,L140,L143,L148,L149,L150,L153,L154,L155,L156,L157,L158,L159,L160,L169,L178,L179,L182",45,59.57015156383515,59.57015156383515,43,"L018,L019,L030,L040,L044,L045,L046,L054,L056,L057,L060,L065,L082,L088,L091,L095,L102,L104,L109,L110,L111,L112,L113,L115,L128,L134,L140,L143,L148,L149,L150,L153,L154,L155,L156,L157,L158,L159,L160,L169,L178,L179,L182",43,True,relay_cascade,
1,20260708,L050->L153,L050,L153,True,False,0.0,0.0,0.0,1.0000000000000029,"L018,L019,L030,L039,L044,L045,L046,L047,L050,L054,L056,L057,L060,L065,L102,L104,L109,L110,L111,L112,L113,L115,L128,L134,L140,L143,L148,L149,L150,L153,L154,L155,L156,L157,L158,L159,L160,L169,L178,L179,L182",41,1.0907310281165576,1.0907310281165576,0,,39,False,non_critical,
1,20260708,L091->L062,L091,L062,True,False,0.0,0.0,0.0,1.0000000000000087,"L060,L062,L065,L091,L128",5,2.5995655757501384,2.5995655757501384,3,"L060,L065,L128",3,True,non_critical,
1,20260708,L013->L111,L013,L111,True,False,0.0,0.0,0.0,1.000000000000023,"L013,L014,L111,L115",4,1.2351956016919257,1.2351956016919257,1,L115,2,True,non_critical,
1,20260708,L181->L099,L181,L099,True,False,0.0,0.0,0.0,1.0000000000000009,"L018,L019,L030,L044,L045,L046,L054,L056,L060,L099,L102,L104,L109,L110,L111,L112,L113,L115,L128,L134,L140,L143,L148,L149,L150,L153,L154,L155,L156,L157,L158,L159,L160,L169,L178,L179,L180,L181,L182",39,1.1993380481834832,1.1993380481834832,0,,37,False,non_critical,
1,20260708,L095->L016,L095,L016,True,True,68.33711213373446,68.33711213373446,0.0,1.0000000000000004,"L012,L016,L018,L019,L030,L039,L044,L045,L046,L054,L056,L057,L060,L065,L095,L102,L104,L109,L110,L111,L112,L113,L115,L128,L134,L140,L143,L148,L149,L150,L153,L154,L155,L156,L157,L158,L159,L160,L169,L178,L179,L182",42,57.58233872485935,57.58233872485935,40,"L012,L018,L019,L030,L039,L044,L045,L046,L054,L056,L057,L060,L065,L102,L104,L109,L110,L111,L112,L113,L115,L128,L134,L140,L143,L148,L149,L150,L153,L154,L155,L156,L157,L158,L159,L160,L169,L178,L179,L182",40,True,relay_cascade,
1,20260708,L053->L114,L053,L114,True,False,0.0,0.0,0.0,1.0000000000000675,"L053,L114,L115,L128",4,3.5876408650862976,3.5876408650862976,2,"L115,L128",2,True,non_critical,
1,20260708,L013->L087,L013,L087,True,False,0.0,0.0,0.0,1.0000000000000209,"L013,L014,L087",3,1.1194862128146,1.1194862128146,0,,1,False,non_critical,
1,20260708,L130->L027,L130,L027,True,False,0.0,0.0,0.0,1.000000000000009,"L027,L128,L130,L155,L178,L182",6,2.483606389967171,2.483606389967171,2,"L178,L182",4,True,non_critical,
1,20260708,L176->L138,L176,L138,True,False,0.0,0.0,0.0,1.0000000000000184,"L018,L019,L030,L039,L044,L045,L046,L054,L056,L060,L065,L102,L104,L109,L110,L111,L112,L113,L115,L128,L134,L138,L140,L143,L148,L149,L150,L153,L154,L155,L156,L157,L158,L160,L169,L176,L178,L179,L182",39,1.0907310281165576,1.0907310281165576,0,,37,False,non_critical,
1,20260708,L108->L071,L108,L071,True,True,70.56694602954055,70.56694602954055,0.0,1.0000000000000004,"L018,L019,L030,L040,L044,L045,L046,L054,L056,L060,L065,L071,L074,L082,L102,L104,L108,L109,L110,L111,L113,L114,L115,L117,L128,L134,L140,L143,L148,L149,L150,L153,L154,L155,L156,L157,L158,L159,L160,L169,L178,L179,L182,L186",44,2.8328578826462167,2.8328578826462167,2,"L074,L082",42,True,relay_cascade,
1,20260708,L064->L153,L064,L153,True,True,36.82232008588366,36.82232008588366,0.0,1.0000000000000029,"L018,L019,L030,L039,L044,L045,L046,L054,L056,L060,L064,L102,L104,L109,L110,L111,L112,L113,L115,L128,L134,L140,L143,L148,L149,L150,L153,L154,L155,L156,L157,L158,L159,L160,L169,L178,L179,L182",38,17.185541179056752,17.185541179056752,36,"L018,L019,L030,L039,L044,L045,L046,L054,L056,L060,L102,L104,L109,L110,L111,L112,L113,L115,L128,L134,L140,L143,L148,L149,L150,L154,L155,L156,L157,L158,L159,L160,L169,L178,L179,L182",36,True,relay_cascade,
1,20260708,L071->L173,L071,L173,True,False,0.0,0.0,0.0,1.0000000000000049,"L018,L019,L030,L040,L044,L045,L046,L054,L060,L071,L074,L082,L102,L109,L110,L111,L112,L113,L115,L128,L134,L140,L143,L148,L149,L150,L153,L154,L155,L156,L157,L158,L159,L160,L169,L173,L178,L179,L182",39,0.8514500909074709,0.8514500909074709,0,,37,False,non_critical,
1,20260708,L128->L104,L128,L104,True,True,36.82232008588366,36.82232008588366,0.0,1.0000000000000004,"L018,L019,L030,L040,L044,L045,L046,L054,L056,L060,L065,L102,L104,L109,L110,L111,L112,L113,L114,L115,L128,L134,L140,L143,L148,L149,L150,L153,L154,L155,L156,L157,L158,L159,L160,L169,L178,L179,L182,L186",40,57.65765726552966,57.65765726552966,38,"L018,L019,L030,L040,L044,L045,L046,L054,L056,L060,L065,L102,L109,L110,L111,L112,L113,L114,L115,L134,L140,L143,L148,L149,L150,L153,L154,L155,L156,L157,L158,L159,L160,L169,L178,L179,L182,L186",38,True,relay_cascade,
1,20260708,L076->L185,L076,L185,True,True,35.11713329264434,35.11713329264434,0.0,1.0000000000000184,"L018,L019,L030,L040,L044,L045,L046,L054,L056,L057,L060,L076,L102,L109,L110,L111,L112,L113,L115,L128,L134,L140,L143,L149,L150,L153,L154,L155,L156,L157,L158,L159,L160,L169,L178,L179,L182,L185,L186",39,11.914497910678445,11.914497910678445,37,"L018,L019,L030,L040,L044,L045,L046,L054,L056,L057,L060,L102,L109,L110,L111,L112,L113,L115,L128,L134,L140,L143,L149,L150,L153,L154,L155,L156,L157,L158,L159,L160,L169,L178,L179,L182,L186",37,True,relay_cascade,
1,20260708,L120->L139,L120,L139,True,False,0.0,0.0,0.0,1.0000000000000009,"L115,L120,L139,L140",4,4.3231153123224235,4.3231153123224235,1,L140,2,True,non_critical,
1,20260708,L118->L090,L118,L090,True,False,0.0,0.0,0.0,1.0000000000000013,"L018,L019,L030,L040,L044,L045,L046,L054,L056,L057,L060,L065,L090,L091,L092,L102,L104,L109,L110,L111,L113,L115,L118,L128,L134,L140,L143,L148,L149,L150,L153,L154,L155,L156,L157,L158,L159,L160,L169,L178,L179,L182,L185,L186",44,4.462942265353382,4.462942265353382,2,"L091,L092",42,True,non_critical,
1,20260708,L009->L089,L009,L089,True,False,0.0,0.0,0.0,1.0000000000000009,"L009,L018,L019,L020,L022,L030,L045,L046,L060,L065,L089,L091,L102,L104,L106,L109,L110,L111,L113,L115,L128,L134,L140,L143,L149,L150,L153,L154,L155,L156,L158,L159,L160,L169,L178,L179,L182",37,1.0101197273389024,1.0101197273389024,0,,35,False,non_critical,
1,20260708,L111->L148,L111,L148,True,False,0.0,0.0,0.0,1.000000000000023,"L111,L128,L148,L155",4,5.7146599413334,5.7146599413334,2,"L128,L155",2,True,non_critical,
1,20260708,L102->L133,L102,L133,True,True,57.598679982856595,57.598679982856595,0.0,1.0000000000000004,"L018,L019,L030,L040,L044,L045,L046,L054,L056,L060,L102,L104,L109,L110,L111,L112,L113,L115,L128,L133,L134,L140,L143,L148,L149,L150,L153,L154,L155,L156,L157,L158,L159,L160,L169,L178,L179,L182",38,60.60739549290232,60.60739549290232,36,"L018,L019,L030,L040,L044,L045,L046,L054,L056,L060,L104,L109,L110,L111,L112,L113,L115,L128,L134,L140,L143,L148,L149,L150,L153,L154,L155,L156,L157,L158,L159,L160,L169,L178,L179,L182",36,True,relay_cascade,
1,20260708,L057->L093,L057,L093,True,True,113.77443874228753,113.77443874228753,0.0,1.0000000000000007,"L018,L019,L030,L040,L044,L045,L046,L056,L057,L060,L065,L077,L078,L080,L081,L082,L083,L084,L088,L089,L091,L092,L093,L101,L102,L104,L109,L110,L111,L113,L114,L115,L128,L129,L130,L131,L132,L134,L140,L143,L149,L150,L153,L154,L155,L156,L157,L158,L159,L160,L169,L178,L179,L182",54,51.50771775175556,51.50771775175556,52,"L018,L019,L030,L040,L044,L045,L046,L056,L060,L065,L077,L078,L080,L081,L082,L083,L084,L088,L089,L091,L092,L101,L102,L104,L109,L110,L111,L113,L114,L115,L128,L129,L130,L131,L132,L134,L140,L143,L149,L150,L153,L154,L155,L156,L157,L158,L159,L160,L169,L178,L179,L182",52,True,relay_cascade,
1,20260708,L133->L138,L133,L138,True,False,0.0,0.0,0.0,1.0000000000000004,"L018,L019,L030,L040,L044,L045,L046,L054,L056,L060,L102,L104,L109,L110,L111,L112,L113,L115,L128,L133,L134,L138,L140,L143,L148,L149,L150,L153,L154,L155,L156,L157,L158,L159,L160,L169,L178,L179,L182",39,0.934620762373359,0.934620762373359,0,,37,False,non_critical,
1,20260708,L139->L185,L139,L185,True,True,35.11713329264434,35.11713329264434,0.0,1.0000000000000049,"L018,L019,L030,L039,L044,L045,L046,L054,L056,L060,L065,L102,L104,L109,L110,L111,L112,L113,L115,L128,L134,L139,L140,L143,L148,L149,L150,L153,L154,L155,L156,L157,L158,L159,L160,L169,L178,L179,L182,L185,L186",41,3.0075067880410855,3.0075067880410855,2,"L065,L186",39,True,relay_cascade,
1,20260708,L176->L104,L176,L104,True,False,0.0,0.0,0.0,1.0000000000000184,"L018,L019,L030,L039,L044,L045,L046,L054,L056,L060,L065,L102,L104,L109,L110,L111,L112,L113,L115,L128,L134,L140,L143,L148,L149,L150,L153,L154,L155,L156,L157,L158,L160,L169,L176,L178,L179,L182",38,1.0907310281165576,1.0907310281165576,0,,36,False,non_critical,
1,20260708,L153->L014,L153,L014,True,False,0.0,0.0,0.0,1.000000000000006,"L014,L128,L153,L155,L156",5,1.0236020092086937,1.0236020092086937,0,,3,False,non_critical,
1,20260708,L109->L182,L109,L182,True,False,0.0,0.0,0.0,1.000000000000002,"L109,L182",2,1.000335636182358,1.000335636182358,0,,0,False,non_critical,
1,20260708,L163->L025,L163,L025,True,False,0.0,0.0,0.0,1.0000000000000184,"L018,L019,L025,L030,L039,L044,L045,L046,L054,L056,L060,L065,L102,L104,L109,L110,L111,L112,L113,L115,L128,L134,L140,L143,L148,L149,L150,L153,L154,L155,L156,L157,L158,L160,L163,L164,L167,L169,L170,L172,L175,L178,L179,L182",44,1.0702808559831523,1.0702808559831523,0,,42,False,non_critical,
1,20260708,L062->L103,L062,L103,True,False,0.0,0.0,0.0,1.0000000000000018,"L060,L062,L102,L103",4,2.954098845080094,2.954098845080094,1,L102,2,True,non_critical,
1,20260708,L060->L009,L060,L009,True,True,25.67010059251546,25.67010059251546,0.0,1.000000000000001,"L009,L018,L019,L020,L022,L030,L045,L046,L060,L065,L091,L102,L104,L106,L109,L110,L111,L113,L115,L128,L134,L140,L143,L149,L150,L153,L154,L155,L156,L158,L159,L160,L169,L178,L179,L182",36,66.16892985608116,66.16892985608116,34,"L018,L019,L020,L022,L030,L045,L046,L065,L091,L102,L104,L106,L109,L110,L111,L113,L115,L128,L134,L140,L143,L149,L150,L153,L154,L155,L156,L158,L159,L160,L169,L178,L179,L182",34,True,relay_cascade,
1,20260708,L167->L103,L167,L103,True,False,0.0,0.0,0.0,1.0000000000000369,"L018,L019,L030,L040,L044,L045,L046,L054,L056,L060,L065,L102,L103,L104,L109,L110,L111,L113,L115,L128,L129,L130,L131,L132,L134,L140,L143,L148,L149,L150,L153,L154,L155,L156,L157,L158,L159,L160,L167,L169,L170,L178,L179,L182",44,0.934620762373359,0.934620762373359,0,,42,False,non_critical,
1,20260708,L051->L091,L051,L091,True,False,0.0,0.0,0.0,1.0000000000000004,"L018,L019,L024,L026,L030,L040,L044,L045,L046,L048,L051,L057,L058,L059,L060,L065,L074,L077,L078,L082,L091,L093,L094,L095,L102,L104,L109,L110,L111,L112,L113,L115,L128,L134,L140,L143,L148,L149,L150,L153,L154,L155,L156,L157,L158,L159,L160,L169,L178,L179,L182",51,1.1915116286083183,1.1915116286083183,0,,49,False,non_critical,
1,20260708,L083->L128,L083,L128,True,False,0.0,0.0,0.0,1.000000000000023,"L083,L128",2,1.003639556351382,1.003639556351382,0,,0,False,non_critical,
1,20260708,L046->L029,L046,L029,True,True,79.13039712130427,79.13039712130427,0.0,1.0000000000000184,"L018,L019,L024,L025,L029,L030,L044,L045,L046,L054,L056,L060,L102,L104,L109,L110,L111,L112,L113,L114,L115,L128,L134,L140,L143,L148,L149,L150,L153,L154,L155,L156,L157,L158,L159,L160,L169,L178,L179,L182",40,56.30090839721108,56.30090839721108,38,"L018,L019,L024,L025,L030,L044,L045,L054,L056,L060,L102,L104,L109,L110,L111,L112,L113,L114,L115,L128,L134,L140,L143,L148,L149,L150,L153,L154,L155,L156,L157,L158,L159,L160,L169,L178,L179,L182",38,True,relay_cascade,
1,20260708,L119->L114,L119,L114,True,False,0.0,0.0,0.0,1.0000000000000036,"L114,L115,L119,L128,L155,L186",6,1.0106163214207717,1.0106163214207717,0,,4,False,non_critical,
1,20260708,L039->L072,L039,L072,True,True,79.71011942383755,79.71011942383755,0.0,1.0000000000000144,"L018,L019,L030,L039,L040,L044,L045,L046,L054,L056,L060,L072,L074,L102,L109,L110,L111,L112,L113,L115,L128,L134,L140,L143,L148,L149,L150,L153,L154,L155,L156,L157,L158,L159,L160,L169,L178,L179,L182",39,57.202593163970484,57.202593163970484,36,"L018,L019,L030,L040,L044,L045,L046,L054,L056,L060,L074,L102,L109,L110,L111,L112,L113,L115,L128,L134,L140,L143,L148,L149,L150,L153,L154,L155,L156,L157,L158,L159,L160,L169,L179,L182",37,True,relay_cascade,
1,20260708,L163->L010,L163,L010,True,False,0.0,0.0,0.0,1.0000000000000184,"L010,L018,L019,L030,L039,L044,L045,L046,L054,L056,L060,L065,L102,L104,L109,L110,L111,L112,L113,L115,L128,L134,L140,L143,L148,L149,L150,L153,L154,L155,L156,L157,L158,L160,L163,L164,L167,L169,L170,L172,L175,L178,L179,L182",44,1.090237798705861,1.090237798705861,0,,42,False,non_critical,
1,20260708,L133->L035,L133,L035,True,True,23.91687820767109,23.91687820767109,0.0,1.0000000000000007,"L018,L019,L030,L035,L040,L044,L045,L046,L054,L056,L060,L102,L104,L109,L110,L111,L112,L113,L115,L128,L133,L134,L140,L143,L148,L149,L150,L153,L154,L155,L156,L157,L158,L159,L160,L169,L178,L179,L182",39,0.934620762373359,0.934620762373359,0,,37,False,island_only,
1,20260708,L036->L018,L036,L018,True,False,0.0,0.0,0.0,1.0000000000000369,"L017,L018,L019,L020,L025,L030,L036,L039,L044,L045,L046,L048,L054,L056,L057,L060,L102,L109,L110,L111,L113,L115,L128,L134,L140,L143,L148,L149,L150,L153,L154,L155,L156,L157,L158,L159,L160,L169,L178,L179,L182",41,0.934620762373359,0.934620762373359,0,,39,False,non_critical,
1,20260708,L134->L056,L134,L056,True,False,0.0,0.0,0.0,1.0000000000000029,"L018,L019,L030,L039,L044,L045,L046,L054,L056,L060,L102,L104,L109,L110,L111,L112,L113,L115,L128,L134,L140,L143,L148,L149,L150,L153,L154,L155,L156,L157,L158,L159,L160,L169,L178,L179,L182",37,1.0907310281165576,1.0907310281165576,0,,35,False,non_critical,
1,20260708,L172->L103,L172,L103,True,True,36.82232008588366,36.82232008588366,0.0,1.0000000000000004,"L018,L019,L030,L040,L044,L045,L046,L054,L056,L057,L060,L065,L077,L078,L082,L095,L102,L103,L104,L109,L110,L111,L112,L113,L115,L128,L134,L140,L143,L148,L149,L150,L153,L154,L155,L156,L157,L158,L159,L160,L169,L172,L178,L179,L182",45,58.26321928776415,58.26321928776415,43,"L018,L019,L030,L040,L044,L045,L046,L054,L056,L057,L060,L065,L077,L078,L082,L095,L102,L104,L109,L110,L111,L112,L113,L115,L128,L134,L140,L143,L148,L149,L150,L153,L154,L155,L156,L157,L158,L159,L160,L169,L178,L179,L182",43,True,relay_cascade,
1,20260708,L149->L160,L149,L160,True,False,0.0,0.0,0.0,1.0000000000000104,"L128,L149,L155,L156,L160",5,1.000000000000061,1.000000000000061,0,,3,False,non_critical,
1,20260708,L013->L123,L013,L123,True,False,0.0,0.0,0.0,1.000000000000007,"L013,L014,L115,L123,L128",5,5.2787913861160884,5.2787913861160884,2,"L115,L128",3,True,non_critical,
1,20260708,L063->L019,L063,L019,True,False,0.0,0.0,0.0,1.0000000000000675,"L019,L060,L063,L065",4,1.1457617611156707,1.1457617611156707,0,,2,False,non_critical,
1,20260708,L123->L111,L123,L111,True,False,0.0,0.0,0.0,1.0000000000000675,"L111,L115,L123,L128,L155",5,1.1467320503878298,1.1467320503878298,0,,3,False,non_critical,
1,20260708,L022->L049,L022,L049,True,False,0.0,0.0,0.0,1.0000000000000413,"L018,L019,L020,L022,L030,L039,L044,L045,L046,L049,L054,L056,L060,L102,L104,L109,L110,L111,L112,L113,L115,L128,L134,L140,L143,L148,L149,L150,L153,L154,L155,L156,L157,L158,L159,L160,L169,L178,L179,L182",40,1.0708590723283622,1.0708590723283622,0,,38,False,non_critical,
1,20260708,L041->L099,L041,L099,True,False,0.0,0.0,0.0,1.0000000000000275,"L018,L019,L025,L030,L035,L039,L040,L041,L043,L044,L045,L046,L054,L056,L057,L060,L099,L102,L104,L109,L110,L111,L112,L113,L114,L115,L128,L134,L140,L143,L150,L153,L154,L155,L156,L158,L159,L160,L169,L178,L179,L182",42,1.1612726558502424,1.1612726558502424,0,,40,False,non_critical,
1,20260708,L132->L043,L132,L043,True,False,0.0,0.0,0.0,1.0000000000000016,"L043,L128,L132,L155,L182",5,5.384831354799413,5.384831354799413,1,L182,3,True,non_critical,
1,20260708,L145->L025,L145,L025,True,False,0.0,0.0,0.0,1.0000000000000675,"L025,L128,L145,L155,L156",5,1.19655815938972,1.19655815938972,0,,3,False,non_critical,
1,20260708,L148->L026,L148,L026,True,False,0.0,0.0,0.0,1.000000000000023,"L018,L026,L128,L148,L155",5,1.5522523364006775,1.5522523364006775,1,L018,3,True,non_critical,
1,20260708,L055->L044,L055,L044,True,False,0.0,0.0,0.0,1.000000000000023,"L018,L044,L055",3,1.2991787458708488,1.2991787458708488,1,L018,1,True,non_critical,
1,20260708,L157->L133,L157,L133,True,True,20.77635989697293,20.77635989697293,0.0,1.0000000000000004,"L018,L019,L030,L040,L044,L045,L046,L054,L056,L060,L102,L109,L110,L111,L112,L113,L115,L128,L133,L134,L140,L143,L153,L154,L155,L156,L157,L158,L159,L160,L169,L178,L179,L182",34,17.78125277011325,17.78125277011325,30,"L018,L019,L030,L040,L044,L045,L046,L054,L056,L060,L102,L109,L110,L111,L112,L113,L115,L134,L140,L143,L153,L154,L156,L158,L159,L160,L169,L178,L179,L182",32,True,relay_cascade,
1,20260708,L052->L168,L052,L168,True,False,0.0,0.0,0.0,1.0000000000000675,"L052,L168",2,1.0000000000000342,1.0000000000000342,0,,0,False,non_critical,
1,20260708,L120->L143,L120,L143,True,True,36.82232008588366,36.82232008588366,0.0,1.0000000000000369,"L018,L019,L030,L040,L044,L045,L046,L054,L056,L060,L102,L104,L109,L110,L111,L112,L113,L114,L115,L120,L128,L134,L140,L143,L148,L149,L150,L153,L154,L155,L156,L157,L158,L159,L160,L169,L178,L179,L182,L186",40,61.02045850960427,61.02045850960427,37,"L018,L019,L030,L040,L044,L045,L046,L054,L056,L060,L102,L104,L109,L110,L111,L112,L113,L114,L128,L134,L140,L148,L149,L150,L153,L154,L155,L156,L157,L158,L159,L160,L169,L178,L179,L182,L186",38,True,relay_cascade,
1,20260708,L102->L083,L102,L083,True,False,0.0,0.0,0.0,1.0000000000000342,"L083,L102",2,1.0397988392399347,1.0397988392399347,0,,0,False,non_critical,
1,20260708,L076->L029,L076,L029,True,True,79.13039712130427,79.13039712130427,0.0,1.0000000000000024,"L018,L019,L025,L026,L029,L030,L039,L044,L045,L046,L054,L056,L060,L076,L102,L104,L109,L110,L111,L112,L113,L115,L128,L134,L140,L143,L148,L149,L150,L153,L154,L155,L156,L157,L158,L159,L160,L169,L178,L179,L182",41,56.99595174235554,56.99595174235554,39,"L018,L019,L025,L026,L030,L039,L044,L045,L046,L054,L056,L060,L102,L104,L109,L110,L111,L112,L113,L115,L128,L134,L140,L143,L148,L149,L150,L153,L154,L155,L156,L157,L158,L159,L160,L169,L178,L179,L182",39,True,relay_cascade,
1,20260708,L110->L179,L110,L179,True,False,0.0,0.0,0.0,1.0000000000000735,"L018,L019,L030,L040,L044,L045,L046,L054,L056,L057,L060,L102,L104,L109,L110,L111,L115,L128,L134,L140,L143,L148,L149,L150,L153,L154,L155,L156,L157,L158,L159,L160,L169,L178,L179,L182",36,0.9346207623733596,0.9346207623733596,0,,34,False,non_critical,
1,20260708,L041->L164,L041,L164,True,False,0.0,0.0,0.0,1.0000000000000049,"L018,L019,L025,L030,L035,L039,L040,L041,L043,L044,L045,L046,L054,L056,L057,L060,L102,L104,L109,L110,L111,L112,L113,L114,L115,L128,L134,L140,L143,L150,L153,L154,L155,L156,L158,L159,L160,L164,L169,L178,L179,L182",42,1.1612726558502424,1.1612726558502424,0,,40,False,non_critical,
1,20260708,L036->L159,L036,L159,True,False,0.0,0.0,0.0,1.0000000000000369,"L017,L018,L019,L020,L025,L030,L036,L039,L044,L045,L046,L048,L054,L056,L057,L060,L102,L109,L110,L111,L113,L115,L128,L134,L140,L143,L148,L149,L150,L153,L154,L155,L156,L157,L158,L159,L160,L169,L178,L179,L182",41,0.934620762373359,0.934620762373359,0,,39,False,non_critical,
1,20260708,L169->L016,L169,L016,True,True,68.33711213373446,68.33711213373446,0.0,1.0000000000000004,"L012,L016,L018,L019,L030,L039,L044,L045,L046,L054,L056,L057,L060,L102,L109,L110,L111,L112,L113,L115,L128,L134,L140,L143,L148,L149,L150,L153,L154,L155,L156,L157,L158,L159,L160,L169,L178,L179,L182",39,57.56461855668286,57.56461855668286,37,"L012,L018,L019,L030,L039,L044,L045,L046,L054,L056,L057,L060,L102,L109,L110,L111,L112,L113,L115,L128,L134,L140,L143,L148,L149,L150,L153,L154,L155,L156,L157,L158,L159,L160,L178,L179,L182",37,True,relay_cascade,
1,20260708,L051->L044,L051,L044,True,False,0.0,0.0,0.0,1.0000000000000004,"L018,L019,L024,L026,L030,L040,L044,L045,L046,L048,L051,L057,L058,L059,L060,L065,L074,L077,L078,L082,L091,L093,L094,L095,L102,L104,L109,L110,L111,L112,L113,L115,L128,L134,L140,L143,L148,L149,L150,L153,L154,L155,L156,L157,L158,L159,L160,L169,L178,L179,L182",51,1.1915116286083183,1.1915116286083183,0,,49,False,non_critical,
1,20260708,L061->L108,L061,L108,True,False,0.0,0.0,0.0,1.0000000000000038,"L018,L019,L030,L039,L044,L045,L046,L054,L056,L060,L061,L102,L108,L109,L110,L111,L112,L113,L115,L128,L134,L140,L143,L148,L149,L150,L153,L154,L155,L156,L157,L158,L159,L160,L169,L178,L179,L182",38,1.0907310281165576,1.0907310281165576,0,,36,False,non_critical,
1,20260708,L113->L186,L113,L186,True,False,0.0,0.0,0.0,1.0000000000000029,"L018,L019,L030,L039,L044,L045,L046,L054,L056,L060,L102,L104,L109,L111,L112,L113,L115,L128,L134,L140,L143,L148,L149,L150,L153,L154,L155,L156,L157,L158,L159,L160,L169,L178,L179,L182,L186",37,1.0907310281165576,1.0907310281165576,0,,35,False,non_critical,
1,20260708,L022->L158,L022,L158,True,False,0.0,0.0,0.0,1.0000000000000007,"L018,L019,L020,L022,L030,L039,L044,L045,L046,L054,L056,L060,L102,L104,L109,L110,L111,L112,L113,L115,L128,L134,L140,L143,L148,L149,L150,L153,L154,L155,L156,L157,L158,L159,L160,L169,L178,L179,L182",39,1.0708590723283622,1.0708590723283622,0,,37,False,non_critical,
1,20260708,L067->L137,L067,L137,True,False,0.0,0.0,0.0,1.000000000000007,"L067,L102,L128,L137,L155,L156,L158",7,7.29987512586181,7.29987512586181,4,"L128,L155,L156,L158",5,True,non_critical,
1,20260708,L170->L004,L170,L004,True,True,62.49242067839912,62.49242067839912,0.0,1.0000000000000042,"L001,L004,L012,L014,L015,L018,L019,L020,L022,L030,L039,L044,L045,L046,L054,L056,L057,L060,L065,L102,L104,L109,L110,L111,L112,L113,L115,L128,L134,L140,L143,L148,L149,L150,L153,L154,L155,L156,L157,L158,L159,L160,L169,L170,L178,L179,L182",47,57.20353202520032,57.20353202520032,44,"L001,L012,L014,L015,L018,L019,L020,L022,L030,L039,L044,L045,L046,L054,L056,L057,L060,L065,L102,L104,L109,L110,L111,L112,L113,L115,L128,L134,L140,L143,L148,L149,L150,L153,L154,L155,L156,L157,L158,L159,L160,L178,L179,L182",45,True,relay_cascade,
1,20260708,L024->L082,L024,L082,True,False,0.0,0.0,0.0,1.0000000000000002,"L018,L019,L024,L025,L026,L030,L040,L044,L045,L046,L054,L056,L060,L082,L102,L104,L109,L110,L111,L112,L113,L115,L128,L134,L140,L143,L148,L149,L150,L153,L154,L155,L156,L157,L158,L159,L160,L169,L178,L179,L182",41,0.934620762373359,0.934620762373359,0,,39,False,non_critical,
1,20260708,L012->L163,L012,L163,True,False,0.0,0.0,0.0,1.000000000000023,"L012,L018,L163",3,1.0000000000000346,1.0000000000000346,0,,1,False,non_critical,
1,20260708,L185->L073,L185,L073,True,False,0.0,0.0,0.0,1.0000000000000024,"L018,L019,L030,L040,L044,L045,L046,L054,L056,L057,L060,L065,L073,L102,L104,L109,L110,L111,L113,L115,L128,L134,L140,L143,L148,L149,L150,L153,L154,L155,L156,L157,L158,L159,L160,L169,L178,L179,L182,L185,L186",41,0.934620762373359,0.934620762373359,0,,39,False,non_critical,
1,20260708,L145->L095,L145,L095,True,False,0.0,0.0,0.0,1.0000000000000022,"L065,L095,L102,L128,L145,L155,L156",7,2.2515566184318203,2.2515566184318203,2,"L065,L102",5,True,non_critical,
1,20260708,L083->L147,L083,L147,True,True,132.78588574495785,132.78588574495785,0.0,1.0000000000000004,"L018,L019,L030,L040,L044,L045,L046,L054,L056,L060,L083,L102,L104,L109,L110,L111,L112,L113,L115,L128,L129,L130,L131,L132,L134,L140,L143,L147,L149,L150,L153,L154,L155,L156,L157,L158,L159,L160,L169,L178,L179,L182",42,16.0657394991815,16.0657394991815,40,"L018,L019,L030,L040,L044,L045,L046,L054,L056,L060,L102,L104,L109,L110,L111,L112,L113,L115,L128,L129,L130,L131,L132,L134,L140,L143,L149,L150,L153,L154,L155,L156,L157,L158,L159,L160,L169,L178,L179,L182",40,True,relay_cascade,
1,20260708,L167->L091,L167,L091,True,False,0.0,0.0,0.0,1.0000000000000075,"L018,L019,L030,L040,L044,L045,L046,L054,L056,L060,L065,L091,L102,L104,L109,L110,L111,L113,L115,L128,L129,L130,L131,L132,L134,L140,L143,L148,L149,L150,L153,L154,L155,L156,L157,L158,L159,L160,L167,L169,L170,L178,L179,L182",44,0.9346207623733592,0.9346207623733592,0,,42,False,non_critical,
1,20260708,L115->L165,L115,L165,True,False,0.0,0.0,0.0,1.000000000000023,"L115,L165",2,1.1225430007918695,1.1225430007918695,0,,0,False,non_critical,
1,20260708,L058->L071,L058,L071,True,True,107.3892661154242,107.3892661154242,0.0,1.0000000000000024,"L018,L019,L030,L040,L044,L045,L046,L054,L058,L060,L071,L074,L082,L102,L109,L110,L111,L112,L113,L115,L128,L134,L140,L143,L148,L149,L150,L153,L154,L155,L156,L157,L158,L159,L160,L169,L178,L179,L182",39,56.34510666359973,56.34510666359973,37,"L018,L019,L030,L040,L044,L045,L046,L054,L060,L074,L082,L102,L109,L110,L111,L112,L113,L115,L128,L134,L140,L143,L148,L149,L150,L153,L154,L155,L156,L157,L158,L159,L160,L169,L178,L179,L182",37,True,relay_cascade,
1,20260708,L050->L016,L050,L016,True,True,31.514792047850804,31.514792047850804,0.0,1.000000000000001,"L016,L018,L019,L030,L039,L044,L045,L046,L047,L050,L054,L056,L057,L060,L065,L102,L104,L109,L110,L111,L112,L113,L115,L128,L134,L140,L143,L148,L149,L150,L153,L154,L155,L156,L157,L158,L159,L160,L169,L178,L179,L182",42,1.0625909556475854,1.0625909556475854,0,,40,False,island_only,
1,20260708,L136->L109,L136,L109,True,False,0.0,0.0,0.0,1.0000000000000004,"L018,L019,L030,L040,L044,L045,L046,L054,L056,L060,L102,L104,L109,L110,L111,L113,L115,L128,L133,L134,L135,L136,L140,L144,L145,L146,L148,L149,L150,L153,L154,L155,L156,L157,L158,L160,L169,L178,L179,L182",40,0.934620762373359,0.934620762373359,0,,38,False,non_critical,
1,20260708,L026->L004,L026,L004,True,True,62.49242067839912,62.49242067839912,0.0,1.0000000000000042,"L001,L004,L012,L014,L015,L018,L019,L020,L022,L026,L030,L039,L044,L045,L046,L054,L056,L057,L060,L065,L102,L104,L109,L110,L111,L112,L113,L115,L128,L134,L140,L143,L148,L149,L150,L153,L154,L155,L156,L157,L158,L159,L160,L169,L178,L179,L182",47,57.203782274311315,57.203782274311315,45,"L001,L012,L014,L015,L018,L019,L020,L022,L030,L039,L044,L045,L046,L054,L056,L057,L060,L065,L102,L104,L109,L110,L111,L112,L113,L115,L128,L134,L140,L143,L148,L149,L150,L153,L154,L155,L156,L157,L158,L159,L160,L169,L178,L179,L182",45,True,relay_cascade,
1,20260708,L145->L111,L145,L111,True,False,0.0,0.0,0.0,1.000000000000007,"L111,L115,L128,L145,L155,L156",6,1.2775156067337392,1.2775156067337392,1,L115,4,True,non_critical,
1,20260708,L040->L152,L040,L152,True,True,67.88049169901348,67.88049169901348,0.0,1.0000000000000144,"L018,L019,L030,L040,L044,L045,L046,L054,L056,L060,L102,L109,L110,L111,L112,L113,L115,L128,L134,L140,L143,L148,L149,L150,L152,L153,L154,L155,L156,L157,L158,L159,L160,L169,L178,L179,L182",37,16.307084716493204,16.307084716493204,34,"L018,L019,L030,L044,L045,L046,L054,L056,L060,L102,L109,L110,L111,L112,L113,L115,L128,L134,L140,L143,L148,L149,L150,L153,L154,L155,L156,L157,L158,L159,L160,L169,L178,L179",35,True,relay_cascade,
1,20260708,L141->L003,L141,L003,True,False,0.0,0.0,0.0,1.0000000000000184,"L003,L018,L019,L030,L039,L044,L045,L046,L054,L056,L060,L065,L102,L104,L109,L110,L111,L112,L113,L115,L128,L129,L130,L134,L140,L141,L142,L143,L148,L149,L150,L153,L154,L155,L156,L157,L158,L159,L160,L169,L178,L179,L182",43,1.104590022861204,1.104590022861204,0,,41,False,non_critical,
1,20260708,L070->L022,L070,L022,True,True,62.49242067839912,62.49242067839912,0.0,1.0000000000000036,"L018,L019,L020,L022,L030,L039,L044,L045,L046,L054,L056,L060,L070,L077,L078,L082,L102,L104,L109,L110,L111,L112,L113,L115,L128,L134,L140,L143,L148,L149,L150,L153,L154,L155,L156,L157,L158,L159,L160,L169,L178,L179,L182",43,57.76742265105198,57.76742265105198,37,"L018,L019,L020,L030,L039,L044,L045,L046,L054,L056,L060,L104,L109,L110,L111,L112,L113,L115,L128,L134,L140,L143,L148,L149,L150,L153,L154,L155,L156,L157,L158,L159,L160,L169,L178,L179,L182",41,True,relay_cascade,
1,20260708,L132->L154,L132,L154,True,False,0.0,0.0,0.0,1.0000000000000675,"L128,L132,L154,L155,L156",5,2.048517726642366,2.048517726642366,1,L156,3,True,non_critical,
1,20260708,L123->L100,L123,L100,True,False,0.0,0.0,0.0,1.000000000000008,"L100,L102,L115,L123,L128,L155",6,2.2282605801919204,2.2282605801919204,1,L102,4,True,non_critical,
1,20260708,L020->L079,L020,L079,True,False,0.0,0.0,0.0,1.0000000000000675,"L018,L020,L077,L078,L079",5,3.632043973873132,3.632043973873132,2,"L077,L078",3,True,non_critical,
1,20260708,L114->L178,L114,L178,True,False,0.0,0.0,0.0,1.000000000000023,"L114,L115,L178",3,1.0063185108232453,1.0063185108232453,0,,1,False,non_critical,
1,20260708,L102->L040,L102,L040,True,False,0.0,0.0,0.0,1.000000000000005,"L040,L102,L178,L182",4,3.7038679078350345,3.7038679078350345,2,"L178,L182",2,True,non_critical,
1,20260708,L028->L168,L028,L168,True,False,0.0,0.0,0.0,1.0000000000000184,"L018,L019,L025,L026,L028,L030,L044,L045,L046,L054,L056,L060,L102,L104,L109,L110,L111,L112,L113,L114,L115,L128,L134,L140,L143,L148,L149,L150,L153,L154,L155,L156,L157,L158,L159,L160,L168,L169,L178,L179,L182",41,1.1363025093646333,1.1363025093646333,0,,39,False,non_critical,
1,20260708,L154->L084,L154,L084,True,False,0.0,0.0,0.0,1.0000000000000122,"L084,L128,L154,L155",4,1.0217838387293212,1.0217838387293212,0,,2,False,non_critical,
1,20260708,L062->L132,L062,L132,True,False,0.0,0.0,0.0,1.0000000000000675,"L060,L062,L128,L132,L155",5,3.0614304842669027,3.0614304842669027,2,"L128,L155",3,True,non_critical,
1,20260708,L124->L147,L124,L147,True,True,132.78588574495785,132.78588574495785,0.0,1.0000000000000004,"L018,L019,L030,L040,L044,L045,L046,L054,L056,L060,L102,L104,L109,L110,L111,L112,L113,L115,L124,L128,L129,L130,L131,L132,L134,L140,L143,L147,L149,L150,L153,L154,L155,L156,L157,L158,L159,L160,L169,L178,L179,L182",42,16.266108382975585,16.266108382975585,38,"L018,L019,L030,L040,L044,L045,L046,L054,L056,L060,L102,L104,L109,L110,L111,L112,L113,L115,L129,L130,L131,L132,L134,L140,L143,L149,L150,L153,L154,L156,L157,L158,L159,L160,L169,L178,L179,L182",40,True,relay_cascade,
1,20260708,L169->L107,L169,L107,True,True,81.35922639729833,81.35922639729833,0.0,1.0000000000000184,"L018,L019,L030,L040,L044,L045,L046,L054,L056,L060,L063,L064,L065,L091,L102,L104,L106,L107,L109,L110,L111,L112,L113,L115,L126,L127,L128,L134,L140,L143,L148,L149,L153,L154,L155,L156,L157,L158,L159,L160,L169,L178,L179,L182",44,57.65765726552979,57.65765726552979,42,"L018,L019,L030,L040,L044,L045,L046,L054,L056,L060,L063,L064,L065,L091,L102,L104,L106,L109,L110,L111,L112,L113,L115,L126,L127,L128,L134,L140,L143,L148,L149,L153,L154,L155,L156,L157,L158,L159,L160,L178,L179,L182",42,True,relay_cascade,
1,20260708,L073->L145,L073,L145,True,False,0.0,0.0,0.0,1.0000000000000087,"L073,L128,L140,L145,L155,L156,L158",7,11.205176109748603,11.205176109748603,5,"L128,L140,L155,L156,L158",5,True,non_critical,
1,20260708,L056->L083,L056,L083,True,False,0.0,0.0,0.0,1.0000000000000022,"L056,L083",2,1.0028016273187055,1.0028016273187055,0,,0,False,non_critical,
1,20260708,L099->L111,L099,L111,True,False,0.0,0.0,0.0,1.0000000000000009,"L060,L091,L099,L102,L111,L115",6,1.2748662088655585,1.2748662088655585,1,L115,4,True,non_critical,
1,20260708,L102->L174,L102,L174,True,False,0.0,0.0,0.0,1.000000000000023,"L102,L174",2,1.0000000000007336,1.0000000000007336,0,,0,False,non_critical,
1,20260708,L026->L109,L026,L109,True,False,0.0,0.0,0.0,1.0000000000000122,"L026,L109,L111,L128",4,2.1809586738633824,2.1809586738633824,2,"L111,L128",2,True,non_critical,
1,20260708,L182->L151,L182,L151,True,False,0.0,0.0,0.0,1.0000000000000122,"L128,L151,L155,L182",4,8.858091223409748,8.858091223409748,2,"L128,L155",2,True,non_critical,
1,20260708,L020->L105,L020,L105,True,False,0.0,0.0,0.0,1.0000000000000002,"L018,L019,L020,L030,L039,L044,L045,L046,L054,L056,L057,L060,L065,L095,L102,L104,L105,L106,L109,L110,L111,L112,L113,L114,L115,L128,L134,L140,L143,L149,L150,L153,L154,L155,L156,L157,L158,L159,L160,L169,L178,L179,L182",43,51.584335334056725,51.584335334056725,40,"L019,L030,L039,L044,L045,L046,L054,L056,L057,L060,L065,L095,L102,L104,L106,L109,L110,L111,L112,L113,L114,L115,L128,L134,L140,L143,L149,L150,L153,L154,L155,L156,L157,L158,L159,L160,L169,L178,L179,L182",41,True,non_critical,
1,20260708,L116->L071,L116,L071,True,True,70.56694602954055,70.56694602954055,0.0,1.0000000000000369,"L018,L019,L030,L040,L044,L045,L046,L054,L056,L060,L065,L071,L074,L082,L091,L102,L104,L109,L110,L111,L112,L113,L114,L115,L116,L120,L128,L134,L140,L143,L148,L149,L150,L153,L154,L155,L156,L157,L158,L159,L160,L169,L178,L179,L182,L186",46,2.8280840406537355,2.8280840406537355,3,"L074,L082,L091",44,True,relay_cascade,
1,20260708,L179->L147,L179,L147,True,True,43.59265123807146,43.59265123807146,0.0,1.0000000000000004,"L018,L019,L030,L040,L044,L045,L046,L054,L056,L060,L102,L104,L109,L110,L111,L113,L115,L128,L134,L140,L143,L147,L148,L149,L150,L153,L154,L155,L156,L157,L158,L159,L160,L169,L178,L179,L182",37,0.934620762373359,0.934620762373359,0,,35,False,island_only,
1,20260708,L162->L001,L162,L001,True,False,0.0,0.0,0.0,1.0000000000000022,"L001,L128,L155,L162",4,1.0376841906328205,1.0376841906328205,0,,2,False,non_critical,
1,20260708,L046->L132,L046,L132,True,False,0.0,0.0,0.0,1.0000000000000073,"L046,L128,L132,L155,L156,L158",6,5.843020387495024,5.843020387495024,4,"L128,L155,L156,L158",4,True,non_critical,
1,20260708,L043->L105,L043,L105,True,False,0.0,0.0,0.0,1.0000000000000049,"L018,L019,L030,L039,L043,L044,L045,L046,L054,L056,L057,L060,L064,L065,L077,L078,L082,L095,L102,L104,L105,L106,L109,L110,L111,L112,L113,L114,L115,L128,L134,L140,L143,L149,L150,L153,L154,L155,L156,L157,L158,L159,L160,L169,L178,L179,L182",47,51.584335334056725,51.584335334056725,43,"L018,L019,L030,L039,L044,L045,L046,L054,L056,L057,L060,L064,L065,L077,L078,L082,L095,L102,L104,L106,L109,L110,L111,L112,L113,L114,L115,L128,L134,L140,L143,L149,L150,L153,L154,L155,L156,L157,L158,L159,L160,L169,L179",45,True,non_critical,
1,20260708,L161->L157,L161,L157,True,False,0.0,0.0,0.0,1.000000000000023,"L128,L155,L156,L157,L161",5,1.2239096534065819,1.2239096534065819,1,L156,3,True,non_critical,
1,20260708,L047->L013,L047,L013,True,True,0.5644550634935908,0.0,0.5644550634935908,1.0000000000000024,"L013,L018,L019,L030,L039,L044,L045,L046,L047,L054,L056,L057,L060,L102,L109,L110,L111,L112,L113,L115,L128,L134,L140,L143,L148,L149,L150,L153,L154,L155,L156,L157,L158,L159,L160,L169,L178,L179,L182",39,1.0908440161619424,1.0908440161619424,0,,37,False,island_only,
1,20260708,L053->L083,L053,L083,True,False,0.0,0.0,0.0,1.000000000000023,"L053,L083",2,1.002788757329397,1.002788757329397,0,,0,False,non_critical,
1,20260708,L116->L016,L116,L016,True,True,31.514792047850804,31.514792047850804,0.0,1.0000000000000049,"L016,L018,L019,L030,L040,L044,L045,L046,L054,L056,L060,L065,L102,L104,L109,L110,L111,L112,L113,L114,L115,L116,L120,L128,L134,L140,L143,L148,L149,L150,L153,L154,L155,L156,L157,L158,L159,L160,L169,L178,L179,L182,L186",43,1.0147544464112008,1.0147544464112008,0,,41,False,island_only,
1,20260708,L160->L106,L160,L106,True,True,31.890688783719977,31.890688783719977,0.0,1.0000000000000004,"L018,L019,L030,L040,L044,L045,L046,L054,L056,L057,L060,L062,L063,L064,L065,L102,L104,L105,L106,L109,L110,L111,L112,L113,L115,L128,L134,L140,L143,L149,L150,L153,L154,L155,L156,L157,L158,L160,L169,L178,L179,L182",42,15.554483231555906,15.554483231555906,38,"L018,L019,L030,L040,L044,L045,L046,L054,L056,L057,L060,L062,L063,L064,L065,L102,L104,L105,L109,L110,L111,L112,L113,L115,L134,L140,L143,L149,L150,L153,L154,L156,L157,L158,L169,L178,L179,L182",40,True,relay_cascade,
1,20260708,L163->L176,L163,L176,True,False,0.0,0.0,0.0,1.0000000000000184,"L018,L019,L030,L039,L044,L045,L046,L054,L056,L060,L065,L102,L104,L109,L110,L111,L112,L113,L115,L128,L134,L140,L143,L148,L149,L150,L153,L154,L155,L156,L157,L158,L160,L163,L164,L167,L169,L170,L172,L175,L176,L178,L179,L182",44,1.0907310281165576,1.0907310281165576,0,,42,False,non_critical,
1,20260708,L043->L123,L043,L123,True,False,0.0,0.0,0.0,1.000000000000002,"L043,L115,L123,L128,L178,L182",6,5.279483696003373,5.279483696003373,2,"L115,L128",4,True,non_critical,
1,20260708,L036->L040,L036,L040,True,False,0.0,0.0,0.0,1.0000000000000369,"L017,L018,L019,L020,L025,L030,L036,L039,L040,L044,L045,L046,L048,L054,L056,L057,L060,L102,L109,L110,L111,L113,L115,L128,L134,L140,L143,L148,L149,L150,L153,L154,L155,L156,L157,L158,L159,L160,L169,L178,L179,L182",42,0.934620762373359,0.934620762373359,0,,40,False,non_critical,
1,20260708,L038->L178,L038,L178,True,False,0.0,0.0,0.0,1.0000000000000069,"L018,L025,L027,L030,L032,L035,L038,L039,L040,L043,L046,L060,L065,L102,L104,L109,L110,L111,L112,L113,L114,L115,L126,L127,L128,L134,L140,L143,L149,L150,L153,L154,L155,L156,L158,L159,L160,L169,L178,L179,L182,L186",42,1.0403120898335112,1.0403120898335112,0,,40,False,non_critical,
1,20260708,L181->L091,L181,L091,True,False,0.0,0.0,0.0,1.0000000000000229,"L018,L019,L030,L044,L045,L046,L054,L056,L060,L091,L102,L104,L109,L110,L111,L112,L113,L115,L128,L134,L140,L143,L148,L149,L150,L153,L154,L155,L156,L157,L158,L159,L160,L169,L178,L179,L180,L181,L182",39,0.934620762373359,0.934620762373359,0,,37,False,non_critical,
1,20260708,L099->L071,L099,L071,True,True,107.3892661154242,107.3892661154242,0.0,1.0000000000000075,"L018,L019,L030,L040,L044,L045,L046,L054,L056,L060,L071,L074,L078,L082,L091,L099,L102,L109,L110,L111,L112,L113,L115,L128,L134,L140,L143,L148,L149,L150,L153,L154,L155,L156,L157,L158,L159,L160,L169,L178,L179,L182",42,56.44951254063432,56.44951254063432,37,"L018,L019,L030,L040,L044,L045,L046,L054,L056,L074,L078,L082,L109,L110,L111,L112,L113,L115,L128,L134,L140,L143,L148,L149,L150,L153,L154,L155,L156,L157,L158,L159,L160,L169,L178,L179,L182",40,True,relay_cascade,
1,20260708,L013->L157,L013,L157,True,False,0.0,0.0,0.0,1.0000000000000204,"L013,L014,L128,L157",4,2.405074326264822,2.405074326264822,1,L128,2,True,non_critical,
1,20260708,L032->L073,L032,L073,True,False,0.0,0.0,0.0,1.0000000000000038,"L018,L019,L025,L030,L032,L039,L040,L044,L045,L046,L054,L056,L057,L060,L073,L102,L104,L109,L110,L111,L112,L113,L114,L115,L128,L134,L140,L143,L148,L149,L150,L153,L154,L155,L156,L157,L158,L159,L160,L169,L178,L179,L182",43,0.9358404769730952,0.9358404769730952,0,,41,False,non_critical,
1,20260708,L066->L151,L066,L151,True,False,0.0,0.0,0.0,1.0000000000000675,"L066,L102,L128,L151,L155",5,8.857609833266888,8.857609833266888,2,"L128,L155",3,True,non_critical,
1,20260708,L104->L069,L104,L069,True,False,0.0,0.0,0.0,1.000000000000007,"L060,L069,L104,L111,L115",5,1.349132830959426,1.349132830959426,1,L060,3,True,non_critical,
1,20260708,L111->L118,L111,L118,True,True,36.82232008588366,36.82232008588366,0.0,1.0000000000000184,"L018,L019,L044,L045,L046,L054,L056,L060,L102,L104,L109,L110,L111,L112,L113,L114,L115,L118,L128,L134,L140,L143,L148,L149,L150,L153,L154,L155,L156,L157,L158,L159,L160,L169,L178,L179,L182,L186",38,56.67022977400092,56.67022977400092,36,"L018,L019,L044,L045,L046,L054,L056,L060,L102,L104,L109,L110,L112,L113,L114,L115,L128,L134,L140,L143,L148,L149,L150,L153,L154,L155,L156,L157,L158,L159,L160,L169,L178,L179,L182,L186",36,True,relay_cascade,
1,20260708,L088->L003,L088,L003,True,False,0.0,0.0,0.0,1.0000000000000093,"L003,L018,L088",3,2.216471726839284,2.216471726839284,1,L018,1,True,non_critical,
1,20260708,L073->L119,L073,L119,True,True,36.82232008588366,36.82232008588366,0.0,1.000000000000007,"L018,L019,L030,L040,L044,L045,L046,L054,L056,L060,L073,L102,L109,L110,L111,L113,L114,L115,L119,L120,L126,L127,L128,L134,L140,L143,L148,L149,L150,L153,L154,L155,L156,L157,L158,L159,L160,L169,L178,L179,L182,L186",42,57.106189364356744,57.106189364356744,40,"L018,L019,L030,L040,L044,L045,L046,L054,L056,L060,L102,L109,L110,L111,L113,L114,L115,L120,L126,L127,L128,L134,L140,L143,L148,L149,L150,L153,L154,L155,L156,L157,L158,L159,L160,L169,L178,L179,L182,L186",40,True,relay_cascade,
1,20260708,L180->L087,L180,L087,True,False,0.0,0.0,0.0,1.0000000000000007,"L018,L019,L030,L044,L045,L046,L054,L056,L060,L087,L102,L104,L109,L110,L111,L112,L113,L115,L128,L134,L140,L143,L148,L149,L150,L153,L154,L155,L156,L157,L158,L159,L160,L169,L178,L179,L180,L182",38,1.1978406788306983,1.1978406788306983,0,,36,False,non_critical,
1,20260708,L087->L176,L087,L176,True,False,0.0,0.0,0.0,1.0000000000000004,"L018,L019,L030,L040,L044,L045,L046,L054,L056,L060,L077,L078,L079,L087,L102,L109,L110,L111,L112,L113,L115,L128,L134,L140,L143,L148,L149,L150,L153,L154,L155,L156,L157,L158,L159,L160,L169,L176,L178,L179,L182",41,0.934620762373359,0.934620762373359,0,,39,False,non_critical,
1,20260708,L186->L154,L186,L154,True,False,0.0,0.0,0.0,1.0000000000000122,"L128,L154,L155,L186",4,12.350362248922089,12.350362248922089,2,"L128,L155",2,True,non_critical,
1,20260708,L099->L004,L099,L004,True,True,62.49242067839912,62.49242067839912,0.0,1.0,"L001,L004,L012,L014,L015,L018,L019,L020,L022,L030,L040,L044,L045,L046,L054,L056,L057,L060,L065,L091,L099,L102,L104,L109,L110,L111,L112,L113,L115,L128,L134,L140,L143,L148,L149,L150,L153,L154,L155,L156,L157,L158,L159,L160,L169,L178,L179,L182",48,57.27993744679586,57.27993744679586,43,"L001,L012,L014,L015,L018,L019,L020,L022,L030,L040,L044,L045,L046,L054,L056,L057,L065,L104,L109,L110,L111,L112,L113,L115,L128,L134,L140,L143,L148,L149,L150,L153,L154,L155,L156,L157,L158,L159,L160,L169,L178,L179,L182",46,True,relay_cascade,
1,20260708,L071->L032,L071,L032,True,False,0.0,0.0,0.0,1.0000000000000049,"L018,L019,L030,L032,L040,L044,L045,L046,L054,L060,L071,L074,L082,L102,L109,L110,L111,L112,L113,L115,L128,L134,L140,L143,L148,L149,L150,L153,L154,L155,L156,L157,L158,L159,L160,L169,L178,L179,L182",39,1.1944829260710885,1.1944829260710885,0,,37,False,non_critical,
1,20260708,L109->L142,L109,L142,True,False,0.0,0.0,0.0,1.0000000000000122,"L109,L142",2,1.1563129571254758,1.1563129571254758,0,,0,False,non_critical,
1,20260708,L042->L069,L042,L069,True,False,0.0,0.0,0.0,1.0000000000000024,"L018,L019,L030,L042,L044,L045,L046,L054,L056,L060,L069,L102,L104,L109,L110,L111,L112,L113,L115,L128,L134,L140,L143,L148,L149,L150,L153,L154,L155,L156,L157,L158,L159,L160,L169,L178,L179,L182",38,0.934620762373359,0.934620762373359,0,,36,False,non_critical,
1,20260708,L148->L084,L148,L084,True,False,0.0,0.0,0.0,1.0000000000000675,"L084,L128,L148,L155",4,1.0361481401171517,1.0361481401171517,0,,2,False,non_critical,
1,20260708,L105->L125,L105,L125,True,True,13.29825758454548,0.0,13.29825758454548,1.0000000000000004,"L018,L019,L030,L040,L044,L045,L046,L054,L060,L064,L065,L068,L102,L104,L105,L109,L110,L111,L113,L115,L125,L128,L134,L140,L143,L148,L149,L150,L153,L154,L155,L156,L157,L158,L159,L160,L169,L178,L179,L182",40,1.1350592731480162,1.1350592731480162,0,,38,False,island_only,
1,20260708,L049->L160,L049,L160,True,False,0.0,0.0,0.0,1.0000000000000413,"L018,L019,L030,L040,L044,L045,L046,L049,L054,L056,L060,L102,L104,L109,L110,L111,L112,L113,L115,L128,L134,L140,L143,L148,L149,L150,L153,L154,L155,L156,L157,L158,L159,L160,L169,L178,L179,L182",38,0.9346207623733592,0.9346207623733592,0,,36,False,non_critical,
1,20260708,L134->L152,L134,L152,True,True,31.05817161312981,31.05817161312981,0.0,1.0000000000000184,"L018,L019,L030,L039,L044,L045,L046,L054,L056,L060,L065,L102,L104,L109,L110,L111,L112,L113,L115,L128,L134,L140,L143,L148,L149,L150,L152,L153,L154,L155,L156,L157,L158,L159,L160,L169,L178,L179,L182",39,1.2297046538000642,1.2297046538000642,1,L065,37,True,relay_cascade,
1,20260708,L162->L007,L162,L007,True,True,62.49242067839912,62.49242067839912,0.0,1.000000000000001,"L007,L018,L019,L020,L022,L030,L045,L046,L060,L065,L091,L102,L104,L106,L109,L110,L111,L113,L115,L126,L127,L128,L134,L140,L143,L148,L149,L150,L153,L154,L155,L156,L157,L158,L159,L162,L169,L178,L179,L182,L186",41,20.029187184143378,20.029187184143378,37,"L018,L019,L020,L022,L030,L045,L046,L060,L065,L091,L102,L104,L106,L109,L110,L111,L113,L115,L126,L127,L134,L140,L143,L148,L149,L150,L153,L154,L156,L157,L158,L159,L169,L178,L179,L182,L186",39,True,relay_cascade,
1,20260708,L171->L184,L171,L184,True,True,58.47078150222241,58.47078150222241,0.0,1.0000000000000004,"L018,L019,L030,L039,L044,L045,L046,L054,L056,L060,L102,L104,L109,L110,L111,L112,L113,L115,L128,L134,L140,L143,L148,L149,L150,L153,L154,L155,L156,L157,L158,L159,L160,L169,L171,L178,L179,L182,L184",39,57.878206531844114,57.878206531844114,37,"L018,L019,L030,L039,L044,L045,L046,L054,L056,L060,L102,L104,L109,L110,L111,L112,L113,L115,L128,L134,L140,L143,L148,L149,L150,L153,L154,L155,L156,L157,L158,L159,L160,L169,L178,L179,L182",37,True,relay_cascade,
1,20260708,L046->L004,L046,L004,True,True,62.49242067839912,62.49242067839912,0.0,1.0000000000000042,"L001,L004,L012,L014,L015,L018,L019,L020,L022,L030,L039,L044,L045,L046,L054,L056,L057,L060,L065,L102,L104,L109,L110,L111,L112,L113,L115,L128,L134,L140,L143,L148,L149,L150,L153,L154,L155,L156,L157,L158,L159,L160,L169,L178,L179,L182",46,57.20383788840377,57.20383788840377,44,"L001,L012,L014,L015,L018,L019,L020,L022,L030,L039,L044,L045,L054,L056,L057,L060,L065,L102,L104,L109,L110,L111,L112,L113,L115,L128,L134,L140,L143,L148,L149,L150,L153,L154,L155,L156,L157,L158,L159,L160,L169,L178,L179,L182",44,True,relay_cascade,
1,20260708,L041->L036,L041,L036,True,True,25.67010059251546,25.67010059251546,0.0,1.0000000000000049,"L015,L018,L019,L020,L022,L025,L030,L035,L036,L039,L040,L041,L043,L044,L045,L046,L054,L056,L057,L060,L102,L104,L109,L110,L111,L112,L113,L114,L115,L128,L134,L140,L143,L150,L153,L154,L155,L156,L158,L159,L160,L169,L178,L179,L182",45,7.743209086662041,7.743209086662041,3,"L015,L020,L022",43,True,relay_cascade,
1,20260708,L017->L007,L017,L007,True,False,0.0,0.0,0.0,1.0000000000000007,"L007,L017,L018,L019,L030,L039,L040,L044,L045,L046,L054,L056,L060,L102,L104,L109,L110,L111,L112,L113,L115,L128,L134,L140,L143,L148,L149,L150,L153,L154,L155,L156,L157,L158,L159,L160,L169,L178,L179,L182",40,1.3195905462808768,1.3195905462808768,1,L040,38,True,non_critical,
1,20260708,L088->L023,L088,L023,True,True,36.82232008588366,36.82232008588366,0.0,1.000000000000009,"L018,L019,L023,L025,L026,L030,L039,L040,L044,L045,L046,L054,L056,L057,L060,L088,L102,L109,L110,L111,L112,L113,L114,L115,L128,L134,L140,L143,L148,L149,L150,L153,L154,L155,L156,L157,L158,L159,L160,L169,L178,L179,L182",43,60.11894197228567,60.11894197228567,41,"L018,L019,L025,L026,L030,L039,L040,L044,L045,L046,L054,L056,L057,L060,L102,L109,L110,L111,L112,L113,L114,L115,L128,L134,L140,L143,L148,L149,L150,L153,L154,L155,L156,L157,L158,L159,L160,L169,L178,L179,L182",41,True,relay_cascade,
1,20260708,L073->L162,L073,L162,True,False,0.0,0.0,0.0,1.0000000000000122,"L073,L128,L155,L162",4,15.876792820278704,15.876792820278704,2,"L128,L155",2,True,non_critical,
1,20260708,L089->L060,L089,L060,True,False,0.0,0.0,0.0,1.0000000000000087,"L060,L089",2,1.0336534975732365,1.0336534975732365,0,,0,False,non_critical,
1,20260708,L162->L031,L162,L031,True,True,43.337719985057085,43.337719985057085,0.0,1.0000000000000075,"L018,L019,L025,L030,L031,L035,L039,L040,L042,L043,L044,L045,L046,L054,L056,L060,L102,L109,L110,L111,L112,L113,L115,L128,L134,L140,L143,L150,L153,L154,L155,L156,L157,L158,L162,L169,L178,L179,L182",39,13.57080765819072,13.57080765819072,35,"L018,L019,L025,L030,L035,L039,L040,L042,L043,L044,L045,L046,L054,L056,L060,L102,L109,L110,L111,L112,L113,L115,L134,L140,L143,L150,L153,L154,L156,L157,L158,L169,L178,L179,L182",37,True,relay_cascade,
1,20260708,L136->L099,L136,L099,True,False,0.0,0.0,0.0,1.0000000000000009,"L018,L019,L030,L040,L044,L045,L046,L054,L056,L060,L099,L102,L104,L109,L110,L111,L113,L115,L128,L133,L134,L135,L136,L140,L144,L145,L146,L148,L149,L150,L153,L154,L155,L156,L157,L158,L160,L169,L178,L179,L182",41,1.1993380481834832,1.1993380481834832,0,,39,False,non_critical,
1,20260708,L136->L002,L136,L002,True,False,0.0,0.0,0.0,1.0,"L002,L018,L019,L030,L040,L044,L045,L046,L054,L056,L060,L102,L104,L109,L110,L111,L113,L115,L128,L133,L134,L135,L136,L140,L144,L145,L146,L148,L149,L150,L153,L154,L155,L156,L157,L158,L160,L169,L178,L179,L182",41,0.934620762373359,0.934620762373359,0,,39,False,non_critical,
1,20260708,L129->L101,L129,L101,True,False,0.0,0.0,0.0,1.0000000000000024,"L018,L019,L030,L040,L044,L045,L046,L054,L056,L057,L060,L065,L101,L102,L104,L109,L110,L111,L113,L115,L128,L129,L134,L140,L143,L146,L148,L149,L150,L153,L154,L155,L156,L157,L158,L160,L169,L178,L179,L182",40,0.934620762373359,0.934620762373359,0,,38,False,non_critical,
1,20260708,L039->L133,L039,L133,True,True,57.598679982856595,57.598679982856595,0.0,1.0000000000000004,"L018,L019,L030,L039,L040,L044,L045,L046,L054,L056,L060,L102,L104,L109,L110,L111,L112,L113,L115,L128,L133,L134,L140,L143,L148,L149,L150,L153,L154,L155,L156,L157,L158,L159,L160,L169,L178,L179,L182",39,60.51949292361492,60.51949292361492,36,"L018,L019,L030,L040,L044,L045,L046,L054,L056,L060,L102,L104,L109,L110,L111,L112,L113,L115,L128,L134,L140,L143,L148,L149,L150,L153,L154,L155,L156,L157,L158,L159,L160,L169,L179,L182",37,True,relay_cascade,
1,20260708,L080->L037,L080,L037,True,True,77.36714366189312,77.36714366189312,0.0,1.0,"L012,L015,L018,L019,L020,L030,L037,L044,L045,L046,L056,L057,L060,L065,L077,L078,L080,L082,L095,L102,L104,L109,L110,L111,L113,L115,L128,L129,L130,L131,L134,L140,L143,L149,L150,L153,L154,L155,L156,L157,L158,L159,L160,L169,L178,L179,L182",47,60.182210641607156,60.182210641607156,45,"L012,L015,L018,L019,L020,L030,L044,L045,L046,L056,L057,L060,L065,L077,L078,L082,L095,L102,L104,L109,L110,L111,L113,L115,L128,L129,L130,L131,L134,L140,L143,L149,L150,L153,L154,L155,L156,L157,L158,L159,L160,L169,L178,L179,L182",45,True,relay_cascade,
1,20260708,L090->L118,L090,L118,True,True,36.82232008588366,36.82232008588366,0.0,1.0000000000000009,"L018,L019,L030,L040,L044,L045,L046,L054,L056,L060,L065,L090,L091,L092,L102,L109,L110,L111,L113,L114,L115,L118,L128,L134,L140,L143,L148,L149,L150,L153,L154,L155,L156,L157,L158,L159,L160,L169,L178,L179,L182,L186",42,56.67022977400099,56.67022977400099,37,"L018,L019,L030,L040,L044,L045,L046,L054,L056,L060,L065,L109,L110,L111,L113,L114,L115,L128,L134,L140,L143,L148,L149,L150,L153,L154,L155,L156,L157,L158,L159,L160,L169,L178,L179,L182,L186",40,True,relay_cascade,
1,20260708,L045->L181,L045,L181,True,True,64.86680500875443,64.86680500875443,0.0,1.0,"L018,L019,L030,L044,L045,L046,L054,L056,L060,L102,L104,L109,L110,L111,L112,L113,L115,L128,L134,L140,L143,L148,L149,L150,L153,L154,L155,L156,L157,L158,L159,L160,L169,L178,L179,L180,L181,L182",38,57.66114995585252,57.66114995585252,36,"L018,L019,L030,L044,L046,L054,L056,L060,L102,L104,L109,L110,L111,L112,L113,L115,L128,L134,L140,L143,L148,L149,L150,L153,L154,L155,L156,L157,L158,L159,L160,L169,L178,L179,L180,L182",36,True,relay_cascade,
1,20260708,L100->L166,L100,L166,True,False,0.0,0.0,0.0,1.000000000000006,"L100,L102,L166",3,1.00000000000058,1.00000000000058,0,,1,False,non_critical,
1,20260708,L169->L139,L169,L139,True,False,0.0,0.0,0.0,1.000000000000023,"L139,L140,L169",3,4.323117444803366,4.323117444803366,1,L140,1,True,non_critical,
1,20260708,L039->L153,L039,L153,True,True,36.82232008588366,36.82232008588366,0.0,1.0000000000000004,"L018,L019,L030,L039,L040,L044,L045,L046,L054,L056,L060,L102,L104,L109,L110,L111,L112,L113,L115,L128,L134,L140,L143,L148,L149,L150,L153,L154,L155,L156,L157,L158,L159,L160,L169,L178,L179,L182",38,18.622199285399734,18.622199285399734,35,"L018,L019,L030,L040,L044,L045,L046,L054,L056,L060,L102,L104,L109,L110,L111,L112,L113,L115,L128,L134,L140,L143,L148,L149,L150,L154,L155,L156,L157,L158,L159,L160,L169,L179,L182",36,True,relay_cascade,
1,20260708,L081->L024,L081,L024,True,False,0.0,0.0,0.0,1.0000000000000049,"L018,L019,L024,L026,L030,L039,L040,L044,L045,L046,L054,L056,L060,L077,L078,L081,L082,L102,L109,L110,L111,L112,L113,L114,L115,L128,L134,L140,L143,L150,L153,L154,L155,L156,L158,L159,L160,L169,L178,L179,L182",41,59.745774604162506,59.745774604162506,35,"L018,L019,L026,L030,L039,L040,L044,L045,L046,L054,L056,L060,L109,L110,L111,L112,L113,L114,L115,L128,L134,L140,L143,L150,L153,L154,L155,L156,L158,L159,L160,L169,L178,L179,L182",39,True,non_critical,
1,20260708,L063->L168,L063,L168,True,False,0.0,0.0,0.0,1.000000000000023,"L060,L063,L065,L168",4,1.0000000000001341,1.0000000000001341,0,,2,False,non_critical,
1,20260708,L138->L097,L138,L097,True,False,0.0,0.0,0.0,1.000000000000001,"L018,L019,L030,L040,L044,L045,L046,L055,L056,L057,L060,L063,L065,L077,L078,L079,L080,L082,L091,L095,L097,L102,L104,L106,L109,L110,L111,L112,L113,L114,L115,L128,L134,L138,L140,L143,L149,L150,L153,L154,L155,L156,L157,L158,L159,L160,L169,L178,L179,L182",50,60.45190927372935,60.45190927372935,47,"L018,L019,L030,L040,L044,L045,L046,L055,L056,L057,L060,L063,L065,L077,L078,L079,L080,L082,L091,L095,L102,L104,L106,L109,L110,L111,L112,L113,L114,L115,L128,L134,L143,L149,L150,L153,L154,L155,L156,L157,L158,L159,L160,L169,L178,L179,L182",48,True,non_critical,
1,20260708,L068->L001,L068,L001,True,False,0.0,0.0,0.0,1.0000000000000184,"L001,L018,L019,L030,L040,L044,L045,L046,L054,L056,L060,L062,L064,L065,L068,L102,L104,L109,L110,L111,L112,L113,L115,L128,L134,L140,L143,L148,L149,L150,L153,L154,L155,L156,L157,L158,L159,L160,L169,L178,L179,L182",42,0.9495657085547768,0.9495657085547768,0,,40,False,non_critical,
1,20260708,L140->L149,L140,L149,True,False,0.0,0.0,0.0,1.000000000000009,"L128,L140,L149",3,6.008274573987293,6.008274573987293,1,L128,1,True,non_critical,
1,20260708,L140->L116,L140,L116,True,True,88.66318035575341,88.66318035575341,0.0,1.0000000000000004,"L018,L019,L030,L040,L044,L045,L046,L054,L056,L060,L065,L102,L104,L109,L110,L111,L112,L113,L114,L115,L116,L120,L126,L127,L128,L134,L140,L143,L148,L149,L150,L153,L154,L155,L156,L157,L158,L159,L160,L169,L178,L179,L182,L186",44,57.40651656718678,57.40651656718678,42,"L018,L019,L030,L040,L044,L045,L046,L054,L056,L060,L065,L102,L104,L109,L110,L111,L112,L113,L114,L115,L120,L126,L127,L128,L134,L143,L148,L149,L150,L153,L154,L155,L156,L157,L158,L159,L160,L169,L178,L179,L182,L186",42,True,relay_cascade,
1,20260708,L183->L006,L183,L006,True,False,0.0,0.0,0.0,1.0000000000000038,"L006,L018,L019,L030,L044,L045,L046,L056,L057,L060,L065,L095,L102,L104,L109,L110,L111,L113,L115,L128,L134,L140,L143,L149,L150,L153,L154,L155,L156,L157,L158,L159,L160,L169,L178,L179,L182,L183",38,1.058378622769374,1.058378622769374,0,,36,False,non_critical,
1,20260708,L027->L037,L027,L037,True,False,0.0,0.0,0.0,1.000000000000003,"L018,L019,L027,L030,L037,L044,L045,L046,L054,L056,L060,L102,L104,L109,L110,L111,L112,L113,L114,L115,L128,L134,L140,L143,L150,L153,L154,L155,L156,L158,L159,L160,L169,L178,L179,L182",36,1.1612726558502406,1.1612726558502406,0,,34,False,non_critical,
1,20260708,L161->L023,L161,L023,True,True,36.82232008588366,36.82232008588366,0.0,1.0000000000000735,"L018,L019,L023,L025,L026,L030,L040,L044,L045,L046,L054,L056,L057,L060,L102,L104,L109,L110,L111,L112,L113,L115,L128,L134,L140,L143,L148,L149,L150,L153,L154,L155,L156,L157,L158,L161,L169,L178,L179,L182",40,15.927290015907552,15.927290015907552,36,"L018,L019,L025,L026,L030,L040,L044,L045,L046,L054,L056,L057,L060,L102,L104,L109,L110,L111,L112,L113,L115,L134,L140,L143,L148,L149,L150,L153,L154,L156,L157,L158,L169,L178,L179,L182",38,True,relay_cascade,
1,20260708,L100->L120,L100,L120,True,False,0.0,0.0,0.0,1.000000000000023,"L100,L102,L115,L120,L128",5,1.8970840138160234,1.8970840138160234,2,"L115,L128",3,True,non_critical,
1,20260708,L002->L074,L002,L074,True,True,2.8616119104909106,0.0,2.8616119104909106,1.0000000000000369,"L001,L002,L018,L019,L030,L040,L044,L045,L046,L054,L056,L060,L074,L102,L104,L109,L110,L111,L112,L113,L115,L128,L134,L140,L143,L148,L149,L150,L153,L154,L155,L156,L157,L158,L159,L160,L169,L178,L179,L182",40,1.1382377477356538,1.1382377477356538,0,,38,False,island_only,
1,20260708,L084->L061,L084,L061,True,True,70.703891942181,70.703891942181,0.0,1.0000000000000004,"L018,L019,L030,L040,L044,L045,L046,L054,L056,L057,L060,L061,L065,L077,L078,L084,L102,L109,L110,L111,L112,L113,L115,L128,L134,L140,L143,L148,L149,L150,L153,L154,L155,L156,L157,L158,L159,L160,L169,L178,L179,L182",42,57.52598498014833,57.52598498014833,40,"L018,L019,L030,L040,L044,L045,L046,L054,L056,L057,L060,L065,L077,L078,L102,L109,L110,L111,L112,L113,L115,L128,L134,L140,L143,L148,L149,L150,L153,L154,L155,L156,L157,L158,L159,L160,L169,L178,L179,L182",40,True,relay_cascade,
1,20260708,L029->L017,L029,L017,True,True,14.684099265673353,14.684099265673353,0.0,1.0000000000000184,"L017,L018,L019,L025,L026,L029,L030,L044,L045,L046,L054,L056,L060,L102,L104,L109,L110,L111,L112,L113,L114,L115,L128,L134,L140,L143,L148,L149,L150,L153,L154,L155,L156,L157,L158,L159,L160,L169,L178,L179,L182",41,1.1258147890604635,1.1258147890604635,0,,39,False,island_only,
1,20260708,L113->L089,L113,L089,True,False,0.0,0.0,0.0,1.0000000000000029,"L018,L019,L030,L039,L044,L045,L046,L054,L056,L060,L089,L102,L104,L109,L111,L112,L113,L115,L128,L134,L140,L143,L148,L149,L150,L153,L154,L155,L156,L157,L158,L159,L160,L169,L178,L179,L182",37,1.0907310281165576,1.0907310281165576,0,,35,False,non_critical,
1,20260708,L152->L154,L152,L154,True,False,0.0,0.0,0.0,1.0000000000000144,"L018,L019,L030,L040,L044,L045,L046,L054,L056,L060,L102,L109,L110,L111,L112,L113,L115,L128,L134,L140,L143,L148,L149,L150,L152,L153,L154,L155,L156,L157,L158,L159,L160,L169,L178,L179,L182",37,0.934620762373359,0.934620762373359,0,,35,False,non_critical,
1,20260708,L151->L073,L151,L073,True,False,0.0,0.0,0.0,1.000000000000006,"L073,L128,L151,L155",4,1.0040209869985506,1.0040209869985506,0,,2,False,non_critical,
1,20260708,L163->L141,L163,L141,True,False,0.0,0.0,0.0,1.0000000000000184,"L018,L019,L030,L039,L044,L045,L046,L054,L056,L060,L065,L102,L104,L109,L110,L111,L112,L113,L115,L128,L134,L140,L141,L143,L148,L149,L150,L153,L154,L155,L156,L157,L158,L160,L163,L164,L167,L169,L170,L172,L175,L178,L179,L182",44,1.0907310281165576,1.0907310281165576,0,,42,False,non_critical,
1,20260708,L019->L103,L019,L103,True,True,36.82232008588366,36.82232008588366,0.0,1.0000000000000004,"L018,L019,L030,L040,L044,L045,L046,L054,L056,L057,L060,L065,L077,L078,L082,L095,L102,L103,L104,L109,L110,L111,L112,L113,L115,L128,L134,L140,L143,L148,L149,L150,L153,L154,L155,L156,L157,L158,L159,L160,L169,L178,L179,L182",44,57.700024177296356,57.700024177296356,42,"L018,L030,L040,L044,L045,L046,L054,L056,L057,L060,L065,L077,L078,L082,L095,L102,L104,L109,L110,L111,L112,L113,L115,L128,L134,L140,L143,L148,L149,L150,L153,L154,L155,L156,L157,L158,L159,L160,L169,L178,L179,L182",42,True,relay_cascade,
1,20260708,L094->L076,L094,L076,True,False,0.0,0.0,0.0,1.000000000000001,"L018,L019,L030,L040,L044,L045,L046,L048,L053,L055,L056,L057,L060,L065,L073,L075,L076,L077,L078,L080,L082,L084,L091,L092,L094,L095,L100,L101,L102,L104,L109,L111,L112,L113,L115,L128,L134,L140,L143,L148,L149,L150,L153,L154,L155,L156,L157,L158,L159,L160,L169,L178,L179,L182",54,0.9346207623733596,0.9346207623733596,0,,52,False,non_critical,
1,20260708,L081->L060,L081,L060,True,False,0.0,0.0,0.0,1.000000000000023,"L060,L077,L078,L081,L082,L102",6,1.0188167145474998,1.0188167145474998,0,,4,False,non_critical,
1,20260708,L099->L022,L099,L022,True,True,62.49242067839912,62.49242067839912,0.0,1.0000000000000007,"L018,L019,L020,L022,L030,L039,L044,L045,L046,L054,L056,L057,L060,L065,L091,L099,L102,L104,L109,L110,L111,L112,L113,L115,L128,L134,L140,L143,L148,L149,L150,L153,L154,L155,L156,L157,L158,L159,L160,L169,L178,L179,L182",43,57.826893060392926,57.826893060392926,38,"L018,L019,L020,L030,L039,L044,L045,L046,L054,L056,L057,L065,L104,L109,L110,L111,L112,L113,L115,L128,L134,L140,L143,L148,L149,L150,L153,L154,L155,L156,L157,L158,L159,L160,L169,L178,L179,L182",41,True,relay_cascade,
1,20260708,L118->L153,L118,L153,True,False,0.0,0.0,0.0,1.0000000000000049,"L018,L019,L030,L040,L044,L045,L046,L054,L056,L057,L060,L065,L102,L104,L109,L110,L111,L113,L115,L118,L128,L134,L140,L143,L148,L149,L150,L153,L154,L155,L156,L157,L158,L159,L160,L169,L178,L179,L182,L185,L186",41,0.934620762373359,0.934620762373359,0,,39,False,non_critical,
1,20260708,L182->L099,L182,L099,True,False,0.0,0.0,0.0,1.0000000000000062,"L060,L065,L082,L099,L102,L182",6,6.2012616118345845,6.2012616118345845,4,"L060,L065,L082,L102",4,True,non_critical,
1,20260708,L016->L159,L016,L159,True,False,0.0,0.0,0.0,1.0000000000000004,"L016,L018,L019,L030,L039,L044,L045,L046,L054,L056,L057,L060,L102,L109,L110,L111,L112,L113,L115,L128,L134,L140,L143,L148,L149,L150,L153,L154,L155,L156,L157,L158,L159,L160,L169,L178,L179,L182",38,1.0625909556475854,1.0625909556475854,0,,36,False,non_critical,
1,20260708,L027->L057,L027,L057,True,False,0.0,0.0,0.0,1.0000000000000049,"L018,L019,L027,L030,L044,L045,L046,L054,L056,L057,L060,L102,L104,L109,L110,L111,L112,L113,L114,L115,L128,L134,L140,L143,L150,L153,L154,L155,L156,L158,L159,L160,L169,L178,L179,L182",36,1.1612726558502406,1.1612726558502406,0,,34,False,non_critical,
1,20260708,L139->L062,L139,L062,True,False,0.0,0.0,0.0,1.0000000000000184,"L018,L019,L030,L039,L044,L045,L046,L054,L056,L060,L062,L064,L065,L102,L104,L109,L110,L111,L112,L113,L115,L128,L134,L139,L140,L143,L148,L149,L150,L153,L154,L155,L156,L157,L158,L159,L160,L169,L178,L179,L182",41,2.2760144202075656,2.2760144202075656,2,"L064,L065",39,True,non_critical,
1,20260708,L006->L116,L006,L116,True,True,88.66318035575341,88.66318035575341,0.0,1.0000000000000002,"L006,L018,L019,L030,L040,L044,L045,L046,L054,L056,L060,L065,L102,L104,L109,L110,L111,L112,L113,L114,L115,L116,L120,L126,L127,L128,L134,L140,L143,L148,L149,L150,L153,L154,L155,L156,L157,L158,L159,L160,L169,L178,L179,L182,L186",45,57.106189364356744,57.106189364356744,43,"L018,L019,L030,L040,L044,L045,L046,L054,L056,L060,L065,L102,L104,L109,L110,L111,L112,L113,L114,L115,L120,L126,L127,L128,L134,L140,L143,L148,L149,L150,L153,L154,L155,L156,L157,L158,L159,L160,L169,L178,L179,L182,L186",43,True,relay_cascade,
1,20260708,L026->L001,L026,L001,True,False,0.0,0.0,0.0,1.0000000000000122,"L001,L026",2,1.003978833880037,1.003978833880037,0,,0,False,non_critical,
1,20260708,L038->L033,L038,L033,True,True,4.769436142558263,4.769436142558263,0.0,1.0000000000000069,"L018,L025,L027,L030,L032,L033,L035,L038,L039,L040,L043,L046,L060,L065,L102,L104,L109,L110,L111,L112,L113,L114,L115,L126,L127,L128,L134,L140,L143,L149,L150,L153,L154,L155,L156,L158,L159,L160,L169,L178,L179,L182,L186",43,1.0403120898335112,1.0403120898335112,0,,41,False,island_only,
1,20260708,L143->L104,L143,L104,True,False,0.0,0.0,0.0,1.0000000000000029,"L018,L019,L030,L039,L044,L045,L046,L054,L056,L060,L102,L104,L109,L110,L111,L112,L113,L115,L128,L134,L140,L143,L148,L149,L150,L153,L154,L155,L156,L157,L158,L159,L160,L169,L178,L179,L182",37,1.0907310281165576,1.0907310281165576,0,,35,False,non_critical,
1,20260708,L030->L018,L030,L018,True,False,0.0,0.0,0.0,1.0000000000000342,"L018,L030",2,1.013705375731019,1.013705375731019,0,,0,False,non_critical,
1,20260708,L080->L061,L080,L061,True,True,70.703891942181,70.703891942181,0.0,1.0000000000000229,"L018,L019,L030,L040,L044,L045,L046,L054,L056,L057,L060,L061,L065,L080,L102,L104,L109,L110,L111,L112,L113,L115,L128,L134,L140,L143,L148,L149,L150,L153,L154,L155,L156,L157,L158,L159,L160,L169,L178,L179,L182",41,57.591185922868895,57.591185922868895,39,"L018,L019,L030,L040,L044,L045,L046,L054,L056,L057,L060,L065,L102,L104,L109,L110,L111,L112,L113,L115,L128,L134,L140,L143,L148,L149,L150,L153,L154,L155,L156,L157,L158,L159,L160,L169,L178,L179,L182",39,True,relay_cascade,
1,20260708,L098->L073,L098,L073,True,False,0.0,0.0,0.0,1.0000000000000013,"L060,L073,L091,L098,L102",5,1.0008870485108012,1.0008870485108012,0,,3,False,non_critical,
1,20260708,L171->L002,L171,L002,True,False,0.0,0.0,0.0,1.000000000000023,"L002,L171",2,1.1173990336134874,1.1173990336134874,0,,0,False,non_critical,
1,20260708,L118->L035,L118,L035,True,True,23.91687820767109,23.91687820767109,0.0,1.0000000000000049,"L018,L019,L030,L035,L040,L044,L045,L046,L054,L056,L057,L060,L065,L102,L104,L109,L110,L111,L113,L115,L118,L128,L134,L140,L143,L148,L149,L150,L153,L154,L155,L156,L157,L158,L159,L160,L169,L178,L179,L182,L185,L186",42,0.934620762373359,0.934620762373359,0,,40,False,island_only,
1,20260708,L122->L083,L122,L083,True,False,0.0,0.0,0.0,1.000000000000023,"L083,L122,L128",3,1.0026372863705306,1.0026372863705306,0,,1,False,non_critical,
1,20260708,L126->L090,L126,L090,True,True,126.01555459277004,126.01555459277004,0.0,1.0000000000000036,"L018,L019,L030,L040,L044,L045,L046,L054,L056,L057,L060,L065,L077,L078,L082,L089,L090,L091,L092,L095,L102,L104,L109,L110,L111,L112,L113,L115,L126,L128,L129,L130,L131,L132,L134,L135,L140,L143,L148,L149,L150,L153,L154,L155,L156,L157,L158,L159,L160,L169,L178,L179,L182,L186",54,59.25746804038934,59.25746804038934,50,"L018,L019,L030,L040,L044,L045,L046,L054,L056,L057,L060,L065,L077,L078,L082,L089,L091,L092,L095,L102,L104,L109,L110,L111,L112,L113,L129,L130,L131,L132,L134,L135,L140,L143,L148,L149,L150,L153,L154,L155,L156,L157,L158,L159,L160,L169,L178,L179,L182,L186",52,True,relay_cascade,
1,20260708,L150->L043,L150,L043,True,False,0.0,0.0,0.0,1.0000000000000038,"L043,L150,L155,L156,L182",5,5.384830932539053,5.384830932539053,1,L182,3,True,non_critical,
1,20260708,L057->L092,L057,L092,True,False,0.0,0.0,0.0,1.000000000000023,"L057,L060,L065,L082,L091,L092,L102",7,1.6653643892788264,1.6653643892788264,5,"L060,L065,L082,L091,L102",5,True,non_critical,
1,20260708,L021->L065,L021,L065,True,False,0.0,0.0,0.0,1.0000000000000007,"L018,L019,L021,L024,L025,L026,L039,L040,L044,L045,L046,L048,L054,L060,L065,L102,L104,L109,L110,L111,L112,L113,L115,L128,L129,L130,L131,L132,L134,L140,L143,L149,L150,L153,L154,L155,L156,L157,L158,L159,L160,L169,L178,L179,L182",45,1.1066078411090314,1.1066078411090314,0,,43,False,non_critical,
1,20260708,L176->L149,L176,L149,True,False,0.0,0.0,0.0,1.0000000000000184,"L018,L019,L030,L039,L044,L045,L046,L054,L056,L060,L065,L102,L104,L109,L110,L111,L112,L113,L115,L128,L134,L140,L143,L148,L149,L150,L153,L154,L155,L156,L157,L158,L160,L169,L176,L178,L179,L182",38,1.0907310281165576,1.0907310281165576,0,,36,False,non_critical,
1,20260708,L103->L033,L103,L033,True,True,72.78082325411671,72.78082325411671,0.0,1.0000000000000007,"L018,L019,L030,L033,L039,L040,L043,L044,L045,L046,L054,L056,L060,L102,L103,L104,L109,L110,L111,L112,L113,L114,L115,L128,L134,L140,L143,L148,L149,L150,L153,L154,L155,L156,L157,L158,L159,L160,L169,L178,L179,L180,L182",43,56.77774859864665,56.77774859864665,40,"L018,L019,L030,L039,L040,L043,L044,L045,L046,L054,L056,L060,L104,L109,L110,L111,L112,L113,L114,L115,L128,L134,L140,L143,L148,L149,L150,L153,L154,L155,L156,L157,L158,L159,L160,L169,L178,L179,L180,L182",41,True,relay_cascade,
1,20260708,L052->L049,L052,L049,True,True,36.82232008588366,36.82232008588366,0.0,1.0000000000000275,"L018,L019,L030,L040,L044,L045,L046,L049,L052,L054,L060,L102,L104,L109,L110,L111,L112,L113,L115,L128,L134,L140,L143,L148,L149,L150,L153,L154,L155,L156,L157,L158,L159,L160,L169,L178,L179,L182",38,58.825906910022525,58.825906910022525,36,"L018,L019,L030,L040,L044,L045,L046,L054,L060,L102,L104,L109,L110,L111,L112,L113,L115,L128,L134,L140,L143,L148,L149,L150,L153,L154,L155,L156,L157,L158,L159,L160,L169,L178,L179,L182",36,True,relay_cascade,
1,20260708,L145->L068,L145,L068,True,True,167.70152188985676,167.70152188985676,0.0,1.0000000000000024,"L018,L019,L030,L040,L044,L045,L046,L054,L060,L062,L064,L065,L068,L102,L109,L110,L111,L112,L113,L114,L115,L128,L134,L140,L143,L144,L145,L146,L149,L150,L153,L154,L155,L156,L157,L158,L159,L160,L169,L178,L179,L182",42,11.408610432640163,11.408610432640163,37,"L018,L019,L030,L040,L044,L045,L046,L054,L060,L062,L064,L065,L102,L109,L110,L111,L112,L113,L114,L115,L134,L140,L143,L144,L146,L149,L150,L153,L154,L157,L158,L159,L160,L169,L178,L179,L182",40,True,relay_cascade,
1,20260708,L109->L059,L109,L059,True,True,55.16881804675853,55.16881804675853,0.0,1.0000000000000004,"L018,L019,L030,L040,L044,L045,L046,L054,L056,L057,L059,L060,L102,L109,L110,L111,L112,L113,L115,L128,L134,L140,L143,L148,L149,L150,L153,L154,L155,L156,L157,L158,L159,L160,L169,L178,L179,L182",38,58.085919272540245,58.085919272540245,36,"L018,L019,L030,L040,L044,L045,L046,L054,L056,L057,L060,L102,L110,L111,L112,L113,L115,L128,L134,L140,L143,L148,L149,L150,L153,L154,L155,L156,L157,L158,L159,L160,L169,L178,L179,L182",36,True,relay_cascade,
1,20260708,L143->L050,L143,L050,True,False,0.0,0.0,0.0,1.0000000000000029,"L018,L019,L030,L039,L044,L045,L046,L050,L054,L056,L060,L102,L104,L109,L110,L111,L112,L113,L115,L128,L134,L140,L143,L148,L149,L150,L153,L154,L155,L156,L157,L158,L159,L160,L169,L178,L179,L182",38,1.0907310281165576,1.0907310281165576,0,,36,False,non_critical,
1,20260708,L036->L177,L036,L177,True,False,0.0,0.0,0.0,1.0000000000000369,"L017,L018,L019,L020,L025,L030,L036,L039,L044,L045,L046,L048,L054,L056,L057,L060,L102,L109,L110,L111,L113,L115,L128,L134,L140,L143,L148,L149,L150,L153,L154,L155,L156,L157,L158,L159,L160,L169,L177,L178,L179,L182",42,0.934620762373359,0.934620762373359,0,,40,False,non_critical,
1,20260708,L090->L077,L090,L077,True,False,0.0,0.0,0.0,1.0000000000000342,"L077,L090,L091,L092,L102",5,1.00300040287353,1.00300040287353,0,,3,False,non_critical,
1,20260708,L060->L005,L060,L005,True,True,36.82232008588366,36.82232008588366,0.0,1.0,"L005,L012,L015,L018,L019,L030,L039,L044,L045,L046,L054,L056,L057,L060,L102,L109,L110,L111,L112,L113,L115,L128,L134,L140,L143,L148,L149,L150,L153,L154,L155,L156,L157,L158,L159,L160,L169,L178,L179,L182",40,57.68231811532455,57.68231811532455,38,"L012,L015,L018,L019,L030,L039,L044,L045,L046,L054,L056,L057,L102,L109,L110,L111,L112,L113,L115,L128,L134,L140,L143,L148,L149,L150,L153,L154,L155,L156,L157,L158,L159,L160,L169,L178,L179,L182",38,True,relay_cascade,
1,20260708,L125->L058,L125,L058,True,True,39.394282058575264,36.82232008588366,2.5719619726916054,1.0000000000000004,"L018,L019,L030,L040,L044,L045,L046,L054,L057,L058,L060,L065,L077,L078,L082,L091,L095,L102,L104,L109,L110,L111,L112,L113,L114,L115,L125,L128,L134,L140,L143,L148,L149,L150,L153,L154,L155,L156,L157,L158,L160,L169,L178,L179,L182",45,8.870360411485361,8.870360411485361,41,"L018,L019,L030,L040,L044,L045,L046,L054,L057,L060,L065,L077,L078,L082,L091,L095,L102,L104,L109,L110,L111,L112,L113,L114,L115,L134,L140,L143,L148,L149,L150,L153,L154,L156,L157,L158,L160,L169,L178,L179,L182",43,True,relay_cascade,
1,20260708,L119->L015,L119,L015,True,False,0.0,0.0,0.0,1.0000000000000047,"L015,L018,L115,L119,L128,L155,L186",7,1.4174663019474782,1.4174663019474782,1,L018,5,True,non_critical,
1,20260708,L013->L092,L013,L092,True,True,2.8616119104909132,0.0,2.8616119104909132,1.0000000000000675,"L013,L014,L060,L065,L074,L082,L091,L092,L102",9,2.0556466044715402,2.0556466044715402,6,"L060,L065,L074,L082,L091,L102",7,True,relay_cascade,
1,20260708,L164->L089,L164,L089,True,False,0.0,0.0,0.0,1.0000000000000122,"L089,L164",2,1.1385129161441996,1.1385129161441996,0,,0,False,non_critical,
