seed,rank,path,score,first_probability,second_probability
20260722,1,L28->L25,0.8307527899742126,0.8709284663200378,0.9538702964782716
20260722,2,L28->L26,0.8307527899742126,0.8709284663200378,0.9538702964782716
20260722,3,L28->L24,0.824607789516449,0.8709284663200378,0.9468145966529846
20260722,4,L10->L01,0.7959035038948059,0.8337473273277283,0.9546099305152892
20260722,5,L28->L27,0.785714328289032,0.8709284663200378,0.9021571278572084
20260722,6,L10->L09,0.7844217419624329,0.8337473273277283,0.9408386945724488
20260722,7,L25->L28,0.7835388779640198,0.8441300988197327,0.928220510482788
20260722,8,L26->L28,0.7835388779640198,0.8441300988197327,0.928220510482788
20260722,9,L10->L15,0.781994640827179,0.8337473273277283,0.9379276037216188
20260722,10,L10->L17,0.7804936170578003,0.8337473273277283,0.9361273050308228
20260722,11,L28->L38,0.7798953652381897,0.8709284663200378,0.8954758048057556
20260722,12,L10->L14,0.7791128158569336,0.8337473273277283,0.9344711303710938
20260722,13,L10->L08,0.7785049080848694,0.8337473273277283,0.9337420463562012
20260722,14,L10->L16,0.7774834036827087,0.8337473273277283,0.9325168132781982
20260722,15,L10->L02,0.7771694660186768,0.8337473273277283,0.932140290737152
20260722,16,L27->L23,0.7722959518432617,0.8124850988388062,0.950535535812378
20260722,17,L10->L05,0.7715184092521667,0.8337473273277283,0.9253624081611632
20260722,18,L10->L07,0.7676643133163452,0.8337473273277283,0.920739769935608
20260722,19,L25->L26,0.766309380531311,0.8441300988197327,0.907809555530548
20260722,20,L26->L25,0.766309380531311,0.8441300988197327,0.907809555530548
20260722,21,L10->L03,0.7650280594825745,0.8337473273277283,0.9175778031349182
20260722,22,L27->L28,0.7612650394439697,0.8124850988388062,0.9369587898254396
20260722,23,L10->L04,0.7576117515563965,0.8337473273277283,0.9086827039718628
20260722,24,L10->L27,0.7535535097122192,0.8337473273277283,0.90381520986557
20260722,25,L28->L23,0.7524992227554321,0.8709284663200378,0.8640195727348328
20260722,26,L25->L23,0.7511195540428162,0.8441300988197327,0.8898149132728577
20260722,27,L26->L23,0.7511195540428162,0.8441300988197327,0.8898149132728577
20260722,28,L10->L18,0.7502190470695496,0.8337473273277283,0.8998158574104309
20260722,29,L21->L23,0.7447263598442078,0.8205744624137878,0.9075670838356018
20260722,30,L17->L16,0.7435842752456665,0.8585318326950073,0.8661114573478699
20260722,31,L27->L24,0.7435149550437927,0.8124850988388062,0.9151121377944946
20260722,32,L23->L18,0.740128219127655,0.8644265532493591,0.8562071919441223
20260722,33,L10->L28,0.7395126819610596,0.8337473273277283,0.886974573135376
20260722,34,L10->L21,0.7393707633018494,0.8337473273277283,0.8868043422698975
20260722,35,L10->L23,0.7389970421791077,0.8337473273277283,0.8863561153411865
20260722,36,L10->L20,0.7369579076766968,0.8337473273277283,0.8839103579521179
20260722,37,L27->L16,0.7366726994514465,0.8124850988388062,0.9066907167434692
20260722,38,L23->L17,0.7361566424369812,0.8644265532493591,0.8516127467155457
20260722,39,L27->L19,0.735785186290741,0.8124850988388062,0.9055983424186708
20260722,40,L21->L28,0.734515905380249,0.8205744624137878,0.8951240181922913
20260722,41,L17->L18,0.7342928647994995,0.8585318326950073,0.8552890419960022
20260722,42,L27->L14,0.7340303659439087,0.8124850988388062,0.9034385681152344
20260722,43,L25->L30,0.7298348546028137,0.8441300988197327,0.8645999431610107
20260722,44,L26->L30,0.7298348546028137,0.8441300988197327,0.8645999431610107
20260722,45,L27->L17,0.7284677028656006,0.8124850988388062,0.8965920805931091
20260722,46,L27->L15,0.7255670428276062,0.8124850988388062,0.8930219411849976
20260722,47,L10->L25,0.725538969039917,0.8337473273277283,0.8702144622802734
20260722,48,L10->L26,0.725538969039917,0.8337473273277283,0.8702144622802734
20260722,49,L17->L15,0.7253117561340332,0.8585318326950073,0.8448280096054077
20260722,50,L27->L21,0.7233076095581055,0.8124850988388062,0.8902410864830017
20260722,51,L16->L17,0.7227300405502319,0.8490318655967712,0.8512402176856995
20260722,52,L10->L06,0.7213544249534607,0.8337473273277283,0.8651955127716064
20260722,53,L27->L06,0.7199541926383972,0.8124850988388062,0.886113703250885
20260722,54,L27->L29,0.718807578086853,0.8124850988388062,0.8847024440765381
20260722,55,L07->L23,0.7186355590820312,0.7554130554199219,0.9513147473335266
20260722,56,L10->L12,0.7184500098228455,0.8337473273277283,0.8617119193077087
20260722,57,L18->L28,0.7137384414672852,0.8009834289550781,0.8910776972770691
20260722,58,L23->L21,0.7135642766952515,0.8644265532493591,0.8254770636558533
20260722,59,L12->L17,0.7125858068466187,0.7855491042137146,0.9071180820465088
20260722,60,L10->L13,0.7117273211479187,0.8337473273277283,0.8536487221717834
20260722,61,L27->L10,0.7111751437187195,0.8124850988388062,0.8753085732460022
20260722,62,L28->L07,0.7103492617607117,0.8709284663200378,0.8156229853630066
20260722,63,L15->L17,0.7102168798446655,0.8225339651107788,0.8634499311447144
20260722,64,L23->L15,0.7091032266616821,0.8644265532493591,0.8203163146972656
20260722,65,L07->L28,0.7082902193069458,0.7554130554199219,0.9376197457313538
20260722,66,L21->L27,0.7079985737800598,0.8205744624137878,0.8628084063529968
20260722,67,L10->L19,0.7070536613464355,0.8337473273277283,0.8480430841445923
20260722,68,L21->L25,0.7067129611968994,0.8205744624137878,0.8612416982650757
20260722,69,L21->L26,0.7067129611968994,0.8205744624137878,0.8612416982650757
20260722,70,L12->L13,0.7064173221588135,0.7855491042137146,0.8992656469345093
20260722,71,L12->L16,0.7046316862106323,0.7855491042137146,0.896992564201355
20260722,72,L28->L32,0.7018769979476929,0.8709284663200378,0.8058950901031494
20260722,73,L28->L33,0.7018769383430481,0.8709284663200378,0.8058950304985046
20260722,74,L18->L23,0.6956682205200195,0.8009834289550781,0.8685176372528076
20260722,75,L27->L22,0.6940932273864746,0.8124850988388062,0.8542842268943787
20260722,76,L27->L25,0.6924344301223755,0.8124850988388062,0.852242648601532
20260722,77,L27->L26,0.6924344301223755,0.8124850988388062,0.852242648601532
20260722,78,L25->L27,0.6923865675926208,0.8441300988197327,0.8202368021011353
20260722,79,L26->L27,0.6923865675926208,0.8441300988197327,0.8202368021011353
20260722,80,L07->L24,0.6921405792236328,0.7554130554199219,0.9162412285804749
20260722,81,L23->L22,0.6906268000602722,0.8644265532493591,0.7989421486854553
20260722,82,L16->L20,0.6883532404899597,0.8490318655967712,0.8107507824897766
20260722,83,L14->L16,0.6879111528396606,0.8089041709899902,0.8504235148429871
20260722,84,L27->L30,0.6872778534889221,0.8124850988388062,0.8458959460258484
20260722,85,L16->L21,0.6859924793243408,0.8490318655967712,0.8079702258110046
20260722,86,L14->L17,0.685531497001648,0.8089041709899902,0.8474817276000977
20260722,87,L15->L18,0.6853187084197998,0.8225339651107788,0.8331798315048218
20260722,88,L07->L16,0.6848921179771423,0.7554130554199219,0.906645894050598
20260722,89,L07->L19,0.6841796040534973,0.7554130554199219,0.9057026505470276
20260722,90,L38->L28,0.6837460994720459,0.7901803255081177,0.8653038740158081
20260722,91,L07->L14,0.6816396713256836,0.7554130554199219,0.9023403525352478
20260722,92,L18->L25,0.6809329390525818,0.8009834289550781,0.8501211404800415
20260722,93,L18->L26,0.6809329390525818,0.8009834289550781,0.8501211404800415
20260722,94,L17->L23,0.6807094216346741,0.8585318326950073,0.7928761839866638
20260722,95,L16->L15,0.6798980236053467,0.8490318655967712,0.8007920980453491
20260722,96,L21->L16,0.6796598434448242,0.8205744624137878,0.8282731771469116
20260722,97,L10->L11,0.679277777671814,0.8337473273277283,0.8147285580635071
20260722,98,L23->L10,0.677832305431366,0.8644265532493591,0.7841410040855408
20260722,99,L13->L28,0.6776865720748901,0.7620704174041748,0.8892703056335449
20260722,100,L21->L19,0.6772585511207581,0.8205744624137878,0.825346827507019
20260722,101,L07->L17,0.6772580146789551,0.7554130554199219,0.8965399861335754
20260722,102,L21->L22,0.6769399642944336,0.8205744624137878,0.8249586224555969
20260722,103,L15->L10,0.6769171357154846,0.8225339651107788,0.8229655623435974
20260722,104,L25->L38,0.676275372505188,0.8441300988197327,0.8011506199836731
20260722,105,L26->L38,0.676275372505188,0.8441300988197327,0.8011506199836731
20260722,106,L10->L22,0.675929069519043,0.8337473273277283,0.8107121586799622
20260722,107,L28->L17,0.6756483316421509,0.8709284663200378,0.7757793664932251
20260722,108,L17->L36,0.67402583360672,0.8585318326950073,0.7850912809371948
20260722,109,L17->L37,0.67402583360672,0.8585318326950073,0.7850912809371948
20260722,110,L07->L15,0.673689603805542,0.7554130554199219,0.8918161988258362
20260722,111,L07->L21,0.6724436283111572,0.7554130554199219,0.8901668190956116
20260722,112,L38->L23,0.67204749584198,0.7901803255081177,0.8504989147186279
20260722,113,L28->L30,0.6720308661460876,0.8709284663200378,0.7716257572174072
20260722,114,L27->L18,0.6719927191734314,0.8124850988388062,0.8270831108093262
20260722,115,L10->L38,0.67182457447052,0.8337473273277283,0.8057891726493835
20260722,116,L12->L10,0.6706849932670593,0.7855491042137146,0.8537785410881042
20260722,117,L23->L20,0.6700848937034607,0.8644265532493591,0.7751784920692444
20260722,118,L15->L16,0.6696847081184387,0.8225339651107788,0.8141727447509766
20260722,119,L07->L29,0.6692943572998047,0.7554130554199219,0.8859978318214417
20260722,120,L14->L15,0.6679663062095642,0.8089041709899902,0.825766921043396
20260722,121,L25->L31,0.6674442887306213,0.8441300988197327,0.7906888723373413
20260722,122,L26->L31,0.6674442887306213,0.8441300988197327,0.7906888723373413
20260722,123,L28->L16,0.6672833561897278,0.8709284663200378,0.7661746740341187
20260722,124,L07->L06,0.6672096252441406,0.7554130554199219,0.8832381367683411
20260722,125,L14->L10,0.6670793294906616,0.8089041709899902,0.8246704339981079
20260722,126,L17->L14,0.6664610505104065,0.8585318326950073,0.7762799859046936
20260722,127,L31->L25,0.6664023995399475,0.7385841012001038,0.9022701978683472
20260722,128,L31->L26,0.6664023995399475,0.7385841012001038,0.9022701978683472
20260722,129,L13->L23,0.6659824252128601,0.7620704174041748,0.8739119172096252
20260722,130,L12->L18,0.664442777633667,0.7855491042137146,0.8458322286605835
20260722,131,L31->L38,0.6643446683883667,0.7385841012001038,0.8994841575622559
20260722,132,L25->L16,0.6631644368171692,0.8441300988197327,0.785618782043457
20260722,133,L26->L16,0.6631644368171692,0.8441300988197327,0.785618782043457
20260722,134,L23->L19,0.6628085374832153,0.8644265532493591,0.7667609453201294
20260722,135,L21->L38,0.6627944707870483,0.8205744624137878,0.8077200651168823
20260722,136,L27->L38,0.6618370413780212,0.8124850988388062,0.8145835995674133
20260722,137,L16->L14,0.6614886522293091,0.8490318655967712,0.7791093587875366
20260722,138,L14->L20,0.6613566279411316,0.8089041709899902,0.8175957798957825
20260722,139,L07->L10,0.6613003611564636,0.7554130554199219,0.8754156231880188
20260722,140,L15->L14,0.6593132019042969,0.8225339651107788,0.8015635013580322
20260722,141,L21->L20,0.6561130881309509,0.8205744624137878,0.7995777726173401
20260722,142,L25->L17,0.6556710600852966,0.8441300988197327,0.7767417430877686
20260722,143,L26->L17,0.6556710600852966,0.8441300988197327,0.7767417430877686
20260722,144,L23->L16,0.655644416809082,0.8644265532493591,0.75847327709198
20260722,145,L14->L21,0.6556097865104675,0.8089041709899902,0.8104913234710693
20260722,146,L27->L09,0.654596209526062,0.8124850988388062,0.8056716322898865
20260722,147,L12->L21,0.6536945700645447,0.7855491042137146,0.832149863243103
20260722,148,L17->L08,0.6523460149765015,0.8585318326950073,0.7598390579223633
20260722,149,L30->L25,0.6521585583686829,0.7603375315666199,0.8577224612236023
20260722,150,L30->L26,0.6521585583686829,0.7603375315666199,0.8577224612236023
20260722,151,L27->L20,0.6520759463310242,0.8124850988388062,0.8025697469711304
20260722,152,L31->L28,0.6516294479370117,0.7385841012001038,0.8822684288024902
20260722,153,L18->L27,0.6510842442512512,0.8009834289550781,0.8128560781478882
20260722,154,L17->L03,0.6504979729652405,0.8585318326950073,0.7576864957809448
20260722,155,L17->L10,0.6503005027770996,0.8585318326950073,0.7574564814567566
20260722,156,L17->L12,0.6493468284606934,0.8585318326950073,0.7563456296920776
20260722,157,L17->L28,0.6492838263511658,0.8585318326950073,0.7562722563743591
20260722,158,L08->L17,0.6489664912223816,0.6980121731758118,0.9297352433204652
20260722,159,L13->L25,0.6487894654273987,0.7620704174041748,0.8513510823249817
20260722,160,L13->L26,0.6487894654273987,0.7620704174041748,0.8513510823249817
20260722,161,L21->L14,0.648481547832489,0.8205744624137878,0.7902775406837463
20260722,162,L17->L21,0.6483498811721802,0.8585318326950073,0.7551844120025635
20260722,163,L12->L20,0.6473320126533508,0.7855491042137146,0.8240503668785095
20260722,164,L28->L10,0.6470269560813904,0.8709284663200378,0.7429162859916687
20260722,165,L12->L15,0.6460306644439697,0.7855491042137146,0.8223937749862671
20260722,166,L27->L11,0.6460219621658325,0.8124850988388062,0.7951185703277588
20260722,167,L27->L08,0.6456746459007263,0.8124850988388062,0.7946910262107849
20260722,168,L07->L25,0.6456440091133118,0.7554130554199219,0.8546900153160095
20260722,169,L07->L26,0.6456440091133118,0.7554130554199219,0.8546900153160095
20260722,170,L07->L22,0.645337700843811,0.7554130554199219,0.8542845845222473
20260722,171,L08->L16,0.6444239616394043,0.6980121731758118,0.9232274293899536
20260722,172,L25->L19,0.6441969871520996,0.8441300988197327,0.7631489038467407
20260722,173,L26->L19,0.6441969871520996,0.8441300988197327,0.7631489038467407
20260722,174,L23->L07,0.6439580917358398,0.8644265532493591,0.7449541091918945
20260722,175,L21->L07,0.6438408493995667,0.8205744624137878,0.784622073173523
20260722,176,L21->L30,0.6437721252441406,0.8205744624137878,0.7845383286476135
20260722,177,L27->L31,0.6436932682991028,0.8124850988388062,0.7922524213790894
20260722,178,L17->L11,0.6434065699577332,0.8585318326950073,0.749426543712616
20260722,179,L15->L36,0.6431913375854492,0.8225339651107788,0.7819632887840271
20260722,180,L15->L37,0.6431913375854492,0.8225339651107788,0.7819632887840271
20260722,181,L23->L03,0.6425365209579468,0.8644265532493591,0.7433095574378967
20260722,182,L23->L27,0.6422904133796692,0.8644265532493591,0.7430248856544495
20260722,183,L10->L36,0.6419398784637451,0.8337473273277283,0.7699453830718994
20260722,184,L10->L37,0.6419398784637451,0.8337473273277283,0.7699453830718994
20260722,185,L10->L30,0.6417672038078308,0.8337473273277283,0.7697382569313049
20260722,186,L18->L38,0.641384482383728,0.8009834289550781,0.8007462620735168
20260722,187,L30->L24,0.6396084427833557,0.7603375315666199,0.8412164449691772
20260722,188,L26->L32,0.6395882964134216,0.8441300988197327,0.7576892375946045
20260722,189,L26->L33,0.6395882964134216,0.8441300988197327,0.7576892375946045
20260722,190,L25->L32,0.6395882368087769,0.8441300988197327,0.7576891779899597
20260722,191,L25->L33,0.6395882368087769,0.8441300988197327,0.7576891779899597
20260722,192,L27->L02,0.6395756602287292,0.8124850988388062,0.787184476852417
20260722,193,L07->L30,0.639549195766449,0.7554130554199219,0.8466218113899231
20260722,194,L08->L10,0.6391292214393616,0.6980121731758118,0.9156419634819032
20260722,195,L31->L30,0.6390801072120667,0.7385841012001038,0.8652773499488831
20260722,196,L31->L23,0.6381992101669312,0.7385841012001038,0.8640846610069275
20260722,197,L12->L03,0.6373792290687561,0.7855491042137146,0.8113805055618286
20260722,198,L28->L21,0.6366297006607056,0.8709284663200378,0.7309781908988953
20260722,199,L28->L31,0.6364336609840393,0.8709284663200378,0.7307530641555786
20260722,200,L19->L17,0.634492814540863,0.7600938081741333,0.8347559571266174
20260722,201,L28->L03,0.6342569589614868,0.8709284663200378,0.7282537817955017
20260722,202,L31->L27,0.6339985728263855,0.7385841012001038,0.8583972454071045
20260722,203,L25->L10,0.6331496238708496,0.8441300988197327,0.7500616908073425
20260722,204,L26->L10,0.6331496238708496,0.8441300988197327,0.7500616908073425
20260722,205,L16->L03,0.6327008605003357,0.8490318655967712,0.7452027201652527
20260722,206,L16->L10,0.6321989297866821,0.8490318655967712,0.7446115612983704
20260722,207,L18->L17,0.6315999627113342,0.8009834289550781,0.7885306477546692
20260722,208,L13->L27,0.6304200291633606,0.7620704174041748,0.8272464275360107
20260722,209,L21->L17,0.6302288770675659,0.8205744624137878,0.7680337429046631
20260722,210,L15->L23,0.6296249628067017,0.8225339651107788,0.7654698491096497
20260722,211,L03->L17,0.6296089887619019,0.7483681440353394,0.8413091897964478
20260722,212,L18->L30,0.6291513442993164,0.8009834289550781,0.785473644733429
20260722,213,L16->L18,0.6289727687835693,0.8490318655967712,0.7408117055892944
20260722,214,L14->L18,0.627088189125061,0.8089041709899902,0.7752317190170288
20260722,215,L30->L23,0.626571536064148,0.7603375315666199,0.8240702748298645
20260722,216,L15->L21,0.6252554059028625,0.8225339651107788,0.7601575255393982
20260722,217,L07->L18,0.6246956586837769,0.7554130554199219,0.8269590139389038
20260722,218,L23->L11,0.6242981553077698,0.8644265532493591,0.7222107648849487
20260722,219,L08->L09,0.6239907741546631,0.6980121731758118,0.8939540386199951
20260722,220,L10->L31,0.6235016584396362,0.8337473273277283,0.7478304505348206
20260722,221,L28->L18,0.6227604746818542,0.8709284663200378,0.7150535583496094
20260722,222,L21->L10,0.6224238872528076,0.8205744624137878,0.758522093296051
20260722,223,L20->L16,0.6219819188117981,0.7709289789199829,0.8067953586578369
20260722,224,L21->L31,0.6219642758369446,0.8205744624137878,0.7579619884490967
20260722,225,L12->L14,0.6212323904037476,0.7855491042137146,0.7908256649971008
20260722,226,L16->L36,0.6203579306602478,0.8490318655967712,0.7306650876998901
20260722,227,L16->L37,0.6203579306602478,0.8490318655967712,0.7306650876998901
20260722,228,L28->L15,0.619996964931488,0.8709284663200378,0.7118804454803467
20260722,229,L16->L11,0.6187183260917664,0.8490318655967712,0.7287338972091675
20260722,230,L17->L25,0.6184273958206177,0.8585318326950073,0.7203313708305359
20260722,231,L17->L26,0.6184273362159729,0.8585318326950073,0.7203313112258911
20260722,232,L12->L08,0.6177563071250916,0.7855491042137146,0.7864006161689758
20260722,233,L07->L38,0.6174699068069458,0.7554130554199219,0.8173937797546387
20260722,234,L38->L16,0.6170333623886108,0.7901803255081177,0.780876636505127
20260722,235,L30->L27,0.6168184876441956,0.7603375315666199,0.8112429976463318
20260722,236,L25->L29,0.61660236120224,0.8441300988197327,0.7304589152336121
20260722,237,L26->L29,0.61660236120224,0.8441300988197327,0.7304589152336121
20260722,238,L25->L21,0.6152622699737549,0.8441300988197327,0.7288713455200195
20260722,239,L26->L21,0.6152622699737549,0.8441300988197327,0.7288713455200195
20260722,240,L17->L38,0.6146478652954102,0.8585318326950073,0.7159290313720703
20260722,241,L17->L27,0.6143247485160828,0.8585318326950073,0.7155526876449585
20260722,242,L12->L23,0.6137247085571289,0.7855491042137146,0.7812684178352356
20260722,243,L17->L07,0.6134124398231506,0.8585318326950073,0.7144900560379028
20260722,244,L31->L32,0.613296627998352,0.7385841012001038,0.8303680419921875
20260722,245,L31->L33,0.613296627998352,0.7385841012001038,0.8303680419921875
20260722,246,L16->L12,0.6130808591842651,0.8490318655967712,0.7220940589904785
20260722,247,L03->L16,0.6127480864524841,0.7483681440353394,0.818778932094574
20260722,248,L20->L18,0.6124985218048096,0.7709289789199829,0.794494092464447
20260722,249,L21->L36,0.6123864650726318,0.8205744624137878,0.7462899684906006
20260722,250,L21->L37,0.6123864650726318,0.8205744624137878,0.7462899684906006
20260722,251,L38->L17,0.6123780608177185,0.7901803255081177,0.7749851942062378
20260722,252,L38->L31,0.6117976903915405,0.7901803255081177,0.7742507457733154
20260722,253,L36->L28,0.6114687323570251,0.6875248551368713,0.8893769383430481
20260722,254,L37->L28,0.6114687323570251,0.6875248551368713,0.8893769383430481
20260722,255,L13->L38,0.6099978685379028,0.7620704174041748,0.8004481792449951
20260722,256,L31->L24,0.6090835928916931,0.7385841012001038,0.8246638178825378
20260722,257,L07->L09,0.6080729961395264,0.7554130554199219,0.8049543499946594
20260722,258,L19->L18,0.6078673005104065,0.7600938081741333,0.799726665019989
20260722,259,L08->L18,0.6075649857521057,0.6980121731758118,0.8704217672348022
20260722,260,L16->L08,0.6063926219940186,0.8490318655967712,0.7142165899276733
20260722,261,L07->L20,0.6061334609985352,0.7554130554199219,0.8023867607116699
20260722,262,L18->L24,0.605473518371582,0.8009834289550781,0.7559126615524292
20260722,263,L15->L28,0.6047986745834351,0.8225339651107788,0.7352871894836426
20260722,264,L25->L03,0.6042704582214355,0.8441300988197327,0.7158499360084534
20260722,265,L26->L03,0.6042704582214355,0.8441300988197327,0.7158499360084534
20260722,266,L24->L28,0.6042144298553467,0.6659960746765137,0.907234251499176
20260722,267,L19->L16,0.6041212677955627,0.7600938081741333,0.7947983145713806
20260722,268,L21->L03,0.6040268540382385,0.8205744624137878,0.7361024022102356
20260722,269,L03->L18,0.6039208769798279,0.7483681440353394,0.8069837093353271
20260722,270,L25->L07,0.603417158126831,0.8441300988197327,0.7148390412330627
20260722,271,L26->L07,0.603417158126831,0.8441300988197327,0.7148390412330627
20260722,272,L17->L34,0.6030462384223938,0.8585318326950073,0.7024157047271729
20260722,273,L17->L35,0.6030462384223938,0.8585318326950073,0.7024157047271729
20260722,274,L18->L31,0.6028962731361389,0.8009834289550781,0.7526950836181641
20260722,275,L28->L14,0.6028317213058472,0.8709284663200378,0.6921713352203369
20260722,276,L19->L21,0.6016131043434143,0.7600938081741333,0.7914984822273254
20260722,277,L22->L17,0.601433515548706,0.7631415128707886,0.7881022095680237
20260722,278,L18->L20,0.6010535955429077,0.8009834289550781,0.7503945231437683
20260722,279,L25->L14,0.600348949432373,0.8441300988197327,0.7112042903900146
20260722,280,L26->L14,0.600348949432373,0.8441300988197327,0.7112042903900146
20260722,281,L07->L11,0.6003172993659973,0.7554130554199219,0.7946874499320984
20260722,282,L21->L18,0.59989994764328,0.8205744624137878,0.7310731410980225
20260722,283,L30->L28,0.599782407283783,0.7603375315666199,0.7888370752334595
20260722,284,L28->L11,0.5997479557991028,0.8709284663200378,0.6886305809020996
20260722,285,L07->L02,0.5997207164764404,0.7554130554199219,0.7938977479934692
20260722,286,L23->L08,0.5993527173995972,0.8644265532493591,0.6933529376983643
20260722,287,L36->L23,0.599297285079956,0.6875248551368713,0.8716736435890198
20260722,288,L37->L23,0.599297285079956,0.6875248551368713,0.8716736435890198
20260722,289,L08->L23,0.5992451310157776,0.6980121731758118,0.8585023880004883
20260722,290,L27->L13,0.5990946292877197,0.8124850988388062,0.7373607754707336
20260722,291,L07->L31,0.5990943908691406,0.7554130554199219,0.7930686473846436
20260722,292,L21->L24,0.5985205769538879,0.8205744624137878,0.7293921709060669
20260722,293,L07->L08,0.5981448292732239,0.7554130554199219,0.7918115854263306
20260722,294,L08->L15,0.5980742573738098,0.6980121731758118,0.8568249940872192
20260722,295,L08->L21,0.5975723266601562,0.6980121731758118,0.8561058640480042
20260722,296,L08->L28,0.5974738597869873,0.6980121731758118,0.8559648394584656
20260722,297,L05->L17,0.5970543026924133,0.6419610381126404,0.930047571659088
20260722,298,L13->L30,0.5963045954704285,0.7620704174041748,0.7824796438217163
20260722,299,L28->L22,0.5962405204772949,0.8709284663200378,0.6846033334732056
20260722,300,L27->L32,0.5959432125091553,0.8124850988388062,0.7334820032119751
20260722,301,L27->L33,0.5959432125091553,0.8124850988388062,0.7334820032119751
20260722,302,L17->L22,0.5958196520805359,0.8585318326950073,0.6939983367919922
20260722,303,L19->L15,0.5952854156494141,0.7600938081741333,0.7831736207008362
20260722,304,L15->L11,0.5951235890388489,0.8225339651107788,0.7235246300697327
20260722,305,L08->L27,0.5949923396110535,0.6980121731758118,0.8524096608161926
20260722,306,L05->L16,0.5946382284164429,0.6419610381126404,0.9262839555740356
20260722,307,L25->L15,0.594217836856842,0.8441300988197327,0.7039410471916199
20260722,308,L26->L15,0.594217836856842,0.8441300988197327,0.7039410471916199
20260722,309,L08->L20,0.5941736102104187,0.6980121731758118,0.8512367606163025
20260722,310,L27->L12,0.5937191247940063,0.8124850988388062,0.7307446599006653
20260722,311,L30->L17,0.5937018394470215,0.7603375315666199,0.7808398604393005
20260722,312,L08->L25,0.5934844613075256,0.6980121731758118,0.8502494096755981
20260722,313,L08->L26,0.5934844613075256,0.6980121731758118,0.8502494096755981
20260722,314,L25->L22,0.5932854413986206,0.8441300988197327,0.7028365135192871
20260722,315,L26->L22,0.5932854413986206,0.8441300988197327,0.7028365135192871
20260722,316,L14->L36,0.5927895307540894,0.8089041709899902,0.7328303456306458
20260722,317,L14->L37,0.5927895307540894,0.8089041709899902,0.7328303456306458
20260722,318,L18->L15,0.5924408435821533,0.8009834289550781,0.7396418452262878
20260722,319,L19->L10,0.5920827984809875,0.7600938081741333,0.7789601683616638
20260722,320,L38->L10,0.5913375616073608,0.7901803255081177,0.7483577728271484
20260722,321,L23->L38,0.5908508896827698,0.8644265532493591,0.6835177540779114
20260722,322,L18->L10,0.590615451335907,0.8009834289550781,0.7373629212379456
20260722,323,L38->L19,0.5903658270835876,0.7901803255081177,0.7471279501914978
20260722,324,L14->L13,0.5898655652999878,0.8089041709899902,0.7292156219482422
20260722,325,L23->L25,0.5896524786949158,0.8644265532493591,0.6821313500404358
20260722,326,L23->L26,0.5896524786949158,0.8644265532493591,0.6821313500404358
20260722,327,L17->L05,0.5891364216804504,0.8585318326950073,0.6862138509750366
20260722,328,L13->L16,0.5885229110717773,0.7620704174041748,0.7722684144973755
20260722,329,L03->L21,0.5884270668029785,0.7483681440353394,0.7862802147865295
20260722,330,L15->L25,0.5882209539413452,0.8225339651107788,0.7151327133178711
20260722,331,L15->L26,0.5882209539413452,0.8225339651107788,0.7151327133178711
20260722,332,L22->L21,0.5880451798439026,0.7631415128707886,0.7705584764480591
20260722,333,L19->L20,0.5879829525947571,0.7600938081741333,0.7735663056373596
20260722,334,L08->L14,0.5879552364349365,0.6980121731758118,0.8423280715942383
20260722,335,L08->L07,0.5874767899513245,0.6980121731758118,0.8416426181793213
20260722,336,L30->L16,0.5872371196746826,0.7603375315666199,0.7723374366760254
20260722,337,L03->L10,0.5865173935890198,0.7483681440353394,0.7837284207344055
20260722,338,L10->L24,0.5862337350845337,0.8337473273277283,0.7031311392784119
20260722,339,L13->L17,0.5859690308570862,0.7620704174041748,0.7689171433448792
20260722,340,L03->L09,0.5857664942741394,0.7483681440353394,0.7827250361442566
20260722,341,L15->L38,0.5855939388275146,0.8225339651107788,0.7119389176368713
20260722,342,L09->L28,0.5855607986450195,0.6590135097503662,0.8885414600372314
20260722,343,L12->L22,0.5850157141685486,0.7855491042137146,0.7447220087051392
20260722,344,L36->L26,0.5848764777183533,0.6875248551368713,0.850698709487915
20260722,345,L37->L26,0.5848764777183533,0.6875248551368713,0.850698709487915
20260722,346,L36->L25,0.5848764181137085,0.6875248551368713,0.8506985902786255
20260722,347,L37->L25,0.5848764181137085,0.6875248551368713,0.8506985902786255
20260722,348,L32->L28,0.5841274857521057,0.6636078357696533,0.8802299499511719
20260722,349,L33->L28,0.5841274857521057,0.6636078357696533,0.8802299499511719
20260722,350,L03->L20,0.5832269787788391,0.7483681440353394,0.779331624507904
20260722,351,L05->L10,0.5823847055435181,0.6419610381126404,0.9071963429450988
20260722,352,L28->L19,0.5822339653968811,0.8709284663200378,0.668520987033844
20260722,353,L23->L14,0.5821920037269592,0.8644265532493591,0.6735008358955383
20260722,354,L25->L11,0.5821896195411682,0.8441300988197327,0.6896917819976807
20260722,355,L26->L11,0.5821896195411682,0.8441300988197327,0.6896917819976807
20260722,356,L25->L18,0.5821489095687866,0.8441300988197327,0.6896435618400574
20260722,357,L26->L18,0.5821489095687866,0.8441300988197327,0.6896435618400574
20260722,358,L11->L17,0.5819820165634155,0.6582065224647522,0.8841935992240906
20260722,359,L17->L20,0.5819590091705322,0.8585318326950073,0.6778537034988403
20260722,360,L18->L19,0.5818871855735779,0.8009834289550781,0.7264659404754639
20260722,361,L15->L27,0.5814327597618103,0.8225339651107788,0.7068799734115601
20260722,362,L22->L16,0.5807057619094849,0.7631415128707886,0.7609410881996155
20260722,363,L03->L15,0.5806569457054138,0.7483681440353394,0.7758975028991699
20260722,364,L12->L36,0.580180823802948,0.7855491042137146,0.7385672330856323
20260722,365,L12->L37,0.580180823802948,0.7855491042137146,0.7385672330856323
20260722,366,L20->L10,0.5798400044441223,0.7709289789199829,0.7521315217018127
20260722,367,L15->L09,0.5797171592712402,0.8225339651107788,0.70479416847229
20260722,368,L24->L23,0.5795246362686157,0.6659960746765137,0.8701622486114502
20260722,369,L04->L17,0.5791234970092773,0.6215652823448181,0.9317178726196288
20260722,370,L31->L17,0.5784154534339905,0.7385841012001038,0.7831409573554993
20260722,371,L32->L23,0.577883780002594,0.6636078357696533,0.8708212375640869
20260722,372,L33->L23,0.577883780002594,0.6636078357696533,0.8708211779594421
20260722,373,L20->L14,0.577777624130249,0.7709289789199829,0.7494563460350037
20260722,374,L08->L04,0.5776327848434448,0.6980121731758118,0.8275397419929504
20260722,375,L25->L24,0.5774893164634705,0.8441300988197327,0.6841235756874084
20260722,376,L26->L24,0.5774893164634705,0.8441300988197327,0.6841235756874084
20260722,377,L12->L05,0.5772609114646912,0.7855491042137146,0.7348502278327942
20260722,378,L14->L11,0.5768704414367676,0.8089041709899902,0.7131505608558655
20260722,379,L04->L16,0.5763745307922363,0.6215652823448181,0.9272952079772948
20260722,380,L21->L11,0.5759068131446838,0.8205744624137878,0.7018337249755859
20260722,381,L16->L07,0.5756925940513611,0.8490318655967712,0.6780576705932617
20260722,382,L15->L35,0.5756649374961853,0.8225339651107788,0.6998676657676697
20260722,383,L15->L34,0.5756648778915405,0.8225339651107788,0.6998676061630249
20260722,384,L05->L15,0.5755914449691772,0.6419610381126404,0.8966142535209656
20260722,385,L20->L17,0.5749647617340088,0.7709289789199829,0.7458077073097229
20260722,386,L09->L23,0.574551522731781,0.6590135097503662,0.8718357086181641
20260722,387,L38->L21,0.5742002129554749,0.7901803255081177,0.7266698479652405
20260722,388,L31->L16,0.5739939212799072,0.7385841012001038,0.7771544456481934
20260722,389,L11->L16,0.5735462307929993,0.6582065224647522,0.8713772892951965
20260722,390,L15->L20,0.5733819007873535,0.8225339651107788,0.6970920562744141
20260722,391,L22->L10,0.5733592510223389,0.7631415128707886,0.7513144612312317
20260722,392,L13->L31,0.5727947950363159,0.7620704174041748,0.7516297101974487
20260722,393,L05->L14,0.5722125768661499,0.6419610381126404,0.8913509249687195
20260722,394,L13->L19,0.5719397068023682,0.7620704174041748,0.7505077123641968
20260722,395,L28->L20,0.5718267560005188,0.8709284663200378,0.6565714478492737
20260722,396,L05->L28,0.5708903670310974,0.6419610381126404,0.8892912864685059
20260722,397,L10->L32,0.5707617402076721,0.8337473273277283,0.6845740079879761
20260722,398,L10->L33,0.5707617402076721,0.8337473273277283,0.6845740079879761
20260722,399,L18->L03,0.5703295469284058,0.8009834289550781,0.712036669254303
20260722,400,L05->L23,0.570329487323761,0.6419610381126404,0.8884176015853882
20260722,401,L18->L07,0.5701625347137451,0.8009834289550781,0.7118281126022339
20260722,402,L05->L18,0.5700977444648743,0.6419610381126404,0.8880566358566284
20260722,403,L28->L08,0.5700465440750122,0.8709284663200378,0.6545273661613464
20260722,404,L29->L23,0.569698691368103,0.6422252058982849,0.8870699405670166
20260722,405,L04->L10,0.569147527217865,0.6215652823448181,0.9156681299209596
20260722,406,L29->L28,0.5689402222633362,0.6422252058982849,0.8858889937400818
20260722,407,L30->L10,0.568763017654419,0.7603375315666199,0.7480401396751404
20260722,408,L14->L03,0.5686172246932983,0.8089041709899902,0.7029475569725037
20260722,409,L12->L19,0.5685970783233643,0.7855491042137146,0.7238211631774902
20260722,410,L15->L13,0.5675039887428284,0.8225339651107788,0.6899459958076477
20260722,411,L27->L36,0.5673933625221252,0.8124850988388062,0.6983430981636047
20260722,412,L27->L37,0.5673933625221252,0.8124850988388062,0.6983430981636047
20260722,413,L28->L36,0.5671434998512268,0.8709284663200378,0.6511940956115723
20260722,414,L28->L37,0.5671434998512268,0.8709284663200378,0.651194155216217
20260722,415,L16->L05,0.5668452382087708,0.8490318655967712,0.6676371693611145
20260722,416,L21->L32,0.5664786100387573,0.8205744624137878,0.6903439164161682
20260722,417,L21->L33,0.5664786100387573,0.8205744624137878,0.6903439164161682
20260722,418,L38->L03,0.5657464861869812,0.7901803255081177,0.7159713506698608
20260722,419,L13->L24,0.5650957822799683,0.7620704174041748,0.7415270209312439
20260722,420,L05->L09,0.5650792121887207,0.6419610381126404,0.8802390694618225
20260722,421,L36->L27,0.5649885535240173,0.6875248551368713,0.8217718601226807
20260722,422,L37->L27,0.5649885535240173,0.6875248551368713,0.8217718601226807
20260722,423,L21->L15,0.564858078956604,0.8205744624137878,0.6883690357208252
20260722,424,L05->L21,0.563732922077179,0.6419610381126404,0.8781419396400452
20260722,425,L13->L10,0.5636036992073059,0.7620704174041748,0.7395690679550171
20260722,426,L16->L22,0.563496470451355,0.8490318655967712,0.6636929512023926
20260722,427,L13->L07,0.5631800293922424,0.7620704174041748,0.739013135433197
20260722,428,L17->L31,0.562099277973175,0.8585318326950073,0.6547215580940247
20260722,429,L27->L04,0.5618374943733215,0.8124850988388062,0.691504955291748
20260722,430,L08->L11,0.5618252754211426,0.6980121731758118,0.8048931956291199
20260722,431,L05->L27,0.5617838501930237,0.6419610381126404,0.8751058578491211
20260722,432,L32->L25,0.5617696046829224,0.6636078357696533,0.8465385437011719
20260722,433,L32->L26,0.5617696046829224,0.6636078357696533,0.8465385437011719
20260722,434,L33->L25,0.5617696046829224,0.6636078357696533,0.8465385437011719
20260722,435,L33->L26,0.5617696046829224,0.6636078357696533,0.8465385437011719
20260722,436,L09->L25,0.5611889958381653,0.6590135097503662,0.8515591621398926
20260722,437,L09->L26,0.5611889958381653,0.6590135097503662,0.8515591621398926
20260722,438,L15->L22,0.5608052611351013,0.8225339651107788,0.6818019151687622
20260722,439,L17->L29,0.5604002475738525,0.8585318326950073,0.6527425050735474
20260722,440,L11->L15,0.55987548828125,0.6582065224647522,0.8506076335906982
20260722,441,L18->L29,0.5597256422042847,0.8009834289550781,0.6987980008125305
20260722,442,L12->L28,0.5595333576202393,0.7855491042137146,0.7122830748558044
20260722,443,L05->L20,0.5591926574707031,0.6419610381126404,0.8710694909095764
20260722,444,L20->L21,0.5589984059333801,0.7709289789199829,0.7250971794128418
20260722,445,L23->L12,0.5589027404785156,0.8644265532493591,0.646558940410614
20260722,446,L30->L21,0.5587345361709595,0.7603375315666199,0.7348506450653076
20260722,447,L14->L09,0.5586488842964172,0.8089041709899902,0.6906242966651917
20260722,448,L15->L03,0.5584481954574585,0.8225339651107788,0.6789363622665405
20260722,449,L27->L01,0.5584108829498291,0.8124850988388062,0.6872875094413757
20260722,450,L08->L02,0.5580930113792419,0.6980121731758118,0.7995462417602539
20260722,451,L11->L10,0.5575782656669617,0.6582065224647522,0.8471174836158752
20260722,452,L38->L14,0.5574195981025696,0.7901803255081177,0.7054334282875061
20260722,453,L17->L19,0.557407557964325,0.8585318326950073,0.649256706237793
20260722,454,L07->L32,0.5573714375495911,0.7554130554199219,0.7378366589546204
20260722,455,L07->L33,0.5573714375495911,0.7554130554199219,0.7378366589546204
20260722,456,L07->L13,0.5569764971733093,0.7554130554199219,0.7373138070106506
20260722,457,L30->L07,0.5567622780799866,0.7603375315666199,0.7322567105293274
20260722,458,L11->L18,0.5566186308860779,0.6582065224647522,0.8456595540046692
20260722,459,L22->L36,0.5564496517181396,0.7631415128707886,0.7291565537452698
20260722,460,L22->L37,0.5564496517181396,0.7631415128707886,0.7291565537452698
20260722,461,L03->L36,0.555820107460022,0.7483681440353394,0.7427094578742981
20260722,462,L03->L37,0.555820107460022,0.7483681440353394,0.7427094578742981
20260722,463,L23->L06,0.5555956959724426,0.8644265532493591,0.6427332758903503
20260722,464,L31->L07,0.5553828477859497,0.7385841012001038,0.7519561648368835
20260722,465,L24->L30,0.5550587773323059,0.6659960746765137,0.8334265351295471
20260722,466,L30->L38,0.5549830794334412,0.7603375315666199,0.7299167513847351
20260722,467,L38->L15,0.5548272728919983,0.7901803255081177,0.7021527290344238
20260722,468,L31->L10,0.5541777610778809,0.7385841012001038,0.7503244876861572
20260722,469,L24->L25,0.5540010333061218,0.6659960746765137,0.8318383097648621
20260722,470,L24->L26,0.5540010333061218,0.6659960746765137,0.8318383097648621
20260722,471,L18->L16,0.5535153746604919,0.8009834289550781,0.6910447478294373
20260722,472,L05->L08,0.5531984567642212,0.6419610381126404,0.8617321252822876
20260722,473,L38->L27,0.5531923174858093,0.7901803255081177,0.7000836133956909
20260722,474,L38->L22,0.5529813170433044,0.7901803255081177,0.6998166441917419
20260722,475,L13->L21,0.5526480078697205,0.7620704174041748,0.7251928448677063
20260722,476,L04->L09,0.5525603294372559,0.6215652823448181,0.8889819383621216
20260722,477,L05->L25,0.5522559881210327,0.6419610381126404,0.860264003276825
20260722,478,L05->L26,0.5522559881210327,0.6419610381126404,0.860264003276825
20260722,479,L22->L15,0.5515628457069397,0.7631415128707886,0.7227530479431152
20260722,480,L21->L08,0.5511379241943359,0.8205744624137878,0.6716489195823669
20260722,481,L08->L38,0.5510433912277222,0.6980121731758118,0.7894466519355774
20260722,482,L19->L03,0.5510119795799255,0.7600938081741333,0.7249262928962708
20260722,483,L18->L32,0.5509974360466003,0.8009834289550781,0.6879011988639832
20260722,484,L18->L33,0.5509974360466003,0.8009834289550781,0.6879011988639832
20260722,485,L17->L06,0.5507076382637024,0.8585318326950073,0.6414527893066406
20260722,486,L38->L26,0.5506406426429749,0.7901803255081177,0.6968544125556946
20260722,487,L38->L25,0.5506405830383301,0.7901803255081177,0.6968543529510498
20260722,488,L25->L08,0.5503050684928894,0.8441300988197327,0.6519197225570679
20260722,489,L26->L08,0.5503050684928894,0.8441300988197327,0.6519197225570679
20260722,490,L28->L29,0.5502545833587646,0.8709284663200378,0.6318022608757019
20260722,491,L36->L38,0.5500130653381348,0.6875248551368713,0.7999900579452515
20260722,492,L37->L38,0.5500130653381348,0.6875248551368713,0.7999900579452515
20260722,493,L16->L38,0.549879789352417,0.8490318655967712,0.6476550698280334
20260722,494,L24->L27,0.5496731400489807,0.6659960746765137,0.8253399133682251
20260722,495,L16->L23,0.5496600270271301,0.8490318655967712,0.6473962068557739
20260722,496,L07->L12,0.5496174693107605,0.7554130554199219,0.7275720834732056
20260722,497,L16->L27,0.5495522618293762,0.8490318655967712,0.6472693085670471
20260722,498,L04->L18,0.5493780374526978,0.6215652823448181,0.8838621973991394
20260722,499,L29->L25,0.5492870211601257,0.6422252058982849,0.8552872538566589
20260722,500,L29->L26,0.5492870211601257,0.6422252058982849,0.8552872538566589
20260722,501,L04->L15,0.549211859703064,0.6215652823448181,0.883594810962677
20260722,502,L11->L14,0.549156129360199,0.6582065224647522,0.834321916103363
20260722,503,L11->L21,0.5490858554840088,0.6582065224647522,0.8342151641845703
20260722,504,L04->L28,0.5488815903663635,0.6215652823448181,0.8830634355545044
20260722,505,L15->L04,0.5482614040374756,0.8225339651107788,0.6665517091751099
20260722,506,L14->L22,0.5480338335037231,0.8089041709899902,0.6775015592575073
20260722,507,L04->L23,0.54794842004776,0.6215652823448181,0.8815621733665466
20260722,508,L18->L11,0.547921359539032,0.8009834289550781,0.68406081199646
20260722,509,L03->L14,0.547806978225708,0.7483681440353394,0.7320020198822021
20260722,510,L05->L07,0.5477025508880615,0.6419610381126404,0.8531710505485535
20260722,511,L09->L27,0.5476208925247192,0.6590135097503662,0.8309706449508667
20260722,512,L32->L27,0.5473384261131287,0.6636078357696533,0.8247919678688049
20260722,513,L33->L27,0.5473384261131287,0.6636078357696533,0.8247919678688049
20260722,514,L15->L07,0.5470442175865173,0.8225339651107788,0.6650719046592712
20260722,515,L30->L18,0.5469984412193298,0.7603375315666199,0.7194153070449829
20260722,516,L30->L03,0.5463757514953613,0.7603375315666199,0.718596339225769
20260722,517,L13->L03,0.5457388162612915,0.7620704174041748,0.7161265015602112
20260722,518,L29->L27,0.545653760433197,0.6422252058982849,0.8496299386024475
20260722,519,L11->L13,0.5456110239028931,0.6582065224647522,0.8289359211921692
20260722,520,L22->L18,0.545262336730957,0.7631415128707886,0.7144970297813416
20260722,521,L11->L12,0.5452320575714111,0.6582065224647522,0.8283601999282837
20260722,522,L04->L14,0.5448473691940308,0.6215652823448181,0.8765730857849121
20260722,523,L08->L19,0.5447675585746765,0.6980121731758118,0.7804556488990784
20260722,524,L38->L11,0.5447483658790588,0.7901803255081177,0.6893975138664246
20260722,525,L23->L36,0.5447444915771484,0.8644265532493591,0.6301801800727844
20260722,526,L23->L37,0.5447444915771484,0.8644265532493591,0.6301801800727844
20260722,527,L31->L21,0.5442681312561035,0.7385841012001038,0.736907422542572
20260722,528,L19->L22,0.5442187190055847,0.7600938081741333,0.7159888744354248
20260722,529,L19->L14,0.5436577200889587,0.7600938081741333,0.7152508497238159
20260722,530,L38->L29,0.5436179041862488,0.7901803255081177,0.6879668831825256
20260722,531,L20->L03,0.5433054566383362,0.7709289789199829,0.7047412395477295
20260722,532,L11->L20,0.5432887077331543,0.6582065224647522,0.8254076242446899
20260722,533,L04->L21,0.5427273511886597,0.6215652823448181,0.8731622695922852
20260722,534,L03->L11,0.5427271723747253,0.7483681440353394,0.7252141833305359
20260722,535,L17->L13,0.5419787764549255,0.8585318326950073,0.6312856078147888
20260722,536,L30->L15,0.5418347716331482,0.7603375315666199,0.7126240134239197
20260722,537,L08->L12,0.5417464375495911,0.6980121731758118,0.7761275172233582
20260722,538,L15->L08,0.5416293144226074,0.8225339651107788,0.6584886908531189
20260722,539,L10->L29,0.5415284037590027,0.8337473273277283,0.6495113968849182
20260722,540,L23->L28,0.5413172841072083,0.8644265532493591,0.6262154579162598
20260722,541,L13->L14,0.5413067936897278,0.7620704174041748,0.710310697555542
20260722,542,L04->L27,0.5411757230758667,0.6215652823448181,0.870665967464447
20260722,543,L38->L18,0.5402033925056458,0.7901803255081177,0.6836457252502441
20260722,544,L38->L07,0.5401917099952698,0.7901803255081177,0.6836309432983398
20260722,545,L05->L19,0.5395653247833252,0.6419610381126404,0.8404954075813293
20260722,546,L08->L22,0.5394541025161743,0.6980121731758118,0.7728433609008789
20260722,547,L13->L15,0.539326548576355,0.7620704174041748,0.7077122330665588
20260722,548,L22->L23,0.538597822189331,0.7631415128707886,0.7057639956474304
20260722,549,L04->L20,0.5385609865188599,0.6215652823448181,0.8664592504501343
20260722,550,L36->L30,0.5383592247962952,0.6875248551368713,0.7830396294593811
20260722,551,L37->L30,0.5383592247962952,0.6875248551368713,0.7830396294593811
20260722,552,L23->L29,0.5369422435760498,0.8644265532493591,0.621154248714447
20260722,553,L22->L03,0.5367761254310608,0.7631415128707886,0.7033768892288208
20260722,554,L13->L29,0.5364737510681152,0.7620704174041748,0.7039687633514404
20260722,555,L36->L16,0.5355022549629211,0.6875248551368713,0.7788841724395752
20260722,556,L37->L16,0.5355022549629211,0.6875248551368713,0.7788841724395752
20260722,557,L14->L04,0.5353553295135498,0.8089041709899902,0.6618278622627258
20260722,558,L20->L11,0.5350525379180908,0.7709289789199829,0.6940361261367798
20260722,559,L36->L17,0.5349835753440857,0.6875248551368713,0.7781298160552979
20260722,560,L37->L17,0.5349835753440857,0.6875248551368713,0.7781298160552979
20260722,561,L31->L18,0.5349335670471191,0.7385841012001038,0.7242689728736877
20260722,562,L01->L17,0.5345897674560547,0.5764813423156738,0.9273322820663452
20260722,563,L23->L05,0.5334287881851196,0.8644265532493591,0.6170898079872131
20260722,564,L04->L25,0.5330718755722046,0.6215652823448181,0.8576281070709229
20260722,565,L04->L26,0.5330718755722046,0.6215652823448181,0.8576281666755676
20260722,566,L01->L16,0.5322334170341492,0.5764813423156738,0.923244833946228
20260722,567,L13->L22,0.5321534872055054,0.7620704174041748,0.6982996463775635
20260722,568,L04->L07,0.5317503213882446,0.6215652823448181,0.8555020093917847
20260722,569,L30->L31,0.5317243933677673,0.7603375315666199,0.6993268132209778
20260722,570,L06->L28,0.531346321105957,0.5981011986732483,0.8883886337280273
20260722,571,L15->L31,0.5310676693916321,0.8225339651107788,0.6456483006477356
20260722,572,L15->L29,0.5308563709259033,0.8225339651107788,0.6453914046287537
20260722,573,L21->L34,0.5307245254516602,0.8205744624137878,0.6467719078063965
20260722,574,L21->L35,0.5307245254516602,0.8205744624137878,0.6467719078063965
20260722,575,L08->L06,0.5306529402732849,0.6980121731758118,0.7602344751358032
20260722,576,L24->L38,0.5305866599082947,0.6659960746765137,0.7966814041137695
20260722,577,L18->L21,0.5297176241874695,0.8009834289550781,0.6613340973854065
20260722,578,L12->L07,0.529455840587616,0.7855491042137146,0.6739946007728577
20260722,579,L08->L36,0.5294204354286194,0.6980121731758118,0.758468747138977
20260722,580,L08->L37,0.5294204354286194,0.6980121731758118,0.7584688067436218
20260722,581,L22->L11,0.529305100440979,0.7631415128707886,0.693587064743042
20260722,582,L19->L11,0.5288675427436829,0.7600938081741333,0.6957924962043762
20260722,583,L31->L03,0.5287450551986694,0.7385841012001038,0.715890109539032
20260722,584,L30->L14,0.5283387899398804,0.7603375315666199,0.6948739886283875
20260722,585,L17->L32,0.528312087059021,0.8585318326950073,0.6153669357299805
20260722,586,L17->L33,0.528312087059021,0.8585318326950073,0.6153669357299805
20260722,587,L14->L08,0.5282040238380432,0.8089041709899902,0.6529871225357056
20260722,588,L25->L20,0.5276737809181213,0.8441300988197327,0.6251095533370972
20260722,589,L26->L20,0.5276737809181213,0.8441300988197327,0.6251095533370972
20260722,590,L09->L38,0.527529776096344,0.6590135097503662,0.8004840016365051
20260722,591,L07->L36,0.5275271534919739,0.7554130554199219,0.6983293890953064
20260722,592,L07->L37,0.5275271534919739,0.7554130554199219,0.6983293890953064
20260722,593,L31->L15,0.5274890065193176,0.7385841012001038,0.7141895294189453
20260722,594,L21->L06,0.5272526741027832,0.8205744624137878,0.6425409317016602
20260722,595,L06->L23,0.5268658399581909,0.5981011986732483,0.8808975219726562
20260722,596,L16->L25,0.5255686044692993,0.8490318655967712,0.6190210580825806
20260722,597,L16->L26,0.5255685448646545,0.8490318655967712,0.6190209984779358
20260722,598,L23->L04,0.5254232287406921,0.8644265532493591,0.607828676700592
20260722,599,L30->L22,0.5252050757408142,0.7603375315666199,0.6907525062561035
20260722,600,L18->L08,0.5251566171646118,0.8009834289550781,0.6556397676467896
20260722,601,L28->L12,0.5246723890304565,0.8709284663200378,0.6024287939071655
20260722,602,L13->L11,0.524351179599762,0.7620704174041748,0.6880612969398499
20260722,603,L15->L06,0.5242482423782349,0.8225339651107788,0.6373575329780579
20260722,604,L11->L23,0.5241765379905701,0.6582065224647522,0.7963709235191345
20260722,605,L30->L11,0.5238887667655945,0.7603375315666199,0.6890212893486023
20260722,606,L07->L04,0.5233932137489319,0.7554130554199219,0.6928569674491882
20260722,607,L10->L34,0.5225735902786255,0.8337473273277283,0.626776933670044
20260722,608,L10->L35,0.5225735902786255,0.8337473273277283,0.626776933670044
20260722,609,L13->L32,0.5224769711494446,0.7620704174041748,0.6856019496917725
20260722,610,L13->L33,0.5224769711494446,0.7620704174041748,0.6856019496917725
20260722,611,L19->L36,0.5213202238082886,0.7600938081741333,0.6858630180358887
20260722,612,L19->L37,0.5213202238082886,0.7600938081741333,0.6858630180358887
20260722,613,L32->L38,0.5211321711540222,0.6636078357696533,0.7853013873100281
20260722,614,L33->L38,0.5211321711540222,0.6636078357696533,0.7853013873100281
20260722,615,L21->L12,0.521089494228363,0.8205744624137878,0.6350300908088684
20260722,616,L14->L07,0.5206830501556396,0.8089041709899902,0.6436893939971924
20260722,617,L07->L01,0.5203574299812317,0.7554130554199219,0.6888382434844971
20260722,618,L08->L13,0.5197896361351013,0.6980121731758118,0.7446713447570801
20260722,619,L13->L18,0.5193610191345215,0.7620704174041748,0.6815131902694702
20260722,620,L28->L05,0.519163966178894,0.8709284663200378,0.5961040258407593
20260722,621,L05->L22,0.5190644860267639,0.6419610381126404,0.8085607290267944
20260722,622,L27->L05,0.519052267074585,0.8124850988388062,0.6388452649116516
20260722,623,L12->L09,0.5188868641853333,0.7855491042137146,0.6605403423309326
20260722,624,L25->L36,0.5185847282409668,0.8441300988197327,0.6143421530723572
20260722,625,L25->L37,0.5185847282409668,0.8441300988197327,0.6143421530723572
20260722,626,L26->L36,0.5185847282409668,0.8441300988197327,0.6143421530723572
20260722,627,L26->L37,0.5185847282409668,0.8441300988197327,0.6143421530723572
20260722,628,L27->L34,0.5177473425865173,0.8124850988388062,0.6372392177581787
20260722,629,L27->L35,0.5177473425865173,0.8124850988388062,0.6372392177581787
20260722,630,L21->L29,0.5174515247344971,0.8205744624137878,0.6305966377258301
20260722,631,L18->L14,0.5173474550247192,0.8009834289550781,0.6458903551101685
20260722,632,L34->L28,0.5173361301422119,0.5823519229888916,0.8883565664291382
20260722,633,L35->L28,0.5173361301422119,0.5823519229888916,0.8883565664291382
20260722,634,L08->L30,0.5170885324478149,0.6980121731758118,0.7408016324043274
20260722,635,L22->L14,0.5170746445655823,0.7631415128707886,0.6775606274604797
20260722,636,L31->L14,0.5168777108192444,0.7385841012001038,0.6998224258422852
20260722,637,L36->L31,0.5167967081069946,0.6875248551368713,0.7516770958900452
20260722,638,L37->L31,0.5167967081069946,0.6875248551368713,0.7516770958900452
20260722,639,L23->L32,0.5167357325553894,0.8644265532493591,0.5977786183357239
20260722,640,L23->L33,0.5167357325553894,0.8644265532493591,0.5977786183357239
20260722,641,L32->L16,0.5166617631912231,0.6636078357696533,0.7785649299621582
20260722,642,L33->L16,0.5166617631912231,0.6636078357696533,0.7785649299621582
20260722,643,L05->L12,0.5164997577667236,0.6419610381126404,0.8045656085014343
20260722,644,L06->L17,0.5164923071861267,0.5981011986732483,0.8635533452033997
20260722,645,L14->L23,0.5163788795471191,0.8089041709899902,0.6383684277534485
20260722,646,L16->L06,0.5157908797264099,0.8490318655967712,0.6075047254562378
20260722,647,L29->L38,0.5157725811004639,0.6422252058982849,0.8031023740768433
20260722,648,L05->L38,0.5153137445449829,0.6419610381126404,0.8027181029319763
20260722,649,L09->L30,0.515103280544281,0.6590135097503662,0.7816277742385864
20260722,650,L14->L12,0.5146459341049194,0.8089041709899902,0.6362261176109314
20260722,651,L36->L10,0.5145720839500427,0.6875248551368713,0.7484413981437683
20260722,652,L37->L10,0.5145720839500427,0.6875248551368713,0.7484413981437683
20260722,653,L04->L19,0.5140222311019897,0.6215652823448181,0.8269802331924438
20260722,654,L38->L08,0.5140146613121033,0.7901803255081177,0.6505029797554016
20260722,655,L27->L03,0.5135154128074646,0.8124850988388062,0.6320305466651917
20260722,656,L30->L19,0.5132904052734375,0.7603375315666199,0.6750823259353638
20260722,657,L32->L17,0.5131499767303467,0.6636078357696533,0.7732729315757751
20260722,658,L33->L17,0.5131499767303467,0.6636078357696533,0.7732729315757751
20260722,659,L01->L28,0.5127303004264832,0.5764813423156738,0.8894135355949402
20260722,660,L06->L16,0.5126394033432007,0.5981011986732483,0.8571115136146545
20260722,661,L31->L22,0.5125860571861267,0.7385841012001038,0.6940117478370667
20260722,662,L36->L24,0.512407124042511,0.6875248551368713,0.7452925443649292
20260722,663,L37->L24,0.512407124042511,0.6875248551368713,0.7452925443649292
20260722,664,L01->L15,0.512224018573761,0.5764813423156738,0.8885353207588196
20260722,665,L19->L12,0.512043297290802,0.7600938081741333,0.673658013343811
20260722,666,L24->L16,0.5120024085044861,0.6659960746765137,0.7687769532203674
20260722,667,L12->L27,0.5119275450706482,0.7855491042137146,0.6516811847686768
20260722,668,L04->L01,0.5118213295936584,0.6215652823448181,0.8234394192695618
20260722,669,L01->L23,0.5116798877716064,0.5764813423156738,0.8875913619995117
20260722,670,L04->L08,0.5115272402763367,0.6215652823448181,0.8229662179946899
20260722,671,L24->L31,0.5112887620925903,0.6659960746765137,0.7677053809165955
20260722,672,L06->L25,0.5109115839004517,0.5981011986732483,0.8542226552963257
20260722,673,L06->L26,0.5109115839004517,0.5981011986732483,0.8542226552963257
20260722,674,L01->L10,0.5108415484428406,0.5764813423156738,0.8861371278762817
20260722,675,L11->L03,0.510801374912262,0.6582065224647522,0.776050329208374
20260722,676,L24->L17,0.5103996992111206,0.6659960746765137,0.7663704752922058
20260722,677,L36->L21,0.5103618502616882,0.6875248551368713,0.7423176765441895
20260722,678,L37->L21,0.5103618502616882,0.6875248551368713,0.7423176765441895
20260722,679,L05->L11,0.5096650719642639,0.6419610381126404,0.7939189672470093
20260722,680,L08->L31,0.5096471905708313,0.6980121731758118,0.7301408052444458
20260722,681,L28->L04,0.5096468329429626,0.8709284663200378,0.5851764678955078
20260722,682,L31->L11,0.5091453790664673,0.7385841012001038,0.6893532872200012
20260722,683,L02->L28,0.5089681148529053,0.5718864798545837,0.8899809718132019
20260722,684,L01->L14,0.5088233947753906,0.5764813423156738,0.8826363682746887
20260722,685,L01->L18,0.5085307359695435,0.5764813423156738,0.8821286559104919
20260722,686,L31->L19,0.5084470510482788,0.7385841012001038,0.6884077787399292
20260722,687,L06->L10,0.508421778678894,0.5981011986732483,0.8500597476959229
20260722,688,L03->L22,0.5083633661270142,0.7483681440353394,0.6792958378791809
20260722,689,L36->L19,0.5083103179931641,0.6875248551368713,0.7393337488174438
20260722,690,L37->L19,0.5083103179931641,0.6875248551368713,0.7393337488174438
20260722,691,L34->L23,0.5076149702072144,0.5823519229888916,0.8716635704040527
20260722,692,L35->L23,0.5076149702072144,0.5823519229888916,0.8716635704040527
20260722,693,L06->L27,0.5072780251502991,0.5981011986732483,0.8481475114822388
20260722,694,L05->L02,0.5055829882621765,0.6419610381126404,0.787560224533081
20260722,695,L23->L09,0.5051698684692383,0.8644265532493591,0.5843988060951233
20260722,696,L25->L12,0.5050480961799622,0.8441300988197327,0.5983060002326965
20260722,697,L26->L12,0.5050480961799622,0.8441300988197327,0.5983060002326965
20260722,698,L22->L20,0.5048201680183411,0.7631415128707886,0.6615027189254761
20260722,699,L09->L16,0.5046876668930054,0.6590135097503662,0.7658229470252991
20260722,700,L30->L20,0.5045544505119324,0.7603375315666199,0.6635927557945251
20260722,701,L20->L15,0.504180371761322,0.7709289789199829,0.6539906859397888
20260722,702,L28->L09,0.5037413239479065,0.8709284663200378,0.5783957839012146
20260722,703,L16->L34,0.5036956071853638,0.8490318655967712,0.593258798122406
20260722,704,L16->L35,0.5036956071853638,0.8490318655967712,0.593258798122406
20260722,705,L20->L23,0.5035449862480164,0.7709289789199829,0.6531664729118347
20260722,706,L01->L21,0.503537654876709,0.5764813423156738,0.8734673857688904
20260722,707,L16->L13,0.5033427476882935,0.8490318655967712,0.5928431749343872
20260722,708,L28->L34,0.5031168460845947,0.8709284663200378,0.5776787400245667
20260722,709,L28->L35,0.5031168460845947,0.8709284663200378,0.5776787400245667
20260722,710,L08->L01,0.5030835866928101,0.6980121731758118,0.7207375764846802
20260722,711,L09->L17,0.5028783679008484,0.6590135097503662,0.763077437877655
20260722,712,L25->L05,0.5028618574142456,0.8441300988197327,0.5957160592079163
20260722,713,L26->L05,0.5028618574142456,0.8441300988197327,0.5957160592079163
20260722,714,L20->L08,0.5020609498023987,0.7709289789199829,0.6512414813041687
20260722,715,L29->L16,0.5019407868385315,0.6422252058982849,0.7815650701522827
20260722,716,L03->L01,0.5013939738273621,0.7483681440353394,0.6699830293655396
20260722,717,L01->L13,0.5013512372970581,0.5764813423156738,0.8696746826171875
20260722,718,L36->L07,0.5013356804847717,0.6875248551368713,0.7291891574859619
20260722,719,L37->L07,0.5013356804847717,0.6875248551368713,0.7291891574859619
20260722,720,L15->L32,0.5013173222541809,0.8225339651107788,0.6094791889190674
20260722,721,L15->L33,0.5013173222541809,0.8225339651107788,0.6094791889190674
20260722,722,L01->L27,0.5009816288948059,0.5764813423156738,0.8690335750579834
20260722,723,L02->L23,0.5008798837661743,0.5718864798545837,0.8758379817008972
20260722,724,L04->L11,0.5005205273628235,0.6215652823448181,0.8052581548690796
20260722,725,L29->L19,0.500400960445404,0.6422252058982849,0.7791674137115479
20260722,726,L01->L09,0.5003934502601624,0.5764813423156738,0.8680132627487183
20260722,727,L01->L12,0.5002657771110535,0.5764813423156738,0.8677917718887329
20260722,728,L09->L03,0.5001121163368225,0.6590135097503662,0.7588799595832825
20260722,729,L15->L19,0.5000230073928833,0.8225339651107788,0.6079056262969971
20260722,730,L05->L01,0.4998219311237335,0.6419610381126404,0.7785860896110535
20260722,731,L19->L08,0.4997403621673584,0.7600938081741333,0.6574719548225403
20260722,732,L14->L06,0.4995284080505371,0.8089041709899902,0.6175372004508972
20260722,733,L28->L06,0.4995175898075104,0.8709284663200378,0.5735460519790649
20260722,734,L29->L30,0.4993870854377746,0.6422252058982849,0.7775887250900269
20260722,735,L01->L20,0.4984590411186218,0.5764813423156738,0.8646577000617981
20260722,736,L04->L02,0.4980509281158447,0.6215652823448181,0.8012849688529968
20260722,737,L32->L24,0.4979018568992615,0.6636078357696533,0.7502953410148621
20260722,738,L33->L24,0.4979018568992615,0.6636078357696533,0.7502953410148621
20260722,739,L32->L19,0.4977835714817047,0.6636078357696533,0.7501170635223389
20260722,740,L33->L19,0.4977835714817047,0.6636078357696533,0.7501170635223389
20260722,741,L05->L30,0.4975153803825378,0.6419610381126404,0.7749931216239929
20260722,742,L32->L30,0.4973302185535431,0.6636078357696533,0.7494339346885681
20260722,743,L33->L30,0.4973302185535431,0.6636078357696533,0.7494339346885681
20260722,744,L04->L22,0.4971390068531036,0.6215652823448181,0.7998178601264954
20260722,745,L21->L05,0.4968111217021942,0.8205744624137878,0.6054430603981018
20260722,746,L04->L38,0.4966417551040649,0.6215652823448181,0.7990178465843201
20260722,747,L23->L31,0.496246337890625,0.8644265532493591,0.5740757584571838
20260722,748,L30->L08,0.4959610104560852,0.7603375315666199,0.6522905826568604
20260722,749,L24->L07,0.4959537088871002,0.6659960746765137,0.7446796298027039
20260722,750,L16->L28,0.4957569241523742,0.8490318655967712,0.5839084982872009
20260722,751,L32->L10,0.4955083429813385,0.6636078357696533,0.7466884851455688
20260722,752,L33->L10,0.4955083429813385,0.6636078357696533,0.7466884851455688
20260722,753,L34->L25,0.4954757392406463,0.5823519229888916,0.850818395614624
20260722,754,L34->L26,0.4954757392406463,0.5823519229888916,0.850818395614624
20260722,755,L35->L25,0.4954757392406463,0.5823519229888916,0.850818395614624
20260722,756,L35->L26,0.4954757392406463,0.5823519229888916,0.850818395614624
20260722,757,L09->L31,0.4950076639652252,0.6590135097503662,0.7511343359947205
20260722,758,L01->L25,0.4949573874473572,0.5764813423156738,0.8585835099220276
20260722,759,L01->L26,0.4949573874473572,0.5764813423156738,0.8585835099220276
20260722,760,L19->L23,0.4948774874210357,0.7600938081741333,0.651074230670929
20260722,761,L23->L13,0.4947204887866974,0.8644265532493591,0.5723106265068054
20260722,762,L36->L29,0.4945510625839233,0.6875248551368713,0.7193210124969482
20260722,763,L37->L29,0.4945510625839233,0.6875248551368713,0.7193210124969482
20260722,764,L25->L09,0.4942778348922729,0.8441300988197327,0.5855469703674316
20260722,765,L26->L09,0.4942778348922729,0.8441300988197327,0.5855469703674316
20260722,766,L32->L31,0.493770956993103,0.6636078357696533,0.7440704107284546
20260722,767,L33->L31,0.493770956993103,0.6636078357696533,0.7440704107284546
20260722,768,L36->L03,0.4934944212436676,0.6875248551368713,0.7177841067314148
20260722,769,L37->L03,0.4934944212436676,0.6875248551368713,0.7177841067314148
20260722,770,L29->L07,0.4934384524822235,0.6422252058982849,0.7683262228965759
20260722,771,L38->L24,0.4931864142417907,0.7901803255081177,0.6241441369056702
20260722,772,L06->L21,0.4930799007415771,0.5981011986732483,0.8244088292121887
20260722,773,L11->L22,0.492847740650177,0.6582065224647522,0.7487736940383911
20260722,774,L24->L10,0.4927879273891449,0.6659960746765137,0.7399261593818665
20260722,775,L36->L22,0.49274343252182,0.6875248551368713,0.716691792011261
20260722,776,L37->L22,0.49274343252182,0.6875248551368713,0.716691792011261
20260722,777,L31->L20,0.492527037858963,0.7385841012001038,0.6668530106544495
20260722,778,L22->L08,0.4920545816421509,0.7631415128707886,0.6447750329971313
20260722,779,L17->L24,0.4919508695602417,0.8585318326950073,0.5730141401290894
20260722,780,L25->L04,0.4918984770774841,0.8441300988197327,0.5827282667160034
20260722,781,L26->L04,0.4918984770774841,0.8441300988197327,0.5827282667160034
20260722,782,L38->L20,0.4918407201766968,0.7901803255081177,0.6224411129951477
20260722,783,L30->L36,0.4915649592876434,0.7603375315666199,0.6465088725090027
20260722,784,L30->L37,0.4915649592876434,0.7603375315666199,0.6465088725090027
20260722,785,L09->L07,0.4914985001087188,0.6590135097503662,0.7458094358444214
20260722,786,L05->L36,0.4912593960762024,0.6419610381126404,0.7652480006217957
20260722,787,L05->L37,0.4912593960762024,0.6419610381126404,0.7652480006217957
20260722,788,L28->L01,0.4906745254993438,0.8709284663200378,0.5633924603462219
20260722,789,L21->L04,0.4898270070552826,0.8205744624137878,0.5969318151473999
20260722,790,L09->L19,0.4897775053977966,0.6590135097503662,0.7431979775428772
20260722,791,L13->L08,0.4896582067012787,0.7620704174041748,0.6425366997718811
20260722,792,L32->L07,0.489583283662796,0.6636078357696533,0.7377599477767944
20260722,793,L33->L07,0.489583283662796,0.6636078357696533,0.7377599477767944
20260722,794,L24->L19,0.4889205396175384,0.6659960746765137,0.7341192364692688
20260722,795,L05->L13,0.4886671006679535,0.6419610381126404,0.7612099051475525
20260722,796,L03->L23,0.4884986579418182,0.7483681440353394,0.6527518033981323
20260722,797,L11->L36,0.4875699877738952,0.6582065224647522,0.7407553195953369
20260722,798,L11->L37,0.4875699877738952,0.6582065224647522,0.7407553195953369
20260722,799,L06->L15,0.4874410033226013,0.5981011986732483,0.8149808049201965
20260722,800,L12->L06,0.4874402582645416,0.7855491042137146,0.6205089688301086
20260722,801,L20->L36,0.4873265326023102,0.7709289789199829,0.6321289539337158
20260722,802,L20->L37,0.4873265326023102,0.7709289789199829,0.6321289539337158
20260722,803,L25->L34,0.4870659410953522,0.8441300988197327,0.5770034193992615
20260722,804,L25->L35,0.4870659410953522,0.8441300988197327,0.5770034193992615
20260722,805,L26->L34,0.4870659410953522,0.8441300988197327,0.5770034193992615
20260722,806,L26->L35,0.4870659410953522,0.8441300988197327,0.5770034193992615
20260722,807,L02->L25,0.4864914119243622,0.5718864798545837,0.8506782650947571
20260722,808,L02->L26,0.4864914119243622,0.5718864798545837,0.8506782650947571
20260722,809,L36->L15,0.4864105880260467,0.6875248551368713,0.7074807286262512
20260722,810,L37->L15,0.4864105880260467,0.6875248551368713,0.7074807286262512
20260722,811,L11->L28,0.4860723316669464,0.6582065224647522,0.7384799718856812
20260722,812,L09->L24,0.4860458374023437,0.6590135097503662,0.7375354766845703
20260722,813,L09->L10,0.4859752953052521,0.6590135097503662,0.7374284267425537
20260722,814,L17->L01,0.48465296626091,0.8585318326950073,0.5645136833190918
20260722,815,L04->L12,0.4844337999820709,0.6215652823448181,0.7793771624565125
20260722,816,L12->L25,0.4841794669628143,0.7855491042137146,0.6163579821586609
20260722,817,L12->L26,0.4841794073581695,0.7855491042137146,0.6163579225540161
20260722,818,L18->L37,0.4840064346790313,0.8009834289550781,0.6042652130126953
20260722,819,L18->L36,0.4840063750743866,0.8009834289550781,0.6042651534080505
20260722,820,L23->L01,0.4835901260375976,0.8644265532493591,0.5594345927238464
20260722,821,L03->L12,0.4834780991077423,0.7483681440353394,0.6460431218147278
20260722,822,L19->L13,0.4834680259227752,0.7600938081741333,0.6360636353492737
20260722,823,L36->L37,0.4834675192832947,0.6875248551368713,0.7032000422477722
20260722,824,L37->L36,0.4834675192832947,0.6875248551368713,0.7032000422477722
20260722,825,L36->L14,0.4834441840648651,0.6875248551368713,0.703166127204895
20260722,826,L37->L14,0.4834441840648651,0.6875248551368713,0.703166127204895
20260722,827,L07->L05,0.4833150804042816,0.7554130554199219,0.6398023962974548
20260722,828,L22->L34,0.4831904172897339,0.7631415128707886,0.6331596374511719
20260722,829,L22->L35,0.4831904172897339,0.7631415128707886,0.6331596374511719
20260722,830,L28->L02,0.482399433851242,0.8709284663200378,0.5538910031318665
20260722,831,L24->L32,0.4823170602321625,0.6659960746765137,0.7242040634155273
20260722,832,L24->L33,0.4823170304298401,0.6659960746765137,0.7242040038108826
20260722,833,L31->L08,0.4822660088539123,0.7385841012001038,0.6529601812362671
20260722,834,L03->L05,0.4821818768978119,0.7483681440353394,0.6443110704421997
20260722,835,L32->L33,0.4815634191036224,0.6636078357696533,0.7256746888160706
20260722,836,L33->L32,0.4815634191036224,0.6636078357696533,0.7256746888160706
20260722,837,L17->L30,0.4815405905246734,0.8585318326950073,0.5608884692192078
20260722,838,L07->L34,0.4814950823783874,0.7554130554199219,0.6373931169509888
20260722,839,L07->L35,0.4814950823783874,0.7554130554199219,0.6373931169509888
20260722,840,L05->L31,0.481483906507492,0.6419610381126404,0.750020444393158
20260722,841,L16->L31,0.4812664687633514,0.8490318655967712,0.5668414831161499
20260722,842,L11->L19,0.4812531769275665,0.6582065224647522,0.7311583161354065
20260722,843,L01->L19,0.4811752140522003,0.5764813423156738,0.8346761465072632
20260722,844,L32->L21,0.4811262190341949,0.6636078357696533,0.7250158786773682
20260722,845,L33->L21,0.4811262190341949,0.6636078357696533,0.7250158786773682
20260722,846,L29->L31,0.4809277355670929,0.6422252058982849,0.7488459348678589
20260722,847,L24->L03,0.4808486104011535,0.6659960746765137,0.7219991683959961
20260722,848,L31->L36,0.4804758131504059,0.7385841012001038,0.6505363583564758
20260722,849,L31->L37,0.4804758131504059,0.7385841012001038,0.6505363583564758
20260722,850,L06->L14,0.4803061783313751,0.5981011986732483,0.8030517101287842
20260722,851,L06->L38,0.4791575968265533,0.5981011986732483,0.8011313080787659
20260722,852,L38->L36,0.4790887832641601,0.7901803255081177,0.6063030958175659
20260722,853,L38->L37,0.4790887832641601,0.7901803255081177,0.6063030958175659
20260722,854,L34->L27,0.4790628254413605,0.5823519229888916,0.8226345777511597
20260722,855,L35->L27,0.4790628254413605,0.5823519229888916,0.8226345777511597
20260722,856,L06->L08,0.4788950681686401,0.5981011986732483,0.8006923794746399
20260722,857,L14->L34,0.4786730110645294,0.8089041709899902,0.5917549133300781
20260722,858,L14->L35,0.4786730110645294,0.8089041709899902,0.5917549133300781
20260722,859,L24->L21,0.478521853685379,0.6659960746765137,0.7185055017471313
20260722,860,L15->L01,0.4785169064998626,0.8225339651107788,0.5817594528198242
20260722,861,L01->L02,0.4783381223678589,0.5764813423156738,0.8297547101974487
20260722,862,L16->L32,0.4782425463199615,0.8490318655967712,0.5632798671722412
20260722,863,L16->L33,0.4782425463199615,0.8490318655967712,0.5632798671722412
20260722,864,L16->L01,0.477432906627655,0.8490318655967712,0.5623262524604797
20260722,865,L32->L03,0.477416068315506,0.6636078357696533,0.7194250226020813
20260722,866,L33->L03,0.477416068315506,0.6636078357696533,0.7194250226020813
20260722,867,L06->L18,0.4773394167423248,0.5981011986732483,0.7980914115905762
20260722,868,L07->L03,0.476633071899414,0.7554130554199219,0.6309568881988525
20260722,869,L04->L30,0.4761541783809662,0.6215652823448181,0.7660565972328186
20260722,870,L25->L01,0.4761312007904053,0.8441300988197327,0.5640495419502258
20260722,871,L26->L01,0.4761312007904053,0.8441300988197327,0.5640495419502258
20260722,872,L36->L18,0.4756654798984527,0.6875248551368713,0.6918520331382751
20260722,873,L37->L18,0.4756654798984527,0.6875248551368713,0.6918520331382751
20260722,874,L18->L05,0.4755129516124725,0.8009834289550781,0.5936614274978638
20260722,875,L01->L07,0.4753594696521759,0.5764813423156738,0.8245877623558044
20260722,876,L19->L07,0.4753164947032928,0.7600938081741333,0.6253392696380615
20260722,877,L13->L12,0.4753085672855377,0.7620704174041748,0.6237068772315979
20260722,878,L09->L21,0.4746460020542145,0.6590135097503662,0.720237135887146
20260722,879,L04->L36,0.4740127623081207,0.6215652823448181,0.7626113891601562
20260722,880,L04->L37,0.4740127623081207,0.6215652823448181,0.7626113891601562
20260722,881,L36->L11,0.4739611148834228,0.6875248551368713,0.6893730759620667
20260722,882,L37->L11,0.4739611148834228,0.6875248551368713,0.6893730759620667
20260722,883,L28->L13,0.4735190272331238,0.8709284663200378,0.5436944961547852
20260722,884,L17->L02,0.4730673730373382,0.8585318326950073,0.551019012928009
20260722,885,L23->L24,0.472597599029541,0.8644265532493591,0.5467180609703064
20260722,886,L13->L20,0.4724159240722656,0.7620704174041748,0.6199111342430115
20260722,887,L38->L12,0.4723260104656219,0.7901803255081177,0.5977445840835571
20260722,888,L05->L04,0.4716496765613556,0.6419610381126404,0.73470139503479
20260722,889,L15->L12,0.4716381430625915,0.8225339651107788,0.5733965635299683
20260722,890,L36->L32,0.4713970124721527,0.6875248551368713,0.6856436133384705
20260722,891,L36->L33,0.4713970124721527,0.6875248551368713,0.6856436133384705
20260722,892,L37->L32,0.4713970124721527,0.6875248551368713,0.6856436133384705
20260722,893,L37->L33,0.4713970124721527,0.6875248551368713,0.6856436133384705
20260722,894,L02->L27,0.4711750149726867,0.5718864798545837,0.823896050453186
20260722,895,L11->L07,0.4711336195468902,0.6582065224647522,0.7157838940620422
20260722,896,L21->L09,0.4709977507591247,0.8205744624137878,0.5739853978157043
20260722,897,L38->L05,0.4706415832042694,0.7901803255081177,0.5956128835678101
20260722,898,L14->L27,0.4704557359218597,0.8089041709899902,0.5815963745117188
20260722,899,L22->L28,0.4702323079109192,0.7631415128707886,0.6161797046661377
20260722,900,L18->L12,0.4702234864234924,0.8009834289550781,0.5870577096939087
20260722,901,L14->L01,0.469390332698822,0.8089041709899902,0.5802792906761169
20260722,902,L06->L19,0.4692094624042511,0.5981011986732483,0.7844984531402588
20260722,903,L08->L03,0.4691991806030273,0.6980121731758118,0.6721934080123901
20260722,904,L14->L05,0.4688887596130371,0.8089041709899902,0.5796592235565186
20260722,905,L06->L07,0.4683747589588165,0.5981011986732483,0.7831028699874878
20260722,906,L12->L34,0.4679204523563385,0.7855491042137146,0.5956603288650513
20260722,907,L12->L35,0.4679204523563385,0.7855491042137146,0.5956603288650513
20260722,908,L29->L10,0.4676484763622284,0.6422252058982849,0.7281689643859863
20260722,909,L31->L29,0.4675952792167663,0.7385841012001038,0.6330968737602234
20260722,910,L32->L14,0.4672719836235046,0.6636078357696533,0.7041387557983398
20260722,911,L33->L14,0.4672719836235046,0.6636078357696533,0.7041387557983398
20260722,912,L18->L04,0.4666361510753631,0.8009834289550781,0.5825790166854858
20260722,913,L29->L03,0.4660269021987915,0.6422252058982849,0.725644052028656
20260722,914,L34->L38,0.4660017490386963,0.5823519229888916,0.8002064228057861
20260722,915,L35->L38,0.4660017490386963,0.5823519229888916,0.8002064228057861
20260722,916,L32->L15,0.4658251404762268,0.6636078357696533,0.7019584774971008
20260722,917,L33->L15,0.4658251404762268,0.6636078357696533,0.7019584774971008
20260722,918,L06->L30,0.4657261073589325,0.5981011986732483,0.7786744236946106
20260722,919,L03->L08,0.465677797794342,0.7483681440353394,0.622257649898529
20260722,920,L19->L05,0.4650291502475738,0.7600938081741333,0.6118049621582031
20260722,921,L06->L09,0.4648122787475586,0.5981011986732483,0.7771465182304382
20260722,922,L09->L14,0.4645651280879974,0.6590135097503662,0.7049401998519897
20260722,923,L32->L29,0.4643650352954864,0.6636078357696533,0.6997582316398621
20260722,924,L33->L29,0.4643650352954864,0.6636078357696533,0.6997582316398621
20260722,925,L16->L09,0.464048832654953,0.8490318655967712,0.5465623140335083
20260722,926,L29->L14,0.4639423489570617,0.6422252058982849,0.7223982214927673
20260722,927,L25->L13,0.4638499319553375,0.8441300988197327,0.5495005249977112
20260722,928,L26->L13,0.4638499319553375,0.8441300988197327,0.5495005249977112
20260722,929,L20->L07,0.46358123421669,0.7709289789199829,0.6013280749320984
20260722,930,L24->L15,0.4632636308670044,0.6659960746765137,0.6955951452255249
20260722,931,L01->L22,0.4631910324096679,0.5764813423156738,0.8034796714782715
20260722,932,L32->L22,0.4630014896392822,0.6636078357696533,0.69770348072052
20260722,933,L33->L22,0.4630014896392822,0.6636078357696533,0.69770348072052
20260722,934,L23->L34,0.4629167318344116,0.8644265532493591,0.5355188846588135
20260722,935,L23->L35,0.4629167318344116,0.8644265532493591,0.5355188846588135
20260722,936,L09->L15,0.4628902971744537,0.6590135097503662,0.7023987770080566
20260722,937,L06->L22,0.4628460109233856,0.5981011986732483,0.7738590240478516
20260722,938,L04->L31,0.4628101587295532,0.6215652823448181,0.7445881962776184
20260722,939,L03->L02,0.4626543819904327,0.7483681440353394,0.6182176470756531
20260722,940,L13->L36,0.4625576138496399,0.7620704174041748,0.6069748997688293
20260722,941,L13->L37,0.4625576138496399,0.7620704174041748,0.6069748997688293
20260722,942,L01->L38,0.4624043703079223,0.5764813423156738,0.8021150827407837
20260722,943,L16->L04,0.4621894955635071,0.8490318655967712,0.5443723797798157
20260722,944,L20->L09,0.4621758759021759,0.7709289789199829,0.5995051264762878
20260722,945,L22->L07,0.4621697664260864,0.7631415128707886,0.6056147813796997
20260722,946,L24->L14,0.4617713391780853,0.6659960746765137,0.6933544278144836
20260722,947,L09->L29,0.4617353975772857,0.6590135097503662,0.7006463408470154
20260722,948,L17->L09,0.461727887392044,0.8585318326950073,0.5378110408782959
20260722,949,L03->L34,0.4612094163894653,0.7483681440353394,0.6162868142127991
20260722,950,L03->L35,0.4612094163894653,0.7483681440353394,0.6162868142127991
20260722,951,L11->L08,0.461057037115097,0.6582065224647522,0.700474739074707
20260722,952,L38->L09,0.4609467387199402,0.7901803255081177,0.5833437442779541
20260722,953,L38->L04,0.4607084393501282,0.7901803255081177,0.5830421447753906
20260722,954,L18->L09,0.46066415309906,0.8009834289550781,0.5751231908798218
20260722,955,L20->L05,0.4605293571949005,0.7709289789199829,0.597369372844696
20260722,956,L17->L04,0.4604194164276123,0.8585318326950073,0.5362869501113892
20260722,957,L19->L09,0.4602662920951843,0.7600938081741333,0.6055387854576111
20260722,958,L23->L02,0.4597536325454712,0.8644265532493591,0.5318596959114075
20260722,959,L24->L22,0.4595058560371399,0.6659960746765137,0.6899527907371521
20260722,960,L22->L19,0.4595027863979339,0.7631415128707886,0.602120041847229
20260722,961,L15->L05,0.4591909050941467,0.8225339651107788,0.5582637786865234
20260722,962,L12->L04,0.4587120115756988,0.7855491042137146,0.5839380621910095
20260722,963,L24->L29,0.4586988091468811,0.6659960746765137,0.6887410283088684
20260722,964,L20->L12,0.4585618376731872,0.7709289789199829,0.5948172211647034
20260722,965,L29->L24,0.4584949910640716,0.6422252058982849,0.7139162421226501
20260722,966,L24->L11,0.4582481980323791,0.6659960746765137,0.6880643963813782
20260722,967,L38->L30,0.4578760266304016,0.7901803255081177,0.5794576406478882
20260722,968,L02->L38,0.4577908515930176,0.5718864798545837,0.800492525100708
20260722,969,L16->L02,0.457622081041336,0.8490318655967712,0.5389928221702576
20260722,970,L09->L22,0.4574481546878814,0.6590135097503662,0.6941407918930054
20260722,971,L32->L11,0.4574084281921386,0.6636078357696533,0.6892752051353455
20260722,972,L33->L11,0.4574084281921386,0.6636078357696533,0.6892752051353455
20260722,973,L22->L09,0.4569791555404663,0.7631415128707886,0.5988131165504456
20260722,974,L06->L20,0.4566599130630493,0.5981011986732483,0.7635161280632019
20260722,975,L05->L24,0.4566131234169006,0.6419610381126404,0.7112785577774048
20260722,976,L21->L01,0.4564829170703888,0.8205744624137878,0.5562967658042908
20260722,977,L15->L02,0.4562086164951324,0.8225339651107788,0.5546380281448364
20260722,978,L34->L30,0.4558945000171661,0.5823519229888916,0.7828505039215088
20260722,979,L35->L30,0.4558945000171661,0.5823519229888916,0.7828505039215088
20260722,980,L08->L32,0.4552033245563507,0.6980121731758118,0.6521424055099487
20260722,981,L08->L33,0.4552033245563507,0.6980121731758118,0.6521424055099487
20260722,982,L29->L17,0.4551224708557129,0.6422252058982849,0.7086648941040039
20260722,983,L22->L05,0.4548458755016327,0.7631415128707886,0.5960177183151245
20260722,984,L06->L11,0.4546644985675812,0.5981011986732483,0.760179877281189
20260722,985,L11->L27,0.4546376764774322,0.6582065224647522,0.6907219290733337
20260722,986,L18->L01,0.4545287787914276,0.8009834289550781,0.5674633979797363
20260722,987,L21->L13,0.4543628990650177,0.8205744624137878,0.5537132024765015
20260722,988,L30->L12,0.4540372490882873,0.7603375315666199,0.5971522331237793
20260722,989,L19->L04,0.4538087546825409,0.7600938081741333,0.5970430970191956
20260722,990,L34->L16,0.4535424411296844,0.5823519229888916,0.7788116335868835
20260722,991,L35->L16,0.4535424411296844,0.5823519229888916,0.7788116335868835
20260722,992,L30->L05,0.4527722895145416,0.7603375315666199,0.5954885482788086
20260722,993,L15->L30,0.4523404538631439,0.8225339651107788,0.5499352812767029
20260722,994,L32->L18,0.4522620439529419,0.6636078357696533,0.6815200448036194
20260722,995,L33->L18,0.4522620439529419,0.6636078357696533,0.6815200448036194
20260722,996,L34->L17,0.4521153569221496,0.5823519229888916,0.7763610482215881
20260722,997,L35->L17,0.4521153569221496,0.5823519229888916,0.7763610482215881
20260722,998,L22->L12,0.45180743932724,0.7631415128707886,0.592036247253418
20260722,999,L09->L32,0.4515770673751831,0.6590135097503662,0.6852318644523621
20260722,1000,L09->L33,0.4515770673751831,0.6590135097503662,0.6852318644523621
20260722,1001,L08->L24,0.4514864087104797,0.6980121731758118,0.6468173861503601
20260722,1002,L20->L04,0.4514508247375488,0.7709289789199829,0.5855932831764221
20260722,1003,L13->L04,0.4514414966106415,0.7620704174041748,0.5923881530761719
20260722,1004,L09->L11,0.4511373043060303,0.6590135097503662,0.6845645904541016
20260722,1005,L04->L13,0.4502921402454376,0.6215652823448181,0.7244486808776855
20260722,1006,L13->L05,0.4500720202922821,0.7620704174041748,0.5905911326408386
20260722,1007,L12->L01,0.4499843418598175,0.7855491042137146,0.5728277564048767
20260722,1008,L02->L16,0.4493670463562011,0.5718864798545837,0.7857626676559448
20260722,1009,L25->L02,0.4492754638195038,0.8441300988197327,0.5322348475456238
20260722,1010,L26->L02,0.4492754638195038,0.8441300988197327,0.5322348475456238
20260722,1011,L15->L24,0.4491728246212005,0.8225339651107788,0.5460842251777649
20260722,1012,L06->L31,0.4488754570484161,0.5981011986732483,0.7505008578300476
20260722,1013,L14->L28,0.4487672448158264,0.8089041709899902,0.5547841787338257
20260722,1014,L36->L08,0.4486890435218811,0.6875248551368713,0.6526150107383728
20260722,1015,L37->L08,0.4486890435218811,0.6875248551368713,0.6526150107383728
20260722,1016,L30->L29,0.4482706487178802,0.7603375315666199,0.5895679593086243
20260722,1017,L02->L30,0.4479942917823791,0.5718864798545837,0.7833622694015503
20260722,1018,L24->L18,0.4478161633014679,0.6659960746765137,0.6724005937576294
20260722,1019,L01->L30,0.4472067952156067,0.5764813423156738,0.7757524251937866
20260722,1020,L04->L06,0.4471610486507416,0.6215652823448181,0.7194112539291382
20260722,1021,L05->L06,0.4468606114387512,0.6419610381126404,0.6960868239402771
20260722,1022,L30->L32,0.4462200701236725,0.7603375315666199,0.5868710279464722
20260722,1023,L30->L33,0.4462200701236725,0.7603375315666199,0.5868710279464722
20260722,1024,L18->L34,0.4459084570407867,0.8009834289550781,0.5567012429237366
20260722,1025,L18->L35,0.4459084570407867,0.8009834289550781,0.5567012429237366
20260722,1026,L22->L04,0.4458461701869964,0.7631415128707886,0.5842247605323792
20260722,1027,L02->L17,0.4455220699310303,0.5718864798545837,0.7790393233299255
20260722,1028,L01->L08,0.445356011390686,0.5764813423156738,0.7725419402122498
20260722,1029,L38->L01,0.4452640116214752,0.7901803255081177,0.5634967088699341
20260722,1030,L30->L09,0.4451067447662353,0.7603375315666199,0.5854067802429199
20260722,1031,L03->L04,0.4448633790016174,0.7483681440353394,0.5944445729255676
20260722,1032,L25->L06,0.4447215795516968,0.8441300988197327,0.526840090751648
20260722,1033,L26->L06,0.4447215795516968,0.8441300988197327,0.526840090751648
20260722,1034,L09->L18,0.4446019828319549,0.6590135097503662,0.6746477484703064
20260722,1035,L07->L27,0.4443274140357971,0.7554130554199219,0.5881913304328918
20260722,1036,L12->L30,0.4440549314022064,0.7855491042137146,0.5652796626091003
20260722,1037,L30->L04,0.4429745972156524,0.7603375315666199,0.5826025605201721
20260722,1038,L21->L02,0.4429073929786682,0.8205744624137878,0.5397528409957886
20260722,1039,L11->L09,0.4424645900726318,0.6582065224647522,0.6722276210784912
20260722,1040,L09->L08,0.4414834380149841,0.6590135097503662,0.6699156165122986
20260722,1041,L06->L01,0.4411857426166534,0.5981011986732483,0.7376439571380615
20260722,1042,L14->L02,0.4411032199859619,0.8089041709899902,0.5453096032142639
20260722,1043,L31->L12,0.4406803548336029,0.7385841012001038,0.5966556072235107
20260722,1044,L12->L02,0.440550148487091,0.7855491042137146,0.560818076133728
20260722,1045,L29->L32,0.4403664767742157,0.6422252058982849,0.6856885552406311
20260722,1046,L29->L33,0.4403664767742157,0.6422252058982849,0.6856885552406311
20260722,1047,L11->L05,0.4401915371417999,0.6582065224647522,0.6687741875648499
20260722,1048,L29->L11,0.4398339688777923,0.6422252058982849,0.6848593950271606
20260722,1049,L31->L05,0.4398300349712372,0.7385841012001038,0.5955043435096741
20260722,1050,L38->L34,0.4395533800125122,0.7901803255081177,0.5562697052955627
20260722,1051,L38->L35,0.4395533800125122,0.7901803255081177,0.5562697052955627
20260722,1052,L14->L19,0.4390509724617004,0.8089041709899902,0.5427725315093994
20260722,1053,L01->L36,0.4386101067066192,0.5764813423156738,0.7608400583267212
20260722,1054,L01->L37,0.4386101067066192,0.5764813423156738,0.7608400583267212
20260722,1055,L05->L32,0.4383183717727661,0.6419610381126404,0.6827803254127502
20260722,1056,L05->L33,0.4383183717727661,0.6419610381126404,0.6827803254127502
20260722,1057,L20->L01,0.4381342828273773,0.7709289789199829,0.5683199167251587
20260722,1058,L03->L07,0.4380808770656585,0.7483681440353394,0.5853815078735352
20260722,1059,L34->L31,0.4375902712345123,0.5823519229888916,0.751418948173523
20260722,1060,L35->L31,0.4375902712345123,0.5823519229888916,0.751418948173523
20260722,1061,L18->L13,0.4368498921394348,0.8009834289550781,0.5453919172286987
20260722,1062,L13->L09,0.4362831115722656,0.7620704174041748,0.5724971294403076
20260722,1063,L34->L10,0.4356897175312042,0.5823519229888916,0.7481553554534912
20260722,1064,L35->L10,0.4356897175312042,0.5823519229888916,0.7481553554534912
20260722,1065,L01->L05,0.4353289008140564,0.5764813423156738,0.7551482915878296
20260722,1066,L31->L09,0.4346741437911987,0.7385841012001038,0.5885235667228699
20260722,1067,L20->L28,0.4344990253448486,0.7709289789199829,0.563604474067688
20260722,1068,L14->L30,0.4340197443962097,0.8089041709899902,0.5365527272224426
20260722,1069,L22->L01,0.4336635768413543,0.7631415128707886,0.5682610273361206
20260722,1070,L08->L05,0.4335868656635284,0.6980121731758118,0.6211737990379333
20260722,1071,L18->L02,0.4331102669239044,0.8009834289550781,0.5407231450080872
20260722,1072,L02->L19,0.4330736100673675,0.5718864798545837,0.7572720050811768
20260722,1073,L38->L13,0.4330430030822754,0.7901803255081177,0.5480306148529053
20260722,1074,L08->L34,0.4330411553382873,0.6980121731758118,0.6203919649124146
20260722,1075,L08->L35,0.4330411553382873,0.6980121731758118,0.6203919649124146
20260722,1076,L01->L31,0.4325078725814819,0.5764813423156738,0.75025475025177
20260722,1077,L06->L24,0.432467371225357,0.5981011986732483,0.7230672240257263
20260722,1078,L34->L24,0.4323027729988098,0.5823519229888916,0.7423393726348877
20260722,1079,L35->L24,0.4323027729988098,0.5823519229888916,0.7423393726348877
20260722,1080,L32->L08,0.432230681180954,0.6636078357696533,0.6513345241546631
20260722,1081,L33->L08,0.432230681180954,0.6636078357696533,0.6513345241546631
20260722,1082,L19->L01,0.4319318830966949,0.7600938081741333,0.5682612657546997
20260722,1083,L34->L19,0.4319314658641815,0.5823519229888916,0.7417017817497253
20260722,1084,L35->L19,0.4319314658641815,0.5823519229888916,0.7417017817497253
20260722,1085,L03->L28,0.4312878847122192,0.7483681440353394,0.5763044357299805
20260722,1086,L12->L38,0.4309936761856079,0.7855491042137146,0.5486527681350708
20260722,1087,L11->L25,0.4305716156959533,0.6582065224647522,0.6541588306427002
20260722,1088,L11->L26,0.4305716156959533,0.6582065224647522,0.6541588306427002
20260722,1089,L13->L01,0.4304695725440979,0.7620704174041748,0.5648685097694397
20260722,1090,L11->L04,0.4301849007606506,0.6582065224647522,0.6535713076591492
20260722,1091,L02->L31,0.4301432967185974,0.5718864798545837,0.7521480321884155
20260722,1092,L36->L20,0.4299447238445282,0.6875248551368713,0.6253515481948853
20260722,1093,L37->L20,0.4299447238445282,0.6875248551368713,0.6253515481948853
20260722,1094,L20->L19,0.4298916161060333,0.7709289789199829,0.5576280355453491
20260722,1095,L24->L08,0.4297679662704468,0.6659960746765137,0.6453010439872742
20260722,1096,L30->L01,0.4297465682029724,0.7603375315666199,0.5652049779891968
20260722,1097,L31->L04,0.4297457337379455,0.7385841012001038,0.5818507671356201
20260722,1098,L02->L10,0.4294010996818542,0.5718864798545837,0.750850260257721
20260722,1099,L13->L34,0.4291809797286987,0.7620704174041748,0.5631775856018066
20260722,1100,L13->L35,0.4291809797286987,0.7620704174041748,0.5631775856018066
20260722,1101,L20->L13,0.4282561242580414,0.7709289789199829,0.5555065870285034
20260722,1102,L03->L19,0.4275091588497162,0.7483681440353394,0.5712551474571228
20260722,1103,L30->L34,0.4271667301654815,0.7603375315666199,0.5618119835853577
20260722,1104,L30->L35,0.4271667301654815,0.7603375315666199,0.5618119835853577
20260722,1105,L27->L07,0.4270261526107788,0.8124850988388062,0.5255802869796753
20260722,1106,L02->L24,0.4259060323238373,0.5718864798545837,0.744738757610321
20260722,1107,L14->L25,0.4258478581905365,0.8089041709899902,0.5264503359794617
20260722,1108,L14->L26,0.4258478581905365,0.8089041709899902,0.5264503359794617
20260722,1109,L31->L34,0.4257133901119232,0.7385841012001038,0.5763912200927734
20260722,1110,L31->L35,0.4257133901119232,0.7385841012001038,0.5763912200927734
20260722,1111,L34->L07,0.4253838658332824,0.5823519229888916,0.7304584383964539
20260722,1112,L35->L07,0.4253838658332824,0.5823519229888916,0.7304584383964539
20260722,1113,L34->L21,0.425221174955368,0.5823519229888916,0.7301790714263916
20260722,1114,L35->L21,0.425221174955368,0.5823519229888916,0.7301790714263916
20260722,1115,L03->L13,0.4249453544616699,0.7483681440353394,0.5678293108940125
20260722,1116,L04->L24,0.4247894883155823,0.6215652823448181,0.6834189295768738
20260722,1117,L05->L29,0.4245480895042419,0.6419610381126404,0.661329984664917
20260722,1118,L22->L27,0.4226895272731781,0.7631415128707886,0.5538809299468994
20260722,1119,L22->L13,0.4226233065128326,0.7631415128707886,0.5537941455841064
20260722,1120,L16->L19,0.4216088652610779,0.8490318655967712,0.4965760111808777
20260722,1121,L19->L27,0.4201493263244629,0.7600938081741333,0.5527598261833191
20260722,1122,L02->L03,0.4197461009025574,0.5718864798545837,0.7339675426483154
20260722,1123,L04->L32,0.4197036623954773,0.6215652823448181,0.6752366423606873
20260722,1124,L04->L33,0.4197036623954773,0.6215652823448181,0.6752366423606873
20260722,1125,L08->L29,0.4182823598384857,0.6980121731758118,0.599247932434082
20260722,1126,L20->L02,0.4182511270046234,0.7709289789199829,0.5425287485122681
20260722,1127,L02->L07,0.4181830286979675,0.5718864798545837,0.7312343120574951
20260722,1128,L14->L38,0.4181550741195678,0.8089041709899902,0.516940176486969
20260722,1129,L34->L03,0.4181089401245117,0.5823519229888916,0.7179660797119141
20260722,1130,L35->L03,0.4181089401245117,0.5823519229888916,0.7179660797119141
20260722,1131,L31->L01,0.4180721342563629,0.7385841012001038,0.5660454034805298
20260722,1132,L12->L31,0.4179761707782745,0.7855491042137146,0.5320815443992615
20260722,1133,L18->L06,0.4172354340553283,0.8009834289550781,0.5209039449691772
20260722,1134,L02->L21,0.41721972823143,0.5718864798545837,0.7295498847961426
20260722,1135,L22->L29,0.4169498383998871,0.7631415128707886,0.5463597774505615
20260722,1136,L30->L13,0.4166612327098846,0.7603375315666199,0.5479950904846191
20260722,1137,L19->L28,0.4156644344329834,0.7600938081741333,0.5468593835830688
20260722,1138,L34->L29,0.4155843555927276,0.5823519229888916,0.7136309742927551
20260722,1139,L35->L29,0.4155843555927276,0.5823519229888916,0.7136309742927551
20260722,1140,L38->L02,0.4152267575263977,0.7901803255081177,0.5254835486412048
20260722,1141,L12->L11,0.4149114787578583,0.7855491042137146,0.5281801819801331
20260722,1142,L29->L20,0.414151132106781,0.6422252058982849,0.6448690295219421
20260722,1143,L29->L18,0.4139590859413147,0.6422252058982849,0.644569993019104
20260722,1144,L22->L02,0.4134929180145263,0.7631415128707886,0.5418299436569214
20260722,1145,L20->L27,0.4134105741977691,0.7709289789199829,0.5362498760223389
20260722,1146,L19->L02,0.413329005241394,0.7600938081741333,0.5437868237495422
20260722,1147,L38->L06,0.4125863909721374,0.7901803255081177,0.5221420526504517
20260722,1148,L20->L30,0.4124507009983063,0.7709289789199829,0.5350047945976257
20260722,1149,L36->L34,0.4118846356868744,0.6875248551368713,0.5990832448005676
20260722,1150,L36->L35,0.4118846356868744,0.6875248551368713,0.5990832448005676
20260722,1151,L37->L34,0.4118846356868744,0.6875248551368713,0.5990832448005676
20260722,1152,L37->L35,0.4118846356868744,0.6875248551368713,0.5990832448005676
20260722,1153,L13->L06,0.4118373692035675,0.7620704174041748,0.5404190421104431
20260722,1154,L36->L12,0.4114768803119659,0.6875248551368713,0.5984901785850525
20260722,1155,L37->L12,0.4114768803119659,0.6875248551368713,0.5984901785850525
20260722,1156,L32->L20,0.4114269018173218,0.6636078357696533,0.6199849843978882
20260722,1157,L33->L20,0.4114269018173218,0.6636078357696533,0.6199849843978882
20260722,1158,L34->L15,0.4108294248580932,0.5823519229888916,0.7054659128189087
20260722,1159,L35->L15,0.4108294248580932,0.5823519229888916,0.7054659128189087
20260722,1160,L01->L24,0.4106255173683166,0.5764813423156738,0.7122963070869446
20260722,1161,L34->L22,0.4101474583148956,0.5823519229888916,0.7042948603630066
20260722,1162,L35->L22,0.4101474583148956,0.5823519229888916,0.7042948603630066
20260722,1163,L29->L08,0.409976601600647,0.6422252058982849,0.6383689045906067
20260722,1164,L36->L05,0.4096294641494751,0.6875248551368713,0.5958031415939331
20260722,1165,L37->L05,0.4096294641494751,0.6875248551368713,0.5958031415939331
20260722,1166,L19->L34,0.4095343649387359,0.7600938081741333,0.5387945175170898
20260722,1167,L19->L35,0.4095343649387359,0.7600938081741333,0.5387945175170898
20260722,1168,L34->L14,0.4095310270786285,0.5823519229888916,0.7032363414764404
20260722,1169,L35->L14,0.4095310270786285,0.5823519229888916,0.7032363414764404
20260722,1170,L23->L30,0.4094899296760559,0.8644265532493591,0.4737128019332886
20260722,1171,L22->L25,0.4088880717754364,0.7631415128707886,0.5357958674430847
20260722,1172,L22->L26,0.4088880717754364,0.7631415128707886,0.5357958674430847
20260722,1173,L06->L32,0.40885990858078,0.5981011986732483,0.6835965514183044
20260722,1174,L06->L33,0.40885990858078,0.5981011986732483,0.6835965514183044
20260722,1175,L22->L30,0.4077664017677307,0.7631415128707886,0.5343260765075684
20260722,1176,L16->L29,0.4074473679065704,0.8490318655967712,0.4798964262008667
20260722,1177,L06->L29,0.4071527421474457,0.5981011986732483,0.6807422041893005
20260722,1178,L24->L20,0.4063600599765777,0.6659960746765137,0.61015385389328
20260722,1179,L19->L30,0.4062623083591461,0.7600938081741333,0.5344896912574768
20260722,1180,L31->L13,0.4062026441097259,0.7385841012001038,0.549974799156189
20260722,1181,L02->L14,0.4056642949581146,0.5718864798545837,0.7093440890312195
20260722,1182,L20->L34,0.4053877294063568,0.7709289789199829,0.5258431434631348
20260722,1183,L20->L35,0.4053877294063568,0.7709289789199829,0.5258431434631348
20260722,1184,L06->L36,0.4052916467189789,0.5981011986732483,0.6776305437088013
20260722,1185,L06->L37,0.4052916467189789,0.5981011986732483,0.6776305437088013
20260722,1186,L38->L33,0.4051202833652496,0.7901803255081177,0.512693464756012
20260722,1187,L38->L32,0.4051201939582824,0.7901803255081177,0.5126933455467224
20260722,1188,L03->L06,0.4044937789440155,0.7483681440353394,0.540501058101654
20260722,1189,L02->L29,0.404449462890625,0.5718864798545837,0.7072198390960693
20260722,1190,L02->L15,0.4041278660297394,0.5718864798545837,0.7066574692726135
20260722,1191,L09->L20,0.4039995372295379,0.6590135097503662,0.6130368113517761
20260722,1192,L16->L30,0.4039950370788574,0.8490318655967712,0.4758302271366119
20260722,1193,L16->L24,0.4035833477973938,0.8490318655967712,0.4753453433513641
20260722,1194,L24->L36,0.403451144695282,0.6659960746765137,0.6057860851287842
20260722,1195,L24->L37,0.403451144695282,0.6659960746765137,0.6057860851287842
20260722,1196,L30->L02,0.4031996130943298,0.7603375315666199,0.5302903056144714
20260722,1197,L20->L06,0.4030247330665588,0.7709289789199829,0.5227780342102051
20260722,1198,L12->L29,0.4026651382446289,0.7855491042137146,0.5125906467437744
20260722,1199,L12->L24,0.4026612937450409,0.7855491042137146,0.5125857591629028
20260722,1200,L05->L34,0.4025695025920868,0.6419610381126404,0.6270933747291565
20260722,1201,L05->L35,0.4025695025920868,0.6419610381126404,0.6270933747291565
20260722,1202,L32->L36,0.4023787677288055,0.6636078357696533,0.6063502430915833
20260722,1203,L32->L37,0.4023787677288055,0.6636078357696533,0.6063502430915833
20260722,1204,L33->L36,0.4023787677288055,0.6636078357696533,0.6063502430915833
20260722,1205,L33->L37,0.4023787677288055,0.6636078357696533,0.6063502430915833
20260722,1206,L01->L04,0.4022088050842285,0.5764813423156738,0.6976961493492126
20260722,1207,L30->L06,0.4021050631999969,0.7603375315666199,0.5288507342338562
20260722,1208,L36->L09,0.4016560614109039,0.6875248551368713,0.5842058658599854
20260722,1209,L37->L09,0.4016560614109039,0.6875248551368713,0.5842058658599854
20260722,1210,L04->L03,0.401641845703125,0.6215652823448181,0.6461780667304993
20260722,1211,L34->L11,0.4014454782009125,0.5823519229888916,0.6893520355224609
20260722,1212,L35->L11,0.4014454782009125,0.5823519229888916,0.6893520355224609
20260722,1213,L02->L22,0.4012436866760254,0.5718864798545837,0.7016142010688782
20260722,1214,L34->L18,0.4011956751346588,0.5823519229888916,0.6889230608940125
20260722,1215,L35->L18,0.4011956751346588,0.5823519229888916,0.6889230608940125
20260722,1216,L04->L29,0.4009937644004822,0.6215652823448181,0.6451354026794434
20260722,1217,L36->L04,0.4008783400058746,0.6875248551368713,0.583074688911438
20260722,1218,L37->L04,0.4008783400058746,0.6875248551368713,0.583074688911438
20260722,1219,L06->L02,0.4006358087062835,0.5981011986732483,0.6698461771011353
20260722,1220,L20->L25,0.4000102281570434,0.7709289789199829,0.5188677906990051
20260722,1221,L20->L26,0.4000102281570434,0.7709289789199829,0.5188677906990051
20260722,1222,L24->L12,0.3998131453990936,0.6659960746765137,0.6003235578536987
20260722,1223,L34->L32,0.3993822932243347,0.5823519229888916,0.6858091950416565
20260722,1224,L34->L33,0.3993822932243347,0.5823519229888916,0.6858091950416565
20260722,1225,L35->L32,0.3993822932243347,0.5823519229888916,0.6858091950416565
20260722,1226,L35->L33,0.3993822932243347,0.5823519229888916,0.6858091950416565
20260722,1227,L29->L15,0.3989684879779815,0.6422252058982849,0.6212283372879028
20260722,1228,L03->L30,0.3988861441612243,0.7483681440353394,0.5330079197883606
20260722,1229,L09->L36,0.3987685143947601,0.6590135097503662,0.6050991415977478
20260722,1230,L09->L37,0.3987685143947601,0.6590135097503662,0.6050991415977478
20260722,1231,L05->L03,0.3985114097595215,0.6419610381126404,0.6207719445228577
20260722,1232,L20->L22,0.3982208967208862,0.7709289789199829,0.5165467858314514
20260722,1233,L06->L12,0.3981210887432098,0.5981011986732483,0.6656416654586792
20260722,1234,L32->L12,0.3978537321090698,0.6636078357696533,0.5995314121246338
20260722,1235,L33->L12,0.3978537321090698,0.6636078357696533,0.5995314121246338
20260722,1236,L31->L02,0.3978292047977447,0.7385841012001038,0.538637638092041
20260722,1237,L20->L38,0.3971562385559082,0.7709289789199829,0.5151658058166504
20260722,1238,L24->L05,0.396658182144165,0.6659960746765137,0.595586359500885
20260722,1239,L02->L11,0.3964022397994995,0.5718864798545837,0.6931484937667847
20260722,1240,L13->L02,0.3960205614566803,0.7620704174041748,0.5196639895439148
20260722,1241,L14->L32,0.3959049880504608,0.8089041709899902,0.4894337356090545
20260722,1242,L14->L33,0.3959049880504608,0.8089041709899902,0.4894337356090545
20260722,1243,L22->L06,0.3956689238548279,0.7631415128707886,0.5184738636016846
20260722,1244,L32->L05,0.3953339755535126,0.6636078357696533,0.5957343578338623
20260722,1245,L33->L05,0.3953339755535126,0.6636078357696533,0.5957343578338623
20260722,1246,L11->L34,0.393967717885971,0.6582065224647522,0.5985472798347473
20260722,1247,L11->L35,0.393967717885971,0.6582065224647522,0.5985472798347473
20260722,1248,L02->L18,0.393466591835022,0.5718864798545837,0.6880152225494385
20260722,1249,L01->L32,0.39336097240448,0.5764813423156738,0.6823481321334839
20260722,1250,L01->L33,0.39336097240448,0.5764813423156738,0.6823481321334839
20260722,1251,L22->L38,0.3932105600833893,0.7631415128707886,0.5152524709701538
20260722,1252,L11->L06,0.3929786086082458,0.6582065224647522,0.5970445275306702
20260722,1253,L19->L38,0.3923647701740265,0.7600938081741333,0.5162057280540466
20260722,1254,L02->L32,0.3923597633838653,0.5718864798545837,0.6860798001289368
20260722,1255,L02->L33,0.3923597633838653,0.5718864798545837,0.6860798001289368
20260722,1256,L19->L25,0.3919161260128021,0.7600938081741333,0.5156154632568359
20260722,1257,L19->L26,0.3919161260128021,0.7600938081741333,0.5156154632568359
20260722,1258,L04->L05,0.3914830088615417,0.6215652823448181,0.6298341155052185
20260722,1259,L03->L25,0.3910265862941742,0.7483681440353394,0.5225056409835815
20260722,1260,L03->L26,0.3910265862941742,0.7483681440353394,0.5225056409835815
20260722,1261,L14->L31,0.3899042308330536,0.8089041709899902,0.4820153713226318
20260722,1262,L24->L04,0.3893283903598785,0.6659960746765137,0.5845806002616882
20260722,1263,L11->L30,0.3888510763645172,0.6582065224647522,0.5907736420631409
20260722,1264,L31->L06,0.3885741531848907,0.7385841012001038,0.5261068344116211
20260722,1265,L09->L12,0.3883969783782959,0.6590135097503662,0.5893611907958984
20260722,1266,L36->L01,0.3878462612628937,0.6875248551368713,0.5641196370124817
20260722,1267,L37->L01,0.3878462612628937,0.6875248551368713,0.5641196370124817
20260722,1268,L04->L34,0.387461245059967,0.6215652823448181,0.623363733291626
20260722,1269,L04->L35,0.387461245059967,0.6215652823448181,0.623363733291626
20260722,1270,L32->L04,0.3874342143535614,0.6636078357696533,0.5838300585746765
20260722,1271,L33->L04,0.3874342143535614,0.6636078357696533,0.5838300585746765
20260722,1272,L09->L05,0.38723224401474,0.6590135097503662,0.5875937938690186
20260722,1273,L14->L29,0.3869216740131378,0.8089041709899902,0.4783281981945038
20260722,1274,L18->L22,0.3860243260860443,0.8009834289550781,0.481937974691391
20260722,1275,L32->L09,0.3855563998222351,0.6636078357696533,0.5810003876686096
20260722,1276,L33->L09,0.3855563998222351,0.6636078357696533,0.5810003876686096
20260722,1277,L03->L38,0.3839227259159088,0.7483681440353394,0.5130131840705872
20260722,1278,L11->L01,0.38386932015419,0.6582065224647522,0.583204984664917
20260722,1279,L11->L38,0.3838177621364593,0.6582065224647522,0.5831266641616821
20260722,1280,L29->L12,0.3825608193874359,0.6422252058982849,0.5956801772117615
20260722,1281,L01->L29,0.382379949092865,0.5764813423156738,0.6632997989654541
20260722,1282,L29->L05,0.3821498453617096,0.6422252058982849,0.5950402617454529
20260722,1283,L14->L24,0.3808613717556,0.8089041709899902,0.4708362221717834
20260722,1284,L24->L09,0.3802414834499359,0.6659960746765137,0.5709365010261536
20260722,1285,L09->L04,0.379892885684967,0.6590135097503662,0.5764569044113159
20260722,1286,L34->L08,0.379688948392868,0.5823519229888916,0.6519922614097595
20260722,1287,L35->L08,0.379688948392868,0.5823519229888916,0.6519922614097595
20260722,1288,L20->L32,0.378844141960144,0.7709289789199829,0.491412490606308
20260722,1289,L20->L33,0.378844141960144,0.7709289789199829,0.491412490606308
20260722,1290,L19->L06,0.3784561455249786,0.7600938081741333,0.4979071617126465
20260722,1291,L19->L29,0.3780843317508697,0.7600938081741333,0.4974179863929748
20260722,1292,L29->L37,0.3779030740261078,0.6422252058982849,0.5884276628494263
20260722,1293,L29->L36,0.3779030442237854,0.6422252058982849,0.5884276032447815
20260722,1294,L02->L08,0.3778094351291656,0.5718864798545837,0.6606371402740479
20260722,1295,L36->L13,0.3770386576652527,0.6875248551368713,0.5484000444412231
20260722,1296,L37->L13,0.3770386576652527,0.6875248551368713,0.5484000444412231
20260722,1297,L34->L35,0.3759121000766754,0.5823519229888916,0.645506739616394
20260722,1298,L35->L34,0.3759121000766754,0.5823519229888916,0.645506739616394
20260722,1299,L29->L04,0.3758261799812317,0.6422252058982849,0.5851937532424927
20260722,1300,L12->L32,0.3753052949905395,0.7855491042137146,0.4777617156505584
20260722,1301,L12->L33,0.3753052651882171,0.7855491042137146,0.4777616858482361
20260722,1302,L29->L06,0.375119537115097,0.6422252058982849,0.584093451499939
20260722,1303,L01->L06,0.3746357560157776,0.5764813423156738,0.6498662233352661
20260722,1304,L24->L34,0.374627947807312,0.6659960746765137,0.5625077486038208
20260722,1305,L24->L35,0.374627947807312,0.6659960746765137,0.5625077486038208
20260722,1306,L09->L01,0.3741304278373718,0.6590135097503662,0.5677128434181213
20260722,1307,L24->L06,0.3738557398319244,0.6659960746765137,0.5613482594490051
20260722,1308,L03->L27,0.3737963736057281,0.7483681440353394,0.4994819462299347
20260722,1309,L32->L01,0.3736942410469055,0.6636078357696533,0.5631251335144043
20260722,1310,L33->L01,0.3736942410469055,0.6636078357696533,0.5631251335144043
20260722,1311,L19->L32,0.3734458386898041,0.7600938081741333,0.4913154542446136
20260722,1312,L19->L33,0.3734458088874817,0.7600938081741333,0.4913154244422912
20260722,1313,L22->L32,0.3732472062110901,0.7631415128707886,0.4890930354595184
20260722,1314,L22->L33,0.3732472062110901,0.7631415128707886,0.4890930354595184
20260722,1315,L32->L34,0.3730372488498688,0.6636078357696533,0.5621351003646851
20260722,1316,L32->L35,0.3730372488498688,0.6636078357696533,0.5621351003646851
20260722,1317,L33->L34,0.3730372488498688,0.6636078357696533,0.5621351003646851
20260722,1318,L33->L35,0.3730372488498688,0.6636078357696533,0.5621351003646851
20260722,1319,L24->L01,0.3729068040847778,0.6659960746765137,0.5599234104156494
20260722,1320,L11->L02,0.372039645910263,0.6582065224647522,0.5652323961257935
20260722,1321,L06->L13,0.3713671863079071,0.5981011986732483,0.6209102869033813
20260722,1322,L20->L31,0.3707916140556335,0.7709289789199829,0.4809672832489013
20260722,1323,L09->L34,0.3702739477157593,0.6590135097503662,0.5618609189987183
20260722,1324,L09->L35,0.3702739477157593,0.6590135097503662,0.5618609189987183
20260722,1325,L11->L31,0.3684240579605102,0.6582065224647522,0.5597392916679382
20260722,1326,L29->L34,0.3683009743690491,0.6422252058982849,0.5734763741493225
20260722,1327,L29->L35,0.3683009743690491,0.6422252058982849,0.5734763741493225
20260722,1328,L03->L32,0.3677666783332824,0.7483681440353394,0.4914247989654541
20260722,1329,L03->L33,0.3677666783332824,0.7483681440353394,0.4914248287677765
20260722,1330,L20->L29,0.3665802478790283,0.7709289789199829,0.4755045771598816
20260722,1331,L22->L31,0.3657105267047882,0.7631415128707886,0.4792171716690063
20260722,1332,L36->L06,0.3656590580940246,0.6875248551368713,0.5318484902381897
20260722,1333,L37->L06,0.3656590580940246,0.6875248551368713,0.5318484902381897
20260722,1334,L19->L31,0.3654642403125763,0.7600938081741333,0.480814665555954
20260722,1335,L03->L29,0.3628300726413727,0.7483681440353394,0.4848283231258392
20260722,1336,L32->L13,0.3627145886421203,0.6636078357696533,0.5465797185897827
20260722,1337,L33->L13,0.3627145886421203,0.6636078357696533,0.5465797185897827
20260722,1338,L34->L20,0.3626635074615478,0.5823519229888916,0.6227566003799438
20260722,1339,L35->L20,0.3626635074615478,0.5823519229888916,0.6227566003799438
20260722,1340,L36->L02,0.3619322776794433,0.6875248551368713,0.5264279246330261
20260722,1341,L37->L02,0.3619322776794433,0.6875248551368713,0.5264279246330261
20260722,1342,L01->L34,0.3610875606536865,0.5764813423156738,0.6263647079467773
20260722,1343,L01->L35,0.3610875606536865,0.5764813423156738,0.6263647079467773
20260722,1344,L20->L24,0.3605276942253113,0.7709289789199829,0.4676535725593567
20260722,1345,L24->L13,0.3601819276809692,0.6659960746765137,0.5408169031143188
20260722,1346,L11->L24,0.3600348532199859,0.6582065224647522,0.5469937324523926
20260722,1347,L22->L24,0.3595665395259857,0.7631415128707886,0.4711662530899048
20260722,1348,L29->L01,0.3585860133171081,0.6422252058982849,0.5583493113517761
20260722,1349,L02->L20,0.3581604659557342,0.5718864798545837,0.6262789368629456
20260722,1350,L32->L06,0.3579973578453064,0.6636078357696533,0.5394712686538696
20260722,1351,L33->L06,0.3579973578453064,0.6636078357696533,0.5394712686538696
20260722,1352,L03->L31,0.3578967452049255,0.7483681440353394,0.4782361984252929
20260722,1353,L29->L09,0.356155127286911,0.6422252058982849,0.5545642375946045
20260722,1354,L19->L24,0.3551258742809295,0.7600938081741333,0.4672132134437561
20260722,1355,L09->L13,0.3547060787677765,0.6590135097503662,0.5382379293441772
20260722,1356,L06->L05,0.3541517853736877,0.5981011986732483,0.5921268463134766
20260722,1357,L11->L29,0.3511914312839508,0.6582065224647522,0.5335581302642822
20260722,1358,L06->L34,0.3510253727436065,0.5981011986732483,0.5868996381759644
20260722,1359,L06->L35,0.3510253727436065,0.5981011986732483,0.5868996381759644
20260722,1360,L34->L36,0.3502534329891205,0.5823519229888916,0.6014463305473328
20260722,1361,L34->L37,0.3502534329891205,0.5823519229888916,0.6014463305473328
20260722,1362,L35->L36,0.3502534329891205,0.5823519229888916,0.6014463305473328
20260722,1363,L35->L37,0.3502534329891205,0.5823519229888916,0.6014463305473328
20260722,1364,L03->L24,0.3495060801506042,0.7483681440353394,0.4670242667198181
20260722,1365,L01->L03,0.3490038812160492,0.5764813423156738,0.6054036021232605
20260722,1366,L34->L12,0.34854656457901,0.5823519229888916,0.5985153317451477
20260722,1367,L35->L12,0.34854656457901,0.5823519229888916,0.5985153317451477
20260722,1368,L02->L36,0.3479629158973694,0.5718864798545837,0.6084475517272949
20260722,1369,L02->L37,0.3479629158973694,0.5718864798545837,0.6084475517272949
20260722,1370,L34->L05,0.3469160497188568,0.5823519229888916,0.5957154631614685
20260722,1371,L35->L05,0.3469160497188568,0.5823519229888916,0.5957154631614685
20260722,1372,L09->L06,0.3466027081012726,0.6590135097503662,0.5259417295455933
20260722,1373,L02->L12,0.3463125824928283,0.5718864798545837,0.6055617332458496
20260722,1374,L09->L02,0.3458634614944458,0.6590135097503662,0.5248199701309204
20260722,1375,L06->L03,0.3451241850852966,0.5981011986732483,0.5770331025123596
20260722,1376,L02->L05,0.3445044755935669,0.5718864798545837,0.6024001240730286
20260722,1377,L32->L02,0.3440958857536316,0.6636078357696533,0.5185229182243347
20260722,1378,L33->L02,0.3440958857536316,0.6636078357696533,0.5185229182243347
20260722,1379,L29->L13,0.3424424231052398,0.6422252058982849,0.5332123637199402
20260722,1380,L29->L21,0.3420445919036865,0.6422252058982849,0.5325928926467896
20260722,1381,L34->L09,0.3400139808654785,0.5823519229888916,0.5838634371757507
20260722,1382,L35->L09,0.3400139808654785,0.5823519229888916,0.5838634371757507
20260722,1383,L34->L04,0.3395973145961761,0.5823519229888916,0.5831479430198669
20260722,1384,L35->L04,0.3395973145961761,0.5823519229888916,0.5831479430198669
20260722,1385,L24->L02,0.3395372331142425,0.6659960746765137,0.5098186731338501
20260722,1386,L02->L09,0.3366627395153045,0.5718864798545837,0.58868807554245
20260722,1387,L02->L01,0.3364973366260528,0.5718864798545837,0.588398814201355
20260722,1388,L02->L04,0.3344398736953735,0.5718864798545837,0.5848011374473572
20260722,1389,L29->L02,0.3321634232997894,0.6422252058982849,0.5172070860862732
20260722,1390,L34->L01,0.3284166157245636,0.5823519229888916,0.5639486908912659
20260722,1391,L35->L01,0.3284166157245636,0.5823519229888916,0.5639486908912659
20260722,1392,L02->L06,0.3250942826271057,0.5718864798545837,0.5684594511985779
20260722,1393,L06->L04,0.3237101435661316,0.5981011986732483,0.5412297248840332
20260722,1394,L02->L34,0.3227315843105316,0.5718864798545837,0.5643280744552612
20260722,1395,L02->L35,0.3227315843105316,0.5718864798545837,0.5643280744552612
20260722,1396,L34->L13,0.3192714750766754,0.5823519229888916,0.5482448935508728
20260722,1397,L35->L13,0.3192714750766754,0.5823519229888916,0.5482448935508728
20260722,1398,L11->L32,0.3176897764205932,0.6582065224647522,0.4826597273349762
20260722,1399,L11->L33,0.3176897764205932,0.6582065224647522,0.4826597273349762
20260722,1400,L02->L13,0.3134714663028717,0.5718864798545837,0.5481358170509338
20260722,1401,L34->L06,0.3100745975971222,0.5823519229888916,0.5324522852897644
20260722,1402,L35->L06,0.3100745975971222,0.5823519229888916,0.5324522852897644
20260722,1403,L29->L22,0.3094228208065033,0.6422252058982849,0.4817980229854584
20260722,1404,L34->L02,0.305922120809555,0.5823519229888916,0.5253217220306396
20260722,1405,L35->L02,0.305922120809555,0.5823519229888916,0.5253217220306396
20260722,1406,L01->L11,0.2984355688095093,0.5764813423156738,0.5176846981048584
20260723,1,L28->L25,0.8175345063209534,0.8638166189193726,0.9464213848114014
20260723,2,L28->L26,0.8175345063209534,0.8638166189193726,0.9464213848114014
20260723,3,L28->L24,0.8152000904083252,0.8638166189193726,0.9437189102172852
20260723,4,L28->L27,0.7717796564102173,0.8638166189193726,0.8934531211853027
20260723,5,L25->L28,0.7700799107551575,0.8368657231330872,0.9201952815055848
20260723,6,L26->L28,0.7700799107551575,0.8368657231330872,0.9201952815055848
20260723,7,L28->L38,0.7644587159156799,0.8638166189193726,0.8849779963493347
20260723,8,L27->L23,0.7633116841316223,0.8034288883209229,0.9500675201416016
20260723,9,L25->L26,0.7516750693321228,0.8368657231330872,0.8982027173042297
20260723,10,L26->L25,0.7516750693321228,0.8368657231330872,0.8982027173042297
20260723,11,L27->L28,0.7500790357589722,0.8034288883209229,0.9335973262786864
20260723,12,L28->L23,0.7448300123214722,0.8638166189193726,0.862254798412323
20260723,13,L25->L23,0.7384136319160461,0.8368657231330872,0.8823561668395996
20260723,14,L26->L23,0.7384136319160461,0.8368657231330872,0.8823561668395996
20260723,15,L27->L24,0.7375223636627197,0.8034288883209229,0.917968451976776
20260723,16,L23->L18,0.7368415594100952,0.8595836162567139,0.8572075366973877
20260723,17,L21->L23,0.7286624908447266,0.8048298358917236,0.9053621888160706
20260723,18,L17->L16,0.727071225643158,0.8476094603538513,0.8577903509140015
20260723,19,L10->L15,0.7248662114143372,0.7908058762550354,0.9166171550750732
20260723,20,L10->L17,0.7245486974716187,0.7908058762550354,0.9162155985832214
20260723,21,L17->L18,0.7237979769706726,0.8476094603538513,0.8539286255836487
20260723,22,L23->L17,0.7229289412498474,0.8595836162567139,0.841022253036499
20260723,23,L27->L16,0.7225315570831299,0.8034288883209229,0.8993098735809326
20260723,24,L27->L14,0.72194904088974,0.8034288883209229,0.8985849022865295
20260723,25,L10->L01,0.721824586391449,0.7908058762550354,0.9127708673477172
20260723,26,L10->L09,0.7206522226333618,0.7908058762550354,0.9112883806228638
20260723,27,L27->L19,0.719618558883667,0.8034288883209229,0.8956841826438904
20260723,28,L10->L14,0.7192438840866089,0.7908058762550354,0.9095075130462646
20260723,29,L10->L16,0.718828022480011,0.7908058762550354,0.9089816212654114
20260723,30,L21->L28,0.7169631719589233,0.8048298358917236,0.8908258080482483
20260723,31,L10->L08,0.7169188857078552,0.7908058762550354,0.9065674543380736
20260723,32,L27->L17,0.7162835001945496,0.8034288883209229,0.8915331363677979
20260723,33,L27->L15,0.7156408429145813,0.8034288883209229,0.8907333016395569
20260723,34,L10->L07,0.7136420011520386,0.7908058762550354,0.9024237394332886
20260723,35,L25->L30,0.7131267189979553,0.8368657231330872,0.852139949798584
20260723,36,L26->L30,0.7131267189979553,0.8368657231330872,0.852139949798584
20260723,37,L27->L06,0.7122030258178711,0.8034288883209229,0.8864543437957764
20260723,38,L27->L21,0.7118480801582336,0.8034288883209229,0.8860125541687012
20260723,39,L17->L15,0.7105679512023926,0.8476094603538513,0.8383200168609619
20260723,40,L18->L28,0.7098574042320251,0.8010093569755554,0.8862036466598511
20260723,41,L27->L29,0.7070013284683228,0.8034288883209229,0.8799799680709839
20260723,42,L10->L27,0.7065907716751099,0.7908058762550354,0.8935072422027588
20260723,43,L10->L02,0.7058053016662598,0.7908058762550354,0.8925139904022217
20260723,44,L23->L21,0.7043479084968567,0.8595836162567139,0.8194059133529663
20260723,45,L10->L18,0.6996777057647705,0.7908058762550354,0.8847654461860657
20260723,46,L07->L23,0.6990788578987122,0.7351940274238586,0.9508766531944276
20260723,47,L10->L23,0.6983282566070557,0.7908058762550354,0.883059024810791
20260723,48,L16->L17,0.697882890701294,0.8342729806900024,0.8365162014961243
20260723,49,L23->L15,0.6978750228881836,0.8595836162567139,0.8118757009506226
20260723,50,L10->L28,0.6971262097358704,0.7908058762550354,0.881538987159729
20260723,51,L10->L05,0.6961286067962646,0.7908058762550354,0.8802775144577026
20260723,52,L18->L23,0.6945560574531555,0.8010093569755554,0.8671010732650757
20260723,53,L28->L07,0.6899403929710388,0.8638166189193726,0.7987116575241089
20260723,54,L12->L17,0.6887239813804626,0.7638887166976929,0.9016025066375732
20260723,55,L17->L23,0.6887089610099792,0.8476094603538513,0.8125309944152832
20260723,56,L21->L27,0.6886926889419556,0.8048298358917236,0.8556997776031494
20260723,57,L10->L21,0.6882488131523132,0.7908058762550354,0.8703132271766663
20260723,58,L21->L25,0.6879580616950989,0.8048298358917236,0.8547869920730591
20260723,59,L21->L26,0.6879580616950989,0.8048298358917236,0.8547869920730591
20260723,60,L07->L28,0.68690425157547,0.7351940274238586,0.9343169927597046
20260723,61,L23->L22,0.6864005923271179,0.8595836162567139,0.7985268235206604
20260723,62,L10->L03,0.6862518787384033,0.7908058762550354,0.8677880167961121
20260723,63,L27->L10,0.685730516910553,0.8034288883209229,0.8535048961639404
20260723,64,L10->L20,0.6848615407943726,0.7908058762550354,0.8660299181938171
20260723,65,L15->L17,0.6819028258323669,0.8128028512001038,0.8389523029327393
20260723,66,L12->L13,0.6818286180496216,0.7638887166976929,0.8925758600234985
20260723,67,L27->L22,0.6817575693130493,0.8034288883209229,0.8485599160194397
20260723,68,L10->L25,0.6810917854309082,0.7908058762550354,0.8612629175186157
20260723,69,L10->L26,0.6810917854309082,0.7908058762550354,0.8612629175186157
20260723,70,L27->L25,0.6803804039955139,0.8034288883209229,0.846845805644989
20260723,71,L27->L26,0.6803804039955139,0.8034288883209229,0.846845805644989
20260723,72,L12->L16,0.6800416707992554,0.7638887166976929,0.8902365565299988
20260723,73,L38->L28,0.676690399646759,0.7881467938423157,0.8585842251777649
20260723,74,L18->L25,0.6761183142662048,0.8010093569755554,0.8440829515457153
20260723,75,L18->L26,0.6761183142662048,0.8010093569755554,0.8440829515457153
20260723,76,L07->L24,0.6758022904396057,0.7351940274238586,0.9192162752151488
20260723,77,L27->L30,0.67299884557724,0.8034288883209229,0.8376582860946655
20260723,78,L10->L04,0.672234058380127,0.7908058762550354,0.8500620722770691
20260723,79,L25->L27,0.6718989610671997,0.8368657231330872,0.8028754591941833
20260723,80,L26->L27,0.6718989610671997,0.8368657231330872,0.8028754591941833
20260723,81,L27->L18,0.6703631281852722,0.8034288883209229,0.8343777060508728
20260723,82,L23->L19,0.6692931056022644,0.8595836162567139,0.7786247730255127
20260723,83,L16->L20,0.6678757071495056,0.8342729806900024,0.8005481362342834
20260723,84,L16->L21,0.6673799753189087,0.8342729806900024,0.7999539375305176
20260723,85,L17->L36,0.6671388745307922,0.8476094603538513,0.787082850933075
20260723,86,L17->L37,0.6671388745307922,0.8476094603538513,0.787082850933075
20260723,87,L38->L23,0.6664695143699646,0.7881467938423157,0.8456159830093384
20260723,88,L15->L18,0.6663437485694885,0.8128028512001038,0.8198097944259644
20260723,89,L28->L30,0.6649389863014221,0.8638166189193726,0.7697686553001404
20260723,90,L28->L32,0.6639495491981506,0.8638166189193726,0.7686232924461365
20260723,91,L28->L33,0.6639495491981506,0.8638166189193726,0.7686232924461365
20260723,92,L25->L38,0.6634849905967712,0.8368657231330872,0.7928213477134705
20260723,93,L26->L38,0.6634849905967712,0.8368657231330872,0.7928213477134705
20260723,94,L23->L20,0.6629652976989746,0.8595836162567139,0.7712633013725281
20260723,95,L17->L28,0.6624293327331543,0.8476094603538513,0.7815266251564026
20260723,96,L07->L16,0.6611138582229614,0.7351940274238586,0.8992372155189514
20260723,97,L31->L38,0.661037027835846,0.7349534630775452,0.899427056312561
20260723,98,L31->L25,0.6600925326347351,0.7349534630775452,0.8981419205665588
20260723,99,L31->L26,0.6600925326347351,0.7349534630775452,0.8981419205665588
20260723,100,L10->L06,0.6600208282470703,0.7908058762550354,0.8346180319786072
20260723,101,L07->L14,0.6597543954849243,0.7351940274238586,0.8973881602287292
20260723,102,L07->L19,0.6585736870765686,0.7351940274238586,0.8957821130752563
20260723,103,L16->L15,0.6584988236427307,0.8342729806900024,0.7893085479736328
20260723,104,L21->L22,0.6566620469093323,0.8048298358917236,0.8159017562866211
20260723,105,L07->L17,0.6553904414176941,0.7351940274238586,0.8914523124694824
20260723,106,L07->L15,0.6539197564125061,0.7351940274238586,0.8894519209861755
20260723,107,L15->L16,0.6534416079521179,0.8128028512001038,0.8039361834526062
20260723,108,L25->L31,0.6528335213661194,0.8368657231330872,0.7800934910774231
20260723,109,L26->L31,0.6528335213661194,0.8368657231330872,0.7800934910774231
20260723,110,L27->L38,0.6526283621788025,0.8034288883209229,0.8123038411140442
20260723,111,L07->L21,0.6513287425041199,0.7351940274238586,0.885927677154541
20260723,112,L18->L27,0.6508437991142273,0.8010093569755554,0.8125295639038086
20260723,113,L17->L14,0.6506314277648926,0.8476094603538513,0.767607569694519
20260723,114,L23->L03,0.6501387357711792,0.8595836162567139,0.7563414573669434
20260723,115,L10->L11,0.6497922539710999,0.7908058762550354,0.8216836452484131
20260723,116,L07->L06,0.6496301889419556,0.7351940274238586,0.8836173415184021
20260723,117,L21->L16,0.6492124199867249,0.8048298358917236,0.8066455721855164
20260723,118,L21->L19,0.6491104960441589,0.8048298358917236,0.8065189123153687
20260723,119,L21->L38,0.6487336158752441,0.8048298358917236,0.8060506582260132
20260723,120,L27->L20,0.6484643816947937,0.8034288883209229,0.8071210980415344
20260723,121,L07->L29,0.6479746103286743,0.7351940274238586,0.8813654184341431
20260723,122,L14->L17,0.6469610929489136,0.7934112548828125,0.8154170513153076
20260723,123,L12->L18,0.6450474262237549,0.7638887166976929,0.8444259166717529
20260723,124,L31->L28,0.644650936126709,0.7349534630775452,0.8771316409111023
20260723,125,L23->L27,0.6444025635719299,0.8595836162567139,0.7496682405471802
20260723,126,L27->L11,0.6427788138389587,0.8034288883209229,0.8000444173812866
20260723,127,L23->L07,0.6423600912094116,0.8595836162567139,0.747292160987854
20260723,128,L17->L03,0.640941858291626,0.8476094603538513,0.7561759352684021
20260723,129,L13->L28,0.6407976150512695,0.7250851392745972,0.8837550282478333
20260723,130,L28->L17,0.6406851410865784,0.8638166189193726,0.7416911721229553
20260723,131,L18->L38,0.6403493881225586,0.8010093569755554,0.7994281053543091
20260723,132,L15->L10,0.6401624083518982,0.8128028512001038,0.7875986099243164
20260723,133,L10->L19,0.6395427584648132,0.7908058762550354,0.8087227940559387
20260723,134,L15->L23,0.6394122838973999,0.8128028512001038,0.786675751209259
20260723,135,L23->L16,0.6376858353614807,0.8595836162567139,0.7418543696403503
20260723,136,L17->L21,0.6368822455406189,0.8476094603538513,0.7513864636421204
20260723,137,L17->L11,0.6359643936157227,0.8476094603538513,0.7503035664558411
20260723,138,L10->L38,0.635307252407074,0.7908058762550354,0.8033668994903564
20260723,139,L23->L10,0.6353039741516113,0.8595836162567139,0.7390834093093872
20260723,140,L16->L14,0.6346704959869385,0.8342729806900024,0.7607467770576477
20260723,141,L31->L23,0.6342888474464417,0.7349534630775452,0.8630326390266418
20260723,142,L27->L31,0.6342058777809143,0.8034288883209229,0.7893739938735962
20260723,143,L12->L21,0.6341466903686523,0.7638887166976929,0.8301558494567871
20260723,144,L15->L14,0.6339409947395325,0.8128028512001038,0.7799443602561951
20260723,145,L15->L36,0.6338724493980408,0.8128028512001038,0.7798600196838379
20260723,146,L15->L37,0.6338724493980408,0.8128028512001038,0.7798600196838379
20260723,147,L28->L03,0.6327763199806213,0.8638166189193726,0.7325354814529419
20260723,148,L17->L12,0.6319551467895508,0.8476094603538513,0.7455734610557556
20260723,149,L31->L30,0.6317757368087769,0.7349534630775452,0.8596132397651672
20260723,150,L17->L08,0.6317428946495056,0.8476094603538513,0.7453230619430542
20260723,151,L21->L20,0.6317192912101746,0.8048298358917236,0.7849103808403015
20260723,152,L14->L16,0.6306834816932678,0.7934112548828125,0.7949010729789734
20260723,153,L13->L23,0.6306660771369934,0.7250851392745972,0.8697820901870728
20260723,154,L17->L25,0.6306213736534119,0.8476094603538513,0.7439998984336853
20260723,155,L17->L26,0.6306213736534119,0.8476094603538513,0.7439998984336853
20260723,156,L25->L32,0.6301027536392212,0.8368657231330872,0.7529317140579224
20260723,157,L25->L33,0.6301027536392212,0.8368657231330872,0.7529317140579224
20260723,158,L26->L32,0.6301027536392212,0.8368657231330872,0.7529317140579224
20260723,159,L26->L33,0.6301027536392212,0.8368657231330872,0.7529317140579224
20260723,160,L31->L27,0.6284082531929016,0.7349534630775452,0.8550313115119934
20260723,161,L28->L31,0.6275689601898193,0.8638166189193726,0.7265071868896484
20260723,162,L07->L10,0.6275407671928406,0.7351940274238586,0.8535715937614441
20260723,163,L03->L17,0.627103328704834,0.7540040016174316,0.8316975831985474
20260723,164,L12->L20,0.6267912983894348,0.7638887166976929,0.8205269575119019
20260723,165,L12->L03,0.626534104347229,0.7638887166976929,0.8201902508735657
20260723,166,L12->L10,0.6259711980819702,0.7638887166976929,0.8194533586502075
20260723,167,L14->L15,0.6252454519271851,0.7934112548828125,0.7880471348762512
20260723,168,L28->L16,0.6251246929168701,0.8638166189193726,0.7236775159835815
20260723,169,L16->L03,0.6248777508735657,0.8342729806900024,0.7490087151527405
20260723,170,L07->L25,0.624630868434906,0.7351940274238586,0.8496136665344238
20260723,171,L07->L26,0.624630868434906,0.7351940274238586,0.8496136665344238
20260723,172,L12->L15,0.6241881847381592,0.7638887166976929,0.8171192407608032
20260723,173,L27->L08,0.6241711378097534,0.8034288883209229,0.7768840789794922
20260723,174,L07->L22,0.6238566040992737,0.7351940274238586,0.8485604524612427
20260723,175,L14->L21,0.6237724423408508,0.7934112548828125,0.7861905694007874
20260723,176,L10->L22,0.6231687068939209,0.7908058762550354,0.7880172729492188
20260723,177,L27->L02,0.6231515407562256,0.8034288883209229,0.7756150364875793
20260723,178,L17->L27,0.6229139566421509,0.8476094603538513,0.734906792640686
20260723,179,L24->L28,0.6228728294372559,0.6864312291145325,0.9074074625968932
20260723,180,L17->L38,0.621802031993866,0.8476094603538513,0.7335949540138245
20260723,181,L21->L07,0.6216853857040405,0.8048298358917236,0.7724432945251465
20260723,182,L25->L16,0.6212595701217651,0.8368657231330872,0.7423647046089172
20260723,183,L26->L16,0.6212595701217651,0.8368657231330872,0.7423647046089172
20260723,184,L14->L20,0.6212571263313293,0.7934112548828125,0.7830203175544739
20260723,185,L08->L17,0.6212151646614075,0.6559687256813049,0.9470195174217224
20260723,186,L12->L23,0.6207358241081238,0.7638887166976929,0.8125998377799988
20260723,187,L25->L17,0.620345413684845,0.8368657231330872,0.7412723302841187
20260723,188,L26->L17,0.620345413684845,0.8368657231330872,0.7412723302841187
20260723,189,L21->L30,0.6200324892997742,0.8048298358917236,0.7703895568847656
20260723,190,L28->L21,0.619610607624054,0.8638166189193726,0.7172941565513611
20260723,191,L15->L28,0.6194887757301331,0.8128028512001038,0.7621636390686035
20260723,192,L27->L09,0.6193894147872925,0.8034288883209229,0.7709324955940247
20260723,193,L18->L30,0.6192582249641418,0.8010093569755554,0.7730973958969116
20260723,194,L18->L24,0.6188201308250427,0.8010093569755554,0.7725504636764526
20260723,195,L30->L24,0.6186956763267517,0.7437325119972229,0.8318793177604675
20260723,196,L08->L16,0.618669331073761,0.6559687256813049,0.9431384205818176
20260723,197,L21->L14,0.6171181201934814,0.8048298358917236,0.7667684555053711
20260723,198,L10->L12,0.6168655753135681,0.7908058762550354,0.7800467610359192
20260723,199,L31->L24,0.6164106726646423,0.7349534630775452,0.8387070894241333
20260723,200,L07->L30,0.6163687109947205,0.7351940274238586,0.8383755683898926
20260723,201,L31->L32,0.6148649454116821,0.7349534630775452,0.8366038799285889
20260723,202,L31->L33,0.6148649454116821,0.7349534630775452,0.8366038799285889
20260723,203,L30->L25,0.6148613095283508,0.7437325119972229,0.8267236948013306
20260723,204,L30->L26,0.6148613095283508,0.7437325119972229,0.8267236948013306
20260723,205,L18->L17,0.6141681671142578,0.8010093569755554,0.7667428255081177
20260723,206,L36->L28,0.6138565540313721,0.6945478916168213,0.8838217854499817
20260723,207,L37->L28,0.6138565540313721,0.6945478916168213,0.8838217854499817
20260723,208,L07->L18,0.6133325695991516,0.7351940274238586,0.8342458605766296
20260723,209,L17->L10,0.613299548625946,0.8476094603538513,0.7235638499259949
20260723,210,L17->L07,0.6126497387886047,0.8476094603538513,0.7227972149848938
20260723,211,L15->L21,0.6125384569168091,0.8128028512001038,0.7536125779151917
20260723,212,L13->L25,0.6122230887413025,0.7250851392745972,0.8443465232849121
20260723,213,L13->L26,0.6122230887413025,0.7250851392745972,0.8443465232849121
20260723,214,L08->L10,0.6114961504936218,0.6559687256813049,0.9322032332420348
20260723,215,L16->L18,0.6095783710479736,0.8342729806900024,0.730670154094696
20260723,216,L23->L11,0.6095540523529053,0.8595836162567139,0.7091271281242371
20260723,217,L14->L10,0.6095357537269592,0.7934112548828125,0.7682469487190247
20260723,218,L03->L16,0.6092489361763,0.7540040016174316,0.8080182075500488
20260723,219,L28->L18,0.6086924076080322,0.8638166189193726,0.7046546936035156
20260723,220,L21->L31,0.6085622310638428,0.8048298358917236,0.7561377882957458
20260723,221,L20->L18,0.6064357757568359,0.7695387005805969,0.7880510687828064
20260723,222,L30->L23,0.6060272455215454,0.7437325119972229,0.8148456811904907
20260723,223,L21->L36,0.6056087613105774,0.8048298358917236,0.7524681091308594
20260723,224,L21->L37,0.6056087613105774,0.8048298358917236,0.7524681091308594
20260723,225,L38->L31,0.6051734089851379,0.7881467938423157,0.7678435444831848
20260723,226,L16->L36,0.6050578355789185,0.8342729806900024,0.7252516150474548
20260723,227,L16->L37,0.6050578355789185,0.8342729806900024,0.7252516150474548
20260723,228,L08->L09,0.6041082739830017,0.6559687256813049,0.920940637588501
20260723,229,L16->L11,0.6037957072257996,0.8342729806900024,0.7237387895584106
20260723,230,L21->L24,0.6035339832305908,0.8048298358917236,0.749890148639679
20260723,231,L10->L36,0.6027587652206421,0.7908058762550354,0.7622082829475403
20260723,232,L10->L37,0.6027587652206421,0.7908058762550354,0.7622082829475403
20260723,233,L36->L23,0.6025601625442505,0.6945478916168213,0.8675574064254761
20260723,234,L37->L23,0.6025601625442505,0.6945478916168213,0.8675574064254761
20260723,235,L25->L03,0.6015734672546387,0.8368657231330872,0.7188410758972168
20260723,236,L26->L03,0.6015734672546387,0.8368657231330872,0.7188410758972168
20260723,237,L15->L25,0.6014286279678345,0.8128028512001038,0.7399440407752991
20260723,238,L15->L26,0.6014286279678345,0.8128028512001038,0.7399440407752991
20260723,239,L20->L16,0.601347029209137,0.7695387005805969,0.7814382910728455
20260723,240,L18->L31,0.601225733757019,0.8010093569755554,0.75058513879776
20260723,241,L07->L38,0.5993830561637878,0.7351940274238586,0.8152719140052795
20260723,242,L16->L10,0.5993534326553345,0.8342729806900024,0.7184140682220459
20260723,243,L25->L19,0.5988397598266602,0.8368657231330872,0.7155745029449463
20260723,244,L26->L19,0.5988397598266602,0.8368657231330872,0.7155745029449463
20260723,245,L21->L03,0.5983008146286011,0.8048298358917236,0.7433879375457764
20260723,246,L03->L18,0.5982486009597778,0.7540040016174316,0.7934289574623108
20260723,247,L10->L13,0.5977630615234375,0.7908058762550354,0.7558910250663757
20260723,248,L12->L14,0.5974389910697937,0.7638887166976929,0.782102108001709
20260723,249,L10->L30,0.5971783399581909,0.7908058762550354,0.755151629447937
20260723,250,L18->L20,0.5965033769607544,0.8010093569755554,0.7446896433830261
20260723,251,L21->L18,0.5956102609634399,0.8048298358917236,0.7400449514389038
20260723,252,L13->L27,0.5954212546348572,0.7250851392745972,0.8211742639541626
20260723,253,L21->L17,0.5949680805206299,0.8048298358917236,0.7392470836639404
20260723,254,L11->L17,0.5948001742362976,0.6778505444526672,0.8774798512458801
20260723,255,L27->L33,0.5947529673576355,0.8034288883209229,0.740268349647522
20260723,256,L27->L32,0.5947529077529907,0.8034288883209229,0.7402682900428772
20260723,257,L28->L15,0.5946417450904846,0.8638166189193726,0.6883888840675354
20260723,258,L28->L10,0.5945729613304138,0.8638166189193726,0.6883092522621155
20260723,259,L25->L21,0.5945630669593811,0.8368657231330872,0.7104641199111938
20260723,260,L26->L21,0.5945630669593811,0.8368657231330872,0.7104641199111938
20260723,261,L24->L23,0.5943639278411865,0.6864312291145325,0.8658754229545593
20260723,262,L15->L38,0.5933841466903687,0.8128028512001038,0.7300468683242798
20260723,263,L07->L20,0.5932484269142151,0.7351940274238586,0.8069277405738831
20260723,264,L15->L27,0.5924140810966492,0.8128028512001038,0.7288533449172974
20260723,265,L25->L29,0.5917676687240601,0.8368657231330872,0.7071238160133362
20260723,266,L26->L29,0.5917676687240601,0.8368657231330872,0.7071238160133362
20260723,267,L03->L21,0.5902567505836487,0.7540040016174316,0.7828297019004822
20260723,268,L23->L25,0.5896088480949402,0.8595836162567139,0.6859238147735596
20260723,269,L23->L26,0.5896088480949402,0.8595836162567139,0.6859238147735596
20260723,270,L10->L31,0.588860273361206,0.7908058762550354,0.744633138179779
20260723,271,L16->L12,0.5887337923049927,0.8342729806900024,0.7056848406791687
20260723,272,L17->L34,0.5878614783287048,0.8476094603538513,0.6935523152351379
20260723,273,L17->L35,0.5878614783287048,0.8476094603538513,0.6935523152351379
20260723,274,L07->L11,0.5878546833992004,0.7351940274238586,0.7995911836624146
20260723,275,L23->L38,0.5870295166969299,0.8595836162567139,0.6829231381416321
20260723,276,L30->L27,0.5864168405532837,0.7437325119972229,0.7884781360626221
20260723,277,L36->L25,0.5859890580177307,0.6945478916168213,0.8436985611915588
20260723,278,L37->L25,0.5859890580177307,0.6945478916168213,0.8436985611915588
20260723,279,L36->L26,0.5859889984130859,0.6945478916168213,0.8436985015869141
20260723,280,L37->L26,0.5859889984130859,0.6945478916168213,0.8436985015869141
20260723,281,L18->L15,0.5854456424713135,0.8010093569755554,0.7308849096298218
20260723,282,L14->L18,0.5853800773620605,0.7934112548828125,0.7378016114234924
20260723,283,L17->L22,0.5850977897644043,0.8476094603538513,0.690291702747345
20260723,284,L33->L28,0.5850059390068054,0.6697269678115845,0.8734991550445557
20260723,285,L32->L28,0.5850058794021606,0.6697269082069397,0.8734991550445557
20260723,286,L11->L16,0.5849655270576477,0.6778505444526672,0.8629712462425232
20260723,287,L12->L08,0.5849530696868896,0.7638887166976929,0.7657569050788879
20260723,288,L12->L28,0.5848614573478699,0.7638887166976929,0.7656369805335999
20260723,289,L25->L07,0.5836031436920166,0.8368657231330872,0.6973677277565002
20260723,290,L26->L07,0.5836031436920166,0.8368657231330872,0.6973677277565002
20260723,291,L25->L10,0.5833895802497864,0.8368657231330872,0.6971125602722168
20260723,292,L26->L10,0.5833895802497864,0.8368657231330872,0.6971125602722168
20260723,293,L03->L20,0.582923412322998,0.7540040016174316,0.7731038331985474
20260723,294,L08->L18,0.5828227996826172,0.6559687256813049,0.8884917497634888
20260723,295,L38->L17,0.5827417969703674,0.7881467938423157,0.7393823266029358
20260723,296,L08->L23,0.5824889540672302,0.6559687256813049,0.8879827857017517
20260723,297,L38->L16,0.5823442339897156,0.7881467938423157,0.7388778924942017
20260723,298,L22->L21,0.5822342038154602,0.7440758347511292,0.7824931144714355
20260723,299,L07->L31,0.5809244513511658,0.7351940274238586,0.7901648283004761
20260723,300,L04->L17,0.5805650949478149,0.6317688822746277,0.9189517498016356
20260723,301,L33->L23,0.5799362063407898,0.6697269678115845,0.8659293055534363
20260723,302,L32->L23,0.579936146736145,0.6697269082069397,0.8659293055534363
20260723,303,L08->L28,0.5798646807670593,0.6559687256813049,0.8839821815490723
20260723,304,L28->L11,0.5796787142753601,0.8638166189193726,0.6710668802261353
20260723,305,L13->L38,0.5788465142250061,0.7250851392745972,0.7983152270317078
20260723,306,L23->L08,0.578802227973938,0.8595836162567139,0.6733518838882446
20260723,307,L16->L08,0.5787005424499512,0.8342729806900024,0.6936585307121277
20260723,308,L03->L09,0.578461229801178,0.7540040016174316,0.7671859264373779
20260723,309,L08->L07,0.5783790946006775,0.6559687256813049,0.8817174434661865
20260723,310,L08->L15,0.5766856074333191,0.6559687256813049,0.87913578748703
20260723,311,L08->L27,0.5766591429710388,0.6559687256813049,0.8790954947471619
20260723,312,L05->L17,0.5766457319259644,0.6318522095680237,0.9126275777816772
20260723,313,L04->L16,0.5762349963188171,0.6317688822746277,0.9120978116989136
20260723,314,L15->L11,0.5760233998298645,0.8128028512001038,0.7086877226829529
20260723,315,L17->L05,0.5756739974021912,0.8476094603538513,0.6791736483573914
20260723,316,L14->L36,0.575179398059845,0.7934112548828125,0.7249448299407959
20260723,317,L14->L37,0.575179398059845,0.7934112548828125,0.7249448299407959
20260723,318,L08->L21,0.5738767385482788,0.6559687256813049,0.874853789806366
20260723,319,L24->L30,0.5738359689712524,0.6864312291145325,0.8359700441360474
20260723,320,L18->L03,0.5738188028335571,0.8010093569755554,0.7163696885108948
20260723,321,L30->L28,0.5733563899993896,0.7437325119972229,0.7709174752235413
20260723,322,L27->L12,0.5732630491256714,0.8034288883209229,0.7135205864906311
20260723,323,L17->L31,0.5732592344284058,0.8476094603538513,0.676324725151062
20260723,324,L07->L02,0.5731845498085022,0.7351940274238586,0.7796370983123779
20260723,325,L11->L15,0.5731821656227112,0.6778505444526672,0.8455877900123596
20260723,326,L28->L22,0.5731326937675476,0.8638166189193726,0.6634888648986816
20260723,327,L17->L20,0.5721507668495178,0.8476094603538513,0.6750169992446899
20260723,328,L05->L16,0.5720099806785583,0.6318522095680237,0.9052907824516296
20260723,329,L11->L18,0.5719535946846008,0.6778505444526672,0.8437753915786743
20260723,330,L27->L13,0.5718894600868225,0.8034288883209229,0.7118109464645386
20260723,331,L22->L17,0.5718177556991577,0.7440758347511292,0.7684939503669739
20260723,332,L10->L24,0.5717933177947998,0.7908058762550354,0.7230514287948608
20260723,333,L19->L17,0.5716692209243774,0.7202150821685791,0.7937479019165039
20260723,334,L22->L36,0.5715375542640686,0.7440758347511292,0.768117368221283
20260723,335,L22->L37,0.5715375542640686,0.7440758347511292,0.768117368221283
20260723,336,L25->L22,0.5714480876922607,0.8368657231330872,0.6828432083129883
20260723,337,L26->L22,0.5714480876922607,0.8368657231330872,0.6828432083129883
20260723,338,L28->L36,0.5710993409156799,0.8638166189193726,0.6611348986625671
20260723,339,L28->L37,0.5710993409156799,0.8638166189193726,0.6611348986625671
20260723,340,L08->L20,0.5708777904510498,0.6559687256813049,0.870281994342804
20260723,341,L03->L15,0.5707023739814758,0.7540040016174316,0.7568956613540649
20260723,342,L08->L14,0.5704793334007263,0.6559687256813049,0.869674563407898
20260723,343,L28->L14,0.5695579051971436,0.8638166189193726,0.6593505144119263
20260723,344,L18->L07,0.5693606734275818,0.8010093569755554,0.7108040452003479
20260723,345,L25->L15,0.5692145824432373,0.8368657231330872,0.6801743507385254
20260723,346,L26->L15,0.5692145824432373,0.8368657231330872,0.6801743507385254
20260723,347,L07->L08,0.5688117146492004,0.7351940274238586,0.7736892700195312
20260723,348,L25->L18,0.5685182809829712,0.8368657231330872,0.6793422698974609
20260723,349,L26->L18,0.5685182809829712,0.8368657231330872,0.6793422698974609
20260723,350,L25->L14,0.5671684741973877,0.8368657231330872,0.6777293682098389
20260723,351,L26->L14,0.5671684741973877,0.8368657231330872,0.6777293682098389
20260723,352,L38->L03,0.5670396089553833,0.7881467938423157,0.7194593548774719
20260723,353,L36->L27,0.5668579339981079,0.6945478916168213,0.8161538243293762
20260723,354,L37->L27,0.5668579339981079,0.6945478916168213,0.8161538243293762
20260723,355,L12->L22,0.5663546323776245,0.7638887166976929,0.7414098978042603
20260723,356,L07->L09,0.5662243366241455,0.7351940274238586,0.7701699137687683
20260723,357,L08->L02,0.5652098655700684,0.6559687256813049,0.8616414666175842
20260723,358,L21->L10,0.5650057196617126,0.8048298358917236,0.7020188570022583
20260723,359,L27->L04,0.5649987459182739,0.8034288883209229,0.7032343149185181
20260723,360,L04->L10,0.5645459890365601,0.6317688822746277,0.8935957551002502
20260723,361,L11->L21,0.5637562870979309,0.6778505444526672,0.8316823244094849
20260723,362,L23->L14,0.5636822581291199,0.8595836162567139,0.6557620167732239
20260723,363,L12->L36,0.5634112358093262,0.7638887166976929,0.7375566959381104
20260723,364,L12->L37,0.5634112358093262,0.7638887166976929,0.7375566959381104
20260723,365,L27->L37,0.5631979703903198,0.8034288883209229,0.7009929418563843
20260723,366,L27->L36,0.563197910785675,0.8034288883209229,0.7009928822517395
20260723,367,L08->L25,0.5630673766136169,0.6559687256813049,0.8583753705024719
20260723,368,L08->L26,0.5630673766136169,0.6559687256813049,0.8583753705024719
20260723,369,L25->L11,0.5629010796546936,0.8368657231330872,0.6726300716400146
20260723,370,L26->L11,0.5629010796546936,0.8368657231330872,0.6726300716400146
20260723,371,L20->L14,0.5627633929252625,0.7695387005805969,0.731299638748169
20260723,372,L20->L21,0.5627307891845703,0.7695387005805969,0.7312573194503784
20260723,373,L33->L25,0.5624090433120728,0.6697269678115845,0.8397586941719055
20260723,374,L33->L26,0.5624090433120728,0.6697269678115845,0.8397586941719055
20260723,375,L32->L25,0.562408983707428,0.6697269082069397,0.8397586941719055
20260723,376,L32->L26,0.562408983707428,0.6697269082069397,0.8397586941719055
20260723,377,L21->L32,0.5623775124549866,0.8048298358917236,0.698753297328949
20260723,378,L21->L33,0.5623775124549866,0.8048298358917236,0.698753297328949
20260723,379,L16->L07,0.5619691610336304,0.8342729806900024,0.6736034750938416
20260723,380,L24->L25,0.5619086623191833,0.6864312291145325,0.818594217300415
20260723,381,L24->L26,0.5619086623191833,0.6864312291145325,0.818594217300415
20260723,382,L11->L14,0.5615498423576355,0.6778505444526672,0.828427255153656
20260723,383,L24->L27,0.5614210963249207,0.6864312291145325,0.8178839683532715
20260723,384,L15->L03,0.560875415802002,0.8128028512001038,0.6900509595870972
20260723,385,L15->L20,0.5607162117958069,0.8128028512001038,0.6898550987243652
20260723,386,L15->L35,0.560650110244751,0.8128028512001038,0.6897737979888916
20260723,387,L15->L34,0.5606500506401062,0.8128028512001038,0.6897737383842468
20260723,388,L28->L20,0.5600507855415344,0.8638166189193726,0.6483445167541504
20260723,389,L11->L23,0.55998694896698,0.6778505444526672,0.8261215686798096
20260723,390,L05->L23,0.5597212314605713,0.6318522095680237,0.8858420252799988
20260723,391,L04->L23,0.5597081184387207,0.6317688822746277,0.8859381079673767
20260723,392,L18->L19,0.5587539076805115,0.8010093569755554,0.6975622773170471
20260723,393,L38->L21,0.5587353706359863,0.7881467938423157,0.7089229822158813
20260723,394,L23->L06,0.5585206151008606,0.8595836162567139,0.6497571468353271
20260723,395,L05->L28,0.5583815574645996,0.6318522095680237,0.8837217688560486
20260723,396,L04->L28,0.5583064556121826,0.6317688822746277,0.8837194442749023
20260723,397,L11->L12,0.5580304265022278,0.6778505444526672,0.8232352137565613
20260723,398,L18->L32,0.5577878355979919,0.8010093569755554,0.6963562369346619
20260723,399,L18->L33,0.5577878355979919,0.8010093569755554,0.6963561773300171
20260723,400,L13->L30,0.5575851798057556,0.7250851392745972,0.7689927220344543
20260723,401,L30->L17,0.5571683645248413,0.7437325119972229,0.7491515874862671
20260723,402,L05->L10,0.5570330023765564,0.6318522095680237,0.8815874457359314
20260723,403,L11->L20,0.5567857623100281,0.6778505444526672,0.8213990330696106
20260723,404,L11->L13,0.5560587644577026,0.6778505444526672,0.8203265070915222
20260723,405,L12->L05,0.5556684136390686,0.7638887166976929,0.7274206280708313
20260723,406,L29->L23,0.5542261004447937,0.6294892430305481,0.8804377913475037
20260723,407,L31->L17,0.5542108416557312,0.7349534630775452,0.7540760636329651
20260723,408,L36->L38,0.5541602969169617,0.6945478916168213,0.7978719472885132
20260723,409,L37->L38,0.5541602969169617,0.6945478916168213,0.7978719472885132
20260723,410,L20->L17,0.5540828108787537,0.7695387005805969,0.7200194597244263
20260723,411,L29->L28,0.5540494918823242,0.6294892430305481,0.8801572322845459
20260723,412,L19->L18,0.5536143183708191,0.7202150821685791,0.768679141998291
20260723,413,L05->L15,0.553565263748169,0.6318522095680237,0.8760992884635925
20260723,414,L23->L29,0.5534520149230957,0.8595836162567139,0.6438605785369873
20260723,415,L04->L18,0.552925705909729,0.6317688822746277,0.8752025365829468
20260723,416,L14->L03,0.5528388023376465,0.7934112548828125,0.6967871785163879
20260723,417,L03->L36,0.5527306795120239,0.7540040016174316,0.7330606579780579
20260723,418,L03->L37,0.5527306795120239,0.7540040016174316,0.7330606579780579
20260723,419,L15->L04,0.5526688694953918,0.8128028512001038,0.6799544095993042
20260723,420,L14->L11,0.5525575280189514,0.7934112548828125,0.6964326500892639
20260723,421,L27->L01,0.5521085262298584,0.8034288883209229,0.6871902942657471
20260723,422,L05->L18,0.5521063208580017,0.6318522095680237,0.8737903237342834
20260723,423,L08->L01,0.5520517826080322,0.6559687256813049,0.8415824770927429
20260723,424,L38->L19,0.5520146489143372,0.7881467938423157,0.7003957033157349
20260723,425,L17->L29,0.551968514919281,0.8476094603538513,0.6512061953544617
20260723,426,L19->L21,0.5518879890441895,0.7202150821685791,0.7662822008132935
20260723,427,L04->L15,0.5512728095054626,0.6317688822746277,0.872586190700531
20260723,428,L18->L10,0.5510067939758301,0.8010093569755554,0.6878905892372131
20260723,429,L11->L10,0.5508198738098145,0.6778505444526672,0.8125978112220764
20260723,430,L13->L24,0.5503832101821899,0.7250851392745972,0.7590601444244385
20260723,431,L31->L07,0.5494318008422852,0.7349534630775452,0.7475735545158386
20260723,432,L16->L22,0.5493817329406738,0.8342729806900024,0.6585155725479126
20260723,433,L21->L11,0.54887455701828,0.8048298358917236,0.6819759011268616
20260723,434,L15->L22,0.548095166683197,0.8128028512001038,0.6743273138999939
20260723,435,L04->L27,0.5479984283447266,0.6317688822746277,0.8674033284187317
20260723,436,L15->L07,0.5479590892791748,0.8128028512001038,0.6741598844528198
20260723,437,L38->L10,0.5478797554969788,0.7881467938423157,0.6951493620872498
20260723,438,L33->L27,0.5476390719413757,0.6697269678115845,0.817704975605011
20260723,439,L32->L27,0.547639012336731,0.6697269082069397,0.817704975605011
20260723,440,L07->L32,0.5475109815597534,0.7351940274238586,0.7447162866592407
20260723,441,L07->L33,0.5475109815597534,0.7351940274238586,0.7447162866592407
20260723,442,L05->L14,0.547355055809021,0.6318522095680237,0.8662706613540649
20260723,443,L16->L05,0.5471481084823608,0.8342729806900024,0.6558382511138916
20260723,444,L16->L23,0.5471333861351013,0.8342729806900024,0.6558206081390381
20260723,445,L03->L10,0.5469883680343628,0.7540040016174316,0.7254449129104614
20260723,446,L05->L27,0.5469643473625183,0.6318522095680237,0.865652322769165
20260723,447,L10->L32,0.5467845797538757,0.7908058762550354,0.6914270520210266
20260723,448,L10->L33,0.5467845797538757,0.7908058762550354,0.6914270520210266
20260723,449,L17->L06,0.5465700626373291,0.8476094603538513,0.6448371410369873
20260723,450,L04->L09,0.5459499359130859,0.6317688822746277,0.8641608357429504
20260723,451,L17->L13,0.5457959175109863,0.8476094603538513,0.643923819065094
20260723,452,L04->L21,0.5456433892250061,0.6317688822746277,0.8636756539344788
20260723,453,L08->L11,0.5454416871070862,0.6559687256813049,0.8315056562423706
20260723,454,L20->L10,0.5453891158103943,0.7695387005805969,0.7087221145629883
20260723,455,L12->L19,0.5452485680580139,0.7638887166976929,0.7137801051139832
20260723,456,L38->L27,0.545109748840332,0.7881467938423157,0.6916347742080688
20260723,457,L05->L21,0.5449969172477722,0.6318522095680237,0.8625386357307434
20260723,458,L20->L03,0.5449787974357605,0.7695387005805969,0.7081889510154724
20260723,459,L04->L14,0.5449351072311401,0.6317688822746277,0.8625545501708984
20260723,460,L21->L15,0.5448551774024963,0.8048298358917236,0.6769818067550659
20260723,461,L30->L16,0.544213593006134,0.7437325119972229,0.731732964515686
20260723,462,L24->L38,0.5441213250160217,0.6864312291145325,0.7926814556121826
20260723,463,L13->L31,0.5432046055793762,0.7250851392745972,0.7491597533226013
20260723,464,L31->L16,0.5430949330329895,0.7349534630775452,0.7389514446258545
20260723,465,L19->L20,0.5420436859130859,0.7202150821685791,0.7526136040687561
20260723,466,L15->L31,0.5416199564933777,0.8128028512001038,0.6663607954978943
20260723,467,L23->L12,0.5414486527442932,0.8595836162567139,0.6298964023590088
20260723,468,L04->L20,0.540542483329773,0.6317688822746277,0.8556016683578491
20260723,469,L38->L25,0.5399293899536133,0.7881467938423157,0.6850619316101074
20260723,470,L38->L26,0.5399293899536133,0.7881467938423157,0.6850619316101074
20260723,471,L28->L08,0.539717435836792,0.8638166189193726,0.6248055696487427
20260723,472,L28->L19,0.5397099256515503,0.8638166189193726,0.6247968673706055
20260723,473,L22->L16,0.5396808981895447,0.7440758347511292,0.725303590297699
20260723,474,L05->L20,0.5396453142166138,0.6318522095680237,0.85406893491745
20260723,475,L23->L28,0.5395747423171997,0.8595836162567139,0.6277164220809937
20260723,476,L04->L25,0.5390187501907349,0.6317688822746277,0.8531897664070129
20260723,477,L04->L26,0.5390187501907349,0.6317688822746277,0.8531897664070129
20260723,478,L17->L32,0.5386617183685303,0.8476094603538513,0.6355069875717163
20260723,479,L17->L33,0.5386617183685303,0.8476094603538513,0.6355069875717163
20260723,480,L05->L25,0.5385692715644836,0.6318522095680237,0.8523658514022827
20260723,481,L05->L26,0.5385692715644836,0.6318522095680237,0.8523658514022827
20260723,482,L16->L27,0.5385342240333557,0.8342729806900024,0.6455131769180298
20260723,483,L05->L09,0.5384277701377869,0.6318522095680237,0.8521419167518616
20260723,484,L08->L19,0.537592887878418,0.6559687256813049,0.8195404410362244
20260723,485,L26->L24,0.5371676087379456,0.8368657231330872,0.6418802738189697
20260723,486,L25->L24,0.5371675491333008,0.8368657231330872,0.641880214214325
20260723,487,L18->L11,0.5371262431144714,0.8010093569755554,0.6705617308616638
20260723,488,L03->L11,0.5370633602142334,0.7540040016174316,0.7122818231582642
20260723,489,L19->L15,0.537015438079834,0.7202150821685791,0.7456320524215698
20260723,490,L17->L19,0.5369377136230469,0.8476094603538513,0.6334730386734009
20260723,491,L23->L04,0.5368672013282776,0.8595836162567139,0.6245665550231934
20260723,492,L30->L21,0.5367892384529114,0.7437325119972229,0.7217503786087036
20260723,493,L38->L22,0.5366524457931519,0.7881467938423157,0.6809042096138
20260723,494,L19->L16,0.5356990098953247,0.7202150821685791,0.7438042163848877
20260723,495,L23->L36,0.5354769229888916,0.8595836162567139,0.6229491829872131
20260723,496,L23->L37,0.5354769229888916,0.8595836162567139,0.6229491829872131
20260723,497,L30->L03,0.5353610515594482,0.7437325119972229,0.7198300957679749
20260723,498,L12->L27,0.5351918339729309,0.7638887166976929,0.7006149291992188
20260723,499,L38->L15,0.5347354412078857,0.7881467938423157,0.6784719228744507
20260723,500,L16->L38,0.5346747636795044,0.8342729806900024,0.6408870816230774
20260723,501,L36->L30,0.534648060798645,0.6945478916168213,0.7697785496711731
20260723,502,L37->L30,0.534648060798645,0.6945478916168213,0.7697785496711731
20260723,503,L18->L29,0.5346001386642456,0.8010093569755554,0.6674081087112427
20260723,504,L15->L13,0.5345803499221802,0.8128028512001038,0.6576998829841614
20260723,505,L11->L28,0.5344808101654053,0.6778505444526672,0.7884935736656189
20260723,506,L03->L14,0.5342704057693481,0.7540040016174316,0.7085776925086975
20260723,507,L09->L28,0.5340543985366821,0.6046355366706848,0.8832666873931885
20260723,508,L29->L25,0.5336641073226929,0.6294892430305481,0.8477731943130493
20260723,509,L29->L26,0.5336641073226929,0.6294892430305481,0.8477731943130493
20260723,510,L08->L06,0.5333116054534912,0.6559687256813049,0.8130137920379639
20260723,511,L31->L21,0.5331661701202393,0.7349534630775452,0.725442111492157
20260723,512,L08->L13,0.5331643223762512,0.6559687256813049,0.812789261341095
20260723,513,L11->L03,0.5327883362770081,0.6778505444526672,0.7859967947006226
20260723,514,L17->L24,0.5325767397880554,0.8476094603538513,0.6283279657363892
20260723,515,L38->L18,0.532570481300354,0.7881467938423157,0.675724983215332
20260723,516,L18->L16,0.5322521328926086,0.8010093569755554,0.6644768118858337
20260723,517,L22->L15,0.5322163105010986,0.7440758347511292,0.7152715921401978
20260723,518,L08->L12,0.5321457386016846,0.6559687256813049,0.8112364411354065
20260723,519,L15->L09,0.5319302082061768,0.8128028512001038,0.654439389705658
20260723,520,L05->L08,0.5318873524665833,0.6318522095680237,0.8417907953262329
20260723,521,L13->L17,0.5318012237548828,0.7250851392745972,0.7334327697753906
20260723,522,L28->L29,0.5314952731132507,0.8638166189193726,0.615287184715271
20260723,523,L38->L14,0.5309278964996338,0.7881467938423157,0.6736408472061157
20260723,524,L30->L07,0.5308394432067871,0.7437325119972229,0.7137504816055298
20260723,525,L13->L16,0.5303384065628052,0.7250851392745972,0.7314153909683228
20260723,526,L38->L11,0.5298140645027161,0.7881467938423157,0.672227680683136
20260723,527,L36->L24,0.5297068357467651,0.6945478916168213,0.762664258480072
20260723,528,L37->L24,0.5297068357467651,0.6945478916168213,0.762664258480072
20260723,529,L38->L29,0.5296265482902527,0.7881467938423157,0.6719897389411926
20260723,530,L22->L23,0.5295685529708862,0.7440758347511292,0.7117131352424622
20260723,531,L23->L05,0.5294345617294312,0.8595836162567139,0.6159197688102722
20260723,532,L29->L27,0.5287029147148132,0.6294892430305481,0.8398919105529785
20260723,533,L31->L03,0.5285904407501221,0.7349534630775452,0.7192161679267883
20260723,534,L38->L07,0.5282785296440125,0.7881467938423157,0.6702793836593628
20260723,535,L12->L07,0.5279093980789185,0.7638887166976929,0.6910815238952637
20260723,536,L24->L31,0.5278381109237671,0.6864312291145325,0.7689599394798279
20260723,537,L30->L18,0.5277905464172363,0.7437325119972229,0.7096510529518127
20260723,538,L14->L04,0.527660608291626,0.7934112548828125,0.665053129196167
20260723,539,L08->L38,0.5268204212188721,0.6559687256813049,0.8031181693077087
20260723,540,L18->L21,0.5267040133476257,0.8010093569755554,0.6575503945350647
20260723,541,L30->L38,0.5266059041023254,0.7437325119972229,0.70805823802948
20260723,542,L31->L18,0.5264513492584229,0.7349534630775452,0.7163057327270508
20260723,543,L22->L03,0.5260692834854126,0.7440758347511292,0.7070103287696838
20260723,544,L22->L10,0.5258437395095825,0.7440758347511292,0.7067071795463562
20260723,545,L08->L04,0.5258275866508484,0.6559687256813049,0.801604688167572
20260723,546,L13->L07,0.5256626605987549,0.7250851392745972,0.724966824054718
20260723,547,L04->L07,0.525377631187439,0.6317688822746277,0.8315978050231934
20260723,548,L09->L23,0.5250359773635864,0.6046355366706848,0.8683512210845947
20260723,549,L22->L18,0.5248549580574036,0.7440758347511292,0.7053783535957336
20260723,550,L20->L11,0.5245538949966431,0.7695387005805969,0.6816471815109253
20260723,551,L13->L03,0.5243268609046936,0.7250851392745972,0.7231245636940002
20260723,552,L33->L38,0.5239027142524719,0.6697269678115845,0.7822631001472473
20260723,553,L32->L38,0.5239026546478271,0.6697269082069397,0.7822631001472473
20260723,554,L07->L13,0.5232371091842651,0.7351940274238586,0.7116993069648743
20260723,555,L08->L22,0.5222753882408142,0.6559687256813049,0.7961894273757935
20260723,556,L07->L12,0.5220714211463928,0.7351940274238586,0.7101138234138489
20260723,557,L15->L29,0.5216946005821228,0.8128028512001038,0.6418464183807373
20260723,558,L25->L08,0.5212363600730896,0.8368657231330872,0.6228435039520264
20260723,559,L26->L08,0.5212363600730896,0.8368657231330872,0.6228435039520264
20260723,560,L12->L25,0.5210935473442078,0.7638887166976929,0.6821589469909668
20260723,561,L12->L26,0.5210935473442078,0.7638887166976929,0.6821589469909668
20260723,562,L05->L07,0.5203855037689209,0.6318522095680237,0.8235873579978943
20260723,563,L36->L31,0.5203033089637756,0.6945478916168213,0.7491251826286316
20260723,564,L37->L31,0.5203033089637756,0.6945478916168213,0.7491251826286316
20260723,565,L21->L08,0.5201499462127686,0.8048298358917236,0.6462855935096741
20260723,566,L21->L34,0.5196126699447632,0.8048298358917236,0.6456180214881897
20260723,567,L21->L35,0.5196126699447632,0.8048298358917236,0.6456180214881897
20260723,568,L19->L10,0.5193088054656982,0.7202150821685791,0.7210468649864197
20260723,569,L14->L22,0.5192380547523499,0.7934112548828125,0.6544374823570251
20260723,570,L28->L04,0.5186622142791748,0.8638166189193726,0.6004309058189392
20260723,571,L07->L04,0.5179529786109924,0.7351940274238586,0.7045119404792786
20260723,572,L30->L10,0.5177593231201172,0.7437325119972229,0.6961633563041687
20260723,573,L36->L17,0.5172368884086609,0.6945478916168213,0.7447101473808289
20260723,574,L37->L17,0.5172368884086609,0.6945478916168213,0.7447101473808289
20260723,575,L04->L08,0.5154960751533508,0.6317688822746277,0.815956711769104
20260723,576,L32->L24,0.5154479742050171,0.6697269082069397,0.7696390151977539
20260723,577,L33->L24,0.5154479742050171,0.6697269678115845,0.7696390151977539
20260723,578,L07->L36,0.5153548717498779,0.7351940274238586,0.7009780406951904
20260723,579,L07->L37,0.5153548717498779,0.7351940274238586,0.7009780406951904
20260723,580,L31->L10,0.514903724193573,0.7349534630775452,0.7005936503410339
20260723,581,L30->L15,0.5142822861671448,0.7437325119972229,0.6914882063865662
20260723,582,L25->L36,0.5142030715942383,0.8368657231330872,0.6144391298294067
20260723,583,L25->L37,0.5142030715942383,0.8368657231330872,0.6144391298294067
20260723,584,L26->L36,0.5142030715942383,0.8368657231330872,0.6144391298294067
20260723,585,L26->L37,0.5142030715942383,0.8368657231330872,0.6144391298294067
20260723,586,L27->L03,0.5134504437446594,0.8034288883209229,0.63907390832901
20260723,587,L19->L03,0.513189435005188,0.7202150821685791,0.7125502824783325
20260723,588,L25->L20,0.5131767392158508,0.8368657231330872,0.6132127642631531
20260723,589,L26->L20,0.5131767392158508,0.8368657231330872,0.6132127642631531
20260723,590,L13->L21,0.5127349495887756,0.7250851392745972,0.7071375846862793
20260723,591,L21->L29,0.5127090811729431,0.8048298358917236,0.6370403170585632
20260723,592,L20->L36,0.5124162435531616,0.7695387005805969,0.6658745408058167
20260723,593,L20->L37,0.5124162435531616,0.7695387005805969,0.6658745408058167
20260723,594,L31->L15,0.5123040080070496,0.7349534630775452,0.6970563530921936
20260723,595,L16->L25,0.512233316898346,0.8342729806900024,0.6139876842498779
20260723,596,L16->L26,0.512233316898346,0.8342729806900024,0.6139876842498779
20260723,597,L23->L32,0.5120418667793274,0.8595836162567139,0.5956859588623047
20260723,598,L23->L33,0.5120418667793274,0.8595836162567139,0.5956859588623047
20260723,599,L36->L16,0.5120203495025635,0.6945478916168213,0.7371994853019714
20260723,600,L37->L16,0.5120203495025635,0.6945478916168213,0.7371994853019714
20260723,601,L15->L32,0.5119761228561401,0.8128028512001038,0.6298896670341492
20260723,602,L15->L33,0.5119761228561401,0.8128028512001038,0.6298896670341492
20260723,603,L28->L05,0.5115370750427246,0.8638166189193726,0.592182457447052
20260723,604,L15->L08,0.5114231705665588,0.8128028512001038,0.6292093396186829
20260723,605,L09->L25,0.5105501413345337,0.6046355366706848,0.844393253326416
20260723,606,L09->L26,0.5105501413345337,0.6046355366706848,0.844393253326416
20260723,607,L13->L19,0.5105198621749878,0.7250851392745972,0.7040826082229614
20260723,608,L18->L14,0.5104287266731262,0.8010093569755554,0.6372319459915161
20260723,609,L01->L17,0.509824275970459,0.5599327683448792,0.9105098247528076
20260723,610,L06->L28,0.5087665319442749,0.5765807628631592,0.8823855519294739
20260723,611,L38->L24,0.5085843205451965,0.7881467938423157,0.6452913284301758
20260723,612,L34->L28,0.5085764527320862,0.5762024521827698,0.8826349973678589
20260723,613,L35->L28,0.5085764527320862,0.5762024521827698,0.8826349973678589
20260723,614,L18->L08,0.5080058574676514,0.8010093569755554,0.6342071294784546
20260723,615,L04->L19,0.5077682137489319,0.6317688822746277,0.8037245869636536
20260723,616,L24->L32,0.5073935389518738,0.6864312291145325,0.7391760945320129
20260723,617,L24->L33,0.5073935389518738,0.6864312291145325,0.7391760945320129
20260723,618,L03->L22,0.5072334408760071,0.7540040016174316,0.6727198362350464
20260723,619,L05->L19,0.5069304704666138,0.6318522095680237,0.8022928237915039
20260723,620,L04->L11,0.5069291591644287,0.6317688822746277,0.8023965358734131
20260723,621,L36->L21,0.5065106749534607,0.6945478916168213,0.7292667627334595
20260723,622,L37->L21,0.5065106749534607,0.6945478916168213,0.7292667627334595
20260723,623,L22->L11,0.5063506364822388,0.7440758347511292,0.6805094480514526
20260723,624,L06->L23,0.5063301920890808,0.5765807628631592,0.8781600594520569
20260723,625,L27->L05,0.5062436461448669,0.8034288883209229,0.6301038861274719
20260723,626,L04->L38,0.5060490369796753,0.6317688822746277,0.8010034561157227
20260723,627,L07->L01,0.5058722496032715,0.7351940274238586,0.6880798935890198
20260723,628,L05->L38,0.5058257579803467,0.6318522095680237,0.8005444407463074
20260723,629,L16->L06,0.5057979822158813,0.8342729806900024,0.6062739491462708
20260723,630,L08->L03,0.5057359337806702,0.6559687256813049,0.770975649356842
20260723,631,L10->L29,0.5057020783424377,0.7908058762550354,0.6394768953323364
20260723,632,L01->L16,0.5054982900619507,0.5599327683448792,0.9027839303016664
20260723,633,L14->L13,0.5053314566612244,0.7934112548828125,0.6369098424911499
20260723,634,L11->L22,0.5049636960029602,0.6778505444526672,0.7449484467506409
20260723,635,L05->L11,0.5047653913497925,0.6318522095680237,0.7988662123680115
20260723,636,L29->L38,0.503923773765564,0.6294892430305481,0.8005279898643494
20260723,637,L16->L13,0.5033129453659058,0.8342729806900024,0.6032952666282654
20260723,638,L14->L08,0.5033053159713745,0.7934112548828125,0.6343561410903931
20260723,639,L14->L23,0.5032341480255127,0.7934112548828125,0.6342664957046509
20260723,640,L27->L34,0.502991795539856,0.8034288883209229,0.626056432723999
20260723,641,L27->L35,0.502991795539856,0.8034288883209229,0.626056432723999
20260723,642,L24->L07,0.5029858946800232,0.6864312291145325,0.7327549457550049
20260723,643,L13->L32,0.5026811957359314,0.7250851392745972,0.6932719349861145
20260723,644,L13->L33,0.5026811957359314,0.7250851392745972,0.6932719349861145
20260723,645,L25->L04,0.5024676322937012,0.8368657231330872,0.6004160642623901
20260723,646,L26->L04,0.5024676322937012,0.8368657231330872,0.6004160642623901
20260723,647,L20->L15,0.5024609565734863,0.7695387005805969,0.6529378890991211
20260723,648,L08->L36,0.5023484230041504,0.6559687256813049,0.765811562538147
20260723,649,L08->L37,0.5023484230041504,0.6559687256813049,0.765811562538147
20260723,650,L22->L34,0.5023266673088074,0.7440758347511292,0.6751014590263367
20260723,651,L22->L35,0.5023266673088074,0.7440758347511292,0.6751014590263367
20260723,652,L19->L36,0.5022261142730713,0.7202150821685791,0.6973279714584351
20260723,653,L19->L37,0.5022261142730713,0.7202150821685791,0.6973279714584351
20260723,654,L24->L03,0.5019544363021851,0.6864312291145325,0.7312523126602173
20260723,655,L11->L36,0.5013216733932495,0.6778505444526672,0.7395755648612976
20260723,656,L11->L37,0.5013216733932495,0.6778505444526672,0.7395755648612976
20260723,657,L30->L31,0.5012049078941345,0.7437325119972229,0.6739048361778259
20260723,658,L15->L06,0.5008084774017334,0.8128028512001038,0.6161500215530396
20260723,659,L36->L03,0.5004967451095581,0.6945478916168213,0.7206079959869385
20260723,660,L37->L03,0.5004967451095581,0.6945478916168213,0.7206079959869385
20260723,661,L11->L27,0.5004882216453552,0.6778505444526672,0.7383459806442261
20260723,662,L20->L23,0.5004400610923767,0.7695387005805969,0.6503117680549622
20260723,663,L13->L10,0.5001563429832458,0.7250851392745972,0.6897898316383362
20260723,664,L30->L11,0.5001380443572998,0.7437325119972229,0.6724703311920166
20260723,665,L34->L23,0.4998829364776611,0.5762024521827698,0.8675473928451538
20260723,666,L35->L23,0.4998829364776611,0.5762024521827698,0.8675473928451538
20260723,667,L13->L29,0.4995632171630859,0.7250851392745972,0.6889718174934387
20260723,668,L30->L22,0.4984200000762939,0.7437325119972229,0.6701602935791016
20260723,669,L36->L07,0.498140424489975,0.6945478916168213,0.717215359210968
20260723,670,L37->L07,0.498140424489975,0.6945478916168213,0.717215359210968
20260723,671,L08->L30,0.4981015622615814,0.6559687256813049,0.7593373656272888
20260723,672,L28->L34,0.497724711894989,0.8638166189193726,0.5761925578117371
20260723,673,L28->L35,0.497724711894989,0.8638166189193726,0.5761925578117371
20260723,674,L24->L17,0.4972348511219024,0.6864312291145325,0.7243767976760864
20260723,675,L04->L22,0.4968884587287903,0.6317688822746277,0.7865035533905029
20260723,676,L09->L27,0.4968030154705047,0.6046355366706848,0.8216570019721985
20260723,677,L14->L09,0.496729165315628,0.7934112548828125,0.6260676980018616
20260723,678,L33->L32,0.496640533208847,0.6697269678115845,0.741556704044342
20260723,679,L32->L33,0.4966404736042022,0.6697269082069397,0.741556704044342
20260723,680,L17->L30,0.4965859949588775,0.8476094603538513,0.5858665108680725
20260723,681,L05->L22,0.4965022206306457,0.6318522095680237,0.7857885360717773
20260723,682,L33->L31,0.4964162707328796,0.6697269678115845,0.7412218451499939
20260723,683,L32->L31,0.4964162111282348,0.6697269082069397,0.7412218451499939
20260723,684,L25->L05,0.4963629245758056,0.8368657231330872,0.593121349811554
20260723,685,L26->L05,0.4963629245758056,0.8368657231330872,0.593121349811554
20260723,686,L11->L07,0.4959461987018585,0.6778505444526672,0.7316453456878662
20260723,687,L31->L11,0.4959199130535126,0.7349534630775452,0.6747636795043945
20260723,688,L31->L22,0.4957571029663086,0.7349534630775452,0.6745421886444092
20260723,689,L01->L23,0.4954811334609985,0.5599327683448792,0.8848939538002014
20260723,690,L31->L14,0.4953910708427429,0.7349534630775452,0.674044132232666
20260723,691,L23->L31,0.4951717853546142,0.8595836162567139,0.5760600566864014
20260723,692,L03->L23,0.4951323866844177,0.7540040016174316,0.6566707491874695
20260723,693,L24->L16,0.4948685765266418,0.6864312291145325,0.7209295630455017
20260723,694,L04->L01,0.4948009252548218,0.6317688822746277,0.7831992506980896
20260723,695,L01->L28,0.4947570860385895,0.5599327683448792,0.8836008906364441
20260723,696,L36->L37,0.4946977198123932,0.6945478916168213,0.7122586369514465
20260723,697,L37->L36,0.4946977198123932,0.6945478916168213,0.7122586369514465
20260723,698,L30->L14,0.4943509995937347,0.7437325119972229,0.6646892428398132
20260723,699,L05->L02,0.4941378831863403,0.6318522095680237,0.7820466160774231
20260723,700,L06->L17,0.4939368665218353,0.5765807628631592,0.8566655516624451
20260723,701,L33->L17,0.4934108853340149,0.6697269678115845,0.7367343902587891
20260723,702,L32->L17,0.4934108555316925,0.6697269082069397,0.7367343902587891
20260723,703,L33->L16,0.4928556978702545,0.6697269678115845,0.7359054088592529
20260723,704,L32->L16,0.4928556680679321,0.6697269082069397,0.7359054088592529
20260723,705,L19->L11,0.4927405118942261,0.7202150821685791,0.6841574311256409
20260723,706,L13->L15,0.4927321076393127,0.7250851392745972,0.6795507073402405
20260723,707,L13->L22,0.4924785494804382,0.7250851392745972,0.6792010068893433
20260723,708,L16->L28,0.4923719465732574,0.8342729806900024,0.5901808738708496
20260723,709,L36->L29,0.4911099970340729,0.6945478916168213,0.7070930600166321
20260723,710,L37->L29,0.4911099970340729,0.6945478916168213,0.7070930600166321
20260723,711,L15->L24,0.4906027913093567,0.8128028512001038,0.6035938262939453
20260723,712,L19->L22,0.4904998540878296,0.7202150821685791,0.6810463666915894
20260723,713,L08->L31,0.4899167716503143,0.6559687256813049,0.7468599677085876
20260723,714,L38->L08,0.4897844791412353,0.7881467938423157,0.6214381456375122
20260723,715,L21->L04,0.489250123500824,0.8048298358917236,0.607892632484436
20260723,716,L14->L07,0.4891138970851898,0.7934112548828125,0.6164695620536804
20260723,717,L36->L22,0.4890705049037933,0.6945478916168213,0.7041566371917725
20260723,718,L37->L22,0.4890704751014709,0.6945478916168213,0.7041565775871277
20260723,719,L10->L34,0.4890552759170532,0.7908058762550354,0.6184264421463013
20260723,720,L10->L35,0.4890552163124084,0.7908058762550354,0.6184263825416565
20260723,721,L13->L14,0.488985002040863,0.7250851392745972,0.6743828654289246
20260723,722,L21->L06,0.4888195693492889,0.8048298358917236,0.6073576807975769
20260723,723,L06->L25,0.4886811375617981,0.5765807628631592,0.8475502133369446
20260723,724,L06->L26,0.4886811375617981,0.5765807628631592,0.8475502133369446
20260723,725,L01->L15,0.4883024096488952,0.5599327683448792,0.8720732927322388
20260723,726,L13->L18,0.4883016347885132,0.7250851392745972,0.6734403967857361
20260723,727,L30->L36,0.488284707069397,0.7437325119972229,0.6565327048301697
20260723,728,L30->L37,0.488284707069397,0.7437325119972229,0.6565327048301697
20260723,729,L22->L20,0.4882622957229614,0.7440758347511292,0.6561996340751648
20260723,730,L11->L19,0.4882287979125976,0.6778505444526672,0.7202602624893188
20260723,731,L22->L14,0.4880687594413757,0.7440758347511292,0.655939519405365
20260723,732,L06->L16,0.487938642501831,0.5765807628631592,0.8462624549865723
20260723,733,L30->L20,0.4879345595836639,0.7437325119972229,0.6560618877410889
20260723,734,L18->L36,0.4879252910614013,0.8010093569755554,0.6091380715370178
20260723,735,L18->L37,0.4879252910614013,0.8010093569755554,0.6091380715370178
20260723,736,L28->L12,0.4877763390541076,0.8638166189193726,0.5646758079528809
20260723,737,L11->L25,0.4875051081180572,0.6778505444526672,0.719192624092102
20260723,738,L11->L26,0.4875051081180572,0.6778505444526672,0.719192624092102
20260723,739,L33->L30,0.4870800673961639,0.6697269678115845,0.7272815704345703
20260723,740,L32->L30,0.4870800375938415,0.6697269082069397,0.7272815704345703
20260723,741,L01->L18,0.4866314828395843,0.5599327683448792,0.8690891265869141
20260723,742,L34->L25,0.4862207770347595,0.5762024521827698,0.8438367247581482
20260723,743,L34->L26,0.4862207770347595,0.5762024521827698,0.8438367247581482
20260723,744,L35->L25,0.4862207770347595,0.5762024521827698,0.8438367247581482
20260723,745,L35->L26,0.4862207770347595,0.5762024521827698,0.8438367247581482
20260723,746,L31->L20,0.4860947728157043,0.7349534630775452,0.6613953113555908
20260723,747,L16->L34,0.4860779643058777,0.8342729806900024,0.5826365947723389
20260723,748,L16->L35,0.4860779643058777,0.8342729806900024,0.5826365947723389
20260723,749,L31->L36,0.4860160052776336,0.7349534630775452,0.6612881422042847
20260723,750,L31->L37,0.4860160052776336,0.7349534630775452,0.6612881422042847
20260723,751,L19->L14,0.485897958278656,0.7202150821685791,0.6746567487716675
20260723,752,L06->L27,0.4858254194259643,0.5765807628631592,0.8425973653793335
20260723,753,L13->L11,0.485589325428009,0.7250851392745972,0.6696997284889221
20260723,754,L33->L07,0.4853623211383819,0.6697269678115845,0.7247167229652405
20260723,755,L32->L07,0.4853622913360595,0.6697269082069397,0.7247167229652405
20260723,756,L33->L03,0.4849472641944885,0.6697269678115845,0.724096953868866
20260723,757,L32->L03,0.4849472045898437,0.6697269082069397,0.724096953868866
20260723,758,L18->L04,0.4843007624149322,0.8010093569755554,0.6046131253242493
20260723,759,L04->L02,0.483426958322525,0.6317688822746277,0.765195906162262
20260723,760,L36->L10,0.4832584857940674,0.6945478916168213,0.695788562297821
20260723,761,L37->L10,0.4832584857940674,0.6945478916168213,0.695788562297821
20260723,762,L21->L12,0.483027309179306,0.8048298358917236,0.6001607775688171
20260723,763,L01->L27,0.4829685389995575,0.5599327683448792,0.8625473976135254
20260723,764,L21->L05,0.4827174544334411,0.8048298358917236,0.5997757911682129
20260723,765,L20->L08,0.4826589822769165,0.7695387005805969,0.6272056102752686
20260723,766,L09->L38,0.4826256334781647,0.6046355366706848,0.7982091903686523
20260723,767,L01->L14,0.4824732542037964,0.5599327683448792,0.8616628050804138
20260723,768,L38->L20,0.4816641509532928,0.7881467938423157,0.6111350655555725
20260723,769,L36->L33,0.4815760850906372,0.6945478916168213,0.693366289138794
20260723,770,L37->L33,0.4815760850906372,0.6945478916168213,0.693366289138794
20260723,771,L36->L32,0.4815760552883148,0.6945478916168213,0.6933662295341492
20260723,772,L37->L32,0.4815760552883148,0.6945478916168213,0.6933662295341492
20260723,773,L08->L24,0.4813703000545501,0.6559687256813049,0.7338311672210693
20260723,774,L36->L19,0.481301337480545,0.6945478916168213,0.6929706931114197
20260723,775,L37->L19,0.481301337480545,0.6945478916168213,0.6929706931114197
20260723,776,L38->L36,0.4811858534812927,0.7881467938423157,0.6105282306671143
20260723,777,L38->L37,0.4811858534812927,0.7881467938423157,0.6105282306671143
20260723,778,L01->L21,0.4808130264282226,0.5599327683448792,0.858697772026062
20260723,779,L03->L02,0.4807495474815368,0.7540040016174316,0.6375954747200012
20260723,780,L05->L30,0.4802347421646118,0.6318522095680237,0.7600428462028503
20260723,781,L04->L30,0.4801002740859985,0.6317688822746277,0.7599302530288696
20260723,782,L03->L01,0.4799632430076599,0.7540040016174316,0.636552631855011
20260723,783,L29->L30,0.4799049198627472,0.6294892430305481,0.7623718976974487
20260723,784,L24->L21,0.4795235395431518,0.6864312291145325,0.6985747814178467
20260723,785,L04->L36,0.4790891706943512,0.6317688822746277,0.7583298087120056
20260723,786,L04->L37,0.4790891706943512,0.6317688822746277,0.7583298087120056
20260723,787,L05->L36,0.4786663055419922,0.6318522095680237,0.7575605511665344
20260723,788,L05->L37,0.4786663055419922,0.6318522095680237,0.7575605511665344
20260723,789,L08->L05,0.4785256683826446,0.6559687256813049,0.7294946312904358
20260723,790,L03->L05,0.4779817461967468,0.7540040016174316,0.633924663066864
20260723,791,L31->L19,0.4772089421749115,0.7349534630775452,0.649304986000061
20260723,792,L01->L25,0.476988822221756,0.5599327683448792,0.8518680334091187
20260723,793,L01->L26,0.476988822221756,0.5599327683448792,0.8518680334091187
20260723,794,L12->L06,0.4763283729553222,0.7638887166976929,0.6235572695732117
20260723,795,L36->L15,0.4760915637016296,0.6945478916168213,0.6854697465896606
20260723,796,L37->L15,0.4760915637016296,0.6945478916168213,0.6854697465896606
20260723,797,L06->L10,0.4760604798793793,0.5765807628631592,0.8256614208221436
20260723,798,L36->L18,0.4758641719818115,0.6945478916168213,0.6851423382759094
20260723,799,L37->L18,0.4758641719818115,0.6945478916168213,0.6851423382759094
20260723,800,L01->L20,0.4753559827804565,0.5599327683448792,0.8489518761634827
20260723,801,L28->L06,0.4753269851207733,0.8638166189193726,0.5502637624740601
20260723,802,L23->L09,0.4752861857414245,0.8595836162567139,0.5529260635375977
20260723,803,L28->L01,0.4751485884189605,0.8638166189193726,0.5500572323799133
20260723,804,L18->L05,0.4747212529182434,0.8010093569755554,0.5926538109779358
20260723,805,L29->L07,0.4744555056095123,0.6294892430305481,0.7537150382995605
20260723,806,L15->L19,0.4742259979248047,0.8128028512001038,0.5834453105926514
20260723,807,L03->L12,0.4741208553314209,0.7540040016174316,0.6288041472434998
20260723,808,L17->L01,0.4738353788852691,0.8476094603538513,0.5590255856513977
20260723,809,L01->L09,0.4736853837966919,0.5599327683448792,0.8459683060646057
20260723,810,L33->L21,0.4735405743122101,0.6697269678115845,0.7070651054382324
20260723,811,L32->L21,0.4735405147075653,0.6697269082069397,0.7070651054382324
20260723,812,L23->L13,0.4732944667339325,0.8595836162567139,0.5506089925765991
20260723,813,L38->L04,0.4728533327579498,0.7881467938423157,0.5999559164047241
20260723,814,L05->L31,0.4719312489032745,0.6318522095680237,0.7469013333320618
20260723,815,L04->L31,0.4718694686889648,0.6317688822746277,0.7469020485877991
20260723,816,L16->L31,0.4716019630432129,0.8342729806900024,0.5652849674224854
20260723,817,L02->L28,0.4710411727428436,0.5332152247428894,0.8833978176116943
20260723,818,L33->L19,0.4709767699241638,0.6697269678115845,0.703236997127533
20260723,819,L32->L19,0.4709767401218414,0.6697269082069397,0.703236997127533
20260723,820,L34->L27,0.4709111154079437,0.5762024521827698,0.8172667622566223
20260723,821,L35->L27,0.4709111154079437,0.5762024521827698,0.8172667622566223
20260723,822,L25->L12,0.4703001976013183,0.8368657231330872,0.5619781017303467
20260723,823,L26->L12,0.4703001976013183,0.8368657231330872,0.5619781017303467
20260723,824,L01->L12,0.47011399269104,0.5599327683448792,0.8395900726318359
20260723,825,L01->L10,0.4701097905635834,0.5599327683448792,0.8395825624465942
20260723,826,L04->L12,0.469771534204483,0.6317688822746277,0.7435812950134277
20260723,827,L12->L24,0.4697192311286926,0.7638887166976929,0.6149052977561951
20260723,828,L29->L31,0.469497412443161,0.6294892430305481,0.7458386421203613
20260723,829,L29->L19,0.4692550599575043,0.6294892430305481,0.7454536557197571
20260723,830,L07->L03,0.4691611230373382,0.7351940274238586,0.6381459832191467
20260723,831,L17->L09,0.4688721597194671,0.8476094603538513,0.5531700253486633
20260723,832,L23->L01,0.4684608876705169,0.8595836162567139,0.544985830783844
20260723,833,L06->L21,0.4684244096279144,0.5765807628631592,0.8124176859855652
20260723,834,L25->L34,0.4683148860931396,0.8368657231330872,0.5596057772636414
20260723,835,L25->L35,0.4683148860931396,0.8368657231330872,0.5596057772636414
20260723,836,L26->L34,0.4683148860931396,0.8368657231330872,0.5596057772636414
20260723,837,L26->L35,0.4683148860931396,0.8368657231330872,0.5596057772636414
20260723,838,L19->L23,0.4683142900466919,0.7202150821685791,0.650242269039154
20260723,839,L24->L19,0.4673036634922027,0.6864312291145325,0.6807727217674255
20260723,840,L38->L05,0.4670526683330536,0.7881467938423157,0.5925960540771484
20260723,841,L36->L11,0.4670048058032989,0.6945478916168213,0.6723867654800415
20260723,842,L37->L11,0.4670048058032989,0.6945478916168213,0.6723867654800415
20260723,843,L24->L10,0.4665939509868622,0.6864312291145325,0.6797388195991516
20260723,844,L06->L15,0.4664781391620636,0.5765807628631592,0.8090421557426453
20260723,845,L36->L14,0.466447502374649,0.6945478916168213,0.6715843677520752
20260723,846,L37->L14,0.466447502374649,0.6945478916168213,0.6715843677520752
20260723,847,L30->L19,0.466083288192749,0.7437325119972229,0.6266813278198242
20260723,848,L15->L30,0.4659685492515564,0.8128028512001038,0.5732860565185547
20260723,849,L05->L12,0.4653493762016296,0.6318522095680237,0.7364845275878906
20260723,850,L20->L04,0.4652888476848602,0.7695387005805969,0.6046334505081177
20260723,851,L12->L38,0.4648937284946441,0.7638887166976929,0.6085882782936096
20260723,852,L30->L08,0.4647398293018341,0.7437325119972229,0.6248749494552612
20260723,853,L09->L30,0.4644943475723266,0.6046355366706848,0.7682220339775085
20260723,854,L16->L01,0.4643228948116302,0.8342729806900024,0.5565599203109741
20260723,855,L20->L07,0.4639554619789123,0.7695387005805969,0.6029007434844971
20260723,856,L07->L05,0.4639002680778503,0.7351940274238586,0.6309902667999268
20260723,857,L14->L34,0.4638132452964782,0.7934112548828125,0.5845811367034912
20260723,858,L14->L35,0.4638132452964782,0.7934112548828125,0.5845811367034912
20260723,859,L33->L10,0.4637268781661987,0.6697269678115845,0.6924118399620056
20260723,860,L32->L10,0.4637268483638763,0.6697269082069397,0.6924118399620056
20260723,861,L05->L01,0.4633450508117676,0.6318522095680237,0.7333123683929443
20260723,862,L02->L23,0.4632484018802643,0.5332152247428894,0.868783175945282
20260723,863,L12->L09,0.4632165729999542,0.7638887166976929,0.6063927412033081
20260723,864,L16->L32,0.4628458619117737,0.8342729806900024,0.5547894835472107
20260723,865,L16->L33,0.4628458619117737,0.8342729806900024,0.5547894835472107
20260723,866,L23->L34,0.4627759754657745,0.8595836162567139,0.538372278213501
20260723,867,L23->L35,0.4627759754657745,0.8595836162567139,0.538372278213501
20260723,868,L22->L08,0.4624474048614502,0.7440758347511292,0.6215057373046875
20260723,869,L29->L24,0.4621406197547912,0.6294892430305481,0.7341517210006714
20260723,870,L05->L24,0.4621395766735077,0.6318522095680237,0.7314045429229736
20260723,871,L29->L16,0.4620589017868042,0.6294892430305481,0.7340219020843506
20260723,872,L04->L24,0.4620305001735687,0.6317688822746277,0.7313283681869507
20260723,873,L12->L30,0.4618217647075653,0.7638887166976929,0.6045668125152588
20260723,874,L06->L18,0.4616603851318359,0.5765807628631592,0.8006864190101624
20260723,875,L29->L03,0.4616468846797943,0.6294892430305481,0.733367383480072
20260723,876,L24->L29,0.4609966874122619,0.6864312291145325,0.6715846657752991
20260723,877,L17->L04,0.4609481990337372,0.8476094603538513,0.5438214540481567
20260723,878,L28->L02,0.4607725143432617,0.8638166189193726,0.5334147214889526
20260723,879,L06->L38,0.4606883525848388,0.5765807628631592,0.7990005612373352
20260723,880,L01->L13,0.4606502950191498,0.5599327683448792,0.8226885795593262
20260723,881,L31->L08,0.4605806469917297,0.7349534630775452,0.6266800165176392
20260723,882,L07->L34,0.4603956341743469,0.7351940274238586,0.6262233257293701
20260723,883,L07->L35,0.4603956341743469,0.7351940274238586,0.6262233257293701
20260723,884,L03->L04,0.4600965678691864,0.7540040016174316,0.6102043986320496
20260723,885,L34->L38,0.4598651528358459,0.5762024521827698,0.7980964779853821
20260723,886,L35->L38,0.4598651528358459,0.5762024521827698,0.7980964779853821
20260723,887,L15->L02,0.459473043680191,0.8128028512001038,0.5652945637702942
20260723,888,L24->L11,0.4591399431228637,0.6864312291145325,0.6688797473907471
20260723,889,L24->L22,0.4589933454990387,0.6864312291145325,0.6686661839485168
20260723,890,L15->L05,0.4589560031890869,0.8128028512001038,0.5646584630012512
20260723,891,L11->L08,0.4589503407478332,0.6778505444526672,0.6770671606063843
20260723,892,L25->L01,0.4582054316997528,0.8368657231330872,0.5475256443023682
20260723,893,L26->L01,0.4582054316997528,0.8368657231330872,0.5475256443023682
20260723,894,L24->L15,0.4580560028553009,0.6864312291145325,0.6673006415367126
20260723,895,L33->L29,0.4580225944519043,0.6697269678115845,0.6838945150375366
20260723,896,L32->L29,0.4580225646495819,0.6697269082069397,0.6838945150375366
20260723,897,L09->L24,0.4574484825134277,0.6046355366706848,0.756568968296051
20260723,898,L06->L08,0.4569575488567352,0.5765807628631592,0.7925300002098083
20260723,899,L14->L06,0.4567047953605652,0.7934112548828125,0.5756217837333679
20260723,900,L16->L04,0.456694096326828,0.8342729806900024,0.5474156737327576
20260723,901,L22->L28,0.456498235464096,0.7440758347511292,0.6135103702545166
20260723,902,L20->L05,0.4562159180641174,0.7695387005805969,0.5928433537483215
20260723,903,L31->L29,0.4561111032962799,0.7349534630775452,0.6205986142158508
20260723,904,L06->L14,0.4556024372577667,0.5765807628631592,0.7901797294616699
20260723,905,L14->L05,0.4554760754108429,0.7934112548828125,0.5740731358528137
20260723,906,L19->L08,0.455469012260437,0.7202150821685791,0.6324069499969482
20260723,907,L11->L04,0.4545263648033142,0.6778505444526672,0.6705406904220581
20260723,908,L01->L07,0.4545174241065979,0.5599327683448792,0.8117356896400452
20260723,909,L33->L22,0.4544795155525207,0.6697269678115845,0.6786041855812073
20260723,910,L32->L22,0.4544794857501983,0.6697269082069397,0.6786041855812073
20260723,911,L08->L32,0.4544622302055359,0.6559687256813049,0.6928108334541321
20260723,912,L08->L33,0.4544622302055359,0.6559687256813049,0.6928108334541321
20260723,913,L12->L34,0.4543883800506592,0.7638887166976929,0.5948358178138733
20260723,914,L12->L35,0.4543883800506592,0.7638887166976929,0.5948358178138733
20260723,915,L33->L15,0.4537374675273895,0.6697269678115845,0.6774961948394775
20260723,916,L32->L15,0.4537374377250671,0.6697269082069397,0.6774961948394775
20260723,917,L24->L18,0.453679472208023,0.6864312291145325,0.6609248518943787
20260723,918,L12->L31,0.4535053670406341,0.7638887166976929,0.5936799049377441
20260723,919,L23->L24,0.4534596502780914,0.8595836162567139,0.5275340676307678
20260723,920,L12->L04,0.4533462524414062,0.7638887166976929,0.5934715867042542
20260723,921,L09->L03,0.4532833397388458,0.6046355366706848,0.7496802806854248
20260723,922,L09->L31,0.4527479708194732,0.6046355366706848,0.7487948536872864
20260723,923,L22->L07,0.4526562988758087,0.7440758347511292,0.6083469986915588
20260723,924,L11->L05,0.4522596299648285,0.6778505444526672,0.6671966910362244
20260723,925,L15->L01,0.4520295262336731,0.8128028512001038,0.5561367273330688
20260723,926,L03->L34,0.4517425894737243,0.7540040016174316,0.5991249084472656
20260723,927,L03->L35,0.4517425894737243,0.7540040016174316,0.5991249084472656
20260723,928,L28->L13,0.4514052867889404,0.8638166189193726,0.5225707292556763
20260723,929,L33->L18,0.450883001089096,0.6697269678115845,0.6732340455055237
20260723,930,L32->L18,0.4508829414844513,0.6697269082069397,0.6732340455055237
20260723,931,L25->L02,0.450157880783081,0.8368657231330872,0.5379093289375305
20260723,932,L26->L02,0.450157880783081,0.8368657231330872,0.5379093289375305
20260723,933,L33->L11,0.4498730599880218,0.6697269678115845,0.6717260479927063
20260723,934,L32->L11,0.4498730003833771,0.6697269082069397,0.6717260479927063
20260723,935,L02->L25,0.4498676657676697,0.5332152247428894,0.8436887264251709
20260723,936,L02->L26,0.4498676657676697,0.5332152247428894,0.8436887264251709
20260723,937,L33->L14,0.4497144818305969,0.6697269678115845,0.6714892983436584
20260723,938,L32->L14,0.4497144520282745,0.6697269082069397,0.6714892983436584
20260723,939,L24->L14,0.4496679008007049,0.6864312291145325,0.6550807952880859
20260723,940,L13->L08,0.4495991170406341,0.7250851392745972,0.6200639009475708
20260723,941,L18->L12,0.4494566321372986,0.8010093569755554,0.5611128211021423
20260723,942,L22->L04,0.4486642479896545,0.7440758347511292,0.6029818654060364
20260723,943,L06->L07,0.4486321806907654,0.5765807628631592,0.77809077501297
20260723,944,L01->L38,0.4481230080127716,0.5599327683448792,0.8003157377243042
20260723,945,L01->L02,0.4479905068874359,0.5599327683448792,0.8000791072845459
20260723,946,L04->L13,0.4469166696071625,0.6317688822746277,0.7074053287506104
20260723,947,L30->L04,0.4468970596790313,0.7437325119972229,0.6008841395378113
20260723,948,L15->L12,0.4461140632629394,0.8128028512001038,0.5488588809967041
20260723,949,L01->L19,0.4460843205451965,0.5599327683448792,0.7966747879981995
20260723,950,L18->L34,0.4453854858875274,0.8010093569755554,0.5560303330421448
20260723,951,L18->L35,0.4453854858875274,0.8010093569755554,0.5560303330421448
20260723,952,L14->L27,0.445267766714096,0.7934112548828125,0.5612067580223083
20260723,953,L28->L09,0.4436947107315063,0.8638166189193726,0.5136445760726929
20260723,954,L14->L12,0.4434781372547149,0.7934112548828125,0.5589511394500732
20260723,955,L35->L30,0.4434356093406677,0.5762024521827698,0.769582986831665
20260723,956,L34->L30,0.4434355795383453,0.5762024521827698,0.7695829272270203
20260723,957,L13->L36,0.4433200359344482,0.7250851392745972,0.6114041209220886
20260723,958,L13->L37,0.4433200359344482,0.7250851392745972,0.6114041209220886
20260723,959,L31->L04,0.4427438974380493,0.7349534630775452,0.6024107933044434
20260723,960,L38->L12,0.4424315392971039,0.7881467938423157,0.561356782913208
20260723,961,L06->L20,0.4422473311424255,0.5765807628631592,0.767017126083374
20260723,962,L03->L08,0.4416573941707611,0.7540040016174316,0.5857493877410889
20260723,963,L09->L17,0.4412954449653625,0.6046355366706848,0.729853630065918
20260723,964,L30->L05,0.4411683082580566,0.7437325119972229,0.5931814312934875
20260723,965,L13->L20,0.4409237205982208,0.7250851392745972,0.6080992221832275
20260723,966,L25->L13,0.4408022463321686,0.8368657231330872,0.526729941368103
20260723,967,L26->L13,0.4408022463321686,0.8368657231330872,0.526729941368103
20260723,968,L09->L07,0.4400480985641479,0.6046355366706848,0.7277906537055969
20260723,969,L11->L38,0.4399789273738861,0.6778505444526672,0.6490795612335205
20260723,970,L22->L05,0.4399125874042511,0.7440758347511292,0.5912200808525085
20260723,971,L09->L16,0.4398576617240906,0.6046355366706848,0.7274757027626038
20260723,972,L06->L30,0.4397643506526947,0.5765807628631592,0.7627107501029968
20260723,973,L18->L01,0.4395777881145477,0.8010093569755554,0.5487798452377319
20260723,974,L03->L07,0.4395173788070678,0.7540040016174316,0.5829111933708191
20260723,975,L23->L02,0.4394136071205139,0.8595836162567139,0.511193573474884
20260723,976,L21->L01,0.4393824934959411,0.8048298358917236,0.5459321737289429
20260723,977,L14->L01,0.438567578792572,0.7934112548828125,0.552761971950531
20260723,978,L25->L09,0.4383487403392792,0.8368657231330872,0.5237981677055359
20260723,979,L26->L09,0.4383487403392792,0.8368657231330872,0.5237981677055359
20260723,980,L04->L06,0.4380179941654205,0.6317688822746277,0.6933199763298035
20260723,981,L19->L04,0.4379904866218567,0.7202150821685791,0.6081384420394897
20260723,982,L13->L04,0.4379439651966095,0.7250851392745972,0.6039897203445435
20260723,983,L20->L12,0.4378305673599243,0.7695387005805969,0.5689519643783569
20260723,984,L06->L11,0.4376359581947326,0.5765807628631592,0.7590193748474121
20260723,985,L06->L22,0.4376205503940582,0.5765807628631592,0.758992612361908
20260723,986,L34->L24,0.4375576078891754,0.5762024521827698,0.7593817114830017
20260723,987,L35->L24,0.4375576078891754,0.5762024521827698,0.7593817114830017
20260723,988,L02->L27,0.4375258982181549,0.5332152247428894,0.8205427527427673
20260723,989,L01->L22,0.4374206066131592,0.5599327683448792,0.7812020182609558
20260723,990,L22->L29,0.4370751678943634,0.7440758347511292,0.5874067544937134
20260723,991,L31->L05,0.4367565512657165,0.7349534630775452,0.5942642092704773
20260723,992,L14->L02,0.4365414679050445,0.7934112548828125,0.550208330154419
20260723,993,L04->L32,0.4363467693328857,0.6317688822746277,0.6906746625900269
20260723,994,L04->L33,0.4363467693328857,0.6317688822746277,0.6906746625900269
20260723,995,L29->L32,0.4362398386001587,0.6294892430305481,0.6930060386657715
20260723,996,L29->L33,0.4362398386001587,0.6294892430305481,0.6930060386657715
20260723,997,L05->L33,0.4361134469509125,0.6318522095680237,0.6902143359184265
20260723,998,L05->L32,0.4361134171485901,0.6318522095680237,0.6902142763137817
20260723,999,L19->L07,0.4350877106189728,0.7202150821685791,0.6041080355644226
20260723,1000,L38->L30,0.4349698722362518,0.7881467938423157,0.5518894195556641
20260723,1001,L18->L02,0.4348678588867187,0.8010093569755554,0.5428998470306396
20260723,1002,L36->L08,0.4336534440517425,0.6945478916168213,0.6243679523468018
20260723,1003,L37->L08,0.4336534440517425,0.6945478916168213,0.6243679523468018
20260723,1004,L11->L24,0.4333960711956024,0.6778505444526672,0.6393681764602661
20260723,1005,L06->L19,0.4324292540550232,0.5765807628631592,0.7499890327453613
20260723,1006,L05->L04,0.4322334825992584,0.6318522095680237,0.6840736865997314
20260723,1007,L12->L01,0.4318160712718963,0.7638887166976929,0.5652866363525391
20260723,1008,L38->L01,0.4317801296710968,0.7881467938423157,0.547842264175415
20260723,1009,L34->L31,0.4314993023872375,0.5762024521827698,0.7488675117492676
20260723,1010,L35->L31,0.4314993023872375,0.5762024521827698,0.7488675117492676
20260723,1011,L16->L09,0.4308772683143616,0.8342729806900024,0.5164703726768494
20260723,1012,L06->L31,0.4307722449302673,0.5765807628631592,0.7471151947975159
20260723,1013,L38->L34,0.4307344555854797,0.7881467938423157,0.5465155243873596
20260723,1014,L38->L35,0.4307344555854797,0.7881467938423157,0.5465155243873596
20260723,1015,L29->L14,0.4306503534317016,0.6294892430305481,0.684126615524292
20260723,1016,L19->L05,0.4302646815776825,0.7202150821685791,0.5974113941192627
20260723,1017,L05->L13,0.4293217957019806,0.6318522095680237,0.6794655323028564
20260723,1018,L14->L28,0.4293177723884582,0.7934112548828125,0.541103720664978
20260723,1019,L11->L30,0.429170548915863,0.6778505444526672,0.6331344842910767
20260723,1020,L21->L13,0.4291674196720123,0.8048298358917236,0.5332399606704712
20260723,1021,L17->L02,0.4288893640041351,0.8476094603538513,0.5059987902641296
20260723,1022,L07->L27,0.4288825392723083,0.7351940274238586,0.5833596587181091
20260723,1023,L06->L09,0.4288577437400818,0.5765807628631592,0.7437947392463684
20260723,1024,L06->L01,0.4284790456295013,0.5765807628631592,0.7431379556655884
20260723,1025,L03->L28,0.428360253572464,0.7540040016174316,0.5681140422821045
20260723,1026,L20->L28,0.4282343983650207,0.7695387005805969,0.5564819574356079
20260723,1027,L05->L06,0.427918791770935,0.6318522095680237,0.6772450804710388
20260723,1028,L13->L05,0.4279025197029114,0.7250851392745972,0.5901410579681396
20260723,1029,L12->L29,0.4278211593627929,0.7638887166976929,0.5600569248199463
20260723,1030,L36->L20,0.4277446568012237,0.6945478916168213,0.6158605813980103
20260723,1031,L37->L20,0.4277446568012237,0.6945478916168213,0.6158605813980103
20260723,1032,L34->L17,0.4272705912590027,0.5762024521827698,0.7415285706520081
20260723,1033,L35->L17,0.4272705912590027,0.5762024521827698,0.7415285706520081
20260723,1034,L09->L10,0.4267897307872772,0.6046355366706848,0.705862820148468
20260723,1035,L30->L29,0.4265674948692322,0.7437325119972229,0.5735496282577515
20260723,1036,L19->L12,0.4260289371013641,0.7202150821685791,0.5915301442146301
20260723,1037,L09->L21,0.4257893860340118,0.6046355366706848,0.7042083144187927
20260723,1038,L01->L30,0.4256893992424011,0.5599327683448792,0.7602509260177612
20260723,1039,L02->L38,0.4255565106868744,0.5332152247428894,0.7980952262878418
20260723,1040,L08->L29,0.4253236651420593,0.6559687256813049,0.6483901739120483
20260723,1041,L06->L24,0.4252752661705017,0.5765807628631592,0.7375814318656921
20260723,1042,L34->L16,0.4245823919773102,0.5762024521827698,0.7368631958961487
20260723,1043,L35->L16,0.4245823919773102,0.5762024521827698,0.7368631958961487
20260723,1044,L31->L34,0.4242568910121918,0.7349534630775452,0.5772567987442017
20260723,1045,L31->L35,0.4242568910121918,0.7349534630775452,0.5772567987442017
20260723,1046,L20->L34,0.423153281211853,0.7695387005805969,0.5498791337013245
20260723,1047,L20->L35,0.423153281211853,0.7695387005805969,0.5498791337013245
20260723,1048,L11->L31,0.4230129420757293,0.6778505444526672,0.6240504384040833
20260723,1049,L09->L19,0.4227719008922577,0.6046355366706848,0.6992177367210388
20260723,1050,L01->L36,0.4222959876060486,0.5599327683448792,0.7541905045509338
20260723,1051,L01->L37,0.4222959876060486,0.5599327683448792,0.7541905045509338
20260723,1052,L21->L09,0.4222918450832367,0.8048298358917236,0.5246970653533936
20260723,1053,L24->L08,0.4221165478229522,0.6864312291145325,0.6149436831474304
20260723,1054,L25->L06,0.4219385087490082,0.8368657231330872,0.5041890144348145
20260723,1055,L26->L06,0.4219385087490082,0.8368657231330872,0.5041890144348145
20260723,1056,L29->L17,0.4214362800121307,0.6294892430305481,0.6694892644882202
20260723,1057,L38->L02,0.4213548004627228,0.7881467938423157,0.534614622592926
20260723,1058,L29->L10,0.4210791289806366,0.6294892430305481,0.6689218878746033
20260723,1059,L16->L02,0.4210355579853058,0.8342729806900024,0.5046736001968384
20260723,1060,L20->L01,0.4210308194160461,0.7695387005805969,0.5471210479736328
20260723,1061,L22->L12,0.4207386672496795,0.7440758347511292,0.5654513239860535
20260723,1062,L22->L19,0.4201606512069702,0.7440758347511292,0.5646744966506958
20260723,1063,L24->L36,0.4197766184806824,0.6864312291145325,0.611534833908081
20260723,1064,L24->L37,0.4197766184806824,0.6864312291145325,0.611534833908081
20260723,1065,L29->L11,0.4193626046180725,0.6294892430305481,0.6661950349807739
20260723,1066,L18->L13,0.4192199110984802,0.8010093569755554,0.5233645439147949
20260723,1067,L09->L32,0.4189250469207763,0.6046355366706848,0.6928554773330688
20260723,1068,L09->L33,0.4189250469207763,0.6046355366706848,0.6928554773330688
20260723,1069,L11->L09,0.4189103543758392,0.6778505444526672,0.6179981231689453
20260723,1070,L01->L31,0.4182518720626831,0.5599327683448792,0.7469680309295654
20260723,1071,L30->L12,0.4181423485279083,0.7437325119972229,0.5622214078903198
20260723,1072,L14->L30,0.4180613458156585,0.7934112548828125,0.5269163250923157
20260723,1073,L30->L35,0.4172950088977813,0.7437325119972229,0.561082124710083
20260723,1074,L30->L34,0.417294979095459,0.7437325119972229,0.5610820651054382
20260723,1075,L20->L09,0.4172514677047729,0.7695387005805969,0.5422098636627197
20260723,1076,L27->L07,0.4171048700809479,0.8034288883209229,0.5191559195518494
20260723,1077,L20->L27,0.416980892419815,0.7695387005805969,0.5418582558631897
20260723,1078,L36->L04,0.4169755578041076,0.6945478916168213,0.6003553867340088
20260723,1079,L37->L04,0.4169755578041076,0.6945478916168213,0.6003553867340088
20260723,1080,L22->L27,0.4163148403167724,0.7440758347511292,0.5595059394836426
20260723,1081,L33->L08,0.4163035452365875,0.6697269678115845,0.6216018795967102
20260723,1082,L32->L08,0.4163035154342651,0.6697269082069397,0.6216018795967102
20260723,1083,L31->L12,0.4158168435096741,0.7349534630775452,0.5657730102539062
20260723,1084,L34->L03,0.4155355095863342,0.5762024521827698,0.7211623191833496
20260723,1085,L35->L03,0.4155355095863342,0.5762024521827698,0.7211623191833496
20260723,1086,L36->L34,0.4153937101364136,0.6945478916168213,0.5980778336524963
20260723,1087,L36->L35,0.4153937101364136,0.6945478916168213,0.5980778336524963
20260723,1088,L37->L34,0.4153936505317688,0.6945478916168213,0.5980777740478516
20260723,1089,L37->L35,0.4153936505317688,0.6945478916168213,0.5980777740478516
20260723,1090,L09->L29,0.4152770638465881,0.6046355366706848,0.6868221163749695
20260723,1091,L03->L19,0.4149785935878753,0.7540040016174316,0.5503665804862976
20260723,1092,L38->L13,0.4145657420158386,0.7881467938423157,0.5260006785392761
20260723,1093,L18->L06,0.4143107235431671,0.8010093569755554,0.5172358155250549
20260723,1094,L20->L02,0.4142321646213531,0.7695387005805969,0.5382863283157349
20260723,1095,L34->L07,0.4140826761722564,0.5762024521827698,0.718640923500061
20260723,1096,L35->L07,0.4140826761722564,0.5762024521827698,0.718640923500061
20260723,1097,L13->L12,0.4137817025184631,0.7250851392745972,0.5706663727760315
20260723,1098,L18->L09,0.4118734896183014,0.8010093569755554,0.5141931176185608
20260723,1099,L36->L05,0.411833643913269,0.6945478916168213,0.5929521322250366
20260723,1100,L37->L05,0.411833643913269,0.6945478916168213,0.5929521322250366
20260723,1101,L01->L05,0.4114288687705993,0.5599327683448792,0.7347826361656189
20260723,1102,L38->L09,0.4106514751911163,0.7881467938423157,0.5210342407226562
20260723,1103,L24->L04,0.4106140434741974,0.6864312291145325,0.598186731338501
20260723,1104,L30->L32,0.4104267954826355,0.7437325119972229,0.5518473386764526
20260723,1105,L30->L33,0.4104267954826355,0.7437325119972229,0.5518473386764526
20260723,1106,L05->L29,0.4103994369506836,0.6318522095680237,0.6495180726051331
20260723,1107,L14->L25,0.4103910624980926,0.7934112548828125,0.5172488689422607
20260723,1108,L14->L26,0.4103910624980926,0.7934112548828125,0.5172488689422607
20260723,1109,L04->L29,0.4100683033466339,0.6317688822746277,0.6490796208381653
20260723,1110,L34->L21,0.4099757969379425,0.5762024521827698,0.7115134596824646
20260723,1111,L35->L21,0.4099757969379425,0.5762024521827698,0.7115134596824646
20260723,1112,L02->L30,0.409787654876709,0.5332152247428894,0.7685220241546631
20260723,1113,L01->L24,0.4096036553382873,0.5599327683448792,0.7315229177474976
20260723,1114,L09->L15,0.4095852971076965,0.6046355366706848,0.6774085760116577
20260723,1115,L09->L22,0.4090456068515777,0.6046355366706848,0.6765159964561462
20260723,1116,L33->L36,0.4090401828289032,0.6697269678115845,0.6107566356658936
20260723,1117,L33->L37,0.4090401828289032,0.6697269678115845,0.6107566356658936
20260723,1118,L32->L36,0.4090401530265808,0.6697269082069397,0.6107566356658936
20260723,1119,L32->L37,0.4090401530265808,0.6697269082069397,0.6107566356658936
20260723,1120,L24->L20,0.4083568453788757,0.6864312291145325,0.5948984026908875
20260723,1121,L23->L30,0.4079440832138061,0.8595836162567139,0.4745833575725555
20260723,1122,L04->L05,0.4078877866268158,0.6317688822746277,0.6456281542778015
20260723,1123,L30->L01,0.4074142277240753,0.7437325119972229,0.5477967262268066
20260723,1124,L33->L20,0.4073816537857055,0.6697269678115845,0.6082801818847656
20260723,1125,L32->L20,0.4073815941810608,0.6697269082069397,0.6082801818847656
20260723,1126,L22->L01,0.4071464836597442,0.7440758347511292,0.5471841096878052
20260723,1127,L08->L34,0.4070480167865753,0.6559687256813049,0.6205295920372009
20260723,1128,L08->L35,0.4070480167865753,0.6559687256813049,0.6205295920372009
20260723,1129,L20->L13,0.4070110917091369,0.7695387005805969,0.5289027094841003
20260723,1130,L14->L38,0.4067603647708893,0.7934112548828125,0.5126727819442749
20260723,1131,L01->L08,0.4065245985984802,0.5599327683448792,0.7260239720344543
20260723,1132,L16->L19,0.4062114059925079,0.8342729806900024,0.4869046807289123
20260723,1133,L09->L14,0.4061942100524902,0.6046355366706848,0.6718000769615173
20260723,1134,L20->L30,0.4057580232620239,0.7695387005805969,0.5272743701934814
20260723,1135,L24->L05,0.4054305255413055,0.6864312291145325,0.5906352996826172
20260723,1136,L11->L34,0.4052069187164306,0.6778505444526672,0.5977820754051208
20260723,1137,L11->L35,0.4052069187164306,0.6778505444526672,0.5977820754051208
20260723,1138,L09->L18,0.4047383964061737,0.6046355366706848,0.6693923473358154
20260723,1139,L09->L11,0.4046145677566528,0.6046355366706848,0.6691875457763672
20260723,1140,L03->L13,0.4038209915161133,0.7540040016174316,0.5355687737464905
20260723,1141,L20->L19,0.4035529196262359,0.7695387005805969,0.5244088768959045
20260723,1142,L02->L24,0.403509259223938,0.5332152247428894,0.7567474246025085
20260723,1143,L20->L22,0.403092086315155,0.7695387005805969,0.5238100290298462
20260723,1144,L30->L02,0.4026968777179718,0.7437325119972229,0.5414538979530334
20260723,1145,L34->L29,0.4023450314998626,0.5762024521827698,0.6982702612876892
20260723,1146,L35->L29,0.4023450314998626,0.5762024521827698,0.6982702612876892
20260723,1147,L31->L01,0.4022717177867889,0.7349534630775452,0.5473431348800659
20260723,1148,L22->L09,0.4021618366241455,0.7440758347511292,0.5404850244522095
20260723,1149,L38->L32,0.4019301831722259,0.7881467938423157,0.5099686980247498
20260723,1150,L38->L33,0.4019301831722259,0.7881467938423157,0.5099686980247498
20260723,1151,L20->L06,0.4017779231071472,0.7695387005805969,0.5221022963523865
20260723,1152,L20->L25,0.4017090201377868,0.7695387005805969,0.5220127701759338
20260723,1153,L20->L26,0.4017090201377868,0.7695387005805969,0.5220127701759338
20260723,1154,L33->L04,0.4016952514648437,0.6697269678115845,0.599789559841156
20260723,1155,L32->L04,0.4016952216625213,0.6697269082069397,0.599789559841156
20260723,1156,L11->L06,0.4014016687870025,0.6778505444526672,0.592168390750885
20260723,1157,L16->L29,0.4011610746383667,0.8342729806900024,0.4808510839939117
20260723,1158,L13->L34,0.4010986089706421,0.7250851392745972,0.5531744956970215
20260723,1159,L13->L35,0.4010986089706421,0.7250851392745972,0.5531744956970215
20260723,1160,L34->L19,0.4007769525051117,0.5762024521827698,0.6955488324165344
20260723,1161,L35->L19,0.4007769525051117,0.5762024521827698,0.6955488324165344
20260723,1162,L19->L09,0.4004818201065063,0.7202150821685791,0.5560586452484131
20260723,1163,L34->L10,0.4004664719104767,0.5762024521827698,0.6950100064277649
20260723,1164,L35->L10,0.4004664719104767,0.5762024521827698,0.6950100064277649
20260723,1165,L03->L06,0.4004455208778381,0.7540040016174316,0.5310920476913452
20260723,1166,L19->L34,0.4003891944885254,0.7202150821685791,0.5559300184249878
20260723,1167,L19->L35,0.4003891944885254,0.7202150821685791,0.5559300184249878
20260723,1168,L12->L11,0.4001519680023193,0.7638887166976929,0.5238354206085205
20260723,1169,L29->L18,0.399842619895935,0.6294892430305481,0.6351857781410217
20260723,1170,L22->L02,0.3997615575790405,0.7440758347511292,0.5372591614723206
20260723,1171,L12->L02,0.3996899724006653,0.7638887166976929,0.5232306122779846
20260723,1172,L34->L32,0.3995834290981293,0.5762024521827698,0.6934775114059448
20260723,1173,L34->L33,0.3995834290981293,0.5762024521827698,0.6934775114059448
20260723,1174,L35->L32,0.3995834290981293,0.5762024521827698,0.6934775114059448
20260723,1175,L35->L33,0.3995834290981293,0.5762024521827698,0.6934775114059448
20260723,1176,L02->L31,0.3993361592292785,0.5332152247428894,0.7489211559295654
20260723,1177,L21->L02,0.3991640210151672,0.8048298358917236,0.4959607720375061
20260723,1178,L13->L01,0.3986650109291076,0.7250851392745972,0.549818217754364
20260723,1179,L06->L33,0.3981054425239563,0.5765807628631592,0.690459132194519
20260723,1180,L06->L32,0.3981054127216339,0.5765807628631592,0.6904590725898743
20260723,1181,L31->L02,0.3978603482246399,0.7349534630775452,0.5413408875465393
20260723,1182,L16->L30,0.397455632686615,0.8342729806900024,0.4764095842838287
20260723,1183,L33->L05,0.3966190814971924,0.6697269678115845,0.5922101140022278
20260723,1184,L32->L05,0.39661905169487,0.6697269082069397,0.5922101140022278
20260723,1185,L03->L30,0.3962696492671966,0.7540040016174316,0.5255537629127502
20260723,1186,L06->L36,0.3961726725101471,0.5765807628631592,0.6871069669723511
20260723,1187,L06->L37,0.3961726725101471,0.5765807628631592,0.6871069669723511
20260723,1188,L38->L06,0.3960527777671814,0.7881467938423157,0.5025114417076111
20260723,1189,L12->L32,0.3951069712638855,0.7638887166976929,0.5172310471534729
20260723,1190,L12->L33,0.3951069712638855,0.7638887166976929,0.5172310471534729
20260723,1191,L34->L22,0.3947097063064575,0.5762024521827698,0.6850191354751587
20260723,1192,L35->L22,0.3947097063064575,0.5762024521827698,0.6850191354751587
20260723,1193,L19->L13,0.394431471824646,0.7202150821685791,0.5476579070091248
20260723,1194,L19->L01,0.3940540254116058,0.7202150821685791,0.5471338033676147
20260723,1195,L03->L25,0.3935214877128601,0.7540040016174316,0.5219089984893799
20260723,1196,L03->L26,0.3935214281082153,0.7540040016174316,0.5219089388847351
20260723,1197,L16->L24,0.3934492170810699,0.8342729806900024,0.4716072976589203
20260723,1198,L20->L38,0.3931668698787689,0.7695387005805969,0.5109124183654785
20260723,1199,L01->L04,0.3931387066841125,0.5599327683448792,0.7021176815032959
20260723,1200,L35->L15,0.3930423855781555,0.5762024521827698,0.6821255087852478
20260723,1201,L34->L15,0.3930423557758331,0.5762024521827698,0.682125449180603
20260723,1202,L22->L25,0.3929157555103302,0.7440758347511292,0.5280587673187256
20260723,1203,L22->L26,0.3929157555103302,0.7440758347511292,0.5280587673187256
20260723,1204,L02->L03,0.392908364534378,0.5332152247428894,0.7368663549423218
20260723,1205,L34->L18,0.3923121988773346,0.5762024521827698,0.6808582544326782
20260723,1206,L35->L18,0.3923121988773346,0.5762024521827698,0.6808582544326782
20260723,1207,L11->L29,0.3923041820526123,0.6778505444526672,0.5787473320960999
20260723,1208,L22->L13,0.3921322226524353,0.7440758347511292,0.5270057320594788
20260723,1209,L22->L30,0.3918323218822479,0.7440758347511292,0.5266026854515076
20260723,1210,L29->L20,0.3918124437332153,0.6294892430305481,0.6224291324615479
20260723,1211,L14->L32,0.3915930092334747,0.7934112548828125,0.4935561716556549
20260723,1212,L14->L33,0.3915930092334747,0.7934112548828125,0.4935561716556549
20260723,1213,L02->L17,0.3910046815872192,0.5332152247428894,0.7332961559295654
20260723,1214,L36->L12,0.3907984793186188,0.6945478916168213,0.5626659989356995
20260723,1215,L37->L12,0.3907984793186188,0.6945478916168213,0.5626659989356995
20260723,1216,L02->L16,0.3905950784683227,0.5332152247428894,0.7325279712677002
20260723,1217,L30->L13,0.3905859291553497,0.7437325119972229,0.5251699090003967
20260723,1218,L04->L34,0.3905374705791473,0.6317688822746277,0.6181650757789612
20260723,1219,L04->L35,0.3905374705791473,0.6317688822746277,0.6181650757789612
20260723,1220,L05->L34,0.3904058933258056,0.6318522095680237,0.617875337600708
20260723,1221,L05->L35,0.3904058933258056,0.6318522095680237,0.617875337600708
20260723,1222,L19->L28,0.3902450501918793,0.7202150821685791,0.5418451428413391
20260723,1223,L30->L09,0.3896141648292541,0.7437325119972229,0.5238633155822754
20260723,1224,L31->L09,0.3893811404705047,0.7349534630775452,0.5298038125038147
20260723,1225,L19->L02,0.3880192041397095,0.7202150821685791,0.5387546420097351
20260723,1226,L34->L11,0.3873561024665832,0.5762024521827698,0.6722569465637207
20260723,1227,L35->L11,0.3873561024665832,0.5762024521827698,0.6722569465637207
20260723,1228,L31->L13,0.3871375918388366,0.7349534630775452,0.5267511606216431
20260723,1229,L34->L14,0.3868587017059326,0.5762024521827698,0.6713936924934387
20260723,1230,L35->L14,0.3868586719036102,0.5762024521827698,0.671393632888794
20260723,1231,L03->L27,0.386802077293396,0.7540040016174316,0.5129973888397217
20260723,1232,L18->L22,0.3867117762565613,0.8010093569755554,0.4827806055545807
20260723,1233,L01->L32,0.3863818645477295,0.5599327683448792,0.690050482749939
20260723,1234,L01->L33,0.3863818645477295,0.5599327683448792,0.690050482749939
20260723,1235,L14->L19,0.3862183094024658,0.7934112548828125,0.4867819845676422
20260723,1236,L19->L27,0.3861690163612366,0.7202150821685791,0.5361856818199158
20260723,1237,L22->L06,0.3855387568473816,0.7440758347511292,0.518144428730011
20260723,1238,L14->L31,0.3851600587368011,0.7934112548828125,0.4854481816291809
20260723,1239,L02->L07,0.3850096464157104,0.5332152247428894,0.7220529913902283
20260723,1240,L29->L08,0.3849127888679504,0.6294892430305481,0.6114684343338013
20260723,1241,L24->L12,0.3843495547771454,0.6864312291145325,0.5599243640899658
20260723,1242,L03->L38,0.3841912150382995,0.7540040016174316,0.5095347166061401
20260723,1243,L13->L02,0.3841522634029388,0.7250851392745972,0.5298029780387878
20260723,1244,L09->L08,0.3837756514549255,0.6046355366706848,0.6347222924232483
20260723,1245,L06->L29,0.3820503354072571,0.5765807628631592,0.6626137495040894
20260723,1246,L29->L15,0.3817303776741028,0.6294892430305481,0.6064128875732422
20260723,1247,L04->L03,0.3814923763275146,0.6317688822746277,0.6038479804992676
20260723,1248,L36->L01,0.3806438446044922,0.6945478916168213,0.5480455160140991
20260723,1249,L37->L01,0.3806438446044922,0.6945478916168213,0.5480455160140991
20260723,1250,L22->L38,0.3800370693206787,0.7440758347511292,0.5107504725456238
20260723,1251,L20->L32,0.3796716630458832,0.7695387005805969,0.4933756589889526
20260723,1252,L20->L33,0.3796716630458832,0.7695387005805969,0.4933756589889526
20260723,1253,L24->L34,0.3793312311172485,0.6864312291145325,0.5526136159896851
20260723,1254,L24->L35,0.3793312311172485,0.6864312291145325,0.5526136159896851
20260723,1255,L31->L06,0.3791071772575378,0.7349534630775452,0.5158247351646423
20260723,1256,L14->L29,0.3788197338581085,0.7934112548828125,0.4774569571018219
20260723,1257,L19->L30,0.378743827342987,0.7202150821685791,0.525875985622406
20260723,1258,L19->L06,0.3769406974315643,0.7202150821685791,0.5233724117279053
20260723,1259,L33->L12,0.3765705227851867,0.6697269678115845,0.562274694442749
20260723,1260,L32->L12,0.3765704929828644,0.6697269082069397,0.562274694442749
20260723,1261,L24->L01,0.3765276968479156,0.6864312291145325,0.5485293865203857
20260723,1262,L11->L02,0.3764045536518097,0.6778505444526672,0.5552913546562195
20260723,1263,L29->L04,0.376087486743927,0.6294892430305481,0.5974486470222473
20260723,1264,L19->L25,0.3759063184261322,0.7202150821685791,0.5219361782073975
20260723,1265,L19->L26,0.3759063184261322,0.7202150821685791,0.5219361782073975
20260723,1266,L02->L21,0.375885397195816,0.5332152247428894,0.7049412131309509
20260723,1267,L24->L06,0.3756134212017059,0.6864312291145325,0.5471974611282349
20260723,1268,L13->L06,0.3751589357852936,0.7250851392745972,0.5173998475074768
20260723,1269,L11->L01,0.374656617641449,0.6778505444526672,0.5527127385139465
20260723,1270,L02->L19,0.373962938785553,0.5332152247428894,0.7013358473777771
20260723,1271,L20->L31,0.3737403154373169,0.7695387005805969,0.4856680035591125
20260723,1272,L30->L06,0.373267263174057,0.7437325119972229,0.5018837451934814
20260723,1273,L11->L32,0.3732134401798248,0.6778505444526672,0.5505836606025696
20260723,1274,L11->L33,0.3732134401798248,0.6778505444526672,0.5505836606025696
20260723,1275,L36->L02,0.3726478517055511,0.6945478916168213,0.536532998085022
20260723,1276,L37->L02,0.3726478517055511,0.6945478916168213,0.536532998085022
20260723,1277,L06->L12,0.371905505657196,0.5765807628631592,0.6450189352035522
20260723,1278,L13->L09,0.3717009127140045,0.7250851392745972,0.5126307010650635
20260723,1279,L29->L36,0.3714355826377868,0.6294892430305481,0.5900586843490601
20260723,1280,L29->L37,0.3714355826377868,0.6294892430305481,0.5900586843490601
20260723,1281,L29->L05,0.3711926639080047,0.6294892430305481,0.5896727442741394
20260723,1282,L03->L32,0.3709642887115478,0.7540040016174316,0.4919924736022949
20260723,1283,L03->L33,0.3709642887115478,0.7540040016174316,0.4919924736022949
20260723,1284,L01->L06,0.370415449142456,0.5599327683448792,0.6615355610847473
20260723,1285,L14->L24,0.3702290952205658,0.7934112548828125,0.4666295051574707
20260723,1286,L33->L34,0.369678646326065,0.6697269678115845,0.5519841313362122
20260723,1287,L33->L35,0.369678646326065,0.6697269678115845,0.5519841313362122
20260723,1288,L32->L34,0.3696786165237427,0.6697269082069397,0.5519841313362122
20260723,1289,L32->L35,0.3696786165237427,0.6697269082069397,0.5519841313362122
20260723,1290,L02->L32,0.3694279193878174,0.5332152247428894,0.6928308010101318
20260723,1291,L02->L33,0.3694279193878174,0.5332152247428894,0.6928308010101318
20260723,1292,L09->L36,0.369057297706604,0.6046355366706848,0.6103797554969788
20260723,1293,L09->L37,0.369057297706604,0.6046355366706848,0.6103797554969788
20260723,1294,L20->L29,0.3684646487236023,0.7695387005805969,0.4788123667240143
20260723,1295,L19->L38,0.3680579662322998,0.7202150821685791,0.5110389590263367
20260723,1296,L33->L01,0.3675303757190704,0.6697269678115845,0.5487764477729797
20260723,1297,L32->L01,0.367530345916748,0.6697269082069397,0.5487764477729797
20260723,1298,L02->L10,0.3673049509525299,0.5332152247428894,0.6888493299484253
20260723,1299,L34->L35,0.3666447103023529,0.5762024521827698,0.6363123059272766
20260723,1300,L35->L34,0.3666447103023529,0.5762024521827698,0.6363123059272766
20260723,1301,L02->L29,0.3666359186172485,0.5332152247428894,0.6875945925712585
20260723,1302,L36->L13,0.3654151558876037,0.6945478916168213,0.5261194705963135
20260723,1303,L37->L13,0.3654151558876037,0.6945478916168213,0.5261194705963135
20260723,1304,L09->L20,0.3652166724205017,0.6046355366706848,0.6040278077125549
20260723,1305,L22->L32,0.3652105033397674,0.7440758347511292,0.4908243119716644
20260723,1306,L22->L33,0.3652105033397674,0.7440758347511292,0.4908243119716644
20260723,1307,L03->L31,0.364920824766159,0.7540040016174316,0.4839772880077362
20260723,1308,L05->L03,0.3638805449008941,0.6318522095680237,0.5758950114250183
20260723,1309,L01->L29,0.3637940287590027,0.5599327683448792,0.6497101783752441
20260723,1310,L03->L29,0.3633022606372833,0.7540040016174316,0.4818306863307953
20260723,1311,L36->L09,0.362761527299881,0.6945478916168213,0.5222988128662109
20260723,1312,L37->L09,0.362761527299881,0.6945478916168213,0.5222988128662109
20260723,1313,L01->L11,0.3625313639640808,0.5599327683448792,0.6474551558494568
20260723,1314,L02->L22,0.3610652983188629,0.5332152247428894,0.677147388458252
20260723,1315,L22->L31,0.3604018986225128,0.7440758347511292,0.4843617677688598
20260723,1316,L02->L15,0.3596599102020263,0.5332152247428894,0.674511730670929
20260723,1317,L20->L24,0.3593799173831939,0.7695387005805969,0.4670069515705108
20260723,1318,L34->L08,0.3591553568840027,0.5762024521827698,0.6233144998550415
20260723,1319,L35->L08,0.3591553568840027,0.5762024521827698,0.6233144998550415
20260723,1320,L02->L18,0.3576641976833343,0.5332152247428894,0.6707689166069031
20260723,1321,L24->L13,0.3571876585483551,0.6864312291145325,0.5203546285629272
20260723,1322,L02->L11,0.3571013808250427,0.5332152247428894,0.6697133779525757
20260723,1323,L09->L04,0.356806606054306,0.6046355366706848,0.5901184678077698
20260723,1324,L02->L14,0.3563161492347717,0.5332152247428894,0.6682407855987549
20260723,1325,L19->L32,0.3560554087162018,0.7202150821685791,0.4943737387657165
20260723,1326,L19->L33,0.3560554087162018,0.7202150821685791,0.4943737387657165
20260723,1327,L29->L34,0.3548462986946106,0.6294892430305481,0.5637050867080688
20260723,1328,L29->L35,0.3548462986946106,0.6294892430305481,0.5637050867080688
20260723,1329,L03->L24,0.354340136051178,0.7540040016174316,0.4699446260929107
20260723,1330,L33->L02,0.3534463346004486,0.6697269678115845,0.5277469158172607
20260723,1331,L32->L02,0.3534463047981262,0.6697269082069397,0.5277469158172607
20260723,1332,L36->L06,0.3533475399017334,0.6945478916168213,0.5087446570396423
20260723,1333,L37->L06,0.3533475399017334,0.6945478916168213,0.5087446570396423
20260723,1334,L34->L20,0.3523223102092743,0.5762024521827698,0.6114557385444641
20260723,1335,L35->L20,0.3523223102092743,0.5762024521827698,0.6114557385444641
20260723,1336,L33->L13,0.3516104221343994,0.6697269678115845,0.5250056385993958
20260723,1337,L32->L13,0.351610392332077,0.6697269082069397,0.5250056385993958
20260723,1338,L19->L29,0.3513477146625519,0.7202150821685791,0.4878371953964233
20260723,1339,L22->L24,0.3512004911899566,0.7440758347511292,0.4719955623149872
20260723,1340,L29->L06,0.3506091237068176,0.6294892430305481,0.5569739937782288
20260723,1341,L09->L05,0.3498583436012268,0.6046355366706848,0.578626811504364
20260723,1342,L19->L31,0.349120944738388,0.7202150821685791,0.4847453832626343
20260723,1343,L29->L12,0.349087506532669,0.6294892430305481,0.5545567274093628
20260723,1344,L34->L36,0.3485700488090515,0.5762024521827698,0.6049436926841736
20260723,1345,L34->L37,0.3485700488090515,0.5762024521827698,0.6049436926841736
20260723,1346,L35->L36,0.3485700488090515,0.5762024521827698,0.6049436926841736
20260723,1347,L35->L37,0.3485700488090515,0.5762024521827698,0.6049436926841736
20260723,1348,L06->L02,0.3485221862792969,0.5765807628631592,0.6044637560844421
20260723,1349,L33->L06,0.3477453589439392,0.6697269678115845,0.5192345380783081
20260723,1350,L32->L06,0.3477453291416168,0.6697269082069397,0.5192345380783081
20260723,1351,L33->L09,0.3465632498264313,0.6697269678115845,0.5174694657325745
20260723,1352,L32->L09,0.3465632200241089,0.6697269082069397,0.5174694657325745
20260723,1353,L34->L04,0.3458386659622192,0.5762024521827698,0.6002033948898315
20260723,1354,L35->L04,0.3458386659622192,0.5762024521827698,0.6002033948898315
20260723,1355,L06->L03,0.3458134531974792,0.5765807628631592,0.5997658371925354
20260723,1356,L01->L34,0.3453664183616638,0.5599327683448792,0.6167997717857361
20260723,1357,L01->L35,0.3453664183616638,0.5599327683448792,0.6167997717857361
20260723,1358,L29->L01,0.3447666466236114,0.6294892430305481,0.5476926565170288
20260723,1359,L24->L02,0.343696653842926,0.6864312291145325,0.5007007718086243
20260723,1360,L24->L09,0.3434519469738006,0.6864312291145325,0.5003442764282227
20260723,1361,L34->L05,0.341539055109024,0.5762024521827698,0.5927414298057556
20260723,1362,L35->L05,0.341539055109024,0.5762024521827698,0.5927414298057556
20260723,1363,L09->L01,0.3383695781230926,0.6046355366706848,0.5596256852149963
20260723,1364,L06->L13,0.3372487425804138,0.5765807628631592,0.5849115252494812
20260723,1365,L01->L03,0.3371018767356872,0.5599327683448792,0.6020399332046509
20260723,1366,L09->L12,0.3359670042991638,0.6046355366706848,0.5556520819664001
20260723,1367,L19->L24,0.3342592716217041,0.7202150821685791,0.4641103446483612
20260723,1368,L09->L34,0.3340056538581848,0.6046355366706848,0.5524082183837891
20260723,1369,L09->L35,0.3340056538581848,0.6046355366706848,0.5524082183837891
20260723,1370,L06->L34,0.3338986039161682,0.5765807628631592,0.5791012048721313
20260723,1371,L06->L35,0.3338986039161682,0.5765807628631592,0.5791012048721313
20260723,1372,L06->L05,0.333387553691864,0.5765807628631592,0.5782148241996765
20260723,1373,L02->L08,0.3303981125354767,0.5332152247428894,0.619633674621582
20260723,1374,L29->L21,0.3291091024875641,0.6294892430305481,0.5228192806243896
20260723,1375,L02->L36,0.3255426287651062,0.5332152247428894,0.6105276346206665
20260723,1376,L02->L37,0.3255426287651062,0.5332152247428894,0.6105276346206665
20260723,1377,L34->L12,0.3240557909011841,0.5762024521827698,0.5623992085456848
20260723,1378,L35->L12,0.3240557909011841,0.5762024521827698,0.5623992085456848
20260723,1379,L02->L20,0.3228395283222198,0.5332152247428894,0.6054581999778748
20260723,1380,L29->L13,0.3214568495750427,0.6294892430305481,0.5106629729270935
20260723,1381,L02->L04,0.3214311599731445,0.5332152247428894,0.6028169393539429
20260723,1382,L02->L05,0.3159849941730499,0.5332152247428894,0.5926030874252319
20260723,1383,L34->L01,0.3158429265022278,0.5762024521827698,0.5481457710266113
20260723,1384,L35->L01,0.3158429265022278,0.5762024521827698,0.5481457710266113
20260723,1385,L09->L13,0.3137642443180084,0.6046355366706848,0.5189312100410461
20260723,1386,L09->L02,0.3100183010101318,0.6046355366706848,0.5127358436584473
20260723,1387,L09->L06,0.3090053498744964,0.6046355366706848,0.5110605359077454
20260723,1388,L34->L02,0.3083384335041046,0.5762024521827698,0.5351216793060303
20260723,1389,L35->L02,0.3083384335041046,0.5762024521827698,0.5351216793060303
20260723,1390,L29->L02,0.3078580200672149,0.6294892430305481,0.4890600144863128
20260723,1391,L29->L09,0.307534784078598,0.6294892430305481,0.4885465502738952
20260723,1392,L06->L04,0.3059123754501343,0.5765807628631592,0.5305629372596741
20260723,1393,L02->L01,0.3032316863536834,0.5332152247428894,0.5686853528022766
20260723,1394,L34->L13,0.3030436635017395,0.5762024521827698,0.5259326100349426
20260723,1395,L35->L13,0.3030436635017395,0.5762024521827698,0.5259326100349426
20260723,1396,L29->L22,0.3020762503147125,0.6294892430305481,0.4798751771450043
20260723,1397,L34->L09,0.3003131151199341,0.5762024521827698,0.5211937427520752
20260723,1398,L35->L09,0.3003131151199341,0.5762024521827698,0.5211937427520752
20260723,1399,L02->L12,0.2974966466426849,0.5332152247428894,0.5579297542572021
20260723,1400,L02->L34,0.2946370542049408,0.5332152247428894,0.5525668263435364
20260723,1401,L02->L35,0.2946370542049408,0.5332152247428894,0.5525668263435364
20260723,1402,L34->L06,0.2939548790454864,0.5762024521827698,0.5101590156555176
20260723,1403,L35->L06,0.2939548790454864,0.5762024521827698,0.5101590156555176
20260723,1404,L02->L13,0.2803115248680115,0.5332152247428894,0.5257005095481873
20260723,1405,L02->L06,0.2802820801734924,0.5332152247428894,0.5256453156471252
20260723,1406,L02->L09,0.2722847163677215,0.5332152247428894,0.5106469392776489
20260724,1,L28->L25,0.8301228880882263,0.8737770915031433,0.9500396847724916
20260724,2,L28->L26,0.8301228880882263,0.8737770915031433,0.9500396847724916
20260724,3,L28->L24,0.8289479613304138,0.8737770915031433,0.9486950039863586
20260724,4,L28->L27,0.7800295948982239,0.8737770915031433,0.8927100300788879
20260724,5,L28->L38,0.7774407267570496,0.8737770915031433,0.8897472023963928
20260724,6,L25->L28,0.7761332392692566,0.8393852710723877,0.9246448278427124
20260724,7,L26->L28,0.7761332392692566,0.8393852710723877,0.9246448278427124
20260724,8,L27->L23,0.7607746124267578,0.8028149008750916,0.9476339221000672
20260724,9,L25->L26,0.755432665348053,0.8393852710723877,0.8999832272529602
20260724,10,L26->L25,0.755432665348053,0.8393852710723877,0.8999832272529602
20260724,11,L28->L23,0.7530404329299927,0.8737770915031433,0.8618221282958984
20260724,12,L27->L28,0.7511410713195801,0.8028149008750916,0.935634195804596
20260724,13,L25->L23,0.7429570555686951,0.8393852710723877,0.8851204514503479
20260724,14,L26->L23,0.7429570555686951,0.8393852710723877,0.8851204514503479
20260724,15,L10->L01,0.7418349385261536,0.7893151640892029,0.9398463368415833
20260724,16,L27->L24,0.7379962801933289,0.8028149008750916,0.919260799884796
20260724,17,L10->L09,0.7336685657501221,0.7893151640892029,0.929500162601471
20260724,18,L10->L17,0.7321950197219849,0.7893151640892029,0.9276332855224608
20260724,19,L10->L15,0.7318150997161865,0.7893151640892029,0.9271519780158995
20260724,20,L10->L16,0.7285728454589844,0.7893151640892029,0.9230442643165588
20260724,21,L10->L14,0.7282270789146423,0.7893151640892029,0.9226062297821044
20260724,22,L10->L08,0.7279504537582397,0.7893151640892029,0.9222557544708252
20260724,23,L10->L02,0.7241138219833374,0.7893151640892029,0.9173950552940368
20260724,24,L25->L30,0.7213220000267029,0.8393852710723877,0.859345555305481
20260724,25,L26->L30,0.7213220000267029,0.8393852710723877,0.859345555305481
20260724,26,L10->L07,0.7173120379447937,0.7893151640892029,0.9087777137756348
20260724,27,L10->L05,0.7166534066200256,0.7893151640892029,0.907943308353424
20260724,28,L23->L18,0.7127094864845276,0.8627856969833374,0.826056182384491
20260724,29,L27->L29,0.7118369340896606,0.8028149008750916,0.8866762518882751
20260724,30,L27->L19,0.7111552357673645,0.8028149008750916,0.8858271837234497
20260724,31,L21->L23,0.7099263072013855,0.7881898283958435,0.9007047414779663
20260724,32,L10->L03,0.7083411812782288,0.7893151640892029,0.8974123597145081
20260724,33,L10->L27,0.7064963579177856,0.7893151640892029,0.8950750827789307
20260724,34,L27->L16,0.7060799598693848,0.8028149008750916,0.8795052766799927
20260724,35,L23->L17,0.7048643231391907,0.8627856969833374,0.8169633746147156
20260724,36,L10->L18,0.7032014727592468,0.7893151640892029,0.890900731086731
20260724,37,L21->L28,0.7030702829360962,0.7881898283958435,0.8920062780380249
20260724,38,L27->L14,0.7024840712547302,0.8028149008750916,0.8750262260437012
20260724,39,L10->L04,0.7021316289901733,0.7893151640892029,0.8895453214645386
20260724,40,L10->L28,0.6994814872741699,0.7893151640892029,0.8861878514289856
20260724,41,L10->L23,0.6982428431510925,0.7893151640892029,0.8846185803413391
20260724,42,L27->L17,0.6978118419647217,0.8028149008750916,0.8692063689231873
20260724,43,L28->L07,0.6970533132553101,0.8737770915031433,0.7977473139762878
20260724,44,L07->L23,0.6964281797409058,0.7342647910118103,0.9484700560569764
20260724,45,L27->L15,0.6939440965652466,0.8028149008750916,0.864388644695282
20260724,46,L10->L21,0.6920221447944641,0.7893151640892029,0.8767374157905579
20260724,47,L27->L21,0.6910512447357178,0.8028149008750916,0.8607852458953857
20260724,48,L10->L20,0.689860999584198,0.7893151640892029,0.8739994168281555
20260724,49,L27->L06,0.6888367533683777,0.8028149008750916,0.8580268621444702
20260724,50,L18->L28,0.6878122091293335,0.772764265537262,0.8900673389434814
20260724,51,L07->L28,0.6875097751617432,0.7342647910118103,0.9363240003585817
20260724,52,L17->L16,0.6875021457672119,0.8349263072013855,0.8234285116195679
20260724,53,L17->L18,0.6863449215888977,0.8349263072013855,0.8220425248146057
20260724,54,L38->L28,0.6861535310745239,0.7892816662788391,0.8693392276763916
20260724,55,L28->L32,0.68606036901474,0.8737770915031433,0.785166323184967
20260724,56,L28->L33,0.6860603094100952,0.8737770915031433,0.7851662635803223
20260724,57,L23->L21,0.6827204823493958,0.8627856969833374,0.7912978529930115
20260724,58,L10->L25,0.6825311779975891,0.7893151640892029,0.8647131323814392
20260724,59,L10->L26,0.6825311779975891,0.7893151640892029,0.8647131323814392
20260724,60,L27->L25,0.6812781095504761,0.8028149008750916,0.8486117124557495
20260724,61,L27->L26,0.6812781095504761,0.8028149008750916,0.8486117124557495
20260724,62,L27->L10,0.6802406311035156,0.8028149008750916,0.8473194241523743
20260724,63,L12->L17,0.678648829460144,0.7622805237770081,0.8902875185012817
20260724,64,L27->L30,0.6771431565284729,0.8028149008750916,0.8434610962867737
20260724,65,L10->L12,0.6769958734512329,0.7893151640892029,0.8577003479003906
20260724,66,L07->L24,0.6759522557258606,0.7342647910118103,0.9205837845802308
20260724,67,L12->L13,0.675643265247345,0.7622805237770081,0.8863446712493896
20260724,68,L21->L25,0.6727500557899475,0.7881898283958435,0.8535380959510803
20260724,69,L21->L26,0.6727500557899475,0.7881898283958435,0.8535380959510803
20260724,70,L28->L30,0.6722242832183838,0.8737770915031433,0.7693315148353577
20260724,71,L25->L27,0.6706960201263428,0.8393852710723877,0.7990323901176453
20260724,72,L26->L27,0.6706960201263428,0.8393852710723877,0.7990323901176453
20260724,73,L38->L23,0.6703149676322937,0.7892816662788391,0.8492721915245056
20260724,74,L23->L15,0.6701641082763672,0.8627856969833374,0.776744544506073
20260724,75,L21->L27,0.6691763997077942,0.7881898283958435,0.8490040898323059
20260724,76,L17->L15,0.6691476702690125,0.8349263072013855,0.8014451861381531
20260724,77,L16->L17,0.6686680316925049,0.8238638639450073,0.8116244077682495
20260724,78,L12->L16,0.6685529947280884,0.7622805237770081,0.8770432472229004
20260724,79,L18->L23,0.6683112978935242,0.772764265537262,0.8648320436477661
20260724,80,L27->L22,0.6681786179542542,0.8028149008750916,0.832294762134552
20260724,81,L10->L13,0.6677178740501404,0.7893151640892029,0.8459458351135254
20260724,82,L25->L38,0.6670501828193665,0.8393852710723877,0.7946889400482178
20260724,83,L26->L38,0.6670501828193665,0.8393852710723877,0.7946889400482178
20260724,84,L31->L38,0.6659815907478333,0.7404660582542419,0.8994086980819702
20260724,85,L31->L25,0.6654797792434692,0.7404660582542419,0.8987309336662292
20260724,86,L31->L26,0.6654797792434692,0.7404660582542419,0.8987309336662292
20260724,87,L17->L36,0.6611180901527405,0.8349263072013855,0.7918280959129333
20260724,88,L17->L37,0.6611180901527405,0.8349263072013855,0.7918280959129333
20260724,89,L23->L22,0.6607633233070374,0.8627856969833374,0.765848696231842
20260724,90,L25->L31,0.6598120927810669,0.8393852710723877,0.7860658764839172
20260724,91,L26->L31,0.6598120927810669,0.8393852710723877,0.7860658764839172
20260724,92,L10->L06,0.6583515405654907,0.7893151640892029,0.8340794444084167
20260724,93,L13->L28,0.6559801697731018,0.7377889156341553,0.8891163468360901
20260724,94,L10->L19,0.6549246907234192,0.7893151640892029,0.8297378420829773
20260724,95,L18->L25,0.6529349088668823,0.772764265537262,0.8449341058731079
20260724,96,L18->L26,0.6529349088668823,0.772764265537262,0.8449341058731079
20260724,97,L27->L38,0.6524568796157837,0.8028149008750916,0.8127114772796631
20260724,98,L31->L28,0.6523500680923462,0.7404660582542419,0.8809992671012878
20260724,99,L07->L29,0.652011513710022,0.7342647910118103,0.887978732585907
20260724,100,L15->L17,0.6505774855613708,0.790800154209137,0.8226825594902039
20260724,101,L07->L19,0.6505063772201538,0.7342647910118103,0.8859288692474365
20260724,102,L14->L17,0.6486804485321045,0.77660071849823,0.8352817893028259
20260724,103,L23->L20,0.6462212800979614,0.8627856969833374,0.7489939332008362
20260724,104,L24->L28,0.6460813283920288,0.7062423825263977,0.9148152470588684
20260724,105,L07->L16,0.6457353234291077,0.7342647910118103,0.8794311285018921
20260724,106,L13->L23,0.6439264416694641,0.7377889156341553,0.8727786540985107
20260724,107,L16->L21,0.6432498097419739,0.8238638639450073,0.7807719707489014
20260724,108,L30->L24,0.6425445675849915,0.75862717628479,0.8469833135604858
20260724,109,L14->L16,0.6418288946151733,0.77660071849823,0.8264592885971069
20260724,110,L07->L14,0.6414744853973389,0.7342647910118103,0.8736282587051392
20260724,111,L31->L30,0.6410218477249146,0.7404660582542419,0.8657005429267883
20260724,112,L23->L10,0.6401504278182983,0.8627856969833374,0.7419576048851013
20260724,113,L16->L20,0.6392672657966614,0.8238638639450073,0.7759379744529724
20260724,114,L31->L23,0.6382366418838501,0.7404660582542419,0.8619391322135925
20260724,115,L07->L17,0.6381639838218689,0.7342647910118103,0.8691197037696838
20260724,116,L30->L25,0.6376036405563354,0.75862717628479,0.8404703140258789
20260724,117,L30->L26,0.6376036405563354,0.75862717628479,0.8404703140258789
20260724,118,L27->L31,0.6357361674308777,0.8028149008750916,0.7918838858604431
20260724,119,L23->L19,0.6354619264602661,0.8627856969833374,0.7365235090255737
20260724,120,L10->L38,0.634940505027771,0.7893151640892029,0.8044195175170898
20260724,121,L28->L31,0.63444983959198,0.8737770915031433,0.7261003255844116
20260724,122,L25->L32,0.6342446804046631,0.8393852710723877,0.7556061744689941
20260724,123,L25->L33,0.6342446804046631,0.8393852710723877,0.7556061744689941
20260724,124,L26->L32,0.6342446804046631,0.8393852710723877,0.7556061744689941
20260724,125,L26->L33,0.6342446804046631,0.8393852710723877,0.7556061744689941
20260724,126,L23->L03,0.6338448524475098,0.8627856969833374,0.7346492409706116
20260724,127,L07->L15,0.6335844993591309,0.7342647910118103,0.8628828525543213
20260724,128,L21->L38,0.633209228515625,0.7881898283958435,0.8033714890480042
20260724,129,L12->L18,0.6329378485679626,0.7622805237770081,0.8303214311599731
20260724,130,L28->L03,0.6325516700744629,0.8737770915031433,0.7239279747009277
20260724,131,L07->L21,0.6320212483406067,0.7342647910118103,0.8607538938522339
20260724,132,L21->L19,0.6319437623023987,0.7881898283958435,0.8017659187316895
20260724,133,L31->L24,0.6290503144264221,0.7404660582542419,0.849532961845398
20260724,134,L10->L22,0.6286018490791321,0.7893151640892029,0.7963889241218567
20260724,135,L07->L06,0.6285916566848755,0.7342647910118103,0.8560830354690552
20260724,136,L31->L27,0.6284751296043396,0.7404660582542419,0.8487561345100403
20260724,137,L27->L18,0.6284304857254028,0.8028149008750916,0.7827838063240051
20260724,138,L15->L18,0.6283379793167114,0.790800154209137,0.7945597767829895
20260724,139,L10->L11,0.6282877922058105,0.7893151640892029,0.7959910035133362
20260724,140,L17->L23,0.6277247071266174,0.8349263072013855,0.7518324851989746
20260724,141,L12->L10,0.6270108222961426,0.7622805237770081,0.8225460052490234
20260724,142,L14->L15,0.6268072724342346,0.77660071849823,0.8071165084838867
20260724,143,L27->L11,0.625644326210022,0.8028149008750916,0.7793132662773132
20260724,144,L25->L29,0.625485897064209,0.8393852710723877,0.7451713681221008
20260724,145,L26->L29,0.625485897064209,0.8393852710723877,0.7451713681221008
20260724,146,L07->L25,0.6252356767654419,0.7342647910118103,0.8515125513076782
20260724,147,L07->L26,0.6252356767654419,0.7342647910118103,0.8515125513076782
20260724,148,L21->L22,0.6248224973678589,0.7881898283958435,0.792730987071991
20260724,149,L13->L25,0.6244838237762451,0.7377889156341553,0.8464261293411255
20260724,150,L13->L26,0.6244838237762451,0.7377889156341553,0.8464261293411255
20260724,151,L23->L16,0.6225878000259399,0.8627856969833374,0.7216019034385681
20260724,152,L15->L36,0.622348964214325,0.790800154209137,0.7869864106178284
20260724,153,L15->L37,0.622348964214325,0.790800154209137,0.7869864106178284
20260724,154,L07->L10,0.6222403645515442,0.7342647910118103,0.8474332094192505
20260724,155,L14->L20,0.6222389340400696,0.77660071849823,0.8012340664863586
20260724,156,L28->L17,0.6221523284912109,0.8737770915031433,0.7120263576507568
20260724,157,L17->L03,0.6218404769897461,0.8349263072013855,0.7447848916053772
20260724,158,L14->L10,0.6201639771461487,0.77660071849823,0.7985621690750122
20260724,159,L18->L27,0.620032012462616,0.772764265537262,0.802355945110321
20260724,160,L14->L21,0.619925320148468,0.77660071849823,0.7982549071311951
20260724,161,L07->L30,0.619831919670105,0.7342647910118103,0.844153106212616
20260724,162,L30->L23,0.6197788715362549,0.75862717628479,0.8169742226600647
20260724,163,L12->L21,0.6196404695510864,0.7622805237770081,0.8128771781921387
20260724,164,L31->L32,0.6194578409194946,0.7404660582542419,0.8365783095359802
20260724,165,L31->L33,0.6194578409194946,0.7404660582542419,0.8365783095359802
20260724,166,L16->L15,0.6189202070236206,0.8238638639450073,0.7512408494949341
20260724,167,L21->L16,0.6186365485191345,0.7881898283958435,0.784882664680481
20260724,168,L18->L38,0.6177296042442322,0.772764265537262,0.7993765473365784
20260724,169,L15->L16,0.6170970797538757,0.790800154209137,0.7803451418876648
20260724,170,L38->L31,0.6149681806564331,0.7892816662788391,0.7791492342948914
20260724,171,L21->L30,0.6144593954086304,0.7881898283958435,0.7795830368995667
20260724,172,L15->L10,0.6141897439956665,0.790800154209137,0.7766687273979187
20260724,173,L12->L20,0.6141603589057922,0.7622805237770081,0.8056881427764893
20260724,174,L24->L23,0.6136824488639832,0.7062423825263977,0.8689402341842651
20260724,175,L12->L03,0.61357182264328,0.7622805237770081,0.8049160242080688
20260724,176,L17->L21,0.6118614673614502,0.8349263072013855,0.7328329086303711
20260724,177,L17->L14,0.6115170121192932,0.8349263072013855,0.7324203252792358
20260724,178,L07->L22,0.6111473441123962,0.7342647910118103,0.8323255181312561
20260724,179,L10->L36,0.6109233498573303,0.7893151640892029,0.7739916443824768
20260724,180,L10->L37,0.6109233498573303,0.7893151640892029,0.7739916443824768
20260724,181,L18->L24,0.6100569367408752,0.772764265537262,0.7894476652145386
20260724,182,L28->L16,0.6082119941711426,0.8737770915031433,0.6960722804069519
20260724,183,L17->L12,0.6079334020614624,0.8349263072013855,0.72812819480896
20260724,184,L18->L30,0.6072044968605042,0.772764265537262,0.7857564091682434
20260724,185,L12->L15,0.6070575714111328,0.7622805237770081,0.7963703274726868
20260724,186,L16->L03,0.6070013046264648,0.8238638639450073,0.7367737889289856
20260724,187,L17->L10,0.6067640781402588,0.8349263072013855,0.7267277240753174
20260724,188,L23->L07,0.6065728068351746,0.8627856969833374,0.7030399441719055
20260724,189,L27->L02,0.6065297722816467,0.8028149008750916,0.7555038928985596
20260724,190,L10->L30,0.6058781743049622,0.7893151640892029,0.7675998210906982
20260724,191,L15->L14,0.6038325428962708,0.790800154209137,0.7635716199874878
20260724,192,L13->L27,0.6037567257881165,0.7377889156341553,0.8183326125144958
20260724,193,L16->L36,0.6032078266143799,0.8238638639450073,0.7321692705154419
20260724,194,L16->L37,0.6032077074050903,0.8238638639450073,0.7321691513061523
20260724,195,L36->L28,0.6031902432441711,0.6784542798995972,0.8890654444694519
20260724,196,L37->L28,0.6031902432441711,0.6784542798995972,0.8890654444694519
20260724,197,L21->L07,0.6028587222099304,0.7881898283958435,0.7648648619651794
20260724,198,L03->L17,0.6028330326080322,0.7443569302558899,0.8098709583282471
20260724,199,L27->L20,0.6026908159255981,0.8028149008750916,0.7507219910621643
20260724,200,L25->L16,0.6018113493919373,0.8393852710723877,0.7169668078422546
20260724,201,L26->L16,0.6018113493919373,0.8393852710723877,0.7169668078422546
20260724,202,L28->L10,0.6014965772628784,0.8737770915031433,0.6883867383003235
20260724,203,L28->L21,0.6011604070663452,0.8737770915031433,0.6880019903182983
20260724,204,L27->L09,0.6009894013404846,0.8028149008750916,0.7486026883125305
20260724,205,L24->L30,0.6009448170661926,0.7062423825263977,0.8509045243263245
20260724,206,L30->L27,0.6005710959434509,0.75862717628479,0.7916551232337952
20260724,207,L25->L19,0.6002137064933777,0.8393852710723877,0.7150633931159973
20260724,208,L26->L19,0.6002137064933777,0.8393852710723877,0.7150633931159973
20260724,209,L08->L17,0.5999895334243774,0.6408328413963318,0.936265230178833
20260724,210,L07->L38,0.598887026309967,0.7342647910118103,0.8156281113624573
20260724,211,L21->L24,0.5988540649414062,0.7881898283958435,0.7597840428352356
20260724,212,L17->L11,0.5988079309463501,0.8349263072013855,0.7171985507011414
20260724,213,L25->L03,0.5976776480674744,0.8393852710723877,0.7120420932769775
20260724,214,L26->L03,0.5976776480674744,0.8393852710723877,0.7120420932769775
20260724,215,L25->L17,0.5971792936325073,0.8393852710723877,0.7114483714103699
20260724,216,L26->L17,0.5971792936325073,0.8393852710723877,0.7114483714103699
20260724,217,L08->L16,0.5964440703392029,0.6408328413963318,0.9307326674461364
20260724,218,L27->L08,0.5959380865097046,0.8028149008750916,0.7423107028007507
20260724,219,L21->L31,0.595926821231842,0.7881898283958435,0.7560701370239258
20260724,220,L30->L28,0.595542311668396,0.75862717628479,0.7850263714790344
20260724,221,L17->L28,0.5954931974411011,0.8349263072013855,0.7132284641265869
20260724,222,L23->L11,0.595213770866394,0.8627856969833374,0.6898744106292725
20260724,223,L23->L27,0.5948570370674133,0.8627856969833374,0.6894609332084656
20260724,224,L17->L34,0.5944101810455322,0.8349263072013855,0.7119312882423401
20260724,225,L17->L35,0.5944101810455322,0.8349263072013855,0.7119312882423401
20260724,226,L19->L17,0.5940093398094177,0.7297638654708862,0.8139747381210327
20260724,227,L16->L10,0.5934349298477173,0.8238638639450073,0.7203070521354675
20260724,228,L08->L10,0.5930440425872803,0.6408328413963318,0.9254270195961
20260724,229,L27->L32,0.592888593673706,0.8028149008750916,0.7385122179985046
20260724,230,L27->L33,0.592888593673706,0.8028149008750916,0.7385122179985046
20260724,231,L10->L31,0.5915836691856384,0.7893151640892029,0.7494897842407227
20260724,232,L32->L28,0.5909072756767273,0.6719949841499329,0.8793329000473022
20260724,233,L33->L28,0.5909072756767273,0.6719949841499329,0.8793329000473022
20260724,234,L16->L14,0.5906883478164673,0.8238638639450073,0.7169732451438904
20260724,235,L36->L23,0.5902573466300964,0.6784542798995972,0.8700031638145447
20260724,236,L37->L23,0.5902573466300964,0.6784542798995972,0.8700031638145447
20260724,237,L29->L23,0.5897601842880249,0.6629805564880371,0.8895587921142578
20260724,238,L13->L38,0.5897427201271057,0.7377889156341553,0.7993379831314087
20260724,239,L14->L18,0.5880658626556396,0.77660071849823,0.7572306394577026
20260724,240,L21->L20,0.5873981714248657,0.7881898283958435,0.7452496290206909
20260724,241,L29->L28,0.5870744585990906,0.6629805564880371,0.8855077624320984
20260724,242,L17->L08,0.585300087928772,0.8349263072013855,0.7010200619697571
20260724,243,L15->L21,0.5852560997009277,0.790800154209137,0.7400808930397034
20260724,244,L25->L10,0.5845814347267151,0.8393852710723877,0.6964399218559265
20260724,245,L26->L10,0.5845814347267151,0.8393852710723877,0.6964399218559265
20260724,246,L32->L23,0.5842761397361755,0.6719949841499329,0.8694649934768677
20260724,247,L33->L23,0.5842761397361755,0.6719949841499329,0.8694649934768677
20260724,248,L08->L09,0.5828537344932556,0.6408328413963318,0.9095253944396972
20260724,249,L18->L31,0.5827286243438721,0.772764265537262,0.7540832757949829
20260724,250,L07->L31,0.5820251703262329,0.7342647910118103,0.7926638722419739
20260724,251,L10->L24,0.5818117260932922,0.7893151640892029,0.7371095418930054
20260724,252,L14->L13,0.5816368460655212,0.77660071849823,0.7489522099494934
20260724,253,L03->L16,0.581361711025238,0.7443569302558899,0.7810254693031311
20260724,254,L21->L14,0.5797210931777954,0.7881898283958435,0.73550945520401
20260724,255,L24->L25,0.5784076452255249,0.7062423825263977,0.8189931511878967
20260724,256,L24->L26,0.5784076452255249,0.7062423825263977,0.8189931511878967
20260724,257,L16->L18,0.5779159665107727,0.8238638639450073,0.7014702558517456
20260724,258,L13->L30,0.5776368975639343,0.7377889156341553,0.7829297780990601
20260724,259,L24->L27,0.5773769021034241,0.7062423825263977,0.8175336122512817
20260724,260,L25->L07,0.5772160291671753,0.8393852710723877,0.6876651644706726
20260724,261,L26->L07,0.5772160291671753,0.8393852710723877,0.6876651644706726
20260724,262,L21->L03,0.5754138827323914,0.7881898283958435,0.7300447821617126
20260724,263,L12->L14,0.5753904581069946,0.7622805237770081,0.7548277378082275
20260724,264,L28->L11,0.57527756690979,0.8737770915031433,0.6583802103996277
20260724,265,L05->L17,0.574790358543396,0.6236215829849243,0.9216973185539246
20260724,266,L07->L18,0.5746201276779175,0.7342647910118103,0.7825788855552673
20260724,267,L36->L25,0.5738030076026917,0.6784542798995972,0.8457504510879517
20260724,268,L36->L26,0.5738030076026917,0.6784542798995972,0.8457504510879517
20260724,269,L37->L25,0.5738030076026917,0.6784542798995972,0.8457504510879517
20260724,270,L37->L26,0.5738030076026917,0.6784542798995972,0.8457504510879517
20260724,271,L17->L38,0.5734559297561646,0.8349263072013855,0.6868341565132141
20260724,272,L13->L24,0.5734477639198303,0.7377889156341553,0.7772518396377563
20260724,273,L25->L21,0.5729753375053406,0.8393852710723877,0.6826130747795105
20260724,274,L26->L21,0.5729753375053406,0.8393852710723877,0.6826130747795105
20260724,275,L07->L11,0.5719752907752991,0.7342647910118103,0.7789768576622009
20260724,276,L16->L11,0.5719625949859619,0.8238638639450073,0.6942440271377563
20260724,277,L05->L16,0.5718187689781189,0.6236215829849243,0.9169322848320008
20260724,278,L03->L21,0.5713400840759277,0.7443569302558899,0.7675619721412659
20260724,279,L19->L18,0.5711431503295898,0.7297638654708862,0.7826410531997681
20260724,280,L18->L17,0.5706777572631836,0.772764265537262,0.7384887933731079
20260724,281,L21->L36,0.5704541802406311,0.7881898283958435,0.7237522602081299
20260724,282,L21->L37,0.5704541802406311,0.7881898283958435,0.7237522602081299
20260724,283,L15->L23,0.5703279972076416,0.790800154209137,0.7212036848068237
20260724,284,L03->L18,0.5685902237892151,0.7443569302558899,0.7638676762580872
20260724,285,L12->L23,0.5682855844497681,0.7622805237770081,0.7455071806907654
20260724,286,L12->L08,0.5679787993431091,0.7622805237770081,0.7451047301292419
20260724,287,L18->L29,0.5677038431167603,0.772764265537262,0.7346404194831848
20260724,288,L23->L08,0.5667939186096191,0.8627856969833374,0.6569347977638245
20260724,289,L19->L21,0.5667074918746948,0.7297638654708862,0.7765628099441528
20260724,290,L28->L18,0.566612720489502,0.8737770915031433,0.6484636664390564
20260724,291,L14->L36,0.5661315321922302,0.77660071849823,0.7289866209030151
20260724,292,L14->L37,0.5661315321922302,0.77660071849823,0.7289866209030151
20260724,293,L32->L25,0.5656842589378357,0.6719949841499329,0.8417983651161194
20260724,294,L32->L26,0.5656842589378357,0.6719949841499329,0.8417983651161194
20260724,295,L33->L25,0.5656842589378357,0.6719949841499329,0.8417983651161194
20260724,296,L33->L26,0.5656842589378357,0.6719949841499329,0.8417983651161194
20260724,297,L28->L22,0.5650596618652344,0.8737770915031433,0.646686315536499
20260724,298,L17->L25,0.5648340582847595,0.8349263072013855,0.6765076518058777
20260724,299,L17->L26,0.5648340582847595,0.8349263072013855,0.6765076518058777
20260724,300,L23->L38,0.5646962523460388,0.8627856969833374,0.6545034646987915
20260724,301,L03->L09,0.564676821231842,0.7443569302558899,0.7586103081703186
20260724,302,L29->L25,0.5645617842674255,0.6629805564880371,0.8515510559082031
20260724,303,L29->L26,0.5645617842674255,0.6629805564880371,0.8515510559082031
20260724,304,L28->L15,0.5645323991775513,0.8737770915031433,0.646082878112793
20260724,305,L19->L16,0.5635595917701721,0.7297638654708862,0.7722492814064026
20260724,306,L28->L29,0.5633677244186401,0.8737770915031433,0.6447499394416809
20260724,307,L38->L16,0.5628542900085449,0.7892816662788391,0.7131222486495972
20260724,308,L38->L03,0.5620437860488892,0.7892816662788391,0.712095320224762
20260724,309,L12->L36,0.5618436932563782,0.7622805237770081,0.737056314945221
20260724,310,L12->L37,0.5618436932563782,0.7622805237770081,0.737056314945221
20260724,311,L38->L29,0.5616182684898376,0.7892816662788391,0.7115561962127686
20260724,312,L29->L27,0.5612757802009583,0.6629805564880371,0.8465946316719055
20260724,313,L24->L38,0.5610634088516235,0.7062423825263977,0.794434666633606
20260724,314,L07->L02,0.560916543006897,0.7342647910118103,0.7639158964157104
20260724,315,L04->L17,0.5607309937477112,0.6131068468093872,0.914573073387146
20260724,316,L15->L34,0.5605857372283936,0.790800154209137,0.7088841795921326
20260724,317,L15->L35,0.5605857372283936,0.790800154209137,0.7088841795921326
20260724,318,L38->L17,0.5601463913917542,0.7892816662788391,0.7096913456916809
20260724,319,L28->L36,0.5600934624671936,0.8737770915031433,0.6410027146339417
20260724,320,L28->L37,0.5600934624671936,0.8737770915031433,0.6410027146339417
20260724,321,L17->L05,0.5600670576095581,0.8349263072013855,0.6707981824874878
20260724,322,L17->L22,0.5598746538162231,0.8349263072013855,0.6705677509307861
20260724,323,L08->L18,0.5597290396690369,0.6408328413963318,0.8734400272369385
20260724,324,L25->L24,0.5589329600334167,0.8393852710723877,0.6658836603164673
20260724,325,L26->L24,0.5589329600334167,0.8393852710723877,0.6658836603164673
20260724,326,L05->L10,0.558790922164917,0.6236215829849243,0.8960416913032532
20260724,327,L03->L20,0.5584236979484558,0.7443569302558899,0.7502095699310303
20260724,328,L25->L22,0.5575944781303406,0.8393852710723877,0.6642890572547913
20260724,329,L26->L22,0.5575944781303406,0.8393852710723877,0.6642890572547913
20260724,330,L19->L20,0.557049572467804,0.7297638654708862,0.7633285522460938
20260724,331,L03->L36,0.5563462376594543,0.7443569302558899,0.7474186420440674
20260724,332,L03->L37,0.5563462376594543,0.7443569302558899,0.7474186420440674
20260724,333,L04->L16,0.5562794804573059,0.6131068468093872,0.9073124527931212
20260724,334,L13->L31,0.5558860898017883,0.7377889156341553,0.7534486651420593
20260724,335,L17->L27,0.5557196140289307,0.8349263072013855,0.6655911803245544
20260724,336,L21->L17,0.5551162362098694,0.7881898283958435,0.7042925953865051
20260724,337,L19->L15,0.5548531413078308,0.7297638654708862,0.7603187561035156
20260724,338,L05->L28,0.5541713833808899,0.6236215829849243,0.8886340856552124
20260724,339,L21->L10,0.5539922118186951,0.7881898283958435,0.7028664946556091
20260724,340,L16->L12,0.5536382794380188,0.8238638639450073,0.6720021367073059
20260724,341,L14->L03,0.5534151792526245,0.77660071849823,0.7126122117042542
20260724,342,L25->L11,0.5534147620201111,0.8393852710723877,0.6593095660209656
20260724,343,L26->L11,0.5534147620201111,0.8393852710723877,0.6593095660209656
20260724,344,L08->L23,0.5533808469772339,0.6408328413963318,0.8635338544845581
20260724,345,L05->L23,0.5530701875686646,0.6236215829849243,0.8868682384490967
20260724,346,L27->L12,0.5529967546463013,0.8028149008750916,0.6888222694396973
20260724,347,L17->L07,0.5529107451438904,0.8349263072013855,0.6622270345687866
20260724,348,L27->L13,0.5526208877563477,0.8028149008750916,0.6883540749549866
20260724,349,L08->L28,0.5524317622184753,0.6408328413963318,0.8620527982711792
20260724,350,L38->L19,0.5523046851158142,0.7892816662788391,0.6997561454772949
20260724,351,L16->L08,0.552169919013977,0.8238638639450073,0.6702198386192322
20260724,352,L08->L15,0.5513790249824524,0.6408328413963318,0.8604100942611694
20260724,353,L36->L27,0.5513666272163391,0.6784542798995972,0.8126806020736694
20260724,354,L37->L27,0.5513666272163391,0.6784542798995972,0.8126806020736694
20260724,355,L05->L15,0.5512795448303223,0.6236215829849243,0.8839969038963318
20260724,356,L07->L20,0.5510514378547668,0.7342647910118103,0.7504805326461792
20260724,357,L23->L14,0.550238311290741,0.8627856969833374,0.6377462148666382
20260724,358,L28->L14,0.5500559210777283,0.8737770915031433,0.6295151710510254
20260724,359,L15->L11,0.5500456690788269,0.790800154209137,0.6955558657646179
20260724,360,L08->L21,0.5497295260429382,0.6408328413963318,0.8578360676765442
20260724,361,L04->L10,0.5497081875801086,0.6131068468093872,0.8965944647789001
20260724,362,L24->L31,0.5493035316467285,0.7062423825263977,0.7777833342552185
20260724,363,L03->L10,0.5491665005683899,0.7443569302558899,0.737773060798645
20260724,364,L12->L05,0.54908287525177,0.7622805237770081,0.7203159928321838
20260724,365,L08->L07,0.5490570068359375,0.6408328413963318,0.8567866683006287
20260724,366,L07->L09,0.5490037798881531,0.7342647910118103,0.747691810131073
20260724,367,L32->L27,0.5483106970787048,0.6719949841499329,0.8159446120262146
20260724,368,L33->L27,0.5483106970787048,0.6719949841499329,0.8159446120262146
20260724,369,L38->L10,0.548302948474884,0.7892816662788391,0.6946860551834106
20260724,370,L18->L20,0.5480948090553284,0.772764265537262,0.7092651724815369
20260724,371,L19->L10,0.5480797290802002,0.7297638654708862,0.7510371208190918
20260724,372,L05->L18,0.5478879809379578,0.6236215829849243,0.8785583972930908
20260724,373,L18->L03,0.5477447509765625,0.772764265537262,0.7088121771812439
20260724,374,L21->L32,0.5476140379905701,0.7881898283958435,0.694774329662323
20260724,375,L21->L33,0.5476140379905701,0.7881898283958435,0.694774329662323
20260724,376,L08->L20,0.547585666179657,0.6408328413963318,0.8544906377792358
20260724,377,L08->L27,0.5475617051124573,0.6408328413963318,0.8544532656669617
20260724,378,L15->L28,0.5473914742469788,0.790800154209137,0.6921994686126709
20260724,379,L05->L14,0.5471310615539551,0.6236215829849243,0.8773446679115295
20260724,380,L30->L38,0.5469499230384827,0.75862717628479,0.7209732532501221
20260724,381,L10->L32,0.5465078949928284,0.7893151640892029,0.6923823356628418
20260724,382,L10->L33,0.5465078949928284,0.7893151640892029,0.6923823356628418
20260724,383,L17->L20,0.5463665127754211,0.8349263072013855,0.6543889045715332
20260724,384,L20->L18,0.5463571548461914,0.7315700650215149,0.7468281984329224
20260724,385,L38->L25,0.5462777018547058,0.7892816662788391,0.6921200752258301
20260724,386,L38->L26,0.5462777018547058,0.7892816662788391,0.6921200752258301
20260724,387,L20->L16,0.5461677312850952,0.7315700650215149,0.7465692758560181
20260724,388,L12->L22,0.5456880331039429,0.7622805237770081,0.715862512588501
20260724,389,L07->L32,0.545500636100769,0.7342647910118103,0.7429208755493164
20260724,390,L07->L33,0.545500636100769,0.7342647910118103,0.7429208755493164
20260724,391,L30->L17,0.545267641544342,0.75862717628479,0.7187557220458984
20260724,392,L27->L36,0.5450067520141602,0.8028149008750916,0.6788697838783264
20260724,393,L27->L37,0.5450067520141602,0.8028149008750916,0.6788697838783264
20260724,394,L23->L25,0.544967770576477,0.8627856969833374,0.631637454032898
20260724,395,L23->L26,0.544967770576477,0.8627856969833374,0.631637454032898
20260724,396,L28->L19,0.5443989038467407,0.8737770915031433,0.6230409145355225
20260724,397,L31->L07,0.5439044833183289,0.7404660582542419,0.7345434427261353
20260724,398,L11->L17,0.5438950657844543,0.6308996677398682,0.8620944023132324
20260724,399,L38->L27,0.542817234992981,0.7892816662788391,0.6877357959747314
20260724,400,L08->L25,0.5427447557449341,0.6408328413963318,0.8469365239143372
20260724,401,L08->L26,0.5427447557449341,0.6408328413963318,0.8469365239143372
20260724,402,L07->L08,0.5425533056259155,0.7342647910118103,0.7389068603515625
20260724,403,L30->L03,0.5420469045639038,0.75862717628479,0.7145102620124817
20260724,404,L36->L38,0.5420069098472595,0.6784542798995972,0.7988849878311157
20260724,405,L37->L38,0.5420069098472595,0.6784542798995972,0.7988849878311157
20260724,406,L05->L21,0.5412529110908508,0.6236215829849243,0.8679187893867493
20260724,407,L08->L14,0.5408397316932678,0.6408328413963318,0.8439638018608093
20260724,408,L27->L04,0.540675699710846,0.8028149008750916,0.673474907875061
20260724,409,L15->L38,0.5405987501144409,0.790800154209137,0.6836098432540894
20260724,410,L08->L02,0.5398663282394409,0.6408328413963318,0.842444896697998
20260724,411,L05->L27,0.5394806861877441,0.6236215829849243,0.8650769591331482
20260724,412,L23->L36,0.5390793681144714,0.8627856969833374,0.6248126029968262
20260724,413,L23->L37,0.5390793681144714,0.8627856969833374,0.6248126029968262
20260724,414,L05->L09,0.5384181141853333,0.6236215829849243,0.8633731603622437
20260724,415,L18->L32,0.5380187034606934,0.772764265537262,0.696226179599762
20260724,416,L18->L33,0.5380187034606934,0.772764265537262,0.696226179599762
20260724,417,L23->L12,0.5378180742263794,0.8627856969833374,0.6233506798744202
20260724,418,L21->L18,0.5375445485115051,0.7881898283958435,0.6819988489151001
20260724,419,L38->L21,0.5375376343727112,0.7892816662788391,0.6810466647148132
20260724,420,L22->L17,0.536965012550354,0.7386882901191711,0.7269169092178345
20260724,421,L03->L15,0.5368916392326355,0.7443569302558899,0.7212824821472168
20260724,422,L05->L20,0.5366929769515991,0.6236215829849243,0.860606849193573
20260724,423,L13->L29,0.5365970134735107,0.7377889156341553,0.7273042798042297
20260724,424,L30->L07,0.536528468132019,0.75862717628479,0.7072360515594482
20260724,425,L15->L20,0.5355618000030518,0.790800154209137,0.6772403717041016
20260724,426,L18->L07,0.5348188281059265,0.772764265537262,0.692085325717926
20260724,427,L16->L05,0.534541130065918,0.8238638639450073,0.6488221287727356
20260724,428,L31->L17,0.5344919562339783,0.7404660582542419,0.7218317985534668
20260724,429,L25->L14,0.5343979001045227,0.8393852710723877,0.6366539001464844
20260724,430,L26->L14,0.5343979001045227,0.8393852710723877,0.6366539001464844
20260724,431,L04->L28,0.5339282155036926,0.6131068468093872,0.870856761932373
20260724,432,L30->L16,0.5335715413093567,0.75862717628479,0.7033383250236511
20260724,433,L15->L03,0.533478856086731,0.790800154209137,0.674606442451477
20260724,434,L11->L16,0.5333961248397827,0.6308996677398682,0.845453143119812
20260724,435,L05->L25,0.5331655144691467,0.6236215829849243,0.8549504280090332
20260724,436,L05->L26,0.5331655144691467,0.6236215829849243,0.8549503684043884
20260724,437,L25->L15,0.5330862998962402,0.8393852710723877,0.6350913047790527
20260724,438,L26->L15,0.5330862998962402,0.8393852710723877,0.6350913047790527
20260724,439,L18->L10,0.5330561995506287,0.772764265537262,0.6898044347763062
20260724,440,L04->L23,0.5328695178031921,0.6131068468093872,0.8691298961639404
20260724,441,L23->L06,0.5326838493347168,0.8627856969833374,0.6173999309539795
20260724,442,L15->L25,0.5325199961662292,0.790800154209137,0.6733939051628113
20260724,443,L15->L26,0.5325199961662292,0.790800154209137,0.6733939051628113
20260724,444,L29->L38,0.5321970582008362,0.6629805564880371,0.8027340769767761
20260724,445,L36->L30,0.5315456390380859,0.6784542798995972,0.7834656834602356
20260724,446,L37->L30,0.5315456390380859,0.6784542798995972,0.7834656834602356
20260724,447,L18->L15,0.5314220190048218,0.772764265537262,0.6876897215843201
20260724,448,L04->L18,0.5312026739120483,0.6131068468093872,0.8664112687110901
20260724,449,L19->L03,0.5311389565467834,0.7297638654708862,0.7278230786323547
20260724,450,L09->L28,0.5310402512550354,0.5975743532180786,0.8886597156524658
20260724,451,L28->L08,0.5308176279067993,0.8737770915031433,0.6074977517127991
20260724,452,L04->L09,0.5307108163833618,0.6131068468093872,0.8656090497970581
20260724,453,L18->L19,0.5302044153213501,0.772764265537262,0.6861140131950378
20260724,454,L13->L07,0.5300949215888977,0.7377889156341553,0.7184913158416748
20260724,455,L36->L24,0.5295441746711731,0.6784542798995972,0.7805156111717224
20260724,456,L37->L24,0.5295441746711731,0.6784542798995972,0.7805156111717224
20260724,457,L17->L29,0.5295054912567139,0.8349263072013855,0.6341942548751831
20260724,458,L05->L08,0.5289853811264038,0.6236215829849243,0.8482473492622375
20260724,459,L32->L24,0.5284134149551392,0.6719949841499329,0.7863353490829468
20260724,460,L33->L24,0.5284134149551392,0.6719949841499329,0.7863353490829468
20260724,461,L24->L32,0.5282790660858154,0.7062423825263977,0.7480137944221497
20260724,462,L24->L33,0.5282790660858154,0.7062423825263977,0.7480137944221497
20260724,463,L38->L24,0.528160035610199,0.7892816662788391,0.6691654324531555
20260724,464,L31->L03,0.5278109312057495,0.7404660582542419,0.7128090858459473
20260724,465,L04->L15,0.5278056859970093,0.6131068468093872,0.8608705997467041
20260724,466,L14->L11,0.5275954008102417,0.77660071849823,0.6793650984764099
20260724,467,L30->L10,0.527470052242279,0.75862717628479,0.6952954530715942
20260724,468,L21->L11,0.5265746116638184,0.7881898283958435,0.6680809855461121
20260724,469,L32->L38,0.5264051556587219,0.6719949841499329,0.7833468914031982
20260724,470,L33->L38,0.5264051556587219,0.6719949841499329,0.7833468914031982
20260724,471,L13->L03,0.5257573127746582,0.7377889156341553,0.7126120924949646
20260724,472,L17->L31,0.525150716304779,0.8349263072013855,0.6289785504341125
20260724,473,L31->L16,0.525145411491394,0.7404660582542419,0.7092092633247375
20260724,474,L30->L21,0.5251427888870239,0.75862717628479,0.6922277212142944
20260724,475,L06->L28,0.5249975919723511,0.5909077525138855,0.8884595036506653
20260724,476,L10->L29,0.5249090194702148,0.7893151640892029,0.6650182604789734
20260724,477,L30->L31,0.524647057056427,0.75862717628479,0.6915742754936218
20260724,478,L08->L01,0.5241803526878357,0.6408328413963318,0.8179673552513123
20260724,479,L15->L27,0.5240542888641357,0.790800154209137,0.662688672542572
20260724,480,L16->L22,0.5237928032875061,0.8238638639450073,0.6357759237289429
20260724,481,L04->L21,0.5234172344207764,0.6131068468093872,0.8537129163742065
20260724,482,L38->L22,0.5227133631706238,0.7892816662788391,0.6622647047042847
20260724,483,L38->L07,0.5224136710166931,0.7892816662788391,0.6618849635124207
20260724,484,L11->L18,0.5222575068473816,0.6308996677398682,0.8277980089187622
20260724,485,L22->L21,0.5217382907867432,0.7386882901191711,0.7063037157058716
20260724,486,L01->L17,0.5217195153236389,0.5647778511047363,0.9237605929374696
20260724,487,L11->L15,0.521456778049469,0.6308996677398682,0.8265288472175598
20260724,488,L15->L22,0.5210952162742615,0.790800154209137,0.6589467525482178
20260724,489,L15->L04,0.5209935307502747,0.790800154209137,0.6588181853294373
20260724,490,L08->L11,0.5209724307060242,0.6408328413963318,0.8129614591598511
20260724,491,L09->L23,0.5208231806755066,0.5975743532180786,0.8715621829032898
20260724,492,L04->L14,0.5205572843551636,0.6131068468093872,0.8490481972694397
20260724,493,L23->L28,0.5201734304428101,0.8627856969833374,0.6028999090194702
20260724,494,L38->L11,0.5201704502105713,0.7892816662788391,0.6590428948402405
20260724,495,L04->L27,0.520066499710083,0.6131068468093872,0.8482477068901062
20260724,496,L06->L23,0.5197985768318176,0.5909077525138855,0.8796610832214355
20260724,497,L04->L20,0.5194424986839294,0.6131068468093872,0.8472300171852112
20260724,498,L23->L05,0.5191689133644104,0.8627856969833374,0.6017356514930725
20260724,499,L16->L23,0.5191262364387512,0.8238638639450073,0.6301116943359375
20260724,500,L01->L16,0.519120991230011,0.5647778511047363,0.9191595911979676
20260724,501,L04->L25,0.518798291683197,0.6131068468093872,0.8461792469024658
20260724,502,L04->L26,0.518798291683197,0.6131068468093872,0.8461792469024658
20260724,503,L13->L16,0.5186775922775269,0.7377889156341553,0.7030162811279297
20260724,504,L13->L19,0.5185297131538391,0.7377889156341553,0.70281583070755
20260724,505,L05->L07,0.5181613564491272,0.6236215829849243,0.8308906555175781
20260724,506,L15->L13,0.5180174112319946,0.790800154209137,0.6550547480583191
20260724,507,L25->L18,0.5172613263130188,0.8393852710723877,0.6162382960319519
20260724,508,L26->L18,0.5172613263130188,0.8393852710723877,0.6162382960319519
20260724,509,L31->L10,0.5168851613998413,0.7404660582542419,0.6980538368225098
20260724,510,L22->L10,0.5168309807777405,0.7386882901191711,0.6996604204177856
20260724,511,L27->L03,0.516758143901825,0.8028149008750916,0.6436827778816223
20260724,512,L13->L17,0.51651930809021,0.7377889156341553,0.7000908851623535
20260724,513,L03->L11,0.5164651870727539,0.7443569302558899,0.693840742111206
20260724,514,L23->L29,0.5163757801055908,0.8627856969833374,0.5984982848167419
20260724,515,L23->L04,0.516173243522644,0.8627856969833374,0.5982635617256165
20260724,516,L22->L03,0.516167163848877,0.7386882901191711,0.6987618207931519
20260724,517,L24->L07,0.5156254172325134,0.7062423825263977,0.7300969362258911
20260724,518,L31->L21,0.5144026279449463,0.7404660582542419,0.6947011351585388
20260724,519,L29->L30,0.5143994688987732,0.6629805564880371,0.7758892178535461
20260724,520,L14->L22,0.5141562223434448,0.77660071849823,0.6620599627494812
20260724,521,L14->L04,0.5140722990036011,0.77660071849823,0.6619518995285034
20260724,522,L11->L10,0.5139479637145996,0.6308996677398682,0.8146270513534546
20260724,523,L14->L12,0.5131715536117554,0.77660071849823,0.6607920527458191
20260724,524,L15->L09,0.5128148198127747,0.790800154209137,0.6484758853912354
20260724,525,L11->L21,0.5128053426742554,0.6308996677398682,0.8128159642219543
20260724,526,L20->L10,0.5127545595169067,0.7315700650215149,0.7008960247039795
20260724,527,L05->L19,0.5126674175262451,0.6236215829849243,0.8220809698104858
20260724,528,L20->L03,0.5122236013412476,0.7315700650215149,0.7001702189445496
20260724,529,L13->L33,0.5120406150817871,0.7377889156341553,0.6940204501152039
20260724,530,L13->L32,0.5120405554771423,0.7377889156341553,0.6940203905105591
20260724,531,L16->L07,0.5115495324134827,0.8238638639450073,0.6209151148796082
20260724,532,L36->L31,0.5111784934997559,0.6784542798995972,0.7534457445144653
20260724,533,L37->L31,0.5111784934997559,0.6784542798995972,0.7534457445144653
20260724,534,L28->L20,0.5110482573509216,0.8737770915031433,0.5848726034164429
20260724,535,L11->L12,0.5106059908866882,0.6308996677398682,0.8093299865722656
20260724,536,L08->L04,0.5105077028274536,0.6408328413963318,0.7966315746307373
20260724,537,L21->L15,0.5102865695953369,0.7881898283958435,0.647415816783905
20260724,538,L05->L12,0.5102421045303345,0.6236215829849243,0.8181918263435364
20260724,539,L28->L05,0.5098581314086914,0.8737770915031433,0.5835105180740356
20260724,540,L08->L12,0.5095328092575073,0.6408328413963318,0.7951103448867798
20260724,541,L11->L13,0.5085374116897583,0.6308996677398682,0.8060511946678162
20260724,542,L27->L05,0.5080310702323914,0.8028149008750916,0.6328122019767761
20260724,543,L12->L19,0.5080078840255737,0.7622805237770081,0.6664316654205322
20260724,544,L28->L06,0.5078397989273071,0.8737770915031433,0.5812005996704102
20260724,545,L24->L03,0.507760226726532,0.7062423825263977,0.7189602851867676
20260724,546,L25->L08,0.507706880569458,0.8393852710723877,0.6048555970191956
20260724,547,L26->L08,0.507706880569458,0.8393852710723877,0.6048555970191956
20260724,548,L18->L11,0.5077003836631775,0.772764265537262,0.6569925546646118
20260724,549,L11->L20,0.5075933933258057,0.6308996677398682,0.8045548796653748
20260724,550,L22->L16,0.5075251460075378,0.7386882901191711,0.687062680721283
20260724,551,L28->L04,0.5074558854103088,0.8737770915031433,0.5807612538337708
20260724,552,L11->L14,0.5073457360267639,0.6308996677398682,0.804162323474884
20260724,553,L19->L22,0.5070454478263855,0.7297638654708862,0.6948075890541077
20260724,554,L34->L28,0.5068868398666382,0.5708243250846863,0.8879910111427307
20260724,555,L35->L28,0.5068868398666382,0.5708243250846863,0.8879910111427307
20260724,556,L17->L06,0.5068788528442383,0.8349263072013855,0.6070941090583801
20260724,557,L12->L28,0.5067404508590698,0.7622805237770081,0.6647689938545227
20260724,558,L08->L38,0.5058957934379578,0.6408328413963318,0.7894348502159119
20260724,559,L09->L25,0.505861759185791,0.5975743532180786,0.846525251865387
20260724,560,L09->L26,0.505861759185791,0.5975743532180786,0.846525251865387
20260724,561,L19->L36,0.5053988099098206,0.7297638654708862,0.6925511360168457
20260724,562,L19->L37,0.5053988099098206,0.7297638654708862,0.6925511956214905
20260724,563,L07->L13,0.505353569984436,0.7342647910118103,0.6882442831993103
20260724,564,L13->L10,0.5049712657928467,0.7377889156341553,0.6844386458396912
20260724,565,L36->L29,0.5040871500968933,0.6784542798995972,0.7429935336112976
20260724,566,L37->L29,0.5040871500968933,0.6784542798995972,0.7429935336112976
20260724,567,L18->L16,0.5037438273429871,0.772764265537262,0.6518725752830505
20260724,568,L29->L07,0.5036985278129578,0.6629805564880371,0.7597485780715942
20260724,569,L29->L19,0.5034229159355164,0.6629805564880371,0.7593328356742859
20260724,570,L07->L12,0.5031993389129639,0.7342647910118103,0.685310423374176
20260724,571,L27->L01,0.5031823515892029,0.8028149008750916,0.6267725825309753
20260724,572,L08->L19,0.5028430819511414,0.6408328413963318,0.7846712470054626
20260724,573,L25->L36,0.5027039647102356,0.8393852710723877,0.5988953709602356
20260724,574,L25->L37,0.5027039647102356,0.8393852710723877,0.5988953709602356
20260724,575,L26->L36,0.5027039647102356,0.8393852710723877,0.5988953709602356
20260724,576,L26->L37,0.5027039647102356,0.8393852710723877,0.5988953709602356
20260724,577,L21->L34,0.5024154186248779,0.7881898283958435,0.6374294757843018
20260724,578,L21->L35,0.5024154186248779,0.7881898283958435,0.6374294757843018
20260724,579,L04->L07,0.5021585822105408,0.6131068468093872,0.8190392851829529
20260724,580,L01->L28,0.502147376537323,0.5647778511047363,0.8891059756278992
20260724,581,L19->L14,0.5021408796310425,0.7297638654708862,0.6880868077278137
20260724,582,L17->L13,0.5019708871841431,0.8349263072013855,0.6012157797813416
20260724,583,L24->L29,0.5017907023429871,0.7062423825263977,0.7105077505111694
20260724,584,L06->L25,0.5015430450439453,0.5909077525138855,0.8487670421600342
20260724,585,L06->L26,0.5015430450439453,0.5909077525138855,0.8487670421600342
20260724,586,L32->L31,0.5015007853507996,0.6719949841499329,0.7462865114212036
20260724,587,L33->L31,0.5015007257461548,0.6719949841499329,0.7462864518165588
20260724,588,L01->L23,0.5012029409408569,0.5647778511047363,0.8874337673187256
20260724,589,L20->L14,0.5009065270423889,0.7315700650215149,0.6847007274627686
20260724,590,L05->L02,0.5008333325386047,0.6236215829849243,0.8031045794487
20260724,591,L13->L21,0.5004209280014038,0.7377889156341553,0.6782711148262024
20260724,592,L38->L15,0.5000843405723572,0.7892816662788391,0.633594274520874
20260724,593,L30->L11,0.5000799894332886,0.75862717628479,0.6591907143592834
20260724,594,L33->L30,0.4998403191566467,0.6719949841499329,0.743815541267395
20260724,595,L32->L30,0.4998402595520019,0.6719949841499329,0.7438154816627502
20260724,596,L14->L09,0.4997817575931549,0.77660071849823,0.643550455570221
20260724,597,L08->L06,0.4997614920139313,0.6408328413963318,0.7798624634742737
20260724,598,L05->L38,0.4997470080852508,0.6236215829849243,0.8013625741004944
20260724,599,L22->L36,0.4997027516365051,0.7386882901191711,0.676473081111908
20260724,600,L22->L37,0.4997027516365051,0.7386882901191711,0.676473081111908
20260724,601,L03->L14,0.4995461106300354,0.7443569302558899,0.671110987663269
20260724,602,L19->L12,0.4995158612728119,0.7297638654708862,0.6844897270202637
20260724,603,L01->L15,0.4993092715740204,0.5647778511047363,0.8840808272361755
20260724,604,L38->L14,0.4992553293704986,0.7892816662788391,0.6325439214706421
20260724,605,L07->L37,0.4984664916992187,0.7342647910118103,0.6788647770881653
20260724,606,L07->L36,0.4984664618968963,0.7342647910118103,0.6788647174835205
20260724,607,L23->L32,0.4980094134807586,0.8627856969833374,0.5772110223770142
20260724,608,L23->L33,0.4980094134807586,0.8627856969833374,0.5772110223770142
20260724,609,L29->L31,0.4979746043682098,0.6629805564880371,0.7511149644851685
20260724,610,L01->L13,0.4978690445423126,0.5647778511047363,0.88153076171875
20260724,611,L10->L34,0.4973913431167602,0.7893151640892029,0.6301555633544922
20260724,612,L10->L35,0.4973913431167602,0.7893151640892029,0.6301555633544922
20260724,613,L14->L23,0.4973325133323669,0.77660071849823,0.6403966546058655
20260724,614,L15->L07,0.4973211884498596,0.790800154209137,0.6288835406303406
20260724,615,L32->L33,0.4972386360168457,0.6719949841499329,0.7399439811706543
20260724,616,L33->L32,0.4972386360168457,0.6719949841499329,0.7399439811706543
20260724,617,L17->L32,0.4971772730350494,0.8349263072013855,0.5954744219779968
20260724,618,L17->L33,0.4971772730350494,0.8349263072013855,0.5954744219779968
20260724,619,L21->L08,0.4969596564769745,0.7881898283958435,0.6305075883865356
20260724,620,L28->L34,0.4966935515403747,0.8737770915031433,0.5684442520141602
20260724,621,L28->L35,0.4966935515403747,0.8737770915031433,0.5684442520141602
20260724,622,L34->L23,0.4966849684715271,0.5708243250846863,0.8701187968254089
20260724,623,L35->L23,0.4966849684715271,0.5708243250846863,0.8701187968254089
20260724,624,L04->L01,0.4961102604866028,0.6131068468093872,0.8091742396354675
20260724,625,L01->L12,0.4960147440433502,0.5647778511047363,0.8782474994659424
20260724,626,L01->L18,0.495924562215805,0.5647778511047363,0.8780878186225891
20260724,627,L29->L24,0.495803564786911,0.6629805564880371,0.7478402853012085
20260724,628,L06->L17,0.4957790374755859,0.5909077525138855,0.8390125632286072
20260724,629,L30->L18,0.4955897927284241,0.75862717628479,0.6532718539237976
20260724,630,L01->L14,0.4955883324146271,0.5647778511047363,0.8774924874305725
20260724,631,L30->L22,0.4954837560653686,0.75862717628479,0.6531320810317993
20260724,632,L20->L17,0.4954492151737213,0.7315700650215149,0.6772409677505493
20260724,633,L07->L04,0.4952991008758545,0.7342647910118103,0.6745510697364807
20260724,634,L05->L22,0.4951319396495819,0.6236215829849243,0.7939621806144714
20260724,635,L06->L27,0.4950252175331116,0.5909077525138855,0.8377369046211243
20260724,636,L08->L22,0.4949288368225097,0.6408328413963318,0.7723212838172913
20260724,637,L08->L13,0.494267463684082,0.6408328413963318,0.7712892293930054
20260724,638,L27->L34,0.4942158162593841,0.8028149008750916,0.6156036853790283
20260724,639,L27->L35,0.4942158162593841,0.8028149008750916,0.6156036853790283
20260724,640,L16->L34,0.4938417077064514,0.8238638639450073,0.599421501159668
20260724,641,L16->L35,0.4938417077064514,0.8238638639450073,0.599421501159668
20260724,642,L01->L10,0.4934329688549042,0.5647778511047363,0.8736761808395386
20260724,643,L04->L08,0.4925259947776794,0.6131068468093872,0.8033281564712524
20260724,644,L16->L38,0.4923730492591858,0.8238638639450073,0.5976388454437256
20260724,645,L20->L21,0.4920099973678589,0.7315700650215149,0.6725398302078247
20260724,646,L30->L15,0.4916917979717254,0.75862717628479,0.6481336355209351
20260724,647,L06->L16,0.4908183813095093,0.5909077525138855,0.8306176066398621
20260724,648,L08->L36,0.4906722009181976,0.6408328413963318,0.7656789422035217
20260724,649,L08->L37,0.4906722009181976,0.6408328413963318,0.7656789422035217
20260724,650,L03->L01,0.49067023396492,0.7443569302558899,0.6591867804527283
20260724,651,L15->L31,0.4904990196228027,0.790800154209137,0.6202566027641296
20260724,652,L24->L17,0.4902172982692718,0.7062423825263977,0.694120466709137
20260724,653,L01->L21,0.4901382327079773,0.5647778511047363,0.8678424954414368
20260724,654,L09->L27,0.4901058375835418,0.5975743532180786,0.8201587796211243
20260724,655,L24->L16,0.4895174503326416,0.7062423825263977,0.6931295394897461
20260724,656,L22->L11,0.4894269704818725,0.7386882901191711,0.6625622510910034
20260724,657,L25->L05,0.4892517924308777,0.8393852710723877,0.5828691720962524
20260724,658,L26->L05,0.4892517924308777,0.8393852710723877,0.5828691720962524
20260724,659,L31->L11,0.4885132908821106,0.7404660582542419,0.6597375869750977
20260724,660,L21->L06,0.4882455766201019,0.7881898283958435,0.6194517612457275
20260724,661,L17->L19,0.4878469407558441,0.8349263072013855,0.5842993855476379
20260724,662,L31->L18,0.4878144860267639,0.7404660582542419,0.6587938666343689
20260724,663,L15->L29,0.4873943626880646,0.790800154209137,0.616330623626709
20260724,664,L19->L13,0.4871542453765869,0.7297638654708862,0.6675505042076111
20260724,665,L13->L22,0.4870430827140808,0.7377889156341553,0.6601387858390808
20260724,666,L01->L27,0.4868704080581665,0.5647778511047363,0.8620564937591553
20260724,667,L25->L04,0.4864401817321777,0.8393852710723877,0.5795195698738098
20260724,668,L26->L04,0.4864401817321777,0.8393852710723877,0.5795195698738098
20260724,669,L31->L22,0.4863110184669494,0.7404660582542419,0.6567634344100952
20260724,670,L03->L22,0.4862130880355835,0.7443569302558899,0.6531988382339478
20260724,671,L28->L01,0.4861447811126709,0.8737770915031433,0.5563716292381287
20260724,672,L32->L29,0.485821008682251,0.6719949841499329,0.7229533195495605
20260724,673,L33->L29,0.485821008682251,0.6719949841499329,0.7229533195495605
20260724,674,L01->L20,0.4857608079910278,0.5647778511047363,0.8600918054580688
20260724,675,L15->L08,0.4857384860515594,0.790800154209137,0.6142367124557495
20260724,676,L04->L11,0.485396146774292,0.6131068468093872,0.7916991114616394
20260724,677,L04->L38,0.4851516783237457,0.6131068468093872,0.791300356388092
20260724,678,L20->L11,0.485114187002182,0.7315700650215149,0.6631137728691101
20260724,679,L36->L17,0.4848811030387878,0.6784542798995972,0.7146850228309631
20260724,680,L37->L17,0.4848811030387878,0.6784542798995972,0.7146850228309631
20260724,681,L36->L03,0.484295517206192,0.6784542798995972,0.7138218879699707
20260724,682,L37->L03,0.484295517206192,0.6784542798995972,0.7138218879699707
20260724,683,L22->L15,0.4842655062675476,0.7386882901191711,0.6555749177932739
20260724,684,L28->L12,0.4842352867126465,0.8737770915031433,0.5541862845420837
20260724,685,L11->L03,0.4840061068534851,0.6308996677398682,0.7671681046485901
20260724,686,L13->L11,0.4838131666183471,0.7377889156341553,0.6557609438896179
20260724,687,L19->L11,0.4837369620800018,0.7297638654708862,0.6628677845001221
20260724,688,L23->L31,0.4836440086364746,0.8627856969833374,0.5605610013008118
20260724,689,L22->L23,0.4834541082382202,0.7386882901191711,0.6544764637947083
20260724,690,L14->L07,0.483440101146698,0.77660071849823,0.6225079298019409
20260724,691,L38->L18,0.4831889271736145,0.7892816662788391,0.6121882200241089
20260724,692,L05->L13,0.4831044673919678,0.6236215829849243,0.7746756672859192
20260724,693,L31->L29,0.483046293258667,0.7404660582542419,0.6523544192314148
20260724,694,L01->L09,0.4830408990383148,0.5647778511047363,0.8552759289741516
20260724,695,L34->L25,0.4828583598136902,0.5708243250846863,0.8458966016769409
20260724,696,L34->L26,0.4828583598136902,0.5708243250846863,0.8458966016769409
20260724,697,L35->L25,0.4828583598136902,0.5708243250846863,0.8458966016769409
20260724,698,L35->L26,0.4828583598136902,0.5708243250846863,0.8458966016769409
20260724,699,L32->L07,0.4826413094997406,0.6719949841499329,0.7182216048240662
20260724,700,L33->L07,0.4826413094997406,0.6719949841499329,0.7182216048240662
20260724,701,L30->L36,0.4825792014598846,0.75862717628479,0.6361216902732849
20260724,702,L30->L37,0.4825792014598846,0.75862717628479,0.6361216902732849
20260724,703,L36->L16,0.482354074716568,0.6784542798995972,0.710960328578949
20260724,704,L37->L16,0.482354074716568,0.6784542798995972,0.710960328578949
20260724,705,L01->L25,0.4821847081184387,0.5647778511047363,0.8537599444389343
20260724,706,L01->L26,0.4821847081184387,0.5647778511047363,0.8537599444389343
20260724,707,L29->L16,0.4820788204669952,0.6629805564880371,0.7271386981010437
20260724,708,L05->L30,0.481953501701355,0.6236215829849243,0.772830069065094
20260724,709,L06->L10,0.4818916320800781,0.5909077525138855,0.8155107498168945
20260724,710,L31->L15,0.4818147420883178,0.7404660582542419,0.6506912112236023
20260724,711,L11->L23,0.4815667569637298,0.6308996677398682,0.7633016705513
20260724,712,L22->L18,0.4815571308135986,0.7386882901191711,0.6519084572792053
20260724,713,L36->L07,0.4809835255146026,0.6784542798995972,0.7089402079582214
20260724,714,L37->L07,0.4809835255146026,0.6784542798995972,0.7089402079582214
20260724,715,L18->L14,0.4809762835502624,0.772764265537262,0.6224101185798645
20260724,716,L32->L03,0.4809083342552185,0.6719949841499329,0.7156427502632141
20260724,717,L33->L03,0.4809083342552185,0.6719949841499329,0.7156427502632141
20260724,718,L04->L19,0.4806978404521942,0.6131068468093872,0.7840359807014465
20260724,719,L08->L03,0.4802830815315246,0.6408328413963318,0.7494670152664185
20260724,720,L29->L03,0.4800463616847992,0.6629805564880371,0.724073052406311
20260724,721,L24->L10,0.4798638522624969,0.7062423825263977,0.6794605851173401
20260724,722,L05->L36,0.4798407554626465,0.6236215829849243,0.7694422006607056
20260724,723,L05->L37,0.4798407554626465,0.6236215829849243,0.7694422006607056
20260724,724,L31->L19,0.4795316755771637,0.7404660582542419,0.6476079225540161
20260724,725,L24->L19,0.4790529906749725,0.7062423825263977,0.6783124208450317
20260724,726,L15->L06,0.4784839451313019,0.790800154209137,0.6050630211830139
20260724,727,L30->L14,0.4784152507781982,0.75862717628479,0.6306328773498535
20260724,728,L09->L38,0.4776508510112762,0.5975743532180786,0.7993161678314209
20260724,729,L12->L07,0.4773100614547729,0.7622805237770081,0.6261606216430664
20260724,730,L32->L16,0.4772138893604278,0.6719949841499329,0.7101449966430664
20260724,731,L33->L16,0.4772138893604278,0.6719949841499329,0.7101449966430664
20260724,732,L23->L01,0.4770387411117553,0.8627856969833374,0.552905261516571
20260724,733,L05->L11,0.4769344627857208,0.6236215829849243,0.7647818326950073
20260724,734,L38->L08,0.4766994416713714,0.7892816662788391,0.6039661765098572
20260724,735,L02->L28,0.4765295684337616,0.5357130169868469,0.889523983001709
20260724,736,L23->L09,0.4759768545627594,0.8627856969833374,0.551674485206604
20260724,737,L08->L30,0.4756765961647033,0.6408328413963318,0.7422787547111511
20260724,738,L05->L01,0.4755755662918091,0.6236215829849243,0.7626028060913086
20260724,739,L17->L24,0.4753869473934173,0.8349263072013855,0.5693759322166443
20260724,740,L32->L17,0.4753202795982361,0.6719949841499329,0.707327127456665
20260724,741,L33->L17,0.4753202795982361,0.6719949841499329,0.707327127456665
20260724,742,L36->L21,0.4753090441226959,0.6784542798995972,0.7005763649940491
20260724,743,L37->L21,0.4753090441226959,0.6784542798995972,0.7005763649940491
20260724,744,L18->L08,0.4749125838279724,0.772764265537262,0.6145633459091187
20260724,745,L14->L06,0.4747096300125122,0.77660071849823,0.611266016960144
20260724,746,L16->L27,0.4746758937835693,0.8238638639450073,0.5761581659317017
20260724,747,L31->L36,0.4744451344013214,0.7404660582542419,0.6407385468482971
20260724,748,L31->L37,0.4744451344013214,0.7404660582542419,0.6407385468482971
20260724,749,L04->L02,0.4736142158508301,0.6131068468093872,0.7724823355674744
20260724,750,L30->L19,0.4734455347061157,0.75862717628479,0.6240819692611694
20260724,751,L24->L21,0.4729907810688019,0.7062423825263977,0.669728696346283
20260724,752,L04->L22,0.4729208946228027,0.6131068468093872,0.7713515162467957
20260724,753,L07->L03,0.4728458523750305,0.7342647910118103,0.643971860408783
20260724,754,L06->L38,0.472694993019104,0.5909077525138855,0.799947202205658
20260724,755,L32->L19,0.4724056720733642,0.6719949841499329,0.7029898762702942
20260724,756,L33->L19,0.4724056720733642,0.6719949841499329,0.7029898762702942
20260724,757,L36->L37,0.4720498919486999,0.6784542798995972,0.6957725882530212
20260724,758,L37->L36,0.4720498919486999,0.6784542798995972,0.6957725882530212
20260724,759,L14->L08,0.4716835618019104,0.77660071849823,0.6073694825172424
20260724,760,L36->L10,0.4716806411743164,0.6784542798995972,0.6952283382415771
20260724,761,L37->L10,0.4716806411743164,0.6784542798995972,0.6952283382415771
20260724,762,L19->L23,0.4714659750461578,0.7297638654708862,0.6460527777671814
20260724,763,L23->L13,0.4714531004428863,0.8627856969833374,0.546431303024292
20260724,764,L36->L32,0.47090744972229,0.6784542798995972,0.6940886974334717
20260724,765,L36->L33,0.47090744972229,0.6784542798995972,0.6940886974334717
20260724,766,L37->L32,0.47090744972229,0.6784542798995972,0.6940886974334717
20260724,767,L37->L33,0.47090744972229,0.6784542798995972,0.6940886974334717
20260724,768,L31->L14,0.4708825945854187,0.7404660582542419,0.6359273195266724
20260724,769,L36->L19,0.4699160158634186,0.6784542798995972,0.6926273703575134
20260724,770,L37->L19,0.4699160158634186,0.6784542798995972,0.6926273703575134
20260724,771,L13->L15,0.4698623120784759,0.7377889156341553,0.636851966381073
20260724,772,L08->L31,0.4698236882686615,0.6408328413963318,0.7331454753875732
20260724,773,L03->L05,0.4693728685379028,0.7443569302558899,0.6305750012397766
20260724,774,L38->L36,0.4693314135074615,0.7892816662788391,0.5946310758590698
20260724,775,L38->L37,0.4693314135074615,0.7892816662788391,0.5946310758590698
20260724,776,L03->L34,0.469329297542572,0.7443569302558899,0.6305164694786072
20260724,777,L03->L35,0.469329297542572,0.7443569302558899,0.6305164694786072
20260724,778,L05->L31,0.4689244925975799,0.6236215829849243,0.7519375681877136
20260724,779,L13->L14,0.468161791563034,0.7377889156341553,0.6345470547676086
20260724,780,L02->L23,0.468158096075058,0.5357130169868469,0.8738971948623657
20260724,781,L09->L30,0.4675365090370178,0.5975743532180786,0.7823905348777771
20260724,782,L04->L36,0.4675154387950897,0.6131068468093872,0.762535035610199
20260724,783,L04->L37,0.4675154387950897,0.6131068468093872,0.762535035610199
20260724,784,L25->L01,0.4674271047115326,0.8393852710723877,0.5568683743476868
20260724,785,L26->L01,0.4674271047115326,0.8393852710723877,0.5568683743476868
20260724,786,L15->L32,0.4671245813369751,0.790800154209137,0.5906986594200134
20260724,787,L15->L33,0.4671245813369751,0.790800154209137,0.5906986594200134
20260724,788,L17->L01,0.4664497077465057,0.8349263072013855,0.5586717128753662
20260724,789,L11->L36,0.4663250148296356,0.6308996677398682,0.739142894744873
20260724,790,L11->L37,0.4663250148296356,0.6308996677398682,0.739142894744873
20260724,791,L21->L05,0.4663006067276001,0.7881898283958435,0.591609537601471
20260724,792,L06->L21,0.4660111665725708,0.5909077525138855,0.7886360883712769
20260724,793,L16->L13,0.4657074511051178,0.8238638639450073,0.565272331237793
20260724,794,L06->L15,0.4656351208686828,0.5909077525138855,0.78799968957901
20260724,795,L20->L23,0.465541273355484,0.7315700650215149,0.6363590955734253
20260724,796,L21->L29,0.4654268324375152,0.7881898283958435,0.5905009508132935
20260724,797,L03->L23,0.4652887880802154,0.7443569302558899,0.6250882744789124
20260724,798,L32->L10,0.4652501940727234,0.6719949841499329,0.6923417448997498
20260724,799,L33->L10,0.4652501940727234,0.6719949841499329,0.6923417448997498
20260724,800,L07->L05,0.4651188850402832,0.7342647910118103,0.6334484219551086
20260724,801,L05->L24,0.4650928378105163,0.6236215829849243,0.745793342590332
20260724,802,L01->L19,0.464889258146286,0.5647778511047363,0.8231365084648132
20260724,803,L34->L27,0.4645674526691437,0.5708243250846863,0.8138536214828491
20260724,804,L35->L27,0.4645674526691437,0.5708243250846863,0.8138536214828491
20260724,805,L21->L04,0.4639338850975036,0.7881898283958435,0.5886067748069763
20260724,806,L21->L12,0.4639266729354858,0.7881898283958435,0.5885976552963257
20260724,807,L36->L22,0.4638430178165436,0.6784542798995972,0.6836761832237244
20260724,808,L37->L22,0.4638430178165436,0.6784542798995972,0.6836761832237244
20260724,809,L24->L11,0.4635475575923919,0.7062423825263977,0.6563575863838196
20260724,810,L09->L24,0.4631724953651428,0.5975743532180786,0.7750876545906067
20260724,811,L18->L21,0.4627766013145447,0.772764265537262,0.5988587141036987
20260724,812,L12->L06,0.4626834094524383,0.7622805237770081,0.6069726347923279
20260724,813,L25->L20,0.4625977575778961,0.8393852710723877,0.5511149168014526
20260724,814,L26->L20,0.4625977575778961,0.8393852710723877,0.5511149168014526
20260724,815,L01->L02,0.4619848728179931,0.5647778511047363,0.8179939389228821
20260724,816,L07->L01,0.4612502455711365,0.7342647910118103,0.6281797289848328
20260724,817,L25->L12,0.4611552059650421,0.8393852710723877,0.5493963360786438
20260724,818,L26->L12,0.4611552059650421,0.8393852710723877,0.5493963360786438
20260724,819,L25->L34,0.4610605835914612,0.8393852710723877,0.5492836236953735
20260724,820,L25->L35,0.4610605835914612,0.8393852710723877,0.5492836236953735
20260724,821,L26->L34,0.4610605835914612,0.8393852710723877,0.5492836236953735
20260724,822,L26->L35,0.4610605835914612,0.8393852710723877,0.5492836236953735
20260724,823,L20->L15,0.4607974290847778,0.7315700650215149,0.6298746466636658
20260724,824,L01->L07,0.4606226086616516,0.5647778511047363,0.8155819177627563
20260724,825,L29->L32,0.4604316651821136,0.6629805564880371,0.694487452507019
20260724,826,L29->L33,0.4604316651821136,0.6629805564880371,0.694487452507019
20260724,827,L04->L30,0.4601788520812988,0.6131068468093872,0.7505687475204468
20260724,828,L06->L30,0.4601384997367859,0.5909077525138855,0.778697669506073
20260724,829,L38->L05,0.4600195288658142,0.7892816662788391,0.5828331708908081
20260724,830,L18->L36,0.459520548582077,0.772764265537262,0.5946452021598816
20260724,831,L18->L37,0.4595205187797546,0.772764265537262,0.5946451425552368
20260724,832,L30->L08,0.459269255399704,0.75862717628479,0.6053951978683472
20260724,833,L16->L01,0.4591463804244995,0.8238638639450073,0.557308554649353
20260724,834,L24->L22,0.4580051004886627,0.7062423825263977,0.6485098004341125
20260724,835,L30->L29,0.4576276540756225,0.75862717628479,0.6032313108444214
20260724,836,L28->L02,0.4575231075286865,0.8737770915031433,0.5236153602600098
20260724,837,L38->L04,0.4573765993118286,0.7892816662788391,0.5794846415519714
20260724,838,L04->L12,0.4572634696960449,0.6131068468093872,0.7458136677742004
20260724,839,L12->L09,0.4571894407272339,0.7622805237770081,0.5997653603553772
20260724,840,L16->L28,0.4571306109428406,0.8238638639450073,0.554861843585968
20260724,841,L03->L02,0.45661261677742,0.7443569302558899,0.6134323477745056
20260724,842,L38->L30,0.4565297365188598,0.7892816662788391,0.5784116983413696
20260724,843,L32->L21,0.4563822150230407,0.6719949841499329,0.6791452765464783
20260724,844,L33->L21,0.4563822150230407,0.6719949841499329,0.6791452765464783
20260724,845,L34->L38,0.4561539888381958,0.5708243250846863,0.799114465713501
20260724,846,L35->L38,0.4561539888381958,0.5708243250846863,0.799114465713501
20260724,847,L06->L08,0.4561023712158203,0.5909077525138855,0.7718672752380371
20260724,848,L22->L14,0.4558120965957641,0.7386882901191711,0.6170560717582703
20260724,849,L06->L14,0.4549060761928558,0.5909077525138855,0.769842803478241
20260724,850,L14->L34,0.4548458158969879,0.77660071849823,0.5856881141662598
20260724,851,L14->L35,0.4548458158969879,0.77660071849823,0.5856881141662598
20260724,852,L12->L34,0.4539206027984619,0.7622805237770081,0.5954771041870117
20260724,853,L12->L35,0.4539205431938171,0.7622805237770081,0.5954770445823669
20260724,854,L11->L22,0.4537305235862732,0.6308996677398682,0.719180166721344
20260724,855,L28->L13,0.4534092545509338,0.8737770915031433,0.5189072489738464
20260724,856,L16->L06,0.4533203244209289,0.8238638639450073,0.5502369403839111
20260724,857,L02->L25,0.4531221389770508,0.5357130169868469,0.8458300232887268
20260724,858,L02->L26,0.4531221389770508,0.5357130169868469,0.8458300232887268
20260724,859,L06->L18,0.4530467092990875,0.5909077525138855,0.7666961550712585
20260724,860,L01->L38,0.4523485600948334,0.5647778511047363,0.8009318113327026
20260724,861,L04->L31,0.4523074030876159,0.6131068468093872,0.7377301454544067
20260724,862,L07->L34,0.4521420300006866,0.7342647910118103,0.6157751679420471
20260724,863,L07->L35,0.4521420300006866,0.7342647910118103,0.6157751679420471
20260724,864,L16->L04,0.4518392384052276,0.8238638639450073,0.5484392046928406
20260724,865,L03->L12,0.4517330825328827,0.7443569302558899,0.6068769693374634
20260724,866,L17->L04,0.4516081511974334,0.8349263072013855,0.5408958196640015
20260724,867,L16->L25,0.4514044523239136,0.8238638639450073,0.5479114651679993
20260724,868,L16->L26,0.4514044523239136,0.8238638639450073,0.5479114651679993
20260724,869,L14->L05,0.4512355327606201,0.77660071849823,0.581039309501648
20260724,870,L12->L27,0.4504288733005523,0.7622805237770081,0.590896487236023
20260724,871,L06->L24,0.450400710105896,0.5909077525138855,0.7622182965278625
20260724,872,L18->L04,0.4502271115779876,0.772764265537262,0.5826189517974854
20260724,873,L18->L05,0.4501687884330749,0.772764265537262,0.5825434923171997
20260724,874,L09->L31,0.4500625729560852,0.5975743532180786,0.7531490921974182
20260724,875,L06->L07,0.4500084519386291,0.5909077525138855,0.761554479598999
20260724,876,L23->L34,0.4496577382087707,0.8627856969833374,0.5211696624755859
20260724,877,L23->L35,0.4496577382087707,0.8627856969833374,0.5211696624755859
20260724,878,L25->L06,0.4493367671966553,0.8393852710723877,0.5353164672851562
20260724,879,L26->L06,0.4493367671966553,0.8393852710723877,0.5353164672851562
20260724,880,L13->L18,0.4491502642631531,0.7377889156341553,0.6087788343429565
20260724,881,L31->L08,0.4491285681724548,0.7404660582542419,0.6065484881401062
20260724,882,L30->L20,0.4491101801395416,0.75862717628479,0.5920038223266602
20260724,883,L06->L19,0.4487976133823395,0.5909077525138855,0.7595053911209106
20260724,884,L01->L22,0.4482252597808838,0.5647778511047363,0.7936310768127441
20260724,885,L19->L08,0.4480607211589813,0.7297638654708862,0.6139804124832153
20260724,886,L08->L05,0.4475593566894531,0.6408328413963318,0.6984026432037354
20260724,887,L19->L07,0.4473167955875397,0.7297638654708862,0.6129609942436218
20260724,888,L36->L11,0.4472047984600067,0.6784542798995972,0.6591524481773376
20260724,889,L37->L11,0.4472047984600067,0.6784542798995972,0.6591524481773376
20260724,890,L34->L30,0.4471052587032318,0.5708243250846863,0.7832624316215515
20260724,891,L35->L30,0.4471052587032318,0.5708243250846863,0.7832624316215515
20260724,892,L15->L01,0.4470632672309875,0.790800154209137,0.5653302669525146
20260724,893,L29->L10,0.446557343006134,0.6629805564880371,0.6735602617263794
20260724,894,L09->L03,0.4461190700531006,0.5975743532180786,0.7465499043464661
20260724,895,L16->L31,0.4456668496131897,0.8238638639450073,0.5409471988677979
20260724,896,L06->L31,0.4447728395462036,0.5909077525138855,0.7526941895484924
20260724,897,L05->L04,0.4445946514606476,0.6236215829849243,0.7129237651824951
20260724,898,L29->L14,0.4443972408771515,0.6629805564880371,0.6703020930290222
20260724,899,L22->L20,0.4443641006946563,0.7386882901191711,0.6015583276748657
20260724,900,L34->L24,0.4438700675964355,0.5708243250846863,0.7775948643684387
20260724,901,L35->L24,0.4438700675964355,0.5708243250846863,0.7775948643684387
20260724,902,L19->L05,0.4435351192951202,0.7297638654708862,0.6077789664268494
20260724,903,L32->L22,0.443420946598053,0.6719949841499329,0.6598575115203857
20260724,904,L33->L22,0.443420946598053,0.6719949841499329,0.6598575115203857
20260724,905,L20->L08,0.4432673156261444,0.7315700650215149,0.6059123277664185
20260724,906,L16->L02,0.4427557289600372,0.8238638639450073,0.5374137163162231
20260724,907,L32->L11,0.4426938891410827,0.6719949841499329,0.6587755680084229
20260724,908,L33->L11,0.4426938891410827,0.6719949841499329,0.6587755680084229
20260724,909,L17->L02,0.4423926174640655,0.8349263072013855,0.5298582911491394
20260724,910,L25->L02,0.4421697854995727,0.8393852710723877,0.5267781019210815
20260724,911,L26->L02,0.4421697854995727,0.8393852710723877,0.5267781019210815
20260724,912,L30->L05,0.4420189559459686,0.75862717628479,0.5826563835144043
20260724,913,L22->L08,0.441868782043457,0.7386882901191711,0.5981802940368652
20260724,914,L25->L13,0.4416603744029999,0.8393852710723877,0.5261712074279785
20260724,915,L26->L13,0.4416603744029999,0.8393852710723877,0.5261712074279785
20260724,916,L31->L20,0.4408326148986816,0.7404660582542419,0.5953447818756104
20260724,917,L13->L08,0.4403873383998871,0.7377889156341553,0.596901535987854
20260724,918,L19->L04,0.4398625493049621,0.7297638654708862,0.6027464270591736
20260724,919,L30->L04,0.4396300315856933,0.75862717628479,0.5795073509216309
20260724,920,L14->L01,0.4391497075557709,0.77660071849823,0.5654768347740173
20260724,921,L38->L01,0.4391149282455444,0.7892816662788391,0.5563475489616394
20260724,922,L13->L36,0.4390939176082611,0.7377889156341553,0.5951484441757202
20260724,923,L13->L37,0.4390939176082611,0.7377889156341553,0.5951484441757202
20260724,924,L24->L15,0.4390930533409118,0.7062423825263977,0.6217314004898071
20260724,925,L28->L09,0.4389939904212951,0.8737770915031433,0.5024095773696899
20260724,926,L06->L22,0.4386457502841949,0.5909077525138855,0.7423252463340759
20260724,927,L12->L04,0.4381488263607025,0.7622805237770081,0.5747868418693542
20260724,928,L20->L36,0.4380885660648346,0.7315700650215149,0.5988333821296692
20260724,929,L20->L37,0.4380885660648346,0.7315700650215149,0.5988333821296692
20260724,930,L02->L27,0.4374324679374695,0.5357130169868469,0.8165425658226013
20260724,931,L15->L05,0.4371403157711029,0.790800154209137,0.5527822971343994
20260724,932,L01->L30,0.4369831383228302,0.5647778511047363,0.773725688457489
20260724,933,L06->L11,0.4369662404060364,0.5909077525138855,0.7394829988479614
20260724,934,L03->L04,0.4365387856960296,0.7443569302558899,0.5864643454551697
20260724,935,L11->L28,0.4365026354789734,0.6308996677398682,0.69187331199646
20260724,936,L22->L07,0.4356812536716461,0.7386882901191711,0.58980393409729
20260724,937,L29->L11,0.4354529976844787,0.6629805564880371,0.6568111181259155
20260724,938,L36->L15,0.4349246919155121,0.6784542798995972,0.6410523056983948
20260724,939,L37->L15,0.4349246919155121,0.6784542798995972,0.6410523056983948
20260724,940,L01->L36,0.4338869154453277,0.5647778511047363,0.7682434916496277
20260724,941,L01->L37,0.4338869154453277,0.5647778511047363,0.7682434916496277
20260724,942,L21->L01,0.4337433576583862,0.7881898283958435,0.5503031611442566
20260724,943,L24->L14,0.4336735010147095,0.7062423825263977,0.6140576004981995
20260724,944,L38->L12,0.4335163831710815,0.7892816662788391,0.5492543578147888
20260724,945,L17->L09,0.4335034787654876,0.8349263072013855,0.5192116498947144
20260724,946,L09->L29,0.4334657490253448,0.5975743532180786,0.7253754138946533
20260724,947,L38->L20,0.4333880543708801,0.7892816662788391,0.5490917563438416
20260724,948,L15->L02,0.4325832724571228,0.790800154209137,0.5470197200775146
20260724,949,L18->L01,0.4322362244129181,0.772764265537262,0.5593377351760864
20260724,950,L13->L04,0.4321785271167755,0.7377889156341553,0.5857753157615662
20260724,951,L16->L32,0.4320599436759949,0.8238638639450073,0.5244312286376953
20260724,952,L16->L33,0.4320599436759949,0.8238638639450073,0.5244312286376953
20260724,953,L31->L05,0.4315190613269806,0.7404660582542419,0.5827668309211731
20260724,954,L20->L07,0.4311659336090088,0.7315700650215149,0.5893706679344177
20260724,955,L03->L08,0.4311458766460418,0.7443569302558899,0.5792192816734314
20260724,956,L22->L05,0.4308777451515198,0.7386882901191711,0.5833011865615845
20260724,957,L05->L32,0.4307916164398193,0.6236215829849243,0.6907901167869568
20260724,958,L05->L33,0.4307916164398193,0.6236215829849243,0.6907901167869568
20260724,959,L06->L09,0.4306152760982513,0.5909077525138855,0.7287352085113525
20260724,960,L09->L07,0.430550217628479,0.5975743532180786,0.7204964756965637
20260724,961,L07->L27,0.4303177297115326,0.7342647910118103,0.5860525369644165
20260724,962,L30->L32,0.4301498234272003,0.75862717628479,0.5670108199119568
20260724,963,L30->L33,0.4301498234272003,0.75862717628479,0.5670108199119568
20260724,964,L14->L27,0.4301256835460663,0.77660071849823,0.5538569092750549
20260724,965,L34->L31,0.4299473166465759,0.5708243250846863,0.7532042860984802
20260724,966,L35->L31,0.4299473166465759,0.5708243250846863,0.7532042860984802
20260724,967,L15->L19,0.4296729862689972,0.790800154209137,0.5433395504951477
20260724,968,L22->L04,0.4295125007629394,0.7386882901191711,0.5814529657363892
20260724,969,L36->L14,0.4291571378707886,0.6784542798995972,0.6325513124465942
20260724,970,L37->L14,0.4291571378707886,0.6784542798995972,0.6325513124465942
20260724,971,L12->L01,0.429027646780014,0.7622805237770081,0.5628212094306946
20260724,972,L31->L04,0.4289029836654663,0.7404660582542419,0.5792338252067566
20260724,973,L15->L12,0.4287830889225006,0.790800154209137,0.5422142148017883
20260724,974,L25->L09,0.4287492036819458,0.8393852710723877,0.5107895135879517
20260724,975,L26->L09,0.4287492036819458,0.8393852710723877,0.5107895135879517
20260724,976,L22->L28,0.4283384084701538,0.7386882901191711,0.5798635482788086
20260724,977,L02->L38,0.4282295107841491,0.5357130169868469,0.7993636727333069
20260724,978,L01->L08,0.4277524650096893,0.5647778511047363,0.757381796836853
20260724,979,L20->L05,0.4276736974716186,0.7315700650215149,0.5845970511436462
20260724,980,L03->L07,0.4276338815689087,0.7443569302558899,0.574501097202301
20260724,981,L01->L05,0.4269745945930481,0.5647778511047363,0.7560045123100281
20260724,982,L20->L04,0.4267244338989258,0.7315700650215149,0.583299458026886
20260724,983,L13->L05,0.4263716340065002,0.7377889156341553,0.5779046416282654
20260724,984,L15->L24,0.42622971534729,0.790800154209137,0.5389853715896606
20260724,985,L22->L34,0.426179975271225,0.7386882901191711,0.5769415497779846
20260724,986,L22->L35,0.426179975271225,0.7386882901191711,0.5769415497779846
20260724,987,L06->L20,0.4259297847747803,0.5909077525138855,0.7208058834075928
20260724,988,L08->L32,0.4254079163074493,0.6408328413963318,0.6638360023498535
20260724,989,L08->L33,0.4254079163074493,0.6408328413963318,0.6638360023498535
20260724,990,L32->L15,0.4254060387611389,0.6719949841499329,0.6330494284629822
20260724,991,L33->L15,0.4254060387611389,0.6719949841499329,0.6330494284629822
20260724,992,L05->L29,0.4249323010444641,0.6236215829849243,0.6813944578170776
20260724,993,L01->L31,0.4248638451099396,0.5647778511047363,0.7522671818733215
20260724,994,L14->L28,0.4247092604637146,0.77660071849823,0.5468823909759521
20260724,995,L17->L30,0.4246669709682464,0.8349263072013855,0.5086280703544617
20260724,996,L32->L14,0.4240140914916992,0.6719949841499329,0.6309780478477478
20260724,997,L33->L14,0.4240140914916992,0.6719949841499329,0.6309780478477478
20260724,998,L29->L17,0.4235196709632873,0.6629805564880371,0.6388115882873535
20260724,999,L24->L08,0.4234110116958618,0.7062423825263977,0.5995264649391174
20260724,1000,L30->L01,0.4233015477657318,0.75862717628479,0.5579836368560791
20260724,1001,L11->L19,0.423117071390152,0.6308996677398682,0.670656681060791
20260724,1002,L11->L07,0.4231142997741699,0.6308996677398682,0.6706522703170776
20260724,1003,L01->L24,0.4225547611713409,0.5647778511047363,0.7481787204742432
20260724,1004,L38->L34,0.4225077033042907,0.7892816662788391,0.5353066325187683
20260724,1005,L38->L35,0.4225077033042907,0.7892816662788391,0.5353066325187683
20260724,1006,L18->L12,0.422457605600357,0.772764265537262,0.546683669090271
20260724,1007,L36->L18,0.4223341643810272,0.6784542798995972,0.622494637966156
20260724,1008,L37->L18,0.4223341643810272,0.6784542798995972,0.622494637966156
20260724,1009,L31->L34,0.4221096932888031,0.7404660582542419,0.5700594782829285
20260724,1010,L31->L35,0.4221096932888031,0.7404660582542419,0.5700594782829285
20260724,1011,L08->L24,0.4218353927135467,0.6408328413963318,0.6582611799240112
20260724,1012,L03->L28,0.4214502573013305,0.7443569302558899,0.5661937594413757
20260724,1013,L12->L25,0.4213765561580658,0.7622805237770081,0.5527840852737427
20260724,1014,L12->L26,0.4213765561580658,0.7622805237770081,0.5527840852737427
20260724,1015,L24->L18,0.4203086197376251,0.7062423825263977,0.5951336622238159
20260724,1016,L04->L13,0.4202259480953216,0.6131068468093872,0.6854041218757629
20260724,1017,L24->L36,0.4200168251991272,0.7062423825263977,0.5947204828262329
20260724,1018,L24->L37,0.4200168251991272,0.7062423825263977,0.5947204828262329
20260724,1019,L35->L29,0.4199958741664886,0.5708243250846863,0.7357708215713501
20260724,1020,L34->L29,0.4199958443641662,0.5708243250846863,0.7357707619667053
20260724,1021,L38->L06,0.4197934567928314,0.7892816662788391,0.5318677425384521
20260724,1022,L30->L34,0.419785737991333,0.75862717628479,0.5533491969108582
20260724,1023,L30->L35,0.419785737991333,0.75862717628479,0.5533491969108582
20260724,1024,L02->L30,0.4197044372558594,0.5357130169868469,0.7834501266479492
20260724,1025,L21->L13,0.4196403622627258,0.7881898283958435,0.5324102640151978
20260724,1026,L13->L12,0.4194739758968353,0.7377889156341553,0.5685555338859558
20260724,1027,L23->L24,0.419415146112442,0.8627856969833374,0.486117422580719
20260724,1028,L09->L16,0.4184325337409973,0.5975743532180786,0.7002183794975281
20260724,1029,L23->L02,0.4182148873806,0.8627856969833374,0.4847262799739837
20260724,1030,L18->L34,0.4176126420497894,0.772764265537262,0.540414035320282
20260724,1031,L18->L35,0.4176126420497894,0.772764265537262,0.540414035320282
20260724,1032,L06->L29,0.4175447523593902,0.5909077525138855,0.7066158056259155
20260724,1033,L09->L19,0.4172550141811371,0.5975743532180786,0.6982478499412537
20260724,1034,L02->L24,0.4171409010887146,0.5357130169868469,0.7786648869514465
20260724,1035,L09->L17,0.4171307384967804,0.5975743532180786,0.6980398893356323
20260724,1036,L30->L12,0.4167341291904449,0.75862717628479,0.5493266582489014
20260724,1037,L04->L24,0.4162997901439667,0.6131068468093872,0.6790003776550293
20260724,1038,L14->L02,0.4159218966960907,0.77660071849823,0.5355672240257263
20260724,1039,L04->L06,0.4155507683753967,0.6131068468093872,0.6777787208557129
20260724,1040,L18->L02,0.4149741232395172,0.772764265537262,0.5369996428489685
20260724,1041,L09->L33,0.4145694971084595,0.5975743532180786,0.6937538385391235
20260724,1042,L09->L32,0.4145694673061371,0.5975743532180786,0.6937537789344788
20260724,1043,L38->L13,0.4140402972698211,0.7892816662788391,0.5245786309242249
20260724,1044,L19->L09,0.4138153791427612,0.7297638654708862,0.5670537948608398
20260724,1045,L11->L08,0.413709282875061,0.6308996677398682,0.6557449698448181
20260724,1046,L18->L06,0.4135072827339172,0.772764265537262,0.5351014733314514
20260724,1047,L31->L01,0.4133088588714599,0.7404660582542419,0.5581739544868469
20260724,1048,L27->L07,0.4132579267024994,0.8028149008750916,0.5147611498832703
20260724,1049,L38->L02,0.4123701155185699,0.7892816662788391,0.5224625468254089
20260724,1050,L24->L05,0.4120466411113739,0.7062423825263977,0.5834351778030396
20260724,1051,L13->L01,0.4115484654903412,0.7377889156341553,0.557813286781311
20260724,1052,L36->L08,0.4111781418323517,0.6784542798995972,0.6060513854026794
20260724,1053,L37->L08,0.4111781418323517,0.6784542798995972,0.6060513854026794
20260724,1054,L12->L02,0.4111362993717193,0.7622805237770081,0.5393503904342651
20260724,1055,L14->L30,0.4109887182712555,0.77660071849823,0.5292149782180786
20260724,1056,L06->L01,0.4107314646244049,0.5909077525138855,0.6950855851173401
20260724,1057,L22->L01,0.4106687307357788,0.7386882901191711,0.5559431910514832
20260724,1058,L04->L32,0.4105367958545685,0.6131068468093872,0.6696007251739502
20260724,1059,L04->L33,0.4105367958545685,0.6131068468093872,0.6696007251739502
20260724,1060,L09->L10,0.4101743996143341,0.5975743532180786,0.6863989233970642
20260724,1061,L32->L18,0.4097643792629242,0.6719949841499329,0.6097729802131653
20260724,1062,L33->L18,0.4097643792629242,0.6719949841499329,0.6097729802131653
20260724,1063,L11->L05,0.4093871414661407,0.6308996677398682,0.648894190788269
20260724,1064,L23->L30,0.4092987477779388,0.8627856969833374,0.4743921458721161
20260724,1065,L06->L32,0.4091221988201141,0.5909077525138855,0.6923621892929077
20260724,1066,L06->L33,0.4091221988201141,0.5909077525138855,0.6923621892929077
20260724,1067,L24->L04,0.4090852737426758,0.7062423825263977,0.5792420506477356
20260724,1068,L30->L06,0.4076979160308838,0.75862717628479,0.5374153852462769
20260724,1069,L19->L01,0.4076234102249145,0.7297638654708862,0.5585688948631287
20260724,1070,L34->L03,0.4076179265975952,0.5708243250846863,0.7140864729881287
20260724,1071,L35->L03,0.4076179265975952,0.5708243250846863,0.7140864729881287
20260724,1072,L38->L32,0.4073607325553894,0.7892816662788391,0.5161157846450806
20260724,1073,L38->L33,0.4073607325553894,0.7892816662788391,0.5161157846450806
20260724,1074,L20->L01,0.4068140089511871,0.7315700650215149,0.5560834407806396
20260724,1075,L31->L12,0.4067288935184479,0.7404660582542419,0.5492876768112183
20260724,1076,L32->L08,0.4064039587974548,0.6719949841499329,0.6047723293304443
20260724,1077,L33->L08,0.4064039587974548,0.6719949841499329,0.6047723293304443
20260724,1078,L34->L17,0.4063462018966675,0.5708243250846863,0.7118585705757141
20260724,1079,L35->L17,0.4063462018966675,0.5708243250846863,0.7118585705757141
20260724,1080,L12->L30,0.4061683416366577,0.7622805237770081,0.5328331589698792
20260724,1081,L05->L06,0.406019002199173,0.6236215829849243,0.6510663032531738
20260724,1082,L34->L16,0.4057430922985077,0.5708243250846863,0.7108020186424255
20260724,1083,L35->L16,0.4057430922985077,0.5708243250846863,0.7108020186424255
20260724,1084,L34->L07,0.4056528806686401,0.5708243250846863,0.710644006729126
20260724,1085,L35->L07,0.4056528806686401,0.5708243250846863,0.710644006729126
20260724,1086,L11->L04,0.4052792489528656,0.6308996677398682,0.6423830389976501
20260724,1087,L24->L06,0.4052338600158691,0.7062423825263977,0.5737886428833008
20260724,1088,L14->L25,0.4051612317562103,0.77660071849823,0.5217111110687256
20260724,1089,L14->L26,0.4051612317562103,0.77660071849823,0.5217111110687256
20260724,1090,L29->L20,0.4046192467212677,0.6629805564880371,0.6103033423423767
20260724,1091,L21->L09,0.4041899740695953,0.7881898283958435,0.5128079056739807
20260724,1092,L02->L31,0.4037972092628479,0.5357130169868469,0.753756582736969
20260724,1093,L09->L21,0.4036266505718231,0.5975743532180786,0.6754417419433594
20260724,1094,L13->L06,0.4028143584728241,0.7377889156341553,0.5459750890731812
20260724,1095,L16->L29,0.4024630188941955,0.8238638639450073,0.4885067045688629
20260724,1096,L16->L09,0.4022789299488067,0.8238638639450073,0.4882832467556
20260724,1097,L13->L20,0.4020161628723144,0.7377889156341553,0.544893205165863
20260724,1098,L38->L09,0.4013780355453491,0.7892816662788391,0.5085358619689941
20260724,1099,L16->L19,0.4012290239334106,0.8238638639450073,0.4870088994503021
20260724,1100,L18->L13,0.400881290435791,0.772764265537262,0.5187627077102661
20260724,1101,L22->L12,0.4005157649517059,0.7386882901191711,0.5421985983848572
20260724,1102,L30->L02,0.4003894329071045,0.75862717628479,0.5277815461158752
20260724,1103,L29->L08,0.4002808630466461,0.6629805564880371,0.6037595868110657
20260724,1104,L13->L34,0.4001339077949524,0.7377889156341553,0.5423420071601868
20260724,1105,L13->L35,0.4001339077949524,0.7377889156341553,0.5423420071601868
20260724,1106,L20->L12,0.4000879228115082,0.7315700650215149,0.5468894243240356
20260724,1107,L32->L36,0.3995303511619568,0.6719949841499329,0.5945436358451843
20260724,1108,L32->L37,0.3995303511619568,0.6719949841499329,0.5945436358451843
20260724,1109,L33->L36,0.3995303511619568,0.6719949841499329,0.5945436358451843
20260724,1110,L33->L37,0.3995303511619568,0.6719949841499329,0.5945436358451843
20260724,1111,L21->L02,0.3991512954235077,0.7881898283958435,0.5064151883125305
20260724,1112,L08->L29,0.3989111185073852,0.6408328413963318,0.6224885582923889
20260724,1113,L14->L19,0.398811399936676,0.77660071849823,0.513534665107727
20260724,1114,L11->L27,0.3987497389316559,0.6308996677398682,0.6320335268974304
20260724,1115,L14->L38,0.3986849188804626,0.77660071849823,0.5133718252182007
20260724,1116,L20->L28,0.398552805185318,0.7315700650215149,0.544791042804718
20260724,1117,L08->L34,0.3984450101852417,0.6408328413963318,0.6217612028121948
20260724,1118,L08->L35,0.3984450101852417,0.6408328413963318,0.6217612028121948
20260724,1119,L22->L02,0.3982313275337219,0.7386882901191711,0.5391060709953308
20260724,1120,L30->L13,0.3981933891773224,0.75862717628479,0.5248867869377136
20260724,1121,L19->L34,0.3969050347805023,0.7297638654708862,0.5438814759254456
20260724,1122,L19->L35,0.3969050347805023,0.7297638654708862,0.5438814759254456
20260724,1123,L34->L19,0.3967645168304443,0.5708243250846863,0.6950728893280029
20260724,1124,L35->L19,0.3967645168304443,0.5708243250846863,0.6950728893280029
20260724,1125,L01->L04,0.3965630233287811,0.5647778511047363,0.7021575570106506
20260724,1126,L34->L10,0.3965157866477966,0.5708243250846863,0.6946371793746948
20260724,1127,L35->L10,0.3965157866477966,0.5708243250846863,0.6946371793746948
20260724,1128,L34->L32,0.3962861597537994,0.5708243250846863,0.6942349076271057
20260724,1129,L34->L33,0.3962861597537994,0.5708243250846863,0.6942349076271057
20260724,1130,L35->L32,0.3962861597537994,0.5708243250846863,0.6942349076271057
20260724,1131,L35->L33,0.3962861597537994,0.5708243250846863,0.6942349076271057
20260724,1132,L31->L06,0.3961723446846008,0.7404660582542419,0.5350310802459717
20260724,1133,L36->L34,0.3960051238536834,0.6784542798995972,0.5836872458457947
20260724,1134,L36->L35,0.3960051238536834,0.6784542798995972,0.5836872458457947
20260724,1135,L37->L34,0.3960051238536834,0.6784542798995972,0.5836872458457947
20260724,1136,L37->L35,0.3960051238536834,0.6784542798995972,0.5836872458457947
20260724,1137,L36->L05,0.3955350816249847,0.6784542798995972,0.5829944610595703
20260724,1138,L37->L05,0.3955350816249847,0.6784542798995972,0.5829944610595703
20260724,1139,L19->L28,0.3953294157981872,0.7297638654708862,0.5417223572731018
20260724,1140,L20->L02,0.3951020836830139,0.7315700650215149,0.5400741696357727
20260724,1141,L12->L11,0.3947446048259735,0.7622805237770081,0.5178468823432922
20260724,1142,L29->L36,0.3944851160049438,0.6629805564880371,0.5950176119804382
20260724,1143,L29->L37,0.3944851160049438,0.6629805564880371,0.5950176119804382
20260724,1144,L31->L02,0.3944222927093506,0.7404660582542419,0.5326676368713379
20260724,1145,L15->L30,0.3941526710987091,0.790800154209137,0.4984225928783417
20260724,1146,L03->L13,0.3941088616847992,0.7443569302558899,0.5294622182846069
20260724,1147,L19->L02,0.3939739763736725,0.7297638654708862,0.5398650169372559
20260724,1148,L29->L06,0.3937180042266845,0.6629805564880371,0.5938605666160583
20260724,1149,L06->L36,0.3936264812946319,0.5909077525138855,0.6661386489868164
20260724,1150,L06->L37,0.3936264812946319,0.5909077525138855,0.6661386489868164
20260724,1151,L05->L34,0.3935120403766632,0.6236215829849243,0.6310109496116638
20260724,1152,L05->L35,0.3935120403766632,0.6236215829849243,0.6310109496116638
20260724,1153,L36->L04,0.3933500051498413,0.6784542798995972,0.5797737836837769
20260724,1154,L37->L04,0.3933500051498413,0.6784542798995972,0.5797737836837769
20260724,1155,L09->L22,0.3929397165775299,0.5975743532180786,0.6575578451156616
20260724,1156,L03->L06,0.3928571045398712,0.7443569302558899,0.5277805328369141
20260724,1157,L32->L05,0.3918318748474121,0.6719949841499329,0.5830875039100647
20260724,1158,L33->L05,0.3918318748474121,0.6719949841499329,0.5830875039100647
20260724,1159,L09->L11,0.3915965855121612,0.5975743532180786,0.6553102135658264
20260724,1160,L18->L09,0.3910119235515594,0.772764265537262,0.5059912204742432
20260724,1161,L02->L29,0.3905779421329498,0.5357130169868469,0.7290805578231812
20260724,1162,L22->L06,0.3904295861721039,0.7386882901191711,0.5285444259643555
20260724,1163,L03->L30,0.3904076218605041,0.7443569302558899,0.5244898200035095
20260724,1164,L31->L13,0.3903297781944275,0.7404660582542419,0.5271406769752502
20260724,1165,L34->L21,0.3902079463005066,0.5708243250846863,0.6835867762565613
20260724,1166,L35->L21,0.3902079463005066,0.5708243250846863,0.6835867762565613
20260724,1167,L02->L03,0.3901336193084717,0.5357130169868469,0.7282511591911316
20260724,1168,L01->L32,0.3900466859340668,0.5647778511047363,0.6906196475028992
20260724,1169,L01->L33,0.3900466859340668,0.5647778511047363,0.6906196475028992
20260724,1170,L22->L30,0.3899637162685394,0.7386882901191711,0.5279137492179871
20260724,1171,L03->L25,0.3899601101875305,0.7443569302558899,0.5238885879516602
20260724,1172,L03->L26,0.3899601101875305,0.7443569302558899,0.5238885879516602
20260724,1173,L32->L04,0.3895486295223236,0.6719949841499329,0.5796898007392883
20260724,1174,L33->L04,0.3895486295223236,0.6719949841499329,0.5796898007392883
20260724,1175,L24->L01,0.3895081281661987,0.7062423825263977,0.551521897315979
20260724,1176,L24->L12,0.3890951871871948,0.7062423825263977,0.5509371757507324
20260724,1177,L04->L29,0.3888835608959198,0.6131068468093872,0.6342834830284119
20260724,1178,L16->L30,0.3887746930122375,0.8238638639450073,0.4718919098377228
20260724,1179,L20->L06,0.3884255290031433,0.7315700650215149,0.5309478044509888
20260724,1180,L22->L13,0.3878840804100036,0.7386882901191711,0.525098443031311
20260724,1181,L29->L05,0.3876834213733673,0.6629805564880371,0.5847583413124084
20260724,1182,L30->L09,0.3873480856418609,0.75862717628479,0.5105908513069153
20260724,1183,L20->L30,0.3870581686496734,0.7315700650215149,0.5290787220001221
20260724,1184,L29->L15,0.3869842886924743,0.6629805564880371,0.5837038159370422
20260724,1185,L22->L09,0.3869355618953705,0.7386882901191711,0.5238143801689148
20260724,1186,L03->L19,0.3868604302406311,0.7443569302558899,0.5197243690490723
20260724,1187,L01->L29,0.3864958882331848,0.5647778511047363,0.6843326091766357
20260724,1188,L20->L13,0.3863783478736877,0.7315700650215149,0.5281494855880737
20260724,1189,L19->L27,0.3862605988979339,0.7297638654708862,0.5292953252792358
20260724,1190,L22->L25,0.3862118721008301,0.7386882901191711,0.5228347182273865
20260724,1191,L22->L26,0.3862118721008301,0.7386882901191711,0.5228347182273865
20260724,1192,L11->L09,0.3857588469982147,0.6308996677398682,0.6114424467086792
20260724,1193,L19->L30,0.3856492936611175,0.7297638654708862,0.5284576416015625
20260724,1194,L29->L04,0.3855932950973511,0.6629805564880371,0.5816057324409485
20260724,1195,L16->L24,0.3850244581699371,0.8238638639450073,0.4673399031162262
20260724,1196,L14->L32,0.3844064176082611,0.77660071849823,0.4949859082698822
20260724,1197,L14->L33,0.3844064176082611,0.77660071849823,0.4949859082698822
20260724,1198,L20->L09,0.3837682604789734,0.7315700650215149,0.5245816707611084
20260724,1199,L22->L27,0.3830696940422058,0.7386882901191711,0.518580973148346
20260724,1200,L02->L16,0.3829054832458496,0.5357130169868469,0.714758574962616
20260724,1201,L20->L25,0.3826741874217987,0.7315700650215149,0.5230861902236938
20260724,1202,L20->L26,0.3826741874217987,0.7315700650215149,0.5230861902236938
20260724,1203,L02->L07,0.3824496269226074,0.5357130169868469,0.7139076590538025
20260724,1204,L24->L34,0.3823785483837127,0.7062423825263977,0.5414267778396606
20260724,1205,L24->L35,0.3823785483837127,0.7062423825263977,0.5414267778396606
20260724,1206,L06->L02,0.3821635842323303,0.5909077525138855,0.6467398405075073
20260724,1207,L29->L18,0.3818789720535278,0.6629805564880371,0.5760032534599304
20260724,1208,L19->L25,0.3815222680568695,0.7297638654708862,0.5228023529052734
20260724,1209,L19->L26,0.3815222680568695,0.7297638654708862,0.5228023529052734
20260724,1210,L31->L09,0.3811518549919128,0.7404660582542419,0.5147458910942078
20260724,1211,L13->L02,0.3810699582099914,0.7377889156341553,0.5165026783943176
20260724,1212,L02->L17,0.3809825479984283,0.5357130169868469,0.7111691236495972
20260724,1213,L04->L34,0.3809654712677002,0.6131068468093872,0.6213688254356384
20260724,1214,L04->L35,0.3809654712677002,0.6131068468093872,0.6213688254356384
20260724,1215,L34->L22,0.3803270161151886,0.5708243250846863,0.6662768125534058
20260724,1216,L35->L22,0.3803270161151886,0.5708243250846863,0.6662768125534058
20260724,1217,L22->L19,0.380283921957016,0.7386882901191711,0.5148097276687622
20260724,1218,L04->L05,0.3799831867218017,0.6131068468093872,0.6197666525840759
20260724,1219,L06->L12,0.3795724511146545,0.5909077525138855,0.6423548460006714
20260724,1220,L12->L38,0.3794580399990082,0.7622805237770081,0.4977931678295135
20260724,1221,L02->L19,0.3792277574539184,0.5357130169868469,0.7078934907913208
20260724,1222,L03->L38,0.3788646459579468,0.7443569302558899,0.5089824795722961
20260724,1223,L09->L15,0.3780820071697235,0.5975743532180786,0.6326944828033447
20260724,1224,L36->L01,0.3778956532478332,0.6784542798995972,0.5569950342178345
20260724,1225,L37->L01,0.3778956532478332,0.6784542798995972,0.5569950342178345
20260724,1226,L11->L34,0.3774178028106689,0.6308996677398682,0.5982216000556946
20260724,1227,L11->L35,0.3774178028106689,0.6308996677398682,0.5982216000556946
20260724,1228,L22->L38,0.3773726224899292,0.7386882901191711,0.5108685493469238
20260724,1229,L04->L03,0.3772182166576385,0.6131068468093872,0.6152569055557251
20260724,1230,L09->L14,0.3767682611942291,0.5975743532180786,0.6304960250854492
20260724,1231,L34->L11,0.3762276470661163,0.5708243250846863,0.6590953469276428
20260724,1232,L35->L11,0.3762276470661163,0.5708243250846863,0.6590953469276428
20260724,1233,L24->L20,0.3755808174610138,0.7062423825263977,0.5318015813827515
20260724,1234,L36->L20,0.375046044588089,0.6784542798995972,0.552794873714447
20260724,1235,L37->L20,0.375046044588089,0.6784542798995972,0.552794873714447
20260724,1236,L12->L31,0.3749524652957916,0.7622805237770081,0.4918825328350067
20260724,1237,L14->L31,0.3744747042655945,0.77660071849823,0.4821972250938415
20260724,1238,L20->L38,0.3738420903682709,0.7315700650215149,0.511013388633728
20260724,1239,L11->L25,0.3736827075481415,0.6308996677398682,0.5923013091087341
20260724,1240,L11->L26,0.3736827075481415,0.6308996677398682,0.5923013091087341
20260724,1241,L32->L01,0.3736264705657959,0.6719949841499329,0.5559959411621094
20260724,1242,L33->L01,0.3736264705657959,0.6719949841499329,0.5559959411621094
20260724,1243,L19->L38,0.3735093176364898,0.7297638654708862,0.5118221640586853
20260724,1244,L36->L12,0.373306930065155,0.6784542798995972,0.5502315163612366
20260724,1245,L37->L12,0.373306930065155,0.6784542798995972,0.5502315163612366
20260724,1246,L02->L10,0.3725630342960357,0.5357130169868469,0.6954526305198669
20260724,1247,L18->L22,0.3720825016498565,0.772764265537262,0.4814954996109009
20260724,1248,L02->L32,0.3719406425952911,0.5357130169868469,0.694290816783905
20260724,1249,L02->L33,0.3719406425952911,0.5357130169868469,0.694290816783905
20260724,1250,L20->L27,0.3716676533222198,0.7315700650215149,0.5080410838127136
20260724,1251,L29->L34,0.3713851869106293,0.6629805564880371,0.5601750612258911
20260724,1252,L29->L35,0.3713851869106293,0.6629805564880371,0.5601750612258911
20260724,1253,L12->L29,0.3706032633781433,0.7622805237770081,0.486176997423172
20260724,1254,L32->L12,0.3702001571655273,0.6719949841499329,0.5508971810340881
20260724,1255,L33->L12,0.3702001571655273,0.6719949841499329,0.5508971810340881
20260724,1256,L32->L06,0.3692367672920227,0.6719949841499329,0.5494635701179504
20260724,1257,L33->L06,0.3692367672920227,0.6719949841499329,0.5494635701179504
20260724,1258,L14->L29,0.3690488934516907,0.77660071849823,0.4752106070518493
20260724,1259,L12->L24,0.3690256774425506,0.7622805237770081,0.4841074347496032
20260724,1260,L29->L12,0.3688278794288635,0.6629805564880371,0.5563178062438965
20260724,1261,L13->L09,0.3686260879039764,0.7377889156341553,0.4996362328529358
20260724,1262,L11->L06,0.36849045753479,0.6308996677398682,0.5840713977813721
20260724,1263,L05->L03,0.3678855299949646,0.6236215829849243,0.5899178981781006
20260724,1264,L09->L08,0.3674488961696625,0.5975743532180786,0.6149007081985474
20260724,1265,L32->L20,0.3671903908252716,0.6719949841499329,0.5464183688163757
20260724,1266,L33->L20,0.3671903908252716,0.6719949841499329,0.5464183688163757
20260724,1267,L36->L06,0.367147833108902,0.6784542798995972,0.5411533713340759
20260724,1268,L37->L06,0.367147833108902,0.6784542798995972,0.5411533713340759
20260724,1269,L03->L32,0.3654379546642303,0.7443569302558899,0.490944504737854
20260724,1270,L03->L33,0.3654379546642303,0.7443569302558899,0.490944504737854
20260724,1271,L02->L21,0.3651076257228851,0.5357130169868469,0.6815358400344849
20260724,1272,L29->L01,0.3647050559520721,0.6629805564880371,0.5500991940498352
20260724,1273,L34->L15,0.3641580045223236,0.5708243250846863,0.6379510760307312
20260724,1274,L35->L15,0.3641580045223236,0.5708243250846863,0.6379510760307312
20260724,1275,L32->L34,0.3636930584907532,0.6719949841499329,0.5412139296531677
20260724,1276,L32->L35,0.3636930584907532,0.6719949841499329,0.5412139296531677
20260724,1277,L33->L34,0.3636930584907532,0.6719949841499329,0.5412139296531677
20260724,1278,L33->L35,0.3636930584907532,0.6719949841499329,0.5412139296531677
20260724,1279,L20->L34,0.3629705309867859,0.7315700650215149,0.49615278840065
20260724,1280,L20->L35,0.3629705309867859,0.7315700650215149,0.49615278840065
20260724,1281,L22->L32,0.3629496097564697,0.7386882901191711,0.4913433790206909
20260724,1282,L22->L33,0.3629495799541473,0.7386882901191711,0.4913433492183685
20260724,1283,L12->L32,0.362573891878128,0.7622805237770081,0.4756436645984649
20260724,1284,L12->L33,0.362573891878128,0.7622805237770081,0.4756436347961426
20260724,1285,L19->L29,0.3614473938941955,0.7297638654708862,0.4952936470508575
20260724,1286,L09->L18,0.3612867593765259,0.5975743532180786,0.6045888066291809
20260724,1287,L20->L32,0.3608937859535217,0.7315700650215149,0.4933140277862549
20260724,1288,L20->L33,0.3608937859535217,0.7315700650215149,0.4933140277862549
20260724,1289,L24->L13,0.3608743548393249,0.7062423825263977,0.5109780430793762
20260724,1290,L19->L32,0.3607524931430816,0.7297638654708862,0.4943414032459259
20260724,1291,L19->L33,0.3607524931430816,0.7297638654708862,0.4943414032459259
20260724,1292,L14->L24,0.3607167899608612,0.77660071849823,0.4644816517829895
20260724,1293,L34->L14,0.3599430024623871,0.5708243250846863,0.6305670142173767
20260724,1294,L35->L14,0.3599430024623871,0.5708243250846863,0.6305670142173767
20260724,1295,L01->L06,0.3595763146877289,0.5647778511047363,0.6366685628890991
20260724,1296,L03->L29,0.3591614961624145,0.7443569302558899,0.4825124442577362
20260724,1297,L03->L27,0.3584646582603454,0.7443569302558899,0.4815762937068939
20260724,1298,L01->L03,0.3580486476421356,0.5647778511047363,0.6339637041091919
20260724,1299,L20->L19,0.3578565418720245,0.7315700650215149,0.4891623556613922
20260724,1300,L20->L22,0.3576475083827972,0.7315700650215149,0.4888766407966614
20260724,1301,L19->L06,0.3576192855834961,0.7297638654708862,0.4900479614734649
20260724,1302,L34->L35,0.3573643565177917,0.5708243250846863,0.6260496377944946
20260724,1303,L35->L34,0.3573643565177917,0.5708243250846863,0.6260496377944946
20260724,1304,L01->L34,0.3563423752784729,0.5647778511047363,0.6309425234794617
20260724,1305,L01->L35,0.3563423752784729,0.5647778511047363,0.6309425234794617
20260724,1306,L36->L13,0.3562487363815307,0.6784542798995972,0.5250887870788574
20260724,1307,L37->L13,0.3562487363815307,0.6784542798995972,0.5250887870788574
20260724,1308,L03->L31,0.3561293184757232,0.7443569302558899,0.4784389138221741
20260724,1309,L22->L29,0.3555444478988647,0.7386882901191711,0.4813186526298523
20260724,1310,L36->L02,0.3553737103939056,0.6784542798995972,0.5237990617752075
20260724,1311,L37->L02,0.3553737103939056,0.6784542798995972,0.5237990617752075
20260724,1312,L11->L01,0.3553579151630401,0.6308996677398682,0.5632558465003967
20260724,1313,L22->L31,0.3550538420677185,0.7386882901191711,0.4806544780731201
20260724,1314,L09->L37,0.3549622595310211,0.5975743532180786,0.5940051674842834
20260724,1315,L09->L36,0.3549622297286987,0.5975743532180786,0.5940051078796387
20260724,1316,L02->L22,0.3546760380268097,0.5357130169868469,0.662063479423523
20260724,1317,L02->L11,0.3537092804908752,0.5357130169868469,0.6602588891983032
20260724,1318,L34->L18,0.3530250489711761,0.5708243250846863,0.6184477806091309
20260724,1319,L35->L18,0.3530250489711761,0.5708243250846863,0.6184477806091309
20260724,1320,L20->L31,0.3522104620933532,0.7315700650215149,0.4814445972442627
20260724,1321,L19->L31,0.3515690863132477,0.7297638654708862,0.4817573130130768
20260724,1322,L32->L13,0.3511405289173126,0.6719949841499329,0.5225344300270081
20260724,1323,L33->L13,0.3511405289173126,0.6719949841499329,0.5225344300270081
20260724,1324,L03->L24,0.3509992957115173,0.7443569302558899,0.4715470373630523
20260724,1325,L06->L03,0.3504924476146698,0.5909077525138855,0.5931423902511597
20260724,1326,L09->L05,0.348867118358612,0.5975743532180786,0.5838053822517395
20260724,1327,L22->L24,0.3472318053245544,0.7386882901191711,0.4700653851032257
20260724,1328,L06->L05,0.346927672624588,0.5909077525138855,0.5871096849441528
20260724,1329,L32->L02,0.3463955819606781,0.6719949841499329,0.515473484992981
20260724,1330,L33->L02,0.3463955819606781,0.6719949841499329,0.515473484992981
20260724,1331,L09->L04,0.3463273644447326,0.5975743532180786,0.5795552730560303
20260724,1332,L24->L09,0.3461926877498626,0.7062423825263977,0.490189641714096
20260724,1333,L36->L09,0.345735639333725,0.6784542798995972,0.50959312915802
20260724,1334,L37->L09,0.345735639333725,0.6784542798995972,0.50959312915802
20260724,1335,L34->L08,0.3455303013324737,0.5708243250846863,0.6053181290626526
20260724,1336,L35->L08,0.3455303013324737,0.5708243250846863,0.6053181290626526
20260724,1337,L20->L29,0.344482272863388,0.7315700650215149,0.4708807468414306
20260724,1338,L06->L13,0.3431773781776428,0.5909077525138855,0.580763041973114
20260724,1339,L24->L02,0.3417052626609802,0.7062423825263977,0.4838356971740722
20260724,1340,L20->L24,0.3411238193511963,0.7315700650215149,0.4662900269031524
20260724,1341,L01->L11,0.340461790561676,0.5647778511047363,0.6028242707252502
20260724,1342,L11->L30,0.3403046429157257,0.6308996677398682,0.539395809173584
20260724,1343,L02->L15,0.3402565419673919,0.5357130169868469,0.6351470351219177
20260724,1344,L32->L09,0.3398801684379577,0.6719949841499329,0.5057778358459473
20260724,1345,L33->L09,0.3398801684379577,0.6719949841499329,0.5057778358459473
20260724,1346,L02->L14,0.3393985629081726,0.5357130169868469,0.633545458316803
20260724,1347,L19->L24,0.3386339247226715,0.7297638654708862,0.4640322029590606
20260724,1348,L11->L02,0.3372009694576263,0.6308996677398682,0.5344763994216919
20260724,1349,L06->L34,0.3363428115844726,0.5909077525138855,0.5691968202590942
20260724,1350,L06->L35,0.3363428115844726,0.5909077525138855,0.5691968202590942
20260724,1351,L29->L13,0.3361254036426544,0.6629805564880371,0.5069913268089294
20260724,1352,L34->L36,0.3357517421245575,0.5708243250846863,0.5881875157356262
20260724,1353,L34->L37,0.3357517421245575,0.5708243250846863,0.5881875157356262
20260724,1354,L35->L36,0.3357517421245575,0.5708243250846863,0.5881875157356262
20260724,1355,L35->L37,0.3357517421245575,0.5708243250846863,0.5881875157356262
20260724,1356,L09->L01,0.3333981037139892,0.5975743532180786,0.5579190254211426
20260724,1357,L34->L05,0.3327592015266418,0.5708243250846863,0.5829450488090515
20260724,1358,L35->L05,0.3327592015266418,0.5708243250846863,0.5829450488090515
20260724,1359,L34->L04,0.3309306800365448,0.5708243250846863,0.5797417163848877
20260724,1360,L35->L04,0.3309306800365448,0.5708243250846863,0.5797417163848877
20260724,1361,L29->L02,0.3308391869068146,0.6629805564880371,0.4990179240703583
20260724,1362,L11->L38,0.3288552463054657,0.6308996677398682,0.5212481021881104
20260724,1363,L02->L18,0.328572928905487,0.5357130169868469,0.6133375763893127
20260724,1364,L02->L08,0.3268628418445587,0.5357130169868469,0.6101453900337219
20260724,1365,L11->L24,0.3263925611972809,0.6308996677398682,0.5173446536064148
20260724,1366,L11->L31,0.3261698782444,0.6308996677398682,0.5169916749000549
20260724,1367,L09->L12,0.324743777513504,0.5975743532180786,0.543436586856842
20260724,1368,L29->L09,0.3239311873912811,0.6629805564880371,0.4885983169078827
20260724,1369,L09->L34,0.3236221075057983,0.5975743532180786,0.5415595769882202
20260724,1370,L09->L35,0.3236221075057983,0.5975743532180786,0.5415595769882202
20260724,1371,L09->L20,0.3233396112918854,0.5975743532180786,0.5410868525505066
20260724,1372,L06->L04,0.3229579329490661,0.5909077525138855,0.5465454459190369
20260724,1373,L29->L22,0.3210829794406891,0.6629805564880371,0.4843022525310516
20260724,1374,L29->L21,0.3208182156085968,0.6629805564880371,0.4839029014110565
20260724,1375,L11->L29,0.3200530111789703,0.6308996677398682,0.5072962045669556
20260724,1376,L02->L36,0.3192326128482818,0.5357130169868469,0.5959022641181946
20260724,1377,L02->L37,0.3192325532436371,0.5357130169868469,0.5959022045135498
20260724,1378,L09->L06,0.3187404572963714,0.5975743532180786,0.533390462398529
20260724,1379,L34->L01,0.3178195655345917,0.5708243250846863,0.5567730069160461
20260724,1380,L35->L01,0.3178195655345917,0.5708243250846863,0.5567730069160461
20260724,1381,L02->L05,0.3147897124290466,0.5357130169868469,0.5876088738441467
20260724,1382,L34->L12,0.3140736520290375,0.5708243250846863,0.55021071434021
20260724,1383,L35->L12,0.3140736520290375,0.5708243250846863,0.55021071434021
20260724,1384,L34->L20,0.3134576976299286,0.5708243250846863,0.5491316318511963
20260724,1385,L35->L20,0.3134576976299286,0.5708243250846863,0.5491316318511963
20260724,1386,L09->L02,0.3126202225685119,0.5975743532180786,0.5231486558914185
20260724,1387,L02->L04,0.3116783499717712,0.5357130169868469,0.5818009376525879
20260724,1388,L02->L01,0.3103858530521393,0.5357130169868469,0.5793883204460144
20260724,1389,L34->L06,0.3094356954097748,0.5708243250846863,0.5420857071876526
20260724,1390,L35->L06,0.3094356954097748,0.5708243250846863,0.5420857071876526
20260724,1391,L09->L13,0.308907687664032,0.5975743532180786,0.5169360041618347
20260724,1392,L02->L06,0.3045819699764251,0.5357130169868469,0.5685543417930603
20260724,1393,L11->L32,0.3011689484119415,0.6308996677398682,0.4773642718791961
20260724,1394,L11->L33,0.3011689484119415,0.6308996677398682,0.4773642718791961
20260724,1395,L34->L13,0.2994163632392883,0.5708243250846863,0.5245332717895508
20260724,1396,L35->L13,0.2994163632392883,0.5708243250846863,0.5245332717895508
20260724,1397,L34->L02,0.2981586754322052,0.5708243250846863,0.5223299860954285
20260724,1398,L35->L02,0.2981586754322052,0.5708243250846863,0.5223299860954285
20260724,1399,L02->L12,0.2962203919887543,0.5357130169868469,0.5529460310935974
20260724,1400,L02->L20,0.2944192886352539,0.5357130169868469,0.5495839715003967
20260724,1401,L02->L34,0.2908667623996734,0.5357130169868469,0.5429525971412659
20260724,1402,L02->L35,0.2908667325973511,0.5357130169868469,0.5429525375366211
20260724,1403,L34->L09,0.2904262840747833,0.5708243250846863,0.5087839961051941
20260724,1404,L35->L09,0.2904262840747833,0.5708243250846863,0.5087839961051941
20260724,1405,L02->L13,0.281317800283432,0.5357130169868469,0.5251278281211853
20260724,1406,L02->L09,0.2732903659343719,0.5357130169868469,0.5101432204246521
