method,alpha,epsilon,budget_type,budget_label,K,search_budget_ratio,critical_hit_count,relay_cascade_hit_count,recall_critical,recall_relay_cascade,precision_at_k,captured_total_load_shed_mw,captured_total_load_shed_ratio,captured_relay_cascade_load_shed_mw,captured_relay_cascade_load_shed_ratio,mean_p_first_topk,median_p_first_topk,mean_p_second_topk,median_p_second_topk,num_low_p_first_high_p_second_hits,critical_hit_count_std,relay_cascade_hit_count_std,recall_critical_std,recall_relay_cascade_std,precision_at_k_std,captured_total_load_shed_mw_std,captured_total_load_shed_ratio_std,captured_relay_cascade_load_shed_mw_std,captured_relay_cascade_load_shed_ratio_std,mean_p_first_topk_std,median_p_first_topk_std,mean_p_second_topk_std,median_p_second_topk_std,num_low_p_first_high_p_second_hits_std
LODF_yP,,,fixed,100,100,0.003071253071253,10.0,10.0,0.0057012542759407,0.0060864272671941,0.1,333.77905639431845,0.0057126281553966,333.7790563943185,0.0060170109146639,0.26663030000000004,0.2666303,0.1490540949683236,0.0163997909985482,0.0,,,,,,,,,,,,,,
LODF_yP,,,percent,0.5%,163,0.0050061425061425,10.0,10.0,0.0057012542759407,0.0060864272671941,0.0613496932515337,333.77905639431845,0.0057126281553966,333.7790563943185,0.0060170109146639,0.26663030000000004,0.2666303,0.11069367829592801,0.0135268783196806,0.0,,,,,,,,,,,,,,
LODF_yP,,,percent,1%,326,0.010012285012285,20.0,20.0,0.0114025085518814,0.0121728545343883,0.0613496932515337,654.707828408093,0.0112053237088195,654.707828408093,0.0118023706819805,0.5331456151226994,0.2666303,0.10865838596929314,0.012632586527615699,0.0,,,,,,,,,,,,,,
LODF_yP,,,fixed,500,500,0.0153562653562653,33.0,26.0,0.0188141391106043,0.0158247108947048,0.066,1028.0321360993116,0.0175947687933886,805.8211272580052,0.0145264791936201,0.6723709439,0.88282883,0.12190754007754728,0.01603256259113545,0.0,,,,,,,,,,,,,,
LODF_yP,,,percent,2%,651,0.0199938574938574,44.0,35.0,0.0250855188141391,0.0213024954351795,0.0675883256528417,1375.125339030673,0.0235352685510189,1101.079798679264,0.0198490859137137,0.7440068023041475,0.88282883,0.1268007306364433,0.0175962094217538,0.0,,,,,,,,,,,,,,
LODF_yP,,,fixed,1000,1000,0.0307125307125307,58.0,49.0,0.0330672748004561,0.0298234936092513,0.058,1860.291077897772,0.0318388795978778,1586.2455375463624,0.0285951336068189,0.613846257895,0.88282883,0.1231317827944913,0.016349643468856798,5.0,,,,,,,,,,,,,,
LODF_yP,,,percent,5%,1628,0.05,93.0,84.0,0.0530216647662485,0.0511259890444309,0.0571253071253071,2999.937121215491,0.0513439202812932,2725.891580864082,0.0491394504239751,0.5174500110227274,0.44212142,0.12118205789408991,0.014915444422513201,9.0,,,,,,,,,,,,,,
LODF_yP,,,fixed,2000,2000,0.0614250614250614,112.0,103.0,0.0638540478905359,0.0626902008520998,0.056,3638.6604895806913,0.0622756699753849,3364.6149492292816,0.0606536704005696,0.440722783995,0.2666303,0.12288258967736948,0.015243324451148451,18.0,,,,,,,,,,,,,,
LODF_yP,,,percent,10%,3256,0.1,186.0,159.0,0.1060433295324971,0.0967741935483871,0.0571253071253071,6021.846905809528,0.1030639026703211,5276.4747242562735,0.0951186283218787,0.28646362442045453,0.043734573,0.1269645677630213,0.01619228348135945,51.0,,,,,,,,,,,,,,
LODF_yP,,,fixed,5000,5000,0.1535626535626535,275.0,248.0,0.1567844925883694,0.1509433962264151,0.055,8933.271628610466,0.1528929333574412,8187.899447057211,0.1476026712799855,0.22921723320930001,0.040180307,0.12799717438528244,0.0163721907883882,104.0,,,,,,,,,,,,,,
PFW,,,fixed,100,100,0.003071253071253,6.0,3.0,0.0034207525655644,0.0018259281801582,0.06,238.86504248138132,0.0040881749195405,132.69942758232926,0.0023921629857724,0.09872348999999998,0.09872349,0.17135768748478994,0.05216767266392705,0.0,,,,,,,,,,,,,,
PFW,,,percent,0.5%,163,0.0050061425061425,13.0,5.0,0.0074116305587229,0.003043213633597,0.0797546012269938,389.200625174395,0.0066611682395153,197.88160477348717,0.0035671973807927,0.09872349,0.09872349,0.16212192954390187,0.0351882614195346,0.0,,,,,,,,,,,,,,
PFW,,,percent,1%,326,0.010012285012285,25.0,10.0,0.0142531356898517,0.0060864272671941,0.0766871165644171,771.1290615307863,0.0131978729760119,395.7632095469742,0.0071343947615855,0.1240642435582822,0.09872349,0.16324247212164342,0.03343337774276725,0.0,,,,,,,,,,,,,,
PFW,,,fixed,500,500,0.0153562653562653,36.0,15.0,0.0205245153933865,0.0091296409007912,0.072,1111.4227719954563,0.0190219994281172,539.6043195788827,0.0097274080512417,0.3418044746000001,0.15731275,0.15885290161197874,0.029480440542101798,0.0,,,,,,,,,,,,,,
PFW,,,percent,2%,651,0.0199938574938574,44.0,21.0,0.0250855188141391,0.0127814972611077,0.0675883256528417,1376.2599956463048,0.0235546881976533,771.4109460031826,0.0139061693442771,0.4881145020737327,0.15731275,0.14941795932133972,0.0263907928019762,0.0,,,,,,,,,,,,,,
PFW,,,fixed,1000,1000,0.0307125307125307,66.0,41.0,0.0376282782212086,0.024954351795496,0.066,2063.021205664392,0.0353086054948154,1406.3376245111667,0.0253519466673473,0.59131957125,0.95027333,0.14977091358898473,0.02520035114139315,2.0,,,,,,,,,,,,,,
PFW,,,percent,5%,1628,0.05,98.0,73.0,0.0558722919042189,0.0444309190505173,0.0601965601965601,3089.350159366796,0.0528742243234955,2432.666578213571,0.0438535045037609,0.5747936840909091,0.88282883,0.1363602297658343,0.019186147488653597,12.0,,,,,,,,,,,,,,
PFW,,,fixed,2000,2000,0.0614250614250614,117.0,92.0,0.0667046750285062,0.0559951308581862,0.0585,3731.238171562917,0.0638601368930103,3074.5545904096925,0.0554247732858658,0.48812120860747493,0.2666303,0.1331045944995211,0.0182098094373941,21.0,,,,,,,,,,,,,,
PFW,,,percent,10%,3256,0.1,176.0,150.0,0.1003420752565564,0.0912964090079123,0.054054054054054,5775.298173443817,0.0988442214074985,5112.692179144369,0.0921661322239643,0.3569193354528409,0.15731275,0.13157557874598325,0.017382925376296002,39.0,,,,,,,,,,,,,,
PFW,,,fixed,5000,5000,0.1535626535626535,265.0,229.0,0.1510832383124287,0.1393791844187462,0.053,8732.720566409687,0.1494605021650857,7772.184400663747,0.1401086061982493,0.25098487876648995,0.05533804,0.12978116803431208,0.016524302773177603,74.0,,,,,,,,,,,,,,
alpha_path_prob_a005_eps0,0.05,0.0,fixed,100,100,0.003071253071253071,66.0,63.0,0.037628278221208664,0.03834449178332319,0.66,2710.927428063686,0.046397519724839235,2516.694183221238,0.04536826406335085,0.7315910282000001,0.6986891,0.9870560067892075,0.993908554315567,0.0,,,,,,,,,,,,,,
alpha_path_prob_a005_eps0,0.05,0.0,percent,0.5%,163,0.005006142506142506,111.0,107.0,0.06328392246294184,0.06512477175897748,0.6809815950920245,4589.961047393754,0.07855717789716224,4361.84623069501,0.0786306866035724,0.5857492045398773,0.57246214,0.9858959726760724,0.9964396357536316,0.0,,,,,,,,,,,,,,
alpha_path_prob_a005_eps0,0.05,0.0,percent,1%,326,0.010012285012285013,208.0,201.0,0.11858608893956671,0.12233718807060255,0.6380368098159509,8492.726042640801,0.14535299617464548,8120.222415449057,0.14638266232478836,0.40136844022699386,0.2666303,0.9839825198694241,0.9957742691040039,0.0,,,,,,,,,,,,,,
alpha_path_prob_a005_eps0,0.05,0.0,fixed,500,500,0.015356265356265357,322.0,312.0,0.18358038768529075,0.1898965307364577,0.644,12863.9431108411,0.22016637112664098,12406.761438137317,0.2236557913349503,0.31090322139800003,0.16112705,0.9810707169771195,0.9939973652362823,22.0,,,,,,,,,,,,,,
alpha_path_prob_a005_eps0,0.05,0.0,percent,2%,651,0.019993857493857493,405.0,392.0,0.23090079817559864,0.23858794887401097,0.6221198156682027,16027.950285442603,0.2743183501775746,15387.273800047247,0.27738527216767345,0.2621867879953917,0.12083286,0.9788099947612956,0.9921196699142456,78.0,,,,,,,,,,,,,,
alpha_path_prob_a005_eps0,0.05,0.0,fixed,1000,1000,0.030712530712530713,622.0,601.0,0.35461801596351195,0.36579427875836884,0.622,23777.048451403098,0.40694415612239576,22781.39079310723,0.41067848454641626,0.202160140423,0.09075098,0.9716497178077698,0.989609271287918,246.0,,,,,,,,,,,,,,
alpha_path_prob_a005_eps0,0.05,0.0,percent,5%,1628,0.05,961.0,926.0,0.5478905359179019,0.563603164942179,0.5902948402948403,35321.63561334589,0.6045297517441695,33921.012967496084,0.6114916479983081,0.15545917243470514,0.050783757,0.9531575646022614,0.9764055013656616,510.0,,,,,,,,,,,,,,
alpha_path_prob_a005_eps0,0.05,0.0,fixed,2000,2000,0.06142506142506143,1102.0,1059.0,0.6282782212086659,0.6445526475958613,0.551,39524.87196981508,0.6764681370135738,37961.522528446905,0.6843296216916721,0.14557705764492498,0.04603438,0.9341620533466339,0.9620042741298676,622.0,,,,,,,,,,,,,,
alpha_path_prob_a005_eps0,0.05,0.0,percent,10%,3256,0.1,1445.0,1371.0,0.8238312428734321,0.8344491783323189,0.4437960687960688,49088.05937199798,0.8401420780906462,46898.310669360726,0.8454324553050315,0.12812884368420116,0.036637772,0.840801850574535,0.8832069933414459,743.0,,,,,,,,,,,,,,
alpha_path_prob_a005_eps0,0.05,0.0,fixed,5000,5000,0.15356265356265356,1709.0,1622.0,0.9743443557582668,0.9872185027388922,0.3418,57416.66935579983,0.9826862281123786,55019.23890378875,0.9918278413775172,0.11978042903611522,0.032567922,0.6794185487627983,0.7344274520874023,743.0,,,,,,,,,,,,,,
alpha_path_prob_a005_eps0,0.05,0.0,fixed,10000,10000,0.3071253071253071,1735.0,1638.0,0.9891676168757126,0.996956786366403,0.1735,57943.70694414486,0.9917064758135266,55397.384215625425,0.9986446395709974,0.1194843382003221,0.032567922,0.39835607309900223,0.24626083672046656,743.0,,,,,,,,,,,,,,
alpha_path_prob_a005_eps1em2,0.05,0.01,fixed,100,100,0.003071253071253071,67.0,64.0,0.03819840364880274,0.038953134510042606,0.67,2792.286654460984,0.04778998278839773,2598.053409618537,0.0468349209546773,0.7301285700000001,0.6986891,0.9872507548332214,0.9941821098327637,0.0,,,,,,,,,,,,,,
alpha_path_prob_a005_eps1em2,0.05,0.01,percent,0.5%,163,0.005006142506142506,112.0,108.0,0.06385404789053592,0.06573341448569689,0.6871165644171779,4648.499918657848,0.07955907060960773,4420.385101959103,0.07968596260301092,0.5803597035582823,0.57246214,0.9866125781111922,0.997319519519806,0.0,,,,,,,,,,,,,,
alpha_path_prob_a005_eps1em2,0.05,0.01,percent,1%,326,0.010012285012285013,206.0,199.0,0.11744583808437856,0.12111990261716372,0.6319018404907976,8412.366228814515,0.14397763805605776,8039.862601622773,0.14493402177161388,0.40035219139263806,0.2666303,0.9842815936708743,0.9959096312522888,0.0,,,,,,,,,,,,,,
alpha_path_prob_a005_eps1em2,0.05,0.01,fixed,500,500,0.015356265356265357,324.0,315.0,0.1847206385404789,0.19172245891661593,0.648,13166.677659290603,0.22534767256528138,12731.144448003159,0.22950342039825647,0.302023693202,0.1601265,0.9830375522375107,0.9951706230640411,33.0,,,,,,,,,,,,,,
alpha_path_prob_a005_eps1em2,0.05,0.01,percent,2%,651,0.019993857493857493,413.0,400.0,0.2354618015963512,0.24345709068776628,0.6344086021505376,16537.34170645527,0.2830365837457009,15896.665221059917,0.2865680344811018,0.2556261740445469,0.11876483,0.9810421921873606,0.994024693965912,94.0,,,,,,,,,,,,,,
alpha_path_prob_a005_eps1em2,0.05,0.01,fixed,1000,1000,0.030712530712530713,636.0,616.0,0.36259977194982895,0.37492391965916005,0.636,24617.365101967844,0.4213261746028893,23653.008049006836,0.42639106579346014,0.19246056266300002,0.08018608,0.9764961453080178,0.9920779764652252,270.0,,,,,,,,,,,,,,
alpha_path_prob_a005_eps1em2,0.05,0.01,percent,5%,1628,0.05,986.0,955.0,0.5621436716077537,0.581253804017042,0.6056511056511057,36305.58265692567,0.62137000423123,34982.84529155181,0.6306332225248968,0.14025212661703504,0.04299928,0.9641012675346262,0.9810527861118317,566.0,,,,,,,,,,,,,,
alpha_path_prob_a005_eps1em2,0.05,0.01,fixed,2000,2000,0.06142506142506143,1136.0,1098.0,0.6476624857468644,0.6682897139379185,0.568,40726.07166497748,0.6970266683755055,39267.46799702931,0.7078718062232658,0.136152929605927,0.04022594,0.9422106778621674,0.9661130011081696,666.0,,,,,,,,,,,,,,
alpha_path_prob_a005_eps1em2,0.05,0.01,percent,10%,3256,0.1,1449.0,1375.0,0.8261117445838084,0.8368837492391966,0.44502457002457,49193.56129300054,0.8419477433438178,47003.81259036327,0.8473343308062924,0.12636336387428226,0.036538277,0.8416456931089886,0.8832069933414459,743.0,,,,,,,,,,,,,,
alpha_path_prob_a005_eps1em2,0.05,0.01,fixed,5000,5000,0.15356265356265356,1709.0,1622.0,0.9743443557582668,0.9872185027388922,0.3418,57416.66935579983,0.9826862281123786,55019.23890378875,0.9918278413775172,0.11855082529835799,0.031987281,0.6796570911079645,0.7344274520874023,743.0,,,,,,,,,,,,,,
alpha_path_prob_a005_eps1em2,0.05,0.01,fixed,10000,10000,0.3071253071253071,1734.0,1638.0,0.9885974914481186,0.996956786366403,0.1734,57925.360446183986,0.9913924755226263,55397.384215625425,0.9986446395709974,0.1181626416365762,0.03140664,0.3984351859346032,0.24626083672046656,743.0,,,,,,,,,,,,,,
alpha_path_prob_a005_eps1em3,0.05,0.001,fixed,100,100,0.003071253071253071,66.0,63.0,0.037628278221208664,0.03834449178332319,0.66,2710.927428063686,0.046397519724839235,2516.694183221238,0.04536826406335085,0.7315910282000001,0.6986891,0.9870560067892075,0.993908554315567,0.0,,,,,,,,,,,,,,
alpha_path_prob_a005_eps1em3,0.05,0.001,percent,0.5%,163,0.005006142506142506,111.0,107.0,0.06328392246294184,0.06512477175897748,0.6809815950920245,4589.961047393754,0.07855717789716224,4361.84623069501,0.0786306866035724,0.5857492045398773,0.57246214,0.9858959726760724,0.9964396357536316,0.0,,,,,,,,,,,,,,
alpha_path_prob_a005_eps1em3,0.05,0.001,percent,1%,326,0.010012285012285013,208.0,201.0,0.11858608893956671,0.12233718807060255,0.6380368098159509,8492.726042640803,0.1453529961746455,8120.222415449057,0.14638266232478836,0.40136844022699386,0.2666303,0.9839825198694241,0.9957742691040039,0.0,,,,,,,,,,,,,,
alpha_path_prob_a005_eps1em3,0.05,0.001,fixed,500,500,0.015356265356265357,322.0,312.0,0.18358038768529075,0.1898965307364577,0.644,12863.9431108411,0.22016637112664098,12406.761438137313,0.22365579133495025,0.310903221398,0.16112705,0.9810707169771195,0.9939973652362823,22.0,,,,,,,,,,,,,,
alpha_path_prob_a005_eps1em3,0.05,0.001,percent,2%,651,0.019993857493857493,406.0,393.0,0.2314709236031927,0.23919659160073037,0.6236559139784946,16122.809619126765,0.2759418675613799,15482.133133731408,0.2790952945168919,0.2616246859262673,0.12083286,0.9791476097524441,0.9923818707466124,80.0,,,,,,,,,,,,,,
alpha_path_prob_a005_eps1em3,0.05,0.001,fixed,1000,1000,0.030712530712530713,625.0,604.0,0.3563283922462942,0.3676202069385271,0.625,23898.616906762894,0.40902480009208814,22902.95924846702,0.4128699903007933,0.199944151966,0.09075098,0.9723378001451493,0.9899045825004578,249.0,,,,,,,,,,,,,,
alpha_path_prob_a005_eps1em3,0.05,0.001,percent,5%,1628,0.05,969.0,934.0,0.5524515393386545,0.5684723067559343,0.5952088452088452,35643.49300405322,0.6100383406054343,34242.8703582034,0.6172937479076664,0.15330616053185506,0.04871154,0.9554230847947428,0.9774783849716187,521.0,,,,,,,,,,,,,,
alpha_path_prob_a005_eps1em3,0.05,0.001,fixed,2000,2000,0.06142506142506143,1122.0,1082.0,0.6396807297605474,0.6585514303104077,0.561,40156.91838838246,0.6872856107197732,38656.770128224554,0.6968627999007746,0.14253484252121298,0.043734573,0.9385180175304413,0.9661130011081696,645.0,,,,,,,,,,,,,,
alpha_path_prob_a005_eps1em3,0.05,0.001,percent,10%,3256,0.1,1445.0,1371.0,0.8238312428734321,0.8344491783323189,0.4437960687960688,49088.05937199798,0.8401420780906462,46898.310669360726,0.8454324553050315,0.12764674286148128,0.036538277,0.8412208952357494,0.8832069933414459,743.0,,,,,,,,,,,,,,
alpha_path_prob_a005_eps1em3,0.05,0.001,fixed,5000,5000,0.15356265356265356,1709.0,1622.0,0.9743443557582668,0.9872185027388922,0.3418,57416.66935579983,0.9826862281123786,55019.23890378875,0.9918278413775172,0.11950589880426,0.032567922,0.6795223510116338,0.7344274520874023,743.0,,,,,,,,,,,,,,
alpha_path_prob_a005_eps1em3,0.05,0.001,fixed,10000,10000,0.3071253071253071,1735.0,1638.0,0.9891676168757126,0.996956786366403,0.1735,57943.70694414486,0.9917064758135266,55397.384215625425,0.9986446395709974,0.11896591683305519,0.032567922,0.398392176964134,0.24626083672046656,743.0,,,,,,,,,,,,,,
alpha_path_prob_a005_eps1em4,0.05,0.0001,fixed,100,100,0.003071253071253071,66.0,63.0,0.037628278221208664,0.03834449178332319,0.66,2710.927428063686,0.04639751972483923,2516.694183221238,0.04536826406335085,0.7315910282000001,0.6986891,0.9870560067892075,0.993908554315567,0.0,,,,,,,,,,,,,,
alpha_path_prob_a005_eps1em4,0.05,0.0001,percent,0.5%,163,0.005006142506142506,111.0,107.0,0.06328392246294184,0.06512477175897748,0.6809815950920245,4589.961047393754,0.07855717789716223,4361.84623069501,0.0786306866035724,0.5857492045398773,0.57246214,0.9858959726760724,0.9964396357536316,0.0,,,,,,,,,,,,,,
alpha_path_prob_a005_eps1em4,0.05,0.0001,percent,1%,326,0.010012285012285013,208.0,201.0,0.11858608893956671,0.12233718807060255,0.6380368098159509,8492.726042640801,0.14535299617464545,8120.222415449057,0.14638266232478836,0.40136844022699386,0.2666303,0.9839825198694241,0.9957742691040039,0.0,,,,,,,,,,,,,,
alpha_path_prob_a005_eps1em4,0.05,0.0001,fixed,500,500,0.015356265356265357,322.0,312.0,0.18358038768529075,0.1898965307364577,0.644,12863.9431108411,0.22016637112664095,12406.761438137315,0.22365579133495028,0.31090322139800003,0.16112705,0.9810707169771195,0.9939973652362823,22.0,,,,,,,,,,,,,,
alpha_path_prob_a005_eps1em4,0.05,0.0001,percent,2%,651,0.019993857493857493,405.0,392.0,0.23090079817559864,0.23858794887401097,0.6221198156682027,16102.037323021897,0.2755863497381144,15461.36083762654,0.2787208338370164,0.26210514706605226,0.12083286,0.9788911259302528,0.9921911358833312,79.0,,,,,,,,,,,,,,
alpha_path_prob_a005_eps1em4,0.05,0.0001,fixed,1000,1000,0.030712530712530713,622.0,601.0,0.35461801596351195,0.36579427875836884,0.622,23777.048451403098,0.4069441561223957,22781.39079310723,0.41067848454641626,0.202160140423,0.09075098,0.9716497178077698,0.989609271287918,246.0,,,,,,,,,,,,,,
alpha_path_prob_a005_eps1em4,0.05,0.0001,percent,5%,1628,0.05,960.0,925.0,0.5473204104903079,0.5629945222154595,0.5896805896805897,35300.335946559935,0.604165207972321,33899.71330071012,0.6111076804452978,0.1554470836570639,0.050783757,0.9532648893187614,0.9766953587532043,509.0,,,,,,,,,,,,,,
alpha_path_prob_a005_eps1em4,0.05,0.0001,fixed,2000,2000,0.06142506142506143,1103.0,1060.0,0.62884834663626,0.6451612903225806,0.5515,39569.91073379232,0.6772389754057725,38006.56129242413,0.6851415322332185,0.14501857560547501,0.04603438,0.9345440859794617,0.9624807238578796,623.0,,,,,,,,,,,,,,
alpha_path_prob_a005_eps1em4,0.05,0.0001,percent,10%,3256,0.1,1445.0,1371.0,0.8238312428734321,0.8344491783323189,0.4437960687960688,49088.05937199798,0.8401420780906461,46898.310669360726,0.8454324553050315,0.12795945480087406,0.036637772,0.8409598916402906,0.8832069933414459,743.0,,,,,,,,,,,,,,
alpha_path_prob_a005_eps1em4,0.05,0.0001,fixed,5000,5000,0.15356265356265356,1709.0,1622.0,0.9743443557582668,0.9872185027388922,0.3418,57416.66935579983,0.9826862281123785,55019.23890378875,0.9918278413775172,0.11973617655082662,0.032567922,0.6794572743147612,0.7344274520874023,743.0,,,,,,,,,,,,,,
alpha_path_prob_a005_eps1em4,0.05,0.0001,fixed,10000,10000,0.3071253071253071,1735.0,1638.0,0.9891676168757126,0.996956786366403,0.1735,57943.70694414486,0.9917064758135264,55397.384215625425,0.9986446395709974,0.11942739202839679,0.032567922,0.3983659987542778,0.24626083672046656,743.0,,,,,,,,,,,,,,
alpha_path_prob_a005_eps1em6,0.05,1e-06,fixed,100,100,0.003071253071253071,66.0,63.0,0.037628278221208664,0.03834449178332319,0.66,2710.927428063686,0.046397519724839235,2516.694183221238,0.04536826406335085,0.7315910282000001,0.6986891,0.9870560067892075,0.993908554315567,0.0,,,,,,,,,,,,,,
alpha_path_prob_a005_eps1em6,0.05,1e-06,percent,0.5%,163,0.005006142506142506,111.0,107.0,0.06328392246294184,0.06512477175897748,0.6809815950920245,4589.961047393754,0.07855717789716224,4361.84623069501,0.0786306866035724,0.5857492045398773,0.57246214,0.9858959726760724,0.9964396357536316,0.0,,,,,,,,,,,,,,
alpha_path_prob_a005_eps1em6,0.05,1e-06,percent,1%,326,0.010012285012285013,208.0,201.0,0.11858608893956671,0.12233718807060255,0.6380368098159509,8492.726042640801,0.14535299617464548,8120.222415449057,0.14638266232478836,0.40136844022699386,0.2666303,0.9839825198694241,0.9957742691040039,0.0,,,,,,,,,,,,,,
alpha_path_prob_a005_eps1em6,0.05,1e-06,fixed,500,500,0.015356265356265357,322.0,312.0,0.18358038768529075,0.1898965307364577,0.644,12863.9431108411,0.22016637112664098,12406.761438137317,0.2236557913349503,0.31090322139800003,0.16112705,0.9810707169771195,0.9939973652362823,22.0,,,,,,,,,,,,,,
alpha_path_prob_a005_eps1em6,0.05,1e-06,percent,2%,651,0.019993857493857493,405.0,392.0,0.23090079817559864,0.23858794887401097,0.6221198156682027,16027.950285442603,0.2743183501775746,15387.273800047247,0.27738527216767345,0.2621867879953917,0.12083286,0.9788099947612956,0.9921196699142456,78.0,,,,,,,,,,,,,,
alpha_path_prob_a005_eps1em6,0.05,1e-06,fixed,1000,1000,0.030712530712530713,622.0,601.0,0.35461801596351195,0.36579427875836884,0.622,23777.048451403098,0.40694415612239576,22781.39079310723,0.41067848454641626,0.202160140423,0.09075098,0.9716497178077698,0.989609271287918,246.0,,,,,,,,,,,,,,
alpha_path_prob_a005_eps1em6,0.05,1e-06,percent,5%,1628,0.05,961.0,926.0,0.5478905359179019,0.563603164942179,0.5902948402948403,35321.63561334589,0.6045297517441695,33921.012967496084,0.6114916479983081,0.15545917243470514,0.050783757,0.9531575646022614,0.9764055013656616,510.0,,,,,,,,,,,,,,
alpha_path_prob_a005_eps1em6,0.05,1e-06,fixed,2000,2000,0.06142506142506143,1102.0,1059.0,0.6282782212086659,0.6445526475958613,0.551,39524.87196981508,0.6764681370135738,37961.522528446905,0.6843296216916721,0.14557705764492498,0.04603438,0.9341620533466339,0.9620042741298676,622.0,,,,,,,,,,,,,,
alpha_path_prob_a005_eps1em6,0.05,1e-06,percent,10%,3256,0.1,1445.0,1371.0,0.8238312428734321,0.8344491783323189,0.4437960687960688,49088.05937199798,0.8401420780906462,46898.310669360726,0.8454324553050315,0.12812884368420116,0.036637772,0.840801850574535,0.8832069933414459,743.0,,,,,,,,,,,,,,
alpha_path_prob_a005_eps1em6,0.05,1e-06,fixed,5000,5000,0.15356265356265356,1709.0,1622.0,0.9743443557582668,0.9872185027388922,0.3418,57416.66935579983,0.9826862281123786,55019.23890378875,0.9918278413775172,0.11978042903611522,0.032567922,0.6794185487627983,0.7344274520874023,743.0,,,,,,,,,,,,,,
alpha_path_prob_a005_eps1em6,0.05,1e-06,fixed,10000,10000,0.3071253071253071,1735.0,1638.0,0.9891676168757126,0.996956786366403,0.1735,57943.70694414486,0.9917064758135266,55397.384215625425,0.9986446395709974,0.1194843382003221,0.032567922,0.39835607309900223,0.24626083672046656,743.0,,,,,,,,,,,,,,
alpha_path_prob_a01_eps0,0.1,0.0,fixed,100,100,0.003071253071253071,64.0,61.0,0.036488027366020526,0.03712720632988436,0.64,2597.8427558367753,0.04446207569343161,2403.609510994328,0.043329694854063294,0.7537871185999999,0.6986891,0.9845230919122696,0.992580771446228,0.0,,,,,,,,,,,,,,
alpha_path_prob_a01_eps0,0.1,0.0,percent,0.5%,163,0.005006142506142506,102.0,97.0,0.05815279361459521,0.05903834449178332,0.6257668711656442,4020.261403605391,0.06880676916756213,3760.6317948587953,0.06779263744147518,0.6495420121472393,0.67878693,0.976139805799613,0.9891324639320374,0.0,,,,,,,,,,,,,,
alpha_path_prob_a01_eps0,0.1,0.0,percent,1%,326,0.010012285012285013,198.0,191.0,0.11288483466362599,0.1162507608034084,0.6073619631901841,7720.132192108942,0.13213005333661262,7407.339329898157,0.13353157048884143,0.46604746277607356,0.32952484,0.9695533804732598,0.9892559051513672,0.0,,,,,,,,,,,,,,
alpha_path_prob_a01_eps0,0.1,0.0,fixed,500,500,0.015356265356265357,299.0,289.0,0.17046750285062715,0.17589774802191113,0.598,11391.67069746121,0.1949684305130402,10934.489024757426,0.1971152429962911,0.36971596288399994,0.20191686,0.9645442662239074,0.9871230721473694,0.0,,,,,,,,,,,,,,
alpha_path_prob_a01_eps0,0.1,0.0,percent,2%,651,0.019993857493857493,384.0,372.0,0.21892816419612315,0.22641509433962265,0.5898617511520737,14750.224650503495,0.25245007744687886,14251.490258005764,0.2569105843817335,0.3231833955652842,0.17972817,0.9582078149241786,0.9822211861610411,21.0,,,,,,,,,,,,,,
alpha_path_prob_a01_eps0,0.1,0.0,fixed,1000,1000,0.030712530712530713,583.0,558.0,0.33238312428734323,0.33962264150943394,0.583,21699.42312807071,0.3713856011709662,20656.04334803205,0.3723649998340536,0.252186528036,0.116352237,0.9486471413373947,0.9784119427204132,150.0,,,,,,,,,,,,,,
alpha_path_prob_a01_eps0,0.1,0.0,percent,5%,1628,0.05,889.0,849.0,0.5068415051311288,0.516737674984784,0.5460687960687961,31994.47919168086,0.5475854735227156,30495.198969250217,0.5497347467663084,0.18878168760503686,0.07876862,0.9275280015694128,0.9629544317722321,401.0,,,,,,,,,,,,,,
alpha_path_prob_a01_eps0,0.1,0.0,fixed,2000,2000,0.06142506142506143,1038.0,990.0,0.5917901938426454,0.6025562994522216,0.519,36966.93671062583,0.632689078078062,35311.02195330812,0.6365492394765204,0.16561208954325,0.063076794,0.9142934277951718,0.9515822529792786,527.0,,,,,,,,,,,,,,
alpha_path_prob_a01_eps0,0.1,0.0,percent,10%,3256,0.1,1442.0,1369.0,0.82212086659065,0.8332318928788801,0.4428746928746929,49037.23240368506,0.8392721745880882,46881.3652729041,0.8451269818683987,0.13697922841736793,0.04022594,0.8331663335515621,0.8809172213077545,731.0,,,,,,,,,,,,,,
alpha_path_prob_a01_eps0,0.1,0.0,fixed,5000,5000,0.15356265356265356,1708.0,1621.0,0.9737742303306728,0.9866098600121729,0.3416,57305.213341616334,0.9807786585614574,54907.78288960525,0.989818631869013,0.1259882205151006,0.036538277,0.677752044531703,0.7344274520874023,743.0,,,,,,,,,,,,,,
alpha_path_prob_a01_eps0,0.1,0.0,fixed,10000,10000,0.3071253071253071,1735.0,1638.0,0.9891676168757126,0.996956786366403,0.1735,57943.70694414486,0.9917064758135263,55397.384215625425,0.9986446395709974,0.1260260556410394,0.036538277,0.3979598862353712,0.24626083672046656,743.0,,,,,,,,,,,,,,
alpha_path_prob_a01_eps1em2,0.1,0.01,fixed,100,100,0.003071253071253071,64.0,61.0,0.036488027366020526,0.03712720632988436,0.64,2631.6162606947246,0.045040109189128305,2437.3830158522774,0.04393852738403684,0.7530954222000001,0.6986891,0.9846469336748123,0.992580771446228,0.0,,,,,,,,,,,,,,
alpha_path_prob_a01_eps1em2,0.1,0.01,percent,0.5%,163,0.005006142506142506,103.0,98.0,0.05872291904218928,0.05964698721850274,0.6319018404907976,4101.62063000269,0.07019923223112066,3841.9910212560935,0.06925929433280162,0.6482689976687116,0.67878693,0.9765068800902805,0.989379346370697,0.0,,,,,,,,,,,,,,
alpha_path_prob_a01_eps1em2,0.1,0.01,percent,1%,326,0.010012285012285013,198.0,191.0,0.11288483466362599,0.1162507608034084,0.6073619631901841,7762.867293412033,0.13286146454486822,7450.0744312012475,0.1343019530699348,0.4642200061809816,0.32952484,0.9702990561540873,0.9901489913463593,0.0,,,,,,,,,,,,,,
alpha_path_prob_a01_eps1em2,0.1,0.01,fixed,500,500,0.015356265356265357,300.0,290.0,0.17103762827822122,0.17650639074863056,0.6,11458.74053610958,0.19611633072217727,11001.558863405795,0.19832430612790722,0.366008488264,0.20191686,0.9661071118116379,0.9887183010578156,0.0,,,,,,,,,,,,,,
alpha_path_prob_a01_eps1em2,0.1,0.01,percent,2%,651,0.019993857493857493,387.0,375.0,0.22063854047890535,0.2282410225197809,0.5944700460829493,14903.76292976602,0.25507788491485284,14405.02853726829,0.25967840783992535,0.3152803508387097,0.1703118,0.961543109559793,0.9848670363426208,27.0,,,,,,,,,,,,,,
alpha_path_prob_a01_eps1em2,0.1,0.01,fixed,1000,1000,0.030712530712530713,591.0,566.0,0.3369441277080958,0.3444917833231893,0.591,22138.05523108568,0.3788927890952558,21056.90887588779,0.37959137371885193,0.24467731568099998,0.10798508,0.9539544165730477,0.9809449911117554,171.0,,,,,,,,,,,,,,
alpha_path_prob_a01_eps1em2,0.1,0.01,percent,5%,1628,0.05,939.0,902.0,0.5353477765108324,0.548995739500913,0.5767813267813268,34760.92734067904,0.5949332303206792,33324.84829945868,0.6007446306351806,0.17685709553480958,0.067005195,0.9450685560556829,0.9768081307411194,477.0,,,,,,,,,,,,,,
alpha_path_prob_a01_eps1em2,0.1,0.01,fixed,2000,2000,0.06142506142506143,1110.0,1070.0,0.6328392246294184,0.6512477175897748,0.555,39862.15439340751,0.6822407252944224,38362.874170976866,0.6915647587305526,0.15490518177841148,0.04871154,0.9333899354040622,0.9661130011081696,622.0,,,,,,,,,,,,,,
alpha_path_prob_a01_eps1em2,0.1,0.01,percent,10%,3256,0.1,1444.0,1371.0,0.8232611174458381,0.8344491783323189,0.44348894348894347,49193.165337403196,0.8419409665642378,47037.298206622225,0.8479379735893086,0.1331629140717024,0.039674986,0.839523407802242,0.8832069933414459,743.0,,,,,,,,,,,,,,
alpha_path_prob_a01_eps1em2,0.1,0.01,fixed,5000,5000,0.15356265356265356,1710.0,1623.0,0.9749144811858609,0.9878271454656117,0.342,57372.97648532892,0.9819384246859488,54975.54603331785,0.9910401931608903,0.12327212391648,0.033637274,0.679122631263733,0.7344274520874023,743.0,,,,,,,,,,,,,,
alpha_path_prob_a01_eps1em2,0.1,0.01,fixed,10000,10000,0.3071253071253071,1735.0,1638.0,0.9891676168757126,0.996956786366403,0.1735,57943.706944144855,0.9917064758135266,55397.384215625425,0.9986446395709974,0.1230638412634252,0.03459717,0.39829027262292804,0.24626083672046656,743.0,,,,,,,,,,,,,,
alpha_path_prob_a01_eps1em3,0.1,0.001,fixed,100,100,0.003071253071253071,64.0,61.0,0.036488027366020526,0.03712720632988436,0.64,2597.8427558367753,0.044462075693431614,2403.609510994328,0.043329694854063294,0.7537871186000001,0.6986891,0.9845230919122696,0.992580771446228,0.0,,,,,,,,,,,,,,
alpha_path_prob_a01_eps1em3,0.1,0.001,percent,0.5%,163,0.005006142506142506,102.0,97.0,0.05815279361459521,0.05903834449178332,0.6257668711656442,4020.261403605391,0.06880676916756215,3760.6317948587953,0.06779263744147518,0.6495420121472393,0.67878693,0.976139805799613,0.9891324639320374,0.0,,,,,,,,,,,,,,
alpha_path_prob_a01_eps1em3,0.1,0.001,percent,1%,326,0.010012285012285013,198.0,191.0,0.11288483466362599,0.1162507608034084,0.6073619631901841,7715.2343876212935,0.13204622741859964,7402.441525410509,0.13344327812149392,0.46589240598159504,0.32952484,0.9696696651128173,0.9895508885383606,0.0,,,,,,,,,,,,,,
alpha_path_prob_a01_eps1em3,0.1,0.001,fixed,500,500,0.015356265356265357,299.0,289.0,0.17046750285062715,0.17589774802191113,0.598,11429.437272620438,0.1956148054022203,10972.255599916652,0.19779605831585412,0.36963828910400004,0.20191686,0.9646336660385132,0.9873344302177429,0.0,,,,,,,,,,,,,,
alpha_path_prob_a01_eps1em3,0.1,0.001,percent,2%,651,0.019993857493857493,386.0,374.0,0.22006841505131128,0.22763237979306147,0.5929339477726574,14802.511738656212,0.2533449708987678,14303.77734615848,0.25785315993907826,0.3228011552672811,0.17972817,0.9585226628637533,0.9823947548866272,23.0,,,,,,,,,,,,,,
alpha_path_prob_a01_eps1em3,0.1,0.001,fixed,1000,1000,0.030712530712530713,584.0,559.0,0.3329532497149373,0.3402312842361534,0.584,21725.093228663223,0.37182494491224466,20681.713448624563,0.37282775288127656,0.251057004343,0.11417961,0.9491131396889687,0.9784643352031708,151.0,,,,,,,,,,,,,,
alpha_path_prob_a01_eps1em3,0.1,0.001,percent,5%,1628,0.05,896.0,857.0,0.5108323831242874,0.5216068167985393,0.5503685503685504,32412.671204476224,0.554742829327073,30934.167341942557,0.5576479978798287,0.18756441560036857,0.073218614,0.9297424960121768,0.9650614559650421,410.0,,,,,,,,,,,,,,
alpha_path_prob_a01_eps1em3,0.1,0.001,fixed,2000,2000,0.06142506142506143,1048.0,1002.0,0.5974914481185861,0.6098600121728546,0.524,37467.42044105975,0.6412548565324692,35846.96614290468,0.6462106666292282,0.16339037363105002,0.06088138,0.9175005387067795,0.9538276791572571,541.0,,,,,,,,,,,,,,
alpha_path_prob_a01_eps1em3,0.1,0.001,percent,10%,3256,0.1,1446.0,1373.0,0.8244013683010262,0.8356664637857577,0.4441031941031941,49238.465480370585,0.8427162784575437,47082.59834958962,0.8487545959910109,0.13502546923062625,0.040180307,0.8375130495472973,0.8832069933414459,743.0,,,,,,,,,,,,,,
alpha_path_prob_a01_eps1em3,0.1,0.001,fixed,5000,5000,0.15356265356265356,1710.0,1623.0,0.9749144811858609,0.9878271454656117,0.342,57372.97648532894,0.9819384246859488,54975.54603331785,0.9910401931608903,0.12554322907050922,0.03459717,0.6784591907024383,0.7344274520874023,743.0,,,,,,,,,,,,,,
alpha_path_prob_a01_eps1em3,0.1,0.001,fixed,10000,10000,0.3071253071253071,1735.0,1638.0,0.9891676168757126,0.996956786366403,0.1735,57943.70694414487,0.9917064758135266,55397.38421562543,0.9986446395709975,0.1253678714375031,0.036538277,0.39811042508557437,0.24626083672046656,743.0,,,,,,,,,,,,,,
alpha_path_prob_a01_eps1em4,0.1,0.0001,fixed,100,100,0.003071253071253071,64.0,61.0,0.036488027366020526,0.03712720632988436,0.64,2597.8427558367753,0.044462075693431614,2403.609510994328,0.043329694854063294,0.7537871185999999,0.6986891,0.9845230919122696,0.992580771446228,0.0,,,,,,,,,,,,,,
alpha_path_prob_a01_eps1em4,0.1,0.0001,percent,0.5%,163,0.005006142506142506,102.0,97.0,0.05815279361459521,0.05903834449178332,0.6257668711656442,4020.261403605391,0.06880676916756215,3760.6317948587953,0.06779263744147519,0.6495420121472393,0.67878693,0.976139805799613,0.9891324639320374,0.0,,,,,,,,,,,,,,
alpha_path_prob_a01_eps1em4,0.1,0.0001,percent,1%,326,0.010012285012285013,198.0,191.0,0.11288483466362599,0.1162507608034084,0.6073619631901841,7720.132192108942,0.13213005333661265,7407.339329898157,0.13353157048884146,0.46604746277607356,0.32952484,0.9695533804732598,0.9892559051513672,0.0,,,,,,,,,,,,,,
alpha_path_prob_a01_eps1em4,0.1,0.0001,fixed,500,500,0.015356265356265357,299.0,289.0,0.17046750285062715,0.17589774802191113,0.598,11391.67069746121,0.19496843051304022,10934.489024757426,0.19711524299629113,0.36971596288399994,0.20191686,0.9645442662239074,0.9871230721473694,0.0,,,,,,,,,,,,,,
alpha_path_prob_a01_eps1em4,0.1,0.0001,percent,2%,651,0.019993857493857493,384.0,372.0,0.21892816419612315,0.22641509433962265,0.5898617511520737,14750.224650503495,0.2524500774468789,14251.490258005764,0.25691058438173353,0.3231833955652842,0.17972817,0.9582078149241786,0.9822211861610411,21.0,,,,,,,,,,,,,,
alpha_path_prob_a01_eps1em4,0.1,0.0001,fixed,1000,1000,0.030712530712530713,583.0,558.0,0.33238312428734323,0.33962264150943394,0.583,21699.42312807071,0.37138560117096625,20656.04334803205,0.37236499983405363,0.25200583346600003,0.11417961,0.9488487389683723,0.9784643352031708,150.0,,,,,,,,,,,,,,
alpha_path_prob_a01_eps1em4,0.1,0.0001,percent,5%,1628,0.05,890.0,850.0,0.507411630558723,0.5173463177115033,0.5466830466830467,32074.962252766687,0.5489629410180046,30575.682030336044,0.5511856090889189,0.18871011396928747,0.07876862,0.9277831510771112,0.9630668759346008,402.0,,,,,,,,,,,,,,
alpha_path_prob_a01_eps1em4,0.1,0.0001,fixed,2000,2000,0.06142506142506143,1041.0,993.0,0.5935005701254276,0.6043822276323798,0.5205,37100.583025175845,0.6349764345935094,35444.66826785814,0.638958471925192,0.16540185025065,0.063076794,0.9148869759440422,0.9520936608314514,530.0,,,,,,,,,,,,,,
alpha_path_prob_a01_eps1em4,0.1,0.0001,percent,10%,3256,0.1,1444.0,1371.0,0.8232611174458381,0.8344491783323189,0.44348894348894347,49148.891326988836,0.8411832169283628,46993.02419620787,0.8471398492049423,0.13618084018783905,0.04022594,0.8355210599665707,0.8832069933414459,739.0,,,,,,,,,,,,,,
alpha_path_prob_a01_eps1em4,0.1,0.0001,fixed,5000,5000,0.15356265356265356,1709.0,1622.0,0.9743443557582668,0.9872185027388922,0.3418,57339.094913472625,0.9813585416237031,54941.66446146155,0.9904294125149518,0.12571019604531639,0.036538277,0.678141743439436,0.7344274520874023,743.0,,,,,,,,,,,,,,
alpha_path_prob_a01_eps1em4,0.1,0.0001,fixed,10000,10000,0.3071253071253071,1735.0,1638.0,0.9891676168757126,0.996956786366403,0.1735,57943.706944144855,0.9917064758135263,55397.384215625425,0.9986446395709975,0.1259602770278849,0.036538277,0.3980004605166614,0.24626083672046656,743.0,,,,,,,,,,,,,,
alpha_path_prob_a01_eps1em6,0.1,1e-06,fixed,100,100,0.003071253071253071,64.0,61.0,0.036488027366020526,0.03712720632988436,0.64,2597.8427558367753,0.04446207569343161,2403.609510994328,0.043329694854063294,0.7537871185999999,0.6986891,0.9845230919122696,0.992580771446228,0.0,,,,,,,,,,,,,,
alpha_path_prob_a01_eps1em6,0.1,1e-06,percent,0.5%,163,0.005006142506142506,102.0,97.0,0.05815279361459521,0.05903834449178332,0.6257668711656442,4020.261403605391,0.06880676916756213,3760.6317948587953,0.06779263744147518,0.6495420121472393,0.67878693,0.976139805799613,0.9891324639320374,0.0,,,,,,,,,,,,,,
alpha_path_prob_a01_eps1em6,0.1,1e-06,percent,1%,326,0.010012285012285013,198.0,191.0,0.11288483466362599,0.1162507608034084,0.6073619631901841,7720.132192108942,0.13213005333661262,7407.339329898157,0.13353157048884143,0.46604746277607356,0.32952484,0.9695533804732598,0.9892559051513672,0.0,,,,,,,,,,,,,,
alpha_path_prob_a01_eps1em6,0.1,1e-06,fixed,500,500,0.015356265356265357,299.0,289.0,0.17046750285062715,0.17589774802191113,0.598,11391.67069746121,0.1949684305130402,10934.489024757426,0.1971152429962911,0.36971596288399994,0.20191686,0.9645442662239074,0.9871230721473694,0.0,,,,,,,,,,,,,,
alpha_path_prob_a01_eps1em6,0.1,1e-06,percent,2%,651,0.019993857493857493,384.0,372.0,0.21892816419612315,0.22641509433962265,0.5898617511520737,14750.224650503495,0.25245007744687886,14251.490258005764,0.2569105843817335,0.3231833955652842,0.17972817,0.9582078149241786,0.9822211861610411,21.0,,,,,,,,,,,,,,
alpha_path_prob_a01_eps1em6,0.1,1e-06,fixed,1000,1000,0.030712530712530713,583.0,558.0,0.33238312428734323,0.33962264150943394,0.583,21699.42312807071,0.3713856011709662,20656.04334803205,0.3723649998340536,0.252186528036,0.116352237,0.9486471413373947,0.9784119427204132,150.0,,,,,,,,,,,,,,
alpha_path_prob_a01_eps1em6,0.1,1e-06,percent,5%,1628,0.05,889.0,849.0,0.5068415051311288,0.516737674984784,0.5460687960687961,31994.47919168086,0.5475854735227156,30495.198969250217,0.5497347467663084,0.18878168760503686,0.07876862,0.9275280015694128,0.9629544317722321,401.0,,,,,,,,,,,,,,
alpha_path_prob_a01_eps1em6,0.1,1e-06,fixed,2000,2000,0.06142506142506143,1038.0,990.0,0.5917901938426454,0.6025562994522216,0.519,36966.93671062583,0.632689078078062,35311.02195330812,0.6365492394765204,0.16561208954325,0.063076794,0.9142934277951718,0.9515822529792786,527.0,,,,,,,,,,,,,,
alpha_path_prob_a01_eps1em6,0.1,1e-06,percent,10%,3256,0.1,1442.0,1369.0,0.82212086659065,0.8332318928788801,0.4428746928746929,49037.23240368506,0.8392721745880882,46881.3652729041,0.8451269818683987,0.13697922841736793,0.04022594,0.8331663335515621,0.8809172213077545,731.0,,,,,,,,,,,,,,
alpha_path_prob_a01_eps1em6,0.1,1e-06,fixed,5000,5000,0.15356265356265356,1708.0,1621.0,0.9737742303306728,0.9866098600121729,0.3416,57305.213341616334,0.9807786585614574,54907.78288960525,0.989818631869013,0.1259882205151006,0.036538277,0.677752044531703,0.7344274520874023,743.0,,,,,,,,,,,,,,
alpha_path_prob_a01_eps1em6,0.1,1e-06,fixed,10000,10000,0.3071253071253071,1735.0,1638.0,0.9891676168757126,0.996956786366403,0.1735,57943.70694414486,0.9917064758135263,55397.384215625425,0.9986446395709974,0.1260260556410394,0.036538277,0.3979598862353712,0.24626083672046656,743.0,,,,,,,,,,,,,,
alpha_path_prob_a025_eps0,0.25,0.0,fixed,100,100,0.003071253071253071,62.0,60.0,0.03534777651083238,0.036518563603164945,0.62,2422.9061791407535,0.04146803639019327,2310.0321606956045,0.04164278272663618,0.8084139746,0.8333731,0.9721825551986695,0.9857374131679535,0.0,,,,,,,,,,,,,,
alpha_path_prob_a025_eps0,0.25,0.0,percent,0.5%,163,0.005006142506142506,90.0,84.0,0.05131128848346636,0.05112598904443092,0.5521472392638037,3395.0722306117955,0.05810665721124725,3113.794160448861,0.05613214217762002,0.7548133747239264,0.6986891,0.9479287142402555,0.9711035490036012,0.0,,,,,,,,,,,,,,
alpha_path_prob_a025_eps0,0.25,0.0,percent,1%,326,0.010012285012285013,174.0,165.0,0.09920182440136831,0.10042604990870359,0.5337423312883436,6392.610834145583,0.10940952686525507,6055.095944923029,0.10915477676615416,0.5973628853067484,0.58190414,0.920937326239662,0.9652899205684662,0.0,,,,,,,,,,,,,,
alpha_path_prob_a025_eps0,0.25,0.0,fixed,500,500,0.015356265356265357,264.0,253.0,0.15051311288483465,0.15398660986001217,0.528,9626.724030450823,0.16476137039472713,9236.922053075552,0.1665133259457617,0.47840740895,0.44212142,0.9140232290029526,0.9605904817581177,0.0,,,,,,,,,,,,,,
alpha_path_prob_a025_eps0,0.25,0.0,percent,2%,651,0.019993857493857493,333.0,317.0,0.18985176738882553,0.1929397443700548,0.511520737327189,12213.122106734678,0.20902757041114722,11614.562307731361,0.2093748748936002,0.4106320269708141,0.2666303,0.9109586116538803,0.9587399959564208,0.0,,,,,,,,,,,,,,
alpha_path_prob_a025_eps0,0.25,0.0,fixed,1000,1000,0.030712530712530713,498.0,478.0,0.2839224629418472,0.2909312233718807,0.498,17862.829614180067,0.3057223077186306,17153.701912728182,0.309228544027769,0.320268352817,0.17972817,0.897296450316906,0.947818249464035,27.0,,,,,,,,,,,,,,
alpha_path_prob_a025_eps0,0.25,0.0,percent,5%,1628,0.05,804.0,754.0,0.4583808437856328,0.45891661594643945,0.49385749385749383,28231.49400938664,0.48318198657858924,26542.810638466246,0.4784853281172764,0.2404052187972973,0.106764235,0.8753974450344828,0.9383802115917206,258.0,,,,,,,,,,,,,,
alpha_path_prob_a025_eps0,0.25,0.0,fixed,2000,2000,0.06142506142506143,966.0,908.0,0.5507411630558723,0.5526475958612295,0.483,33743.97555737186,0.577528101752222,31878.092047022285,0.5746640602848225,0.212387111789,0.09838626,0.8606416824907065,0.9292486906051636,374.0,,,,,,,,,,,,,,
alpha_path_prob_a025_eps0,0.25,0.0,percent,10%,3256,0.1,1368.0,1293.0,0.7799315849486887,0.7869750456482045,0.4201474201474201,46504.252638435166,0.7959202289018317,44283.203330463046,0.7982901044003777,0.1694377767007678,0.063076794,0.7849376377963098,0.8400554656982422,609.0,,,,,,,,,,,,,,
alpha_path_prob_a025_eps0,0.25,0.0,fixed,5000,5000,0.15356265356265356,1665.0,1579.0,0.9492588369441277,0.9610468654899574,0.333,55895.61364499038,0.9566533614209716,53504.10560612553,0.964514642977075,0.151295275812866,0.043734573,0.6603204867765308,0.7222075760364532,731.0,,,,,,,,,,,,,,
alpha_path_prob_a025_eps0,0.25,0.0,fixed,10000,10000,0.3071253071253071,1735.0,1638.0,0.9891676168757126,0.996956786366403,0.1735,57928.17187024943,0.9914405930421811,55381.84914173001,0.9983645899171977,0.14489274237431218,0.04159362,0.3952626496968791,0.24597983062267298,743.0,,,,,,,,,,,,,,
alpha_path_prob_a025_eps1em2,0.25,0.01,fixed,100,100,0.003071253071253071,62.0,60.0,0.03534777651083238,0.036518563603164945,0.62,2422.9061791407535,0.041468036390193266,2310.0321606956045,0.04164278272663618,0.8084139746,0.8333731,0.9721825551986695,0.9857374131679535,0.0,,,,,,,,,,,,,,
alpha_path_prob_a025_eps1em2,0.25,0.01,percent,0.5%,163,0.005006142506142506,91.0,85.0,0.05188141391106044,0.051734631771150334,0.558282208588957,3453.6111018758893,0.05910854992369274,3172.333031712955,0.05718741817705854,0.7495795688957055,0.6986891,0.9501820777091512,0.97225821018219,0.0,,,,,,,,,,,,,,
alpha_path_prob_a025_eps1em2,0.25,0.01,percent,1%,326,0.010012285012285013,175.0,166.0,0.09977194982896237,0.101034692635423,0.5368098159509203,6468.931876715507,0.11071576141856719,6131.416987492954,0.11053061068192646,0.5940104621779141,0.57246214,0.9231194224825666,0.9679269790649414,0.0,,,,,,,,,,,,,,
alpha_path_prob_a025_eps1em2,0.25,0.01,fixed,500,500,0.015356265356265357,265.0,253.0,0.15108323831242873,0.15398660986001217,0.53,9717.949587479634,0.16632269569537408,9246.788383707064,0.16669118557463958,0.47576886857000006,0.44212142,0.9164027384519577,0.9638225734233856,0.0,,,,,,,,,,,,,,
alpha_path_prob_a025_eps1em2,0.25,0.01,percent,2%,651,0.019993857493857493,334.0,318.0,0.1904218928164196,0.1935483870967742,0.5130568356374808,12213.568806902826,0.2090352156839967,11615.009007899509,0.20938292752523135,0.4084153711336405,0.2666303,0.9127644940455388,0.9598987698554992,0.0,,,,,,,,,,,,,,
alpha_path_prob_a025_eps1em2,0.25,0.01,fixed,1000,1000,0.030712530712530713,512.0,492.0,0.2919042189281642,0.2994522215459525,0.512,18492.185282162707,0.3164937292317549,17783.05758071082,0.3205738931469285,0.311085035359,0.1703118,0.9061114049851894,0.9528911113739014,45.0,,,,,,,,,,,,,,
alpha_path_prob_a025_eps1em2,0.25,0.01,percent,5%,1628,0.05,835.0,789.0,0.47605473204104903,0.480219111381619,0.5128992628992629,29777.846755000115,0.5096478119907459,28174.881064433597,0.5079065436741461,0.2315813615423833,0.10495003,0.8900099889688762,0.9476477801799774,305.0,,,,,,,,,,,,,,
alpha_path_prob_a025_eps1em2,0.25,0.01,fixed,2000,2000,0.06142506142506143,1002.0,948.0,0.5712656784492588,0.5769933049300061,0.501,35316.520223084415,0.6044422018458947,33533.33506561888,0.6045030064934517,0.2014341054316,0.08018608,0.8817103125602007,0.9454925358295441,436.0,,,,,,,,,,,,,,
alpha_path_prob_a025_eps1em2,0.25,0.01,percent,10%,3256,0.1,1455.0,1383.0,0.8295324971493728,0.8417528910529519,0.44686732186732187,49556.96353794186,0.8481673723361582,47421.86870326576,0.8548705981247086,0.15263180394349662,0.045833637499999996,0.8272879239382264,0.8832069933414459,743.0,,,,,,,,,,,,,,
alpha_path_prob_a025_eps1em2,0.25,0.01,fixed,5000,5000,0.15356265356265356,1710.0,1624.0,0.9749144811858609,0.9884357881923311,0.342,57354.38949003271,0.9816203082834385,54964.231226839634,0.9908362219626606,0.1402134451253212,0.039899442,0.6749814016342163,0.7344274520874023,743.0,,,,,,,,,,,,,,
alpha_path_prob_a025_eps1em2,0.25,0.01,fixed,10000,10000,0.3071253071253071,1736.0,1639.0,0.9897377423033067,0.9975654290931223,0.1736,57962.05344210573,0.9920204761044266,55415.7307135863,0.9989753705631362,0.13709138083639108,0.039899442,0.3973842538241297,0.24626083672046656,743.0,,,,,,,,,,,,,,
alpha_path_prob_a025_eps1em3,0.25,0.001,fixed,100,100,0.003071253071253071,62.0,60.0,0.03534777651083238,0.036518563603164945,0.62,2422.9061791407535,0.04146803639019327,2310.0321606956045,0.04164278272663618,0.8084139746,0.8333731,0.9721825551986695,0.9857374131679535,0.0,,,,,,,,,,,,,,
alpha_path_prob_a025_eps1em3,0.25,0.001,percent,0.5%,163,0.005006142506142506,90.0,84.0,0.05131128848346636,0.05112598904443092,0.5521472392638037,3395.0722306117955,0.05810665721124725,3113.794160448861,0.05613214217762002,0.7548133747239264,0.6986891,0.9479287142402555,0.9711035490036012,0.0,,,,,,,,,,,,,,
alpha_path_prob_a025_eps1em3,0.25,0.001,percent,1%,326,0.010012285012285013,174.0,165.0,0.09920182440136831,0.10042604990870359,0.5337423312883436,6392.610834145583,0.10940952686525507,6055.095944923029,0.10915477676615416,0.5973628853067484,0.58190414,0.920937326239662,0.9652899205684662,0.0,,,,,,,,,,,,,,
alpha_path_prob_a025_eps1em3,0.25,0.001,fixed,500,500,0.015356265356265357,265.0,253.0,0.15108323831242873,0.15398660986001217,0.53,9708.083256848122,0.16615383345828563,9236.922053075552,0.1665133259457617,0.47840062851000004,0.44212142,0.9140389896631241,0.9605904817581177,0.0,,,,,,,,,,,,,,
alpha_path_prob_a025_eps1em3,0.25,0.001,percent,2%,651,0.019993857493857493,333.0,317.0,0.18985176738882553,0.1929397443700548,0.511520737327189,12213.122106734678,0.20902757041114722,11614.562307731361,0.2093748748936002,0.4106320269708141,0.2666303,0.9109586116538803,0.9587399959564208,0.0,,,,,,,,,,,,,,
alpha_path_prob_a025_eps1em3,0.25,0.001,fixed,1000,1000,0.030712530712530713,499.0,479.0,0.2844925883694413,0.2915398660986001,0.499,17895.893956188145,0.30628820389299055,17186.766254736263,0.3098245925303263,0.320097779844,0.17972817,0.8977450869083404,0.9478831887245178,28.0,,,,,,,,,,,,,,
alpha_path_prob_a025_eps1em3,0.25,0.001,percent,5%,1628,0.05,804.0,754.0,0.4583808437856328,0.45891661594643945,0.49385749385749383,28329.622516976753,0.4848614558699281,26640.93914605636,0.4802542836281095,0.23957954713452087,0.106764235,0.876807341612967,0.9390171468257904,262.0,,,,,,,,,,,,,,
alpha_path_prob_a025_eps1em3,0.25,0.001,fixed,2000,2000,0.06142506142506143,972.0,916.0,0.5541619156214367,0.5575167376749848,0.486,33975.41714401648,0.5814892242338968,32137.57811858978,0.579341796934004,0.210930856089,0.09829478999999999,0.8632100129723549,0.9311870634555817,385.0,,,,,,,,,,,,,,
alpha_path_prob_a025_eps1em3,0.25,0.001,percent,10%,3256,0.1,1389.0,1314.0,0.7919042189281642,0.7997565429093122,0.4265970515970516,47278.99078539433,0.8091798713706816,45057.94147742221,0.8122562529557045,0.16627794339398033,0.058685966,0.7947363581471786,0.8509481847286224,645.0,,,,,,,,,,,,,,
alpha_path_prob_a025_eps1em3,0.25,0.001,fixed,5000,5000,0.15356265356265356,1680.0,1595.0,0.9578107183580388,0.970785149117468,0.336,56411.2640506273,0.965478717503539,54027.02820058045,0.9739413307757323,0.1483768097389866,0.04159362,0.6676499263629317,0.7344274520874023,743.0,,,,,,,,,,,,,,
alpha_path_prob_a025_eps1em3,0.25,0.001,fixed,10000,10000,0.3071253071253071,1736.0,1639.0,0.9897377423033067,0.9975654290931223,0.1736,57962.05344210574,0.9920204761044268,55415.73071358631,0.9989753705631363,0.1430814052466026,0.04159362,0.3962622361920774,0.24626083672046656,743.0,,,,,,,,,,,,,,
alpha_path_prob_a025_eps1em4,0.25,0.0001,fixed,100,100,0.003071253071253071,62.0,60.0,0.03534777651083238,0.036518563603164945,0.62,2422.9061791407535,0.04146803639019327,2310.0321606956045,0.04164278272663618,0.8084139746,0.8333731,0.9721825551986695,0.9857374131679535,0.0,,,,,,,,,,,,,,
alpha_path_prob_a025_eps1em4,0.25,0.0001,percent,0.5%,163,0.005006142506142506,90.0,84.0,0.05131128848346636,0.05112598904443092,0.5521472392638037,3395.0722306117955,0.05810665721124725,3113.794160448861,0.05613214217762002,0.7548133747239264,0.6986891,0.9479287142402555,0.9711035490036012,0.0,,,,,,,,,,,,,,
alpha_path_prob_a025_eps1em4,0.25,0.0001,percent,1%,326,0.010012285012285013,174.0,165.0,0.09920182440136831,0.10042604990870359,0.5337423312883436,6392.610834145583,0.10940952686525507,6055.095944923029,0.10915477676615416,0.5973628853067484,0.58190414,0.920937326239662,0.9652899205684662,0.0,,,,,,,,,,,,,,
alpha_path_prob_a025_eps1em4,0.25,0.0001,fixed,500,500,0.015356265356265357,264.0,253.0,0.15051311288483465,0.15398660986001217,0.528,9626.724030450823,0.16476137039472713,9236.922053075552,0.1665133259457617,0.47840740895,0.44212142,0.9140232290029526,0.9605904817581177,0.0,,,,,,,,,,,,,,
alpha_path_prob_a025_eps1em4,0.25,0.0001,percent,2%,651,0.019993857493857493,333.0,317.0,0.18985176738882553,0.1929397443700548,0.511520737327189,12213.122106734678,0.20902757041114722,11614.562307731361,0.2093748748936002,0.4106320269708141,0.2666303,0.9109586116538803,0.9587399959564208,0.0,,,,,,,,,,,,,,
alpha_path_prob_a025_eps1em4,0.25,0.0001,fixed,1000,1000,0.030712530712530713,498.0,478.0,0.2839224629418472,0.2909312233718807,0.498,17862.829614180067,0.3057223077186306,17153.701912728182,0.309228544027769,0.32026835281700006,0.17972817,0.897296450316906,0.947818249464035,27.0,,,,,,,,,,,,,,
alpha_path_prob_a025_eps1em4,0.25,0.0001,percent,5%,1628,0.05,804.0,754.0,0.4583808437856328,0.45891661594643945,0.49385749385749383,28231.49400938664,0.48318198657858924,26542.810638466246,0.4784853281172764,0.2404052187972973,0.106764235,0.8753974450344828,0.9383802115917206,258.0,,,,,,,,,,,,,,
alpha_path_prob_a025_eps1em4,0.25,0.0001,fixed,2000,2000,0.06142506142506143,967.0,909.0,0.5513112884834663,0.5532562385879489,0.4835,33775.27616270672,0.578063811575506,31909.39265235715,0.5752283140339044,0.21235902412900004,0.09838626,0.8608211417347192,0.9294770658016204,375.0,,,,,,,,,,,,,,
alpha_path_prob_a025_eps1em4,0.25,0.0001,percent,10%,3256,0.1,1369.0,1294.0,0.7805017103762828,0.7875836883749239,0.42045454545454547,46535.55324377003,0.7964559387251157,44314.50393579791,0.7988543581494595,0.16896554421025797,0.063076794,0.7856687692106136,0.8406744599342346,611.0,,,,,,,,,,,,,,
alpha_path_prob_a025_eps1em4,0.25,0.0001,fixed,5000,5000,0.15356265356265356,1671.0,1585.0,0.9526795895096921,0.9646987218502739,0.3342,56131.05404807003,0.9606829236412021,53739.54600920518,0.9687589100991246,0.1503747168843088,0.043734573,0.6624042582824826,0.7260329127311707,736.0,,,,,,,,,,,,,,
alpha_path_prob_a025_eps1em4,0.25,0.0001,fixed,10000,10000,0.3071253071253071,1736.0,1639.0,0.9897377423033067,0.9975654290931223,0.1736,57962.05344210573,0.9920204761044267,55415.73071358631,0.9989753705631363,0.1445697063206067,0.04159362,0.39558853392899035,0.24626083672046656,743.0,,,,,,,,,,,,,,
alpha_path_prob_a025_eps1em6,0.25,1e-06,fixed,100,100,0.003071253071253071,62.0,60.0,0.03534777651083238,0.036518563603164945,0.62,2422.9061791407535,0.04146803639019327,2310.0321606956045,0.04164278272663618,0.8084139746,0.8333731,0.9721825551986695,0.9857374131679535,0.0,,,,,,,,,,,,,,
alpha_path_prob_a025_eps1em6,0.25,1e-06,percent,0.5%,163,0.005006142506142506,90.0,84.0,0.05131128848346636,0.05112598904443092,0.5521472392638037,3395.0722306117955,0.05810665721124725,3113.794160448861,0.05613214217762002,0.7548133747239264,0.6986891,0.9479287142402555,0.9711035490036012,0.0,,,,,,,,,,,,,,
alpha_path_prob_a025_eps1em6,0.25,1e-06,percent,1%,326,0.010012285012285013,174.0,165.0,0.09920182440136831,0.10042604990870359,0.5337423312883436,6392.610834145583,0.10940952686525507,6055.095944923029,0.10915477676615416,0.5973628853067484,0.58190414,0.920937326239662,0.9652899205684662,0.0,,,,,,,,,,,,,,
alpha_path_prob_a025_eps1em6,0.25,1e-06,fixed,500,500,0.015356265356265357,264.0,253.0,0.15051311288483465,0.15398660986001217,0.528,9626.724030450823,0.16476137039472713,9236.922053075552,0.1665133259457617,0.47840740895,0.44212142,0.9140232290029526,0.9605904817581177,0.0,,,,,,,,,,,,,,
alpha_path_prob_a025_eps1em6,0.25,1e-06,percent,2%,651,0.019993857493857493,333.0,317.0,0.18985176738882553,0.1929397443700548,0.511520737327189,12213.122106734678,0.20902757041114722,11614.562307731361,0.2093748748936002,0.4106320269708141,0.2666303,0.9109586116538803,0.9587399959564208,0.0,,,,,,,,,,,,,,
alpha_path_prob_a025_eps1em6,0.25,1e-06,fixed,1000,1000,0.030712530712530713,498.0,478.0,0.2839224629418472,0.2909312233718807,0.498,17862.829614180067,0.3057223077186306,17153.701912728182,0.309228544027769,0.320268352817,0.17972817,0.897296450316906,0.947818249464035,27.0,,,,,,,,,,,,,,
alpha_path_prob_a025_eps1em6,0.25,1e-06,percent,5%,1628,0.05,804.0,754.0,0.4583808437856328,0.45891661594643945,0.49385749385749383,28231.49400938664,0.48318198657858924,26542.810638466246,0.4784853281172764,0.2404052187972973,0.106764235,0.8753974450344828,0.9383802115917206,258.0,,,,,,,,,,,,,,
alpha_path_prob_a025_eps1em6,0.25,1e-06,fixed,2000,2000,0.06142506142506143,966.0,908.0,0.5507411630558723,0.5526475958612295,0.483,33743.97555737186,0.577528101752222,31878.092047022285,0.5746640602848225,0.212387111789,0.09838626,0.8606416824907065,0.9292486906051636,374.0,,,,,,,,,,,,,,
alpha_path_prob_a025_eps1em6,0.25,1e-06,percent,10%,3256,0.1,1368.0,1293.0,0.7799315849486887,0.7869750456482045,0.4201474201474201,46504.252638435166,0.7959202289018317,44283.203330463046,0.7982901044003777,0.1694377767007678,0.063076794,0.7849376377963098,0.8400554656982422,609.0,,,,,,,,,,,,,,
alpha_path_prob_a025_eps1em6,0.25,1e-06,fixed,5000,5000,0.15356265356265356,1665.0,1579.0,0.9492588369441277,0.9610468654899574,0.333,55895.61364499038,0.9566533614209716,53504.10560612553,0.964514642977075,0.151295275812866,0.043734573,0.6603204867765308,0.7222075760364532,731.0,,,,,,,,,,,,,,
alpha_path_prob_a025_eps1em6,0.25,1e-06,fixed,10000,10000,0.3071253071253071,1736.0,1639.0,0.9897377423033067,0.9975654290931223,0.1736,57962.05344210573,0.9920204761044267,55415.73071358631,0.9989753705631363,0.1448702328379079,0.04159362,0.39531309977713974,0.24608338624238965,743.0,,,,,,,,,,,,,,
alpha_path_prob_a05_eps0,0.5,0.0,fixed,100,100,0.003071253071253071,56.0,53.0,0.03192702394526796,0.03225806451612903,0.56,2097.6910372170814,0.035901979620832386,1963.168557355594,0.03538989763030201,0.8717998199,0.88282883,0.945478595495224,0.9692115783691406,0.0,,,,,,,,,,,,,,
alpha_path_prob_a05_eps0,0.5,0.0,percent,0.5%,163,0.005006142506142506,92.0,85.0,0.052451539338654506,0.051734631771150334,0.5644171779141104,3341.781146287436,0.05719458036606824,3069.6626209690307,0.05533658610648846,0.7997201092024541,0.8333731,0.9262861156024815,0.9639658331871032,0.0,,,,,,,,,,,,,,
alpha_path_prob_a05_eps0,0.5,0.0,percent,1%,326,0.010012285012285013,153.0,143.0,0.08722919042189281,0.08703590992087644,0.46932515337423314,5462.817110637176,0.09349610838716381,5104.529925309754,0.09201899186428542,0.6727408416871166,0.67878693,0.8728227570561543,0.9380119740962982,0.0,,,,,,,,,,,,,,
alpha_path_prob_a05_eps0,0.5,0.0,fixed,500,500,0.015356265356265357,236.0,225.0,0.1345496009122007,0.13694461351186854,0.472,8449.990169630018,0.14462157175861368,8060.188192254746,0.14530042972423,0.5639960308199999,0.5572419,0.8513001394271851,0.9280478656291962,0.0,,,,,,,,,,,,,,
alpha_path_prob_a05_eps0,0.5,0.0,percent,2%,651,0.019993857493857493,301.0,288.0,0.17160775370581527,0.17528910529519173,0.46236559139784944,10687.056582865986,0.18290896077515684,10232.88559435567,0.18446748868810645,0.4938022124147465,0.4987751,0.8418000920485424,0.9164307117462158,0.0,,,,,,,,,,,,,,
alpha_path_prob_a05_eps0,0.5,0.0,fixed,1000,1000,0.030712530712530713,454.0,431.0,0.2588369441277081,0.26232501521606816,0.454,16063.767645318363,0.2749313642494836,15297.531023287494,0.2757674856201623,0.39135840209,0.23810926,0.8307999639511109,0.9071221649646758,0.0,,,,,,,,,,,,,,
alpha_path_prob_a05_eps0,0.5,0.0,percent,5%,1628,0.05,705.0,664.0,0.40193842645381983,0.404138770541692,0.43304668304668303,24237.367355323437,0.41482251361852956,23049.459277361624,0.4155109357285257,0.3086493112555282,0.16112705,0.7912675538157509,0.879729300737381,117.0,,,,,,,,,,,,,,
alpha_path_prob_a05_eps0,0.5,0.0,fixed,2000,2000,0.06142506142506143,847.0,791.0,0.4828962371721779,0.48143639683505784,0.4235,28929.753465434016,0.4951326963429424,27272.07334988591,0.4916316942843786,0.2789109519135,0.13911878,0.7716603215485811,0.8487057387828827,215.0,,,,,,,,,,,,,,
alpha_path_prob_a05_eps0,0.5,0.0,percent,10%,3256,0.1,1200.0,1123.0,0.6841505131128849,0.6835057821059038,0.36855036855036855,40551.607921720024,0.6940407216160089,38305.4859268819,0.6905302250038922,0.22356064904576164,0.09872349,0.7075997449169324,0.7928682863712311,454.0,,,,,,,,,,,,,,
alpha_path_prob_a05_eps0,0.5,0.0,fixed,5000,5000,0.15356265356265356,1492.0,1404.0,0.8506271379703535,0.8545343883140597,0.2984,50036.95929337284,0.856382499122623,47608.75825858624,0.8582396426248271,0.20470248252456,0.072983496,0.5991842840462923,0.6424093842506409,616.0,,,,,,,,,,,,,,
alpha_path_prob_a05_eps0,0.5,0.0,fixed,10000,10000,0.3071253071253071,1714.0,1618.0,0.9771949828962372,0.9847839318320146,0.1714,57312.02202963302,0.9808951892488099,54746.4859557929,0.9869109437062656,0.178822951797515,0.063076794,0.38398869073064995,0.23255992680788035,732.0,,,,,,,,,,,,,,
alpha_path_prob_a05_eps1em2,0.5,0.01,fixed,100,100,0.003071253071253071,58.0,55.0,0.0330672748004561,0.033475349969567865,0.58,2199.822559719247,0.037649960507656316,2065.3000798577596,0.03723101520150394,0.8650272716999998,0.88282883,0.9494608527421952,0.9712715446949005,0.0,,,,,,,,,,,,,,
alpha_path_prob_a05_eps1em2,0.5,0.01,percent,0.5%,163,0.005006142506142506,91.0,84.0,0.05188141391106044,0.05112598904443092,0.558282208588957,3320.132684871098,0.05682406697453331,3048.014159552692,0.054946330857896984,0.7968855684662576,0.8333731,0.9279430567121213,0.9655575156211852,0.0,,,,,,,,,,,,,,
alpha_path_prob_a05_eps1em2,0.5,0.01,percent,1%,326,0.010012285012285013,152.0,142.0,0.08665906499429875,0.08642726719415703,0.4662576687116564,5441.168649220836,0.09312559499562886,5082.8814638934155,0.09162873661569396,0.6708193989263803,0.67878693,0.8742643368938949,0.9384294748306274,0.0,,,,,,,,,,,,,,
alpha_path_prob_a05_eps1em2,0.5,0.01,fixed,500,500,0.015356265356265357,238.0,227.0,0.13568985176738882,0.13816189896530737,0.476,8501.507665587544,0.14550329364099213,8111.7056882122715,0.1462291318987199,0.5541125648,0.5572419,0.8598833479285241,0.9358833730220794,0.0,,,,,,,,,,,,,,
alpha_path_prob_a05_eps1em2,0.5,0.01,percent,2%,651,0.019993857493857493,306.0,292.0,0.17445838084378562,0.17772367620206939,0.4700460829493088,10940.096906979987,0.18723974562307322,10404.56669207237,0.18756237142269752,0.487557984265745,0.4987751,0.8484453068625543,0.9248352646827698,0.0,,,,,,,,,,,,,,
alpha_path_prob_a05_eps1em2,0.5,0.01,fixed,1000,1000,0.030712530712530713,464.0,441.0,0.2645381984036488,0.2684114424832623,0.464,16422.81235924987,0.2810764141037452,15656.575737219002,0.28223995871633545,0.38476480437500005,0.23462006,0.8384206350445748,0.9174080193042755,0.0,,,,,,,,,,,,,,
alpha_path_prob_a05_eps1em2,0.5,0.01,percent,5%,1628,0.05,721.0,680.0,0.411060433295325,0.4138770541692027,0.4428746928746929,24924.06873181956,0.4265754068650339,23688.68299931675,0.4270341755431062,0.3017780429183047,0.15912595,0.8023858028269517,0.8899724185466766,138.0,,,,,,,,,,,,,,
alpha_path_prob_a05_eps1em2,0.5,0.01,fixed,2000,2000,0.06142506142506143,876.0,820.0,0.49942987457240595,0.4990870359099209,0.438,30214.792738704706,0.5171261419850326,28412.991622584745,0.5121989454885956,0.2685456461555,0.12083286,0.7922172238752246,0.8809157907962799,257.0,,,,,,,,,,,,,,
alpha_path_prob_a05_eps1em2,0.5,0.01,percent,10%,3256,0.1,1312.0,1237.0,0.7480045610034207,0.7528910529519173,0.40294840294840295,44712.6190365917,0.7652564219254155,42505.06983590644,0.7662358204676043,0.20470438301317567,0.07876862,0.7531215470325412,0.832902729511261,582.0,,,,,,,,,,,,,,
alpha_path_prob_a05_eps1em2,0.5,0.01,fixed,5000,5000,0.15356265356265356,1648.0,1562.0,0.9395667046750285,0.9506999391357274,0.3296,55367.71836235033,0.9476184342829789,52965.1360143426,0.954798677117915,0.1791253427654826,0.05533804,0.6524930391713977,0.7344274520874023,743.0,,,,,,,,,,,,,,
alpha_path_prob_a05_eps1em2,0.5,0.01,fixed,10000,10000,0.3071253071253071,1735.0,1639.0,0.9891676168757126,0.9975654290931223,0.1735,57956.13102895952,0.9919191140104343,55415.73071358631,0.9989753705631363,0.165795511317619,0.048347544,0.3938760268168524,0.24626083672046656,743.0,,,,,,,,,,,,,,
alpha_path_prob_a05_eps1em3,0.5,0.001,fixed,100,100,0.003071253071253071,56.0,53.0,0.03192702394526796,0.03225806451612903,0.56,2097.6910372170814,0.03590197962083239,1963.168557355594,0.03538989763030201,0.8717998199,0.88282883,0.945478595495224,0.9692115783691406,0.0,,,,,,,,,,,,,,
alpha_path_prob_a05_eps1em3,0.5,0.001,percent,0.5%,163,0.005006142506142506,92.0,85.0,0.052451539338654506,0.051734631771150334,0.5644171779141104,3341.781146287436,0.057194580366068254,3069.6626209690307,0.05533658610648846,0.7997201092024541,0.8333731,0.9262861156024815,0.9639658331871032,0.0,,,,,,,,,,,,,,
alpha_path_prob_a05_eps1em3,0.5,0.001,percent,1%,326,0.010012285012285013,153.0,143.0,0.08722919042189281,0.08703590992087644,0.46932515337423314,5462.817110637176,0.09349610838716384,5104.529925309753,0.0920189918642854,0.6727408416871166,0.67878693,0.8728227570561543,0.9380119740962982,0.0,,,,,,,,,,,,,,
alpha_path_prob_a05_eps1em3,0.5,0.001,fixed,500,500,0.015356265356265357,235.0,224.0,0.13397947548460662,0.1363359707851491,0.47,8382.308814332395,0.14346320544274804,7992.506836957124,0.14408034282619545,0.56195496494,0.5572419,0.8531529129743576,0.9283246695995331,0.0,,,,,,,,,,,,,,
alpha_path_prob_a05_eps1em3,0.5,0.001,percent,2%,651,0.019993857493857493,301.0,288.0,0.17160775370581527,0.17528910529519173,0.46236559139784944,10687.056582865986,0.18290896077515686,10232.885594355668,0.18446748868810642,0.4938022124147465,0.4987751,0.8418000920485424,0.9164307117462158,0.0,,,,,,,,,,,,,,
alpha_path_prob_a05_eps1em3,0.5,0.001,fixed,1000,1000,0.030712530712530713,454.0,431.0,0.2588369441277081,0.26232501521606816,0.454,16063.767645318363,0.27493136424948367,15297.531023287494,0.2757674856201623,0.39086544220999997,0.23810926,0.831283614218235,0.9071221649646758,0.0,,,,,,,,,,,,,,
alpha_path_prob_a05_eps1em3,0.5,0.001,percent,5%,1628,0.05,704.0,663.0,0.4013683010262258,0.4035301278149726,0.43243243243243246,24215.7188939071,0.4144520002269947,23027.81081594529,0.41512068047993433,0.3085369768058968,0.16112705,0.7918182742994746,0.8807196617126465,118.0,,,,,,,,,,,,,,
alpha_path_prob_a05_eps1em3,0.5,0.001,fixed,2000,2000,0.06142506142506143,850.0,794.0,0.4846066134549601,0.48326232501521604,0.425,29063.399779984033,0.4974200528583899,27405.71966443593,0.49404092673304983,0.27858620492349995,0.13911878,0.7731378322988749,0.850075751543045,218.0,,,,,,,,,,,,,,
alpha_path_prob_a05_eps1em3,0.5,0.001,percent,10%,3256,0.1,1206.0,1129.0,0.6875712656784493,0.6871576384662204,0.3703931203931204,40707.088032620166,0.6967017635301639,38460.96603778204,0.6933330537206049,0.22214304570961302,0.098554875,0.7108426880370596,0.7963814735412598,461.0,,,,,,,,,,,,,,
alpha_path_prob_a05_eps1em3,0.5,0.001,fixed,5000,5000,0.15356265356265356,1533.0,1445.0,0.8740022805017104,0.8794887401095557,0.3066,51529.8464293854,0.881933260689699,49101.64539459879,0.8851518110777721,0.20000567042474,0.070749365,0.6111281796805561,0.6718817949295044,656.0,,,,,,,,,,,,,,
alpha_path_prob_a05_eps1em3,0.5,0.001,fixed,10000,10000,0.3071253071253071,1736.0,1639.0,0.9897377423033067,0.9975654290931223,0.1736,57994.85157113329,0.99258181604394,55423.393084146956,0.9991134995631811,0.1758612332542986,0.057747267,0.3894785149719566,0.24530080705881116,743.0,,,,,,,,,,,,,,
alpha_path_prob_a05_eps1em4,0.5,0.0001,fixed,100,100,0.003071253071253071,56.0,53.0,0.03192702394526796,0.03225806451612903,0.56,2097.6910372170814,0.035901979620832386,1963.168557355594,0.03538989763030201,0.8717998199,0.88282883,0.945478595495224,0.9692115783691406,0.0,,,,,,,,,,,,,,
alpha_path_prob_a05_eps1em4,0.5,0.0001,percent,0.5%,163,0.005006142506142506,92.0,85.0,0.052451539338654506,0.051734631771150334,0.5644171779141104,3341.781146287436,0.05719458036606825,3069.6626209690307,0.05533658610648846,0.7997201092024541,0.8333731,0.9262861156024815,0.9639658331871032,0.0,,,,,,,,,,,,,,
alpha_path_prob_a05_eps1em4,0.5,0.0001,percent,1%,326,0.010012285012285013,153.0,143.0,0.08722919042189281,0.08703590992087644,0.46932515337423314,5462.817110637176,0.09349610838716382,5104.529925309754,0.09201899186428542,0.6727408416871166,0.67878693,0.8728227570561543,0.9380119740962982,0.0,,,,,,,,,,,,,,
alpha_path_prob_a05_eps1em4,0.5,0.0001,fixed,500,500,0.015356265356265357,236.0,225.0,0.1345496009122007,0.13694461351186854,0.472,8449.990169630018,0.1446215717586137,8060.188192254746,0.14530042972423,0.5639960308199999,0.5572419,0.8513001394271851,0.9280478656291962,0.0,,,,,,,,,,,,,,
alpha_path_prob_a05_eps1em4,0.5,0.0001,percent,2%,651,0.019993857493857493,301.0,288.0,0.17160775370581527,0.17528910529519173,0.46236559139784944,10687.056582865986,0.18290896077515684,10232.88559435567,0.18446748868810645,0.4938022124147465,0.4987751,0.8418000920485424,0.9164307117462158,0.0,,,,,,,,,,,,,,
alpha_path_prob_a05_eps1em4,0.5,0.0001,fixed,1000,1000,0.030712530712530713,454.0,431.0,0.2588369441277081,0.26232501521606816,0.454,16063.767645318363,0.2749313642494836,15297.531023287494,0.2757674856201623,0.39135840209,0.23810926,0.8307999639511109,0.9071221649646758,0.0,,,,,,,,,,,,,,
alpha_path_prob_a05_eps1em4,0.5,0.0001,percent,5%,1628,0.05,705.0,664.0,0.40193842645381983,0.404138770541692,0.43304668304668303,24237.367355323437,0.41482251361852956,23049.459277361628,0.41551093572852577,0.3086493112555282,0.16112705,0.7912675538157509,0.879729300737381,117.0,,,,,,,,,,,,,,
alpha_path_prob_a05_eps1em4,0.5,0.0001,fixed,2000,2000,0.06142506142506143,847.0,791.0,0.4828962371721779,0.48143639683505784,0.4235,28929.753465434016,0.4951326963429425,27272.07334988591,0.4916316942843786,0.2789109519135,0.13911878,0.7716603215485811,0.8487057387828827,215.0,,,,,,,,,,,,,,
alpha_path_prob_a05_eps1em4,0.5,0.0001,percent,10%,3256,0.1,1200.0,1123.0,0.6841505131128849,0.6835057821059038,0.36855036855036855,40551.607921720024,0.6940407216160089,38305.4859268819,0.6905302250038922,0.22348932423310805,0.09872349,0.7079929657651144,0.7936517298221588,454.0,,,,,,,,,,,,,,
alpha_path_prob_a05_eps1em4,0.5,0.0001,fixed,5000,5000,0.15356265356265356,1493.0,1405.0,0.8511972633979475,0.855143031040779,0.2986,50058.60775478918,0.8567530125141579,47630.406720002575,0.8586298978734185,0.20404394627880001,0.072983466,0.6000267312988639,0.6456069350242615,617.0,,,,,,,,,,,,,,
alpha_path_prob_a05_eps1em4,0.5,0.0001,fixed,10000,10000,0.3071253071253071,1724.0,1628.0,0.9828962371721779,0.9908703590992087,0.1724,57638.89385611924,0.9864896001724993,55073.35778227913,0.9928034384868256,0.1782083361032605,0.058685966,0.385699820465222,0.2347510308027267,739.0,,,,,,,,,,,,,,
alpha_path_prob_a05_eps1em6,0.5,1e-06,fixed,100,100,0.003071253071253071,56.0,53.0,0.03192702394526796,0.03225806451612903,0.56,2097.6910372170814,0.035901979620832386,1963.168557355594,0.03538989763030201,0.8717998199,0.88282883,0.945478595495224,0.9692115783691406,0.0,,,,,,,,,,,,,,
alpha_path_prob_a05_eps1em6,0.5,1e-06,percent,0.5%,163,0.005006142506142506,92.0,85.0,0.052451539338654506,0.051734631771150334,0.5644171779141104,3341.781146287436,0.05719458036606824,3069.6626209690307,0.05533658610648846,0.7997201092024541,0.8333731,0.9262861156024815,0.9639658331871032,0.0,,,,,,,,,,,,,,
alpha_path_prob_a05_eps1em6,0.5,1e-06,percent,1%,326,0.010012285012285013,153.0,143.0,0.08722919042189281,0.08703590992087644,0.46932515337423314,5462.817110637176,0.09349610838716381,5104.529925309754,0.09201899186428542,0.6727408416871166,0.67878693,0.8728227570561543,0.9380119740962982,0.0,,,,,,,,,,,,,,
alpha_path_prob_a05_eps1em6,0.5,1e-06,fixed,500,500,0.015356265356265357,236.0,225.0,0.1345496009122007,0.13694461351186854,0.472,8449.990169630018,0.14462157175861368,8060.188192254746,0.14530042972423,0.5639960308199999,0.5572419,0.8513001394271851,0.9280478656291962,0.0,,,,,,,,,,,,,,
alpha_path_prob_a05_eps1em6,0.5,1e-06,percent,2%,651,0.019993857493857493,301.0,288.0,0.17160775370581527,0.17528910529519173,0.46236559139784944,10687.056582865986,0.18290896077515684,10232.88559435567,0.18446748868810645,0.4938022124147465,0.4987751,0.8418000920485424,0.9164307117462158,0.0,,,,,,,,,,,,,,
alpha_path_prob_a05_eps1em6,0.5,1e-06,fixed,1000,1000,0.030712530712530713,454.0,431.0,0.2588369441277081,0.26232501521606816,0.454,16063.767645318363,0.2749313642494836,15297.531023287494,0.2757674856201623,0.39135840208999995,0.23810926,0.8307999639511109,0.9071221649646758,0.0,,,,,,,,,,,,,,
alpha_path_prob_a05_eps1em6,0.5,1e-06,percent,5%,1628,0.05,705.0,664.0,0.40193842645381983,0.404138770541692,0.43304668304668303,24237.367355323437,0.41482251361852956,23049.459277361624,0.4155109357285257,0.3086493112555282,0.16112705,0.7912675538157509,0.879729300737381,117.0,,,,,,,,,,,,,,
alpha_path_prob_a05_eps1em6,0.5,1e-06,fixed,2000,2000,0.06142506142506143,847.0,791.0,0.4828962371721779,0.48143639683505784,0.4235,28929.753465434016,0.4951326963429424,27272.07334988591,0.4916316942843786,0.27891095191349996,0.13911878,0.7716603215485811,0.8487057387828827,215.0,,,,,,,,,,,,,,
alpha_path_prob_a05_eps1em6,0.5,1e-06,percent,10%,3256,0.1,1200.0,1123.0,0.6841505131128849,0.6835057821059038,0.36855036855036855,40551.607921720024,0.6940407216160089,38305.4859268819,0.6905302250038922,0.22356064904576164,0.09872349,0.7075997449169324,0.7928682863712311,454.0,,,,,,,,,,,,,,
alpha_path_prob_a05_eps1em6,0.5,1e-06,fixed,5000,5000,0.15356265356265356,1492.0,1404.0,0.8506271379703535,0.8545343883140597,0.2984,50036.95929337284,0.856382499122623,47608.75825858624,0.8582396426248271,0.20470248252456,0.072983496,0.5991842840462923,0.6424093842506409,616.0,,,,,,,,,,,,,,
alpha_path_prob_a05_eps1em6,0.5,1e-06,fixed,10000,10000,0.3071253071253071,1714.0,1618.0,0.9771949828962372,0.9847839318320146,0.1714,57312.02202963302,0.9808951892488099,54746.4859557929,0.9869109437062656,0.178822951797515,0.063076794,0.38398869073064995,0.23255992680788035,732.0,,,,,,,,,,,,,,
alpha_path_prob_a075_eps0,0.75,0.0,fixed,100,100,0.003071253071253071,58.0,53.0,0.0330672748004561,0.03225806451612903,0.58,2145.8983139199163,0.03672704710458209,1969.8231142644831,0.035509858846519644,0.8912391137,0.95027333,0.9323399305343628,0.9692115783691406,0.0,,,,,,,,,,,,,,
alpha_path_prob_a075_eps0,0.75,0.0,percent,0.5%,163,0.005006142506142506,87.0,81.0,0.049600912200684154,0.049300060864272674,0.5337423312883436,3064.6627789158088,0.052451699836277,2873.9034799947017,0.051807650227131616,0.8292738231901842,0.8610104,0.9057127116647966,0.9495362639427184,0.0,,,,,,,,,,,,,,
alpha_path_prob_a075_eps0,0.75,0.0,percent,1%,326,0.010012285012285013,141.0,131.0,0.08038768529076397,0.07973219720024345,0.4325153374233129,4867.088480480796,0.08330021358666208,4508.801295153375,0.08127983492450996,0.7302601321165645,0.6986891,0.8238125873123942,0.8600262403488159,0.0,,,,,,,,,,,,,,
alpha_path_prob_a075_eps0,0.75,0.0,fixed,500,500,0.015356265356265357,222.0,211.0,0.1265678449258837,0.12842361533779673,0.444,7864.8485790337,0.13460687412766012,7485.785033809306,0.13494570552098156,0.62169684806,0.59134614,0.7953817477226257,0.8506251275539398,0.0,,,,,,,,,,,,,,
alpha_path_prob_a075_eps0,0.75,0.0,percent,2%,651,0.019993857493857493,279.0,266.0,0.15906499429874574,0.16189896530736458,0.42857142857142855,9782.120800459707,0.16742098592962668,9349.894001771125,0.1685498630961007,0.5539075507373272,0.5572419,0.7826179673182799,0.8515721559524536,0.0,,,,,,,,,,,,,,
alpha_path_prob_a075_eps0,0.75,0.0,fixed,1000,1000,0.030712530712530713,402.0,381.0,0.2291904218928164,0.23189287888009738,0.402,14049.357112216308,0.24045473035807619,13328.292028729862,0.24026815665736143,0.457427150331,0.32952484,0.7604181630015373,0.8480756878852844,0.0,,,,,,,,,,,,,,
alpha_path_prob_a075_eps0,0.75,0.0,percent,5%,1628,0.05,616.0,579.0,0.35119726339794755,0.3524041387705417,0.3783783783783784,21007.12482781968,0.3595369165810167,19953.433131400634,0.35969909626330576,0.3713863683316953,0.19251317,0.7123791075492374,0.801125705242157,19.0,,,,,,,,,,,,,,
alpha_path_prob_a075_eps0,0.75,0.0,fixed,2000,2000,0.06142506142506143,743.0,697.0,0.42360319270239455,0.42422398052343274,0.3715,25219.00067939638,0.4316231667989673,23948.457365684844,0.43171710926181195,0.33932050863950003,0.18289208,0.6938573276028037,0.7891974151134491,111.0,,,,,,,,,,,,,,
alpha_path_prob_a075_eps0,0.75,0.0,percent,10%,3256,0.1,1037.0,963.0,0.5912200684150513,0.5861229458307973,0.31848894348894347,34992.02260247865,0.5988884254530413,32823.760697434765,0.5917115606662284,0.28999516727733415,0.13354996,0.6205714964742615,0.7109131217002869,312.0,,,,,,,,,,,,,,
alpha_path_prob_a075_eps0,0.75,0.0,fixed,5000,5000,0.15356265356265356,1317.0,1228.0,0.7508551881413911,0.7474132684114425,0.2634,44045.24542484142,0.7538343233496756,41598.697892093944,0.749896718974603,0.25117836588942,0.10501832,0.5366731598827988,0.5098983645439148,480.0,,,,,,,,,,,,,,
alpha_path_prob_a075_eps0,0.75,0.0,fixed,10000,10000,0.3071253071253071,1627.0,1530.0,0.927594070695553,0.931223371880706,0.1627,54418.43604428014,0.9313714685320138,51821.84179882689,0.9341885949643383,0.210103741805679,0.08018608,0.3614354011020158,0.19017693400382996,672.0,,,,,,,,,,,,,,
alpha_path_prob_a075_eps1em2,0.75,0.01,fixed,100,100,0.003071253071253071,59.0,54.0,0.033637400228050174,0.032866707242848445,0.59,2153.1705027379203,0.03685151060760073,1977.0953030824874,0.03564095406850307,0.888037616,0.95027333,0.9347629910707473,0.9692115783691406,0.0,,,,,,,,,,,,,,
alpha_path_prob_a075_eps1em2,0.75,0.01,percent,0.5%,163,0.005006142506142506,87.0,81.0,0.049600912200684154,0.049300060864272674,0.5337423312883436,3064.6627789158088,0.052451699836277,2873.9034799947017,0.051807650227131616,0.8292738231901842,0.8610104,0.9057127116647966,0.9495362639427184,0.0,,,,,,,,,,,,,,
alpha_path_prob_a075_eps1em2,0.75,0.01,percent,1%,326,0.010012285012285013,143.0,133.0,0.0815279361459521,0.08094948265368229,0.4386503067484663,4992.040358116165,0.08543876482459901,4633.7531727887435,0.08353233338759977,0.7262290593251535,0.6986891,0.827335229132073,0.8624600172042847,0.0,,,,,,,,,,,,,,
alpha_path_prob_a075_eps1em2,0.75,0.01,fixed,500,500,0.015356265356265357,221.0,211.0,0.1259977194982896,0.12842361533779673,0.442,7829.695946538392,0.13400523686408128,7471.408761210971,0.1346865454943735,0.61767933514,0.59134614,0.8003371012806892,0.8565903604030609,0.0,,,,,,,,,,,,,,
alpha_path_prob_a075_eps1em2,0.75,0.01,percent,2%,651,0.019993857493857493,283.0,270.0,0.161345496009122,0.16433353621424224,0.434715821812596,9943.824692352373,0.17018854784810716,9511.597893663788,0.17146488746273544,0.5483661613671275,0.5572419,0.7892385835883804,0.860371470451355,0.0,,,,,,,,,,,,,,
alpha_path_prob_a075_eps1em2,0.75,0.01,fixed,1000,1000,0.030712530712530713,409.0,388.0,0.2331812998859749,0.2361533779671333,0.409,14289.643988842266,0.24456723996731944,13568.578905355818,0.2445997908075906,0.44993428421700005,0.2958756,0.7678794296532869,0.8528059422969818,0.0,,,,,,,,,,,,,,
alpha_path_prob_a075_eps1em2,0.75,0.01,percent,5%,1628,0.05,631.0,592.0,0.3597491448118586,0.3603164942178941,0.38759213759213756,21527.61027472865,0.3684450243892363,20408.736401118444,0.3679068153843575,0.3610683042518428,0.18479295,0.728582335681785,0.8170573115348816,36.0,,,,,,,,,,,,,,
alpha_path_prob_a075_eps1em2,0.75,0.01,fixed,2000,2000,0.06142506142506143,764.0,717.0,0.43557582668187,0.43639683505782106,0.382,25976.232597869108,0.4445831901879781,24684.9129242606,0.44499314036449533,0.3287862261235,0.1703118,0.7119008523598314,0.8077597916126251,138.0,,,,,,,,,,,,,,
alpha_path_prob_a075_eps1em2,0.75,0.01,percent,10%,3256,0.1,1133.0,1056.0,0.6459521094640821,0.642726719415703,0.34797297297297297,38410.170579938895,0.6573900240443059,36152.974275957895,0.6517270531168871,0.2677508692369472,0.11417961,0.6643923212137961,0.7661673128604889,406.0,,,,,,,,,,,,,,
alpha_path_prob_a075_eps1em2,0.75,0.01,fixed,5000,5000,0.15356265356265356,1566.0,1480.0,0.8928164196123147,0.9007912355447353,0.3132,52705.17338122752,0.9020489800803064,50302.5910332198,0.9068011712669984,0.2226023786906354,0.08018608,0.6136691915992647,0.7095719873905182,724.0,,,,,,,,,,,,,,
alpha_path_prob_a075_eps1em2,0.75,0.01,fixed,10000,10000,0.3071253071253071,1736.0,1639.0,0.9897377423033067,0.9975654290931223,0.1736,57994.851571133295,0.9925818160439401,55423.393084146956,0.9991134995631811,0.19286099431457068,0.067005195,0.38824037955268287,0.24626083672046656,743.0,,,,,,,,,,,,,,
alpha_path_prob_a075_eps1em3,0.75,0.001,fixed,100,100,0.003071253071253071,59.0,54.0,0.033637400228050174,0.032866707242848445,0.59,2153.17050273792,0.03685151060760071,1977.095303082487,0.03564095406850305,0.888037616,0.95027333,0.9347629910707473,0.9692115783691406,0.0,,,,,,,,,,,,,,
alpha_path_prob_a075_eps1em3,0.75,0.001,percent,0.5%,163,0.005006142506142506,87.0,81.0,0.049600912200684154,0.049300060864272674,0.5337423312883436,3064.6627789158088,0.05245169983627699,2873.9034799947017,0.051807650227131616,0.8292738231901842,0.8610104,0.9057127116647966,0.9495362639427184,0.0,,,,,,,,,,,,,,
alpha_path_prob_a075_eps1em3,0.75,0.001,percent,1%,326,0.010012285012285013,142.0,132.0,0.08095781071835804,0.08034083992696288,0.43558282208588955,4910.681131718868,0.0840463017610405,4552.393946391446,0.08206567649627335,0.7284596620858896,0.6986891,0.8254376714763466,0.8606953918933868,0.0,,,,,,,,,,,,,,
alpha_path_prob_a075_eps1em3,0.75,0.001,fixed,500,500,0.015356265356265357,222.0,211.0,0.1265678449258837,0.12842361533779673,0.444,7864.8485790337,0.13460687412766006,7485.785033809306,0.13494570552098156,0.62092150968,0.59134614,0.7964855718016625,0.8512181639671326,0.0,,,,,,,,,,,,,,
alpha_path_prob_a075_eps1em3,0.75,0.001,percent,2%,651,0.019993857493857493,279.0,266.0,0.15906499429874574,0.16189896530736458,0.42857142857142855,9782.120800459707,0.16742098592962665,9349.894001771125,0.1685498630961007,0.5538156930261137,0.5572419,0.7829588605648911,0.852725088596344,0.0,,,,,,,,,,,,,,
alpha_path_prob_a075_eps1em3,0.75,0.001,fixed,1000,1000,0.030712530712530713,402.0,381.0,0.2291904218928164,0.23189287888009738,0.402,14049.357112216312,0.24045473035807619,13328.292028729862,0.24026815665736143,0.457427150331,0.32952484,0.7604181630015373,0.8480756878852844,0.0,,,,,,,,,,,,,,
alpha_path_prob_a075_eps1em3,0.75,0.001,percent,5%,1628,0.05,615.0,578.0,0.3506271379703535,0.35179549604382226,0.37776412776412777,20999.852639001678,0.359412453077998,19946.160942582632,0.35956800104132236,0.3701996570675676,0.19251317,0.7139185872249287,0.8024822175502777,19.0,,,,,,,,,,,,,,
alpha_path_prob_a075_eps1em3,0.75,0.001,fixed,2000,2000,0.06142506142506143,743.0,697.0,0.42360319270239455,0.42422398052343274,0.3715,25217.77864427145,0.43160225166924937,23947.23533055991,0.4316950797229779,0.3386507668835,0.18289208,0.6956461701914668,0.7908896803855896,114.0,,,,,,,,,,,,,,
alpha_path_prob_a075_eps1em3,0.75,0.001,percent,10%,3256,0.1,1046.0,971.0,0.5963511972633979,0.5909920876445527,0.32125307125307123,35322.0879008997,0.6045374926451178,33133.049635958836,0.5972870899968814,0.28732747512837836,0.13354996,0.6246224788500394,0.7137792110443115,318.0,,,,,,,,,,,,,,
alpha_path_prob_a075_eps1em3,0.75,0.001,fixed,5000,5000,0.15356265356265356,1344.0,1255.0,0.766248574686431,0.7638466220328667,0.2688,45020.254382118306,0.7705216005002338,42573.70684937082,0.7674731349463091,0.24794910106968,0.10495003,0.5444011221196502,0.523055911064148,503.0,,,,,,,,,,,,,,
alpha_path_prob_a075_eps1em3,0.75,0.001,fixed,10000,10000,0.3071253071253071,1708.0,1611.0,0.9737742303306728,0.9805234327449787,0.1708,57116.61979427883,0.9775508802218434,54520.02554882558,0.9828285583248058,0.20586796548641267,0.073218614,0.3755280863123946,0.2176549434661865,740.0,,,,,,,,,,,,,,
alpha_path_prob_a075_eps1em4,0.75,0.0001,fixed,100,100,0.003071253071253071,58.0,53.0,0.0330672748004561,0.03225806451612903,0.58,2145.8983139199163,0.036727047104582085,1969.8231142644831,0.035509858846519644,0.8912391137,0.95027333,0.9323399305343628,0.9692115783691406,0.0,,,,,,,,,,,,,,
alpha_path_prob_a075_eps1em4,0.75,0.0001,percent,0.5%,163,0.005006142506142506,87.0,81.0,0.049600912200684154,0.049300060864272674,0.5337423312883436,3064.6627789158088,0.052451699836276997,2873.9034799947017,0.051807650227131616,0.8292738231901842,0.8610104,0.9057127116647966,0.9495362639427184,0.0,,,,,,,,,,,,,,
alpha_path_prob_a075_eps1em4,0.75,0.0001,percent,1%,326,0.010012285012285013,141.0,131.0,0.08038768529076397,0.07973219720024345,0.4325153374233129,4867.088480480796,0.08330021358666206,4508.801295153375,0.08127983492450996,0.7302601321165645,0.6986891,0.8238125873123942,0.8600262403488159,0.0,,,,,,,,,,,,,,
alpha_path_prob_a075_eps1em4,0.75,0.0001,fixed,500,500,0.015356265356265357,222.0,211.0,0.1265678449258837,0.12842361533779673,0.444,7864.8485790337,0.1346068741276601,7485.785033809306,0.13494570552098156,0.62169684806,0.59134614,0.7953817477226257,0.8506251275539398,0.0,,,,,,,,,,,,,,
alpha_path_prob_a075_eps1em4,0.75,0.0001,percent,2%,651,0.019993857493857493,279.0,266.0,0.15906499429874574,0.16189896530736458,0.42857142857142855,9782.120800459707,0.16742098592962668,9349.894001771125,0.1685498630961007,0.5539075507373272,0.5572419,0.7826179673182799,0.8515721559524536,0.0,,,,,,,,,,,,,,
alpha_path_prob_a075_eps1em4,0.75,0.0001,fixed,1000,1000,0.030712530712530713,402.0,381.0,0.2291904218928164,0.23189287888009738,0.402,14049.357112216308,0.24045473035807616,13328.292028729862,0.24026815665736143,0.457427150331,0.32952484,0.7604181630015373,0.8480756878852844,0.0,,,,,,,,,,,,,,
alpha_path_prob_a075_eps1em4,0.75,0.0001,percent,5%,1628,0.05,616.0,579.0,0.35119726339794755,0.3524041387705417,0.3783783783783784,21007.12482781968,0.35953691658101666,19953.433131400634,0.35969909626330576,0.3713863683316953,0.19251317,0.7123791075492374,0.801125705242157,19.0,,,,,,,,,,,,,,
alpha_path_prob_a075_eps1em4,0.75,0.0001,fixed,2000,2000,0.06142506142506143,743.0,697.0,0.42360319270239455,0.42422398052343274,0.3715,25219.00067939638,0.43162316679896723,23948.457365684844,0.43171710926181195,0.33926530143449996,0.18289208,0.6940794703736901,0.7891974151134491,111.0,,,,,,,,,,,,,,
alpha_path_prob_a075_eps1em4,0.75,0.0001,percent,10%,3256,0.1,1040.0,966.0,0.5929304446978335,0.5879488740109555,0.3194103194103194,35125.66891702867,0.6011757819684885,32957.40701198478,0.5941207931148997,0.2899553969609951,0.13354996,0.6210940636943851,0.7109832763671875,315.0,,,,,,,,,,,,,,
alpha_path_prob_a075_eps1em4,0.75,0.0001,fixed,5000,5000,0.15356265356265356,1318.0,1229.0,0.7514253135689852,0.7480219111381619,0.2636,44082.012587429635,0.7544635932938848,41635.46505468215,0.7505595179560139,0.25102130023494,0.10501832,0.5371614533655346,0.5104835629463196,481.0,,,,,,,,,,,,,,
alpha_path_prob_a075_eps1em4,0.75,0.0001,fixed,10000,10000,0.3071253071253071,1631.0,1534.0,0.9298745724059293,0.9336579427875837,0.1631,54585.963930686456,0.9342387081097067,51989.36968523321,0.9372086080589482,0.209683942155188,0.08018608,0.36235365385655316,0.19116597622632975,675.0,,,,,,,,,,,,,,
alpha_path_prob_a075_eps1em6,0.75,1e-06,fixed,100,100,0.003071253071253071,58.0,53.0,0.0330672748004561,0.03225806451612903,0.58,2145.8983139199163,0.03672704710458209,1969.8231142644831,0.035509858846519644,0.8912391137,0.95027333,0.9323399305343628,0.9692115783691406,0.0,,,,,,,,,,,,,,
alpha_path_prob_a075_eps1em6,0.75,1e-06,percent,0.5%,163,0.005006142506142506,87.0,81.0,0.049600912200684154,0.049300060864272674,0.5337423312883436,3064.6627789158088,0.052451699836277,2873.9034799947017,0.051807650227131616,0.8292738231901842,0.8610104,0.9057127116647966,0.9495362639427184,0.0,,,,,,,,,,,,,,
alpha_path_prob_a075_eps1em6,0.75,1e-06,percent,1%,326,0.010012285012285013,141.0,131.0,0.08038768529076397,0.07973219720024345,0.4325153374233129,4867.088480480796,0.08330021358666208,4508.801295153375,0.08127983492450996,0.7302601321165645,0.6986891,0.8238125873123942,0.8600262403488159,0.0,,,,,,,,,,,,,,
alpha_path_prob_a075_eps1em6,0.75,1e-06,fixed,500,500,0.015356265356265357,222.0,211.0,0.1265678449258837,0.12842361533779673,0.444,7864.8485790337,0.13460687412766012,7485.785033809306,0.13494570552098156,0.62169684806,0.59134614,0.7953817477226257,0.8506251275539398,0.0,,,,,,,,,,,,,,
alpha_path_prob_a075_eps1em6,0.75,1e-06,percent,2%,651,0.019993857493857493,279.0,266.0,0.15906499429874574,0.16189896530736458,0.42857142857142855,9782.120800459707,0.16742098592962668,9349.894001771125,0.1685498630961007,0.5539075507373272,0.5572419,0.7826179673182799,0.8515721559524536,0.0,,,,,,,,,,,,,,
alpha_path_prob_a075_eps1em6,0.75,1e-06,fixed,1000,1000,0.030712530712530713,402.0,381.0,0.2291904218928164,0.23189287888009738,0.402,14049.357112216308,0.24045473035807619,13328.292028729862,0.24026815665736143,0.457427150331,0.32952484,0.7604181630015373,0.8480756878852844,0.0,,,,,,,,,,,,,,
alpha_path_prob_a075_eps1em6,0.75,1e-06,percent,5%,1628,0.05,616.0,579.0,0.35119726339794755,0.3524041387705417,0.3783783783783784,21007.12482781968,0.3595369165810167,19953.433131400634,0.35969909626330576,0.3713863683316953,0.19251317,0.7123791075492374,0.801125705242157,19.0,,,,,,,,,,,,,,
alpha_path_prob_a075_eps1em6,0.75,1e-06,fixed,2000,2000,0.06142506142506143,743.0,697.0,0.42360319270239455,0.42422398052343274,0.3715,25219.00067939638,0.4316231667989673,23948.457365684844,0.43171710926181195,0.33932050863950003,0.18289208,0.6938573276028037,0.7891974151134491,111.0,,,,,,,,,,,,,,
alpha_path_prob_a075_eps1em6,0.75,1e-06,percent,10%,3256,0.1,1037.0,963.0,0.5912200684150513,0.5861229458307973,0.31848894348894347,34992.02260247865,0.5988884254530413,32823.760697434765,0.5917115606662284,0.28999516727733415,0.13354996,0.6205714964742615,0.7109131217002869,312.0,,,,,,,,,,,,,,
alpha_path_prob_a075_eps1em6,0.75,1e-06,fixed,5000,5000,0.15356265356265356,1317.0,1228.0,0.7508551881413911,0.7474132684114425,0.2634,44045.24542484142,0.7538343233496756,41598.697892093944,0.749896718974603,0.25117836588942,0.10501832,0.5366731598827988,0.5098983645439148,480.0,,,,,,,,,,,,,,
alpha_path_prob_a075_eps1em6,0.75,1e-06,fixed,10000,10000,0.3071253071253071,1627.0,1530.0,0.927594070695553,0.931223371880706,0.1627,54418.43604428014,0.9313714685320138,51821.84179882689,0.9341885949643383,0.210103741805679,0.08018608,0.3614354011020158,0.19017693400382996,672.0,,,,,,,,,,,,,,
alpha_path_prob_a0_eps0,0.0,0.0,fixed,100,100,0.003071253071253071,94.0,88.0,0.053591790193842644,0.05356055995130858,0.94,7282.215150898945,0.12463510369426953,6794.059792515154,0.12247602461356581,0.12714072157447,0.040972455,0.9999813556671142,0.9999896883964539,55.0,,,,,,,,,,,,,,
alpha_path_prob_a0_eps0,0.0,0.0,percent,0.5%,163,0.005006142506142506,156.0,150.0,0.08893956670467502,0.09129640900791236,0.9570552147239264,9175.966812325014,0.15704666113965715,8687.811453941224,0.15661454888035575,0.1128416400961595,0.039674986,0.9999612328465,0.9999544620513916,96.0,,,,,,,,,,,,,,
alpha_path_prob_a0_eps0,0.0,0.0,percent,1%,326,0.010012285012285013,311.0,304.0,0.17730900798175597,0.18502738892270237,0.9539877300613497,15657.663691752772,0.26798089556454613,15088.149106971683,0.27199297295476266,0.11023019668663804,0.029755248,0.9999218179038697,0.9999213218688965,199.0,,,,,,,,,,,,,,
alpha_path_prob_a0_eps0,0.0,0.0,fixed,500,500,0.015356265356265357,469.0,461.0,0.26738882554161914,0.28058429701765064,0.938,21876.80834248418,0.37442154890584245,21286.517397806118,0.383730509940899,0.110443470257382,0.03140664,0.9997748879194259,0.9998998045921326,291.0,,,,,,,,,,,,,,
alpha_path_prob_a0_eps0,0.0,0.0,percent,2%,651,0.019993857493857493,532.0,523.0,0.3033067274800456,0.3183201460742544,0.8172043010752689,23774.125750243453,0.40689413409550534,23148.717672272753,0.41730025963639467,0.10729784555125192,0.03140664,0.9986648172277459,0.9997552037239076,335.0,,,,,,,,,,,,,,
alpha_path_prob_a0_eps0,0.0,0.0,fixed,1000,1000,0.030712530712530713,661.0,645.0,0.3768529076396807,0.39257455873402314,0.661,27005.27892936892,0.4621953169344467,26159.481493776246,0.4715750813437829,0.11119751883670599,0.029755248,0.9921404576301575,0.9978501796722412,418.0,,,,,,,,,,,,,,
alpha_path_prob_a0_eps0,0.0,0.0,percent,5%,1628,0.05,986.0,960.0,0.5621436716077537,0.5842970176506391,0.6056511056511057,36167.266790796486,0.6190027283460282,34994.915909109055,0.630850818674797,0.11048521746331327,0.03140664,0.9689235426577069,0.9810527861118317,618.0,,,,,,,,,,,,,,
alpha_path_prob_a0_eps0,0.0,0.0,fixed,2000,2000,0.06142506142506143,1159.0,1124.0,0.6607753705815279,0.6841144248326233,0.5795,41324.101745659354,0.7072619524990289,39922.61106208227,0.7196820228847723,0.11151976446989749,0.030580944,0.9457761067450047,0.9661130011081696,726.0,,,,,,,,,,,,,,
alpha_path_prob_a0_eps0,0.0,0.0,percent,10%,3256,0.1,1464.0,1392.0,0.8346636259977195,0.8472306755934267,0.44963144963144963,49405.40111369564,0.8455733816244514,47262.098871547874,0.8519904389209961,0.11542727517523434,0.03140664,0.8425819471899503,0.8832069933414459,743.0,,,,,,,,,,,,,,
alpha_path_prob_a0_eps0,0.0,0.0,fixed,5000,5000,0.15356265356265356,1705.0,1621.0,0.9720638540478905,0.9866098600121729,0.341,57360.971217489525,0.9817329545410771,55011.96671497075,0.9916967461555339,0.11290372723409542,0.029649075,0.6798706529349089,0.7344274520874023,743.0,,,,,,,,,,,,,,
alpha_path_prob_a0_eps0,0.0,0.0,fixed,10000,10000,0.3071253071253071,1733.0,1637.0,0.9880273660205245,0.9963481436396835,0.1733,57918.088257365984,0.9912680120196076,55390.11202680743,0.9985135443490142,0.11245301273794062,0.029649075,0.39848226435519757,0.24626083672046656,743.0,,,,,,,,,,,,,,
alpha_path_prob_a0_eps1em2,0.0,0.01,fixed,100,100,0.003071253071253071,94.0,88.0,0.053591790193842644,0.05356055995130858,0.94,7282.215150898945,0.12463510369426953,6794.059792515154,0.12247602461356581,0.12714072157447,0.040972455,0.9999813556671142,0.9999896883964539,55.0,,,,,,,,,,,,,,
alpha_path_prob_a0_eps1em2,0.0,0.01,percent,0.5%,163,0.005006142506142506,156.0,150.0,0.08893956670467502,0.09129640900791236,0.9570552147239264,9175.966812325014,0.15704666113965715,8687.811453941224,0.15661454888035575,0.1128416400961595,0.039674986,0.9999612328465,0.9999544620513916,96.0,,,,,,,,,,,,,,
alpha_path_prob_a0_eps1em2,0.0,0.01,percent,1%,326,0.010012285012285013,311.0,304.0,0.17730900798175597,0.18502738892270237,0.9539877300613497,15657.663691752772,0.26798089556454613,15088.149106971683,0.27199297295476266,0.11023019668663804,0.029755248,0.9999218179038697,0.9999213218688965,199.0,,,,,,,,,,,,,,
alpha_path_prob_a0_eps1em2,0.0,0.01,fixed,500,500,0.015356265356265357,469.0,461.0,0.26738882554161914,0.28058429701765064,0.938,21876.80834248418,0.37442154890584245,21286.517397806118,0.383730509940899,0.110443470257382,0.03140664,0.9997748879194259,0.9998998045921326,291.0,,,,,,,,,,,,,,
alpha_path_prob_a0_eps1em2,0.0,0.01,percent,2%,651,0.019993857493857493,532.0,523.0,0.3033067274800456,0.3183201460742544,0.8172043010752689,23774.125750243453,0.40689413409550534,23148.717672272753,0.41730025963639467,0.10729784555125192,0.03140664,0.9986648172277459,0.9997552037239076,335.0,,,,,,,,,,,,,,
alpha_path_prob_a0_eps1em2,0.0,0.01,fixed,1000,1000,0.030712530712530713,661.0,645.0,0.3768529076396807,0.39257455873402314,0.661,27005.27892936892,0.4621953169344467,26159.481493776246,0.4715750813437829,0.11119751883670599,0.029755248,0.9921404576301575,0.9978501796722412,418.0,,,,,,,,,,,,,,
alpha_path_prob_a0_eps1em2,0.0,0.01,percent,5%,1628,0.05,986.0,960.0,0.5621436716077537,0.5842970176506391,0.6056511056511057,36167.266790796486,0.6190027283460282,34994.915909109055,0.630850818674797,0.11048521746331327,0.03140664,0.9689235426577069,0.9810527861118317,618.0,,,,,,,,,,,,,,
alpha_path_prob_a0_eps1em2,0.0,0.01,fixed,2000,2000,0.06142506142506143,1159.0,1124.0,0.6607753705815279,0.6841144248326233,0.5795,41324.101745659354,0.7072619524990289,39922.61106208227,0.7196820228847723,0.11151976446989749,0.030580944,0.9457761067450047,0.9661130011081696,726.0,,,,,,,,,,,,,,
alpha_path_prob_a0_eps1em2,0.0,0.01,percent,10%,3256,0.1,1464.0,1392.0,0.8346636259977195,0.8472306755934267,0.44963144963144963,49405.40111369564,0.8455733816244514,47262.098871547874,0.8519904389209961,0.11542727517523434,0.03140664,0.8425819471899503,0.8832069933414459,743.0,,,,,,,,,,,,,,
alpha_path_prob_a0_eps1em2,0.0,0.01,fixed,5000,5000,0.15356265356265356,1705.0,1621.0,0.9720638540478905,0.9866098600121729,0.341,57360.971217489525,0.9817329545410771,55011.96671497075,0.9916967461555339,0.11290372723409542,0.029649075,0.6798706529349089,0.7344274520874023,743.0,,,,,,,,,,,,,,
alpha_path_prob_a0_eps1em2,0.0,0.01,fixed,10000,10000,0.3071253071253071,1733.0,1637.0,0.9880273660205245,0.9963481436396835,0.1733,57918.088257365984,0.9912680120196076,55390.11202680743,0.9985135443490142,0.11245301273794062,0.029649075,0.39848226435519757,0.24626083672046656,743.0,,,,,,,,,,,,,,
alpha_path_prob_a0_eps1em3,0.0,0.001,fixed,100,100,0.003071253071253071,94.0,88.0,0.053591790193842644,0.05356055995130858,0.94,7282.215150898945,0.12463510369426953,6794.059792515154,0.12247602461356581,0.12714072157447,0.040972455,0.9999813556671142,0.9999896883964539,55.0,,,,,,,,,,,,,,
alpha_path_prob_a0_eps1em3,0.0,0.001,percent,0.5%,163,0.005006142506142506,156.0,150.0,0.08893956670467502,0.09129640900791236,0.9570552147239264,9175.966812325014,0.15704666113965715,8687.811453941224,0.15661454888035575,0.1128416400961595,0.039674986,0.9999612328465,0.9999544620513916,96.0,,,,,,,,,,,,,,
alpha_path_prob_a0_eps1em3,0.0,0.001,percent,1%,326,0.010012285012285013,311.0,304.0,0.17730900798175597,0.18502738892270237,0.9539877300613497,15657.663691752772,0.26798089556454613,15088.149106971683,0.27199297295476266,0.11023019668663804,0.029755248,0.9999218179038697,0.9999213218688965,199.0,,,,,,,,,,,,,,
alpha_path_prob_a0_eps1em3,0.0,0.001,fixed,500,500,0.015356265356265357,469.0,461.0,0.26738882554161914,0.28058429701765064,0.938,21876.80834248418,0.37442154890584245,21286.517397806118,0.383730509940899,0.110443470257382,0.03140664,0.9997748879194259,0.9998998045921326,291.0,,,,,,,,,,,,,,
alpha_path_prob_a0_eps1em3,0.0,0.001,percent,2%,651,0.019993857493857493,532.0,523.0,0.3033067274800456,0.3183201460742544,0.8172043010752689,23774.125750243453,0.40689413409550534,23148.717672272753,0.41730025963639467,0.10729784555125192,0.03140664,0.9986648172277459,0.9997552037239076,335.0,,,,,,,,,,,,,,
alpha_path_prob_a0_eps1em3,0.0,0.001,fixed,1000,1000,0.030712530712530713,661.0,645.0,0.3768529076396807,0.39257455873402314,0.661,27005.27892936892,0.4621953169344467,26159.481493776246,0.4715750813437829,0.11119751883670599,0.029755248,0.9921404576301575,0.9978501796722412,418.0,,,,,,,,,,,,,,
alpha_path_prob_a0_eps1em3,0.0,0.001,percent,5%,1628,0.05,986.0,960.0,0.5621436716077537,0.5842970176506391,0.6056511056511057,36167.266790796486,0.6190027283460282,34994.915909109055,0.630850818674797,0.11048521746331327,0.03140664,0.9689235426577069,0.9810527861118317,618.0,,,,,,,,,,,,,,
alpha_path_prob_a0_eps1em3,0.0,0.001,fixed,2000,2000,0.06142506142506143,1159.0,1124.0,0.6607753705815279,0.6841144248326233,0.5795,41324.101745659354,0.7072619524990289,39922.61106208227,0.7196820228847723,0.11151976446989749,0.030580944,0.9457761067450047,0.9661130011081696,726.0,,,,,,,,,,,,,,
alpha_path_prob_a0_eps1em3,0.0,0.001,percent,10%,3256,0.1,1464.0,1392.0,0.8346636259977195,0.8472306755934267,0.44963144963144963,49405.40111369564,0.8455733816244514,47262.098871547874,0.8519904389209961,0.11542727517523434,0.03140664,0.8425819471899503,0.8832069933414459,743.0,,,,,,,,,,,,,,
alpha_path_prob_a0_eps1em3,0.0,0.001,fixed,5000,5000,0.15356265356265356,1705.0,1621.0,0.9720638540478905,0.9866098600121729,0.341,57360.971217489525,0.9817329545410771,55011.96671497075,0.9916967461555339,0.11290372723409542,0.029649075,0.6798706529349089,0.7344274520874023,743.0,,,,,,,,,,,,,,
alpha_path_prob_a0_eps1em3,0.0,0.001,fixed,10000,10000,0.3071253071253071,1733.0,1637.0,0.9880273660205245,0.9963481436396835,0.1733,57918.088257365984,0.9912680120196076,55390.11202680743,0.9985135443490142,0.11245301273794062,0.029649075,0.39848226435519757,0.24626083672046656,743.0,,,,,,,,,,,,,,
alpha_path_prob_a0_eps1em4,0.0,0.0001,fixed,100,100,0.003071253071253071,94.0,88.0,0.053591790193842644,0.05356055995130858,0.94,7282.215150898945,0.12463510369426953,6794.059792515154,0.12247602461356581,0.12714072157447,0.040972455,0.9999813556671142,0.9999896883964539,55.0,,,,,,,,,,,,,,
alpha_path_prob_a0_eps1em4,0.0,0.0001,percent,0.5%,163,0.005006142506142506,156.0,150.0,0.08893956670467502,0.09129640900791236,0.9570552147239264,9175.966812325014,0.15704666113965715,8687.811453941224,0.15661454888035575,0.1128416400961595,0.039674986,0.9999612328465,0.9999544620513916,96.0,,,,,,,,,,,,,,
alpha_path_prob_a0_eps1em4,0.0,0.0001,percent,1%,326,0.010012285012285013,311.0,304.0,0.17730900798175597,0.18502738892270237,0.9539877300613497,15657.663691752772,0.26798089556454613,15088.149106971683,0.27199297295476266,0.11023019668663804,0.029755248,0.9999218179038697,0.9999213218688965,199.0,,,,,,,,,,,,,,
alpha_path_prob_a0_eps1em4,0.0,0.0001,fixed,500,500,0.015356265356265357,469.0,461.0,0.26738882554161914,0.28058429701765064,0.938,21876.80834248418,0.37442154890584245,21286.517397806118,0.383730509940899,0.110443470257382,0.03140664,0.9997748879194259,0.9998998045921326,291.0,,,,,,,,,,,,,,
alpha_path_prob_a0_eps1em4,0.0,0.0001,percent,2%,651,0.019993857493857493,532.0,523.0,0.3033067274800456,0.3183201460742544,0.8172043010752689,23774.125750243453,0.40689413409550534,23148.717672272753,0.41730025963639467,0.10729784555125192,0.03140664,0.9986648172277459,0.9997552037239076,335.0,,,,,,,,,,,,,,
alpha_path_prob_a0_eps1em4,0.0,0.0001,fixed,1000,1000,0.030712530712530713,661.0,645.0,0.3768529076396807,0.39257455873402314,0.661,27005.27892936892,0.4621953169344467,26159.481493776246,0.4715750813437829,0.11119751883670599,0.029755248,0.9921404576301575,0.9978501796722412,418.0,,,,,,,,,,,,,,
alpha_path_prob_a0_eps1em4,0.0,0.0001,percent,5%,1628,0.05,986.0,960.0,0.5621436716077537,0.5842970176506391,0.6056511056511057,36167.266790796486,0.6190027283460282,34994.915909109055,0.630850818674797,0.11048521746331327,0.03140664,0.9689235426577069,0.9810527861118317,618.0,,,,,,,,,,,,,,
alpha_path_prob_a0_eps1em4,0.0,0.0001,fixed,2000,2000,0.06142506142506143,1159.0,1124.0,0.6607753705815279,0.6841144248326233,0.5795,41324.101745659354,0.7072619524990289,39922.61106208227,0.7196820228847723,0.11151976446989749,0.030580944,0.9457761067450047,0.9661130011081696,726.0,,,,,,,,,,,,,,
alpha_path_prob_a0_eps1em4,0.0,0.0001,percent,10%,3256,0.1,1464.0,1392.0,0.8346636259977195,0.8472306755934267,0.44963144963144963,49405.40111369564,0.8455733816244514,47262.098871547874,0.8519904389209961,0.11542727517523434,0.03140664,0.8425819471899503,0.8832069933414459,743.0,,,,,,,,,,,,,,
alpha_path_prob_a0_eps1em4,0.0,0.0001,fixed,5000,5000,0.15356265356265356,1705.0,1621.0,0.9720638540478905,0.9866098600121729,0.341,57360.971217489525,0.9817329545410771,55011.96671497075,0.9916967461555339,0.11290372723409542,0.029649075,0.6798706529349089,0.7344274520874023,743.0,,,,,,,,,,,,,,
alpha_path_prob_a0_eps1em4,0.0,0.0001,fixed,10000,10000,0.3071253071253071,1733.0,1637.0,0.9880273660205245,0.9963481436396835,0.1733,57918.088257365984,0.9912680120196076,55390.11202680743,0.9985135443490142,0.11245301273794062,0.029649075,0.39848226435519757,0.24626083672046656,743.0,,,,,,,,,,,,,,
alpha_path_prob_a0_eps1em6,0.0,1e-06,fixed,100,100,0.003071253071253071,94.0,88.0,0.053591790193842644,0.05356055995130858,0.94,7282.215150898945,0.12463510369426953,6794.059792515154,0.12247602461356581,0.12714072157447,0.040972455,0.9999813556671142,0.9999896883964539,55.0,,,,,,,,,,,,,,
alpha_path_prob_a0_eps1em6,0.0,1e-06,percent,0.5%,163,0.005006142506142506,156.0,150.0,0.08893956670467502,0.09129640900791236,0.9570552147239264,9175.966812325014,0.15704666113965715,8687.811453941224,0.15661454888035575,0.1128416400961595,0.039674986,0.9999612328465,0.9999544620513916,96.0,,,,,,,,,,,,,,
alpha_path_prob_a0_eps1em6,0.0,1e-06,percent,1%,326,0.010012285012285013,311.0,304.0,0.17730900798175597,0.18502738892270237,0.9539877300613497,15657.663691752772,0.26798089556454613,15088.149106971683,0.27199297295476266,0.11023019668663804,0.029755248,0.9999218179038697,0.9999213218688965,199.0,,,,,,,,,,,,,,
alpha_path_prob_a0_eps1em6,0.0,1e-06,fixed,500,500,0.015356265356265357,469.0,461.0,0.26738882554161914,0.28058429701765064,0.938,21876.80834248418,0.37442154890584245,21286.517397806118,0.383730509940899,0.110443470257382,0.03140664,0.9997748879194259,0.9998998045921326,291.0,,,,,,,,,,,,,,
alpha_path_prob_a0_eps1em6,0.0,1e-06,percent,2%,651,0.019993857493857493,532.0,523.0,0.3033067274800456,0.3183201460742544,0.8172043010752689,23774.125750243453,0.40689413409550534,23148.717672272753,0.41730025963639467,0.10729784555125192,0.03140664,0.9986648172277459,0.9997552037239076,335.0,,,,,,,,,,,,,,
alpha_path_prob_a0_eps1em6,0.0,1e-06,fixed,1000,1000,0.030712530712530713,661.0,645.0,0.3768529076396807,0.39257455873402314,0.661,27005.27892936892,0.4621953169344467,26159.481493776246,0.4715750813437829,0.11119751883670599,0.029755248,0.9921404576301575,0.9978501796722412,418.0,,,,,,,,,,,,,,
alpha_path_prob_a0_eps1em6,0.0,1e-06,percent,5%,1628,0.05,986.0,960.0,0.5621436716077537,0.5842970176506391,0.6056511056511057,36167.266790796486,0.6190027283460282,34994.915909109055,0.630850818674797,0.11048521746331327,0.03140664,0.9689235426577069,0.9810527861118317,618.0,,,,,,,,,,,,,,
alpha_path_prob_a0_eps1em6,0.0,1e-06,fixed,2000,2000,0.06142506142506143,1159.0,1124.0,0.6607753705815279,0.6841144248326233,0.5795,41324.101745659354,0.7072619524990289,39922.61106208227,0.7196820228847723,0.11151976446989749,0.030580944,0.9457761067450047,0.9661130011081696,726.0,,,,,,,,,,,,,,
alpha_path_prob_a0_eps1em6,0.0,1e-06,percent,10%,3256,0.1,1464.0,1392.0,0.8346636259977195,0.8472306755934267,0.44963144963144963,49405.40111369564,0.8455733816244514,47262.098871547874,0.8519904389209961,0.11542727517523434,0.03140664,0.8425819471899503,0.8832069933414459,743.0,,,,,,,,,,,,,,
alpha_path_prob_a0_eps1em6,0.0,1e-06,fixed,5000,5000,0.15356265356265356,1705.0,1621.0,0.9720638540478905,0.9866098600121729,0.341,57360.971217489525,0.9817329545410771,55011.96671497075,0.9916967461555339,0.11290372723409542,0.029649075,0.6798706529349089,0.7344274520874023,743.0,,,,,,,,,,,,,,
alpha_path_prob_a0_eps1em6,0.0,1e-06,fixed,10000,10000,0.3071253071253071,1733.0,1637.0,0.9880273660205245,0.9963481436396835,0.1733,57918.088257365984,0.9912680120196076,55390.11202680743,0.9985135443490142,0.11245301273794062,0.029649075,0.39848226435519757,0.24626083672046656,743.0,,,,,,,,,,,,,,
alpha_path_prob_a1_eps0,1.0,0.0,fixed,100,100,0.003071253071253071,57.0,51.0,0.03249714937286203,0.0310407790626902,0.57,2018.21342097023,0.03454172031277323,1827.4541220491228,0.032943383318296195,0.9119528563999999,0.95027333,0.9122169637680053,0.9496977627277374,0.0,,,,,,,,,,,,,,
alpha_path_prob_a1_eps0,1.0,0.0,percent,0.5%,163,0.005006142506142506,85.0,79.0,0.04846066134549601,0.04808277541083384,0.5214723926380368,3030.497140350286,0.05186695497263901,2839.7378414291784,0.0511917487311661,0.8494930360122699,0.88282883,0.8863586509154618,0.9476514458656312,0.0,,,,,,,,,,,,,,
alpha_path_prob_a1_eps0,1.0,0.0,percent,1%,326,0.010012285012285013,139.0,129.0,0.07924743443557583,0.07851491174680462,0.4263803680981595,4831.639565859364,0.08269350545484505,4473.352380531943,0.08064079990387593,0.7517043351226994,0.6986891,0.8026597954195701,0.8418701589107513,0.0,,,,,,,,,,,,,,
alpha_path_prob_a1_eps0,1.0,0.0,fixed,500,500,0.015356265356265357,203.0,190.0,0.11573546180159636,0.11564211807668898,0.406,7027.016386988351,0.12026737715178747,6592.422808491321,0.11884112928257169,0.67322063544,0.6807031,0.7400187172293663,0.8114143908023834,0.0,,,,,,,,,,,,,,
alpha_path_prob_a1_eps0,1.0,0.0,percent,2%,651,0.019993857493857493,250.0,237.0,0.14253135689851767,0.14424832623250153,0.38402457757296465,8657.416881273051,0.14817167968304096,8222.823302776023,0.14823224110174807,0.6173006379109063,0.59134614,0.714707530542819,0.798006534576416,0.0,,,,,,,,,,,,,,
alpha_path_prob_a1_eps0,1.0,0.0,fixed,1000,1000,0.030712530712530713,360.0,341.0,0.20524515393386544,0.20754716981132076,0.36,12400.524042676152,0.2122349543231275,11766.731146515252,0.2121180115473055,0.51919157873,0.5032925,0.6890684499889612,0.7785576581954956,0.0,,,,,,,,,,,,,,
alpha_path_prob_a1_eps0,1.0,0.0,percent,5%,1628,0.05,559.0,522.0,0.3187001140250855,0.317711503347535,0.34336609336609336,18729.60131236268,0.320557104307813,17691.444689839056,0.3189223941875447,0.4274420937162163,0.2666303,0.6496906464859953,0.7461890876293182,0.0,,,,,,,,,,,,,,
alpha_path_prob_a1_eps0,1.0,0.0,fixed,2000,2000,0.06142506142506143,634.0,593.0,0.3614595210946408,0.36092513694461353,0.317,21342.40583018616,0.36527525053995036,20216.65305029085,0.36444414270818615,0.406830535916,0.248285815,0.613522148532793,0.7077791690826416,13.0,,,,,,,,,,,,,,
alpha_path_prob_a1_eps0,1.0,0.0,percent,10%,3256,0.1,922.0,859.0,0.5256556442417332,0.5228241022519781,0.2831695331695332,31083.7885346141,0.5319990040041782,29291.497538733653,0.5280357081158472,0.34065389084090913,0.17972817,0.5565787825627019,0.5610985159873962,223.0,,,,,,,,,,,,,,
alpha_path_prob_a1_eps0,1.0,0.0,fixed,5000,5000,0.15356265356265356,1185.0,1099.0,0.6755986316989738,0.6688983566646378,0.237,39757.715412389065,0.6804532522578214,37334.649045041675,0.6730290187344073,0.2992734515569,0.14211749,0.48401558251027016,0.4599466025829315,399.0,,,,,,,,,,,,,,
alpha_path_prob_a1_eps0,1.0,0.0,fixed,10000,10000,0.3071253071253071,1531.0,1434.0,0.8728620296465223,0.8727936701156421,0.1531,51170.796120571315,0.8757881150790285,48574.20187511807,0.8756436248905747,0.23303421597312998,0.101857536,0.33659712475000414,0.15902292728424072,603.0,,,,,,,,,,,,,,
alpha_path_prob_a1_eps1em2,1.0,0.01,fixed,100,100,0.003071253071253071,58.0,52.0,0.0330672748004561,0.03164942178940962,0.58,2099.572647367528,0.03593418337633173,1908.8133484464208,0.03441004020962263,0.9101306217,0.95027333,0.9143110716342926,0.9512714147567749,0.0,,,,,,,,,,,,,,
alpha_path_prob_a1_eps1em2,1.0,0.01,percent,0.5%,163,0.005006142506142506,85.0,79.0,0.04846066134549601,0.04808277541083384,0.5214723926380368,3030.497140350286,0.051866954972639025,2839.7378414291784,0.05119174873116611,0.8494930360122699,0.88282883,0.8863586509154618,0.9476514458656312,0.0,,,,,,,,,,,,,,
alpha_path_prob_a1_eps1em2,1.0,0.01,percent,1%,326,0.010012285012285013,139.0,129.0,0.07924743443557583,0.07851491174680462,0.4263803680981595,4831.639565859364,0.08269350545484508,4473.352380531943,0.08064079990387595,0.7496509245092023,0.6986891,0.8046028288595516,0.8431076109409332,0.0,,,,,,,,,,,,,,
alpha_path_prob_a1_eps1em2,1.0,0.01,fixed,500,500,0.015356265356265357,203.0,190.0,0.11573546180159636,0.11564211807668898,0.406,7027.016386988351,0.1202673771517875,6592.422808491321,0.1188411292825717,0.6717662824399999,0.6807031,0.7411134666502476,0.8114143908023834,0.0,,,,,,,,,,,,,,
alpha_path_prob_a1_eps1em2,1.0,0.01,percent,2%,651,0.019993857493857493,254.0,241.0,0.14481185860889395,0.14668289713937918,0.3901689708141321,8872.208235507376,0.15184783345670738,8437.614657010346,0.1521042693133581,0.6067173667281105,0.59134614,0.7272174730324709,0.8135009407997131,0.0,,,,,,,,,,,,,,
alpha_path_prob_a1_eps1em2,1.0,0.01,fixed,1000,1000,0.030712530712530713,370.0,351.0,0.21094640820980615,0.21363359707851493,0.37,12783.643084334806,0.21879203626796423,12149.850188173907,0.2190244708086451,0.506987619142,0.4987751,0.7037198785990476,0.7963814735412598,0.0,,,,,,,,,,,,,,
alpha_path_prob_a1_eps1em2,1.0,0.01,percent,5%,1628,0.05,572.0,536.0,0.3261117445838084,0.3262325015216068,0.35135135135135137,19218.358012654455,0.32892217465520796,18198.547888091703,0.3280639068747354,0.41596743154361177,0.25846237,0.6646179974225581,0.76038658618927,0.0,,,,,,,,,,,,,,
alpha_path_prob_a1_eps1em2,1.0,0.01,fixed,2000,2000,0.06142506142506143,665.0,621.0,0.379133409350057,0.37796713329275716,0.3325,22437.145367748384,0.38401171643047577,21224.56194924558,0.38261364354958405,0.39285199137899995,0.23462006,0.6357111205346883,0.7340691089630127,40.0,,,,,,,,,,,,,,
alpha_path_prob_a1_eps1em2,1.0,0.01,percent,10%,3256,0.1,986.0,916.0,0.5621436716077537,0.5575167376749848,0.30282555282555285,33276.073381312046,0.5695199565623906,31179.152884023708,0.5620643345324667,0.3224252187453931,0.15912595,0.5895992681104919,0.6682271361351013,278.0,,,,,,,,,,,,,,
alpha_path_prob_a1_eps1em2,1.0,0.01,fixed,5000,5000,0.15356265356265356,1340.0,1254.0,0.7639680729760547,0.7632379793061473,0.268,45131.80273584004,0.7724307504422427,42718.146078689446,0.7700769304890981,0.2720395774535,0.11417961,0.5386630893828347,0.5277931392192841,526.0,,,,,,,,,,,,,,
alpha_path_prob_a1_eps1em2,1.0,0.01,fixed,10000,10000,0.3071253071253071,1734.0,1637.0,0.9885974914481186,0.9963481436396835,0.1734,57950.65069595594,0.9918253181175603,55366.48053531734,0.9980875411606727,0.21452227059243859,0.08018608,0.38143412535060195,0.24043108522891996,743.0,,,,,,,,,,,,,,
alpha_path_prob_a1_eps1em3,1.0,0.001,fixed,100,100,0.003071253071253071,57.0,51.0,0.03249714937286203,0.0310407790626902,0.57,2018.21342097023,0.03454172031277323,1827.4541220491228,0.032943383318296195,0.9119528563999998,0.95027333,0.9122169637680053,0.9496977627277374,0.0,,,,,,,,,,,,,,
alpha_path_prob_a1_eps1em3,1.0,0.001,percent,0.5%,163,0.005006142506142506,85.0,79.0,0.04846066134549601,0.04808277541083384,0.5214723926380368,3030.4971403502855,0.051866954972639004,2839.7378414291784,0.0511917487311661,0.8494930360122699,0.88282883,0.8863586509154618,0.9476514458656312,0.0,,,,,,,,,,,,,,
alpha_path_prob_a1_eps1em3,1.0,0.001,percent,1%,326,0.010012285012285013,139.0,129.0,0.07924743443557583,0.07851491174680462,0.4263803680981595,4831.639565859364,0.08269350545484505,4473.352380531943,0.08064079990387593,0.7517043351226994,0.6986891,0.8026597954195701,0.8418701589107513,0.0,,,,,,,,,,,,,,
alpha_path_prob_a1_eps1em3,1.0,0.001,fixed,500,500,0.015356265356265357,203.0,190.0,0.11573546180159636,0.11564211807668898,0.406,7027.016386988351,0.12026737715178747,6592.422808491321,0.11884112928257169,0.67322063544,0.6807031,0.7400187172293663,0.8114143908023834,0.0,,,,,,,,,,,,,,
alpha_path_prob_a1_eps1em3,1.0,0.001,percent,2%,651,0.019993857493857493,252.0,239.0,0.14367160775370583,0.14546561168594035,0.3870967741935484,8759.548403775218,0.14991966056986492,8324.95482527819,0.15007335867295,0.615673565514593,0.59134614,0.7170673386979213,0.7991033792495728,0.0,,,,,,,,,,,,,,
alpha_path_prob_a1_eps1em3,1.0,0.001,fixed,1000,1000,0.030712530712530713,361.0,342.0,0.20581527936145952,0.20815581253804016,0.361,12437.291205264368,0.2128642242673368,11803.498309103466,0.21278081052871659,0.51790263981,0.5032925,0.6907193321809173,0.7816638052463531,0.0,,,,,,,,,,,,,,
alpha_path_prob_a1_eps1em3,1.0,0.001,percent,5%,1628,0.05,562.0,525.0,0.3204104903078677,0.31953743152769326,0.3452088452088452,18853.55377742704,0.3226785506007792,17815.397154903414,0.32115687631248263,0.42566510173157246,0.2666303,0.6516847072823627,0.7476483583450317,0.0,,,,,,,,,,,,,,
alpha_path_prob_a1_eps1em3,1.0,0.001,fixed,2000,2000,0.06142506142506143,637.0,596.0,0.36316989737742306,0.36275106512477173,0.3185,21476.052144736175,0.3675626070553977,20350.299364840866,0.3668533751568574,0.4057616376265,0.23810926,0.6159469542261213,0.7106221318244934,16.0,,,,,,,,,,,,,,
alpha_path_prob_a1_eps1em3,1.0,0.001,percent,10%,3256,0.1,926.0,863.0,0.5279361459521095,0.5252586731588558,0.2843980343980344,31177.95029750286,0.5336105824646452,29385.659301622407,0.5297331554067769,0.3388585653983415,0.17972817,0.5591258162115438,0.5722300112247467,225.0,,,,,,,,,,,,,,
alpha_path_prob_a1_eps1em3,1.0,0.001,fixed,5000,5000,0.15356265356265356,1196.0,1110.0,0.6818700114025086,0.6755934266585514,0.2392,40075.890515086874,0.6858988187641586,37652.824147739484,0.6787647383040778,0.2965170497578,0.13911878,0.489069718567282,0.4599466025829315,409.0,,,,,,,,,,,,,,
alpha_path_prob_a1_eps1em3,1.0,0.001,fixed,10000,10000,0.3071253071253071,1577.0,1481.0,0.8990877993158495,0.9013998782714546,0.1577,52830.92652206747,0.9042012449370418,50252.678774575106,0.9059014065894753,0.23048050082512,0.100637786,0.346147830487648,0.16982346028089518,642.0,,,,,,,,,,,,,,
alpha_path_prob_a1_eps1em4,1.0,0.0001,fixed,100,100,0.003071253071253071,57.0,51.0,0.03249714937286203,0.0310407790626902,0.57,2018.21342097023,0.03454172031277323,1827.4541220491228,0.032943383318296195,0.9119528563999998,0.95027333,0.9122169637680053,0.9496977627277374,0.0,,,,,,,,,,,,,,
alpha_path_prob_a1_eps1em4,1.0,0.0001,percent,0.5%,163,0.005006142506142506,85.0,79.0,0.04846066134549601,0.04808277541083384,0.5214723926380368,3030.4971403502855,0.051866954972639004,2839.7378414291784,0.0511917487311661,0.8494930360122699,0.88282883,0.8863586509154618,0.9476514458656312,0.0,,,,,,,,,,,,,,
alpha_path_prob_a1_eps1em4,1.0,0.0001,percent,1%,326,0.010012285012285013,139.0,129.0,0.07924743443557583,0.07851491174680462,0.4263803680981595,4831.639565859364,0.08269350545484505,4473.352380531943,0.08064079990387593,0.7517043351226994,0.6986891,0.8026597954195701,0.8418701589107513,0.0,,,,,,,,,,,,,,
alpha_path_prob_a1_eps1em4,1.0,0.0001,fixed,500,500,0.015356265356265357,203.0,190.0,0.11573546180159636,0.11564211807668898,0.406,7027.016386988351,0.12026737715178747,6592.422808491321,0.11884112928257169,0.67322063544,0.6807031,0.7400187172293663,0.8114143908023834,0.0,,,,,,,,,,,,,,
alpha_path_prob_a1_eps1em4,1.0,0.0001,percent,2%,651,0.019993857493857493,250.0,237.0,0.14253135689851767,0.14424832623250153,0.38402457757296465,8657.416881273051,0.14817167968304096,8222.823302776023,0.14823224110174807,0.6173006379109063,0.59134614,0.714707530542819,0.798006534576416,0.0,,,,,,,,,,,,,,
alpha_path_prob_a1_eps1em4,1.0,0.0001,fixed,1000,1000,0.030712530712530713,360.0,341.0,0.20524515393386544,0.20754716981132076,0.36,12400.524042676152,0.2122349543231275,11766.731146515252,0.2121180115473055,0.51919157873,0.5032925,0.6890684499889612,0.7785576581954956,0.0,,,,,,,,,,,,,,
alpha_path_prob_a1_eps1em4,1.0,0.0001,percent,5%,1628,0.05,559.0,522.0,0.3187001140250855,0.317711503347535,0.34336609336609336,18729.60131236268,0.320557104307813,17691.444689839056,0.3189223941875447,0.4274420937162163,0.2666303,0.6496906464859953,0.7461890876293182,0.0,,,,,,,,,,,,,,
alpha_path_prob_a1_eps1em4,1.0,0.0001,fixed,2000,2000,0.06142506142506143,633.0,592.0,0.36088939566704675,0.3603164942178941,0.3165,21305.638667597945,0.36464598059574105,20179.885887702636,0.36378134372677506,0.4068262996185,0.248285815,0.6135976116191596,0.7077791690826416,13.0,,,,,,,,,,,,,,
alpha_path_prob_a1_eps1em4,1.0,0.0001,percent,10%,3256,0.1,922.0,859.0,0.5256556442417332,0.5228241022519781,0.2831695331695332,31083.7885346141,0.5319990040041782,29291.497538733653,0.5280357081158472,0.34049303377702705,0.17972817,0.5567080095674641,0.5610985159873962,223.0,,,,,,,,,,,,,,
alpha_path_prob_a1_eps1em4,1.0,0.0001,fixed,5000,5000,0.15356265356265356,1186.0,1100.0,0.6761687571265679,0.6695069993913573,0.2372,39794.482574977286,0.6810825222020308,37371.416207629896,0.6736918177158185,0.29878077103969997,0.14211749,0.48451315795127303,0.4599466025829315,400.0,,,,,,,,,,,,,,
alpha_path_prob_a1_eps1em4,1.0,0.0001,fixed,10000,10000,0.3071253071253071,1539.0,1442.0,0.8774230330672748,0.8776628119293974,0.1539,51435.37136059831,0.8803163199991524,48838.77711514506,0.8804131036115869,0.23280732556917,0.101857536,0.3379380893898895,0.16072896867990488,610.0,,,,,,,,,,,,,,
alpha_path_prob_a1_eps1em6,1.0,1e-06,fixed,100,100,0.003071253071253071,57.0,51.0,0.03249714937286203,0.0310407790626902,0.57,2018.21342097023,0.03454172031277323,1827.4541220491228,0.032943383318296195,0.9119528563999999,0.95027333,0.9122169637680053,0.9496977627277374,0.0,,,,,,,,,,,,,,
alpha_path_prob_a1_eps1em6,1.0,1e-06,percent,0.5%,163,0.005006142506142506,85.0,79.0,0.04846066134549601,0.04808277541083384,0.5214723926380368,3030.497140350286,0.05186695497263901,2839.7378414291784,0.0511917487311661,0.8494930360122699,0.88282883,0.8863586509154618,0.9476514458656312,0.0,,,,,,,,,,,,,,
alpha_path_prob_a1_eps1em6,1.0,1e-06,percent,1%,326,0.010012285012285013,139.0,129.0,0.07924743443557583,0.07851491174680462,0.4263803680981595,4831.639565859364,0.08269350545484505,4473.352380531943,0.08064079990387593,0.7517043351226994,0.6986891,0.8026597954195701,0.8418701589107513,0.0,,,,,,,,,,,,,,
alpha_path_prob_a1_eps1em6,1.0,1e-06,fixed,500,500,0.015356265356265357,203.0,190.0,0.11573546180159636,0.11564211807668898,0.406,7027.016386988351,0.12026737715178747,6592.422808491321,0.11884112928257169,0.67322063544,0.6807031,0.7400187172293663,0.8114143908023834,0.0,,,,,,,,,,,,,,
alpha_path_prob_a1_eps1em6,1.0,1e-06,percent,2%,651,0.019993857493857493,250.0,237.0,0.14253135689851767,0.14424832623250153,0.38402457757296465,8657.416881273051,0.14817167968304096,8222.823302776023,0.14823224110174807,0.6173006379109063,0.59134614,0.714707530542819,0.798006534576416,0.0,,,,,,,,,,,,,,
alpha_path_prob_a1_eps1em6,1.0,1e-06,fixed,1000,1000,0.030712530712530713,360.0,341.0,0.20524515393386544,0.20754716981132076,0.36,12400.524042676152,0.2122349543231275,11766.731146515252,0.2121180115473055,0.51919157873,0.5032925,0.6890684499889612,0.7785576581954956,0.0,,,,,,,,,,,,,,
alpha_path_prob_a1_eps1em6,1.0,1e-06,percent,5%,1628,0.05,559.0,522.0,0.3187001140250855,0.317711503347535,0.34336609336609336,18729.60131236268,0.320557104307813,17691.444689839056,0.3189223941875447,0.4274420937162163,0.2666303,0.6496906464859953,0.7461890876293182,0.0,,,,,,,,,,,,,,
alpha_path_prob_a1_eps1em6,1.0,1e-06,fixed,2000,2000,0.06142506142506143,634.0,593.0,0.3614595210946408,0.36092513694461353,0.317,21342.40583018616,0.36527525053995036,20216.65305029085,0.36444414270818615,0.406830535916,0.248285815,0.613522148532793,0.7077791690826416,13.0,,,,,,,,,,,,,,
alpha_path_prob_a1_eps1em6,1.0,1e-06,percent,10%,3256,0.1,922.0,859.0,0.5256556442417332,0.5228241022519781,0.2831695331695332,31083.7885346141,0.5319990040041782,29291.497538733653,0.5280357081158472,0.34065389084090913,0.17972817,0.5565787825627019,0.5610985159873962,223.0,,,,,,,,,,,,,,
alpha_path_prob_a1_eps1em6,1.0,1e-06,fixed,5000,5000,0.15356265356265356,1185.0,1099.0,0.6755986316989738,0.6688983566646378,0.237,39757.715412389065,0.6804532522578214,37334.649045041675,0.6730290187344073,0.2992734515569,0.14211749,0.48401558251027016,0.4599466025829315,399.0,,,,,,,,,,,,,,
alpha_path_prob_a1_eps1em6,1.0,1e-06,fixed,10000,10000,0.3071253071253071,1531.0,1434.0,0.8728620296465223,0.8727936701156421,0.1531,51170.796120571315,0.8757881150790285,48574.20187511807,0.8756436248905747,0.23303421597312998,0.101857536,0.33659712475000414,0.15902292728424072,603.0,,,,,,,,,,,,,,
line_order,,,fixed,100,100,0.003071253071253071,6.0,6.0,0.0034207525655644243,0.0036518563603164943,0.06,179.80777282719086,0.0030774098192616803,179.80777282719086,0.0032413817191827956,0.09820331999999998,0.09820332,0.16382364794540763,0.0214718366041779,0.0,,,,,,,,,,,,,,
line_order,,,percent,0.5%,163,0.005006142506142506,7.0,7.0,0.003990877993158495,0.00426049908703591,0.04294478527607362,223.4004240652623,0.0038234979936401137,223.4004240652623,0.004027223290946196,0.09820332,0.09820332,0.11323893942821267,0.0122646018862724,0.0,,,,,,,,,,,,,,
line_order,,,percent,1%,326,0.010012285012285013,15.0,15.0,0.00855188141391106,0.009129640900791236,0.046012269938650305,487.91672862899384,0.00835069423337988,487.9167286289939,0.00879563958662377,0.13899377659509204,0.09820332,0.11860501324826424,0.01356901368126265,0.0,,,,,,,,,,,,,,
line_order,,,fixed,500,500,0.015356265356265357,24.0,24.0,0.013683010262257697,0.014607425441265977,0.048,796.0256844307969,0.013623978647498081,796.0256844307969,0.014349897454064743,0.14893784829999998,0.15912595,0.12228158372332834,0.01356901368126265,0.0,,,,,,,,,,,,,,
line_order,,,percent,2%,651,0.019993857493857493,35.0,35.0,0.019954389965792473,0.02130249543517955,0.053763440860215055,1135.9132942332901,0.01944115468725047,1135.9132942332903,0.0204770268193195,0.14534911686635943,0.15912595,0.12990367983617168,0.0141811901703476,0.0,,,,,,,,,,,,,,
line_order,,,fixed,1000,1000,0.030712530712530713,56.0,56.0,0.03192702394526796,0.03408399269628728,0.056,1820.9871955717622,0.0311661936983566,1820.9871955717622,0.03282680450230051,0.14236329124999997,0.11876483,0.13025062702795026,0.01388474181294435,0.0,,,,,,,,,,,,,,
line_order,,,percent,5%,1628,0.05,95.0,76.0,0.05416191562143672,0.04625684723067559,0.05835380835380835,2985.2472332367124,0.05109250286591155,2461.1493015459296,0.04436696049773942,0.23931425795454547,0.15731275,0.132563259463772,0.0165003146976232,0.0,,,,,,,,,,,,,,
line_order,,,fixed,2000,2000,0.06142506142506143,114.0,91.0,0.06499429874572406,0.05538648813146683,0.057,3632.5233164534484,0.06217063226457123,3027.674266810326,0.054579665082171,0.20996520857499998,0.11876483,0.12880647361012415,0.0159906782209873,4.0,,,,,,,,,,,,,,
line_order,,,percent,10%,3256,0.1,184.0,161.0,0.10490307867730901,0.09799147900182593,0.056511056511056514,5912.766641855772,0.10119699408177214,5307.91759221265,0.0956854466289517,0.17358696526136363,0.09872349,0.12643215290961998,0.014261139091104252,37.0,,,,,,,,,,,,,,
line_order,,,fixed,5000,5000,0.15356265356265356,281.0,258.0,0.16020524515393386,0.15702982349360925,0.0562,9105.886062534737,0.15584722918988772,8501.037012891615,0.15324757953687454,0.16928944552849998,0.09872349,0.1271975329833883,0.01394091639667745,67.0,,,,,,,,,,,,,,
line_order,,,fixed,10000,10000,0.3071253071253071,554.0,501.0,0.31584948688711517,0.3049300060864273,0.0554,18062.068459450522,0.3091322803197758,16636.128065648954,0.2998982777112952,0.21552230826365004,0.09872349,0.12650388300351878,0.01425854442641135,141.0,,,,,,,,,,,,,,
random,,,fixed,100,100,0.003071253071253071,6.6,6.3,0.0037628278221208664,0.003834449178332319,0.066,210.13826003962785,0.003596516072027798,203.7313381458734,0.0036726501013131956,0.108823294360253,0.0298386213,0.13378925610746906,0.019014649419113946,2.4,2.988868236194653,2.79085809185793,0.0017040297811828124,0.0016986354789153561,0.029888682361946525,103.30793603300229,0.0017681152030127488,99.94547296500917,0.0018017098142648759,0.01715188537969705,0.006616724764401623,0.03774867360765617,0.005323651119327542,1.837873166945363
random,,,percent,0.5%,163,0.005006142506142506,10.0,9.6,0.005701254275940708,0.0058429701765063905,0.06134969325153374,313.90233985922833,0.0053724381754086505,305.6607681693864,0.005510124566015394,0.10930383053937916,0.0294270463,0.1325531737039603,0.018818985763937177,4.0,3.366501646120693,3.1692971530679235,0.001919328190490703,0.0019289696610273425,0.020653384332028787,137.5058009835302,0.0023534116211919786,134.76793058307706,0.0024294517397972187,0.01862213448733227,0.004551338473761831,0.02530136122538748,0.004269526768450296,2.943920288775949
random,,,percent,1%,326,0.010012285012285013,18.2,17.4,0.010376282782212087,0.010590383444917834,0.055828220858895695,585.099876284826,0.01001398369056173,563.135925943766,0.010151610617653833,0.10986804993479111,0.029944676249999996,0.12556369527717917,0.01631917092017825,6.8,5.2451035367389185,4.948624949305502,0.0029903668966584484,0.003011944582657031,0.016089274652573368,190.19964301550132,0.003255266665243164,182.32951819762056,0.0032868410406327107,0.011860753305844187,0.0028507665231036657,0.015497340342017147,0.0027279479790188466,3.6147844564602556
random,,,fixed,500,500,0.015356265356265357,27.6,26.6,0.01573546180159635,0.016189896530736457,0.055200000000000006,918.8066228508123,0.015725374263332,890.3486981628096,0.016050251602286188,0.11398827911521181,0.032856531849999995,0.12776245160033634,0.016161867417395066,10.3,4.671426144361294,4.550946177566936,0.002663298828028103,0.0027699002906676424,0.009342852288722586,168.16592177955414,0.0028781595523512983,160.6311905374252,0.0028956868568689722,0.01311984193812545,0.004632191207405525,0.010937107571564162,0.002993646623116304,3.4334951418181574
random,,,percent,2%,651,0.019993857493857493,35.4,33.8,0.020182440136830102,0.02057212416311625,0.054377880184331796,1152.6075593423107,0.019726877014845462,1115.1500614159315,0.020102729522672565,0.11312157918469201,0.0325780486,0.13008865362417926,0.0163737676106393,13.7,4.993328882953068,4.516635916254486,0.002846823764511441,0.0027490175996679766,0.007670244059835742,184.5037301886004,0.003157781123947851,173.98863075294895,0.003136480465782015,0.007551310464937632,0.004815550684147332,0.009851063961621954,0.0022406614347360468,3.0930028559098792
random,,,fixed,1000,1000,0.030712530712530713,55.4,52.7,0.03158494868871152,0.03207547169811321,0.05539999999999999,1780.0926894459067,0.030466284274382395,1721.973861938724,0.03104189829637178,0.11286751086692368,0.031698920900000004,0.13114505752961997,0.016557163884863217,21.4,9.118966803073446,7.789594198530356,0.0051989548478183845,0.004741079853031257,0.009118966803073444,296.61636917463045,0.005076588807587514,270.21480706740465,0.004871142788262939,0.006255213774831405,0.00309300875760137,0.01225219651364838,0.001644584938670806,4.671426144361294
random,,,percent,5%,1628,0.05,87.4,82.4,0.04982896237172178,0.050152160681679846,0.05368550368550369,2864.9487564753044,0.04903359457842847,2743.8283212520378,0.04946279474597574,0.1145145574963868,0.0315158424,0.12989133120882818,0.015914655989035926,35.6,10.09069978852915,8.959166627910582,0.00575296453165858,0.00545293160554509,0.006198218543322572,324.7056074564327,0.005557336087556756,285.71372097337286,0.005150540588547555,0.004915713895553686,0.0018588126114860535,0.009512731110601616,0.0011047884977835223,5.561774297230456
random,,,fixed,2000,2000,0.06142506142506143,106.3,100.0,0.06060433295324972,0.06086427267194157,0.05315000000000001,3464.7332484060926,0.05929890544840196,3319.3898901685548,0.05983840153102371,0.11490614909435451,0.031245332199999996,0.1300326133963431,0.015854586008936113,43.8,11.67190358653349,10.154364141151877,0.006654449023109171,0.006180379878972539,0.0058359517932667455,324.9646195203115,0.005561769078723682,292.2840758056935,0.005268983900019394,0.005351375285439255,0.0016535016498216279,0.007156418418493881,0.0009131684942681228,6.321040701937898
random,,,percent,10%,3256,0.1,176.2,164.9,0.10045610034207526,0.10036518563603165,0.05411547911547911,5757.768392365451,0.09854419922507644,5470.747797790547,0.0986207749709485,0.116238328098178,0.0314049359,0.13003372509067482,0.015919629950076293,73.4,14.950287994253191,13.787675656179326,0.008523539335378102,0.008391768506499895,0.004591611791846803,398.47792577431346,0.006819949228309772,371.9818814623689,0.006705690479788928,0.003824727201562313,0.001161436139383809,0.006008850164803822,0.0007146394199204098,9.935346552139544
random,,,fixed,5000,5000,0.15356265356265356,272.9,255.3,0.1555872291904219,0.15538648813146683,0.054580000000000004,8954.212672586753,0.15325133930032647,8504.257427231238,0.15330563371331263,0.1159447436724377,0.0315302571,0.13064434654074708,0.016120620165020187,111.1,15.602350250309511,14.220876672460575,0.00889529660793017,0.008655433154266935,0.0031204700500619027,461.17206742483825,0.007892959388504197,420.67355573893593,0.007583451771166211,0.003791487500604055,0.0011084334253982503,0.0035910653882780313,0.000612066081497472,10.257246760759493
random,,,fixed,10000,10000,0.3071253071253071,542.4,508.0,0.309236031927024,0.30919050517346314,0.05424,18031.953692622577,0.30861686612113504,17094.06155760649,0.3081534116584758,0.1165127480123345,0.0320360122,0.13039958323053852,0.015911193517968002,229.3,25.417404360879267,24.868543271459316,0.014491108529577697,0.015136057986280779,0.0025417404360879264,992.3025694183252,0.016983257301904357,962.7376023687738,0.01735520114409713,0.0019732690767221097,0.001190853363993868,0.002424955131305273,0.0004460595273944388,17.505872030708883
second_only,0.0,0.0,fixed,100,100,0.003071253071253071,94.0,88.0,0.053591790193842644,0.05356055995130858,0.94,7282.215150898945,0.12463510369426953,6794.059792515154,0.12247602461356581,0.12714072157447,0.040972455,0.9999813556671142,0.9999896883964539,55.0,,,,,,,,,,,,,,
second_only,0.0,0.0,percent,0.5%,163,0.005006142506142506,156.0,150.0,0.08893956670467502,0.09129640900791236,0.9570552147239264,9175.966812325014,0.15704666113965715,8687.811453941224,0.15661454888035575,0.1128416400961595,0.039674986,0.9999612328465,0.9999544620513916,96.0,,,,,,,,,,,,,,
second_only,0.0,0.0,percent,1%,326,0.010012285012285013,311.0,304.0,0.17730900798175597,0.18502738892270237,0.9539877300613497,15657.663691752772,0.26798089556454613,15088.149106971683,0.27199297295476266,0.11023019668663804,0.029755248,0.9999218179038697,0.9999213218688965,199.0,,,,,,,,,,,,,,
second_only,0.0,0.0,fixed,500,500,0.015356265356265357,469.0,461.0,0.26738882554161914,0.28058429701765064,0.938,21876.80834248418,0.37442154890584245,21286.517397806118,0.383730509940899,0.110443470257382,0.03140664,0.9997748879194259,0.9998998045921326,291.0,,,,,,,,,,,,,,
second_only,0.0,0.0,percent,2%,651,0.019993857493857493,532.0,523.0,0.3033067274800456,0.3183201460742544,0.8172043010752689,23774.125750243453,0.40689413409550534,23148.717672272753,0.41730025963639467,0.10729784555125192,0.03140664,0.9986648172277459,0.9997552037239076,335.0,,,,,,,,,,,,,,
second_only,0.0,0.0,fixed,1000,1000,0.030712530712530713,661.0,645.0,0.3768529076396807,0.39257455873402314,0.661,27005.27892936892,0.4621953169344467,26159.481493776246,0.4715750813437829,0.11119751883670599,0.029755248,0.9921404576301575,0.9978501796722412,418.0,,,,,,,,,,,,,,
second_only,0.0,0.0,percent,5%,1628,0.05,986.0,960.0,0.5621436716077537,0.5842970176506391,0.6056511056511057,36167.266790796486,0.6190027283460282,34994.915909109055,0.630850818674797,0.11048521746331327,0.03140664,0.9689235426577069,0.9810527861118317,618.0,,,,,,,,,,,,,,
second_only,0.0,0.0,fixed,2000,2000,0.06142506142506143,1159.0,1124.0,0.6607753705815279,0.6841144248326233,0.5795,41324.101745659354,0.7072619524990289,39922.61106208227,0.7196820228847723,0.11151976446989749,0.030580944,0.9457761067450047,0.9661130011081696,726.0,,,,,,,,,,,,,,
second_only,0.0,0.0,percent,10%,3256,0.1,1464.0,1392.0,0.8346636259977195,0.8472306755934267,0.44963144963144963,49405.40111369564,0.8455733816244514,47262.098871547874,0.8519904389209961,0.11542727517523434,0.03140664,0.8425819471899503,0.8832069933414459,743.0,,,,,,,,,,,,,,
second_only,0.0,0.0,fixed,5000,5000,0.15356265356265356,1705.0,1621.0,0.9720638540478905,0.9866098600121729,0.341,57360.971217489525,0.9817329545410771,55011.96671497075,0.9916967461555339,0.11290372723409542,0.029649075,0.6798706529349089,0.7344274520874023,743.0,,,,,,,,,,,,,,
second_only,0.0,0.0,fixed,10000,10000,0.3071253071253071,1733.0,1637.0,0.9880273660205245,0.9963481436396835,0.1733,57918.088257365984,0.9912680120196076,55390.11202680743,0.9985135443490142,0.11245301273794062,0.029649075,0.39848226435519757,0.24626083672046656,743.0,,,,,,,,,,,,,,
strict_path_prob,1.0,0.0,fixed,100,100,0.003071253071253071,57.0,51.0,0.03249714937286203,0.0310407790626902,0.57,2018.21342097023,0.03454172031277323,1827.4541220491228,0.032943383318296195,0.9119528563999999,0.95027333,0.9122169637680053,0.9496977627277374,0.0,,,,,,,,,,,,,,
strict_path_prob,1.0,0.0,percent,0.5%,163,0.005006142506142506,85.0,79.0,0.04846066134549601,0.04808277541083384,0.5214723926380368,3030.497140350286,0.05186695497263901,2839.7378414291784,0.0511917487311661,0.8494930360122699,0.88282883,0.8863586509154618,0.9476514458656312,0.0,,,,,,,,,,,,,,
strict_path_prob,1.0,0.0,percent,1%,326,0.010012285012285013,139.0,129.0,0.07924743443557583,0.07851491174680462,0.4263803680981595,4831.639565859364,0.08269350545484505,4473.352380531943,0.08064079990387593,0.7517043351226994,0.6986891,0.8026597954195701,0.8418701589107513,0.0,,,,,,,,,,,,,,
strict_path_prob,1.0,0.0,fixed,500,500,0.015356265356265357,203.0,190.0,0.11573546180159636,0.11564211807668898,0.406,7027.016386988351,0.12026737715178747,6592.422808491321,0.11884112928257169,0.67322063544,0.6807031,0.7400187172293663,0.8114143908023834,0.0,,,,,,,,,,,,,,
strict_path_prob,1.0,0.0,percent,2%,651,0.019993857493857493,250.0,237.0,0.14253135689851767,0.14424832623250153,0.38402457757296465,8657.416881273051,0.14817167968304096,8222.823302776023,0.14823224110174807,0.6173006379109063,0.59134614,0.714707530542819,0.798006534576416,0.0,,,,,,,,,,,,,,
strict_path_prob,1.0,0.0,fixed,1000,1000,0.030712530712530713,360.0,341.0,0.20524515393386544,0.20754716981132076,0.36,12400.524042676152,0.2122349543231275,11766.731146515252,0.2121180115473055,0.51919157873,0.5032925,0.6890684499889612,0.7785576581954956,0.0,,,,,,,,,,,,,,
strict_path_prob,1.0,0.0,percent,5%,1628,0.05,559.0,522.0,0.3187001140250855,0.317711503347535,0.34336609336609336,18729.60131236268,0.320557104307813,17691.444689839056,0.3189223941875447,0.4274420937162163,0.2666303,0.6496906464859953,0.7461890876293182,0.0,,,,,,,,,,,,,,
strict_path_prob,1.0,0.0,fixed,2000,2000,0.06142506142506143,634.0,593.0,0.3614595210946408,0.36092513694461353,0.317,21342.40583018616,0.36527525053995036,20216.65305029085,0.36444414270818615,0.406830535916,0.248285815,0.613522148532793,0.7077791690826416,13.0,,,,,,,,,,,,,,
strict_path_prob,1.0,0.0,percent,10%,3256,0.1,922.0,859.0,0.5256556442417332,0.5228241022519781,0.2831695331695332,31083.7885346141,0.5319990040041782,29291.497538733653,0.5280357081158472,0.34065389084090913,0.17972817,0.5565787825627019,0.5610985159873962,223.0,,,,,,,,,,,,,,
strict_path_prob,1.0,0.0,fixed,5000,5000,0.15356265356265356,1185.0,1099.0,0.6755986316989738,0.6688983566646378,0.237,39757.715412389065,0.6804532522578214,37334.649045041675,0.6730290187344073,0.2992734515569,0.14211749,0.48401558251027016,0.4599466025829315,399.0,,,,,,,,,,,,,,
strict_path_prob,1.0,0.0,fixed,10000,10000,0.3071253071253071,1531.0,1434.0,0.8728620296465223,0.8727936701156421,0.1531,51170.796120571315,0.8757881150790285,48574.20187511807,0.8756436248905747,0.23303421597312998,0.101857536,0.33659712475000414,0.15902292728424072,603.0,,,,,,,,,,,,,,
