case_id,sim_completed,converged,frequency_nadir_hz,frequency_zenith_hz,max_rotor_angle_separation_deg,max_rotor_angle_separation_raw_deg,max_rotor_angle_separation_coi_deg,final_rotor_angle_separation_coi_deg,mean_frequency_hz,final_mean_frequency_hz,frequency_drift_hz_per_s,initial_pm_pe_residual_norm,initial_pm_pe_max_abs_residual,mean_pm,mean_pe,total_load_mw,total_generation_mw,pm_update_load_shed_mw,pm_update_old_total_load_mw,pm_update_new_total_load_mw,pm_update_old_total_pm,pm_update_new_total_pm,pm_update_mode,max_line_loading_ratio,dynamic_trip_count,dynamic_unstable,dynamic_unstable_by_frequency,dynamic_unstable_by_rotor_angle,dynamic_unstable_by_unresolved_relay,dynamic_unstable_by_sim_failure,dynamic_unstable_by_other,unstable_reason,passive_relay_trip_count,security_redispatch_count,dynamic_load_shed_mw,max_security_violation_loading_ratio,max_relay_violation_loading_ratio,relay_beta,result_source,dynamic_stress_score,stress_rank,stress_reason,group
dyn_case_0001,1,1,49.2297785881481,50.5689915035791,179.551188814583,321.623805046863,179.551188814583,140.941407331435,50.0,50,0.0,0,0,-3.57458170807342e-18,-3.57458170807342e-18,3125.90775291889,3125.90775291889,0,3125.90775291889,3125.90775291889,-1.17961196366423e-16,-1.17961196366423e-16,rebalance_to_current_pe,0.376229240768313,2,0,0,0,0,0,0,stable_by_swing_prototype_thresholds,0,0,0,0,0,1.5,simulink_swing_prototype,0.2702214118518995,1,low_frequency,learned_mlp_top100
dyn_case_0006,1,1,49.2297785881481,50.5689915035791,179.589424295707,321.623805046863,179.589424295707,137.888251226486,50.0,50,2.1316282072803e-15,0,0,-3.57458170807342e-18,-3.57458170807342e-18,3125.90775291889,3125.90775291889,0,3125.90775291889,3125.90775291889,-1.17961196366423e-16,-1.17961196366423e-16,rebalance_to_current_pe,0.376229240768313,2,0,0,0,0,0,0,stable_by_swing_prototype_thresholds,0,0,0,0,0,1.5,simulink_swing_prototype,0.2702214118518995,2,low_frequency,learned_mlp_top100
dyn_case_0007,1,1,49.2297785881481,50.5689915035791,179.551188814583,321.623805046863,179.551188814583,139.399297257792,50.0000000000001,50,-1.4210854715202e-15,0,0,-3.57458170807342e-18,-3.57458170807342e-18,3125.90775291889,3125.90775291889,0,3125.90775291889,3125.90775291889,-1.17961196366423e-16,-1.17961196366423e-16,rebalance_to_current_pe,0.376229240768313,2,0,0,0,0,0,0,stable_by_swing_prototype_thresholds,0,0,0,0,0,1.5,simulink_swing_prototype,0.2702214118518995,3,low_frequency,learned_mlp_top100
dyn_case_0016,1,1,49.2297785881481,50.5689915035791,179.556101478523,321.623805046863,179.556101478523,146.720056781367,50.0000000000002,50,-7.105427357601e-16,0,0,-3.57458170807342e-18,-3.57458170807342e-18,3125.90775291889,3125.90775291889,0,3125.90775291889,3125.90775291889,-1.17961196366423e-16,-1.17961196366423e-16,rebalance_to_current_pe,0.376229240768313,2,0,0,0,0,0,0,stable_by_swing_prototype_thresholds,0,0,0,0,0,1.5,simulink_swing_prototype,0.2702214118518995,4,low_frequency,learned_mlp_top100
dyn_case_0033,1,1,49.2297785881481,50.5689915035791,179.551188814583,321.623805046863,179.551188814583,140.941407331435,50.0,50,0.0,0,0,-3.57458170807342e-18,-3.57458170807342e-18,3125.90775291889,3125.90775291889,0,3125.90775291889,3125.90775291889,-1.17961196366423e-16,-1.17961196366423e-16,rebalance_to_current_pe,0.376229240768313,2,0,0,0,0,0,0,stable_by_swing_prototype_thresholds,0,0,0,0,0,1.5,simulink_swing_prototype,0.2702214118518995,5,low_frequency,learned_mlp_top100
dyn_case_0030,1,1,49.2409831099392,50.5488133611635,179.644203942449,264.920578427921,179.644203942449,142.702093826713,49.9999999999998,50,7.105427357601e-16,0,0,-3.57458170807342e-18,-3.57458170807342e-18,3125.90775291889,3125.90775291889,0,3125.90775291889,3125.90775291889,-1.17961196366423e-16,-1.17961196366423e-16,rebalance_to_current_pe,0.370166645005446,2,0,0,0,0,0,0,stable_by_swing_prototype_thresholds,0,0,0,0,0,1.5,simulink_swing_prototype,0.2590168900607992,6,low_frequency,learned_mlp_top100
dyn_case_0042,1,1,49.2409831099392,50.5488133611635,179.644203942449,264.920578427921,179.644203942449,146.761400130431,49.9999999999998,50,7.105427357601e-16,0,0,-3.57458170807342e-18,-3.57458170807342e-18,3125.90775291889,3125.90775291889,0,3125.90775291889,3125.90775291889,-1.17961196366423e-16,-1.17961196366423e-16,rebalance_to_current_pe,0.367759749534988,2,0,0,0,0,0,0,stable_by_swing_prototype_thresholds,0,0,0,0,0,1.5,simulink_swing_prototype,0.2590168900607992,7,low_frequency,learned_mlp_top100
dyn_case_0052,1,1,49.2409831099392,50.5488133611635,179.644203942449,264.920578427921,179.644203942449,139.338578777132,49.9999999999999,50,1.4210854715202e-15,0,0,-3.57458170807342e-18,-3.57458170807342e-18,3125.90775291889,3125.90775291889,0,3125.90775291889,3125.90775291889,-1.17961196366423e-16,-1.17961196366423e-16,rebalance_to_current_pe,0.374246283724943,2,0,0,0,0,0,0,stable_by_swing_prototype_thresholds,0,0,0,0,0,1.5,simulink_swing_prototype,0.2590168900607992,8,low_frequency,learned_mlp_top100
dyn_case_0098,1,1,49.2409831099392,50.5488133611635,179.644203942449,264.920578427921,179.644203942449,143.329277602317,49.9999999999998,50,1.4210854715202e-15,0,0,-3.57458170807342e-18,-3.57458170807342e-18,3125.90775291889,3125.90775291889,0,3125.90775291889,3125.90775291889,-1.17961196366423e-16,-1.17961196366423e-16,rebalance_to_current_pe,0.374228166971039,2,0,0,0,0,0,0,stable_by_swing_prototype_thresholds,0,0,0,0,0,1.5,simulink_swing_prototype,0.2590168900607992,9,low_frequency,learned_mlp_top100
dyn_case_0054,1,1,49.2496900659452,50.5536568744365,179.914707179538,318.098560419222,179.914707179538,140.264699397375,49.9999999999999,50,0.0,0,0,-3.57458170807342e-18,-3.57458170807342e-18,3125.90775291889,3125.90775291889,0,3125.90775291889,3125.90775291889,-1.17961196366423e-16,-1.17961196366423e-16,rebalance_to_current_pe,0.37342071442968,2,0,0,0,0,0,0,stable_by_swing_prototype_thresholds,0,0,0,0,0,1.5,simulink_swing_prototype,0.2503099340547976,10,low_frequency,learned_mlp_top100
dyn_case_0082,1,1,49.2496900659452,50.5609725463215,179.914707179538,318.098560419222,179.914707179538,139.502203511007,50.0000000000001,50,7.105427357601e-16,0,0,-3.57458170807342e-18,-3.57458170807342e-18,3125.90775291889,3125.90775291889,0,3125.90775291889,3125.90775291889,-1.17961196366423e-16,-1.17961196366423e-16,rebalance_to_current_pe,0.373408877159126,2,0,0,0,0,0,0,stable_by_swing_prototype_thresholds,0,0,0,0,0,1.5,simulink_swing_prototype,0.2503099340547976,11,low_frequency,learned_mlp_top100
dyn_case_0087,1,1,49.2496900659452,50.5610612572533,179.914707179538,318.098560419222,179.914707179538,141.247794763458,49.9999999999999,50,2.1316282072803e-15,0,0,-3.57458170807342e-18,-3.57458170807342e-18,3125.90775291889,3125.90775291889,0,3125.90775291889,3125.90775291889,-1.17961196366423e-16,-1.17961196366423e-16,rebalance_to_current_pe,0.373418676141209,2,0,0,0,0,0,0,stable_by_swing_prototype_thresholds,0,0,0,0,0,1.5,simulink_swing_prototype,0.2503099340547976,12,low_frequency,learned_mlp_top100
dyn_case_0097,1,1,49.2496900659452,50.5608285201352,179.914707179538,318.098560419222,179.914707179538,136.966408258217,49.9999999999999,50,2.1316282072803e-15,0,0,-3.57458170807342e-18,-3.57458170807342e-18,3125.90775291889,3125.90775291889,0,3125.90775291889,3125.90775291889,-1.17961196366423e-16,-1.17961196366423e-16,rebalance_to_current_pe,0.373420717808838,2,0,0,0,0,0,0,stable_by_swing_prototype_thresholds,0,0,0,0,0,1.5,simulink_swing_prototype,0.2503099340547976,13,low_frequency,learned_mlp_top100
dyn_case_0010,1,1,49.2513182405425,50.5537214172497,179.747365895153,313.214902345824,179.747365895153,142.276157986019,50.0,50,0.0,0,0,-3.57458170807342e-18,-3.57458170807342e-18,3125.90775291889,3125.90775291889,0,3125.90775291889,3125.90775291889,-1.17961196366423e-16,-1.17961196366423e-16,rebalance_to_current_pe,0.37314948670341,2,0,0,0,0,0,0,stable_by_swing_prototype_thresholds,0,0,0,0,0,1.5,simulink_swing_prototype,0.24868175945749726,14,low_frequency,learned_mlp_top100
dyn_case_0019,1,1,49.2513182405425,50.5537306237191,179.747314925036,313.348656149836,179.747314925036,134.37036086546,49.9999999999998,50,2.1316282072803e-15,0,0,-3.57458170807342e-18,-3.57458170807342e-18,3125.90775291889,3125.90775291889,0,3125.90775291889,3125.90775291889,-1.17961196366423e-16,-1.17961196366423e-16,rebalance_to_current_pe,0.373126786596853,2,0,0,0,0,0,0,stable_by_swing_prototype_thresholds,0,0,0,0,0,1.5,simulink_swing_prototype,0.24868175945749726,15,low_frequency,learned_mlp_top100
dyn_case_0024,1,1,49.2513182405425,50.5539586988167,179.747107917645,312.711659474979,179.747107917645,132.303146791123,49.9999999999999,50,3.5527136788005e-15,0,0,-3.57458170807342e-18,-3.57458170807342e-18,3125.90775291889,3125.90775291889,0,3125.90775291889,3125.90775291889,-1.17961196366423e-16,-1.17961196366423e-16,rebalance_to_current_pe,0.37244441166466,2,0,0,0,0,0,0,stable_by_swing_prototype_thresholds,0,0,0,0,0,1.5,simulink_swing_prototype,0.24868175945749726,16,low_frequency,learned_mlp_top100
dyn_case_0025,1,1,49.2513182405425,50.5537125252435,179.747322550199,312.980663409049,179.747322550199,134.251363801003,50.0,50,-1.4210854715202e-15,0,0,-3.57458170807342e-18,-3.57458170807342e-18,3125.90775291889,3125.90775291889,0,3125.90775291889,3125.90775291889,-1.17961196366423e-16,-1.17961196366423e-16,rebalance_to_current_pe,0.372725298163744,2,0,0,0,0,0,0,stable_by_swing_prototype_thresholds,0,0,0,0,0,1.5,simulink_swing_prototype,0.24868175945749726,17,low_frequency,learned_mlp_top100
dyn_case_0026,1,1,49.2513182405425,50.5539586988167,179.747107917645,312.711659474979,179.747107917645,132.303146791123,49.9999999999999,50,3.5527136788005e-15,0,0,-3.57458170807342e-18,-3.57458170807342e-18,3125.90775291889,3125.90775291889,0,3125.90775291889,3125.90775291889,-1.17961196366423e-16,-1.17961196366423e-16,rebalance_to_current_pe,0.37244441166466,2,0,0,0,0,0,0,stable_by_swing_prototype_thresholds,0,0,0,0,0,1.5,simulink_swing_prototype,0.24868175945749726,18,low_frequency,learned_mlp_top100
dyn_case_0041,1,1,49.2513182405425,50.5464825700399,179.894946601781,313.096089563511,179.894946601781,134.699219164613,50.0,50,-7.105427357601e-16,0,0,-3.57458170807342e-18,-3.57458170807342e-18,3125.90775291889,3125.90775291889,0,3125.90775291889,3125.90775291889,-1.17961196366423e-16,-1.17961196366423e-16,rebalance_to_current_pe,0.373009227377418,2,0,0,0,0,0,0,stable_by_swing_prototype_thresholds,0,0,0,0,0,1.5,simulink_swing_prototype,0.24868175945749726,19,low_frequency,learned_mlp_top100
dyn_case_0045,1,1,49.2513182405425,50.5538487393231,179.747184008233,312.875433665177,179.747184008233,133.765434496444,50.0,50,-2.1316282072803e-15,0,0,-3.57458170807342e-18,-3.57458170807342e-18,3125.90775291889,3125.90775291889,0,3125.90775291889,3125.90775291889,-1.17961196366423e-16,-1.17961196366423e-16,rebalance_to_current_pe,0.373018247416687,2,0,0,0,0,0,0,stable_by_swing_prototype_thresholds,0,0,0,0,0,1.5,simulink_swing_prototype,0.24868175945749726,20,low_frequency,learned_mlp_top100
dyn_case_0051,1,1,49.2513182405425,50.5538487393231,179.747184008233,312.875433665177,179.747184008233,133.765434496444,50.0,50,-2.1316282072803e-15,0,0,-3.57458170807342e-18,-3.57458170807342e-18,3125.90775291889,3125.90775291889,0,3125.90775291889,3125.90775291889,-1.17961196366423e-16,-1.17961196366423e-16,rebalance_to_current_pe,0.373018247416687,2,0,0,0,0,0,0,stable_by_swing_prototype_thresholds,0,0,0,0,0,1.5,simulink_swing_prototype,0.24868175945749726,21,low_frequency,learned_mlp_top100
dyn_case_0080,1,1,49.2529685715939,50.4986371636206,179.764094527079,278.641833889592,179.764094527079,139.765099381737,50.0,50,-1.4210854715202e-15,0,0,-3.57458170807342e-18,-3.57458170807342e-18,3125.90775291889,3125.90775291889,0,3125.90775291889,3125.90775291889,-1.17961196366423e-16,-1.17961196366423e-16,rebalance_to_current_pe,0.375532837474144,2,0,0,0,0,0,0,stable_by_swing_prototype_thresholds,0,0,0,0,0,1.5,simulink_swing_prototype,0.24703142840610326,22,low_frequency,learned_mlp_top100
dyn_case_0088,1,1,49.2529685715939,50.4986371636206,179.764094527079,278.641833889592,179.764094527079,140.618784157188,50.0,50,-7.105427357601e-16,0,0,-3.57458170807342e-18,-3.57458170807342e-18,3125.90775291889,3125.90775291889,0,3125.90775291889,3125.90775291889,-1.17961196366423e-16,-1.17961196366423e-16,rebalance_to_current_pe,0.375532837474144,2,0,0,0,0,0,0,stable_by_swing_prototype_thresholds,0,0,0,0,0,1.5,simulink_swing_prototype,0.24703142840610326,23,low_frequency,learned_mlp_top100
dyn_case_0084,1,1,49.2576228338125,50.5221618182414,179.654915833957,269.539953041017,179.654915833957,136.182551260619,50.0,50,0.0,0,0,-3.57458170807342e-18,-3.57458170807342e-18,3125.90775291889,3125.90775291889,0,3125.90775291889,3125.90775291889,-1.17961196366423e-16,-1.17961196366423e-16,rebalance_to_current_pe,0.130676656839907,2,0,0,0,0,0,0,stable_by_swing_prototype_thresholds,0,0,0,0,0,1.5,simulink_swing_prototype,0.24237716618750227,24,low_frequency,learned_mlp_top100
dyn_case_0074,1,1,49.2584907398961,50.5093378676559,179.956034529039,321.012346004081,179.956034529039,158.323273837437,50.0,50,1.4210854715202e-15,0,0,-3.57458170807342e-18,-3.57458170807342e-18,3125.90775291889,3125.90775291889,0,3125.90775291889,3125.90775291889,-1.17961196366423e-16,-1.17961196366423e-16,rebalance_to_current_pe,0.375611454438625,2,0,0,0,0,0,0,stable_by_swing_prototype_thresholds,0,0,0,0,0,1.5,simulink_swing_prototype,0.2415092601039035,25,low_frequency,learned_mlp_top100
dyn_case_0036,1,1,49.2600287651465,50.4716144145836,179.935172403382,317.07306161067,179.935172403382,175.062636636664,49.9999999999999,50,-7.105427357601e-16,0,0,-3.57458170807342e-18,-3.57458170807342e-18,3125.90775291889,3125.90775291889,0,3125.90775291889,3125.90775291889,-1.17961196366423e-16,-1.17961196366423e-16,rebalance_to_current_pe,0.3750354331968,2,0,0,0,0,0,0,stable_by_swing_prototype_thresholds,0,0,0,0,0,1.5,simulink_swing_prototype,0.23997123485349903,26,low_frequency,learned_mlp_top100
dyn_case_0047,1,1,49.2600287651465,50.4710700976295,179.993704102568,324.715527644367,179.993704102568,171.484444544714,50.0000000000001,50,2.1316282072803e-15,0,0,-3.57458170807342e-18,-3.57458170807342e-18,3125.90775291889,3125.90775291889,0,3125.90775291889,3125.90775291889,-1.17961196366423e-16,-1.17961196366423e-16,rebalance_to_current_pe,0.375055962701467,2,0,0,0,0,0,0,stable_by_swing_prototype_thresholds,0,0,0,0,0,1.5,simulink_swing_prototype,0.23997123485349903,27,low_frequency,learned_mlp_top100
dyn_case_0057,1,1,49.2600287651465,50.4726148351316,179.982563924914,317.740292729988,179.982563924914,173.001783811686,49.9999999999998,50,0.0,0,0,-3.57458170807342e-18,-3.57458170807342e-18,3125.90775291889,3125.90775291889,0,3125.90775291889,3125.90775291889,-1.17961196366423e-16,-1.17961196366423e-16,rebalance_to_current_pe,0.375059331284152,2,0,0,0,0,0,0,stable_by_swing_prototype_thresholds,0,0,0,0,0,1.5,simulink_swing_prototype,0.23997123485349903,28,low_frequency,learned_mlp_top100
dyn_case_0075,1,1,49.2619911139662,50.5004741427569,179.66285297621,322.375683917692,179.66285297621,149.453459330818,50.0000000000001,50,-1.4210854715202e-15,0,0,-3.57458170807342e-18,-3.57458170807342e-18,3125.90775291889,3125.90775291889,0,3125.90775291889,3125.90775291889,-1.17961196366423e-16,-1.17961196366423e-16,rebalance_to_current_pe,0.375401079333228,2,0,0,0,0,0,0,stable_by_swing_prototype_thresholds,0,0,0,0,0,1.5,simulink_swing_prototype,0.23800888603380344,29,low_frequency,learned_mlp_top100
dyn_case_0078,1,1,49.2738656191224,50.4717660762332,179.598406719702,272.792977219109,179.598406719702,139.71580677423,50.0000000000001,50,0.0,0,0,-3.57458170807342e-18,-3.57458170807342e-18,3125.90775291889,3125.90775291889,0,3125.90775291889,3125.90775291889,-1.17961196366423e-16,-1.17961196366423e-16,rebalance_to_current_pe,0.376270516119247,2,0,0,0,0,0,0,stable_by_swing_prototype_thresholds,0,0,0,0,0,1.5,simulink_swing_prototype,0.2261343808776033,30,low_frequency,learned_mlp_top100
dyn_case_0094,1,1,49.2738774622483,50.4717660762332,179.520886113015,272.85507102197,179.520886113015,139.708221976225,50.0,50,-3.5527136788005e-15,0,0,-3.57458170807342e-18,-3.57458170807342e-18,3125.90775291889,3125.90775291889,0,3125.90775291889,3125.90775291889,-1.17961196366423e-16,-1.17961196366423e-16,rebalance_to_current_pe,0.376270516119247,2,0,0,0,0,0,0,stable_by_swing_prototype_thresholds,0,0,0,0,0,1.5,simulink_swing_prototype,0.22612253775169933,31,low_frequency,learned_mlp_top100
dyn_case_0091,1,1,49.2740439300756,50.5361905884806,179.909759978932,262.070974485147,179.909759978932,135.288663664647,50.0000000000002,50,1.4210854715202e-15,0,0,-3.57458170807342e-18,-3.57458170807342e-18,3125.90775291889,3125.90775291889,0,3125.90775291889,3125.90775291889,-1.17961196366423e-16,-1.17961196366423e-16,rebalance_to_current_pe,0.373902972345279,2,0,0,0,0,0,0,stable_by_swing_prototype_thresholds,0,0,0,0,0,1.5,simulink_swing_prototype,0.22595606992440054,32,low_frequency,learned_mlp_top100
dyn_case_0003,1,1,49.4460108421774,50.7706173254535,179.92509236616,351.56051256864,179.92509236616,151.104754717992,50.0,50,3.5527136788005e-15,0,0,-3.57458170807342e-18,-3.57458170807342e-18,3125.90775291889,3125.90775291889,0,3125.90775291889,3125.90775291889,-1.17961196366423e-16,-1.17961196366423e-16,rebalance_to_current_pe,0.370607060814551,2,0,0,0,0,0,0,stable_by_swing_prototype_thresholds,0,0,0,0,0,1.5,simulink_swing_prototype,0.053989157822599054,33,low_frequency,learned_mlp_top100
dyn_case_0004,1,1,49.4460108421774,50.7706173254535,179.92509236616,351.401955241992,179.92509236616,151.407297833506,49.9999999999999,50,-1.4210854715202e-15,0,0,-3.57458170807342e-18,-3.57458170807342e-18,3125.90775291889,3125.90775291889,0,3125.90775291889,3125.90775291889,-1.17961196366423e-16,-1.17961196366423e-16,rebalance_to_current_pe,0.370502955295736,2,0,0,0,0,0,0,stable_by_swing_prototype_thresholds,0,0,0,0,0,1.5,simulink_swing_prototype,0.053989157822599054,34,low_frequency,learned_mlp_top100
dyn_case_0009,1,1,49.4460108421774,50.7706173254535,179.92509236616,350.790739193828,179.92509236616,141.342160557027,49.9999999999999,50,1.4210854715202e-15,0,0,-3.57458170807342e-18,-3.57458170807342e-18,3125.90775291889,3125.90775291889,0,3125.90775291889,3125.90775291889,-1.17961196366423e-16,-1.17961196366423e-16,rebalance_to_current_pe,0.370222832131086,2,0,0,0,0,0,0,stable_by_swing_prototype_thresholds,0,0,0,0,0,1.5,simulink_swing_prototype,0.053989157822599054,35,low_frequency,learned_mlp_top100
dyn_case_0012,1,1,49.4460108421774,50.7706173254535,179.930860640948,351.549114292088,179.930860640948,162.093594471357,50.0,50,7.105427357601e-16,0,0,-3.57458170807342e-18,-3.57458170807342e-18,3125.90775291889,3125.90775291889,0,3125.90775291889,3125.90775291889,-1.17961196366423e-16,-1.17961196366423e-16,rebalance_to_current_pe,0.370592825308509,2,0,0,0,0,0,0,stable_by_swing_prototype_thresholds,0,0,0,0,0,1.5,simulink_swing_prototype,0.053989157822599054,36,low_frequency,learned_mlp_top100
dyn_case_0017,1,1,49.4460108421774,50.7706173254535,179.92509236616,351.891206239406,179.92509236616,152.98092049282,49.9999999999999,50,-2.8421709430404e-15,0,0,-3.57458170807342e-18,-3.57458170807342e-18,3125.90775291889,3125.90775291889,0,3125.90775291889,3125.90775291889,-1.17961196366423e-16,-1.17961196366423e-16,rebalance_to_current_pe,0.370828535615443,2,0,0,0,0,0,0,stable_by_swing_prototype_thresholds,0,0,0,0,0,1.5,simulink_swing_prototype,0.053989157822599054,37,low_frequency,learned_mlp_top100
dyn_case_0022,1,1,49.4460108421774,50.7706173254535,179.957216283852,351.560689343635,179.957216283852,163.850863724132,50.0,50,-2.8421709430404e-15,0,0,-3.57458170807342e-18,-3.57458170807342e-18,3125.90775291889,3125.90775291889,0,3125.90775291889,3125.90775291889,-1.17961196366423e-16,-1.17961196366423e-16,rebalance_to_current_pe,0.370592819641076,2,0,0,0,0,0,0,stable_by_swing_prototype_thresholds,0,0,0,0,0,1.5,simulink_swing_prototype,0.053989157822599054,38,low_frequency,learned_mlp_top100
dyn_case_0058,1,1,49.4612869654147,50.761440364412,179.543510633865,279.639645301827,179.543510633865,130.763735898614,49.9999999999999,50,0.0,0,0,-3.57458170807342e-18,-3.57458170807342e-18,3125.90775291889,3125.90775291889,0,3125.90775291889,3125.90775291889,-1.17961196366423e-16,-1.17961196366423e-16,rebalance_to_current_pe,0.377150957477115,2,0,0,0,0,0,0,stable_by_swing_prototype_thresholds,0,0,0,0,0,1.5,simulink_swing_prototype,0.03871303458529951,39,low_frequency,learned_mlp_top100
dyn_case_0061,1,1,49.4612869654147,50.761440364412,179.543510633865,279.639645301827,179.543510633865,130.763735898614,49.9999999999999,50,0.0,0,0,-3.57458170807342e-18,-3.57458170807342e-18,3125.90775291889,3125.90775291889,0,3125.90775291889,3125.90775291889,-1.17961196366423e-16,-1.17961196366423e-16,rebalance_to_current_pe,0.377150957477115,2,0,0,0,0,0,0,stable_by_swing_prototype_thresholds,0,0,0,0,0,1.5,simulink_swing_prototype,0.03871303458529951,40,low_frequency,learned_mlp_top100
dyn_case_0063,1,1,49.4612869654147,50.761440364412,179.661051419797,292.362944322907,179.661051419797,130.924803254095,49.9999999999999,50,7.105427357601e-16,0,0,-3.57458170807342e-18,-3.57458170807342e-18,3125.90775291889,3125.90775291889,0,3125.90775291889,3125.90775291889,-1.17961196366423e-16,-1.17961196366423e-16,rebalance_to_current_pe,0.378022963534523,2,0,0,0,0,0,0,stable_by_swing_prototype_thresholds,0,0,0,0,0,1.5,simulink_swing_prototype,0.03871303458529951,41,low_frequency,learned_mlp_top100
dyn_case_0011,1,1,49.4737941416324,50.7734886017688,179.965554463591,348.897413922778,179.965554463591,178.718368953952,50.0,50,2.1316282072803e-15,0,0,-3.57458170807342e-18,-3.57458170807342e-18,3125.90775291889,3125.90775291889,0,3125.90775291889,3125.90775291889,-1.17961196366423e-16,-1.17961196366423e-16,rebalance_to_current_pe,0.375154238613855,2,0,0,0,0,0,0,stable_by_swing_prototype_thresholds,0,0,0,0,0,1.5,simulink_swing_prototype,0.02620585836759659,42,low_frequency,learned_mlp_top100
dyn_case_0035,1,1,49.4769645670366,50.7553727347983,179.742769954014,298.081625523948,179.742769954014,131.557558925381,49.9999999999997,50,2.1316282072803e-15,0,0,-3.57458170807342e-18,-3.57458170807342e-18,3125.90775291889,3125.90775291889,0,3125.90775291889,3125.90775291889,-1.17961196366423e-16,-1.17961196366423e-16,rebalance_to_current_pe,0.375390908005156,2,0,0,0,0,0,0,stable_by_swing_prototype_thresholds,0,0,0,0,0,1.5,simulink_swing_prototype,0.02303543296339683,43,low_frequency,learned_mlp_top100
dyn_case_0071,1,1,49.4775091208073,50.7734886017688,179.994071603011,344.734945127795,179.994071603011,174.533251181201,50.0,50,-1.4210854715202e-15,0,0,-3.57458170807342e-18,-3.57458170807342e-18,3125.90775291889,3125.90775291889,0,3125.90775291889,3125.90775291889,-1.17961196366423e-16,-1.17961196366423e-16,rebalance_to_current_pe,0.375154238613855,2,0,0,0,0,0,0,stable_by_swing_prototype_thresholds,0,0,0,0,0,1.5,simulink_swing_prototype,0.022490879192702096,44,low_frequency,learned_mlp_top100
dyn_case_0018,1,1,49.4776506614557,50.7734886017688,179.991785706884,341.754953004319,179.991785706884,177.70024383775,50.0000000000001,50,7.105427357601e-16,0,0,-3.57458170807342e-18,-3.57458170807342e-18,3125.90775291889,3125.90775291889,0,3125.90775291889,3125.90775291889,-1.17961196366423e-16,-1.17961196366423e-16,rebalance_to_current_pe,0.375154238613855,2,0,0,0,0,0,0,stable_by_swing_prototype_thresholds,0,0,0,0,0,1.5,simulink_swing_prototype,0.0223493385443021,45,low_frequency,learned_mlp_top100
dyn_case_0008,1,1,49.4777126727732,50.7578804712801,179.989444995287,340.015956552219,179.989444995287,126.57262194725,50.0,50,1.4210854715202e-15,0,0,-3.57458170807342e-18,-3.57458170807342e-18,3125.90775291889,3125.90775291889,0,3125.90775291889,3125.90775291889,-1.17961196366423e-16,-1.17961196366423e-16,rebalance_to_current_pe,0.376778323036088,2,0,0,0,0,0,0,stable_by_swing_prototype_thresholds,0,0,0,0,0,1.5,simulink_swing_prototype,0.022287327226798936,46,low_frequency,learned_mlp_top100
dyn_case_0014,1,1,49.4777126727732,50.7578804712801,179.986432502118,340.015480445632,179.986432502118,128.65919183962,50.0000000000002,50,-2.8421709430404e-15,0,0,-3.57458170807342e-18,-3.57458170807342e-18,3125.90775291889,3125.90775291889,0,3125.90775291889,3125.90775291889,-1.17961196366423e-16,-1.17961196366423e-16,rebalance_to_current_pe,0.376799966556552,2,0,0,0,0,0,0,stable_by_swing_prototype_thresholds,0,0,0,0,0,1.5,simulink_swing_prototype,0.022287327226798936,47,low_frequency,learned_mlp_top100
dyn_case_0015,1,1,49.4777126727732,50.7578804712801,179.986432502118,339.971148005296,179.986432502118,131.866195966269,50.0000000000002,50,1.4210854715202e-15,0,0,-3.57458170807342e-18,-3.57458170807342e-18,3125.90775291889,3125.90775291889,0,3125.90775291889,3125.90775291889,-1.17961196366423e-16,-1.17961196366423e-16,rebalance_to_current_pe,0.376612549856028,2,0,0,0,0,0,0,stable_by_swing_prototype_thresholds,0,0,0,0,0,1.5,simulink_swing_prototype,0.022287327226798936,48,low_frequency,learned_mlp_top100
dyn_case_0027,1,1,49.4777126727732,50.7578804712801,179.986432502118,340.015479252623,179.986432502118,128.569853630237,50.0000000000002,50,1.4210854715202e-15,0,0,-3.57458170807342e-18,-3.57458170807342e-18,3125.90775291889,3125.90775291889,0,3125.90775291889,3125.90775291889,-1.17961196366423e-16,-1.17961196366423e-16,rebalance_to_current_pe,0.376800055200372,2,0,0,0,0,0,0,stable_by_swing_prototype_thresholds,0,0,0,0,0,1.5,simulink_swing_prototype,0.022287327226798936,49,low_frequency,learned_mlp_top100
dyn_case_0043,1,1,49.4777126727732,50.7578804712801,179.999925408278,339.989063102154,179.999925408278,134.410778514666,50.0000000000001,50,1.4210854715202e-15,0,0,-3.57458170807342e-18,-3.57458170807342e-18,3125.90775291889,3125.90775291889,0,3125.90775291889,3125.90775291889,-1.17961196366423e-16,-1.17961196366423e-16,rebalance_to_current_pe,0.376282735162776,2,0,0,0,0,0,0,stable_by_swing_prototype_thresholds,0,0,0,0,0,1.5,simulink_swing_prototype,0.022287327226798936,50,low_frequency,learned_mlp_top100
dyn_case_0002,1,1,49.4841153646291,50.7734886017688,179.936298640071,337.820801797777,179.936298640071,172.094443182242,50.0000000000002,50,7.105427357601e-16,0,0,-3.57458170807342e-18,-3.57458170807342e-18,3125.90775291889,3125.90775291889,0,3125.90775291889,3125.90775291889,-1.17961196366423e-16,-1.17961196366423e-16,rebalance_to_current_pe,0.375154238613855,2,0,0,0,0,0,0,stable_by_swing_prototype_thresholds,0,0,0,0,0,1.5,simulink_swing_prototype,0.015884635370902345,51,low_frequency,learned_mlp_top100
dyn_case_0037,1,1,49.4863054525115,50.7553727347983,179.731661716962,298.081625523948,179.731661716962,125.720365864933,50.0000000000001,50,-1.4210854715202e-15,0,0,-3.57458170807342e-18,-3.57458170807342e-18,3125.90775291889,3125.90775291889,0,3125.90775291889,3125.90775291889,-1.17961196366423e-16,-1.17961196366423e-16,rebalance_to_current_pe,0.375390908005156,2,0,0,0,0,0,0,stable_by_swing_prototype_thresholds,0,0,0,0,0,1.5,simulink_swing_prototype,0.013694547488498188,52,low_frequency,learned_mlp_top100
dyn_case_0093,1,1,49.4863417776205,50.7553727347983,179.676904840205,298.081625523949,179.676904840205,128.073796250292,50.0,50,2.1316282072803e-15,0,0,-3.57458170807342e-18,-3.57458170807342e-18,3125.90775291889,3125.90775291889,0,3125.90775291889,3125.90775291889,-1.17961196366423e-16,-1.17961196366423e-16,rebalance_to_current_pe,0.375390908005155,2,0,0,0,0,0,0,stable_by_swing_prototype_thresholds,0,0,0,0,0,1.5,simulink_swing_prototype,0.013658222379497431,53,low_frequency,learned_mlp_top100
dyn_case_0023,1,1,49.4881924895831,50.7624310350355,179.996754968439,335.392816763187,179.996754968439,162.828188016397,50.0,50,-2.1316282072803e-15,0,0,-3.57458170807342e-18,-3.57458170807342e-18,3125.90775291889,3125.90775291889,0,3125.90775291889,3125.90775291889,-1.17961196366423e-16,-1.17961196366423e-16,rebalance_to_current_pe,0.377063604764329,2,0,0,0,0,0,0,stable_by_swing_prototype_thresholds,0,0,0,0,0,1.5,simulink_swing_prototype,0.011807510416900868,54,low_frequency,learned_mlp_top100
dyn_case_0005,1,1,49.4882047874451,50.7734886017688,179.988565974581,342.057216461306,179.988565974581,175.460303249027,50.0000000000001,50,-2.1316282072803e-15,0,0,-3.57458170807342e-18,-3.57458170807342e-18,3125.90775291889,3125.90775291889,0,3125.90775291889,3125.90775291889,-1.17961196366423e-16,-1.17961196366423e-16,rebalance_to_current_pe,0.375154238613855,2,0,0,0,0,0,0,stable_by_swing_prototype_thresholds,0,0,0,0,0,1.5,simulink_swing_prototype,0.011795212554901013,55,low_frequency,learned_mlp_top100
dyn_case_0079,1,1,49.4882047874451,50.7734886017688,179.988565974581,342.057216461306,179.988565974581,175.460303249027,50.0000000000001,50,-2.1316282072803e-15,0,0,-3.57458170807342e-18,-3.57458170807342e-18,3125.90775291889,3125.90775291889,0,3125.90775291889,3125.90775291889,-1.17961196366423e-16,-1.17961196366423e-16,rebalance_to_current_pe,0.375154238613855,2,0,0,0,0,0,0,stable_by_swing_prototype_thresholds,0,0,0,0,0,1.5,simulink_swing_prototype,0.011795212554901013,56,low_frequency,learned_mlp_top100
dyn_case_0059,1,1,49.4882705959088,50.7624310350355,179.924568186902,346.726606226369,179.924568186902,170.292086400012,50.0,50,-2.8421709430404e-15,0,0,-3.57458170807342e-18,-3.57458170807342e-18,3125.90775291889,3125.90775291889,0,3125.90775291889,3125.90775291889,-1.17961196366423e-16,-1.17961196366423e-16,rebalance_to_current_pe,0.377063604764329,2,0,0,0,0,0,0,stable_by_swing_prototype_thresholds,0,0,0,0,0,1.5,simulink_swing_prototype,0.011729404091198603,57,low_frequency,learned_mlp_top100
dyn_case_0013,1,1,49.4883559693413,50.7734886017688,179.993602407756,333.616490923514,179.993602407756,174.836506149685,49.9999999999999,50,1.4210854715202e-15,0,0,-3.57458170807342e-18,-3.57458170807342e-18,3125.90775291889,3125.90775291889,0,3125.90775291889,3125.90775291889,-1.17961196366423e-16,-1.17961196366423e-16,rebalance_to_current_pe,0.375154238613855,2,0,0,0,0,0,0,stable_by_swing_prototype_thresholds,0,0,0,0,0,1.5,simulink_swing_prototype,0.011644030658700899,58,low_frequency,learned_mlp_top100
dyn_case_0060,1,1,49.4883559693413,50.7734886017688,179.993602407756,333.616490923513,179.993602407756,174.836506149684,49.9999999999999,50,7.105427357601e-16,0,0,-3.57458170807342e-18,-3.57458170807342e-18,3125.90775291889,3125.90775291889,0,3125.90775291889,3125.90775291889,-1.17961196366423e-16,-1.17961196366423e-16,rebalance_to_current_pe,0.375154238613855,2,0,0,0,0,0,0,stable_by_swing_prototype_thresholds,0,0,0,0,0,1.5,simulink_swing_prototype,0.011644030658700899,59,low_frequency,learned_mlp_top100
dyn_case_0034,1,1,49.4892577331897,50.7734886017688,179.991818770603,339.222962450174,179.991818770603,179.990943669583,50.0,50,0.0,0,0,-3.57458170807342e-18,-3.57458170807342e-18,3125.90775291889,3125.90775291889,0,3125.90775291889,3125.90775291889,-1.17961196366423e-16,-1.17961196366423e-16,rebalance_to_current_pe,0.375154238613855,2,0,0,0,0,0,0,stable_by_swing_prototype_thresholds,0,0,0,0,0,1.5,simulink_swing_prototype,0.010742266810296996,60,low_frequency,learned_mlp_top100
dyn_case_0066,1,1,49.4914387897485,50.7734886017688,179.974491559412,353.90556915082,179.974491559412,166.143556001781,49.9999999999999,50,1.4210854715202e-15,0,0,-3.57458170807342e-18,-3.57458170807342e-18,3125.90775291889,3125.90775291889,0,3125.90775291889,3125.90775291889,-1.17961196366423e-16,-1.17961196366423e-16,rebalance_to_current_pe,0.375154238613855,2,0,0,0,0,0,0,stable_by_swing_prototype_thresholds,0,0,0,0,0,1.5,simulink_swing_prototype,0.008561210251500029,61,low_frequency,learned_mlp_top100
dyn_case_0069,1,1,49.4917154771697,50.7624310350355,179.917314989099,337.219565430074,179.917314989099,165.001365726012,50.0000000000001,50,-1.4210854715202e-15,0,0,-3.57458170807342e-18,-3.57458170807342e-18,3125.90775291889,3125.90775291889,0,3125.90775291889,3125.90775291889,-1.17961196366423e-16,-1.17961196366423e-16,rebalance_to_current_pe,0.377063604764329,2,0,0,0,0,0,0,stable_by_swing_prototype_thresholds,0,0,0,0,0,1.5,simulink_swing_prototype,0.008284522830301455,62,low_frequency,learned_mlp_top100
dyn_case_0067,1,1,49.491790613597,50.7734886017688,179.982969192978,345.522262132549,179.982969192978,176.33416367414,50.0000000000001,50,-2.1316282072803e-15,0,0,-3.57458170807342e-18,-3.57458170807342e-18,3125.90775291889,3125.90775291889,0,3125.90775291889,3125.90775291889,-1.17961196366423e-16,-1.17961196366423e-16,rebalance_to_current_pe,0.375154238613855,2,0,0,0,0,0,0,stable_by_swing_prototype_thresholds,0,0,0,0,0,1.5,simulink_swing_prototype,0.008209386403002839,63,low_frequency,learned_mlp_top100
dyn_case_0031,1,1,49.4969529723086,50.7711059039651,179.999713245379,325.512914322975,179.999713245379,175.511613089191,50.0,50,-7.105427357601e-16,0,0,-3.57458170807342e-18,-3.57458170807342e-18,3125.90775291889,3125.90775291889,0,3125.90775291889,3125.90775291889,-1.17961196366423e-16,-1.17961196366423e-16,rebalance_to_current_pe,0.377091003445846,2,0,0,0,0,0,0,stable_by_swing_prototype_thresholds,0,0,0,0,0,1.5,simulink_swing_prototype,0.003047027691401638,64,low_frequency,learned_mlp_top100
dyn_case_0070,1,1,49.4986191229084,50.7089577768583,179.915759709812,274.096226372951,179.915759709812,128.062260637304,50.0,50,1.4210854715202e-15,0,0,-3.57458170807342e-18,-3.57458170807342e-18,3125.90775291889,3125.90775291889,0,3125.90775291889,3125.90775291889,-1.17961196366423e-16,-1.17961196366423e-16,rebalance_to_current_pe,0.371573503907305,2,0,0,0,0,0,0,stable_by_swing_prototype_thresholds,0,0,0,0,0,1.5,simulink_swing_prototype,0.0013808770915986202,65,low_frequency,learned_mlp_top100
dyn_case_0076,1,1,49.4986191229084,50.7089577768583,179.915759709812,274.211301928569,179.915759709812,134.72948538167,50.0000000000002,50,-7.105427357601e-16,0,0,-3.57458170807342e-18,-3.57458170807342e-18,3125.90775291889,3125.90775291889,0,3125.90775291889,3125.90775291889,-1.17961196366423e-16,-1.17961196366423e-16,rebalance_to_current_pe,0.36796258176024,2,0,0,0,0,0,0,stable_by_swing_prototype_thresholds,0,0,0,0,0,1.5,simulink_swing_prototype,0.0013808770915986202,66,low_frequency,learned_mlp_top100
dyn_case_0086,1,1,49.4986191229084,50.7089577768583,179.915759709812,274.241191674185,179.915759709812,137.754772352,50.0000000000001,50,-7.105427357601e-16,0,0,-3.57458170807342e-18,-3.57458170807342e-18,3125.90775291889,3125.90775291889,0,3125.90775291889,3125.90775291889,-1.17961196366423e-16,-1.17961196366423e-16,rebalance_to_current_pe,0.377026976228472,2,0,0,0,0,0,0,stable_by_swing_prototype_thresholds,0,0,0,0,0,1.5,simulink_swing_prototype,0.0013808770915986202,67,low_frequency,learned_mlp_top100
dyn_case_0089,1,1,49.4986191229084,50.7089577768583,179.915759709812,274.257703459839,179.915759709812,139.772445714834,50.0000000000002,50,-1.4210854715202e-15,0,0,-3.57458170807342e-18,-3.57458170807342e-18,3125.90775291889,3125.90775291889,0,3125.90775291889,3125.90775291889,-1.17961196366423e-16,-1.17961196366423e-16,rebalance_to_current_pe,0.377056338145773,2,0,0,0,0,0,0,stable_by_swing_prototype_thresholds,0,0,0,0,0,1.5,simulink_swing_prototype,0.0013808770915986202,68,low_frequency,learned_mlp_top100
dyn_case_0090,1,1,49.4986191229084,50.7089577768583,179.915759709812,274.264134655081,179.915759709812,139.184837035131,50.0000000000002,50,1.4210854715202e-15,0,0,-3.57458170807342e-18,-3.57458170807342e-18,3125.90775291889,3125.90775291889,0,3125.90775291889,3125.90775291889,-1.17961196366423e-16,-1.17961196366423e-16,rebalance_to_current_pe,0.377484188467121,2,0,0,0,0,0,0,stable_by_swing_prototype_thresholds,0,0,0,0,0,1.5,simulink_swing_prototype,0.0013808770915986202,69,low_frequency,learned_mlp_top100
dyn_case_0100,1,1,49.4986191229084,50.7089577768583,179.915759709812,274.255217481283,179.915759709812,150.076502550792,50.0000000000002,50,-7.105427357601e-16,0,0,-3.57458170807342e-18,-3.57458170807342e-18,3125.90775291889,3125.90775291889,0,3125.90775291889,3125.90775291889,-1.17961196366423e-16,-1.17961196366423e-16,rebalance_to_current_pe,0.376359179717692,2,0,0,0,0,0,0,stable_by_swing_prototype_thresholds,0,0,0,0,0,1.5,simulink_swing_prototype,0.0013808770915986202,70,low_frequency,learned_mlp_top100
dyn_case_0020,1,1,49.4991629004606,50.7271406036573,179.986063467921,286.634217143917,179.986063467921,122.982628395708,50.0,50,-7.105427357601e-16,0,0,-3.57458170807342e-18,-3.57458170807342e-18,3125.90775291889,3125.90775291889,0,3125.90775291889,3125.90775291889,-1.17961196366423e-16,-1.17961196366423e-16,rebalance_to_current_pe,0.377216212266687,2,0,0,0,0,0,0,stable_by_swing_prototype_thresholds,0,0,0,0,0,1.5,simulink_swing_prototype,0.0008370995394031411,71,low_frequency,learned_mlp_top100
dyn_case_0021,1,1,49.4991629004606,50.7271406036573,179.986063467921,283.747374964822,179.986063467921,132.606916927174,50.0000000000001,50,-1.4210854715202e-15,0,0,-3.57458170807342e-18,-3.57458170807342e-18,3125.90775291889,3125.90775291889,0,3125.90775291889,3125.90775291889,-1.17961196366423e-16,-1.17961196366423e-16,rebalance_to_current_pe,0.375353946433385,2,0,0,0,0,0,0,stable_by_swing_prototype_thresholds,0,0,0,0,0,1.5,simulink_swing_prototype,0.0008370995394031411,72,low_frequency,learned_mlp_top100
dyn_case_0028,1,1,49.4991629004606,50.7271406036573,179.986063467921,286.32371970768,179.986063467921,129.919813599282,50.0000000000001,50,-2.1316282072803e-15,0,0,-3.57458170807342e-18,-3.57458170807342e-18,3125.90775291889,3125.90775291889,0,3125.90775291889,3125.90775291889,-1.17961196366423e-16,-1.17961196366423e-16,rebalance_to_current_pe,0.377211578948922,2,0,0,0,0,0,0,stable_by_swing_prototype_thresholds,0,0,0,0,0,1.5,simulink_swing_prototype,0.0008370995394031411,73,low_frequency,learned_mlp_top100
dyn_case_0039,1,1,49.4991629004606,50.7271406036573,179.986063467921,286.32371970768,179.986063467921,129.919813599282,50.0000000000001,50,-2.1316282072803e-15,0,0,-3.57458170807342e-18,-3.57458170807342e-18,3125.90775291889,3125.90775291889,0,3125.90775291889,3125.90775291889,-1.17961196366423e-16,-1.17961196366423e-16,rebalance_to_current_pe,0.377211578948922,2,0,0,0,0,0,0,stable_by_swing_prototype_thresholds,0,0,0,0,0,1.5,simulink_swing_prototype,0.0008370995394031411,74,low_frequency,learned_mlp_top100
dyn_case_0040,1,1,49.4991629004606,50.7271406036573,179.986063467921,286.219816008057,179.986063467921,129.341177899463,50.0,50,0.0,0,0,-3.57458170807342e-18,-3.57458170807342e-18,3125.90775291889,3125.90775291889,0,3125.90775291889,3125.90775291889,-1.17961196366423e-16,-1.17961196366423e-16,rebalance_to_current_pe,0.377221306762297,2,0,0,0,0,0,0,stable_by_swing_prototype_thresholds,0,0,0,0,0,1.5,simulink_swing_prototype,0.0008370995394031411,75,low_frequency,learned_mlp_top100
dyn_case_0053,1,1,49.4991629004606,50.7271406036573,179.986063467921,286.45568199704,179.986063467921,128.046328276,50.0,50,7.105427357601e-16,0,0,-3.57458170807342e-18,-3.57458170807342e-18,3125.90775291889,3125.90775291889,0,3125.90775291889,3125.90775291889,-1.17961196366423e-16,-1.17961196366423e-16,rebalance_to_current_pe,0.377183868545707,2,0,0,0,0,0,0,stable_by_swing_prototype_thresholds,0,0,0,0,0,1.5,simulink_swing_prototype,0.0008370995394031411,76,low_frequency,learned_mlp_top100
dyn_case_0068,1,1,49.4991629004606,50.7271406036573,179.986063467921,286.225790439374,179.986063467921,127.321070736946,49.9999999999999,50,1.4210854715202e-15,0,0,-3.57458170807342e-18,-3.57458170807342e-18,3125.90775291889,3125.90775291889,0,3125.90775291889,3125.90775291889,-1.17961196366423e-16,-1.17961196366423e-16,rebalance_to_current_pe,0.377168590919583,2,0,0,0,0,0,0,stable_by_swing_prototype_thresholds,0,0,0,0,0,1.5,simulink_swing_prototype,0.0008370995394031411,77,low_frequency,learned_mlp_top100
dyn_case_0083,1,1,49.4991629004606,50.7271406036573,179.986063467921,286.336180029075,179.986063467921,131.459478083081,49.9999999999999,50,7.105427357601e-16,0,0,-3.57458170807342e-18,-3.57458170807342e-18,3125.90775291889,3125.90775291889,0,3125.90775291889,3125.90775291889,-1.17961196366423e-16,-1.17961196366423e-16,rebalance_to_current_pe,0.377291662077325,2,0,0,0,0,0,0,stable_by_swing_prototype_thresholds,0,0,0,0,0,1.5,simulink_swing_prototype,0.0008370995394031411,78,low_frequency,learned_mlp_top100
dyn_case_0029,1,1,49.528435456646,50.7568659154796,179.695139715901,304.437690611506,179.695139715901,117.9788693073,49.9999999999999,50,1.4210854715202e-15,0,0,-3.57458170807342e-18,-3.57458170807342e-18,3125.90775291889,3125.90775291889,0,3125.90775291889,3125.90775291889,-1.17961196366423e-16,-1.17961196366423e-16,rebalance_to_current_pe,0.37738333783176,2,0,0,0,0,0,0,stable_by_swing_prototype_thresholds,0,0,0,0,0,1.5,simulink_swing_prototype,0.0,79,low_stress,learned_mlp_top100
dyn_case_0032,1,1,49.5060952646181,50.7527764910968,179.740850551302,356.377313170086,179.740850551302,133.21928007837,50.0000000000001,50,7.105427357601e-16,0,0,-3.57458170807342e-18,-3.57458170807342e-18,3125.90775291889,3125.90775291889,0,3125.90775291889,3125.90775291889,-1.17961196366423e-16,-1.17961196366423e-16,rebalance_to_current_pe,0.374783324148521,2,0,0,0,0,0,0,stable_by_swing_prototype_thresholds,0,0,0,0,0,1.5,simulink_swing_prototype,0.0,80,low_stress,learned_mlp_top100
dyn_case_0038,1,1,49.5099710088119,50.7711059039651,179.967732173717,319.542975317549,179.967732173717,174.53727051903,50.0000000000001,50,-7.105427357601e-16,0,0,-3.57458170807342e-18,-3.57458170807342e-18,3125.90775291889,3125.90775291889,0,3125.90775291889,3125.90775291889,-1.17961196366423e-16,-1.17961196366423e-16,rebalance_to_current_pe,0.377091003445846,2,0,0,0,0,0,0,stable_by_swing_prototype_thresholds,0,0,0,0,0,1.5,simulink_swing_prototype,0.0,81,low_stress,learned_mlp_top100
dyn_case_0044,1,1,49.5060952646181,50.7527764910968,179.931979811608,356.377313170086,179.931979811608,150.754177665299,50.0,50,0.0,0,0,-3.57458170807342e-18,-3.57458170807342e-18,3125.90775291889,3125.90775291889,0,3125.90775291889,3125.90775291889,-1.17961196366423e-16,-1.17961196366423e-16,rebalance_to_current_pe,0.374783324148521,2,0,0,0,0,0,0,stable_by_swing_prototype_thresholds,0,0,0,0,0,1.5,simulink_swing_prototype,0.0,82,low_stress,learned_mlp_top100
dyn_case_0046,1,1,49.5020266682617,50.7734886017688,179.99810959515,334.166264326975,179.99810959515,177.726997493926,50.0,50,7.105427357601e-16,0,0,-3.57458170807342e-18,-3.57458170807342e-18,3125.90775291889,3125.90775291889,0,3125.90775291889,3125.90775291889,-1.17961196366423e-16,-1.17961196366423e-16,rebalance_to_current_pe,0.375154238613855,2,0,0,0,0,0,0,stable_by_swing_prototype_thresholds,0,0,0,0,0,1.5,simulink_swing_prototype,0.0,83,low_stress,learned_mlp_top100
dyn_case_0048,1,1,49.5100313701281,50.7711059039651,179.993229124675,319.630818332327,179.993229124675,171.018885864206,50.0,50,-2.8421709430404e-15,0,0,-3.57458170807342e-18,-3.57458170807342e-18,3125.90775291889,3125.90775291889,0,3125.90775291889,3125.90775291889,-1.17961196366423e-16,-1.17961196366423e-16,rebalance_to_current_pe,0.377091003445846,2,0,0,0,0,0,0,stable_by_swing_prototype_thresholds,0,0,0,0,0,1.5,simulink_swing_prototype,0.0,84,low_stress,learned_mlp_top100
dyn_case_0049,1,1,49.5114413369595,50.7551858323355,179.762027167549,324.698885157435,179.762027167549,159.123055574446,49.9999999999999,50,0.0,0,0,-3.57458170807342e-18,-3.57458170807342e-18,3125.90775291889,3125.90775291889,0,3125.90775291889,3125.90775291889,-1.17961196366423e-16,-1.17961196366423e-16,rebalance_to_current_pe,0.377740742176252,2,0,0,0,0,0,0,stable_by_swing_prototype_thresholds,0,0,0,0,0,1.5,simulink_swing_prototype,0.0,85,low_stress,learned_mlp_top100
dyn_case_0050,1,1,49.5087042833102,50.7551858323355,179.994657604758,352.835359528243,179.994657604758,173.87925730444,49.9999999999998,50,0.0,0,0,-3.57458170807342e-18,-3.57458170807342e-18,3125.90775291889,3125.90775291889,0,3125.90775291889,3125.90775291889,-1.17961196366423e-16,-1.17961196366423e-16,rebalance_to_current_pe,0.377740742176252,2,0,0,0,0,0,0,stable_by_swing_prototype_thresholds,0,0,0,0,0,1.5,simulink_swing_prototype,0.0,86,low_stress,learned_mlp_top100
dyn_case_0055,1,1,49.5121343013951,50.7551858323355,179.942328186821,340.333421830303,179.942328186821,167.527582004016,50.0000000000001,50,7.105427357601e-16,0,0,-3.57458170807342e-18,-3.57458170807342e-18,3125.90775291889,3125.90775291889,0,3125.90775291889,3125.90775291889,-1.17961196366423e-16,-1.17961196366423e-16,rebalance_to_current_pe,0.377740742176252,2,0,0,0,0,0,0,stable_by_swing_prototype_thresholds,0,0,0,0,0,1.5,simulink_swing_prototype,0.0,87,low_stress,learned_mlp_top100
dyn_case_0056,1,1,49.5084008131738,50.7687893739394,179.988157464503,320.927045996845,179.988157464503,163.329566173815,49.9999999999998,50,2.1316282072803e-15,0,0,-3.57458170807342e-18,-3.57458170807342e-18,3125.90775291889,3125.90775291889,0,3125.90775291889,3125.90775291889,-1.17961196366423e-16,-1.17961196366423e-16,rebalance_to_current_pe,0.374519094690962,2,0,0,0,0,0,0,stable_by_swing_prototype_thresholds,0,0,0,0,0,1.5,simulink_swing_prototype,0.0,88,low_stress,learned_mlp_top100
dyn_case_0062,1,1,49.5292027665035,50.669593479234,179.984599854423,321.045167934579,179.984599854423,124.684560201867,50.0000000000001,50,-2.1316282072803e-15,0,0,-3.57458170807342e-18,-3.57458170807342e-18,3125.90775291889,3125.90775291889,0,3125.90775291889,3125.90775291889,-1.17961196366423e-16,-1.17961196366423e-16,rebalance_to_current_pe,0.374054493601546,2,0,0,0,0,0,0,stable_by_swing_prototype_thresholds,0,0,0,0,0,1.5,simulink_swing_prototype,0.0,89,low_stress,learned_mlp_top100
dyn_case_0064,1,1,49.5099986336255,50.7551858323355,179.926179867857,336.440444185315,179.926179867857,167.57986773395,50.0,50,1.4210854715202e-15,0,0,-3.57458170807342e-18,-3.57458170807342e-18,3125.90775291889,3125.90775291889,0,3125.90775291889,3125.90775291889,-1.17961196366423e-16,-1.17961196366423e-16,rebalance_to_current_pe,0.377740742176252,2,0,0,0,0,0,0,stable_by_swing_prototype_thresholds,0,0,0,0,0,1.5,simulink_swing_prototype,0.0,90,low_stress,learned_mlp_top100
dyn_case_0065,1,1,49.5189615241793,50.7711059039651,179.981611268429,319.602905728432,179.981611268429,175.604382166446,50.0,50,1.4210854715202e-15,0,0,-3.57458170807342e-18,-3.57458170807342e-18,3125.90775291889,3125.90775291889,0,3125.90775291889,3125.90775291889,-1.17961196366423e-16,-1.17961196366423e-16,rebalance_to_current_pe,0.377091003445846,2,0,0,0,0,0,0,stable_by_swing_prototype_thresholds,0,0,0,0,0,1.5,simulink_swing_prototype,0.0,91,low_stress,learned_mlp_top100
dyn_case_0072,1,1,49.5056152120633,50.7578070857578,179.946599404334,341.566011204094,179.946599404334,133.007546341199,49.9999999999999,50,-1.4210854715202e-15,0,0,-3.57458170807342e-18,-3.57458170807342e-18,3125.90775291889,3125.90775291889,0,3125.90775291889,3125.90775291889,-1.17961196366423e-16,-1.17961196366423e-16,rebalance_to_current_pe,0.374456453617164,2,0,0,0,0,0,0,stable_by_swing_prototype_thresholds,0,0,0,0,0,1.5,simulink_swing_prototype,0.0,92,low_stress,learned_mlp_top100
dyn_case_0073,1,1,49.508942904383,50.7687893739394,179.990435400054,320.927045996845,179.990435400054,148.031596773619,50.0,50,1.4210854715202e-15,0,0,-3.57458170807342e-18,-3.57458170807342e-18,3125.90775291889,3125.90775291889,0,3125.90775291889,3125.90775291889,-1.17961196366423e-16,-1.17961196366423e-16,rebalance_to_current_pe,0.374519094690962,2,0,0,0,0,0,0,stable_by_swing_prototype_thresholds,0,0,0,0,0,1.5,simulink_swing_prototype,0.0,93,low_stress,learned_mlp_top100
dyn_case_0077,1,1,49.5060952646181,50.7527764910968,179.740850551302,356.377313170086,179.740850551302,135.701360926448,50.0,50,1.4210854715202e-15,0,0,-3.57458170807342e-18,-3.57458170807342e-18,3125.90775291889,3125.90775291889,0,3125.90775291889,3125.90775291889,-1.17961196366423e-16,-1.17961196366423e-16,rebalance_to_current_pe,0.374783324148521,2,0,0,0,0,0,0,stable_by_swing_prototype_thresholds,0,0,0,0,0,1.5,simulink_swing_prototype,0.0,94,low_stress,learned_mlp_top100
dyn_case_0081,1,1,49.5100313701281,50.7711059039651,179.993229124675,319.630818332327,179.993229124675,171.018885864206,50.0,50,-2.8421709430404e-15,0,0,-3.57458170807342e-18,-3.57458170807342e-18,3125.90775291889,3125.90775291889,0,3125.90775291889,3125.90775291889,-1.17961196366423e-16,-1.17961196366423e-16,rebalance_to_current_pe,0.377091003445846,2,0,0,0,0,0,0,stable_by_swing_prototype_thresholds,0,0,0,0,0,1.5,simulink_swing_prototype,0.0,95,low_stress,learned_mlp_top100
dyn_case_0085,1,1,49.5260396401309,50.669593479234,179.984599854423,323.757625804817,179.984599854423,131.057418578704,50.0000000000001,50,1.4210854715202e-15,0,0,-3.57458170807342e-18,-3.57458170807342e-18,3125.90775291889,3125.90775291889,0,3125.90775291889,3125.90775291889,-1.17961196366423e-16,-1.17961196366423e-16,rebalance_to_current_pe,0.372518842262785,2,0,0,0,0,0,0,stable_by_swing_prototype_thresholds,0,0,0,0,0,1.5,simulink_swing_prototype,0.0,96,low_stress,learned_mlp_top100
dyn_case_0092,1,1,49.5060952646181,50.7527764910968,179.740850551302,356.377313170086,179.740850551302,132.904488586108,50.0000000000001,50,-2.8421709430404e-15,0,0,-3.57458170807342e-18,-3.57458170807342e-18,3125.90775291889,3125.90775291889,0,3125.90775291889,3125.90775291889,-1.17961196366423e-16,-1.17961196366423e-16,rebalance_to_current_pe,0.374783324148521,2,0,0,0,0,0,0,stable_by_swing_prototype_thresholds,0,0,0,0,0,1.5,simulink_swing_prototype,0.0,97,low_stress,learned_mlp_top100
dyn_case_0095,1,1,49.516649317884,50.7551858323355,179.963823765976,352.192992234629,179.963823765976,175.853452398722,50.0,50,-2.1316282072803e-15,0,0,-3.57458170807342e-18,-3.57458170807342e-18,3125.90775291889,3125.90775291889,0,3125.90775291889,3125.90775291889,-1.17961196366423e-16,-1.17961196366423e-16,rebalance_to_current_pe,0.377740742176252,2,0,0,0,0,0,0,stable_by_swing_prototype_thresholds,0,0,0,0,0,1.5,simulink_swing_prototype,0.0,98,low_stress,learned_mlp_top100
dyn_case_0096,1,1,49.5167797857175,50.7551858323355,179.967448575872,343.200240494346,179.967448575872,170.518525561179,50.0000000000001,50,-3.5527136788005e-15,0,0,-3.57458170807342e-18,-3.57458170807342e-18,3125.90775291889,3125.90775291889,0,3125.90775291889,3125.90775291889,-1.17961196366423e-16,-1.17961196366423e-16,rebalance_to_current_pe,0.377740742176252,2,0,0,0,0,0,0,stable_by_swing_prototype_thresholds,0,0,0,0,0,1.5,simulink_swing_prototype,0.0,99,low_stress,learned_mlp_top100
dyn_case_0099,1,1,49.5089434894477,50.7687893739394,179.94681273374,362.088207900403,179.94681273374,164.375118203852,50.0000000000001,50,-1.4210854715202e-15,0,0,-3.57458170807342e-18,-3.57458170807342e-18,3125.90775291889,3125.90775291889,0,3125.90775291889,3125.90775291889,-1.17961196366423e-16,-1.17961196366423e-16,rebalance_to_current_pe,0.374519094690962,2,0,0,0,0,0,0,stable_by_swing_prototype_thresholds,0,0,0,0,0,1.5,simulink_swing_prototype,0.0,100,low_stress,learned_mlp_top100
dyn_case_0001,1,1,49.2297785881481,50.5689915035791,179.551188814583,321.623805046863,179.551188814583,140.941407331435,50.0,50,0.0,0,0,-3.57458170807342e-18,-3.57458170807342e-18,3125.90775291889,3125.90775291889,0,3125.90775291889,3125.90775291889,-1.17961196366423e-16,-1.17961196366423e-16,rebalance_to_current_pe,0.376229240768313,2,0,0,0,0,0,0,stable_by_swing_prototype_thresholds,0,0,0,0,0,1.5,simulink_swing_prototype,0.2702214118518995,1,low_frequency,learned_mlp_top50
dyn_case_0006,1,1,49.2297785881481,50.5689915035791,179.589424295707,321.623805046863,179.589424295707,137.888251226486,50.0,50,2.1316282072803e-15,0,0,-3.57458170807342e-18,-3.57458170807342e-18,3125.90775291889,3125.90775291889,0,3125.90775291889,3125.90775291889,-1.17961196366423e-16,-1.17961196366423e-16,rebalance_to_current_pe,0.376229240768313,2,0,0,0,0,0,0,stable_by_swing_prototype_thresholds,0,0,0,0,0,1.5,simulink_swing_prototype,0.2702214118518995,2,low_frequency,learned_mlp_top50
dyn_case_0007,1,1,49.2297785881481,50.5689915035791,179.551188814583,321.623805046863,179.551188814583,139.399297257792,50.0000000000001,50,-1.4210854715202e-15,0,0,-3.57458170807342e-18,-3.57458170807342e-18,3125.90775291889,3125.90775291889,0,3125.90775291889,3125.90775291889,-1.17961196366423e-16,-1.17961196366423e-16,rebalance_to_current_pe,0.376229240768313,2,0,0,0,0,0,0,stable_by_swing_prototype_thresholds,0,0,0,0,0,1.5,simulink_swing_prototype,0.2702214118518995,3,low_frequency,learned_mlp_top50
dyn_case_0016,1,1,49.2297785881481,50.5689915035791,179.556101478523,321.623805046863,179.556101478523,146.720056781367,50.0000000000002,50,-7.105427357601e-16,0,0,-3.57458170807342e-18,-3.57458170807342e-18,3125.90775291889,3125.90775291889,0,3125.90775291889,3125.90775291889,-1.17961196366423e-16,-1.17961196366423e-16,rebalance_to_current_pe,0.376229240768313,2,0,0,0,0,0,0,stable_by_swing_prototype_thresholds,0,0,0,0,0,1.5,simulink_swing_prototype,0.2702214118518995,4,low_frequency,learned_mlp_top50
dyn_case_0033,1,1,49.2297785881481,50.5689915035791,179.551188814583,321.623805046863,179.551188814583,140.941407331435,50.0,50,0.0,0,0,-3.57458170807342e-18,-3.57458170807342e-18,3125.90775291889,3125.90775291889,0,3125.90775291889,3125.90775291889,-1.17961196366423e-16,-1.17961196366423e-16,rebalance_to_current_pe,0.376229240768313,2,0,0,0,0,0,0,stable_by_swing_prototype_thresholds,0,0,0,0,0,1.5,simulink_swing_prototype,0.2702214118518995,5,low_frequency,learned_mlp_top50
dyn_case_0030,1,1,49.2409831099392,50.5488133611635,179.644203942449,264.920578427921,179.644203942449,142.702093826713,49.9999999999998,50,7.105427357601e-16,0,0,-3.57458170807342e-18,-3.57458170807342e-18,3125.90775291889,3125.90775291889,0,3125.90775291889,3125.90775291889,-1.17961196366423e-16,-1.17961196366423e-16,rebalance_to_current_pe,0.370166645005446,2,0,0,0,0,0,0,stable_by_swing_prototype_thresholds,0,0,0,0,0,1.5,simulink_swing_prototype,0.2590168900607992,6,low_frequency,learned_mlp_top50
dyn_case_0042,1,1,49.2409831099392,50.5488133611635,179.644203942449,264.920578427921,179.644203942449,146.761400130431,49.9999999999998,50,7.105427357601e-16,0,0,-3.57458170807342e-18,-3.57458170807342e-18,3125.90775291889,3125.90775291889,0,3125.90775291889,3125.90775291889,-1.17961196366423e-16,-1.17961196366423e-16,rebalance_to_current_pe,0.367759749534988,2,0,0,0,0,0,0,stable_by_swing_prototype_thresholds,0,0,0,0,0,1.5,simulink_swing_prototype,0.2590168900607992,7,low_frequency,learned_mlp_top50
dyn_case_0010,1,1,49.2513182405425,50.5537214172497,179.747365895153,313.214902345824,179.747365895153,142.276157986019,50.0,50,0.0,0,0,-3.57458170807342e-18,-3.57458170807342e-18,3125.90775291889,3125.90775291889,0,3125.90775291889,3125.90775291889,-1.17961196366423e-16,-1.17961196366423e-16,rebalance_to_current_pe,0.37314948670341,2,0,0,0,0,0,0,stable_by_swing_prototype_thresholds,0,0,0,0,0,1.5,simulink_swing_prototype,0.24868175945749726,8,low_frequency,learned_mlp_top50
dyn_case_0019,1,1,49.2513182405425,50.5537306237191,179.747314925036,313.348656149836,179.747314925036,134.37036086546,49.9999999999998,50,2.1316282072803e-15,0,0,-3.57458170807342e-18,-3.57458170807342e-18,3125.90775291889,3125.90775291889,0,3125.90775291889,3125.90775291889,-1.17961196366423e-16,-1.17961196366423e-16,rebalance_to_current_pe,0.373126786596853,2,0,0,0,0,0,0,stable_by_swing_prototype_thresholds,0,0,0,0,0,1.5,simulink_swing_prototype,0.24868175945749726,9,low_frequency,learned_mlp_top50
dyn_case_0024,1,1,49.2513182405425,50.5539586988167,179.747107917645,312.711659474979,179.747107917645,132.303146791123,49.9999999999999,50,3.5527136788005e-15,0,0,-3.57458170807342e-18,-3.57458170807342e-18,3125.90775291889,3125.90775291889,0,3125.90775291889,3125.90775291889,-1.17961196366423e-16,-1.17961196366423e-16,rebalance_to_current_pe,0.37244441166466,2,0,0,0,0,0,0,stable_by_swing_prototype_thresholds,0,0,0,0,0,1.5,simulink_swing_prototype,0.24868175945749726,10,low_frequency,learned_mlp_top50
dyn_case_0025,1,1,49.2513182405425,50.5537125252435,179.747322550199,312.980663409049,179.747322550199,134.251363801003,50.0,50,-1.4210854715202e-15,0,0,-3.57458170807342e-18,-3.57458170807342e-18,3125.90775291889,3125.90775291889,0,3125.90775291889,3125.90775291889,-1.17961196366423e-16,-1.17961196366423e-16,rebalance_to_current_pe,0.372725298163744,2,0,0,0,0,0,0,stable_by_swing_prototype_thresholds,0,0,0,0,0,1.5,simulink_swing_prototype,0.24868175945749726,11,low_frequency,learned_mlp_top50
dyn_case_0026,1,1,49.2513182405425,50.5539586988167,179.747107917645,312.711659474979,179.747107917645,132.303146791123,49.9999999999999,50,3.5527136788005e-15,0,0,-3.57458170807342e-18,-3.57458170807342e-18,3125.90775291889,3125.90775291889,0,3125.90775291889,3125.90775291889,-1.17961196366423e-16,-1.17961196366423e-16,rebalance_to_current_pe,0.37244441166466,2,0,0,0,0,0,0,stable_by_swing_prototype_thresholds,0,0,0,0,0,1.5,simulink_swing_prototype,0.24868175945749726,12,low_frequency,learned_mlp_top50
dyn_case_0041,1,1,49.2513182405425,50.5464825700399,179.894946601781,313.096089563511,179.894946601781,134.699219164613,50.0,50,-7.105427357601e-16,0,0,-3.57458170807342e-18,-3.57458170807342e-18,3125.90775291889,3125.90775291889,0,3125.90775291889,3125.90775291889,-1.17961196366423e-16,-1.17961196366423e-16,rebalance_to_current_pe,0.373009227377418,2,0,0,0,0,0,0,stable_by_swing_prototype_thresholds,0,0,0,0,0,1.5,simulink_swing_prototype,0.24868175945749726,13,low_frequency,learned_mlp_top50
dyn_case_0045,1,1,49.2513182405425,50.5538487393231,179.747184008233,312.875433665177,179.747184008233,133.765434496444,50.0,50,-2.1316282072803e-15,0,0,-3.57458170807342e-18,-3.57458170807342e-18,3125.90775291889,3125.90775291889,0,3125.90775291889,3125.90775291889,-1.17961196366423e-16,-1.17961196366423e-16,rebalance_to_current_pe,0.373018247416687,2,0,0,0,0,0,0,stable_by_swing_prototype_thresholds,0,0,0,0,0,1.5,simulink_swing_prototype,0.24868175945749726,14,low_frequency,learned_mlp_top50
dyn_case_0036,1,1,49.2600287651465,50.4716144145836,179.935172403382,317.07306161067,179.935172403382,175.062636636664,49.9999999999999,50,-7.105427357601e-16,0,0,-3.57458170807342e-18,-3.57458170807342e-18,3125.90775291889,3125.90775291889,0,3125.90775291889,3125.90775291889,-1.17961196366423e-16,-1.17961196366423e-16,rebalance_to_current_pe,0.3750354331968,2,0,0,0,0,0,0,stable_by_swing_prototype_thresholds,0,0,0,0,0,1.5,simulink_swing_prototype,0.23997123485349903,15,low_frequency,learned_mlp_top50
dyn_case_0047,1,1,49.2600287651465,50.4710700976295,179.993704102568,324.715527644367,179.993704102568,171.484444544714,50.0000000000001,50,2.1316282072803e-15,0,0,-3.57458170807342e-18,-3.57458170807342e-18,3125.90775291889,3125.90775291889,0,3125.90775291889,3125.90775291889,-1.17961196366423e-16,-1.17961196366423e-16,rebalance_to_current_pe,0.375055962701467,2,0,0,0,0,0,0,stable_by_swing_prototype_thresholds,0,0,0,0,0,1.5,simulink_swing_prototype,0.23997123485349903,16,low_frequency,learned_mlp_top50
dyn_case_0003,1,1,49.4460108421774,50.7706173254535,179.92509236616,351.56051256864,179.92509236616,151.104754717992,50.0,50,3.5527136788005e-15,0,0,-3.57458170807342e-18,-3.57458170807342e-18,3125.90775291889,3125.90775291889,0,3125.90775291889,3125.90775291889,-1.17961196366423e-16,-1.17961196366423e-16,rebalance_to_current_pe,0.370607060814551,2,0,0,0,0,0,0,stable_by_swing_prototype_thresholds,0,0,0,0,0,1.5,simulink_swing_prototype,0.053989157822599054,17,low_frequency,learned_mlp_top50
dyn_case_0004,1,1,49.4460108421774,50.7706173254535,179.92509236616,351.401955241992,179.92509236616,151.407297833506,49.9999999999999,50,-1.4210854715202e-15,0,0,-3.57458170807342e-18,-3.57458170807342e-18,3125.90775291889,3125.90775291889,0,3125.90775291889,3125.90775291889,-1.17961196366423e-16,-1.17961196366423e-16,rebalance_to_current_pe,0.370502955295736,2,0,0,0,0,0,0,stable_by_swing_prototype_thresholds,0,0,0,0,0,1.5,simulink_swing_prototype,0.053989157822599054,18,low_frequency,learned_mlp_top50
dyn_case_0009,1,1,49.4460108421774,50.7706173254535,179.92509236616,350.790739193828,179.92509236616,141.342160557027,49.9999999999999,50,1.4210854715202e-15,0,0,-3.57458170807342e-18,-3.57458170807342e-18,3125.90775291889,3125.90775291889,0,3125.90775291889,3125.90775291889,-1.17961196366423e-16,-1.17961196366423e-16,rebalance_to_current_pe,0.370222832131086,2,0,0,0,0,0,0,stable_by_swing_prototype_thresholds,0,0,0,0,0,1.5,simulink_swing_prototype,0.053989157822599054,19,low_frequency,learned_mlp_top50
dyn_case_0012,1,1,49.4460108421774,50.7706173254535,179.930860640948,351.549114292088,179.930860640948,162.093594471357,50.0,50,7.105427357601e-16,0,0,-3.57458170807342e-18,-3.57458170807342e-18,3125.90775291889,3125.90775291889,0,3125.90775291889,3125.90775291889,-1.17961196366423e-16,-1.17961196366423e-16,rebalance_to_current_pe,0.370592825308509,2,0,0,0,0,0,0,stable_by_swing_prototype_thresholds,0,0,0,0,0,1.5,simulink_swing_prototype,0.053989157822599054,20,low_frequency,learned_mlp_top50
dyn_case_0017,1,1,49.4460108421774,50.7706173254535,179.92509236616,351.891206239406,179.92509236616,152.98092049282,49.9999999999999,50,-2.8421709430404e-15,0,0,-3.57458170807342e-18,-3.57458170807342e-18,3125.90775291889,3125.90775291889,0,3125.90775291889,3125.90775291889,-1.17961196366423e-16,-1.17961196366423e-16,rebalance_to_current_pe,0.370828535615443,2,0,0,0,0,0,0,stable_by_swing_prototype_thresholds,0,0,0,0,0,1.5,simulink_swing_prototype,0.053989157822599054,21,low_frequency,learned_mlp_top50
dyn_case_0022,1,1,49.4460108421774,50.7706173254535,179.957216283852,351.560689343635,179.957216283852,163.850863724132,50.0,50,-2.8421709430404e-15,0,0,-3.57458170807342e-18,-3.57458170807342e-18,3125.90775291889,3125.90775291889,0,3125.90775291889,3125.90775291889,-1.17961196366423e-16,-1.17961196366423e-16,rebalance_to_current_pe,0.370592819641076,2,0,0,0,0,0,0,stable_by_swing_prototype_thresholds,0,0,0,0,0,1.5,simulink_swing_prototype,0.053989157822599054,22,low_frequency,learned_mlp_top50
dyn_case_0011,1,1,49.4737941416324,50.7734886017688,179.965554463591,348.897413922778,179.965554463591,178.718368953952,50.0,50,2.1316282072803e-15,0,0,-3.57458170807342e-18,-3.57458170807342e-18,3125.90775291889,3125.90775291889,0,3125.90775291889,3125.90775291889,-1.17961196366423e-16,-1.17961196366423e-16,rebalance_to_current_pe,0.375154238613855,2,0,0,0,0,0,0,stable_by_swing_prototype_thresholds,0,0,0,0,0,1.5,simulink_swing_prototype,0.02620585836759659,23,low_frequency,learned_mlp_top50
dyn_case_0035,1,1,49.4769645670366,50.7553727347983,179.742769954014,298.081625523948,179.742769954014,131.557558925381,49.9999999999997,50,2.1316282072803e-15,0,0,-3.57458170807342e-18,-3.57458170807342e-18,3125.90775291889,3125.90775291889,0,3125.90775291889,3125.90775291889,-1.17961196366423e-16,-1.17961196366423e-16,rebalance_to_current_pe,0.375390908005156,2,0,0,0,0,0,0,stable_by_swing_prototype_thresholds,0,0,0,0,0,1.5,simulink_swing_prototype,0.02303543296339683,24,low_frequency,learned_mlp_top50
dyn_case_0018,1,1,49.4776506614557,50.7734886017688,179.991785706884,341.754953004319,179.991785706884,177.70024383775,50.0000000000001,50,7.105427357601e-16,0,0,-3.57458170807342e-18,-3.57458170807342e-18,3125.90775291889,3125.90775291889,0,3125.90775291889,3125.90775291889,-1.17961196366423e-16,-1.17961196366423e-16,rebalance_to_current_pe,0.375154238613855,2,0,0,0,0,0,0,stable_by_swing_prototype_thresholds,0,0,0,0,0,1.5,simulink_swing_prototype,0.0223493385443021,25,low_frequency,learned_mlp_top50
dyn_case_0008,1,1,49.4777126727732,50.7578804712801,179.989444995287,340.015956552219,179.989444995287,126.57262194725,50.0,50,1.4210854715202e-15,0,0,-3.57458170807342e-18,-3.57458170807342e-18,3125.90775291889,3125.90775291889,0,3125.90775291889,3125.90775291889,-1.17961196366423e-16,-1.17961196366423e-16,rebalance_to_current_pe,0.376778323036088,2,0,0,0,0,0,0,stable_by_swing_prototype_thresholds,0,0,0,0,0,1.5,simulink_swing_prototype,0.022287327226798936,26,low_frequency,learned_mlp_top50
dyn_case_0014,1,1,49.4777126727732,50.7578804712801,179.986432502118,340.015480445632,179.986432502118,128.65919183962,50.0000000000002,50,-2.8421709430404e-15,0,0,-3.57458170807342e-18,-3.57458170807342e-18,3125.90775291889,3125.90775291889,0,3125.90775291889,3125.90775291889,-1.17961196366423e-16,-1.17961196366423e-16,rebalance_to_current_pe,0.376799966556552,2,0,0,0,0,0,0,stable_by_swing_prototype_thresholds,0,0,0,0,0,1.5,simulink_swing_prototype,0.022287327226798936,27,low_frequency,learned_mlp_top50
dyn_case_0015,1,1,49.4777126727732,50.7578804712801,179.986432502118,339.971148005296,179.986432502118,131.866195966269,50.0000000000002,50,1.4210854715202e-15,0,0,-3.57458170807342e-18,-3.57458170807342e-18,3125.90775291889,3125.90775291889,0,3125.90775291889,3125.90775291889,-1.17961196366423e-16,-1.17961196366423e-16,rebalance_to_current_pe,0.376612549856028,2,0,0,0,0,0,0,stable_by_swing_prototype_thresholds,0,0,0,0,0,1.5,simulink_swing_prototype,0.022287327226798936,28,low_frequency,learned_mlp_top50
dyn_case_0027,1,1,49.4777126727732,50.7578804712801,179.986432502118,340.015479252623,179.986432502118,128.569853630237,50.0000000000002,50,1.4210854715202e-15,0,0,-3.57458170807342e-18,-3.57458170807342e-18,3125.90775291889,3125.90775291889,0,3125.90775291889,3125.90775291889,-1.17961196366423e-16,-1.17961196366423e-16,rebalance_to_current_pe,0.376800055200372,2,0,0,0,0,0,0,stable_by_swing_prototype_thresholds,0,0,0,0,0,1.5,simulink_swing_prototype,0.022287327226798936,29,low_frequency,learned_mlp_top50
dyn_case_0043,1,1,49.4777126727732,50.7578804712801,179.999925408278,339.989063102154,179.999925408278,134.410778514666,50.0000000000001,50,1.4210854715202e-15,0,0,-3.57458170807342e-18,-3.57458170807342e-18,3125.90775291889,3125.90775291889,0,3125.90775291889,3125.90775291889,-1.17961196366423e-16,-1.17961196366423e-16,rebalance_to_current_pe,0.376282735162776,2,0,0,0,0,0,0,stable_by_swing_prototype_thresholds,0,0,0,0,0,1.5,simulink_swing_prototype,0.022287327226798936,30,low_frequency,learned_mlp_top50
dyn_case_0002,1,1,49.4841153646291,50.7734886017688,179.936298640071,337.820801797777,179.936298640071,172.094443182242,50.0000000000002,50,7.105427357601e-16,0,0,-3.57458170807342e-18,-3.57458170807342e-18,3125.90775291889,3125.90775291889,0,3125.90775291889,3125.90775291889,-1.17961196366423e-16,-1.17961196366423e-16,rebalance_to_current_pe,0.375154238613855,2,0,0,0,0,0,0,stable_by_swing_prototype_thresholds,0,0,0,0,0,1.5,simulink_swing_prototype,0.015884635370902345,31,low_frequency,learned_mlp_top50
dyn_case_0037,1,1,49.4863054525115,50.7553727347983,179.731661716962,298.081625523948,179.731661716962,125.720365864933,50.0000000000001,50,-1.4210854715202e-15,0,0,-3.57458170807342e-18,-3.57458170807342e-18,3125.90775291889,3125.90775291889,0,3125.90775291889,3125.90775291889,-1.17961196366423e-16,-1.17961196366423e-16,rebalance_to_current_pe,0.375390908005156,2,0,0,0,0,0,0,stable_by_swing_prototype_thresholds,0,0,0,0,0,1.5,simulink_swing_prototype,0.013694547488498188,32,low_frequency,learned_mlp_top50
dyn_case_0023,1,1,49.4881924895831,50.7624310350355,179.996754968439,335.392816763187,179.996754968439,162.828188016397,50.0,50,-2.1316282072803e-15,0,0,-3.57458170807342e-18,-3.57458170807342e-18,3125.90775291889,3125.90775291889,0,3125.90775291889,3125.90775291889,-1.17961196366423e-16,-1.17961196366423e-16,rebalance_to_current_pe,0.377063604764329,2,0,0,0,0,0,0,stable_by_swing_prototype_thresholds,0,0,0,0,0,1.5,simulink_swing_prototype,0.011807510416900868,33,low_frequency,learned_mlp_top50
dyn_case_0005,1,1,49.4882047874451,50.7734886017688,179.988565974581,342.057216461306,179.988565974581,175.460303249027,50.0000000000001,50,-2.1316282072803e-15,0,0,-3.57458170807342e-18,-3.57458170807342e-18,3125.90775291889,3125.90775291889,0,3125.90775291889,3125.90775291889,-1.17961196366423e-16,-1.17961196366423e-16,rebalance_to_current_pe,0.375154238613855,2,0,0,0,0,0,0,stable_by_swing_prototype_thresholds,0,0,0,0,0,1.5,simulink_swing_prototype,0.011795212554901013,34,low_frequency,learned_mlp_top50
dyn_case_0013,1,1,49.4883559693413,50.7734886017688,179.993602407756,333.616490923514,179.993602407756,174.836506149685,49.9999999999999,50,1.4210854715202e-15,0,0,-3.57458170807342e-18,-3.57458170807342e-18,3125.90775291889,3125.90775291889,0,3125.90775291889,3125.90775291889,-1.17961196366423e-16,-1.17961196366423e-16,rebalance_to_current_pe,0.375154238613855,2,0,0,0,0,0,0,stable_by_swing_prototype_thresholds,0,0,0,0,0,1.5,simulink_swing_prototype,0.011644030658700899,35,low_frequency,learned_mlp_top50
dyn_case_0034,1,1,49.4892577331897,50.7734886017688,179.991818770603,339.222962450174,179.991818770603,179.990943669583,50.0,50,0.0,0,0,-3.57458170807342e-18,-3.57458170807342e-18,3125.90775291889,3125.90775291889,0,3125.90775291889,3125.90775291889,-1.17961196366423e-16,-1.17961196366423e-16,rebalance_to_current_pe,0.375154238613855,2,0,0,0,0,0,0,stable_by_swing_prototype_thresholds,0,0,0,0,0,1.5,simulink_swing_prototype,0.010742266810296996,36,low_frequency,learned_mlp_top50
dyn_case_0031,1,1,49.4969529723086,50.7711059039651,179.999713245379,325.512914322975,179.999713245379,175.511613089191,50.0,50,-7.105427357601e-16,0,0,-3.57458170807342e-18,-3.57458170807342e-18,3125.90775291889,3125.90775291889,0,3125.90775291889,3125.90775291889,-1.17961196366423e-16,-1.17961196366423e-16,rebalance_to_current_pe,0.377091003445846,2,0,0,0,0,0,0,stable_by_swing_prototype_thresholds,0,0,0,0,0,1.5,simulink_swing_prototype,0.003047027691401638,37,low_frequency,learned_mlp_top50
dyn_case_0020,1,1,49.4991629004606,50.7271406036573,179.986063467921,286.634217143917,179.986063467921,122.982628395708,50.0,50,-7.105427357601e-16,0,0,-3.57458170807342e-18,-3.57458170807342e-18,3125.90775291889,3125.90775291889,0,3125.90775291889,3125.90775291889,-1.17961196366423e-16,-1.17961196366423e-16,rebalance_to_current_pe,0.377216212266687,2,0,0,0,0,0,0,stable_by_swing_prototype_thresholds,0,0,0,0,0,1.5,simulink_swing_prototype,0.0008370995394031411,38,low_frequency,learned_mlp_top50
dyn_case_0021,1,1,49.4991629004606,50.7271406036573,179.986063467921,283.747374964822,179.986063467921,132.606916927174,50.0000000000001,50,-1.4210854715202e-15,0,0,-3.57458170807342e-18,-3.57458170807342e-18,3125.90775291889,3125.90775291889,0,3125.90775291889,3125.90775291889,-1.17961196366423e-16,-1.17961196366423e-16,rebalance_to_current_pe,0.375353946433385,2,0,0,0,0,0,0,stable_by_swing_prototype_thresholds,0,0,0,0,0,1.5,simulink_swing_prototype,0.0008370995394031411,39,low_frequency,learned_mlp_top50
dyn_case_0028,1,1,49.4991629004606,50.7271406036573,179.986063467921,286.32371970768,179.986063467921,129.919813599282,50.0000000000001,50,-2.1316282072803e-15,0,0,-3.57458170807342e-18,-3.57458170807342e-18,3125.90775291889,3125.90775291889,0,3125.90775291889,3125.90775291889,-1.17961196366423e-16,-1.17961196366423e-16,rebalance_to_current_pe,0.377211578948922,2,0,0,0,0,0,0,stable_by_swing_prototype_thresholds,0,0,0,0,0,1.5,simulink_swing_prototype,0.0008370995394031411,40,low_frequency,learned_mlp_top50
dyn_case_0039,1,1,49.4991629004606,50.7271406036573,179.986063467921,286.32371970768,179.986063467921,129.919813599282,50.0000000000001,50,-2.1316282072803e-15,0,0,-3.57458170807342e-18,-3.57458170807342e-18,3125.90775291889,3125.90775291889,0,3125.90775291889,3125.90775291889,-1.17961196366423e-16,-1.17961196366423e-16,rebalance_to_current_pe,0.377211578948922,2,0,0,0,0,0,0,stable_by_swing_prototype_thresholds,0,0,0,0,0,1.5,simulink_swing_prototype,0.0008370995394031411,41,low_frequency,learned_mlp_top50
dyn_case_0040,1,1,49.4991629004606,50.7271406036573,179.986063467921,286.219816008057,179.986063467921,129.341177899463,50.0,50,0.0,0,0,-3.57458170807342e-18,-3.57458170807342e-18,3125.90775291889,3125.90775291889,0,3125.90775291889,3125.90775291889,-1.17961196366423e-16,-1.17961196366423e-16,rebalance_to_current_pe,0.377221306762297,2,0,0,0,0,0,0,stable_by_swing_prototype_thresholds,0,0,0,0,0,1.5,simulink_swing_prototype,0.0008370995394031411,42,low_frequency,learned_mlp_top50
dyn_case_0029,1,1,49.528435456646,50.7568659154796,179.695139715901,304.437690611506,179.695139715901,117.9788693073,49.9999999999999,50,1.4210854715202e-15,0,0,-3.57458170807342e-18,-3.57458170807342e-18,3125.90775291889,3125.90775291889,0,3125.90775291889,3125.90775291889,-1.17961196366423e-16,-1.17961196366423e-16,rebalance_to_current_pe,0.37738333783176,2,0,0,0,0,0,0,stable_by_swing_prototype_thresholds,0,0,0,0,0,1.5,simulink_swing_prototype,0.0,43,low_stress,learned_mlp_top50
dyn_case_0032,1,1,49.5060952646181,50.7527764910968,179.740850551302,356.377313170086,179.740850551302,133.21928007837,50.0000000000001,50,7.105427357601e-16,0,0,-3.57458170807342e-18,-3.57458170807342e-18,3125.90775291889,3125.90775291889,0,3125.90775291889,3125.90775291889,-1.17961196366423e-16,-1.17961196366423e-16,rebalance_to_current_pe,0.374783324148521,2,0,0,0,0,0,0,stable_by_swing_prototype_thresholds,0,0,0,0,0,1.5,simulink_swing_prototype,0.0,44,low_stress,learned_mlp_top50
dyn_case_0038,1,1,49.5099710088119,50.7711059039651,179.967732173717,319.542975317549,179.967732173717,174.53727051903,50.0000000000001,50,-7.105427357601e-16,0,0,-3.57458170807342e-18,-3.57458170807342e-18,3125.90775291889,3125.90775291889,0,3125.90775291889,3125.90775291889,-1.17961196366423e-16,-1.17961196366423e-16,rebalance_to_current_pe,0.377091003445846,2,0,0,0,0,0,0,stable_by_swing_prototype_thresholds,0,0,0,0,0,1.5,simulink_swing_prototype,0.0,45,low_stress,learned_mlp_top50
dyn_case_0044,1,1,49.5060952646181,50.7527764910968,179.931979811608,356.377313170086,179.931979811608,150.754177665299,50.0,50,0.0,0,0,-3.57458170807342e-18,-3.57458170807342e-18,3125.90775291889,3125.90775291889,0,3125.90775291889,3125.90775291889,-1.17961196366423e-16,-1.17961196366423e-16,rebalance_to_current_pe,0.374783324148521,2,0,0,0,0,0,0,stable_by_swing_prototype_thresholds,0,0,0,0,0,1.5,simulink_swing_prototype,0.0,46,low_stress,learned_mlp_top50
dyn_case_0046,1,1,49.5020266682617,50.7734886017688,179.99810959515,334.166264326975,179.99810959515,177.726997493926,50.0,50,7.105427357601e-16,0,0,-3.57458170807342e-18,-3.57458170807342e-18,3125.90775291889,3125.90775291889,0,3125.90775291889,3125.90775291889,-1.17961196366423e-16,-1.17961196366423e-16,rebalance_to_current_pe,0.375154238613855,2,0,0,0,0,0,0,stable_by_swing_prototype_thresholds,0,0,0,0,0,1.5,simulink_swing_prototype,0.0,47,low_stress,learned_mlp_top50
dyn_case_0048,1,1,49.5100313701281,50.7711059039651,179.993229124675,319.630818332327,179.993229124675,171.018885864206,50.0,50,-2.8421709430404e-15,0,0,-3.57458170807342e-18,-3.57458170807342e-18,3125.90775291889,3125.90775291889,0,3125.90775291889,3125.90775291889,-1.17961196366423e-16,-1.17961196366423e-16,rebalance_to_current_pe,0.377091003445846,2,0,0,0,0,0,0,stable_by_swing_prototype_thresholds,0,0,0,0,0,1.5,simulink_swing_prototype,0.0,48,low_stress,learned_mlp_top50
dyn_case_0049,1,1,49.5114413369595,50.7551858323355,179.762027167549,324.698885157435,179.762027167549,159.123055574446,49.9999999999999,50,0.0,0,0,-3.57458170807342e-18,-3.57458170807342e-18,3125.90775291889,3125.90775291889,0,3125.90775291889,3125.90775291889,-1.17961196366423e-16,-1.17961196366423e-16,rebalance_to_current_pe,0.377740742176252,2,0,0,0,0,0,0,stable_by_swing_prototype_thresholds,0,0,0,0,0,1.5,simulink_swing_prototype,0.0,49,low_stress,learned_mlp_top50
dyn_case_0050,1,1,49.5087042833102,50.7551858323355,179.994657604758,352.835359528243,179.994657604758,173.87925730444,49.9999999999998,50,0.0,0,0,-3.57458170807342e-18,-3.57458170807342e-18,3125.90775291889,3125.90775291889,0,3125.90775291889,3125.90775291889,-1.17961196366423e-16,-1.17961196366423e-16,rebalance_to_current_pe,0.377740742176252,2,0,0,0,0,0,0,stable_by_swing_prototype_thresholds,0,0,0,0,0,1.5,simulink_swing_prototype,0.0,50,low_stress,learned_mlp_top50
dyn_case_0008,1,1,49.2297785881481,50.5689915035791,179.551188814583,321.623805046863,179.551188814583,140.941407331435,50.0,50,0.0,0,0,-3.57458170807342e-18,-3.57458170807342e-18,3125.90775291889,3125.90775291889,0,3125.90775291889,3125.90775291889,-1.17961196366423e-16,-1.17961196366423e-16,rebalance_to_current_pe,0.376229240768313,2,0,0,0,0,0,0,stable_by_swing_prototype_thresholds,0,0,0,0,0,1.5,simulink_swing_prototype,0.2702214118518995,1,low_frequency,lodf_top100
dyn_case_0015,1,1,49.2297785881481,50.5689915035791,179.556101478523,321.623805046863,179.556101478523,146.720056781367,50.0000000000002,50,-7.105427357601e-16,0,0,-3.57458170807342e-18,-3.57458170807342e-18,3125.90775291889,3125.90775291889,0,3125.90775291889,3125.90775291889,-1.17961196366423e-16,-1.17961196366423e-16,rebalance_to_current_pe,0.376229240768313,2,0,0,0,0,0,0,stable_by_swing_prototype_thresholds,0,0,0,0,0,1.5,simulink_swing_prototype,0.2702214118518995,2,low_frequency,lodf_top100
dyn_case_0018,1,1,49.2297785881481,50.5689915035791,179.551188814583,321.623805046863,179.551188814583,140.941407331435,50.0,50,0.0,0,0,-3.57458170807342e-18,-3.57458170807342e-18,3125.90775291889,3125.90775291889,0,3125.90775291889,3125.90775291889,-1.17961196366423e-16,-1.17961196366423e-16,rebalance_to_current_pe,0.376229240768313,2,0,0,0,0,0,0,stable_by_swing_prototype_thresholds,0,0,0,0,0,1.5,simulink_swing_prototype,0.2702214118518995,3,low_frequency,lodf_top100
dyn_case_0023,1,1,49.2297785881481,50.5689915035791,179.589424295707,321.623805046863,179.589424295707,137.888251226486,50.0,50,2.1316282072803e-15,0,0,-3.57458170807342e-18,-3.57458170807342e-18,3125.90775291889,3125.90775291889,0,3125.90775291889,3125.90775291889,-1.17961196366423e-16,-1.17961196366423e-16,rebalance_to_current_pe,0.376229240768313,2,0,0,0,0,0,0,stable_by_swing_prototype_thresholds,0,0,0,0,0,1.5,simulink_swing_prototype,0.2702214118518995,4,low_frequency,lodf_top100
dyn_case_0066,1,1,49.2297785881481,50.5689915035791,179.551188814583,321.623805046863,179.551188814583,139.399297257792,50.0000000000001,50,-1.4210854715202e-15,0,0,-3.57458170807342e-18,-3.57458170807342e-18,3125.90775291889,3125.90775291889,0,3125.90775291889,3125.90775291889,-1.17961196366423e-16,-1.17961196366423e-16,rebalance_to_current_pe,0.376229240768313,2,0,0,0,0,0,0,stable_by_swing_prototype_thresholds,0,0,0,0,0,1.5,simulink_swing_prototype,0.2702214118518995,5,low_frequency,lodf_top100
dyn_case_0100,1,1,49.2297785881481,50.5689915035791,179.551188814583,321.623805046863,179.551188814583,137.018195571947,50.0,50,0.0,0,0,-3.57458170807342e-18,-3.57458170807342e-18,3125.90775291889,3125.90775291889,0,3125.90775291889,3125.90775291889,-1.17961196366423e-16,-1.17961196366423e-16,rebalance_to_current_pe,0.376229240768313,2,0,0,0,0,0,0,stable_by_swing_prototype_thresholds,0,0,0,0,0,1.5,simulink_swing_prototype,0.2702214118518995,6,low_frequency,lodf_top100
dyn_case_0005,1,1,49.2409831099392,50.5488133611635,179.644203942449,264.920578427921,179.644203942449,139.338578777132,49.9999999999999,50,1.4210854715202e-15,0,0,-3.57458170807342e-18,-3.57458170807342e-18,3125.90775291889,3125.90775291889,0,3125.90775291889,3125.90775291889,-1.17961196366423e-16,-1.17961196366423e-16,rebalance_to_current_pe,0.374246283724943,2,0,0,0,0,0,0,stable_by_swing_prototype_thresholds,0,0,0,0,0,1.5,simulink_swing_prototype,0.2590168900607992,7,low_frequency,lodf_top100
dyn_case_0022,1,1,49.2409831099392,50.5488133611635,179.644203942449,264.920578427921,179.644203942449,142.702093826713,49.9999999999998,50,7.105427357601e-16,0,0,-3.57458170807342e-18,-3.57458170807342e-18,3125.90775291889,3125.90775291889,0,3125.90775291889,3125.90775291889,-1.17961196366423e-16,-1.17961196366423e-16,rebalance_to_current_pe,0.370166645005446,2,0,0,0,0,0,0,stable_by_swing_prototype_thresholds,0,0,0,0,0,1.5,simulink_swing_prototype,0.2590168900607992,8,low_frequency,lodf_top100
dyn_case_0043,1,1,49.2409831099392,50.5488133611635,179.644203942449,264.920578427921,179.644203942449,140.819181558337,49.9999999999998,50,-7.105427357601e-16,0,0,-3.57458170807342e-18,-3.57458170807342e-18,3125.90775291889,3125.90775291889,0,3125.90775291889,3125.90775291889,-1.17961196366423e-16,-1.17961196366423e-16,rebalance_to_current_pe,0.374303113994551,2,0,0,0,0,0,0,stable_by_swing_prototype_thresholds,0,0,0,0,0,1.5,simulink_swing_prototype,0.2590168900607992,9,low_frequency,lodf_top100
dyn_case_0045,1,1,49.2409831099392,50.5488133611635,179.644203942449,264.920578427921,179.644203942449,146.761400130431,49.9999999999998,50,7.105427357601e-16,0,0,-3.57458170807342e-18,-3.57458170807342e-18,3125.90775291889,3125.90775291889,0,3125.90775291889,3125.90775291889,-1.17961196366423e-16,-1.17961196366423e-16,rebalance_to_current_pe,0.367759749534988,2,0,0,0,0,0,0,stable_by_swing_prototype_thresholds,0,0,0,0,0,1.5,simulink_swing_prototype,0.2590168900607992,10,low_frequency,lodf_top100
dyn_case_0055,1,1,49.2409831099392,50.5488133611635,179.644203942449,264.920578427921,179.644203942449,143.504254157367,49.9999999999999,50,0.0,0,0,-3.57458170807342e-18,-3.57458170807342e-18,3125.90775291889,3125.90775291889,0,3125.90775291889,3125.90775291889,-1.17961196366423e-16,-1.17961196366423e-16,rebalance_to_current_pe,0.374053820636086,2,0,0,0,0,0,0,stable_by_swing_prototype_thresholds,0,0,0,0,0,1.5,simulink_swing_prototype,0.2590168900607992,11,low_frequency,lodf_top100
dyn_case_0077,1,1,49.2409831099392,50.5488133611635,179.644203942449,264.920578427921,179.644203942449,143.329277602317,49.9999999999998,50,1.4210854715202e-15,0,0,-3.57458170807342e-18,-3.57458170807342e-18,3125.90775291889,3125.90775291889,0,3125.90775291889,3125.90775291889,-1.17961196366423e-16,-1.17961196366423e-16,rebalance_to_current_pe,0.374228166971039,2,0,0,0,0,0,0,stable_by_swing_prototype_thresholds,0,0,0,0,0,1.5,simulink_swing_prototype,0.2590168900607992,12,low_frequency,lodf_top100
dyn_case_0095,1,1,49.243488151568,50.5468499976653,179.894247850444,272.641661094554,179.894247850444,133.239695736954,50.0,50,1.4210854715202e-15,0,0,-3.57458170807342e-18,-3.57458170807342e-18,3125.90775291889,3125.90775291889,0,3125.90775291889,3125.90775291889,-1.17961196366423e-16,-1.17961196366423e-16,rebalance_to_current_pe,0.132180407339069,2,0,0,0,0,0,0,stable_by_swing_prototype_thresholds,0,0,0,0,0,1.5,simulink_swing_prototype,0.25651184843199815,13,low_frequency,lodf_top100
dyn_case_0033,1,1,49.2496900659452,50.5608285201352,179.914707179538,318.098560419222,179.914707179538,136.966408258217,49.9999999999999,50,2.1316282072803e-15,0,0,-3.57458170807342e-18,-3.57458170807342e-18,3125.90775291889,3125.90775291889,0,3125.90775291889,3125.90775291889,-1.17961196366423e-16,-1.17961196366423e-16,rebalance_to_current_pe,0.373420717808838,2,0,0,0,0,0,0,stable_by_swing_prototype_thresholds,0,0,0,0,0,1.5,simulink_swing_prototype,0.2503099340547976,14,low_frequency,lodf_top100
dyn_case_0039,1,1,49.2496900659452,50.5610781033048,179.914707179538,318.098560419222,179.914707179538,138.245342475687,49.9999999999999,50,-1.4210854715202e-15,0,0,-3.57458170807342e-18,-3.57458170807342e-18,3125.90775291889,3125.90775291889,0,3125.90775291889,3125.90775291889,-1.17961196366423e-16,-1.17961196366423e-16,rebalance_to_current_pe,0.373429206582128,2,0,0,0,0,0,0,stable_by_swing_prototype_thresholds,0,0,0,0,0,1.5,simulink_swing_prototype,0.2503099340547976,15,low_frequency,lodf_top100
dyn_case_0084,1,1,49.2496900659452,50.5610099899938,179.914707179538,318.098560419222,179.914707179538,141.105397991524,50.0,50,-2.8421709430404e-15,0,0,-3.57458170807342e-18,-3.57458170807342e-18,3125.90775291889,3125.90775291889,0,3125.90775291889,3125.90775291889,-1.17961196366423e-16,-1.17961196366423e-16,rebalance_to_current_pe,0.373420040733105,2,0,0,0,0,0,0,stable_by_swing_prototype_thresholds,0,0,0,0,0,1.5,simulink_swing_prototype,0.2503099340547976,16,low_frequency,lodf_top100
dyn_case_0013,1,1,49.2513182405425,50.5464825700399,179.894946601781,313.096089563511,179.894946601781,134.699219164613,50.0,50,-7.105427357601e-16,0,0,-3.57458170807342e-18,-3.57458170807342e-18,3125.90775291889,3125.90775291889,0,3125.90775291889,3125.90775291889,-1.17961196366423e-16,-1.17961196366423e-16,rebalance_to_current_pe,0.373009227377418,2,0,0,0,0,0,0,stable_by_swing_prototype_thresholds,0,0,0,0,0,1.5,simulink_swing_prototype,0.24868175945749726,17,low_frequency,lodf_top100
dyn_case_0052,1,1,49.2513182405425,50.5539586988167,179.747107917645,312.711659474979,179.747107917645,132.303146791123,49.9999999999999,50,3.5527136788005e-15,0,0,-3.57458170807342e-18,-3.57458170807342e-18,3125.90775291889,3125.90775291889,0,3125.90775291889,3125.90775291889,-1.17961196366423e-16,-1.17961196366423e-16,rebalance_to_current_pe,0.37244441166466,2,0,0,0,0,0,0,stable_by_swing_prototype_thresholds,0,0,0,0,0,1.5,simulink_swing_prototype,0.24868175945749726,18,low_frequency,lodf_top100
dyn_case_0056,1,1,49.2513182405425,50.5538487393231,179.747184008233,312.875433665177,179.747184008233,133.765434496444,50.0,50,-2.1316282072803e-15,0,0,-3.57458170807342e-18,-3.57458170807342e-18,3125.90775291889,3125.90775291889,0,3125.90775291889,3125.90775291889,-1.17961196366423e-16,-1.17961196366423e-16,rebalance_to_current_pe,0.373018247416687,2,0,0,0,0,0,0,stable_by_swing_prototype_thresholds,0,0,0,0,0,1.5,simulink_swing_prototype,0.24868175945749726,19,low_frequency,lodf_top100
dyn_case_0058,1,1,49.2513182405425,50.5538487393231,179.747184008233,312.875433665177,179.747184008233,133.765434496444,50.0,50,-2.1316282072803e-15,0,0,-3.57458170807342e-18,-3.57458170807342e-18,3125.90775291889,3125.90775291889,0,3125.90775291889,3125.90775291889,-1.17961196366423e-16,-1.17961196366423e-16,rebalance_to_current_pe,0.373018247416687,2,0,0,0,0,0,0,stable_by_swing_prototype_thresholds,0,0,0,0,0,1.5,simulink_swing_prototype,0.24868175945749726,20,low_frequency,lodf_top100
dyn_case_0019,1,1,49.2529685715939,50.4986371636206,179.764094527079,278.641833889592,179.764094527079,137.618637203308,50.0000000000001,50,-3.5527136788005e-15,0,0,-3.57458170807342e-18,-3.57458170807342e-18,3125.90775291889,3125.90775291889,0,3125.90775291889,3125.90775291889,-1.17961196366423e-16,-1.17961196366423e-16,rebalance_to_current_pe,0.375532837474144,2,0,0,0,0,0,0,stable_by_swing_prototype_thresholds,0,0,0,0,0,1.5,simulink_swing_prototype,0.24703142840610326,21,low_frequency,lodf_top100
dyn_case_0078,1,1,49.2567484904303,50.5024907491557,179.962181205019,270.437589979274,179.962181205019,150.638096421638,50.0,50,-2.1316282072803e-15,0,0,-3.57458170807342e-18,-3.57458170807342e-18,3125.90775291889,3125.90775291889,0,3125.90775291889,3125.90775291889,-1.17961196366423e-16,-1.17961196366423e-16,rebalance_to_current_pe,0.131111843508243,2,0,0,0,0,0,0,stable_by_swing_prototype_thresholds,0,0,0,0,0,1.5,simulink_swing_prototype,0.24325150956970276,22,low_frequency,lodf_top100
dyn_case_0046,1,1,49.2576068549639,50.5215647853838,179.633072209013,269.560033983015,179.633072209013,134.892449545285,49.9999999999999,50,0.0,0,0,-3.57458170807342e-18,-3.57458170807342e-18,3125.90775291889,3125.90775291889,0,3125.90775291889,3125.90775291889,-1.17961196366423e-16,-1.17961196366423e-16,rebalance_to_current_pe,0.130686392355317,2,0,0,0,0,0,0,stable_by_swing_prototype_thresholds,0,0,0,0,0,1.5,simulink_swing_prototype,0.24239314503609677,23,low_frequency,lodf_top100
dyn_case_0070,1,1,49.2576228338125,50.5221618182414,179.654915833957,269.539953041017,179.654915833957,136.182551260619,50.0,50,0.0,0,0,-3.57458170807342e-18,-3.57458170807342e-18,3125.90775291889,3125.90775291889,0,3125.90775291889,3125.90775291889,-1.17961196366423e-16,-1.17961196366423e-16,rebalance_to_current_pe,0.130676656839907,2,0,0,0,0,0,0,stable_by_swing_prototype_thresholds,0,0,0,0,0,1.5,simulink_swing_prototype,0.24237716618750227,24,low_frequency,lodf_top100
dyn_case_0074,1,1,49.2584907398961,50.5092805796428,179.956034529039,321.012346004081,179.956034529039,156.543431519321,50.0,50,0.0,0,0,-3.57458170807342e-18,-3.57458170807342e-18,3125.90775291889,3125.90775291889,0,3125.90775291889,3125.90775291889,-1.17961196366423e-16,-1.17961196366423e-16,rebalance_to_current_pe,0.375611454438625,2,0,0,0,0,0,0,stable_by_swing_prototype_thresholds,0,0,0,0,0,1.5,simulink_swing_prototype,0.2415092601039035,25,low_frequency,lodf_top100
dyn_case_0076,1,1,49.2584907398961,50.5093378676559,179.956034529039,321.012346004081,179.956034529039,158.323273837437,50.0,50,1.4210854715202e-15,0,0,-3.57458170807342e-18,-3.57458170807342e-18,3125.90775291889,3125.90775291889,0,3125.90775291889,3125.90775291889,-1.17961196366423e-16,-1.17961196366423e-16,rebalance_to_current_pe,0.375611454438625,2,0,0,0,0,0,0,stable_by_swing_prototype_thresholds,0,0,0,0,0,1.5,simulink_swing_prototype,0.2415092601039035,26,low_frequency,lodf_top100
dyn_case_0035,1,1,49.2600287651465,50.4726148351316,179.982563924914,317.740292729988,179.982563924914,173.001783811686,49.9999999999998,50,0.0,0,0,-3.57458170807342e-18,-3.57458170807342e-18,3125.90775291889,3125.90775291889,0,3125.90775291889,3125.90775291889,-1.17961196366423e-16,-1.17961196366423e-16,rebalance_to_current_pe,0.375059331284152,2,0,0,0,0,0,0,stable_by_swing_prototype_thresholds,0,0,0,0,0,1.5,simulink_swing_prototype,0.23997123485349903,27,low_frequency,lodf_top100
dyn_case_0044,1,1,49.2600287651465,50.4716144145836,179.935172403382,317.07306161067,179.935172403382,175.062636636664,49.9999999999999,50,-7.105427357601e-16,0,0,-3.57458170807342e-18,-3.57458170807342e-18,3125.90775291889,3125.90775291889,0,3125.90775291889,3125.90775291889,-1.17961196366423e-16,-1.17961196366423e-16,rebalance_to_current_pe,0.3750354331968,2,0,0,0,0,0,0,stable_by_swing_prototype_thresholds,0,0,0,0,0,1.5,simulink_swing_prototype,0.23997123485349903,28,low_frequency,lodf_top100
dyn_case_0064,1,1,49.2600287651465,50.4715721933234,179.957063949365,338.723041084407,179.957063949365,171.426028945148,50.0,50,0.0,0,0,-3.57458170807342e-18,-3.57458170807342e-18,3125.90775291889,3125.90775291889,0,3125.90775291889,3125.90775291889,-1.17961196366423e-16,-1.17961196366423e-16,rebalance_to_current_pe,0.375059335675464,2,0,0,0,0,0,0,stable_by_swing_prototype_thresholds,0,0,0,0,0,1.5,simulink_swing_prototype,0.23997123485349903,29,low_frequency,lodf_top100
dyn_case_0075,1,1,49.2600287651465,50.4735159411419,179.941696939051,317.083295711361,179.941696939051,175.15622137788,50.0,50,-1.4210854715202e-15,0,0,-3.57458170807342e-18,-3.57458170807342e-18,3125.90775291889,3125.90775291889,0,3125.90775291889,3125.90775291889,-1.17961196366423e-16,-1.17961196366423e-16,rebalance_to_current_pe,0.375059331278452,2,0,0,0,0,0,0,stable_by_swing_prototype_thresholds,0,0,0,0,0,1.5,simulink_swing_prototype,0.23997123485349903,30,low_frequency,lodf_top100
dyn_case_0094,1,1,49.2619911139662,50.5004741427569,179.66285297621,322.375683917692,179.66285297621,149.453459330818,50.0000000000001,50,-1.4210854715202e-15,0,0,-3.57458170807342e-18,-3.57458170807342e-18,3125.90775291889,3125.90775291889,0,3125.90775291889,3125.90775291889,-1.17961196366423e-16,-1.17961196366423e-16,rebalance_to_current_pe,0.375401079333228,2,0,0,0,0,0,0,stable_by_swing_prototype_thresholds,0,0,0,0,0,1.5,simulink_swing_prototype,0.23800888603380344,31,low_frequency,lodf_top100
dyn_case_0002,1,1,49.2740439300756,50.5361905884806,179.909759978932,262.070974485147,179.909759978932,135.288663664647,50.0000000000002,50,1.4210854715202e-15,0,0,-3.57458170807342e-18,-3.57458170807342e-18,3125.90775291889,3125.90775291889,0,3125.90775291889,3125.90775291889,-1.17961196366423e-16,-1.17961196366423e-16,rebalance_to_current_pe,0.373902972345279,2,0,0,0,0,0,0,stable_by_swing_prototype_thresholds,0,0,0,0,0,1.5,simulink_swing_prototype,0.22595606992440054,32,low_frequency,lodf_top100
dyn_case_0059,1,1,49.2740439300756,50.5361905884806,179.909759978932,262.070974485147,179.909759978932,133.826743880621,50.0000000000002,50,-1.4210854715202e-15,0,0,-3.57458170807342e-18,-3.57458170807342e-18,3125.90775291889,3125.90775291889,0,3125.90775291889,3125.90775291889,-1.17961196366423e-16,-1.17961196366423e-16,rebalance_to_current_pe,0.368710268588421,2,0,0,0,0,0,0,stable_by_swing_prototype_thresholds,0,0,0,0,0,1.5,simulink_swing_prototype,0.22595606992440054,33,low_frequency,lodf_top100
dyn_case_0086,1,1,49.2740439300756,50.5361905884806,179.909759978932,262.070974485147,179.909759978932,135.171112402772,50.0000000000002,50,2.1316282072803e-15,0,0,-3.57458170807342e-18,-3.57458170807342e-18,3125.90775291889,3125.90775291889,0,3125.90775291889,3125.90775291889,-1.17961196366423e-16,-1.17961196366423e-16,rebalance_to_current_pe,0.373988863542154,2,0,0,0,0,0,0,stable_by_swing_prototype_thresholds,0,0,0,0,0,1.5,simulink_swing_prototype,0.22595606992440054,34,low_frequency,lodf_top100
dyn_case_0088,1,1,49.2740439300756,50.5361905884806,179.909759978932,262.070974485147,179.909759978932,138.42431982037,50.0000000000002,50,-2.8421709430404e-15,0,0,-3.57458170807342e-18,-3.57458170807342e-18,3125.90775291889,3125.90775291889,0,3125.90775291889,3125.90775291889,-1.17961196366423e-16,-1.17961196366423e-16,rebalance_to_current_pe,0.374100449439655,2,0,0,0,0,0,0,stable_by_swing_prototype_thresholds,0,0,0,0,0,1.5,simulink_swing_prototype,0.22595606992440054,35,low_frequency,lodf_top100
dyn_case_0090,1,1,49.2740439300756,50.5361905884806,179.909759978932,262.070974485147,179.909759978932,138.424319820368,50.0000000000002,50,-2.8421709430404e-15,0,0,-3.57458170807342e-18,-3.57458170807342e-18,3125.90775291889,3125.90775291889,0,3125.90775291889,3125.90775291889,-1.17961196366423e-16,-1.17961196366423e-16,rebalance_to_current_pe,0.374100449439655,2,0,0,0,0,0,0,stable_by_swing_prototype_thresholds,0,0,0,0,0,1.5,simulink_swing_prototype,0.22595606992440054,36,low_frequency,lodf_top100
dyn_case_0097,1,1,49.2933498690892,50.4869570739894,179.889196204053,268.376275791442,179.889196204053,135.801734076262,49.9999999999999,50,-7.105427357601e-16,0,0,-3.57458170807342e-18,-3.57458170807342e-18,3125.90775291889,3125.90775291889,0,3125.90775291889,3125.90775291889,-1.17961196366423e-16,-1.17961196366423e-16,rebalance_to_current_pe,0.129175329786262,2,0,0,0,0,0,0,stable_by_swing_prototype_thresholds,0,0,0,0,0,1.5,simulink_swing_prototype,0.20665013091080198,37,low_frequency,lodf_top100
dyn_case_0011,1,1,49.4460108421774,50.7706173254535,179.92509236616,351.56051256864,179.92509236616,151.104754717992,50.0,50,3.5527136788005e-15,0,0,-3.57458170807342e-18,-3.57458170807342e-18,3125.90775291889,3125.90775291889,0,3125.90775291889,3125.90775291889,-1.17961196366423e-16,-1.17961196366423e-16,rebalance_to_current_pe,0.370607060814551,2,0,0,0,0,0,0,stable_by_swing_prototype_thresholds,0,0,0,0,0,1.5,simulink_swing_prototype,0.053989157822599054,38,low_frequency,lodf_top100
dyn_case_0012,1,1,49.4460108421774,50.7706173254535,179.92509236616,350.790739193828,179.92509236616,141.342160557027,49.9999999999999,50,1.4210854715202e-15,0,0,-3.57458170807342e-18,-3.57458170807342e-18,3125.90775291889,3125.90775291889,0,3125.90775291889,3125.90775291889,-1.17961196366423e-16,-1.17961196366423e-16,rebalance_to_current_pe,0.370222832131086,2,0,0,0,0,0,0,stable_by_swing_prototype_thresholds,0,0,0,0,0,1.5,simulink_swing_prototype,0.053989157822599054,39,low_frequency,lodf_top100
dyn_case_0065,1,1,49.4460108421774,50.7706173254535,179.930860640948,351.549114292088,179.930860640948,162.093594471357,50.0,50,7.105427357601e-16,0,0,-3.57458170807342e-18,-3.57458170807342e-18,3125.90775291889,3125.90775291889,0,3125.90775291889,3125.90775291889,-1.17961196366423e-16,-1.17961196366423e-16,rebalance_to_current_pe,0.370592825308509,2,0,0,0,0,0,0,stable_by_swing_prototype_thresholds,0,0,0,0,0,1.5,simulink_swing_prototype,0.053989157822599054,40,low_frequency,lodf_top100
dyn_case_0081,1,1,49.4460108421774,50.7706173254535,179.957216283852,351.560689343635,179.957216283852,163.850863724132,50.0,50,-2.8421709430404e-15,0,0,-3.57458170807342e-18,-3.57458170807342e-18,3125.90775291889,3125.90775291889,0,3125.90775291889,3125.90775291889,-1.17961196366423e-16,-1.17961196366423e-16,rebalance_to_current_pe,0.370592819641076,2,0,0,0,0,0,0,stable_by_swing_prototype_thresholds,0,0,0,0,0,1.5,simulink_swing_prototype,0.053989157822599054,41,low_frequency,lodf_top100
dyn_case_0009,1,1,49.4612869654147,50.761440364412,179.543510633865,279.639645301827,179.543510633865,130.763735898614,49.9999999999999,50,0.0,0,0,-3.57458170807342e-18,-3.57458170807342e-18,3125.90775291889,3125.90775291889,0,3125.90775291889,3125.90775291889,-1.17961196366423e-16,-1.17961196366423e-16,rebalance_to_current_pe,0.377150957477115,2,0,0,0,0,0,0,stable_by_swing_prototype_thresholds,0,0,0,0,0,1.5,simulink_swing_prototype,0.03871303458529951,42,low_frequency,lodf_top100
dyn_case_0042,1,1,49.4612869654147,50.761440364412,179.543510633865,279.639645301827,179.543510633865,130.763735898614,49.9999999999999,50,0.0,0,0,-3.57458170807342e-18,-3.57458170807342e-18,3125.90775291889,3125.90775291889,0,3125.90775291889,3125.90775291889,-1.17961196366423e-16,-1.17961196366423e-16,rebalance_to_current_pe,0.377150957477115,2,0,0,0,0,0,0,stable_by_swing_prototype_thresholds,0,0,0,0,0,1.5,simulink_swing_prototype,0.03871303458529951,43,low_frequency,lodf_top100
dyn_case_0047,1,1,49.4612869654147,50.761440364412,179.540981489529,279.710451796233,179.540981489529,130.194184939668,49.9999999999998,50,7.105427357601e-16,0,0,-3.57458170807342e-18,-3.57458170807342e-18,3125.90775291889,3125.90775291889,0,3125.90775291889,3125.90775291889,-1.17961196366423e-16,-1.17961196366423e-16,rebalance_to_current_pe,0.377029829419891,2,0,0,0,0,0,0,stable_by_swing_prototype_thresholds,0,0,0,0,0,1.5,simulink_swing_prototype,0.03871303458529951,44,low_frequency,lodf_top100
dyn_case_0060,1,1,49.4612869654147,50.761440364412,179.661051419797,292.362944322907,179.661051419797,130.924803254095,49.9999999999999,50,7.105427357601e-16,0,0,-3.57458170807342e-18,-3.57458170807342e-18,3125.90775291889,3125.90775291889,0,3125.90775291889,3125.90775291889,-1.17961196366423e-16,-1.17961196366423e-16,rebalance_to_current_pe,0.378022963534523,2,0,0,0,0,0,0,stable_by_swing_prototype_thresholds,0,0,0,0,0,1.5,simulink_swing_prototype,0.03871303458529951,45,low_frequency,lodf_top100
dyn_case_0073,1,1,49.4612869654147,50.761440364412,179.646985363436,283.634955525003,179.646985363436,129.185102655748,49.9999999999998,50,-2.1316282072803e-15,0,0,-3.57458170807342e-18,-3.57458170807342e-18,3125.90775291889,3125.90775291889,0,3125.90775291889,3125.90775291889,-1.17961196366423e-16,-1.17961196366423e-16,rebalance_to_current_pe,0.378085036877994,2,0,0,0,0,0,0,stable_by_swing_prototype_thresholds,0,0,0,0,0,1.5,simulink_swing_prototype,0.03871303458529951,46,low_frequency,lodf_top100
dyn_case_0029,1,1,49.4655667748224,50.7552689837975,179.389166020682,281.838209094494,179.389166020682,131.852752277459,50.0000000000001,50,1.4210854715202e-15,0,0,-3.57458170807342e-18,-3.57458170807342e-18,3125.90775291889,3125.90775291889,0,3125.90775291889,3125.90775291889,-1.17961196366423e-16,-1.17961196366423e-16,rebalance_to_current_pe,0.375599440231617,2,0,0,0,0,0,0,stable_by_swing_prototype_thresholds,0,0,0,0,0,1.5,simulink_swing_prototype,0.034433225177600946,47,low_frequency,lodf_top100
dyn_case_0030,1,1,49.4655667748224,50.7552689837975,179.426456793431,280.986054324073,179.426456793431,130.32911456953,50.0,50,-2.1316282072803e-15,0,0,-3.57458170807342e-18,-3.57458170807342e-18,3125.90775291889,3125.90775291889,0,3125.90775291889,3125.90775291889,-1.17961196366423e-16,-1.17961196366423e-16,rebalance_to_current_pe,0.377365076233735,2,0,0,0,0,0,0,stable_by_swing_prototype_thresholds,0,0,0,0,0,1.5,simulink_swing_prototype,0.034433225177600946,48,low_frequency,lodf_top100
dyn_case_0080,1,1,49.4655667748224,50.7552689837975,179.426317934998,278.534433951046,179.426317934998,138.627591412138,50.0000000000001,50,7.105427357601e-16,0,0,-3.57458170807342e-18,-3.57458170807342e-18,3125.90775291889,3125.90775291889,0,3125.90775291889,3125.90775291889,-1.17961196366423e-16,-1.17961196366423e-16,rebalance_to_current_pe,0.377277664031638,2,0,0,0,0,0,0,stable_by_swing_prototype_thresholds,0,0,0,0,0,1.5,simulink_swing_prototype,0.034433225177600946,49,low_frequency,lodf_top100
dyn_case_0057,1,1,49.4737941416324,50.7734886017688,179.965554463591,348.897413922778,179.965554463591,178.718368953952,50.0,50,2.1316282072803e-15,0,0,-3.57458170807342e-18,-3.57458170807342e-18,3125.90775291889,3125.90775291889,0,3125.90775291889,3125.90775291889,-1.17961196366423e-16,-1.17961196366423e-16,rebalance_to_current_pe,0.375154238613855,2,0,0,0,0,0,0,stable_by_swing_prototype_thresholds,0,0,0,0,0,1.5,simulink_swing_prototype,0.02620585836759659,50,low_frequency,lodf_top100
dyn_case_0010,1,1,49.4769645670366,50.7553727347983,179.742769954014,298.081625523948,179.742769954014,131.557558925381,49.9999999999997,50,2.1316282072803e-15,0,0,-3.57458170807342e-18,-3.57458170807342e-18,3125.90775291889,3125.90775291889,0,3125.90775291889,3125.90775291889,-1.17961196366423e-16,-1.17961196366423e-16,rebalance_to_current_pe,0.375390908005156,2,0,0,0,0,0,0,stable_by_swing_prototype_thresholds,0,0,0,0,0,1.5,simulink_swing_prototype,0.02303543296339683,51,low_frequency,lodf_top100
dyn_case_0079,1,1,49.4775091208073,50.7734886017688,179.994071603011,344.734945127795,179.994071603011,174.533251181201,50.0,50,-1.4210854715202e-15,0,0,-3.57458170807342e-18,-3.57458170807342e-18,3125.90775291889,3125.90775291889,0,3125.90775291889,3125.90775291889,-1.17961196366423e-16,-1.17961196366423e-16,rebalance_to_current_pe,0.375154238613855,2,0,0,0,0,0,0,stable_by_swing_prototype_thresholds,0,0,0,0,0,1.5,simulink_swing_prototype,0.022490879192702096,52,low_frequency,lodf_top100
dyn_case_0026,1,1,49.4776506614557,50.7734886017688,179.991785706884,341.754953004319,179.991785706884,177.70024383775,50.0000000000001,50,7.105427357601e-16,0,0,-3.57458170807342e-18,-3.57458170807342e-18,3125.90775291889,3125.90775291889,0,3125.90775291889,3125.90775291889,-1.17961196366423e-16,-1.17961196366423e-16,rebalance_to_current_pe,0.375154238613855,2,0,0,0,0,0,0,stable_by_swing_prototype_thresholds,0,0,0,0,0,1.5,simulink_swing_prototype,0.0223493385443021,53,low_frequency,lodf_top100
dyn_case_0014,1,1,49.4777126727732,50.7578804712801,179.999925408278,339.989063102154,179.999925408278,134.410778514666,50.0000000000001,50,1.4210854715202e-15,0,0,-3.57458170807342e-18,-3.57458170807342e-18,3125.90775291889,3125.90775291889,0,3125.90775291889,3125.90775291889,-1.17961196366423e-16,-1.17961196366423e-16,rebalance_to_current_pe,0.376282735162776,2,0,0,0,0,0,0,stable_by_swing_prototype_thresholds,0,0,0,0,0,1.5,simulink_swing_prototype,0.022287327226798936,54,low_frequency,lodf_top100
dyn_case_0021,1,1,49.4777126727732,50.7578804712801,179.986432502118,340.015479252623,179.986432502118,128.569853630237,50.0000000000002,50,1.4210854715202e-15,0,0,-3.57458170807342e-18,-3.57458170807342e-18,3125.90775291889,3125.90775291889,0,3125.90775291889,3125.90775291889,-1.17961196366423e-16,-1.17961196366423e-16,rebalance_to_current_pe,0.376800055200372,2,0,0,0,0,0,0,stable_by_swing_prototype_thresholds,0,0,0,0,0,1.5,simulink_swing_prototype,0.022287327226798936,55,low_frequency,lodf_top100
dyn_case_0025,1,1,49.4777126727732,50.7578804712801,179.986432502118,339.971148005296,179.986432502118,131.866195966269,50.0000000000002,50,1.4210854715202e-15,0,0,-3.57458170807342e-18,-3.57458170807342e-18,3125.90775291889,3125.90775291889,0,3125.90775291889,3125.90775291889,-1.17961196366423e-16,-1.17961196366423e-16,rebalance_to_current_pe,0.376612549856028,2,0,0,0,0,0,0,stable_by_swing_prototype_thresholds,0,0,0,0,0,1.5,simulink_swing_prototype,0.022287327226798936,56,low_frequency,lodf_top100
dyn_case_0049,1,1,49.4777126727732,50.7578804712801,179.986432502118,340.015480445632,179.986432502118,128.65919183962,50.0000000000002,50,-2.8421709430404e-15,0,0,-3.57458170807342e-18,-3.57458170807342e-18,3125.90775291889,3125.90775291889,0,3125.90775291889,3125.90775291889,-1.17961196366423e-16,-1.17961196366423e-16,rebalance_to_current_pe,0.376799966556552,2,0,0,0,0,0,0,stable_by_swing_prototype_thresholds,0,0,0,0,0,1.5,simulink_swing_prototype,0.022287327226798936,57,low_frequency,lodf_top100
dyn_case_0062,1,1,49.4777126727732,50.7578804712801,179.986432502118,339.99513469984,179.986432502118,127.370361521039,50.0,50,1.4210854715202e-15,0,0,-3.57458170807342e-18,-3.57458170807342e-18,3125.90775291889,3125.90775291889,0,3125.90775291889,3125.90775291889,-1.17961196366423e-16,-1.17961196366423e-16,rebalance_to_current_pe,0.376503342939562,2,0,0,0,0,0,0,stable_by_swing_prototype_thresholds,0,0,0,0,0,1.5,simulink_swing_prototype,0.022287327226798936,58,low_frequency,lodf_top100
dyn_case_0091,1,1,49.4841153646291,50.7734886017688,179.936298640071,337.820801797777,179.936298640071,172.094443182242,50.0000000000002,50,7.105427357601e-16,0,0,-3.57458170807342e-18,-3.57458170807342e-18,3125.90775291889,3125.90775291889,0,3125.90775291889,3125.90775291889,-1.17961196366423e-16,-1.17961196366423e-16,rebalance_to_current_pe,0.375154238613855,2,0,0,0,0,0,0,stable_by_swing_prototype_thresholds,0,0,0,0,0,1.5,simulink_swing_prototype,0.015884635370902345,59,low_frequency,lodf_top100
dyn_case_0053,1,1,49.486232285294,50.7553727347983,179.731610379613,298.081625523949,179.731610379613,123.792024758115,50.0,50,1.4210854715202e-15,0,0,-3.57458170807342e-18,-3.57458170807342e-18,3125.90775291889,3125.90775291889,0,3125.90775291889,3125.90775291889,-1.17961196366423e-16,-1.17961196366423e-16,rebalance_to_current_pe,0.375390908005155,2,0,0,0,0,0,0,stable_by_swing_prototype_thresholds,0,0,0,0,0,1.5,simulink_swing_prototype,0.013767714705998912,60,low_frequency,lodf_top100
dyn_case_0004,1,1,49.4863054525115,50.7553727347983,179.731661716962,298.081625523948,179.731661716962,125.720365864933,50.0000000000001,50,-1.4210854715202e-15,0,0,-3.57458170807342e-18,-3.57458170807342e-18,3125.90775291889,3125.90775291889,0,3125.90775291889,3125.90775291889,-1.17961196366423e-16,-1.17961196366423e-16,rebalance_to_current_pe,0.375390908005156,2,0,0,0,0,0,0,stable_by_swing_prototype_thresholds,0,0,0,0,0,1.5,simulink_swing_prototype,0.013694547488498188,61,low_frequency,lodf_top100
dyn_case_0067,1,1,49.4863054525115,50.7553727347983,179.731661716962,298.081625523949,179.731661716962,125.720365864932,50.0000000000001,50,-1.4210854715202e-15,0,0,-3.57458170807342e-18,-3.57458170807342e-18,3125.90775291889,3125.90775291889,0,3125.90775291889,3125.90775291889,-1.17961196366423e-16,-1.17961196366423e-16,rebalance_to_current_pe,0.375390908005155,2,0,0,0,0,0,0,stable_by_swing_prototype_thresholds,0,0,0,0,0,1.5,simulink_swing_prototype,0.013694547488498188,62,low_frequency,lodf_top100
dyn_case_0020,1,1,49.4867479481423,50.7553727347983,179.695452807596,298.081625523949,179.695452807596,127.288507517757,50.0,50,2.1316282072803e-15,0,0,-3.57458170807342e-18,-3.57458170807342e-18,3125.90775291889,3125.90775291889,0,3125.90775291889,3125.90775291889,-1.17961196366423e-16,-1.17961196366423e-16,rebalance_to_current_pe,0.375390908005155,2,0,0,0,0,0,0,stable_by_swing_prototype_thresholds,0,0,0,0,0,1.5,simulink_swing_prototype,0.013252051857698177,63,low_frequency,lodf_top100
dyn_case_0082,1,1,49.4881924895831,50.7624310350355,179.996754968439,335.392816763187,179.996754968439,162.828188016397,50.0,50,-2.1316282072803e-15,0,0,-3.57458170807342e-18,-3.57458170807342e-18,3125.90775291889,3125.90775291889,0,3125.90775291889,3125.90775291889,-1.17961196366423e-16,-1.17961196366423e-16,rebalance_to_current_pe,0.377063604764329,2,0,0,0,0,0,0,stable_by_swing_prototype_thresholds,0,0,0,0,0,1.5,simulink_swing_prototype,0.011807510416900868,64,low_frequency,lodf_top100
dyn_case_0050,1,1,49.4882047874451,50.7734886017688,179.988565974581,342.057216461306,179.988565974581,175.460303249027,50.0000000000001,50,-2.1316282072803e-15,0,0,-3.57458170807342e-18,-3.57458170807342e-18,3125.90775291889,3125.90775291889,0,3125.90775291889,3125.90775291889,-1.17961196366423e-16,-1.17961196366423e-16,rebalance_to_current_pe,0.375154238613855,2,0,0,0,0,0,0,stable_by_swing_prototype_thresholds,0,0,0,0,0,1.5,simulink_swing_prototype,0.011795212554901013,65,low_frequency,lodf_top100
dyn_case_0061,1,1,49.4882047874451,50.7734886017688,179.988565974581,342.057216461306,179.988565974581,175.460303249027,50.0000000000001,50,-2.1316282072803e-15,0,0,-3.57458170807342e-18,-3.57458170807342e-18,3125.90775291889,3125.90775291889,0,3125.90775291889,3125.90775291889,-1.17961196366423e-16,-1.17961196366423e-16,rebalance_to_current_pe,0.375154238613855,2,0,0,0,0,0,0,stable_by_swing_prototype_thresholds,0,0,0,0,0,1.5,simulink_swing_prototype,0.011795212554901013,66,low_frequency,lodf_top100
dyn_case_0024,1,1,49.4883559693413,50.7734886017688,179.993602407756,333.616490923513,179.993602407756,174.836506149684,49.9999999999999,50,7.105427357601e-16,0,0,-3.57458170807342e-18,-3.57458170807342e-18,3125.90775291889,3125.90775291889,0,3125.90775291889,3125.90775291889,-1.17961196366423e-16,-1.17961196366423e-16,rebalance_to_current_pe,0.375154238613855,2,0,0,0,0,0,0,stable_by_swing_prototype_thresholds,0,0,0,0,0,1.5,simulink_swing_prototype,0.011644030658700899,67,low_frequency,lodf_top100
dyn_case_0051,1,1,49.4883559693413,50.7734886017688,179.993602407756,333.616490923514,179.993602407756,174.836506149685,49.9999999999999,50,1.4210854715202e-15,0,0,-3.57458170807342e-18,-3.57458170807342e-18,3125.90775291889,3125.90775291889,0,3125.90775291889,3125.90775291889,-1.17961196366423e-16,-1.17961196366423e-16,rebalance_to_current_pe,0.375154238613855,2,0,0,0,0,0,0,stable_by_swing_prototype_thresholds,0,0,0,0,0,1.5,simulink_swing_prototype,0.011644030658700899,68,low_frequency,lodf_top100
dyn_case_0069,1,1,49.4892577331897,50.7734886017688,179.991818770603,339.222962450174,179.991818770603,179.990943669583,50.0,50,0.0,0,0,-3.57458170807342e-18,-3.57458170807342e-18,3125.90775291889,3125.90775291889,0,3125.90775291889,3125.90775291889,-1.17961196366423e-16,-1.17961196366423e-16,rebalance_to_current_pe,0.375154238613855,2,0,0,0,0,0,0,stable_by_swing_prototype_thresholds,0,0,0,0,0,1.5,simulink_swing_prototype,0.010742266810296996,69,low_frequency,lodf_top100
dyn_case_0006,1,1,49.490691187721,50.7602484833518,179.968357028352,362.079391425295,179.968357028352,140.250746820776,50.0000000000001,50,-7.105427357601e-16,0,0,-3.57458170807342e-18,-3.57458170807342e-18,3125.90775291889,3125.90775291889,0,3125.90775291889,3125.90775291889,-1.17961196366423e-16,-1.17961196366423e-16,rebalance_to_current_pe,0.377800595224144,2,0,0,0,0,0,0,stable_by_swing_prototype_thresholds,0,0,0,0,0,1.5,simulink_swing_prototype,0.009308812279002154,70,low_frequency,lodf_top100
dyn_case_0085,1,1,49.4917154771697,50.7624310350355,179.917314989099,337.219565430074,179.917314989099,165.001365726012,50.0000000000001,50,-1.4210854715202e-15,0,0,-3.57458170807342e-18,-3.57458170807342e-18,3125.90775291889,3125.90775291889,0,3125.90775291889,3125.90775291889,-1.17961196366423e-16,-1.17961196366423e-16,rebalance_to_current_pe,0.377063604764329,2,0,0,0,0,0,0,stable_by_swing_prototype_thresholds,0,0,0,0,0,1.5,simulink_swing_prototype,0.008284522830301455,71,low_frequency,lodf_top100
dyn_case_0083,1,1,49.494051214625,50.7602484833518,179.957814374637,362.079391425295,179.957814374637,146.167427260492,50.0,50,-7.105427357601e-16,0,0,-3.57458170807342e-18,-3.57458170807342e-18,3125.90775291889,3125.90775291889,0,3125.90775291889,3125.90775291889,-1.17961196366423e-16,-1.17961196366423e-16,rebalance_to_current_pe,0.377800595224144,2,0,0,0,0,0,0,stable_by_swing_prototype_thresholds,0,0,0,0,0,1.5,simulink_swing_prototype,0.005948785374997101,72,low_frequency,lodf_top100
dyn_case_0096,1,1,49.4948083716017,50.763883128037,179.943389780535,358.718921622712,179.943389780535,170.807817273295,50.0,50,0.0,0,0,-3.57458170807342e-18,-3.57458170807342e-18,3125.90775291889,3125.90775291889,0,3125.90775291889,3125.90775291889,-1.17961196366423e-16,-1.17961196366423e-16,rebalance_to_current_pe,0.377134038424858,2,0,0,0,0,0,0,stable_by_swing_prototype_thresholds,0,0,0,0,0,1.5,simulink_swing_prototype,0.005191628398300452,73,low_frequency,lodf_top100
dyn_case_0003,1,1,49.4958375799025,50.763883128037,179.949265172563,358.718921622712,179.949265172563,174.035639022706,50.0,50,-1.4210854715202e-15,0,0,-3.57458170807342e-18,-3.57458170807342e-18,3125.90775291889,3125.90775291889,0,3125.90775291889,3125.90775291889,-1.17961196366423e-16,-1.17961196366423e-16,rebalance_to_current_pe,0.377134038424858,2,0,0,0,0,0,0,stable_by_swing_prototype_thresholds,0,0,0,0,0,1.5,simulink_swing_prototype,0.004162420097500785,74,low_frequency,lodf_top100
dyn_case_0036,1,1,49.4986191229084,50.7089577768583,179.915759709812,274.096226372951,179.915759709812,128.062260637304,50.0,50,1.4210854715202e-15,0,0,-3.57458170807342e-18,-3.57458170807342e-18,3125.90775291889,3125.90775291889,0,3125.90775291889,3125.90775291889,-1.17961196366423e-16,-1.17961196366423e-16,rebalance_to_current_pe,0.371573503907305,2,0,0,0,0,0,0,stable_by_swing_prototype_thresholds,0,0,0,0,0,1.5,simulink_swing_prototype,0.0013808770915986202,75,low_frequency,lodf_top100
dyn_case_0038,1,1,49.4986191229084,50.7089577768583,179.915759709812,274.211301928569,179.915759709812,134.72948538167,50.0000000000002,50,-7.105427357601e-16,0,0,-3.57458170807342e-18,-3.57458170807342e-18,3125.90775291889,3125.90775291889,0,3125.90775291889,3125.90775291889,-1.17961196366423e-16,-1.17961196366423e-16,rebalance_to_current_pe,0.36796258176024,2,0,0,0,0,0,0,stable_by_swing_prototype_thresholds,0,0,0,0,0,1.5,simulink_swing_prototype,0.0013808770915986202,76,low_frequency,lodf_top100
dyn_case_0048,1,1,49.4986191229084,50.7089577768583,179.915759709812,274.257703459839,179.915759709812,139.772445714834,50.0000000000002,50,-1.4210854715202e-15,0,0,-3.57458170807342e-18,-3.57458170807342e-18,3125.90775291889,3125.90775291889,0,3125.90775291889,3125.90775291889,-1.17961196366423e-16,-1.17961196366423e-16,rebalance_to_current_pe,0.377056338145773,2,0,0,0,0,0,0,stable_by_swing_prototype_thresholds,0,0,0,0,0,1.5,simulink_swing_prototype,0.0013808770915986202,77,low_frequency,lodf_top100
dyn_case_0028,1,1,49.4991629004606,50.7271406036573,179.986063467921,286.264976993677,179.986063467921,130.29469531385,50.0000000000001,50,0.0,0,0,-3.57458170807342e-18,-3.57458170807342e-18,3125.90775291889,3125.90775291889,0,3125.90775291889,3125.90775291889,-1.17961196366423e-16,-1.17961196366423e-16,rebalance_to_current_pe,0.377193090954423,2,0,0,0,0,0,0,stable_by_swing_prototype_thresholds,0,0,0,0,0,1.5,simulink_swing_prototype,0.0008370995394031411,78,low_frequency,lodf_top100
dyn_case_0071,1,1,49.4991629004606,50.7271406036573,179.986063467921,286.05386819923,179.986063467921,132.898097380557,50.0,50,-7.105427357601e-16,0,0,-3.57458170807342e-18,-3.57458170807342e-18,3125.90775291889,3125.90775291889,0,3125.90775291889,3125.90775291889,-1.17961196366423e-16,-1.17961196366423e-16,rebalance_to_current_pe,0.377184077351511,2,0,0,0,0,0,0,stable_by_swing_prototype_thresholds,0,0,0,0,0,1.5,simulink_swing_prototype,0.0008370995394031411,79,low_frequency,lodf_top100
dyn_case_0092,1,1,49.4991629004606,50.7271406036573,179.986063467921,286.336180029075,179.986063467921,131.459478083081,49.9999999999999,50,7.105427357601e-16,0,0,-3.57458170807342e-18,-3.57458170807342e-18,3125.90775291889,3125.90775291889,0,3125.90775291889,3125.90775291889,-1.17961196366423e-16,-1.17961196366423e-16,rebalance_to_current_pe,0.377291662077325,2,0,0,0,0,0,0,stable_by_swing_prototype_thresholds,0,0,0,0,0,1.5,simulink_swing_prototype,0.0008370995394031411,80,low_frequency,lodf_top100
dyn_case_0001,1,1,49.5020266682617,50.7734886017688,179.99810959515,334.166264326975,179.99810959515,177.726997493926,50.0,50,7.105427357601e-16,0,0,-3.57458170807342e-18,-3.57458170807342e-18,3125.90775291889,3125.90775291889,0,3125.90775291889,3125.90775291889,-1.17961196366423e-16,-1.17961196366423e-16,rebalance_to_current_pe,0.375154238613855,2,0,0,0,0,0,0,stable_by_swing_prototype_thresholds,0,0,0,0,0,1.5,simulink_swing_prototype,0.0,81,low_stress,lodf_top100
dyn_case_0007,1,1,49.5321357794552,50.7602484833518,179.932479266098,362.079391425295,179.932479266098,135.383931310158,50.0000000000001,50,-1.4210854715202e-15,0,0,-3.57458170807342e-18,-3.57458170807342e-18,3125.90775291889,3125.90775291889,0,3125.90775291889,3125.90775291889,-1.17961196366423e-16,-1.17961196366423e-16,rebalance_to_current_pe,0.377800595224144,2,0,0,0,0,0,0,stable_by_swing_prototype_thresholds,0,0,0,0,0,1.5,simulink_swing_prototype,0.0,82,low_stress,lodf_top100
dyn_case_0016,1,1,49.5292027665035,50.669593479234,179.984599854423,321.045167934579,179.984599854423,124.684560201867,50.0000000000001,50,-2.1316282072803e-15,0,0,-3.57458170807342e-18,-3.57458170807342e-18,3125.90775291889,3125.90775291889,0,3125.90775291889,3125.90775291889,-1.17961196366423e-16,-1.17961196366423e-16,rebalance_to_current_pe,0.374054493601546,2,0,0,0,0,0,0,stable_by_swing_prototype_thresholds,0,0,0,0,0,1.5,simulink_swing_prototype,0.0,83,low_stress,lodf_top100
dyn_case_0017,1,1,49.5361860294455,50.7624310350355,179.825641950629,387.377662417852,179.825641950629,168.434622033423,50.0000000000001,50,7.105427357601e-16,0,0,-3.57458170807342e-18,-3.57458170807342e-18,3125.90775291889,3125.90775291889,0,3125.90775291889,3125.90775291889,-1.17961196366423e-16,-1.17961196366423e-16,rebalance_to_current_pe,0.377063604764329,2,0,0,0,0,0,0,stable_by_swing_prototype_thresholds,0,0,0,0,0,1.5,simulink_swing_prototype,0.0,84,low_stress,lodf_top100
dyn_case_0027,1,1,49.5020266682617,50.7734886017688,179.998109595149,334.166264326976,179.998109595149,177.726997493926,50.0,50,7.105427357601e-16,0,0,-3.57458170807342e-18,-3.57458170807342e-18,3125.90775291889,3125.90775291889,0,3125.90775291889,3125.90775291889,-1.17961196366423e-16,-1.17961196366423e-16,rebalance_to_current_pe,0.375154238613855,2,0,0,0,0,0,0,stable_by_swing_prototype_thresholds,0,0,0,0,0,1.5,simulink_swing_prototype,0.0,85,low_stress,lodf_top100
dyn_case_0031,1,1,49.5060952646181,50.7527764910968,179.931979811608,356.377313170086,179.931979811608,150.754177665299,50.0,50,0.0,0,0,-3.57458170807342e-18,-3.57458170807342e-18,3125.90775291889,3125.90775291889,0,3125.90775291889,3125.90775291889,-1.17961196366423e-16,-1.17961196366423e-16,rebalance_to_current_pe,0.374783324148521,2,0,0,0,0,0,0,stable_by_swing_prototype_thresholds,0,0,0,0,0,1.5,simulink_swing_prototype,0.0,86,low_stress,lodf_top100
dyn_case_0032,1,1,49.5195338506493,50.763883128037,179.910349243001,390.089971969032,179.910349243001,169.358726963709,49.9999999999999,50,-2.8421709430404e-15,0,0,-3.57458170807342e-18,-3.57458170807342e-18,3125.90775291889,3125.90775291889,0,3125.90775291889,3125.90775291889,-1.17961196366423e-16,-1.17961196366423e-16,rebalance_to_current_pe,0.377134038424858,2,0,0,0,0,0,0,stable_by_swing_prototype_thresholds,0,0,0,0,0,1.5,simulink_swing_prototype,0.0,87,low_stress,lodf_top100
dyn_case_0034,1,1,49.5083997583,50.7687893739394,179.999287908287,320.927045996845,179.999287908287,167.011511177727,49.9999999999997,50,2.1316282072803e-15,0,0,-3.57458170807342e-18,-3.57458170807342e-18,3125.90775291889,3125.90775291889,0,3125.90775291889,3125.90775291889,-1.17961196366423e-16,-1.17961196366423e-16,rebalance_to_current_pe,0.374519094690962,2,0,0,0,0,0,0,stable_by_swing_prototype_thresholds,0,0,0,0,0,1.5,simulink_swing_prototype,0.0,88,low_stress,lodf_top100
dyn_case_0037,1,1,49.5089434894477,50.7687893739394,179.94681273374,362.088207900403,179.94681273374,164.375118203852,50.0000000000001,50,-1.4210854715202e-15,0,0,-3.57458170807342e-18,-3.57458170807342e-18,3125.90775291889,3125.90775291889,0,3125.90775291889,3125.90775291889,-1.17961196366423e-16,-1.17961196366423e-16,rebalance_to_current_pe,0.374519094690962,2,0,0,0,0,0,0,stable_by_swing_prototype_thresholds,0,0,0,0,0,1.5,simulink_swing_prototype,0.0,89,low_stress,lodf_top100
dyn_case_0040,1,1,49.5089321113152,50.7687893739394,179.978630242406,320.927045996845,179.978630242406,167.809133432544,50.0000000000001,50,-2.8421709430404e-15,0,0,-3.57458170807342e-18,-3.57458170807342e-18,3125.90775291889,3125.90775291889,0,3125.90775291889,3125.90775291889,-1.17961196366423e-16,-1.17961196366423e-16,rebalance_to_current_pe,0.374519094690962,2,0,0,0,0,0,0,stable_by_swing_prototype_thresholds,0,0,0,0,0,1.5,simulink_swing_prototype,0.0,90,low_stress,lodf_top100
dyn_case_0041,1,1,49.5260396401309,50.669593479234,179.984599854423,323.757625804817,179.984599854423,131.057418578704,50.0000000000001,50,1.4210854715202e-15,0,0,-3.57458170807342e-18,-3.57458170807342e-18,3125.90775291889,3125.90775291889,0,3125.90775291889,3125.90775291889,-1.17961196366423e-16,-1.17961196366423e-16,rebalance_to_current_pe,0.372518842262785,2,0,0,0,0,0,0,stable_by_swing_prototype_thresholds,0,0,0,0,0,1.5,simulink_swing_prototype,0.0,91,low_stress,lodf_top100
dyn_case_0054,1,1,49.5060952646181,50.7527764910968,179.740850551302,356.377313170086,179.740850551302,131.004539906845,50.0,50,1.4210854715202e-15,0,0,-3.57458170807342e-18,-3.57458170807342e-18,3125.90775291889,3125.90775291889,0,3125.90775291889,3125.90775291889,-1.17961196366423e-16,-1.17961196366423e-16,rebalance_to_current_pe,0.374783324148521,2,0,0,0,0,0,0,stable_by_swing_prototype_thresholds,0,0,0,0,0,1.5,simulink_swing_prototype,0.0,92,low_stress,lodf_top100
dyn_case_0063,1,1,49.5099710088119,50.7711059039651,179.967732173717,319.542975317549,179.967732173717,174.53727051903,50.0000000000001,50,-7.105427357601e-16,0,0,-3.57458170807342e-18,-3.57458170807342e-18,3125.90775291889,3125.90775291889,0,3125.90775291889,3125.90775291889,-1.17961196366423e-16,-1.17961196366423e-16,rebalance_to_current_pe,0.377091003445846,2,0,0,0,0,0,0,stable_by_swing_prototype_thresholds,0,0,0,0,0,1.5,simulink_swing_prototype,0.0,93,low_stress,lodf_top100
dyn_case_0068,1,1,49.5189615241793,50.7711059039651,179.981611268429,319.602905728432,179.981611268429,175.604382166446,50.0,50,1.4210854715202e-15,0,0,-3.57458170807342e-18,-3.57458170807342e-18,3125.90775291889,3125.90775291889,0,3125.90775291889,3125.90775291889,-1.17961196366423e-16,-1.17961196366423e-16,rebalance_to_current_pe,0.377091003445846,2,0,0,0,0,0,0,stable_by_swing_prototype_thresholds,0,0,0,0,0,1.5,simulink_swing_prototype,0.0,94,low_stress,lodf_top100
dyn_case_0072,1,1,49.5056152120633,50.7578070857578,179.972734650564,341.566011204094,179.972734650564,138.587872425643,49.9999999999999,50,7.105427357601e-16,0,0,-3.57458170807342e-18,-3.57458170807342e-18,3125.90775291889,3125.90775291889,0,3125.90775291889,3125.90775291889,-1.17961196366423e-16,-1.17961196366423e-16,rebalance_to_current_pe,0.374456453617164,2,0,0,0,0,0,0,stable_by_swing_prototype_thresholds,0,0,0,0,0,1.5,simulink_swing_prototype,0.0,95,low_stress,lodf_top100
dyn_case_0087,1,1,49.5087042833102,50.7551858323355,179.994657604758,352.835359528243,179.994657604758,173.87925730444,49.9999999999998,50,0.0,0,0,-3.57458170807342e-18,-3.57458170807342e-18,3125.90775291889,3125.90775291889,0,3125.90775291889,3125.90775291889,-1.17961196366423e-16,-1.17961196366423e-16,rebalance_to_current_pe,0.377740742176252,2,0,0,0,0,0,0,stable_by_swing_prototype_thresholds,0,0,0,0,0,1.5,simulink_swing_prototype,0.0,96,low_stress,lodf_top100
dyn_case_0089,1,1,49.5056152120633,50.7578070857578,179.946599404334,341.566011204094,179.946599404334,137.925543800508,50.0000000000001,50,7.105427357601e-16,0,0,-3.57458170807342e-18,-3.57458170807342e-18,3125.90775291889,3125.90775291889,0,3125.90775291889,3125.90775291889,-1.17961196366423e-16,-1.17961196366423e-16,rebalance_to_current_pe,0.374456453617164,2,0,0,0,0,0,0,stable_by_swing_prototype_thresholds,0,0,0,0,0,1.5,simulink_swing_prototype,0.0,97,low_stress,lodf_top100
dyn_case_0093,1,1,49.5121343013951,50.7551858323355,179.942328186821,340.333421830303,179.942328186821,167.527582004016,50.0000000000001,50,7.105427357601e-16,0,0,-3.57458170807342e-18,-3.57458170807342e-18,3125.90775291889,3125.90775291889,0,3125.90775291889,3125.90775291889,-1.17961196366423e-16,-1.17961196366423e-16,rebalance_to_current_pe,0.377740742176252,2,0,0,0,0,0,0,stable_by_swing_prototype_thresholds,0,0,0,0,0,1.5,simulink_swing_prototype,0.0,98,low_stress,lodf_top100
dyn_case_0098,1,1,49.5089434583164,50.7687893739394,179.990351247892,320.927045996845,179.990351247892,168.851373985374,49.9999999999999,50,7.105427357601e-16,0,0,-3.57458170807342e-18,-3.57458170807342e-18,3125.90775291889,3125.90775291889,0,3125.90775291889,3125.90775291889,-1.17961196366423e-16,-1.17961196366423e-16,rebalance_to_current_pe,0.374519094690962,2,0,0,0,0,0,0,stable_by_swing_prototype_thresholds,0,0,0,0,0,1.5,simulink_swing_prototype,0.0,99,low_stress,lodf_top100
dyn_case_0099,1,1,49.5084008131738,50.7687893739394,179.988157464503,320.927045996845,179.988157464503,163.329566173815,49.9999999999998,50,2.1316282072803e-15,0,0,-3.57458170807342e-18,-3.57458170807342e-18,3125.90775291889,3125.90775291889,0,3125.90775291889,3125.90775291889,-1.17961196366423e-16,-1.17961196366423e-16,rebalance_to_current_pe,0.374519094690962,2,0,0,0,0,0,0,stable_by_swing_prototype_thresholds,0,0,0,0,0,1.5,simulink_swing_prototype,0.0,100,low_stress,lodf_top100
dyn_case_0008,1,1,49.2297785881481,50.5689915035791,179.551188814583,321.623805046863,179.551188814583,140.941407331435,50.0,50,0.0,0,0,-3.57458170807342e-18,-3.57458170807342e-18,3125.90775291889,3125.90775291889,0,3125.90775291889,3125.90775291889,-1.17961196366423e-16,-1.17961196366423e-16,rebalance_to_current_pe,0.376229240768313,2,0,0,0,0,0,0,stable_by_swing_prototype_thresholds,0,0,0,0,0,1.5,simulink_swing_prototype,0.2702214118518995,1,low_frequency,lodf_top50
dyn_case_0015,1,1,49.2297785881481,50.5689915035791,179.556101478523,321.623805046863,179.556101478523,146.720056781367,50.0000000000002,50,-7.105427357601e-16,0,0,-3.57458170807342e-18,-3.57458170807342e-18,3125.90775291889,3125.90775291889,0,3125.90775291889,3125.90775291889,-1.17961196366423e-16,-1.17961196366423e-16,rebalance_to_current_pe,0.376229240768313,2,0,0,0,0,0,0,stable_by_swing_prototype_thresholds,0,0,0,0,0,1.5,simulink_swing_prototype,0.2702214118518995,2,low_frequency,lodf_top50
dyn_case_0018,1,1,49.2297785881481,50.5689915035791,179.551188814583,321.623805046863,179.551188814583,140.941407331435,50.0,50,0.0,0,0,-3.57458170807342e-18,-3.57458170807342e-18,3125.90775291889,3125.90775291889,0,3125.90775291889,3125.90775291889,-1.17961196366423e-16,-1.17961196366423e-16,rebalance_to_current_pe,0.376229240768313,2,0,0,0,0,0,0,stable_by_swing_prototype_thresholds,0,0,0,0,0,1.5,simulink_swing_prototype,0.2702214118518995,3,low_frequency,lodf_top50
dyn_case_0023,1,1,49.2297785881481,50.5689915035791,179.589424295707,321.623805046863,179.589424295707,137.888251226486,50.0,50,2.1316282072803e-15,0,0,-3.57458170807342e-18,-3.57458170807342e-18,3125.90775291889,3125.90775291889,0,3125.90775291889,3125.90775291889,-1.17961196366423e-16,-1.17961196366423e-16,rebalance_to_current_pe,0.376229240768313,2,0,0,0,0,0,0,stable_by_swing_prototype_thresholds,0,0,0,0,0,1.5,simulink_swing_prototype,0.2702214118518995,4,low_frequency,lodf_top50
dyn_case_0005,1,1,49.2409831099392,50.5488133611635,179.644203942449,264.920578427921,179.644203942449,139.338578777132,49.9999999999999,50,1.4210854715202e-15,0,0,-3.57458170807342e-18,-3.57458170807342e-18,3125.90775291889,3125.90775291889,0,3125.90775291889,3125.90775291889,-1.17961196366423e-16,-1.17961196366423e-16,rebalance_to_current_pe,0.374246283724943,2,0,0,0,0,0,0,stable_by_swing_prototype_thresholds,0,0,0,0,0,1.5,simulink_swing_prototype,0.2590168900607992,5,low_frequency,lodf_top50
dyn_case_0022,1,1,49.2409831099392,50.5488133611635,179.644203942449,264.920578427921,179.644203942449,142.702093826713,49.9999999999998,50,7.105427357601e-16,0,0,-3.57458170807342e-18,-3.57458170807342e-18,3125.90775291889,3125.90775291889,0,3125.90775291889,3125.90775291889,-1.17961196366423e-16,-1.17961196366423e-16,rebalance_to_current_pe,0.370166645005446,2,0,0,0,0,0,0,stable_by_swing_prototype_thresholds,0,0,0,0,0,1.5,simulink_swing_prototype,0.2590168900607992,6,low_frequency,lodf_top50
dyn_case_0043,1,1,49.2409831099392,50.5488133611635,179.644203942449,264.920578427921,179.644203942449,140.819181558337,49.9999999999998,50,-7.105427357601e-16,0,0,-3.57458170807342e-18,-3.57458170807342e-18,3125.90775291889,3125.90775291889,0,3125.90775291889,3125.90775291889,-1.17961196366423e-16,-1.17961196366423e-16,rebalance_to_current_pe,0.374303113994551,2,0,0,0,0,0,0,stable_by_swing_prototype_thresholds,0,0,0,0,0,1.5,simulink_swing_prototype,0.2590168900607992,7,low_frequency,lodf_top50
dyn_case_0045,1,1,49.2409831099392,50.5488133611635,179.644203942449,264.920578427921,179.644203942449,146.761400130431,49.9999999999998,50,7.105427357601e-16,0,0,-3.57458170807342e-18,-3.57458170807342e-18,3125.90775291889,3125.90775291889,0,3125.90775291889,3125.90775291889,-1.17961196366423e-16,-1.17961196366423e-16,rebalance_to_current_pe,0.367759749534988,2,0,0,0,0,0,0,stable_by_swing_prototype_thresholds,0,0,0,0,0,1.5,simulink_swing_prototype,0.2590168900607992,8,low_frequency,lodf_top50
dyn_case_0033,1,1,49.2496900659452,50.5608285201352,179.914707179538,318.098560419222,179.914707179538,136.966408258217,49.9999999999999,50,2.1316282072803e-15,0,0,-3.57458170807342e-18,-3.57458170807342e-18,3125.90775291889,3125.90775291889,0,3125.90775291889,3125.90775291889,-1.17961196366423e-16,-1.17961196366423e-16,rebalance_to_current_pe,0.373420717808838,2,0,0,0,0,0,0,stable_by_swing_prototype_thresholds,0,0,0,0,0,1.5,simulink_swing_prototype,0.2503099340547976,9,low_frequency,lodf_top50
dyn_case_0039,1,1,49.2496900659452,50.5610781033048,179.914707179538,318.098560419222,179.914707179538,138.245342475687,49.9999999999999,50,-1.4210854715202e-15,0,0,-3.57458170807342e-18,-3.57458170807342e-18,3125.90775291889,3125.90775291889,0,3125.90775291889,3125.90775291889,-1.17961196366423e-16,-1.17961196366423e-16,rebalance_to_current_pe,0.373429206582128,2,0,0,0,0,0,0,stable_by_swing_prototype_thresholds,0,0,0,0,0,1.5,simulink_swing_prototype,0.2503099340547976,10,low_frequency,lodf_top50
dyn_case_0013,1,1,49.2513182405425,50.5464825700399,179.894946601781,313.096089563511,179.894946601781,134.699219164613,50.0,50,-7.105427357601e-16,0,0,-3.57458170807342e-18,-3.57458170807342e-18,3125.90775291889,3125.90775291889,0,3125.90775291889,3125.90775291889,-1.17961196366423e-16,-1.17961196366423e-16,rebalance_to_current_pe,0.373009227377418,2,0,0,0,0,0,0,stable_by_swing_prototype_thresholds,0,0,0,0,0,1.5,simulink_swing_prototype,0.24868175945749726,11,low_frequency,lodf_top50
dyn_case_0019,1,1,49.2529685715939,50.4986371636206,179.764094527079,278.641833889592,179.764094527079,137.618637203308,50.0000000000001,50,-3.5527136788005e-15,0,0,-3.57458170807342e-18,-3.57458170807342e-18,3125.90775291889,3125.90775291889,0,3125.90775291889,3125.90775291889,-1.17961196366423e-16,-1.17961196366423e-16,rebalance_to_current_pe,0.375532837474144,2,0,0,0,0,0,0,stable_by_swing_prototype_thresholds,0,0,0,0,0,1.5,simulink_swing_prototype,0.24703142840610326,12,low_frequency,lodf_top50
dyn_case_0046,1,1,49.2576068549639,50.5215647853838,179.633072209013,269.560033983015,179.633072209013,134.892449545285,49.9999999999999,50,0.0,0,0,-3.57458170807342e-18,-3.57458170807342e-18,3125.90775291889,3125.90775291889,0,3125.90775291889,3125.90775291889,-1.17961196366423e-16,-1.17961196366423e-16,rebalance_to_current_pe,0.130686392355317,2,0,0,0,0,0,0,stable_by_swing_prototype_thresholds,0,0,0,0,0,1.5,simulink_swing_prototype,0.24239314503609677,13,low_frequency,lodf_top50
dyn_case_0035,1,1,49.2600287651465,50.4726148351316,179.982563924914,317.740292729988,179.982563924914,173.001783811686,49.9999999999998,50,0.0,0,0,-3.57458170807342e-18,-3.57458170807342e-18,3125.90775291889,3125.90775291889,0,3125.90775291889,3125.90775291889,-1.17961196366423e-16,-1.17961196366423e-16,rebalance_to_current_pe,0.375059331284152,2,0,0,0,0,0,0,stable_by_swing_prototype_thresholds,0,0,0,0,0,1.5,simulink_swing_prototype,0.23997123485349903,14,low_frequency,lodf_top50
dyn_case_0044,1,1,49.2600287651465,50.4716144145836,179.935172403382,317.07306161067,179.935172403382,175.062636636664,49.9999999999999,50,-7.105427357601e-16,0,0,-3.57458170807342e-18,-3.57458170807342e-18,3125.90775291889,3125.90775291889,0,3125.90775291889,3125.90775291889,-1.17961196366423e-16,-1.17961196366423e-16,rebalance_to_current_pe,0.3750354331968,2,0,0,0,0,0,0,stable_by_swing_prototype_thresholds,0,0,0,0,0,1.5,simulink_swing_prototype,0.23997123485349903,15,low_frequency,lodf_top50
dyn_case_0002,1,1,49.2740439300756,50.5361905884806,179.909759978932,262.070974485147,179.909759978932,135.288663664647,50.0000000000002,50,1.4210854715202e-15,0,0,-3.57458170807342e-18,-3.57458170807342e-18,3125.90775291889,3125.90775291889,0,3125.90775291889,3125.90775291889,-1.17961196366423e-16,-1.17961196366423e-16,rebalance_to_current_pe,0.373902972345279,2,0,0,0,0,0,0,stable_by_swing_prototype_thresholds,0,0,0,0,0,1.5,simulink_swing_prototype,0.22595606992440054,16,low_frequency,lodf_top50
dyn_case_0011,1,1,49.4460108421774,50.7706173254535,179.92509236616,351.56051256864,179.92509236616,151.104754717992,50.0,50,3.5527136788005e-15,0,0,-3.57458170807342e-18,-3.57458170807342e-18,3125.90775291889,3125.90775291889,0,3125.90775291889,3125.90775291889,-1.17961196366423e-16,-1.17961196366423e-16,rebalance_to_current_pe,0.370607060814551,2,0,0,0,0,0,0,stable_by_swing_prototype_thresholds,0,0,0,0,0,1.5,simulink_swing_prototype,0.053989157822599054,17,low_frequency,lodf_top50
dyn_case_0012,1,1,49.4460108421774,50.7706173254535,179.92509236616,350.790739193828,179.92509236616,141.342160557027,49.9999999999999,50,1.4210854715202e-15,0,0,-3.57458170807342e-18,-3.57458170807342e-18,3125.90775291889,3125.90775291889,0,3125.90775291889,3125.90775291889,-1.17961196366423e-16,-1.17961196366423e-16,rebalance_to_current_pe,0.370222832131086,2,0,0,0,0,0,0,stable_by_swing_prototype_thresholds,0,0,0,0,0,1.5,simulink_swing_prototype,0.053989157822599054,18,low_frequency,lodf_top50
dyn_case_0009,1,1,49.4612869654147,50.761440364412,179.543510633865,279.639645301827,179.543510633865,130.763735898614,49.9999999999999,50,0.0,0,0,-3.57458170807342e-18,-3.57458170807342e-18,3125.90775291889,3125.90775291889,0,3125.90775291889,3125.90775291889,-1.17961196366423e-16,-1.17961196366423e-16,rebalance_to_current_pe,0.377150957477115,2,0,0,0,0,0,0,stable_by_swing_prototype_thresholds,0,0,0,0,0,1.5,simulink_swing_prototype,0.03871303458529951,19,low_frequency,lodf_top50
dyn_case_0042,1,1,49.4612869654147,50.761440364412,179.543510633865,279.639645301827,179.543510633865,130.763735898614,49.9999999999999,50,0.0,0,0,-3.57458170807342e-18,-3.57458170807342e-18,3125.90775291889,3125.90775291889,0,3125.90775291889,3125.90775291889,-1.17961196366423e-16,-1.17961196366423e-16,rebalance_to_current_pe,0.377150957477115,2,0,0,0,0,0,0,stable_by_swing_prototype_thresholds,0,0,0,0,0,1.5,simulink_swing_prototype,0.03871303458529951,20,low_frequency,lodf_top50
dyn_case_0047,1,1,49.4612869654147,50.761440364412,179.540981489529,279.710451796233,179.540981489529,130.194184939668,49.9999999999998,50,7.105427357601e-16,0,0,-3.57458170807342e-18,-3.57458170807342e-18,3125.90775291889,3125.90775291889,0,3125.90775291889,3125.90775291889,-1.17961196366423e-16,-1.17961196366423e-16,rebalance_to_current_pe,0.377029829419891,2,0,0,0,0,0,0,stable_by_swing_prototype_thresholds,0,0,0,0,0,1.5,simulink_swing_prototype,0.03871303458529951,21,low_frequency,lodf_top50
dyn_case_0029,1,1,49.4655667748224,50.7552689837975,179.389166020682,281.838209094494,179.389166020682,131.852752277459,50.0000000000001,50,1.4210854715202e-15,0,0,-3.57458170807342e-18,-3.57458170807342e-18,3125.90775291889,3125.90775291889,0,3125.90775291889,3125.90775291889,-1.17961196366423e-16,-1.17961196366423e-16,rebalance_to_current_pe,0.375599440231617,2,0,0,0,0,0,0,stable_by_swing_prototype_thresholds,0,0,0,0,0,1.5,simulink_swing_prototype,0.034433225177600946,22,low_frequency,lodf_top50
dyn_case_0030,1,1,49.4655667748224,50.7552689837975,179.426456793431,280.986054324073,179.426456793431,130.32911456953,50.0,50,-2.1316282072803e-15,0,0,-3.57458170807342e-18,-3.57458170807342e-18,3125.90775291889,3125.90775291889,0,3125.90775291889,3125.90775291889,-1.17961196366423e-16,-1.17961196366423e-16,rebalance_to_current_pe,0.377365076233735,2,0,0,0,0,0,0,stable_by_swing_prototype_thresholds,0,0,0,0,0,1.5,simulink_swing_prototype,0.034433225177600946,23,low_frequency,lodf_top50
dyn_case_0010,1,1,49.4769645670366,50.7553727347983,179.742769954014,298.081625523948,179.742769954014,131.557558925381,49.9999999999997,50,2.1316282072803e-15,0,0,-3.57458170807342e-18,-3.57458170807342e-18,3125.90775291889,3125.90775291889,0,3125.90775291889,3125.90775291889,-1.17961196366423e-16,-1.17961196366423e-16,rebalance_to_current_pe,0.375390908005156,2,0,0,0,0,0,0,stable_by_swing_prototype_thresholds,0,0,0,0,0,1.5,simulink_swing_prototype,0.02303543296339683,24,low_frequency,lodf_top50
dyn_case_0026,1,1,49.4776506614557,50.7734886017688,179.991785706884,341.754953004319,179.991785706884,177.70024383775,50.0000000000001,50,7.105427357601e-16,0,0,-3.57458170807342e-18,-3.57458170807342e-18,3125.90775291889,3125.90775291889,0,3125.90775291889,3125.90775291889,-1.17961196366423e-16,-1.17961196366423e-16,rebalance_to_current_pe,0.375154238613855,2,0,0,0,0,0,0,stable_by_swing_prototype_thresholds,0,0,0,0,0,1.5,simulink_swing_prototype,0.0223493385443021,25,low_frequency,lodf_top50
dyn_case_0014,1,1,49.4777126727732,50.7578804712801,179.999925408278,339.989063102154,179.999925408278,134.410778514666,50.0000000000001,50,1.4210854715202e-15,0,0,-3.57458170807342e-18,-3.57458170807342e-18,3125.90775291889,3125.90775291889,0,3125.90775291889,3125.90775291889,-1.17961196366423e-16,-1.17961196366423e-16,rebalance_to_current_pe,0.376282735162776,2,0,0,0,0,0,0,stable_by_swing_prototype_thresholds,0,0,0,0,0,1.5,simulink_swing_prototype,0.022287327226798936,26,low_frequency,lodf_top50
dyn_case_0021,1,1,49.4777126727732,50.7578804712801,179.986432502118,340.015479252623,179.986432502118,128.569853630237,50.0000000000002,50,1.4210854715202e-15,0,0,-3.57458170807342e-18,-3.57458170807342e-18,3125.90775291889,3125.90775291889,0,3125.90775291889,3125.90775291889,-1.17961196366423e-16,-1.17961196366423e-16,rebalance_to_current_pe,0.376800055200372,2,0,0,0,0,0,0,stable_by_swing_prototype_thresholds,0,0,0,0,0,1.5,simulink_swing_prototype,0.022287327226798936,27,low_frequency,lodf_top50
dyn_case_0025,1,1,49.4777126727732,50.7578804712801,179.986432502118,339.971148005296,179.986432502118,131.866195966269,50.0000000000002,50,1.4210854715202e-15,0,0,-3.57458170807342e-18,-3.57458170807342e-18,3125.90775291889,3125.90775291889,0,3125.90775291889,3125.90775291889,-1.17961196366423e-16,-1.17961196366423e-16,rebalance_to_current_pe,0.376612549856028,2,0,0,0,0,0,0,stable_by_swing_prototype_thresholds,0,0,0,0,0,1.5,simulink_swing_prototype,0.022287327226798936,28,low_frequency,lodf_top50
dyn_case_0049,1,1,49.4777126727732,50.7578804712801,179.986432502118,340.015480445632,179.986432502118,128.65919183962,50.0000000000002,50,-2.8421709430404e-15,0,0,-3.57458170807342e-18,-3.57458170807342e-18,3125.90775291889,3125.90775291889,0,3125.90775291889,3125.90775291889,-1.17961196366423e-16,-1.17961196366423e-16,rebalance_to_current_pe,0.376799966556552,2,0,0,0,0,0,0,stable_by_swing_prototype_thresholds,0,0,0,0,0,1.5,simulink_swing_prototype,0.022287327226798936,29,low_frequency,lodf_top50
dyn_case_0004,1,1,49.4863054525115,50.7553727347983,179.731661716962,298.081625523948,179.731661716962,125.720365864933,50.0000000000001,50,-1.4210854715202e-15,0,0,-3.57458170807342e-18,-3.57458170807342e-18,3125.90775291889,3125.90775291889,0,3125.90775291889,3125.90775291889,-1.17961196366423e-16,-1.17961196366423e-16,rebalance_to_current_pe,0.375390908005156,2,0,0,0,0,0,0,stable_by_swing_prototype_thresholds,0,0,0,0,0,1.5,simulink_swing_prototype,0.013694547488498188,30,low_frequency,lodf_top50
dyn_case_0020,1,1,49.4867479481423,50.7553727347983,179.695452807596,298.081625523949,179.695452807596,127.288507517757,50.0,50,2.1316282072803e-15,0,0,-3.57458170807342e-18,-3.57458170807342e-18,3125.90775291889,3125.90775291889,0,3125.90775291889,3125.90775291889,-1.17961196366423e-16,-1.17961196366423e-16,rebalance_to_current_pe,0.375390908005155,2,0,0,0,0,0,0,stable_by_swing_prototype_thresholds,0,0,0,0,0,1.5,simulink_swing_prototype,0.013252051857698177,31,low_frequency,lodf_top50
dyn_case_0050,1,1,49.4882047874451,50.7734886017688,179.988565974581,342.057216461306,179.988565974581,175.460303249027,50.0000000000001,50,-2.1316282072803e-15,0,0,-3.57458170807342e-18,-3.57458170807342e-18,3125.90775291889,3125.90775291889,0,3125.90775291889,3125.90775291889,-1.17961196366423e-16,-1.17961196366423e-16,rebalance_to_current_pe,0.375154238613855,2,0,0,0,0,0,0,stable_by_swing_prototype_thresholds,0,0,0,0,0,1.5,simulink_swing_prototype,0.011795212554901013,32,low_frequency,lodf_top50
dyn_case_0024,1,1,49.4883559693413,50.7734886017688,179.993602407756,333.616490923513,179.993602407756,174.836506149684,49.9999999999999,50,7.105427357601e-16,0,0,-3.57458170807342e-18,-3.57458170807342e-18,3125.90775291889,3125.90775291889,0,3125.90775291889,3125.90775291889,-1.17961196366423e-16,-1.17961196366423e-16,rebalance_to_current_pe,0.375154238613855,2,0,0,0,0,0,0,stable_by_swing_prototype_thresholds,0,0,0,0,0,1.5,simulink_swing_prototype,0.011644030658700899,33,low_frequency,lodf_top50
dyn_case_0006,1,1,49.490691187721,50.7602484833518,179.968357028352,362.079391425295,179.968357028352,140.250746820776,50.0000000000001,50,-7.105427357601e-16,0,0,-3.57458170807342e-18,-3.57458170807342e-18,3125.90775291889,3125.90775291889,0,3125.90775291889,3125.90775291889,-1.17961196366423e-16,-1.17961196366423e-16,rebalance_to_current_pe,0.377800595224144,2,0,0,0,0,0,0,stable_by_swing_prototype_thresholds,0,0,0,0,0,1.5,simulink_swing_prototype,0.009308812279002154,34,low_frequency,lodf_top50
dyn_case_0003,1,1,49.4958375799025,50.763883128037,179.949265172563,358.718921622712,179.949265172563,174.035639022706,50.0,50,-1.4210854715202e-15,0,0,-3.57458170807342e-18,-3.57458170807342e-18,3125.90775291889,3125.90775291889,0,3125.90775291889,3125.90775291889,-1.17961196366423e-16,-1.17961196366423e-16,rebalance_to_current_pe,0.377134038424858,2,0,0,0,0,0,0,stable_by_swing_prototype_thresholds,0,0,0,0,0,1.5,simulink_swing_prototype,0.004162420097500785,35,low_frequency,lodf_top50
dyn_case_0036,1,1,49.4986191229084,50.7089577768583,179.915759709812,274.096226372951,179.915759709812,128.062260637304,50.0,50,1.4210854715202e-15,0,0,-3.57458170807342e-18,-3.57458170807342e-18,3125.90775291889,3125.90775291889,0,3125.90775291889,3125.90775291889,-1.17961196366423e-16,-1.17961196366423e-16,rebalance_to_current_pe,0.371573503907305,2,0,0,0,0,0,0,stable_by_swing_prototype_thresholds,0,0,0,0,0,1.5,simulink_swing_prototype,0.0013808770915986202,36,low_frequency,lodf_top50
dyn_case_0038,1,1,49.4986191229084,50.7089577768583,179.915759709812,274.211301928569,179.915759709812,134.72948538167,50.0000000000002,50,-7.105427357601e-16,0,0,-3.57458170807342e-18,-3.57458170807342e-18,3125.90775291889,3125.90775291889,0,3125.90775291889,3125.90775291889,-1.17961196366423e-16,-1.17961196366423e-16,rebalance_to_current_pe,0.36796258176024,2,0,0,0,0,0,0,stable_by_swing_prototype_thresholds,0,0,0,0,0,1.5,simulink_swing_prototype,0.0013808770915986202,37,low_frequency,lodf_top50
dyn_case_0048,1,1,49.4986191229084,50.7089577768583,179.915759709812,274.257703459839,179.915759709812,139.772445714834,50.0000000000002,50,-1.4210854715202e-15,0,0,-3.57458170807342e-18,-3.57458170807342e-18,3125.90775291889,3125.90775291889,0,3125.90775291889,3125.90775291889,-1.17961196366423e-16,-1.17961196366423e-16,rebalance_to_current_pe,0.377056338145773,2,0,0,0,0,0,0,stable_by_swing_prototype_thresholds,0,0,0,0,0,1.5,simulink_swing_prototype,0.0013808770915986202,38,low_frequency,lodf_top50
dyn_case_0028,1,1,49.4991629004606,50.7271406036573,179.986063467921,286.264976993677,179.986063467921,130.29469531385,50.0000000000001,50,0.0,0,0,-3.57458170807342e-18,-3.57458170807342e-18,3125.90775291889,3125.90775291889,0,3125.90775291889,3125.90775291889,-1.17961196366423e-16,-1.17961196366423e-16,rebalance_to_current_pe,0.377193090954423,2,0,0,0,0,0,0,stable_by_swing_prototype_thresholds,0,0,0,0,0,1.5,simulink_swing_prototype,0.0008370995394031411,39,low_frequency,lodf_top50
dyn_case_0001,1,1,49.5020266682617,50.7734886017688,179.99810959515,334.166264326975,179.99810959515,177.726997493926,50.0,50,7.105427357601e-16,0,0,-3.57458170807342e-18,-3.57458170807342e-18,3125.90775291889,3125.90775291889,0,3125.90775291889,3125.90775291889,-1.17961196366423e-16,-1.17961196366423e-16,rebalance_to_current_pe,0.375154238613855,2,0,0,0,0,0,0,stable_by_swing_prototype_thresholds,0,0,0,0,0,1.5,simulink_swing_prototype,0.0,40,low_stress,lodf_top50
dyn_case_0007,1,1,49.5321357794552,50.7602484833518,179.932479266098,362.079391425295,179.932479266098,135.383931310158,50.0000000000001,50,-1.4210854715202e-15,0,0,-3.57458170807342e-18,-3.57458170807342e-18,3125.90775291889,3125.90775291889,0,3125.90775291889,3125.90775291889,-1.17961196366423e-16,-1.17961196366423e-16,rebalance_to_current_pe,0.377800595224144,2,0,0,0,0,0,0,stable_by_swing_prototype_thresholds,0,0,0,0,0,1.5,simulink_swing_prototype,0.0,41,low_stress,lodf_top50
dyn_case_0016,1,1,49.5292027665035,50.669593479234,179.984599854423,321.045167934579,179.984599854423,124.684560201867,50.0000000000001,50,-2.1316282072803e-15,0,0,-3.57458170807342e-18,-3.57458170807342e-18,3125.90775291889,3125.90775291889,0,3125.90775291889,3125.90775291889,-1.17961196366423e-16,-1.17961196366423e-16,rebalance_to_current_pe,0.374054493601546,2,0,0,0,0,0,0,stable_by_swing_prototype_thresholds,0,0,0,0,0,1.5,simulink_swing_prototype,0.0,42,low_stress,lodf_top50
dyn_case_0017,1,1,49.5361860294455,50.7624310350355,179.825641950629,387.377662417852,179.825641950629,168.434622033423,50.0000000000001,50,7.105427357601e-16,0,0,-3.57458170807342e-18,-3.57458170807342e-18,3125.90775291889,3125.90775291889,0,3125.90775291889,3125.90775291889,-1.17961196366423e-16,-1.17961196366423e-16,rebalance_to_current_pe,0.377063604764329,2,0,0,0,0,0,0,stable_by_swing_prototype_thresholds,0,0,0,0,0,1.5,simulink_swing_prototype,0.0,43,low_stress,lodf_top50
dyn_case_0027,1,1,49.5020266682617,50.7734886017688,179.998109595149,334.166264326976,179.998109595149,177.726997493926,50.0,50,7.105427357601e-16,0,0,-3.57458170807342e-18,-3.57458170807342e-18,3125.90775291889,3125.90775291889,0,3125.90775291889,3125.90775291889,-1.17961196366423e-16,-1.17961196366423e-16,rebalance_to_current_pe,0.375154238613855,2,0,0,0,0,0,0,stable_by_swing_prototype_thresholds,0,0,0,0,0,1.5,simulink_swing_prototype,0.0,44,low_stress,lodf_top50
dyn_case_0031,1,1,49.5060952646181,50.7527764910968,179.931979811608,356.377313170086,179.931979811608,150.754177665299,50.0,50,0.0,0,0,-3.57458170807342e-18,-3.57458170807342e-18,3125.90775291889,3125.90775291889,0,3125.90775291889,3125.90775291889,-1.17961196366423e-16,-1.17961196366423e-16,rebalance_to_current_pe,0.374783324148521,2,0,0,0,0,0,0,stable_by_swing_prototype_thresholds,0,0,0,0,0,1.5,simulink_swing_prototype,0.0,45,low_stress,lodf_top50
dyn_case_0032,1,1,49.5195338506493,50.763883128037,179.910349243001,390.089971969032,179.910349243001,169.358726963709,49.9999999999999,50,-2.8421709430404e-15,0,0,-3.57458170807342e-18,-3.57458170807342e-18,3125.90775291889,3125.90775291889,0,3125.90775291889,3125.90775291889,-1.17961196366423e-16,-1.17961196366423e-16,rebalance_to_current_pe,0.377134038424858,2,0,0,0,0,0,0,stable_by_swing_prototype_thresholds,0,0,0,0,0,1.5,simulink_swing_prototype,0.0,46,low_stress,lodf_top50
dyn_case_0034,1,1,49.5083997583,50.7687893739394,179.999287908287,320.927045996845,179.999287908287,167.011511177727,49.9999999999997,50,2.1316282072803e-15,0,0,-3.57458170807342e-18,-3.57458170807342e-18,3125.90775291889,3125.90775291889,0,3125.90775291889,3125.90775291889,-1.17961196366423e-16,-1.17961196366423e-16,rebalance_to_current_pe,0.374519094690962,2,0,0,0,0,0,0,stable_by_swing_prototype_thresholds,0,0,0,0,0,1.5,simulink_swing_prototype,0.0,47,low_stress,lodf_top50
dyn_case_0037,1,1,49.5089434894477,50.7687893739394,179.94681273374,362.088207900403,179.94681273374,164.375118203852,50.0000000000001,50,-1.4210854715202e-15,0,0,-3.57458170807342e-18,-3.57458170807342e-18,3125.90775291889,3125.90775291889,0,3125.90775291889,3125.90775291889,-1.17961196366423e-16,-1.17961196366423e-16,rebalance_to_current_pe,0.374519094690962,2,0,0,0,0,0,0,stable_by_swing_prototype_thresholds,0,0,0,0,0,1.5,simulink_swing_prototype,0.0,48,low_stress,lodf_top50
dyn_case_0040,1,1,49.5089321113152,50.7687893739394,179.978630242406,320.927045996845,179.978630242406,167.809133432544,50.0000000000001,50,-2.8421709430404e-15,0,0,-3.57458170807342e-18,-3.57458170807342e-18,3125.90775291889,3125.90775291889,0,3125.90775291889,3125.90775291889,-1.17961196366423e-16,-1.17961196366423e-16,rebalance_to_current_pe,0.374519094690962,2,0,0,0,0,0,0,stable_by_swing_prototype_thresholds,0,0,0,0,0,1.5,simulink_swing_prototype,0.0,49,low_stress,lodf_top50
dyn_case_0041,1,1,49.5260396401309,50.669593479234,179.984599854423,323.757625804817,179.984599854423,131.057418578704,50.0000000000001,50,1.4210854715202e-15,0,0,-3.57458170807342e-18,-3.57458170807342e-18,3125.90775291889,3125.90775291889,0,3125.90775291889,3125.90775291889,-1.17961196366423e-16,-1.17961196366423e-16,rebalance_to_current_pe,0.372518842262785,2,0,0,0,0,0,0,stable_by_swing_prototype_thresholds,0,0,0,0,0,1.5,simulink_swing_prototype,0.0,50,low_stress,lodf_top50
dyn_case_0005,1,1,49.2297785881481,50.5689915035791,179.551188814583,321.623805046863,179.551188814583,137.018195571947,50.0,50,0.0,0,0,-3.57458170807342e-18,-3.57458170807342e-18,3125.90775291889,3125.90775291889,0,3125.90775291889,3125.90775291889,-1.17961196366423e-16,-1.17961196366423e-16,rebalance_to_current_pe,0.376229240768313,2,0,0,0,0,0,0,stable_by_swing_prototype_thresholds,0,0,0,0,0,1.5,simulink_swing_prototype,0.2702214118518995,1,low_frequency,pio_gcn_top100
dyn_case_0008,1,1,49.2297785881481,50.5689915035791,179.551188814583,321.623805046863,179.551188814583,139.399297257792,50.0000000000001,50,-1.4210854715202e-15,0,0,-3.57458170807342e-18,-3.57458170807342e-18,3125.90775291889,3125.90775291889,0,3125.90775291889,3125.90775291889,-1.17961196366423e-16,-1.17961196366423e-16,rebalance_to_current_pe,0.376229240768313,2,0,0,0,0,0,0,stable_by_swing_prototype_thresholds,0,0,0,0,0,1.5,simulink_swing_prototype,0.2702214118518995,2,low_frequency,pio_gcn_top100
dyn_case_0023,1,1,49.2297785881481,50.5689915035791,179.551188814583,321.623805046863,179.551188814583,140.941407331435,50.0,50,0.0,0,0,-3.57458170807342e-18,-3.57458170807342e-18,3125.90775291889,3125.90775291889,0,3125.90775291889,3125.90775291889,-1.17961196366423e-16,-1.17961196366423e-16,rebalance_to_current_pe,0.376229240768313,2,0,0,0,0,0,0,stable_by_swing_prototype_thresholds,0,0,0,0,0,1.5,simulink_swing_prototype,0.2702214118518995,3,low_frequency,pio_gcn_top100
dyn_case_0041,1,1,49.2297785881481,50.5689915035791,179.556101478523,321.623805046863,179.556101478523,146.720056781368,50.0000000000002,50,-7.105427357601e-16,0,0,-3.57458170807342e-18,-3.57458170807342e-18,3125.90775291889,3125.90775291889,0,3125.90775291889,3125.90775291889,-1.17961196366423e-16,-1.17961196366423e-16,rebalance_to_current_pe,0.376229240768313,2,0,0,0,0,0,0,stable_by_swing_prototype_thresholds,0,0,0,0,0,1.5,simulink_swing_prototype,0.2702214118518995,4,low_frequency,pio_gcn_top100
dyn_case_0052,1,1,49.2297785881481,50.5689915035791,179.589424295707,321.623805046863,179.589424295707,137.888251226486,50.0,50,2.1316282072803e-15,0,0,-3.57458170807342e-18,-3.57458170807342e-18,3125.90775291889,3125.90775291889,0,3125.90775291889,3125.90775291889,-1.17961196366423e-16,-1.17961196366423e-16,rebalance_to_current_pe,0.376229240768313,2,0,0,0,0,0,0,stable_by_swing_prototype_thresholds,0,0,0,0,0,1.5,simulink_swing_prototype,0.2702214118518995,5,low_frequency,pio_gcn_top100
dyn_case_0078,1,1,49.2297785881481,50.5689915035791,179.556101478523,321.623805046863,179.556101478523,146.720056781367,50.0000000000002,50,-7.105427357601e-16,0,0,-3.57458170807342e-18,-3.57458170807342e-18,3125.90775291889,3125.90775291889,0,3125.90775291889,3125.90775291889,-1.17961196366423e-16,-1.17961196366423e-16,rebalance_to_current_pe,0.376229240768313,2,0,0,0,0,0,0,stable_by_swing_prototype_thresholds,0,0,0,0,0,1.5,simulink_swing_prototype,0.2702214118518995,6,low_frequency,pio_gcn_top100
dyn_case_0081,1,1,49.2297785881481,50.5689915035791,179.937792556563,321.623805046863,179.937792556563,156.427498683903,49.9999999999998,50,-7.105427357601e-16,0,0,-3.57458170807342e-18,-3.57458170807342e-18,3125.90775291889,3125.90775291889,0,3125.90775291889,3125.90775291889,-1.17961196366423e-16,-1.17961196366423e-16,rebalance_to_current_pe,0.376229240768313,2,0,0,0,0,0,0,stable_by_swing_prototype_thresholds,0,0,0,0,0,1.5,simulink_swing_prototype,0.2702214118518995,7,low_frequency,pio_gcn_top100
dyn_case_0084,1,1,49.2297785881481,50.5689915035791,179.551188814583,321.623805046863,179.551188814583,140.941407331435,50.0,50,0.0,0,0,-3.57458170807342e-18,-3.57458170807342e-18,3125.90775291889,3125.90775291889,0,3125.90775291889,3125.90775291889,-1.17961196366423e-16,-1.17961196366423e-16,rebalance_to_current_pe,0.376229240768313,2,0,0,0,0,0,0,stable_by_swing_prototype_thresholds,0,0,0,0,0,1.5,simulink_swing_prototype,0.2702214118518995,8,low_frequency,pio_gcn_top100
dyn_case_0056,1,1,49.2409831099392,50.5488133611635,179.644203942449,264.920578427921,179.644203942449,142.702093826713,49.9999999999998,50,7.105427357601e-16,0,0,-3.57458170807342e-18,-3.57458170807342e-18,3125.90775291889,3125.90775291889,0,3125.90775291889,3125.90775291889,-1.17961196366423e-16,-1.17961196366423e-16,rebalance_to_current_pe,0.370166645005446,2,0,0,0,0,0,0,stable_by_swing_prototype_thresholds,0,0,0,0,0,1.5,simulink_swing_prototype,0.2590168900607992,9,low_frequency,pio_gcn_top100
dyn_case_0059,1,1,49.2409831099392,50.5488133611635,179.644203942449,264.920578427921,179.644203942449,139.338578777132,49.9999999999999,50,1.4210854715202e-15,0,0,-3.57458170807342e-18,-3.57458170807342e-18,3125.90775291889,3125.90775291889,0,3125.90775291889,3125.90775291889,-1.17961196366423e-16,-1.17961196366423e-16,rebalance_to_current_pe,0.374246283724943,2,0,0,0,0,0,0,stable_by_swing_prototype_thresholds,0,0,0,0,0,1.5,simulink_swing_prototype,0.2590168900607992,10,low_frequency,pio_gcn_top100
dyn_case_0064,1,1,49.2409831099392,50.5488133611635,179.644203942449,264.920578427921,179.644203942449,146.761400130431,49.9999999999998,50,7.105427357601e-16,0,0,-3.57458170807342e-18,-3.57458170807342e-18,3125.90775291889,3125.90775291889,0,3125.90775291889,3125.90775291889,-1.17961196366423e-16,-1.17961196366423e-16,rebalance_to_current_pe,0.367759749534988,2,0,0,0,0,0,0,stable_by_swing_prototype_thresholds,0,0,0,0,0,1.5,simulink_swing_prototype,0.2590168900607992,11,low_frequency,pio_gcn_top100
dyn_case_0031,1,1,49.243488151568,50.5468499976653,179.894247850444,272.641661094554,179.894247850444,133.239695736954,50.0,50,1.4210854715202e-15,0,0,-3.57458170807342e-18,-3.57458170807342e-18,3125.90775291889,3125.90775291889,0,3125.90775291889,3125.90775291889,-1.17961196366423e-16,-1.17961196366423e-16,rebalance_to_current_pe,0.132180407339069,2,0,0,0,0,0,0,stable_by_swing_prototype_thresholds,0,0,0,0,0,1.5,simulink_swing_prototype,0.25651184843199815,12,low_frequency,pio_gcn_top100
dyn_case_0043,1,1,49.2496900659452,50.5536568744365,179.914707179538,318.098560419222,179.914707179538,140.264699397375,49.9999999999999,50,0.0,0,0,-3.57458170807342e-18,-3.57458170807342e-18,3125.90775291889,3125.90775291889,0,3125.90775291889,3125.90775291889,-1.17961196366423e-16,-1.17961196366423e-16,rebalance_to_current_pe,0.37342071442968,2,0,0,0,0,0,0,stable_by_swing_prototype_thresholds,0,0,0,0,0,1.5,simulink_swing_prototype,0.2503099340547976,13,low_frequency,pio_gcn_top100
dyn_case_0065,1,1,49.2496900659452,50.5608285201352,179.914707179538,318.098560419222,179.914707179538,136.966408258217,49.9999999999999,50,2.1316282072803e-15,0,0,-3.57458170807342e-18,-3.57458170807342e-18,3125.90775291889,3125.90775291889,0,3125.90775291889,3125.90775291889,-1.17961196366423e-16,-1.17961196366423e-16,rebalance_to_current_pe,0.373420717808838,2,0,0,0,0,0,0,stable_by_swing_prototype_thresholds,0,0,0,0,0,1.5,simulink_swing_prototype,0.2503099340547976,14,low_frequency,pio_gcn_top100
dyn_case_0068,1,1,49.2496900659452,50.5609725463215,179.914707179538,318.098560419222,179.914707179538,139.502203511007,50.0000000000001,50,7.105427357601e-16,0,0,-3.57458170807342e-18,-3.57458170807342e-18,3125.90775291889,3125.90775291889,0,3125.90775291889,3125.90775291889,-1.17961196366423e-16,-1.17961196366423e-16,rebalance_to_current_pe,0.373408877159126,2,0,0,0,0,0,0,stable_by_swing_prototype_thresholds,0,0,0,0,0,1.5,simulink_swing_prototype,0.2503099340547976,15,low_frequency,pio_gcn_top100
dyn_case_0004,1,1,49.2513182405425,50.5537214172497,179.747365895153,313.214902345824,179.747365895153,142.276157986019,50.0,50,0.0,0,0,-3.57458170807342e-18,-3.57458170807342e-18,3125.90775291889,3125.90775291889,0,3125.90775291889,3125.90775291889,-1.17961196366423e-16,-1.17961196366423e-16,rebalance_to_current_pe,0.37314948670341,2,0,0,0,0,0,0,stable_by_swing_prototype_thresholds,0,0,0,0,0,1.5,simulink_swing_prototype,0.24868175945749726,16,low_frequency,pio_gcn_top100
dyn_case_0007,1,1,49.2513182405425,50.5537306237191,179.747314925036,313.348656149836,179.747314925036,134.37036086546,49.9999999999998,50,2.1316282072803e-15,0,0,-3.57458170807342e-18,-3.57458170807342e-18,3125.90775291889,3125.90775291889,0,3125.90775291889,3125.90775291889,-1.17961196366423e-16,-1.17961196366423e-16,rebalance_to_current_pe,0.373126786596853,2,0,0,0,0,0,0,stable_by_swing_prototype_thresholds,0,0,0,0,0,1.5,simulink_swing_prototype,0.24868175945749726,17,low_frequency,pio_gcn_top100
dyn_case_0034,1,1,49.2513182405425,50.5539586988167,179.747107917645,312.711659474979,179.747107917645,132.303146791123,49.9999999999999,50,3.5527136788005e-15,0,0,-3.57458170807342e-18,-3.57458170807342e-18,3125.90775291889,3125.90775291889,0,3125.90775291889,3125.90775291889,-1.17961196366423e-16,-1.17961196366423e-16,rebalance_to_current_pe,0.37244441166466,2,0,0,0,0,0,0,stable_by_swing_prototype_thresholds,0,0,0,0,0,1.5,simulink_swing_prototype,0.24868175945749726,18,low_frequency,pio_gcn_top100
dyn_case_0092,1,1,49.2513182405425,50.5538487393231,179.747184008233,312.875433665177,179.747184008233,133.765434496444,50.0,50,-2.1316282072803e-15,0,0,-3.57458170807342e-18,-3.57458170807342e-18,3125.90775291889,3125.90775291889,0,3125.90775291889,3125.90775291889,-1.17961196366423e-16,-1.17961196366423e-16,rebalance_to_current_pe,0.373018247416687,2,0,0,0,0,0,0,stable_by_swing_prototype_thresholds,0,0,0,0,0,1.5,simulink_swing_prototype,0.24868175945749726,19,low_frequency,pio_gcn_top100
dyn_case_0095,1,1,49.2513182405425,50.5537125252435,179.747322550199,312.980663409049,179.747322550199,134.251363801003,50.0,50,-1.4210854715202e-15,0,0,-3.57458170807342e-18,-3.57458170807342e-18,3125.90775291889,3125.90775291889,0,3125.90775291889,3125.90775291889,-1.17961196366423e-16,-1.17961196366423e-16,rebalance_to_current_pe,0.372725298163744,2,0,0,0,0,0,0,stable_by_swing_prototype_thresholds,0,0,0,0,0,1.5,simulink_swing_prototype,0.24868175945749726,20,low_frequency,pio_gcn_top100
dyn_case_0099,1,1,49.2513182405425,50.5464825700399,179.894946601781,313.096089563511,179.894946601781,134.699219164613,50.0,50,-7.105427357601e-16,0,0,-3.57458170807342e-18,-3.57458170807342e-18,3125.90775291889,3125.90775291889,0,3125.90775291889,3125.90775291889,-1.17961196366423e-16,-1.17961196366423e-16,rebalance_to_current_pe,0.373009227377418,2,0,0,0,0,0,0,stable_by_swing_prototype_thresholds,0,0,0,0,0,1.5,simulink_swing_prototype,0.24868175945749726,21,low_frequency,pio_gcn_top100
dyn_case_0060,1,1,49.2529685715939,50.4986371636206,179.764094527079,278.641833889592,179.764094527079,139.765099381737,50.0,50,-1.4210854715202e-15,0,0,-3.57458170807342e-18,-3.57458170807342e-18,3125.90775291889,3125.90775291889,0,3125.90775291889,3125.90775291889,-1.17961196366423e-16,-1.17961196366423e-16,rebalance_to_current_pe,0.375532837474144,2,0,0,0,0,0,0,stable_by_swing_prototype_thresholds,0,0,0,0,0,1.5,simulink_swing_prototype,0.24703142840610326,22,low_frequency,pio_gcn_top100
dyn_case_0088,1,1,49.2529685715939,50.4986371636206,179.764094527079,278.641833889592,179.764094527079,137.618637203308,50.0000000000001,50,-3.5527136788005e-15,0,0,-3.57458170807342e-18,-3.57458170807342e-18,3125.90775291889,3125.90775291889,0,3125.90775291889,3125.90775291889,-1.17961196366423e-16,-1.17961196366423e-16,rebalance_to_current_pe,0.375532837474144,2,0,0,0,0,0,0,stable_by_swing_prototype_thresholds,0,0,0,0,0,1.5,simulink_swing_prototype,0.24703142840610326,23,low_frequency,pio_gcn_top100
dyn_case_0003,1,1,49.2576228338125,50.5221618182414,179.654915833957,269.539953041017,179.654915833957,136.182551260619,50.0,50,0.0,0,0,-3.57458170807342e-18,-3.57458170807342e-18,3125.90775291889,3125.90775291889,0,3125.90775291889,3125.90775291889,-1.17961196366423e-16,-1.17961196366423e-16,rebalance_to_current_pe,0.130676656839907,2,0,0,0,0,0,0,stable_by_swing_prototype_thresholds,0,0,0,0,0,1.5,simulink_swing_prototype,0.24237716618750227,24,low_frequency,pio_gcn_top100
dyn_case_0027,1,1,49.2584907398961,50.5093378676559,179.956034529039,321.012346004081,179.956034529039,158.323273837437,50.0,50,1.4210854715202e-15,0,0,-3.57458170807342e-18,-3.57458170807342e-18,3125.90775291889,3125.90775291889,0,3125.90775291889,3125.90775291889,-1.17961196366423e-16,-1.17961196366423e-16,rebalance_to_current_pe,0.375611454438625,2,0,0,0,0,0,0,stable_by_swing_prototype_thresholds,0,0,0,0,0,1.5,simulink_swing_prototype,0.2415092601039035,25,low_frequency,pio_gcn_top100
dyn_case_0062,1,1,49.2584907398961,50.5092805796428,179.956034529039,321.012346004081,179.956034529039,156.543431519321,50.0,50,0.0,0,0,-3.57458170807342e-18,-3.57458170807342e-18,3125.90775291889,3125.90775291889,0,3125.90775291889,3125.90775291889,-1.17961196366423e-16,-1.17961196366423e-16,rebalance_to_current_pe,0.375611454438625,2,0,0,0,0,0,0,stable_by_swing_prototype_thresholds,0,0,0,0,0,1.5,simulink_swing_prototype,0.2415092601039035,26,low_frequency,pio_gcn_top100
dyn_case_0072,1,1,49.2584907398961,50.5093378676559,179.956034529039,321.012346004081,179.956034529039,158.323273837437,50.0,50,1.4210854715202e-15,0,0,-3.57458170807342e-18,-3.57458170807342e-18,3125.90775291889,3125.90775291889,0,3125.90775291889,3125.90775291889,-1.17961196366423e-16,-1.17961196366423e-16,rebalance_to_current_pe,0.375611454438625,2,0,0,0,0,0,0,stable_by_swing_prototype_thresholds,0,0,0,0,0,1.5,simulink_swing_prototype,0.2415092601039035,27,low_frequency,pio_gcn_top100
dyn_case_0053,1,1,49.2600287651465,50.4726148351316,179.982563924914,317.740292729988,179.982563924914,173.001783811686,49.9999999999998,50,0.0,0,0,-3.57458170807342e-18,-3.57458170807342e-18,3125.90775291889,3125.90775291889,0,3125.90775291889,3125.90775291889,-1.17961196366423e-16,-1.17961196366423e-16,rebalance_to_current_pe,0.375059331284152,2,0,0,0,0,0,0,stable_by_swing_prototype_thresholds,0,0,0,0,0,1.5,simulink_swing_prototype,0.23997123485349903,28,low_frequency,pio_gcn_top100
dyn_case_0058,1,1,49.2600287651465,50.4716144145836,179.935172403382,317.07306161067,179.935172403382,175.062636636664,49.9999999999999,50,-7.105427357601e-16,0,0,-3.57458170807342e-18,-3.57458170807342e-18,3125.90775291889,3125.90775291889,0,3125.90775291889,3125.90775291889,-1.17961196366423e-16,-1.17961196366423e-16,rebalance_to_current_pe,0.3750354331968,2,0,0,0,0,0,0,stable_by_swing_prototype_thresholds,0,0,0,0,0,1.5,simulink_swing_prototype,0.23997123485349903,29,low_frequency,pio_gcn_top100
dyn_case_0093,1,1,49.2600287651465,50.4710700976295,179.993704102568,324.715527644367,179.993704102568,171.484444544714,50.0000000000001,50,2.1316282072803e-15,0,0,-3.57458170807342e-18,-3.57458170807342e-18,3125.90775291889,3125.90775291889,0,3125.90775291889,3125.90775291889,-1.17961196366423e-16,-1.17961196366423e-16,rebalance_to_current_pe,0.375055962701467,2,0,0,0,0,0,0,stable_by_swing_prototype_thresholds,0,0,0,0,0,1.5,simulink_swing_prototype,0.23997123485349903,30,low_frequency,pio_gcn_top100
dyn_case_0051,1,1,49.2619911139662,50.5004647153746,179.662852912269,322.375683917692,179.662852912269,136.854658694296,50.0000000000002,50,7.105427357601e-16,0,0,-3.57458170807342e-18,-3.57458170807342e-18,3125.90775291889,3125.90775291889,0,3125.90775291889,3125.90775291889,-1.17961196366423e-16,-1.17961196366423e-16,rebalance_to_current_pe,0.375401079333228,2,0,0,0,0,0,0,stable_by_swing_prototype_thresholds,0,0,0,0,0,1.5,simulink_swing_prototype,0.23800888603380344,31,low_frequency,pio_gcn_top100
dyn_case_0087,1,1,49.2619911139662,50.5004741427569,179.66285297621,322.375683917692,179.66285297621,149.453459330818,50.0000000000001,50,-1.4210854715202e-15,0,0,-3.57458170807342e-18,-3.57458170807342e-18,3125.90775291889,3125.90775291889,0,3125.90775291889,3125.90775291889,-1.17961196366423e-16,-1.17961196366423e-16,rebalance_to_current_pe,0.375401079333228,2,0,0,0,0,0,0,stable_by_swing_prototype_thresholds,0,0,0,0,0,1.5,simulink_swing_prototype,0.23800888603380344,32,low_frequency,pio_gcn_top100
dyn_case_0066,1,1,49.2622665064139,50.4907509083193,179.876482736017,277.580235479612,179.876482736017,140.043207057424,49.9999999999999,50,7.105427357601e-16,0,0,-3.57458170807342e-18,-3.57458170807342e-18,3125.90775291889,3125.90775291889,0,3125.90775291889,3125.90775291889,-1.17961196366423e-16,-1.17961196366423e-16,rebalance_to_current_pe,0.376270516119247,2,0,0,0,0,0,0,stable_by_swing_prototype_thresholds,0,0,0,0,0,1.5,simulink_swing_prototype,0.23773349358609863,33,low_frequency,pio_gcn_top100
dyn_case_0042,1,1,49.2738656191224,50.4717660762332,179.598406719702,272.792977219109,179.598406719702,139.71580677423,50.0000000000001,50,0.0,0,0,-3.57458170807342e-18,-3.57458170807342e-18,3125.90775291889,3125.90775291889,0,3125.90775291889,3125.90775291889,-1.17961196366423e-16,-1.17961196366423e-16,rebalance_to_current_pe,0.376270516119247,2,0,0,0,0,0,0,stable_by_swing_prototype_thresholds,0,0,0,0,0,1.5,simulink_swing_prototype,0.2261343808776033,34,low_frequency,pio_gcn_top100
dyn_case_0047,1,1,49.2739595878982,50.475324426065,179.546611349924,273.858500561095,179.546611349924,140.732348162469,49.9999999999998,50,2.1316282072803e-15,0,0,-3.57458170807342e-18,-3.57458170807342e-18,3125.90775291889,3125.90775291889,0,3125.90775291889,3125.90775291889,-1.17961196366423e-16,-1.17961196366423e-16,rebalance_to_current_pe,0.376270516119247,2,0,0,0,0,0,0,stable_by_swing_prototype_thresholds,0,0,0,0,0,1.5,simulink_swing_prototype,0.2260404121018027,35,low_frequency,pio_gcn_top100
dyn_case_0016,1,1,49.2740439300756,50.5361905884806,179.909759978932,262.070974485147,179.909759978932,135.288663664647,50.0000000000002,50,1.4210854715202e-15,0,0,-3.57458170807342e-18,-3.57458170807342e-18,3125.90775291889,3125.90775291889,0,3125.90775291889,3125.90775291889,-1.17961196366423e-16,-1.17961196366423e-16,rebalance_to_current_pe,0.373902972345279,2,0,0,0,0,0,0,stable_by_swing_prototype_thresholds,0,0,0,0,0,1.5,simulink_swing_prototype,0.22595606992440054,36,low_frequency,pio_gcn_top100
dyn_case_0096,1,1,49.2740439300756,50.5361905884806,179.909759978932,262.070974485147,179.909759978932,138.424319820368,50.0000000000002,50,-2.8421709430404e-15,0,0,-3.57458170807342e-18,-3.57458170807342e-18,3125.90775291889,3125.90775291889,0,3125.90775291889,3125.90775291889,-1.17961196366423e-16,-1.17961196366423e-16,rebalance_to_current_pe,0.374100449439655,2,0,0,0,0,0,0,stable_by_swing_prototype_thresholds,0,0,0,0,0,1.5,simulink_swing_prototype,0.22595606992440054,37,low_frequency,pio_gcn_top100
dyn_case_0045,1,1,49.4344472471549,50.7706872042466,179.928387533655,314.114689925247,179.928387533655,132.799516757694,50.0,50,2.8421709430404e-15,0,0,-3.57458170807342e-18,-3.57458170807342e-18,3125.90775291889,3125.90775291889,0,3125.90775291889,3125.90775291889,-1.17961196366423e-16,-1.17961196366423e-16,rebalance_to_current_pe,0.373027291001396,2,0,0,0,0,0,0,stable_by_swing_prototype_thresholds,0,0,0,0,0,1.5,simulink_swing_prototype,0.06555275284510031,38,low_frequency,pio_gcn_top100
dyn_case_0009,1,1,49.4460108421774,50.7706173254535,179.92509236616,351.401955241992,179.92509236616,151.407297833506,49.9999999999999,50,-1.4210854715202e-15,0,0,-3.57458170807342e-18,-3.57458170807342e-18,3125.90775291889,3125.90775291889,0,3125.90775291889,3125.90775291889,-1.17961196366423e-16,-1.17961196366423e-16,rebalance_to_current_pe,0.370502955295736,2,0,0,0,0,0,0,stable_by_swing_prototype_thresholds,0,0,0,0,0,1.5,simulink_swing_prototype,0.053989157822599054,39,low_frequency,pio_gcn_top100
dyn_case_0028,1,1,49.4460108421774,50.7706173254535,179.92509236616,351.56051256864,179.92509236616,151.104754717992,50.0,50,3.5527136788005e-15,0,0,-3.57458170807342e-18,-3.57458170807342e-18,3125.90775291889,3125.90775291889,0,3125.90775291889,3125.90775291889,-1.17961196366423e-16,-1.17961196366423e-16,rebalance_to_current_pe,0.370607060814551,2,0,0,0,0,0,0,stable_by_swing_prototype_thresholds,0,0,0,0,0,1.5,simulink_swing_prototype,0.053989157822599054,40,low_frequency,pio_gcn_top100
dyn_case_0029,1,1,49.4460108421774,50.7706173254535,179.92509236616,351.891206239406,179.92509236616,152.98092049282,49.9999999999999,50,-2.8421709430404e-15,0,0,-3.57458170807342e-18,-3.57458170807342e-18,3125.90775291889,3125.90775291889,0,3125.90775291889,3125.90775291889,-1.17961196366423e-16,-1.17961196366423e-16,rebalance_to_current_pe,0.370828535615443,2,0,0,0,0,0,0,stable_by_swing_prototype_thresholds,0,0,0,0,0,1.5,simulink_swing_prototype,0.053989157822599054,41,low_frequency,pio_gcn_top100
dyn_case_0063,1,1,49.4460108421774,50.7706173254535,179.92509236616,350.790739193828,179.92509236616,141.342160557027,49.9999999999999,50,1.4210854715202e-15,0,0,-3.57458170807342e-18,-3.57458170807342e-18,3125.90775291889,3125.90775291889,0,3125.90775291889,3125.90775291889,-1.17961196366423e-16,-1.17961196366423e-16,rebalance_to_current_pe,0.370222832131086,2,0,0,0,0,0,0,stable_by_swing_prototype_thresholds,0,0,0,0,0,1.5,simulink_swing_prototype,0.053989157822599054,42,low_frequency,pio_gcn_top100
dyn_case_0094,1,1,49.4460108421774,50.7706173254535,179.930860640948,351.549114292088,179.930860640948,162.093594471357,50.0,50,7.105427357601e-16,0,0,-3.57458170807342e-18,-3.57458170807342e-18,3125.90775291889,3125.90775291889,0,3125.90775291889,3125.90775291889,-1.17961196366423e-16,-1.17961196366423e-16,rebalance_to_current_pe,0.370592825308509,2,0,0,0,0,0,0,stable_by_swing_prototype_thresholds,0,0,0,0,0,1.5,simulink_swing_prototype,0.053989157822599054,43,low_frequency,pio_gcn_top100
dyn_case_0012,1,1,49.4612869654147,50.761440364412,179.543510633865,279.639645301827,179.543510633865,130.763735898614,49.9999999999999,50,0.0,0,0,-3.57458170807342e-18,-3.57458170807342e-18,3125.90775291889,3125.90775291889,0,3125.90775291889,3125.90775291889,-1.17961196366423e-16,-1.17961196366423e-16,rebalance_to_current_pe,0.377150957477115,2,0,0,0,0,0,0,stable_by_swing_prototype_thresholds,0,0,0,0,0,1.5,simulink_swing_prototype,0.03871303458529951,44,low_frequency,pio_gcn_top100
dyn_case_0013,1,1,49.4612869654147,50.761440364412,179.53785566653,278.676393686732,179.53785566653,130.020882644629,50.0,50,2.1316282072803e-15,0,0,-3.57458170807342e-18,-3.57458170807342e-18,3125.90775291889,3125.90775291889,0,3125.90775291889,3125.90775291889,-1.17961196366423e-16,-1.17961196366423e-16,rebalance_to_current_pe,0.376019217562923,2,0,0,0,0,0,0,stable_by_swing_prototype_thresholds,0,0,0,0,0,1.5,simulink_swing_prototype,0.03871303458529951,45,low_frequency,pio_gcn_top100
dyn_case_0014,1,1,49.4612869654147,50.761440364412,179.543510633865,279.639645301827,179.543510633865,130.763735898614,49.9999999999999,50,0.0,0,0,-3.57458170807342e-18,-3.57458170807342e-18,3125.90775291889,3125.90775291889,0,3125.90775291889,3125.90775291889,-1.17961196366423e-16,-1.17961196366423e-16,rebalance_to_current_pe,0.377150957477115,2,0,0,0,0,0,0,stable_by_swing_prototype_thresholds,0,0,0,0,0,1.5,simulink_swing_prototype,0.03871303458529951,46,low_frequency,pio_gcn_top100
dyn_case_0021,1,1,49.4612869654147,50.761440364412,179.661051419797,292.362944322907,179.661051419797,130.924803254095,49.9999999999999,50,7.105427357601e-16,0,0,-3.57458170807342e-18,-3.57458170807342e-18,3125.90775291889,3125.90775291889,0,3125.90775291889,3125.90775291889,-1.17961196366423e-16,-1.17961196366423e-16,rebalance_to_current_pe,0.378022963534523,2,0,0,0,0,0,0,stable_by_swing_prototype_thresholds,0,0,0,0,0,1.5,simulink_swing_prototype,0.03871303458529951,47,low_frequency,pio_gcn_top100
dyn_case_0091,1,1,49.4612869654147,50.761440364412,179.543382952711,279.652173495367,179.543382952711,136.483281131291,49.9999999999999,50,-2.1316282072803e-15,0,0,-3.57458170807342e-18,-3.57458170807342e-18,3125.90775291889,3125.90775291889,0,3125.90775291889,3125.90775291889,-1.17961196366423e-16,-1.17961196366423e-16,rebalance_to_current_pe,0.377307456067321,2,0,0,0,0,0,0,stable_by_swing_prototype_thresholds,0,0,0,0,0,1.5,simulink_swing_prototype,0.03871303458529951,48,low_frequency,pio_gcn_top100
dyn_case_0082,1,1,49.4655667748224,50.7552689837975,179.428978094486,284.061736622413,179.428978094486,135.251469579602,50.0000000000001,50,1.4210854715202e-15,0,0,-3.57458170807342e-18,-3.57458170807342e-18,3125.90775291889,3125.90775291889,0,3125.90775291889,3125.90775291889,-1.17961196366423e-16,-1.17961196366423e-16,rebalance_to_current_pe,0.377277900848307,2,0,0,0,0,0,0,stable_by_swing_prototype_thresholds,0,0,0,0,0,1.5,simulink_swing_prototype,0.034433225177600946,49,low_frequency,pio_gcn_top100
dyn_case_0002,1,1,49.4737941416324,50.7734886017688,179.965554463591,348.897413922778,179.965554463591,178.718368953952,50.0,50,2.1316282072803e-15,0,0,-3.57458170807342e-18,-3.57458170807342e-18,3125.90775291889,3125.90775291889,0,3125.90775291889,3125.90775291889,-1.17961196366423e-16,-1.17961196366423e-16,rebalance_to_current_pe,0.375154238613855,2,0,0,0,0,0,0,stable_by_swing_prototype_thresholds,0,0,0,0,0,1.5,simulink_swing_prototype,0.02620585836759659,50,low_frequency,pio_gcn_top100
dyn_case_0049,1,1,49.4769645670366,50.7553727347983,179.742769954014,298.081625523948,179.742769954014,131.557558925381,49.9999999999997,50,2.1316282072803e-15,0,0,-3.57458170807342e-18,-3.57458170807342e-18,3125.90775291889,3125.90775291889,0,3125.90775291889,3125.90775291889,-1.17961196366423e-16,-1.17961196366423e-16,rebalance_to_current_pe,0.375390908005156,2,0,0,0,0,0,0,stable_by_swing_prototype_thresholds,0,0,0,0,0,1.5,simulink_swing_prototype,0.02303543296339683,51,low_frequency,pio_gcn_top100
dyn_case_0067,1,1,49.4775091208073,50.7734886017688,179.994071603011,344.734945127795,179.994071603011,174.533251181201,50.0,50,-1.4210854715202e-15,0,0,-3.57458170807342e-18,-3.57458170807342e-18,3125.90775291889,3125.90775291889,0,3125.90775291889,3125.90775291889,-1.17961196366423e-16,-1.17961196366423e-16,rebalance_to_current_pe,0.375154238613855,2,0,0,0,0,0,0,stable_by_swing_prototype_thresholds,0,0,0,0,0,1.5,simulink_swing_prototype,0.022490879192702096,52,low_frequency,pio_gcn_top100
dyn_case_0035,1,1,49.4776506614557,50.7734886017688,179.991785706884,341.754953004319,179.991785706884,177.70024383775,50.0000000000001,50,7.105427357601e-16,0,0,-3.57458170807342e-18,-3.57458170807342e-18,3125.90775291889,3125.90775291889,0,3125.90775291889,3125.90775291889,-1.17961196366423e-16,-1.17961196366423e-16,rebalance_to_current_pe,0.375154238613855,2,0,0,0,0,0,0,stable_by_swing_prototype_thresholds,0,0,0,0,0,1.5,simulink_swing_prototype,0.0223493385443021,53,low_frequency,pio_gcn_top100
dyn_case_0015,1,1,49.4777126727732,50.7578804712801,179.986432502118,339.971148005296,179.986432502118,131.866195966269,50.0000000000002,50,1.4210854715202e-15,0,0,-3.57458170807342e-18,-3.57458170807342e-18,3125.90775291889,3125.90775291889,0,3125.90775291889,3125.90775291889,-1.17961196366423e-16,-1.17961196366423e-16,rebalance_to_current_pe,0.376612549856028,2,0,0,0,0,0,0,stable_by_swing_prototype_thresholds,0,0,0,0,0,1.5,simulink_swing_prototype,0.022287327226798936,54,low_frequency,pio_gcn_top100
dyn_case_0022,1,1,49.4777126727732,50.7578804712801,179.986432502118,340.015480445632,179.986432502118,128.65919183962,50.0000000000002,50,-2.8421709430404e-15,0,0,-3.57458170807342e-18,-3.57458170807342e-18,3125.90775291889,3125.90775291889,0,3125.90775291889,3125.90775291889,-1.17961196366423e-16,-1.17961196366423e-16,rebalance_to_current_pe,0.376799966556552,2,0,0,0,0,0,0,stable_by_swing_prototype_thresholds,0,0,0,0,0,1.5,simulink_swing_prototype,0.022287327226798936,55,low_frequency,pio_gcn_top100
dyn_case_0026,1,1,49.4777126727732,50.7578804712801,179.989444995287,340.015956552219,179.989444995287,126.57262194725,50.0,50,1.4210854715202e-15,0,0,-3.57458170807342e-18,-3.57458170807342e-18,3125.90775291889,3125.90775291889,0,3125.90775291889,3125.90775291889,-1.17961196366423e-16,-1.17961196366423e-16,rebalance_to_current_pe,0.376778323036088,2,0,0,0,0,0,0,stable_by_swing_prototype_thresholds,0,0,0,0,0,1.5,simulink_swing_prototype,0.022287327226798936,56,low_frequency,pio_gcn_top100
dyn_case_0033,1,1,49.4777126727732,50.7578804712801,179.986432502118,340.015479252623,179.986432502118,128.569853630237,50.0000000000002,50,1.4210854715202e-15,0,0,-3.57458170807342e-18,-3.57458170807342e-18,3125.90775291889,3125.90775291889,0,3125.90775291889,3125.90775291889,-1.17961196366423e-16,-1.17961196366423e-16,rebalance_to_current_pe,0.376800055200372,2,0,0,0,0,0,0,stable_by_swing_prototype_thresholds,0,0,0,0,0,1.5,simulink_swing_prototype,0.022287327226798936,57,low_frequency,pio_gcn_top100
dyn_case_0039,1,1,49.4841153646291,50.7734886017688,179.936298640071,337.820801797777,179.936298640071,172.094443182242,50.0000000000002,50,7.105427357601e-16,0,0,-3.57458170807342e-18,-3.57458170807342e-18,3125.90775291889,3125.90775291889,0,3125.90775291889,3125.90775291889,-1.17961196366423e-16,-1.17961196366423e-16,rebalance_to_current_pe,0.375154238613855,2,0,0,0,0,0,0,stable_by_swing_prototype_thresholds,0,0,0,0,0,1.5,simulink_swing_prototype,0.015884635370902345,58,low_frequency,pio_gcn_top100
dyn_case_0061,1,1,49.4863054525115,50.7553727347983,179.731661716962,298.081625523948,179.731661716962,125.720365864933,50.0000000000001,50,-1.4210854715202e-15,0,0,-3.57458170807342e-18,-3.57458170807342e-18,3125.90775291889,3125.90775291889,0,3125.90775291889,3125.90775291889,-1.17961196366423e-16,-1.17961196366423e-16,rebalance_to_current_pe,0.375390908005156,2,0,0,0,0,0,0,stable_by_swing_prototype_thresholds,0,0,0,0,0,1.5,simulink_swing_prototype,0.013694547488498188,59,low_frequency,pio_gcn_top100
dyn_case_0070,1,1,49.4881924895831,50.7624310350355,179.996754968439,335.392816763187,179.996754968439,162.828188016397,50.0,50,-2.1316282072803e-15,0,0,-3.57458170807342e-18,-3.57458170807342e-18,3125.90775291889,3125.90775291889,0,3125.90775291889,3125.90775291889,-1.17961196366423e-16,-1.17961196366423e-16,rebalance_to_current_pe,0.377063604764329,2,0,0,0,0,0,0,stable_by_swing_prototype_thresholds,0,0,0,0,0,1.5,simulink_swing_prototype,0.011807510416900868,60,low_frequency,pio_gcn_top100
dyn_case_0006,1,1,49.4882047874451,50.7734886017688,179.988565974581,342.057216461306,179.988565974581,175.460303249027,50.0000000000001,50,-2.1316282072803e-15,0,0,-3.57458170807342e-18,-3.57458170807342e-18,3125.90775291889,3125.90775291889,0,3125.90775291889,3125.90775291889,-1.17961196366423e-16,-1.17961196366423e-16,rebalance_to_current_pe,0.375154238613855,2,0,0,0,0,0,0,stable_by_swing_prototype_thresholds,0,0,0,0,0,1.5,simulink_swing_prototype,0.011795212554901013,61,low_frequency,pio_gcn_top100
dyn_case_0038,1,1,49.4882047874451,50.7734886017688,179.988565974581,342.057216461306,179.988565974581,175.460303249027,50.0000000000001,50,-2.1316282072803e-15,0,0,-3.57458170807342e-18,-3.57458170807342e-18,3125.90775291889,3125.90775291889,0,3125.90775291889,3125.90775291889,-1.17961196366423e-16,-1.17961196366423e-16,rebalance_to_current_pe,0.375154238613855,2,0,0,0,0,0,0,stable_by_swing_prototype_thresholds,0,0,0,0,0,1.5,simulink_swing_prototype,0.011795212554901013,62,low_frequency,pio_gcn_top100
dyn_case_0011,1,1,49.4883559693413,50.7734886017688,179.993602407756,333.616490923513,179.993602407756,174.836506149684,49.9999999999999,50,7.105427357601e-16,0,0,-3.57458170807342e-18,-3.57458170807342e-18,3125.90775291889,3125.90775291889,0,3125.90775291889,3125.90775291889,-1.17961196366423e-16,-1.17961196366423e-16,rebalance_to_current_pe,0.375154238613855,2,0,0,0,0,0,0,stable_by_swing_prototype_thresholds,0,0,0,0,0,1.5,simulink_swing_prototype,0.011644030658700899,63,low_frequency,pio_gcn_top100
dyn_case_0024,1,1,49.4883559693413,50.7734886017688,179.993602407756,333.616490923514,179.993602407756,174.836506149685,49.9999999999999,50,1.4210854715202e-15,0,0,-3.57458170807342e-18,-3.57458170807342e-18,3125.90775291889,3125.90775291889,0,3125.90775291889,3125.90775291889,-1.17961196366423e-16,-1.17961196366423e-16,rebalance_to_current_pe,0.375154238613855,2,0,0,0,0,0,0,stable_by_swing_prototype_thresholds,0,0,0,0,0,1.5,simulink_swing_prototype,0.011644030658700899,64,low_frequency,pio_gcn_top100
dyn_case_0057,1,1,49.4892577331897,50.7734886017688,179.991818770603,339.222962450174,179.991818770603,179.990943669583,50.0,50,0.0,0,0,-3.57458170807342e-18,-3.57458170807342e-18,3125.90775291889,3125.90775291889,0,3125.90775291889,3125.90775291889,-1.17961196366423e-16,-1.17961196366423e-16,rebalance_to_current_pe,0.375154238613855,2,0,0,0,0,0,0,stable_by_swing_prototype_thresholds,0,0,0,0,0,1.5,simulink_swing_prototype,0.010742266810296996,65,low_frequency,pio_gcn_top100
dyn_case_0080,1,1,49.490691187721,50.7602484833518,179.968357028352,362.079391425295,179.968357028352,140.250746820776,50.0000000000001,50,-7.105427357601e-16,0,0,-3.57458170807342e-18,-3.57458170807342e-18,3125.90775291889,3125.90775291889,0,3125.90775291889,3125.90775291889,-1.17961196366423e-16,-1.17961196366423e-16,rebalance_to_current_pe,0.377800595224144,2,0,0,0,0,0,0,stable_by_swing_prototype_thresholds,0,0,0,0,0,1.5,simulink_swing_prototype,0.009308812279002154,66,low_frequency,pio_gcn_top100
dyn_case_0086,1,1,49.4914387897485,50.7734886017688,179.974491559412,353.90556915082,179.974491559412,166.143556001781,49.9999999999999,50,1.4210854715202e-15,0,0,-3.57458170807342e-18,-3.57458170807342e-18,3125.90775291889,3125.90775291889,0,3125.90775291889,3125.90775291889,-1.17961196366423e-16,-1.17961196366423e-16,rebalance_to_current_pe,0.375154238613855,2,0,0,0,0,0,0,stable_by_swing_prototype_thresholds,0,0,0,0,0,1.5,simulink_swing_prototype,0.008561210251500029,67,low_frequency,pio_gcn_top100
dyn_case_0025,1,1,49.4917154771697,50.7624310350355,179.917314989099,337.219565430074,179.917314989099,165.001365726012,50.0000000000001,50,-1.4210854715202e-15,0,0,-3.57458170807342e-18,-3.57458170807342e-18,3125.90775291889,3125.90775291889,0,3125.90775291889,3125.90775291889,-1.17961196366423e-16,-1.17961196366423e-16,rebalance_to_current_pe,0.377063604764329,2,0,0,0,0,0,0,stable_by_swing_prototype_thresholds,0,0,0,0,0,1.5,simulink_swing_prototype,0.008284522830301455,68,low_frequency,pio_gcn_top100
dyn_case_0074,1,1,49.4948083716017,50.763883128037,179.943389780535,358.718921622712,179.943389780535,170.807817273295,50.0,50,0.0,0,0,-3.57458170807342e-18,-3.57458170807342e-18,3125.90775291889,3125.90775291889,0,3125.90775291889,3125.90775291889,-1.17961196366423e-16,-1.17961196366423e-16,rebalance_to_current_pe,0.377134038424858,2,0,0,0,0,0,0,stable_by_swing_prototype_thresholds,0,0,0,0,0,1.5,simulink_swing_prototype,0.005191628398300452,69,low_frequency,pio_gcn_top100
dyn_case_0054,1,1,49.4958343411397,50.763883128037,179.995078502064,358.718921622712,179.995078502064,172.487596632326,50.0000000000001,50,2.8421709430404e-15,0,0,-3.57458170807342e-18,-3.57458170807342e-18,3125.90775291889,3125.90775291889,0,3125.90775291889,3125.90775291889,-1.17961196366423e-16,-1.17961196366423e-16,rebalance_to_current_pe,0.377134038424858,2,0,0,0,0,0,0,stable_by_swing_prototype_thresholds,0,0,0,0,0,1.5,simulink_swing_prototype,0.004165658860301846,70,low_frequency,pio_gcn_top100
dyn_case_0077,1,1,49.4958374572696,50.763883128037,179.993534659416,358.718921622712,179.993534659416,179.825569228817,50.0000000000001,50,-2.8421709430404e-15,0,0,-3.57458170807342e-18,-3.57458170807342e-18,3125.90775291889,3125.90775291889,0,3125.90775291889,3125.90775291889,-1.17961196366423e-16,-1.17961196366423e-16,rebalance_to_current_pe,0.377134038424858,2,0,0,0,0,0,0,stable_by_swing_prototype_thresholds,0,0,0,0,0,1.5,simulink_swing_prototype,0.0041625427303984,71,low_frequency,pio_gcn_top100
dyn_case_0018,1,1,49.4958375799025,50.763883128037,179.949265172563,358.718921622712,179.949265172563,174.035639022706,50.0,50,-1.4210854715202e-15,0,0,-3.57458170807342e-18,-3.57458170807342e-18,3125.90775291889,3125.90775291889,0,3125.90775291889,3125.90775291889,-1.17961196366423e-16,-1.17961196366423e-16,rebalance_to_current_pe,0.377134038424858,2,0,0,0,0,0,0,stable_by_swing_prototype_thresholds,0,0,0,0,0,1.5,simulink_swing_prototype,0.004162420097500785,72,low_frequency,pio_gcn_top100
dyn_case_0050,1,1,49.4986191229084,50.7089577768583,179.915759709812,274.211301928569,179.915759709812,134.72948538167,50.0000000000002,50,-7.105427357601e-16,0,0,-3.57458170807342e-18,-3.57458170807342e-18,3125.90775291889,3125.90775291889,0,3125.90775291889,3125.90775291889,-1.17961196366423e-16,-1.17961196366423e-16,rebalance_to_current_pe,0.36796258176024,2,0,0,0,0,0,0,stable_by_swing_prototype_thresholds,0,0,0,0,0,1.5,simulink_swing_prototype,0.0013808770915986202,73,low_frequency,pio_gcn_top100
dyn_case_0100,1,1,49.4986191229084,50.7089577768583,179.915759709812,274.264134655081,179.915759709812,139.184837035131,50.0000000000002,50,1.4210854715202e-15,0,0,-3.57458170807342e-18,-3.57458170807342e-18,3125.90775291889,3125.90775291889,0,3125.90775291889,3125.90775291889,-1.17961196366423e-16,-1.17961196366423e-16,rebalance_to_current_pe,0.377484188467121,2,0,0,0,0,0,0,stable_by_swing_prototype_thresholds,0,0,0,0,0,1.5,simulink_swing_prototype,0.0013808770915986202,74,low_frequency,pio_gcn_top100
dyn_case_0037,1,1,49.4991629004606,50.7271406036573,179.986063467921,286.634217143917,179.986063467921,122.982628395708,50.0,50,-7.105427357601e-16,0,0,-3.57458170807342e-18,-3.57458170807342e-18,3125.90775291889,3125.90775291889,0,3125.90775291889,3125.90775291889,-1.17961196366423e-16,-1.17961196366423e-16,rebalance_to_current_pe,0.377216212266687,2,0,0,0,0,0,0,stable_by_swing_prototype_thresholds,0,0,0,0,0,1.5,simulink_swing_prototype,0.0008370995394031411,75,low_frequency,pio_gcn_top100
dyn_case_0044,1,1,49.4991629004606,50.7271406036573,179.986063467921,286.336180029075,179.986063467921,131.459478083081,49.9999999999999,50,7.105427357601e-16,0,0,-3.57458170807342e-18,-3.57458170807342e-18,3125.90775291889,3125.90775291889,0,3125.90775291889,3125.90775291889,-1.17961196366423e-16,-1.17961196366423e-16,rebalance_to_current_pe,0.377291662077325,2,0,0,0,0,0,0,stable_by_swing_prototype_thresholds,0,0,0,0,0,1.5,simulink_swing_prototype,0.0008370995394031411,76,low_frequency,pio_gcn_top100
dyn_case_0089,1,1,49.4991629004606,50.7271406036573,179.986063467921,286.32371970768,179.986063467921,129.919813599282,50.0000000000001,50,-2.1316282072803e-15,0,0,-3.57458170807342e-18,-3.57458170807342e-18,3125.90775291889,3125.90775291889,0,3125.90775291889,3125.90775291889,-1.17961196366423e-16,-1.17961196366423e-16,rebalance_to_current_pe,0.377211578948922,2,0,0,0,0,0,0,stable_by_swing_prototype_thresholds,0,0,0,0,0,1.5,simulink_swing_prototype,0.0008370995394031411,77,low_frequency,pio_gcn_top100
dyn_case_0090,1,1,49.4991629004606,50.7271406036573,179.986063467921,283.747374964822,179.986063467921,132.606916927174,50.0000000000001,50,-1.4210854715202e-15,0,0,-3.57458170807342e-18,-3.57458170807342e-18,3125.90775291889,3125.90775291889,0,3125.90775291889,3125.90775291889,-1.17961196366423e-16,-1.17961196366423e-16,rebalance_to_current_pe,0.375353946433385,2,0,0,0,0,0,0,stable_by_swing_prototype_thresholds,0,0,0,0,0,1.5,simulink_swing_prototype,0.0008370995394031411,78,low_frequency,pio_gcn_top100
dyn_case_0098,1,1,49.4991629004606,50.7271406036573,179.986063467921,286.264976993677,179.986063467921,130.29469531385,50.0000000000001,50,0.0,0,0,-3.57458170807342e-18,-3.57458170807342e-18,3125.90775291889,3125.90775291889,0,3125.90775291889,3125.90775291889,-1.17961196366423e-16,-1.17961196366423e-16,rebalance_to_current_pe,0.377193090954423,2,0,0,0,0,0,0,stable_by_swing_prototype_thresholds,0,0,0,0,0,1.5,simulink_swing_prototype,0.0008370995394031411,79,low_frequency,pio_gcn_top100
dyn_case_0001,1,1,49.5292027665035,50.669593479234,179.984599854423,321.045167934579,179.984599854423,124.684560201867,50.0000000000001,50,-2.1316282072803e-15,0,0,-3.57458170807342e-18,-3.57458170807342e-18,3125.90775291889,3125.90775291889,0,3125.90775291889,3125.90775291889,-1.17961196366423e-16,-1.17961196366423e-16,rebalance_to_current_pe,0.374054493601546,2,0,0,0,0,0,0,stable_by_swing_prototype_thresholds,0,0,0,0,0,1.5,simulink_swing_prototype,0.0,80,low_stress,pio_gcn_top100
dyn_case_0010,1,1,49.5121343013951,50.7551858323355,179.942328186821,340.333421830303,179.942328186821,167.527582004016,50.0000000000001,50,7.105427357601e-16,0,0,-3.57458170807342e-18,-3.57458170807342e-18,3125.90775291889,3125.90775291889,0,3125.90775291889,3125.90775291889,-1.17961196366423e-16,-1.17961196366423e-16,rebalance_to_current_pe,0.377740742176252,2,0,0,0,0,0,0,stable_by_swing_prototype_thresholds,0,0,0,0,0,1.5,simulink_swing_prototype,0.0,81,low_stress,pio_gcn_top100
dyn_case_0017,1,1,49.5060952646181,50.7527764910968,179.740850551302,356.377313170086,179.740850551302,135.701360926448,50.0,50,1.4210854715202e-15,0,0,-3.57458170807342e-18,-3.57458170807342e-18,3125.90775291889,3125.90775291889,0,3125.90775291889,3125.90775291889,-1.17961196366423e-16,-1.17961196366423e-16,rebalance_to_current_pe,0.374783324148521,2,0,0,0,0,0,0,stable_by_swing_prototype_thresholds,0,0,0,0,0,1.5,simulink_swing_prototype,0.0,82,low_stress,pio_gcn_top100
dyn_case_0019,1,1,49.5060952646181,50.7527764910968,179.931979811608,356.377313170086,179.931979811608,150.754177665299,50.0,50,0.0,0,0,-3.57458170807342e-18,-3.57458170807342e-18,3125.90775291889,3125.90775291889,0,3125.90775291889,3125.90775291889,-1.17961196366423e-16,-1.17961196366423e-16,rebalance_to_current_pe,0.374783324148521,2,0,0,0,0,0,0,stable_by_swing_prototype_thresholds,0,0,0,0,0,1.5,simulink_swing_prototype,0.0,83,low_stress,pio_gcn_top100
dyn_case_0020,1,1,49.5089434583164,50.7687893739394,179.990351247892,320.927045996845,179.990351247892,168.851373985374,49.9999999999999,50,7.105427357601e-16,0,0,-3.57458170807342e-18,-3.57458170807342e-18,3125.90775291889,3125.90775291889,0,3125.90775291889,3125.90775291889,-1.17961196366423e-16,-1.17961196366423e-16,rebalance_to_current_pe,0.374519094690962,2,0,0,0,0,0,0,stable_by_swing_prototype_thresholds,0,0,0,0,0,1.5,simulink_swing_prototype,0.0,84,low_stress,pio_gcn_top100
dyn_case_0030,1,1,49.5260396401309,50.669593479234,179.984599854423,323.757625804817,179.984599854423,131.057418578704,50.0000000000001,50,1.4210854715202e-15,0,0,-3.57458170807342e-18,-3.57458170807342e-18,3125.90775291889,3125.90775291889,0,3125.90775291889,3125.90775291889,-1.17961196366423e-16,-1.17961196366423e-16,rebalance_to_current_pe,0.372518842262785,2,0,0,0,0,0,0,stable_by_swing_prototype_thresholds,0,0,0,0,0,1.5,simulink_swing_prototype,0.0,85,low_stress,pio_gcn_top100
dyn_case_0032,1,1,49.5056152120633,50.7578070857578,179.946599404334,341.566011204094,179.946599404334,133.007546341199,49.9999999999999,50,-1.4210854715202e-15,0,0,-3.57458170807342e-18,-3.57458170807342e-18,3125.90775291889,3125.90775291889,0,3125.90775291889,3125.90775291889,-1.17961196366423e-16,-1.17961196366423e-16,rebalance_to_current_pe,0.374456453617164,2,0,0,0,0,0,0,stable_by_swing_prototype_thresholds,0,0,0,0,0,1.5,simulink_swing_prototype,0.0,86,low_stress,pio_gcn_top100
dyn_case_0036,1,1,49.5060952646181,50.7527764910968,179.740850551302,356.377313170086,179.740850551302,133.21928007837,50.0000000000001,50,7.105427357601e-16,0,0,-3.57458170807342e-18,-3.57458170807342e-18,3125.90775291889,3125.90775291889,0,3125.90775291889,3125.90775291889,-1.17961196366423e-16,-1.17961196366423e-16,rebalance_to_current_pe,0.374783324148521,2,0,0,0,0,0,0,stable_by_swing_prototype_thresholds,0,0,0,0,0,1.5,simulink_swing_prototype,0.0,87,low_stress,pio_gcn_top100
dyn_case_0040,1,1,49.508942904383,50.7687893739394,179.990435400054,320.927045996845,179.990435400054,148.031596773619,50.0,50,1.4210854715202e-15,0,0,-3.57458170807342e-18,-3.57458170807342e-18,3125.90775291889,3125.90775291889,0,3125.90775291889,3125.90775291889,-1.17961196366423e-16,-1.17961196366423e-16,rebalance_to_current_pe,0.374519094690962,2,0,0,0,0,0,0,stable_by_swing_prototype_thresholds,0,0,0,0,0,1.5,simulink_swing_prototype,0.0,88,low_stress,pio_gcn_top100
dyn_case_0046,1,1,49.533887339082,50.7553727347983,179.89187585473,298.081625523949,179.89187585473,124.043465722334,49.9999999999999,50,2.1316282072803e-15,0,0,-3.57458170807342e-18,-3.57458170807342e-18,3125.90775291889,3125.90775291889,0,3125.90775291889,3125.90775291889,-1.17961196366423e-16,-1.17961196366423e-16,rebalance_to_current_pe,0.375390908005155,2,0,0,0,0,0,0,stable_by_swing_prototype_thresholds,0,0,0,0,0,1.5,simulink_swing_prototype,0.0,89,low_stress,pio_gcn_top100
dyn_case_0048,1,1,49.5084008131738,50.7687893739394,179.988157464503,320.927045996845,179.988157464503,163.329566173815,49.9999999999998,50,2.1316282072803e-15,0,0,-3.57458170807342e-18,-3.57458170807342e-18,3125.90775291889,3125.90775291889,0,3125.90775291889,3125.90775291889,-1.17961196366423e-16,-1.17961196366423e-16,rebalance_to_current_pe,0.374519094690962,2,0,0,0,0,0,0,stable_by_swing_prototype_thresholds,0,0,0,0,0,1.5,simulink_swing_prototype,0.0,90,low_stress,pio_gcn_top100
dyn_case_0055,1,1,49.5056152120633,50.7578070857578,179.946599404334,341.566011204094,179.946599404334,137.925543800508,50.0000000000001,50,7.105427357601e-16,0,0,-3.57458170807342e-18,-3.57458170807342e-18,3125.90775291889,3125.90775291889,0,3125.90775291889,3125.90775291889,-1.17961196366423e-16,-1.17961196366423e-16,rebalance_to_current_pe,0.374456453617164,2,0,0,0,0,0,0,stable_by_swing_prototype_thresholds,0,0,0,0,0,1.5,simulink_swing_prototype,0.0,91,low_stress,pio_gcn_top100
dyn_case_0069,1,1,49.536121645552,50.669593479234,179.995260550784,320.058378657855,179.995260550784,127.659543812095,50.0000000000001,50,2.1316282072803e-15,0,0,-3.57458170807342e-18,-3.57458170807342e-18,3125.90775291889,3125.90775291889,0,3125.90775291889,3125.90775291889,-1.17961196366423e-16,-1.17961196366423e-16,rebalance_to_current_pe,0.377559688107261,2,0,0,0,0,0,0,stable_by_swing_prototype_thresholds,0,0,0,0,0,1.5,simulink_swing_prototype,0.0,92,low_stress,pio_gcn_top100
dyn_case_0071,1,1,49.528435456646,50.7568659154796,179.695139715901,304.437690611506,179.695139715901,117.9788693073,49.9999999999999,50,1.4210854715202e-15,0,0,-3.57458170807342e-18,-3.57458170807342e-18,3125.90775291889,3125.90775291889,0,3125.90775291889,3125.90775291889,-1.17961196366423e-16,-1.17961196366423e-16,rebalance_to_current_pe,0.37738333783176,2,0,0,0,0,0,0,stable_by_swing_prototype_thresholds,0,0,0,0,0,1.5,simulink_swing_prototype,0.0,93,low_stress,pio_gcn_top100
dyn_case_0073,1,1,49.5195338506493,50.763883128037,179.910349243001,390.089971969032,179.910349243001,169.358726963709,49.9999999999999,50,-2.8421709430404e-15,0,0,-3.57458170807342e-18,-3.57458170807342e-18,3125.90775291889,3125.90775291889,0,3125.90775291889,3125.90775291889,-1.17961196366423e-16,-1.17961196366423e-16,rebalance_to_current_pe,0.377134038424858,2,0,0,0,0,0,0,stable_by_swing_prototype_thresholds,0,0,0,0,0,1.5,simulink_swing_prototype,0.0,94,low_stress,pio_gcn_top100
dyn_case_0075,1,1,49.528435456646,50.7568659154796,179.695139715901,304.437690611506,179.695139715901,123.35778962929,50.0,50,-7.105427357601e-16,0,0,-3.57458170807342e-18,-3.57458170807342e-18,3125.90775291889,3125.90775291889,0,3125.90775291889,3125.90775291889,-1.17961196366423e-16,-1.17961196366423e-16,rebalance_to_current_pe,0.37738333783176,2,0,0,0,0,0,0,stable_by_swing_prototype_thresholds,0,0,0,0,0,1.5,simulink_swing_prototype,0.0,95,low_stress,pio_gcn_top100
dyn_case_0076,1,1,49.5114413369595,50.7551858323355,179.762027167549,324.698885157435,179.762027167549,159.123055574446,49.9999999999999,50,0.0,0,0,-3.57458170807342e-18,-3.57458170807342e-18,3125.90775291889,3125.90775291889,0,3125.90775291889,3125.90775291889,-1.17961196366423e-16,-1.17961196366423e-16,rebalance_to_current_pe,0.377740742176252,2,0,0,0,0,0,0,stable_by_swing_prototype_thresholds,0,0,0,0,0,1.5,simulink_swing_prototype,0.0,96,low_stress,pio_gcn_top100
dyn_case_0079,1,1,49.5020266682617,50.7734886017688,179.998109595149,334.166264326976,179.998109595149,177.726997493926,50.0,50,7.105427357601e-16,0,0,-3.57458170807342e-18,-3.57458170807342e-18,3125.90775291889,3125.90775291889,0,3125.90775291889,3125.90775291889,-1.17961196366423e-16,-1.17961196366423e-16,rebalance_to_current_pe,0.375154238613855,2,0,0,0,0,0,0,stable_by_swing_prototype_thresholds,0,0,0,0,0,1.5,simulink_swing_prototype,0.0,97,low_stress,pio_gcn_top100
dyn_case_0083,1,1,49.5099710088119,50.7711059039651,179.967732173717,319.542975317549,179.967732173717,174.53727051903,50.0000000000001,50,-7.105427357601e-16,0,0,-3.57458170807342e-18,-3.57458170807342e-18,3125.90775291889,3125.90775291889,0,3125.90775291889,3125.90775291889,-1.17961196366423e-16,-1.17961196366423e-16,rebalance_to_current_pe,0.377091003445846,2,0,0,0,0,0,0,stable_by_swing_prototype_thresholds,0,0,0,0,0,1.5,simulink_swing_prototype,0.0,98,low_stress,pio_gcn_top100
dyn_case_0085,1,1,49.5056152120633,50.7578070857578,179.972734650564,341.566011204094,179.972734650564,138.587872425643,49.9999999999999,50,7.105427357601e-16,0,0,-3.57458170807342e-18,-3.57458170807342e-18,3125.90775291889,3125.90775291889,0,3125.90775291889,3125.90775291889,-1.17961196366423e-16,-1.17961196366423e-16,rebalance_to_current_pe,0.374456453617164,2,0,0,0,0,0,0,stable_by_swing_prototype_thresholds,0,0,0,0,0,1.5,simulink_swing_prototype,0.0,99,low_stress,pio_gcn_top100
dyn_case_0097,1,1,49.5087042833102,50.7551858323355,179.994657604758,352.835359528243,179.994657604758,173.87925730444,49.9999999999998,50,0.0,0,0,-3.57458170807342e-18,-3.57458170807342e-18,3125.90775291889,3125.90775291889,0,3125.90775291889,3125.90775291889,-1.17961196366423e-16,-1.17961196366423e-16,rebalance_to_current_pe,0.377740742176252,2,0,0,0,0,0,0,stable_by_swing_prototype_thresholds,0,0,0,0,0,1.5,simulink_swing_prototype,0.0,100,low_stress,pio_gcn_top100
dyn_case_0005,1,1,49.2297785881481,50.5689915035791,179.551188814583,321.623805046863,179.551188814583,137.018195571947,50.0,50,0.0,0,0,-3.57458170807342e-18,-3.57458170807342e-18,3125.90775291889,3125.90775291889,0,3125.90775291889,3125.90775291889,-1.17961196366423e-16,-1.17961196366423e-16,rebalance_to_current_pe,0.376229240768313,2,0,0,0,0,0,0,stable_by_swing_prototype_thresholds,0,0,0,0,0,1.5,simulink_swing_prototype,0.2702214118518995,1,low_frequency,pio_gcn_top50
dyn_case_0008,1,1,49.2297785881481,50.5689915035791,179.551188814583,321.623805046863,179.551188814583,139.399297257792,50.0000000000001,50,-1.4210854715202e-15,0,0,-3.57458170807342e-18,-3.57458170807342e-18,3125.90775291889,3125.90775291889,0,3125.90775291889,3125.90775291889,-1.17961196366423e-16,-1.17961196366423e-16,rebalance_to_current_pe,0.376229240768313,2,0,0,0,0,0,0,stable_by_swing_prototype_thresholds,0,0,0,0,0,1.5,simulink_swing_prototype,0.2702214118518995,2,low_frequency,pio_gcn_top50
dyn_case_0023,1,1,49.2297785881481,50.5689915035791,179.551188814583,321.623805046863,179.551188814583,140.941407331435,50.0,50,0.0,0,0,-3.57458170807342e-18,-3.57458170807342e-18,3125.90775291889,3125.90775291889,0,3125.90775291889,3125.90775291889,-1.17961196366423e-16,-1.17961196366423e-16,rebalance_to_current_pe,0.376229240768313,2,0,0,0,0,0,0,stable_by_swing_prototype_thresholds,0,0,0,0,0,1.5,simulink_swing_prototype,0.2702214118518995,3,low_frequency,pio_gcn_top50
dyn_case_0041,1,1,49.2297785881481,50.5689915035791,179.556101478523,321.623805046863,179.556101478523,146.720056781368,50.0000000000002,50,-7.105427357601e-16,0,0,-3.57458170807342e-18,-3.57458170807342e-18,3125.90775291889,3125.90775291889,0,3125.90775291889,3125.90775291889,-1.17961196366423e-16,-1.17961196366423e-16,rebalance_to_current_pe,0.376229240768313,2,0,0,0,0,0,0,stable_by_swing_prototype_thresholds,0,0,0,0,0,1.5,simulink_swing_prototype,0.2702214118518995,4,low_frequency,pio_gcn_top50
dyn_case_0031,1,1,49.243488151568,50.5468499976653,179.894247850444,272.641661094554,179.894247850444,133.239695736954,50.0,50,1.4210854715202e-15,0,0,-3.57458170807342e-18,-3.57458170807342e-18,3125.90775291889,3125.90775291889,0,3125.90775291889,3125.90775291889,-1.17961196366423e-16,-1.17961196366423e-16,rebalance_to_current_pe,0.132180407339069,2,0,0,0,0,0,0,stable_by_swing_prototype_thresholds,0,0,0,0,0,1.5,simulink_swing_prototype,0.25651184843199815,5,low_frequency,pio_gcn_top50
dyn_case_0043,1,1,49.2496900659452,50.5536568744365,179.914707179538,318.098560419222,179.914707179538,140.264699397375,49.9999999999999,50,0.0,0,0,-3.57458170807342e-18,-3.57458170807342e-18,3125.90775291889,3125.90775291889,0,3125.90775291889,3125.90775291889,-1.17961196366423e-16,-1.17961196366423e-16,rebalance_to_current_pe,0.37342071442968,2,0,0,0,0,0,0,stable_by_swing_prototype_thresholds,0,0,0,0,0,1.5,simulink_swing_prototype,0.2503099340547976,6,low_frequency,pio_gcn_top50
dyn_case_0004,1,1,49.2513182405425,50.5537214172497,179.747365895153,313.214902345824,179.747365895153,142.276157986019,50.0,50,0.0,0,0,-3.57458170807342e-18,-3.57458170807342e-18,3125.90775291889,3125.90775291889,0,3125.90775291889,3125.90775291889,-1.17961196366423e-16,-1.17961196366423e-16,rebalance_to_current_pe,0.37314948670341,2,0,0,0,0,0,0,stable_by_swing_prototype_thresholds,0,0,0,0,0,1.5,simulink_swing_prototype,0.24868175945749726,7,low_frequency,pio_gcn_top50
dyn_case_0007,1,1,49.2513182405425,50.5537306237191,179.747314925036,313.348656149836,179.747314925036,134.37036086546,49.9999999999998,50,2.1316282072803e-15,0,0,-3.57458170807342e-18,-3.57458170807342e-18,3125.90775291889,3125.90775291889,0,3125.90775291889,3125.90775291889,-1.17961196366423e-16,-1.17961196366423e-16,rebalance_to_current_pe,0.373126786596853,2,0,0,0,0,0,0,stable_by_swing_prototype_thresholds,0,0,0,0,0,1.5,simulink_swing_prototype,0.24868175945749726,8,low_frequency,pio_gcn_top50
dyn_case_0034,1,1,49.2513182405425,50.5539586988167,179.747107917645,312.711659474979,179.747107917645,132.303146791123,49.9999999999999,50,3.5527136788005e-15,0,0,-3.57458170807342e-18,-3.57458170807342e-18,3125.90775291889,3125.90775291889,0,3125.90775291889,3125.90775291889,-1.17961196366423e-16,-1.17961196366423e-16,rebalance_to_current_pe,0.37244441166466,2,0,0,0,0,0,0,stable_by_swing_prototype_thresholds,0,0,0,0,0,1.5,simulink_swing_prototype,0.24868175945749726,9,low_frequency,pio_gcn_top50
dyn_case_0003,1,1,49.2576228338125,50.5221618182414,179.654915833957,269.539953041017,179.654915833957,136.182551260619,50.0,50,0.0,0,0,-3.57458170807342e-18,-3.57458170807342e-18,3125.90775291889,3125.90775291889,0,3125.90775291889,3125.90775291889,-1.17961196366423e-16,-1.17961196366423e-16,rebalance_to_current_pe,0.130676656839907,2,0,0,0,0,0,0,stable_by_swing_prototype_thresholds,0,0,0,0,0,1.5,simulink_swing_prototype,0.24237716618750227,10,low_frequency,pio_gcn_top50
dyn_case_0027,1,1,49.2584907398961,50.5093378676559,179.956034529039,321.012346004081,179.956034529039,158.323273837437,50.0,50,1.4210854715202e-15,0,0,-3.57458170807342e-18,-3.57458170807342e-18,3125.90775291889,3125.90775291889,0,3125.90775291889,3125.90775291889,-1.17961196366423e-16,-1.17961196366423e-16,rebalance_to_current_pe,0.375611454438625,2,0,0,0,0,0,0,stable_by_swing_prototype_thresholds,0,0,0,0,0,1.5,simulink_swing_prototype,0.2415092601039035,11,low_frequency,pio_gcn_top50
dyn_case_0042,1,1,49.2738656191224,50.4717660762332,179.598406719702,272.792977219109,179.598406719702,139.71580677423,50.0000000000001,50,0.0,0,0,-3.57458170807342e-18,-3.57458170807342e-18,3125.90775291889,3125.90775291889,0,3125.90775291889,3125.90775291889,-1.17961196366423e-16,-1.17961196366423e-16,rebalance_to_current_pe,0.376270516119247,2,0,0,0,0,0,0,stable_by_swing_prototype_thresholds,0,0,0,0,0,1.5,simulink_swing_prototype,0.2261343808776033,12,low_frequency,pio_gcn_top50
dyn_case_0047,1,1,49.2739595878982,50.475324426065,179.546611349924,273.858500561095,179.546611349924,140.732348162469,49.9999999999998,50,2.1316282072803e-15,0,0,-3.57458170807342e-18,-3.57458170807342e-18,3125.90775291889,3125.90775291889,0,3125.90775291889,3125.90775291889,-1.17961196366423e-16,-1.17961196366423e-16,rebalance_to_current_pe,0.376270516119247,2,0,0,0,0,0,0,stable_by_swing_prototype_thresholds,0,0,0,0,0,1.5,simulink_swing_prototype,0.2260404121018027,13,low_frequency,pio_gcn_top50
dyn_case_0016,1,1,49.2740439300756,50.5361905884806,179.909759978932,262.070974485147,179.909759978932,135.288663664647,50.0000000000002,50,1.4210854715202e-15,0,0,-3.57458170807342e-18,-3.57458170807342e-18,3125.90775291889,3125.90775291889,0,3125.90775291889,3125.90775291889,-1.17961196366423e-16,-1.17961196366423e-16,rebalance_to_current_pe,0.373902972345279,2,0,0,0,0,0,0,stable_by_swing_prototype_thresholds,0,0,0,0,0,1.5,simulink_swing_prototype,0.22595606992440054,14,low_frequency,pio_gcn_top50
dyn_case_0045,1,1,49.4344472471549,50.7706872042466,179.928387533655,314.114689925247,179.928387533655,132.799516757694,50.0,50,2.8421709430404e-15,0,0,-3.57458170807342e-18,-3.57458170807342e-18,3125.90775291889,3125.90775291889,0,3125.90775291889,3125.90775291889,-1.17961196366423e-16,-1.17961196366423e-16,rebalance_to_current_pe,0.373027291001396,2,0,0,0,0,0,0,stable_by_swing_prototype_thresholds,0,0,0,0,0,1.5,simulink_swing_prototype,0.06555275284510031,15,low_frequency,pio_gcn_top50
dyn_case_0009,1,1,49.4460108421774,50.7706173254535,179.92509236616,351.401955241992,179.92509236616,151.407297833506,49.9999999999999,50,-1.4210854715202e-15,0,0,-3.57458170807342e-18,-3.57458170807342e-18,3125.90775291889,3125.90775291889,0,3125.90775291889,3125.90775291889,-1.17961196366423e-16,-1.17961196366423e-16,rebalance_to_current_pe,0.370502955295736,2,0,0,0,0,0,0,stable_by_swing_prototype_thresholds,0,0,0,0,0,1.5,simulink_swing_prototype,0.053989157822599054,16,low_frequency,pio_gcn_top50
dyn_case_0028,1,1,49.4460108421774,50.7706173254535,179.92509236616,351.56051256864,179.92509236616,151.104754717992,50.0,50,3.5527136788005e-15,0,0,-3.57458170807342e-18,-3.57458170807342e-18,3125.90775291889,3125.90775291889,0,3125.90775291889,3125.90775291889,-1.17961196366423e-16,-1.17961196366423e-16,rebalance_to_current_pe,0.370607060814551,2,0,0,0,0,0,0,stable_by_swing_prototype_thresholds,0,0,0,0,0,1.5,simulink_swing_prototype,0.053989157822599054,17,low_frequency,pio_gcn_top50
dyn_case_0029,1,1,49.4460108421774,50.7706173254535,179.92509236616,351.891206239406,179.92509236616,152.98092049282,49.9999999999999,50,-2.8421709430404e-15,0,0,-3.57458170807342e-18,-3.57458170807342e-18,3125.90775291889,3125.90775291889,0,3125.90775291889,3125.90775291889,-1.17961196366423e-16,-1.17961196366423e-16,rebalance_to_current_pe,0.370828535615443,2,0,0,0,0,0,0,stable_by_swing_prototype_thresholds,0,0,0,0,0,1.5,simulink_swing_prototype,0.053989157822599054,18,low_frequency,pio_gcn_top50
dyn_case_0012,1,1,49.4612869654147,50.761440364412,179.543510633865,279.639645301827,179.543510633865,130.763735898614,49.9999999999999,50,0.0,0,0,-3.57458170807342e-18,-3.57458170807342e-18,3125.90775291889,3125.90775291889,0,3125.90775291889,3125.90775291889,-1.17961196366423e-16,-1.17961196366423e-16,rebalance_to_current_pe,0.377150957477115,2,0,0,0,0,0,0,stable_by_swing_prototype_thresholds,0,0,0,0,0,1.5,simulink_swing_prototype,0.03871303458529951,19,low_frequency,pio_gcn_top50
dyn_case_0013,1,1,49.4612869654147,50.761440364412,179.53785566653,278.676393686732,179.53785566653,130.020882644629,50.0,50,2.1316282072803e-15,0,0,-3.57458170807342e-18,-3.57458170807342e-18,3125.90775291889,3125.90775291889,0,3125.90775291889,3125.90775291889,-1.17961196366423e-16,-1.17961196366423e-16,rebalance_to_current_pe,0.376019217562923,2,0,0,0,0,0,0,stable_by_swing_prototype_thresholds,0,0,0,0,0,1.5,simulink_swing_prototype,0.03871303458529951,20,low_frequency,pio_gcn_top50
dyn_case_0014,1,1,49.4612869654147,50.761440364412,179.543510633865,279.639645301827,179.543510633865,130.763735898614,49.9999999999999,50,0.0,0,0,-3.57458170807342e-18,-3.57458170807342e-18,3125.90775291889,3125.90775291889,0,3125.90775291889,3125.90775291889,-1.17961196366423e-16,-1.17961196366423e-16,rebalance_to_current_pe,0.377150957477115,2,0,0,0,0,0,0,stable_by_swing_prototype_thresholds,0,0,0,0,0,1.5,simulink_swing_prototype,0.03871303458529951,21,low_frequency,pio_gcn_top50
dyn_case_0021,1,1,49.4612869654147,50.761440364412,179.661051419797,292.362944322907,179.661051419797,130.924803254095,49.9999999999999,50,7.105427357601e-16,0,0,-3.57458170807342e-18,-3.57458170807342e-18,3125.90775291889,3125.90775291889,0,3125.90775291889,3125.90775291889,-1.17961196366423e-16,-1.17961196366423e-16,rebalance_to_current_pe,0.378022963534523,2,0,0,0,0,0,0,stable_by_swing_prototype_thresholds,0,0,0,0,0,1.5,simulink_swing_prototype,0.03871303458529951,22,low_frequency,pio_gcn_top50
dyn_case_0002,1,1,49.4737941416324,50.7734886017688,179.965554463591,348.897413922778,179.965554463591,178.718368953952,50.0,50,2.1316282072803e-15,0,0,-3.57458170807342e-18,-3.57458170807342e-18,3125.90775291889,3125.90775291889,0,3125.90775291889,3125.90775291889,-1.17961196366423e-16,-1.17961196366423e-16,rebalance_to_current_pe,0.375154238613855,2,0,0,0,0,0,0,stable_by_swing_prototype_thresholds,0,0,0,0,0,1.5,simulink_swing_prototype,0.02620585836759659,23,low_frequency,pio_gcn_top50
dyn_case_0049,1,1,49.4769645670366,50.7553727347983,179.742769954014,298.081625523948,179.742769954014,131.557558925381,49.9999999999997,50,2.1316282072803e-15,0,0,-3.57458170807342e-18,-3.57458170807342e-18,3125.90775291889,3125.90775291889,0,3125.90775291889,3125.90775291889,-1.17961196366423e-16,-1.17961196366423e-16,rebalance_to_current_pe,0.375390908005156,2,0,0,0,0,0,0,stable_by_swing_prototype_thresholds,0,0,0,0,0,1.5,simulink_swing_prototype,0.02303543296339683,24,low_frequency,pio_gcn_top50
dyn_case_0035,1,1,49.4776506614557,50.7734886017688,179.991785706884,341.754953004319,179.991785706884,177.70024383775,50.0000000000001,50,7.105427357601e-16,0,0,-3.57458170807342e-18,-3.57458170807342e-18,3125.90775291889,3125.90775291889,0,3125.90775291889,3125.90775291889,-1.17961196366423e-16,-1.17961196366423e-16,rebalance_to_current_pe,0.375154238613855,2,0,0,0,0,0,0,stable_by_swing_prototype_thresholds,0,0,0,0,0,1.5,simulink_swing_prototype,0.0223493385443021,25,low_frequency,pio_gcn_top50
dyn_case_0015,1,1,49.4777126727732,50.7578804712801,179.986432502118,339.971148005296,179.986432502118,131.866195966269,50.0000000000002,50,1.4210854715202e-15,0,0,-3.57458170807342e-18,-3.57458170807342e-18,3125.90775291889,3125.90775291889,0,3125.90775291889,3125.90775291889,-1.17961196366423e-16,-1.17961196366423e-16,rebalance_to_current_pe,0.376612549856028,2,0,0,0,0,0,0,stable_by_swing_prototype_thresholds,0,0,0,0,0,1.5,simulink_swing_prototype,0.022287327226798936,26,low_frequency,pio_gcn_top50
dyn_case_0022,1,1,49.4777126727732,50.7578804712801,179.986432502118,340.015480445632,179.986432502118,128.65919183962,50.0000000000002,50,-2.8421709430404e-15,0,0,-3.57458170807342e-18,-3.57458170807342e-18,3125.90775291889,3125.90775291889,0,3125.90775291889,3125.90775291889,-1.17961196366423e-16,-1.17961196366423e-16,rebalance_to_current_pe,0.376799966556552,2,0,0,0,0,0,0,stable_by_swing_prototype_thresholds,0,0,0,0,0,1.5,simulink_swing_prototype,0.022287327226798936,27,low_frequency,pio_gcn_top50
dyn_case_0026,1,1,49.4777126727732,50.7578804712801,179.989444995287,340.015956552219,179.989444995287,126.57262194725,50.0,50,1.4210854715202e-15,0,0,-3.57458170807342e-18,-3.57458170807342e-18,3125.90775291889,3125.90775291889,0,3125.90775291889,3125.90775291889,-1.17961196366423e-16,-1.17961196366423e-16,rebalance_to_current_pe,0.376778323036088,2,0,0,0,0,0,0,stable_by_swing_prototype_thresholds,0,0,0,0,0,1.5,simulink_swing_prototype,0.022287327226798936,28,low_frequency,pio_gcn_top50
dyn_case_0033,1,1,49.4777126727732,50.7578804712801,179.986432502118,340.015479252623,179.986432502118,128.569853630237,50.0000000000002,50,1.4210854715202e-15,0,0,-3.57458170807342e-18,-3.57458170807342e-18,3125.90775291889,3125.90775291889,0,3125.90775291889,3125.90775291889,-1.17961196366423e-16,-1.17961196366423e-16,rebalance_to_current_pe,0.376800055200372,2,0,0,0,0,0,0,stable_by_swing_prototype_thresholds,0,0,0,0,0,1.5,simulink_swing_prototype,0.022287327226798936,29,low_frequency,pio_gcn_top50
dyn_case_0039,1,1,49.4841153646291,50.7734886017688,179.936298640071,337.820801797777,179.936298640071,172.094443182242,50.0000000000002,50,7.105427357601e-16,0,0,-3.57458170807342e-18,-3.57458170807342e-18,3125.90775291889,3125.90775291889,0,3125.90775291889,3125.90775291889,-1.17961196366423e-16,-1.17961196366423e-16,rebalance_to_current_pe,0.375154238613855,2,0,0,0,0,0,0,stable_by_swing_prototype_thresholds,0,0,0,0,0,1.5,simulink_swing_prototype,0.015884635370902345,30,low_frequency,pio_gcn_top50
dyn_case_0006,1,1,49.4882047874451,50.7734886017688,179.988565974581,342.057216461306,179.988565974581,175.460303249027,50.0000000000001,50,-2.1316282072803e-15,0,0,-3.57458170807342e-18,-3.57458170807342e-18,3125.90775291889,3125.90775291889,0,3125.90775291889,3125.90775291889,-1.17961196366423e-16,-1.17961196366423e-16,rebalance_to_current_pe,0.375154238613855,2,0,0,0,0,0,0,stable_by_swing_prototype_thresholds,0,0,0,0,0,1.5,simulink_swing_prototype,0.011795212554901013,31,low_frequency,pio_gcn_top50
dyn_case_0038,1,1,49.4882047874451,50.7734886017688,179.988565974581,342.057216461306,179.988565974581,175.460303249027,50.0000000000001,50,-2.1316282072803e-15,0,0,-3.57458170807342e-18,-3.57458170807342e-18,3125.90775291889,3125.90775291889,0,3125.90775291889,3125.90775291889,-1.17961196366423e-16,-1.17961196366423e-16,rebalance_to_current_pe,0.375154238613855,2,0,0,0,0,0,0,stable_by_swing_prototype_thresholds,0,0,0,0,0,1.5,simulink_swing_prototype,0.011795212554901013,32,low_frequency,pio_gcn_top50
dyn_case_0011,1,1,49.4883559693413,50.7734886017688,179.993602407756,333.616490923513,179.993602407756,174.836506149684,49.9999999999999,50,7.105427357601e-16,0,0,-3.57458170807342e-18,-3.57458170807342e-18,3125.90775291889,3125.90775291889,0,3125.90775291889,3125.90775291889,-1.17961196366423e-16,-1.17961196366423e-16,rebalance_to_current_pe,0.375154238613855,2,0,0,0,0,0,0,stable_by_swing_prototype_thresholds,0,0,0,0,0,1.5,simulink_swing_prototype,0.011644030658700899,33,low_frequency,pio_gcn_top50
dyn_case_0024,1,1,49.4883559693413,50.7734886017688,179.993602407756,333.616490923514,179.993602407756,174.836506149685,49.9999999999999,50,1.4210854715202e-15,0,0,-3.57458170807342e-18,-3.57458170807342e-18,3125.90775291889,3125.90775291889,0,3125.90775291889,3125.90775291889,-1.17961196366423e-16,-1.17961196366423e-16,rebalance_to_current_pe,0.375154238613855,2,0,0,0,0,0,0,stable_by_swing_prototype_thresholds,0,0,0,0,0,1.5,simulink_swing_prototype,0.011644030658700899,34,low_frequency,pio_gcn_top50
dyn_case_0025,1,1,49.4917154771697,50.7624310350355,179.917314989099,337.219565430074,179.917314989099,165.001365726012,50.0000000000001,50,-1.4210854715202e-15,0,0,-3.57458170807342e-18,-3.57458170807342e-18,3125.90775291889,3125.90775291889,0,3125.90775291889,3125.90775291889,-1.17961196366423e-16,-1.17961196366423e-16,rebalance_to_current_pe,0.377063604764329,2,0,0,0,0,0,0,stable_by_swing_prototype_thresholds,0,0,0,0,0,1.5,simulink_swing_prototype,0.008284522830301455,35,low_frequency,pio_gcn_top50
dyn_case_0018,1,1,49.4958375799025,50.763883128037,179.949265172563,358.718921622712,179.949265172563,174.035639022706,50.0,50,-1.4210854715202e-15,0,0,-3.57458170807342e-18,-3.57458170807342e-18,3125.90775291889,3125.90775291889,0,3125.90775291889,3125.90775291889,-1.17961196366423e-16,-1.17961196366423e-16,rebalance_to_current_pe,0.377134038424858,2,0,0,0,0,0,0,stable_by_swing_prototype_thresholds,0,0,0,0,0,1.5,simulink_swing_prototype,0.004162420097500785,36,low_frequency,pio_gcn_top50
dyn_case_0050,1,1,49.4986191229084,50.7089577768583,179.915759709812,274.211301928569,179.915759709812,134.72948538167,50.0000000000002,50,-7.105427357601e-16,0,0,-3.57458170807342e-18,-3.57458170807342e-18,3125.90775291889,3125.90775291889,0,3125.90775291889,3125.90775291889,-1.17961196366423e-16,-1.17961196366423e-16,rebalance_to_current_pe,0.36796258176024,2,0,0,0,0,0,0,stable_by_swing_prototype_thresholds,0,0,0,0,0,1.5,simulink_swing_prototype,0.0013808770915986202,37,low_frequency,pio_gcn_top50
dyn_case_0037,1,1,49.4991629004606,50.7271406036573,179.986063467921,286.634217143917,179.986063467921,122.982628395708,50.0,50,-7.105427357601e-16,0,0,-3.57458170807342e-18,-3.57458170807342e-18,3125.90775291889,3125.90775291889,0,3125.90775291889,3125.90775291889,-1.17961196366423e-16,-1.17961196366423e-16,rebalance_to_current_pe,0.377216212266687,2,0,0,0,0,0,0,stable_by_swing_prototype_thresholds,0,0,0,0,0,1.5,simulink_swing_prototype,0.0008370995394031411,38,low_frequency,pio_gcn_top50
dyn_case_0044,1,1,49.4991629004606,50.7271406036573,179.986063467921,286.336180029075,179.986063467921,131.459478083081,49.9999999999999,50,7.105427357601e-16,0,0,-3.57458170807342e-18,-3.57458170807342e-18,3125.90775291889,3125.90775291889,0,3125.90775291889,3125.90775291889,-1.17961196366423e-16,-1.17961196366423e-16,rebalance_to_current_pe,0.377291662077325,2,0,0,0,0,0,0,stable_by_swing_prototype_thresholds,0,0,0,0,0,1.5,simulink_swing_prototype,0.0008370995394031411,39,low_frequency,pio_gcn_top50
dyn_case_0001,1,1,49.5292027665035,50.669593479234,179.984599854423,321.045167934579,179.984599854423,124.684560201867,50.0000000000001,50,-2.1316282072803e-15,0,0,-3.57458170807342e-18,-3.57458170807342e-18,3125.90775291889,3125.90775291889,0,3125.90775291889,3125.90775291889,-1.17961196366423e-16,-1.17961196366423e-16,rebalance_to_current_pe,0.374054493601546,2,0,0,0,0,0,0,stable_by_swing_prototype_thresholds,0,0,0,0,0,1.5,simulink_swing_prototype,0.0,40,low_stress,pio_gcn_top50
dyn_case_0010,1,1,49.5121343013951,50.7551858323355,179.942328186821,340.333421830303,179.942328186821,167.527582004016,50.0000000000001,50,7.105427357601e-16,0,0,-3.57458170807342e-18,-3.57458170807342e-18,3125.90775291889,3125.90775291889,0,3125.90775291889,3125.90775291889,-1.17961196366423e-16,-1.17961196366423e-16,rebalance_to_current_pe,0.377740742176252,2,0,0,0,0,0,0,stable_by_swing_prototype_thresholds,0,0,0,0,0,1.5,simulink_swing_prototype,0.0,41,low_stress,pio_gcn_top50
dyn_case_0017,1,1,49.5060952646181,50.7527764910968,179.740850551302,356.377313170086,179.740850551302,135.701360926448,50.0,50,1.4210854715202e-15,0,0,-3.57458170807342e-18,-3.57458170807342e-18,3125.90775291889,3125.90775291889,0,3125.90775291889,3125.90775291889,-1.17961196366423e-16,-1.17961196366423e-16,rebalance_to_current_pe,0.374783324148521,2,0,0,0,0,0,0,stable_by_swing_prototype_thresholds,0,0,0,0,0,1.5,simulink_swing_prototype,0.0,42,low_stress,pio_gcn_top50
dyn_case_0019,1,1,49.5060952646181,50.7527764910968,179.931979811608,356.377313170086,179.931979811608,150.754177665299,50.0,50,0.0,0,0,-3.57458170807342e-18,-3.57458170807342e-18,3125.90775291889,3125.90775291889,0,3125.90775291889,3125.90775291889,-1.17961196366423e-16,-1.17961196366423e-16,rebalance_to_current_pe,0.374783324148521,2,0,0,0,0,0,0,stable_by_swing_prototype_thresholds,0,0,0,0,0,1.5,simulink_swing_prototype,0.0,43,low_stress,pio_gcn_top50
dyn_case_0020,1,1,49.5089434583164,50.7687893739394,179.990351247892,320.927045996845,179.990351247892,168.851373985374,49.9999999999999,50,7.105427357601e-16,0,0,-3.57458170807342e-18,-3.57458170807342e-18,3125.90775291889,3125.90775291889,0,3125.90775291889,3125.90775291889,-1.17961196366423e-16,-1.17961196366423e-16,rebalance_to_current_pe,0.374519094690962,2,0,0,0,0,0,0,stable_by_swing_prototype_thresholds,0,0,0,0,0,1.5,simulink_swing_prototype,0.0,44,low_stress,pio_gcn_top50
dyn_case_0030,1,1,49.5260396401309,50.669593479234,179.984599854423,323.757625804817,179.984599854423,131.057418578704,50.0000000000001,50,1.4210854715202e-15,0,0,-3.57458170807342e-18,-3.57458170807342e-18,3125.90775291889,3125.90775291889,0,3125.90775291889,3125.90775291889,-1.17961196366423e-16,-1.17961196366423e-16,rebalance_to_current_pe,0.372518842262785,2,0,0,0,0,0,0,stable_by_swing_prototype_thresholds,0,0,0,0,0,1.5,simulink_swing_prototype,0.0,45,low_stress,pio_gcn_top50
dyn_case_0032,1,1,49.5056152120633,50.7578070857578,179.946599404334,341.566011204094,179.946599404334,133.007546341199,49.9999999999999,50,-1.4210854715202e-15,0,0,-3.57458170807342e-18,-3.57458170807342e-18,3125.90775291889,3125.90775291889,0,3125.90775291889,3125.90775291889,-1.17961196366423e-16,-1.17961196366423e-16,rebalance_to_current_pe,0.374456453617164,2,0,0,0,0,0,0,stable_by_swing_prototype_thresholds,0,0,0,0,0,1.5,simulink_swing_prototype,0.0,46,low_stress,pio_gcn_top50
dyn_case_0036,1,1,49.5060952646181,50.7527764910968,179.740850551302,356.377313170086,179.740850551302,133.21928007837,50.0000000000001,50,7.105427357601e-16,0,0,-3.57458170807342e-18,-3.57458170807342e-18,3125.90775291889,3125.90775291889,0,3125.90775291889,3125.90775291889,-1.17961196366423e-16,-1.17961196366423e-16,rebalance_to_current_pe,0.374783324148521,2,0,0,0,0,0,0,stable_by_swing_prototype_thresholds,0,0,0,0,0,1.5,simulink_swing_prototype,0.0,47,low_stress,pio_gcn_top50
dyn_case_0040,1,1,49.508942904383,50.7687893739394,179.990435400054,320.927045996845,179.990435400054,148.031596773619,50.0,50,1.4210854715202e-15,0,0,-3.57458170807342e-18,-3.57458170807342e-18,3125.90775291889,3125.90775291889,0,3125.90775291889,3125.90775291889,-1.17961196366423e-16,-1.17961196366423e-16,rebalance_to_current_pe,0.374519094690962,2,0,0,0,0,0,0,stable_by_swing_prototype_thresholds,0,0,0,0,0,1.5,simulink_swing_prototype,0.0,48,low_stress,pio_gcn_top50
dyn_case_0046,1,1,49.533887339082,50.7553727347983,179.89187585473,298.081625523949,179.89187585473,124.043465722334,49.9999999999999,50,2.1316282072803e-15,0,0,-3.57458170807342e-18,-3.57458170807342e-18,3125.90775291889,3125.90775291889,0,3125.90775291889,3125.90775291889,-1.17961196366423e-16,-1.17961196366423e-16,rebalance_to_current_pe,0.375390908005155,2,0,0,0,0,0,0,stable_by_swing_prototype_thresholds,0,0,0,0,0,1.5,simulink_swing_prototype,0.0,49,low_stress,pio_gcn_top50
dyn_case_0048,1,1,49.5084008131738,50.7687893739394,179.988157464503,320.927045996845,179.988157464503,163.329566173815,49.9999999999998,50,2.1316282072803e-15,0,0,-3.57458170807342e-18,-3.57458170807342e-18,3125.90775291889,3125.90775291889,0,3125.90775291889,3125.90775291889,-1.17961196366423e-16,-1.17961196366423e-16,rebalance_to_current_pe,0.374519094690962,2,0,0,0,0,0,0,stable_by_swing_prototype_thresholds,0,0,0,0,0,1.5,simulink_swing_prototype,0.0,50,low_stress,pio_gcn_top50
