step,episode,episode_return,negative_return,initial_outages,initial_outage_type,initial_outage_order,chronic_index,mask_enabled,mean_valid_action_count,sampled_invalid_action_count,policy_loss,value_loss,entropy,approx_kl,clip_fraction,num_generations,num_line_outages,load_shed_MW,num_proactive_actions,num_invalid_actions
1,1,-105.03458650745756,105.03458650745756,"6,9",common_bus_N-2,2,1714,True,0.0,0,0.0,0.0,0.0,0.0,0.0,1,8,11.243157052993775,1,0
4,2,-112.10719587524142,112.10719587524142,"3,7",common_bus_N-2,2,1715,True,0.0,0,0.0,0.0,0.0,0.0,0.0,3,13,55.68623152375221,1,0
5,3,0.0,-0.0,17,N-1,1,748,True,0.0,0,0.0,0.0,0.0,0.0,0.0,1,1,0.0,0,0
6,4,-100.0,100.0,"0,1",common_bus_N-2,2,1737,True,0.0,0,0.0,0.0,0.0,0.0,0.0,1,2,0.0,0,0
7,5,-101.01967306676629,101.01967306676629,2,N-1,1,3,True,0.0,0,0.0,0.0,0.0,0.0,0.0,1,2,5.623080015182495,0,0
8,6,-0.1,0.1,4,N-1,1,1142,True,0.0,0,0.0,0.0,0.0,0.0,0.0,1,2,0.0,1,0
9,7,-104.02105608476768,104.02105608476768,1,N-1,1,979,True,0.0,0,0.0,0.0,0.0,0.0,0.0,1,6,0.0,1,0
10,8,-100.12355212355213,100.12355212355213,11,N-1,1,1292,True,0.0,0,0.0,0.0,0.0,0.0,0.0,1,2,6.532502138614654,1,0
11,9,-103.07899876870131,103.07899876870131,"10,12",common_bus_N-2,2,589,True,0.0,0,0.0,0.0,0.0,0.0,0.0,1,6,6.026319915056228,1,0
12,10,-103.92105608476768,103.92105608476768,"6,9",common_bus_N-2,2,1382,True,0.0,0,0.0,0.0,0.0,0.0,0.0,1,6,0.0,0,0
14,11,-102.09501662508319,102.09501662508319,"14,15",common_bus_N-2,2,1354,True,0.0,0,0.0,0.0,0.0,0.0,0.0,2,4,0.0,1,0
16,12,-109.11194929037512,109.11194929037512,"3,7",common_bus_N-2,2,771,True,0.0,0,0.0,0.0,0.0,0.0,0.0,2,11,50.829775810241706,1,0
17,13,-104.89057106344211,104.89057106344211,"6,7",common_bus_N-2,2,707,True,0.0,0,0.0,0.0,0.0,0.0,0.0,1,7,4.243559241294861,0,0
18,14,-100.0,100.0,"16,19",common_bus_N-2,2,1466,True,0.0,0,0.0,0.0,0.0,0.0,0.0,1,2,13.476019018888474,0,0
19,15,-100.15752895752895,100.15752895752895,"8,16",common_bus_N-2,2,1199,True,0.0,0,0.0,0.0,0.0,0.0,0.0,1,3,15.197351396083832,1,0
21,16,-109.0892756951914,109.0892756951914,"6,8",common_bus_N-2,2,1555,True,0.0,0,0.0,0.0,0.0,0.0,0.0,2,12,37.186406552791595,2,0
22,17,0.0,-0.0,"4,6",common_bus_N-2,2,1399,True,0.0,0,0.0,0.0,0.0,0.0,0.0,1,2,0.0,0,0
23,18,-107.83701400998507,107.83701400998507,"4,9",common_bus_N-2,2,1222,True,0.0,0,0.0,0.0,0.0,0.0,0.0,1,10,40.5890656709671,0,0
25,19,-112.9870385427368,112.9870385427368,"14,16",common_bus_N-2,2,563,True,0.0,0,0.0,0.0,0.0,0.0,0.0,2,15,78.38536904454232,1,0
26,20,0.0,-0.0,18,N-1,1,1538,True,0.0,0,0.0,0.0,0.0,0.0,0.0,1,1,0.0,0,0
27,21,-101.09501662508319,101.09501662508319,"10,12",common_bus_N-2,2,1402,True,0.0,0,0.0,0.0,0.0,0.0,0.0,1,4,0.0,1,0
28,22,-100.0,100.0,"7,13",common_bus_N-2,2,1466,True,0.0,0,0.0,0.0,0.0,0.0,0.0,1,2,0.0,0,0
29,23,-103.05544664514919,103.05544664514919,0,N-1,1,491,True,0.0,0,0.0,0.0,0.0,0.0,0.0,1,5,0.0,1,0
30,24,-106.12972424775273,106.12972424775273,"1,9",common_bus_N-2,2,1371,True,0.0,0,0.0,0.0,0.0,0.0,0.0,1,9,42.58479473590851,1,0
31,25,-100.1,100.1,"11,18",common_bus_N-2,2,1558,True,0.0,0,0.0,0.0,0.0,0.0,0.0,1,3,6.6520310759544365,1,0
32,26,-106.03744625547475,106.03744625547475,"4,9",common_bus_N-2,2,1613,True,0.0,0,0.0,0.0,0.0,0.0,0.0,1,9,27.462846994400024,1,0
33,27,-103.05544664514919,103.05544664514919,2,N-1,1,231,True,0.0,0,0.0,0.0,0.0,0.0,0.0,1,5,0.0,1,0
34,28,-107.99454296751404,107.99454296751404,"9,11",common_bus_N-2,2,343,True,0.0,0,0.0,0.0,0.0,0.0,0.0,1,11,62.17995843887329,1,0
35,29,-100.1,100.1,"8,16",common_bus_N-2,2,1001,True,0.0,0,0.0,0.0,0.0,0.0,0.0,1,3,0.0,1,0
36,30,-101.12822125828782,101.12822125828782,"11,12",common_bus_N-2,2,1059,True,0.0,0,0.0,0.0,0.0,0.0,0.0,1,3,33.105656147003174,0,0
38,31,-103.12323788337102,103.12323788337102,11,N-1,1,1135,True,0.0,0,0.0,0.0,0.0,0.0,0.0,2,3,28.781313568353653,0,0
39,32,-101.09501662508319,101.09501662508319,5,N-1,1,1761,True,0.0,0,0.0,0.0,0.0,0.0,0.0,1,3,0.0,1,0
40,33,-100.0,100.0,"11,18",common_bus_N-2,2,1595,True,0.0,0,0.0,0.0,0.0,0.0,0.0,1,2,6.153650367259979,0,0
41,34,-102.08013266932447,102.08013266932447,1,N-1,1,1389,True,0.0,0,0.0,0.0,0.0,0.0,0.0,1,4,0.0,1,0
42,35,-0.1,0.1,"4,6",common_bus_N-2,2,1695,True,0.0,0,0.0,0.0,0.0,0.0,0.0,1,3,0.0,1,0
43,36,0.0,-0.0,5,N-1,1,1170,True,0.0,0,0.0,0.0,0.0,0.0,0.0,1,1,0.0,0,0
44,37,0.0,-0.0,19,N-1,1,1547,True,0.0,0,0.0,0.0,0.0,0.0,0.0,1,1,0.0,0,0
46,38,-102.99003325016639,102.99003325016639,"3,5",common_bus_N-2,2,881,True,0.0,0,0.0,0.0,0.0,0.0,0.0,2,4,0.0,0,0
47,39,-100.1,100.1,"2,3",common_bus_N-2,2,547,True,0.0,0,0.0,0.0,0.0,0.0,0.0,1,3,0.0,1,0
48,40,-108.84904179626432,108.84904179626432,"1,9",common_bus_N-2,2,312,True,0.0,0,0.0,0.0,0.0,0.0,0.0,1,11,65.06794846057892,0,0
50,41,-104.17514929440766,104.17514929440766,1,N-1,1,1115,True,0.0,0,0.0,0.0,0.0,0.0,0.0,2,6,0.0,2,0
51,42,-102.95544664514918,102.95544664514918,0,N-1,1,850,True,0.0,0,0.0,0.0,0.0,0.0,0.0,1,4,0.0,0,0
52,43,-104.9770575499286,104.9770575499286,8,N-1,1,757,True,0.0,0,0.0,0.0,0.0,0.0,0.0,1,7,0.0,1,0
53,44,-104.05039971411131,104.05039971411131,0,N-1,1,620,True,0.0,0,0.0,0.0,0.0,0.0,0.0,1,6,8.495829916000366,1,0
54,45,-100.1,100.1,"7,13",common_bus_N-2,2,1984,True,0.0,0,0.0,0.0,0.0,0.0,0.0,1,3,0.0,1,0
55,46,-107.92452418966258,107.92452418966258,"3,8",common_bus_N-2,2,652,True,0.0,0,0.0,0.0,0.0,0.0,0.0,1,10,74.57456970214844,0,0
56,47,-109.96367929450454,109.96367929450454,"6,9",common_bus_N-2,2,453,True,0.0,0,0.0,0.0,0.0,0.0,0.0,1,13,101.89159536361694,1,0
58,48,-105.18366790343701,105.18366790343701,16,N-1,1,294,True,0.0,0,0.0,0.0,0.0,0.0,0.0,2,6,33.57007277011871,1,0
60,49,-104.17899876870132,104.17899876870132,"6,7",common_bus_N-2,2,1915,True,0.0,0,0.0,0.0,0.0,0.0,0.0,2,7,5.729468947649002,2,0
61,50,-106.90926665805382,106.90926665805382,"9,11",common_bus_N-2,2,488,True,0.0,0,0.0,0.0,0.0,0.0,0.0,1,9,38.98545128107071,0,0
62,51,-106.03083063931533,106.03083063931533,"1,6",common_bus_N-2,2,663,True,0.0,0,0.0,0.0,0.0,0.0,0.0,1,9,34.156135046482106,1,0
63,52,-101.98013266932448,101.98013266932448,"3,4",common_bus_N-2,2,700,True,0.0,0,0.0,0.0,0.0,0.0,0.0,1,4,0.0,0,0
64,53,-100.15752895752895,100.15752895752895,"18,19",common_bus_N-2,2,1001,True,0.0,0,0.0,0.0,0.0,0.0,0.0,1,3,17.00431082248688,1,0
66,54,-107.03439338729679,107.03439338729679,"10,12",common_bus_N-2,2,616,True,0.0,0,0.0,0.0,0.0,0.0,0.0,2,8,38.52481931447983,0,0
67,55,-100.1,100.1,"16,19",common_bus_N-2,2,1775,True,0.0,0,0.0,0.0,0.0,0.0,0.0,1,3,15.524118745326996,1,0
68,56,-104.02105608476768,104.02105608476768,"1,6",common_bus_N-2,2,724,True,0.0,0,0.0,0.0,0.0,0.0,0.0,1,7,0.0,1,0
69,57,-100.1,100.1,"7,14",common_bus_N-2,2,1343,True,0.0,0,0.0,0.0,0.0,0.0,0.0,1,3,0.0,1,0
70,58,-100.15752895752895,100.15752895752895,"15,16",common_bus_N-2,2,1741,True,0.0,0,0.0,0.0,0.0,0.0,0.0,1,3,13.068008327484131,1,0
71,59,-107.04160534774488,107.04160534774488,"6,9",common_bus_N-2,2,1790,True,0.0,0,0.0,0.0,0.0,0.0,0.0,1,9,79.01776438951492,0,0
72,60,-105.01026218313324,105.01026218313324,"11,12",common_bus_N-2,2,1305,True,0.0,0,0.0,0.0,0.0,0.0,0.0,1,7,36.205504059791565,0,0
73,61,-100.1,100.1,"7,14",common_bus_N-2,2,530,True,0.0,0,0.0,0.0,0.0,0.0,0.0,1,3,0.0,1,0
74,62,-107.15598480477196,107.15598480477196,"8,14",common_bus_N-2,2,98,True,0.0,0,0.0,0.0,0.0,0.0,0.0,1,10,90.17947572469711,1,0
75,63,-102.08013266932447,102.08013266932447,"1,6",common_bus_N-2,2,870,True,0.0,0,0.0,0.0,0.0,0.0,0.0,1,5,0.0,1,0
76,64,-105.23535870822975,105.23535870822975,"12,18",common_bus_N-2,2,91,True,0.0,0,0.0,0.0,0.0,0.0,0.0,1,8,80.62317180633545,1,0
79,65,-107.04547989531557,107.04547989531557,8,N-1,1,1139,True,0.0,0,0.0,0.0,0.0,0.0,0.0,3,7,0.0,1,0
80,66,-0.1,0.1,"5,7",common_bus_N-2,2,1151,True,0.0,0,0.0,0.0,0.0,0.0,0.0,1,3,0.0,1,0
81,67,-100.14826254826255,100.14826254826255,"8,15",common_bus_N-2,2,1694,True,0.0,0,0.0,0.0,0.0,0.0,0.0,1,3,9.331615269184113,1,0
82,68,-103.18865127835382,103.18865127835382,"11,12",common_bus_N-2,2,1461,True,0.0,0,0.0,0.0,0.0,0.0,0.0,1,6,31.586886048316956,1,0
84,69,-108.82589876346314,108.82589876346314,"3,8",common_bus_N-2,2,1513,True,0.0,0,0.0,0.0,0.0,0.0,0.0,2,10,5.941860330104831,0,0
85,70,-100.1,100.1,"1,4",common_bus_N-2,2,591,True,0.0,0,0.0,0.0,0.0,0.0,0.0,1,3,0.0,1,0
86,71,-100.1,100.1,"0,1",common_bus_N-2,2,533,True,0.0,0,0.0,0.0,0.0,0.0,0.0,1,3,0.0,1,0
87,72,-104.99229171091287,104.99229171091287,"2,3",common_bus_N-2,2,1851,True,0.0,0,0.0,0.0,0.0,0.0,0.0,1,8,4.543465948104867,1,0
88,73,-107.73275243638744,107.73275243638744,"3,6",common_bus_N-2,2,1797,True,0.0,0,0.0,0.0,0.0,0.0,0.0,1,10,12.658636939525607,0,0
89,74,-102.08013266932447,102.08013266932447,"8,15",common_bus_N-2,2,47,True,0.0,0,0.0,0.0,0.0,0.0,0.0,1,5,0.0,1,0
90,75,-102.05580834500014,102.05580834500014,"12,19",common_bus_N-2,2,398,True,0.0,0,0.0,0.0,0.0,0.0,0.0,1,4,24.45055260658264,0,0
92,76,-110.0743600820911,110.0743600820911,4,N-1,1,972,True,0.0,0,0.0,0.0,0.0,0.0,0.0,2,10,90.72186774015427,0,0
93,77,-100.1,100.1,"14,16",common_bus_N-2,2,1023,True,0.0,0,0.0,0.0,0.0,0.0,0.0,1,3,0.0,1,0
94,78,-100.1,100.1,"4,6",common_bus_N-2,2,1026,True,0.0,0,0.0,0.0,0.0,0.0,0.0,1,3,0.0,1,0
95,79,-102.95544664514918,102.95544664514918,"0,4",common_bus_N-2,2,846,True,0.0,0,0.0,0.0,0.0,0.0,0.0,1,5,0.0,0,0
96,80,-100.0,100.0,"7,13",common_bus_N-2,2,1891,True,0.0,0,0.0,0.0,0.0,0.0,0.0,1,2,0.0,0,0
97,81,-101.09501662508319,101.09501662508319,"5,6",common_bus_N-2,2,1194,True,0.0,0,0.0,0.0,0.0,0.0,0.0,1,4,0.0,1,0
98,82,-101.22822125828782,101.22822125828782,16,N-1,1,1082,True,0.0,0,0.0,0.0,0.0,0.0,0.0,1,3,28.832547783851624,1,0
99,83,-102.95544664514918,102.95544664514918,"0,2",common_bus_N-2,2,1355,True,0.0,0,0.0,0.0,0.0,0.0,0.0,1,5,0.0,0,0
100,84,0.0,-0.0,"8,15",common_bus_N-2,2,1737,True,0.0,0,0.0,0.0,0.0,0.0,0.0,1,2,0.0,0,0
101,85,-103.02365383165811,103.02365383165811,"5,8",common_bus_N-2,2,329,True,0.0,0,0.0,0.0,0.0,0.0,0.0,1,5,19.98410077095032,0,0
102,86,-103.05544664514919,103.05544664514919,"3,7",common_bus_N-2,2,844,True,0.0,0,0.0,0.0,0.0,0.0,0.0,1,6,0.0,1,0
103,87,-104.02105608476768,104.02105608476768,"0,3",common_bus_N-2,2,1264,True,0.0,0,0.0,0.0,0.0,0.0,0.0,1,7,0.0,1,0
104,88,-106.90926665805382,106.90926665805382,"9,11",common_bus_N-2,2,600,True,0.0,0,0.0,0.0,0.0,0.0,0.0,1,9,40.22906994819641,0,0
105,89,-104.02105608476768,104.02105608476768,"1,6",common_bus_N-2,2,1300,True,0.0,0,0.0,0.0,0.0,0.0,0.0,1,7,0.0,1,0
106,90,-103.05544664514919,103.05544664514919,"0,2",common_bus_N-2,2,1645,True,0.0,0,0.0,0.0,0.0,0.0,0.0,1,6,0.0,1,0
107,91,0.0,-0.0,"12,19",common_bus_N-2,2,1340,True,0.0,0,0.0,0.0,0.0,0.0,0.0,1,2,0.0,0,0
108,92,-100.13474903474903,100.13474903474903,17,N-1,1,326,True,0.0,0,0.0,0.0,0.0,0.0,0.0,1,2,9.781022787094116,1,0
109,93,-106.89238936683881,106.89238936683881,14,N-1,1,1873,True,0.0,0,0.0,0.0,0.0,0.0,0.0,1,9,9.037751078605652,1,0
110,94,-0.1,0.1,"8,15",common_bus_N-2,2,1710,True,0.0,0,0.0,0.0,0.0,0.0,0.0,1,3,0.0,1,0
111,95,-104.99057106344212,104.99057106344212,"6,8",common_bus_N-2,2,1622,True,0.0,0,0.0,0.0,0.0,0.0,0.0,1,8,3.1858149468898773,1,0
113,96,-113.91842298827137,113.91842298827137,3,N-1,1,1059,True,0.0,0,0.0,0.0,0.0,0.0,0.0,2,15,86.17066440582275,1,0
114,97,-0.1,0.1,5,N-1,1,71,True,0.0,0,0.0,0.0,0.0,0.0,0.0,1,2,0.0,1,0
116,98,-104.17514929440766,104.17514929440766,"1,4",common_bus_N-2,2,1712,True,0.0,0,0.0,0.0,0.0,0.0,0.0,2,7,0.0,2,0
117,99,-100.1,100.1,"10,17",common_bus_N-2,2,279,True,0.0,0,0.0,0.0,0.0,0.0,0.0,1,3,3.104646325111389,1,0
118,100,-109.9281022286392,109.9281022286392,"1,9",common_bus_N-2,2,419,True,0.0,0,0.0,0.0,0.0,0.0,0.0,1,12,136.33220990896226,0,0
119,101,-103.92105608476768,103.92105608476768,"9,12",common_bus_N-2,2,212,True,0.0,0,0.0,0.0,0.0,0.0,0.0,1,6,0.0,0,0
120,102,-100.1,100.1,"0,1",common_bus_N-2,2,96,True,0.0,0,0.0,0.0,0.0,0.0,0.0,1,3,0.0,1,0
121,103,0.0,-0.0,15,N-1,1,1500,True,0.0,0,0.0,0.0,0.0,0.0,0.0,1,1,0.0,0,0
122,104,-0.1,0.1,"10,11",common_bus_N-2,2,12,True,0.0,0,0.0,0.0,0.0,0.0,0.0,1,3,0.0,1,0
123,105,0.0,-0.0,"12,18",common_bus_N-2,2,1616,True,0.0,0,0.0,0.0,0.0,0.0,0.0,1,2,0.0,0,0
124,106,0.0,-0.0,5,N-1,1,776,True,0.0,0,0.0,0.0,0.0,0.0,0.0,1,1,0.0,0,0
126,107,-107.96650121200105,107.96650121200105,3,N-1,1,1198,True,0.0,0,0.0,0.0,0.0,0.0,0.0,2,9,12.49062670469283,1,0
127,108,-100.0,100.0,"7,13",common_bus_N-2,2,285,True,0.0,0,0.0,0.0,0.0,0.0,0.0,1,2,0.0,0,0
128,109,-102.95544664514918,102.95544664514918,"0,3",common_bus_N-2,2,307,True,0.0,0,0.0,0.0,0.0,0.0,0.0,1,5,0.0,0,0
130,110,-108.80389718275092,108.80389718275092,"5,6",common_bus_N-2,2,1632,True,0.0,0,0.0,0.0,0.0,0.0,0.0,2,10,11.10641285777092,0,0
131,111,-104.8826012886735,104.8826012886735,9,N-1,1,1505,True,0.0,0,0.0,0.0,0.0,0.0,0.0,1,6,1.4977361559867859,0,0
132,112,-100.1,100.1,"11,18",common_bus_N-2,2,690,True,0.0,0,0.0,0.0,0.0,0.0,0.0,1,3,7.763063216209411,1,0
133,113,-100.1,100.1,"2,5",common_bus_N-2,2,1046,True,0.0,0,0.0,0.0,0.0,0.0,0.0,1,3,0.0,1,0
134,114,-100.1,100.1,"13,14",common_bus_N-2,2,136,True,0.0,0,0.0,0.0,0.0,0.0,0.0,1,3,0.0,1,0
135,115,-104.31642288013448,104.31642288013448,"10,11",common_bus_N-2,2,1851,True,0.0,0,0.0,0.0,0.0,0.0,0.0,1,7,88.09077036380768,1,0
136,116,-102.08013266932447,102.08013266932447,"8,14",common_bus_N-2,2,1672,True,0.0,0,0.0,0.0,0.0,0.0,0.0,1,5,0.0,1,0
137,117,0.0,-0.0,15,N-1,1,8,True,0.0,0,0.0,0.0,0.0,0.0,0.0,1,1,0.0,0,0
138,118,-107.85052752349858,107.85052752349858,"9,11",common_bus_N-2,2,713,True,0.0,0,0.0,0.0,0.0,0.0,0.0,1,10,50.9729540348053,0,0
140,119,-102.19501662508318,102.19501662508318,3,N-1,1,2013,True,0.0,0,0.0,0.0,0.0,0.0,0.0,2,4,0.0,2,0
141,120,0.0,-0.0,"5,6",common_bus_N-2,2,259,True,0.0,0,0.0,0.0,0.0,0.0,0.0,1,2,0.0,0,0
142,121,-104.8770575499286,104.8770575499286,"1,9",common_bus_N-2,2,269,True,0.0,0,0.0,0.0,0.0,0.0,0.0,1,7,0.0,0,0
143,122,0.0,-0.0,"18,19",common_bus_N-2,2,840,True,0.0,0,0.0,0.0,0.0,0.0,0.0,1,2,0.0,0,0
144,123,-100.1,100.1,13,N-1,1,984,True,0.0,0,0.0,0.0,0.0,0.0,0.0,1,2,0.0,1,0
145,124,-104.02105608476768,104.02105608476768,"15,16",common_bus_N-2,2,1322,True,0.0,0,0.0,0.0,0.0,0.0,0.0,1,7,0.0,1,0
146,125,-103.05544664514919,103.05544664514919,5,N-1,1,883,True,0.0,0,0.0,0.0,0.0,0.0,0.0,1,5,0.0,1,0
148,126,-102.19501662508318,102.19501662508318,"6,8",common_bus_N-2,2,830,True,0.0,0,0.0,0.0,0.0,0.0,0.0,2,5,0.0,2,0
150,127,-107.94196258144744,107.94196258144744,"5,7",common_bus_N-2,2,202,True,0.0,0,0.0,0.0,0.0,0.0,0.0,2,10,5.794642269611359,1,0
151,128,-100.1,100.1,"13,14",common_bus_N-2,2,1086,True,0.0,0,0.0,0.0,0.0,0.0,0.0,1,3,0.0,1,0
152,129,-0.1,0.1,19,N-1,1,757,True,0.0,0,0.0,0.0,0.0,0.0,0.0,1,2,0.0,1,0
153,130,-100.1,100.1,"13,14",common_bus_N-2,2,1088,True,0.0,0,0.0,0.0,0.0,0.0,0.0,1,3,0.0,1,0
154,131,-100.1,100.1,"7,13",common_bus_N-2,2,294,True,0.0,0,0.0,0.0,0.0,0.0,0.0,1,3,0.0,1,0
156,132,-106.135763829542,106.135763829542,"12,19",common_bus_N-2,2,455,True,0.0,0,0.0,0.0,0.0,0.0,0.0,2,7,63.730394673347476,0,0
157,133,-100.1,100.1,13,N-1,1,1272,True,0.0,0,0.0,0.0,0.0,0.0,0.0,1,2,0.0,1,0
158,134,-105.97180918983767,105.97180918983767,"9,11",common_bus_N-2,2,950,True,0.0,0,0.0,0.0,0.0,0.0,0.0,1,9,14.922289550304413,1,0
159,135,0.0,-0.0,"15,16",common_bus_N-2,2,1388,True,0.0,0,0.0,0.0,0.0,0.0,0.0,1,2,0.0,0,0
161,136,-108.0539160156488,108.0539160156488,3,N-1,1,797,True,0.0,0,0.0,0.0,0.0,0.0,0.0,2,10,8.040331697463984,2,0
162,137,-102.96037518306169,102.96037518306169,"1,4",common_bus_N-2,2,127,True,0.0,0,0.0,0.0,0.0,0.0,0.0,1,5,1.5333163619041557,0,0
163,138,-110.03314541628954,110.03314541628954,"6,9",common_bus_N-2,2,128,True,0.0,0,0.0,0.0,0.0,0.0,0.0,1,13,127.16073703765869,1,0
164,139,-103.92105608476768,103.92105608476768,6,N-1,1,694,True,0.0,0,0.0,0.0,0.0,0.0,0.0,1,5,0.0,0,0
165,140,-105.93706015508864,105.93706015508864,"3,7",common_bus_N-2,2,207,True,0.0,0,0.0,0.0,0.0,0.0,0.0,1,9,3.245303750038147,1,0
167,141,-112.99997285546878,112.99997285546878,"6,8",common_bus_N-2,2,679,True,0.0,0,0.0,0.0,0.0,0.0,0.0,2,14,143.10063457489014,0,0
168,142,-107.83701400998507,107.83701400998507,"9,11",common_bus_N-2,2,1249,True,0.0,0,0.0,0.0,0.0,0.0,0.0,1,10,44.08611583709717,0,0
170,143,-109.0990461062664,109.0990461062664,"14,16",common_bus_N-2,2,285,True,0.0,0,0.0,0.0,0.0,0.0,0.0,2,10,73.24863454699516,0,0
171,144,-100.1,100.1,"2,3",common_bus_N-2,2,1071,True,0.0,0,0.0,0.0,0.0,0.0,0.0,1,3,0.0,1,0
172,145,-100.0,100.0,"2,5",common_bus_N-2,2,1431,True,0.0,0,0.0,0.0,0.0,0.0,0.0,1,2,0.0,0,0
173,146,0.0,-0.0,"3,5",common_bus_N-2,2,1967,True,0.0,0,0.0,0.0,0.0,0.0,0.0,1,2,0.0,0,0
174,147,-100.1,100.1,"15,17",common_bus_N-2,2,533,True,0.0,0,0.0,0.0,0.0,0.0,0.0,1,3,7.909111797809601,1,0
175,148,0.0,-0.0,12,N-1,1,727,True,0.0,0,0.0,0.0,0.0,0.0,0.0,1,1,0.0,0,0
176,149,-107.79665789748682,107.79665789748682,"3,6",common_bus_N-2,2,723,True,0.0,0,0.0,0.0,0.0,0.0,0.0,1,10,32.66106274127961,0,0
178,150,-106.41143950521767,106.41143950521767,3,N-1,1,1332,True,0.0,0,0.0,0.0,0.0,0.0,0.0,2,8,68.80112671852112,2,0
179,151,-103.05544664514919,103.05544664514919,"2,4",common_bus_N-2,2,293,True,0.0,0,0.0,0.0,0.0,0.0,0.0,1,6,0.0,1,0
180,152,-105.95634806137538,105.95634806137538,"15,16",common_bus_N-2,2,86,True,0.0,0,0.0,0.0,0.0,0.0,0.0,1,9,9.865487098693848,1,0
182,153,-102.2085301385967,102.2085301385967,"6,7",common_bus_N-2,2,1126,True,0.0,0,0.0,0.0,0.0,0.0,0.0,2,5,2.8129828572273254,2,0
183,154,-102.95544664514918,102.95544664514918,"0,4",common_bus_N-2,2,761,True,0.0,0,0.0,0.0,0.0,0.0,0.0,1,5,0.0,0,0
184,155,0.0,-0.0,"18,19",common_bus_N-2,2,331,True,0.0,0,0.0,0.0,0.0,0.0,0.0,1,2,0.0,0,0
185,156,-0.1,0.1,"5,8",common_bus_N-2,2,1071,True,0.0,0,0.0,0.0,0.0,0.0,0.0,1,3,0.0,1,0
187,157,-105.08366790343702,105.08366790343702,"15,16",common_bus_N-2,2,1292,True,0.0,0,0.0,0.0,0.0,0.0,0.0,2,6,36.94611865282059,0,0
188,158,-101.98013266932448,101.98013266932448,1,N-1,1,36,True,0.0,0,0.0,0.0,0.0,0.0,0.0,1,3,0.0,0,0
190,159,-105.15046327023238,105.15046327023238,"3,4",common_bus_N-2,2,1658,True,0.0,0,0.0,0.0,0.0,0.0,0.0,2,8,0.0,2,0
191,160,-104.15426071797232,104.15426071797232,"11,12",common_bus_N-2,2,821,True,0.0,0,0.0,0.0,0.0,0.0,0.0,1,7,29.487391591072083,1,0
192,161,-107.82311439608546,107.82311439608546,"9,11",common_bus_N-2,2,588,True,0.0,0,0.0,0.0,0.0,0.0,0.0,1,11,8.817695081233978,1,0
193,162,-106.90926665805382,106.90926665805382,"1,9",common_bus_N-2,2,1079,True,0.0,0,0.0,0.0,0.0,0.0,0.0,1,9,33.86100134253502,0,0
194,163,-104.8770575499286,104.8770575499286,"3,6",common_bus_N-2,2,1651,True,0.0,0,0.0,0.0,0.0,0.0,0.0,1,7,0.0,0,0
195,164,-100.1,100.1,"2,3",common_bus_N-2,2,460,True,0.0,0,0.0,0.0,0.0,0.0,0.0,1,3,0.0,1,0
196,165,-104.9770575499286,104.9770575499286,"3,8",common_bus_N-2,2,1531,True,0.0,0,0.0,0.0,0.0,0.0,0.0,1,8,0.0,1,0
197,166,0.0,-0.0,15,N-1,1,1981,True,0.0,0,0.0,0.0,0.0,0.0,0.0,1,1,0.0,0,0
198,167,-105.93744625547474,105.93744625547474,"9,12",common_bus_N-2,2,603,True,0.0,0,0.0,0.0,0.0,0.0,0.0,1,8,32.09459859132767,0,0
200,168,-103.19003325016638,103.19003325016638,5,N-1,1,1156,True,0.0,0,0.0,0.0,0.0,0.0,0.0,2,5,0.0,2,0
201,169,-104.06007046478226,104.06007046478226,"2,3",common_bus_N-2,2,1537,True,0.0,0,0.0,0.0,0.0,0.0,0.0,1,7,10.725026178359983,1,0
203,170,-106.22572521950339,106.22572521950339,18,N-1,1,1080,True,0.0,0,0.0,0.0,0.0,0.0,0.0,2,8,23.40914978981018,2,0
204,171,-100.1,100.1,"8,16",common_bus_N-2,2,941,True,0.0,0,0.0,0.0,0.0,0.0,0.0,1,3,0.0,1,0
205,172,-103.11297560267815,103.11297560267815,"9,10",common_bus_N-2,2,1142,True,0.0,0,0.0,0.0,0.0,0.0,0.0,1,6,12.17672324180603,1,0
206,173,-100.1,100.1,"8,14",common_bus_N-2,2,1871,True,0.0,0,0.0,0.0,0.0,0.0,0.0,1,3,0.0,1,0
208,174,-105.21262543239455,105.21262543239455,"14,16",common_bus_N-2,2,2000,True,0.0,0,0.0,0.0,0.0,0.0,0.0,2,7,36.0730619430542,1,0
209,175,-104.87770887330826,104.87770887330826,"14,16",common_bus_N-2,2,371,True,0.0,0,0.0,0.0,0.0,0.0,0.0,1,7,0.20679177045822428,0,0
211,176,-110.03611747409644,110.03611747409644,12,N-1,1,713,True,0.0,0,0.0,0.0,0.0,0.0,0.0,2,10,92.84359484910965,0,0
213,177,-111.10043255978724,111.10043255978724,7,N-1,1,493,True,0.0,0,0.0,0.0,0.0,0.0,0.0,2,13,58.75626428127289,2,0
215,178,-106.07360166737983,106.07360166737983,8,N-1,1,1515,True,0.0,0,0.0,0.0,0.0,0.0,0.0,2,7,15.455315148830413,1,0
217,179,-104.2083539276123,104.2083539276123,"8,16",common_bus_N-2,2,1492,True,0.0,0,0.0,0.0,0.0,0.0,0.0,2,6,34.004088163375854,1,0
218,180,-100.1,100.1,"16,19",common_bus_N-2,2,1520,True,0.0,0,0.0,0.0,0.0,0.0,0.0,1,3,15.50696758031845,1,0
219,181,-101.25717878724535,101.25717878724535,"14,16",common_bus_N-2,2,1514,True,0.0,0,0.0,0.0,0.0,0.0,0.0,1,4,44.11583948135376,1,0
220,182,-100.1,100.1,"7,13",common_bus_N-2,2,493,True,0.0,0,0.0,0.0,0.0,0.0,0.0,1,3,0.0,1,0
221,183,-100.1,100.1,"15,17",common_bus_N-2,2,1301,True,0.0,0,0.0,0.0,0.0,0.0,0.0,1,3,9.32270085811615,1,0
222,184,-101.1046691347357,101.1046691347357,"12,18",common_bus_N-2,2,2002,True,0.0,0,0.0,0.0,0.0,0.0,0.0,1,3,23.62555375099182,0,0
223,185,-103.92105608476768,103.92105608476768,0,N-1,1,638,True,0.0,0,0.0,0.0,0.0,0.0,0.0,1,5,0.0,0,0
225,186,-103.18013266932446,103.18013266932446,7,N-1,1,523,True,0.0,0,0.0,0.0,0.0,0.0,0.0,2,5,0.0,2,0
226,187,0.0,-0.0,"12,18",common_bus_N-2,2,1101,True,0.0,0,0.0,0.0,0.0,0.0,0.0,1,2,0.0,0,0
228,188,-106.02958622336439,106.02958622336439,5,N-1,1,823,True,0.0,0,0.0,0.0,0.0,0.0,0.0,2,7,2.9962159395217896,1,0
229,189,-100.0,100.0,"16,19",common_bus_N-2,2,1834,True,0.0,0,0.0,0.0,0.0,0.0,0.0,1,2,17.617056441307067,0,0
230,190,-100.1,100.1,"10,17",common_bus_N-2,2,607,True,0.0,0,0.0,0.0,0.0,0.0,0.0,1,3,3.735425114631653,1,0
231,191,-100.1,100.1,"15,17",common_bus_N-2,2,1875,True,0.0,0,0.0,0.0,0.0,0.0,0.0,1,3,9.787363529205322,1,0
232,192,-100.1,100.1,"0,4",common_bus_N-2,2,1748,True,0.0,0,0.0,0.0,0.0,0.0,0.0,1,3,0.0,1,0
233,193,-105.01180658467763,105.01180658467763,9,N-1,1,131,True,0.0,0,0.0,0.0,0.0,0.0,0.0,1,7,10.501497387886047,1,0
235,194,-106.04802356317101,106.04802356317101,"3,8",common_bus_N-2,2,1767,True,0.0,0,0.0,0.0,0.0,0.0,0.0,2,8,3.150387358665469,1,0
236,195,-100.1,100.1,"16,19",common_bus_N-2,2,1780,True,0.0,0,0.0,0.0,0.0,0.0,0.0,1,3,14.923057091236116,1,0
237,196,-102.08013266932447,102.08013266932447,"1,4",common_bus_N-2,2,871,True,0.0,0,0.0,0.0,0.0,0.0,0.0,1,5,0.0,1,0
238,197,-0.1,0.1,"12,19",common_bus_N-2,2,281,True,0.0,0,0.0,0.0,0.0,0.0,0.0,1,3,0.0,1,0
239,198,-103.05544664514919,103.05544664514919,"1,6",common_bus_N-2,2,1466,True,0.0,0,0.0,0.0,0.0,0.0,0.0,1,6,0.0,1,0
240,199,-100.0,100.0,"10,17",common_bus_N-2,2,352,True,0.0,0,0.0,0.0,0.0,0.0,0.0,1,2,4.2476314306259155,0,0
241,200,-106.09497521300369,106.09497521300369,15,N-1,1,1120,True,0.0,0,0.0,0.0,0.0,0.0,0.0,1,8,35.573350238800046,1,0
242,201,-102.95544664514918,102.95544664514918,"3,5",common_bus_N-2,2,412,True,0.0,0,0.0,0.0,0.0,0.0,0.0,1,5,0.0,0,0
243,202,-102.95544664514918,102.95544664514918,"0,2",common_bus_N-2,2,1941,True,0.0,0,0.0,0.0,0.0,0.0,0.0,1,5,0.0,0,0
244,203,-0.1,0.1,15,N-1,1,821,True,0.0,0,0.0,0.0,0.0,0.0,0.0,1,2,0.0,1,0
245,204,-107.03400552438771,107.03400552438771,"12,19",common_bus_N-2,2,682,True,0.0,0,0.0,0.0,0.0,0.0,0.0,1,10,56.478970694541935,1,0
246,205,-102.08013266932447,102.08013266932447,"10,11",common_bus_N-2,2,950,True,0.0,0,0.0,0.0,0.0,0.0,0.0,1,5,0.0,1,0
247,206,-103.92105608476768,103.92105608476768,9,N-1,1,559,True,0.0,0,0.0,0.0,0.0,0.0,0.0,1,5,0.0,0,0
248,207,-102.25156124075305,102.25156124075305,"14,15",common_bus_N-2,2,644,True,0.0,0,0.0,0.0,0.0,0.0,0.0,1,5,53.533849239349365,1,0
249,208,-100.0,100.0,"16,19",common_bus_N-2,2,1298,True,0.0,0,0.0,0.0,0.0,0.0,0.0,1,2,15.59422608613968,0,0
250,209,0.0,-0.0,17,N-1,1,1401,True,0.0,0,0.0,0.0,0.0,0.0,0.0,1,1,0.0,0,0
251,210,-102.97781773747438,102.97781773747438,"2,4",common_bus_N-2,2,1803,True,0.0,0,0.0,0.0,0.0,0.0,0.0,1,5,6.429827046394351,0,0
252,211,-104.02105608476768,104.02105608476768,"4,6",common_bus_N-2,2,166,True,0.0,0,0.0,0.0,0.0,0.0,0.0,1,7,0.0,1,0
253,212,-102.9689601586627,102.9689601586627,"7,8",common_bus_N-2,2,1364,True,0.0,0,0.0,0.0,0.0,0.0,0.0,1,5,2.7640406489372253,0,0
254,213,-100.1,100.1,"2,5",common_bus_N-2,2,1434,True,0.0,0,0.0,0.0,0.0,0.0,0.0,1,3,0.0,1,0
255,214,-105.85829567632416,105.85829567632416,9,N-1,1,792,True,0.0,0,0.0,0.0,0.0,0.0,0.0,1,7,8.196704685688019,0,0
256,215,0.0,-0.0,"14,16",common_bus_N-2,2,1097,True,0.0,0,0.0,0.0,0.0,0.0,0.0,1,2,0.0,0,0
257,216,-100.1,100.1,"7,14",common_bus_N-2,2,1410,True,0.0,0,0.0,0.0,0.0,0.0,0.0,1,3,0.0,1,0
258,217,-105.0009915325376,105.0009915325376,2,N-1,1,165,True,0.0,0,0.0,0.0,0.0,0.0,0.0,1,7,6.5790311098098755,1,0
259,218,-104.02105608476768,104.02105608476768,"10,12",common_bus_N-2,2,1872,True,0.0,0,0.0,0.0,0.0,0.0,0.0,1,7,0.0,1,0
260,219,-0.1,0.1,"8,16",common_bus_N-2,2,1606,True,0.0,0,0.0,0.0,0.0,0.0,0.0,1,3,0.0,1,0
261,220,-0.1,0.1,12,N-1,1,1668,True,0.0,0,0.0,0.0,0.0,0.0,0.0,1,2,0.0,1,0
262,221,-103.92105608476768,103.92105608476768,"6,7",common_bus_N-2,2,95,True,0.0,0,0.0,0.0,0.0,0.0,0.0,1,6,0.0,0,0
263,222,-108.79785341910068,108.79785341910068,"3,7",common_bus_N-2,2,421,True,0.0,0,0.0,0.0,0.0,0.0,0.0,1,12,28.997757935523993,1,0
266,223,-107.04547989531557,107.04547989531557,1,N-1,1,1463,True,0.0,0,0.0,0.0,0.0,0.0,0.0,3,7,0.0,1,0
267,224,-103.1693462590488,103.1693462590488,"14,16",common_bus_N-2,2,1498,True,0.0,0,0.0,0.0,0.0,0.0,0.0,1,6,30.397265315055847,1,0
268,225,0.0,-0.0,"8,15",common_bus_N-2,2,1484,True,0.0,0,0.0,0.0,0.0,0.0,0.0,1,2,0.0,0,0
269,226,-100.1,100.1,"0,1",common_bus_N-2,2,932,True,0.0,0,0.0,0.0,0.0,0.0,0.0,1,3,0.0,1,0
270,227,-102.95544664514918,102.95544664514918,1,N-1,1,78,True,0.0,0,0.0,0.0,0.0,0.0,0.0,1,4,0.0,0,0
272,228,-112.94310901244667,112.94310901244667,6,N-1,1,1579,True,0.0,0,0.0,0.0,0.0,0.0,0.0,2,14,90.15263321399689,1,0
273,229,-100.1,100.1,"9,11",common_bus_N-2,2,673,True,0.0,0,0.0,0.0,0.0,0.0,0.0,1,3,0.0,1,0
274,230,-106.07219529022377,106.07219529022377,9,N-1,1,484,True,0.0,0,0.0,0.0,0.0,0.0,0.0,1,8,37.76310980319977,1,0
276,231,-111.03148068812283,111.03148068812283,"3,7",common_bus_N-2,2,1243,True,0.0,0,0.0,0.0,0.0,0.0,0.0,2,13,73.9774487376213,1,0
277,232,-100.1,100.1,"13,14",common_bus_N-2,2,1066,True,0.0,0,0.0,0.0,0.0,0.0,0.0,1,3,0.0,1,0
279,233,-105.11262543239454,105.11262543239454,"14,16",common_bus_N-2,2,1140,True,0.0,0,0.0,0.0,0.0,0.0,0.0,2,6,34.06799268722534,0,0
280,234,0.0,-0.0,17,N-1,1,1482,True,0.0,0,0.0,0.0,0.0,0.0,0.0,1,1,0.0,0,0
281,235,0.0,-0.0,4,N-1,1,554,True,0.0,0,0.0,0.0,0.0,0.0,0.0,1,1,0.0,0,0
282,236,-100.1,100.1,"3,6",common_bus_N-2,2,1749,True,0.0,0,0.0,0.0,0.0,0.0,0.0,1,3,0.0,1,0
283,237,-101.12822125828782,101.12822125828782,"11,12",common_bus_N-2,2,19,True,0.0,0,0.0,0.0,0.0,0.0,0.0,1,3,33.00816410779953,0,0
285,238,-111.11521617737904,111.11521617737904,"6,8",common_bus_N-2,2,1059,True,0.0,0,0.0,0.0,0.0,0.0,0.0,2,13,86.17066440582275,1,0
287,239,-105.05046327023238,105.05046327023238,4,N-1,1,1041,True,0.0,0,0.0,0.0,0.0,0.0,0.0,2,6,0.0,1,0
288,240,-105.9223428978834,105.9223428978834,"6,9",common_bus_N-2,2,1351,True,0.0,0,0.0,0.0,0.0,0.0,0.0,1,8,22.08979833126068,0,0
289,241,-103.05544664514919,103.05544664514919,"0,3",common_bus_N-2,2,236,True,0.0,0,0.0,0.0,0.0,0.0,0.0,1,6,0.0,1,0
290,242,-101.98013266932448,101.98013266932448,14,N-1,1,1878,True,0.0,0,0.0,0.0,0.0,0.0,0.0,1,3,0.0,0,0
291,243,-104.02105608476768,104.02105608476768,"2,4",common_bus_N-2,2,1916,True,0.0,0,0.0,0.0,0.0,0.0,0.0,1,7,0.0,1,0
292,244,-104.1442221079337,104.1442221079337,"12,18",common_bus_N-2,2,622,True,0.0,0,0.0,0.0,0.0,0.0,0.0,1,7,35.554087781906134,1,0
293,245,-100.1,100.1,"15,17",common_bus_N-2,2,1054,True,0.0,0,0.0,0.0,0.0,0.0,0.0,1,3,8.339182019233704,1,0
294,246,-107.00926665805382,107.00926665805382,9,N-1,1,1232,True,0.0,0,0.0,0.0,0.0,0.0,0.0,1,9,42.96205973625183,1,0
295,247,-0.1,0.1,"5,6",common_bus_N-2,2,1132,True,0.0,0,0.0,0.0,0.0,0.0,0.0,1,3,0.0,1,0
296,248,-105.85829567632416,105.85829567632416,"9,11",common_bus_N-2,2,1321,True,0.0,0,0.0,0.0,0.0,0.0,0.0,1,8,8.568901419639587,0,0
298,249,-102.1085301385967,102.1085301385967,17,N-1,1,1806,True,0.0,0,0.0,0.0,0.0,0.0,0.0,2,3,3.984332263469696,1,0
299,250,0.0,-0.0,17,N-1,1,172,True,0.0,0,0.0,0.0,0.0,0.0,0.0,1,1,0.0,0,0
300,251,-0.1,0.1,15,N-1,1,1629,True,0.0,0,0.0,0.0,0.0,0.0,0.0,1,2,0.0,1,0
301,252,-100.1,100.1,13,N-1,1,1779,True,0.0,0,0.0,0.0,0.0,0.0,0.0,1,2,0.0,1,0
302,253,-102.08013266932447,102.08013266932447,"12,19",common_bus_N-2,2,1702,True,0.0,0,0.0,0.0,0.0,0.0,0.0,1,5,0.0,1,0
303,254,0.0,-0.0,14,N-1,1,1965,True,0.0,0,0.0,0.0,0.0,0.0,0.0,1,1,0.0,0,0
304,255,-102.08013266932447,102.08013266932447,14,N-1,1,231,True,0.0,0,0.0,0.0,0.0,0.0,0.0,1,4,0.0,1,0
305,256,0.0,-0.0,8,N-1,1,1361,True,0.0,0,0.0,0.0,0.0,0.0,0.0,1,1,0.0,0,0
306,257,0.0,-0.0,8,N-1,1,1904,True,0.0,0,0.0,0.0,0.0,0.0,0.0,1,1,0.0,0,0
307,258,-106.03744625547475,106.03744625547475,"9,12",common_bus_N-2,2,894,True,0.0,0,0.0,0.0,0.0,0.0,0.0,1,9,28.802448362112045,1,0
308,259,0.0,-0.0,19,N-1,1,514,True,0.0,0,0.0,0.0,0.0,0.0,0.0,1,1,0.0,0,0
309,260,-102.08013266932447,102.08013266932447,"10,11",common_bus_N-2,2,788,True,0.0,0,0.0,0.0,0.0,0.0,0.0,1,5,0.0,1,0
310,261,-100.1,100.1,"5,7",common_bus_N-2,2,499,True,0.0,0,0.0,0.0,0.0,0.0,0.0,1,3,0.0,1,0
311,262,-100.1,100.1,"11,18",common_bus_N-2,2,1679,True,0.0,0,0.0,0.0,0.0,0.0,0.0,1,3,4.799008226394653,1,0
312,263,-104.91180658467763,104.91180658467763,"4,9",common_bus_N-2,2,275,True,0.0,0,0.0,0.0,0.0,0.0,0.0,1,7,8.026734173297882,0,0
313,264,-104.99095716382821,104.99095716382821,"9,11",common_bus_N-2,2,555,True,0.0,0,0.0,0.0,0.0,0.0,0.0,1,7,27.670568138360977,0,0
314,265,-105.19674866961972,105.19674866961972,"10,12",common_bus_N-2,2,1632,True,0.0,0,0.0,0.0,0.0,0.0,0.0,1,8,50.55639132857323,1,0
315,266,-105.95829567632416,105.95829567632416,4,N-1,1,41,True,0.0,0,0.0,0.0,0.0,0.0,0.0,1,8,9.42590582370758,1,0
316,267,-106.03744625547475,106.03744625547475,"4,9",common_bus_N-2,2,1196,True,0.0,0,0.0,0.0,0.0,0.0,0.0,1,9,30.150718331336975,1,0
317,268,-106.9468369476481,106.9468369476481,"3,4",common_bus_N-2,2,739,True,0.0,0,0.0,0.0,0.0,0.0,0.0,1,10,24.584350848197943,1,0
319,269,-105.05046327023238,105.05046327023238,19,N-1,1,421,True,0.0,0,0.0,0.0,0.0,0.0,0.0,2,6,0.0,1,0
320,270,-100.0,100.0,"2,5",common_bus_N-2,2,1813,True,0.0,0,0.0,0.0,0.0,0.0,0.0,1,2,13.664653563499456,0,0
321,271,-103.92105608476768,103.92105608476768,"2,3",common_bus_N-2,2,1422,True,0.0,0,0.0,0.0,0.0,0.0,0.0,1,6,0.0,0,0
322,272,-105.97180918983767,105.97180918983767,"3,6",common_bus_N-2,2,1652,True,0.0,0,0.0,0.0,0.0,0.0,0.0,1,9,10.085348039865494,1,0
323,273,-0.1,0.1,"10,12",common_bus_N-2,2,1363,True,0.0,0,0.0,0.0,0.0,0.0,0.0,1,3,0.0,1,0
324,274,-100.1,100.1,"10,17",common_bus_N-2,2,1623,True,0.0,0,0.0,0.0,0.0,0.0,0.0,1,3,3.0839136242866516,1,0
326,275,-106.17398776776594,106.17398776776594,"6,8",common_bus_N-2,2,884,True,0.0,0,0.0,0.0,0.0,0.0,0.0,2,8,40.48665861487389,1,0
327,276,-100.1,100.1,"8,14",common_bus_N-2,2,1900,True,0.0,0,0.0,0.0,0.0,0.0,0.0,1,3,0.0,1,0
328,277,-100.0,100.0,"15,17",common_bus_N-2,2,331,True,0.0,0,0.0,0.0,0.0,0.0,0.0,1,2,10.182304859161377,0,0
329,278,-105.01180658467763,105.01180658467763,"6,9",common_bus_N-2,2,1380,True,0.0,0,0.0,0.0,0.0,0.0,0.0,1,8,6.988312661647797,1,0
330,279,-103.05544664514919,103.05544664514919,"1,4",common_bus_N-2,2,170,True,0.0,0,0.0,0.0,0.0,0.0,0.0,1,6,0.0,1,0
331,280,-0.1,0.1,5,N-1,1,510,True,0.0,0,0.0,0.0,0.0,0.0,0.0,1,2,0.0,1,0
332,281,-107.03204658083375,107.03204658083375,"4,9",common_bus_N-2,2,740,True,0.0,0,0.0,0.0,0.0,0.0,0.0,1,10,50.24652371406555,1,0
333,282,-103.05544664514919,103.05544664514919,15,N-1,1,950,True,0.0,0,0.0,0.0,0.0,0.0,0.0,1,5,0.0,1,0
334,283,-100.1,100.1,"5,8",common_bus_N-2,2,561,True,0.0,0,0.0,0.0,0.0,0.0,0.0,1,3,0.0,1,0
335,284,-105.0072587049148,105.0072587049148,1,N-1,1,682,True,0.0,0,0.0,0.0,0.0,0.0,0.0,1,7,9.83767572641375,1,0
336,285,-102.1133373025291,102.1133373025291,"11,12",common_bus_N-2,2,1246,True,0.0,0,0.0,0.0,0.0,0.0,0.0,1,4,37.27367216348648,0,0
337,286,-0.1,0.1,"15,16",common_bus_N-2,2,1115,True,0.0,0,0.0,0.0,0.0,0.0,0.0,1,3,0.0,1,0
338,287,-105.19674866961972,105.19674866961972,9,N-1,1,269,True,0.0,0,0.0,0.0,0.0,0.0,0.0,1,7,49.37762653231621,1,0
339,288,-100.0,100.0,"10,17",common_bus_N-2,2,754,True,0.0,0,0.0,0.0,0.0,0.0,0.0,1,2,3.635439097881317,0,0
340,289,-100.1,100.1,"1,9",common_bus_N-2,2,649,True,0.0,0,0.0,0.0,0.0,0.0,0.0,1,3,0.0,1,0
341,290,-103.92105608476768,103.92105608476768,2,N-1,1,490,True,0.0,0,0.0,0.0,0.0,0.0,0.0,1,5,0.0,0,0
342,291,-106.92792236122939,106.92792236122939,"14,15",common_bus_N-2,2,632,True,0.0,0,0.0,0.0,0.0,0.0,0.0,1,10,20.046696364879608,1,0
343,292,-104.02713707636413,104.02713707636413,"15,16",common_bus_N-2,2,761,True,0.0,0,0.0,0.0,0.0,0.0,0.0,1,7,1.6495561838150081,1,0
344,293,-104.02105608476768,104.02105608476768,2,N-1,1,1313,True,0.0,0,0.0,0.0,0.0,0.0,0.0,1,6,0.0,1,0
345,294,-104.0345695982812,104.0345695982812,"5,8",common_bus_N-2,2,1923,True,0.0,0,0.0,0.0,0.0,0.0,0.0,1,7,3.1572956442832947,1,0
346,295,-100.1,100.1,"10,17",common_bus_N-2,2,1480,True,0.0,0,0.0,0.0,0.0,0.0,0.0,1,3,3.20461043715477,1,0
347,296,-102.08013266932447,102.08013266932447,"10,11",common_bus_N-2,2,1028,True,0.0,0,0.0,0.0,0.0,0.0,0.0,1,5,0.0,1,0
348,297,-104.02105608476768,104.02105608476768,"2,3",common_bus_N-2,2,1449,True,0.0,0,0.0,0.0,0.0,0.0,0.0,1,7,0.0,1,0
349,298,-100.1,100.1,"11,18",common_bus_N-2,2,1207,True,0.0,0,0.0,0.0,0.0,0.0,0.0,1,3,6.39584891796112,1,0
350,299,-100.1,100.1,"10,17",common_bus_N-2,2,1457,True,0.0,0,0.0,0.0,0.0,0.0,0.0,1,3,3.139327734708786,1,0
352,300,-106.06433525811342,106.06433525811342,7,N-1,1,1030,True,0.0,0,0.0,0.0,0.0,0.0,0.0,2,7,12.732499837875366,1,0
353,301,-103.05544664514919,103.05544664514919,0,N-1,1,1136,True,0.0,0,0.0,0.0,0.0,0.0,0.0,1,5,0.0,1,0
354,302,-102.95544664514918,102.95544664514918,6,N-1,1,723,True,0.0,0,0.0,0.0,0.0,0.0,0.0,1,4,0.0,0,0
355,303,-102.95544664514918,102.95544664514918,"1,4",common_bus_N-2,2,1891,True,0.0,0,0.0,0.0,0.0,0.0,0.0,1,5,0.0,0,0
356,304,-102.08013266932447,102.08013266932447,7,N-1,1,1152,True,0.0,0,0.0,0.0,0.0,0.0,0.0,1,4,0.0,1,0
357,305,-0.1,0.1,5,N-1,1,1372,True,0.0,0,0.0,0.0,0.0,0.0,0.0,1,2,0.0,1,0
358,306,-100.13474903474903,100.13474903474903,17,N-1,1,1813,True,0.0,0,0.0,0.0,0.0,0.0,0.0,1,2,10.27537214756012,1,0
359,307,-107.83662790959897,107.83662790959897,"7,8",common_bus_N-2,2,1802,True,0.0,0,0.0,0.0,0.0,0.0,0.0,1,11,13.629427552223206,1,0
361,308,-108.80389718275092,108.80389718275092,"3,8",common_bus_N-2,2,1782,True,0.0,0,0.0,0.0,0.0,0.0,0.0,2,10,12.764902412891388,0,0
362,309,0.0,-0.0,18,N-1,1,1045,True,0.0,0,0.0,0.0,0.0,0.0,0.0,1,1,0.0,0,0
363,310,-102.95544664514918,102.95544664514918,"15,16",common_bus_N-2,2,942,True,0.0,0,0.0,0.0,0.0,0.0,0.0,1,5,0.0,0,0
364,311,-103.9345695982812,103.9345695982812,"8,14",common_bus_N-2,2,1429,True,0.0,0,0.0,0.0,0.0,0.0,0.0,1,6,2.8056312203407288,0,0
366,312,-111.27046741963623,111.27046741963623,"6,8",common_bus_N-2,2,637,True,0.0,0,0.0,0.0,0.0,0.0,0.0,2,13,141.13773859739305,1,0
367,313,-101.2046691347357,101.2046691347357,"15,16",common_bus_N-2,2,289,True,0.0,0,0.0,0.0,0.0,0.0,0.0,1,4,27.27868926525116,1,0
368,314,-105.93744625547474,105.93744625547474,"9,12",common_bus_N-2,2,878,True,0.0,0,0.0,0.0,0.0,0.0,0.0,1,8,28.750767320394516,0,0
369,315,-105.02532009819114,105.02532009819114,8,N-1,1,147,True,0.0,0,0.0,0.0,0.0,0.0,0.0,1,7,14.760521054267883,1,0
370,316,-101.98013266932448,101.98013266932448,2,N-1,1,1720,True,0.0,0,0.0,0.0,0.0,0.0,0.0,1,3,0.0,0,0
371,317,-106.11774939970606,106.11774939970606,"12,18",common_bus_N-2,2,1270,True,0.0,0,0.0,0.0,0.0,0.0,0.0,1,9,55.25477147102356,1,0
372,318,-108.85553012152583,108.85553012152583,"1,9",common_bus_N-2,2,323,True,0.0,0,0.0,0.0,0.0,0.0,0.0,1,12,42.99967575073242,1,0
374,319,-107.85870922021131,107.85870922021131,3,N-1,1,286,True,0.0,0,0.0,0.0,0.0,0.0,0.0,2,8,0.3682648897171106,0,0
375,320,0.0,-0.0,"3,5",common_bus_N-2,2,199,True,0.0,0,0.0,0.0,0.0,0.0,0.0,1,2,0.0,0,0
376,321,-101.98013266932448,101.98013266932448,"1,6",common_bus_N-2,2,1322,True,0.0,0,0.0,0.0,0.0,0.0,0.0,1,4,0.0,0,0
377,322,-103.05798353746874,103.05798353746874,"2,4",common_bus_N-2,2,1061,True,0.0,0,0.0,0.0,0.0,0.0,0.0,1,6,0.6182515263557491,1,0
378,323,-100.15277342693571,100.15277342693571,"2,4",common_bus_N-2,2,648,True,0.0,0,0.0,0.0,0.0,0.0,0.0,1,3,16.633785343170175,1,0
379,324,-100.1,100.1,"0,1",common_bus_N-2,2,461,True,0.0,0,0.0,0.0,0.0,0.0,0.0,1,3,0.0,1,0
380,325,-106.8496445758952,106.8496445758952,"3,6",common_bus_N-2,2,90,True,0.0,0,0.0,0.0,0.0,0.0,0.0,1,9,27.393970894813535,0,0
381,326,-105.83706015508864,105.83706015508864,"3,6",common_bus_N-2,2,904,True,0.0,0,0.0,0.0,0.0,0.0,0.0,1,8,3.7404202222824097,0,0
382,327,-100.1,100.1,"16,19",common_bus_N-2,2,83,True,0.0,0,0.0,0.0,0.0,0.0,0.0,1,3,17.322337400913238,1,0
383,328,-100.1,100.1,"7,14",common_bus_N-2,2,770,True,0.0,0,0.0,0.0,0.0,0.0,0.0,1,3,0.0,1,0
384,329,-106.90926665805382,106.90926665805382,"9,12",common_bus_N-2,2,1838,True,0.0,0,0.0,0.0,0.0,0.0,0.0,1,9,44.66619920730591,0,0
385,330,-103.05544664514919,103.05544664514919,0,N-1,1,1339,True,0.0,0,0.0,0.0,0.0,0.0,0.0,1,5,0.0,1,0
386,331,-100.1,100.1,"0,1",common_bus_N-2,2,195,True,0.0,0,0.0,0.0,0.0,0.0,0.0,1,3,0.0,1,0
387,332,-100.1,100.1,"16,19",common_bus_N-2,2,410,True,0.0,0,0.0,0.0,0.0,0.0,0.0,1,3,18.704762864112855,1,0
388,333,-104.02105608476768,104.02105608476768,17,N-1,1,1220,True,0.0,0,0.0,0.0,0.0,0.0,0.0,1,6,0.0,1,0
389,334,-103.05544664514919,103.05544664514919,"3,7",common_bus_N-2,2,303,True,0.0,0,0.0,0.0,0.0,0.0,0.0,1,6,0.0,1,0
390,335,-100.1,100.1,"11,18",common_bus_N-2,2,920,True,0.0,0,0.0,0.0,0.0,0.0,0.0,1,3,6.681350111961365,1,0
391,336,-107.08030912909629,107.08030912909629,"6,9",common_bus_N-2,2,1935,True,0.0,0,0.0,0.0,0.0,0.0,0.0,1,10,49.923133039474486,1,0
392,337,0.0,-0.0,"12,19",common_bus_N-2,2,238,True,0.0,0,0.0,0.0,0.0,0.0,0.0,1,2,0.0,0,0
393,338,-100.14826254826255,100.14826254826255,10,N-1,1,806,True,0.0,0,0.0,0.0,0.0,0.0,0.0,1,2,10.786932706832886,1,0
394,339,-100.1,100.1,"3,7",common_bus_N-2,2,429,True,0.0,0,0.0,0.0,0.0,0.0,0.0,1,3,0.0,1,0
395,340,-104.02105608476768,104.02105608476768,"6,8",common_bus_N-2,2,56,True,0.0,0,0.0,0.0,0.0,0.0,0.0,1,7,0.0,1,0
396,341,-103.05544664514919,103.05544664514919,"0,3",common_bus_N-2,2,2000,True,0.0,0,0.0,0.0,0.0,0.0,0.0,1,6,0.0,1,0
397,342,-105.97180918983767,105.97180918983767,"5,6",common_bus_N-2,2,1917,True,0.0,0,0.0,0.0,0.0,0.0,0.0,1,9,11.783868819475174,1,0
398,343,0.0,-0.0,"18,19",common_bus_N-2,2,1307,True,0.0,0,0.0,0.0,0.0,0.0,0.0,1,2,0.0,0,0
399,344,-101.22822125828782,101.22822125828782,"8,16",common_bus_N-2,2,1730,True,0.0,0,0.0,0.0,0.0,0.0,0.0,1,4,29.159416526556015,1,0
400,345,-100.1,100.1,"0,1",common_bus_N-2,2,604,True,0.0,0,0.0,0.0,0.0,0.0,0.0,1,3,0.0,1,0
401,346,-0.1,0.1,4,N-1,1,577,True,0.0,0,0.0,0.0,0.0,0.0,0.0,1,2,0.0,1,0
402,347,-0.1,0.1,12,N-1,1,1211,True,0.0,0,0.0,0.0,0.0,0.0,0.0,1,2,0.0,1,0
403,348,0.0,-0.0,17,N-1,1,815,True,0.0,0,0.0,0.0,0.0,0.0,0.0,1,1,0.0,0,0
404,349,-0.1,0.1,"12,19",common_bus_N-2,2,205,True,0.0,0,0.0,0.0,0.0,0.0,0.0,1,3,0.0,1,0
406,350,-103.2036847928766,103.2036847928766,17,N-1,1,659,True,0.0,0,0.0,0.0,0.0,0.0,0.0,2,5,7.380373406410217,2,0
407,351,-103.08123068954848,103.08123068954848,"10,12",common_bus_N-2,2,1252,True,0.0,0,0.0,0.0,0.0,0.0,0.0,1,6,7.456799674034116,1,0
408,352,0.0,-0.0,18,N-1,1,496,True,0.0,0,0.0,0.0,0.0,0.0,0.0,1,1,0.0,0,0
409,353,-100.0,100.0,"7,13",common_bus_N-2,2,1966,True,0.0,0,0.0,0.0,0.0,0.0,0.0,1,2,0.0,0,0
410,354,-107.03222938888611,107.03222938888611,"3,8",common_bus_N-2,2,984,True,0.0,0,0.0,0.0,0.0,0.0,0.0,1,10,51.93584337234497,1,0
411,355,-100.1,100.1,"15,17",common_bus_N-2,2,1082,True,0.0,0,0.0,0.0,0.0,0.0,0.0,1,3,7.521534204483032,1,0
412,356,-107.89415686712793,107.89415686712793,"5,6",common_bus_N-2,2,1521,True,0.0,0,0.0,0.0,0.0,0.0,0.0,1,11,29.08716630935669,1,0
413,357,-106.88116980260762,106.88116980260762,"14,16",common_bus_N-2,2,1260,True,0.0,0,0.0,0.0,0.0,0.0,0.0,1,10,5.762120771408078,1,0
414,358,-100.114,100.114,"15,17",common_bus_N-2,2,762,True,0.0,0,0.0,0.0,0.0,0.0,0.0,1,3,12.912018597126007,1,0
415,359,-106.9803091290963,106.9803091290963,"9,10",common_bus_N-2,2,397,True,0.0,0,0.0,0.0,0.0,0.0,0.0,1,9,70.33581730127335,0,0
416,360,-0.1,0.1,"6,8",common_bus_N-2,2,1123,True,0.0,0,0.0,0.0,0.0,0.0,0.0,1,3,0.0,1,0
417,361,-100.1,100.1,"11,18",common_bus_N-2,2,1555,True,0.0,0,0.0,0.0,0.0,0.0,0.0,1,3,6.553516089916229,1,0
418,362,-108.00805648102754,108.00805648102754,"18,19",common_bus_N-2,2,661,True,0.0,0,0.0,0.0,0.0,0.0,0.0,1,11,71.68676198720932,1,0
419,363,0.0,-0.0,16,N-1,1,851,True,0.0,0,0.0,0.0,0.0,0.0,0.0,1,1,0.0,0,0
420,364,0.0,-0.0,"5,6",common_bus_N-2,2,522,True,0.0,0,0.0,0.0,0.0,0.0,0.0,1,2,0.0,0,0
421,365,-106.86061800940517,106.86061800940517,9,N-1,1,1189,True,0.0,0,0.0,0.0,0.0,0.0,0.0,1,9,0.0,1,0
422,366,0.0,-0.0,6,N-1,1,1976,True,0.0,0,0.0,0.0,0.0,0.0,0.0,1,1,0.0,0,0
423,367,-100.1,100.1,"7,13",common_bus_N-2,2,1327,True,0.0,0,0.0,0.0,0.0,0.0,0.0,1,3,0.0,1,0
424,368,-0.1,0.1,3,N-1,1,1426,True,0.0,0,0.0,0.0,0.0,0.0,0.0,1,2,0.0,1,0
425,369,-100.14826254826255,100.14826254826255,"8,15",common_bus_N-2,2,386,True,0.0,0,0.0,0.0,0.0,0.0,0.0,1,3,15.716493129730225,1,0
426,370,-100.0,100.0,"10,17",common_bus_N-2,2,331,True,0.0,0,0.0,0.0,0.0,0.0,0.0,1,2,3.959785223007202,0,0
427,371,-103.05544664514919,103.05544664514919,11,N-1,1,1818,True,0.0,0,0.0,0.0,0.0,0.0,0.0,1,5,0.0,1,0
428,372,-100.0,100.0,"7,13",common_bus_N-2,2,62,True,0.0,0,0.0,0.0,0.0,0.0,0.0,1,2,0.0,0,0
429,373,-104.02105608476768,104.02105608476768,"1,9",common_bus_N-2,2,2006,True,0.0,0,0.0,0.0,0.0,0.0,0.0,1,7,0.0,1,0
430,374,-104.8770575499286,104.8770575499286,"12,19",common_bus_N-2,2,661,True,0.0,0,0.0,0.0,0.0,0.0,0.0,1,7,0.0,0,0
431,375,-102.0147951381629,102.0147951381629,"14,15",common_bus_N-2,2,614,True,0.0,0,0.0,0.0,0.0,0.0,0.0,1,4,9.46179312467575,0,0
432,376,-101.98013266932448,101.98013266932448,"5,7",common_bus_N-2,2,35,True,0.0,0,0.0,0.0,0.0,0.0,0.0,1,4,0.0,0,0
433,377,0.0,-0.0,"5,6",common_bus_N-2,2,270,True,0.0,0,0.0,0.0,0.0,0.0,0.0,1,2,0.0,0,0
434,378,-100.9950166250832,100.9950166250832,"8,14",common_bus_N-2,2,1677,True,0.0,0,0.0,0.0,0.0,0.0,0.0,1,3,0.0,0,0
436,379,-107.02033672327434,107.02033672327434,"5,7",common_bus_N-2,2,10,True,0.0,0,0.0,0.0,0.0,0.0,0.0,2,9,11.723343282938004,1,0
437,380,-107.90805648102754,107.90805648102754,"9,10",common_bus_N-2,2,697,True,0.0,0,0.0,0.0,0.0,0.0,0.0,1,10,70.36621874570847,0,0
438,381,0.0,-0.0,12,N-1,1,803,True,0.0,0,0.0,0.0,0.0,0.0,0.0,1,1,0.0,0,0
439,382,-106.12972424775273,106.12972424775273,"9,12",common_bus_N-2,2,1330,True,0.0,0,0.0,0.0,0.0,0.0,0.0,1,9,50.709059143066405,1,0
440,383,-106.8982011615667,106.8982011615667,"3,8",common_bus_N-2,2,351,True,0.0,0,0.0,0.0,0.0,0.0,0.0,1,10,11.419908964633947,1,0
441,384,-100.1,100.1,"9,10",common_bus_N-2,2,252,True,0.0,0,0.0,0.0,0.0,0.0,0.0,1,3,0.0,1,0
443,385,-105.12105608476767,105.12105608476767,"3,8",common_bus_N-2,2,1304,True,0.0,0,0.0,0.0,0.0,0.0,0.0,2,8,0.0,2,0
444,386,-100.0,100.0,"0,1",common_bus_N-2,2,557,True,0.0,0,0.0,0.0,0.0,0.0,0.0,1,2,0.0,0,0
445,387,-104.05039971411131,104.05039971411131,5,N-1,1,1294,True,0.0,0,0.0,0.0,0.0,0.0,0.0,1,6,7.980265092849731,1,0
446,388,-105.14319813759766,105.14319813759766,"3,8",common_bus_N-2,2,375,True,0.0,0,0.0,0.0,0.0,0.0,0.0,1,7,87.4893364906311,0,0
447,389,-100.0,100.0,"16,19",common_bus_N-2,2,1821,True,0.0,0,0.0,0.0,0.0,0.0,0.0,1,2,16.440569293498992,0,0
448,390,-101.98013266932448,101.98013266932448,2,N-1,1,515,True,0.0,0,0.0,0.0,0.0,0.0,0.0,1,3,0.0,0,0
449,391,-102.9672081225791,102.9672081225791,"5,6",common_bus_N-2,2,712,True,0.0,0,0.0,0.0,0.0,0.0,0.0,1,5,3.5765487194061336,0,0
450,392,-100.1,100.1,"2,5",common_bus_N-2,2,1594,True,0.0,0,0.0,0.0,0.0,0.0,0.0,1,3,0.33288048505782797,1,0
451,393,-103.05544664514919,103.05544664514919,0,N-1,1,13,True,0.0,0,0.0,0.0,0.0,0.0,0.0,1,5,0.0,1,0
452,394,-100.1,100.1,"4,6",common_bus_N-2,2,567,True,0.0,0,0.0,0.0,0.0,0.0,0.0,1,3,0.0,1,0
453,395,-107.15598480477196,107.15598480477196,"9,11",common_bus_N-2,2,19,True,0.0,0,0.0,0.0,0.0,0.0,0.0,1,10,73.1920160651207,1,0
454,396,0.0,-0.0,"8,16",common_bus_N-2,2,1438,True,0.0,0,0.0,0.0,0.0,0.0,0.0,1,2,0.0,0,0
455,397,-100.1,100.1,"16,19",common_bus_N-2,2,1229,True,0.0,0,0.0,0.0,0.0,0.0,0.0,1,3,16.22754031419754,1,0
457,398,-109.07532575417949,109.07532575417949,"3,8",common_bus_N-2,2,1183,True,0.0,0,0.0,0.0,0.0,0.0,0.0,2,11,52.317874217033385,1,0
459,399,-105.05046327023238,105.05046327023238,"5,7",common_bus_N-2,2,1670,True,0.0,0,0.0,0.0,0.0,0.0,0.0,2,7,0.0,1,0
460,400,-100.0,100.0,"15,17",common_bus_N-2,2,1279,True,0.0,0,0.0,0.0,0.0,0.0,0.0,1,2,9.500015258789062,0,0
461,401,-103.05544664514919,103.05544664514919,"0,2",common_bus_N-2,2,1065,True,0.0,0,0.0,0.0,0.0,0.0,0.0,1,6,0.0,1,0
463,402,-102.09501662508319,102.09501662508319,"10,11",common_bus_N-2,2,1631,True,0.0,0,0.0,0.0,0.0,0.0,0.0,2,4,0.0,1,0
464,403,-103.05544664514919,103.05544664514919,12,N-1,1,1785,True,0.0,0,0.0,0.0,0.0,0.0,0.0,1,5,0.0,1,0
465,404,-103.05544664514919,103.05544664514919,"0,4",common_bus_N-2,2,1193,True,0.0,0,0.0,0.0,0.0,0.0,0.0,1,6,0.0,1,0
466,405,-100.1,100.1,"7,13",common_bus_N-2,2,1501,True,0.0,0,0.0,0.0,0.0,0.0,0.0,1,3,0.0,1,0
468,406,-105.9295862233644,105.9295862233644,"5,7",common_bus_N-2,2,1500,True,0.0,0,0.0,0.0,0.0,0.0,0.0,2,7,3.497264415025711,0,0
469,407,0.0,-0.0,12,N-1,1,1257,True,0.0,0,0.0,0.0,0.0,0.0,0.0,1,1,0.0,0,0
470,408,-104.07858504229664,104.07858504229664,"7,8",common_bus_N-2,2,1548,True,0.0,0,0.0,0.0,0.0,0.0,0.0,1,7,16.03159145116806,1,0
471,409,-103.92105608476768,103.92105608476768,"5,7",common_bus_N-2,2,1215,True,0.0,0,0.0,0.0,0.0,0.0,0.0,1,6,0.0,0,0
472,410,-103.30255089225344,103.30255089225344,"14,15",common_bus_N-2,2,166,True,0.0,0,0.0,0.0,0.0,0.0,0.0,1,6,71.29988098144531,1,0
473,411,-104.02154800241857,104.02154800241857,"5,8",common_bus_N-2,2,727,True,0.0,0,0.0,0.0,0.0,0.0,0.0,1,7,0.14476094245911497,1,0
474,412,-101.09501662508319,101.09501662508319,"12,19",common_bus_N-2,2,1303,True,0.0,0,0.0,0.0,0.0,0.0,0.0,1,4,0.0,1,0
475,413,-100.1,100.1,"15,17",common_bus_N-2,2,318,True,0.0,0,0.0,0.0,0.0,0.0,0.0,1,3,9.649854183197021,1,0
476,414,-101.09501662508319,101.09501662508319,5,N-1,1,188,True,0.0,0,0.0,0.0,0.0,0.0,0.0,1,3,0.0,1,0
478,415,-105.06397678374589,105.06397678374589,4,N-1,1,1146,True,0.0,0,0.0,0.0,0.0,0.0,0.0,2,6,2.994702637195587,1,0
479,416,-104.9770575499286,104.9770575499286,"3,7",common_bus_N-2,2,642,True,0.0,0,0.0,0.0,0.0,0.0,0.0,1,8,0.0,1,0
480,417,-105.83706015508864,105.83706015508864,"3,6",common_bus_N-2,2,855,True,0.0,0,0.0,0.0,0.0,0.0,0.0,1,8,3.1403428614139557,0,0
481,418,-105.85829567632416,105.85829567632416,"4,9",common_bus_N-2,2,1592,True,0.0,0,0.0,0.0,0.0,0.0,0.0,1,8,8.927814245223999,0,0
482,419,-105.09674866961971,105.09674866961971,"9,10",common_bus_N-2,2,1175,True,0.0,0,0.0,0.0,0.0,0.0,0.0,1,7,55.611669266223906,0,0
483,420,-100.1,100.1,"0,1",common_bus_N-2,2,27,True,0.0,0,0.0,0.0,0.0,0.0,0.0,1,3,0.0,1,0
484,421,0.0,-0.0,11,N-1,1,862,True,0.0,0,0.0,0.0,0.0,0.0,0.0,1,1,0.0,0,0
485,422,-100.1,100.1,"7,13",common_bus_N-2,2,1501,True,0.0,0,0.0,0.0,0.0,0.0,0.0,1,3,0.0,1,0
486,423,-104.05039971411131,104.05039971411131,"1,6",common_bus_N-2,2,785,True,0.0,0,0.0,0.0,0.0,0.0,0.0,1,7,7.1803533077239985,1,0
487,424,-105.0192223845459,105.0192223845459,"14,16",common_bus_N-2,2,666,True,0.0,0,0.0,0.0,0.0,0.0,0.0,1,8,13.531535220146182,1,0
488,425,-104.98674852563401,104.98674852563401,4,N-1,1,701,True,0.0,0,0.0,0.0,0.0,0.0,0.0,1,7,3.0579569458961515,1,0
489,426,-106.14323776126625,106.14323776126625,"8,14",common_bus_N-2,2,1759,True,0.0,0,0.0,0.0,0.0,0.0,0.0,1,9,52.198069328069685,1,0
491,427,-107.02960313254076,107.02960313254076,"8,15",common_bus_N-2,2,1289,True,0.0,0,0.0,0.0,0.0,0.0,0.0,2,9,15.891675174236298,1,0
492,428,-0.1,0.1,17,N-1,1,762,True,0.0,0,0.0,0.0,0.0,0.0,0.0,1,2,0.0,1,0
493,429,0.0,-0.0,5,N-1,1,523,True,0.0,0,0.0,0.0,0.0,0.0,0.0,1,1,0.0,0,0
494,430,-103.05544664514919,103.05544664514919,"0,2",common_bus_N-2,2,1446,True,0.0,0,0.0,0.0,0.0,0.0,0.0,1,6,0.0,1,0
495,431,-107.99454296751404,107.99454296751404,"1,9",common_bus_N-2,2,1552,True,0.0,0,0.0,0.0,0.0,0.0,0.0,1,11,57.06939883232117,1,0
496,432,-100.1,100.1,"16,19",common_bus_N-2,2,1310,True,0.0,0,0.0,0.0,0.0,0.0,0.0,1,3,14.365389341115952,1,0
497,433,-101.1046691347357,101.1046691347357,"12,18",common_bus_N-2,2,1946,True,0.0,0,0.0,0.0,0.0,0.0,0.0,1,3,23.4304922580719,0,0
498,434,-100.13474903474903,100.13474903474903,15,N-1,1,1085,True,0.0,0,0.0,0.0,0.0,0.0,0.0,1,2,7.6884486079216,1,0
499,435,-103.00551710379051,103.00551710379051,"3,5",common_bus_N-2,2,144,True,0.0,0,0.0,0.0,0.0,0.0,0.0,1,5,15.050577831268313,0,0
500,436,-0.1,0.1,"5,8",common_bus_N-2,2,1895,True,0.0,0,0.0,0.0,0.0,0.0,0.0,1,3,0.0,1,0
501,437,-102.95544664514918,102.95544664514918,"14,15",common_bus_N-2,2,1262,True,0.0,0,0.0,0.0,0.0,0.0,0.0,1,5,0.0,0,0
503,438,-102.4147077447743,102.4147077447743,8,N-1,1,47,True,0.0,0,0.0,0.0,0.0,0.0,0.0,2,4,60.91179685592651,2,0
504,439,-103.92105608476768,103.92105608476768,"9,11",common_bus_N-2,2,518,True,0.0,0,0.0,0.0,0.0,0.0,0.0,1,6,0.0,0,0
505,440,-102.24229483148663,102.24229483148663,"14,16",common_bus_N-2,2,1782,True,0.0,0,0.0,0.0,0.0,0.0,0.0,1,5,42.89007210731506,1,0
507,441,-103.36146182159496,103.36146182159496,"14,15",common_bus_N-2,2,830,True,0.0,0,0.0,0.0,0.0,0.0,0.0,2,6,37.26024534702301,2,0
508,442,0.0,-0.0,18,N-1,1,1417,True,0.0,0,0.0,0.0,0.0,0.0,0.0,1,1,0.0,0,0
509,443,-101.98013266932448,101.98013266932448,8,N-1,1,334,True,0.0,0,0.0,0.0,0.0,0.0,0.0,1,3,0.0,0,0
510,444,-102.08013266932447,102.08013266932447,"5,8",common_bus_N-2,2,197,True,0.0,0,0.0,0.0,0.0,0.0,0.0,1,5,0.0,1,0
511,445,-0.1,0.1,4,N-1,1,224,True,0.0,0,0.0,0.0,0.0,0.0,0.0,1,2,0.0,1,0
512,446,0.0,-0.0,8,N-1,1,498,True,0.0,0,0.0,0.0,0.0,0.0,0.0,1,1,0.0,0,0
514,447,-104.95689185003167,104.95689185003167,4,N-1,1,965,True,0.0,0,0.0,0.0,0.0,0.0,0.0,2,5,2.0022168874740487,0,0
515,448,-100.1,100.1,13,N-1,1,929,True,0.0,0,0.0,0.0,0.0,0.0,0.0,1,2,0.0,1,0
516,449,-101.1046691347357,101.1046691347357,"12,18",common_bus_N-2,2,1685,True,0.0,0,0.0,0.0,0.0,0.0,0.0,1,3,22.327751231193545,0,0
517,450,-100.0,100.0,"7,13",common_bus_N-2,2,1385,True,0.0,0,0.0,0.0,0.0,0.0,0.0,1,2,0.0,0,0
518,451,-105.1832351561062,105.1832351561062,"6,8",common_bus_N-2,2,435,True,0.0,0,0.0,0.0,0.0,0.0,0.0,1,8,63.78578910827637,1,0
519,452,0.0,-0.0,"18,19",common_bus_N-2,2,1911,True,0.0,0,0.0,0.0,0.0,0.0,0.0,1,2,0.0,0,0
520,453,-105.82354664157512,105.82354664157512,"3,6",common_bus_N-2,2,264,True,0.0,0,0.0,0.0,0.0,0.0,0.0,1,8,0.0,0,0
521,454,-102.08013266932447,102.08013266932447,2,N-1,1,1407,True,0.0,0,0.0,0.0,0.0,0.0,0.0,1,4,0.0,1,0
522,455,0.0,-0.0,10,N-1,1,1100,True,0.0,0,0.0,0.0,0.0,0.0,0.0,1,1,0.0,0,0
523,456,-102.08013266932447,102.08013266932447,17,N-1,1,1573,True,0.0,0,0.0,0.0,0.0,0.0,0.0,1,4,0.0,1,0
524,457,-100.1,100.1,"7,13",common_bus_N-2,2,1867,True,0.0,0,0.0,0.0,0.0,0.0,0.0,1,3,0.0,1,0
525,458,-104.02105608476768,104.02105608476768,"0,4",common_bus_N-2,2,139,True,0.0,0,0.0,0.0,0.0,0.0,0.0,1,7,0.0,1,0
526,459,-100.1,100.1,"0,1",common_bus_N-2,2,39,True,0.0,0,0.0,0.0,0.0,0.0,0.0,1,3,0.0,1,0
528,460,-104.95046327023238,104.95046327023238,7,N-1,1,845,True,0.0,0,0.0,0.0,0.0,0.0,0.0,2,5,0.0,0,0
529,461,-103.9345695982812,103.9345695982812,"8,14",common_bus_N-2,2,1333,True,0.0,0,0.0,0.0,0.0,0.0,0.0,1,6,3.367798835039139,0,0
531,462,-104.95046327023238,104.95046327023238,1,N-1,1,202,True,0.0,0,0.0,0.0,0.0,0.0,0.0,2,5,0.0,0,0
532,463,-101.98013266932448,101.98013266932448,"3,4",common_bus_N-2,2,210,True,0.0,0,0.0,0.0,0.0,0.0,0.0,1,4,0.0,0,0
533,464,-100.1,100.1,"9,10",common_bus_N-2,2,199,True,0.0,0,0.0,0.0,0.0,0.0,0.0,1,3,0.0,1,0
535,465,-110.94347778196747,110.94347778196747,"3,7",common_bus_N-2,2,1179,True,0.0,0,0.0,0.0,0.0,0.0,0.0,2,12,55.78187547922134,0,0
536,466,-100.0,100.0,"7,14",common_bus_N-2,2,773,True,0.0,0,0.0,0.0,0.0,0.0,0.0,1,2,0.0,0,0
537,467,-104.02105608476768,104.02105608476768,"10,11",common_bus_N-2,2,800,True,0.0,0,0.0,0.0,0.0,0.0,0.0,1,7,0.0,1,0
538,468,-101.98013266932448,101.98013266932448,14,N-1,1,187,True,0.0,0,0.0,0.0,0.0,0.0,0.0,1,3,0.0,0,0
539,469,-0.1,0.1,6,N-1,1,1494,True,0.0,0,0.0,0.0,0.0,0.0,0.0,1,2,0.0,1,0
541,470,-109.15039745761774,109.15039745761774,3,N-1,1,1293,True,0.0,0,0.0,0.0,0.0,0.0,0.0,2,11,38.74380016326904,2,0
542,471,-102.08013266932447,102.08013266932447,"5,7",common_bus_N-2,2,1991,True,0.0,0,0.0,0.0,0.0,0.0,0.0,1,5,0.0,1,0
544,472,-103.97514929440767,103.97514929440767,17,N-1,1,354,True,0.0,0,0.0,0.0,0.0,0.0,0.0,2,4,0.0,0,0
545,473,-100.1,100.1,13,N-1,1,268,True,0.0,0,0.0,0.0,0.0,0.0,0.0,1,2,0.0,1,0
546,474,-102.08013266932447,102.08013266932447,"8,16",common_bus_N-2,2,1008,True,0.0,0,0.0,0.0,0.0,0.0,0.0,1,5,0.0,1,0
547,475,0.0,-0.0,"10,12",common_bus_N-2,2,1617,True,0.0,0,0.0,0.0,0.0,0.0,0.0,1,2,0.0,0,0
548,476,-102.18978517897699,102.18978517897699,"15,16",common_bus_N-2,2,345,True,0.0,0,0.0,0.0,0.0,0.0,0.0,1,5,32.85714631080627,1,0
549,477,-100.1,100.1,"3,6",common_bus_N-2,2,12,True,0.0,0,0.0,0.0,0.0,0.0,0.0,1,3,0.0,1,0
551,478,-111.97701663969023,111.97701663969023,"3,8",common_bus_N-2,2,50,True,0.0,0,0.0,0.0,0.0,0.0,0.0,2,13,93.31161369085311,0,0
553,479,-106.06433525811342,106.06433525811342,"18,19",common_bus_N-2,2,842,True,0.0,0,0.0,0.0,0.0,0.0,0.0,2,8,11.20353415608406,1,0
554,480,0.0,-0.0,"3,7",common_bus_N-2,2,1711,True,0.0,0,0.0,0.0,0.0,0.0,0.0,1,2,0.0,0,0
556,481,-104.28865127835383,104.28865127835383,12,N-1,1,691,True,0.0,0,0.0,0.0,0.0,0.0,0.0,2,6,42.7679089307785,2,0
557,482,-102.08013266932447,102.08013266932447,16,N-1,1,1296,True,0.0,0,0.0,0.0,0.0,0.0,0.0,1,4,0.0,1,0
558,483,-100.1,100.1,"15,17",common_bus_N-2,2,783,True,0.0,0,0.0,0.0,0.0,0.0,0.0,1,3,8.427074253559113,1,0
559,484,-103.93734568845447,103.93734568845447,2,N-1,1,1568,True,0.0,0,0.0,0.0,0.0,0.0,0.0,1,5,4.521312427520755,0,0
560,485,-100.14826254826255,100.14826254826255,"10,11",common_bus_N-2,2,1239,True,0.0,0,0.0,0.0,0.0,0.0,0.0,1,3,13.57654333114624,1,0
561,486,-108.26509833967016,108.26509833967016,"6,9",common_bus_N-2,2,967,True,0.0,0,0.0,0.0,0.0,0.0,0.0,1,11,145.71363952159882,1,0
562,487,-101.98013266932448,101.98013266932448,"3,5",common_bus_N-2,2,897,True,0.0,0,0.0,0.0,0.0,0.0,0.0,1,4,0.0,0,0
563,488,-101.12822125828782,101.12822125828782,"11,12",common_bus_N-2,2,285,True,0.0,0,0.0,0.0,0.0,0.0,0.0,1,3,33.0336979329586,0,0
564,489,-101.98013266932448,101.98013266932448,"10,12",common_bus_N-2,2,729,True,0.0,0,0.0,0.0,0.0,0.0,0.0,1,4,0.0,0,0
565,490,-100.1,100.1,"2,5",common_bus_N-2,2,1405,True,0.0,0,0.0,0.0,0.0,0.0,0.0,1,3,0.0,1,0
566,491,-100.9950166250832,100.9950166250832,"5,8",common_bus_N-2,2,1491,True,0.0,0,0.0,0.0,0.0,0.0,0.0,1,3,0.0,0,0
567,492,-106.12972424775273,106.12972424775273,"9,11",common_bus_N-2,2,1466,True,0.0,0,0.0,0.0,0.0,0.0,0.0,1,9,48.29660507440567,1,0
568,493,-100.9950166250832,100.9950166250832,"7,8",common_bus_N-2,2,1676,True,0.0,0,0.0,0.0,0.0,0.0,0.0,1,3,0.0,0,0
569,494,-105.83706015508864,105.83706015508864,"3,6",common_bus_N-2,2,1331,True,0.0,0,0.0,0.0,0.0,0.0,0.0,1,8,3.1528761088848114,0,0
571,495,-110.05042185815289,110.05042185815289,"14,15",common_bus_N-2,2,1791,True,0.0,0,0.0,0.0,0.0,0.0,0.0,2,12,45.93817276954651,1,0
572,496,-105.23361191247952,105.23361191247952,"12,19",common_bus_N-2,2,128,True,0.0,0,0.0,0.0,0.0,0.0,0.0,1,8,78.2553176879883,1,0
574,497,-103.08013266932447,103.08013266932447,4,N-1,1,337,True,0.0,0,0.0,0.0,0.0,0.0,0.0,2,4,0.0,1,0
575,498,-101.09501662508319,101.09501662508319,"4,9",common_bus_N-2,2,1673,True,0.0,0,0.0,0.0,0.0,0.0,0.0,1,4,0.0,1,0
576,499,-105.11026218313323,105.11026218313323,"11,12",common_bus_N-2,2,1816,True,0.0,0,0.0,0.0,0.0,0.0,0.0,1,8,36.53980243206024,1,0
577,500,-103.07038231310244,103.07038231310244,5,N-1,1,954,True,0.0,0,0.0,0.0,0.0,0.0,0.0,1,5,4.646275496482858,1,0
578,501,-104.02105608476768,104.02105608476768,"1,6",common_bus_N-2,2,184,True,0.0,0,0.0,0.0,0.0,0.0,0.0,1,7,0.0,1,0
580,502,-109.9770627847938,109.9770627847938,"3,7",common_bus_N-2,2,1892,True,0.0,0,0.0,0.0,0.0,0.0,0.0,2,11,51.81996499300003,0,0
581,503,-102.95544664514918,102.95544664514918,"0,2",common_bus_N-2,2,200,True,0.0,0,0.0,0.0,0.0,0.0,0.0,1,5,0.0,0,0
582,504,-100.1,100.1,"7,14",common_bus_N-2,2,839,True,0.0,0,0.0,0.0,0.0,0.0,0.0,1,3,0.0,1,0
583,505,0.0,-0.0,"18,19",common_bus_N-2,2,1581,True,0.0,0,0.0,0.0,0.0,0.0,0.0,1,2,0.0,0,0
584,506,-102.95544664514918,102.95544664514918,"1,4",common_bus_N-2,2,1597,True,0.0,0,0.0,0.0,0.0,0.0,0.0,1,5,0.0,0,0
585,507,-103.92105608476768,103.92105608476768,"9,12",common_bus_N-2,2,1064,True,0.0,0,0.0,0.0,0.0,0.0,0.0,1,6,0.0,0,0
586,508,-103.92105608476768,103.92105608476768,7,N-1,1,109,True,0.0,0,0.0,0.0,0.0,0.0,0.0,1,5,0.0,0,0
587,509,-100.1,100.1,"3,6",common_bus_N-2,2,928,True,0.0,0,0.0,0.0,0.0,0.0,0.0,1,3,0.0,1,0
588,510,-102.08013266932447,102.08013266932447,0,N-1,1,1402,True,0.0,0,0.0,0.0,0.0,0.0,0.0,1,4,0.0,1,0
589,511,-100.1,100.1,"2,3",common_bus_N-2,2,1801,True,0.0,0,0.0,0.0,0.0,0.0,0.0,1,3,0.0,1,0
590,512,-102.95544664514918,102.95544664514918,0,N-1,1,544,True,0.0,0,0.0,0.0,0.0,0.0,0.0,1,4,0.0,0,0
591,513,-106.08146169949019,106.08146169949019,"12,18",common_bus_N-2,2,1803,True,0.0,0,0.0,0.0,0.0,0.0,0.0,1,9,45.38743551969529,1,0
592,514,-100.1,100.1,"15,17",common_bus_N-2,2,348,True,0.0,0,0.0,0.0,0.0,0.0,0.0,1,3,10.681461811065674,1,0
593,515,0.0,-0.0,5,N-1,1,2000,True,0.0,0,0.0,0.0,0.0,0.0,0.0,1,1,0.0,0,0
595,516,-103.08013266932447,103.08013266932447,"10,12",common_bus_N-2,2,1560,True,0.0,0,0.0,0.0,0.0,0.0,0.0,2,5,0.0,1,0
596,517,-103.9345695982812,103.9345695982812,"8,14",common_bus_N-2,2,540,True,0.0,0,0.0,0.0,0.0,0.0,0.0,1,6,3.087578386068344,0,0
598,518,-107.19080964027243,107.19080964027243,19,N-1,1,647,True,0.0,0,0.0,0.0,0.0,0.0,0.0,2,8,67.24856891632078,1,0
599,519,-103.35081344051598,103.35081344051598,"10,11",common_bus_N-2,2,1250,True,0.0,0,0.0,0.0,0.0,0.0,0.0,1,6,85.41486883163452,1,0
600,520,-100.1,100.1,"15,17",common_bus_N-2,2,946,True,0.0,0,0.0,0.0,0.0,0.0,0.0,1,3,10.773074269294739,1,0
601,521,-100.11351351351351,100.11351351351351,"10,11",common_bus_N-2,2,605,True,0.0,0,0.0,0.0,0.0,0.0,0.0,1,3,3.7688942551612854,1,0
602,522,-100.1,100.1,"7,14",common_bus_N-2,2,731,True,0.0,0,0.0,0.0,0.0,0.0,0.0,1,3,0.0,1,0
603,523,-102.95544664514918,102.95544664514918,"0,2",common_bus_N-2,2,1064,True,0.0,0,0.0,0.0,0.0,0.0,0.0,1,5,0.0,0,0
604,524,-107.88246650222264,107.88246650222264,"6,7",common_bus_N-2,2,63,True,0.0,0,0.0,0.0,0.0,0.0,0.0,1,11,27.57592197656632,1,0
606,525,-109.15100142985516,109.15100142985516,"10,11",common_bus_N-2,2,464,True,0.0,0,0.0,0.0,0.0,0.0,0.0,2,11,84.2933240532875,1,0
607,526,-0.1,0.1,"8,15",common_bus_N-2,2,1422,True,0.0,0,0.0,0.0,0.0,0.0,0.0,1,3,0.0,1,0
608,527,-101.09501662508319,101.09501662508319,14,N-1,1,1102,True,0.0,0,0.0,0.0,0.0,0.0,0.0,1,3,0.0,1,0
609,528,-104.90640117927222,104.90640117927222,"2,3",common_bus_N-2,2,1818,True,0.0,0,0.0,0.0,0.0,0.0,0.0,1,7,8.453580856323242,0,0
610,529,-100.1,100.1,"0,4",common_bus_N-2,2,108,True,0.0,0,0.0,0.0,0.0,0.0,0.0,1,3,0.0,1,0
611,530,-100.1,100.1,"7,14",common_bus_N-2,2,474,True,0.0,0,0.0,0.0,0.0,0.0,0.0,1,3,0.0,1,0
612,531,-103.05544664514919,103.05544664514919,"2,3",common_bus_N-2,2,210,True,0.0,0,0.0,0.0,0.0,0.0,0.0,1,6,0.0,1,0
613,532,-104.91081750088937,104.91081750088937,"2,3",common_bus_N-2,2,1820,True,0.0,0,0.0,0.0,0.0,0.0,0.0,1,7,9.655325031280523,0,0
614,533,-0.1,0.1,"4,6",common_bus_N-2,2,1939,True,0.0,0,0.0,0.0,0.0,0.0,0.0,1,3,0.0,1,0
616,534,-106.07360166737983,106.07360166737983,"5,7",common_bus_N-2,2,522,True,0.0,0,0.0,0.0,0.0,0.0,0.0,2,8,13.232566970586777,1,0
618,535,-107.12033672327433,107.12033672327433,7,N-1,1,1535,True,0.0,0,0.0,0.0,0.0,0.0,0.0,2,9,13.640391826629639,2,0
619,536,-102.95544664514918,102.95544664514918,"14,16",common_bus_N-2,2,1506,True,0.0,0,0.0,0.0,0.0,0.0,0.0,1,5,0.0,0,0
620,537,-106.87451762330478,106.87451762330478,"1,9",common_bus_N-2,2,203,True,0.0,0,0.0,0.0,0.0,0.0,0.0,1,9,27.145375728607178,0,0
621,538,-102.08013266932447,102.08013266932447,11,N-1,1,1067,True,0.0,0,0.0,0.0,0.0,0.0,0.0,1,4,0.0,1,0
622,539,-104.02105608476768,104.02105608476768,0,N-1,1,880,True,0.0,0,0.0,0.0,0.0,0.0,0.0,1,6,0.0,1,0
623,540,-101.98013266932448,101.98013266932448,"2,4",common_bus_N-2,2,1906,True,0.0,0,0.0,0.0,0.0,0.0,0.0,1,4,0.0,0,0
624,541,-106.04323776126624,106.04323776126624,"9,10",common_bus_N-2,2,98,True,0.0,0,0.0,0.0,0.0,0.0,0.0,1,8,67.07466887235641,0,0
625,542,-0.1,0.1,19,N-1,1,1074,True,0.0,0,0.0,0.0,0.0,0.0,0.0,1,2,0.0,1,0
626,543,-100.1,100.1,"11,18",common_bus_N-2,2,1028,True,0.0,0,0.0,0.0,0.0,0.0,0.0,1,3,6.326300287246704,1,0
627,544,-100.0,100.0,13,N-1,1,1450,True,0.0,0,0.0,0.0,0.0,0.0,0.0,1,1,0.0,0,0
628,545,-106.09497521300369,106.09497521300369,9,N-1,1,1040,True,0.0,0,0.0,0.0,0.0,0.0,0.0,1,8,44.53371963500977,1,0
629,546,-105.95289027091876,105.95289027091876,"1,6",common_bus_N-2,2,411,True,0.0,0,0.0,0.0,0.0,0.0,0.0,1,9,9.469775247573851,1,0
630,547,-108.9265725925683,108.9265725925683,"8,14",common_bus_N-2,2,1596,True,0.0,0,0.0,0.0,0.0,0.0,0.0,1,12,57.78231340646744,1,0
631,548,-0.1,0.1,19,N-1,1,1741,True,0.0,0,0.0,0.0,0.0,0.0,0.0,1,2,0.0,1,0
632,549,-100.1,100.1,"10,17",common_bus_N-2,2,1874,True,0.0,0,0.0,0.0,0.0,0.0,0.0,1,3,3.8138322830200195,1,0
633,550,-100.9950166250832,100.9950166250832,1,N-1,1,1453,True,0.0,0,0.0,0.0,0.0,0.0,0.0,1,2,0.0,0,0
634,551,-100.1,100.1,"16,19",common_bus_N-2,2,1458,True,0.0,0,0.0,0.0,0.0,0.0,0.0,1,3,13.305205422639848,1,0
635,552,-106.7899616387488,106.7899616387488,3,N-1,1,687,True,0.0,0,0.0,0.0,0.0,0.0,0.0,1,8,9.65151696205139,0,0
636,553,-102.21333730252911,102.21333730252911,"11,12",common_bus_N-2,2,604,True,0.0,0,0.0,0.0,0.0,0.0,0.0,1,5,35.15374159812927,1,0
637,554,-103.05544664514919,103.05544664514919,0,N-1,1,558,True,0.0,0,0.0,0.0,0.0,0.0,0.0,1,5,0.0,1,0
638,555,-104.02105608476768,104.02105608476768,"2,3",common_bus_N-2,2,1713,True,0.0,0,0.0,0.0,0.0,0.0,0.0,1,7,0.0,1,0
639,556,-100.1,100.1,"0,1",common_bus_N-2,2,90,True,0.0,0,0.0,0.0,0.0,0.0,0.0,1,3,0.0,1,0
640,557,-100.1,100.1,"16,19",common_bus_N-2,2,24,True,0.0,0,0.0,0.0,0.0,0.0,0.0,1,3,14.170110112428665,1,0
641,558,-106.04748486551335,106.04748486551335,"7,8",common_bus_N-2,2,364,True,0.0,0,0.0,0.0,0.0,0.0,0.0,1,9,40.17680475711823,1,0
642,559,-100.1,100.1,"16,19",common_bus_N-2,2,1091,True,0.0,0,0.0,0.0,0.0,0.0,0.0,1,3,11.9492331802845,1,0
643,560,-107.84141105514618,107.84141105514618,"2,3",common_bus_N-2,2,708,True,0.0,0,0.0,0.0,0.0,0.0,0.0,1,11,16.797903227806096,1,0
644,561,-105.95289027091876,105.95289027091876,"3,7",common_bus_N-2,2,612,True,0.0,0,0.0,0.0,0.0,0.0,0.0,1,9,8.220012855529784,1,0
645,562,-104.90640117927222,104.90640117927222,"3,7",common_bus_N-2,2,1880,True,0.0,0,0.0,0.0,0.0,0.0,0.0,1,7,8.185364151000977,0,0
646,563,-109.08109980890818,109.08109980890818,"9,10",common_bus_N-2,2,387,True,0.0,0,0.0,0.0,0.0,0.0,0.0,1,11,153.69373873472213,0,0
648,564,-108.99210660254795,108.99210660254795,"3,7",common_bus_N-2,2,1617,True,0.0,0,0.0,0.0,0.0,0.0,0.0,2,11,21.133135616779327,1,0
649,565,0.0,-0.0,"14,15",common_bus_N-2,2,1362,True,0.0,0,0.0,0.0,0.0,0.0,0.0,1,2,0.0,0,0
650,566,-103.92105608476768,103.92105608476768,12,N-1,1,88,True,0.0,0,0.0,0.0,0.0,0.0,0.0,1,5,0.0,0,0
651,567,0.0,-0.0,"3,5",common_bus_N-2,2,513,True,0.0,0,0.0,0.0,0.0,0.0,0.0,1,2,0.0,0,0
653,568,-105.18366790343701,105.18366790343701,16,N-1,1,129,True,0.0,0,0.0,0.0,0.0,0.0,0.0,2,6,42.10948294401169,1,0
654,569,-102.08978517897698,102.08978517897698,"12,18",common_bus_N-2,2,588,True,0.0,0,0.0,0.0,0.0,0.0,0.0,1,4,27.824726700782776,0,0
655,570,-106.08570880373729,106.08570880373729,9,N-1,1,1050,True,0.0,0,0.0,0.0,0.0,0.0,0.0,1,8,39.77555072307587,1,0
656,571,-106.04323776126624,106.04323776126624,"8,14",common_bus_N-2,2,1824,True,0.0,0,0.0,0.0,0.0,0.0,0.0,1,8,64.39091048240661,0,0
657,572,0.0,-0.0,"14,15",common_bus_N-2,2,1680,True,0.0,0,0.0,0.0,0.0,0.0,0.0,1,2,0.0,0,0
658,573,-0.1,0.1,19,N-1,1,478,True,0.0,0,0.0,0.0,0.0,0.0,0.0,1,2,0.0,1,0
659,574,0.0,-0.0,18,N-1,1,1610,True,0.0,0,0.0,0.0,0.0,0.0,0.0,1,1,0.0,0,0
660,575,-105.95829567632416,105.95829567632416,"9,11",common_bus_N-2,2,1190,True,0.0,0,0.0,0.0,0.0,0.0,0.0,1,9,8.761840760707855,1,0
661,576,-102.95935153109012,102.95935153109012,"5,8",common_bus_N-2,2,1858,True,0.0,0,0.0,0.0,0.0,0.0,0.0,1,5,1.1331236839294405,0,0
662,577,-0.1,0.1,"5,6",common_bus_N-2,2,1716,True,0.0,0,0.0,0.0,0.0,0.0,0.0,1,3,0.0,1,0
663,578,0.0,-0.0,"12,19",common_bus_N-2,2,1732,True,0.0,0,0.0,0.0,0.0,0.0,0.0,1,2,0.0,0,0
664,579,0.0,-0.0,6,N-1,1,1620,True,0.0,0,0.0,0.0,0.0,0.0,0.0,1,1,0.0,0,0
665,580,-0.1,0.1,18,N-1,1,251,True,0.0,0,0.0,0.0,0.0,0.0,0.0,1,2,0.0,1,0
667,581,-102.21856874863532,102.21856874863532,"1,6",common_bus_N-2,2,1090,True,0.0,0,0.0,0.0,0.0,0.0,0.0,2,5,4.777181655168533,2,0
668,582,-100.13474903474903,100.13474903474903,"14,15",common_bus_N-2,2,1144,True,0.0,0,0.0,0.0,0.0,0.0,0.0,1,3,7.529382348060608,1,0
669,583,0.0,-0.0,4,N-1,1,1820,True,0.0,0,0.0,0.0,0.0,0.0,0.0,1,1,0.0,0,0
670,584,-100.1,100.1,"2,5",common_bus_N-2,2,1567,True,0.0,0,0.0,0.0,0.0,0.0,0.0,1,3,0.6884159326553316,1,0
671,585,-105.85160152144458,105.85160152144458,"3,5",common_bus_N-2,2,698,True,0.0,0,0.0,0.0,0.0,0.0,0.0,1,8,9.22405240535737,0,0
672,586,-103.05544664514919,103.05544664514919,0,N-1,1,1943,True,0.0,0,0.0,0.0,0.0,0.0,0.0,1,5,0.0,1,0
673,587,-102.98966410167885,102.98966410167885,"2,4",common_bus_N-2,2,132,True,0.0,0,0.0,0.0,0.0,0.0,0.0,1,5,10.41407432556153,0,0
674,588,-104.9770575499286,104.9770575499286,"6,9",common_bus_N-2,2,1403,True,0.0,0,0.0,0.0,0.0,0.0,0.0,1,8,0.0,1,0
675,589,-103.05544664514919,103.05544664514919,"2,3",common_bus_N-2,2,786,True,0.0,0,0.0,0.0,0.0,0.0,0.0,1,6,0.0,1,0
676,590,-100.1,100.1,"0,1",common_bus_N-2,2,1346,True,0.0,0,0.0,0.0,0.0,0.0,0.0,1,3,0.0,1,0
677,591,0.0,-0.0,"5,7",common_bus_N-2,2,1713,True,0.0,0,0.0,0.0,0.0,0.0,0.0,1,2,0.0,0,0
678,592,-100.1,100.1,"16,19",common_bus_N-2,2,1512,True,0.0,0,0.0,0.0,0.0,0.0,0.0,1,3,16.21757572889328,1,0
679,593,0.0,-0.0,8,N-1,1,1651,True,0.0,0,0.0,0.0,0.0,0.0,0.0,1,1,0.0,0,0
680,594,-0.1,0.1,18,N-1,1,1645,True,0.0,0,0.0,0.0,0.0,0.0,0.0,1,2,0.0,1,0
681,595,-100.1,100.1,"14,16",common_bus_N-2,2,1672,True,0.0,0,0.0,0.0,0.0,0.0,0.0,1,3,0.0,1,0
682,596,-100.15752895752895,100.15752895752895,19,N-1,1,1086,True,0.0,0,0.0,0.0,0.0,0.0,0.0,1,2,11.967522901296617,1,0
683,597,-100.1,100.1,"7,14",common_bus_N-2,2,1642,True,0.0,0,0.0,0.0,0.0,0.0,0.0,1,3,0.0,1,0
684,598,-103.05544664514919,103.05544664514919,"0,4",common_bus_N-2,2,1654,True,0.0,0,0.0,0.0,0.0,0.0,0.0,1,6,0.0,1,0
685,599,-100.1,100.1,"10,17",common_bus_N-2,2,445,True,0.0,0,0.0,0.0,0.0,0.0,0.0,1,3,4.036182165145874,1,0
687,600,-106.20062869440686,106.20062869440686,"5,7",common_bus_N-2,2,1039,True,0.0,0,0.0,0.0,0.0,0.0,0.0,2,8,49.20070972442627,1,0
688,601,-100.1,100.1,"13,14",common_bus_N-2,2,581,True,0.0,0,0.0,0.0,0.0,0.0,0.0,1,3,0.0,1,0
689,602,-108.2284934318264,108.2284934318264,"6,9",common_bus_N-2,2,1834,True,0.0,0,0.0,0.0,0.0,0.0,0.0,1,11,134.7801419019699,1,0
691,603,-110.01620051923815,110.01620051923815,"5,7",common_bus_N-2,2,1161,True,0.0,0,0.0,0.0,0.0,0.0,0.0,2,12,53.903074353933334,1,0
692,604,-100.1,100.1,"3,6",common_bus_N-2,2,1005,True,0.0,0,0.0,0.0,0.0,0.0,0.0,1,3,0.0,1,0
693,605,-105.95310739498849,105.95310739498849,2,N-1,1,733,True,0.0,0,0.0,0.0,0.0,0.0,0.0,1,8,8.785625028610227,1,0
694,606,-103.05544664514919,103.05544664514919,7,N-1,1,1822,True,0.0,0,0.0,0.0,0.0,0.0,0.0,1,5,0.0,1,0
695,607,-101.98013266932448,101.98013266932448,"8,14",common_bus_N-2,2,1691,True,0.0,0,0.0,0.0,0.0,0.0,0.0,1,4,0.0,0,0
696,608,-109.88311139902292,109.88311139902292,"6,9",common_bus_N-2,2,626,True,0.0,0,0.0,0.0,0.0,0.0,0.0,1,12,109.08460426330566,0,0
697,609,-101.98013266932448,101.98013266932448,"5,6",common_bus_N-2,2,1873,True,0.0,0,0.0,0.0,0.0,0.0,0.0,1,4,0.0,0,0
698,610,-101.98013266932448,101.98013266932448,7,N-1,1,1267,True,0.0,0,0.0,0.0,0.0,0.0,0.0,1,3,0.0,0,0
699,611,-100.1,100.1,"10,17",common_bus_N-2,2,635,True,0.0,0,0.0,0.0,0.0,0.0,0.0,1,3,4.134194254875183,1,0
700,612,-100.11351351351351,100.11351351351351,"10,11",common_bus_N-2,2,247,True,0.0,0,0.0,0.0,0.0,0.0,0.0,1,3,3.0621578693389893,1,0
701,613,-100.1,100.1,"4,6",common_bus_N-2,2,1909,True,0.0,0,0.0,0.0,0.0,0.0,0.0,1,3,0.0,1,0
703,614,-102.19501662508318,102.19501662508318,16,N-1,1,211,True,0.0,0,0.0,0.0,0.0,0.0,0.0,2,4,0.0,2,0
704,615,-0.1,0.1,"10,12",common_bus_N-2,2,1377,True,0.0,0,0.0,0.0,0.0,0.0,0.0,1,3,0.0,1,0
705,616,-100.1,100.1,"3,8",common_bus_N-2,2,1501,True,0.0,0,0.0,0.0,0.0,0.0,0.0,1,3,0.0,1,0
706,617,-102.29982378901559,102.29982378901559,"18,19",common_bus_N-2,2,605,True,0.0,0,0.0,0.0,0.0,0.0,0.0,1,5,61.27145231962204,1,0
707,618,-101.2046691347357,101.2046691347357,18,N-1,1,38,True,0.0,0,0.0,0.0,0.0,0.0,0.0,1,3,29.604129600524903,1,0
708,619,-104.02105608476768,104.02105608476768,"0,4",common_bus_N-2,2,1170,True,0.0,0,0.0,0.0,0.0,0.0,0.0,1,7,0.0,1,0
709,620,-0.1,0.1,"10,12",common_bus_N-2,2,1677,True,0.0,0,0.0,0.0,0.0,0.0,0.0,1,3,0.0,1,0
711,621,-108.96269798104198,108.96269798104198,11,N-1,1,290,True,0.0,0,0.0,0.0,0.0,0.0,0.0,2,10,14.247604769468296,1,0
712,622,-102.98976991741955,102.98976991741955,"0,2",common_bus_N-2,2,1015,True,0.0,0,0.0,0.0,0.0,0.0,0.0,1,5,9.339535474777222,0,0
714,623,-102.25254558261214,102.25254558261214,"1,6",common_bus_N-2,2,1691,True,0.0,0,0.0,0.0,0.0,0.0,0.0,2,5,11.317024648189545,2,0
715,624,-100.14826254826255,100.14826254826255,"8,15",common_bus_N-2,2,763,True,0.0,0,0.0,0.0,0.0,0.0,0.0,1,3,12.843833863735199,1,0
716,625,-107.08030912909629,107.08030912909629,"9,10",common_bus_N-2,2,2007,True,0.0,0,0.0,0.0,0.0,0.0,0.0,1,10,49.91885635256767,1,0
717,626,-104.02105608476768,104.02105608476768,"10,11",common_bus_N-2,2,1889,True,0.0,0,0.0,0.0,0.0,0.0,0.0,1,7,0.0,1,0
718,627,-100.1,100.1,"2,4",common_bus_N-2,2,63,True,0.0,0,0.0,0.0,0.0,0.0,0.0,1,3,0.0,1,0
720,628,-111.06251156254656,111.06251156254656,"6,7",common_bus_N-2,2,1299,True,0.0,0,0.0,0.0,0.0,0.0,0.0,2,13,81.64045016765596,1,0
721,629,-101.98013266932448,101.98013266932448,"5,7",common_bus_N-2,2,29,True,0.0,0,0.0,0.0,0.0,0.0,0.0,1,4,0.0,0,0
722,630,-100.12355212355213,100.12355212355213,"9,11",common_bus_N-2,2,1345,True,0.0,0,0.0,0.0,0.0,0.0,0.0,1,3,5.172968643903732,1,0
724,631,-111.75882881401633,111.75882881401633,8,N-1,1,110,True,0.0,0,0.0,0.0,0.0,0.0,0.0,2,13,22.407521867752074,1,0
725,632,-100.1,100.1,"0,1",common_bus_N-2,2,673,True,0.0,0,0.0,0.0,0.0,0.0,0.0,1,3,0.0,1,0
726,633,0.0,-0.0,"8,15",common_bus_N-2,2,1167,True,0.0,0,0.0,0.0,0.0,0.0,0.0,1,2,0.0,0,0
727,634,-100.1,100.1,13,N-1,1,1640,True,0.0,0,0.0,0.0,0.0,0.0,0.0,1,2,0.0,1,0
728,635,0.0,-0.0,18,N-1,1,1632,True,0.0,0,0.0,0.0,0.0,0.0,0.0,1,1,0.0,0,0
729,636,-100.1,100.1,"16,19",common_bus_N-2,2,169,True,0.0,0,0.0,0.0,0.0,0.0,0.0,1,3,15.659356462955476,1,0
730,637,-0.1,0.1,12,N-1,1,1135,True,0.0,0,0.0,0.0,0.0,0.0,0.0,1,2,0.0,1,0
732,638,-102.19501662508318,102.19501662508318,"18,19",common_bus_N-2,2,1511,True,0.0,0,0.0,0.0,0.0,0.0,0.0,2,5,0.0,2,0
733,639,-100.0,100.0,"11,18",common_bus_N-2,2,982,True,0.0,0,0.0,0.0,0.0,0.0,0.0,1,2,6.950627994537353,0,0
734,640,-106.14323776126625,106.14323776126625,10,N-1,1,1755,True,0.0,0,0.0,0.0,0.0,0.0,0.0,1,8,50.84498121142387,1,0
735,641,-103.05544664514919,103.05544664514919,"5,6",common_bus_N-2,2,1705,True,0.0,0,0.0,0.0,0.0,0.0,0.0,1,6,0.0,1,0
736,642,-100.10372817716323,100.10372817716323,"0,2",common_bus_N-2,2,997,True,0.0,0,0.0,0.0,0.0,0.0,0.0,1,3,1.1114542961120577,1,0
737,643,0.0,-0.0,"3,5",common_bus_N-2,2,1397,True,0.0,0,0.0,0.0,0.0,0.0,0.0,1,2,0.0,0,0
739,644,-106.87207417501179,106.87207417501179,"6,7",common_bus_N-2,2,1607,True,0.0,0,0.0,0.0,0.0,0.0,0.0,2,8,0.0,0,0
740,645,-100.0,100.0,"13,14",common_bus_N-2,2,954,True,0.0,0,0.0,0.0,0.0,0.0,0.0,1,2,0.0,0,0
741,646,-100.15752895752895,100.15752895752895,"14,16",common_bus_N-2,2,1152,True,0.0,0,0.0,0.0,0.0,0.0,0.0,1,3,12.949437755346299,1,0
742,647,-100.9950166250832,100.9950166250832,5,N-1,1,770,True,0.0,0,0.0,0.0,0.0,0.0,0.0,1,2,0.0,0,0
743,648,0.0,-0.0,11,N-1,1,1328,True,0.0,0,0.0,0.0,0.0,0.0,0.0,1,1,0.0,0,0
744,649,-100.1,100.1,"7,14",common_bus_N-2,2,1266,True,0.0,0,0.0,0.0,0.0,0.0,0.0,1,3,0.0,1,0
745,650,-100.1,100.1,13,N-1,1,619,True,0.0,0,0.0,0.0,0.0,0.0,0.0,1,2,0.0,1,0
746,651,-100.1,100.1,"0,2",common_bus_N-2,2,720,True,0.0,0,0.0,0.0,0.0,0.0,0.0,1,3,0.0,1,0
747,652,-100.1,100.1,"5,7",common_bus_N-2,2,121,True,0.0,0,0.0,0.0,0.0,0.0,0.0,1,3,0.0,1,0
748,653,-104.02105608476768,104.02105608476768,11,N-1,1,382,True,0.0,0,0.0,0.0,0.0,0.0,0.0,1,6,0.0,1,0
749,654,-0.1,0.1,"18,19",common_bus_N-2,2,1531,True,0.0,0,0.0,0.0,0.0,0.0,0.0,1,3,0.0,1,0
750,655,-100.1,100.1,"7,13",common_bus_N-2,2,800,True,0.0,0,0.0,0.0,0.0,0.0,0.0,1,3,0.0,1,0
751,656,-105.95215241577195,105.95215241577195,14,N-1,1,705,True,0.0,0,0.0,0.0,0.0,0.0,0.0,1,8,9.234991419315335,1,0
752,657,-103.92105608476768,103.92105608476768,"0,4",common_bus_N-2,2,437,True,0.0,0,0.0,0.0,0.0,0.0,0.0,1,6,0.0,0,0
753,658,-106.03744625547475,106.03744625547475,"6,9",common_bus_N-2,2,1911,True,0.0,0,0.0,0.0,0.0,0.0,0.0,1,9,27.651794373989105,1,0
754,659,-103.05544664514919,103.05544664514919,"0,2",common_bus_N-2,2,877,True,0.0,0,0.0,0.0,0.0,0.0,0.0,1,6,0.0,1,0
756,660,-111.80807051873754,111.80807051873754,"6,8",common_bus_N-2,2,481,True,0.0,0,0.0,0.0,0.0,0.0,0.0,2,14,32.07101546525955,1,0
757,661,-101.20891623898281,101.20891623898281,"15,16",common_bus_N-2,2,1630,True,0.0,0,0.0,0.0,0.0,0.0,0.0,1,4,25.616259038448334,1,0
758,662,-103.05544664514919,103.05544664514919,"1,4",common_bus_N-2,2,624,True,0.0,0,0.0,0.0,0.0,0.0,0.0,1,6,0.0,1,0
759,663,-100.0,100.0,13,N-1,1,498,True,0.0,0,0.0,0.0,0.0,0.0,0.0,1,1,0.0,0,0
761,664,-109.96153945227661,109.96153945227661,18,N-1,1,920,True,0.0,0,0.0,0.0,0.0,0.0,0.0,2,11,34.265788555145264,1,0
762,665,-105.24073203525053,105.24073203525053,"3,7",common_bus_N-2,2,934,True,0.0,0,0.0,0.0,0.0,0.0,0.0,1,8,79.1793646812439,1,0
763,666,-104.05580511951672,104.05580511951672,"4,9",common_bus_N-2,2,1312,True,0.0,0,0.0,0.0,0.0,0.0,0.0,1,7,8.707741141319275,1,0
766,667,-106.17016591949086,106.17016591949086,1,N-1,1,1676,True,0.0,0,0.0,0.0,0.0,0.0,0.0,3,7,0.0,2,0
767,668,-108.03755896865134,108.03755896865134,"6,9",common_bus_N-2,2,1509,True,0.0,0,0.0,0.0,0.0,0.0,0.0,1,10,93.16107130050659,0,0
768,669,0.0,-0.0,10,N-1,1,1084,True,0.0,0,0.0,0.0,0.0,0.0,0.0,1,1,0.0,0,0
770,670,-103.18013266932446,103.18013266932446,"6,8",common_bus_N-2,2,577,True,0.0,0,0.0,0.0,0.0,0.0,0.0,2,6,0.0,2,0
771,671,0.0,-0.0,"12,19",common_bus_N-2,2,1432,True,0.0,0,0.0,0.0,0.0,0.0,0.0,1,2,0.0,0,0
772,672,0.0,-0.0,12,N-1,1,1699,True,0.0,0,0.0,0.0,0.0,0.0,0.0,1,1,0.0,0,0
773,673,-100.11351351351351,100.11351351351351,"10,11",common_bus_N-2,2,1479,True,0.0,0,0.0,0.0,0.0,0.0,0.0,1,3,3.291866272687912,1,0
774,674,-103.05544664514919,103.05544664514919,2,N-1,1,1546,True,0.0,0,0.0,0.0,0.0,0.0,0.0,1,5,0.0,1,0
775,675,-108.94228997485335,108.94228997485335,"4,9",common_bus_N-2,2,129,True,0.0,0,0.0,0.0,0.0,0.0,0.0,1,12,74.418810069561,1,0
776,676,-100.1,100.1,"7,13",common_bus_N-2,2,74,True,0.0,0,0.0,0.0,0.0,0.0,0.0,1,3,0.0,1,0
777,677,-102.08013266932447,102.08013266932447,14,N-1,1,537,True,0.0,0,0.0,0.0,0.0,0.0,0.0,1,4,0.0,1,0
778,678,-107.83701400998507,107.83701400998507,"9,12",common_bus_N-2,2,938,True,0.0,0,0.0,0.0,0.0,0.0,0.0,1,10,45.61475521326065,0,0
779,679,-100.1,100.1,"4,9",common_bus_N-2,2,994,True,0.0,0,0.0,0.0,0.0,0.0,0.0,1,3,0.0,1,0
780,680,-105.95289027091876,105.95289027091876,"2,3",common_bus_N-2,2,947,True,0.0,0,0.0,0.0,0.0,0.0,0.0,1,9,8.882780313491821,1,0
781,681,-102.95544664514918,102.95544664514918,0,N-1,1,1403,True,0.0,0,0.0,0.0,0.0,0.0,0.0,1,4,0.0,0,0
782,682,-103.94774971542647,103.94774971542647,8,N-1,1,952,True,0.0,0,0.0,0.0,0.0,0.0,0.0,1,5,8.377236068248749,0,0
783,683,-104.07858504229664,104.07858504229664,"8,15",common_bus_N-2,2,1493,True,0.0,0,0.0,0.0,0.0,0.0,0.0,1,7,15.146970736980439,1,0
784,684,-110.81307479034788,110.81307479034788,"1,9",common_bus_N-2,2,981,True,0.0,0,0.0,0.0,0.0,0.0,0.0,1,13,117.85143847465514,0,0
786,685,-108.08999183808689,108.08999183808689,"8,15",common_bus_N-2,2,777,True,0.0,0,0.0,0.0,0.0,0.0,0.0,2,10,43.37034187316895,1,0
787,686,-100.0,100.0,"15,17",common_bus_N-2,2,703,True,0.0,0,0.0,0.0,0.0,0.0,0.0,1,2,11.17589807510376,0,0
788,687,-105.85829567632416,105.85829567632416,"6,9",common_bus_N-2,2,850,True,0.0,0,0.0,0.0,0.0,0.0,0.0,1,8,7.671146750450134,0,0
789,688,0.0,-0.0,"8,16",common_bus_N-2,2,1045,True,0.0,0,0.0,0.0,0.0,0.0,0.0,1,2,0.0,0,0
790,689,-106.02444892500777,106.02444892500777,"6,7",common_bus_N-2,2,363,True,0.0,0,0.0,0.0,0.0,0.0,0.0,1,8,63.68522381782532,0,0
791,690,-0.1,0.1,19,N-1,1,622,True,0.0,0,0.0,0.0,0.0,0.0,0.0,1,2,0.0,1,0
792,691,-0.1,0.1,4,N-1,1,589,True,0.0,0,0.0,0.0,0.0,0.0,0.0,1,2,0.0,1,0
793,692,-106.09587048270387,106.09587048270387,"6,7",common_bus_N-2,2,60,True,0.0,0,0.0,0.0,0.0,0.0,0.0,1,9,51.05529713630676,1,0
795,693,-106.06433525811342,106.06433525811342,16,N-1,1,275,True,0.0,0,0.0,0.0,0.0,0.0,0.0,2,7,11.14824190735817,1,0
796,694,-104.99471716918897,104.99471716918897,7,N-1,1,967,True,0.0,0,0.0,0.0,0.0,0.0,0.0,1,7,5.397670209407806,1,0
797,695,-103.99952986913004,103.99952986913004,"5,6",common_bus_N-2,2,697,True,0.0,0,0.0,0.0,0.0,0.0,0.0,1,6,25.13485062122345,0,0
798,696,-107.95293239139022,107.95293239139022,"6,7",common_bus_N-2,2,702,True,0.0,0,0.0,0.0,0.0,0.0,0.0,1,10,85.66118907928467,0,0
799,697,-108.85553012152583,108.85553012152583,"1,9",common_bus_N-2,2,171,True,0.0,0,0.0,0.0,0.0,0.0,0.0,1,12,40.134070694446564,1,0
800,698,-100.1,100.1,"6,8",common_bus_N-2,2,393,True,0.0,0,0.0,0.0,0.0,0.0,0.0,1,3,0.0,1,0
801,699,-104.05163544649008,104.05163544649008,"18,19",common_bus_N-2,2,1230,True,0.0,0,0.0,0.0,0.0,0.0,0.0,1,7,8.566098499298093,1,0
802,700,-106.87451762330478,106.87451762330478,"9,11",common_bus_N-2,2,958,True,0.0,0,0.0,0.0,0.0,0.0,0.0,1,9,35.19511294364929,0,0
803,701,-100.13474903474903,100.13474903474903,"14,15",common_bus_N-2,2,1004,True,0.0,0,0.0,0.0,0.0,0.0,0.0,1,3,10.108569860458374,1,0
805,702,-104.17514929440766,104.17514929440766,4,N-1,1,38,True,0.0,0,0.0,0.0,0.0,0.0,0.0,2,6,0.0,2,0
806,703,-0.1,0.1,10,N-1,1,1377,True,0.0,0,0.0,0.0,0.0,0.0,0.0,1,2,0.0,1,0
807,704,-103.05544664514919,103.05544664514919,"0,4",common_bus_N-2,2,1896,True,0.0,0,0.0,0.0,0.0,0.0,0.0,1,6,0.0,1,0
808,705,-102.95544664514918,102.95544664514918,"5,7",common_bus_N-2,2,1567,True,0.0,0,0.0,0.0,0.0,0.0,0.0,1,5,0.0,0,0
809,706,-100.1,100.1,"7,14",common_bus_N-2,2,1311,True,0.0,0,0.0,0.0,0.0,0.0,0.0,1,3,0.0,1,0
810,707,-100.1,100.1,"7,14",common_bus_N-2,2,975,True,0.0,0,0.0,0.0,0.0,0.0,0.0,1,3,0.0,1,0
811,708,-100.0,100.0,"13,14",common_bus_N-2,2,113,True,0.0,0,0.0,0.0,0.0,0.0,0.0,1,2,0.0,0,0
812,709,-106.90926665805382,106.90926665805382,9,N-1,1,370,True,0.0,0,0.0,0.0,0.0,0.0,0.0,1,8,46.588287591934204,0,0
814,710,-104.1083539276123,104.1083539276123,11,N-1,1,1778,True,0.0,0,0.0,0.0,0.0,0.0,0.0,2,4,34.74420922994614,0,0
815,711,-100.1,100.1,"0,1",common_bus_N-2,2,29,True,0.0,0,0.0,0.0,0.0,0.0,0.0,1,3,0.0,1,0
816,712,-106.03744625547475,106.03744625547475,11,N-1,1,783,True,0.0,0,0.0,0.0,0.0,0.0,0.0,1,8,27.622076719999313,1,0
817,713,-102.95898751848028,102.95898751848028,"8,15",common_bus_N-2,2,79,True,0.0,0,0.0,0.0,0.0,0.0,0.0,1,5,1.1112038969993563,0,0
818,714,-104.02105608476768,104.02105608476768,"2,3",common_bus_N-2,2,2003,True,0.0,0,0.0,0.0,0.0,0.0,0.0,1,7,0.0,1,0
819,715,-100.1,100.1,"13,14",common_bus_N-2,2,731,True,0.0,0,0.0,0.0,0.0,0.0,0.0,1,3,0.0,1,0
820,716,0.0,-0.0,18,N-1,1,1818,True,0.0,0,0.0,0.0,0.0,0.0,0.0,1,1,0.0,0,0
821,717,-102.95544664514918,102.95544664514918,"0,3",common_bus_N-2,2,1813,True,0.0,0,0.0,0.0,0.0,0.0,0.0,1,5,0.0,0,0
822,718,-104.2407472044588,104.2407472044588,19,N-1,1,724,True,0.0,0,0.0,0.0,0.0,0.0,0.0,1,6,65.50894700288772,1,0
823,719,0.0,-0.0,15,N-1,1,884,True,0.0,0,0.0,0.0,0.0,0.0,0.0,1,1,0.0,0,0
824,720,-104.30290936662097,104.30290936662097,"11,12",common_bus_N-2,2,1582,True,0.0,0,0.0,0.0,0.0,0.0,0.0,1,7,74.50007259845734,1,0
825,721,-100.0,100.0,"10,17",common_bus_N-2,2,856,True,0.0,0,0.0,0.0,0.0,0.0,0.0,1,2,3.092314600944519,0,0
826,722,-103.0689601586627,103.0689601586627,19,N-1,1,442,True,0.0,0,0.0,0.0,0.0,0.0,0.0,1,5,4.074944317340851,1,0
827,723,-106.91801651861826,106.91801651861826,"5,7",common_bus_N-2,2,698,True,0.0,0,0.0,0.0,0.0,0.0,0.0,1,10,18.871827626228338,1,0
828,724,-102.08978517897698,102.08978517897698,"12,18",common_bus_N-2,2,883,True,0.0,0,0.0,0.0,0.0,0.0,0.0,1,4,27.522685408592224,0,0
830,725,-104.07514929440767,104.07514929440767,"3,5",common_bus_N-2,2,860,True,0.0,0,0.0,0.0,0.0,0.0,0.0,2,6,0.0,1,0
831,726,-100.1,100.1,"13,14",common_bus_N-2,2,2014,True,0.0,0,0.0,0.0,0.0,0.0,0.0,1,3,0.0,1,0
833,727,-108.93688394410424,108.93688394410424,16,N-1,1,370,True,0.0,0,0.0,0.0,0.0,0.0,0.0,2,9,41.74794602394104,0,0
834,728,-103.05544664514919,103.05544664514919,14,N-1,1,881,True,0.0,0,0.0,0.0,0.0,0.0,0.0,1,5,0.0,1,0
835,729,0.0,-0.0,4,N-1,1,1064,True,0.0,0,0.0,0.0,0.0,0.0,0.0,1,1,0.0,0,0
836,730,-105.82354664157512,105.82354664157512,"6,8",common_bus_N-2,2,714,True,0.0,0,0.0,0.0,0.0,0.0,0.0,1,8,0.0,0,0
837,731,-103.92105608476768,103.92105608476768,1,N-1,1,1803,True,0.0,0,0.0,0.0,0.0,0.0,0.0,1,5,0.0,0,0
838,732,-101.22822125828782,101.22822125828782,11,N-1,1,1959,True,0.0,0,0.0,0.0,0.0,0.0,0.0,1,3,28.095554441213608,1,0
840,733,-106.07360166737983,106.07360166737983,"5,7",common_bus_N-2,2,1388,True,0.0,0,0.0,0.0,0.0,0.0,0.0,2,8,11.732530093193054,1,0
841,734,-100.1,100.1,"2,5",common_bus_N-2,2,251,True,0.0,0,0.0,0.0,0.0,0.0,0.0,1,3,0.0,1,0
843,735,-104.1083539276123,104.1083539276123,12,N-1,1,160,True,0.0,0,0.0,0.0,0.0,0.0,0.0,2,4,37.87840247154236,0,0
844,736,-103.92105608476768,103.92105608476768,"3,7",common_bus_N-2,2,757,True,0.0,0,0.0,0.0,0.0,0.0,0.0,1,6,0.0,0,0
845,737,-100.1,100.1,"16,19",common_bus_N-2,2,1878,True,0.0,0,0.0,0.0,0.0,0.0,0.0,1,3,15.765245723724366,1,0
846,738,-100.1,100.1,"16,19",common_bus_N-2,2,1206,True,0.0,0,0.0,0.0,0.0,0.0,0.0,1,3,15.274664855003357,1,0
847,739,-102.08013266932447,102.08013266932447,7,N-1,1,1673,True,0.0,0,0.0,0.0,0.0,0.0,0.0,1,4,0.0,1,0
848,740,-105.19674866961972,105.19674866961972,"9,10",common_bus_N-2,2,1985,True,0.0,0,0.0,0.0,0.0,0.0,0.0,1,8,46.86378929018974,1,0
849,741,-100.1,100.1,"2,5",common_bus_N-2,2,812,True,0.0,0,0.0,0.0,0.0,0.0,0.0,1,3,0.0,1,0
851,742,-110.21217925015821,110.21217925015821,"3,4",common_bus_N-2,2,831,True,0.0,0,0.0,0.0,0.0,0.0,0.0,2,13,60.8437597990036,2,0
852,743,-108.75553012152582,108.75553012152582,"1,9",common_bus_N-2,2,913,True,0.0,0,0.0,0.0,0.0,0.0,0.0,1,11,42.27298355102539,0,0
853,744,-100.1,100.1,"11,12",common_bus_N-2,2,558,True,0.0,0,0.0,0.0,0.0,0.0,0.0,1,3,0.0,1,0
854,745,0.0,-0.0,15,N-1,1,1224,True,0.0,0,0.0,0.0,0.0,0.0,0.0,1,1,0.0,0,0
856,746,-106.02958622336439,106.02958622336439,"5,7",common_bus_N-2,2,865,True,0.0,0,0.0,0.0,0.0,0.0,0.0,2,8,3.2540245354175568,1,0
857,747,-106.04323776126624,106.04323776126624,"9,10",common_bus_N-2,2,1799,True,0.0,0,0.0,0.0,0.0,0.0,0.0,1,8,60.10540566444397,0,0
858,748,-104.8770575499286,104.8770575499286,"2,3",common_bus_N-2,2,601,True,0.0,0,0.0,0.0,0.0,0.0,0.0,1,7,0.0,0,0
859,749,-108.91931672741487,108.91931672741487,"6,9",common_bus_N-2,2,744,True,0.0,0,0.0,0.0,0.0,0.0,0.0,1,11,88.37416887283325,0,0
861,750,-106.02958622336439,106.02958622336439,7,N-1,1,812,True,0.0,0,0.0,0.0,0.0,0.0,0.0,2,7,3.0488291680812836,1,0
862,751,-100.9950166250832,100.9950166250832,"8,15",common_bus_N-2,2,123,True,0.0,0,0.0,0.0,0.0,0.0,0.0,1,3,0.0,0,0
863,752,-100.1,100.1,"0,1",common_bus_N-2,2,1796,True,0.0,0,0.0,0.0,0.0,0.0,0.0,1,3,0.0,1,0
864,753,-0.1,0.1,5,N-1,1,1904,True,0.0,0,0.0,0.0,0.0,0.0,0.0,1,2,0.0,1,0
866,754,-103.97514929440767,103.97514929440767,19,N-1,1,149,True,0.0,0,0.0,0.0,0.0,0.0,0.0,2,4,0.0,0,0
867,755,-102.95544664514918,102.95544664514918,"0,4",common_bus_N-2,2,1451,True,0.0,0,0.0,0.0,0.0,0.0,0.0,1,5,0.0,0,0
868,756,-108.19574575081421,108.19574575081421,"6,9",common_bus_N-2,2,1217,True,0.0,0,0.0,0.0,0.0,0.0,0.0,1,11,111.69117002487182,1,0
869,757,-100.1,100.1,"3,8",common_bus_N-2,2,1285,True,0.0,0,0.0,0.0,0.0,0.0,0.0,1,3,0.0,1,0
870,758,-100.1,100.1,"10,17",common_bus_N-2,2,1666,True,0.0,0,0.0,0.0,0.0,0.0,0.0,1,3,2.714040756225586,1,0
871,759,-102.95544664514918,102.95544664514918,"2,4",common_bus_N-2,2,1215,True,0.0,0,0.0,0.0,0.0,0.0,0.0,1,5,0.0,0,0
872,760,0.0,-0.0,"12,19",common_bus_N-2,2,1512,True,0.0,0,0.0,0.0,0.0,0.0,0.0,1,2,0.0,0,0
873,761,-100.1,100.1,2,N-1,1,844,True,0.0,0,0.0,0.0,0.0,0.0,0.0,1,2,0.0,1,0
874,762,-102.97645269069517,102.97645269069517,"0,2",common_bus_N-2,2,457,True,0.0,0,0.0,0.0,0.0,0.0,0.0,1,5,5.831399440765381,0,0
876,763,-111.27417693031421,111.27417693031421,12,N-1,1,1001,True,0.0,0,0.0,0.0,0.0,0.0,0.0,2,13,139.59536910057068,2,0
877,764,-105.94907457242515,105.94907457242515,"1,6",common_bus_N-2,2,1550,True,0.0,0,0.0,0.0,0.0,0.0,0.0,1,9,7.139799797534934,1,0
878,765,0.0,-0.0,"15,16",common_bus_N-2,2,1478,True,0.0,0,0.0,0.0,0.0,0.0,0.0,1,2,0.0,0,0
879,766,-0.1,0.1,8,N-1,1,861,True,0.0,0,0.0,0.0,0.0,0.0,0.0,1,2,0.0,1,0
880,767,-103.21760880731135,103.21760880731135,10,N-1,1,1686,True,0.0,0,0.0,0.0,0.0,0.0,0.0,1,5,31.206469416618347,1,0
881,768,-108.00805648102754,108.00805648102754,"1,9",common_bus_N-2,2,343,True,0.0,0,0.0,0.0,0.0,0.0,0.0,1,11,66.25542387962341,1,0
882,769,-100.0,100.0,"11,18",common_bus_N-2,2,1314,True,0.0,0,0.0,0.0,0.0,0.0,0.0,1,2,5.90679497718811,0,0
883,770,-102.95544664514918,102.95544664514918,0,N-1,1,1566,True,0.0,0,0.0,0.0,0.0,0.0,0.0,1,4,0.0,0,0
884,771,-100.1,100.1,"10,17",common_bus_N-2,2,1272,True,0.0,0,0.0,0.0,0.0,0.0,0.0,1,3,3.8084700107574463,1,0
885,772,-104.99095716382821,104.99095716382821,"9,12",common_bus_N-2,2,1067,True,0.0,0,0.0,0.0,0.0,0.0,0.0,1,7,25.995961368083954,0,0
886,773,-104.8770575499286,104.8770575499286,"1,6",common_bus_N-2,2,963,True,0.0,0,0.0,0.0,0.0,0.0,0.0,1,7,0.0,0,0
887,774,-105.87135566856341,105.87135566856341,2,N-1,1,653,True,0.0,0,0.0,0.0,0.0,0.0,0.0,1,7,15.08199689388276,0,0
888,775,-101.98013266932448,101.98013266932448,"3,4",common_bus_N-2,2,1285,True,0.0,0,0.0,0.0,0.0,0.0,0.0,1,4,0.0,0,0
889,776,-103.9345695982812,103.9345695982812,"8,14",common_bus_N-2,2,1737,True,0.0,0,0.0,0.0,0.0,0.0,0.0,1,6,3.0105345249176025,0,0
890,777,-100.1,100.1,"10,17",common_bus_N-2,2,1783,True,0.0,0,0.0,0.0,0.0,0.0,0.0,1,3,3.609723389148712,1,0
891,778,-100.1,100.1,10,N-1,1,308,True,0.0,0,0.0,0.0,0.0,0.0,0.0,1,2,0.0,1,0
892,779,-100.1,100.1,"7,13",common_bus_N-2,2,965,True,0.0,0,0.0,0.0,0.0,0.0,0.0,1,3,0.0,1,0
893,780,-104.1349556986673,104.1349556986673,"4,9",common_bus_N-2,2,1765,True,0.0,0,0.0,0.0,0.0,0.0,0.0,1,7,29.48603704571724,1,0
894,781,-101.12822125828782,101.12822125828782,"11,12",common_bus_N-2,2,1947,True,0.0,0,0.0,0.0,0.0,0.0,0.0,1,3,27.604561418294907,0,0
895,782,-100.1,100.1,"8,14",common_bus_N-2,2,1226,True,0.0,0,0.0,0.0,0.0,0.0,0.0,1,3,0.0,1,0
896,783,-106.86061800940517,106.86061800940517,"9,11",common_bus_N-2,2,9,True,0.0,0,0.0,0.0,0.0,0.0,0.0,1,10,0.0,1,0
897,784,-100.1,100.1,"11,18",common_bus_N-2,2,96,True,0.0,0,0.0,0.0,0.0,0.0,0.0,1,3,7.3995854139328,1,0
898,785,-100.1,100.1,"7,14",common_bus_N-2,2,136,True,0.0,0,0.0,0.0,0.0,0.0,0.0,1,3,0.0,1,0
899,786,-103.92105608476768,103.92105608476768,"1,9",common_bus_N-2,2,1436,True,0.0,0,0.0,0.0,0.0,0.0,0.0,1,6,0.0,0,0
900,787,-102.95544664514918,102.95544664514918,"14,15",common_bus_N-2,2,316,True,0.0,0,0.0,0.0,0.0,0.0,0.0,1,5,0.0,0,0
901,788,-103.09019567989822,103.09019567989822,"4,9",common_bus_N-2,2,1688,True,0.0,0,0.0,0.0,0.0,0.0,0.0,1,6,6.8902623653411865,1,0
902,789,-100.1,100.1,"10,17",common_bus_N-2,2,1246,True,0.0,0,0.0,0.0,0.0,0.0,0.0,1,3,3.7813870310783386,1,0
903,790,-103.05544664514919,103.05544664514919,6,N-1,1,160,True,0.0,0,0.0,0.0,0.0,0.0,0.0,1,5,0.0,1,0
905,791,-104.1083539276123,104.1083539276123,11,N-1,1,730,True,0.0,0,0.0,0.0,0.0,0.0,0.0,2,4,39.977136075496674,0,0
906,792,-105.95829567632416,105.95829567632416,"4,9",common_bus_N-2,2,1855,True,0.0,0,0.0,0.0,0.0,0.0,0.0,1,9,9.882176399230957,1,0
907,793,-106.04323776126624,106.04323776126624,"9,10",common_bus_N-2,2,473,True,0.0,0,0.0,0.0,0.0,0.0,0.0,1,8,57.95046418905258,0,0
908,794,-105.92354664157513,105.92354664157513,"15,16",common_bus_N-2,2,1276,True,0.0,0,0.0,0.0,0.0,0.0,0.0,1,9,0.0,1,0
909,795,0.0,-0.0,5,N-1,1,266,True,0.0,0,0.0,0.0,0.0,0.0,0.0,1,1,0.0,0,0
910,796,-100.0,100.0,"11,18",common_bus_N-2,2,441,True,0.0,0,0.0,0.0,0.0,0.0,0.0,1,2,7.152646398544311,0,0
911,797,-102.95544664514918,102.95544664514918,"2,4",common_bus_N-2,2,321,True,0.0,0,0.0,0.0,0.0,0.0,0.0,1,5,0.0,0,0
912,798,-101.98013266932448,101.98013266932448,"15,16",common_bus_N-2,2,127,True,0.0,0,0.0,0.0,0.0,0.0,0.0,1,4,0.0,0,0
913,799,-107.80226497523604,107.80226497523604,"1,9",common_bus_N-2,2,1880,True,0.0,0,0.0,0.0,0.0,0.0,0.0,1,10,31.77213716506958,0,0
914,800,0.0,-0.0,"14,15",common_bus_N-2,2,549,True,0.0,0,0.0,0.0,0.0,0.0,0.0,1,2,0.0,0,0
915,801,-100.1,100.1,13,N-1,1,1886,True,0.0,0,0.0,0.0,0.0,0.0,0.0,1,2,0.0,1,0
916,802,-104.20561206932366,104.20561206932366,"0,3",common_bus_N-2,2,511,True,0.0,0,0.0,0.0,0.0,0.0,0.0,1,7,42.34168465137481,1,0
917,803,-102.08013266932447,102.08013266932447,"14,16",common_bus_N-2,2,1650,True,0.0,0,0.0,0.0,0.0,0.0,0.0,1,5,0.0,1,0
918,804,-100.1,100.1,"16,19",common_bus_N-2,2,984,True,0.0,0,0.0,0.0,0.0,0.0,0.0,1,3,17.410354351997377,1,0
920,805,-106.87207417501179,106.87207417501179,6,N-1,1,1623,True,0.0,0,0.0,0.0,0.0,0.0,0.0,2,7,0.0,0,0
921,806,-108.85553012152583,108.85553012152583,9,N-1,1,168,True,0.0,0,0.0,0.0,0.0,0.0,0.0,1,11,40.389392375946045,1,0
922,807,-103.05544664514919,103.05544664514919,0,N-1,1,1123,True,0.0,0,0.0,0.0,0.0,0.0,0.0,1,5,0.0,1,0
923,808,0.0,-0.0,"14,16",common_bus_N-2,2,1352,True,0.0,0,0.0,0.0,0.0,0.0,0.0,1,2,0.0,0,0
924,809,-103.05544664514919,103.05544664514919,"0,2",common_bus_N-2,2,1068,True,0.0,0,0.0,0.0,0.0,0.0,0.0,1,6,0.0,1,0
926,810,-111.00131656347943,111.00131656347943,"4,6",common_bus_N-2,2,466,True,0.0,0,0.0,0.0,0.0,0.0,0.0,2,13,65.60064572095871,1,0
927,811,0.0,-0.0,"18,19",common_bus_N-2,2,310,True,0.0,0,0.0,0.0,0.0,0.0,0.0,1,2,0.0,0,0
928,812,-104.16777423148582,104.16777423148582,"11,12",common_bus_N-2,2,1370,True,0.0,0,0.0,0.0,0.0,0.0,0.0,1,7,29.5387544631958,1,0
930,813,-102.09501662508319,102.09501662508319,17,N-1,1,735,True,0.0,0,0.0,0.0,0.0,0.0,0.0,2,3,0.0,1,0
931,814,-103.92105608476768,103.92105608476768,"1,4",common_bus_N-2,2,745,True,0.0,0,0.0,0.0,0.0,0.0,0.0,1,6,0.0,0,0
932,815,-100.1,100.1,"10,17",common_bus_N-2,2,1477,True,0.0,0,0.0,0.0,0.0,0.0,0.0,1,3,3.354931592941284,1,0
933,816,-100.1,100.1,"3,6",common_bus_N-2,2,1903,True,0.0,0,0.0,0.0,0.0,0.0,0.0,1,3,0.0,1,0
935,817,-106.31143950521766,106.31143950521766,11,N-1,1,1539,True,0.0,0,0.0,0.0,0.0,0.0,0.0,2,7,82.60901427268982,1,0
936,818,-101.98013266932448,101.98013266932448,"15,16",common_bus_N-2,2,153,True,0.0,0,0.0,0.0,0.0,0.0,0.0,1,4,0.0,0,0
937,819,-102.09241890910035,102.09241890910035,"5,7",common_bus_N-2,2,196,True,0.0,0,0.0,0.0,0.0,0.0,0.0,1,5,3.089546370506284,1,0
938,820,-107.85052752349858,107.85052752349858,"9,12",common_bus_N-2,2,719,True,0.0,0,0.0,0.0,0.0,0.0,0.0,1,10,50.450525522232056,0,0
939,821,-100.1,100.1,"15,17",common_bus_N-2,2,1457,True,0.0,0,0.0,0.0,0.0,0.0,0.0,1,3,8.072557032108307,1,0
940,822,-105.92354664157513,105.92354664157513,"6,7",common_bus_N-2,2,378,True,0.0,0,0.0,0.0,0.0,0.0,0.0,1,9,0.0,1,0
941,823,-0.1,0.1,"8,15",common_bus_N-2,2,517,True,0.0,0,0.0,0.0,0.0,0.0,0.0,1,3,0.0,1,0
942,824,-100.1,100.1,"11,18",common_bus_N-2,2,67,True,0.0,0,0.0,0.0,0.0,0.0,0.0,1,3,7.05183789730072,1,0
943,825,-100.1,100.1,"16,19",common_bus_N-2,2,1620,True,0.0,0,0.0,0.0,0.0,0.0,0.0,1,3,13.632767629623414,1,0
944,826,-0.1,0.1,"4,6",common_bus_N-2,2,1114,True,0.0,0,0.0,0.0,0.0,0.0,0.0,1,3,0.0,1,0
945,827,0.0,-0.0,"5,6",common_bus_N-2,2,1106,True,0.0,0,0.0,0.0,0.0,0.0,0.0,1,2,0.0,0,0
946,828,-100.1,100.1,"7,13",common_bus_N-2,2,1218,True,0.0,0,0.0,0.0,0.0,0.0,0.0,1,3,0.0,1,0
947,829,-100.1,100.1,"16,19",common_bus_N-2,2,1646,True,0.0,0,0.0,0.0,0.0,0.0,0.0,1,3,11.988960081338883,1,0
948,830,-100.1,100.1,"2,5",common_bus_N-2,2,2004,True,0.0,0,0.0,0.0,0.0,0.0,0.0,1,3,0.0,1,0
949,831,-100.23320463320464,100.23320463320464,"11,12",common_bus_N-2,2,535,True,0.0,0,0.0,0.0,0.0,0.0,0.0,1,3,29.495629370212555,1,0
950,832,-0.1,0.1,18,N-1,1,1104,True,0.0,0,0.0,0.0,0.0,0.0,0.0,1,2,0.0,1,0
951,833,-107.00926665805382,107.00926665805382,"9,12",common_bus_N-2,2,1818,True,0.0,0,0.0,0.0,0.0,0.0,0.0,1,10,42.824060916900635,1,0
953,834,-111.04996521212807,111.04996521212807,7,N-1,1,523,True,0.0,0,0.0,0.0,0.0,0.0,0.0,2,13,43.549493074417114,2,0
954,835,-102.15580834500015,102.15580834500015,"12,19",common_bus_N-2,2,144,True,0.0,0,0.0,0.0,0.0,0.0,0.0,1,5,22.74719820022583,1,0
955,836,-102.95544664514918,102.95544664514918,"0,3",common_bus_N-2,2,671,True,0.0,0,0.0,0.0,0.0,0.0,0.0,1,5,0.0,0,0
957,837,-104.05544664514917,104.05544664514917,"6,8",common_bus_N-2,2,312,True,0.0,0,0.0,0.0,0.0,0.0,0.0,2,6,0.0,1,0
958,838,-107.83701400998507,107.83701400998507,9,N-1,1,1802,True,0.0,0,0.0,0.0,0.0,0.0,0.0,1,9,41.97863686084747,0,0
959,839,-103.05544664514919,103.05544664514919,"0,4",common_bus_N-2,2,1344,True,0.0,0,0.0,0.0,0.0,0.0,0.0,1,6,0.0,1,0
961,840,-107.83207678017183,107.83207678017183,6,N-1,1,520,True,0.0,0,0.0,0.0,0.0,0.0,0.0,2,8,3.0628698766231537,0,0
962,841,-104.99057106344212,104.99057106344212,"3,8",common_bus_N-2,2,1630,True,0.0,0,0.0,0.0,0.0,0.0,0.0,1,8,3.039217174053192,1,0
963,842,-101.12812298820499,101.12812298820499,"18,19",common_bus_N-2,2,160,True,0.0,0,0.0,0.0,0.0,0.0,0.0,1,4,9.414208173751831,1,0
964,843,-102.08013266932447,102.08013266932447,14,N-1,1,0,True,0.0,0,0.0,0.0,0.0,0.0,0.0,1,4,0.0,1,0
965,844,-0.1,0.1,17,N-1,1,1495,True,0.0,0,0.0,0.0,0.0,0.0,0.0,1,2,0.0,1,0
966,845,-105.92354664157513,105.92354664157513,"9,12",common_bus_N-2,2,1099,True,0.0,0,0.0,0.0,0.0,0.0,0.0,1,9,0.0,1,0
967,846,0.0,-0.0,12,N-1,1,1030,True,0.0,0,0.0,0.0,0.0,0.0,0.0,1,1,0.0,0,0
968,847,-104.02105608476768,104.02105608476768,11,N-1,1,760,True,0.0,0,0.0,0.0,0.0,0.0,0.0,1,6,0.0,1,0
970,848,-106.02958622336439,106.02958622336439,14,N-1,1,1544,True,0.0,0,0.0,0.0,0.0,0.0,0.0,2,7,3.838163197040558,1,0
971,849,-105.19498864462977,105.19498864462977,"5,7",common_bus_N-2,2,970,True,0.0,0,0.0,0.0,0.0,0.0,0.0,1,8,67.79419088363647,1,0
973,850,-110.0604604681915,110.0604604681915,"3,7",common_bus_N-2,2,1342,True,0.0,0,0.0,0.0,0.0,0.0,0.0,2,12,42.30864405632019,1,0
974,851,-102.95544664514918,102.95544664514918,"4,6",common_bus_N-2,2,71,True,0.0,0,0.0,0.0,0.0,0.0,0.0,1,5,0.0,0,0
975,852,-100.1,100.1,1,N-1,1,1201,True,0.0,0,0.0,0.0,0.0,0.0,0.0,1,2,0.0,1,0
976,853,-100.1,100.1,"7,13",common_bus_N-2,2,1328,True,0.0,0,0.0,0.0,0.0,0.0,0.0,1,3,0.0,1,0
977,854,-100.1,100.1,"0,1",common_bus_N-2,2,1479,True,0.0,0,0.0,0.0,0.0,0.0,0.0,1,3,0.0,1,0
978,855,-107.85052752349858,107.85052752349858,"9,11",common_bus_N-2,2,334,True,0.0,0,0.0,0.0,0.0,0.0,0.0,1,10,47.45484781265259,0,0
979,856,-100.1,100.1,"10,17",common_bus_N-2,2,504,True,0.0,0,0.0,0.0,0.0,0.0,0.0,1,3,3.196068435907364,1,0
981,857,-111.86348802159883,111.86348802159883,7,N-1,1,72,True,0.0,0,0.0,0.0,0.0,0.0,0.0,2,13,24.805097687244412,1,0
982,858,-103.05544664514919,103.05544664514919,19,N-1,1,1040,True,0.0,0,0.0,0.0,0.0,0.0,0.0,1,5,0.0,1,0
984,859,-110.23148426946324,110.23148426946324,"6,8",common_bus_N-2,2,1245,True,0.0,0,0.0,0.0,0.0,0.0,0.0,2,12,107.51753239631653,1,0
985,860,-104.02105608476768,104.02105608476768,11,N-1,1,361,True,0.0,0,0.0,0.0,0.0,0.0,0.0,1,6,0.0,1,0
986,861,-103.92105608476768,103.92105608476768,"2,3",common_bus_N-2,2,520,True,0.0,0,0.0,0.0,0.0,0.0,0.0,1,6,0.0,0,0
987,862,-102.95544664514918,102.95544664514918,"0,4",common_bus_N-2,2,1984,True,0.0,0,0.0,0.0,0.0,0.0,0.0,1,5,0.0,0,0
989,863,-104.06896015866269,104.06896015866269,"6,7",common_bus_N-2,2,887,True,0.0,0,0.0,0.0,0.0,0.0,0.0,2,6,3.5686105489730835,1,0
990,864,-100.1,100.1,"9,10",common_bus_N-2,2,1783,True,0.0,0,0.0,0.0,0.0,0.0,0.0,1,3,0.0,1,0
991,865,-100.1,100.1,"7,14",common_bus_N-2,2,1693,True,0.0,0,0.0,0.0,0.0,0.0,0.0,1,3,0.0,1,0
992,866,-100.1,100.1,"0,1",common_bus_N-2,2,939,True,0.0,0,0.0,0.0,0.0,0.0,0.0,1,3,0.0,1,0
993,867,-102.97968965812393,102.97968965812393,"5,7",common_bus_N-2,2,90,True,0.0,0,0.0,0.0,0.0,0.0,0.0,1,5,7.459710264205938,0,0
994,868,-102.08013266932447,102.08013266932447,"10,11",common_bus_N-2,2,203,True,0.0,0,0.0,0.0,0.0,0.0,0.0,1,5,0.0,1,0
995,869,-106.80649271111146,106.80649271111146,"8,16",common_bus_N-2,2,418,True,0.0,0,0.0,0.0,0.0,0.0,0.0,1,9,14.579855906963346,0,0
996,870,0.0,-0.0,"10,11",common_bus_N-2,2,1657,True,0.0,0,0.0,0.0,0.0,0.0,0.0,1,2,0.0,0,0
997,871,-105.93706015508864,105.93706015508864,"3,8",common_bus_N-2,2,1655,True,0.0,0,0.0,0.0,0.0,0.0,0.0,1,9,2.8167152106761932,1,0
999,872,-107.02033672327434,107.02033672327434,"5,7",common_bus_N-2,2,170,True,0.0,0,0.0,0.0,0.0,0.0,0.0,2,9,13.533639907836914,1,0
1000,873,-0.1,0.1,"3,4",common_bus_N-2,2,1404,True,0.0,0,0.0,0.0,0.0,0.0,0.0,1,3,0.0,1,0
1002,874,-106.01607270985087,106.01607270985087,"6,7",common_bus_N-2,2,1932,True,0.0,0,0.0,0.0,0.0,0.0,0.0,2,8,0.0,1,0
1003,875,0.0,-0.0,18,N-1,1,18,True,0.0,0,0.0,0.0,0.0,0.0,0.0,1,1,0.0,0,0
1004,876,-101.98013266932448,101.98013266932448,"3,4",common_bus_N-2,2,1824,True,0.0,0,0.0,0.0,0.0,0.0,0.0,1,4,0.0,0,0
1005,877,-100.13474903474903,100.13474903474903,15,N-1,1,963,True,0.0,0,0.0,0.0,0.0,0.0,0.0,1,2,10.48745334148407,1,0
1006,878,-103.92105608476768,103.92105608476768,"3,7",common_bus_N-2,2,945,True,0.0,0,0.0,0.0,0.0,0.0,0.0,1,6,0.0,0,0
1007,879,-100.1,100.1,"7,14",common_bus_N-2,2,553,True,0.0,0,0.0,0.0,0.0,0.0,0.0,1,3,0.0,1,0
1008,880,-103.05544664514919,103.05544664514919,"9,12",common_bus_N-2,2,816,True,0.0,0,0.0,0.0,0.0,0.0,0.0,1,6,0.0,1,0
1009,881,-100.1,100.1,"7,14",common_bus_N-2,2,706,True,0.0,0,0.0,0.0,0.0,0.0,0.0,1,3,0.0,1,0
1010,882,0.0,-0.0,11,N-1,1,1065,True,0.0,0,0.0,0.0,0.0,0.0,0.0,1,1,0.0,0,0
1011,883,0.0,-0.0,12,N-1,1,148,True,0.0,0,0.0,0.0,0.0,0.0,0.0,1,1,0.0,0,0
1012,884,-102.95544664514918,102.95544664514918,"1,4",common_bus_N-2,2,983,True,0.0,0,0.0,0.0,0.0,0.0,0.0,1,5,0.0,0,0
1013,885,-100.0,100.0,"16,19",common_bus_N-2,2,436,True,0.0,0,0.0,0.0,0.0,0.0,0.0,1,2,17.634587717056274,0,0
1015,886,-103.97514929440767,103.97514929440767,1,N-1,1,1067,True,0.0,0,0.0,0.0,0.0,0.0,0.0,2,4,0.0,0,0
1016,887,-100.0,100.0,"7,13",common_bus_N-2,2,671,True,0.0,0,0.0,0.0,0.0,0.0,0.0,1,2,0.0,0,0
1017,888,0.0,-0.0,19,N-1,1,176,True,0.0,0,0.0,0.0,0.0,0.0,0.0,1,1,0.0,0,0
1019,889,-109.98746882544779,109.98746882544779,"4,6",common_bus_N-2,2,1174,True,0.0,0,0.0,0.0,0.0,0.0,0.0,2,12,34.599337100982666,1,0
1020,890,-103.0651447534333,103.0651447534333,5,N-1,1,898,True,0.0,0,0.0,0.0,0.0,0.0,0.0,1,5,2.5938847064971924,1,0
1021,891,-103.08865127835382,103.08865127835382,"11,12",common_bus_N-2,2,42,True,0.0,0,0.0,0.0,0.0,0.0,0.0,1,5,35.968915700912476,0,0
1022,892,-0.1,0.1,"12,18",common_bus_N-2,2,1332,True,0.0,0,0.0,0.0,0.0,0.0,0.0,1,3,0.0,1,0
1023,893,-105.83706015508864,105.83706015508864,"3,6",common_bus_N-2,2,17,True,0.0,0,0.0,0.0,0.0,0.0,0.0,1,8,3.1691629886627197,0,0
1024,894,-102.08013266932447,102.08013266932447,"9,12",common_bus_N-2,2,1380,True,19.0546875,0,-0.09894028306007385,4516.4697265625,2.236868143081665,0.04431033134460449,0.3828125,1,5,0.0,1,0
1025,895,-0.1,0.1,"3,5",common_bus_N-2,2,1684,True,0.0,0,0.0,0.0,0.0,0.0,0.0,1,3,0.0,1,0
1027,896,-106.08750128127944,106.08750128127944,"8,15",common_bus_N-2,2,475,True,0.0,0,0.0,0.0,0.0,0.0,0.0,2,7,44.74941558837891,0,0
1028,897,0.0,-0.0,17,N-1,1,182,True,0.0,0,0.0,0.0,0.0,0.0,0.0,1,1,0.0,0,0
1029,898,-109.69386437401023,109.69386437401023,"0,2",common_bus_N-2,2,270,True,0.0,0,0.0,0.0,0.0,0.0,0.0,1,13,17.028346931934358,1,0
1030,899,0.0,-0.0,10,N-1,1,1286,True,0.0,0,0.0,0.0,0.0,0.0,0.0,1,1,0.0,0,0
1031,900,-100.1,100.1,"2,5",common_bus_N-2,2,1310,True,0.0,0,0.0,0.0,0.0,0.0,0.0,1,3,0.0,1,0
1032,901,-103.9345695982812,103.9345695982812,"8,14",common_bus_N-2,2,1240,True,0.0,0,0.0,0.0,0.0,0.0,0.0,1,6,3.8781057000160217,0,0
1033,902,-107.19720967242363,107.19720967242363,"9,12",common_bus_N-2,2,1281,True,0.0,0,0.0,0.0,0.0,0.0,0.0,1,10,94.08911126852036,1,0
1034,903,-100.1,100.1,"11,12",common_bus_N-2,2,646,True,0.0,0,0.0,0.0,0.0,0.0,0.0,1,3,0.0,1,0
1035,904,-102.08013266932447,102.08013266932447,12,N-1,1,7,True,0.0,0,0.0,0.0,0.0,0.0,0.0,1,4,0.0,1,0
1036,905,-100.1,100.1,"7,13",common_bus_N-2,2,1262,True,0.0,0,0.0,0.0,0.0,0.0,0.0,1,3,0.0,1,0
1037,906,0.0,-0.0,17,N-1,1,1257,True,0.0,0,0.0,0.0,0.0,0.0,0.0,1,1,0.0,0,0
1038,907,-108.01426285970653,108.01426285970653,"1,4",common_bus_N-2,2,1180,True,0.0,0,0.0,0.0,0.0,0.0,0.0,1,11,56.699644953012466,1,0
1040,908,-104.95046327023238,104.95046327023238,"1,4",common_bus_N-2,2,1710,True,0.0,0,0.0,0.0,0.0,0.0,0.0,2,6,0.0,0,0
1041,909,-103.05544664514919,103.05544664514919,"5,6",common_bus_N-2,2,738,True,0.0,0,0.0,0.0,0.0,0.0,0.0,1,6,0.0,1,0
1042,910,-101.98013266932448,101.98013266932448,"5,7",common_bus_N-2,2,215,True,0.0,0,0.0,0.0,0.0,0.0,0.0,1,4,0.0,0,0
1043,911,-107.0799230287102,107.0799230287102,"5,6",common_bus_N-2,2,18,True,0.0,0,0.0,0.0,0.0,0.0,0.0,1,10,55.058483028411864,1,0
1044,912,-102.08013266932447,102.08013266932447,4,N-1,1,1518,True,0.0,0,0.0,0.0,0.0,0.0,0.0,1,4,0.0,1,0
1046,913,-104.1083539276123,104.1083539276123,"14,16",common_bus_N-2,2,1932,True,0.0,0,0.0,0.0,0.0,0.0,0.0,2,5,30.001347988843918,0,0
1047,914,-100.0,100.0,"11,18",common_bus_N-2,2,1045,True,0.0,0,0.0,0.0,0.0,0.0,0.0,1,2,5.950167793035507,0,0
1048,915,-110.01913789413827,110.01913789413827,"1,6",common_bus_N-2,2,636,True,0.0,0,0.0,0.0,0.0,0.0,0.0,1,13,126.98400163650513,1,0
1049,916,-0.1,0.1,"5,6",common_bus_N-2,2,1658,True,0.0,0,0.0,0.0,0.0,0.0,0.0,1,3,0.0,1,0
1050,917,-100.11351351351351,100.11351351351351,10,N-1,1,1458,True,0.0,0,0.0,0.0,0.0,0.0,0.0,1,2,3.125383824110031,1,0
1051,918,-104.9770575499286,104.9770575499286,"6,8",common_bus_N-2,2,1728,True,0.0,0,0.0,0.0,0.0,0.0,0.0,1,8,0.0,1,0
1052,919,-100.12355212355213,100.12355212355213,"12,18",common_bus_N-2,2,1106,True,0.0,0,0.0,0.0,0.0,0.0,0.0,1,3,4.865175485610962,1,0
1054,920,-110.03611747409644,110.03611747409644,"14,16",common_bus_N-2,2,1553,True,0.0,0,0.0,0.0,0.0,0.0,0.0,2,11,84.17206192016602,0,0
1055,921,-100.0,100.0,"13,14",common_bus_N-2,2,740,True,0.0,0,0.0,0.0,0.0,0.0,0.0,1,2,0.0,0,0
1057,922,-106.93053238343579,106.93053238343579,3,N-1,1,1792,True,0.0,0,0.0,0.0,0.0,0.0,0.0,2,7,7.987856388092041,0,0
1058,923,-103.05544664514919,103.05544664514919,3,N-1,1,455,True,0.0,0,0.0,0.0,0.0,0.0,0.0,1,5,0.0,1,0
1060,924,-103.19403228322409,103.19403228322409,"8,16",common_bus_N-2,2,64,True,0.0,0,0.0,0.0,0.0,0.0,0.0,2,5,33.1370005607605,1,0
1061,925,-100.0,100.0,13,N-1,1,261,True,0.0,0,0.0,0.0,0.0,0.0,0.0,1,1,0.0,0,0
1062,926,0.0,-0.0,12,N-1,1,1605,True,0.0,0,0.0,0.0,0.0,0.0,0.0,1,1,0.0,0,0
1064,927,-106.39792599170416,106.39792599170416,"6,8",common_bus_N-2,2,532,True,0.0,0,0.0,0.0,0.0,0.0,0.0,2,9,66.58307933807373,2,0
1065,928,-0.1,0.1,3,N-1,1,1343,True,0.0,0,0.0,0.0,0.0,0.0,0.0,1,2,0.0,1,0
1066,929,-104.02105608476768,104.02105608476768,"10,11",common_bus_N-2,2,424,True,0.0,0,0.0,0.0,0.0,0.0,0.0,1,7,0.0,1,0
1068,930,-106.14927734305552,106.14927734305552,11,N-1,1,1485,True,0.0,0,0.0,0.0,0.0,0.0,0.0,2,7,34.07704782485962,1,0
1069,931,-104.99057106344212,104.99057106344212,"6,7",common_bus_N-2,2,101,True,0.0,0,0.0,0.0,0.0,0.0,0.0,1,8,4.144879996776581,1,0
1071,932,-112.93548730548073,112.93548730548073,"6,8",common_bus_N-2,2,1867,True,0.0,0,0.0,0.0,0.0,0.0,0.0,2,14,110.14624810218811,0,0
1072,933,-104.02105608476768,104.02105608476768,12,N-1,1,662,True,0.0,0,0.0,0.0,0.0,0.0,0.0,1,6,0.0,1,0
1073,934,-106.03744625547475,106.03744625547475,"1,9",common_bus_N-2,2,1140,True,0.0,0,0.0,0.0,0.0,0.0,0.0,1,9,23.928709149360657,1,0
1075,935,-106.07360166737983,106.07360166737983,7,N-1,1,4,True,0.0,0,0.0,0.0,0.0,0.0,0.0,2,7,13.488979196548462,1,0
1076,936,-100.1,100.1,"16,19",common_bus_N-2,2,1790,True,0.0,0,0.0,0.0,0.0,0.0,0.0,1,3,16.177987372875215,1,0
1078,937,-104.1689601586627,104.1689601586627,"3,7",common_bus_N-2,2,250,True,0.0,0,0.0,0.0,0.0,0.0,0.0,2,7,3.0862052738666534,2,0
1079,938,-102.95544664514918,102.95544664514918,9,N-1,1,1077,True,0.0,0,0.0,0.0,0.0,0.0,0.0,1,4,0.0,0,0
1080,939,0.0,-0.0,"10,12",common_bus_N-2,2,1720,True,0.0,0,0.0,0.0,0.0,0.0,0.0,1,2,0.0,0,0
1081,940,-105.13921971209076,105.13921971209076,"8,16",common_bus_N-2,2,1934,True,0.0,0,0.0,0.0,0.0,0.0,0.0,1,8,37.5029661655426,1,0
1082,941,-105.92354664157513,105.92354664157513,14,N-1,1,179,True,0.0,0,0.0,0.0,0.0,0.0,0.0,1,8,0.0,1,0
1083,942,-104.9770575499286,104.9770575499286,"0,3",common_bus_N-2,2,423,True,0.0,0,0.0,0.0,0.0,0.0,0.0,1,8,0.0,1,0
1085,943,-106.03677210996243,106.03677210996243,4,N-1,1,1885,True,0.0,0,0.0,0.0,0.0,0.0,0.0,2,7,0.32385971546173664,1,0
1086,944,-107.98913756210862,107.98913756210862,"4,9",common_bus_N-2,2,135,True,0.0,0,0.0,0.0,0.0,0.0,0.0,1,11,60.1822714805603,1,0
1087,945,-107.00386125264842,107.00386125264842,"4,9",common_bus_N-2,2,1511,True,0.0,0,0.0,0.0,0.0,0.0,0.0,1,10,39.868362510204314,1,0
1088,946,-103.05544664514919,103.05544664514919,3,N-1,1,800,True,0.0,0,0.0,0.0,0.0,0.0,0.0,1,5,0.0,1,0
1089,947,0.0,-0.0,12,N-1,1,342,True,0.0,0,0.0,0.0,0.0,0.0,0.0,1,1,0.0,0,0
1090,948,-100.1,100.1,"3,4",common_bus_N-2,2,399,True,0.0,0,0.0,0.0,0.0,0.0,0.0,1,3,0.0,1,0
1092,949,-106.16433525811343,106.16433525811343,4,N-1,1,246,True,0.0,0,0.0,0.0,0.0,0.0,0.0,2,8,10.79929769039154,2,0
1093,950,-0.1,0.1,"8,16",common_bus_N-2,2,1739,True,0.0,0,0.0,0.0,0.0,0.0,0.0,1,3,0.0,1,0
1094,951,-104.8770575499286,104.8770575499286,"9,12",common_bus_N-2,2,1913,True,0.0,0,0.0,0.0,0.0,0.0,0.0,1,7,0.0,0,0
1095,952,-106.21891343694192,106.21891343694192,"8,14",common_bus_N-2,2,1019,True,0.0,0,0.0,0.0,0.0,0.0,0.0,1,9,79.06861960887909,1,0
1096,953,-100.1,100.1,"10,17",common_bus_N-2,2,1458,True,0.0,0,0.0,0.0,0.0,0.0,0.0,1,3,3.125383824110031,1,0
1097,954,-102.95544664514918,102.95544664514918,"10,11",common_bus_N-2,2,120,True,0.0,0,0.0,0.0,0.0,0.0,0.0,1,5,0.0,0,0
1098,955,-108.75553012152582,108.75553012152582,"1,9",common_bus_N-2,2,1877,True,0.0,0,0.0,0.0,0.0,0.0,0.0,1,11,41.56978529691696,0,0
1099,956,-100.1,100.1,"2,5",common_bus_N-2,2,1263,True,0.0,0,0.0,0.0,0.0,0.0,0.0,1,3,9.867105102539071,1,0
1100,957,-100.1,100.1,19,N-1,1,1202,True,0.0,0,0.0,0.0,0.0,0.0,0.0,1,2,0.0,1,0
1102,958,-106.04927734305551,106.04927734305551,11,N-1,1,738,True,0.0,0,0.0,0.0,0.0,0.0,0.0,2,6,38.79284119606018,0,0
1104,959,-106.87207417501179,106.87207417501179,18,N-1,1,106,True,0.0,0,0.0,0.0,0.0,0.0,0.0,2,7,0.0,0,0
1105,960,0.0,-0.0,"8,15",common_bus_N-2,2,52,True,0.0,0,0.0,0.0,0.0,0.0,0.0,1,2,0.0,0,0
1106,961,-102.08013266932447,102.08013266932447,"0,4",common_bus_N-2,2,1955,True,0.0,0,0.0,0.0,0.0,0.0,0.0,1,5,0.0,1,0
1108,962,-108.9984917773455,108.9984917773455,"18,19",common_bus_N-2,2,1769,True,0.0,0,0.0,0.0,0.0,0.0,0.0,2,12,10.999933236837386,2,0
1109,963,-102.99367165905912,102.99367165905912,"5,7",common_bus_N-2,2,994,True,0.0,0,0.0,0.0,0.0,0.0,0.0,1,5,11.674006605148321,0,0
1110,964,-104.89057106344211,104.89057106344211,"7,8",common_bus_N-2,2,72,True,0.0,0,0.0,0.0,0.0,0.0,0.0,1,7,4.097151100635529,0,0
1112,965,-103.18013266932446,103.18013266932446,"3,8",common_bus_N-2,2,488,True,0.0,0,0.0,0.0,0.0,0.0,0.0,2,6,0.0,2,0
1113,966,-104.02105608476768,104.02105608476768,"10,11",common_bus_N-2,2,170,True,0.0,0,0.0,0.0,0.0,0.0,0.0,1,7,0.0,1,0
1114,967,-103.05544664514919,103.05544664514919,"0,4",common_bus_N-2,2,816,True,0.0,0,0.0,0.0,0.0,0.0,0.0,1,6,0.0,1,0
1116,968,-107.96682581492087,107.96682581492087,"6,7",common_bus_N-2,2,492,True,0.0,0,0.0,0.0,0.0,0.0,0.0,2,10,11.926988512277603,1,0
1117,969,-106.03744625547475,106.03744625547475,"6,9",common_bus_N-2,2,1516,True,0.0,0,0.0,0.0,0.0,0.0,0.0,1,9,30.67660880088806,1,0
1118,970,-102.08978517897698,102.08978517897698,"12,18",common_bus_N-2,2,406,True,0.0,0,0.0,0.0,0.0,0.0,0.0,1,4,36.32625212669373,0,0
1119,971,-100.1,100.1,"7,13",common_bus_N-2,2,477,True,0.0,0,0.0,0.0,0.0,0.0,0.0,1,3,0.0,1,0
1120,972,0.0,-0.0,"5,8",common_bus_N-2,2,1371,True,0.0,0,0.0,0.0,0.0,0.0,0.0,1,2,0.0,0,0
1121,973,-104.91180658467763,104.91180658467763,"4,9",common_bus_N-2,2,1316,True,0.0,0,0.0,0.0,0.0,0.0,0.0,1,7,8.774707317352295,0,0
1122,974,-103.92105608476768,103.92105608476768,3,N-1,1,703,True,0.0,0,0.0,0.0,0.0,0.0,0.0,1,5,0.0,0,0
1123,975,-104.02105608476768,104.02105608476768,"1,6",common_bus_N-2,2,1853,True,0.0,0,0.0,0.0,0.0,0.0,0.0,1,7,0.0,1,0
1124,976,-100.1,100.1,"0,1",common_bus_N-2,2,1747,True,0.0,0,0.0,0.0,0.0,0.0,0.0,1,3,0.0,1,0
1125,977,0.0,-0.0,"6,8",common_bus_N-2,2,1763,True,0.0,0,0.0,0.0,0.0,0.0,0.0,1,2,0.0,0,0
1126,978,-100.1,100.1,"0,1",common_bus_N-2,2,1704,True,0.0,0,0.0,0.0,0.0,0.0,0.0,1,3,0.0,1,0
1127,979,-103.92105608476768,103.92105608476768,"5,8",common_bus_N-2,2,656,True,0.0,0,0.0,0.0,0.0,0.0,0.0,1,6,0.0,0,0
1128,980,-105.83706015508864,105.83706015508864,"3,6",common_bus_N-2,2,265,True,0.0,0,0.0,0.0,0.0,0.0,0.0,1,8,3.106086403131485,0,0
1129,981,-103.05544664514919,103.05544664514919,"0,3",common_bus_N-2,2,569,True,0.0,0,0.0,0.0,0.0,0.0,0.0,1,6,0.0,1,0
1130,982,-103.05544664514919,103.05544664514919,"3,7",common_bus_N-2,2,262,True,0.0,0,0.0,0.0,0.0,0.0,0.0,1,6,0.0,1,0
1131,983,-100.1,100.1,"0,1",common_bus_N-2,2,1141,True,0.0,0,0.0,0.0,0.0,0.0,0.0,1,3,0.0,1,0
1132,984,-106.86061800940517,106.86061800940517,14,N-1,1,1208,True,0.0,0,0.0,0.0,0.0,0.0,0.0,1,9,0.0,1,0
1133,985,-107.83701400998507,107.83701400998507,"4,9",common_bus_N-2,2,1864,True,0.0,0,0.0,0.0,0.0,0.0,0.0,1,10,42.38149446249008,0,0
1134,986,-0.1,0.1,"18,19",common_bus_N-2,2,1176,True,0.0,0,0.0,0.0,0.0,0.0,0.0,1,3,0.0,1,0
1136,987,-110.90131656347944,110.90131656347944,"6,7",common_bus_N-2,2,180,True,0.0,0,0.0,0.0,0.0,0.0,0.0,2,12,61.975468039512634,0,0
1137,988,-103.92105608476768,103.92105608476768,"6,7",common_bus_N-2,2,1238,True,0.0,0,0.0,0.0,0.0,0.0,0.0,1,6,0.0,0,0
1138,989,-106.16345453632037,106.16345453632037,"6,7",common_bus_N-2,2,633,True,0.0,0,0.0,0.0,0.0,0.0,0.0,1,9,71.91496729850769,1,0
1139,990,-100.17567567567568,100.17567567567568,"12,19",common_bus_N-2,2,1502,True,0.0,0,0.0,0.0,0.0,0.0,0.0,1,3,20.053895902633666,1,0
1140,991,-105.00640117927223,105.00640117927223,"1,6",common_bus_N-2,2,314,True,0.0,0,0.0,0.0,0.0,0.0,0.0,1,8,7.7672467708587645,1,0
1141,992,-102.95544664514918,102.95544664514918,"2,3",common_bus_N-2,2,1664,True,0.0,0,0.0,0.0,0.0,0.0,0.0,1,5,0.0,0,0
1142,993,0.0,-0.0,"5,6",common_bus_N-2,2,1079,True,0.0,0,0.0,0.0,0.0,0.0,0.0,1,2,0.0,0,0
1143,994,-105.19674866961972,105.19674866961972,"4,9",common_bus_N-2,2,1078,True,0.0,0,0.0,0.0,0.0,0.0,0.0,1,8,45.802360367774966,1,0
1144,995,-100.15212355212356,100.15212355212356,"18,19",common_bus_N-2,2,1273,True,0.0,0,0.0,0.0,0.0,0.0,0.0,1,3,14.68437659740448,1,0
1145,996,-100.12355212355213,100.12355212355213,11,N-1,1,1617,True,0.0,0,0.0,0.0,0.0,0.0,0.0,1,2,5.628694623708725,1,0
1146,997,-105.0480287767314,105.0480287767314,"2,4",common_bus_N-2,2,418,True,0.0,0,0.0,0.0,0.0,0.0,0.0,1,8,22.556010651588437,1,0
1147,998,-100.1,100.1,13,N-1,1,797,True,0.0,0,0.0,0.0,0.0,0.0,0.0,1,2,0.0,1,0
1148,999,-105.95675127477976,105.95675127477976,"11,12",common_bus_N-2,2,1832,True,0.0,0,0.0,0.0,0.0,0.0,0.0,1,8,39.42224371433258,0,0
1149,1000,-105.01180658467763,105.01180658467763,"4,9",common_bus_N-2,2,787,True,0.0,0,0.0,0.0,0.0,0.0,0.0,1,8,8.444321930408478,1,0
1150,1001,-100.99968292794736,100.99968292794736,5,N-1,1,1886,True,0.0,0,0.0,0.0,0.0,0.0,0.0,1,2,1.2723893165588436,0,0
1151,1002,-104.15426071797232,104.15426071797232,12,N-1,1,931,True,0.0,0,0.0,0.0,0.0,0.0,0.0,1,6,39.705272912979126,1,0
1152,1003,0.0,-0.0,"12,18",common_bus_N-2,2,1374,True,0.0,0,0.0,0.0,0.0,0.0,0.0,1,2,0.0,0,0
1153,1004,-100.1,100.1,"2,5",common_bus_N-2,2,176,True,0.0,0,0.0,0.0,0.0,0.0,0.0,1,3,0.0,1,0
1154,1005,-102.08013266932447,102.08013266932447,"15,16",common_bus_N-2,2,29,True,0.0,0,0.0,0.0,0.0,0.0,0.0,1,5,0.0,1,0
1155,1006,0.0,-0.0,6,N-1,1,1756,True,0.0,0,0.0,0.0,0.0,0.0,0.0,1,1,0.0,0,0
1157,1007,-112.92049328215434,112.92049328215434,17,N-1,1,361,True,0.0,0,0.0,0.0,0.0,0.0,0.0,2,13,111.50007977485657,0,0
1158,1008,-104.99095716382821,104.99095716382821,"4,9",common_bus_N-2,2,1354,True,0.0,0,0.0,0.0,0.0,0.0,0.0,1,7,24.760981053113937,0,0
1159,1009,-102.95544664514918,102.95544664514918,0,N-1,1,1017,True,0.0,0,0.0,0.0,0.0,0.0,0.0,1,4,0.0,0,0
1160,1010,-104.8770575499286,104.8770575499286,"1,6",common_bus_N-2,2,722,True,0.0,0,0.0,0.0,0.0,0.0,0.0,1,7,0.0,0,0
1161,1011,-105.88554190948643,105.88554190948643,"3,5",common_bus_N-2,2,672,True,0.0,0,0.0,0.0,0.0,0.0,0.0,1,8,20.08901810646057,0,0
1162,1012,-0.1,0.1,15,N-1,1,1660,True,0.0,0,0.0,0.0,0.0,0.0,0.0,1,2,0.0,1,0
1163,1013,-103.05544664514919,103.05544664514919,12,N-1,1,1446,True,0.0,0,0.0,0.0,0.0,0.0,0.0,1,5,0.0,1,0
1165,1014,-105.11262543239454,105.11262543239454,"14,16",common_bus_N-2,2,1376,True,0.0,0,0.0,0.0,0.0,0.0,0.0,2,6,32.64042413234711,0,0
1166,1015,-100.1,100.1,"16,19",common_bus_N-2,2,205,True,0.0,0,0.0,0.0,0.0,0.0,0.0,1,3,13.475581181049348,1,0
1167,1016,-105.16161353448459,105.16161353448459,"3,7",common_bus_N-2,2,47,True,0.0,0,0.0,0.0,0.0,0.0,0.0,1,8,51.17019138336181,1,0
1168,1017,-100.0,100.0,"13,14",common_bus_N-2,2,1238,True,0.0,0,0.0,0.0,0.0,0.0,0.0,1,2,0.0,0,0
1169,1018,-104.9770575499286,104.9770575499286,"3,6",common_bus_N-2,2,282,True,0.0,0,0.0,0.0,0.0,0.0,0.0,1,8,0.0,1,0
1170,1019,-100.0,100.0,"15,17",common_bus_N-2,2,568,True,0.0,0,0.0,0.0,0.0,0.0,0.0,1,2,8.38769781589508,0,0
1171,1020,-104.92555693729302,104.92555693729302,2,N-1,1,910,True,0.0,0,0.0,0.0,0.0,0.0,0.0,1,6,13.757619047164923,0,0
1172,1021,-103.05544664514919,103.05544664514919,"5,8",common_bus_N-2,2,889,True,0.0,0,0.0,0.0,0.0,0.0,0.0,1,6,0.0,1,0
1173,1022,-103.05544664514919,103.05544664514919,2,N-1,1,1573,True,0.0,0,0.0,0.0,0.0,0.0,0.0,1,5,0.0,1,0
1175,1023,-105.0811035340738,105.0811035340738,"3,8",common_bus_N-2,2,1505,True,0.0,0,0.0,0.0,0.0,0.0,0.0,2,7,8.277993083000183,1,0
1176,1024,0.0,-0.0,"12,19",common_bus_N-2,2,552,True,0.0,0,0.0,0.0,0.0,0.0,0.0,1,2,0.0,0,0
1177,1025,-100.0,100.0,"10,17",common_bus_N-2,2,1491,True,0.0,0,0.0,0.0,0.0,0.0,0.0,1,2,3.454555869102478,0,0
1179,1026,-102.09501662508319,102.09501662508319,14,N-1,1,537,True,0.0,0,0.0,0.0,0.0,0.0,0.0,2,3,0.0,1,0
1180,1027,-106.80888055766772,106.80888055766772,"7,8",common_bus_N-2,2,402,True,0.0,0,0.0,0.0,0.0,0.0,0.0,1,9,15.778127312660217,0,0
1182,1028,-106.04927734305551,106.04927734305551,11,N-1,1,294,True,0.0,0,0.0,0.0,0.0,0.0,0.0,2,6,33.57007277011871,0,0
1183,1029,-0.1,0.1,16,N-1,1,265,True,0.0,0,0.0,0.0,0.0,0.0,0.0,1,2,0.0,1,0
1184,1030,-104.04214217730288,104.04214217730288,"2,4",common_bus_N-2,2,444,True,0.0,0,0.0,0.0,0.0,0.0,0.0,1,7,6.351710820198065,1,0
1185,1031,-102.95544664514918,102.95544664514918,"14,16",common_bus_N-2,2,1209,True,0.0,0,0.0,0.0,0.0,0.0,0.0,1,5,0.0,0,0
1186,1032,-100.1,100.1,"7,13",common_bus_N-2,2,1301,True,0.0,0,0.0,0.0,0.0,0.0,0.0,1,3,0.0,1,0
1187,1033,-100.1,100.1,"2,5",common_bus_N-2,2,336,True,0.0,0,0.0,0.0,0.0,0.0,0.0,1,3,5.674444198608398,1,0
1188,1034,-100.1,100.1,13,N-1,1,1442,True,0.0,0,0.0,0.0,0.0,0.0,0.0,1,2,0.0,1,0
1189,1035,-106.12972424775273,106.12972424775273,"9,12",common_bus_N-2,2,1359,True,0.0,0,0.0,0.0,0.0,0.0,0.0,1,9,46.88832035064697,1,0
1190,1036,-102.08013266932447,102.08013266932447,"5,7",common_bus_N-2,2,334,True,0.0,0,0.0,0.0,0.0,0.0,0.0,1,5,0.0,1,0
1191,1037,-105.95408306640752,105.95408306640752,"3,7",common_bus_N-2,2,1885,True,0.0,0,0.0,0.0,0.0,0.0,0.0,1,9,8.291042304039006,1,0
1192,1038,-104.07858504229664,104.07858504229664,"7,8",common_bus_N-2,2,1607,True,0.0,0,0.0,0.0,0.0,0.0,0.0,1,7,13.971656781435014,1,0
1194,1039,-112.19126124644876,112.19126124644876,12,N-1,1,483,True,0.0,0,0.0,0.0,0.0,0.0,0.0,2,14,105.25497711896895,2,0
1195,1040,-102.32723691642872,102.32723691642872,"14,15",common_bus_N-2,2,1881,True,0.0,0,0.0,0.0,0.0,0.0,0.0,1,5,66.39622497558594,1,0
1196,1041,-0.1,0.1,19,N-1,1,1522,True,0.0,0,0.0,0.0,0.0,0.0,0.0,1,2,0.0,1,0
1197,1042,-105.00104299095938,105.00104299095938,"3,5",common_bus_N-2,2,938,True,0.0,0,0.0,0.0,0.0,0.0,0.0,1,8,7.36024196147919,1,0
1198,1043,-100.1,100.1,"5,6",common_bus_N-2,2,424,True,0.0,0,0.0,0.0,0.0,0.0,0.0,1,3,0.0,1,0
1199,1044,0.0,-0.0,11,N-1,1,1323,True,0.0,0,0.0,0.0,0.0,0.0,0.0,1,1,0.0,0,0
1200,1045,-106.90926665805382,106.90926665805382,9,N-1,1,320,True,0.0,0,0.0,0.0,0.0,0.0,0.0,1,8,40.95561069250107,0,0
1201,1046,-103.05544664514919,103.05544664514919,"3,5",common_bus_N-2,2,929,True,0.0,0,0.0,0.0,0.0,0.0,0.0,1,6,0.0,1,0
1202,1047,-103.92105608476768,103.92105608476768,0,N-1,1,68,True,0.0,0,0.0,0.0,0.0,0.0,0.0,1,5,0.0,0,0
1203,1048,0.0,-0.0,"5,8",common_bus_N-2,2,1151,True,0.0,0,0.0,0.0,0.0,0.0,0.0,1,2,0.0,0,0
1204,1049,-102.08013266932447,102.08013266932447,"2,4",common_bus_N-2,2,1715,True,0.0,0,0.0,0.0,0.0,0.0,0.0,1,5,0.0,1,0
1205,1050,-0.1,0.1,15,N-1,1,4,True,0.0,0,0.0,0.0,0.0,0.0,0.0,1,2,0.0,1,0
1206,1051,-106.14323776126625,106.14323776126625,"9,11",common_bus_N-2,2,1057,True,0.0,0,0.0,0.0,0.0,0.0,0.0,1,9,50.79299284219742,1,0
1207,1052,-102.95544664514918,102.95544664514918,"0,2",common_bus_N-2,2,1201,True,0.0,0,0.0,0.0,0.0,0.0,0.0,1,5,0.0,0,0
1208,1053,-104.9770575499286,104.9770575499286,"6,7",common_bus_N-2,2,1292,True,0.0,0,0.0,0.0,0.0,0.0,0.0,1,8,0.0,1,0
1209,1054,-100.1,100.1,13,N-1,1,945,True,0.0,0,0.0,0.0,0.0,0.0,0.0,1,2,0.0,1,0
1210,1055,-105.94746095138318,105.94746095138318,"0,2",common_bus_N-2,2,1511,True,0.0,0,0.0,0.0,0.0,0.0,0.0,1,9,6.655981469154355,1,0
1211,1056,-109.00224826824397,109.00224826824397,"6,8",common_bus_N-2,2,433,True,0.0,0,0.0,0.0,0.0,0.0,0.0,1,12,94.07689011096954,1,0
1212,1057,-102.95544664514918,102.95544664514918,"8,15",common_bus_N-2,2,1262,True,0.0,0,0.0,0.0,0.0,0.0,0.0,1,5,0.0,0,0
1213,1058,-107.0799230287102,107.0799230287102,"6,9",common_bus_N-2,2,1628,True,0.0,0,0.0,0.0,0.0,0.0,0.0,1,10,49.299801635742185,1,0
1214,1059,-103.05544664514919,103.05544664514919,"3,5",common_bus_N-2,2,1058,True,0.0,0,0.0,0.0,0.0,0.0,0.0,1,6,0.0,1,0
1216,1060,-105.08366790343702,105.08366790343702,16,N-1,1,1037,True,0.0,0,0.0,0.0,0.0,0.0,0.0,2,5,35.63896858692169,0,0
1217,1061,-103.27513776484031,103.27513776484031,"18,19",common_bus_N-2,2,738,True,0.0,0,0.0,0.0,0.0,0.0,0.0,1,6,63.9800772190094,1,0
1218,1062,-101.98013266932448,101.98013266932448,"14,15",common_bus_N-2,2,914,True,0.0,0,0.0,0.0,0.0,0.0,0.0,1,4,0.0,0,0
1219,1063,-100.1,100.1,"9,12",common_bus_N-2,2,974,True,0.0,0,0.0,0.0,0.0,0.0,0.0,1,3,0.0,1,0
1220,1064,0.0,-0.0,19,N-1,1,1239,True,0.0,0,0.0,0.0,0.0,0.0,0.0,1,1,0.0,0,0
1221,1065,-100.0,100.0,"10,17",common_bus_N-2,2,1591,True,0.0,0,0.0,0.0,0.0,0.0,0.0,1,2,3.5198861360549927,0,0
1222,1066,-103.94120622680515,103.94120622680515,"5,7",common_bus_N-2,2,641,True,0.0,0,0.0,0.0,0.0,0.0,0.0,1,6,6.225453591346749,0,0
1223,1067,0.0,-0.0,17,N-1,1,1614,True,0.0,0,0.0,0.0,0.0,0.0,0.0,1,1,0.0,0,0
1224,1068,-105.01180658467763,105.01180658467763,"9,12",common_bus_N-2,2,1299,True,0.0,0,0.0,0.0,0.0,0.0,0.0,1,8,9.648966908454895,1,0
1225,1069,-100.11351351351351,100.11351351351351,10,N-1,1,622,True,0.0,0,0.0,0.0,0.0,0.0,0.0,1,2,3.90091872215271,1,0
1226,1070,-0.1,0.1,"5,7",common_bus_N-2,2,1419,True,0.0,0,0.0,0.0,0.0,0.0,0.0,1,3,0.0,1,0
1227,1071,-100.1,100.1,13,N-1,1,1564,True,0.0,0,0.0,0.0,0.0,0.0,0.0,1,2,0.0,1,0
1228,1072,-108.86904363503935,108.86904363503935,4,N-1,1,1248,True,0.0,0,0.0,0.0,0.0,0.0,0.0,1,11,46.05877947807312,1,0
1229,1073,-102.95544664514918,102.95544664514918,"2,4",common_bus_N-2,2,178,True,0.0,0,0.0,0.0,0.0,0.0,0.0,1,5,0.0,0,0
1230,1074,-100.1,100.1,"2,5",common_bus_N-2,2,43,True,0.0,0,0.0,0.0,0.0,0.0,0.0,1,3,0.0,1,0
1231,1075,-104.8770575499286,104.8770575499286,"3,7",common_bus_N-2,2,904,True,0.0,0,0.0,0.0,0.0,0.0,0.0,1,7,0.0,0,0
1232,1076,-102.95544664514918,102.95544664514918,0,N-1,1,212,True,0.0,0,0.0,0.0,0.0,0.0,0.0,1,4,0.0,0,0
1233,1077,-0.1,0.1,12,N-1,1,831,True,0.0,0,0.0,0.0,0.0,0.0,0.0,1,2,0.0,1,0
1234,1078,-0.1,0.1,5,N-1,1,845,True,0.0,0,0.0,0.0,0.0,0.0,0.0,1,2,0.0,1,0
1235,1079,-107.90226497523604,107.90226497523604,"9,12",common_bus_N-2,2,246,True,0.0,0,0.0,0.0,0.0,0.0,0.0,1,11,25.486342549324036,1,0
1236,1080,-104.90640117927222,104.90640117927222,3,N-1,1,705,True,0.0,0,0.0,0.0,0.0,0.0,0.0,1,6,9.473198080062867,0,0
1237,1081,-106.22674567986469,106.22674567986469,"12,18",common_bus_N-2,2,678,True,0.0,0,0.0,0.0,0.0,0.0,0.0,1,9,98.32001852989197,1,0
1238,1082,-101.98013266932448,101.98013266932448,14,N-1,1,1872,True,0.0,0,0.0,0.0,0.0,0.0,0.0,1,3,0.0,0,0
1239,1083,-100.0,100.0,"0,1",common_bus_N-2,2,1314,True,0.0,0,0.0,0.0,0.0,0.0,0.0,1,2,0.0,0,0
1240,1084,-102.95544664514918,102.95544664514918,"0,3",common_bus_N-2,2,626,True,0.0,0,0.0,0.0,0.0,0.0,0.0,1,5,0.0,0,0
1241,1085,-104.02105608476768,104.02105608476768,"3,7",common_bus_N-2,2,305,True,0.0,0,0.0,0.0,0.0,0.0,0.0,1,7,0.0,1,0
1242,1086,-102.95544664514918,102.95544664514918,"1,4",common_bus_N-2,2,939,True,0.0,0,0.0,0.0,0.0,0.0,0.0,1,5,0.0,0,0
1243,1087,-106.14323776126625,106.14323776126625,"5,8",common_bus_N-2,2,1795,True,0.0,0,0.0,0.0,0.0,0.0,0.0,1,9,62.42417036294937,1,0
1244,1088,-103.05544664514919,103.05544664514919,"1,4",common_bus_N-2,2,1344,True,0.0,0,0.0,0.0,0.0,0.0,0.0,1,6,0.0,1,0
1246,1089,-105.97360166737984,105.97360166737984,"8,15",common_bus_N-2,2,1280,True,0.0,0,0.0,0.0,0.0,0.0,0.0,2,7,15.862532758712769,0,0
1247,1090,0.0,-0.0,"18,19",common_bus_N-2,2,1996,True,0.0,0,0.0,0.0,0.0,0.0,0.0,1,2,0.0,0,0
1248,1091,-103.92105608476768,103.92105608476768,9,N-1,1,1429,True,0.0,0,0.0,0.0,0.0,0.0,0.0,1,5,0.0,0,0
1249,1092,-104.0345695982812,104.0345695982812,7,N-1,1,1891,True,0.0,0,0.0,0.0,0.0,0.0,0.0,1,6,3.5655864477157593,1,0
1250,1093,-104.02105608476768,104.02105608476768,18,N-1,1,955,True,0.0,0,0.0,0.0,0.0,0.0,0.0,1,6,0.0,1,0
1251,1094,-100.0,100.0,13,N-1,1,961,True,0.0,0,0.0,0.0,0.0,0.0,0.0,1,1,0.0,0,0
1252,1095,-0.1,0.1,"8,16",common_bus_N-2,2,0,True,0.0,0,0.0,0.0,0.0,0.0,0.0,1,3,0.0,1,0
1253,1096,0.0,-0.0,"8,15",common_bus_N-2,2,1920,True,0.0,0,0.0,0.0,0.0,0.0,0.0,1,2,0.0,0,0
1254,1097,-103.05544664514919,103.05544664514919,"5,6",common_bus_N-2,2,1775,True,0.0,0,0.0,0.0,0.0,0.0,0.0,1,6,0.0,1,0
1255,1098,0.0,-0.0,"18,19",common_bus_N-2,2,1547,True,0.0,0,0.0,0.0,0.0,0.0,0.0,1,2,0.0,0,0
1256,1099,-100.1,100.1,"13,14",common_bus_N-2,2,451,True,0.0,0,0.0,0.0,0.0,0.0,0.0,1,3,0.0,1,0
1257,1100,-100.1,100.1,"16,19",common_bus_N-2,2,612,True,0.0,0,0.0,0.0,0.0,0.0,0.0,1,3,16.11555151939392,1,0
1258,1101,-100.0,100.0,"2,5",common_bus_N-2,2,941,True,0.0,0,0.0,0.0,0.0,0.0,0.0,1,2,5.764098644256592,0,0
1259,1102,-102.95544664514918,102.95544664514918,"4,9",common_bus_N-2,2,518,True,0.0,0,0.0,0.0,0.0,0.0,0.0,1,5,0.0,0,0
1260,1103,-100.1,100.1,"1,9",common_bus_N-2,2,1776,True,0.0,0,0.0,0.0,0.0,0.0,0.0,1,3,0.0,1,0
1261,1104,-0.1,0.1,18,N-1,1,1062,True,0.0,0,0.0,0.0,0.0,0.0,0.0,1,2,0.0,1,0
1262,1105,-100.0,100.0,"0,1",common_bus_N-2,2,1872,True,0.0,0,0.0,0.0,0.0,0.0,0.0,1,2,0.0,0,0
1263,1106,-106.04323776126624,106.04323776126624,"9,10",common_bus_N-2,2,1283,True,0.0,0,0.0,0.0,0.0,0.0,0.0,1,8,61.14043172597886,0,0
1264,1107,-100.13474903474903,100.13474903474903,15,N-1,1,669,True,0.0,0,0.0,0.0,0.0,0.0,0.0,1,2,11.396511912345886,1,0
1265,1108,-104.8770575499286,104.8770575499286,9,N-1,1,266,True,0.0,0,0.0,0.0,0.0,0.0,0.0,1,6,0.0,0,0
1266,1109,-107.17117632401855,107.17117632401855,"6,9",common_bus_N-2,2,1965,True,0.0,0,0.0,0.0,0.0,0.0,0.0,1,10,68.76536933779717,1,0
1267,1110,-102.08013266932447,102.08013266932447,"4,6",common_bus_N-2,2,935,True,0.0,0,0.0,0.0,0.0,0.0,0.0,1,5,0.0,1,0
1268,1111,0.0,-0.0,17,N-1,1,1663,True,0.0,0,0.0,0.0,0.0,0.0,0.0,1,1,0.0,0,0
1269,1112,-100.1,100.1,"0,1",common_bus_N-2,2,326,True,0.0,0,0.0,0.0,0.0,0.0,0.0,1,3,0.0,1,0
1270,1113,-100.0,100.0,"11,18",common_bus_N-2,2,1187,True,0.0,0,0.0,0.0,0.0,0.0,0.0,1,2,5.83094390630722,0,0
1271,1114,-104.02105608476768,104.02105608476768,2,N-1,1,844,True,0.0,0,0.0,0.0,0.0,0.0,0.0,1,6,0.0,1,0
1272,1115,0.0,-0.0,17,N-1,1,1354,True,0.0,0,0.0,0.0,0.0,0.0,0.0,1,1,0.0,0,0
1273,1116,-107.93160860457967,107.93160860457967,"4,9",common_bus_N-2,2,775,True,0.0,0,0.0,0.0,0.0,0.0,0.0,1,11,35.64236713051796,1,0
1274,1117,-100.1,100.1,"7,13",common_bus_N-2,2,656,True,0.0,0,0.0,0.0,0.0,0.0,0.0,1,3,0.0,1,0
1275,1118,-100.1,100.1,"5,6",common_bus_N-2,2,1898,True,0.0,0,0.0,0.0,0.0,0.0,0.0,1,3,0.0,1,0
1276,1119,0.0,-0.0,"5,6",common_bus_N-2,2,1581,True,0.0,0,0.0,0.0,0.0,0.0,0.0,1,2,0.0,0,0
1277,1120,-105.1832351561062,105.1832351561062,"9,12",common_bus_N-2,2,1705,True,0.0,0,0.0,0.0,0.0,0.0,0.0,1,8,40.67721354961395,1,0
1278,1121,-105.96640378443227,105.96640378443227,"6,8",common_bus_N-2,2,1755,True,0.0,0,0.0,0.0,0.0,0.0,0.0,1,9,9.918792468309402,1,0
1280,1122,-106.9720741750118,106.9720741750118,"6,8",common_bus_N-2,2,490,True,0.0,0,0.0,0.0,0.0,0.0,0.0,2,9,0.0,1,0
1281,1123,-100.1,100.1,"13,14",common_bus_N-2,2,278,True,0.0,0,0.0,0.0,0.0,0.0,0.0,1,3,0.0,1,0
1282,1124,-105.1832351561062,105.1832351561062,"9,11",common_bus_N-2,2,1175,True,0.0,0,0.0,0.0,0.0,0.0,0.0,1,8,52.1909163236618,1,0
1283,1125,0.0,-0.0,11,N-1,1,1644,True,0.0,0,0.0,0.0,0.0,0.0,0.0,1,1,0.0,0,0
1284,1126,-100.0,100.0,"15,17",common_bus_N-2,2,1142,True,0.0,0,0.0,0.0,0.0,0.0,0.0,1,2,7.355067729949951,0,0
1285,1127,-103.05544664514919,103.05544664514919,9,N-1,1,861,True,0.0,0,0.0,0.0,0.0,0.0,0.0,1,5,0.0,1,0
1286,1128,-100.1,100.1,"15,16",common_bus_N-2,2,683,True,0.0,0,0.0,0.0,0.0,0.0,0.0,1,3,0.0,1,0
1287,1129,-102.08013266932447,102.08013266932447,8,N-1,1,1145,True,0.0,0,0.0,0.0,0.0,0.0,0.0,1,4,0.0,1,0
1288,1130,-100.1,100.1,"16,19",common_bus_N-2,2,761,True,0.0,0,0.0,0.0,0.0,0.0,0.0,1,3,15.605554807186127,1,0
1289,1131,-0.1,0.1,5,N-1,1,1494,True,0.0,0,0.0,0.0,0.0,0.0,0.0,1,2,0.0,1,0
1290,1132,0.0,-0.0,"12,19",common_bus_N-2,2,1854,True,0.0,0,0.0,0.0,0.0,0.0,0.0,1,2,0.0,0,0
1292,1133,-103.18013266932446,103.18013266932446,"4,6",common_bus_N-2,2,597,True,0.0,0,0.0,0.0,0.0,0.0,0.0,2,6,0.0,2,0
1293,1134,-106.08890994867652,106.08890994867652,"5,6",common_bus_N-2,2,1256,True,0.0,0,0.0,0.0,0.0,0.0,0.0,1,9,49.10090899467468,1,0
1295,1135,-107.19655554945895,107.19655554945895,10,N-1,1,997,True,0.0,0,0.0,0.0,0.0,0.0,0.0,2,7,88.05555081367493,0,0
1296,1136,-0.1,0.1,8,N-1,1,1989,True,0.0,0,0.0,0.0,0.0,0.0,0.0,1,2,0.0,1,0
1297,1137,-0.1,0.1,"10,12",common_bus_N-2,2,236,True,0.0,0,0.0,0.0,0.0,0.0,0.0,1,3,0.0,1,0
1298,1138,0.0,-0.0,16,N-1,1,1112,True,0.0,0,0.0,0.0,0.0,0.0,0.0,1,1,0.0,0,0
1299,1139,-100.1,100.1,1,N-1,1,143,True,0.0,0,0.0,0.0,0.0,0.0,0.0,1,2,0.0,1,0
1300,1140,-102.08013266932447,102.08013266932447,"3,4",common_bus_N-2,2,309,True,0.0,0,0.0,0.0,0.0,0.0,0.0,1,5,0.0,1,0
1301,1141,-103.05544664514919,103.05544664514919,"1,4",common_bus_N-2,2,793,True,0.0,0,0.0,0.0,0.0,0.0,0.0,1,6,0.0,1,0
1302,1142,-100.1,100.1,"2,5",common_bus_N-2,2,1275,True,0.0,0,0.0,0.0,0.0,0.0,0.0,1,3,3.55746951103211,1,0
1303,1143,0.0,-0.0,"3,5",common_bus_N-2,2,38,True,0.0,0,0.0,0.0,0.0,0.0,0.0,1,2,0.0,0,0
1304,1144,-102.13109266933448,102.13109266933448,4,N-1,1,383,True,0.0,0,0.0,0.0,0.0,0.0,0.0,1,4,16.520736694335938,1,0
1305,1145,-102.95544664514918,102.95544664514918,14,N-1,1,1796,True,0.0,0,0.0,0.0,0.0,0.0,0.0,1,4,0.0,0,0
1307,1146,-102.2085301385967,102.2085301385967,17,N-1,1,1932,True,0.0,0,0.0,0.0,0.0,0.0,0.0,2,4,3.043615013360977,2,0
1308,1147,-103.05544664514919,103.05544664514919,"0,4",common_bus_N-2,2,1547,True,0.0,0,0.0,0.0,0.0,0.0,0.0,1,6,0.0,1,0
1309,1148,-105.8948545323387,105.8948545323387,"2,3",common_bus_N-2,2,425,True,0.0,0,0.0,0.0,0.0,0.0,0.0,1,8,22.966481542587285,0,0
1310,1149,-103.27513776484031,103.27513776484031,14,N-1,1,1571,True,0.0,0,0.0,0.0,0.0,0.0,0.0,1,5,60.4392924785614,1,0
1312,1150,-106.21143950521767,106.21143950521767,"10,11",common_bus_N-2,2,1222,True,0.0,0,0.0,0.0,0.0,0.0,0.0,2,7,80.65100061893463,0,0
1313,1151,-0.1,0.1,18,N-1,1,1412,True,0.0,0,0.0,0.0,0.0,0.0,0.0,1,2,0.0,1,0
1314,1152,-101.98013266932448,101.98013266932448,"2,4",common_bus_N-2,2,1424,True,0.0,0,0.0,0.0,0.0,0.0,0.0,1,4,0.0,0,0
1315,1153,0.0,-0.0,"14,16",common_bus_N-2,2,1074,True,0.0,0,0.0,0.0,0.0,0.0,0.0,1,2,0.0,0,0
1316,1154,0.0,-0.0,"18,19",common_bus_N-2,2,1130,True,0.0,0,0.0,0.0,0.0,0.0,0.0,1,2,0.0,0,0
1317,1155,-103.05544664514919,103.05544664514919,"2,3",common_bus_N-2,2,1678,True,0.0,0,0.0,0.0,0.0,0.0,0.0,1,6,0.0,1,0
1319,1156,-107.84790689600196,107.84790689600196,"1,6",common_bus_N-2,2,866,True,0.0,0,0.0,0.0,0.0,0.0,0.0,2,9,6.848054528236389,0,0
1320,1157,-102.95544664514918,102.95544664514918,"1,6",common_bus_N-2,2,1517,True,0.0,0,0.0,0.0,0.0,0.0,0.0,1,5,0.0,0,0
1321,1158,-104.05039971411131,104.05039971411131,"0,4",common_bus_N-2,2,1513,True,0.0,0,0.0,0.0,0.0,0.0,0.0,1,7,7.846986627578735,1,0
1322,1159,-105.17350807793481,105.17350807793481,"6,7",common_bus_N-2,2,452,True,0.0,0,0.0,0.0,0.0,0.0,0.0,1,8,57.48188638687134,1,0
1323,1160,-108.22057617095005,108.22057617095005,"6,9",common_bus_N-2,2,1533,True,0.0,0,0.0,0.0,0.0,0.0,0.0,1,11,125.73835163116455,1,0
1324,1161,-103.9345695982812,103.9345695982812,"7,8",common_bus_N-2,2,1348,True,0.0,0,0.0,0.0,0.0,0.0,0.0,1,6,2.943065106868744,0,0
1325,1162,-103.92105608476768,103.92105608476768,"9,12",common_bus_N-2,2,1349,True,0.0,0,0.0,0.0,0.0,0.0,0.0,1,6,0.0,0,0
1326,1163,-105.02532009819114,105.02532009819114,"7,8",common_bus_N-2,2,302,True,0.0,0,0.0,0.0,0.0,0.0,0.0,1,8,12.612637877464294,1,0
1327,1164,-100.1,100.1,17,N-1,1,1813,True,0.0,0,0.0,0.0,0.0,0.0,0.0,1,2,0.0,1,0
1328,1165,0.0,-0.0,5,N-1,1,1439,True,0.0,0,0.0,0.0,0.0,0.0,0.0,1,1,0.0,0,0
1329,1166,-103.92105608476768,103.92105608476768,"2,3",common_bus_N-2,2,314,True,0.0,0,0.0,0.0,0.0,0.0,0.0,1,6,0.0,0,0
1331,1167,-103.97514929440767,103.97514929440767,"5,7",common_bus_N-2,2,2008,True,0.0,0,0.0,0.0,0.0,0.0,0.0,2,5,0.0,0,0
1332,1168,-103.05544664514919,103.05544664514919,"14,15",common_bus_N-2,2,1478,True,0.0,0,0.0,0.0,0.0,0.0,0.0,1,6,0.0,1,0
1333,1169,0.0,-0.0,"8,16",common_bus_N-2,2,1449,True,0.0,0,0.0,0.0,0.0,0.0,0.0,1,2,0.0,0,0
1334,1170,-103.96297839801672,103.96297839801672,"0,2",common_bus_N-2,2,630,True,0.0,0,0.0,0.0,0.0,0.0,0.0,1,6,12.480796957015997,0,0
1335,1171,-102.37549946469127,102.37549946469127,"10,11",common_bus_N-2,2,1477,True,0.0,0,0.0,0.0,0.0,0.0,0.0,1,5,73.3292191028595,1,0
1336,1172,-100.1,100.1,"7,8",common_bus_N-2,2,574,True,0.0,0,0.0,0.0,0.0,0.0,0.0,1,3,0.0,1,0
1338,1173,-105.9295862233644,105.9295862233644,"5,7",common_bus_N-2,2,485,True,0.0,0,0.0,0.0,0.0,0.0,0.0,2,7,3.3259981870651245,0,0
1339,1174,-100.0,100.0,"11,18",common_bus_N-2,2,1480,True,0.0,0,0.0,0.0,0.0,0.0,0.0,1,2,5.585178190469741,0,0
1340,1175,-101.98013266932448,101.98013266932448,8,N-1,1,1523,True,0.0,0,0.0,0.0,0.0,0.0,0.0,1,3,0.0,0,0
1341,1176,-100.1,100.1,"3,6",common_bus_N-2,2,1907,True,0.0,0,0.0,0.0,0.0,0.0,0.0,1,3,0.0,1,0
1342,1177,-0.1,0.1,5,N-1,1,1174,True,0.0,0,0.0,0.0,0.0,0.0,0.0,1,2,0.0,1,0
1343,1178,-0.1,0.1,"8,16",common_bus_N-2,2,1624,True,0.0,0,0.0,0.0,0.0,0.0,0.0,1,3,0.0,1,0
1344,1179,-103.05544664514919,103.05544664514919,"0,2",common_bus_N-2,2,1053,True,0.0,0,0.0,0.0,0.0,0.0,0.0,1,6,0.0,1,0
1345,1180,-105.01180658467763,105.01180658467763,"9,12",common_bus_N-2,2,319,True,0.0,0,0.0,0.0,0.0,0.0,0.0,1,8,9.513074398040771,1,0
1346,1181,-103.05544664514919,103.05544664514919,"14,16",common_bus_N-2,2,1278,True,0.0,0,0.0,0.0,0.0,0.0,0.0,1,6,0.0,1,0
1347,1182,-100.0,100.0,"11,18",common_bus_N-2,2,900,True,0.0,0,0.0,0.0,0.0,0.0,0.0,1,2,6.135337877273559,0,0
1348,1183,-103.05808692792249,103.05808692792249,"3,5",common_bus_N-2,2,1534,True,0.0,0,0.0,0.0,0.0,0.0,0.0,1,6,0.7295948982238798,1,0
1349,1184,-0.1,0.1,"6,7",common_bus_N-2,2,1711,True,0.0,0,0.0,0.0,0.0,0.0,0.0,1,3,0.0,1,0
1350,1185,-100.1,100.1,"13,14",common_bus_N-2,2,623,True,0.0,0,0.0,0.0,0.0,0.0,0.0,1,3,0.0,1,0
1352,1186,-109.81256535054432,109.81256535054432,7,N-1,1,1266,True,0.0,0,0.0,0.0,0.0,0.0,0.0,2,10,21.258369970321656,0,0
1353,1187,-104.05039971411131,104.05039971411131,"3,4",common_bus_N-2,2,1262,True,0.0,0,0.0,0.0,0.0,0.0,0.0,1,7,8.543252182006835,1,0
1354,1188,-0.1,0.1,19,N-1,1,1997,True,0.0,0,0.0,0.0,0.0,0.0,0.0,1,2,0.0,1,0
1355,1189,-100.14826254826255,100.14826254826255,"9,10",common_bus_N-2,2,713,True,0.0,0,0.0,0.0,0.0,0.0,0.0,1,3,15.170522034168243,1,0
1356,1190,-0.1,0.1,"18,19",common_bus_N-2,2,1385,True,0.0,0,0.0,0.0,0.0,0.0,0.0,1,3,0.0,1,0
1357,1191,-105.83706015508864,105.83706015508864,"3,6",common_bus_N-2,2,1527,True,0.0,0,0.0,0.0,0.0,0.0,0.0,1,8,3.6474883556365967,0,0
1358,1192,-100.0,100.0,"2,5",common_bus_N-2,2,471,True,0.0,0,0.0,0.0,0.0,0.0,0.0,1,2,0.0,0,0
1359,1193,-100.1,100.1,"8,14",common_bus_N-2,2,1731,True,0.0,0,0.0,0.0,0.0,0.0,0.0,1,3,0.0,1,0
1360,1194,-104.02105608476768,104.02105608476768,16,N-1,1,1214,True,0.0,0,0.0,0.0,0.0,0.0,0.0,1,6,0.0,1,0
1361,1195,-100.0,100.0,"0,1",common_bus_N-2,2,430,True,0.0,0,0.0,0.0,0.0,0.0,0.0,1,2,0.0,0,0
1362,1196,-100.11351351351351,100.11351351351351,10,N-1,1,355,True,0.0,0,0.0,0.0,0.0,0.0,0.0,1,2,4.23166435956955,1,0
1363,1197,-0.1,0.1,"12,19",common_bus_N-2,2,593,True,0.0,0,0.0,0.0,0.0,0.0,0.0,1,3,0.0,1,0
1364,1198,-106.8899616387488,106.8899616387488,"3,7",common_bus_N-2,2,1245,True,0.0,0,0.0,0.0,0.0,0.0,0.0,1,10,8.074439191818238,1,0
1365,1199,-0.1,0.1,17,N-1,1,1963,True,0.0,0,0.0,0.0,0.0,0.0,0.0,1,2,0.0,1,0
1366,1200,-104.02105608476768,104.02105608476768,"6,8",common_bus_N-2,2,1859,True,0.0,0,0.0,0.0,0.0,0.0,0.0,1,7,0.0,1,0
1367,1201,-102.95544664514918,102.95544664514918,0,N-1,1,473,True,0.0,0,0.0,0.0,0.0,0.0,0.0,1,4,0.0,0,0
1368,1202,-103.92105608476768,103.92105608476768,"1,4",common_bus_N-2,2,928,True,0.0,0,0.0,0.0,0.0,0.0,0.0,1,6,0.0,0,0
1369,1203,-100.13474903474903,100.13474903474903,"8,15",common_bus_N-2,2,1982,True,0.0,0,0.0,0.0,0.0,0.0,0.0,1,3,7.430096089839935,1,0
1370,1204,-100.1,100.1,"15,17",common_bus_N-2,2,1579,True,0.0,0,0.0,0.0,0.0,0.0,0.0,1,3,9.03534185886383,1,0
1371,1205,-100.0,100.0,"7,13",common_bus_N-2,2,1273,True,0.0,0,0.0,0.0,0.0,0.0,0.0,1,2,0.0,0,0
1372,1206,-105.02532009819114,105.02532009819114,8,N-1,1,1034,True,0.0,0,0.0,0.0,0.0,0.0,0.0,1,7,12.735287845134735,1,0
1373,1207,-104.06931863303024,104.06931863303024,"7,8",common_bus_N-2,2,1333,True,0.0,0,0.0,0.0,0.0,0.0,0.0,1,7,12.027852982282639,1,0
1374,1208,-100.9950166250832,100.9950166250832,"8,15",common_bus_N-2,2,737,True,0.0,0,0.0,0.0,0.0,0.0,0.0,1,3,0.0,0,0
1375,1209,-100.1,100.1,"7,14",common_bus_N-2,2,1822,True,0.0,0,0.0,0.0,0.0,0.0,0.0,1,3,0.0,1,0
1376,1210,-107.93701400998508,107.93701400998508,9,N-1,1,341,True,0.0,0,0.0,0.0,0.0,0.0,0.0,1,10,44.56094229221344,1,0
1377,1211,-102.08013266932447,102.08013266932447,"5,7",common_bus_N-2,2,510,True,0.0,0,0.0,0.0,0.0,0.0,0.0,1,5,0.0,1,0
1379,1212,-109.91851712155476,109.91851712155476,"1,6",common_bus_N-2,2,532,True,0.0,0,0.0,0.0,0.0,0.0,0.0,2,12,31.923394203186035,1,0
1380,1213,-102.95544664514918,102.95544664514918,7,N-1,1,1298,True,0.0,0,0.0,0.0,0.0,0.0,0.0,1,4,0.0,0,0
1381,1214,-100.1,100.1,"16,19",common_bus_N-2,2,1258,True,0.0,0,0.0,0.0,0.0,0.0,0.0,1,3,16.5139821767807,1,0
1382,1215,-100.1,100.1,"7,13",common_bus_N-2,2,614,True,0.0,0,0.0,0.0,0.0,0.0,0.0,1,3,0.0,1,0
1383,1216,-101.22822125828782,101.22822125828782,"11,12",common_bus_N-2,2,1934,True,0.0,0,0.0,0.0,0.0,0.0,0.0,1,4,30.80600792169571,1,0
1384,1217,-103.05544664514919,103.05544664514919,0,N-1,1,1228,True,0.0,0,0.0,0.0,0.0,0.0,0.0,1,5,0.0,1,0
1385,1218,-104.02105608476768,104.02105608476768,"2,3",common_bus_N-2,2,1869,True,0.0,0,0.0,0.0,0.0,0.0,0.0,1,7,0.0,1,0
1386,1219,0.0,-0.0,12,N-1,1,616,True,0.0,0,0.0,0.0,0.0,0.0,0.0,1,1,0.0,0,0
1387,1220,-100.1,100.1,"13,14",common_bus_N-2,2,378,True,0.0,0,0.0,0.0,0.0,0.0,0.0,1,3,0.0,1,0
1388,1221,-103.92105608476768,103.92105608476768,"2,3",common_bus_N-2,2,259,True,0.0,0,0.0,0.0,0.0,0.0,0.0,1,6,0.0,0,0
1389,1222,-109.5645207446666,109.5645207446666,"7,8",common_bus_N-2,2,674,True,0.0,0,0.0,0.0,0.0,0.0,0.0,1,12,16.169990599155426,0,0
1391,1223,-104.07514929440767,104.07514929440767,"1,4",common_bus_N-2,2,1638,True,0.0,0,0.0,0.0,0.0,0.0,0.0,2,6,0.0,1,0
1393,1224,-106.17823487201304,106.17823487201304,"14,16",common_bus_N-2,2,1201,True,0.0,0,0.0,0.0,0.0,0.0,0.0,2,8,42.617071866989136,1,0
1395,1225,-102.25254558261214,102.25254558261214,7,N-1,1,802,True,0.0,0,0.0,0.0,0.0,0.0,0.0,2,4,13.13850732445717,2,0
1396,1226,-0.1,0.1,8,N-1,1,815,True,0.0,0,0.0,0.0,0.0,0.0,0.0,1,2,0.0,1,0
1397,1227,-102.96503691420595,102.96503691420595,"2,4",common_bus_N-2,2,300,True,0.0,0,0.0,0.0,0.0,0.0,0.0,1,5,2.4270401835441646,0,0
1399,1228,-105.05046327023238,105.05046327023238,"5,7",common_bus_N-2,2,791,True,0.0,0,0.0,0.0,0.0,0.0,0.0,2,7,0.0,1,0
1400,1229,0.0,-0.0,"6,8",common_bus_N-2,2,793,True,0.0,0,0.0,0.0,0.0,0.0,0.0,1,2,0.0,0,0
1401,1230,-100.15212355212356,100.15212355212356,"12,18",common_bus_N-2,2,1856,True,0.0,0,0.0,0.0,0.0,0.0,0.0,1,3,15.332173526287079,1,0
1402,1231,-106.28256363261154,106.28256363261154,"1,4",common_bus_N-2,2,404,True,0.0,0,0.0,0.0,0.0,0.0,0.0,1,9,118.6389315843582,1,0
1403,1232,-0.1,0.1,"15,16",common_bus_N-2,2,1398,True,0.0,0,0.0,0.0,0.0,0.0,0.0,1,3,0.0,1,0
1404,1233,-103.9345695982812,103.9345695982812,"8,14",common_bus_N-2,2,1466,True,0.0,0,0.0,0.0,0.0,0.0,0.0,1,6,3.165507823228836,0,0
1406,1234,-108.95602073487447,108.95602073487447,"5,6",common_bus_N-2,2,1372,True,0.0,0,0.0,0.0,0.0,0.0,0.0,2,11,21.83534860610962,1,0
1407,1235,-0.1,0.1,15,N-1,1,717,True,0.0,0,0.0,0.0,0.0,0.0,0.0,1,2,0.0,1,0
1408,1236,-0.1,0.1,"8,16",common_bus_N-2,2,1455,True,0.0,0,0.0,0.0,0.0,0.0,0.0,1,3,0.0,1,0
1409,1237,-106.86061800940517,106.86061800940517,9,N-1,1,251,True,0.0,0,0.0,0.0,0.0,0.0,0.0,1,9,0.0,1,0
1411,1238,-106.11607270985087,106.11607270985087,3,N-1,1,1213,True,0.0,0,0.0,0.0,0.0,0.0,0.0,2,8,0.0,2,0
1412,1239,-106.04323776126624,106.04323776126624,"9,10",common_bus_N-2,2,1309,True,0.0,0,0.0,0.0,0.0,0.0,0.0,1,8,56.41927461624145,0,0
1413,1240,-101.2046691347357,101.2046691347357,16,N-1,1,506,True,0.0,0,0.0,0.0,0.0,0.0,0.0,1,3,25.59173541069031,1,0
1414,1241,-100.1,100.1,"7,13",common_bus_N-2,2,1888,True,0.0,0,0.0,0.0,0.0,0.0,0.0,1,3,0.0,1,0
1415,1242,0.0,-0.0,"5,6",common_bus_N-2,2,1125,True,0.0,0,0.0,0.0,0.0,0.0,0.0,1,2,0.0,0,0
1416,1243,-103.05910703876947,103.05910703876947,"2,4",common_bus_N-2,2,338,True,0.0,0,0.0,0.0,0.0,0.0,0.0,1,6,1.073574376106265,1,0
1417,1244,-101.98013266932448,101.98013266932448,"3,4",common_bus_N-2,2,1206,True,0.0,0,0.0,0.0,0.0,0.0,0.0,1,4,0.0,0,0
1418,1245,-104.9770575499286,104.9770575499286,9,N-1,1,839,True,0.0,0,0.0,0.0,0.0,0.0,0.0,1,7,0.0,1,0
1419,1246,-100.0,100.0,"0,1",common_bus_N-2,2,333,True,0.0,0,0.0,0.0,0.0,0.0,0.0,1,2,0.0,0,0
1420,1247,-104.99057106344212,104.99057106344212,"7,8",common_bus_N-2,2,184,True,0.0,0,0.0,0.0,0.0,0.0,0.0,1,8,3.5053138732910156,1,0
1421,1248,-105.95289027091876,105.95289027091876,"1,6",common_bus_N-2,2,1555,True,0.0,0,0.0,0.0,0.0,0.0,0.0,1,9,8.16503643989563,1,0
1422,1249,-105.19674866961972,105.19674866961972,"9,10",common_bus_N-2,2,1254,True,0.0,0,0.0,0.0,0.0,0.0,0.0,1,8,63.60222972631455,1,0
1423,1250,0.0,-0.0,"15,16",common_bus_N-2,2,813,True,0.0,0,0.0,0.0,0.0,0.0,0.0,1,2,0.0,0,0
1424,1251,-100.1,100.1,10,N-1,1,1598,True,0.0,0,0.0,0.0,0.0,0.0,0.0,1,2,0.0,1,0
1425,1252,-0.1,0.1,12,N-1,1,223,True,0.0,0,0.0,0.0,0.0,0.0,0.0,1,2,0.0,1,0
1426,1253,-100.1,100.1,"7,14",common_bus_N-2,2,631,True,0.0,0,0.0,0.0,0.0,0.0,0.0,1,3,0.0,1,0
1427,1254,-101.22822125828782,101.22822125828782,16,N-1,1,272,True,0.0,0,0.0,0.0,0.0,0.0,0.0,1,3,30.933101266622543,1,0
1428,1255,-103.92105608476768,103.92105608476768,"0,4",common_bus_N-2,2,73,True,0.0,0,0.0,0.0,0.0,0.0,0.0,1,6,0.0,0,0
1429,1256,-100.13474903474903,100.13474903474903,"14,15",common_bus_N-2,2,1052,True,0.0,0,0.0,0.0,0.0,0.0,0.0,1,3,8.362629354000092,1,0
1430,1257,-104.97959444224816,104.97959444224816,"14,15",common_bus_N-2,2,1061,True,0.0,0,0.0,0.0,0.0,0.0,0.0,1,8,0.6182515263557491,1,0
1432,1258,-106.08750128127944,106.08750128127944,"14,15",common_bus_N-2,2,1369,True,0.0,0,0.0,0.0,0.0,0.0,0.0,2,7,36.6799352645874,0,0
1433,1259,-100.11351351351351,100.11351351351351,"9,10",common_bus_N-2,2,2001,True,0.0,0,0.0,0.0,0.0,0.0,0.0,1,3,2.899577796459198,1,0
1434,1260,-104.02105608476768,104.02105608476768,3,N-1,1,1083,True,0.0,0,0.0,0.0,0.0,0.0,0.0,1,6,0.0,1,0
1435,1261,-104.02105608476768,104.02105608476768,18,N-1,1,1227,True,0.0,0,0.0,0.0,0.0,0.0,0.0,1,6,0.0,1,0
1436,1262,-103.92105608476768,103.92105608476768,"6,8",common_bus_N-2,2,100,True,0.0,0,0.0,0.0,0.0,0.0,0.0,1,6,0.0,0,0
1437,1263,-101.25717878724535,101.25717878724535,"14,16",common_bus_N-2,2,1131,True,0.0,0,0.0,0.0,0.0,0.0,0.0,1,4,34.50695049762726,1,0
1439,1264,-108.05176789986295,108.05176789986295,16,N-1,1,764,True,0.0,0,0.0,0.0,0.0,0.0,0.0,2,9,35.07523798942566,1,0
1442,1265,-106.17016591949084,106.17016591949084,1,N-1,1,1374,True,0.0,0,0.0,0.0,0.0,0.0,0.0,3,7,0.0,2,0
1443,1266,-102.08013266932447,102.08013266932447,"8,14",common_bus_N-2,2,1422,True,0.0,0,0.0,0.0,0.0,0.0,0.0,1,5,0.0,1,0
1445,1267,-105.91607270985088,105.91607270985088,12,N-1,1,737,True,0.0,0,0.0,0.0,0.0,0.0,0.0,2,6,0.0,0,0
1447,1268,-108.06682581492086,108.06682581492086,"12,19",common_bus_N-2,2,203,True,0.0,0,0.0,0.0,0.0,0.0,0.0,2,11,11.502277851104736,2,0
1448,1269,0.0,-0.0,15,N-1,1,563,True,0.0,0,0.0,0.0,0.0,0.0,0.0,1,1,0.0,0,0
1450,1270,-105.9295862233644,105.9295862233644,8,N-1,1,557,True,0.0,0,0.0,0.0,0.0,0.0,0.0,2,6,3.244427353143692,0,0
1451,1271,-103.05544664514919,103.05544664514919,"8,16",common_bus_N-2,2,21,True,0.0,0,0.0,0.0,0.0,0.0,0.0,1,6,0.0,1,0
1452,1272,-100.1,100.1,13,N-1,1,1243,True,0.0,0,0.0,0.0,0.0,0.0,0.0,1,2,0.0,1,0
1453,1273,-104.02105608476768,104.02105608476768,"3,8",common_bus_N-2,2,180,True,0.0,0,0.0,0.0,0.0,0.0,0.0,1,7,0.0,1,0
1454,1274,-100.0,100.0,"16,19",common_bus_N-2,2,1648,True,0.0,0,0.0,0.0,0.0,0.0,0.0,1,2,12.09034840464592,0,0
1455,1275,-102.08013266932447,102.08013266932447,"3,4",common_bus_N-2,2,1220,True,0.0,0,0.0,0.0,0.0,0.0,0.0,1,5,0.0,1,0
1456,1276,0.0,-0.0,19,N-1,1,56,True,0.0,0,0.0,0.0,0.0,0.0,0.0,1,1,0.0,0,0
1457,1277,0.0,-0.0,14,N-1,1,1710,True,0.0,0,0.0,0.0,0.0,0.0,0.0,1,1,0.0,0,0
1458,1278,-107.09172746030087,107.09172746030087,"3,6",common_bus_N-2,2,431,True,0.0,0,0.0,0.0,0.0,0.0,0.0,1,10,71.50505166053772,1,0
1459,1279,-100.1,100.1,"9,10",common_bus_N-2,2,256,True,0.0,0,0.0,0.0,0.0,0.0,0.0,1,3,0.0,1,0
1460,1280,0.0,-0.0,"8,16",common_bus_N-2,2,1281,True,0.0,0,0.0,0.0,0.0,0.0,0.0,1,2,0.0,0,0
1461,1281,-102.08013266932447,102.08013266932447,7,N-1,1,787,True,0.0,0,0.0,0.0,0.0,0.0,0.0,1,4,0.0,1,0
1462,1282,-103.05544664514919,103.05544664514919,"5,8",common_bus_N-2,2,230,True,0.0,0,0.0,0.0,0.0,0.0,0.0,1,6,0.0,1,0
1463,1283,0.0,-0.0,16,N-1,1,246,True,0.0,0,0.0,0.0,0.0,0.0,0.0,1,1,0.0,0,0
1464,1284,-102.95544664514918,102.95544664514918,"1,4",common_bus_N-2,2,654,True,0.0,0,0.0,0.0,0.0,0.0,0.0,1,5,0.0,0,0
1466,1285,-102.24327917334574,102.24327917334574,"10,12",common_bus_N-2,2,107,True,0.0,0,0.0,0.0,0.0,0.0,0.0,2,5,14.570057392120361,2,0
1467,1286,-100.1,100.1,"10,17",common_bus_N-2,2,598,True,0.0,0,0.0,0.0,0.0,0.0,0.0,1,3,3.721752405166626,1,0
1468,1287,-100.0,100.0,"2,5",common_bus_N-2,2,1799,True,0.0,0,0.0,0.0,0.0,0.0,0.0,1,2,0.0,0,0
1469,1288,-0.1,0.1,16,N-1,1,1881,True,0.0,0,0.0,0.0,0.0,0.0,0.0,1,2,0.0,1,0
1470,1289,-100.20965250965251,100.20965250965251,"12,18",common_bus_N-2,2,557,True,0.0,0,0.0,0.0,0.0,0.0,0.0,1,3,26.32621052265167,1,0
1471,1290,-100.0,100.0,"11,18",common_bus_N-2,2,1404,True,0.0,0,0.0,0.0,0.0,0.0,0.0,1,2,4.510230737924576,0,0
1472,1291,-105.00898553418425,105.00898553418425,"5,8",common_bus_N-2,2,402,True,0.0,0,0.0,0.0,0.0,0.0,0.0,1,8,10.437985944747922,1,0
1473,1292,-104.02105608476768,104.02105608476768,"2,3",common_bus_N-2,2,1322,True,0.0,0,0.0,0.0,0.0,0.0,0.0,1,7,0.0,1,0
1475,1293,-102.1085301385967,102.1085301385967,"10,11",common_bus_N-2,2,1882,True,0.0,0,0.0,0.0,0.0,0.0,0.0,2,4,3.7002695202827454,1,0
1476,1294,-101.98013266932448,101.98013266932448,"1,6",common_bus_N-2,2,1050,True,0.0,0,0.0,0.0,0.0,0.0,0.0,1,4,0.0,0,0
1477,1295,-103.05544664514919,103.05544664514919,12,N-1,1,585,True,0.0,0,0.0,0.0,0.0,0.0,0.0,1,5,0.0,1,0
1478,1296,-102.08013266932447,102.08013266932447,"15,16",common_bus_N-2,2,1223,True,0.0,0,0.0,0.0,0.0,0.0,0.0,1,5,0.0,1,0
1479,1297,-100.1,100.1,"0,1",common_bus_N-2,2,213,True,0.0,0,0.0,0.0,0.0,0.0,0.0,1,3,0.0,1,0
1480,1298,-100.1,100.1,"7,14",common_bus_N-2,2,449,True,0.0,0,0.0,0.0,0.0,0.0,0.0,1,3,0.0,1,0
1481,1299,-102.08013266932447,102.08013266932447,"1,4",common_bus_N-2,2,1500,True,0.0,0,0.0,0.0,0.0,0.0,0.0,1,5,0.0,1,0
1482,1300,-100.1,100.1,"16,19",common_bus_N-2,2,98,True,0.0,0,0.0,0.0,0.0,0.0,0.0,1,3,17.56436847448349,1,0
1483,1301,-104.9770575499286,104.9770575499286,"3,6",common_bus_N-2,2,1719,True,0.0,0,0.0,0.0,0.0,0.0,0.0,1,8,0.0,1,0
1484,1302,-102.08013266932447,102.08013266932447,"5,6",common_bus_N-2,2,799,True,0.0,0,0.0,0.0,0.0,0.0,0.0,1,5,0.0,1,0
1485,1303,-103.02885752855624,103.02885752855624,"3,5",common_bus_N-2,2,669,True,0.0,0,0.0,0.0,0.0,0.0,0.0,1,5,24.076294875144967,0,0
1486,1304,-107.08030912909629,107.08030912909629,"12,19",common_bus_N-2,2,1962,True,0.0,0,0.0,0.0,0.0,0.0,0.0,1,10,47.69596269726753,1,0
1487,1305,-100.0,100.0,"10,17",common_bus_N-2,2,123,True,0.0,0,0.0,0.0,0.0,0.0,0.0,1,2,4.1935038566589355,0,0
1489,1306,-112.05673413617929,112.05673413617929,"4,6",common_bus_N-2,2,1526,True,0.0,0,0.0,0.0,0.0,0.0,0.0,2,14,102.62907493114471,1,0
1490,1307,0.0,-0.0,11,N-1,1,1107,True,0.0,0,0.0,0.0,0.0,0.0,0.0,1,1,0.0,0,0
1491,1308,-104.02105608476768,104.02105608476768,"0,3",common_bus_N-2,2,951,True,0.0,0,0.0,0.0,0.0,0.0,0.0,1,7,0.0,1,0
1492,1309,-100.0,100.0,"11,18",common_bus_N-2,2,28,True,0.0,0,0.0,0.0,0.0,0.0,0.0,1,2,6.060900074243545,0,0
1493,1310,-100.0,100.0,"16,19",common_bus_N-2,2,650,True,0.0,0,0.0,0.0,0.0,0.0,0.0,1,2,18.308220326900482,0,0
1494,1311,-0.1,0.1,"12,19",common_bus_N-2,2,1971,True,0.0,0,0.0,0.0,0.0,0.0,0.0,1,3,0.0,1,0
1495,1312,-100.1,100.1,"15,17",common_bus_N-2,2,792,True,0.0,0,0.0,0.0,0.0,0.0,0.0,1,3,8.196704685688019,1,0
1497,1313,-106.01607270985087,106.01607270985087,4,N-1,1,168,True,0.0,0,0.0,0.0,0.0,0.0,0.0,2,7,0.0,1,0
1498,1314,-100.1,100.1,"2,3",common_bus_N-2,2,467,True,0.0,0,0.0,0.0,0.0,0.0,0.0,1,3,0.0,1,0
1499,1315,-104.9770575499286,104.9770575499286,0,N-1,1,1325,True,0.0,0,0.0,0.0,0.0,0.0,0.0,1,7,0.0,1,0
1501,1316,-113.0269335817114,113.0269335817114,4,N-1,1,758,True,0.0,0,0.0,0.0,0.0,0.0,0.0,2,15,70.52696893215179,2,0
1503,1317,-106.06433525811342,106.06433525811342,19,N-1,1,838,True,0.0,0,0.0,0.0,0.0,0.0,0.0,2,7,10.54714098572731,1,0
1505,1318,-107.90545276751563,107.90545276751563,"5,7",common_bus_N-2,2,1201,True,0.0,0,0.0,0.0,0.0,0.0,0.0,2,9,12.683652341365814,0,0
1506,1319,-106.87451762330478,106.87451762330478,"1,9",common_bus_N-2,2,1188,True,0.0,0,0.0,0.0,0.0,0.0,0.0,1,9,29.333678901195526,0,0
1507,1320,-110.05906614315992,110.05906614315992,"1,9",common_bus_N-2,2,985,True,0.0,0,0.0,0.0,0.0,0.0,0.0,1,13,134.0771327972412,1,0
1508,1321,-100.1,100.1,"16,19",common_bus_N-2,2,17,True,0.0,0,0.0,0.0,0.0,0.0,0.0,1,3,13.491579580307008,1,0
1509,1322,0.0,-0.0,"18,19",common_bus_N-2,2,1227,True,0.0,0,0.0,0.0,0.0,0.0,0.0,1,2,0.0,0,0
1510,1323,0.0,-0.0,4,N-1,1,1353,True,0.0,0,0.0,0.0,0.0,0.0,0.0,1,1,0.0,0,0
1511,1324,-102.95544664514918,102.95544664514918,"0,3",common_bus_N-2,2,599,True,0.0,0,0.0,0.0,0.0,0.0,0.0,1,5,0.0,0,0
1512,1325,-107.08030912909629,107.08030912909629,"9,12",common_bus_N-2,2,839,True,0.0,0,0.0,0.0,0.0,0.0,0.0,1,10,47.346427482366565,1,0
1513,1326,-103.05544664514919,103.05544664514919,"0,4",common_bus_N-2,2,550,True,0.0,0,0.0,0.0,0.0,0.0,0.0,1,6,0.0,1,0
1514,1327,0.0,-0.0,"3,5",common_bus_N-2,2,1170,True,0.0,0,0.0,0.0,0.0,0.0,0.0,1,2,0.0,0,0
1515,1328,-104.02105608476768,104.02105608476768,"3,8",common_bus_N-2,2,1302,True,0.0,0,0.0,0.0,0.0,0.0,0.0,1,7,0.0,1,0
1517,1329,-102.09501662508319,102.09501662508319,8,N-1,1,1614,True,0.0,0,0.0,0.0,0.0,0.0,0.0,2,3,0.0,1,0
1518,1330,-100.1,100.1,"2,5",common_bus_N-2,2,677,True,0.0,0,0.0,0.0,0.0,0.0,0.0,1,3,19.110905170440674,1,0
1519,1331,-101.98013266932448,101.98013266932448,"1,4",common_bus_N-2,2,1279,True,0.0,0,0.0,0.0,0.0,0.0,0.0,1,4,0.0,0,0
1520,1332,-104.0443533907895,104.0443533907895,"2,3",common_bus_N-2,2,953,True,0.0,0,0.0,0.0,0.0,0.0,0.0,1,6,38.697547137737274,0,0
1521,1333,-104.02105608476768,104.02105608476768,"1,6",common_bus_N-2,2,713,True,0.0,0,0.0,0.0,0.0,0.0,0.0,1,7,0.0,1,0
1522,1334,-104.02105608476768,104.02105608476768,0,N-1,1,1551,True,0.0,0,0.0,0.0,0.0,0.0,0.0,1,6,0.0,1,0
1524,1335,-104.28865127835383,104.28865127835383,16,N-1,1,762,True,0.0,0,0.0,0.0,0.0,0.0,0.0,2,6,35.63717132806778,2,0
1525,1336,-100.1,100.1,"7,14",common_bus_N-2,2,771,True,0.0,0,0.0,0.0,0.0,0.0,0.0,1,3,0.0,1,0
1526,1337,-100.15752895752895,100.15752895752895,19,N-1,1,504,True,0.0,0,0.0,0.0,0.0,0.0,0.0,1,2,13.606119912862779,1,0
1527,1338,-100.15752895752895,100.15752895752895,"18,19",common_bus_N-2,2,1339,True,0.0,0,0.0,0.0,0.0,0.0,0.0,1,3,13.312883126735688,1,0
1528,1339,-103.92105608476768,103.92105608476768,"2,3",common_bus_N-2,2,1924,True,0.0,0,0.0,0.0,0.0,0.0,0.0,1,6,0.0,0,0
1529,1340,-102.95544664514918,102.95544664514918,"0,4",common_bus_N-2,2,1362,True,0.0,0,0.0,0.0,0.0,0.0,0.0,1,5,0.0,0,0
1530,1341,-100.1,100.1,"15,17",common_bus_N-2,2,1011,True,0.0,0,0.0,0.0,0.0,0.0,0.0,1,3,10.351869821548462,1,0
1531,1342,-100.0,100.0,13,N-1,1,331,True,0.0,0,0.0,0.0,0.0,0.0,0.0,1,1,0.0,0,0
1532,1343,-103.05544664514919,103.05544664514919,"3,4",common_bus_N-2,2,904,True,0.0,0,0.0,0.0,0.0,0.0,0.0,1,6,0.0,1,0
1534,1344,-109.15100142985516,109.15100142985516,"10,12",common_bus_N-2,2,879,True,0.0,0,0.0,0.0,0.0,0.0,0.0,2,11,76.66071313619614,1,0
1535,1345,0.0,-0.0,"15,16",common_bus_N-2,2,1447,True,0.0,0,0.0,0.0,0.0,0.0,0.0,1,2,0.0,0,0
1536,1346,-101.24366527373184,101.24366527373184,"14,16",common_bus_N-2,2,1326,True,0.0,0,0.0,0.0,0.0,0.0,0.0,1,4,36.79660174250603,1,0
1537,1347,-104.02105608476768,104.02105608476768,2,N-1,1,1335,True,0.0,0,0.0,0.0,0.0,0.0,0.0,1,6,0.0,1,0
1539,1348,-105.05046327023237,105.05046327023237,"3,7",common_bus_N-2,2,1632,True,0.0,0,0.0,0.0,0.0,0.0,0.0,2,7,0.0,1,0
1540,1349,0.0,-0.0,4,N-1,1,1680,True,0.0,0,0.0,0.0,0.0,0.0,0.0,1,1,0.0,0,0
1541,1350,-100.1,100.1,"2,4",common_bus_N-2,2,733,True,0.0,0,0.0,0.0,0.0,0.0,0.0,1,3,0.0,1,0
1542,1351,-100.1,100.1,1,N-1,1,1982,True,0.0,0,0.0,0.0,0.0,0.0,0.0,1,2,0.0,1,0
1543,1352,-0.1,0.1,18,N-1,1,223,True,0.0,0,0.0,0.0,0.0,0.0,0.0,1,2,0.0,1,0
1544,1353,-105.11026218313323,105.11026218313323,"7,8",common_bus_N-2,2,1008,True,0.0,0,0.0,0.0,0.0,0.0,0.0,1,8,38.526986718177795,1,0
1545,1354,-102.21333730252911,102.21333730252911,"11,12",common_bus_N-2,2,1444,True,0.0,0,0.0,0.0,0.0,0.0,0.0,1,5,28.590937793254852,1,0
1546,1355,-103.92105608476768,103.92105608476768,14,N-1,1,435,True,0.0,0,0.0,0.0,0.0,0.0,0.0,1,5,0.0,0,0
1547,1356,-108.04309500158152,108.04309500158152,"1,9",common_bus_N-2,2,761,True,0.0,0,0.0,0.0,0.0,0.0,0.0,1,11,69.099068236351,1,0
1548,1357,-103.0689601586627,103.0689601586627,"5,7",common_bus_N-2,2,1128,True,0.0,0,0.0,0.0,0.0,0.0,0.0,1,6,2.8240910470485687,1,0
1549,1358,-100.12355212355213,100.12355212355213,"9,11",common_bus_N-2,2,1340,True,0.0,0,0.0,0.0,0.0,0.0,0.0,1,3,5.265332442522048,1,0
1550,1359,-100.12355212355213,100.12355212355213,"10,11",common_bus_N-2,2,428,True,0.0,0,0.0,0.0,0.0,0.0,0.0,1,3,7.3191982150077814,1,0
1551,1360,-102.08013266932447,102.08013266932447,"18,19",common_bus_N-2,2,447,True,0.0,0,0.0,0.0,0.0,0.0,0.0,1,5,0.0,1,0
1552,1361,-105.07165527067373,105.07165527067373,"0,2",common_bus_N-2,2,427,True,0.0,0,0.0,0.0,0.0,0.0,0.0,1,8,30.394652771949765,1,0
1553,1362,-102.95544664514918,102.95544664514918,"4,9",common_bus_N-2,2,1129,True,0.0,0,0.0,0.0,0.0,0.0,0.0,1,5,0.0,0,0
1555,1363,-103.12323788337102,103.12323788337102,16,N-1,1,550,True,0.0,0,0.0,0.0,0.0,0.0,0.0,2,3,29.949597626924515,0,0
1556,1364,-103.92105608476768,103.92105608476768,0,N-1,1,417,True,0.0,0,0.0,0.0,0.0,0.0,0.0,1,5,0.0,0,0
1557,1365,-103.05544664514919,103.05544664514919,"8,15",common_bus_N-2,2,1755,True,0.0,0,0.0,0.0,0.0,0.0,0.0,1,6,0.0,1,0
1558,1366,-103.05544664514919,103.05544664514919,"3,4",common_bus_N-2,2,1536,True,0.0,0,0.0,0.0,0.0,0.0,0.0,1,6,0.0,1,0
1560,1367,-109.79362708449996,109.79362708449996,"3,5",common_bus_N-2,2,1580,True,0.0,0,0.0,0.0,0.0,0.0,0.0,2,11,29.31134880781174,0,0
1562,1368,-109.05370413255787,109.05370413255787,"3,7",common_bus_N-2,2,200,True,0.0,0,0.0,0.0,0.0,0.0,0.0,2,11,48.67697306871414,1,0
1563,1369,-111.84724680925662,111.84724680925662,9,N-1,1,406,True,0.0,0,0.0,0.0,0.0,0.0,0.0,1,14,145.530428981781,1,0
1564,1370,0.0,-0.0,"8,15",common_bus_N-2,2,1670,True,0.0,0,0.0,0.0,0.0,0.0,0.0,1,2,0.0,0,0
1565,1371,-106.07219529022377,106.07219529022377,5,N-1,1,841,True,0.0,0,0.0,0.0,0.0,0.0,0.0,1,8,33.770626068115234,1,0
1567,1372,-108.35880953447071,108.35880953447071,4,N-1,1,111,True,0.0,0,0.0,0.0,0.0,0.0,0.0,2,10,95.72083662748337,2,0
1568,1373,-0.1,0.1,"8,16",common_bus_N-2,2,1605,True,0.0,0,0.0,0.0,0.0,0.0,0.0,1,3,0.0,1,0
1569,1374,-105.00640117927223,105.00640117927223,"1,6",common_bus_N-2,2,1135,True,0.0,0,0.0,0.0,0.0,0.0,0.0,1,8,6.340231394767761,1,0
1570,1375,-100.0,100.0,"11,18",common_bus_N-2,2,1632,True,0.0,0,0.0,0.0,0.0,0.0,0.0,1,2,5.419929474592209,0,0
1571,1376,-100.1,100.1,"10,17",common_bus_N-2,2,1322,True,0.0,0,0.0,0.0,0.0,0.0,0.0,1,3,3.3165756165981293,1,0
1572,1377,0.0,-0.0,"12,19",common_bus_N-2,2,1836,True,0.0,0,0.0,0.0,0.0,0.0,0.0,1,2,0.0,0,0
1573,1378,0.0,-0.0,12,N-1,1,1505,True,0.0,0,0.0,0.0,0.0,0.0,0.0,1,1,0.0,0,0
1574,1379,-105.00640117927223,105.00640117927223,"3,7",common_bus_N-2,2,792,True,0.0,0,0.0,0.0,0.0,0.0,0.0,1,8,6.921661734580994,1,0
1575,1380,-100.0,100.0,"15,17",common_bus_N-2,2,1182,True,0.0,0,0.0,0.0,0.0,0.0,0.0,1,2,8.711208701133728,0,0
1576,1381,-105.04641889496249,105.04641889496249,10,N-1,1,405,True,0.0,0,0.0,0.0,0.0,0.0,0.0,1,7,23.172311675548542,1,0
1577,1382,-102.1133373025291,102.1133373025291,"11,12",common_bus_N-2,2,1015,True,0.0,0,0.0,0.0,0.0,0.0,0.0,1,4,36.24565243721008,0,0
1578,1383,-100.1,100.1,14,N-1,1,365,True,0.0,0,0.0,0.0,0.0,0.0,0.0,1,2,0.0,1,0
1579,1384,-103.27513776484031,103.27513776484031,19,N-1,1,735,True,0.0,0,0.0,0.0,0.0,0.0,0.0,1,5,64.89926984310151,1,0
1580,1385,-100.1,100.1,"2,5",common_bus_N-2,2,638,True,0.0,0,0.0,0.0,0.0,0.0,0.0,1,3,0.0,1,0
1581,1386,-107.73779335663436,107.73779335663436,"3,6",common_bus_N-2,2,1874,True,0.0,0,0.0,0.0,0.0,0.0,0.0,1,10,13.949746227264413,0,0
1582,1387,-100.1,100.1,"11,18",common_bus_N-2,2,1763,True,0.0,0,0.0,0.0,0.0,0.0,0.0,1,3,5.730704057216644,1,0
1583,1388,-103.18865127835382,103.18865127835382,"11,12",common_bus_N-2,2,826,True,0.0,0,0.0,0.0,0.0,0.0,0.0,1,6,29.452297747135162,1,0
1584,1389,-109.04008610608182,109.04008610608182,"6,9",common_bus_N-2,2,1005,True,0.0,0,0.0,0.0,0.0,0.0,0.0,1,12,99.26336159706116,1,0
1585,1390,-100.1,100.1,"2,5",common_bus_N-2,2,875,True,0.0,0,0.0,0.0,0.0,0.0,0.0,1,3,0.0,1,0
1586,1391,-0.1,0.1,18,N-1,1,181,True,0.0,0,0.0,0.0,0.0,0.0,0.0,1,2,0.0,1,0
1587,1392,-0.1,0.1,17,N-1,1,1692,True,0.0,0,0.0,0.0,0.0,0.0,0.0,1,2,0.0,1,0
1588,1393,-105.19674866961972,105.19674866961972,"9,10",common_bus_N-2,2,1474,True,0.0,0,0.0,0.0,0.0,0.0,0.0,1,8,53.17489378452301,1,0
1589,1394,-104.02105608476768,104.02105608476768,"1,4",common_bus_N-2,2,32,True,0.0,0,0.0,0.0,0.0,0.0,0.0,1,7,0.0,1,0
1590,1395,-100.1,100.1,"2,4",common_bus_N-2,2,1266,True,0.0,0,0.0,0.0,0.0,0.0,0.0,1,3,0.0,1,0
1591,1396,-0.1,0.1,19,N-1,1,599,True,0.0,0,0.0,0.0,0.0,0.0,0.0,1,2,0.0,1,0
1592,1397,-100.0,100.0,"16,19",common_bus_N-2,2,919,True,0.0,0,0.0,0.0,0.0,0.0,0.0,1,2,16.364369523525237,0,0
1593,1398,-106.89536704415421,106.89536704415421,"1,9",common_bus_N-2,2,496,True,0.0,0,0.0,0.0,0.0,0.0,0.0,1,10,8.942900598049164,1,0
1594,1399,-100.1,100.1,"2,4",common_bus_N-2,2,1101,True,0.0,0,0.0,0.0,0.0,0.0,0.0,1,3,0.0,1,0
1595,1400,-102.08978517897698,102.08978517897698,"12,18",common_bus_N-2,2,308,True,0.0,0,0.0,0.0,0.0,0.0,0.0,1,4,28.99241261482239,0,0
1596,1401,-100.23320463320464,100.23320463320464,"11,12",common_bus_N-2,2,1650,True,0.0,0,0.0,0.0,0.0,0.0,0.0,1,3,28.49028718471527,1,0
1598,1402,-109.15100142985516,109.15100142985516,8,N-1,1,66,True,0.0,0,0.0,0.0,0.0,0.0,0.0,2,10,86.15416020154953,1,0
1599,1403,-104.02105608476768,104.02105608476768,0,N-1,1,1048,True,0.0,0,0.0,0.0,0.0,0.0,0.0,1,6,0.0,1,0
1600,1404,-103.0650991548017,103.0650991548017,"12,18",common_bus_N-2,2,1218,True,0.0,0,0.0,0.0,0.0,0.0,0.0,1,5,29.867034006118775,0,0
1601,1405,-100.13474903474903,100.13474903474903,"8,15",common_bus_N-2,2,1615,True,0.0,0,0.0,0.0,0.0,0.0,0.0,1,3,8.416266024112701,1,0
1603,1406,-106.08750128127944,106.08750128127944,"14,15",common_bus_N-2,2,1342,True,0.0,0,0.0,0.0,0.0,0.0,0.0,2,7,39.9681658744812,0,0
1604,1407,-108.75553012152582,108.75553012152582,"1,9",common_bus_N-2,2,1267,True,0.0,0,0.0,0.0,0.0,0.0,0.0,1,11,42.80097085237503,0,0
1605,1408,-105.0677728907577,105.0677728907577,14,N-1,1,424,True,0.0,0,0.0,0.0,0.0,0.0,0.0,1,7,29.304795169830328,1,0
1606,1409,-105.87191243385854,105.87191243385854,"3,6",common_bus_N-2,2,1580,True,0.0,0,0.0,0.0,0.0,0.0,0.0,1,8,12.859225785732278,0,0
1607,1410,-0.1,0.1,11,N-1,1,1937,True,0.0,0,0.0,0.0,0.0,0.0,0.0,1,2,0.0,1,0
1608,1411,-100.1,100.1,13,N-1,1,1861,True,0.0,0,0.0,0.0,0.0,0.0,0.0,1,2,0.0,1,0
1609,1412,0.0,-0.0,"8,15",common_bus_N-2,2,1623,True,0.0,0,0.0,0.0,0.0,0.0,0.0,1,2,0.0,0,0
1610,1413,-102.22878131797313,102.22878131797313,"14,16",common_bus_N-2,2,1478,True,0.0,0,0.0,0.0,0.0,0.0,0.0,1,5,36.56836074590683,1,0
1611,1414,0.0,-0.0,18,N-1,1,1385,True,0.0,0,0.0,0.0,0.0,0.0,0.0,1,1,0.0,0,0
1612,1415,-100.1,100.1,13,N-1,1,1786,True,0.0,0,0.0,0.0,0.0,0.0,0.0,1,2,0.0,1,0
1613,1416,-102.18978517897699,102.18978517897699,"12,18",common_bus_N-2,2,1755,True,0.0,0,0.0,0.0,0.0,0.0,0.0,1,5,25.377811360359193,1,0
1614,1417,-103.05544664514919,103.05544664514919,"5,6",common_bus_N-2,2,54,True,0.0,0,0.0,0.0,0.0,0.0,0.0,1,6,0.0,1,0
1615,1418,-100.1,100.1,"7,13",common_bus_N-2,2,1079,True,0.0,0,0.0,0.0,0.0,0.0,0.0,1,3,0.0,1,0
1617,1419,-112.20268084016246,112.20268084016246,"5,8",common_bus_N-2,2,1264,True,0.0,0,0.0,0.0,0.0,0.0,0.0,2,15,114.70509657859802,2,0
1618,1420,-0.1,0.1,"8,15",common_bus_N-2,2,823,True,0.0,0,0.0,0.0,0.0,0.0,0.0,1,3,0.0,1,0
1619,1421,-100.1,100.1,"11,18",common_bus_N-2,2,1974,True,0.0,0,0.0,0.0,0.0,0.0,0.0,1,3,4.936912190914153,1,0
1620,1422,-101.07643823172897,101.07643823172897,5,N-1,1,405,True,0.0,0,0.0,0.0,0.0,0.0,0.0,1,2,27.20141665935516,0,0
1621,1423,-101.98013266932448,101.98013266932448,"3,4",common_bus_N-2,2,707,True,0.0,0,0.0,0.0,0.0,0.0,0.0,1,4,0.0,0,0
1622,1424,-100.0,100.0,"10,17",common_bus_N-2,2,164,True,0.0,0,0.0,0.0,0.0,0.0,0.0,1,2,3.7029998898506165,0,0
1623,1425,-100.0,100.0,"10,17",common_bus_N-2,2,1591,True,0.0,0,0.0,0.0,0.0,0.0,0.0,1,2,3.5198861360549927,0,0
1624,1426,-100.17567567567568,100.17567567567568,"11,12",common_bus_N-2,2,825,True,0.0,0,0.0,0.0,0.0,0.0,0.0,1,3,16.310436391830443,1,0
1625,1427,-103.92105608476768,103.92105608476768,"3,8",common_bus_N-2,2,905,True,0.0,0,0.0,0.0,0.0,0.0,0.0,1,6,0.0,0,0
1626,1428,-104.02105608476768,104.02105608476768,16,N-1,1,984,True,0.0,0,0.0,0.0,0.0,0.0,0.0,1,6,0.0,1,0
1627,1429,-100.0,100.0,"15,17",common_bus_N-2,2,275,True,0.0,0,0.0,0.0,0.0,0.0,0.0,1,2,8.026734173297882,0,0
1628,1430,-100.1,100.1,"14,16",common_bus_N-2,2,289,True,0.0,0,0.0,0.0,0.0,0.0,0.0,1,3,0.0,1,0
1629,1431,0.0,-0.0,"8,15",common_bus_N-2,2,1984,True,0.0,0,0.0,0.0,0.0,0.0,0.0,1,2,0.0,0,0
1630,1432,-103.05544664514919,103.05544664514919,"2,4",common_bus_N-2,2,225,True,0.0,0,0.0,0.0,0.0,0.0,0.0,1,6,0.0,1,0
1631,1433,-100.9950166250832,100.9950166250832,"14,15",common_bus_N-2,2,1875,True,0.0,0,0.0,0.0,0.0,0.0,0.0,1,3,0.0,0,0
1632,1434,-100.1,100.1,"0,1",common_bus_N-2,2,1679,True,0.0,0,0.0,0.0,0.0,0.0,0.0,1,3,0.0,1,0
1633,1435,-100.1,100.1,"15,16",common_bus_N-2,2,599,True,0.0,0,0.0,0.0,0.0,0.0,0.0,1,3,0.0,1,0
1635,1436,-105.08366790343702,105.08366790343702,"8,16",common_bus_N-2,2,1916,True,0.0,0,0.0,0.0,0.0,0.0,0.0,2,6,33.57795685529709,0,0
1636,1437,-100.1,100.1,"10,11",common_bus_N-2,2,642,True,0.0,0,0.0,0.0,0.0,0.0,0.0,1,3,0.0,1,0
1637,1438,-103.05544664514919,103.05544664514919,"8,15",common_bus_N-2,2,1527,True,0.0,0,0.0,0.0,0.0,0.0,0.0,1,6,0.0,1,0
1638,1439,0.0,-0.0,8,N-1,1,1397,True,0.0,0,0.0,0.0,0.0,0.0,0.0,1,1,0.0,0,0
1639,1440,-104.99057106344212,104.99057106344212,6,N-1,1,538,True,0.0,0,0.0,0.0,0.0,0.0,0.0,1,7,3.0939781069755554,1,0
1641,1441,-102.25254558261214,102.25254558261214,8,N-1,1,632,True,0.0,0,0.0,0.0,0.0,0.0,0.0,2,4,17.135081350803375,2,0
1642,1442,-100.114,100.114,"15,17",common_bus_N-2,2,685,True,0.0,0,0.0,0.0,0.0,0.0,0.0,1,3,15.932917594909668,1,0
1643,1443,-103.92105608476768,103.92105608476768,"6,7",common_bus_N-2,2,907,True,0.0,0,0.0,0.0,0.0,0.0,0.0,1,6,0.0,0,0
1644,1444,-100.13474903474903,100.13474903474903,"14,15",common_bus_N-2,2,1401,True,0.0,0,0.0,0.0,0.0,0.0,0.0,1,3,6.882680296897888,1,0
1645,1445,0.0,-0.0,17,N-1,1,1612,True,0.0,0,0.0,0.0,0.0,0.0,0.0,1,1,0.0,0,0
1646,1446,-103.92105608476768,103.92105608476768,"3,8",common_bus_N-2,2,363,True,0.0,0,0.0,0.0,0.0,0.0,0.0,1,6,0.0,0,0
1647,1447,-104.02105608476768,104.02105608476768,"1,6",common_bus_N-2,2,20,True,0.0,0,0.0,0.0,0.0,0.0,0.0,1,7,0.0,1,0
1648,1448,-103.30255089225344,103.30255089225344,"8,15",common_bus_N-2,2,418,True,0.0,0,0.0,0.0,0.0,0.0,0.0,1,6,78.5344467163086,1,0
1650,1449,-107.25392745686507,107.25392745686507,11,N-1,1,1516,True,0.0,0,0.0,0.0,0.0,0.0,0.0,2,8,75.91160821914673,1,0
1651,1450,-107.90226497523604,107.90226497523604,"9,12",common_bus_N-2,2,1565,True,0.0,0,0.0,0.0,0.0,0.0,0.0,1,11,31.16049963235855,1,0
1652,1451,-106.14323776126625,106.14323776126625,"9,11",common_bus_N-2,2,1879,True,0.0,0,0.0,0.0,0.0,0.0,0.0,1,9,61.94932584762573,1,0
1653,1452,-106.80888055766772,106.80888055766772,"7,8",common_bus_N-2,2,731,True,0.0,0,0.0,0.0,0.0,0.0,0.0,1,9,14.52619731426239,0,0
1654,1453,-100.0,100.0,"11,18",common_bus_N-2,2,1955,True,0.0,0,0.0,0.0,0.0,0.0,0.0,1,2,5.024410450458526,0,0
1655,1454,-104.9770575499286,104.9770575499286,"18,19",common_bus_N-2,2,463,True,0.0,0,0.0,0.0,0.0,0.0,0.0,1,8,0.0,1,0
1656,1455,-102.08013266932447,102.08013266932447,8,N-1,1,1875,True,0.0,0,0.0,0.0,0.0,0.0,0.0,1,4,0.0,1,0
1657,1456,-100.1,100.1,"10,17",common_bus_N-2,2,700,True,0.0,0,0.0,0.0,0.0,0.0,0.0,1,3,4.379796087741852,1,0
1658,1457,-106.17980880633321,106.17980880633321,"3,8",common_bus_N-2,2,121,True,0.0,0,0.0,0.0,0.0,0.0,0.0,1,9,80.62248468399048,1,0
1659,1458,-104.05426071797231,104.05426071797231,"11,12",common_bus_N-2,2,159,True,0.0,0,0.0,0.0,0.0,0.0,0.0,1,6,39.570836305618286,0,0
1660,1459,-100.1,100.1,"1,9",common_bus_N-2,2,814,True,0.0,0,0.0,0.0,0.0,0.0,0.0,1,3,0.0,1,0
1662,1460,-108.12786400006394,108.12786400006394,4,N-1,1,719,True,0.0,0,0.0,0.0,0.0,0.0,0.0,2,9,53.098588597774494,1,0
1664,1461,-107.16744097037859,107.16744097037859,"10,11",common_bus_N-2,2,457,True,0.0,0,0.0,0.0,0.0,0.0,0.0,2,8,81.99552655220032,0,0
1665,1462,-105.1832351561062,105.1832351561062,9,N-1,1,519,True,0.0,0,0.0,0.0,0.0,0.0,0.0,1,7,45.84558713436127,1,0
1666,1463,-104.02105608476768,104.02105608476768,"3,4",common_bus_N-2,2,145,True,0.0,0,0.0,0.0,0.0,0.0,0.0,1,7,0.0,1,0
1667,1464,0.0,-0.0,"8,15",common_bus_N-2,2,1131,True,0.0,0,0.0,0.0,0.0,0.0,0.0,1,2,0.0,0,0
1668,1465,-103.94362239091978,103.94362239091978,"8,16",common_bus_N-2,2,1238,True,0.0,0,0.0,0.0,0.0,0.0,0.0,1,6,6.578029084205625,0,0
1670,1466,-110.17715230008533,110.17715230008533,3,N-1,1,659,True,0.0,0,0.0,0.0,0.0,0.0,0.0,2,12,74.07961475849152,2,0
1671,1467,-101.09501662508319,101.09501662508319,"5,6",common_bus_N-2,2,261,True,0.0,0,0.0,0.0,0.0,0.0,0.0,1,4,0.0,1,0
1672,1468,-102.08013266932447,102.08013266932447,5,N-1,1,490,True,0.0,0,0.0,0.0,0.0,0.0,0.0,1,4,0.0,1,0
1673,1469,-100.1,100.1,"16,19",common_bus_N-2,2,1729,True,0.0,0,0.0,0.0,0.0,0.0,0.0,1,3,12.387261074781419,1,0
1674,1470,-100.1,100.1,"3,8",common_bus_N-2,2,985,True,0.0,0,0.0,0.0,0.0,0.0,0.0,1,3,0.0,1,0
1675,1471,-100.1,100.1,"2,3",common_bus_N-2,2,814,True,0.0,0,0.0,0.0,0.0,0.0,0.0,1,3,0.0,1,0
1676,1472,-107.00926665805382,107.00926665805382,"1,9",common_bus_N-2,2,763,True,0.0,0,0.0,0.0,0.0,0.0,0.0,1,10,39.55900830030441,1,0
1677,1473,0.0,-0.0,"18,19",common_bus_N-2,2,1498,True,0.0,0,0.0,0.0,0.0,0.0,0.0,1,2,0.0,0,0
1678,1474,-104.8770575499286,104.8770575499286,"8,16",common_bus_N-2,2,432,True,0.0,0,0.0,0.0,0.0,0.0,0.0,1,7,0.0,0,0
1679,1475,-103.92105608476768,103.92105608476768,"2,3",common_bus_N-2,2,817,True,0.0,0,0.0,0.0,0.0,0.0,0.0,1,6,0.0,0,0
1680,1476,0.0,-0.0,"8,16",common_bus_N-2,2,282,True,0.0,0,0.0,0.0,0.0,0.0,0.0,1,2,0.0,0,0
1681,1477,0.0,-0.0,12,N-1,1,1082,True,0.0,0,0.0,0.0,0.0,0.0,0.0,1,1,0.0,0,0
1682,1478,-109.88658021938609,109.88658021938609,"1,9",common_bus_N-2,2,625,True,0.0,0,0.0,0.0,0.0,0.0,0.0,1,12,109.92459571361542,0,0
1683,1479,-106.18184779987628,106.18184779987628,"9,12",common_bus_N-2,2,280,True,0.0,0,0.0,0.0,0.0,0.0,0.0,1,9,62.65540376901627,1,0
1684,1480,-102.18978517897699,102.18978517897699,"10,12",common_bus_N-2,2,1936,True,0.0,0,0.0,0.0,0.0,0.0,0.0,1,5,23.81088857650757,1,0
1685,1481,0.0,-0.0,17,N-1,1,1023,True,0.0,0,0.0,0.0,0.0,0.0,0.0,1,1,0.0,0,0
1686,1482,-106.0677788230378,106.0677788230378,"3,6",common_bus_N-2,2,1252,True,0.0,0,0.0,0.0,0.0,0.0,0.0,1,9,41.71224913597108,1,0
1687,1483,-102.95544664514918,102.95544664514918,"5,6",common_bus_N-2,2,956,True,0.0,0,0.0,0.0,0.0,0.0,0.0,1,5,0.0,0,0
1688,1484,-100.1,100.1,"11,18",common_bus_N-2,2,1492,True,0.0,0,0.0,0.0,0.0,0.0,0.0,1,3,6.012317037582397,1,0
1689,1485,-100.1,100.1,"6,9",common_bus_N-2,2,174,True,0.0,0,0.0,0.0,0.0,0.0,0.0,1,3,0.0,1,0
1691,1486,-108.21297434965655,108.21297434965655,"3,8",common_bus_N-2,2,1190,True,0.0,0,0.0,0.0,0.0,0.0,0.0,2,11,49.02003648877144,2,0
1692,1487,-100.0,100.0,13,N-1,1,1554,True,0.0,0,0.0,0.0,0.0,0.0,0.0,1,1,0.0,0,0
1693,1488,-108.78080945467472,108.78080945467472,"3,6",common_bus_N-2,2,984,True,0.0,0,0.0,0.0,0.0,0.0,0.0,1,12,22.373295378684993,1,0
1694,1489,-104.02105608476768,104.02105608476768,2,N-1,1,1054,True,0.0,0,0.0,0.0,0.0,0.0,0.0,1,6,0.0,1,0
1695,1490,-107.8601800331511,107.8601800331511,"7,8",common_bus_N-2,2,392,True,0.0,0,0.0,0.0,0.0,0.0,0.0,1,11,23.94865565299988,1,0
1696,1491,-0.1,0.1,"18,19",common_bus_N-2,2,909,True,0.0,0,0.0,0.0,0.0,0.0,0.0,1,3,0.0,1,0
1697,1492,-101.98013266932448,101.98013266932448,"5,8",common_bus_N-2,2,171,True,0.0,0,0.0,0.0,0.0,0.0,0.0,1,4,0.0,0,0
1699,1493,-106.10135957752324,106.10135957752324,"10,12",common_bus_N-2,2,1871,True,0.0,0,0.0,0.0,0.0,0.0,0.0,2,8,24.062479555606842,1,0
1701,1494,-102.09501662508319,102.09501662508319,"1,9",common_bus_N-2,2,1692,True,0.0,0,0.0,0.0,0.0,0.0,0.0,2,4,0.0,1,0
1703,1495,-106.8855876885253,106.8855876885253,8,N-1,1,1580,True,0.0,0,0.0,0.0,0.0,0.0,0.0,2,7,3.5928972363471985,0,0
1704,1496,-109.99450496691075,109.99450496691075,"1,6",common_bus_N-2,2,632,True,0.0,0,0.0,0.0,0.0,0.0,0.0,1,13,112.66133546829224,1,0
1705,1497,-105.01026218313324,105.01026218313324,"11,12",common_bus_N-2,2,80,True,0.0,0,0.0,0.0,0.0,0.0,0.0,1,7,41.391759753227234,0,0
1707,1498,-107.96682581492087,107.96682581492087,"6,8",common_bus_N-2,2,513,True,0.0,0,0.0,0.0,0.0,0.0,0.0,2,10,11.692538112401962,1,0
1708,1499,-0.1,0.1,17,N-1,1,549,True,0.0,0,0.0,0.0,0.0,0.0,0.0,1,2,0.0,1,0
1709,1500,-107.85052752349858,107.85052752349858,"9,11",common_bus_N-2,2,730,True,0.0,0,0.0,0.0,0.0,0.0,0.0,1,10,48.66781783103943,0,0
1710,1501,-100.15752895752895,100.15752895752895,16,N-1,1,1466,True,0.0,0,0.0,0.0,0.0,0.0,0.0,1,2,13.476019018888474,1,0
1711,1502,0.0,-0.0,16,N-1,1,1432,True,0.0,0,0.0,0.0,0.0,0.0,0.0,1,1,0.0,0,0
1712,1503,-100.1,100.1,"9,11",common_bus_N-2,2,1167,True,0.0,0,0.0,0.0,0.0,0.0,0.0,1,3,0.0,1,0
1713,1504,-100.1,100.1,"0,1",common_bus_N-2,2,1494,True,0.0,0,0.0,0.0,0.0,0.0,0.0,1,3,0.0,1,0
1714,1505,-108.0601800331511,108.0601800331511,"9,10",common_bus_N-2,2,1828,True,0.0,0,0.0,0.0,0.0,0.0,0.0,1,11,78.46552810668945,1,0
1715,1506,-0.1,0.1,"18,19",common_bus_N-2,2,1014,True,0.0,0,0.0,0.0,0.0,0.0,0.0,1,3,0.0,1,0
1716,1507,-100.1,100.1,"11,12",common_bus_N-2,2,432,True,0.0,0,0.0,0.0,0.0,0.0,0.0,1,3,0.0,1,0
1717,1508,0.0,-0.0,"10,12",common_bus_N-2,2,260,True,0.0,0,0.0,0.0,0.0,0.0,0.0,1,2,0.0,0,0
1718,1509,-105.02532009819114,105.02532009819114,9,N-1,1,839,True,0.0,0,0.0,0.0,0.0,0.0,0.0,1,7,10.40123626589775,1,0
1719,1510,-104.02105608476768,104.02105608476768,"4,6",common_bus_N-2,2,464,True,0.0,0,0.0,0.0,0.0,0.0,0.0,1,7,0.0,1,0
1720,1511,-106.04323776126624,106.04323776126624,"9,10",common_bus_N-2,2,1516,True,0.0,0,0.0,0.0,0.0,0.0,0.0,1,8,59.16945900917053,0,0
1721,1512,0.0,-0.0,"12,19",common_bus_N-2,2,1318,True,0.0,0,0.0,0.0,0.0,0.0,0.0,1,2,0.0,0,0
1722,1513,-104.8770575499286,104.8770575499286,"3,5",common_bus_N-2,2,709,True,0.0,0,0.0,0.0,0.0,0.0,0.0,1,7,0.0,0,0
1723,1514,-104.0345695982812,104.0345695982812,14,N-1,1,1473,True,0.0,0,0.0,0.0,0.0,0.0,0.0,1,6,3.2148309648036957,1,0
1724,1515,-103.05544664514919,103.05544664514919,"0,2",common_bus_N-2,2,1147,True,0.0,0,0.0,0.0,0.0,0.0,0.0,1,6,0.0,1,0
1725,1516,-102.96867913679739,102.96867913679739,"2,4",common_bus_N-2,2,119,True,0.0,0,0.0,0.0,0.0,0.0,0.0,1,5,4.101775455474851,0,0
1727,1517,-108.98514649236678,108.98514649236678,"8,16",common_bus_N-2,2,1607,True,0.0,0,0.0,0.0,0.0,0.0,0.0,2,10,44.07166904211044,0,0
1728,1518,-102.95544664514918,102.95544664514918,10,N-1,1,978,True,0.0,0,0.0,0.0,0.0,0.0,0.0,1,4,0.0,0,0
1729,1519,-106.90733615612332,106.90733615612332,"11,12",common_bus_N-2,2,994,True,0.0,0,0.0,0.0,0.0,0.0,0.0,1,9,44.80805730819702,0,0
1730,1520,-100.0,100.0,"16,19",common_bus_N-2,2,590,True,0.0,0,0.0,0.0,0.0,0.0,0.0,1,2,14.580876606702805,0,0
1731,1521,-104.8770575499286,104.8770575499286,"0,2",common_bus_N-2,2,1558,True,0.0,0,0.0,0.0,0.0,0.0,0.0,1,7,0.0,0,0
1732,1522,-100.1,100.1,"13,14",common_bus_N-2,2,1664,True,0.0,0,0.0,0.0,0.0,0.0,0.0,1,3,0.0,1,0
1733,1523,-103.05544664514919,103.05544664514919,10,N-1,1,1485,True,0.0,0,0.0,0.0,0.0,0.0,0.0,1,5,0.0,1,0
1734,1524,0.0,-0.0,12,N-1,1,1481,True,0.0,0,0.0,0.0,0.0,0.0,0.0,1,1,0.0,0,0
1735,1525,0.0,-0.0,"18,19",common_bus_N-2,2,1210,True,0.0,0,0.0,0.0,0.0,0.0,0.0,1,2,0.0,0,0
1737,1526,-103.08013266932447,103.08013266932447,"5,7",common_bus_N-2,2,470,True,0.0,0,0.0,0.0,0.0,0.0,0.0,2,5,0.0,1,0
1738,1527,-102.04569605051796,102.04569605051796,"14,15",common_bus_N-2,2,650,True,0.0,0,0.0,0.0,0.0,0.0,0.0,1,4,20.86512392759323,0,0
1739,1528,-108.78415843334417,108.78415843334417,"3,6",common_bus_N-2,2,682,True,0.0,0,0.0,0.0,0.0,0.0,0.0,1,11,57.74591242074966,0,0
1740,1529,-103.05544664514919,103.05544664514919,19,N-1,1,359,True,0.0,0,0.0,0.0,0.0,0.0,0.0,1,5,0.0,1,0
1741,1530,-0.1,0.1,16,N-1,1,217,True,0.0,0,0.0,0.0,0.0,0.0,0.0,1,2,0.0,1,0
1742,1531,-102.08013266932447,102.08013266932447,"10,12",common_bus_N-2,2,763,True,0.0,0,0.0,0.0,0.0,0.0,0.0,1,5,0.0,1,0
1744,1532,-107.97758193680072,107.97758193680072,6,N-1,1,290,True,0.0,0,0.0,0.0,0.0,0.0,0.0,2,9,14.247604769468296,1,0
1745,1533,0.0,-0.0,5,N-1,1,1780,True,0.0,0,0.0,0.0,0.0,0.0,0.0,1,1,0.0,0,0
1746,1534,-104.8770575499286,104.8770575499286,"6,7",common_bus_N-2,2,112,True,0.0,0,0.0,0.0,0.0,0.0,0.0,1,7,0.0,0,0
1748,1535,-106.13962483340299,106.13962483340299,"14,15",common_bus_N-2,2,1972,True,0.0,0,0.0,0.0,0.0,0.0,0.0,2,9,5.1612629175186155,2,0
1749,1536,0.0,-0.0,15,N-1,1,1643,True,0.0,0,0.0,0.0,0.0,0.0,0.0,1,1,0.0,0,0
1750,1537,-110.78840114216185,110.78840114216185,"9,12",common_bus_N-2,2,403,True,0.0,0,0.0,0.0,0.0,0.0,0.0,1,14,90.9523811340332,1,0
1751,1538,-100.0,100.0,"7,14",common_bus_N-2,2,912,True,0.0,0,0.0,0.0,0.0,0.0,0.0,1,2,0.0,0,0
1752,1539,0.0,-0.0,12,N-1,1,1339,True,0.0,0,0.0,0.0,0.0,0.0,0.0,1,1,0.0,0,0
1753,1540,-100.1,100.1,"8,14",common_bus_N-2,2,416,True,0.0,0,0.0,0.0,0.0,0.0,0.0,1,3,0.0,1,0
1754,1541,0.0,-0.0,19,N-1,1,1731,True,0.0,0,0.0,0.0,0.0,0.0,0.0,1,1,0.0,0,0
1756,1542,-103.08013266932447,103.08013266932447,"3,8",common_bus_N-2,2,572,True,0.0,0,0.0,0.0,0.0,0.0,0.0,2,5,0.0,1,0
1758,1543,-108.06682581492086,108.06682581492086,"5,8",common_bus_N-2,2,1915,True,0.0,0,0.0,0.0,0.0,0.0,0.0,2,11,11.740715056657791,2,0
1759,1544,-103.05544664514919,103.05544664514919,11,N-1,1,1582,True,0.0,0,0.0,0.0,0.0,0.0,0.0,1,5,0.0,1,0
1760,1545,-105.95289027091876,105.95289027091876,"0,4",common_bus_N-2,2,74,True,0.0,0,0.0,0.0,0.0,0.0,0.0,1,9,8.60816822052002,1,0
1761,1546,-104.31642288013448,104.31642288013448,"8,14",common_bus_N-2,2,1503,True,0.0,0,0.0,0.0,0.0,0.0,0.0,1,7,79.50528913736343,1,0
1762,1547,0.0,-0.0,"8,16",common_bus_N-2,2,1121,True,0.0,0,0.0,0.0,0.0,0.0,0.0,1,2,0.0,0,0
1763,1548,-100.1,100.1,13,N-1,1,1070,True,0.0,0,0.0,0.0,0.0,0.0,0.0,1,2,0.0,1,0
1764,1549,-102.9589044356058,102.9589044356058,"5,8",common_bus_N-2,2,86,True,0.0,0,0.0,0.0,0.0,0.0,0.0,1,5,1.0399789810180664,0,0
1766,1550,-108.97549398271427,108.97549398271427,7,N-1,1,1016,True,0.0,0,0.0,0.0,0.0,0.0,0.0,2,10,20.285067129135133,1,0
1767,1551,-100.0,100.0,13,N-1,1,714,True,0.0,0,0.0,0.0,0.0,0.0,0.0,1,1,0.0,0,0
1768,1552,0.0,-0.0,"14,16",common_bus_N-2,2,1740,True,0.0,0,0.0,0.0,0.0,0.0,0.0,1,2,0.0,0,0
1770,1553,-107.1654219288877,107.1654219288877,"6,7",common_bus_N-2,2,1043,True,0.0,0,0.0,0.0,0.0,0.0,0.0,2,9,47.91789298057556,1,0
1771,1554,-100.1,100.1,"14,16",common_bus_N-2,2,1310,True,0.0,0,0.0,0.0,0.0,0.0,0.0,1,3,0.0,1,0
1772,1555,-104.02105608476768,104.02105608476768,0,N-1,1,131,True,0.0,0,0.0,0.0,0.0,0.0,0.0,1,6,0.0,1,0
1774,1556,-107.99037793847299,107.99037793847299,8,N-1,1,1582,True,0.0,0,0.0,0.0,0.0,0.0,0.0,2,9,18.982210278511047,1,0
1776,1557,-102.09501662508319,102.09501662508319,7,N-1,1,1618,True,0.0,0,0.0,0.0,0.0,0.0,0.0,2,3,0.0,1,0
1777,1558,-103.92105608476768,103.92105608476768,"0,2",common_bus_N-2,2,1535,True,0.0,0,0.0,0.0,0.0,0.0,0.0,1,6,0.0,0,0
1779,1559,-109.07532575417949,109.07532575417949,10,N-1,1,84,True,0.0,0,0.0,0.0,0.0,0.0,0.0,2,10,68.72654173374175,1,0
1780,1560,-100.1,100.1,"2,5",common_bus_N-2,2,838,True,0.0,0,0.0,0.0,0.0,0.0,0.0,1,3,0.0,1,0
1781,1561,-102.95544664514918,102.95544664514918,"0,4",common_bus_N-2,2,1791,True,0.0,0,0.0,0.0,0.0,0.0,0.0,1,5,0.0,0,0
1782,1562,-100.1,100.1,"7,13",common_bus_N-2,2,607,True,0.0,0,0.0,0.0,0.0,0.0,0.0,1,3,0.0,1,0
1783,1563,-105.96640378443227,105.96640378443227,0,N-1,1,1113,True,0.0,0,0.0,0.0,0.0,0.0,0.0,1,8,8.983222782611847,1,0
1784,1564,-100.1,100.1,"2,5",common_bus_N-2,2,842,True,0.0,0,0.0,0.0,0.0,0.0,0.0,1,3,0.0,1,0
1786,1565,-103.3133373025291,103.3133373025291,"14,16",common_bus_N-2,2,556,True,0.0,0,0.0,0.0,0.0,0.0,0.0,2,6,30.90375906229019,2,0
1787,1566,-100.1,100.1,"11,18",common_bus_N-2,2,1627,True,0.0,0,0.0,0.0,0.0,0.0,0.0,1,3,5.682237732410431,1,0
1789,1567,-112.02211719895216,112.02211719895216,15,N-1,1,934,True,0.0,0,0.0,0.0,0.0,0.0,0.0,2,12,130.6580102443695,0,0
1790,1568,-100.0,100.0,13,N-1,1,1769,True,0.0,0,0.0,0.0,0.0,0.0,0.0,1,1,0.0,0,0
1791,1569,0.0,-0.0,17,N-1,1,931,True,0.0,0,0.0,0.0,0.0,0.0,0.0,1,1,0.0,0,0
1792,1570,-100.1,100.1,"13,14",common_bus_N-2,2,148,True,0.0,0,0.0,0.0,0.0,0.0,0.0,1,3,0.0,1,0
1794,1571,-105.05046327023237,105.05046327023237,"1,4",common_bus_N-2,2,1708,True,0.0,0,0.0,0.0,0.0,0.0,0.0,2,7,0.0,1,0
1796,1572,-107.09176529470291,107.09176529470291,8,N-1,1,1909,True,0.0,0,0.0,0.0,0.0,0.0,0.0,2,7,54.52654051184654,0,0
1798,1573,-105.08366790343702,105.08366790343702,"15,16",common_bus_N-2,2,1303,True,0.0,0,0.0,0.0,0.0,0.0,0.0,2,6,35.81265699863434,0,0
1800,1574,-103.08013266932447,103.08013266932447,"10,11",common_bus_N-2,2,1805,True,0.0,0,0.0,0.0,0.0,0.0,0.0,2,5,0.0,1,0
1801,1575,-100.0,100.0,"0,4",common_bus_N-2,2,700,True,0.0,0,0.0,0.0,0.0,0.0,0.0,1,2,0.0,0,0
1803,1576,-111.12448258664546,111.12448258664546,"6,8",common_bus_N-2,2,1789,True,0.0,0,0.0,0.0,0.0,0.0,0.0,2,13,97.89797127246857,1,0
1804,1577,-104.0117849313878,104.0117849313878,"2,4",common_bus_N-2,2,428,True,0.0,0,0.0,0.0,0.0,0.0,0.0,1,6,28.195436847209933,0,0
1805,1578,-104.02105608476768,104.02105608476768,1,N-1,1,144,True,0.0,0,0.0,0.0,0.0,0.0,0.0,1,6,0.0,1,0
1806,1579,-103.05544664514919,103.05544664514919,19,N-1,1,998,True,0.0,0,0.0,0.0,0.0,0.0,0.0,1,5,0.0,1,0
1807,1580,-104.02105608476768,104.02105608476768,"2,4",common_bus_N-2,2,1074,True,0.0,0,0.0,0.0,0.0,0.0,0.0,1,7,0.0,1,0
1808,1581,-100.1,100.1,"16,19",common_bus_N-2,2,828,True,0.0,0,0.0,0.0,0.0,0.0,0.0,1,3,12.596027129888535,1,0
1809,1582,-105.15891305772982,105.15891305772982,"3,7",common_bus_N-2,2,1527,True,0.0,0,0.0,0.0,0.0,0.0,0.0,1,8,49.08537268638611,1,0
1810,1583,-103.05544664514919,103.05544664514919,"1,4",common_bus_N-2,2,1710,True,0.0,0,0.0,0.0,0.0,0.0,0.0,1,6,0.0,1,0
1811,1584,-109.93644484206624,109.93644484206624,9,N-1,1,88,True,0.0,0,0.0,0.0,0.0,0.0,0.0,1,11,133.66439127922058,0,0
1812,1585,-104.04744305672956,104.04744305672956,5,N-1,1,381,True,0.0,0,0.0,0.0,0.0,0.0,0.0,1,6,8.771554088592538,1,0
1813,1586,0.0,-0.0,"5,8",common_bus_N-2,2,1646,True,0.0,0,0.0,0.0,0.0,0.0,0.0,1,2,0.0,0,0
1814,1587,-105.87180918983768,105.87180918983768,"7,8",common_bus_N-2,2,346,True,0.0,0,0.0,0.0,0.0,0.0,0.0,1,8,14.305754005908966,0,0
1816,1588,-111.11521617737905,111.11521617737905,"6,8",common_bus_N-2,2,764,True,0.0,0,0.0,0.0,0.0,0.0,0.0,2,13,91.2972861289978,1,0
1818,1589,-105.97360166737984,105.97360166737984,"8,15",common_bus_N-2,2,1533,True,0.0,0,0.0,0.0,0.0,0.0,0.0,2,7,16.73626880645752,0,0
1819,1590,-104.8770575499286,104.8770575499286,9,N-1,1,798,True,0.0,0,0.0,0.0,0.0,0.0,0.0,1,6,0.0,0,0
1820,1591,-103.05544664514919,103.05544664514919,"1,4",common_bus_N-2,2,168,True,0.0,0,0.0,0.0,0.0,0.0,0.0,1,6,0.0,1,0
1821,1592,-104.9528509792468,104.9528509792468,"3,8",common_bus_N-2,2,982,True,0.0,0,0.0,0.0,0.0,0.0,0.0,1,7,22.36791644096374,0,0
1822,1593,-100.1,100.1,13,N-1,1,1563,True,0.0,0,0.0,0.0,0.0,0.0,0.0,1,2,0.0,1,0
1823,1594,-100.1,100.1,"7,13",common_bus_N-2,2,58,True,0.0,0,0.0,0.0,0.0,0.0,0.0,1,3,0.0,1,0
1824,1595,-104.90640117927222,104.90640117927222,"2,3",common_bus_N-2,2,315,True,0.0,0,0.0,0.0,0.0,0.0,0.0,1,7,7.863859796524047,0,0
1825,1596,-101.2046691347357,101.2046691347357,"12,18",common_bus_N-2,2,1374,True,0.0,0,0.0,0.0,0.0,0.0,0.0,1,4,21.39487648010254,1,0
1826,1597,-103.00116761651927,103.00116761651927,"2,4",common_bus_N-2,2,725,True,0.0,0,0.0,0.0,0.0,0.0,0.0,1,5,14.120643734931946,0,0
1828,1598,-106.14927734305552,106.14927734305552,17,N-1,1,955,True,0.0,0,0.0,0.0,0.0,0.0,0.0,2,7,41.09823489189148,1,0
1829,1599,0.0,-0.0,"18,19",common_bus_N-2,2,804,True,0.0,0,0.0,0.0,0.0,0.0,0.0,1,2,0.0,0,0
1831,1600,-102.19501662508318,102.19501662508318,"18,19",common_bus_N-2,2,821,True,0.0,0,0.0,0.0,0.0,0.0,0.0,2,5,0.0,2,0
1832,1601,-100.1,100.1,"11,18",common_bus_N-2,2,183,True,0.0,0,0.0,0.0,0.0,0.0,0.0,1,3,6.147759509086608,1,0
1834,1602,-102.21856874863532,102.21856874863532,"3,7",common_bus_N-2,2,856,True,0.0,0,0.0,0.0,0.0,0.0,0.0,2,5,5.38946259021759,2,0
1835,1603,-105.92354664157513,105.92354664157513,"6,7",common_bus_N-2,2,628,True,0.0,0,0.0,0.0,0.0,0.0,0.0,1,9,0.0,1,0
1836,1604,-100.0,100.0,13,N-1,1,81,True,0.0,0,0.0,0.0,0.0,0.0,0.0,1,1,0.0,0,0
1837,1605,0.0,-0.0,12,N-1,1,1376,True,0.0,0,0.0,0.0,0.0,0.0,0.0,1,1,0.0,0,0
1838,1606,-100.11351351351351,100.11351351351351,"10,12",common_bus_N-2,2,333,True,0.0,0,0.0,0.0,0.0,0.0,0.0,1,3,3.9319637417793274,1,0
1839,1607,-100.0,100.0,"7,14",common_bus_N-2,2,400,True,0.0,0,0.0,0.0,0.0,0.0,0.0,1,2,0.0,0,0
1840,1608,-106.86064694557756,106.86064694557756,"3,6",common_bus_N-2,2,345,True,0.0,0,0.0,0.0,0.0,0.0,0.0,1,9,29.97346254587174,0,0
1841,1609,-100.12355212355213,100.12355212355213,"9,11",common_bus_N-2,2,1644,True,0.0,0,0.0,0.0,0.0,0.0,0.0,1,3,4.954614216089248,1,0
1842,1610,-0.1,0.1,11,N-1,1,1667,True,0.0,0,0.0,0.0,0.0,0.0,0.0,1,2,0.0,1,0
1843,1611,-0.1,0.1,4,N-1,1,74,True,0.0,0,0.0,0.0,0.0,0.0,0.0,1,2,0.0,1,0
1845,1612,-109.0113796006655,109.0113796006655,"3,7",common_bus_N-2,2,1318,True,0.0,0,0.0,0.0,0.0,0.0,0.0,2,10,53.90575237274169,0,0
1846,1613,-0.1,0.1,"1,6",common_bus_N-2,2,1104,True,0.0,0,0.0,0.0,0.0,0.0,0.0,1,3,0.0,1,0
1847,1614,-0.1,0.1,15,N-1,1,1063,True,0.0,0,0.0,0.0,0.0,0.0,0.0,1,2,0.0,1,0
1848,1615,-103.05544664514919,103.05544664514919,"0,2",common_bus_N-2,2,261,True,0.0,0,0.0,0.0,0.0,0.0,0.0,1,6,0.0,1,0
1849,1616,0.0,-0.0,15,N-1,1,1150,True,0.0,0,0.0,0.0,0.0,0.0,0.0,1,1,0.0,0,0
1850,1617,-103.05544664514919,103.05544664514919,"5,6",common_bus_N-2,2,1866,True,0.0,0,0.0,0.0,0.0,0.0,0.0,1,6,0.0,1,0
1851,1618,-103.08500105823953,103.08500105823953,"2,4",common_bus_N-2,2,1226,True,0.0,0,0.0,0.0,0.0,0.0,0.0,1,6,8.296165275573728,1,0
1852,1619,-100.1,100.1,"7,8",common_bus_N-2,2,1429,True,0.0,0,0.0,0.0,0.0,0.0,0.0,1,3,0.0,1,0
1853,1620,-103.15700594647133,103.15700594647133,1,N-1,1,1835,True,0.0,0,0.0,0.0,0.0,0.0,0.0,1,5,29.516685819625877,1,0
1854,1621,-0.1,0.1,11,N-1,1,1142,True,0.0,0,0.0,0.0,0.0,0.0,0.0,1,2,0.0,1,0
1855,1622,-103.92105608476768,103.92105608476768,"1,4",common_bus_N-2,2,1859,True,0.0,0,0.0,0.0,0.0,0.0,0.0,1,6,0.0,0,0
1856,1623,0.0,-0.0,"3,4",common_bus_N-2,2,1640,True,0.0,0,0.0,0.0,0.0,0.0,0.0,1,2,0.0,0,0
1857,1624,-107.15598480477196,107.15598480477196,"10,12",common_bus_N-2,2,719,True,0.0,0,0.0,0.0,0.0,0.0,0.0,1,10,91.89202862977982,1,0
1858,1625,-100.15752895752895,100.15752895752895,"18,19",common_bus_N-2,2,1621,True,0.0,0,0.0,0.0,0.0,0.0,0.0,1,3,13.058898103237153,1,0
1859,1626,-106.86061800940517,106.86061800940517,2,N-1,1,1565,True,0.0,0,0.0,0.0,0.0,0.0,0.0,1,9,0.0,1,0
1860,1627,-105.92354664157513,105.92354664157513,1,N-1,1,138,True,0.0,0,0.0,0.0,0.0,0.0,0.0,1,8,0.0,1,0
1861,1628,-100.1,100.1,"10,17",common_bus_N-2,2,369,True,0.0,0,0.0,0.0,0.0,0.0,0.0,1,3,4.514191687107086,1,0
1862,1629,-105.23296339705851,105.23296339705851,"1,4",common_bus_N-2,2,72,True,0.0,0,0.0,0.0,0.0,0.0,0.0,1,8,77.58788431882859,1,0
1863,1630,-100.1,100.1,"13,14",common_bus_N-2,2,639,True,0.0,0,0.0,0.0,0.0,0.0,0.0,1,3,0.0,1,0
1864,1631,-102.95544664514918,102.95544664514918,"0,3",common_bus_N-2,2,1042,True,0.0,0,0.0,0.0,0.0,0.0,0.0,1,5,0.0,0,0
1865,1632,0.0,-0.0,"10,12",common_bus_N-2,2,855,True,0.0,0,0.0,0.0,0.0,0.0,0.0,1,2,0.0,0,0
1866,1633,-100.1,100.1,"1,9",common_bus_N-2,2,796,True,0.0,0,0.0,0.0,0.0,0.0,0.0,1,3,0.0,1,0
1868,1634,-107.13439338729678,107.13439338729678,4,N-1,1,1528,True,0.0,0,0.0,0.0,0.0,0.0,0.0,2,8,36.37777769565582,1,0
1869,1635,-104.1442221079337,104.1442221079337,"12,18",common_bus_N-2,2,924,True,0.0,0,0.0,0.0,0.0,0.0,0.0,1,7,36.63147896528244,1,0
1870,1636,-103.05544664514919,103.05544664514919,11,N-1,1,218,True,0.0,0,0.0,0.0,0.0,0.0,0.0,1,5,0.0,1,0
1871,1637,-103.05544664514919,103.05544664514919,"2,4",common_bus_N-2,2,28,True,0.0,0,0.0,0.0,0.0,0.0,0.0,1,6,0.0,1,0
1872,1638,-0.1,0.1,15,N-1,1,585,True,0.0,0,0.0,0.0,0.0,0.0,0.0,1,2,0.0,1,0
1873,1639,-100.17567567567568,100.17567567567568,"12,19",common_bus_N-2,2,26,True,0.0,0,0.0,0.0,0.0,0.0,0.0,1,3,19.2068589925766,1,0
1874,1640,-102.95544664514918,102.95544664514918,"0,4",common_bus_N-2,2,1089,True,0.0,0,0.0,0.0,0.0,0.0,0.0,1,5,0.0,0,0
1875,1641,-100.9950166250832,100.9950166250832,"5,6",common_bus_N-2,2,771,True,0.0,0,0.0,0.0,0.0,0.0,0.0,1,3,0.0,0,0
1876,1642,0.0,-0.0,3,N-1,1,1404,True,0.0,0,0.0,0.0,0.0,0.0,0.0,1,1,0.0,0,0
1877,1643,-102.97665549521021,102.97665549521021,"2,4",common_bus_N-2,2,1543,True,0.0,0,0.0,0.0,0.0,0.0,0.0,1,5,5.7388941526412935,0,0
1879,1644,-105.08366790343702,105.08366790343702,11,N-1,1,155,True,0.0,0,0.0,0.0,0.0,0.0,0.0,2,5,38.94617575407028,0,0
1880,1645,0.0,-0.0,16,N-1,1,1986,True,0.0,0,0.0,0.0,0.0,0.0,0.0,1,1,0.0,0,0
1881,1646,-106.86061800940517,106.86061800940517,9,N-1,1,1994,True,0.0,0,0.0,0.0,0.0,0.0,0.0,1,9,0.0,1,0
1882,1647,-100.0,100.0,"10,17",common_bus_N-2,2,147,True,0.0,0,0.0,0.0,0.0,0.0,0.0,1,2,4.132945895195007,0,0
1883,1648,-102.08013266932447,102.08013266932447,"12,19",common_bus_N-2,2,1201,True,0.0,0,0.0,0.0,0.0,0.0,0.0,1,5,0.0,1,0
1884,1649,-108.07295358855286,108.07295358855286,"6,9",common_bus_N-2,2,1743,True,0.0,0,0.0,0.0,0.0,0.0,0.0,1,11,64.43036079406738,1,0
1885,1650,-105.282666265402,105.282666265402,"3,7",common_bus_N-2,2,458,True,0.0,0,0.0,0.0,0.0,0.0,0.0,1,8,88.94411644935607,1,0
1887,1651,-110.13611747409644,110.13611747409644,14,N-1,1,197,True,0.0,0,0.0,0.0,0.0,0.0,0.0,2,11,76.74878025054932,1,0
1888,1652,-104.02105608476768,104.02105608476768,"5,6",common_bus_N-2,2,720,True,0.0,0,0.0,0.0,0.0,0.0,0.0,1,7,0.0,1,0
1890,1653,-104.05544664514917,104.05544664514917,8,N-1,1,958,True,0.0,0,0.0,0.0,0.0,0.0,0.0,2,5,0.0,1,0
1891,1654,-102.08013266932447,102.08013266932447,"3,4",common_bus_N-2,2,1205,True,0.0,0,0.0,0.0,0.0,0.0,0.0,1,5,0.0,1,0
1892,1655,0.0,-0.0,8,N-1,1,587,True,0.0,0,0.0,0.0,0.0,0.0,0.0,1,1,0.0,0,0
1893,1656,-103.09019567989822,103.09019567989822,9,N-1,1,1047,True,0.0,0,0.0,0.0,0.0,0.0,0.0,1,5,8.37706607580185,1,0
1894,1657,-100.0,100.0,"13,14",common_bus_N-2,2,1346,True,0.0,0,0.0,0.0,0.0,0.0,0.0,1,2,0.0,0,0
1895,1658,-103.05544664514919,103.05544664514919,"3,4",common_bus_N-2,2,973,True,0.0,0,0.0,0.0,0.0,0.0,0.0,1,6,0.0,1,0
1896,1659,-104.91180658467763,104.91180658467763,"1,9",common_bus_N-2,2,210,True,0.0,0,0.0,0.0,0.0,0.0,0.0,1,7,7.944230496883392,0,0
1897,1660,-107.84089067096156,107.84089067096156,"2,4",common_bus_N-2,2,443,True,0.0,0,0.0,0.0,0.0,0.0,0.0,1,11,15.856443214416506,1,0
1898,1661,-100.1,100.1,"10,17",common_bus_N-2,2,1158,True,0.0,0,0.0,0.0,0.0,0.0,0.0,1,3,3.1625045835971832,1,0
1899,1662,-103.03438913235756,103.03438913235756,"3,5",common_bus_N-2,2,689,True,0.0,0,0.0,0.0,0.0,0.0,0.0,1,5,25.536164355278018,0,0
1900,1663,-100.1,100.1,"13,14",common_bus_N-2,2,83,True,0.0,0,0.0,0.0,0.0,0.0,0.0,1,3,0.0,1,0
1901,1664,0.0,-0.0,18,N-1,1,62,True,0.0,0,0.0,0.0,0.0,0.0,0.0,1,1,0.0,0,0
1903,1665,-107.26744097037859,107.26744097037859,14,N-1,1,1443,True,0.0,0,0.0,0.0,0.0,0.0,0.0,2,8,60.39844152331352,1,0
1904,1666,-100.1,100.1,13,N-1,1,773,True,0.0,0,0.0,0.0,0.0,0.0,0.0,1,2,0.0,1,0
1905,1667,-102.08013266932447,102.08013266932447,2,N-1,1,1082,True,0.0,0,0.0,0.0,0.0,0.0,0.0,1,4,0.0,1,0
1906,1668,-103.05544664514919,103.05544664514919,0,N-1,1,17,True,0.0,0,0.0,0.0,0.0,0.0,0.0,1,5,0.0,1,0
1908,1669,-102.11856874863533,102.11856874863533,11,N-1,1,339,True,0.0,0,0.0,0.0,0.0,0.0,0.0,2,3,7.032002699375152,1,0
1909,1670,-102.95575033735305,102.95575033735305,"0,2",common_bus_N-2,2,736,True,0.0,0,0.0,0.0,0.0,0.0,0.0,1,5,0.08545002937317747,0,0
1910,1671,-107.08030912909629,107.08030912909629,"9,12",common_bus_N-2,2,1894,True,0.0,0,0.0,0.0,0.0,0.0,0.0,1,10,58.021916401386264,1,0
1911,1672,-102.95544664514918,102.95544664514918,"1,4",common_bus_N-2,2,910,True,0.0,0,0.0,0.0,0.0,0.0,0.0,1,5,0.0,0,0
1912,1673,-103.05544664514919,103.05544664514919,1,N-1,1,314,True,0.0,0,0.0,0.0,0.0,0.0,0.0,1,5,0.0,1,0
1913,1674,-104.8770575499286,104.8770575499286,"1,9",common_bus_N-2,2,1957,True,0.0,0,0.0,0.0,0.0,0.0,0.0,1,7,0.0,0,0
1914,1675,-0.1,0.1,"5,6",common_bus_N-2,2,891,True,0.0,0,0.0,0.0,0.0,0.0,0.0,1,3,0.0,1,0
1915,1676,-104.02105608476768,104.02105608476768,0,N-1,1,67,True,0.0,0,0.0,0.0,0.0,0.0,0.0,1,6,0.0,1,0
1916,1677,0.0,-0.0,12,N-1,1,932,True,0.0,0,0.0,0.0,0.0,0.0,0.0,1,1,0.0,0,0
1917,1678,-102.21333730252911,102.21333730252911,"15,16",common_bus_N-2,2,277,True,0.0,0,0.0,0.0,0.0,0.0,0.0,1,5,31.32998290657997,1,0
1918,1679,-103.92105608476768,103.92105608476768,"9,11",common_bus_N-2,2,1389,True,0.0,0,0.0,0.0,0.0,0.0,0.0,1,6,0.0,0,0
1919,1680,-102.9689601586627,102.9689601586627,"7,8",common_bus_N-2,2,1921,True,0.0,0,0.0,0.0,0.0,0.0,0.0,1,5,3.082958996295929,0,0
1921,1681,-105.05846566258158,105.05846566258158,"3,5",common_bus_N-2,2,767,True,0.0,0,0.0,0.0,0.0,0.0,0.0,2,7,2.0505731940269527,1,0
1923,1682,-105.9295862233644,105.9295862233644,14,N-1,1,1931,True,0.0,0,0.0,0.0,0.0,0.0,0.0,2,6,3.12489253282547,0,0
1924,1683,-106.08570880373729,106.08570880373729,"4,9",common_bus_N-2,2,593,True,0.0,0,0.0,0.0,0.0,0.0,0.0,1,9,43.5903217792511,1,0
1926,1684,-109.23649784371813,109.23649784371813,"9,11",common_bus_N-2,2,1662,True,0.0,0,0.0,0.0,0.0,0.0,0.0,2,12,46.72990717291832,2,0
1927,1685,0.0,-0.0,19,N-1,1,594,True,0.0,0,0.0,0.0,0.0,0.0,0.0,1,1,0.0,0,0
1928,1686,-100.1,100.1,"2,5",common_bus_N-2,2,1291,True,0.0,0,0.0,0.0,0.0,0.0,0.0,1,3,5.6276209831237765,1,0
1929,1687,-102.08013266932447,102.08013266932447,"3,4",common_bus_N-2,2,712,True,0.0,0,0.0,0.0,0.0,0.0,0.0,1,5,0.0,1,0
1930,1688,-100.1,100.1,"7,13",common_bus_N-2,2,843,True,0.0,0,0.0,0.0,0.0,0.0,0.0,1,3,0.0,1,0
1932,1689,-107.99116658999998,107.99116658999998,3,N-1,1,1210,True,0.0,0,0.0,0.0,0.0,0.0,0.0,2,9,9.212261104583746,1,0
1934,1690,-108.10311925121431,108.10311925121431,"6,8",common_bus_N-2,2,565,True,0.0,0,0.0,0.0,0.0,0.0,0.0,2,10,44.1365021109581,1,0
1935,1691,0.0,-0.0,"10,12",common_bus_N-2,2,857,True,0.0,0,0.0,0.0,0.0,0.0,0.0,1,2,0.0,0,0
1937,1692,-106.8855876885253,106.8855876885253,3,N-1,1,786,True,0.0,0,0.0,0.0,0.0,0.0,0.0,2,7,3.1981139183044434,0,0
1938,1693,-100.1,100.1,"13,14",common_bus_N-2,2,447,True,0.0,0,0.0,0.0,0.0,0.0,0.0,1,3,0.0,1,0
1940,1694,-102.19501662508318,102.19501662508318,"5,8",common_bus_N-2,2,1496,True,0.0,0,0.0,0.0,0.0,0.0,0.0,2,5,0.0,2,0
1941,1695,-107.08030912909629,107.08030912909629,"9,10",common_bus_N-2,2,1817,True,0.0,0,0.0,0.0,0.0,0.0,0.0,1,10,63.09514557123184,1,0
1942,1696,-102.95544664514918,102.95544664514918,"0,2",common_bus_N-2,2,24,True,0.0,0,0.0,0.0,0.0,0.0,0.0,1,5,0.0,0,0
1943,1697,-107.94025633195511,107.94025633195511,"3,6",common_bus_N-2,2,1785,True,0.0,0,0.0,0.0,0.0,0.0,0.0,1,11,43.296455204486854,1,0
1945,1698,-107.10527880821643,107.10527880821643,"8,16",common_bus_N-2,2,1900,True,0.0,0,0.0,0.0,0.0,0.0,0.0,2,9,34.386198967695236,1,0
1946,1699,-109.23561512375169,109.23561512375169,"11,12",common_bus_N-2,2,382,True,0.0,0,0.0,0.0,0.0,0.0,0.0,1,12,174.74776089191437,1,0
1948,1700,-106.22572521950339,106.22572521950339,"5,8",common_bus_N-2,2,1964,True,0.0,0,0.0,0.0,0.0,0.0,0.0,2,9,22.649592876434326,2,0
1949,1701,-102.95544664514918,102.95544664514918,0,N-1,1,415,True,0.0,0,0.0,0.0,0.0,0.0,0.0,1,4,0.0,0,0
1950,1702,-0.1,0.1,"4,6",common_bus_N-2,2,274,True,0.0,0,0.0,0.0,0.0,0.0,0.0,1,3,0.0,1,0
1951,1703,-104.0345695982812,104.0345695982812,"7,8",common_bus_N-2,2,1601,True,0.0,0,0.0,0.0,0.0,0.0,0.0,1,7,3.4404367208480835,1,0
1952,1704,-103.05544664514919,103.05544664514919,18,N-1,1,1811,True,0.0,0,0.0,0.0,0.0,0.0,0.0,1,5,0.0,1,0
1953,1705,-106.07219529022377,106.07219529022377,"9,11",common_bus_N-2,2,1251,True,0.0,0,0.0,0.0,0.0,0.0,0.0,1,9,43.876657605171204,1,0
1954,1706,-109.67842035856621,109.67842035856621,"9,12",common_bus_N-2,2,399,True,0.0,0,0.0,0.0,0.0,0.0,0.0,1,12,52.896302461624146,0,0
1955,1707,-104.99373253433751,104.99373253433751,"0,2",common_bus_N-2,2,714,True,0.0,0,0.0,0.0,0.0,0.0,0.0,1,8,5.162172842025754,1,0
1957,1708,-108.04250461674708,108.04250461674708,18,N-1,1,427,True,0.0,0,0.0,0.0,0.0,0.0,0.0,2,9,39.82288653850555,1,0
1958,1709,-100.0,100.0,"11,18",common_bus_N-2,2,861,True,0.0,0,0.0,0.0,0.0,0.0,0.0,1,2,5.304915213584899,0,0
1959,1710,-100.1,100.1,"7,14",common_bus_N-2,2,878,True,0.0,0,0.0,0.0,0.0,0.0,0.0,1,3,0.0,1,0
1960,1711,-102.95544664514918,102.95544664514918,0,N-1,1,1111,True,0.0,0,0.0,0.0,0.0,0.0,0.0,1,4,0.0,0,0
1961,1712,0.0,-0.0,17,N-1,1,462,True,0.0,0,0.0,0.0,0.0,0.0,0.0,1,1,0.0,0,0
1963,1713,-107.08755039231949,107.08755039231949,"6,8",common_bus_N-2,2,607,True,0.0,0,0.0,0.0,0.0,0.0,0.0,2,10,4.277958559989926,2,0
1964,1714,-0.1,0.1,"6,8",common_bus_N-2,2,1704,True,0.0,0,0.0,0.0,0.0,0.0,0.0,1,3,0.0,1,0
1965,1715,-103.05544664514919,103.05544664514919,19,N-1,1,855,True,0.0,0,0.0,0.0,0.0,0.0,0.0,1,5,0.0,1,0
1966,1716,-100.1,100.1,"13,14",common_bus_N-2,2,371,True,0.0,0,0.0,0.0,0.0,0.0,0.0,1,3,0.0,1,0
1967,1717,0.0,-0.0,"6,8",common_bus_N-2,2,1083,True,0.0,0,0.0,0.0,0.0,0.0,0.0,1,2,0.0,0,0
1968,1718,-103.05544664514919,103.05544664514919,"0,3",common_bus_N-2,2,800,True,0.0,0,0.0,0.0,0.0,0.0,0.0,1,6,0.0,1,0
1969,1719,0.0,-0.0,16,N-1,1,1479,True,0.0,0,0.0,0.0,0.0,0.0,0.0,1,1,0.0,0,0
1970,1720,-103.05544664514919,103.05544664514919,"1,6",common_bus_N-2,2,490,True,0.0,0,0.0,0.0,0.0,0.0,0.0,1,6,0.0,1,0
1971,1721,-100.0,100.0,13,N-1,1,1312,True,0.0,0,0.0,0.0,0.0,0.0,0.0,1,1,0.0,0,0
1972,1722,-104.90640117927222,104.90640117927222,"1,6",common_bus_N-2,2,376,True,0.0,0,0.0,0.0,0.0,0.0,0.0,1,7,9.590119791030883,0,0
1975,1723,-108.01108933493407,108.01108933493407,"6,8",common_bus_N-2,2,878,True,0.0,0,0.0,0.0,0.0,0.0,0.0,3,9,0.0,1,0
1976,1724,-100.11351351351351,100.11351351351351,"10,11",common_bus_N-2,2,1501,True,0.0,0,0.0,0.0,0.0,0.0,0.0,1,3,3.608081579208374,1,0
1977,1725,-105.97180918983767,105.97180918983767,"3,6",common_bus_N-2,2,1634,True,0.0,0,0.0,0.0,0.0,0.0,0.0,1,9,10.677899420261383,1,0
1979,1726,-102.19501662508318,102.19501662508318,"3,4",common_bus_N-2,2,1098,True,0.0,0,0.0,0.0,0.0,0.0,0.0,2,5,0.0,2,0
1980,1727,0.0,-0.0,12,N-1,1,1678,True,0.0,0,0.0,0.0,0.0,0.0,0.0,1,1,0.0,0,0
1981,1728,-102.95544664514918,102.95544664514918,"3,7",common_bus_N-2,2,202,True,0.0,0,0.0,0.0,0.0,0.0,0.0,1,5,0.0,0,0
1982,1729,0.0,-0.0,"12,19",common_bus_N-2,2,1132,True,0.0,0,0.0,0.0,0.0,0.0,0.0,1,2,0.0,0,0
1983,1730,-102.95544664514918,102.95544664514918,"7,8",common_bus_N-2,2,1959,True,0.0,0,0.0,0.0,0.0,0.0,0.0,1,5,0.0,0,0
1984,1731,-102.08013266932447,102.08013266932447,"12,19",common_bus_N-2,2,168,True,0.0,0,0.0,0.0,0.0,0.0,0.0,1,5,0.0,1,0
1985,1732,-108.0342668103839,108.0342668103839,"3,8",common_bus_N-2,2,393,True,0.0,0,0.0,0.0,0.0,0.0,0.0,1,10,115.21731646060944,0,0
1986,1733,-105.1832351561062,105.1832351561062,"4,9",common_bus_N-2,2,1636,True,0.0,0,0.0,0.0,0.0,0.0,0.0,1,8,46.37270840406418,1,0
1987,1734,0.0,-0.0,7,N-1,1,1688,True,0.0,0,0.0,0.0,0.0,0.0,0.0,1,1,0.0,0,0
1988,1735,-103.9345695982812,103.9345695982812,"8,14",common_bus_N-2,2,1209,True,0.0,0,0.0,0.0,0.0,0.0,0.0,1,6,3.645274519920349,0,0
1989,1736,-100.1,100.1,"13,14",common_bus_N-2,2,972,True,0.0,0,0.0,0.0,0.0,0.0,0.0,1,3,0.0,1,0
1990,1737,-100.0,100.0,"2,5",common_bus_N-2,2,870,True,0.0,0,0.0,0.0,0.0,0.0,0.0,1,2,0.0,0,0
1991,1738,0.0,-0.0,"5,6",common_bus_N-2,2,1134,True,0.0,0,0.0,0.0,0.0,0.0,0.0,1,2,0.0,0,0
1992,1739,0.0,-0.0,"10,11",common_bus_N-2,2,764,True,0.0,0,0.0,0.0,0.0,0.0,0.0,1,2,0.0,0,0
1993,1740,-103.05544664514919,103.05544664514919,"0,3",common_bus_N-2,2,1298,True,0.0,0,0.0,0.0,0.0,0.0,0.0,1,6,0.0,1,0
1994,1741,-100.12355212355213,100.12355212355213,"11,12",common_bus_N-2,2,878,True,0.0,0,0.0,0.0,0.0,0.0,0.0,1,3,5.945073920488357,1,0
1995,1742,-103.05544664514919,103.05544664514919,"0,3",common_bus_N-2,2,1289,True,0.0,0,0.0,0.0,0.0,0.0,0.0,1,6,0.0,1,0
1996,1743,-106.90926665805382,106.90926665805382,"9,11",common_bus_N-2,2,147,True,0.0,0,0.0,0.0,0.0,0.0,0.0,1,9,45.46240484714508,0,0
1997,1744,-103.05544664514919,103.05544664514919,"9,12",common_bus_N-2,2,1375,True,0.0,0,0.0,0.0,0.0,0.0,0.0,1,6,0.0,1,0
1998,1745,0.0,-0.0,16,N-1,1,536,True,0.0,0,0.0,0.0,0.0,0.0,0.0,1,1,0.0,0,0
1999,1746,-100.1,100.1,"7,13",common_bus_N-2,2,1239,True,0.0,0,0.0,0.0,0.0,0.0,0.0,1,3,0.0,1,0
2000,1747,-103.92105608476768,103.92105608476768,1,N-1,1,924,True,0.0,0,0.0,0.0,0.0,0.0,0.0,1,5,0.0,0,0
2001,1748,-100.14826254826255,100.14826254826255,"9,10",common_bus_N-2,2,670,True,0.0,0,0.0,0.0,0.0,0.0,0.0,1,3,15.498852729797363,1,0
2002,1749,-103.9345695982812,103.9345695982812,"7,8",common_bus_N-2,2,549,True,0.0,0,0.0,0.0,0.0,0.0,0.0,1,6,3.0300230383872986,0,0
2003,1750,-104.02105608476768,104.02105608476768,2,N-1,1,590,True,0.0,0,0.0,0.0,0.0,0.0,0.0,1,6,0.0,1,0
2004,1751,-105.87088776019567,105.87088776019567,"2,3",common_bus_N-2,2,1824,True,0.0,0,0.0,0.0,0.0,0.0,0.0,1,8,13.875561904907224,0,0
2005,1752,-100.1,100.1,"11,18",common_bus_N-2,2,296,True,0.0,0,0.0,0.0,0.0,0.0,0.0,1,3,5.939791709184647,1,0
2006,1753,-100.1,100.1,"13,14",common_bus_N-2,2,1030,True,0.0,0,0.0,0.0,0.0,0.0,0.0,1,3,0.0,1,0
2007,1754,-103.05544664514919,103.05544664514919,"0,4",common_bus_N-2,2,40,True,0.0,0,0.0,0.0,0.0,0.0,0.0,1,6,0.0,1,0
2008,1755,-100.1,100.1,"11,18",common_bus_N-2,2,1747,True,0.0,0,0.0,0.0,0.0,0.0,0.0,1,3,5.4351685523986815,1,0
2009,1756,0.0,-0.0,"12,19",common_bus_N-2,2,1646,True,0.0,0,0.0,0.0,0.0,0.0,0.0,1,2,0.0,0,0
2010,1757,-104.02105608476768,104.02105608476768,"4,6",common_bus_N-2,2,960,True,0.0,0,0.0,0.0,0.0,0.0,0.0,1,7,0.0,1,0
2011,1758,-106.90888055766771,106.90888055766771,8,N-1,1,393,True,0.0,0,0.0,0.0,0.0,0.0,0.0,1,9,16.07591211795807,1,0
2012,1759,-102.08013266932447,102.08013266932447,"1,4",common_bus_N-2,2,1729,True,0.0,0,0.0,0.0,0.0,0.0,0.0,1,5,0.0,1,0
2013,1760,-104.07858504229664,104.07858504229664,"7,8",common_bus_N-2,2,1664,True,0.0,0,0.0,0.0,0.0,0.0,0.0,1,7,11.889973205327989,1,0
2014,1761,0.0,-0.0,"8,15",common_bus_N-2,2,1392,True,0.0,0,0.0,0.0,0.0,0.0,0.0,1,2,0.0,0,0
2015,1762,-0.1,0.1,"18,19",common_bus_N-2,2,1379,True,0.0,0,0.0,0.0,0.0,0.0,0.0,1,3,0.0,1,0
2016,1763,-100.1,100.1,"8,14",common_bus_N-2,2,1030,True,0.0,0,0.0,0.0,0.0,0.0,0.0,1,3,0.0,1,0
2017,1764,-106.98129204587624,106.98129204587624,"6,9",common_bus_N-2,2,506,True,0.0,0,0.0,0.0,0.0,0.0,0.0,1,9,51.50298494100571,0,0
2018,1765,-100.0,100.0,"7,14",common_bus_N-2,2,85,True,0.0,0,0.0,0.0,0.0,0.0,0.0,1,2,0.0,0,0
2019,1766,-106.04323776126624,106.04323776126624,"9,10",common_bus_N-2,2,309,True,0.0,0,0.0,0.0,0.0,0.0,0.0,1,8,59.17176523208618,0,0
2020,1767,-105.95675127477976,105.95675127477976,"11,12",common_bus_N-2,2,721,True,0.0,0,0.0,0.0,0.0,0.0,0.0,1,8,40.980175137519836,0,0
2021,1768,0.0,-0.0,"18,19",common_bus_N-2,2,1376,True,0.0,0,0.0,0.0,0.0,0.0,0.0,1,2,0.0,0,0
2022,1769,0.0,-0.0,"5,7",common_bus_N-2,2,1105,True,0.0,0,0.0,0.0,0.0,0.0,0.0,1,2,0.0,0,0
2023,1770,-100.13474903474903,100.13474903474903,15,N-1,1,435,True,0.0,0,0.0,0.0,0.0,0.0,0.0,1,2,10.75041389465332,1,0
2024,1771,-106.30047471214066,106.30047471214066,"3,8",common_bus_N-2,2,663,True,0.0,0,0.0,0.0,0.0,0.0,0.0,1,9,120.00304194688796,1,0
2025,1772,0.0,-0.0,"12,19",common_bus_N-2,2,1582,True,0.0,0,0.0,0.0,0.0,0.0,0.0,1,2,0.0,0,0
2026,1773,0.0,-0.0,"3,8",common_bus_N-2,2,1128,True,0.0,0,0.0,0.0,0.0,0.0,0.0,1,2,0.0,0,0
2027,1774,-100.1,100.1,"15,17",common_bus_N-2,2,477,True,0.0,0,0.0,0.0,0.0,0.0,0.0,1,3,9.016506314277649,1,0
2029,1775,-104.28132690058527,104.28132690058527,"12,19",common_bus_N-2,2,621,True,0.0,0,0.0,0.0,0.0,0.0,0.0,2,6,62.531775784492496,1,0
2030,1776,-102.21333730252911,102.21333730252911,"11,12",common_bus_N-2,2,291,True,0.0,0,0.0,0.0,0.0,0.0,0.0,1,5,32.13017025589943,1,0
2031,1777,-103.05544664514919,103.05544664514919,"1,4",common_bus_N-2,2,783,True,0.0,0,0.0,0.0,0.0,0.0,0.0,1,6,0.0,1,0
2032,1778,-0.1,0.1,"12,18",common_bus_N-2,2,836,True,0.0,0,0.0,0.0,0.0,0.0,0.0,1,3,0.0,1,0
2033,1779,-105.27242434529539,105.27242434529539,"11,12",common_bus_N-2,2,1858,True,0.0,0,0.0,0.0,0.0,0.0,0.0,1,8,85.70983028411865,1,0
2034,1780,-103.05544664514919,103.05544664514919,"2,4",common_bus_N-2,2,785,True,0.0,0,0.0,0.0,0.0,0.0,0.0,1,6,0.0,1,0
2035,1781,-107.13798408730915,107.13798408730915,"3,7",common_bus_N-2,2,376,True,0.0,0,0.0,0.0,0.0,0.0,0.0,1,10,90.64911098480225,1,0
2037,1782,-106.8855876885253,106.8855876885253,"6,8",common_bus_N-2,2,256,True,0.0,0,0.0,0.0,0.0,0.0,0.0,2,8,2.9796822667121887,0,0
2038,1783,-102.11564176580646,102.11564176580646,5,N-1,1,1539,True,0.0,0,0.0,0.0,0.0,0.0,0.0,1,4,9.931283760070798,1,0
2039,1784,-104.9770575499286,104.9770575499286,0,N-1,1,394,True,0.0,0,0.0,0.0,0.0,0.0,0.0,1,7,0.0,1,0
2040,1785,-100.0,100.0,"2,5",common_bus_N-2,2,1688,True,0.0,0,0.0,0.0,0.0,0.0,0.0,1,2,0.0,0,0
2041,1786,-103.92105608476768,103.92105608476768,"5,8",common_bus_N-2,2,83,True,0.0,0,0.0,0.0,0.0,0.0,0.0,1,6,0.0,0,0
2042,1787,0.0,-0.0,19,N-1,1,795,True,0.0,0,0.0,0.0,0.0,0.0,0.0,1,1,0.0,0,0
2043,1788,-106.04671266474115,106.04671266474115,"12,18",common_bus_N-2,2,993,True,0.0,0,0.0,0.0,0.0,0.0,0.0,1,9,37.242828500270846,1,0
2044,1789,-105.90626753018459,105.90626753018459,"3,8",common_bus_N-2,2,697,True,0.0,0,0.0,0.0,0.0,0.0,0.0,1,8,26.49518173933029,0,0
2045,1790,-102.08013266932447,102.08013266932447,1,N-1,1,247,True,0.0,0,0.0,0.0,0.0,0.0,0.0,1,4,0.0,1,0
2046,1791,-100.1,100.1,"11,18",common_bus_N-2,2,1019,True,0.0,0,0.0,0.0,0.0,0.0,0.0,1,3,6.304818034172058,1,0
2047,1792,-109.73771972868012,109.73771972868012,"3,6",common_bus_N-2,2,974,True,19.1005859375,0,-0.09932485967874527,4359.47265625,1.9407585859298706,0.02959851361811161,0.41015625,1,13,39.07101475000381,1,0
