rank,initial_outages,initial_outage_type,negative_return,num_generations,num_line_outages,load_shed_MW,load_shed_ratio,pf_failed,cascade_trace_json
1,"3,7",common_bus_N-2,113.81365184335915,2,15,75.15969038009644,0.29019185474940706,True,"[{""generation"": 1, ""initial_outages"": [3, 7], ""initial_outage_order"": 2, ""initial_outage_type"": ""common_bus_N-2"", ""initial_outage_mode"": ""sampled"", ""outaged_lines"": [2, 3, 4, 7, 8, 12], ""proactive_action"": null, ""overloaded_lines"": [1, 2, 4, 6, 8, 9, 12], ""random_trips"": [2, 4, 8, 12], ""pf_converged"": true, ""load_shed_MW"": 0.0, ""load_shed_ratio"": 0.0, ""invalid_action"": false, ""island_records"": [{""island_id"": 0, ""buses"": [0, 1, 2, 3, 4, 5, 6, 7, 8, 9, 10, 11, 12, 13], ""branches"": [0, 1, 5, 6, 9, 10, 11, 13, 14, 15, 16, 17, 18, 19], ""generators"": [0, 1, 2, 3, 4], ""loads"": [0, 1, 2, 3, 4, 5, 6, 7, 8, 9, 10], ""load_before_mw"": 263.0589163303375, ""load_after_mw"": 263.0589163303375, ""load_shed_mw"": 0.0, ""gen_before_mw"": 850.1584133625031, ""gen_after_mw"": 263.0589163303375, ""balance_case"": ""generation_surplus""}]}, {""generation"": 2, ""initial_outages"": [3, 7], ""initial_outage_order"": 2, ""initial_outage_type"": ""common_bus_N-2"", ""initial_outage_mode"": ""sampled"", ""outaged_lines"": [1, 2, 3, 4, 5, 6, 7, 8, 9, 10, 11, 12, 15, 17, 18], ""proactive_action"": null, ""overloaded_lines"": [1, 5, 6, 9, 10, 11, 15, 17, 18], ""random_trips"": [1, 5, 6, 9, 10, 11, 15, 17, 18], ""pf_converged"": false, ""load_shed_MW"": 75.15969038009644, ""load_shed_ratio"": 0.29019185474940706, ""invalid_action"": false, ""island_records"": [{""island_id"": 0, ""buses"": [0, 1], ""branches"": [0], ""generators"": [0, 1], ""loads"": [0], ""load_before_mw"": 22.04007136821747, ""load_after_mw"": 22.04007136821747, ""load_shed_mw"": 0.0, ""gen_before_mw"": 519.9570617198945, ""gen_after_mw"": 22.04007136821747, ""balance_case"": ""generation_surplus""}, {""island_id"": 1, ""buses"": [2], ""branches"": [], ""generators"": [2], ""loads"": [1], ""load_before_mw"": 95.67625451087952, ""load_after_mw"": 95.67625451087952, ""load_shed_mw"": 0.0, ""gen_before_mw"": 110.06711721420288, ""gen_after_mw"": 95.67625451087952, ""balance_case"": ""generation_surplus""}, {""island_id"": 2, ""buses"": [3], ""branches"": [], ""generators"": [], ""loads"": [2], ""load_before_mw"": 48.549097299575806, ""load_after_mw"": 0.0, ""load_shed_mw"": 48.549097299575806, ""gen_before_mw"": 0.0, ""gen_after_mw"": 0.0, ""balance_case"": ""no_generation""}, {""island_id"": 3, ""buses"": [4], ""branches"": [], ""generators"": [], ""loads"": [3], ""load_before_mw"": 7.7191033363342285, ""load_after_mw"": 0.0, ""load_shed_mw"": 7.7191033363342285, ""gen_before_mw"": 0.0, ""gen_after_mw"": 0.0, ""balance_case"": ""no_generation""}, {""island_id"": 4, ""buses"": [5], ""branches"": [], ""generators"": [3], ""loads"": [4], ""load_before_mw"": 11.375520706176758, ""load_after_mw"": 11.375520706176758, ""load_shed_mw"": 0.0, ""gen_before_mw"": 110.06711721420288, ""gen_after_mw"": 11.375520706176758, ""balance_case"": ""generation_surplus""}, {""island_id"": 5, ""buses"": [6, 7, 8, 12, 13], ""branches"": [13, 14, 16, 19], ""generators"": [4], ""loads"": [5, 9, 10], ""load_before_mw"": 58.807379364967346, ""load_after_mw"": 58.807379364967346, ""load_shed_mw"": 0.0, ""gen_before_mw"": 110.06711721420288, ""gen_after_mw"": 58.807379364967346, ""balance_case"": ""generation_surplus""}, {""island_id"": 6, ""buses"": [9], ""branches"": [], ""generators"": [], ""loads"": [6], ""load_before_mw"": 9.141043424606323, ""load_after_mw"": 0.0, ""load_shed_mw"": 9.141043424606323, ""gen_before_mw"": 0.0, ""gen_after_mw"": 0.0, ""balance_case"": ""no_generation""}, {""island_id"": 7, ""buses"": [10], ""branches"": [], ""generators"": [], ""loads"": [7], ""load_before_mw"": 3.554850220680237, ""load_after_mw"": 0.0, ""load_shed_mw"": 3.554850220680237, ""gen_before_mw"": 0.0, ""gen_after_mw"": 0.0, ""balance_case"": ""no_generation""}, {""island_id"": 8, ""buses"": [11], ""branches"": [], ""generators"": [], ""loads"": [8], ""load_before_mw"": 6.195596098899841, ""load_after_mw"": 0.0, ""load_shed_mw"": 6.195596098899841, ""gen_before_mw"": 0.0, ""gen_after_mw"": 0.0, ""balance_case"": ""no_generation""}]}]"
2,16,N-1,113.69208593503843,2,14,92.76569598913193,0.3581687103827488,True,"[{""generation"": 1, ""initial_outages"": [16], ""initial_outage_order"": 1, ""initial_outage_type"": ""N-1"", ""initial_outage_mode"": ""sampled"", ""outaged_lines"": [9, 12, 16], ""proactive_action"": null, ""overloaded_lines"": [0, 1, 2, 3, 4, 5, 9, 12], ""random_trips"": [9, 12], ""pf_converged"": true, ""load_shed_MW"": 0.0, ""load_shed_ratio"": 0.0, ""invalid_action"": false, ""island_records"": [{""island_id"": 0, ""buses"": [0, 1, 2, 3, 4, 5, 6, 7, 8, 9, 10, 11, 12, 13], ""branches"": [0, 1, 2, 3, 4, 5, 6, 7, 8, 10, 11, 13, 14, 15, 17, 18, 19], ""generators"": [0, 1, 2, 3, 4], ""loads"": [0, 1, 2, 3, 4, 5, 6, 7, 8, 9, 10], ""load_before_mw"": 314.0694805383682, ""load_after_mw"": 314.0694805383682, ""load_shed_mw"": 0.0, ""gen_before_mw"": 727.2554885625839, ""gen_after_mw"": 314.0694805383682, ""balance_case"": ""generation_surplus""}]}, {""generation"": 2, ""initial_outages"": [16], ""initial_outage_order"": 1, ""initial_outage_type"": ""N-1"", ""initial_outage_mode"": ""sampled"", ""outaged_lines"": [0, 3, 6, 7, 8, 9, 10, 11, 12, 14, 15, 16, 17, 18], ""proactive_action"": null, ""overloaded_lines"": [0, 1, 2, 3, 4, 6, 7, 8, 10, 11, 14, 15, 17, 18], ""random_trips"": [0, 3, 6, 7, 8, 10, 11, 14, 15, 17, 18], ""pf_converged"": false, ""load_shed_MW"": 92.76569598913193, ""load_shed_ratio"": 0.3581687103827488, ""invalid_action"": false, ""island_records"": [{""island_id"": 0, ""buses"": [0, 1, 2, 3, 4], ""branches"": [1, 2, 4, 5], ""generators"": [0, 1, 2], ""loads"": [0, 1, 2, 3], ""load_before_mw"": 207.7224016070366, ""load_after_mw"": 207.7224016070366, ""load_shed_mw"": 0.0, ""gen_before_mw"": 538.9449011564254, ""gen_after_mw"": 207.7224016070366, ""balance_case"": ""generation_surplus""}, {""island_id"": 1, ""buses"": [5], ""branches"": [], ""generators"": [3], ""loads"": [4], ""load_before_mw"": 13.581382942199706, ""load_after_mw"": 13.581382942199706, ""load_shed_mw"": 0.0, ""gen_before_mw"": 94.15529370307922, ""gen_after_mw"": 13.581382942199706, ""balance_case"": ""generation_surplus""}, {""island_id"": 2, ""buses"": [6, 7], ""branches"": [13], ""generators"": [4], ""loads"": [], ""load_before_mw"": 0.0, ""load_after_mw"": 0.0, ""load_shed_mw"": 0.0, ""gen_before_mw"": 94.15529370307922, ""gen_after_mw"": 0.0, ""balance_case"": ""no_load""}, {""island_id"": 3, ""buses"": [8], ""branches"": [], ""generators"": [], ""loads"": [5], ""load_before_mw"": 35.77239257097244, ""load_after_mw"": 0.0, ""load_shed_mw"": 35.77239257097244, ""gen_before_mw"": 0.0, ""gen_after_mw"": 0.0, ""balance_case"": ""no_generation""}, {""island_id"": 4, ""buses"": [9], ""branches"": [], ""generators"": [], ""loads"": [6], ""load_before_mw"": 10.91361129283905, ""load_after_mw"": 0.0, ""load_shed_mw"": 10.91361129283905, ""gen_before_mw"": 0.0, ""gen_after_mw"": 0.0, ""balance_case"": ""no_generation""}, {""island_id"": 5, ""buses"": [10], ""branches"": [], ""generators"": [], ""loads"": [7], ""load_before_mw"": 4.2441821694374084, ""load_after_mw"": 0.0, ""load_shed_mw"": 4.2441821694374084, ""gen_before_mw"": 0.0, ""gen_after_mw"": 0.0, ""balance_case"": ""no_generation""}, {""island_id"": 6, ""buses"": [11], ""branches"": [], ""generators"": [], ""loads"": [8], ""load_before_mw"": 7.3970032095909115, ""load_after_mw"": 0.0, ""load_shed_mw"": 7.3970032095909115, ""gen_before_mw"": 0.0, ""gen_after_mw"": 0.0, ""balance_case"": ""no_generation""}, {""island_id"": 7, ""buses"": [12, 13], ""branches"": [19], ""generators"": [], ""loads"": [9, 10], ""load_before_mw"": 34.43850674629212, ""load_after_mw"": 0.0, ""load_shed_mw"": 34.43850674629212, ""gen_before_mw"": 0.0, ""gen_after_mw"": 0.0, ""balance_case"": ""no_generation""}]}]"
3,"3,8",common_bus_N-2,112.92166482601984,2,14,101.3054780960083,0.3911408420695301,True,"[{""generation"": 1, ""initial_outages"": [3, 8], ""initial_outage_order"": 2, ""initial_outage_type"": ""common_bus_N-2"", ""initial_outage_mode"": ""sampled"", ""outaged_lines"": [1, 3, 4, 6, 8], ""proactive_action"": null, ""overloaded_lines"": [1, 2, 4, 6, 7, 9, 12, 14], ""random_trips"": [1, 4, 6], ""pf_converged"": true, ""load_shed_MW"": 0.0, ""load_shed_ratio"": 0.0, ""invalid_action"": false, ""island_records"": [{""island_id"": 0, ""buses"": [0, 1, 2, 3, 4, 5, 6, 7, 8, 9, 10, 11, 12, 13], ""branches"": [0, 2, 5, 7, 9, 10, 11, 12, 13, 14, 15, 16, 17, 18, 19], ""generators"": [0, 1, 2, 3, 4], ""loads"": [0, 1, 2, 3, 4, 5, 6, 7, 8, 9, 10], ""load_before_mw"": 281.92354369163513, ""load_after_mw"": 281.92354369163513, ""load_shed_mw"": 0.0, ""gen_before_mw"": 764.521317577362, ""gen_after_mw"": 281.92354369163513, ""balance_case"": ""generation_surplus""}]}, {""generation"": 2, ""initial_outages"": [3, 8], ""initial_outage_order"": 2, ""initial_outage_type"": ""common_bus_N-2"", ""initial_outage_mode"": ""sampled"", ""outaged_lines"": [0, 1, 2, 3, 4, 5, 6, 7, 8, 10, 14, 15, 16, 17], ""proactive_action"": null, ""overloaded_lines"": [0, 2, 5, 7, 10, 14, 15, 16, 17], ""random_trips"": [0, 2, 5, 7, 10, 14, 15, 16, 17], ""pf_converged"": false, ""load_shed_MW"": 101.3054780960083, ""load_shed_ratio"": 0.3911408420695301, ""invalid_action"": false, ""island_records"": [{""island_id"": 0, ""buses"": [0], ""branches"": [], ""generators"": [0], ""loads"": [], ""load_before_mw"": 0.0, ""load_after_mw"": 0.0, ""load_shed_mw"": 0.0, ""gen_before_mw"": 329.009432888031, ""gen_after_mw"": 0.0, ""balance_case"": ""no_load""}, {""island_id"": 1, ""buses"": [1], ""branches"": [], ""generators"": [1], ""loads"": [0], ""load_before_mw"": 23.620621228218077, ""load_after_mw"": 23.620621228218077, ""load_shed_mw"": 0.0, ""gen_before_mw"": 138.5719633102417, ""gen_after_mw"": 23.620621228218077, ""balance_case"": ""generation_surplus""}, {""island_id"": 2, ""buses"": [2], ""branches"": [], ""generators"": [2], ""loads"": [1], ""load_before_mw"": 102.5374433040619, ""load_after_mw"": 98.97997379302979, ""load_shed_mw"": 3.55746951103211, ""gen_before_mw"": 98.97997379302979, ""gen_after_mw"": 98.97997379302979, ""balance_case"": ""generation_deficit""}, {""island_id"": 3, ""buses"": [3], ""branches"": [], ""generators"": [], ""loads"": [2], ""load_before_mw"": 52.030677175521845, ""load_after_mw"": 0.0, ""load_shed_mw"": 52.030677175521845, ""gen_before_mw"": 0.0, ""gen_after_mw"": 0.0, ""balance_case"": ""no_generation""}, {""island_id"": 4, ""buses"": [4, 5, 11, 12, 13], ""branches"": [9, 11, 12, 18, 19], ""generators"": [3], ""loads"": [3, 4, 8, 9, 10], ""load_before_mw"": 58.01747057437896, ""load_after_mw"": 58.01747057437896, ""load_shed_mw"": 0.0, ""gen_before_mw"": 98.97997379302979, ""gen_after_mw"": 58.01747057437896, ""balance_case"": ""generation_surplus""}, {""island_id"": 5, ""buses"": [6, 7], ""branches"": [13], ""generators"": [4], ""loads"": [], ""load_before_mw"": 0.0, ""load_after_mw"": 0.0, ""load_shed_mw"": 0.0, ""gen_before_mw"": 98.97997379302979, ""gen_after_mw"": 0.0, ""balance_case"": ""no_load""}, {""island_id"": 6, ""buses"": [8], ""branches"": [], ""generators"": [], ""loads"": [5], ""load_before_mw"": 32.11098277568817, ""load_after_mw"": 0.0, ""load_shed_mw"": 32.11098277568817, ""gen_before_mw"": 0.0, ""gen_after_mw"": 0.0, ""balance_case"": ""no_generation""}, {""island_id"": 7, ""buses"": [9], ""branches"": [], ""generators"": [], ""loads"": [6], ""load_before_mw"": 9.796571016311646, ""load_after_mw"": 0.0, ""load_shed_mw"": 9.796571016311646, ""gen_before_mw"": 0.0, ""gen_after_mw"": 0.0, ""balance_case"": ""no_generation""}, {""island_id"": 8, ""buses"": [10], ""branches"": [], ""generators"": [], ""loads"": [7], ""load_before_mw"": 3.809777617454529, ""load_after_mw"": 0.0, ""load_shed_mw"": 3.809777617454529, ""gen_before_mw"": 0.0, ""gen_after_mw"": 0.0, ""balance_case"": ""no_generation""}]}]"
4,"3,8",common_bus_N-2,111.99744318362917,2,13,105.1126623749733,0.4058403952701672,True,"[{""generation"": 1, ""initial_outages"": [3, 8], ""initial_outage_order"": 2, ""initial_outage_type"": ""common_bus_N-2"", ""initial_outage_mode"": ""sampled"", ""outaged_lines"": [3, 4, 6, 8, 9], ""proactive_action"": null, ""overloaded_lines"": [1, 2, 4, 6, 7, 9, 12, 14], ""random_trips"": [4, 6, 9], ""pf_converged"": true, ""load_shed_MW"": 0.0, ""load_shed_ratio"": 0.0, ""invalid_action"": false, ""island_records"": [{""island_id"": 0, ""buses"": [0, 1, 2, 3, 4, 5, 6, 7, 8, 9, 10, 11, 12, 13], ""branches"": [0, 1, 2, 5, 7, 10, 11, 12, 13, 14, 15, 16, 17, 18, 19], ""generators"": [0, 1, 2, 3, 4], ""loads"": [0, 1, 2, 3, 4, 5, 6, 7, 8, 9, 10], ""load_before_mw"": 297.2381089925766, ""load_after_mw"": 297.2381089925766, ""load_shed_mw"": 0.0, ""gen_before_mw"": 788.1253219604491, ""gen_after_mw"": 297.2381089925766, ""balance_case"": ""generation_surplus""}]}, {""generation"": 2, ""initial_outages"": [3, 8], ""initial_outage_order"": 2, ""initial_outage_type"": ""common_bus_N-2"", ""initial_outage_mode"": ""sampled"", ""outaged_lines"": [0, 2, 3, 4, 5, 6, 7, 8, 9, 14, 15, 16, 17], ""proactive_action"": null, ""overloaded_lines"": [0, 2, 5, 7, 10, 14, 15, 16, 17], ""random_trips"": [0, 2, 5, 7, 14, 15, 16, 17], ""pf_converged"": false, ""load_shed_MW"": 105.1126623749733, ""load_shed_ratio"": 0.4058403952701672, ""invalid_action"": false, ""island_records"": [{""island_id"": 0, ""buses"": [0, 4], ""branches"": [1], ""generators"": [0], ""loads"": [3], ""load_before_mw"": 8.722044897079467, ""load_after_mw"": 8.722044897079467, ""load_shed_mw"": 0.0, ""gen_before_mw"": 339.1673446655273, ""gen_after_mw"": 8.722044897079467, ""balance_case"": ""generation_surplus""}, {""island_id"": 1, ""buses"": [1], ""branches"": [], ""generators"": [1], ""loads"": [0], ""load_before_mw"": 24.903733456134795, ""load_after_mw"": 24.903733456134795, ""load_shed_mw"": 0.0, ""gen_before_mw"": 142.8502655029297, ""gen_after_mw"": 24.903733456134795, ""balance_case"": ""generation_surplus""}, {""island_id"": 2, ""buses"": [2], ""branches"": [], ""generators"": [2], ""loads"": [1], ""load_before_mw"": 108.1074512243271, ""load_after_mw"": 102.03590393066406, ""load_shed_mw"": 6.071547293663031, ""gen_before_mw"": 102.03590393066406, ""gen_after_mw"": 102.03590393066406, ""balance_case"": ""generation_deficit""}, {""island_id"": 3, ""buses"": [3], ""branches"": [], ""generators"": [], ""loads"": [2], ""load_before_mw"": 54.857071852684015, ""load_after_mw"": 0.0, ""load_shed_mw"": 54.857071852684015, ""gen_before_mw"": 0.0, ""gen_after_mw"": 0.0, ""balance_case"": ""no_generation""}, {""island_id"": 4, ""buses"": [5, 10, 11, 12, 13], ""branches"": [10, 11, 12, 18, 19], ""generators"": [3], ""loads"": [4, 7, 8, 9, 10], ""load_before_mw"": 56.463764333724974, ""load_after_mw"": 56.463764333724974, ""load_shed_mw"": 0.0, ""gen_before_mw"": 102.03590393066406, ""gen_after_mw"": 56.463764333724974, ""balance_case"": ""generation_surplus""}, {""island_id"": 5, ""buses"": [6, 7], ""branches"": [13], ""generators"": [4], ""loads"": [], ""load_before_mw"": 0.0, ""load_after_mw"": 0.0, ""load_shed_mw"": 0.0, ""gen_before_mw"": 102.03590393066406, ""gen_after_mw"": 0.0, ""balance_case"": ""no_load""}, {""island_id"": 6, ""buses"": [8], ""branches"": [], ""generators"": [], ""loads"": [5], ""load_before_mw"": 33.85530585050583, ""load_after_mw"": 0.0, ""load_shed_mw"": 33.85530585050583, ""gen_before_mw"": 0.0, ""gen_after_mw"": 0.0, ""balance_case"": ""no_generation""}, {""island_id"": 7, ""buses"": [9], ""branches"": [], ""generators"": [], ""loads"": [6], ""load_before_mw"": 10.328737378120422, ""load_after_mw"": 0.0, ""load_shed_mw"": 10.328737378120422, ""gen_before_mw"": 0.0, ""gen_after_mw"": 0.0, ""balance_case"": ""no_generation""}]}]"
5,"6,8",common_bus_N-2,111.99731654228425,2,13,97.55116808414459,0.3766454366183189,True,"[{""generation"": 1, ""initial_outages"": [6, 8], ""initial_outage_order"": 2, ""initial_outage_type"": ""common_bus_N-2"", ""initial_outage_mode"": ""sampled"", ""outaged_lines"": [3, 6, 8, 9, 12], ""proactive_action"": null, ""overloaded_lines"": [0, 2, 3, 9, 10, 12], ""random_trips"": [3, 9, 12], ""pf_converged"": true, ""load_shed_MW"": 0.0, ""load_shed_ratio"": 0.0, ""invalid_action"": false, ""island_records"": [{""island_id"": 0, ""buses"": [0, 1, 2, 3, 4, 5, 6, 7, 8, 9, 10, 11, 12, 13], ""branches"": [0, 1, 2, 4, 5, 7, 10, 11, 13, 14, 15, 16, 17, 18, 19], ""generators"": [0, 1, 2, 3, 4], ""loads"": [0, 1, 2, 3, 4, 5, 6, 7, 8, 9, 10], ""load_before_mw"": 275.9545018672943, ""load_after_mw"": 275.9545018672943, ""load_shed_mw"": 0.0, ""gen_before_mw"": 731.9618793487548, ""gen_after_mw"": 275.9545018672943, ""balance_case"": ""generation_surplus""}]}, {""generation"": 2, ""initial_outages"": [6, 8], ""initial_outage_order"": 2, ""initial_outage_type"": ""common_bus_N-2"", ""initial_outage_mode"": ""sampled"", ""outaged_lines"": [0, 2, 3, 5, 6, 7, 8, 9, 12, 14, 15, 16, 17], ""proactive_action"": null, ""overloaded_lines"": [0, 2, 5, 7, 10, 14, 15, 16, 17], ""random_trips"": [0, 2, 5, 7, 14, 15, 16, 17], ""pf_converged"": false, ""load_shed_MW"": 97.55116808414459, ""load_shed_ratio"": 0.3766454366183189, ""invalid_action"": false, ""island_records"": [{""island_id"": 0, ""buses"": [0, 1, 4], ""branches"": [1, 4], ""generators"": [0, 1], ""loads"": [0, 3], ""load_before_mw"": 31.218018937110898, ""load_after_mw"": 31.218018937110898, ""load_shed_mw"": 0.0, ""gen_before_mw"": 447.668037033081, ""gen_after_mw"": 31.218018937110898, ""balance_case"": ""generation_surplus""}, {""island_id"": 1, ""buses"": [2], ""branches"": [], ""generators"": [2], ""loads"": [1], ""load_before_mw"": 100.36646361351013, ""load_after_mw"": 94.76461410522461, ""load_shed_mw"": 5.601849508285525, ""gen_before_mw"": 94.76461410522461, ""gen_after_mw"": 94.76461410522461, ""balance_case"": ""generation_deficit""}, {""island_id"": 2, ""buses"": [3], ""branches"": [], ""generators"": [], ""loads"": [2], ""load_before_mw"": 50.92905478477478, ""load_after_mw"": 0.0, ""load_shed_mw"": 50.92905478477478, ""gen_before_mw"": 0.0, ""gen_after_mw"": 0.0, ""balance_case"": ""no_generation""}, {""island_id"": 3, ""buses"": [5, 10, 11, 12, 13], ""branches"": [10, 11, 18, 19], ""generators"": [3], ""loads"": [4, 7, 8, 9, 10], ""load_before_mw"": 52.42070074081421, ""load_after_mw"": 52.42070074081421, ""load_shed_mw"": 0.0, ""gen_before_mw"": 94.76461410522461, ""gen_after_mw"": 52.42070074081421, ""balance_case"": ""generation_surplus""}, {""island_id"": 4, ""buses"": [6, 7], ""branches"": [13], ""generators"": [4], ""loads"": [], ""load_before_mw"": 0.0, ""load_after_mw"": 0.0, ""load_shed_mw"": 0.0, ""gen_before_mw"": 94.76461410522461, ""gen_after_mw"": 0.0, ""balance_case"": ""no_load""}, {""island_id"": 5, ""buses"": [8], ""branches"": [], ""generators"": [], ""loads"": [5], ""load_before_mw"": 31.431111216545105, ""load_after_mw"": 0.0, ""load_shed_mw"": 31.431111216545105, ""gen_before_mw"": 0.0, ""gen_after_mw"": 0.0, ""balance_case"": ""no_generation""}, {""island_id"": 6, ""buses"": [9], ""branches"": [], ""generators"": [], ""loads"": [6], ""load_before_mw"": 9.589152574539185, ""load_after_mw"": 0.0, ""load_shed_mw"": 9.589152574539185, ""gen_before_mw"": 0.0, ""gen_after_mw"": 0.0, ""balance_case"": ""no_generation""}]}]"
6,"6,8",common_bus_N-2,111.01709387225107,2,12,95.820361495018,0.3699627856950502,True,"[{""generation"": 1, ""initial_outages"": [6, 8], ""initial_outage_order"": 2, ""initial_outage_type"": ""common_bus_N-2"", ""initial_outage_mode"": ""sampled"", ""outaged_lines"": [3, 6, 8, 9], ""proactive_action"": null, ""overloaded_lines"": [0, 2, 3, 9, 10, 12], ""random_trips"": [3, 9], ""pf_converged"": true, ""load_shed_MW"": 0.0, ""load_shed_ratio"": 0.0, ""invalid_action"": false, ""island_records"": [{""island_id"": 0, ""buses"": [0, 1, 2, 3, 4, 5, 6, 7, 8, 9, 10, 11, 12, 13], ""branches"": [0, 1, 2, 4, 5, 7, 10, 11, 12, 13, 14, 15, 16, 17, 18, 19], ""generators"": [0, 1, 2, 3, 4], ""loads"": [0, 1, 2, 3, 4, 5, 6, 7, 8, 9, 10], ""load_before_mw"": 274.8752281665802, ""load_after_mw"": 274.8752281665802, ""load_shed_mw"": 0.0, ""gen_before_mw"": 739.5209616184234, ""gen_after_mw"": 274.8752281665802, ""balance_case"": ""generation_surplus""}]}, {""generation"": 2, ""initial_outages"": [6, 8], ""initial_outage_order"": 2, ""initial_outage_type"": ""common_bus_N-2"", ""initial_outage_mode"": ""sampled"", ""outaged_lines"": [0, 2, 3, 5, 6, 7, 8, 9, 14, 15, 16, 17], ""proactive_action"": null, ""overloaded_lines"": [0, 2, 5, 7, 10, 14, 15, 16, 17], ""random_trips"": [0, 2, 5, 7, 14, 15, 16, 17], ""pf_converged"": false, ""load_shed_MW"": 95.820361495018, ""load_shed_ratio"": 0.3699627856950502, ""invalid_action"": false, ""island_records"": [{""island_id"": 0, ""buses"": [0, 1, 4], ""branches"": [1, 4], ""generators"": [0, 1], ""loads"": [0, 3], ""load_before_mw"": 31.095923495292666, ""load_after_mw"": 31.095923495292666, ""load_shed_mw"": 0.0, ""gen_before_mw"": 452.2911733150482, ""gen_after_mw"": 31.095923495292666, ""balance_case"": ""generation_surplus""}, {""island_id"": 1, ""buses"": [2], ""branches"": [], ""generators"": [2], ""loads"": [1], ""load_before_mw"": 99.97392468452453, ""load_after_mw"": 95.74326276779175, ""load_shed_mw"": 4.230661916732785, ""gen_before_mw"": 95.74326276779175, ""gen_after_mw"": 95.74326276779175, ""balance_case"": ""generation_deficit""}, {""island_id"": 2, ""buses"": [3], ""branches"": [], ""generators"": [], ""loads"": [2], ""load_before_mw"": 50.7298683643341, ""load_after_mw"": 0.0, ""load_shed_mw"": 50.7298683643341, ""gen_before_mw"": 0.0, ""gen_after_mw"": 0.0, ""balance_case"": ""no_generation""}, {""island_id"": 3, ""buses"": [5, 10, 11, 12, 13], ""branches"": [10, 11, 12, 18, 19], ""generators"": [3], ""loads"": [4, 7, 8, 9, 10], ""load_before_mw"": 52.21568040847778, ""load_after_mw"": 52.21568040847778, ""load_shed_mw"": 0.0, ""gen_before_mw"": 95.74326276779175, ""gen_after_mw"": 52.21568040847778, ""balance_case"": ""generation_surplus""}, {""island_id"": 4, ""buses"": [6, 7], ""branches"": [13], ""generators"": [4], ""loads"": [], ""load_before_mw"": 0.0, ""load_after_mw"": 0.0, ""load_shed_mw"": 0.0, ""gen_before_mw"": 95.74326276779175, ""gen_after_mw"": 0.0, ""balance_case"": ""no_load""}, {""island_id"": 5, ""buses"": [8], ""branches"": [], ""generators"": [], ""loads"": [5], ""load_before_mw"": 31.30818235874176, ""load_after_mw"": 0.0, ""load_shed_mw"": 31.30818235874176, ""gen_before_mw"": 0.0, ""gen_after_mw"": 0.0, ""balance_case"": ""no_generation""}, {""island_id"": 6, ""buses"": [9], ""branches"": [], ""generators"": [], ""loads"": [6], ""load_before_mw"": 9.55164885520935, ""load_after_mw"": 0.0, ""load_shed_mw"": 9.55164885520935, ""gen_before_mw"": 0.0, ""gen_after_mw"": 0.0, ""balance_case"": ""no_generation""}]}]"
7,"6,8",common_bus_N-2,110.06932261644795,2,11,91.88556391000748,0.3547705170270559,True,"[{""generation"": 1, ""initial_outages"": [6, 8], ""initial_outage_order"": 2, ""initial_outage_type"": ""common_bus_N-2"", ""initial_outage_mode"": ""sampled"", ""outaged_lines"": [3, 6, 8, 9], ""proactive_action"": null, ""overloaded_lines"": [0, 2, 3, 9, 10, 12], ""random_trips"": [3, 9], ""pf_converged"": true, ""load_shed_MW"": 0.0, ""load_shed_ratio"": 0.0, ""invalid_action"": false, ""island_records"": [{""island_id"": 0, ""buses"": [0, 1, 2, 3, 4, 5, 6, 7, 8, 9, 10, 11, 12, 13], ""branches"": [0, 1, 2, 4, 5, 7, 10, 11, 12, 13, 14, 15, 16, 17, 18, 19], ""generators"": [0, 1, 2, 3, 4], ""loads"": [0, 1, 2, 3, 4, 5, 6, 7, 8, 9, 10], ""load_before_mw"": 279.6512829065323, ""load_after_mw"": 279.6512829065323, ""load_shed_mw"": 0.0, ""gen_before_mw"": 720.5637279987335, ""gen_after_mw"": 279.6512829065323, ""balance_case"": ""generation_surplus""}]}, {""generation"": 2, ""initial_outages"": [6, 8], ""initial_outage_order"": 2, ""initial_outage_type"": ""common_bus_N-2"", ""initial_outage_mode"": ""sampled"", ""outaged_lines"": [0, 2, 3, 5, 6, 7, 8, 9, 14, 15, 16], ""proactive_action"": null, ""overloaded_lines"": [0, 2, 5, 7, 10, 14, 15, 16, 17], ""random_trips"": [0, 2, 5, 7, 14, 15, 16], ""pf_converged"": false, ""load_shed_MW"": 91.88556391000748, ""load_shed_ratio"": 0.3547705170270559, ""invalid_action"": false, ""island_records"": [{""island_id"": 0, ""buses"": [0, 1, 4], ""branches"": [1, 4], ""generators"": [0, 1], ""loads"": [0, 3], ""load_before_mw"": 31.63622621297836, ""load_after_mw"": 31.63622621297836, ""load_shed_mw"": 0.0, ""gen_before_mw"": 440.69692530632017, ""gen_after_mw"": 31.63622621297836, ""balance_case"": ""generation_surplus""}, {""island_id"": 1, ""buses"": [2], ""branches"": [], ""generators"": [2], ""loads"": [1], ""load_before_mw"": 101.71100714206696, ""load_after_mw"": 93.28893423080444, ""load_shed_mw"": 8.422072911262518, ""gen_before_mw"": 93.28893423080444, ""gen_after_mw"": 93.28893423080444, ""balance_case"": ""generation_deficit""}, {""island_id"": 2, ""buses"": [3], ""branches"": [], ""generators"": [], ""loads"": [2], ""load_before_mw"": 51.611317849159235, ""load_after_mw"": 0.0, ""load_shed_mw"": 51.611317849159235, ""gen_before_mw"": 0.0, ""gen_after_mw"": 0.0, ""balance_case"": ""no_generation""}, {""island_id"": 3, ""buses"": [5, 9, 10, 11, 12, 13], ""branches"": [10, 11, 12, 17, 18, 19], ""generators"": [3], ""loads"": [4, 6, 7, 8, 9, 10], ""load_before_mw"": 62.840558552742, ""load_after_mw"": 62.840558552742, ""load_shed_mw"": 0.0, ""gen_before_mw"": 93.28893423080444, ""gen_after_mw"": 62.840558552742, ""balance_case"": ""generation_surplus""}, {""island_id"": 4, ""buses"": [6, 7], ""branches"": [13], ""generators"": [4], ""loads"": [], ""load_before_mw"": 0.0, ""load_after_mw"": 0.0, ""load_shed_mw"": 0.0, ""gen_before_mw"": 93.28893423080444, ""gen_after_mw"": 0.0, ""balance_case"": ""no_load""}, {""island_id"": 5, ""buses"": [8], ""branches"": [], ""generators"": [], ""loads"": [5], ""load_before_mw"": 31.852173149585724, ""load_after_mw"": 0.0, ""load_shed_mw"": 31.852173149585724, ""gen_before_mw"": 0.0, ""gen_after_mw"": 0.0, ""balance_case"": ""no_generation""}]}]"
8,"1,9",common_bus_N-2,109.92372826939314,1,12,132.28190578222274,0.510740948966111,True,"[{""generation"": 1, ""initial_outages"": [1, 9], ""initial_outage_order"": 2, ""initial_outage_type"": ""common_bus_N-2"", ""initial_outage_mode"": ""sampled"", ""outaged_lines"": [0, 1, 2, 3, 4, 7, 8, 9, 14, 15, 16, 17], ""proactive_action"": null, ""overloaded_lines"": [0, 2, 3, 4, 6, 7, 8, 10, 14, 15, 16, 17], ""random_trips"": [0, 2, 3, 4, 7, 8, 14, 15, 16, 17], ""pf_converged"": false, ""load_shed_MW"": 132.28190578222274, ""load_shed_ratio"": 0.510740948966111, ""invalid_action"": false, ""island_records"": [{""island_id"": 0, ""buses"": [0], ""branches"": [], ""generators"": [0], ""loads"": [], ""load_before_mw"": 0.0, ""load_after_mw"": 0.0, ""load_shed_mw"": 0.0, ""gen_before_mw"": 344.00383415222166, ""gen_after_mw"": 0.0, ""balance_case"": ""no_load""}, {""island_id"": 1, ""buses"": [1], ""branches"": [], ""generators"": [1], ""loads"": [0], ""load_before_mw"": 27.19973644018173, ""load_after_mw"": 27.19973644018173, ""load_shed_mw"": 0.0, ""gen_before_mw"": 144.8872947692871, ""gen_after_mw"": 27.19973644018173, ""balance_case"": ""generation_surplus""}, {""island_id"": 2, ""buses"": [2, 3, 4], ""branches"": [5, 6], ""generators"": [2], ""loads"": [1, 2, 3], ""load_before_mw"": 187.51523370742797, ""load_after_mw"": 103.49092483520508, ""load_shed_mw"": 84.02430887222289, ""gen_before_mw"": 103.49092483520508, ""gen_after_mw"": 103.49092483520508, ""balance_case"": ""generation_deficit""}, {""island_id"": 3, ""buses"": [5, 10, 11, 12, 13], ""branches"": [10, 11, 12, 18, 19], ""generators"": [3], ""loads"": [4, 7, 8, 9, 10], ""load_before_mw"": 61.66944851875305, ""load_after_mw"": 61.66944851875305, ""load_shed_mw"": 0.0, ""gen_before_mw"": 103.49092483520508, ""gen_after_mw"": 61.66944851875305, ""balance_case"": ""generation_surplus""}, {""island_id"": 4, ""buses"": [6, 7], ""branches"": [13], ""generators"": [4], ""loads"": [], ""load_before_mw"": 0.0, ""load_after_mw"": 0.0, ""load_shed_mw"": 0.0, ""gen_before_mw"": 103.49092483520508, ""gen_after_mw"": 0.0, ""balance_case"": ""no_load""}, {""island_id"": 5, ""buses"": [8], ""branches"": [], ""generators"": [], ""loads"": [5], ""load_before_mw"": 36.97660022974014, ""load_after_mw"": 0.0, ""load_shed_mw"": 36.97660022974014, ""gen_before_mw"": 0.0, ""gen_after_mw"": 0.0, ""balance_case"": ""no_generation""}, {""island_id"": 6, ""buses"": [9], ""branches"": [], ""generators"": [], ""loads"": [6], ""load_before_mw"": 11.280996680259705, ""load_after_mw"": 0.0, ""load_shed_mw"": 11.280996680259705, ""gen_before_mw"": 0.0, ""gen_after_mw"": 0.0, ""balance_case"": ""no_generation""}]}]"
9,"1,9",common_bus_N-2,109.91235783811572,1,12,120.093126142025,0.4636800237143822,True,"[{""generation"": 1, ""initial_outages"": [1, 9], ""initial_outage_order"": 2, ""initial_outage_type"": ""common_bus_N-2"", ""initial_outage_mode"": ""sampled"", ""outaged_lines"": [0, 1, 2, 3, 4, 7, 8, 9, 14, 15, 16, 17], ""proactive_action"": null, ""overloaded_lines"": [0, 2, 3, 4, 6, 7, 8, 10, 14, 15, 16, 17], ""random_trips"": [0, 2, 3, 4, 7, 8, 14, 15, 16, 17], ""pf_converged"": false, ""load_shed_MW"": 120.093126142025, ""load_shed_ratio"": 0.4636800237143822, ""invalid_action"": false, ""island_records"": [{""island_id"": 0, ""buses"": [0], ""branches"": [], ""generators"": [0], ""loads"": [], ""load_before_mw"": 0.0, ""load_after_mw"": 0.0, ""load_shed_mw"": 0.0, ""gen_before_mw"": 332.7306720256805, ""gen_after_mw"": 0.0, ""balance_case"": ""no_load""}, {""island_id"": 1, ""buses"": [1], ""branches"": [], ""generators"": [1], ""loads"": [0], ""load_before_mw"": 25.402336823940278, ""load_after_mw"": 25.402336823940278, ""load_shed_mw"": 0.0, ""gen_before_mw"": 140.13927221298218, ""gen_after_mw"": 25.402336823940278, ""balance_case"": ""generation_surplus""}, {""island_id"": 2, ""buses"": [2, 3, 4], ""branches"": [5, 6], ""generators"": [2], ""loads"": [1, 2, 3], ""load_before_mw"": 175.1239441871643, ""load_after_mw"": 100.09948015213013, ""load_shed_mw"": 75.02446403503419, ""gen_before_mw"": 100.09948015213013, ""gen_after_mw"": 100.09948015213013, ""balance_case"": ""generation_deficit""}, {""island_id"": 3, ""buses"": [5, 10, 11, 12, 13], ""branches"": [10, 11, 12, 18, 19], ""generators"": [3], ""loads"": [4, 7, 8, 9, 10], ""load_before_mw"": 57.59423832893371, ""load_after_mw"": 57.59423832893371, ""load_shed_mw"": 0.0, ""gen_before_mw"": 100.09948015213013, ""gen_after_mw"": 57.59423832893371, ""balance_case"": ""generation_surplus""}, {""island_id"": 4, ""buses"": [6, 7], ""branches"": [13], ""generators"": [4], ""loads"": [], ""load_before_mw"": 0.0, ""load_after_mw"": 0.0, ""load_shed_mw"": 0.0, ""gen_before_mw"": 100.09948015213013, ""gen_after_mw"": 0.0, ""balance_case"": ""no_load""}, {""island_id"": 5, ""buses"": [8], ""branches"": [], ""generators"": [], ""loads"": [5], ""load_before_mw"": 34.5331307053566, ""load_after_mw"": 0.0, ""load_shed_mw"": 34.5331307053566, ""gen_before_mw"": 0.0, ""gen_after_mw"": 0.0, ""balance_case"": ""no_generation""}, {""island_id"": 6, ""buses"": [9], ""branches"": [], ""generators"": [], ""loads"": [6], ""load_before_mw"": 10.535531401634216, ""load_after_mw"": 0.0, ""load_shed_mw"": 10.535531401634216, ""gen_before_mw"": 0.0, ""gen_after_mw"": 0.0, ""balance_case"": ""no_generation""}]}]"
10,"3,8",common_bus_N-2,109.79250680023782,2,11,3.758261501789093,0.014510662169069858,True,"[{""generation"": 1, ""initial_outages"": [3, 8], ""initial_outage_order"": 2, ""initial_outage_type"": ""common_bus_N-2"", ""initial_outage_mode"": ""sampled"", ""outaged_lines"": [3, 4, 6, 8, 14], ""proactive_action"": null, ""overloaded_lines"": [1, 2, 4, 6, 7, 9, 12, 14], ""random_trips"": [4, 6, 14], ""pf_converged"": true, ""load_shed_MW"": 0.0, ""load_shed_ratio"": 0.0, ""invalid_action"": false, ""island_records"": [{""island_id"": 0, ""buses"": [0, 1, 2, 3, 4, 5, 6, 7, 8, 9, 10, 11, 12, 13], ""branches"": [0, 1, 2, 5, 7, 9, 10, 11, 12, 13, 15, 16, 17, 18, 19], ""generators"": [0, 1, 2, 3, 4], ""loads"": [0, 1, 2, 3, 4, 5, 6, 7, 8, 9, 10], ""load_before_mw"": 278.1113511323929, ""load_after_mw"": 278.1113511323929, ""load_shed_mw"": 0.0, ""gen_before_mw"": 853.9882747173309, ""gen_after_mw"": 278.1113511323929, ""balance_case"": ""generation_surplus""}]}, {""generation"": 2, ""initial_outages"": [3, 8], ""initial_outage_order"": 2, ""initial_outage_type"": ""common_bus_N-2"", ""initial_outage_mode"": ""sampled"", ""outaged_lines"": [2, 3, 4, 5, 6, 8, 9, 10, 12, 14, 17], ""proactive_action"": null, ""overloaded_lines"": [1, 2, 5, 9, 10, 12, 15, 17, 19], ""random_trips"": [2, 5, 9, 10, 12, 17], ""pf_converged"": false, ""load_shed_MW"": 3.758261501789093, ""load_shed_ratio"": 0.014510662169069858, ""invalid_action"": false, ""island_records"": [{""island_id"": 0, ""buses"": [0, 1, 4], ""branches"": [0, 1], ""generators"": [0, 1], ""loads"": [0, 3], ""load_before_mw"": 31.462017714977264, ""load_after_mw"": 31.462017714977264, ""load_shed_mw"": 0.0, ""gen_before_mw"": 522.2994057178497, ""gen_after_mw"": 31.462017714977264, ""balance_case"": ""generation_surplus""}, {""island_id"": 1, ""buses"": [2], ""branches"": [], ""generators"": [2], ""loads"": [1], ""load_before_mw"": 101.15092384815216, ""load_after_mw"": 101.15092384815216, ""load_shed_mw"": 0.0, ""gen_before_mw"": 110.5629563331604, ""gen_after_mw"": 101.15092384815216, ""balance_case"": ""generation_surplus""}, {""island_id"": 2, ""buses"": [3, 6, 7], ""branches"": [7, 13], ""generators"": [4], ""loads"": [2], ""load_before_mw"": 51.3271142244339, ""load_after_mw"": 51.3271142244339, ""load_shed_mw"": 0.0, ""gen_before_mw"": 110.5629563331604, ""gen_after_mw"": 51.3271142244339, ""balance_case"": ""generation_surplus""}, {""island_id"": 3, ""buses"": [5, 8, 9, 11, 12, 13], ""branches"": [11, 15, 16, 18, 19], ""generators"": [3], ""loads"": [4, 5, 6, 8, 9, 10], ""load_before_mw"": 90.41303384304047, ""load_after_mw"": 90.41303384304047, ""load_shed_mw"": 0.0, ""gen_before_mw"": 110.5629563331604, ""gen_after_mw"": 90.41303384304047, ""balance_case"": ""generation_surplus""}, {""island_id"": 4, ""buses"": [10], ""branches"": [], ""generators"": [], ""loads"": [7], ""load_before_mw"": 3.758261501789093, ""load_after_mw"": 0.0, ""load_shed_mw"": 3.758261501789093, ""gen_before_mw"": 0.0, ""gen_after_mw"": 0.0, ""balance_case"": ""no_generation""}]}]"
11,"1,6",common_bus_N-2,109.72623912927676,2,11,11.231418550014496,0.04336455038615635,True,"[{""generation"": 1, ""initial_outages"": [1, 6], ""initial_outage_order"": 2, ""initial_outage_type"": ""common_bus_N-2"", ""initial_outage_mode"": ""sampled"", ""outaged_lines"": [1, 3, 6], ""proactive_action"": null, ""overloaded_lines"": [0, 2, 3, 4, 9], ""random_trips"": [3], ""pf_converged"": true, ""load_shed_MW"": 0.0, ""load_shed_ratio"": 0.0, ""invalid_action"": false, ""island_records"": [{""island_id"": 0, ""buses"": [0, 1, 2, 3, 4, 5, 6, 7, 8, 9, 10, 11, 12, 13], ""branches"": [0, 2, 4, 5, 7, 8, 9, 10, 11, 12, 13, 14, 15, 16, 17, 18, 19], ""generators"": [0, 1, 2, 3, 4], ""loads"": [0, 1, 2, 3, 4, 5, 6, 7, 8, 9, 10], ""load_before_mw"": 262.06643283367157, ""load_after_mw"": 262.06643283367157, ""load_shed_mw"": 0.0, ""gen_before_mw"": 836.5286776542664, ""gen_after_mw"": 262.06643283367157, ""balance_case"": ""generation_surplus""}]}, {""generation"": 2, ""initial_outages"": [1, 6], ""initial_outage_order"": 2, ""initial_outage_type"": ""common_bus_N-2"", ""initial_outage_mode"": ""sampled"", ""outaged_lines"": [0, 1, 2, 3, 4, 5, 6, 9, 10, 12, 17], ""proactive_action"": null, ""overloaded_lines"": [0, 2, 4, 5, 9, 10, 12, 17], ""random_trips"": [0, 2, 4, 5, 9, 10, 12, 17], ""pf_converged"": false, ""load_shed_MW"": 11.231418550014496, ""load_shed_ratio"": 0.04336455038615635, ""invalid_action"": false, ""island_records"": [{""island_id"": 0, ""buses"": [0], ""branches"": [], ""generators"": [0], ""loads"": [], ""load_before_mw"": 0.0, ""load_after_mw"": 0.0, ""load_shed_mw"": 0.0, ""gen_before_mw"": 359.9975821495056, ""gen_after_mw"": 0.0, ""balance_case"": ""no_load""}, {""island_id"": 1, ""buses"": [1], ""branches"": [], ""generators"": [1], ""loads"": [0], ""load_before_mw"": 21.956917345523834, ""load_after_mw"": 21.956917345523834, ""load_shed_mw"": 0.0, ""gen_before_mw"": 151.62353038787842, ""gen_after_mw"": 21.956917345523834, ""balance_case"": ""generation_surplus""}, {""island_id"": 2, ""buses"": [2], ""branches"": [], ""generators"": [2], ""loads"": [1], ""load_before_mw"": 95.31528174877167, ""load_after_mw"": 95.31528174877167, ""load_shed_mw"": 0.0, ""gen_before_mw"": 108.30252170562744, ""gen_after_mw"": 95.31528174877167, ""balance_case"": ""generation_surplus""}, {""island_id"": 3, ""buses"": [3, 5, 6, 7, 8, 9, 11, 12, 13], ""branches"": [7, 8, 11, 13, 14, 15, 16, 18, 19], ""generators"": [3, 4], ""loads"": [2, 4, 5, 6, 8, 9, 10], ""load_before_mw"": 133.56281518936157, ""load_after_mw"": 133.56281518936157, ""load_shed_mw"": 0.0, ""gen_before_mw"": 216.60504341125488, ""gen_after_mw"": 133.56281518936157, ""balance_case"": ""generation_surplus""}, {""island_id"": 4, ""buses"": [4], ""branches"": [], ""generators"": [], ""loads"": [3], ""load_before_mw"": 7.6899802684783936, ""load_after_mw"": 0.0, ""load_shed_mw"": 7.6899802684783936, ""gen_before_mw"": 0.0, ""gen_after_mw"": 0.0, ""balance_case"": ""no_generation""}, {""island_id"": 5, ""buses"": [10], ""branches"": [], ""generators"": [], ""loads"": [7], ""load_before_mw"": 3.5414382815361023, ""load_after_mw"": 0.0, ""load_shed_mw"": 3.5414382815361023, ""gen_before_mw"": 0.0, ""gen_after_mw"": 0.0, ""balance_case"": ""no_generation""}]}]"
12,"14,16",common_bus_N-2,109.09904610626639,2,10,76.90549904108047,0.29693242873004044,True,"[{""generation"": 1, ""initial_outages"": [14, 16], ""initial_outage_order"": 2, ""initial_outage_type"": ""common_bus_N-2"", ""initial_outage_mode"": ""sampled"", ""outaged_lines"": [8, 12, 14, 16], ""proactive_action"": null, ""overloaded_lines"": [8, 9, 12], ""random_trips"": [8, 12], ""pf_converged"": true, ""load_shed_MW"": 0.0, ""load_shed_ratio"": 0.0, ""invalid_action"": false, ""island_records"": [{""island_id"": 0, ""buses"": [0, 1, 2, 3, 4, 5, 6, 7, 8, 9, 10, 11, 12, 13], ""branches"": [0, 1, 2, 3, 4, 5, 6, 7, 9, 10, 11, 13, 15, 17, 18, 19], ""generators"": [0, 1, 2, 3, 4], ""loads"": [0, 1, 2, 3, 4, 5, 6, 7, 8, 9, 10], ""load_before_mw"": 260.37286603450775, ""load_after_mw"": 260.37286603450775, ""load_shed_mw"": 0.0, ""gen_before_mw"": 813.4822931289673, ""gen_after_mw"": 260.37286603450775, ""balance_case"": ""generation_surplus""}]}, {""generation"": 2, ""initial_outages"": [14, 16], ""initial_outage_order"": 2, ""initial_outage_type"": ""common_bus_N-2"", ""initial_outage_mode"": ""sampled"", ""outaged_lines"": [8, 9, 10, 11, 12, 14, 15, 16, 17, 18], ""proactive_action"": null, ""overloaded_lines"": [4, 9, 10, 11, 15, 17, 18], ""random_trips"": [9, 10, 11, 15, 17, 18], ""pf_converged"": false, ""load_shed_MW"": 76.90549904108047, ""load_shed_ratio"": 0.29693242873004044, ""invalid_action"": false, ""island_records"": [{""island_id"": 0, ""buses"": [0, 1, 2, 3, 4, 6, 7], ""branches"": [0, 1, 2, 3, 4, 5, 6, 7, 13], ""generators"": [0, 1, 2, 4], ""loads"": [0, 1, 2, 3], ""load_before_mw"": 172.20799981355668, ""load_after_mw"": 172.20799981355668, ""load_shed_mw"": 0.0, ""gen_before_mw"": 708.1635084152222, ""gen_after_mw"": 172.20799981355668, ""balance_case"": ""generation_surplus""}, {""island_id"": 1, ""buses"": [5], ""branches"": [], ""generators"": [3], ""loads"": [4], ""load_before_mw"": 11.259367179870605, ""load_after_mw"": 11.259367179870605, ""load_shed_mw"": 0.0, ""gen_before_mw"": 105.31878471374512, ""gen_after_mw"": 11.259367179870605, ""balance_case"": ""generation_surplus""}, {""island_id"": 2, ""buses"": [8], ""branches"": [], ""generators"": [], ""loads"": [5], ""load_before_mw"": 29.656368911266327, ""load_after_mw"": 0.0, ""load_shed_mw"": 29.656368911266327, ""gen_before_mw"": 0.0, ""gen_after_mw"": 0.0, ""balance_case"": ""no_generation""}, {""island_id"": 3, ""buses"": [9], ""branches"": [], ""generators"": [], ""loads"": [6], ""load_before_mw"": 9.04770576953888, ""load_after_mw"": 0.0, ""load_shed_mw"": 9.04770576953888, ""gen_before_mw"": 0.0, ""gen_after_mw"": 0.0, ""balance_case"": ""no_generation""}, {""island_id"": 4, ""buses"": [10], ""branches"": [], ""generators"": [], ""loads"": [7], ""load_before_mw"": 3.518552243709564, ""load_after_mw"": 0.0, ""load_shed_mw"": 3.518552243709564, ""gen_before_mw"": 0.0, ""gen_after_mw"": 0.0, ""balance_case"": ""no_generation""}, {""island_id"": 5, ""buses"": [11], ""branches"": [], ""generators"": [], ""loads"": [8], ""load_before_mw"": 6.13233391046524, ""load_after_mw"": 0.0, ""load_shed_mw"": 6.13233391046524, ""gen_before_mw"": 0.0, ""gen_after_mw"": 0.0, ""balance_case"": ""no_generation""}, {""island_id"": 6, ""buses"": [12, 13], ""branches"": [19], ""generators"": [], ""loads"": [9, 10], ""load_before_mw"": 28.550538206100462, ""load_after_mw"": 0.0, ""load_shed_mw"": 28.550538206100462, ""gen_before_mw"": 0.0, ""gen_after_mw"": 0.0, ""balance_case"": ""no_generation""}]}]"
13,"5,6",common_bus_N-2,109.05409023294398,2,10,72.36414270401,0.279398234378417,True,"[{""generation"": 1, ""initial_outages"": [5, 6], ""initial_outage_order"": 2, ""initial_outage_type"": ""common_bus_N-2"", ""initial_outage_mode"": ""sampled"", ""outaged_lines"": [5, 6, 9], ""proactive_action"": null, ""overloaded_lines"": [2, 3, 9, 12], ""random_trips"": [9], ""pf_converged"": true, ""load_shed_MW"": 0.0, ""load_shed_ratio"": 0.0, ""invalid_action"": false, ""island_records"": [{""island_id"": 0, ""buses"": [0, 1, 2, 3, 4, 5, 6, 7, 8, 9, 10, 11, 12, 13], ""branches"": [0, 1, 2, 3, 4, 7, 8, 10, 11, 12, 13, 14, 15, 16, 17, 18, 19], ""generators"": [0, 1, 2, 3, 4], ""loads"": [0, 1, 2, 3, 4, 5, 6, 7, 8, 9, 10], ""load_before_mw"": 242.46200466156006, ""load_after_mw"": 242.46200466156006, ""load_shed_mw"": 0.0, ""gen_before_mw"": 724.2035418987274, ""gen_after_mw"": 242.46200466156006, ""balance_case"": ""generation_surplus""}]}, {""generation"": 2, ""initial_outages"": [5, 6], ""initial_outage_order"": 2, ""initial_outage_type"": ""common_bus_N-2"", ""initial_outage_mode"": ""sampled"", ""outaged_lines"": [0, 3, 5, 6, 7, 8, 9, 14, 15, 16], ""proactive_action"": null, ""overloaded_lines"": [0, 2, 3, 7, 8, 14, 15, 16, 17], ""random_trips"": [0, 3, 7, 8, 14, 15, 16], ""pf_converged"": false, ""load_shed_MW"": 72.36414270401, ""load_shed_ratio"": 0.279398234378417, ""invalid_action"": false, ""island_records"": [{""island_id"": 0, ""buses"": [0, 1, 2, 4], ""branches"": [1, 2, 4], ""generators"": [0, 1, 2], ""loads"": [0, 1, 3], ""load_before_mw"": 115.61412191390991, ""load_after_mw"": 115.61412191390991, ""load_shed_mw"": 0.0, ""gen_before_mw"": 536.68320479393, ""gen_after_mw"": 115.61412191390991, ""balance_case"": ""generation_surplus""}, {""island_id"": 1, ""buses"": [3], ""branches"": [], ""generators"": [], ""loads"": [2], ""load_before_mw"": 44.74781398773193, ""load_after_mw"": 0.0, ""load_shed_mw"": 44.74781398773193, ""gen_before_mw"": 0.0, ""gen_after_mw"": 0.0, ""balance_case"": ""no_generation""}, {""island_id"": 2, ""buses"": [5, 9, 10, 11, 12, 13], ""branches"": [10, 11, 12, 17, 18, 19], ""generators"": [3], ""loads"": [4, 6, 7, 8, 9, 10], ""load_before_mw"": 54.48374004364014, ""load_after_mw"": 54.48374004364014, ""load_shed_mw"": 0.0, ""gen_before_mw"": 93.76016855239868, ""gen_after_mw"": 54.48374004364014, ""balance_case"": ""generation_surplus""}, {""island_id"": 3, ""buses"": [6, 7], ""branches"": [13], ""generators"": [4], ""loads"": [], ""load_before_mw"": 0.0, ""load_after_mw"": 0.0, ""load_shed_mw"": 0.0, ""gen_before_mw"": 93.76016855239868, ""gen_after_mw"": 0.0, ""balance_case"": ""no_load""}, {""island_id"": 4, ""buses"": [8], ""branches"": [], ""generators"": [], ""loads"": [5], ""load_before_mw"": 27.616328716278076, ""load_after_mw"": 0.0, ""load_shed_mw"": 27.616328716278076, ""gen_before_mw"": 0.0, ""gen_after_mw"": 0.0, ""balance_case"": ""no_generation""}]}]"
14,12,N-1,109.03748791634166,2,9,87.0634993314743,0.3361525070713294,True,"[{""generation"": 1, ""initial_outages"": [12], ""initial_outage_order"": 1, ""initial_outage_type"": ""N-1"", ""initial_outage_mode"": ""sampled"", ""outaged_lines"": [12, 14], ""proactive_action"": null, ""overloaded_lines"": [0, 1, 2, 3, 4, 5, 6, 7, 8, 11, 14], ""random_trips"": [14], ""pf_converged"": true, ""load_shed_MW"": 0.0, ""load_shed_ratio"": 0.0, ""invalid_action"": false, ""island_records"": [{""island_id"": 0, ""buses"": [0, 1, 2, 3, 4, 5, 6, 7, 8, 9, 10, 11, 12, 13], ""branches"": [0, 1, 2, 3, 4, 5, 6, 7, 8, 9, 10, 11, 13, 15, 16, 17, 18, 19], ""generators"": [0, 1, 2, 3, 4], ""loads"": [0, 1, 2, 3, 4, 5, 6, 7, 8, 9, 10], ""load_before_mw"": 308.89652502536774, ""load_after_mw"": 308.89652502536774, ""load_shed_mw"": 0.0, ""gen_before_mw"": 739.1790327310562, ""gen_after_mw"": 308.89652502536774, ""balance_case"": ""generation_surplus""}]}, {""generation"": 2, ""initial_outages"": [12], ""initial_outage_order"": 1, ""initial_outage_type"": ""N-1"", ""initial_outage_mode"": ""sampled"", ""outaged_lines"": [0, 1, 2, 4, 8, 11, 12, 14, 17], ""proactive_action"": null, ""overloaded_lines"": [0, 1, 2, 3, 4, 5, 8, 9, 10, 11, 17, 18], ""random_trips"": [0, 1, 2, 4, 8, 11, 17], ""pf_converged"": false, ""load_shed_MW"": 87.0634993314743, ""load_shed_ratio"": 0.3361525070713294, ""invalid_action"": false, ""island_records"": [{""island_id"": 0, ""buses"": [0], ""branches"": [], ""generators"": [0], ""loads"": [], ""load_before_mw"": 0.0, ""load_after_mw"": 0.0, ""load_shed_mw"": 0.0, ""gen_before_mw"": 318.1034573793411, ""gen_after_mw"": 0.0, ""balance_case"": ""no_load""}, {""island_id"": 1, ""buses"": [1, 2, 3, 4, 5, 6, 7, 10], ""branches"": [3, 5, 6, 7, 9, 10, 13], ""generators"": [1, 2, 3, 4], ""loads"": [0, 1, 2, 3, 4, 7], ""load_before_mw"": 221.83302569389343, ""load_after_mw"": 221.83302569389343, ""load_shed_mw"": 0.0, ""gen_before_mw"": 421.0755753517151, ""gen_after_mw"": 221.83302569389343, ""balance_case"": ""generation_surplus""}, {""island_id"": 2, ""buses"": [8, 9, 11, 12, 13], ""branches"": [15, 16, 18, 19], ""generators"": [], ""loads"": [5, 6, 8, 9, 10], ""load_before_mw"": 87.0634993314743, ""load_after_mw"": 0.0, ""load_shed_mw"": 87.0634993314743, ""gen_before_mw"": 0.0, ""gen_after_mw"": 0.0, ""balance_case"": ""no_generation""}]}]"
15,"6,9",common_bus_N-2,109.00991055896837,1,11,121.81460338830948,0.47032665400891693,True,"[{""generation"": 1, ""initial_outages"": [6, 9], ""initial_outage_order"": 2, ""initial_outage_type"": ""common_bus_N-2"", ""initial_outage_mode"": ""sampled"", ""outaged_lines"": [0, 2, 3, 6, 7, 8, 9, 14, 15, 16, 17], ""proactive_action"": null, ""overloaded_lines"": [0, 2, 3, 7, 8, 10, 14, 15, 16, 17], ""random_trips"": [0, 2, 3, 7, 8, 14, 15, 16, 17], ""pf_converged"": false, ""load_shed_MW"": 121.81460338830948, ""load_shed_ratio"": 0.47032665400891693, ""invalid_action"": false, ""island_records"": [{""island_id"": 0, ""buses"": [0, 1, 4], ""branches"": [1, 4], ""generators"": [0, 1], ""loads"": [0, 3], ""load_before_mw"": 34.19249736070633, ""load_after_mw"": 34.19249736070633, ""load_shed_mw"": 0.0, ""gen_before_mw"": 419.6101697206497, ""gen_after_mw"": 34.19249736070633, ""balance_case"": ""generation_surplus""}, {""island_id"": 1, ""buses"": [2, 3], ""branches"": [5], ""generators"": [2], ""loads"": [1, 2], ""load_before_mw"": 165.71107935905457, ""load_after_mw"": 88.82518410682678, ""load_shed_mw"": 76.88589525222778, ""gen_before_mw"": 88.82518410682678, ""gen_after_mw"": 88.82518410682678, ""balance_case"": ""generation_deficit""}, {""island_id"": 2, ""buses"": [5, 10, 11, 12, 13], ""branches"": [10, 11, 12, 18, 19], ""generators"": [3], ""loads"": [4, 7, 8, 9, 10], ""load_before_mw"": 57.41538805961609, ""load_after_mw"": 57.41538805961609, ""load_shed_mw"": 0.0, ""gen_before_mw"": 88.82518410682678, ""gen_after_mw"": 57.41538805961609, ""balance_case"": ""generation_surplus""}, {""island_id"": 3, ""buses"": [6, 7], ""branches"": [13], ""generators"": [4], ""loads"": [], ""load_before_mw"": 0.0, ""load_after_mw"": 0.0, ""load_shed_mw"": 0.0, ""gen_before_mw"": 88.82518410682678, ""gen_after_mw"": 0.0, ""balance_case"": ""no_load""}, {""island_id"": 4, ""buses"": [8], ""branches"": [], ""generators"": [], ""loads"": [5], ""load_before_mw"": 34.42589324712753, ""load_after_mw"": 0.0, ""load_shed_mw"": 34.42589324712753, ""gen_before_mw"": 0.0, ""gen_after_mw"": 0.0, ""balance_case"": ""no_generation""}, {""island_id"": 5, ""buses"": [9], ""branches"": [], ""generators"": [], ""loads"": [6], ""load_before_mw"": 10.502814888954163, ""load_after_mw"": 0.0, ""load_shed_mw"": 10.502814888954163, ""gen_before_mw"": 0.0, ""gen_after_mw"": 0.0, ""balance_case"": ""no_generation""}]}]"
16,"5,7",common_bus_N-2,108.87549398271427,2,10,20.064971995353698,0.07747093434499497,True,"[{""generation"": 1, ""initial_outages"": [5, 7], ""initial_outage_order"": 2, ""initial_outage_type"": ""common_bus_N-2"", ""initial_outage_mode"": ""sampled"", ""outaged_lines"": [5, 7, 8, 12], ""proactive_action"": null, ""overloaded_lines"": [2, 8, 9, 12], ""random_trips"": [8, 12], ""pf_converged"": true, ""load_shed_MW"": 0.0, ""load_shed_ratio"": 0.0, ""invalid_action"": false, ""island_records"": [{""island_id"": 0, ""buses"": [0, 1, 2, 3, 4, 5, 6, 7, 8, 9, 10, 11, 12, 13], ""branches"": [0, 1, 2, 3, 4, 6, 9, 10, 11, 13, 14, 15, 16, 17, 18, 19], ""generators"": [0, 1, 2, 3, 4], ""loads"": [0, 1, 2, 3, 4, 5, 6, 7, 8, 9, 10], ""load_before_mw"": 279.3993412256241, ""load_after_mw"": 279.3993412256241, ""load_shed_mw"": 0.0, ""gen_before_mw"": 884.8766949176788, ""gen_after_mw"": 279.3993412256241, ""balance_case"": ""generation_surplus""}]}, {""generation"": 2, ""initial_outages"": [5, 7], ""initial_outage_order"": 2, ""initial_outage_type"": ""common_bus_N-2"", ""initial_outage_mode"": ""sampled"", ""outaged_lines"": [5, 7, 8, 9, 10, 11, 12, 15, 17, 18], ""proactive_action"": null, ""overloaded_lines"": [0, 2, 9, 10, 11, 15, 17, 18], ""random_trips"": [9, 10, 11, 15, 17, 18], ""pf_converged"": false, ""load_shed_MW"": 20.064971995353698, ""load_shed_ratio"": 0.07747093434499497, ""invalid_action"": false, ""island_records"": [{""island_id"": 0, ""buses"": [0, 1, 2, 3, 4], ""branches"": [0, 1, 2, 3, 4, 6], ""generators"": [0, 1, 2], ""loads"": [0, 1, 2, 3], ""load_before_mw"": 184.79191950559616, ""load_after_mw"": 184.79191950559616, ""load_shed_mw"": 0.0, ""gen_before_mw"": 655.7527449131012, ""gen_after_mw"": 184.79191950559616, ""balance_case"": ""generation_surplus""}, {""island_id"": 1, ""buses"": [5], ""branches"": [], ""generators"": [3], ""loads"": [4], ""load_before_mw"": 12.08213367462158, ""load_after_mw"": 12.08213367462158, ""load_shed_mw"": 0.0, ""gen_before_mw"": 114.56197500228882, ""gen_after_mw"": 12.08213367462158, ""balance_case"": ""generation_surplus""}, {""island_id"": 2, ""buses"": [6, 7, 8, 12, 13], ""branches"": [13, 14, 16, 19], ""generators"": [4], ""loads"": [5, 9, 10], ""load_before_mw"": 62.46031605005264, ""load_after_mw"": 62.46031605005264, ""load_shed_mw"": 0.0, ""gen_before_mw"": 114.56197500228882, ""gen_after_mw"": 62.46031605005264, ""balance_case"": ""generation_surplus""}, {""island_id"": 3, ""buses"": [9], ""branches"": [], ""generators"": [], ""loads"": [6], ""load_before_mw"": 9.708857417106628, ""load_after_mw"": 0.0, ""load_shed_mw"": 9.708857417106628, ""gen_before_mw"": 0.0, ""gen_after_mw"": 0.0, ""balance_case"": ""no_generation""}, {""island_id"": 4, ""buses"": [10], ""branches"": [], ""generators"": [], ""loads"": [7], ""load_before_mw"": 3.7756667733192444, ""load_after_mw"": 0.0, ""load_shed_mw"": 3.7756667733192444, ""gen_before_mw"": 0.0, ""gen_after_mw"": 0.0, ""balance_case"": ""no_generation""}, {""island_id"": 5, ""buses"": [11], ""branches"": [], ""generators"": [], ""loads"": [8], ""load_before_mw"": 6.580447804927825, ""load_after_mw"": 0.0, ""load_shed_mw"": 6.580447804927825, ""gen_before_mw"": 0.0, ""gen_after_mw"": 0.0, ""balance_case"": ""no_generation""}]}]"
17,7,N-1,108.87549398271427,2,9,21.121239280700685,0.08154918641197176,True,"[{""generation"": 1, ""initial_outages"": [7], ""initial_outage_order"": 1, ""initial_outage_type"": ""N-1"", ""initial_outage_mode"": ""sampled"", ""outaged_lines"": [7, 8, 12], ""proactive_action"": null, ""overloaded_lines"": [0, 1, 4, 5, 8, 9, 12], ""random_trips"": [8, 12], ""pf_converged"": true, ""load_shed_MW"": 0.0, ""load_shed_ratio"": 0.0, ""invalid_action"": false, ""island_records"": [{""island_id"": 0, ""buses"": [0, 1, 2, 3, 4, 5, 6, 7, 8, 9, 10, 11, 12, 13], ""branches"": [0, 1, 2, 3, 4, 5, 6, 9, 10, 11, 13, 14, 15, 16, 17, 18, 19], ""generators"": [0, 1, 2, 3, 4], ""loads"": [0, 1, 2, 3, 4, 5, 6, 7, 8, 9, 10], ""load_before_mw"": 294.1075792312622, ""load_after_mw"": 294.1075792312622, ""load_shed_mw"": 0.0, ""gen_before_mw"": 862.1755080223083, ""gen_after_mw"": 294.1075792312622, ""balance_case"": ""generation_surplus""}]}, {""generation"": 2, ""initial_outages"": [7], ""initial_outage_order"": 1, ""initial_outage_type"": ""N-1"", ""initial_outage_mode"": ""sampled"", ""outaged_lines"": [7, 8, 9, 10, 11, 12, 15, 17, 18], ""proactive_action"": null, ""overloaded_lines"": [0, 1, 4, 5, 9, 10, 11, 15, 17, 18], ""random_trips"": [9, 10, 11, 15, 17, 18], ""pf_converged"": false, ""load_shed_MW"": 21.121239280700685, ""load_shed_ratio"": 0.08154918641197176, ""invalid_action"": false, ""island_records"": [{""island_id"": 0, ""buses"": [0, 1, 2, 3, 4], ""branches"": [0, 1, 2, 3, 4, 5, 6], ""generators"": [0, 1, 2], ""loads"": [0, 1, 2, 3], ""load_before_mw"": 194.51980047225953, ""load_after_mw"": 194.51980047225953, ""load_shed_mw"": 0.0, ""gen_before_mw"": 638.9296488761902, ""gen_after_mw"": 194.51980047225953, ""balance_case"": ""generation_surplus""}, {""island_id"": 1, ""buses"": [5], ""branches"": [], ""generators"": [3], ""loads"": [4], ""load_before_mw"": 12.718165588378906, ""load_after_mw"": 12.718165588378906, ""load_shed_mw"": 0.0, ""gen_before_mw"": 111.62292957305908, ""gen_after_mw"": 12.718165588378906, ""balance_case"": ""generation_surplus""}, {""island_id"": 2, ""buses"": [6, 7, 8, 12, 13], ""branches"": [13, 14, 16, 19], ""generators"": [4], ""loads"": [5, 9, 10], ""load_before_mw"": 65.7483738899231, ""load_after_mw"": 65.7483738899231, ""load_shed_mw"": 0.0, ""gen_before_mw"": 111.62292957305908, ""gen_after_mw"": 65.7483738899231, ""balance_case"": ""generation_surplus""}, {""island_id"": 3, ""buses"": [9], ""branches"": [], ""generators"": [], ""loads"": [6], ""load_before_mw"": 10.219954490661621, ""load_after_mw"": 0.0, ""load_shed_mw"": 10.219954490661621, ""gen_before_mw"": 0.0, ""gen_after_mw"": 0.0, ""balance_case"": ""no_generation""}, {""island_id"": 4, ""buses"": [10], ""branches"": [], ""generators"": [], ""loads"": [7], ""load_before_mw"": 3.974426746368408, ""load_after_mw"": 0.0, ""load_shed_mw"": 3.974426746368408, ""gen_before_mw"": 0.0, ""gen_after_mw"": 0.0, ""balance_case"": ""no_generation""}, {""island_id"": 5, ""buses"": [11], ""branches"": [], ""generators"": [], ""loads"": [8], ""load_before_mw"": 6.926858043670654, ""load_after_mw"": 0.0, ""load_shed_mw"": 6.926858043670654, ""gen_before_mw"": 0.0, ""gen_after_mw"": 0.0, ""balance_case"": ""no_generation""}]}]"
18,"3,5",common_bus_N-2,108.86142614027987,2,10,24.78371013402939,0.095690000517488,True,"[{""generation"": 1, ""initial_outages"": [3, 5], ""initial_outage_order"": 2, ""initial_outage_type"": ""common_bus_N-2"", ""initial_outage_mode"": ""sampled"", ""outaged_lines"": [3, 5, 6], ""proactive_action"": null, ""overloaded_lines"": [2, 4, 6], ""random_trips"": [6], ""pf_converged"": true, ""load_shed_MW"": 0.0, ""load_shed_ratio"": 0.0, ""invalid_action"": false, ""island_records"": [{""island_id"": 0, ""buses"": [0, 1, 2, 3, 4, 5, 6, 7, 8, 9, 10, 11, 12, 13], ""branches"": [0, 1, 2, 4, 7, 8, 9, 10, 11, 12, 13, 14, 15, 16, 17, 18, 19], ""generators"": [0, 1, 2, 3, 4], ""loads"": [0, 1, 2, 3, 4, 5, 6, 7, 8, 9, 10], ""load_before_mw"": 234.2693768143654, ""load_after_mw"": 234.2693768143654, ""load_shed_mw"": 0.0, ""gen_before_mw"": 755.7339707612991, ""gen_after_mw"": 234.2693768143654, ""balance_case"": ""generation_surplus""}]}, {""generation"": 2, ""initial_outages"": [3, 5], ""initial_outage_order"": 2, ""initial_outage_type"": ""common_bus_N-2"", ""initial_outage_mode"": ""sampled"", ""outaged_lines"": [3, 5, 6, 9, 10, 12, 15, 16, 17, 19], ""proactive_action"": null, ""overloaded_lines"": [2, 4, 9, 10, 12, 15, 16, 17, 19], ""random_trips"": [9, 10, 12, 15, 16, 17, 19], ""pf_converged"": false, ""load_shed_MW"": 24.78371013402939, ""load_shed_ratio"": 0.095690000517488, ""invalid_action"": false, ""island_records"": [{""island_id"": 0, ""buses"": [0, 1, 2, 4], ""branches"": [0, 1, 2, 4], ""generators"": [0, 1, 2], ""loads"": [0, 1, 3], ""load_before_mw"": 111.7075985968113, ""load_after_mw"": 111.7075985968113, ""load_shed_mw"": 0.0, ""gen_before_mw"": 560.0493589639664, ""gen_after_mw"": 111.7075985968113, ""balance_case"": ""generation_surplus""}, {""island_id"": 1, ""buses"": [3, 6, 7, 8], ""branches"": [7, 8, 13, 14], ""generators"": [4], ""loads"": [2, 5], ""load_before_mw"": 69.91900705695153, ""load_after_mw"": 69.91900705695153, ""load_shed_mw"": 0.0, ""gen_before_mw"": 97.84230589866638, ""gen_after_mw"": 69.91900705695153, ""balance_case"": ""generation_surplus""}, {""island_id"": 2, ""buses"": [5, 11, 12], ""branches"": [11, 18], ""generators"": [3], ""loads"": [4, 8, 9], ""load_before_mw"": 27.85906102657318, ""load_after_mw"": 27.85906102657318, ""load_shed_mw"": 0.0, ""gen_before_mw"": 97.84230589866638, ""gen_after_mw"": 27.85906102657318, ""balance_case"": ""generation_surplus""}, {""island_id"": 3, ""buses"": [9], ""branches"": [], ""generators"": [], ""loads"": [6], ""load_before_mw"": 8.140634715557098, ""load_after_mw"": 0.0, ""load_shed_mw"": 8.140634715557098, ""gen_before_mw"": 0.0, ""gen_after_mw"": 0.0, ""balance_case"": ""no_generation""}, {""island_id"": 4, ""buses"": [10], ""branches"": [], ""generators"": [], ""loads"": [7], ""load_before_mw"": 3.165802389383316, ""load_after_mw"": 0.0, ""load_shed_mw"": 3.165802389383316, ""gen_before_mw"": 0.0, ""gen_after_mw"": 0.0, ""balance_case"": ""no_generation""}, {""island_id"": 5, ""buses"": [13], ""branches"": [], ""generators"": [], ""loads"": [10], ""load_before_mw"": 13.477273029088975, ""load_after_mw"": 0.0, ""load_shed_mw"": 13.477273029088975, ""gen_before_mw"": 0.0, ""gen_after_mw"": 0.0, ""balance_case"": ""no_generation""}]}]"
19,"10,11",common_bus_N-2,108.1139300620251,2,9,80.31251174211502,0.310086917923224,True,"[{""generation"": 1, ""initial_outages"": [10, 11], ""initial_outage_order"": 2, ""initial_outage_type"": ""common_bus_N-2"", ""initial_outage_mode"": ""sampled"", ""outaged_lines"": [10, 11, 12], ""proactive_action"": null, ""overloaded_lines"": [7, 12, 14], ""random_trips"": [12], ""pf_converged"": true, ""load_shed_MW"": 0.0, ""load_shed_ratio"": 0.0, ""invalid_action"": false, ""island_records"": [{""island_id"": 0, ""buses"": [0, 1, 2, 3, 4, 5, 6, 7, 8, 9, 10, 11, 12, 13], ""branches"": [0, 1, 2, 3, 4, 5, 6, 7, 8, 9, 13, 14, 15, 16, 17, 18, 19], ""generators"": [0, 1, 2, 3, 4], ""loads"": [0, 1, 2, 3, 4, 5, 6, 7, 8, 9, 10], ""load_before_mw"": 271.9077194929123, ""load_after_mw"": 271.9077194929123, ""load_shed_mw"": 0.0, ""gen_before_mw"": 791.9045408248901, ""gen_after_mw"": 271.9077194929123, ""balance_case"": ""generation_surplus""}]}, {""generation"": 2, ""initial_outages"": [10, 11], ""initial_outage_order"": 2, ""initial_outage_type"": ""common_bus_N-2"", ""initial_outage_mode"": ""sampled"", ""outaged_lines"": [6, 7, 8, 10, 11, 12, 14, 16, 19], ""proactive_action"": null, ""overloaded_lines"": [6, 7, 8, 14, 16, 19], ""random_trips"": [6, 7, 8, 14, 16, 19], ""pf_converged"": false, ""load_shed_MW"": 80.31251174211502, ""load_shed_ratio"": 0.310086917923224, ""invalid_action"": false, ""island_records"": [{""island_id"": 0, ""buses"": [0, 1, 2, 3, 4, 5], ""branches"": [0, 1, 2, 3, 4, 5, 9], ""generators"": [0, 1, 2, 3], ""loads"": [0, 1, 2, 3, 4], ""load_before_mw"": 191.59520775079727, ""load_after_mw"": 191.59520775079727, ""load_shed_mw"": 0.0, ""gen_before_mw"": 689.3793542861938, ""gen_after_mw"": 191.59520775079727, ""balance_case"": ""generation_surplus""}, {""island_id"": 1, ""buses"": [6, 7], ""branches"": [13], ""generators"": [4], ""loads"": [], ""load_before_mw"": 0.0, ""load_after_mw"": 0.0, ""load_shed_mw"": 0.0, ""gen_before_mw"": 102.52518653869629, ""gen_after_mw"": 0.0, ""balance_case"": ""no_load""}, {""island_id"": 2, ""buses"": [8, 9, 10], ""branches"": [15, 17], ""generators"": [], ""loads"": [5, 6, 7], ""load_before_mw"": 44.093143701553345, ""load_after_mw"": 0.0, ""load_shed_mw"": 44.093143701553345, ""gen_before_mw"": 0.0, ""gen_after_mw"": 0.0, ""balance_case"": ""no_generation""}, {""island_id"": 3, ""buses"": [11, 12], ""branches"": [18], ""generators"": [], ""loads"": [8, 9], ""load_before_mw"": 20.57680039405823, ""load_after_mw"": 0.0, ""load_shed_mw"": 20.57680039405823, ""gen_before_mw"": 0.0, ""gen_after_mw"": 0.0, ""balance_case"": ""no_generation""}, {""island_id"": 4, ""buses"": [13], ""branches"": [], ""generators"": [], ""loads"": [10], ""load_before_mw"": 15.64256764650345, ""load_after_mw"": 0.0, ""load_shed_mw"": 15.64256764650345, ""gen_before_mw"": 0.0, ""gen_after_mw"": 0.0, ""balance_case"": ""no_generation""}]}]"
20,8,N-1,108.03825438634944,2,8,59.01089940071106,0.22784131042745584,True,"[{""generation"": 1, ""initial_outages"": [8], ""initial_outage_order"": 1, ""initial_outage_type"": ""N-1"", ""initial_outage_mode"": ""sampled"", ""outaged_lines"": [8, 14], ""proactive_action"": null, ""overloaded_lines"": [7, 9, 14], ""random_trips"": [14], ""pf_converged"": true, ""load_shed_MW"": 0.0, ""load_shed_ratio"": 0.0, ""invalid_action"": false, ""island_records"": [{""island_id"": 0, ""buses"": [0, 1, 2, 3, 4, 5, 6, 7, 8, 9, 10, 11, 12, 13], ""branches"": [0, 1, 2, 3, 4, 5, 6, 7, 9, 10, 11, 12, 13, 15, 16, 17, 18, 19], ""generators"": [0, 1, 2, 3, 4], ""loads"": [0, 1, 2, 3, 4, 5, 6, 7, 8, 9, 10], ""load_before_mw"": 268.6084876060486, ""load_after_mw"": 268.6084876060486, ""load_shed_mw"": 0.0, ""gen_before_mw"": 657.657237792015, ""gen_after_mw"": 268.6084876060486, ""balance_case"": ""generation_surplus""}]}, {""generation"": 2, ""initial_outages"": [8], ""initial_outage_order"": 1, ""initial_outage_type"": ""N-1"", ""initial_outage_mode"": ""sampled"", ""outaged_lines"": [8, 9, 10, 12, 14, 15, 17, 19], ""proactive_action"": null, ""overloaded_lines"": [4, 9, 10, 12, 15, 17, 19], ""random_trips"": [9, 10, 12, 15, 17, 19], ""pf_converged"": false, ""load_shed_MW"": 59.01089940071106, ""load_shed_ratio"": 0.22784131042745584, ""invalid_action"": false, ""island_records"": [{""island_id"": 0, ""buses"": [0, 1, 2, 3, 4, 6, 7], ""branches"": [0, 1, 2, 3, 4, 5, 6, 7, 13], ""generators"": [0, 1, 2, 4], ""loads"": [0, 1, 2, 3], ""load_before_mw"": 177.65495724678038, ""load_after_mw"": 177.65495724678038, ""load_shed_mw"": 0.0, ""gen_before_mw"": 572.5125928163528, ""gen_after_mw"": 177.65495724678038, ""balance_case"": ""generation_surplus""}, {""island_id"": 1, ""buses"": [5, 11, 12], ""branches"": [11, 18], ""generators"": [3], ""loads"": [4, 8, 9], ""load_before_mw"": 31.942630958557128, ""load_after_mw"": 31.942630958557128, ""load_shed_mw"": 0.0, ""gen_before_mw"": 85.14464497566223, ""gen_after_mw"": 31.942630958557128, ""balance_case"": ""generation_surplus""}, {""island_id"": 2, ""buses"": [8, 13], ""branches"": [16], ""generators"": [], ""loads"": [5, 10], ""load_before_mw"": 46.047169303894044, ""load_after_mw"": 0.0, ""load_shed_mw"": 46.047169303894044, ""gen_before_mw"": 0.0, ""gen_after_mw"": 0.0, ""balance_case"": ""no_generation""}, {""island_id"": 3, ""buses"": [9], ""branches"": [], ""generators"": [], ""loads"": [6], ""load_before_mw"": 9.333885669708252, ""load_after_mw"": 0.0, ""load_shed_mw"": 9.333885669708252, ""gen_before_mw"": 0.0, ""gen_after_mw"": 0.0, ""balance_case"": ""no_generation""}, {""island_id"": 4, ""buses"": [10], ""branches"": [], ""generators"": [], ""loads"": [7], ""load_before_mw"": 3.6298444271087646, ""load_after_mw"": 0.0, ""load_shed_mw"": 3.6298444271087646, ""gen_before_mw"": 0.0, ""gen_after_mw"": 0.0, ""balance_case"": ""no_generation""}]}]"
21,"6,9",common_bus_N-2,107.96922818672591,1,10,80.2898171544075,0.3099992940324614,True,"[{""generation"": 1, ""initial_outages"": [6, 9], ""initial_outage_order"": 2, ""initial_outage_type"": ""common_bus_N-2"", ""initial_outage_mode"": ""sampled"", ""outaged_lines"": [0, 2, 3, 6, 7, 8, 9, 14, 15, 16], ""proactive_action"": null, ""overloaded_lines"": [0, 2, 3, 7, 8, 10, 14, 15, 16, 17], ""random_trips"": [0, 2, 3, 7, 8, 14, 15, 16], ""pf_converged"": false, ""load_shed_MW"": 80.2898171544075, ""load_shed_ratio"": 0.3099992940324614, ""invalid_action"": false, ""island_records"": [{""island_id"": 0, ""buses"": [0, 1, 4], ""branches"": [1, 4], ""generators"": [0, 1], ""loads"": [0, 3], ""load_before_mw"": 32.339556872844696, ""load_after_mw"": 32.339556872844696, ""load_shed_mw"": 0.0, ""gen_before_mw"": 514.9228298187256, ""gen_after_mw"": 32.339556872844696, ""balance_case"": ""generation_surplus""}, {""island_id"": 1, ""buses"": [2, 3], ""branches"": [5], ""generators"": [2], ""loads"": [1, 2], ""load_before_mw"": 156.7309582233429, ""load_after_mw"": 109.00144577026367, ""load_shed_mw"": 47.729512453079224, ""gen_before_mw"": 109.00144577026367, ""gen_after_mw"": 109.00144577026367, ""balance_case"": ""generation_deficit""}, {""island_id"": 2, ""buses"": [5, 9, 10, 11, 12, 13], ""branches"": [10, 11, 12, 17, 18, 19], ""generators"": [3], ""loads"": [4, 6, 7, 8, 9, 10], ""load_before_mw"": 64.23761808872223, ""load_after_mw"": 64.23761808872223, ""load_shed_mw"": 0.0, ""gen_before_mw"": 109.00144577026367, ""gen_after_mw"": 64.23761808872223, ""balance_case"": ""generation_surplus""}, {""island_id"": 3, ""buses"": [6, 7], ""branches"": [13], ""generators"": [4], ""loads"": [], ""load_before_mw"": 0.0, ""load_after_mw"": 0.0, ""load_shed_mw"": 0.0, ""gen_before_mw"": 109.00144577026367, ""gen_after_mw"": 0.0, ""balance_case"": ""no_load""}, {""island_id"": 4, ""buses"": [8], ""branches"": [], ""generators"": [], ""loads"": [5], ""load_before_mw"": 32.56030470132828, ""load_after_mw"": 0.0, ""load_shed_mw"": 32.56030470132828, ""gen_before_mw"": 0.0, ""gen_after_mw"": 0.0, ""balance_case"": ""no_generation""}]}]"
22,8,N-1,107.86682581492086,2,8,13.058486580848694,0.05041886710752391,True,"[{""generation"": 1, ""initial_outages"": [8], ""initial_outage_order"": 1, ""initial_outage_type"": ""N-1"", ""initial_outage_mode"": ""sampled"", ""outaged_lines"": [7, 8], ""proactive_action"": null, ""overloaded_lines"": [7, 9, 14], ""random_trips"": [7], ""pf_converged"": true, ""load_shed_MW"": 0.0, ""load_shed_ratio"": 0.0, ""invalid_action"": false, ""island_records"": [{""island_id"": 0, ""buses"": [0, 1, 2, 3, 4, 5, 6, 7, 8, 9, 10, 11, 12, 13], ""branches"": [0, 1, 2, 3, 4, 5, 6, 9, 10, 11, 12, 13, 14, 15, 16, 17, 18, 19], ""generators"": [0, 1, 2, 3, 4], ""loads"": [0, 1, 2, 3, 4, 5, 6, 7, 8, 9, 10], ""load_before_mw"": 270.57184195518494, ""load_after_mw"": 270.57184195518494, ""load_shed_mw"": 0.0, ""gen_before_mw"": 809.9182588100433, ""gen_after_mw"": 270.57184195518494, ""balance_case"": ""generation_surplus""}]}, {""generation"": 2, ""initial_outages"": [8], ""initial_outage_order"": 1, ""initial_outage_type"": ""N-1"", ""initial_outage_mode"": ""sampled"", ""outaged_lines"": [7, 8, 9, 10, 12, 15, 17, 19], ""proactive_action"": null, ""overloaded_lines"": [4, 9, 10, 12, 15, 17, 19], ""random_trips"": [9, 10, 12, 15, 17, 19], ""pf_converged"": false, ""load_shed_MW"": 13.058486580848694, ""load_shed_ratio"": 0.05041886710752391, ""invalid_action"": false, ""island_records"": [{""island_id"": 0, ""buses"": [0, 1, 2, 3, 4], ""branches"": [0, 1, 2, 3, 4, 5, 6], ""generators"": [0, 1, 2], ""loads"": [0, 1, 2, 3], ""load_before_mw"": 178.9535001039505, ""load_after_mw"": 178.9535001039505, ""load_shed_mw"": 0.0, ""gen_before_mw"": 600.2035361766815, ""gen_after_mw"": 178.9535001039505, ""balance_case"": ""generation_surplus""}, {""island_id"": 1, ""buses"": [5, 11, 12], ""branches"": [11, 18], ""generators"": [3], ""loads"": [4, 8, 9], ""load_before_mw"": 32.17611093521118, ""load_after_mw"": 32.17611093521118, ""load_shed_mw"": 0.0, ""gen_before_mw"": 104.85736131668091, ""gen_after_mw"": 32.17611093521118, ""balance_case"": ""generation_surplus""}, {""island_id"": 2, ""buses"": [6, 7, 8, 13], ""branches"": [13, 14, 16], ""generators"": [4], ""loads"": [5, 10], ""load_before_mw"": 46.38374433517456, ""load_after_mw"": 46.38374433517456, ""load_shed_mw"": 0.0, ""gen_before_mw"": 104.85736131668091, ""gen_after_mw"": 46.38374433517456, ""balance_case"": ""generation_surplus""}, {""island_id"": 3, ""buses"": [9], ""branches"": [], ""generators"": [], ""loads"": [6], ""load_before_mw"": 9.40211033821106, ""load_after_mw"": 0.0, ""load_shed_mw"": 9.40211033821106, ""gen_before_mw"": 0.0, ""gen_after_mw"": 0.0, ""balance_case"": ""no_generation""}, {""island_id"": 4, ""buses"": [10], ""branches"": [], ""generators"": [], ""loads"": [7], ""load_before_mw"": 3.6563762426376343, ""load_after_mw"": 0.0, ""load_shed_mw"": 3.6563762426376343, ""gen_before_mw"": 0.0, ""gen_after_mw"": 0.0, ""balance_case"": ""no_generation""}]}]"
23,3,N-1,107.85719021925307,2,8,0.0,0.0,True,"[{""generation"": 1, ""initial_outages"": [3], ""initial_outage_order"": 1, ""initial_outage_type"": ""N-1"", ""initial_outage_mode"": ""sampled"", ""outaged_lines"": [3, 4, 6], ""proactive_action"": null, ""overloaded_lines"": [4, 6], ""random_trips"": [4, 6], ""pf_converged"": true, ""load_shed_MW"": 0.0, ""load_shed_ratio"": 0.0, ""invalid_action"": false, ""island_records"": [{""island_id"": 0, ""buses"": [0, 1, 2, 3, 4, 5, 6, 7, 8, 9, 10, 11, 12, 13], ""branches"": [0, 1, 2, 5, 7, 8, 9, 10, 11, 12, 13, 14, 15, 16, 17, 18, 19], ""generators"": [0, 1, 2, 3, 4], ""loads"": [0, 1, 2, 3, 4, 5, 6, 7, 8, 9, 10], ""load_before_mw"": 211.18962001800537, ""load_after_mw"": 211.18962001800537, ""load_shed_mw"": 0.0, ""gen_before_mw"": 827.5733358860016, ""gen_after_mw"": 211.18962001800537, ""balance_case"": ""generation_surplus""}]}, {""generation"": 2, ""initial_outages"": [3], ""initial_outage_order"": 1, ""initial_outage_type"": ""N-1"", ""initial_outage_mode"": ""sampled"", ""outaged_lines"": [2, 3, 4, 5, 6, 9, 10, 12], ""proactive_action"": null, ""overloaded_lines"": [2, 5, 9, 10, 12, 17], ""random_trips"": [2, 5, 9, 10, 12], ""pf_converged"": false, ""load_shed_MW"": 0.0, ""load_shed_ratio"": 0.0, ""invalid_action"": false, ""island_records"": [{""island_id"": 0, ""buses"": [0, 1, 4], ""branches"": [0, 1], ""generators"": [0, 1], ""loads"": [0, 3], ""load_before_mw"": 23.89133539199829, ""load_after_mw"": 23.89133539199829, ""load_shed_mw"": 0.0, ""gen_before_mw"": 506.1440236568451, ""gen_after_mw"": 23.89133539199829, ""balance_case"": ""generation_surplus""}, {""island_id"": 1, ""buses"": [2], ""branches"": [], ""generators"": [2], ""loads"": [1], ""load_before_mw"": 76.81105098724366, ""load_after_mw"": 76.81105098724366, ""load_shed_mw"": 0.0, ""gen_before_mw"": 107.1431040763855, ""gen_after_mw"": 76.81105098724366, ""balance_case"": ""generation_surplus""}, {""island_id"": 2, ""buses"": [3, 5, 6, 7, 8, 9, 10, 11, 12, 13], ""branches"": [7, 8, 11, 13, 14, 15, 16, 17, 18, 19], ""generators"": [3, 4], ""loads"": [2, 4, 5, 6, 7, 8, 9, 10], ""load_before_mw"": 110.48723363876343, ""load_after_mw"": 110.48723363876343, ""load_shed_mw"": 0.0, ""gen_before_mw"": 214.286208152771, ""gen_after_mw"": 110.48723363876343, ""balance_case"": ""generation_surplus""}]}]"
24,"1,6",common_bus_N-2,107.84790689600194,2,9,6.570591282844543,0.02536907831214109,True,"[{""generation"": 1, ""initial_outages"": [1, 6], ""initial_outage_order"": 2, ""initial_outage_type"": ""common_bus_N-2"", ""initial_outage_mode"": ""sampled"", ""outaged_lines"": [1, 3, 6], ""proactive_action"": null, ""overloaded_lines"": [0, 3, 4], ""random_trips"": [3], ""pf_converged"": true, ""load_shed_MW"": 0.0, ""load_shed_ratio"": 0.0, ""invalid_action"": false, ""island_records"": [{""island_id"": 0, ""buses"": [0, 1, 2, 3, 4, 5, 6, 7, 8, 9, 10, 11, 12, 13], ""branches"": [0, 2, 4, 5, 7, 8, 9, 10, 11, 12, 13, 14, 15, 16, 17, 18, 19], ""generators"": [0, 1, 2, 3, 4], ""loads"": [0, 1, 2, 3, 4, 5, 6, 7, 8, 9, 10], ""load_before_mw"": 223.91883450746536, ""load_after_mw"": 223.91883450746536, ""load_shed_mw"": 0.0, ""gen_before_mw"": 880.6525587558747, ""gen_after_mw"": 223.91883450746536, ""balance_case"": ""generation_surplus""}]}, {""generation"": 2, ""initial_outages"": [1, 6], ""initial_outage_order"": 2, ""initial_outage_type"": ""common_bus_N-2"", ""initial_outage_mode"": ""sampled"", ""outaged_lines"": [1, 2, 3, 4, 5, 6, 9, 10, 12], ""proactive_action"": null, ""overloaded_lines"": [0, 2, 4, 5, 9, 10, 12, 17], ""random_trips"": [2, 4, 5, 9, 10, 12], ""pf_converged"": false, ""load_shed_MW"": 6.570591282844543, ""load_shed_ratio"": 0.02536907831214109, ""invalid_action"": false, ""island_records"": [{""island_id"": 0, ""buses"": [0, 1], ""branches"": [0], ""generators"": [0, 1], ""loads"": [0], ""load_before_mw"": 18.76076721549034, ""load_after_mw"": 18.76076721549034, ""load_shed_mw"": 0.0, ""gen_before_mw"": 538.6072873592377, ""gen_after_mw"": 18.76076721549034, ""balance_case"": ""generation_surplus""}, {""island_id"": 1, ""buses"": [2], ""branches"": [], ""generators"": [2], ""loads"": [1], ""load_before_mw"": 81.44074984788895, ""load_after_mw"": 81.44074984788895, ""load_shed_mw"": 0.0, ""gen_before_mw"": 114.01509046554565, ""gen_after_mw"": 81.44074984788895, ""balance_case"": ""generation_surplus""}, {""island_id"": 2, ""buses"": [3, 5, 6, 7, 8, 9, 10, 11, 12, 13], ""branches"": [7, 8, 11, 13, 14, 15, 16, 17, 18, 19], ""generators"": [3, 4], ""loads"": [2, 4, 5, 6, 7, 8, 9, 10], ""load_before_mw"": 117.14672616124153, ""load_after_mw"": 117.14672616124153, ""load_shed_mw"": 0.0, ""gen_before_mw"": 228.0301809310913, ""gen_after_mw"": 117.14672616124153, ""balance_case"": ""generation_surplus""}, {""island_id"": 3, ""buses"": [4], ""branches"": [], ""generators"": [], ""loads"": [3], ""load_before_mw"": 6.570591282844543, ""load_after_mw"": 0.0, ""load_shed_mw"": 6.570591282844543, ""gen_before_mw"": 0.0, ""gen_after_mw"": 0.0, ""balance_case"": ""no_generation""}]}]"
25,"4,9",common_bus_N-2,107.83160860457967,1,10,40.461074757575986,0.15622036585936674,True,"[{""generation"": 1, ""initial_outages"": [4, 9], ""initial_outage_order"": 2, ""initial_outage_type"": ""common_bus_N-2"", ""initial_outage_mode"": ""sampled"", ""outaged_lines"": [1, 3, 4, 6, 7, 8, 9, 14, 15, 16], ""proactive_action"": null, ""overloaded_lines"": [1, 2, 3, 6, 7, 8, 10, 14, 15, 16, 17], ""random_trips"": [1, 3, 6, 7, 8, 14, 15, 16], ""pf_converged"": false, ""load_shed_MW"": 40.461074757575986, ""load_shed_ratio"": 0.15622036585936674, ""invalid_action"": false, ""island_records"": [{""island_id"": 0, ""buses"": [0, 1, 2, 3], ""branches"": [0, 2, 5], ""generators"": [0, 1, 2], ""loads"": [0, 1, 2], ""load_before_mw"": 178.530402636528, ""load_after_mw"": 178.530402636528, ""load_shed_mw"": 0.0, ""gen_before_mw"": 484.6038683652878, ""gen_after_mw"": 178.530402636528, ""balance_case"": ""generation_surplus""}, {""island_id"": 1, ""buses"": [4], ""branches"": [], ""generators"": [], ""loads"": [3], ""load_before_mw"": 8.288522052764892, ""load_after_mw"": 0.0, ""load_shed_mw"": 8.288522052764892, ""gen_before_mw"": 0.0, ""gen_after_mw"": 0.0, ""balance_case"": ""no_generation""}, {""island_id"": 2, ""buses"": [5, 9, 10, 11, 12, 13], ""branches"": [10, 11, 12, 17, 18, 19], ""generators"": [3], ""loads"": [4, 6, 7, 8, 9, 10], ""load_before_mw"": 63.472629404067995, ""load_after_mw"": 63.472629404067995, ""load_shed_mw"": 0.0, ""gen_before_mw"": 84.66175198554993, ""gen_after_mw"": 63.472629404067995, ""balance_case"": ""generation_surplus""}, {""island_id"": 3, ""buses"": [6, 7], ""branches"": [13], ""generators"": [4], ""loads"": [], ""load_before_mw"": 0.0, ""load_after_mw"": 0.0, ""load_shed_mw"": 0.0, ""gen_before_mw"": 84.66175198554993, ""gen_after_mw"": 0.0, ""balance_case"": ""no_load""}, {""island_id"": 4, ""buses"": [8], ""branches"": [], ""generators"": [], ""loads"": [5], ""load_before_mw"": 32.172552704811096, ""load_after_mw"": 0.0, ""load_shed_mw"": 32.172552704811096, ""gen_before_mw"": 0.0, ""gen_after_mw"": 0.0, ""balance_case"": ""no_generation""}]}]"
26,"14,16",common_bus_N-2,107.03423633717395,2,8,42.40215039253235,0.16371486638043378,True,"[{""generation"": 1, ""initial_outages"": [14, 16], ""initial_outage_order"": 2, ""initial_outage_type"": ""common_bus_N-2"", ""initial_outage_mode"": ""sampled"", ""outaged_lines"": [8, 14, 16], ""proactive_action"": null, ""overloaded_lines"": [8, 9, 12], ""random_trips"": [8], ""pf_converged"": true, ""load_shed_MW"": 0.0, ""load_shed_ratio"": 0.0, ""invalid_action"": false, ""island_records"": [{""island_id"": 0, ""buses"": [0, 1, 2, 3, 4, 5, 6, 7, 8, 9, 10, 11, 12, 13], ""branches"": [0, 1, 2, 3, 4, 5, 6, 7, 9, 10, 11, 12, 13, 15, 17, 18, 19], ""generators"": [0, 1, 2, 3, 4], ""loads"": [0, 1, 2, 3, 4, 5, 6, 7, 8, 9, 10], ""load_before_mw"": 261.47992742061615, ""load_after_mw"": 261.47992742061615, ""load_shed_mw"": 0.0, ""gen_before_mw"": 767.0525673627853, ""gen_after_mw"": 261.47992742061615, ""balance_case"": ""generation_surplus""}]}, {""generation"": 2, ""initial_outages"": [14, 16], ""initial_outage_order"": 2, ""initial_outage_type"": ""common_bus_N-2"", ""initial_outage_mode"": ""sampled"", ""outaged_lines"": [8, 9, 10, 12, 14, 15, 16, 17], ""proactive_action"": null, ""overloaded_lines"": [9, 10, 12, 15, 17], ""random_trips"": [9, 10, 12, 15, 17], ""pf_converged"": false, ""load_shed_MW"": 42.40215039253235, ""load_shed_ratio"": 0.16371486638043378, ""invalid_action"": false, ""island_records"": [{""island_id"": 0, ""buses"": [0, 1, 2, 3, 4, 6, 7], ""branches"": [0, 1, 2, 3, 4, 5, 6, 7, 13], ""generators"": [0, 1, 2, 4], ""loads"": [0, 1, 2, 3], ""load_before_mw"": 172.94019910097123, ""load_after_mw"": 172.94019910097123, ""load_shed_mw"": 0.0, ""gen_before_mw"": 667.744881272316, ""gen_after_mw"": 172.94019910097123, ""balance_case"": ""generation_surplus""}, {""island_id"": 1, ""buses"": [5, 11, 12, 13], ""branches"": [11, 18, 19], ""generators"": [3], ""loads"": [4, 8, 9, 10], ""load_before_mw"": 46.13757792711258, ""load_after_mw"": 46.13757792711258, ""load_shed_mw"": 0.0, ""gen_before_mw"": 99.30768609046936, ""gen_after_mw"": 46.13757792711258, ""balance_case"": ""generation_surplus""}, {""island_id"": 2, ""buses"": [8], ""branches"": [], ""generators"": [], ""loads"": [5], ""load_before_mw"": 29.782462775707245, ""load_after_mw"": 0.0, ""load_shed_mw"": 29.782462775707245, ""gen_before_mw"": 0.0, ""gen_after_mw"": 0.0, ""balance_case"": ""no_generation""}, {""island_id"": 3, ""buses"": [9], ""branches"": [], ""generators"": [], ""loads"": [6], ""load_before_mw"": 9.086175084114075, ""load_after_mw"": 0.0, ""load_shed_mw"": 9.086175084114075, ""gen_before_mw"": 0.0, ""gen_after_mw"": 0.0, ""balance_case"": ""no_generation""}, {""island_id"": 4, ""buses"": [10], ""branches"": [], ""generators"": [], ""loads"": [7], ""load_before_mw"": 3.533512532711029, ""load_after_mw"": 0.0, ""load_shed_mw"": 3.533512532711029, ""gen_before_mw"": 0.0, ""gen_after_mw"": 0.0, ""balance_case"": ""no_generation""}]}]"
27,"6,9",common_bus_N-2,107.02664539830396,1,9,71.45721459388733,0.2758965814435804,True,"[{""generation"": 1, ""initial_outages"": [6, 9], ""initial_outage_order"": 2, ""initial_outage_type"": ""common_bus_N-2"", ""initial_outage_mode"": ""sampled"", ""outaged_lines"": [2, 3, 6, 7, 8, 9, 14, 15, 17], ""proactive_action"": null, ""overloaded_lines"": [0, 2, 3, 7, 8, 10, 14, 15, 16, 17], ""random_trips"": [2, 3, 7, 8, 14, 15, 17], ""pf_converged"": false, ""load_shed_MW"": 71.45721459388733, ""load_shed_ratio"": 0.2758965814435804, ""invalid_action"": false, ""island_records"": [{""island_id"": 0, ""buses"": [0, 1, 4], ""branches"": [0, 1, 4], ""generators"": [0, 1], ""loads"": [0, 3], ""load_before_mw"": 30.386983346939086, ""load_after_mw"": 30.386983346939086, ""load_shed_mw"": 0.0, ""gen_before_mw"": 402.22330286502836, ""gen_after_mw"": 30.386983346939086, ""balance_case"": ""generation_surplus""}, {""island_id"": 1, ""buses"": [2, 3], ""branches"": [5], ""generators"": [2], ""loads"": [1, 2], ""load_before_mw"": 147.2679738998413, ""load_after_mw"": 85.14464497566223, ""load_shed_mw"": 62.12332892417908, ""gen_before_mw"": 85.14464497566223, ""gen_after_mw"": 85.14464497566223, ""balance_case"": ""generation_deficit""}, {""island_id"": 2, ""buses"": [5, 8, 10, 11, 12, 13], ""branches"": [10, 11, 12, 16, 18, 19], ""generators"": [3], ""loads"": [4, 5, 7, 8, 9, 10], ""load_before_mw"": 81.61964468955993, ""load_after_mw"": 81.61964468955993, ""load_shed_mw"": 0.0, ""gen_before_mw"": 85.14464497566223, ""gen_after_mw"": 81.61964468955993, ""balance_case"": ""generation_surplus""}, {""island_id"": 3, ""buses"": [6, 7], ""branches"": [13], ""generators"": [4], ""loads"": [], ""load_before_mw"": 0.0, ""load_after_mw"": 0.0, ""load_shed_mw"": 0.0, ""gen_before_mw"": 85.14464497566223, ""gen_after_mw"": 0.0, ""balance_case"": ""no_load""}, {""island_id"": 4, ""buses"": [9], ""branches"": [], ""generators"": [], ""loads"": [6], ""load_before_mw"": 9.333885669708252, ""load_after_mw"": 0.0, ""load_shed_mw"": 9.333885669708252, ""gen_before_mw"": 0.0, ""gen_after_mw"": 0.0, ""balance_case"": ""no_generation""}]}]"
28,12,N-1,107.00527880821642,2,7,37.07435327768326,0.1431442211493562,True,"[{""generation"": 1, ""initial_outages"": [12], ""initial_outage_order"": 1, ""initial_outage_type"": ""N-1"", ""initial_outage_mode"": ""sampled"", ""outaged_lines"": [11, 12], ""proactive_action"": null, ""overloaded_lines"": [7, 11, 14], ""random_trips"": [11], ""pf_converged"": true, ""load_shed_MW"": 0.0, ""load_shed_ratio"": 0.0, ""invalid_action"": false, ""island_records"": [{""island_id"": 0, ""buses"": [0, 1, 2, 3, 4, 5, 6, 7, 8, 9, 10, 11, 12, 13], ""branches"": [0, 1, 2, 3, 4, 5, 6, 7, 8, 9, 10, 13, 14, 15, 16, 17, 18, 19], ""generators"": [0, 1, 2, 3, 4], ""loads"": [0, 1, 2, 3, 4, 5, 6, 7, 8, 9, 10], ""load_before_mw"": 278.3263043165207, ""load_after_mw"": 278.3263043165207, ""load_shed_mw"": 0.0, ""gen_before_mw"": 730.4827963590621, ""gen_after_mw"": 278.3263043165207, ""balance_case"": ""generation_surplus""}]}, {""generation"": 2, ""initial_outages"": [12], ""initial_outage_order"": 1, ""initial_outage_type"": ""N-1"", ""initial_outage_mode"": ""sampled"", ""outaged_lines"": [6, 7, 10, 11, 12, 14, 16], ""proactive_action"": null, ""overloaded_lines"": [6, 7, 8, 10, 14, 16, 19], ""random_trips"": [6, 7, 10, 14, 16], ""pf_converged"": false, ""load_shed_MW"": 37.07435327768326, ""load_shed_ratio"": 0.1431442211493562, ""invalid_action"": false, ""island_records"": [{""island_id"": 0, ""buses"": [0, 1, 2, 3, 4, 5, 8, 9, 10], ""branches"": [0, 1, 2, 3, 4, 5, 8, 9, 15, 17], ""generators"": [0, 1, 2, 3], ""loads"": [0, 1, 2, 3, 4, 5, 6, 7], ""load_before_mw"": 241.25195103883743, ""load_after_mw"": 241.25195103883743, ""load_shed_mw"": 0.0, ""gen_before_mw"": 635.9096740961074, ""gen_after_mw"": 241.25195103883743, ""balance_case"": ""generation_surplus""}, {""island_id"": 1, ""buses"": [6, 7], ""branches"": [13], ""generators"": [4], ""loads"": [], ""load_before_mw"": 0.0, ""load_after_mw"": 0.0, ""load_shed_mw"": 0.0, ""gen_before_mw"": 94.57312226295471, ""gen_after_mw"": 0.0, ""balance_case"": ""no_load""}, {""island_id"": 2, ""buses"": [11, 12, 13], ""branches"": [18, 19], ""generators"": [], ""loads"": [8, 9, 10], ""load_before_mw"": 37.07435327768326, ""load_after_mw"": 0.0, ""load_shed_mw"": 37.07435327768326, ""gen_before_mw"": 0.0, ""gen_after_mw"": 0.0, ""balance_case"": ""no_generation""}]}]"
29,"8,14",common_bus_N-2,106.9803091290963,1,9,70.2973847746849,0.2714184740335324,True,"[{""generation"": 1, ""initial_outages"": [8, 14], ""initial_outage_order"": 2, ""initial_outage_type"": ""common_bus_N-2"", ""initial_outage_mode"": ""sampled"", ""outaged_lines"": [4, 8, 9, 10, 12, 14, 15, 17, 19], ""proactive_action"": null, ""overloaded_lines"": [0, 1, 2, 3, 4, 5, 9, 10, 12, 15, 17, 19], ""random_trips"": [4, 9, 10, 12, 15, 17, 19], ""pf_converged"": false, ""load_shed_MW"": 70.2973847746849, ""load_shed_ratio"": 0.2714184740335324, ""invalid_action"": false, ""island_records"": [{""island_id"": 0, ""buses"": [0, 1, 2, 3, 4, 6, 7], ""branches"": [0, 1, 2, 3, 5, 6, 7, 13], ""generators"": [0, 1, 2, 4], ""loads"": [0, 1, 2, 3], ""load_before_mw"": 211.63342727422713, ""load_after_mw"": 211.63342727422713, ""load_shed_mw"": 0.0, ""gen_before_mw"": 703.922597503662, ""gen_after_mw"": 211.63342727422713, ""balance_case"": ""generation_surplus""}, {""island_id"": 1, ""buses"": [5, 11, 12], ""branches"": [11, 18], ""generators"": [3], ""loads"": [4, 8, 9], ""load_before_mw"": 38.052011442184444, ""load_after_mw"": 38.052011442184444, ""load_shed_mw"": 0.0, ""gen_before_mw"": 104.68807220458984, ""gen_after_mw"": 38.052011442184444, ""balance_case"": ""generation_surplus""}, {""island_id"": 2, ""buses"": [8, 13], ""branches"": [16], ""generators"": [], ""loads"": [5, 10], ""load_before_mw"": 54.8541983127594, ""load_after_mw"": 0.0, ""load_shed_mw"": 54.8541983127594, ""gen_before_mw"": 0.0, ""gen_after_mw"": 0.0, ""balance_case"": ""no_generation""}, {""island_id"": 3, ""buses"": [9], ""branches"": [], ""generators"": [], ""loads"": [6], ""load_before_mw"": 11.119094252586365, ""load_after_mw"": 0.0, ""load_shed_mw"": 11.119094252586365, ""gen_before_mw"": 0.0, ""gen_after_mw"": 0.0, ""balance_case"": ""no_generation""}, {""island_id"": 4, ""buses"": [10], ""branches"": [], ""generators"": [], ""loads"": [7], ""load_before_mw"": 4.324092209339142, ""load_after_mw"": 0.0, ""load_shed_mw"": 4.324092209339142, ""gen_before_mw"": 0.0, ""gen_after_mw"": 0.0, ""balance_case"": ""no_generation""}]}]"
30,"8,14",common_bus_N-2,106.9803091290963,1,9,65.03232533931732,0.2510900592251634,True,"[{""generation"": 1, ""initial_outages"": [8, 14], ""initial_outage_order"": 2, ""initial_outage_type"": ""common_bus_N-2"", ""initial_outage_mode"": ""sampled"", ""outaged_lines"": [5, 8, 9, 10, 12, 14, 15, 17, 19], ""proactive_action"": null, ""overloaded_lines"": [0, 1, 4, 5, 9, 10, 12, 15, 17, 19], ""random_trips"": [5, 9, 10, 12, 15, 17, 19], ""pf_converged"": false, ""load_shed_MW"": 65.03232533931732, ""load_shed_ratio"": 0.2510900592251634, ""invalid_action"": false, ""island_records"": [{""island_id"": 0, ""buses"": [0, 1, 2, 3, 4, 6, 7], ""branches"": [0, 1, 2, 3, 4, 6, 7, 13], ""generators"": [0, 1, 2, 4], ""loads"": [0, 1, 2, 3], ""load_before_mw"": 195.78272988796235, ""load_after_mw"": 195.78272988796235, ""load_shed_mw"": 0.0, ""gen_before_mw"": 696.7340980052948, ""gen_after_mw"": 195.78272988796235, ""balance_case"": ""generation_surplus""}, {""island_id"": 1, ""buses"": [5, 11, 12], ""branches"": [11, 18], ""generators"": [3], ""loads"": [4, 8, 9], ""load_before_mw"": 35.202031993865965, ""load_after_mw"": 35.202031993865965, ""load_shed_mw"": 0.0, ""gen_before_mw"": 103.61899137496948, ""gen_after_mw"": 35.202031993865965, ""balance_case"": ""generation_surplus""}, {""island_id"": 2, ""buses"": [8, 13], ""branches"": [16], ""generators"": [], ""loads"": [5, 10], ""load_before_mw"": 50.745786380767825, ""load_after_mw"": 0.0, ""load_shed_mw"": 50.745786380767825, ""gen_before_mw"": 0.0, ""gen_after_mw"": 0.0, ""balance_case"": ""no_generation""}, {""island_id"": 3, ""buses"": [9], ""branches"": [], ""generators"": [], ""loads"": [6], ""load_before_mw"": 10.28630805015564, ""load_after_mw"": 0.0, ""load_shed_mw"": 10.28630805015564, ""gen_before_mw"": 0.0, ""gen_after_mw"": 0.0, ""balance_case"": ""no_generation""}, {""island_id"": 4, ""buses"": [10], ""branches"": [], ""generators"": [], ""loads"": [7], ""load_before_mw"": 4.00023090839386, ""load_after_mw"": 0.0, ""load_shed_mw"": 4.00023090839386, ""gen_before_mw"": 0.0, ""gen_after_mw"": 0.0, ""balance_case"": ""no_generation""}]}]"
31,1,N-1,106.94547989531556,3,6,0.0,0.0,True,"[{""generation"": 1, ""initial_outages"": [1], ""initial_outage_order"": 1, ""initial_outage_type"": ""N-1"", ""initial_outage_mode"": ""sampled"", ""outaged_lines"": [1, 4], ""proactive_action"": null, ""overloaded_lines"": [0, 3, 4], ""random_trips"": [4], ""pf_converged"": true, ""load_shed_MW"": 0.0, ""load_shed_ratio"": 0.0, ""invalid_action"": false, ""island_records"": [{""island_id"": 0, ""buses"": [0, 1, 2, 3, 4, 5, 6, 7, 8, 9, 10, 11, 12, 13], ""branches"": [0, 2, 3, 5, 6, 7, 8, 9, 10, 11, 12, 13, 14, 15, 16, 17, 18, 19], ""generators"": [0, 1, 2, 3, 4], ""loads"": [0, 1, 2, 3, 4, 5, 6, 7, 8, 9, 10], ""load_before_mw"": 212.76286613941193, ""load_after_mw"": 212.76286613941193, ""load_shed_mw"": 0.0, ""gen_before_mw"": 753.8540294408798, ""gen_after_mw"": 212.76286613941193, ""balance_case"": ""generation_surplus""}]}, {""generation"": 2, ""initial_outages"": [1], ""initial_outage_order"": 1, ""initial_outage_type"": ""N-1"", ""initial_outage_mode"": ""sampled"", ""outaged_lines"": [1, 3, 4], ""proactive_action"": null, ""overloaded_lines"": [0, 2, 3], ""random_trips"": [3], ""pf_converged"": true, ""load_shed_MW"": 0.0, ""load_shed_ratio"": 0.0, ""invalid_action"": false, ""island_records"": [{""island_id"": 0, ""buses"": [0, 1, 2, 3, 4, 5, 6, 7, 8, 9, 10, 11, 12, 13], ""branches"": [0, 2, 5, 6, 7, 8, 9, 10, 11, 12, 13, 14, 15, 16, 17, 18, 19], ""generators"": [0, 1, 2, 3, 4], ""loads"": [0, 1, 2, 3, 4, 5, 6, 7, 8, 9, 10], ""load_before_mw"": 212.76286613941193, ""load_after_mw"": 212.76286613941193, ""load_shed_mw"": 0.0, ""gen_before_mw"": 753.8540294408798, ""gen_after_mw"": 212.76286613941193, ""balance_case"": ""generation_surplus""}]}, {""generation"": 3, ""initial_outages"": [1], ""initial_outage_order"": 1, ""initial_outage_type"": ""N-1"", ""initial_outage_mode"": ""sampled"", ""outaged_lines"": [0, 1, 2, 3, 4, 5], ""proactive_action"": null, ""overloaded_lines"": [0, 2, 5], ""random_trips"": [0, 2, 5], ""pf_converged"": false, ""load_shed_MW"": 0.0, ""load_shed_ratio"": 0.0, ""invalid_action"": false, ""island_records"": [{""island_id"": 0, ""buses"": [0], ""branches"": [], ""generators"": [0], ""loads"": [], ""load_before_mw"": 0.0, ""load_after_mw"": 0.0, ""load_shed_mw"": 0.0, ""gen_before_mw"": 324.41879775524137, ""gen_after_mw"": 0.0, ""balance_case"": ""no_load""}, {""island_id"": 1, ""buses"": [1], ""branches"": [], ""generators"": [1], ""loads"": [0], ""load_before_mw"": 17.82607797384262, ""load_after_mw"": 17.82607797384262, ""load_shed_mw"": 0.0, ""gen_before_mw"": 136.63848280906677, ""gen_after_mw"": 17.82607797384262, ""balance_case"": ""generation_surplus""}, {""island_id"": 2, ""buses"": [2], ""branches"": [], ""generators"": [2], ""loads"": [1], ""load_before_mw"": 77.38325092792512, ""load_after_mw"": 77.38325092792512, ""load_shed_mw"": 0.0, ""gen_before_mw"": 97.59891629219055, ""gen_after_mw"": 77.38325092792512, ""balance_case"": ""generation_surplus""}, {""island_id"": 3, ""buses"": [3, 4, 5, 6, 7, 8, 9, 10, 11, 12, 13], ""branches"": [6, 7, 8, 9, 10, 11, 12, 13, 14, 15, 16, 17, 18, 19], ""generators"": [3, 4], ""loads"": [2, 3, 4, 5, 6, 7, 8, 9, 10], ""load_before_mw"": 117.55353723764419, ""load_after_mw"": 117.55353723764419, ""load_shed_mw"": 0.0, ""gen_before_mw"": 195.1978325843811, ""gen_after_mw"": 117.55353723764419, ""balance_case"": ""generation_surplus""}]}]"
32,"9,12",common_bus_N-2,106.92278017156734,1,9,47.8657751083374,0.1848099425032332,True,"[{""generation"": 1, ""initial_outages"": [9, 12], ""initial_outage_order"": 2, ""initial_outage_type"": ""common_bus_N-2"", ""initial_outage_mode"": ""sampled"", ""outaged_lines"": [6, 7, 8, 9, 10, 12, 14, 15, 16], ""proactive_action"": null, ""overloaded_lines"": [0, 2, 3, 6, 7, 8, 10, 14, 15, 16, 17], ""random_trips"": [6, 7, 8, 10, 14, 15, 16], ""pf_converged"": false, ""load_shed_MW"": 47.8657751083374, ""load_shed_ratio"": 0.1848099425032332, ""invalid_action"": false, ""island_records"": [{""island_id"": 0, ""buses"": [0, 1, 2, 3, 4], ""branches"": [0, 1, 2, 3, 4, 5], ""generators"": [0, 1, 2], ""loads"": [0, 1, 2, 3], ""load_before_mw"": 195.2239827632904, ""load_after_mw"": 195.2239827632904, ""load_shed_mw"": 0.0, ""gen_before_mw"": 569.8324043512343, ""gen_after_mw"": 195.2239827632904, ""balance_case"": ""generation_surplus""}, {""island_id"": 1, ""buses"": [5, 11, 12, 13], ""branches"": [11, 18, 19], ""generators"": [3], ""loads"": [4, 8, 9, 10], ""load_before_mw"": 52.082521963119504, ""load_after_mw"": 52.082521963119504, ""load_shed_mw"": 0.0, ""gen_before_mw"": 99.55143332481384, ""gen_after_mw"": 52.082521963119504, ""balance_case"": ""generation_surplus""}, {""island_id"": 2, ""buses"": [6, 7], ""branches"": [13], ""generators"": [4], ""loads"": [], ""load_before_mw"": 0.0, ""load_after_mw"": 0.0, ""load_shed_mw"": 0.0, ""gen_before_mw"": 99.55143332481384, ""gen_after_mw"": 0.0, ""balance_case"": ""no_load""}, {""island_id"": 3, ""buses"": [8], ""branches"": [], ""generators"": [], ""loads"": [5], ""load_before_mw"": 33.62000870704651, ""load_after_mw"": 0.0, ""load_shed_mw"": 33.62000870704651, ""gen_before_mw"": 0.0, ""gen_after_mw"": 0.0, ""balance_case"": ""no_generation""}, {""island_id"": 4, ""buses"": [9, 10], ""branches"": [17], ""generators"": [], ""loads"": [6, 7], ""load_before_mw"": 14.245766401290894, ""load_after_mw"": 0.0, ""load_shed_mw"": 14.245766401290894, ""gen_before_mw"": 0.0, ""gen_after_mw"": 0.0, ""balance_case"": ""no_generation""}]}]"
33,"9,11",common_bus_N-2,106.90926665805382,1,9,45.5296648144722,0.1757902116388888,True,"[{""generation"": 1, ""initial_outages"": [9, 11], ""initial_outage_order"": 2, ""initial_outage_type"": ""common_bus_N-2"", ""initial_outage_mode"": ""sampled"", ""outaged_lines"": [6, 7, 8, 9, 11, 14, 15, 16, 17], ""proactive_action"": null, ""overloaded_lines"": [0, 1, 2, 3, 6, 7, 8, 10, 14, 15, 16, 17], ""random_trips"": [6, 7, 8, 14, 15, 16, 17], ""pf_converged"": false, ""load_shed_MW"": 45.5296648144722, ""load_shed_ratio"": 0.1757902116388888, ""invalid_action"": false, ""island_records"": [{""island_id"": 0, ""buses"": [0, 1, 2, 3, 4], ""branches"": [0, 1, 2, 3, 4, 5], ""generators"": [0, 1, 2], ""loads"": [0, 1, 2, 3], ""load_before_mw"": 202.5774437069893, ""load_after_mw"": 202.5774437069893, ""load_shed_mw"": 0.0, ""gen_before_mw"": 567.6536481142043, ""gen_after_mw"": 202.5774437069893, ""balance_case"": ""generation_surplus""}, {""island_id"": 1, ""buses"": [5, 10, 11, 12, 13], ""branches"": [10, 12, 18, 19], ""generators"": [3], ""loads"": [4, 7, 8, 9, 10], ""load_before_mw"": 58.18336386680603, ""load_after_mw"": 58.18336386680603, ""load_shed_mw"": 0.0, ""gen_before_mw"": 99.1707980632782, ""gen_after_mw"": 58.18336386680603, ""balance_case"": ""generation_surplus""}, {""island_id"": 2, ""buses"": [6, 7], ""branches"": [13], ""generators"": [4], ""loads"": [], ""load_before_mw"": 0.0, ""load_after_mw"": 0.0, ""load_shed_mw"": 0.0, ""gen_before_mw"": 99.1707980632782, ""gen_after_mw"": 0.0, ""balance_case"": ""no_load""}, {""island_id"": 3, ""buses"": [8], ""branches"": [], ""generators"": [], ""loads"": [5], ""load_before_mw"": 34.88636654615402, ""load_after_mw"": 0.0, ""load_shed_mw"": 34.88636654615402, ""gen_before_mw"": 0.0, ""gen_after_mw"": 0.0, ""balance_case"": ""no_generation""}, {""island_id"": 4, ""buses"": [9], ""branches"": [], ""generators"": [], ""loads"": [6], ""load_before_mw"": 10.643298268318176, ""load_after_mw"": 0.0, ""load_shed_mw"": 10.643298268318176, ""gen_before_mw"": 0.0, ""gen_after_mw"": 0.0, ""balance_case"": ""no_generation""}]}]"
34,"9,11",common_bus_N-2,106.90926665805382,1,9,45.385621547698975,0.17523406002972577,True,"[{""generation"": 1, ""initial_outages"": [9, 11], ""initial_outage_order"": 2, ""initial_outage_type"": ""common_bus_N-2"", ""initial_outage_mode"": ""sampled"", ""outaged_lines"": [6, 7, 8, 9, 11, 14, 15, 16, 17], ""proactive_action"": null, ""overloaded_lines"": [0, 1, 2, 3, 6, 7, 8, 10, 14, 15, 16, 17], ""random_trips"": [6, 7, 8, 14, 15, 16, 17], ""pf_converged"": false, ""load_shed_MW"": 45.385621547698975, ""load_shed_ratio"": 0.17523406002972577, ""invalid_action"": false, ""island_records"": [{""island_id"": 0, ""buses"": [0, 1, 2, 3, 4], ""branches"": [0, 1, 2, 3, 4, 5], ""generators"": [0, 1, 2], ""loads"": [0, 1, 2, 3], ""load_before_mw"": 201.93654470443727, ""load_after_mw"": 201.93654470443727, ""load_shed_mw"": 0.0, ""gen_before_mw"": 639.536739206314, ""gen_after_mw"": 201.93654470443727, ""balance_case"": ""generation_surplus""}, {""island_id"": 1, ""buses"": [5, 10, 11, 12, 13], ""branches"": [10, 12, 18, 19], ""generators"": [3], ""loads"": [4, 7, 8, 9, 10], ""load_before_mw"": 57.99928779602051, ""load_after_mw"": 57.99928779602051, ""load_shed_mw"": 0.0, ""gen_before_mw"": 111.72899007797241, ""gen_after_mw"": 57.99928779602051, ""balance_case"": ""generation_surplus""}, {""island_id"": 2, ""buses"": [6, 7], ""branches"": [13], ""generators"": [4], ""loads"": [], ""load_before_mw"": 0.0, ""load_after_mw"": 0.0, ""load_shed_mw"": 0.0, ""gen_before_mw"": 111.72899007797241, ""gen_after_mw"": 0.0, ""balance_case"": ""no_load""}, {""island_id"": 3, ""buses"": [8], ""branches"": [], ""generators"": [], ""loads"": [5], ""load_before_mw"": 34.77599573135376, ""load_after_mw"": 0.0, ""load_shed_mw"": 34.77599573135376, ""gen_before_mw"": 0.0, ""gen_after_mw"": 0.0, ""balance_case"": ""no_generation""}, {""island_id"": 4, ""buses"": [9], ""branches"": [], ""generators"": [], ""loads"": [6], ""load_before_mw"": 10.609625816345215, ""load_after_mw"": 0.0, ""load_shed_mw"": 10.609625816345215, ""gen_before_mw"": 0.0, ""gen_after_mw"": 0.0, ""balance_case"": ""no_generation""}]}]"
35,"9,11",common_bus_N-2,106.90926665805382,1,9,42.65916270017624,0.16470719189257235,True,"[{""generation"": 1, ""initial_outages"": [9, 11], ""initial_outage_order"": 2, ""initial_outage_type"": ""common_bus_N-2"", ""initial_outage_mode"": ""sampled"", ""outaged_lines"": [6, 7, 8, 9, 11, 14, 15, 16, 17], ""proactive_action"": null, ""overloaded_lines"": [0, 2, 3, 6, 7, 8, 10, 14, 15, 16, 17], ""random_trips"": [6, 7, 8, 14, 15, 16, 17], ""pf_converged"": false, ""load_shed_MW"": 42.65916270017624, ""load_shed_ratio"": 0.16470719189257235, ""invalid_action"": false, ""island_records"": [{""island_id"": 0, ""buses"": [0, 1, 2, 3, 4], ""branches"": [0, 1, 2, 3, 4, 5], ""generators"": [0, 1, 2], ""loads"": [0, 1, 2, 3], ""load_before_mw"": 189.80557326078414, ""load_after_mw"": 189.80557326078414, ""load_shed_mw"": 0.0, ""gen_before_mw"": 593.838538312912, ""gen_after_mw"": 189.80557326078414, ""balance_case"": ""generation_surplus""}, {""island_id"": 1, ""buses"": [5, 10, 11, 12, 13], ""branches"": [10, 12, 18, 19], ""generators"": [3], ""loads"": [4, 7, 8, 9, 10], ""load_before_mw"": 54.51508584022522, ""load_after_mw"": 54.51508584022522, ""load_shed_mw"": 0.0, ""gen_before_mw"": 103.74537706375122, ""gen_after_mw"": 54.51508584022522, ""balance_case"": ""generation_surplus""}, {""island_id"": 2, ""buses"": [6, 7], ""branches"": [13], ""generators"": [4], ""loads"": [], ""load_before_mw"": 0.0, ""load_after_mw"": 0.0, ""load_shed_mw"": 0.0, ""gen_before_mw"": 103.74537706375122, ""gen_after_mw"": 0.0, ""balance_case"": ""no_load""}, {""island_id"": 3, ""buses"": [8], ""branches"": [], ""generators"": [], ""loads"": [5], ""load_before_mw"": 32.68689090013504, ""load_after_mw"": 0.0, ""load_shed_mw"": 32.68689090013504, ""gen_before_mw"": 0.0, ""gen_after_mw"": 0.0, ""balance_case"": ""no_generation""}, {""island_id"": 4, ""buses"": [9], ""branches"": [], ""generators"": [], ""loads"": [6], ""load_before_mw"": 9.972271800041199, ""load_after_mw"": 0.0, ""load_shed_mw"": 9.972271800041199, ""gen_before_mw"": 0.0, ""gen_after_mw"": 0.0, ""balance_case"": ""no_generation""}]}]"
36,"9,12",common_bus_N-2,106.90926665805382,1,9,40.705213606357574,0.15716298689713348,True,"[{""generation"": 1, ""initial_outages"": [9, 12], ""initial_outage_order"": 2, ""initial_outage_type"": ""common_bus_N-2"", ""initial_outage_mode"": ""sampled"", ""outaged_lines"": [6, 7, 8, 9, 12, 14, 15, 16, 17], ""proactive_action"": null, ""overloaded_lines"": [3, 6, 7, 8, 10, 14, 15, 16, 17], ""random_trips"": [6, 7, 8, 14, 15, 16, 17], ""pf_converged"": false, ""load_shed_MW"": 40.705213606357574, ""load_shed_ratio"": 0.15716298689713348, ""invalid_action"": false, ""island_records"": [{""island_id"": 0, ""buses"": [0, 1, 2, 3, 4], ""branches"": [0, 1, 2, 3, 4, 5], ""generators"": [0, 1, 2], ""loads"": [0, 1, 2, 3], ""load_before_mw"": 181.11176859140397, ""load_after_mw"": 181.11176859140397, ""load_shed_mw"": 0.0, ""gen_before_mw"": 639.1453409671783, ""gen_after_mw"": 181.11176859140397, ""balance_case"": ""generation_surplus""}, {""island_id"": 1, ""buses"": [5, 10, 11, 12, 13], ""branches"": [10, 11, 18, 19], ""generators"": [3], ""loads"": [4, 7, 8, 9, 10], ""load_before_mw"": 52.018091154098514, ""load_after_mw"": 52.018091154098514, ""load_shed_mw"": 0.0, ""gen_before_mw"": 111.66061162948608, ""gen_after_mw"": 52.018091154098514, ""balance_case"": ""generation_surplus""}, {""island_id"": 2, ""buses"": [6, 7], ""branches"": [13], ""generators"": [4], ""loads"": [], ""load_before_mw"": 0.0, ""load_after_mw"": 0.0, ""load_shed_mw"": 0.0, ""gen_before_mw"": 111.66061162948608, ""gen_after_mw"": 0.0, ""balance_case"": ""no_load""}, {""island_id"": 3, ""buses"": [8], ""branches"": [], ""generators"": [], ""loads"": [5], ""load_before_mw"": 31.18970912694931, ""load_after_mw"": 0.0, ""load_shed_mw"": 31.18970912694931, ""gen_before_mw"": 0.0, ""gen_after_mw"": 0.0, ""balance_case"": ""no_generation""}, {""island_id"": 4, ""buses"": [9], ""branches"": [], ""generators"": [], ""loads"": [6], ""load_before_mw"": 9.515504479408264, ""load_after_mw"": 0.0, ""load_shed_mw"": 9.515504479408264, ""gen_before_mw"": 0.0, ""gen_after_mw"": 0.0, ""balance_case"": ""no_generation""}]}]"
37,9,N-1,106.90926665805382,1,8,40.09801971912384,0.1548186089541461,True,"[{""generation"": 1, ""initial_outages"": [9], ""initial_outage_order"": 1, ""initial_outage_type"": ""N-1"", ""initial_outage_mode"": ""sampled"", ""outaged_lines"": [6, 7, 8, 9, 14, 15, 16, 17], ""proactive_action"": null, ""overloaded_lines"": [6, 7, 8, 10, 14, 15, 16, 17], ""random_trips"": [6, 7, 8, 14, 15, 16, 17], ""pf_converged"": false, ""load_shed_MW"": 40.09801971912384, ""load_shed_ratio"": 0.1548186089541461, ""invalid_action"": false, ""island_records"": [{""island_id"": 0, ""buses"": [0, 1, 2, 3, 4], ""branches"": [0, 1, 2, 3, 4, 5], ""generators"": [0, 1, 2], ""loads"": [0, 1, 2, 3], ""load_before_mw"": 178.4101500749588, ""load_after_mw"": 178.4101500749588, ""load_shed_mw"": 0.0, ""gen_before_mw"": 556.3003015279769, ""gen_after_mw"": 178.4101500749588, ""balance_case"": ""generation_surplus""}, {""island_id"": 1, ""buses"": [5, 10, 11, 12, 13], ""branches"": [10, 11, 12, 18, 19], ""generators"": [3], ""loads"": [4, 7, 8, 9, 10], ""load_before_mw"": 51.242144680023195, ""load_after_mw"": 51.242144680023195, ""load_shed_mw"": 0.0, ""gen_before_mw"": 97.18733429908752, ""gen_after_mw"": 51.242144680023195, ""balance_case"": ""generation_surplus""}, {""island_id"": 2, ""buses"": [6, 7], ""branches"": [13], ""generators"": [4], ""loads"": [], ""load_before_mw"": 0.0, ""load_after_mw"": 0.0, ""load_shed_mw"": 0.0, ""gen_before_mw"": 97.18733429908752, ""gen_after_mw"": 0.0, ""balance_case"": ""no_load""}, {""island_id"": 3, ""buses"": [8], ""branches"": [], ""generators"": [], ""loads"": [5], ""load_before_mw"": 30.724456667900085, ""load_after_mw"": 0.0, ""load_shed_mw"": 30.724456667900085, ""gen_before_mw"": 0.0, ""gen_after_mw"": 0.0, ""balance_case"": ""no_generation""}, {""island_id"": 4, ""buses"": [9], ""branches"": [], ""generators"": [], ""loads"": [6], ""load_before_mw"": 9.373563051223755, ""load_after_mw"": 0.0, ""load_shed_mw"": 9.373563051223755, ""gen_before_mw"": 0.0, ""gen_after_mw"": 0.0, ""balance_case"": ""no_generation""}]}]"
38,3,N-1,106.8855876885253,2,7,3.2286574244499207,0.012465858781659926,True,"[{""generation"": 1, ""initial_outages"": [3], ""initial_outage_order"": 1, ""initial_outage_type"": ""N-1"", ""initial_outage_mode"": ""sampled"", ""outaged_lines"": [3, 6], ""proactive_action"": null, ""overloaded_lines"": [4, 6], ""random_trips"": [6], ""pf_converged"": true, ""load_shed_MW"": 0.0, ""load_shed_ratio"": 0.0, ""invalid_action"": false, ""island_records"": [{""island_id"": 0, ""buses"": [0, 1, 2, 3, 4, 5, 6, 7, 8, 9, 10, 11, 12, 13], ""branches"": [0, 1, 2, 4, 5, 7, 8, 9, 10, 11, 12, 13, 14, 15, 16, 17, 18, 19], ""generators"": [0, 1, 2, 3, 4], ""loads"": [0, 1, 2, 3, 4, 5, 6, 7, 8, 9, 10], ""load_before_mw"": 238.92064940929413, ""load_after_mw"": 238.92064940929413, ""load_shed_mw"": 0.0, ""gen_before_mw"": 893.1323416233063, ""gen_after_mw"": 238.92064940929413, ""balance_case"": ""generation_surplus""}]}, {""generation"": 2, ""initial_outages"": [3], ""initial_outage_order"": 1, ""initial_outage_type"": ""N-1"", ""initial_outage_mode"": ""sampled"", ""outaged_lines"": [2, 3, 5, 6, 9, 10, 17], ""proactive_action"": null, ""overloaded_lines"": [2, 5, 9, 10, 12, 17, 19], ""random_trips"": [2, 5, 9, 10, 17], ""pf_converged"": false, ""load_shed_MW"": 3.2286574244499207, ""load_shed_ratio"": 0.012465858781659926, ""invalid_action"": false, ""island_records"": [{""island_id"": 0, ""buses"": [0, 1, 4], ""branches"": [0, 1, 4], ""generators"": [0, 1], ""loads"": [0, 3], ""load_before_mw"": 27.02847501039505, ""load_after_mw"": 27.02847501039505, ""load_shed_mw"": 0.0, ""gen_before_mw"": 546.2399251461029, ""gen_after_mw"": 27.02847501039505, ""balance_case"": ""generation_surplus""}, {""island_id"": 1, ""buses"": [2], ""branches"": [], ""generators"": [2], ""loads"": [1], ""load_before_mw"": 86.89700839519502, ""load_after_mw"": 86.89700839519502, ""load_shed_mw"": 0.0, ""gen_before_mw"": 115.63080549240112, ""gen_after_mw"": 86.89700839519502, ""balance_case"": ""generation_surplus""}, {""island_id"": 2, ""buses"": [3, 5, 6, 7, 8, 9, 11, 12, 13], ""branches"": [7, 8, 11, 12, 13, 14, 15, 16, 18, 19], ""generators"": [3, 4], ""loads"": [2, 4, 5, 6, 8, 9, 10], ""load_before_mw"": 121.76650857925415, ""load_after_mw"": 121.76650857925415, ""load_shed_mw"": 0.0, ""gen_before_mw"": 231.26161098480225, ""gen_after_mw"": 121.76650857925415, ""balance_case"": ""generation_surplus""}, {""island_id"": 3, ""buses"": [10], ""branches"": [], ""generators"": [], ""loads"": [7], ""load_before_mw"": 3.2286574244499207, ""load_after_mw"": 0.0, ""load_shed_mw"": 3.2286574244499207, ""gen_before_mw"": 0.0, ""gen_after_mw"": 0.0, ""balance_case"": ""no_generation""}]}]"
39,"4,9",common_bus_N-2,106.8745176233048,1,9,29.988968908786774,0.11578752474435047,True,"[{""generation"": 1, ""initial_outages"": [4, 9], ""initial_outage_order"": 2, ""initial_outage_type"": ""common_bus_N-2"", ""initial_outage_mode"": ""sampled"", ""outaged_lines"": [3, 4, 6, 7, 8, 9, 14, 15, 16], ""proactive_action"": null, ""overloaded_lines"": [1, 2, 3, 6, 7, 8, 10, 14, 15, 16, 17], ""random_trips"": [3, 6, 7, 8, 14, 15, 16], ""pf_converged"": false, ""load_shed_MW"": 29.988968908786774, ""load_shed_ratio"": 0.11578752474435047, ""invalid_action"": false, ""island_records"": [{""island_id"": 0, ""buses"": [0, 1, 2, 3, 4], ""branches"": [0, 1, 2, 5], ""generators"": [0, 1, 2], ""loads"": [0, 1, 2, 3], ""load_before_mw"": 174.13933471441268, ""load_after_mw"": 174.13933471441268, ""load_shed_mw"": 0.0, ""gen_before_mw"": 582.2029701232909, ""gen_after_mw"": 174.13933471441268, ""balance_case"": ""generation_surplus""}, {""island_id"": 1, ""buses"": [5, 9, 10, 11, 12, 13], ""branches"": [10, 11, 12, 17, 18, 19], ""generators"": [3], ""loads"": [4, 6, 7, 8, 9, 10], ""load_before_mw"": 59.16467764377594, ""load_after_mw"": 59.16467764377594, ""load_shed_mw"": 0.0, ""gen_before_mw"": 101.71260833740234, ""gen_after_mw"": 59.16467764377594, ""balance_case"": ""generation_surplus""}, {""island_id"": 2, ""buses"": [6, 7], ""branches"": [13], ""generators"": [4], ""loads"": [], ""load_before_mw"": 0.0, ""load_after_mw"": 0.0, ""load_shed_mw"": 0.0, ""gen_before_mw"": 101.71260833740234, ""gen_after_mw"": 0.0, ""balance_case"": ""no_load""}, {""island_id"": 3, ""buses"": [8], ""branches"": [], ""generators"": [], ""loads"": [5], ""load_before_mw"": 29.988968908786774, ""load_after_mw"": 0.0, ""load_shed_mw"": 29.988968908786774, ""gen_before_mw"": 0.0, ""gen_after_mw"": 0.0, ""balance_case"": ""no_generation""}]}]"
40,"3,7",common_bus_N-2,106.10750288643953,1,8,89.1212511062622,0.344097494618773,True,"[{""generation"": 1, ""initial_outages"": [3, 7], ""initial_outage_order"": 2, ""initial_outage_type"": ""common_bus_N-2"", ""initial_outage_mode"": ""sampled"", ""outaged_lines"": [2, 3, 4, 6, 7, 8, 9, 12], ""proactive_action"": null, ""overloaded_lines"": [1, 2, 4, 6, 8, 9, 10, 12], ""random_trips"": [2, 4, 6, 8, 9, 12], ""pf_converged"": false, ""load_shed_MW"": 89.1212511062622, ""load_shed_ratio"": 0.344097494618773, ""invalid_action"": false, ""island_records"": [{""island_id"": 0, ""buses"": [0, 1, 4], ""branches"": [0, 1], ""generators"": [0, 1], ""loads"": [0, 3], ""load_before_mw"": 35.50566953420639, ""load_after_mw"": 35.50566953420639, ""load_shed_mw"": 0.0, ""gen_before_mw"": 391.87473089694976, ""gen_after_mw"": 35.50566953420639, ""balance_case"": ""generation_surplus""}, {""island_id"": 1, ""buses"": [2, 3], ""branches"": [5], ""generators"": [2], ""loads"": [1, 2], ""load_before_mw"": 172.07525849342346, ""load_after_mw"": 82.95400738716125, ""load_shed_mw"": 89.1212511062622, ""gen_before_mw"": 82.95400738716125, ""gen_after_mw"": 82.95400738716125, ""balance_case"": ""generation_deficit""}, {""island_id"": 2, ""buses"": [5, 6, 7, 8, 9, 10, 11, 12, 13], ""branches"": [10, 11, 13, 14, 15, 16, 17, 18, 19], ""generators"": [3, 4], ""loads"": [4, 5, 6, 7, 8, 9, 10], ""load_before_mw"": 106.27464908361435, ""load_after_mw"": 106.27464908361435, ""load_shed_mw"": 0.0, ""gen_before_mw"": 165.9080147743225, ""gen_after_mw"": 106.27464908361435, ""balance_case"": ""generation_surplus""}]}]"
41,"9,10",common_bus_N-2,106.04323776126624,1,8,54.589045935869215,0.21076851712690817,True,"[{""generation"": 1, ""initial_outages"": [9, 10], ""initial_outage_order"": 2, ""initial_outage_type"": ""common_bus_N-2"", ""initial_outage_mode"": ""sampled"", ""outaged_lines"": [6, 7, 8, 9, 10, 14, 16, 19], ""proactive_action"": null, ""overloaded_lines"": [6, 7, 8, 14, 16, 19], ""random_trips"": [6, 7, 8, 14, 16, 19], ""pf_converged"": false, ""load_shed_MW"": 54.589045935869215, ""load_shed_ratio"": 0.21076851712690817, ""invalid_action"": false, ""island_records"": [{""island_id"": 0, ""buses"": [0, 1, 2, 3, 4], ""branches"": [0, 1, 2, 3, 4, 5], ""generators"": [0, 1, 2], ""loads"": [0, 1, 2, 3], ""load_before_mw"": 164.34276922345163, ""load_after_mw"": 164.34276922345163, ""load_shed_mw"": 0.0, ""gen_before_mw"": 545.7508020401001, ""gen_after_mw"": 164.34276922345163, ""balance_case"": ""generation_surplus""}, {""island_id"": 1, ""buses"": [5, 11, 12], ""branches"": [11, 12, 18], ""generators"": [3], ""loads"": [4, 8, 9], ""load_before_mw"": 29.549079346656796, ""load_after_mw"": 29.549079346656796, ""load_shed_mw"": 0.0, ""gen_before_mw"": 95.34430503845215, ""gen_after_mw"": 29.549079346656796, ""balance_case"": ""generation_surplus""}, {""island_id"": 2, ""buses"": [6, 7], ""branches"": [13], ""generators"": [4], ""loads"": [], ""load_before_mw"": 0.0, ""load_after_mw"": 0.0, ""load_shed_mw"": 0.0, ""gen_before_mw"": 95.34430503845215, ""gen_after_mw"": 0.0, ""balance_case"": ""no_load""}, {""island_id"": 3, ""buses"": [8, 9, 10], ""branches"": [15, 17], ""generators"": [], ""loads"": [5, 6, 7], ""load_before_mw"": 40.294199109077454, ""load_after_mw"": 0.0, ""load_shed_mw"": 40.294199109077454, ""gen_before_mw"": 0.0, ""gen_after_mw"": 0.0, ""balance_case"": ""no_generation""}, {""island_id"": 4, ""buses"": [13], ""branches"": [], ""generators"": [], ""loads"": [10], ""load_before_mw"": 14.294846826791764, ""load_after_mw"": 0.0, ""load_shed_mw"": 14.294846826791764, ""gen_before_mw"": 0.0, ""gen_after_mw"": 0.0, ""balance_case"": ""no_generation""}]}]"
42,"12,19",common_bus_N-2,106.03992819181327,2,7,40.40089838504792,0.15598802465269465,True,"[{""generation"": 1, ""initial_outages"": [12, 19], ""initial_outage_order"": 2, ""initial_outage_type"": ""common_bus_N-2"", ""initial_outage_mode"": ""sampled"", ""outaged_lines"": [5, 12, 19], ""proactive_action"": null, ""overloaded_lines"": [0, 1, 2, 3, 4, 5, 6, 7, 8, 9, 11, 14], ""random_trips"": [5], ""pf_converged"": true, ""load_shed_MW"": 0.0, ""load_shed_ratio"": 0.0, ""invalid_action"": false, ""island_records"": [{""island_id"": 0, ""buses"": [0, 1, 2, 3, 4, 5, 6, 7, 8, 9, 10, 11, 12, 13], ""branches"": [0, 1, 2, 3, 4, 6, 7, 8, 9, 10, 11, 13, 14, 15, 16, 17, 18], ""generators"": [0, 1, 2, 3, 4], ""loads"": [0, 1, 2, 3, 4, 5, 6, 7, 8, 9, 10], ""load_before_mw"": 326.19386518001556, ""load_after_mw"": 326.19386518001556, ""load_shed_mw"": 0.0, ""gen_before_mw"": 794.976422214508, ""gen_after_mw"": 326.19386518001556, ""balance_case"": ""generation_surplus""}]}, {""generation"": 2, ""initial_outages"": [12, 19], ""initial_outage_order"": 2, ""initial_outage_type"": ""common_bus_N-2"", ""initial_outage_mode"": ""sampled"", ""outaged_lines"": [2, 5, 7, 11, 12, 14, 19], ""proactive_action"": null, ""overloaded_lines"": [0, 1, 2, 7, 8, 9, 11, 14], ""random_trips"": [2, 7, 11, 14], ""pf_converged"": false, ""load_shed_MW"": 40.40089838504792, ""load_shed_ratio"": 0.15598802465269465, ""invalid_action"": false, ""island_records"": [{""island_id"": 0, ""buses"": [0, 1, 3, 4, 5, 8, 9, 10, 13], ""branches"": [0, 1, 3, 4, 6, 8, 9, 10, 15, 16, 17], ""generators"": [0, 1, 3], ""loads"": [0, 2, 3, 4, 5, 6, 7, 10], ""load_before_mw"": 182.87007422447203, ""load_after_mw"": 182.87007422447203, ""load_shed_mw"": 0.0, ""gen_before_mw"": 589.1306370735168, ""gen_after_mw"": 182.87007422447203, ""balance_case"": ""generation_surplus""}, {""island_id"": 1, ""buses"": [2], ""branches"": [], ""generators"": [2], ""loads"": [1], ""load_before_mw"": 118.63884980678559, ""load_after_mw"": 102.9228925704956, ""load_shed_mw"": 15.71595723628998, ""gen_before_mw"": 102.9228925704956, ""gen_after_mw"": 102.9228925704956, ""balance_case"": ""generation_deficit""}, {""island_id"": 2, ""buses"": [6, 7], ""branches"": [13], ""generators"": [4], ""loads"": [], ""load_before_mw"": 0.0, ""load_after_mw"": 0.0, ""load_shed_mw"": 0.0, ""gen_before_mw"": 102.9228925704956, ""gen_after_mw"": 0.0, ""balance_case"": ""no_load""}, {""island_id"": 3, ""buses"": [11, 12], ""branches"": [18], ""generators"": [], ""loads"": [8, 9], ""load_before_mw"": 24.684941148757936, ""load_after_mw"": 0.0, ""load_shed_mw"": 24.684941148757936, ""gen_before_mw"": 0.0, ""gen_after_mw"": 0.0, ""balance_case"": ""no_generation""}]}]"
43,"12,19",common_bus_N-2,105.99174838552655,2,7,23.22205719947815,0.08966045250763764,True,"[{""generation"": 1, ""initial_outages"": [12, 19], ""initial_outage_order"": 2, ""initial_outage_type"": ""common_bus_N-2"", ""initial_outage_mode"": ""sampled"", ""outaged_lines"": [3, 12, 19], ""proactive_action"": null, ""overloaded_lines"": [0, 1, 2, 3, 4, 5, 6, 7, 8, 11, 14], ""random_trips"": [3], ""pf_converged"": true, ""load_shed_MW"": 0.0, ""load_shed_ratio"": 0.0, ""invalid_action"": false, ""island_records"": [{""island_id"": 0, ""buses"": [0, 1, 2, 3, 4, 5, 6, 7, 8, 9, 10, 11, 12, 13], ""branches"": [0, 1, 2, 4, 5, 6, 7, 8, 9, 10, 11, 13, 14, 15, 16, 17, 18], ""generators"": [0, 1, 2, 3, 4], ""loads"": [0, 1, 2, 3, 4, 5, 6, 7, 8, 9, 10], ""load_before_mw"": 306.86289870738983, ""load_after_mw"": 306.86289870738983, ""load_shed_mw"": 0.0, ""gen_before_mw"": 805.210072517395, ""gen_after_mw"": 306.86289870738983, ""balance_case"": ""generation_surplus""}]}, {""generation"": 2, ""initial_outages"": [12, 19], ""initial_outage_order"": 2, ""initial_outage_type"": ""common_bus_N-2"", ""initial_outage_mode"": ""sampled"", ""outaged_lines"": [2, 3, 4, 6, 11, 12, 19], ""proactive_action"": null, ""overloaded_lines"": [1, 2, 4, 6, 7, 9, 11, 14], ""random_trips"": [2, 4, 6, 11], ""pf_converged"": false, ""load_shed_MW"": 23.22205719947815, ""load_shed_ratio"": 0.08966045250763764, ""invalid_action"": false, ""island_records"": [{""island_id"": 0, ""buses"": [0, 1, 2, 3, 4, 5, 6, 7, 8, 9, 10, 13], ""branches"": [0, 1, 5, 7, 8, 9, 10, 13, 14, 15, 16, 17], ""generators"": [0, 1, 2, 3, 4], ""loads"": [0, 1, 2, 3, 4, 5, 6, 7, 10], ""load_before_mw"": 283.64084150791166, ""load_after_mw"": 283.64084150791166, ""load_shed_mw"": 0.0, ""gen_before_mw"": 805.210072517395, ""gen_after_mw"": 283.64084150791166, ""balance_case"": ""generation_surplus""}, {""island_id"": 1, ""buses"": [11, 12], ""branches"": [18], ""generators"": [], ""loads"": [8, 9], ""load_before_mw"": 23.22205719947815, ""load_after_mw"": 0.0, ""load_shed_mw"": 23.22205719947815, ""gen_before_mw"": 0.0, ""gen_after_mw"": 0.0, ""balance_case"": ""no_generation""}]}]"
44,"9,11",common_bus_N-2,105.93744625547474,1,8,25.782411336898804,0.099545989717756,True,"[{""generation"": 1, ""initial_outages"": [9, 11], ""initial_outage_order"": 2, ""initial_outage_type"": ""common_bus_N-2"", ""initial_outage_mode"": ""sampled"", ""outaged_lines"": [6, 7, 8, 9, 11, 14, 15, 16], ""proactive_action"": null, ""overloaded_lines"": [6, 7, 8, 14, 15, 16, 17], ""random_trips"": [6, 7, 8, 14, 15, 16], ""pf_converged"": false, ""load_shed_MW"": 25.782411336898804, ""load_shed_ratio"": 0.099545989717756, ""invalid_action"": false, ""island_records"": [{""island_id"": 0, ""buses"": [0, 1, 2, 3, 4], ""branches"": [0, 1, 2, 3, 4, 5], ""generators"": [0, 1, 2], ""loads"": [0, 1, 2, 3], ""load_before_mw"": 149.71278176307678, ""load_after_mw"": 149.71278176307678, ""load_shed_mw"": 0.0, ""gen_before_mw"": 680.608784866333, ""gen_after_mw"": 149.71278176307678, ""balance_case"": ""generation_surplus""}, {""island_id"": 1, ""buses"": [5, 9, 10, 11, 12, 13], ""branches"": [10, 12, 17, 18, 19], ""generators"": [3], ""loads"": [4, 6, 7, 8, 9, 10], ""load_before_mw"": 50.86563863754272, ""load_after_mw"": 50.86563863754272, ""load_shed_mw"": 0.0, ""gen_before_mw"": 118.90439987182617, ""gen_after_mw"": 50.86563863754272, ""balance_case"": ""generation_surplus""}, {""island_id"": 2, ""buses"": [6, 7], ""branches"": [13], ""generators"": [4], ""loads"": [], ""load_before_mw"": 0.0, ""load_after_mw"": 0.0, ""load_shed_mw"": 0.0, ""gen_before_mw"": 118.90439987182617, ""gen_after_mw"": 0.0, ""balance_case"": ""no_load""}, {""island_id"": 3, ""buses"": [8], ""branches"": [], ""generators"": [], ""loads"": [5], ""load_before_mw"": 25.782411336898804, ""load_after_mw"": 0.0, ""load_shed_mw"": 25.782411336898804, ""gen_before_mw"": 0.0, ""gen_after_mw"": 0.0, ""balance_case"": ""no_generation""}]}]"
45,7,N-1,105.9295862233644,2,6,3.2701885402202606,0.012626210580001006,True,"[{""generation"": 1, ""initial_outages"": [7], ""initial_outage_order"": 1, ""initial_outage_type"": ""N-1"", ""initial_outage_mode"": ""sampled"", ""outaged_lines"": [7, 8], ""proactive_action"": null, ""overloaded_lines"": [8, 9, 12], ""random_trips"": [8], ""pf_converged"": true, ""load_shed_MW"": 0.0, ""load_shed_ratio"": 0.0, ""invalid_action"": false, ""island_records"": [{""island_id"": 0, ""buses"": [0, 1, 2, 3, 4, 5, 6, 7, 8, 9, 10, 11, 12, 13], ""branches"": [0, 1, 2, 3, 4, 5, 6, 9, 10, 11, 12, 13, 14, 15, 16, 17, 18, 19], ""generators"": [0, 1, 2, 3, 4], ""loads"": [0, 1, 2, 3, 4, 5, 6, 7, 8, 9, 10], ""load_before_mw"": 241.9939519762993, ""load_after_mw"": 241.9939519762993, ""load_shed_mw"": 0.0, ""gen_before_mw"": 789.4831852436066, ""gen_after_mw"": 241.9939519762993, ""balance_case"": ""generation_surplus""}]}, {""generation"": 2, ""initial_outages"": [7], ""initial_outage_order"": 1, ""initial_outage_type"": ""N-1"", ""initial_outage_mode"": ""sampled"", ""outaged_lines"": [7, 8, 9, 10, 12, 17], ""proactive_action"": null, ""overloaded_lines"": [9, 10, 12, 15, 17, 19], ""random_trips"": [9, 10, 12, 17], ""pf_converged"": false, ""load_shed_MW"": 3.2701885402202606, ""load_shed_ratio"": 0.012626210580001006, ""invalid_action"": false, ""island_records"": [{""island_id"": 0, ""buses"": [0, 1, 2, 3, 4], ""branches"": [0, 1, 2, 3, 4, 5, 6], ""generators"": [0, 1, 2], ""loads"": [0, 1, 2, 3], ""load_before_mw"": 160.05237055420875, ""load_after_mw"": 160.05237055420875, ""load_shed_mw"": 0.0, ""gen_before_mw"": 585.0597815036774, ""gen_after_mw"": 160.05237055420875, ""balance_case"": ""generation_surplus""}, {""island_id"": 1, ""buses"": [5, 6, 7, 8, 9, 11, 12, 13], ""branches"": [11, 13, 14, 15, 16, 18, 19], ""generators"": [3, 4], ""loads"": [4, 5, 6, 8, 9, 10], ""load_before_mw"": 78.67139288187028, ""load_after_mw"": 78.67139288187028, ""load_shed_mw"": 0.0, ""gen_before_mw"": 204.4234037399292, ""gen_after_mw"": 78.67139288187028, ""balance_case"": ""generation_surplus""}, {""island_id"": 2, ""buses"": [10], ""branches"": [], ""generators"": [], ""loads"": [7], ""load_before_mw"": 3.2701885402202606, ""load_after_mw"": 0.0, ""load_shed_mw"": 3.2701885402202606, ""gen_before_mw"": 0.0, ""gen_after_mw"": 0.0, ""balance_case"": ""no_generation""}]}]"
46,"6,9",common_bus_N-2,105.85829567632416,1,8,7.726528465747833,0.02983215623840862,True,"[{""generation"": 1, ""initial_outages"": [6, 9], ""initial_outage_order"": 2, ""initial_outage_type"": ""common_bus_N-2"", ""initial_outage_mode"": ""sampled"", ""outaged_lines"": [3, 6, 7, 8, 9, 14, 15, 17], ""proactive_action"": null, ""overloaded_lines"": [2, 3, 7, 8, 14, 15, 16, 17], ""random_trips"": [3, 7, 8, 14, 15, 17], ""pf_converged"": false, ""load_shed_MW"": 7.726528465747833, ""load_shed_ratio"": 0.02983215623840862, ""invalid_action"": false, ""island_records"": [{""island_id"": 0, ""buses"": [0, 1, 2, 3, 4], ""branches"": [0, 1, 2, 4, 5], ""generators"": [0, 1, 2], ""loads"": [0, 1, 2, 3], ""load_before_mw"": 147.0615917980671, ""load_after_mw"": 147.0615917980671, ""load_shed_mw"": 0.0, ""gen_before_mw"": 490.8259813070297, ""gen_after_mw"": 147.0615917980671, ""balance_case"": ""generation_surplus""}, {""island_id"": 1, ""buses"": [5, 8, 10, 11, 12, 13], ""branches"": [10, 11, 12, 16, 18, 19], ""generators"": [3], ""loads"": [4, 5, 7, 8, 9, 10], ""load_before_mw"": 67.56419891715049, ""load_after_mw"": 67.56419891715049, ""load_shed_mw"": 0.0, ""gen_before_mw"": 85.74877381324768, ""gen_after_mw"": 67.56419891715049, ""balance_case"": ""generation_surplus""}, {""island_id"": 2, ""buses"": [6, 7], ""branches"": [13], ""generators"": [4], ""loads"": [], ""load_before_mw"": 0.0, ""load_after_mw"": 0.0, ""load_shed_mw"": 0.0, ""gen_before_mw"": 85.74877381324768, ""gen_after_mw"": 0.0, ""balance_case"": ""no_load""}, {""island_id"": 3, ""buses"": [9], ""branches"": [], ""generators"": [], ""loads"": [6], ""load_before_mw"": 7.726528465747833, ""load_after_mw"": 0.0, ""load_shed_mw"": 7.726528465747833, ""gen_before_mw"": 0.0, ""gen_after_mw"": 0.0, ""balance_case"": ""no_generation""}]}]"
47,"3,6",common_bus_N-2,105.84148142118568,1,8,4.366612684726718,0.016859508435238292,True,"[{""generation"": 1, ""initial_outages"": [3, 6], ""initial_outage_order"": 2, ""initial_outage_type"": ""common_bus_N-2"", ""initial_outage_mode"": ""sampled"", ""outaged_lines"": [2, 3, 5, 6, 9, 10, 12, 17], ""proactive_action"": null, ""overloaded_lines"": [2, 5, 9, 10, 12, 15, 17, 19], ""random_trips"": [2, 5, 9, 10, 12, 17], ""pf_converged"": false, ""load_shed_MW"": 4.366612684726718, ""load_shed_ratio"": 0.016859508435238292, ""invalid_action"": false, ""island_records"": [{""island_id"": 0, ""buses"": [0, 1, 4], ""branches"": [0, 1, 4], ""generators"": [0, 1], ""loads"": [0, 3], ""load_before_mw"": 27.543332445621488, ""load_after_mw"": 27.543332445621488, ""load_shed_mw"": 0.0, ""gen_before_mw"": 413.23582241535183, ""gen_after_mw"": 27.543332445621488, ""balance_case"": ""generation_surplus""}, {""island_id"": 1, ""buses"": [2], ""branches"": [], ""generators"": [2], ""loads"": [1], ""load_before_mw"": 88.55228383541107, ""load_after_mw"": 87.47583031654358, ""load_shed_mw"": 1.0764535188674955, ""gen_before_mw"": 87.47583031654358, ""gen_after_mw"": 87.47583031654358, ""balance_case"": ""generation_deficit""}, {""island_id"": 2, ""buses"": [3, 5, 6, 7, 8, 9, 11, 12, 13], ""branches"": [7, 8, 11, 13, 14, 15, 16, 18, 19], ""generators"": [3, 4], ""loads"": [2, 4, 5, 6, 8, 9, 10], ""load_before_mw"": 124.08600282669067, ""load_after_mw"": 124.08600282669067, ""load_shed_mw"": 0.0, ""gen_before_mw"": 174.95166063308716, ""gen_after_mw"": 124.08600282669067, ""balance_case"": ""generation_surplus""}, {""island_id"": 3, ""buses"": [10], ""branches"": [], ""generators"": [], ""loads"": [7], ""load_before_mw"": 3.2901591658592224, ""load_after_mw"": 0.0, ""load_shed_mw"": 3.2901591658592224, ""gen_before_mw"": 0.0, ""gen_after_mw"": 0.0, ""balance_case"": ""no_generation""}]}]"
48,"3,6",common_bus_N-2,105.83706015508864,1,8,3.3931482136249542,0.013100958353764302,True,"[{""generation"": 1, ""initial_outages"": [3, 6], ""initial_outage_order"": 2, ""initial_outage_type"": ""common_bus_N-2"", ""initial_outage_mode"": ""sampled"", ""outaged_lines"": [2, 3, 5, 6, 9, 10, 12, 17], ""proactive_action"": null, ""overloaded_lines"": [2, 5, 9, 10, 12, 15, 17, 19], ""random_trips"": [2, 5, 9, 10, 12, 17], ""pf_converged"": false, ""load_shed_MW"": 3.3931482136249542, ""load_shed_ratio"": 0.013100958353764302, ""invalid_action"": false, ""island_records"": [{""island_id"": 0, ""buses"": [0, 1, 4], ""branches"": [0, 1, 4], ""generators"": [0, 1], ""loads"": [0, 3], ""load_before_mw"": 28.405497902631758, ""load_after_mw"": 28.405497902631758, ""load_shed_mw"": 0.0, ""gen_before_mw"": 500.1751405239105, ""gen_after_mw"": 28.405497902631758, ""balance_case"": ""generation_surplus""}, {""island_id"": 1, ""buses"": [2], ""branches"": [], ""generators"": [2], ""loads"": [1], ""load_before_mw"": 91.3241604924202, ""load_after_mw"": 91.3241604924202, ""load_shed_mw"": 0.0, ""gen_before_mw"": 105.87958097457886, ""gen_after_mw"": 91.3241604924202, ""balance_case"": ""generation_surplus""}, {""island_id"": 2, ""buses"": [3, 5, 6, 7, 8, 9, 11, 12, 13], ""branches"": [7, 8, 11, 13, 14, 15, 16, 18, 19], ""generators"": [3, 4], ""loads"": [2, 4, 5, 6, 8, 9, 10], ""load_before_mw"": 127.9701611995697, ""load_after_mw"": 127.9701611995697, ""load_shed_mw"": 0.0, ""gen_before_mw"": 211.75916194915771, ""gen_after_mw"": 127.9701611995697, ""balance_case"": ""generation_surplus""}, {""island_id"": 3, ""buses"": [10], ""branches"": [], ""generators"": [], ""loads"": [7], ""load_before_mw"": 3.3931482136249542, ""load_after_mw"": 0.0, ""load_shed_mw"": 3.3931482136249542, ""gen_before_mw"": 0.0, ""gen_after_mw"": 0.0, ""balance_case"": ""no_generation""}]}]"
49,"3,6",common_bus_N-2,105.83706015508864,1,8,2.8852076828479767,0.011139798003274042,True,"[{""generation"": 1, ""initial_outages"": [3, 6], ""initial_outage_order"": 2, ""initial_outage_type"": ""common_bus_N-2"", ""initial_outage_mode"": ""sampled"", ""outaged_lines"": [2, 3, 5, 6, 9, 10, 12, 17], ""proactive_action"": null, ""overloaded_lines"": [2, 5, 9, 10, 12, 17], ""random_trips"": [2, 5, 9, 10, 12, 17], ""pf_converged"": false, ""load_shed_MW"": 2.8852076828479767, ""load_shed_ratio"": 0.011139798003274042, ""invalid_action"": false, ""island_records"": [{""island_id"": 0, ""buses"": [0, 1, 4], ""branches"": [0, 1, 4], ""generators"": [0, 1], ""loads"": [0, 3], ""load_before_mw"": 24.153310030698776, ""load_after_mw"": 24.153310030698776, ""load_shed_mw"": 0.0, ""gen_before_mw"": 451.5241984128952, ""gen_after_mw"": 24.153310030698776, ""balance_case"": ""generation_surplus""}, {""island_id"": 1, ""buses"": [2], ""branches"": [], ""generators"": [2], ""loads"": [1], ""load_before_mw"": 77.65330392122269, ""load_after_mw"": 77.65330392122269, ""load_shed_mw"": 0.0, ""gen_before_mw"": 95.58090567588806, ""gen_after_mw"": 77.65330392122269, ""balance_case"": ""generation_surplus""}, {""island_id"": 2, ""buses"": [3, 5, 6, 7, 8, 9, 11, 12, 13], ""branches"": [7, 8, 11, 13, 14, 15, 16, 18, 19], ""generators"": [3, 4], ""loads"": [2, 4, 5, 6, 8, 9, 10], ""load_before_mw"": 108.81354689598083, ""load_after_mw"": 108.81354689598083, ""load_shed_mw"": 0.0, ""gen_before_mw"": 191.16181135177612, ""gen_after_mw"": 108.81354689598083, ""balance_case"": ""generation_surplus""}, {""island_id"": 3, ""buses"": [10], ""branches"": [], ""generators"": [], ""loads"": [7], ""load_before_mw"": 2.8852076828479767, ""load_after_mw"": 0.0, ""load_shed_mw"": 2.8852076828479767, ""gen_before_mw"": 0.0, ""gen_after_mw"": 0.0, ""balance_case"": ""no_generation""}]}]"
50,"1,9",common_bus_N-2,105.82354664157512,1,8,0.0,0.0,True,"[{""generation"": 1, ""initial_outages"": [1, 9], ""initial_outage_order"": 2, ""initial_outage_type"": ""common_bus_N-2"", ""initial_outage_mode"": ""sampled"", ""outaged_lines"": [1, 3, 4, 7, 8, 9, 14, 15], ""proactive_action"": null, ""overloaded_lines"": [0, 3, 4, 7, 8, 14, 15, 16, 17], ""random_trips"": [3, 4, 7, 8, 14, 15], ""pf_converged"": false, ""load_shed_MW"": 0.0, ""load_shed_ratio"": 0.0, ""invalid_action"": false, ""island_records"": [{""island_id"": 0, ""buses"": [0, 1, 2, 3, 4], ""branches"": [0, 2, 5, 6], ""generators"": [0, 1, 2], ""loads"": [0, 1, 2, 3], ""load_before_mw"": 142.81713936924933, ""load_after_mw"": 142.81713936924933, ""load_shed_mw"": 0.0, ""gen_before_mw"": 505.9510735988617, ""gen_after_mw"": 142.81713936924933, ""balance_case"": ""generation_surplus""}, {""island_id"": 1, ""buses"": [5, 8, 9, 10, 11, 12, 13], ""branches"": [10, 11, 12, 16, 17, 18, 19], ""generators"": [3], ""loads"": [4, 5, 6, 7, 8, 9, 10], ""load_before_mw"": 73.11770649552345, ""load_after_mw"": 73.11770649552345, ""load_shed_mw"": 0.0, ""gen_before_mw"": 88.39117288589478, ""gen_after_mw"": 73.11770649552345, ""balance_case"": ""generation_surplus""}, {""island_id"": 2, ""buses"": [6, 7], ""branches"": [13], ""generators"": [4], ""loads"": [], ""load_before_mw"": 0.0, ""load_after_mw"": 0.0, ""load_shed_mw"": 0.0, ""gen_before_mw"": 88.39117288589478, ""gen_after_mw"": 0.0, ""balance_case"": ""no_load""}]}]"
