candidate_evaluations,critical_paths_found,relay_cascade_paths_found,captured_load_shed_mw,critical_recall,relay_cascade_recall,query_precision
1,0,0,0.0,0.0,0.0,0.0
2,0,0,0.0,0.0,0.0,0.0
3,0,0,0.0,0.0,0.0,0.0
4,0,0,0.0,0.0,0.0,0.0
5,0,0,0.0,0.0,0.0,0.0
6,0,0,0.0,0.0,0.0,0.0
7,0,0,0.0,0.0,0.0,0.0
8,0,0,0.0,0.0,0.0,0.0
9,0,0,0.0,0.0,0.0,0.0
10,0,0,0.0,0.0,0.0,0.0
11,0,0,0.0,0.0,0.0,0.0
12,0,0,0.0,0.0,0.0,0.0
13,0,0,0.0,0.0,0.0,0.0
14,0,0,0.0,0.0,0.0,0.0
15,0,0,0.0,0.0,0.0,0.0
16,0,0,0.0,0.0,0.0,0.0
17,0,0,0.0,0.0,0.0,0.0
18,0,0,0.0,0.0,0.0,0.0
19,0,0,0.0,0.0,0.0,0.0
20,0,0,0.0,0.0,0.0,0.0
21,0,0,0.0,0.0,0.0,0.0
22,0,0,0.0,0.0,0.0,0.0
23,0,0,0.0,0.0,0.0,0.0
24,0,0,0.0,0.0,0.0,0.0
25,0,0,0.0,0.0,0.0,0.0
26,0,0,0.0,0.0,0.0,0.0
27,0,0,0.0,0.0,0.0,0.0
28,0,0,0.0,0.0,0.0,0.0
29,0,0,0.0,0.0,0.0,0.0
30,0,0,0.0,0.0,0.0,0.0
31,1,1,45.91791279076193,0.0005359056806002144,0.0005793742757821553,0.03225806451612903
32,2,2,91.83582558152386,0.0010718113612004287,0.0011587485515643105,0.0625
33,3,2,137.7537383722858,0.001607717041800643,0.0011587485515643105,0.09090909090909091
34,4,2,183.67165116304773,0.0021436227224008574,0.0011587485515643105,0.11764705882352941
35,5,2,229.58956395380966,0.0026795284030010718,0.0011587485515643105,0.14285714285714285
36,6,2,265.6494315335115,0.003215434083601286,0.0011587485515643105,0.16666666666666666
37,7,2,301.7092991132134,0.0037513397642015005,0.0011587485515643105,0.1891891891891892
38,8,2,337.76916669291523,0.004287245444801715,0.0011587485515643105,0.21052631578947367
39,9,2,373.8290342726171,0.00482315112540193,0.0011587485515643105,0.23076923076923078
40,10,2,409.88890185231895,0.0053590568060021436,0.0011587485515643105,0.25
41,11,2,443.889256229634,0.005894962486602358,0.0011587485515643105,0.2682926829268293
42,12,2,477.889610606949,0.006430868167202572,0.0011587485515643105,0.2857142857142857
43,13,2,511.88996498426405,0.006966773847802787,0.0011587485515643105,0.3023255813953488
44,14,2,545.890319361579,0.007502679528403001,0.0011587485515643105,0.3181818181818182
45,15,2,579.8906737388941,0.008038585209003215,0.0011587485515643105,0.3333333333333333
46,15,2,579.8906737388941,0.008038585209003215,0.0011587485515643105,0.32608695652173914
47,15,2,579.8906737388941,0.008038585209003215,0.0011587485515643105,0.3191489361702128
48,15,2,579.8906737388941,0.008038585209003215,0.0011587485515643105,0.3125
49,15,2,579.8906737388941,0.008038585209003215,0.0011587485515643105,0.30612244897959184
50,15,2,579.8906737388941,0.008038585209003215,0.0011587485515643105,0.3
51,16,2,600.8719158478174,0.00857449088960343,0.0011587485515643105,0.3137254901960784
52,17,2,621.8531579567407,0.009110396570203644,0.0011587485515643105,0.3269230769230769
53,18,2,642.834400065664,0.00964630225080386,0.0011587485515643105,0.33962264150943394
54,19,2,663.8156421745873,0.010182207931404072,0.0011587485515643105,0.35185185185185186
55,20,2,684.7968842835106,0.010718113612004287,0.0011587485515643105,0.36363636363636365
56,21,2,702.1165233473187,0.011254019292604502,0.0011587485515643105,0.375
57,22,2,719.4361624111267,0.011789924973204717,0.0011587485515643105,0.38596491228070173
58,23,2,736.7558014749347,0.01232583065380493,0.0011587485515643105,0.39655172413793105
59,24,2,754.0754405387428,0.012861736334405145,0.0011587485515643105,0.4067796610169492
60,25,2,771.3950796025508,0.01339764201500536,0.0011587485515643105,0.4166666666666667
61,25,2,771.3950796025508,0.01339764201500536,0.0011587485515643105,0.4098360655737705
62,25,2,771.3950796025508,0.01339764201500536,0.0011587485515643105,0.4032258064516129
63,25,2,771.3950796025508,0.01339764201500536,0.0011587485515643105,0.3968253968253968
64,25,2,771.3950796025508,0.01339764201500536,0.0011587485515643105,0.390625
65,25,2,771.3950796025508,0.01339764201500536,0.0011587485515643105,0.38461538461538464
66,25,2,771.3950796025508,0.01339764201500536,0.0011587485515643105,0.3787878787878788
67,25,2,771.3950796025508,0.01339764201500536,0.0011587485515643105,0.373134328358209
68,25,2,771.3950796025508,0.01339764201500536,0.0011587485515643105,0.36764705882352944
69,25,2,771.3950796025508,0.01339764201500536,0.0011587485515643105,0.36231884057971014
70,25,2,771.3950796025508,0.01339764201500536,0.0011587485515643105,0.35714285714285715
71,25,2,771.3950796025508,0.01339764201500536,0.0011587485515643105,0.352112676056338
72,25,2,771.3950796025508,0.01339764201500536,0.0011587485515643105,0.3472222222222222
73,25,2,771.3950796025508,0.01339764201500536,0.0011587485515643105,0.3424657534246575
74,25,2,771.3950796025508,0.01339764201500536,0.0011587485515643105,0.33783783783783783
75,25,2,771.3950796025508,0.01339764201500536,0.0011587485515643105,0.3333333333333333
76,26,3,802.9328890862953,0.013933547695605574,0.0017381228273464658,0.34210526315789475
77,27,4,834.4706985700398,0.014469453376205787,0.002317497103128621,0.35064935064935066
78,28,5,866.0085080537842,0.015005359056806002,0.0028968713789107765,0.358974358974359
79,29,5,897.5463175375287,0.015541264737406217,0.0028968713789107765,0.3670886075949367
80,30,6,929.0841270212732,0.01607717041800643,0.0034762456546929316,0.375
81,31,6,937.2481653264696,0.016613076098606645,0.0034762456546929316,0.38271604938271603
82,32,6,945.412203631666,0.01714898177920686,0.0034762456546929316,0.3902439024390244
83,33,6,953.5762419368624,0.017684887459807074,0.0034762456546929316,0.39759036144578314
84,34,6,961.7402802420588,0.01822079314040729,0.0034762456546929316,0.40476190476190477
85,35,6,969.9043185472552,0.018756698821007504,0.0034762456546929316,0.4117647058823529
86,35,6,969.9043185472552,0.018756698821007504,0.0034762456546929316,0.4069767441860465
87,35,6,969.9043185472552,0.018756698821007504,0.0034762456546929316,0.40229885057471265
88,35,6,969.9043185472552,0.018756698821007504,0.0034762456546929316,0.3977272727272727
89,35,6,969.9043185472552,0.018756698821007504,0.0034762456546929316,0.39325842696629215
90,35,6,969.9043185472552,0.018756698821007504,0.0034762456546929316,0.3888888888888889
91,35,6,969.9043185472552,0.018756698821007504,0.0034762456546929316,0.38461538461538464
92,35,6,969.9043185472552,0.018756698821007504,0.0034762456546929316,0.3804347826086957
93,35,6,969.9043185472552,0.018756698821007504,0.0034762456546929316,0.3763440860215054
94,35,6,969.9043185472552,0.018756698821007504,0.0034762456546929316,0.3723404255319149
95,35,6,969.9043185472552,0.018756698821007504,0.0034762456546929316,0.3684210526315789
96,35,6,969.9043185472552,0.018756698821007504,0.0034762456546929316,0.3645833333333333
97,35,6,969.9043185472552,0.018756698821007504,0.0034762456546929316,0.36082474226804123
98,35,6,969.9043185472552,0.018756698821007504,0.0034762456546929316,0.35714285714285715
99,35,6,969.9043185472552,0.018756698821007504,0.0034762456546929316,0.35353535353535354
100,35,6,969.9043185472552,0.018756698821007504,0.0034762456546929316,0.35
101,36,6,990.2279710021314,0.01929260450160772,0.0034762456546929316,0.3564356435643564
102,37,6,1010.5516234570076,0.01982851018220793,0.0034762456546929316,0.3627450980392157
103,38,6,1030.8752759118838,0.020364415862808145,0.0034762456546929316,0.36893203883495146
104,39,6,1051.19892836676,0.02090032154340836,0.0034762456546929316,0.375
105,40,6,1071.522580821636,0.021436227224008574,0.0034762456546929316,0.38095238095238093
106,40,6,1071.522580821636,0.021436227224008574,0.0034762456546929316,0.37735849056603776
107,41,6,1091.846233276512,0.02197213290460879,0.0034762456546929316,0.38317757009345793
108,41,6,1091.846233276512,0.02197213290460879,0.0034762456546929316,0.37962962962962965
109,41,6,1091.846233276512,0.02197213290460879,0.0034762456546929316,0.3761467889908257
110,41,6,1091.846233276512,0.02197213290460879,0.0034762456546929316,0.37272727272727274
111,41,6,1091.846233276512,0.02197213290460879,0.0034762456546929316,0.36936936936936937
112,41,6,1091.846233276512,0.02197213290460879,0.0034762456546929316,0.36607142857142855
113,41,6,1091.846233276512,0.02197213290460879,0.0034762456546929316,0.36283185840707965
114,41,6,1091.846233276512,0.02197213290460879,0.0034762456546929316,0.35964912280701755
115,41,6,1091.846233276512,0.02197213290460879,0.0034762456546929316,0.3565217391304348
116,41,6,1091.846233276512,0.02197213290460879,0.0034762456546929316,0.35344827586206895
117,41,6,1091.846233276512,0.02197213290460879,0.0034762456546929316,0.3504273504273504
118,41,6,1091.846233276512,0.02197213290460879,0.0034762456546929316,0.3474576271186441
119,41,6,1091.846233276512,0.02197213290460879,0.0034762456546929316,0.3445378151260504
120,41,6,1091.846233276512,0.02197213290460879,0.0034762456546929316,0.3416666666666667
121,42,6,1176.9743093704897,0.022508038585209004,0.0034762456546929316,0.34710743801652894
122,43,6,1262.1023854644673,0.02304394426580922,0.0034762456546929316,0.3524590163934426
123,44,6,1347.2304615584449,0.023579849946409433,0.0034762456546929316,0.35772357723577236
124,45,6,1432.3585376524225,0.024115755627009645,0.0034762456546929316,0.3629032258064516
125,46,6,1517.4866137464,0.02465166130760986,0.0034762456546929316,0.368
126,47,6,1538.5786727940863,0.025187566988210074,0.0034762456546929316,0.373015873015873
127,48,6,1559.6707318417725,0.02572347266881029,0.0034762456546929316,0.3779527559055118
128,49,6,1580.7627908894588,0.026259378349410504,0.0034762456546929316,0.3828125
129,50,6,1601.854849937145,0.02679528403001072,0.0034762456546929316,0.3875968992248062
130,51,6,1622.9469089848312,0.027331189710610933,0.0034762456546929316,0.3923076923076923
131,52,6,1668.864821775593,0.027867095391211148,0.0034762456546929316,0.3969465648854962
132,53,6,1714.782734566355,0.02840300107181136,0.0034762456546929316,0.4015151515151515
133,54,7,1760.7006473571168,0.028938906752411574,0.004055619930475087,0.40601503759398494
134,55,7,1806.6185601478787,0.02947481243301179,0.004055619930475087,0.41044776119402987
135,56,7,1852.5364729386406,0.030010718113612004,0.004055619930475087,0.4148148148148148
136,57,7,1898.4543857294025,0.03054662379421222,0.004055619930475087,0.41911764705882354
137,58,7,1944.3722985201643,0.031082529474812434,0.004055619930475087,0.4233576642335766
138,59,8,1990.2902113109262,0.03161843515541265,0.004634994206257242,0.427536231884058
139,60,9,2036.208124101688,0.03215434083601286,0.005214368482039398,0.4316546762589928
140,61,10,2082.12603689245,0.03269024651661308,0.005793742757821553,0.4357142857142857
141,62,10,2128.043949683212,0.03322615219721329,0.005793742757821553,0.4397163120567376
142,63,11,2173.9618624739737,0.03376205787781351,0.006373117033603708,0.44366197183098594
143,64,12,2219.8797752647356,0.03429796355841372,0.006952491309385863,0.44755244755244755
144,65,13,2265.7976880554975,0.03483386923901393,0.007531865585168019,0.4513888888888889
145,66,14,2311.7156008462593,0.03536977491961415,0.008111239860950173,0.45517241379310347
146,67,15,2357.633513637021,0.03590568060021436,0.00869061413673233,0.4589041095890411
147,68,16,2403.551426427783,0.03644158628081458,0.009269988412514484,0.46258503401360546
148,69,17,2449.469339218545,0.03697749196141479,0.009849362688296639,0.46621621621621623
149,70,18,2495.387252009307,0.03751339764201501,0.010428736964078795,0.4697986577181208
150,71,19,2541.3051648000687,0.03804930332261522,0.01100811123986095,0.47333333333333333
151,72,20,2587.2230775908306,0.03858520900321544,0.011587485515643106,0.4768211920529801
152,73,21,2633.1409903815925,0.03912111468381565,0.01216685979142526,0.48026315789473684
153,74,22,2679.0589031723543,0.03965702036441586,0.012746234067207415,0.48366013071895425
154,75,23,2724.976815963116,0.04019292604501608,0.013325608342989572,0.487012987012987
155,76,24,2770.894728753878,0.04072883172561629,0.013904982618771726,0.49032258064516127
156,77,25,2816.81264154464,0.04126473740621651,0.014484356894553883,0.4935897435897436
157,78,26,2862.730554335402,0.04180064308681672,0.015063731170336037,0.4968152866242038
158,79,27,2908.6484671261637,0.04233654876741694,0.015643105446118192,0.5
159,80,28,2954.5663799169256,0.04287245444801715,0.016222479721900347,0.5031446540880503
160,81,29,3000.4842927076875,0.04340836012861737,0.016801853997682505,0.50625
161,82,30,3046.4022054984493,0.04394426580921758,0.01738122827346466,0.5093167701863354
162,83,31,3092.320118289211,0.04448017148981779,0.017960602549246814,0.5123456790123457
163,84,32,3138.238031079973,0.04501607717041801,0.01853997682502897,0.5153374233128835
164,85,33,3184.155943870735,0.04555198285101822,0.019119351100811123,0.5182926829268293
165,86,34,3230.073856661497,0.04608788853161844,0.019698725376593278,0.5212121212121212
166,87,35,3275.9917694522587,0.04662379421221865,0.020278099652375436,0.5240963855421686
167,88,36,3321.9096822430206,0.04715969989281887,0.02085747392815759,0.5269461077844312
168,89,37,3367.8275950337825,0.04769560557341908,0.021436848203939745,0.5297619047619048
169,90,38,3413.7455078245443,0.04823151125401929,0.0220162224797219,0.5325443786982249
170,91,39,3459.663420615306,0.04876741693461951,0.022595596755504054,0.5352941176470588
171,92,40,3505.581333406068,0.04930332261521972,0.023174971031286212,0.5380116959064327
172,93,41,3551.49924619683,0.04983922829581994,0.023754345307068367,0.5406976744186046
173,94,42,3597.417158987592,0.05037513397642015,0.02433371958285052,0.5433526011560693
174,95,43,3643.3350717783537,0.05091103965702037,0.024913093858632676,0.5459770114942529
175,96,44,3689.2529845691156,0.05144694533762058,0.02549246813441483,0.5485714285714286
176,97,45,3735.1708973598775,0.051982851018220796,0.02607184241019699,0.5511363636363636
177,98,46,3781.0888101506393,0.05251875669882101,0.026651216685979143,0.5536723163841808
178,99,47,3827.006722941401,0.05305466237942122,0.027230590961761298,0.5561797752808989
179,100,48,3872.924635732163,0.05359056806002144,0.027809965237543453,0.5586592178770949
180,101,49,3918.842548522925,0.05412647374062165,0.028389339513325607,0.5611111111111111
181,102,50,3964.760461313687,0.05466237942122187,0.028968713789107765,0.56353591160221
182,103,51,4010.6783741044487,0.05519828510182208,0.02954808806488992,0.5659340659340659
183,104,52,4056.5962868952106,0.055734190782422297,0.030127462340672075,0.5683060109289617
184,105,53,4102.514199685973,0.05627009646302251,0.03070683661645423,0.5706521739130435
185,106,54,4148.432112476735,0.05680600214362272,0.031286210892236384,0.572972972972973
186,107,55,4194.350025267497,0.05734190782422294,0.03186558516801854,0.5752688172043011
187,108,56,4240.267938058259,0.05787781350482315,0.03244495944380069,0.5775401069518716
188,109,57,4286.18585084902,0.05841371918542337,0.03302433371958285,0.5797872340425532
189,110,58,4332.103763639782,0.05894962486602358,0.03360370799536501,0.582010582010582
190,111,59,4378.021676430544,0.0594855305466238,0.034183082271147164,0.5842105263157895
191,112,60,4423.939589221306,0.06002143622722401,0.03476245654692932,0.5863874345549738
192,113,61,4469.857502012068,0.060557341907824226,0.03534183082271147,0.5885416666666666
193,114,62,4515.77541480283,0.06109324758842444,0.03592120509849363,0.5906735751295337
194,115,63,4561.693327593592,0.06162915326902465,0.03650057937427578,0.5927835051546392
195,116,64,4607.611240384354,0.06216505894962487,0.03707995365005794,0.5948717948717949
196,117,65,4653.529153175115,0.06270096463022508,0.03765932792584009,0.5969387755102041
197,118,66,4699.447065965877,0.0632368703108253,0.038238702201622246,0.5989847715736041
198,119,67,4745.364978756639,0.06377277599142551,0.0388180764774044,0.601010101010101
199,120,68,4791.282891547401,0.06430868167202572,0.039397450753186555,0.6030150753768844
200,121,69,4837.200804338163,0.06484458735262594,0.03997682502896872,0.605
201,122,70,4883.118717128925,0.06538049303322616,0.04055619930475087,0.6069651741293532
202,123,71,4929.036629919687,0.06591639871382636,0.041135573580533026,0.6089108910891089
203,124,72,4974.954542710449,0.06645230439442658,0.04171494785631518,0.6108374384236454
204,125,73,5020.87245550121,0.0669882100750268,0.042294322132097335,0.6127450980392157
205,126,74,5066.790368291972,0.06752411575562701,0.04287369640787949,0.6146341463414634
206,127,75,5112.708281082734,0.06806002143622722,0.043453070683661645,0.616504854368932
207,128,76,5158.626193873496,0.06859592711682744,0.0440324449594438,0.6183574879227053
208,129,77,5204.544106664258,0.06913183279742766,0.044611819235225954,0.6201923076923077
209,130,78,5250.46201945502,0.06966773847802786,0.04519119351100811,0.6220095693779905
210,131,79,5296.379932245782,0.07020364415862808,0.04577056778679027,0.6238095238095238
211,132,80,5342.297845036544,0.0707395498392283,0.046349942062572425,0.6255924170616114
212,133,81,5388.215757827305,0.07127545551982852,0.04692931633835458,0.6273584905660378
213,134,82,5434.133670618067,0.07181136120042872,0.047508690614136734,0.6291079812206573
214,135,83,5480.051583408829,0.07234726688102894,0.04808806488991889,0.6308411214953271
215,136,84,5525.969496199591,0.07288317256162916,0.04866743916570104,0.6325581395348837
216,137,85,5571.887408990353,0.07341907824222937,0.0492468134414832,0.6342592592592593
217,138,86,5617.805321781115,0.07395498392282958,0.04982618771726535,0.6359447004608295
218,139,87,5663.723234571877,0.0744908896034298,0.05040556199304751,0.6376146788990825
219,140,88,5709.641147362639,0.07502679528403002,0.05098493626882966,0.639269406392694
220,141,89,5755.5590601534,0.07556270096463022,0.051564310544611816,0.6409090909090909
221,142,90,5801.476972944162,0.07609860664523044,0.05214368482039398,0.6425339366515838
222,143,91,5847.394885734924,0.07663451232583066,0.05272305909617613,0.6441441441441441
223,144,92,5893.312798525686,0.07717041800643087,0.05330243337195829,0.6457399103139013
224,145,93,5939.230711316448,0.07770632368703108,0.05388180764774044,0.6473214285714286
225,146,94,5985.14862410721,0.0782422293676313,0.054461181923522596,0.6488888888888888
226,147,95,6031.066536897972,0.07877813504823152,0.05504055619930475,0.6504424778761062
227,148,96,6076.984449688734,0.07931404072883172,0.055619930475086905,0.6519823788546255
228,149,97,6122.902362479495,0.07984994640943194,0.05619930475086906,0.6535087719298246
229,150,98,6168.820275270257,0.08038585209003216,0.056778679026651215,0.6550218340611353
230,151,99,6214.738188061019,0.08092175777063237,0.05735805330243337,0.6565217391304348
231,152,100,6260.656100851781,0.08145766345123258,0.05793742757821553,0.658008658008658
232,153,101,6306.574013642543,0.0819935691318328,0.058516801853997685,0.6594827586206896
233,154,102,6352.491926433305,0.08252947481243302,0.05909617612977984,0.6609442060085837
234,155,103,6398.409839224067,0.08306538049303322,0.059675550405561995,0.6623931623931624
235,156,104,6444.327752014829,0.08360128617363344,0.06025492468134415,0.6638297872340425
236,157,105,6490.24566480559,0.08413719185423366,0.060834298957126304,0.6652542372881356
237,158,106,6536.163577596352,0.08467309753483387,0.06141367323290846,0.6666666666666666
238,159,107,6582.081490387114,0.08520900321543408,0.06199304750869061,0.6680672268907563
239,160,108,6627.999403177876,0.0857449088960343,0.06257242178447277,0.6694560669456067
240,161,109,6673.917315968638,0.08628081457663452,0.06315179606025492,0.6708333333333333
241,162,110,6719.8352287594,0.08681672025723473,0.06373117033603708,0.6721991701244814
242,163,111,6765.753141550162,0.08735262593783494,0.06431054461181923,0.6735537190082644
243,164,112,6811.671054340924,0.08788853161843516,0.06488991888760139,0.6748971193415638
244,165,113,6857.588967131685,0.08842443729903537,0.06546929316338354,0.6762295081967213
245,166,114,6903.506879922447,0.08896034297963558,0.0660486674391657,0.6775510204081633
246,167,115,6949.424792713209,0.0894962486602358,0.06662804171494785,0.6788617886178862
247,168,116,6995.342705503971,0.09003215434083602,0.06720741599073002,0.680161943319838
248,169,117,7041.260618294733,0.09056806002143623,0.06778679026651217,0.6814516129032258
249,170,118,7087.178531085495,0.09110396570203644,0.06836616454229433,0.6827309236947792
250,171,119,7133.096443876257,0.09163987138263666,0.06894553881807648,0.684
251,172,120,7179.014356667019,0.09217577706323687,0.06952491309385864,0.6852589641434262
252,173,121,7224.93226945778,0.09271168274383708,0.07010428736964079,0.6865079365079365
253,174,122,7270.850182248542,0.0932475884244373,0.07068366164542295,0.6877470355731226
254,175,123,7316.768095039304,0.09378349410503752,0.0712630359212051,0.6889763779527559
255,176,124,7362.686007830066,0.09431939978563773,0.07184241019698726,0.6901960784313725
256,177,125,7408.603920620828,0.09485530546623794,0.07242178447276941,0.69140625
257,178,126,7454.52183341159,0.09539121114683816,0.07300115874855156,0.6926070038910506
258,179,127,7500.439746202352,0.09592711682743837,0.07358053302433372,0.6937984496124031
259,180,128,7546.357658993114,0.09646302250803858,0.07415990730011587,0.694980694980695
260,181,129,7592.275571783875,0.0969989281886388,0.07473928157589803,0.6961538461538461
261,182,130,7638.193484574637,0.09753483386923902,0.07531865585168018,0.6973180076628352
262,183,131,7684.111397365399,0.09807073954983923,0.07589803012746234,0.6984732824427481
263,184,132,7730.029310156161,0.09860664523043944,0.07647740440324449,0.6996197718631179
264,185,133,7775.947222946923,0.09914255091103966,0.07705677867902665,0.7007575757575758
265,186,134,7821.865135737685,0.09967845659163987,0.0776361529548088,0.7018867924528301
266,187,135,7867.783048528447,0.10021436227224008,0.07821552723059096,0.7030075187969925
267,188,136,7913.700961319209,0.1007502679528403,0.07879490150637311,0.704119850187266
268,189,137,7959.61887410997,0.10128617363344052,0.07937427578215528,0.7052238805970149
269,190,138,8005.536786900732,0.10182207931404073,0.07995365005793743,0.7063197026022305
270,191,139,8051.454699691494,0.10235798499464094,0.08053302433371959,0.7074074074074074
271,192,140,8097.372612482256,0.10289389067524116,0.08111239860950174,0.7084870848708487
272,193,141,8143.290525273018,0.10342979635584137,0.0816917728852839,0.7095588235294118
273,194,142,8189.20843806378,0.10396570203644159,0.08227114716106605,0.7106227106227107
274,195,143,8235.126350854542,0.1045016077170418,0.0828505214368482,0.7116788321167883
275,196,144,8281.044263645304,0.10503751339764202,0.08342989571263036,0.7127272727272728
276,197,145,8326.962176436067,0.10557341907824223,0.08400926998841252,0.7137681159420289
277,198,146,8372.88008922683,0.10610932475884244,0.08458864426419467,0.7148014440433214
278,199,147,8418.798002017593,0.10664523043944266,0.08516801853997683,0.7158273381294964
279,200,148,8464.715914808356,0.10718113612004287,0.08574739281575898,0.7168458781362007
280,201,149,8510.633827599118,0.10771704180064309,0.08632676709154113,0.7178571428571429
281,202,150,8556.551740389881,0.1082529474812433,0.08690614136732329,0.7188612099644128
282,203,151,8602.469653180644,0.10878885316184352,0.08748551564310544,0.7198581560283688
283,204,152,8648.387565971407,0.10932475884244373,0.0880648899188876,0.7208480565371025
284,205,153,8694.30547876217,0.10986066452304394,0.08864426419466975,0.721830985915493
285,206,154,8740.223391552932,0.11039657020364416,0.08922363847045191,0.7228070175438597
286,207,155,8786.141304343695,0.11093247588424437,0.08980301274623406,0.7237762237762237
287,208,156,8832.059217134458,0.11146838156484459,0.09038238702201622,0.7247386759581882
288,209,157,8877.97712992522,0.1120042872454448,0.09096176129779837,0.7256944444444444
289,210,158,8923.895042715983,0.11254019292604502,0.09154113557358054,0.726643598615917
290,211,159,8969.812955506746,0.11307609860664523,0.0921205098493627,0.7275862068965517
291,212,160,9015.730868297509,0.11361200428724544,0.09269988412514485,0.7285223367697594
292,213,161,9061.648781088272,0.11414790996784566,0.093279258400927,0.7294520547945206
293,214,162,9107.566693879035,0.11468381564844587,0.09385863267670916,0.7303754266211604
294,215,163,9153.484606669797,0.1152197213290461,0.09443800695249131,0.7312925170068028
295,216,164,9199.40251946056,0.1157556270096463,0.09501738122827347,0.7322033898305085
296,217,165,9245.320432251323,0.11629153269024652,0.09559675550405562,0.7331081081081081
297,218,166,9291.238345042086,0.11682743837084673,0.09617612977983778,0.734006734006734
298,219,167,9337.156257832848,0.11736334405144695,0.09675550405561993,0.7348993288590604
299,220,168,9383.074170623611,0.11789924973204716,0.09733487833140209,0.7357859531772575
300,221,169,9428.992083414374,0.11843515541264737,0.09791425260718424,0.7366666666666667
301,222,170,9474.909996205137,0.1189710610932476,0.0984936268829664,0.7375415282392026
302,223,171,9510.969863784838,0.1195069667738478,0.09907300115874855,0.7384105960264901
303,224,171,9547.029731364539,0.12004287245444802,0.09907300115874855,0.7392739273927392
304,225,172,9583.08959894424,0.12057877813504823,0.0996523754345307,0.7401315789473685
305,226,172,9619.14946652394,0.12111468381564845,0.0996523754345307,0.740983606557377
306,227,172,9655.209334103642,0.12165058949624866,0.0996523754345307,0.7418300653594772
307,228,172,9691.269201683343,0.12218649517684887,0.0996523754345307,0.742671009771987
308,229,173,9727.329069263043,0.1227224008574491,0.10023174971031286,0.7435064935064936
309,230,173,9763.388936842744,0.1232583065380493,0.10023174971031286,0.7443365695792881
310,231,173,9799.448804422445,0.12379421221864952,0.10023174971031286,0.7451612903225806
311,232,173,9835.508672002146,0.12433011789924973,0.10023174971031286,0.7459807073954984
312,233,173,9871.568539581847,0.12486602357984995,0.10023174971031286,0.7467948717948718
313,234,174,9907.628407161548,0.12540192926045016,0.10081112398609501,0.7476038338658147
314,235,175,9943.68827474125,0.12593783494105038,0.10139049826187717,0.7484076433121019
315,236,176,9979.74814232095,0.1264737406216506,0.10196987253765932,0.7492063492063492
316,237,177,10015.808009900651,0.1270096463022508,0.10254924681344148,0.75
317,238,178,10051.867877480352,0.12754555198285103,0.10312862108922363,0.750788643533123
318,239,179,10087.927745060053,0.12808145766345122,0.1037079953650058,0.7515723270440252
319,240,180,10123.987612639754,0.12861736334405144,0.10428736964078796,0.7523510971786834
320,241,181,10160.047480219455,0.12915326902465166,0.10486674391657011,0.753125
321,242,182,10196.107347799156,0.12968917470525188,0.10544611819235226,0.7538940809968847
322,243,183,10232.167215378857,0.1302250803858521,0.10602549246813442,0.7546583850931677
323,244,184,10268.227082958558,0.1307609860664523,0.10660486674391657,0.7554179566563467
324,245,185,10304.286950538259,0.13129689174705253,0.10718424101969873,0.7561728395061729
325,246,186,10340.34681811796,0.13183279742765272,0.10776361529548088,0.7569230769230769
326,247,187,10376.40668569766,0.13236870310825294,0.10834298957126304,0.7576687116564417
327,248,188,10412.466553277362,0.13290460878885316,0.10892236384704519,0.7584097859327217
328,249,189,10448.526420857062,0.13344051446945338,0.10950173812282735,0.7591463414634146
329,250,190,10484.586288436763,0.1339764201500536,0.1100811123986095,0.7598784194528876
330,251,191,10520.646156016464,0.1345123258306538,0.11066048667439166,0.7606060606060606
331,252,192,10556.706023596165,0.13504823151125403,0.11123986095017381,0.7613293051359517
332,253,193,10592.765891175866,0.13558413719185422,0.11181923522595597,0.7620481927710844
333,254,194,10628.825758755567,0.13612004287245444,0.11239860950173812,0.7627627627627628
334,255,195,10664.885626335268,0.13665594855305466,0.11297798377752027,0.7634730538922155
335,256,196,10700.94549391497,0.13719185423365488,0.11355735805330243,0.764179104477612
336,257,197,10737.00536149467,0.1377277599142551,0.11413673232908458,0.7648809523809523
337,258,198,10773.065229074371,0.1382636655948553,0.11471610660486674,0.7655786350148368
338,259,199,10809.125096654072,0.13879957127545553,0.11529548088064889,0.7662721893491125
339,260,200,10845.184964233773,0.13933547695605572,0.11587485515643106,0.7669616519174042
340,261,201,10881.244831813474,0.13987138263665594,0.11645422943221322,0.7676470588235295
341,262,202,10917.304699393175,0.14040728831725616,0.11703360370799537,0.7683284457478006
342,263,203,10953.364566972876,0.14094319399785638,0.11761297798377753,0.7690058479532164
343,264,204,10989.424434552577,0.1414790996784566,0.11819235225955968,0.7696793002915452
344,265,205,11025.484302132278,0.1420150053590568,0.11877172653534183,0.7703488372093024
345,266,206,11061.544169711979,0.14255091103965703,0.11935110081112399,0.7710144927536232
346,267,207,11097.60403729168,0.14308681672025725,0.11993047508690614,0.7716763005780347
347,268,208,11133.66390487138,0.14362272240085744,0.1205098493626883,0.7723342939481268
348,269,209,11169.723772451081,0.14415862808145766,0.12108922363847045,0.7729885057471264
349,270,210,11205.783640030782,0.14469453376205788,0.12166859791425261,0.7736389684813754
350,271,211,11241.843507610483,0.1452304394426581,0.12224797219003476,0.7742857142857142
351,272,212,11277.903375190184,0.1457663451232583,0.12282734646581692,0.7749287749287749
352,273,213,11313.963242769885,0.14630225080385853,0.12340672074159907,0.7755681818181818
353,274,214,11350.023110349586,0.14683815648445875,0.12398609501738123,0.7762039660056658
354,275,215,11386.082977929287,0.14737406216505894,0.12456546929316338,0.7768361581920904
355,276,216,11422.142845508988,0.14790996784565916,0.12514484356894554,0.7774647887323943
356,277,217,11458.202713088689,0.14844587352625938,0.1257242178447277,0.7780898876404494
357,278,218,11494.26258066839,0.1489817792068596,0.12630359212050984,0.7787114845938375
358,279,219,11530.322448248091,0.1495176848874598,0.126882966396292,0.7793296089385475
359,280,220,11566.382315827792,0.15005359056806003,0.12746234067207415,0.7799442896935933
360,281,221,11602.442183407493,0.15058949624866025,0.12804171494785632,0.7805555555555556
361,282,222,11638.502050987194,0.15112540192926044,0.12862108922363846,0.7811634349030471
362,283,223,11674.561918566895,0.15166130760986066,0.12920046349942063,0.7817679558011049
363,284,224,11710.621786146596,0.15219721329046088,0.12977983777520277,0.7823691460055097
364,285,225,11746.681653726297,0.1527331189710611,0.13035921205098494,0.782967032967033
365,286,226,11782.741521305998,0.1532690246516613,0.13093858632676708,0.7835616438356164
366,287,227,11818.801388885699,0.15380493033226153,0.13151796060254925,0.7841530054644809
367,288,228,11854.8612564654,0.15434083601286175,0.1320973348783314,0.784741144414169
368,289,229,11890.9211240451,0.15487674169346194,0.13267670915411356,0.7853260869565217
369,290,230,11926.980991624801,0.15541264737406216,0.1332560834298957,0.7859078590785907
370,291,231,11963.040859204502,0.15594855305466238,0.13383545770567787,0.7864864864864864
371,292,232,11999.100726784203,0.1564844587352626,0.13441483198146004,0.7870619946091644
372,293,233,12035.160594363904,0.1570203644158628,0.13499420625724218,0.7876344086021505
373,294,234,12071.220461943605,0.15755627009646303,0.13557358053302435,0.7882037533512064
374,295,235,12107.280329523306,0.15809217577706325,0.1361529548088065,0.7887700534759359
375,296,236,12143.340197103007,0.15862808145766344,0.13673232908458866,0.7893333333333333
376,297,237,12179.400064682708,0.15916398713826366,0.1373117033603708,0.7898936170212766
377,298,238,12215.459932262409,0.15969989281886388,0.13789107763615296,0.7904509283819628
378,299,239,12251.51979984211,0.1602357984994641,0.1384704519119351,0.791005291005291
379,300,240,12287.57966742181,0.1607717041800643,0.13904982618771727,0.7915567282321899
380,301,241,12323.639535001512,0.16130760986066453,0.13962920046349941,0.7921052631578948
381,302,242,12359.699402581213,0.16184351554126475,0.14020857473928158,0.7926509186351706
382,303,243,12395.759270160914,0.16237942122186494,0.14078794901506372,0.7931937172774869
383,304,244,12431.819137740615,0.16291532690246516,0.1413673232908459,0.793733681462141
384,305,245,12467.879005320316,0.16345123258306538,0.14194669756662803,0.7942708333333334
385,306,246,12503.938872900017,0.1639871382636656,0.1425260718424102,0.7948051948051948
386,307,247,12539.998740479718,0.1645230439442658,0.14310544611819234,0.7953367875647669
387,308,248,12576.058608059418,0.16505894962486603,0.1436848203939745,0.7958656330749354
388,309,249,12612.11847563912,0.16559485530546625,0.14426419466975665,0.7963917525773195
389,310,250,12648.17834321882,0.16613076098606644,0.14484356894553882,0.7969151670951157
390,311,251,12684.238210798521,0.16666666666666666,0.14542294322132096,0.7974358974358975
391,312,252,12720.298078378222,0.16720257234726688,0.14600231749710313,0.7979539641943734
392,313,253,12756.357945957923,0.1677384780278671,0.1465816917728853,0.798469387755102
393,314,254,12792.417813537624,0.1682743837084673,0.14716106604866744,0.7989821882951654
394,315,255,12828.477681117325,0.16881028938906753,0.1477404403244496,0.799492385786802
395,316,256,12864.537548697026,0.16934619506966775,0.14831981460023175,0.8
396,317,257,12900.597416276727,0.16988210075026794,0.14889918887601392,0.8005050505050505
397,318,258,12936.657283856428,0.17041800643086816,0.14947856315179606,0.801007556675063
398,319,259,12972.717151436129,0.17095391211146838,0.15005793742757823,0.8015075376884422
399,320,260,13008.77701901583,0.1714898177920686,0.15063731170336037,0.8020050125313283
400,321,261,13044.83688659553,0.1720257234726688,0.15121668597914253,0.8025
401,322,262,13080.896754175232,0.17256162915326903,0.15179606025492468,0.8029925187032418
402,323,263,13116.956621754933,0.17309753483386925,0.15237543453070684,0.8034825870646766
403,324,264,13153.016489334634,0.17363344051446947,0.15295480880648898,0.8039702233250621
404,325,265,13189.076356914335,0.17416934619506966,0.15353418308227115,0.8044554455445545
405,326,266,13225.136224494036,0.17470525187566988,0.1541135573580533,0.8049382716049382
406,327,267,13261.196092073737,0.1752411575562701,0.15469293163383546,0.8054187192118226
407,328,268,13297.255959653437,0.1757770632368703,0.1552723059096176,0.8058968058968059
408,329,269,13333.315827233138,0.17631296891747053,0.15585168018539977,0.8063725490196079
409,330,270,13369.37569481284,0.17684887459807075,0.1564310544611819,0.8068459657701712
410,331,271,13405.43556239254,0.17738478027867097,0.15701042873696408,0.8073170731707318
411,332,272,13441.495429972241,0.17792068595927116,0.15758980301274622,0.8077858880778589
412,333,273,13477.555297551942,0.17845659163987138,0.1581691772885284,0.808252427184466
413,334,274,13513.615165131643,0.1789924973204716,0.15874855156431056,0.8087167070217918
414,335,275,13549.675032711344,0.1795284030010718,0.1593279258400927,0.8091787439613527
415,336,276,13585.734900291045,0.18006430868167203,0.15990730011587487,0.8096385542168675
416,337,277,13621.794767870746,0.18060021436227225,0.160486674391657,0.8100961538461539
417,338,278,13657.854635450447,0.18113612004287247,0.16106604866743918,0.8105515587529976
418,339,279,13693.914503030148,0.18167202572347266,0.16164542294322132,0.8110047846889952
419,340,280,13729.974370609849,0.18220793140407288,0.16222479721900349,0.8114558472553699
420,341,281,13766.03423818955,0.1827438370846731,0.16280417149478563,0.8119047619047619
421,342,282,13802.09410576925,0.1832797427652733,0.1633835457705678,0.8123515439429929
422,343,283,13838.153973348952,0.18381564844587353,0.16396292004634994,0.8127962085308057
423,344,284,13874.213840928653,0.18435155412647375,0.1645422943221321,0.8132387706855791
424,345,285,13910.273708508354,0.18488745980707397,0.16512166859791425,0.8136792452830188
425,346,286,13946.333576088055,0.18542336548767416,0.1657010428736964,0.8141176470588235
426,347,287,13982.393443667755,0.18595927116827438,0.16628041714947855,0.8145539906103286
427,348,288,14018.453311247456,0.1864951768488746,0.16685979142526072,0.8149882903981265
428,349,289,14054.513178827157,0.1870310825294748,0.16743916570104286,0.8154205607476636
429,350,290,14090.573046406858,0.18756698821007503,0.16801853997682503,0.8158508158508159
430,351,291,14126.63291398656,0.18810289389067525,0.16859791425260717,0.8162790697674419
431,352,292,14162.69278156626,0.18863879957127547,0.16917728852838934,0.8167053364269141
432,353,293,14198.752649145961,0.18917470525187566,0.16975666280417148,0.8171296296296297
433,354,294,14234.812516725662,0.18971061093247588,0.17033603707995365,0.8175519630484989
434,355,295,14270.872384305363,0.1902465166130761,0.17091541135573582,0.8179723502304147
435,356,296,14306.932251885064,0.1907824222936763,0.17149478563151796,0.8183908045977012
436,357,297,14342.992119464765,0.19131832797427653,0.17207415990730013,0.8188073394495413
437,358,298,14379.051987044466,0.19185423365487675,0.17265353418308227,0.8192219679633868
438,359,299,14415.111854624167,0.19239013933547697,0.17323290845886444,0.819634703196347
439,360,300,14451.171722203868,0.19292604501607716,0.17381228273464658,0.8200455580865603
440,361,301,14487.231589783569,0.19346195069667738,0.17439165701042875,0.8204545454545454
441,362,302,14523.29145736327,0.1939978563772776,0.1749710312862109,0.8208616780045351
442,363,303,14559.35132494297,0.1945337620578778,0.17555040556199306,0.8212669683257918
443,364,304,14595.411192522672,0.19506966773847803,0.1761297798377752,0.8216704288939052
444,365,305,14631.471060102373,0.19560557341907825,0.17670915411355737,0.8220720720720721
445,366,306,14667.530927682074,0.19614147909967847,0.1772885283893395,0.8224719101123595
446,367,307,14703.590795261774,0.19667738478027866,0.17786790266512167,0.8228699551569507
447,368,308,14739.650662841475,0.19721329046087888,0.17844727694090382,0.8232662192393736
448,369,309,14775.710530421176,0.1977491961414791,0.17902665121668598,0.8236607142857143
449,370,310,14811.770398000877,0.1982851018220793,0.17960602549246812,0.8240534521158129
450,371,311,14847.830265580578,0.19882100750267953,0.1801853997682503,0.8244444444444444
451,372,312,14883.89013316028,0.19935691318327975,0.18076477404403243,0.8248337028824834
452,373,313,14919.95000073998,0.19989281886387997,0.1813441483198146,0.8252212389380531
453,374,314,14956.009868319681,0.20042872454448016,0.18192352259559674,0.82560706401766
454,375,315,14992.069735899382,0.20096463022508038,0.1825028968713789,0.8259911894273128
455,376,316,15028.129603479083,0.2015005359056806,0.18308227114716108,0.8263736263736263
456,377,317,15064.189471058784,0.2020364415862808,0.18366164542294322,0.8267543859649122
457,378,318,15100.249338638485,0.20257234726688103,0.1842410196987254,0.8271334792122538
458,379,319,15136.309206218186,0.20310825294748125,0.18482039397450753,0.8275109170305677
459,380,320,15172.369073797887,0.20364415862808147,0.1853997682502897,0.8278867102396514
460,381,321,15208.428941377588,0.20418006430868169,0.18597914252607184,0.8282608695652174
461,382,322,15244.488808957289,0.20471596998928188,0.186558516801854,0.8286334056399133
462,383,323,15280.54867653699,0.2052518756698821,0.18713789107763615,0.829004329004329
463,384,324,15316.60854411669,0.2057877813504823,0.18771726535341832,0.8293736501079914
464,385,325,15352.668411696392,0.20632368703108253,0.18829663962920046,0.8297413793103449
465,386,326,15388.728279276093,0.20685959271168275,0.18887601390498263,0.8301075268817204
466,387,327,15424.788146855793,0.20739549839228297,0.18945538818076477,0.8304721030042919
467,388,328,15460.848014435494,0.20793140407288319,0.19003476245654694,0.8308351177730193
468,389,329,15496.907882015195,0.20846730975348338,0.19061413673232908,0.8311965811965812
469,390,330,15532.967749594896,0.2090032154340836,0.19119351100811124,0.8315565031982942
470,391,331,15569.027617174597,0.2095391211146838,0.19177288528389339,0.8319148936170213
471,392,332,15605.087484754298,0.21007502679528403,0.19235225955967555,0.832271762208068
472,393,333,15641.147352334,0.21061093247588425,0.1929316338354577,0.8326271186440678
473,394,333,15675.147706711314,0.21114683815648447,0.1929316338354577,0.8329809725158562
474,395,333,15709.148061088628,0.21168274383708469,0.1929316338354577,0.8333333333333334
475,396,334,15743.148415465943,0.21221864951768488,0.19351100811123986,0.8336842105263158
476,397,334,15777.148769843257,0.2127545551982851,0.19351100811123986,0.8340336134453782
477,398,334,15811.149124220572,0.2132904608788853,0.19351100811123986,0.8343815513626834
478,399,334,15845.149478597887,0.21382636655948553,0.19351100811123986,0.8347280334728033
479,400,334,15879.149832975201,0.21436227224008575,0.19351100811123986,0.8350730688935282
480,401,334,15913.150187352516,0.21489817792068597,0.19351100811123986,0.8354166666666667
481,402,334,15947.15054172983,0.21543408360128619,0.19351100811123986,0.8357588357588358
482,403,334,15981.150896107145,0.21596998928188638,0.19351100811123986,0.8360995850622407
483,404,334,16015.15125048446,0.2165058949624866,0.19351100811123986,0.8364389233954451
484,405,335,16049.151604861774,0.2170418006430868,0.194090382387022,0.8367768595041323
485,406,336,16083.151959239089,0.21757770632368703,0.19466975666280417,0.8371134020618557
486,407,337,16117.152313616403,0.21811361200428725,0.19524913093858634,0.8374485596707819
487,408,338,16151.152667993718,0.21864951768488747,0.19582850521436848,0.837782340862423
488,409,339,16185.153022371032,0.21918542336548769,0.19640787949015065,0.8381147540983607
489,410,340,16219.153376748347,0.21972132904608788,0.1969872537659328,0.8384458077709611
490,411,341,16253.153731125662,0.2202572347266881,0.19756662804171496,0.8387755102040816
491,412,342,16287.154085502976,0.2207931404072883,0.1981460023174971,0.8391038696537678
492,413,343,16321.15443988029,0.22132904608788853,0.19872537659327927,0.8394308943089431
493,414,344,16355.154794257605,0.22186495176848875,0.1993047508690614,0.8397565922920892
494,415,345,16389.15514863492,0.22240085744908897,0.19988412514484358,0.840080971659919
495,416,346,16423.155503012236,0.22293676312968919,0.20046349942062572,0.8404040404040404
496,417,347,16457.155857389553,0.22347266881028938,0.2010428736964079,0.8407258064516129
497,418,348,16491.15621176687,0.2240085744908896,0.20162224797219003,0.8410462776659959
498,419,349,16525.156566144185,0.2245444801714898,0.2022016222479722,0.8413654618473896
499,420,350,16559.156920521502,0.22508038585209003,0.20278099652375434,0.8416833667334669
500,421,351,16593.15727489882,0.22561629153269025,0.2033603707995365,0.842
501,422,352,16627.157629276135,0.22615219721329047,0.20393974507531865,0.8423153692614771
502,423,353,16661.15798365345,0.2266881028938907,0.20451911935110081,0.8426294820717132
503,424,354,16695.158338030767,0.22722400857449088,0.20509849362688296,0.8429423459244533
504,425,355,16729.158692408084,0.2277599142550911,0.20567786790266512,0.8432539682539683
505,426,356,16763.1590467854,0.2282958199356913,0.20625724217844726,0.8435643564356435
506,427,357,16797.159401162717,0.22883172561629153,0.20683661645422943,0.8438735177865613
507,428,358,16831.159755540033,0.22936763129689175,0.2074159907300116,0.8441814595660749
508,429,359,16865.16010991735,0.22990353697749197,0.20799536500579374,0.844488188976378
509,430,360,16899.160464294666,0.2304394426580922,0.2085747392815759,0.8447937131630648
510,431,361,16933.160818671982,0.23097534833869238,0.20915411355735805,0.8450980392156863
511,432,362,16967.1611730493,0.2315112540192926,0.20973348783314022,0.8454011741682974
512,433,363,17001.161527426615,0.2320471596998928,0.21031286210892236,0.845703125
513,434,364,17035.16188180393,0.23258306538049303,0.21089223638470453,0.8460038986354775
514,435,365,17069.162236181248,0.23311897106109325,0.21147161066048667,0.8463035019455253
515,436,366,17103.162590558564,0.23365487674169347,0.21205098493626884,0.8466019417475729
516,437,367,17137.16294493588,0.2341907824222937,0.21263035921205098,0.8468992248062015
517,438,368,17171.163299313197,0.2347266881028939,0.21320973348783315,0.8471953578336557
518,439,369,17205.163653690513,0.2352625937834941,0.2137891077636153,0.8474903474903475
519,440,370,17239.16400806783,0.2357984994640943,0.21436848203939746,0.8477842003853564
520,441,371,17273.164362445146,0.23633440514469453,0.2149478563151796,0.8480769230769231
521,442,372,17307.164716822463,0.23687031082529475,0.21552723059096177,0.8483685220729367
522,443,373,17341.16507119978,0.23740621650589497,0.2161066048667439,0.8486590038314177
523,444,374,17375.165425577095,0.2379421221864952,0.21668597914252608,0.8489483747609943
524,445,375,17409.165779954412,0.2384780278670954,0.21726535341830822,0.8492366412213741
525,446,376,17443.16613433173,0.2390139335476956,0.21784472769409038,0.8495238095238096
526,447,377,17477.166488709045,0.2395498392282958,0.21842410196987253,0.8498098859315589
527,448,378,17511.16684308636,0.24008574490889603,0.2190034762456547,0.8500948766603416
528,449,379,17545.167197463677,0.24062165058949625,0.21958285052143686,0.8503787878787878
529,450,380,17579.167551840994,0.24115755627009647,0.220162224797219,0.8506616257088847
530,451,381,17613.16790621831,0.2416934619506967,0.22074159907300117,0.8509433962264151
531,452,382,17647.168260595627,0.2422293676312969,0.2213209733487833,0.8512241054613936
532,453,383,17681.168614972943,0.2427652733118971,0.22190034762456548,0.8515037593984962
533,454,384,17715.16896935026,0.2433011789924973,0.22247972190034762,0.851782363977486
534,455,385,17749.169323727576,0.24383708467309753,0.2230590961761298,0.8520599250936329
535,456,386,17783.169678104892,0.24437299035369775,0.22363847045191193,0.8523364485981308
536,457,387,17817.17003248221,0.24490889603429797,0.2242178447276941,0.8526119402985075
537,458,388,17851.170386859525,0.2454448017148982,0.22479721900347624,0.8528864059590316
538,459,389,17885.17074123684,0.2459807073954984,0.2253765932792584,0.8531598513011153
539,460,390,17919.171095614158,0.2465166130760986,0.22595596755504055,0.8534322820037106
540,461,391,17953.171449991474,0.2470525187566988,0.22653534183082272,0.8537037037037037
541,462,392,17987.17180436879,0.24758842443729903,0.22711471610660486,0.8539741219963032
542,463,393,18021.172158746107,0.24812433011789925,0.22769409038238703,0.8542435424354243
543,464,394,18055.172513123423,0.24866023579849947,0.22827346465816917,0.85451197053407
544,465,395,18089.17286750074,0.2491961414790997,0.22885283893395134,0.8547794117647058
545,466,396,18123.173221878056,0.2497320471596999,0.22943221320973348,0.8550458715596331
546,467,397,18157.173576255373,0.2502679528403001,0.23001158748551565,0.8553113553113553
547,468,398,18191.17393063269,0.2508038585209003,0.23059096176129779,0.8555758683729433
548,469,399,18225.174285010005,0.25133976420150056,0.23117033603707995,0.8558394160583942
549,470,400,18259.17463938732,0.25187566988210075,0.23174971031286212,0.8561020036429873
550,471,401,18293.17499376464,0.25241157556270094,0.23232908458864426,0.8563636363636363
551,472,402,18327.175348141955,0.2529474812433012,0.23290845886442643,0.8566243194192378
552,473,403,18361.17570251927,0.2534833869239014,0.23348783314020857,0.8568840579710145
553,474,404,18395.176056896587,0.2540192926045016,0.23406720741599074,0.8571428571428571
554,475,405,18429.176411273904,0.2545551982851018,0.23464658169177288,0.8574007220216606
555,476,406,18463.17676565122,0.25509110396570206,0.23522595596755505,0.8576576576576577
556,477,407,18497.177120028537,0.25562700964630225,0.2358053302433372,0.8579136690647482
557,478,408,18531.177474405853,0.25616291532690244,0.23638470451911936,0.8581687612208259
558,479,409,18565.17782878317,0.2566988210075027,0.2369640787949015,0.8584229390681004
559,480,410,18599.178183160486,0.2572347266881029,0.23754345307068367,0.8586762075134168
560,481,411,18633.178537537802,0.2577706323687031,0.2381228273464658,0.8589285714285714
561,482,412,18667.17889191512,0.2583065380493033,0.23870220162224798,0.8591800356506238
562,483,413,18701.179246292435,0.25884244372990356,0.23928157589803012,0.8594306049822064
563,484,414,18735.17960066975,0.25937834941050375,0.2398609501738123,0.8596802841918295
564,485,415,18769.179955047068,0.25991425509110394,0.24044032444959443,0.8599290780141844
565,486,416,18803.180309424384,0.2604501607717042,0.2410196987253766,0.8601769911504424
566,487,417,18837.1806638017,0.2609860664523044,0.24159907300115874,0.8604240282685512
567,488,418,18871.181018179017,0.2615219721329046,0.2421784472769409,0.8606701940035273
568,489,419,18905.181372556333,0.2620578778135048,0.24275782155272305,0.8609154929577465
569,490,420,18939.18172693365,0.26259378349410506,0.24333719582850522,0.8611599297012302
570,491,421,18973.182081310966,0.26312968917470525,0.24391657010428738,0.8614035087719298
571,492,422,19007.182435688283,0.26366559485530544,0.24449594438006952,0.861646234676007
572,493,423,19041.1827900656,0.2642015005359057,0.2450753186558517,0.8618881118881119
573,494,424,19075.183144442915,0.2647374062165059,0.24565469293163383,0.8621291448516579
574,495,425,19109.18349882023,0.2652733118971061,0.246234067207416,0.8623693379790941
575,496,426,19143.183853197548,0.2658092175777063,0.24681344148319814,0.8626086956521739
576,497,427,19177.184207574865,0.26634512325830656,0.2473928157589803,0.8628472222222222
577,498,428,19211.18456195218,0.26688102893890675,0.24797219003476245,0.8630849220103987
578,499,429,19245.184916329497,0.26741693461950694,0.24855156431054462,0.8633217993079585
579,500,430,19279.185270706814,0.2679528403001072,0.24913093858632676,0.8635578583765112
580,501,431,19313.18562508413,0.2684887459807074,0.24971031286210893,0.8637931034482759
581,502,432,19347.185979461447,0.2690246516613076,0.25028968713789107,0.8640275387263339
582,503,433,19381.186333838763,0.2695605573419078,0.2508690614136732,0.8642611683848798
583,504,434,19415.18668821608,0.27009646302250806,0.2514484356894554,0.8644939965694682
584,505,435,19449.187042593396,0.27063236870310825,0.25202780996523755,0.8647260273972602
585,506,436,19483.187396970712,0.27116827438370844,0.2526071842410197,0.864957264957265
586,507,437,19517.18775134803,0.2717041800643087,0.25318655851680183,0.8651877133105802
587,508,438,19551.188105725345,0.2722400857449089,0.253765932792584,0.8654173764906303
588,509,439,19585.18846010266,0.2727759914255091,0.25434530706836617,0.8656462585034014
589,510,440,19619.188814479978,0.2733118971061093,0.2549246813441483,0.865874363327674
590,511,441,19653.189168857294,0.27384780278670956,0.25550405561993045,0.8661016949152542
591,512,442,19687.18952323461,0.27438370846730975,0.25608342989571264,0.8663282571912013
592,513,443,19721.189877611927,0.27491961414790994,0.2566628041714948,0.8665540540540541
593,514,444,19755.190231989243,0.2754555198285102,0.2572421784472769,0.866779089376054
594,515,445,19789.19058636656,0.2759914255091104,0.2578215527230591,0.867003367003367
595,516,446,19823.190940743876,0.2765273311897106,0.25840092699884126,0.8672268907563025
596,517,447,19857.191295121193,0.2770632368703108,0.2589803012746234,0.8674496644295302
597,518,448,19891.19164949851,0.27759914255091106,0.25955967555040554,0.8676716917922948
598,519,449,19925.192003875825,0.27813504823151125,0.26013904982618774,0.8678929765886287
599,520,450,19959.19235825314,0.27867095391211144,0.2607184241019699,0.8681135225375626
600,521,451,19993.192712630458,0.2792068595927117,0.261297798377752,0.8683333333333333
601,522,452,20027.193067007775,0.2797427652733119,0.26187717265353416,0.8685524126455907
602,523,453,20061.19342138509,0.2802786709539121,0.26245654692931636,0.8687707641196013
603,524,454,20095.193775762407,0.2808145766345123,0.2630359212050985,0.8689883913764511
604,525,455,20129.194130139724,0.28135048231511256,0.26361529548088064,0.8692052980132451
605,526,456,20163.19448451704,0.28188638799571275,0.2641946697566628,0.8694214876033057
606,527,457,20197.194838894357,0.282422293676313,0.264774044032445,0.8696369636963697
607,528,458,20231.195193271673,0.2829581993569132,0.2653534183082271,0.8698517298187809
608,529,459,20265.19554764899,0.2834941050375134,0.26593279258400926,0.8700657894736842
609,530,460,20299.195902026306,0.2840300107181136,0.2665121668597914,0.8702791461412152
610,531,461,20333.196256403622,0.2845659163987138,0.2670915411355736,0.8704918032786885
611,532,462,20367.19661078094,0.28510182207931406,0.26767091541135574,0.8707037643207856
612,533,463,20401.196965158255,0.28563772775991425,0.2682502896871379,0.8709150326797386
613,534,464,20435.19731953557,0.2861736334405145,0.2688296639629201,0.8711256117455138
614,535,465,20469.197673912888,0.2867095391211147,0.2694090382387022,0.8713355048859935
615,536,466,20503.198028290204,0.2872454448017149,0.26998841251448435,0.8715447154471545
616,537,467,20537.19838266752,0.2877813504823151,0.2705677867902665,0.8717532467532467
617,538,468,20571.198737044837,0.2883172561629153,0.2711471610660487,0.8719611021069692
618,539,469,20605.199091422153,0.28885316184351556,0.27172653534183083,0.872168284789644
619,540,470,20639.19944579947,0.28938906752411575,0.272305909617613,0.8723747980613893
620,541,471,20673.199800176786,0.289924973204716,0.2728852838933951,0.8725806451612903
621,542,472,20707.200154554102,0.2904608788853162,0.2734646581691773,0.8727858293075684
622,543,473,20741.20050893142,0.2909967845659164,0.27404403244495945,0.8729903536977492
623,544,474,20775.200863308735,0.2915326902465166,0.2746234067207416,0.8731942215088283
624,545,475,20809.20121768605,0.2920685959271168,0.27520278099652373,0.8733974358974359
625,546,476,20843.201572063368,0.29260450160771706,0.27578215527230593,0.8736
626,547,477,20877.201926440684,0.29314040728831725,0.27636152954808807,0.8738019169329073
627,548,478,20911.202280818,0.2936763129689175,0.2769409038238702,0.8740031897926634
628,549,479,20945.202635195317,0.2942122186495177,0.27752027809965235,0.8742038216560509
629,550,480,20979.202989572634,0.2947481243301179,0.27809965237543455,0.8744038155802861
630,551,481,21013.20334394995,0.2952840300107181,0.2786790266512167,0.8746031746031746
631,552,482,21047.203698327266,0.2958199356913183,0.27925840092699883,0.8748019017432647
632,553,483,21081.204052704583,0.29635584137191856,0.27983777520278097,0.875
633,554,484,21115.2044070819,0.29689174705251875,0.28041714947856317,0.8751974723538705
634,555,485,21149.204761459216,0.297427652733119,0.2809965237543453,0.8753943217665615
635,556,486,21183.205115836532,0.2979635584137192,0.28157589803012745,0.8755905511811024
636,557,487,21217.20547021385,0.2984994640943194,0.28215527230590964,0.8757861635220126
637,558,488,21251.205824591165,0.2990353697749196,0.2827346465816918,0.8759811616954474
638,559,489,21285.20617896848,0.2995712754555198,0.2833140208574739,0.8761755485893417
639,560,490,21319.206533345798,0.30010718113612006,0.28389339513325607,0.8763693270735524
640,561,491,21353.206887723114,0.30064308681672025,0.28447276940903826,0.8765625
641,562,492,21387.20724210043,0.3011789924973205,0.2850521436848204,0.8767550702028081
642,563,493,21421.207596477747,0.3017148981779207,0.28563151796060254,0.8769470404984424
643,564,494,21455.207950855063,0.3022508038585209,0.2862108922363847,0.8771384136858476
644,565,495,21476.189192963986,0.3027867095391211,0.2867902665121669,0.8773291925465838
645,566,495,21497.17043507291,0.3033226152197213,0.2867902665121669,0.8775193798449612
646,567,496,21518.15167718183,0.30385852090032156,0.287369640787949,0.8777089783281734
647,568,496,21539.132919290754,0.30439442658092175,0.287369640787949,0.8778979907264297
648,569,496,21560.114161399677,0.304930332261522,0.287369640787949,0.8780864197530864
649,570,496,21581.0954035086,0.3054662379421222,0.287369640787949,0.8782742681047766
650,571,497,21602.076645617522,0.3060021436227224,0.28794901506373116,0.8784615384615385
651,572,497,21623.057887726445,0.3065380493033226,0.28794901506373116,0.8786482334869432
652,573,497,21644.039129835368,0.3070739549839228,0.28794901506373116,0.8788343558282209
653,574,497,21665.02037194429,0.30760986066452306,0.28794901506373116,0.8790199081163859
654,575,497,21686.001614053213,0.30814576634512325,0.28794901506373116,0.8792048929663608
655,576,498,21706.982856162136,0.3086816720257235,0.2885283893395133,0.8793893129770992
656,577,499,21727.96409827106,0.3092175777063237,0.2891077636152955,0.8795731707317073
657,578,500,21748.94534037998,0.3097534833869239,0.28968713789107764,0.8797564687975646
658,579,501,21769.926582488904,0.3102893890675241,0.2902665121668598,0.8799392097264438
659,580,502,21790.907824597827,0.3108252947481243,0.2908458864426419,0.8801213960546282
660,581,503,21811.88906670675,0.31136120042872456,0.2914252607184241,0.8803030303030303
661,582,504,21832.870308815673,0.31189710610932475,0.29200463499420626,0.8804841149773072
662,583,505,21853.851550924595,0.312433011789925,0.2925840092699884,0.8806646525679759
663,584,506,21874.832793033518,0.3129689174705252,0.2931633835457706,0.8808446455505279
664,585,507,21895.81403514244,0.3135048231511254,0.29374275782155274,0.8810240963855421
665,586,508,21916.795277251364,0.3140407288317256,0.2943221320973349,0.881203007518797
666,587,509,21937.776519360286,0.3145766345123258,0.294901506373117,0.8813813813813813
667,588,510,21958.75776146921,0.31511254019292606,0.2954808806488992,0.881559220389805
668,589,511,21979.73900357813,0.31564844587352625,0.29606025492468135,0.8817365269461078
669,590,512,22000.720245687055,0.3161843515541265,0.2966396292004635,0.8819133034379671
670,591,513,22021.701487795977,0.3167202572347267,0.29721900347624564,0.8820895522388059
671,592,514,22042.6827299049,0.3172561629153269,0.29779837775202783,0.8822652757078987
672,593,515,22063.663972013823,0.3177920685959271,0.29837775202781,0.8824404761904762
673,594,516,22084.645214122746,0.3183279742765273,0.2989571263035921,0.8826151560178306
674,595,517,22105.62645623167,0.31886387995712756,0.29953650057937425,0.8827893175074184
675,596,518,22126.60769834059,0.31939978563772775,0.30011587485515645,0.882962962962963
676,597,519,22147.588940449514,0.319935691318328,0.3006952491309386,0.8831360946745562
677,598,520,22168.570182558436,0.3204715969989282,0.30127462340672073,0.8833087149187593
678,599,521,22189.55142466736,0.3210075026795284,0.3018539976825029,0.883480825958702
679,600,522,22210.532666776282,0.3215434083601286,0.30243337195828507,0.8836524300441826
680,601,523,22231.513908885205,0.3220793140407288,0.3030127462340672,0.8838235294117647
681,602,524,22252.495150994127,0.32261521972132906,0.30359212050984935,0.8839941262848752
682,603,525,22273.47639310305,0.32315112540192925,0.3041714947856315,0.8841642228739003
683,604,526,22294.457635211973,0.3236870310825295,0.3047508690614137,0.8843338213762811
684,605,527,22315.438877320896,0.3242229367631297,0.30533024333719583,0.8845029239766082
685,606,528,22336.42011942982,0.3247588424437299,0.30590961761297797,0.8846715328467153
686,607,529,22357.40136153874,0.3252947481243301,0.30648899188876016,0.8848396501457726
687,608,530,22378.382603647664,0.3258306538049303,0.3070683661645423,0.8850072780203785
688,609,531,22399.363845756587,0.32636655948553056,0.30764774044032445,0.8851744186046512
689,610,532,22420.34508786551,0.32690246516613075,0.3082271147161066,0.8853410740203193
690,611,533,22441.326329974432,0.327438370846731,0.3088064889918888,0.8855072463768116
691,612,534,22462.307572083355,0.3279742765273312,0.3093858632676709,0.8856729377713459
692,613,535,22483.288814192278,0.3285101822079314,0.30996523754345306,0.8858381502890174
693,614,536,22504.2700563012,0.3290460878885316,0.3105446118192352,0.886002886002886
694,615,537,22525.251298410123,0.3295819935691318,0.3111239860950174,0.8861671469740634
695,616,538,22546.232540519046,0.33011789924973206,0.31170336037079954,0.8863309352517985
696,617,539,22567.21378262797,0.33065380493033225,0.3122827346465817,0.8864942528735632
697,618,540,22588.19502473689,0.3311897106109325,0.3128621089223638,0.8866571018651362
698,619,541,22609.176266845814,0.3317256162915327,0.313441483198146,0.8868194842406877
699,620,542,22630.157508954737,0.3322615219721329,0.31402085747392816,0.8869814020028612
700,621,543,22651.13875106366,0.3327974276527331,0.3146002317497103,0.8871428571428571
701,622,544,22672.119993172582,0.3333333333333333,0.31517960602549244,0.8873038516405135
702,623,545,22693.101235281505,0.33386923901393356,0.31575898030127464,0.8874643874643875
703,624,546,22714.082477390428,0.33440514469453375,0.3163383545770568,0.887624466571835
704,625,547,22735.06371949935,0.334941050375134,0.3169177288528389,0.8877840909090909
705,626,548,22756.044961608273,0.3354769560557342,0.3174971031286211,0.8879432624113475
706,627,549,22777.026203717196,0.3360128617363344,0.31807647740440326,0.8881019830028328
707,628,550,22798.00744582612,0.3365487674169346,0.3186558516801854,0.8882602545968883
708,629,551,22818.98868793504,0.3370846730975348,0.31923522595596754,0.8884180790960452
709,630,552,22839.969930043964,0.33762057877813506,0.31981460023174973,0.8885754583921015
710,631,553,22860.951172152887,0.33815648445873525,0.3203939745075319,0.8887323943661972
711,632,554,22881.93241426181,0.3386923901393355,0.320973348783314,0.8888888888888888
712,633,555,22902.913656370732,0.3392282958199357,0.32155272305909616,0.8890449438202247
713,634,556,22923.894898479655,0.3397642015005359,0.32213209733487835,0.8892005610098177
714,635,557,22944.876140588578,0.3403001071811361,0.3227114716106605,0.8893557422969187
715,636,558,22965.8573826975,0.3408360128617363,0.32329084588644263,0.8895104895104895
716,637,559,22986.838624806423,0.34137191854233656,0.3238702201622248,0.8896648044692738
717,638,560,23007.819866915346,0.34190782422293675,0.32444959443800697,0.8898186889818689
718,639,561,23028.80110902427,0.342443729903537,0.3250289687137891,0.8899721448467967
719,640,562,23049.78235113319,0.3429796355841372,0.32560834298957125,0.8901251738525731
720,641,563,23070.763593242114,0.3435155412647374,0.3261877172653534,0.8902777777777777
721,642,564,23091.744835351037,0.3440514469453376,0.3267670915411356,0.8904299583911235
722,643,565,23112.72607745996,0.3445873526259378,0.32734646581691773,0.8905817174515236
723,644,566,23133.707319568883,0.34512325830653806,0.32792584009269987,0.8907330567081605
724,645,567,23154.688561677805,0.34565916398713825,0.328505214368482,0.8908839779005525
725,646,568,23175.669803786728,0.3461950696677385,0.3290845886442642,0.8910344827586207
726,647,569,23196.65104589565,0.3467309753483387,0.32966396292004635,0.8911845730027548
727,648,570,23217.632288004574,0.34726688102893893,0.3302433371958285,0.8913342503438789
728,649,571,23238.613530113496,0.3478027867095391,0.3308227114716107,0.8914835164835165
729,650,572,23259.59477222242,0.3483386923901393,0.3314020857473928,0.8916323731138546
730,651,573,23280.576014331342,0.34887459807073956,0.33198146002317497,0.8917808219178082
731,652,574,23301.557256440265,0.34941050375133975,0.3325608342989571,0.8919288645690835
732,653,575,23322.538498549187,0.34994640943194,0.3331402085747393,0.8920765027322405
733,654,576,23343.51974065811,0.3504823151125402,0.33371958285052145,0.8922237380627558
734,655,577,23364.500982767033,0.35101822079314043,0.3342989571263036,0.8923705722070845
735,656,578,23385.482224875956,0.3515541264737406,0.3348783314020857,0.8925170068027211
736,657,579,23406.46346698488,0.3520900321543408,0.3354577056778679,0.8926630434782609
737,658,580,23427.4447090938,0.35262593783494106,0.33603707995365006,0.89280868385346
738,659,581,23448.425951202724,0.35316184351554125,0.3366164542294322,0.8929539295392954
739,660,582,23469.407193311647,0.3536977491961415,0.33719582850521435,0.8930987821380244
740,661,583,23490.38843542057,0.3542336548767417,0.33777520278099654,0.8932432432432432
741,662,584,23511.369677529492,0.35476956055734193,0.3383545770567787,0.893387314439946
742,663,585,23532.350919638415,0.3553054662379421,0.3389339513325608,0.8935309973045822
743,664,586,23553.332161747338,0.3558413719185423,0.33951332560834296,0.8936742934051144
744,665,587,23574.31340385626,0.35637727759914256,0.34009269988412516,0.8938172043010753
745,666,588,23595.294645965183,0.35691318327974275,0.3406720741599073,0.8939597315436242
746,667,589,23616.275888074106,0.357449088960343,0.34125144843568944,0.8941018766756033
747,668,590,23637.25713018303,0.3579849946409432,0.34183082271147164,0.8942436412315931
748,669,591,23658.23837229195,0.35852090032154343,0.3424101969872538,0.8943850267379679
749,670,592,23679.219614400874,0.3590568060021436,0.3429895712630359,0.8945260347129506
750,671,593,23700.200856509797,0.3595927116827438,0.34356894553881806,0.8946666666666667
751,672,594,23721.18209861872,0.36012861736334406,0.34414831981460026,0.8948069241011984
752,673,595,23742.163340727642,0.36066452304394425,0.3447276940903824,0.8949468085106383
753,674,596,23763.144582836565,0.3612004287245445,0.34530706836616454,0.8950863213811421
754,675,597,23784.125824945488,0.3617363344051447,0.3458864426419467,0.8952254641909815
755,676,598,23805.10706705441,0.36227224008574493,0.3464658169177289,0.895364238410596
756,677,599,23826.088309163333,0.3628081457663451,0.347045191193511,0.8955026455026455
757,678,600,23847.069551272256,0.3633440514469453,0.34762456546929316,0.8956406869220608
758,679,601,23868.05079338118,0.36387995712754556,0.3482039397450753,0.895778364116095
759,680,602,23889.0320354901,0.36441586280814575,0.3487833140208575,0.8959156785243741
760,681,603,23910.013277599024,0.364951768488746,0.34936268829663963,0.8960526315789473
761,682,604,23930.994519707947,0.3654876741693462,0.3499420625724218,0.8961892247043364
762,683,605,23951.97576181687,0.36602357984994643,0.3505214368482039,0.8963254593175853
763,684,606,23972.957003925792,0.3665594855305466,0.3511008111239861,0.8964613368283093
764,685,607,23993.938246034715,0.3670953912111468,0.35168018539976825,0.8965968586387435
765,686,608,24014.919488143638,0.36763129689174706,0.3522595596755504,0.8967320261437909
766,687,609,24035.90073025256,0.36816720257234725,0.35283893395133253,0.8968668407310705
767,688,610,24056.881972361483,0.3687031082529475,0.35341830822711473,0.8970013037809648
768,689,611,24077.863214470406,0.3692390139335477,0.35399768250289687,0.8971354166666666
769,690,612,24098.84445657933,0.36977491961414793,0.354577056778679,0.8972691807542262
770,691,613,24119.82569868825,0.3703108252947481,0.3551564310544612,0.8974025974025974
771,692,614,24140.806940797174,0.3708467309753483,0.35573580533024335,0.8975356679636836
772,693,615,24161.788182906097,0.37138263665594856,0.3563151796060255,0.8976683937823834
773,694,616,24182.76942501502,0.37191854233654875,0.35689455388180763,0.8978007761966365
774,695,617,24203.750667123943,0.372454448017149,0.3574739281575898,0.8979328165374677
775,696,618,24224.731909232865,0.3729903536977492,0.35805330243337197,0.8980645161290323
776,697,619,24245.713151341788,0.37352625937834943,0.3586326767091541,0.8981958762886598
777,698,620,24266.69439345071,0.3740621650589496,0.35921205098493625,0.8983268983268984
778,699,621,24287.675635559634,0.3745980707395498,0.35979142526071844,0.8984575835475579
779,700,622,24308.656877668556,0.37513397642015006,0.3603707995365006,0.8985879332477535
780,701,623,24329.63811977748,0.37566988210075025,0.3609501738122827,0.8987179487179487
781,702,624,24350.6193618864,0.3762057877813505,0.36152954808806487,0.8988476312419974
782,703,625,24371.600603995324,0.3767416934619507,0.36210892236384706,0.8989769820971867
783,704,626,24392.581846104247,0.37727759914255093,0.3626882966396292,0.8991060025542784
784,705,627,24413.56308821317,0.3778135048231511,0.36326767091541134,0.8992346938775511
785,706,628,24434.544330322093,0.3783494105037513,0.3638470451911935,0.8993630573248408
786,707,629,24455.525572431015,0.37888531618435156,0.3644264194669757,0.8994910941475827
787,708,630,24476.50681453994,0.37942122186495175,0.3650057937427578,0.8996188055908514
788,709,631,24497.48805664886,0.379957127545552,0.36558516801853996,0.899746192893401
789,710,632,24518.469298757784,0.3804930332261522,0.36616454229432216,0.899873257287706
790,711,633,24539.450540866706,0.38102893890675243,0.3667439165701043,0.9
791,712,634,24560.43178297563,0.3815648445873526,0.36732329084588644,0.900126422250316
792,713,635,24581.413025084552,0.3821007502679528,0.3679026651216686,0.9002525252525253
793,714,636,24602.394267193475,0.38263665594855306,0.3684820393974508,0.9003783102143758
794,715,637,24623.375509302397,0.38317256162915325,0.3690614136732329,0.9005037783375315
795,716,638,24644.35675141132,0.3837084673097535,0.36964078794901506,0.9006289308176101
796,717,639,24665.337993520243,0.3842443729903537,0.3702201622247972,0.9007537688442211
797,718,640,24686.319235629166,0.38478027867095393,0.3707995365005794,0.9008782936010038
798,719,641,24707.30047773809,0.3853161843515541,0.37137891077636154,0.9010025062656641
799,720,642,24728.28171984701,0.3858520900321543,0.3719582850521437,0.9011264080100125
800,721,643,24749.262961955934,0.38638799571275456,0.3725376593279258,0.90125
801,722,644,24770.244204064857,0.38692390139335475,0.373117033603708,0.9013732833957553
802,723,645,24791.22544617378,0.387459807073955,0.37369640787949016,0.9014962593516209
803,724,646,24812.206688282702,0.3879957127545552,0.3742757821552723,0.9016189290161893
804,725,647,24833.187930391625,0.38853161843515543,0.37485515643105444,0.9017412935323383
805,726,648,24854.169172500548,0.3890675241157556,0.37543453070683663,0.901863354037267
806,727,649,24875.15041460947,0.3896034297963558,0.3760139049826188,0.901985111662531
807,728,650,24896.131656718393,0.39013933547695606,0.3765932792584009,0.9021065675340768
808,729,651,24917.112898827316,0.39067524115755625,0.37717265353418306,0.9022277227722773
809,730,652,24938.09414093624,0.3912111468381565,0.37775202780996525,0.9023485784919654
810,731,653,24959.07538304516,0.3917470525187567,0.3783314020857474,0.9024691358024691
811,732,654,24980.056625154084,0.39228295819935693,0.37891077636152953,0.9025893958076449
812,733,655,25001.037867263007,0.3928188638799571,0.37949015063731173,0.9027093596059114
813,734,656,25022.01910937193,0.3933547695605573,0.38006952491309387,0.9028290282902829
814,735,657,25043.000351480852,0.39389067524115756,0.380648899188876,0.902948402948403
815,736,657,25060.31999054466,0.39442658092175775,0.380648899188876,0.9030674846625767
816,737,657,25077.639629608468,0.394962486602358,0.380648899188876,0.9031862745098039
817,738,658,25094.959268672275,0.3954983922829582,0.38122827346465815,0.9033047735618115
818,739,658,25112.278907736083,0.39603429796355843,0.38122827346465815,0.9034229828850856
819,740,658,25129.59854679989,0.3965702036441586,0.38122827346465815,0.9035409035409036
820,741,658,25146.9181858637,0.3971061093247588,0.38122827346465815,0.9036585365853659
821,742,658,25164.237824927506,0.39764201500535906,0.38122827346465815,0.9037758830694276
822,743,658,25181.557463991314,0.39817792068595925,0.38122827346465815,0.9038929440389294
823,744,658,25198.87710305512,0.3987138263665595,0.38122827346465815,0.9040097205346294
824,745,658,25216.19674211893,0.3992497320471597,0.38122827346465815,0.904126213592233
825,746,658,25233.516381182737,0.39978563772775993,0.38122827346465815,0.9042424242424243
826,747,659,25250.836020246545,0.4003215434083601,0.38180764774044035,0.9043583535108959
827,748,660,25268.155659310352,0.4008574490889603,0.3823870220162225,0.9044740024183797
828,749,661,25285.47529837416,0.40139335476956056,0.38296639629200463,0.9045893719806763
829,750,662,25302.794937437968,0.40192926045016075,0.38354577056778677,0.9047044632086851
830,751,663,25320.114576501775,0.402465166130761,0.38412514484356897,0.9048192771084337
831,752,664,25337.434215565583,0.4030010718113612,0.3847045191193511,0.9049338146811071
832,753,665,25354.75385462939,0.40353697749196143,0.38528389339513325,0.9050480769230769
833,754,666,25372.0734936932,0.4040728831725616,0.3858632676709154,0.9051620648259304
834,755,667,25389.393132757006,0.4046087888531618,0.3864426419466976,0.9052757793764988
835,756,668,25406.712771820814,0.40514469453376206,0.3870220162224797,0.9053892215568863
836,757,669,25424.03241088462,0.40568060021436225,0.38760139049826187,0.9055023923444976
837,758,670,25441.35204994843,0.4062165058949625,0.388180764774044,0.9056152927120669
838,759,671,25458.671689012237,0.4067524115755627,0.3887601390498262,0.905727923627685
839,760,672,25475.991328076045,0.40728831725616294,0.38933951332560834,0.9058402860548271
840,761,673,25493.310967139852,0.4078242229367631,0.3899188876013905,0.905952380952381
841,762,674,25510.63060620366,0.40836012861736337,0.3904982618771727,0.906064209274673
842,763,675,25527.950245267468,0.40889603429796356,0.3910776361529548,0.9061757719714965
843,764,676,25545.269884331276,0.40943193997856375,0.39165701042873696,0.9062870699881376
844,765,677,25562.589523395083,0.409967845659164,0.3922363847045191,0.9063981042654028
845,766,678,25579.90916245889,0.4105037513397642,0.3928157589803013,0.906508875739645
846,767,679,25597.2288015227,0.41103965702036444,0.39339513325608344,0.9066193853427896
847,768,680,25614.548440586506,0.4115755627009646,0.3939745075318656,0.9067296340023613
848,769,681,25631.868079650314,0.41211146838156487,0.3945538818076477,0.9068396226415094
849,770,682,25649.18771871412,0.41264737406216506,0.3951332560834299,0.9069493521790342
850,771,683,25666.50735777793,0.41318327974276525,0.39571263035921206,0.9070588235294118
851,772,684,25683.826996841737,0.4137191854233655,0.3962920046349942,0.9071680376028202
852,773,685,25701.146635905545,0.4142550911039657,0.39687137891077634,0.9072769953051644
853,774,686,25718.466274969353,0.41479099678456594,0.39745075318655854,0.9073856975381008
854,775,687,25735.78591403316,0.4153269024651661,0.3980301274623407,0.9074941451990632
855,776,688,25753.105553096968,0.41586280814576637,0.3986095017381228,0.9076023391812865
856,777,689,25770.425192160776,0.41639871382636656,0.39918887601390496,0.9077102803738317
857,778,690,25787.744831224583,0.41693461950696675,0.39976825028968715,0.9078179696616102
858,779,691,25805.06447028839,0.417470525187567,0.4003476245654693,0.9079254079254079
859,780,692,25822.3841093522,0.4180064308681672,0.40092699884125144,0.9080325960419092
860,781,693,25839.703748416006,0.41854233654876744,0.4015063731170336,0.9081395348837209
861,782,694,25857.023387479814,0.4190782422293676,0.4020857473928158,0.908246225319396
862,783,695,25874.34302654362,0.41961414790996787,0.4026651216685979,0.9083526682134571
863,784,696,25891.66266560743,0.42015005359056806,0.40324449594438005,0.9084588644264194
864,785,697,25908.982304671237,0.42068595927116825,0.40382387022016225,0.9085648148148148
865,786,698,25926.301943735045,0.4212218649517685,0.4044032444959444,0.9086705202312139
866,787,699,25943.621582798853,0.4217577706323687,0.40498261877172653,0.9087759815242494
867,788,700,25960.94122186266,0.42229367631296894,0.4055619930475087,0.908881199538639
868,789,701,25978.260860926468,0.4228295819935691,0.40614136732329087,0.9089861751152074
869,790,702,25995.580499990276,0.42336548767416937,0.406720741599073,0.9090909090909091
870,791,703,26012.900139054083,0.42390139335476956,0.40730011587485515,0.9091954022988505
871,792,704,26030.21977811789,0.42443729903536975,0.4078794901506373,0.9092996555683123
872,793,705,26047.5394171817,0.42497320471597,0.4084588644264195,0.9094036697247706
873,794,706,26064.859056245507,0.4255091103965702,0.40903823870220163,0.9095074455899198
874,795,707,26082.178695309314,0.42604501607717044,0.40961761297798377,0.9096109839816934
875,796,708,26099.498334373122,0.4265809217577706,0.4101969872537659,0.9097142857142857
876,797,709,26116.81797343693,0.42711682743837087,0.4107763615295481,0.9098173515981736
877,798,710,26134.137612500737,0.42765273311897106,0.41135573580533025,0.9099201824401368
878,799,711,26151.457251564545,0.42818863879957125,0.4119351100811124,0.9100227790432802
879,800,712,26168.776890628353,0.4287245444801715,0.41251448435689453,0.9101251422070534
880,801,713,26186.09652969216,0.4292604501607717,0.4130938586326767,0.9102272727272728
881,802,714,26203.416168755968,0.42979635584137194,0.41367323290845887,0.9103291713961408
882,803,715,26220.735807819776,0.4303322615219721,0.414252607184241,0.9104308390022676
883,804,716,26238.055446883583,0.43086816720257237,0.4148319814600232,0.9105322763306908
884,805,717,26255.37508594739,0.43140407288317256,0.41541135573580534,0.9106334841628959
885,806,718,26272.6947250112,0.43193997856377275,0.4159907300115875,0.9107344632768362
886,807,719,26290.014364075007,0.432475884244373,0.4165701042873696,0.9108352144469526
887,808,720,26307.334003138814,0.4330117899249732,0.4171494785631518,0.910935738444194
888,809,721,26324.653642202622,0.43354769560557344,0.41772885283893396,0.911036036036036
889,810,722,26341.97328126643,0.4340836012861736,0.4183082271147161,0.9111361079865017
890,811,723,26359.292920330237,0.43461950696677387,0.41888760139049824,0.9112359550561798
891,812,724,26376.612559394045,0.43515541264737406,0.41946697566628044,0.9113355780022446
892,813,725,26393.932198457853,0.43569131832797425,0.4200463499420626,0.9114349775784754
893,814,726,26411.25183752166,0.4362272240085745,0.4206257242178447,0.9115341545352743
894,815,727,26428.57147658547,0.4367631296891747,0.42120509849362686,0.9116331096196868
895,816,728,26445.891115649276,0.43729903536977494,0.42178447276940906,0.911731843575419
896,817,729,26463.210754713084,0.4378349410503751,0.4223638470451912,0.9118303571428571
897,818,730,26480.53039377689,0.43837084673097537,0.42294322132097334,0.9119286510590858
898,819,731,26497.8500328407,0.43890675241157556,0.4235225955967555,0.9120267260579065
899,820,732,26515.169671904507,0.43944265809217575,0.4241019698725377,0.9121245828698554
900,821,733,26532.489310968314,0.439978563772776,0.4246813441483198,0.9122222222222223
901,822,734,26549.808950032122,0.4405144694533762,0.42526071842410196,0.9123196448390677
902,823,735,26567.12858909593,0.44105037513397644,0.4258400926998841,0.9124168514412417
903,824,736,26584.448228159737,0.4415862808145766,0.4264194669756663,0.9125138427464009
904,825,737,26601.767867223545,0.44212218649517687,0.42699884125144844,0.9126106194690266
905,826,738,26619.087506287353,0.44265809217577706,0.4275782155272306,0.912707182320442
906,827,739,26636.40714535116,0.44319399785637725,0.4281575898030128,0.91280353200883
907,828,740,26653.72678441497,0.4437299035369775,0.4287369640787949,0.9128996692392503
908,829,741,26671.046423478776,0.4442658092175777,0.42931633835457705,0.9129955947136564
909,830,742,26688.366062542584,0.44480171489817794,0.4298957126303592,0.9130913091309131
910,831,743,26705.68570160639,0.4453376205787781,0.4304750869061414,0.9131868131868132
911,832,744,26723.0053406702,0.44587352625937837,0.43105446118192353,0.9132821075740944
912,833,745,26740.324979734007,0.44640943193997856,0.4316338354577057,0.9133771929824561
913,834,746,26757.644618797814,0.44694533762057875,0.4322132097334878,0.9134720700985761
914,835,747,26774.964257861622,0.447481243301179,0.43279258400927,0.9135667396061269
915,836,748,26792.28389692543,0.4480171489817792,0.43337195828505215,0.9136612021857924
916,837,749,26809.603535989238,0.44855305466237944,0.4339513325608343,0.9137554585152838
917,838,750,26826.923175053045,0.4490889603429796,0.43453070683661643,0.9138495092693566
918,839,751,26844.242814116853,0.44962486602357987,0.43511008111239863,0.9139433551198257
919,840,752,26861.56245318066,0.45016077170418006,0.43568945538818077,0.9140369967355821
920,841,753,26878.88209224447,0.45069667738478025,0.4362688296639629,0.9141304347826087
921,842,754,26896.201731308276,0.4512325830653805,0.43684820393974505,0.9142236699239956
922,843,755,26913.521370372084,0.4517684887459807,0.43742757821552725,0.9143167028199566
923,844,756,26930.84100943589,0.45230439442658094,0.4380069524913094,0.914409534127844
924,845,757,26948.1606484997,0.4528403001071811,0.43858632676709153,0.9145021645021645
925,846,758,26965.480287563507,0.4533762057877814,0.4391657010428737,0.9145945945945946
926,847,759,26982.799926627315,0.45391211146838156,0.43974507531865586,0.9146868250539957
927,848,760,27000.119565691122,0.45444801714898175,0.440324449594438,0.9147788565264293
928,849,761,27017.43920475493,0.454983922829582,0.44090382387022015,0.9148706896551724
929,850,762,27034.758843818738,0.4555198285101822,0.44148319814600234,0.9149623250807319
930,851,763,27052.078482882545,0.45605573419078244,0.4420625724217845,0.9150537634408602
931,852,764,27069.398121946353,0.4565916398713826,0.4426419466975666,0.9151450053705693
932,853,765,27086.71776101016,0.4571275455519829,0.44322132097334876,0.9152360515021459
933,854,766,27104.03740007397,0.45766345123258306,0.44380069524913096,0.9153269024651661
934,855,767,27121.357039137776,0.45819935691318325,0.4443800695249131,0.9154175588865097
935,856,768,27138.676678201584,0.4587352625937835,0.44495944380069524,0.9155080213903743
936,857,769,27155.99631726539,0.4592711682743837,0.4455388180764774,0.9155982905982906
937,858,770,27173.3159563292,0.45980707395498394,0.4461181923522596,0.9156883671291356
938,859,771,27190.635595393007,0.4603429796355841,0.4466975666280417,0.9157782515991472
939,860,772,27207.955234456815,0.4608788853161844,0.44727694090382386,0.9158679446219382
940,861,773,27225.274873520622,0.46141479099678456,0.447856315179606,0.9159574468085107
941,862,774,27242.59451258443,0.46195069667738475,0.4484356894553882,0.9160467587672688
942,863,775,27259.914151648238,0.462486602357985,0.44901506373117034,0.916135881104034
943,864,776,27277.233790712045,0.4630225080385852,0.4495944380069525,0.9162248144220573
944,865,777,27294.553429775853,0.46355841371918544,0.4501738122827346,0.9163135593220338
945,866,778,27311.87306883966,0.4640943193997856,0.4507531865585168,0.9164021164021164
946,867,779,27329.19270790347,0.4646302250803859,0.45133256083429896,0.9164904862579282
947,868,780,27346.512346967276,0.46516613076098606,0.4519119351100811,0.9165786694825766
948,869,781,27363.831986031084,0.46570203644158625,0.4524913093858633,0.9166666666666666
949,870,782,27381.15162509489,0.4662379421221865,0.45307068366164543,0.916754478398314
950,871,783,27398.4712641587,0.4667738478027867,0.4536500579374276,0.9168421052631579
951,872,784,27415.790903222507,0.46730975348338694,0.4542294322132097,0.9169295478443743
952,873,785,27433.110542286315,0.4678456591639871,0.4548088064889919,0.917016806722689
953,874,786,27450.430181350122,0.4683815648445874,0.45538818076477405,0.9171038824763903
954,875,787,27467.74982041393,0.46891747052518756,0.4559675550405562,0.9171907756813418
955,876,788,27485.069459477738,0.4694533762057878,0.45654692931633833,0.9172774869109948
956,877,789,27502.389098541546,0.469989281886388,0.45712630359212053,0.9173640167364017
957,878,790,27519.708737605353,0.4705251875669882,0.45770567786790267,0.9174503657262278
958,879,791,27537.02837666916,0.47106109324758844,0.4582850521436848,0.9175365344467641
959,880,792,27554.34801573297,0.4715969989281886,0.45886442641946695,0.9176225234619395
960,881,793,27571.667654796776,0.4721329046087889,0.45944380069524915,0.9177083333333333
961,882,794,27588.987293860584,0.47266881028938906,0.4600231749710313,0.9177939646201873
962,883,795,27606.30693292439,0.4732047159699893,0.46060254924681343,0.9178794178794178
963,884,796,27623.6265719882,0.4737406216505895,0.46118192352259557,0.9179646936656283
964,885,797,27640.946211052007,0.4742765273311897,0.46176129779837777,0.9180497925311203
965,886,798,27658.265850115815,0.47481243301178994,0.4623406720741599,0.9181347150259067
966,887,799,27675.585489179623,0.4753483386923901,0.46292004634994205,0.9182194616977226
967,888,800,27692.90512824343,0.4758842443729904,0.46349942062572425,0.9183040330920372
968,889,801,27710.224767307238,0.47642015005359056,0.4640787949015064,0.9183884297520661
969,890,802,27727.544406371046,0.4769560557341908,0.4646581691772885,0.9184726522187823
970,891,803,27744.864045434853,0.477491961414791,0.46523754345307067,0.9185567010309278
971,892,804,27762.18368449866,0.4780278670953912,0.46581691772885286,0.9186405767250257
972,893,805,27779.50332356247,0.47856377277599144,0.466396292004635,0.918724279835391
973,894,806,27796.822962626276,0.4790996784565916,0.46697566628041715,0.9188078108941419
974,895,807,27814.142601690084,0.4796355841371919,0.4675550405561993,0.9188911704312115
975,896,808,27831.462240753892,0.48017148981779206,0.4681344148319815,0.918974358974359
976,897,809,27848.7818798177,0.4807073954983923,0.4687137891077636,0.9190573770491803
977,898,810,27866.101518881507,0.4812433011789925,0.46929316338354576,0.9191402251791198
978,899,811,27883.421157945315,0.4817792068595927,0.4698725376593279,0.9192229038854806
979,900,812,27900.740797009123,0.48231511254019294,0.4704519119351101,0.9193054136874361
980,901,813,27918.06043607293,0.4828510182207931,0.47103128621089224,0.9193877551020408
981,902,814,27935.380075136738,0.4833869239013934,0.4716106604866744,0.9194699286442406
982,903,815,27952.699714200546,0.48392282958199356,0.4721900347624565,0.9195519348268839
983,904,816,27970.019353264353,0.4844587352625938,0.4727694090382387,0.9196337741607324
984,905,817,27987.33899232816,0.484994640943194,0.47334878331402086,0.9197154471544715
985,906,818,28004.65863139197,0.4855305466237942,0.473928157589803,0.9197969543147209
986,907,819,28036.196440875712,0.48606645230439444,0.47450753186558514,0.9198782961460447
987,908,820,28067.734250359455,0.4866023579849946,0.47508690614136734,0.9199594731509625
988,909,821,28099.2720598432,0.4871382636655949,0.4756662804171495,0.9200404858299596
989,910,821,28130.809869326942,0.48767416934619506,0.4756662804171495,0.9201213346814965
990,911,822,28162.347678810685,0.4882100750267953,0.4762456546929316,0.9202020202020202
991,912,823,28193.88548829443,0.4887459807073955,0.4768250289687138,0.9202825428859738
992,913,824,28225.423297778172,0.4892818863879957,0.47740440324449596,0.9203629032258065
993,914,825,28256.961107261915,0.48981779206859594,0.4779837775202781,0.9204431017119838
994,915,826,28288.49891674566,0.4903536977491961,0.47856315179606024,0.920523138832998
995,916,827,28320.036726229402,0.4908896034297964,0.47914252607184243,0.9206030150753769
996,917,828,28351.574535713145,0.49142550911039656,0.4797219003476246,0.9206827309236948
997,918,829,28383.11234519689,0.4919614147909968,0.4803012746234067,0.9207622868605817
998,919,830,28414.650154680632,0.492497320471597,0.48088064889918886,0.9208416833667334
999,920,831,28446.187964164375,0.4930332261521972,0.48146002317497105,0.9209209209209209
1000,921,832,28477.72577364812,0.49356913183279744,0.4820393974507532,0.921
1001,922,833,28509.263583131862,0.4941050375133976,0.48261877172653533,0.9210789210789211
1002,923,834,28540.801392615605,0.4946409431939979,0.4831981460023175,0.9211576846307385
1003,924,835,28572.33920209935,0.49517684887459806,0.48377752027809967,0.9212362911266201
1004,925,836,28603.877011583092,0.4957127545551983,0.4843568945538818,0.9213147410358565
1005,926,837,28635.414821066835,0.4962486602357985,0.48493626882966395,0.9213930348258706
1006,927,838,28666.95263055058,0.4967845659163987,0.4855156431054461,0.9214711729622267
1007,928,839,28698.490440034322,0.49732047159699894,0.4860950173812283,0.9215491559086395
1008,929,840,28730.028249518065,0.4978563772775991,0.48667439165701043,0.9216269841269841
1009,930,841,28761.56605900181,0.4983922829581994,0.48725376593279257,0.9217046580773043
1010,931,842,28793.103868485552,0.49892818863879956,0.48783314020857477,0.9217821782178218
1011,932,843,28824.641677969295,0.4994640943193998,0.4884125144843569,0.9218595450049456
1012,933,844,28856.17948745304,0.5,0.48899188876013905,0.9219367588932806
1013,934,845,28887.717296936782,0.5005359056806002,0.4895712630359212,0.9220138203356367
1014,935,846,28919.255106420525,0.5010718113612004,0.4901506373117034,0.9220907297830375
1015,936,847,28950.79291590427,0.5016077170418006,0.4907300115874855,0.9221674876847291
1016,937,848,28982.330725388012,0.5021436227224009,0.49130938586326767,0.922244094488189
1017,938,849,29013.868534871755,0.5026795284030011,0.4918887601390498,0.9223205506391348
1018,939,850,29045.4063443555,0.5032154340836013,0.492468134414832,0.9223968565815324
1019,940,851,29076.944153839242,0.5037513397642015,0.49304750869061414,0.9224730127576055
1020,941,852,29108.481963322985,0.5042872454448017,0.4936268829663963,0.9225490196078432
1021,942,853,29140.01977280673,0.5048231511254019,0.4942062572421784,0.9226248775710089
1022,943,854,29171.557582290472,0.5053590568060021,0.4947856315179606,0.9227005870841487
1023,944,855,29203.095391774215,0.5058949624866024,0.49536500579374276,0.9227761485826002
1024,945,856,29234.63320125796,0.5064308681672026,0.4959443800695249,0.9228515625
1025,946,857,29266.171010741702,0.5069667738478028,0.49652375434530704,0.9229268292682927
1026,947,858,29297.708820225445,0.507502679528403,0.49710312862108924,0.9230019493177388
1027,948,859,29329.24662970919,0.5080385852090032,0.4976825028968714,0.9230769230769231
1028,949,860,29360.784439192932,0.5085744908896034,0.4982618771726535,0.9231517509727627
1029,950,861,29392.322248676675,0.5091103965702036,0.49884125144843566,0.923226433430515
1030,951,862,29423.86005816042,0.5096463022508039,0.49942062572421786,0.9233009708737864
1031,952,863,29455.397867644162,0.5101822079314041,0.5,0.9233753637245393
1032,953,864,29486.935677127905,0.5107181136120043,0.5005793742757821,0.9234496124031008
1033,954,865,29518.47348661165,0.5112540192926045,0.5011587485515643,0.9235237173281704
1034,955,866,29550.011296095392,0.5117899249732047,0.5017381228273464,0.9235976789168279
1035,956,867,29581.549105579135,0.5123258306538049,0.5023174971031287,0.923671497584541
1036,957,868,29613.08691506288,0.5128617363344051,0.5028968713789108,0.9237451737451737
1037,958,869,29644.624724546622,0.5133976420150054,0.503476245654693,0.9238187078109933
1038,959,870,29676.162534030365,0.5139335476956056,0.5040556199304751,0.9238921001926782
1039,960,871,29707.70034351411,0.5144694533762058,0.5046349942062572,0.9239653512993262
1040,961,872,29739.238152997852,0.515005359056806,0.5052143684820394,0.9240384615384616
1041,962,873,29770.775962481595,0.5155412647374062,0.5057937427578215,0.9241114313160422
1042,963,874,29802.31377196534,0.5160771704180064,0.5063731170336037,0.9241842610364683
1043,964,875,29833.851581449082,0.5166130760986066,0.5069524913093859,0.9242569511025887
1044,965,876,29865.389390932825,0.5171489817792069,0.507531865585168,0.9243295019157088
1045,966,877,29896.92720041657,0.5176848874598071,0.5081112398609502,0.9244019138755981
1046,967,878,29928.465009900312,0.5182207931404073,0.5086906141367323,0.9244741873804971
1047,968,879,29960.002819384055,0.5187566988210075,0.5092699884125145,0.9245463228271251
1048,969,880,29991.5406288678,0.5192926045016077,0.5098493626882966,0.924618320610687
1049,970,881,30023.078438351542,0.5198285101822079,0.5104287369640788,0.9246901811248809
1050,971,882,30054.616247835285,0.5203644158628081,0.5110081112398609,0.9247619047619048
1051,972,883,30086.15405731903,0.5209003215434084,0.5115874855156431,0.9248334919124643
1052,973,884,30117.691866802772,0.5214362272240086,0.5121668597914253,0.9249049429657795
1053,974,885,30149.229676286515,0.5219721329046088,0.5127462340672074,0.9249762583095916
1054,975,886,30180.76748577026,0.522508038585209,0.5133256083429896,0.9250474383301708
1055,976,887,30212.305295254002,0.5230439442658092,0.5139049826187717,0.9251184834123223
1056,977,888,30243.843104737745,0.5235798499464094,0.5144843568945539,0.9251893939393939
1057,978,889,30275.38091422149,0.5241157556270096,0.515063731170336,0.9252601702932829
1058,979,890,30306.918723705232,0.5246516613076099,0.5156431054461182,0.9253308128544423
1059,980,891,30338.456533188975,0.5251875669882101,0.5162224797219004,0.9254013220018886
1060,981,892,30369.99434267272,0.5257234726688103,0.5168018539976825,0.9254716981132075
1061,982,893,30401.532152156462,0.5262593783494105,0.5173812282734647,0.9255419415645617
1062,983,894,30433.069961640205,0.5267952840300107,0.5179606025492468,0.9256120527306968
1063,984,895,30464.60777112395,0.5273311897106109,0.518539976825029,0.9256820319849483
1064,985,896,30496.145580607692,0.5278670953912111,0.5191193511008111,0.9257518796992481
1065,986,897,30527.683390091435,0.5284030010718114,0.5196987253765932,0.9258215962441314
1066,987,898,30559.22119957518,0.5289389067524116,0.5202780996523755,0.925891181988743
1067,988,899,30590.759009058922,0.5294748124330118,0.5208574739281576,0.9259606373008434
1068,989,900,30622.296818542665,0.530010718113612,0.5214368482039398,0.9260299625468165
1069,990,901,30653.83462802641,0.5305466237942122,0.5220162224797219,0.9260991580916744
1070,991,902,30685.372437510152,0.5310825294748124,0.522595596755504,0.9261682242990654
1071,992,903,30716.910246993895,0.5316184351554126,0.5231749710312862,0.9262371615312792
1072,993,904,30748.44805647764,0.5321543408360129,0.5237543453070683,0.9263059701492538
1073,994,905,30779.985865961382,0.5326902465166131,0.5243337195828505,0.9263746505125815
1074,995,906,30811.523675445125,0.5332261521972133,0.5249130938586327,0.9264432029795159
1075,996,907,30843.06148492887,0.5337620578778135,0.5254924681344149,0.9265116279069767
1076,997,908,30874.599294412612,0.5342979635584137,0.526071842410197,0.9265799256505576
1077,998,909,30906.137103896355,0.5348338692390139,0.5266512166859791,0.9266480965645311
1078,999,910,30937.6749133801,0.5353697749196141,0.5272305909617613,0.9267161410018553
1079,1000,911,30969.212722863842,0.5359056806002144,0.5278099652375434,0.9267840593141798
1080,1001,912,31000.750532347585,0.5364415862808146,0.5283893395133256,0.9268518518518518
1081,1002,913,31032.28834183133,0.5369774919614148,0.5289687137891078,0.9269195189639223
1082,1003,914,31063.826151315072,0.537513397642015,0.52954808806489,0.9269870609981515
1083,1004,915,31095.363960798815,0.5380493033226152,0.5301274623406721,0.9270544783010157
1084,1005,916,31126.90177028256,0.5385852090032154,0.5307068366164542,0.9271217712177122
1085,1006,917,31158.439579766302,0.5391211146838156,0.5312862108922364,0.9271889400921659
1086,1007,918,31189.977389250045,0.5396570203644159,0.5318655851680185,0.927255985267035
1087,1008,919,31221.51519873379,0.5401929260450161,0.5324449594438007,0.9273229070837167
1088,1009,920,31253.053008217532,0.5407288317256163,0.5330243337195828,0.9273897058823529
1089,1010,921,31284.590817701275,0.5412647374062165,0.533603707995365,0.9274563820018366
1090,1011,922,31316.12862718502,0.5418006430868167,0.5341830822711472,0.9275229357798165
1091,1012,923,31347.666436668762,0.5423365487674169,0.5347624565469293,0.9275893675527039
1092,1013,924,31379.204246152505,0.5428724544480171,0.5353418308227115,0.9276556776556777
1093,1014,925,31410.74205563625,0.5434083601286174,0.5359212050984936,0.9277218664226898
1094,1015,926,31442.279865119992,0.5439442658092176,0.5365005793742758,0.9277879341864717
1095,1016,927,31473.817674603735,0.5444801714898178,0.5370799536500579,0.9278538812785389
1096,1017,928,31505.35548408748,0.545016077170418,0.5376593279258401,0.9279197080291971
1097,1018,929,31536.893293571222,0.5455519828510182,0.5382387022016223,0.9279854147675478
1098,1019,930,31568.431103054965,0.5460878885316184,0.5388180764774044,0.9280510018214936
1099,1020,931,31599.96891253871,0.5466237942122186,0.5393974507531866,0.9281164695177434
1100,1021,932,31631.506722022452,0.5471596998928189,0.5399768250289687,0.9281818181818182
1101,1022,933,31663.044531506195,0.5476956055734191,0.5405561993047509,0.9282470481380564
1102,1023,934,31694.58234098994,0.5482315112540193,0.541135573580533,0.9283121597096189
1103,1024,935,31726.120150473682,0.5487674169346195,0.5417149478563151,0.928377153218495
1104,1025,936,31757.657959957425,0.5493033226152197,0.5422943221320974,0.9284420289855072
1105,1026,937,31789.19576944117,0.5498392282958199,0.5428736964078795,0.9285067873303168
1106,1027,938,31820.733578924912,0.5503751339764201,0.5434530706836617,0.9285714285714286
1107,1028,939,31852.271388408655,0.5509110396570204,0.5440324449594438,0.928635953026197
1108,1029,940,31883.8091978924,0.5514469453376206,0.544611819235226,0.9287003610108303
1109,1030,941,31915.347007376142,0.5519828510182208,0.5451911935110081,0.9287646528403968
1110,1031,942,31946.884816859885,0.552518756698821,0.5457705677867902,0.9288288288288288
1111,1032,943,31978.42262634363,0.5530546623794212,0.5463499420625724,0.9288928892889289
1112,1033,944,32009.960435827372,0.5535905680600214,0.5469293163383546,0.9289568345323741
1113,1034,945,32041.498245311115,0.5541264737406216,0.5475086906141368,0.9290206648697215
1114,1035,946,32073.03605479486,0.5546623794212219,0.5480880648899189,0.9290843806104129
1115,1036,947,32104.573864278602,0.5551982851018221,0.548667439165701,0.9291479820627803
1116,1037,948,32136.111673762345,0.5557341907824223,0.5492468134414832,0.9292114695340502
1117,1038,949,32167.64948324609,0.5562700964630225,0.5498261877172653,0.9292748433303492
1118,1039,950,32199.187292729832,0.5568060021436227,0.5504055619930475,0.9293381037567084
1119,1040,951,32230.725102213575,0.5573419078242229,0.5509849362688297,0.9294012511170688
1120,1041,952,32262.26291169732,0.5578778135048231,0.5515643105446119,0.9294642857142857
1121,1042,953,32293.80072118106,0.5584137191854234,0.552143684820394,0.9295272078501338
1122,1043,954,32325.338530664805,0.5589496248660236,0.5527230590961761,0.9295900178253119
1123,1044,955,32356.87634014855,0.5594855305466238,0.5533024333719583,0.9296527159394479
1124,1045,956,32388.41414963229,0.560021436227224,0.5538818076477404,0.9297153024911032
1125,1046,957,32419.951959116035,0.5605573419078242,0.5544611819235226,0.9297777777777778
1126,1047,958,32451.48976859978,0.5610932475884244,0.5550405561993047,0.9298401420959147
1127,1048,959,32483.02757808352,0.5616291532690246,0.555619930475087,0.929902395740905
1128,1049,960,32514.565387567265,0.5621650589496249,0.5561993047508691,0.9299645390070922
1129,1050,961,32546.10319705101,0.5627009646302251,0.5567786790266512,0.9300265721877768
1130,1051,962,32577.64100653475,0.5632368703108253,0.5573580533024334,0.9300884955752212
1131,1052,963,32609.178816018495,0.5637727759914255,0.5579374275782155,0.9301503094606542
1132,1053,964,32640.71662550224,0.5643086816720257,0.5585168018539977,0.9302120141342756
1133,1054,965,32672.25443498598,0.564844587352626,0.5590961761297798,0.9302736098852604
1134,1055,966,32703.792244469725,0.5653804930332261,0.5596755504055619,0.9303350970017636
1135,1056,967,32735.33005395347,0.5659163987138264,0.5602549246813442,0.9303964757709251
1136,1057,968,32766.86786343721,0.5664523043944266,0.5608342989571263,0.9304577464788732
1137,1058,969,32798.405672920955,0.5669882100750268,0.5614136732329085,0.93051890941073
1138,1059,970,32829.9434824047,0.567524115755627,0.5619930475086906,0.9305799648506151
1139,1060,971,32861.48129188844,0.5680600214362272,0.5625724217844728,0.9306409130816505
1140,1061,972,32893.019101372185,0.5685959271168275,0.5631517960602549,0.9307017543859649
1141,1062,973,32924.55691085593,0.5691318327974276,0.563731170336037,0.9307624890446976
1142,1063,974,32956.09472033967,0.5696677384780279,0.5643105446118193,0.9308231173380035
1143,1064,975,32987.632529823415,0.5702036441586281,0.5648899188876014,0.9308836395450568
1144,1065,976,33019.17033930716,0.5707395498392283,0.5654692931633836,0.9309440559440559
1145,1066,977,33050.7081487909,0.5712754555198285,0.5660486674391657,0.9310043668122271
1146,1067,978,33082.245958274645,0.5718113612004287,0.5666280417149478,0.931064572425829
1147,1068,979,33113.78376775839,0.572347266881029,0.56720741599073,0.9311246730601569
1148,1069,980,33145.32157724213,0.5728831725616291,0.5677867902665121,0.931184668989547
1149,1070,981,33176.859386725875,0.5734190782422294,0.5683661645422943,0.9312445604873804
1150,1071,982,33208.39719620962,0.5739549839228296,0.5689455388180765,0.931304347826087
1151,1072,983,33239.93500569336,0.5744908896034298,0.5695249130938587,0.9313640312771503
1152,1073,984,33271.472815177105,0.57502679528403,0.5701042873696408,0.9314236111111112
1153,1074,985,33303.01062466085,0.5755627009646302,0.570683661645423,0.9314830875975716
1154,1075,986,33334.54843414459,0.5760986066452305,0.5712630359212051,0.9315424610051993
1155,1076,987,33366.086243628335,0.5766345123258306,0.5718424101969872,0.9316017316017317
1156,1077,988,33397.62405311208,0.5771704180064309,0.5724217844727694,0.9316608996539792
1157,1078,988,33405.78809141728,0.5777063236870311,0.5724217844727694,0.9317199654278306
1158,1079,988,33413.95212972248,0.5782422293676313,0.5724217844727694,0.9317789291882557
1159,1080,989,33422.11616802768,0.5787781350482315,0.5730011587485515,0.9318377911993098
1160,1081,989,33430.28020633288,0.5793140407288317,0.5730011587485515,0.9318965517241379
1161,1082,989,33438.44424463808,0.579849946409432,0.5730011587485515,0.9319552110249785
1162,1083,989,33446.60828294328,0.5803858520900321,0.5730011587485515,0.9320137693631669
1163,1084,989,33454.77232124848,0.5809217577706324,0.5730011587485515,0.9320722269991402
1164,1085,989,33462.93635955368,0.5814576634512326,0.5730011587485515,0.9321305841924399
1165,1086,989,33471.10039785888,0.5819935691318328,0.5730011587485515,0.9321888412017167
1166,1087,989,33479.26443616408,0.582529474812433,0.5730011587485515,0.9322469982847341
1167,1088,989,33487.42847446928,0.5830653804930332,0.5730011587485515,0.9323050556983719
1168,1089,990,33495.59251277448,0.5836012861736335,0.5735805330243338,0.9323630136986302
1169,1090,991,33503.75655107968,0.5841371918542336,0.5741599073001159,0.932420872540633
1170,1091,992,33511.92058938488,0.5846730975348339,0.574739281575898,0.9324786324786325
1171,1092,993,33520.08462769008,0.5852090032154341,0.5753186558516802,0.932536293766012
1172,1093,994,33528.24866599528,0.5857449088960343,0.5758980301274623,0.9325938566552902
1173,1094,995,33536.41270430048,0.5862808145766345,0.5764774044032445,0.9326513213981245
1174,1095,996,33544.57674260568,0.5868167202572347,0.5770567786790266,0.9327086882453152
1175,1096,997,33552.74078091088,0.587352625937835,0.5776361529548089,0.9327659574468085
1176,1097,998,33560.90481921608,0.5878885316184351,0.578215527230591,0.9328231292517006
1177,1098,999,33569.06885752128,0.5884244372990354,0.5787949015063731,0.9328802039082413
1178,1099,1000,33577.23289582648,0.5889603429796356,0.5793742757821553,0.932937181663837
1179,1100,1001,33585.39693413168,0.5894962486602358,0.5799536500579374,0.9329940627650551
1180,1101,1002,33593.56097243688,0.590032154340836,0.5805330243337196,0.9330508474576271
1181,1102,1003,33601.72501074208,0.5905680600214362,0.5811123986095017,0.9331075359864521
1182,1103,1004,33609.88904904728,0.5911039657020365,0.5816917728852838,0.9331641285956007
1183,1104,1005,33618.05308735248,0.5916398713826366,0.5822711471610661,0.9332206255283179
1184,1105,1006,33626.21712565768,0.5921757770632369,0.5828505214368482,0.933277027027027
1185,1106,1007,33634.38116396288,0.5927116827438371,0.5834298957126304,0.9333333333333333
1186,1107,1008,33642.54520226808,0.5932475884244373,0.5840092699884125,0.9333895446880269
1187,1108,1009,33650.70924057328,0.5937834941050375,0.5845886442641947,0.9334456613310868
1188,1109,1010,33658.87327887848,0.5943193997856377,0.5851680185399768,0.9335016835016835
1189,1110,1011,33667.037317183676,0.594855305466238,0.5857473928157589,0.9335576114381834
1190,1111,1012,33675.201355488876,0.5953912111468381,0.5863267670915412,0.9336134453781513
1191,1112,1013,33683.365393794076,0.5959271168274384,0.5869061413673233,0.9336691855583543
1192,1113,1014,33691.529432099276,0.5964630225080386,0.5874855156431055,0.9337248322147651
1193,1114,1015,33699.693470404476,0.5969989281886388,0.5880648899188876,0.9337803855825649
1194,1115,1016,33707.857508709676,0.597534833869239,0.5886442641946698,0.9338358458961474
1195,1116,1017,33716.021547014876,0.5980707395498392,0.5892236384704519,0.9338912133891213
1196,1117,1018,33724.185585320076,0.5986066452304395,0.589803012746234,0.9339464882943144
1197,1118,1019,33732.349623625276,0.5991425509110396,0.5903823870220162,0.934001670843776
1198,1119,1020,33740.513661930476,0.5996784565916399,0.5909617612977984,0.9340567612687813
1199,1120,1021,33748.677700235676,0.6002143622722401,0.5915411355735806,0.9341117597998332
1200,1121,1022,33756.841738540876,0.6007502679528403,0.5921205098493627,0.9341666666666667
1201,1122,1023,33765.005776846076,0.6012861736334405,0.5926998841251448,0.9342214820982515
1202,1123,1024,33773.169815151276,0.6018220793140407,0.593279258400927,0.9342762063227953
1203,1124,1025,33781.333853456475,0.602357984994641,0.5938586326767091,0.9343308395677473
1204,1125,1026,33789.497891761675,0.6028938906752411,0.5944380069524913,0.9343853820598007
1205,1126,1027,33797.661930066875,0.6034297963558414,0.5950173812282734,0.9344398340248963
1206,1127,1028,33805.825968372075,0.6039657020364416,0.5955967555040557,0.9344941956882256
1207,1128,1029,33813.990006677275,0.6045016077170418,0.5961761297798378,0.9345484672742337
1208,1129,1030,33822.154044982475,0.605037513397642,0.59675550405562,0.9346026490066225
1209,1130,1031,33830.318083287675,0.6055734190782422,0.5973348783314021,0.9346567411083541
1210,1131,1032,33838.482121592875,0.6061093247588425,0.5979142526071842,0.9347107438016529
1211,1132,1033,33846.646159898075,0.6066452304394426,0.5984936268829664,0.93476465730801
1212,1133,1034,33854.810198203275,0.6071811361200429,0.5990730011587485,0.9348184818481848
1213,1134,1035,33862.974236508475,0.6077170418006431,0.5996523754345308,0.9348722176422094
1214,1135,1036,33871.138274813675,0.6082529474812433,0.6002317497103129,0.9349258649093904
1215,1136,1037,33879.302313118875,0.6087888531618435,0.600811123986095,0.9349794238683128
1216,1137,1038,33887.466351424075,0.6093247588424437,0.6013904982618772,0.9350328947368421
1217,1138,1039,33895.630389729275,0.609860664523044,0.6019698725376593,0.9350862777321282
1218,1139,1040,33903.794428034475,0.6103965702036441,0.6025492468134415,0.9351395730706076
1219,1140,1041,33911.958466339674,0.6109324758842444,0.6031286210892236,0.9351927809680065
1220,1141,1042,33920.122504644874,0.6114683815648446,0.6037079953650057,0.9352459016393443
1221,1142,1043,33928.286542950074,0.6120042872454448,0.604287369640788,0.9352989352989353
1222,1143,1044,33936.450581255274,0.612540192926045,0.6048667439165701,0.9353518821603928
1223,1144,1045,33944.614619560474,0.6130760986066452,0.6054461181923523,0.9354047424366312
1224,1145,1046,33952.778657865674,0.6136120042872455,0.6060254924681344,0.9354575163398693
1225,1146,1047,33960.942696170874,0.6141479099678456,0.6066048667439166,0.9355102040816327
1226,1147,1048,33969.106734476074,0.6146838156484459,0.6071842410196987,0.935562805872757
1227,1148,1049,33977.270772781274,0.6152197213290461,0.6077636152954808,0.9356153219233904
1228,1149,1050,33985.434811086474,0.6157556270096463,0.608342989571263,0.9356677524429967
1229,1150,1051,33993.598849391674,0.6162915326902465,0.6089223638470452,0.935720097640358
1230,1151,1052,34001.762887696874,0.6168274383708467,0.6095017381228274,0.9357723577235773
1231,1152,1053,34009.926926002074,0.617363344051447,0.6100811123986095,0.9358245329000813
1232,1153,1054,34018.090964307274,0.6178992497320471,0.6106604866743917,0.9358766233766234
1233,1154,1055,34026.25500261247,0.6184351554126474,0.6112398609501738,0.9359286293592863
1234,1155,1056,34034.41904091767,0.6189710610932476,0.6118192352259559,0.9359805510534847
1235,1156,1057,34042.58307922287,0.6195069667738478,0.6123986095017381,0.9360323886639677
1236,1157,1058,34050.74711752807,0.620042872454448,0.6129779837775203,0.936084142394822
1237,1158,1059,34058.91115583327,0.6205787781350482,0.6135573580533025,0.9361358124494745
1238,1159,1060,34067.07519413847,0.6211146838156485,0.6141367323290846,0.9361873990306947
1239,1160,1061,34075.23923244367,0.6216505894962486,0.6147161066048668,0.9362389023405973
1240,1161,1062,34083.40327074887,0.6221864951768489,0.6152954808806489,0.9362903225806452
1241,1162,1063,34091.56730905407,0.6227224008574491,0.615874855156431,0.9363416599516519
1242,1163,1064,34099.73134735927,0.6232583065380493,0.6164542294322132,0.9363929146537843
1243,1164,1065,34107.89538566447,0.6237942122186495,0.6170336037079953,0.9364440868865648
1244,1165,1066,34116.05942396967,0.6243301178992497,0.6176129779837776,0.9364951768488746
1245,1166,1067,34124.22346227487,0.62486602357985,0.6181923522595597,0.9365461847389558
1246,1167,1068,34132.38750058007,0.6254019292604501,0.6187717265353418,0.9365971107544141
1247,1168,1069,34140.55153888527,0.6259378349410504,0.619351100811124,0.9366479550922213
1248,1169,1070,34148.71557719047,0.6264737406216506,0.6199304750869061,0.936698717948718
1249,1170,1071,34156.87961549567,0.6270096463022508,0.6205098493626883,0.9367493995196157
1250,1171,1072,34165.04365380087,0.627545551982851,0.6210892236384704,0.9368
1251,1172,1073,34173.20769210607,0.6280814576634512,0.6216685979142526,0.9368505195843325
1252,1173,1074,34181.37173041127,0.6286173633440515,0.6222479721900348,0.9369009584664537
1253,1174,1075,34189.53576871647,0.6291532690246516,0.6228273464658169,0.936951316839585
1254,1175,1076,34197.69980702167,0.6296891747052519,0.6234067207415991,0.9370015948963317
1255,1176,1077,34205.86384532687,0.6302250803858521,0.6239860950173812,0.9370517928286852
1256,1177,1078,34214.02788363207,0.6307609860664523,0.6245654692931634,0.9371019108280255
1257,1178,1079,34222.19192193727,0.6312968917470525,0.6251448435689455,0.9371519490851233
1258,1179,1080,34230.35596024247,0.6318327974276527,0.6257242178447276,0.9372019077901431
1259,1180,1081,34238.51999854767,0.632368703108253,0.6263035921205099,0.937251787132645
1260,1181,1082,34246.68403685287,0.6329046087888531,0.626882966396292,0.9373015873015873
1261,1182,1083,34254.84807515807,0.6334405144694534,0.6274623406720742,0.9373513084853291
1262,1183,1084,34263.01211346327,0.6339764201500536,0.6280417149478563,0.9374009508716323
1263,1184,1085,34271.17615176847,0.6345123258306538,0.6286210892236385,0.9374505146476643
1264,1185,1086,34279.34019007367,0.635048231511254,0.6292004634994206,0.9375
1265,1186,1087,34287.50422837887,0.6355841371918542,0.6297798377752027,0.9375494071146245
1266,1187,1088,34295.66826668407,0.6361200428724545,0.6303592120509849,0.9375987361769352
1267,1188,1089,34303.83230498927,0.6366559485530546,0.6309385863267671,0.9376479873717443
1268,1189,1090,34311.99634329447,0.6371918542336549,0.6315179606025493,0.9376971608832808
1269,1190,1091,34320.16038159967,0.6377277599142551,0.6320973348783314,0.9377462568951931
1270,1191,1092,34328.32441990487,0.6382636655948553,0.6326767091541136,0.9377952755905512
1271,1192,1093,34336.48845821007,0.6387995712754555,0.6332560834298957,0.937844217151849
1272,1193,1094,34344.65249651527,0.6393354769560557,0.6338354577056778,0.9378930817610063
1273,1194,1095,34352.81653482047,0.639871382636656,0.63441483198146,0.9379418695993715
1274,1195,1096,34360.98057312567,0.6404072883172561,0.6349942062572422,0.9379905808477237
1275,1196,1097,34369.14461143087,0.6409431939978564,0.6355735805330244,0.9380392156862745
1276,1197,1098,34377.30864973607,0.6414790996784566,0.6361529548088065,0.9380877742946708
1277,1198,1099,34385.47268804127,0.6420150053590568,0.6367323290845887,0.9381362568519969
1278,1199,1100,34393.63672634647,0.642550911039657,0.6373117033603708,0.9381846635367762
1279,1200,1101,34401.80076465167,0.6430868167202572,0.6378910776361529,0.9382329945269742
1280,1201,1102,34409.96480295687,0.6436227224008575,0.6384704519119351,0.93828125
1281,1202,1103,34418.12884126207,0.6441586280814576,0.6390498261877172,0.9383294301327089
1282,1203,1104,34426.29287956727,0.6446945337620579,0.6396292004634995,0.9383775351014041
1283,1204,1105,34434.45691787247,0.6452304394426581,0.6402085747392816,0.9384255650818394
1284,1205,1106,34442.62095617767,0.6457663451232583,0.6407879490150638,0.9384735202492211
1285,1206,1107,34450.78499448287,0.6463022508038585,0.6413673232908459,0.9385214007782101
1286,1207,1108,34458.94903278807,0.6468381564844587,0.641946697566628,0.9385692068429238
1287,1208,1109,34467.11307109327,0.647374062165059,0.6425260718424102,0.9386169386169386
1288,1209,1110,34475.27710939847,0.6479099678456591,0.6431054461181923,0.9386645962732919
1289,1210,1111,34483.44114770367,0.6484458735262594,0.6436848203939745,0.9387121799844841
1290,1211,1112,34491.60518600887,0.6489817792068596,0.6442641946697567,0.9387596899224806
1291,1212,1113,34499.76922431407,0.6495176848874598,0.6448435689455388,0.9388071262587142
1292,1213,1114,34507.93326261927,0.65005359056806,0.645422943221321,0.9388544891640866
1293,1214,1115,34516.09730092447,0.6505894962486602,0.6460023174971031,0.9389017788089714
1294,1215,1116,34524.26133922967,0.6511254019292605,0.6465816917728853,0.9389489953632149
1295,1216,1117,34532.42537753487,0.6516613076098606,0.6471610660486674,0.938996138996139
1296,1217,1118,34540.58941584007,0.6521972132904609,0.6477404403244496,0.9390432098765432
1297,1218,1119,34548.75345414527,0.6527331189710611,0.6483198146002318,0.9390902081727063
1298,1219,1120,34556.91749245047,0.6532690246516613,0.6488991888760139,0.9391371340523883
1299,1220,1121,34565.08153075567,0.6538049303322615,0.6494785631517961,0.939183987682833
1300,1221,1122,34573.24556906087,0.6543408360128617,0.6500579374275782,0.9392307692307692
1301,1222,1123,34581.40960736607,0.654876741693462,0.6506373117033604,0.9392774788624135
1302,1223,1124,34589.57364567127,0.6554126473740621,0.6512166859791425,0.9393241167434716
1303,1224,1125,34597.73768397647,0.6559485530546624,0.6517960602549246,0.9393706830391404
1304,1225,1126,34605.90172228167,0.6564844587352626,0.6523754345307068,0.9394171779141104
1305,1226,1127,34614.06576058687,0.6570203644158628,0.652954808806489,0.939463601532567
1306,1227,1128,34622.22979889207,0.657556270096463,0.6535341830822712,0.9395099540581929
1307,1228,1129,34630.39383719727,0.6580921757770632,0.6541135573580533,0.9395562356541699
1308,1229,1130,34638.55787550247,0.6586280814576635,0.6546929316338355,0.9396024464831805
1309,1230,1131,34646.72191380767,0.6591639871382636,0.6552723059096176,0.9396485867074102
1310,1231,1132,34654.88595211287,0.6596998928188639,0.6558516801853997,0.9396946564885497
1311,1232,1133,34663.04999041807,0.6602357984994641,0.6564310544611819,0.9397406559877955
1312,1233,1134,34671.21402872327,0.6607717041800643,0.657010428736964,0.9397865853658537
1313,1234,1135,34679.37806702847,0.6613076098606645,0.6575898030127463,0.9398324447829398
1314,1235,1136,34687.54210533367,0.6618435155412647,0.6581691772885284,0.9398782343987824
1315,1236,1137,34695.70614363887,0.662379421221865,0.6587485515643106,0.9399239543726235
1316,1237,1138,34703.87018194407,0.6629153269024651,0.6593279258400927,0.9399696048632219
1317,1238,1139,34712.03422024927,0.6634512325830654,0.6599073001158748,0.9400151860288535
1318,1239,1140,34720.19825855447,0.6639871382636656,0.660486674391657,0.9400606980273141
1319,1240,1141,34728.36229685967,0.6645230439442658,0.6610660486674391,0.9401061410159212
1320,1241,1142,34736.52633516487,0.665058949624866,0.6616454229432214,0.9401515151515152
1321,1242,1143,34744.69037347007,0.6655948553054662,0.6622247972190035,0.9401968205904617
1322,1243,1144,34752.85441177527,0.6661307609860665,0.6628041714947857,0.9402420574886535
1323,1244,1145,34761.01845008047,0.6666666666666666,0.6633835457705678,0.9402872260015117
1324,1245,1146,34769.18248838567,0.6672025723472669,0.6639629200463499,0.9403323262839879
1325,1246,1147,34777.34652669087,0.6677384780278671,0.6645422943221321,0.940377358490566
1326,1247,1148,34785.51056499607,0.6682743837084673,0.6651216685979142,0.9404223227752639
1327,1248,1149,34793.67460330127,0.6688102893890675,0.6657010428736964,0.9404672192916352
1328,1249,1149,34813.998255756145,0.6693461950696677,0.6657010428736964,0.9405120481927711
1329,1250,1149,34834.32190821102,0.669882100750268,0.6657010428736964,0.9405568096313017
1330,1250,1149,34834.32190821102,0.669882100750268,0.6657010428736964,0.9398496240601504
1331,1251,1149,34854.6455606659,0.6704180064308681,0.6657010428736964,0.9398948159278738
1332,1252,1149,34874.96921312078,0.6709539121114684,0.6657010428736964,0.93993993993994
1333,1253,1149,34895.292865575655,0.6714898177920686,0.6657010428736964,0.9399849962490623
1334,1254,1149,34915.61651803053,0.6720257234726688,0.6657010428736964,0.9400299850074962
1335,1255,1149,34935.94017048541,0.672561629153269,0.6657010428736964,0.9400749063670412
1336,1256,1149,34956.26382294029,0.6730975348338692,0.6657010428736964,0.9401197604790419
1337,1257,1149,34976.587475395165,0.6736334405144695,0.6657010428736964,0.9401645474943904
1338,1257,1149,34976.587475395165,0.6736334405144695,0.6657010428736964,0.9394618834080718
1339,1257,1149,34976.587475395165,0.6736334405144695,0.6657010428736964,0.9387602688573562
1340,1257,1149,34976.587475395165,0.6736334405144695,0.6657010428736964,0.9380597014925374
1341,1257,1149,34976.587475395165,0.6736334405144695,0.6657010428736964,0.9373601789709173
1342,1257,1149,34976.587475395165,0.6736334405144695,0.6657010428736964,0.936661698956781
1343,1257,1149,34976.587475395165,0.6736334405144695,0.6657010428736964,0.93596425912137
1344,1257,1149,34976.587475395165,0.6736334405144695,0.6657010428736964,0.9352678571428571
1345,1257,1149,34976.587475395165,0.6736334405144695,0.6657010428736964,0.9345724907063196
1346,1257,1149,34976.587475395165,0.6736334405144695,0.6657010428736964,0.9338781575037147
1347,1257,1149,34976.587475395165,0.6736334405144695,0.6657010428736964,0.933184855233853
1348,1257,1149,34976.587475395165,0.6736334405144695,0.6657010428736964,0.9324925816023739
1349,1257,1149,34976.587475395165,0.6736334405144695,0.6657010428736964,0.9318013343217197
1350,1257,1149,34976.587475395165,0.6736334405144695,0.6657010428736964,0.9311111111111111
1351,1257,1149,34976.587475395165,0.6736334405144695,0.6657010428736964,0.930421909696521
1352,1257,1149,34976.587475395165,0.6736334405144695,0.6657010428736964,0.9297337278106509
1353,1257,1149,34976.587475395165,0.6736334405144695,0.6657010428736964,0.9290465631929047
1354,1257,1149,34976.587475395165,0.6736334405144695,0.6657010428736964,0.9283604135893648
1355,1257,1149,34976.587475395165,0.6736334405144695,0.6657010428736964,0.9276752767527675
1356,1257,1149,34976.587475395165,0.6736334405144695,0.6657010428736964,0.9269911504424779
1357,1257,1149,34976.587475395165,0.6736334405144695,0.6657010428736964,0.9263080324244657
1358,1257,1149,34976.587475395165,0.6736334405144695,0.6657010428736964,0.9256259204712813
1359,1257,1149,34976.587475395165,0.6736334405144695,0.6657010428736964,0.9249448123620309
1360,1257,1149,34976.587475395165,0.6736334405144695,0.6657010428736964,0.924264705882353
1361,1257,1149,34976.587475395165,0.6736334405144695,0.6657010428736964,0.9235855988243938
1362,1257,1149,34976.587475395165,0.6736334405144695,0.6657010428736964,0.9229074889867841
1363,1257,1149,34976.587475395165,0.6736334405144695,0.6657010428736964,0.9222303741746148
1364,1257,1149,34976.587475395165,0.6736334405144695,0.6657010428736964,0.9215542521994134
1365,1257,1149,34976.587475395165,0.6736334405144695,0.6657010428736964,0.9208791208791208
1366,1257,1149,34976.587475395165,0.6736334405144695,0.6657010428736964,0.9202049780380673
1367,1257,1149,34976.587475395165,0.6736334405144695,0.6657010428736964,0.9195318215069496
1368,1257,1149,34976.587475395165,0.6736334405144695,0.6657010428736964,0.918859649122807
1369,1257,1149,34976.587475395165,0.6736334405144695,0.6657010428736964,0.9181884587289992
1370,1257,1149,34976.587475395165,0.6736334405144695,0.6657010428736964,0.9175182481751825
1371,1257,1149,34976.587475395165,0.6736334405144695,0.6657010428736964,0.9168490153172867
1372,1257,1149,34976.587475395165,0.6736334405144695,0.6657010428736964,0.9161807580174927
1373,1257,1149,34976.587475395165,0.6736334405144695,0.6657010428736964,0.9155134741442098
1374,1257,1149,34976.587475395165,0.6736334405144695,0.6657010428736964,0.9148471615720524
1375,1257,1149,34976.587475395165,0.6736334405144695,0.6657010428736964,0.9141818181818182
1376,1257,1149,34976.587475395165,0.6736334405144695,0.6657010428736964,0.9135174418604651
1377,1257,1149,34976.587475395165,0.6736334405144695,0.6657010428736964,0.9128540305010894
1378,1257,1149,34976.587475395165,0.6736334405144695,0.6657010428736964,0.9121915820029027
1379,1257,1149,34976.587475395165,0.6736334405144695,0.6657010428736964,0.911530094271211
1380,1257,1149,34976.587475395165,0.6736334405144695,0.6657010428736964,0.9108695652173913
1381,1257,1149,34976.587475395165,0.6736334405144695,0.6657010428736964,0.9102099927588704
1382,1257,1149,34976.587475395165,0.6736334405144695,0.6657010428736964,0.9095513748191028
1383,1257,1149,34976.587475395165,0.6736334405144695,0.6657010428736964,0.9088937093275488
1384,1257,1149,34976.587475395165,0.6736334405144695,0.6657010428736964,0.9082369942196532
1385,1257,1149,34976.587475395165,0.6736334405144695,0.6657010428736964,0.9075812274368231
1386,1257,1149,34976.587475395165,0.6736334405144695,0.6657010428736964,0.9069264069264069
1387,1257,1149,34976.587475395165,0.6736334405144695,0.6657010428736964,0.9062725306416727
1388,1257,1149,34976.587475395165,0.6736334405144695,0.6657010428736964,0.9056195965417867
1389,1257,1149,34976.587475395165,0.6736334405144695,0.6657010428736964,0.9049676025917927
1390,1257,1149,34976.587475395165,0.6736334405144695,0.6657010428736964,0.9043165467625899
1391,1257,1149,34976.587475395165,0.6736334405144695,0.6657010428736964,0.903666427030913
1392,1257,1149,34976.587475395165,0.6736334405144695,0.6657010428736964,0.9030172413793104
1393,1257,1149,34976.587475395165,0.6736334405144695,0.6657010428736964,0.9023689877961235
1394,1257,1149,34976.587475395165,0.6736334405144695,0.6657010428736964,0.9017216642754663
1395,1257,1149,34976.587475395165,0.6736334405144695,0.6657010428736964,0.9010752688172043
1396,1257,1149,34976.587475395165,0.6736334405144695,0.6657010428736964,0.9004297994269341
1397,1257,1149,34976.587475395165,0.6736334405144695,0.6657010428736964,0.8997852541159628
1398,1257,1149,34976.587475395165,0.6736334405144695,0.6657010428736964,0.8991416309012875
1399,1257,1149,34976.587475395165,0.6736334405144695,0.6657010428736964,0.8984989278055754
1400,1257,1149,34976.587475395165,0.6736334405144695,0.6657010428736964,0.8978571428571429
1401,1257,1149,34976.587475395165,0.6736334405144695,0.6657010428736964,0.8972162740899358
1402,1257,1149,34976.587475395165,0.6736334405144695,0.6657010428736964,0.8965763195435092
1403,1257,1149,34976.587475395165,0.6736334405144695,0.6657010428736964,0.8959372772630079
1404,1257,1149,34976.587475395165,0.6736334405144695,0.6657010428736964,0.8952991452991453
1405,1257,1149,34976.587475395165,0.6736334405144695,0.6657010428736964,0.894661921708185
1406,1257,1149,34976.587475395165,0.6736334405144695,0.6657010428736964,0.8940256045519204
1407,1257,1149,34976.587475395165,0.6736334405144695,0.6657010428736964,0.8933901918976546
1408,1257,1149,34976.587475395165,0.6736334405144695,0.6657010428736964,0.8927556818181818
1409,1257,1149,34976.587475395165,0.6736334405144695,0.6657010428736964,0.8921220723917672
1410,1257,1149,34976.587475395165,0.6736334405144695,0.6657010428736964,0.8914893617021277
1411,1257,1149,34976.587475395165,0.6736334405144695,0.6657010428736964,0.8908575478384124
1412,1257,1149,34976.587475395165,0.6736334405144695,0.6657010428736964,0.8902266288951841
1413,1257,1149,34976.587475395165,0.6736334405144695,0.6657010428736964,0.8895966029723992
1414,1257,1149,34976.587475395165,0.6736334405144695,0.6657010428736964,0.888967468175389
1415,1257,1149,34976.587475395165,0.6736334405144695,0.6657010428736964,0.888339222614841
1416,1257,1149,34976.587475395165,0.6736334405144695,0.6657010428736964,0.8877118644067796
1417,1257,1149,34976.587475395165,0.6736334405144695,0.6657010428736964,0.8870853916725476
1418,1257,1149,34976.587475395165,0.6736334405144695,0.6657010428736964,0.886459802538787
1419,1257,1149,34976.587475395165,0.6736334405144695,0.6657010428736964,0.8858350951374208
1420,1257,1149,34976.587475395165,0.6736334405144695,0.6657010428736964,0.8852112676056338
1421,1257,1149,34976.587475395165,0.6736334405144695,0.6657010428736964,0.884588318085855
1422,1257,1149,34976.587475395165,0.6736334405144695,0.6657010428736964,0.8839662447257384
1423,1257,1149,34976.587475395165,0.6736334405144695,0.6657010428736964,0.8833450456781448
1424,1257,1149,34976.587475395165,0.6736334405144695,0.6657010428736964,0.8827247191011236
1425,1257,1149,34976.587475395165,0.6736334405144695,0.6657010428736964,0.8821052631578947
1426,1257,1149,34976.587475395165,0.6736334405144695,0.6657010428736964,0.8814866760168303
1427,1257,1149,34976.587475395165,0.6736334405144695,0.6657010428736964,0.8808689558514365
1428,1257,1149,34976.587475395165,0.6736334405144695,0.6657010428736964,0.8802521008403361
1429,1257,1149,34976.587475395165,0.6736334405144695,0.6657010428736964,0.8796361091672499
1430,1257,1149,34976.587475395165,0.6736334405144695,0.6657010428736964,0.879020979020979
1431,1257,1149,34976.587475395165,0.6736334405144695,0.6657010428736964,0.8784067085953878
1432,1257,1149,34976.587475395165,0.6736334405144695,0.6657010428736964,0.8777932960893855
1433,1257,1149,34976.587475395165,0.6736334405144695,0.6657010428736964,0.8771807397069086
1434,1257,1149,34976.587475395165,0.6736334405144695,0.6657010428736964,0.8765690376569037
1435,1257,1149,34976.587475395165,0.6736334405144695,0.6657010428736964,0.8759581881533101
1436,1257,1149,34976.587475395165,0.6736334405144695,0.6657010428736964,0.8753481894150418
1437,1257,1149,34976.587475395165,0.6736334405144695,0.6657010428736964,0.8747390396659708
1438,1257,1149,34976.587475395165,0.6736334405144695,0.6657010428736964,0.8741307371349096
1439,1257,1149,34976.587475395165,0.6736334405144695,0.6657010428736964,0.8735232800555942
1440,1257,1149,34976.587475395165,0.6736334405144695,0.6657010428736964,0.8729166666666667
1441,1257,1149,34976.587475395165,0.6736334405144695,0.6657010428736964,0.8723108952116586
1442,1257,1149,34976.587475395165,0.6736334405144695,0.6657010428736964,0.8717059639389736
1443,1257,1149,34976.587475395165,0.6736334405144695,0.6657010428736964,0.8711018711018711
1444,1257,1149,34976.587475395165,0.6736334405144695,0.6657010428736964,0.8704986149584487
1445,1257,1149,34976.587475395165,0.6736334405144695,0.6657010428736964,0.8698961937716263
1446,1257,1149,34976.587475395165,0.6736334405144695,0.6657010428736964,0.8692946058091287
1447,1257,1149,34976.587475395165,0.6736334405144695,0.6657010428736964,0.8686938493434693
1448,1257,1149,34976.587475395165,0.6736334405144695,0.6657010428736964,0.8680939226519337
1449,1257,1149,34976.587475395165,0.6736334405144695,0.6657010428736964,0.8674948240165632
1450,1257,1149,34976.587475395165,0.6736334405144695,0.6657010428736964,0.8668965517241379
1451,1257,1149,34976.587475395165,0.6736334405144695,0.6657010428736964,0.8662991040661613
1452,1257,1149,34976.587475395165,0.6736334405144695,0.6657010428736964,0.8657024793388429
1453,1257,1149,34976.587475395165,0.6736334405144695,0.6657010428736964,0.8651066758430833
1454,1257,1149,34976.587475395165,0.6736334405144695,0.6657010428736964,0.8645116918844566
1455,1257,1149,34976.587475395165,0.6736334405144695,0.6657010428736964,0.8639175257731959
1456,1257,1149,34976.587475395165,0.6736334405144695,0.6657010428736964,0.8633241758241759
1457,1257,1149,34976.587475395165,0.6736334405144695,0.6657010428736964,0.8627316403568978
1458,1257,1149,34976.587475395165,0.6736334405144695,0.6657010428736964,0.8621399176954733
1459,1257,1149,34976.587475395165,0.6736334405144695,0.6657010428736964,0.8615490061686086
1460,1257,1149,34976.587475395165,0.6736334405144695,0.6657010428736964,0.8609589041095891
1461,1257,1149,34976.587475395165,0.6736334405144695,0.6657010428736964,0.8603696098562629
1462,1257,1149,34976.587475395165,0.6736334405144695,0.6657010428736964,0.859781121751026
1463,1257,1149,34976.587475395165,0.6736334405144695,0.6657010428736964,0.8591934381408065
1464,1257,1149,34976.587475395165,0.6736334405144695,0.6657010428736964,0.8586065573770492
1465,1257,1149,34976.587475395165,0.6736334405144695,0.6657010428736964,0.8580204778156997
1466,1257,1149,34976.587475395165,0.6736334405144695,0.6657010428736964,0.8574351978171897
1467,1257,1149,34976.587475395165,0.6736334405144695,0.6657010428736964,0.8568507157464212
1468,1257,1149,34976.587475395165,0.6736334405144695,0.6657010428736964,0.8562670299727521
1469,1257,1149,34976.587475395165,0.6736334405144695,0.6657010428736964,0.8556841388699796
1470,1257,1149,34976.587475395165,0.6736334405144695,0.6657010428736964,0.8551020408163266
1471,1257,1149,34976.587475395165,0.6736334405144695,0.6657010428736964,0.8545207341944255
1472,1257,1149,34976.587475395165,0.6736334405144695,0.6657010428736964,0.8539402173913043
1473,1257,1149,34976.587475395165,0.6736334405144695,0.6657010428736964,0.8533604887983707
1474,1257,1149,34976.587475395165,0.6736334405144695,0.6657010428736964,0.8527815468113975
1475,1257,1149,34976.587475395165,0.6736334405144695,0.6657010428736964,0.8522033898305085
1476,1257,1149,34976.587475395165,0.6736334405144695,0.6657010428736964,0.8516260162601627
1477,1257,1149,34976.587475395165,0.6736334405144695,0.6657010428736964,0.8510494245091401
1478,1257,1149,34976.587475395165,0.6736334405144695,0.6657010428736964,0.8504736129905277
1479,1257,1149,34976.587475395165,0.6736334405144695,0.6657010428736964,0.8498985801217038
1480,1257,1149,34976.587475395165,0.6736334405144695,0.6657010428736964,0.8493243243243244
1481,1257,1149,34976.587475395165,0.6736334405144695,0.6657010428736964,0.8487508440243079
1482,1257,1149,34976.587475395165,0.6736334405144695,0.6657010428736964,0.8481781376518218
1483,1257,1149,34976.587475395165,0.6736334405144695,0.6657010428736964,0.8476062036412677
1484,1257,1149,34976.587475395165,0.6736334405144695,0.6657010428736964,0.8470350404312669
1485,1257,1149,34976.587475395165,0.6736334405144695,0.6657010428736964,0.8464646464646465
1486,1257,1149,34976.587475395165,0.6736334405144695,0.6657010428736964,0.8458950201884253
1487,1257,1149,34976.587475395165,0.6736334405144695,0.6657010428736964,0.8453261600537996
1488,1257,1149,34976.587475395165,0.6736334405144695,0.6657010428736964,0.844758064516129
1489,1257,1149,34976.587475395165,0.6736334405144695,0.6657010428736964,0.8441907320349228
1490,1257,1149,34976.587475395165,0.6736334405144695,0.6657010428736964,0.8436241610738255
1491,1257,1149,34976.587475395165,0.6736334405144695,0.6657010428736964,0.8430583501006036
1492,1257,1149,34976.587475395165,0.6736334405144695,0.6657010428736964,0.8424932975871313
1493,1257,1149,34976.587475395165,0.6736334405144695,0.6657010428736964,0.8419290020093771
1494,1257,1149,34976.587475395165,0.6736334405144695,0.6657010428736964,0.8413654618473896
1495,1257,1149,34976.587475395165,0.6736334405144695,0.6657010428736964,0.8408026755852843
1496,1257,1149,34976.587475395165,0.6736334405144695,0.6657010428736964,0.8402406417112299
1497,1257,1149,34976.587475395165,0.6736334405144695,0.6657010428736964,0.8396793587174348
1498,1258,1149,35061.71555148914,0.6741693461950696,0.6657010428736964,0.8397863818424566
1499,1259,1149,35146.84362758312,0.6747052518756699,0.6657010428736964,0.8398932621747832
1500,1260,1150,35231.971703677096,0.6752411575562701,0.6662804171494786,0.84
1501,1261,1150,35317.09977977107,0.6757770632368703,0.6662804171494786,0.8401065956029313
1502,1262,1151,35402.22785586505,0.6763129689174705,0.6668597914252608,0.8402130492676432
1503,1263,1152,35487.35593195903,0.6768488745980707,0.6674391657010429,0.8403193612774451
1504,1264,1152,35572.484008053005,0.677384780278671,0.6674391657010429,0.8404255319148937
1505,1265,1152,35657.61208414698,0.6779206859592711,0.6674391657010429,0.840531561461794
1506,1266,1152,35742.74016024096,0.6784565916398714,0.6674391657010429,0.8406374501992032
1507,1267,1152,35827.868236334936,0.6789924973204716,0.6674391657010429,0.840743198407432
1508,1268,1152,35912.99631242891,0.6795284030010718,0.6674391657010429,0.8408488063660478
1509,1269,1153,35998.12438852289,0.680064308681672,0.668018539976825,0.8409542743538767
1510,1270,1154,36083.25246461687,0.6806002143622722,0.6685979142526072,0.8410596026490066
1511,1271,1155,36168.380540710845,0.6811361200428725,0.6691772885283893,0.8411647915287889
1512,1272,1156,36253.50861680482,0.6816720257234726,0.6697566628041715,0.8412698412698413
1513,1273,1157,36338.6366928988,0.6822079314040729,0.6703360370799536,0.8413747521480502
1514,1274,1158,36423.764768992776,0.6827438370846731,0.6709154113557358,0.8414795244385733
1515,1275,1159,36508.89284508675,0.6832797427652733,0.671494785631518,0.8415841584158416
1516,1276,1160,36594.02092118073,0.6838156484458735,0.6720741599073001,0.841688654353562
1517,1277,1161,36679.14899727471,0.6843515541264737,0.6726535341830823,0.8417930125247198
1518,1278,1162,36764.277073368685,0.684887459807074,0.6732329084588644,0.841897233201581
1519,1279,1163,36849.40514946266,0.6854233654876741,0.6738122827346466,0.8420013166556946
1520,1280,1164,36934.53322555664,0.6859592711682744,0.6743916570104287,0.8421052631578947
1521,1281,1165,37019.661301650616,0.6864951768488746,0.6749710312862109,0.8422090729783037
1522,1282,1166,37104.78937774459,0.6870310825294748,0.6755504055619931,0.8423127463863338
1523,1283,1167,37189.91745383857,0.687566988210075,0.6761297798377752,0.8424162836506894
1524,1284,1168,37275.04552993255,0.6881028938906752,0.6767091541135574,0.84251968503937
1525,1285,1169,37360.173606026525,0.6886387995712755,0.6772885283893395,0.8426229508196721
1526,1286,1170,37445.3016821205,0.6891747052518756,0.6778679026651216,0.8427260812581914
1527,1287,1171,37530.42975821448,0.6897106109324759,0.6784472769409038,0.8428290766208252
1528,1288,1172,37615.557834308456,0.6902465166130761,0.6790266512166859,0.8429319371727748
1529,1289,1173,37700.68591040243,0.6907824222936764,0.6796060254924682,0.843034663178548
1530,1290,1174,37785.81398649641,0.6913183279742765,0.6801853997682503,0.8431372549019608
1531,1291,1175,37870.94206259039,0.6918542336548767,0.6807647740440325,0.8432397126061397
1532,1292,1176,37956.070138684365,0.692390139335477,0.6813441483198146,0.8433420365535248
1533,1293,1177,38041.19821477834,0.6929260450160771,0.6819235225955967,0.8434442270058709
1534,1294,1178,38126.32629087232,0.6934619506966774,0.6825028968713789,0.8435462842242504
1535,1295,1179,38211.454366966296,0.6939978563772776,0.683082271147161,0.8436482084690554
1536,1296,1180,38296.58244306027,0.6945337620578779,0.6836616454229433,0.84375
1537,1297,1181,38381.71051915425,0.695069667738478,0.6842410196987254,0.8438516590761224
1538,1298,1182,38466.83859524823,0.6956055734190782,0.6848203939745076,0.8439531859557867
1539,1299,1183,38551.966671342205,0.6961414790996785,0.6853997682502897,0.8440545808966862
1540,1300,1184,38637.09474743618,0.6966773847802786,0.6859791425260718,0.8441558441558441
1541,1301,1185,38722.22282353016,0.6972132904608789,0.686558516801854,0.8442569759896171
1542,1302,1186,38807.350899624136,0.6977491961414791,0.6871378910776361,0.8443579766536965
1543,1303,1187,38892.47897571811,0.6982851018220794,0.6877172653534183,0.8444588464031109
1544,1304,1188,38977.60705181209,0.6988210075026795,0.6882966396292005,0.844559585492228
1545,1305,1189,39062.73512790607,0.6993569131832797,0.6888760139049827,0.8446601941747572
1546,1306,1190,39147.863204000045,0.69989281886388,0.6894553881807648,0.8447606727037517
1547,1307,1191,39232.99128009402,0.7004287245444801,0.6900347624565469,0.8448610213316096
1548,1308,1192,39318.119356188,0.7009646302250804,0.6906141367323291,0.8449612403100775
1549,1309,1193,39403.247432281976,0.7015005359056806,0.6911935110081112,0.8450613298902517
1550,1310,1194,39488.37550837595,0.7020364415862809,0.6917728852838934,0.8451612903225807
1551,1311,1195,39573.50358446993,0.702572347266881,0.6923522595596755,0.8452611218568665
1552,1312,1196,39658.63166056391,0.7031082529474812,0.6929316338354577,0.845360824742268
1553,1313,1197,39743.759736657885,0.7036441586280815,0.6935110081112399,0.845460399227302
1554,1314,1198,39828.88781275186,0.7041800643086816,0.694090382387022,0.8455598455598455
1555,1315,1199,39914.01588884584,0.7047159699892819,0.6946697566628042,0.8456591639871383
1556,1316,1200,39999.143964939816,0.7052518756698821,0.6952491309385863,0.8457583547557841
1557,1317,1201,40084.27204103379,0.7057877813504824,0.6958285052143685,0.8458574181117534
1558,1318,1202,40169.40011712777,0.7063236870310825,0.6964078794901506,0.8459563543003851
1559,1319,1203,40254.52819322175,0.7068595927116827,0.6969872537659328,0.8460551635663887
1560,1320,1204,40339.656269315725,0.707395498392283,0.697566628041715,0.8461538461538461
1561,1321,1205,40424.7843454097,0.7079314040728831,0.6981460023174971,0.846252402306214
1562,1322,1206,40509.91242150368,0.7084673097534834,0.6987253765932793,0.8463508322663252
1563,1323,1207,40595.040497597656,0.7090032154340836,0.6993047508690614,0.8464491362763915
1564,1324,1208,40680.16857369163,0.7095391211146839,0.6998841251448435,0.8465473145780051
1565,1325,1209,40765.29664978561,0.710075026795284,0.7004634994206257,0.8466453674121406
1566,1326,1210,40850.42472587959,0.7106109324758842,0.7010428736964078,0.8467432950191571
1567,1327,1211,40935.552801973565,0.7111468381564845,0.7016222479721901,0.8468410976388002
1568,1328,1212,41020.68087806754,0.7116827438370846,0.7022016222479722,0.8469387755102041
1569,1329,1213,41105.80895416152,0.7122186495176849,0.7027809965237544,0.847036328871893
1570,1330,1214,41190.937030255496,0.7127545551982851,0.7033603707995365,0.8471337579617835
1571,1331,1215,41276.06510634947,0.7132904608788854,0.7039397450753186,0.8472310630171865
1572,1332,1216,41361.19318244345,0.7138263665594855,0.7045191193511008,0.8473282442748091
1573,1333,1217,41446.32125853743,0.7143622722400857,0.7050984936268829,0.8474253019707565
1574,1334,1218,41531.449334631405,0.714898177920686,0.7056778679026651,0.8475222363405337
1575,1335,1219,41616.57741072538,0.7154340836012861,0.7062572421784473,0.8476190476190476
1576,1336,1220,41701.70548681936,0.7159699892818864,0.7068366164542295,0.8477157360406091
1577,1337,1221,41786.833562913336,0.7165058949624866,0.7074159907300116,0.8478123018389346
1578,1338,1222,41871.96163900731,0.7170418006430869,0.7079953650057937,0.8479087452471483
1579,1339,1223,41957.08971510129,0.717577706323687,0.7085747392815759,0.8480050664977834
1580,1340,1224,42042.21779119527,0.7181136120042872,0.709154113557358,0.8481012658227848
1581,1341,1225,42127.345867289245,0.7186495176848875,0.7097334878331402,0.8481973434535104
1582,1342,1226,42212.47394338322,0.7191854233654876,0.7103128621089224,0.8482932996207333
1583,1343,1227,42297.6020194772,0.7197213290460879,0.7108922363847046,0.848389134554643
1584,1344,1228,42382.730095571176,0.7202572347266881,0.7114716106604867,0.8484848484848485
1585,1345,1229,42467.85817166515,0.7207931404072884,0.7120509849362688,0.8485804416403786
1586,1346,1230,42552.98624775913,0.7213290460878885,0.712630359212051,0.8486759142496847
1587,1347,1231,42638.11432385311,0.7218649517684887,0.7132097334878331,0.8487712665406427
1588,1348,1232,42723.242399947085,0.722400857449089,0.7137891077636153,0.8488664987405542
1589,1349,1233,42808.37047604106,0.7229367631296891,0.7143684820393974,0.8489616110761485
1590,1350,1234,42893.49855213504,0.7234726688102894,0.7149478563151797,0.8490566037735849
1591,1351,1235,42978.626628229016,0.7240085744908896,0.7155272305909618,0.8491514770584538
1592,1352,1236,43063.75470432299,0.7245444801714899,0.7161066048667439,0.8492462311557789
1593,1353,1237,43148.88278041697,0.72508038585209,0.7166859791425261,0.8493408662900188
1594,1354,1238,43234.01085651095,0.7256162915326902,0.7172653534183082,0.849435382685069
1595,1355,1239,43319.138932604925,0.7261521972132905,0.7178447276940904,0.8495297805642633
1596,1356,1240,43404.2670086989,0.7266881028938906,0.7184241019698725,0.849624060150376
1597,1357,1241,43489.39508479288,0.7272240085744909,0.7190034762456546,0.849718221665623
1598,1358,1242,43574.523160886856,0.7277599142550911,0.7195828505214369,0.8498122653316645
1599,1359,1243,43659.65123698083,0.7282958199356914,0.720162224797219,0.849906191369606
1600,1360,1244,43744.77931307481,0.7288317256162915,0.7207415990730012,0.85
1601,1361,1245,43829.90738916879,0.7293676312968917,0.7213209733487833,0.8500936914428482
1602,1362,1246,43915.035465262765,0.729903536977492,0.7219003476245655,0.850187265917603
1603,1363,1247,44000.16354135674,0.7304394426580921,0.7224797219003476,0.8502807236431691
1604,1364,1248,44085.29161745072,0.7309753483386924,0.7230590961761297,0.8503740648379052
1605,1365,1249,44170.419693544696,0.7315112540192926,0.723638470451912,0.8504672897196262
1606,1366,1250,44255.54776963867,0.7320471596998929,0.7242178447276941,0.8505603985056039
1607,1367,1251,44340.67584573265,0.732583065380493,0.7247972190034763,0.85065339141257
1608,1368,1252,44425.80392182663,0.7331189710610932,0.7253765932792584,0.8507462686567164
1609,1369,1253,44510.931997920605,0.7336548767416935,0.7259559675550405,0.8508390304536979
1610,1370,1254,44596.06007401458,0.7341907824222936,0.7265353418308227,0.8509316770186336
1611,1371,1255,44681.18815010856,0.7347266881028939,0.7271147161066048,0.851024208566108
1612,1372,1256,44766.316226202536,0.7352625937834941,0.727694090382387,0.8511166253101737
1613,1373,1257,44851.44430229651,0.7357984994640944,0.7282734646581692,0.8512089274643522
1614,1374,1258,44936.57237839049,0.7363344051446945,0.7288528389339514,0.8513011152416357
1615,1375,1259,45021.70045448447,0.7368703108252947,0.7294322132097335,0.8513931888544891
1616,1376,1260,45106.828530578445,0.737406216505895,0.7300115874855156,0.8514851485148515
1617,1377,1261,45191.95660667242,0.7379421221864951,0.7305909617612978,0.8515769944341373
1618,1378,1262,45277.0846827664,0.7384780278670954,0.7311703360370799,0.8516687268232386
1619,1379,1263,45362.212758860376,0.7390139335476956,0.7317497103128621,0.8517603458925262
1620,1380,1264,45447.34083495435,0.7395498392282959,0.7323290845886443,0.8518518518518519
1621,1381,1265,45532.46891104833,0.740085744908896,0.7329084588644265,0.8519432449105491
1622,1382,1266,45617.59698714231,0.7406216505894962,0.7334878331402086,0.8520345252774353
1623,1383,1267,45702.725063236285,0.7411575562700965,0.7340672074159907,0.8521256931608133
1624,1384,1268,45787.85313933026,0.7416934619506966,0.7346465816917729,0.8522167487684729
1625,1385,1269,45872.98121542424,0.7422293676312969,0.735225955967555,0.8523076923076923
1626,1386,1270,45958.109291518216,0.7427652733118971,0.7358053302433372,0.8523985239852399
1627,1387,1271,46043.23736761219,0.7433011789924974,0.7363847045191193,0.8524892440073756
1628,1388,1272,46128.36544370617,0.7438370846730975,0.7369640787949016,0.8525798525798526
1629,1389,1273,46213.49351980015,0.7443729903536977,0.7375434530706837,0.852670349907919
1630,1390,1274,46298.621595894125,0.744908896034298,0.7381228273464658,0.852760736196319
1631,1391,1275,46383.7496719881,0.7454448017148981,0.738702201622248,0.8528510116492949
1632,1392,1276,46468.87774808208,0.7459807073954984,0.7392815758980301,0.8529411764705882
1633,1393,1277,46554.005824176056,0.7465166130760986,0.7398609501738123,0.8530312308634416
1634,1394,1278,46639.13390027003,0.7470525187566989,0.7404403244495944,0.8531211750305998
1635,1395,1279,46724.26197636401,0.747588424437299,0.7410196987253765,0.8532110091743119
1636,1396,1280,46809.39005245799,0.7481243301178992,0.7415990730011588,0.8533007334963325
1637,1397,1281,46894.518128551965,0.7486602357984995,0.7421784472769409,0.853390348197923
1638,1398,1282,46979.64620464594,0.7491961414790996,0.7427578215527231,0.8534798534798534
1639,1399,1283,47064.77428073992,0.7497320471596999,0.7433371958285052,0.8535692495424039
1640,1400,1284,47149.902356833896,0.7502679528403001,0.7439165701042874,0.8536585365853658
1641,1401,1285,47235.03043292787,0.7508038585209004,0.7444959443800695,0.8537477148080439
1642,1402,1286,47320.15850902185,0.7513397642015005,0.7450753186558516,0.853836784409257
1643,1403,1287,47405.28658511583,0.7518756698821008,0.7456546929316339,0.8539257455873402
1644,1404,1288,47490.414661209805,0.752411575562701,0.746234067207416,0.8540145985401459
1645,1405,1289,47575.54273730378,0.7529474812433011,0.7468134414831982,0.8541033434650456
1646,1406,1290,47660.67081339776,0.7534833869239014,0.7473928157589803,0.8541919805589308
1647,1407,1291,47745.798889491736,0.7540192926045016,0.7479721900347625,0.8542805100182149
1648,1408,1292,47830.92696558571,0.7545551982851019,0.7485515643105446,0.8543689320388349
1649,1409,1293,47916.05504167969,0.755091103965702,0.7491309385863267,0.8544572468162522
1650,1410,1294,48001.18311777367,0.7556270096463023,0.7497103128621089,0.8545454545454545
1651,1411,1295,48086.311193867645,0.7561629153269025,0.7502896871378911,0.854633555420957
1652,1412,1296,48171.43926996162,0.7566988210075026,0.7508690614136733,0.8547215496368039
1653,1413,1297,48256.5673460556,0.7572347266881029,0.7514484356894554,0.8548094373865699
1654,1414,1298,48341.695422149576,0.7577706323687031,0.7520278099652375,0.8548972188633616
1655,1415,1299,48426.82349824355,0.7583065380493034,0.7526071842410197,0.8549848942598187
1656,1416,1300,48511.95157433753,0.7588424437299035,0.7531865585168018,0.855072463768116
1657,1417,1301,48597.07965043151,0.7593783494105038,0.753765932792584,0.8551599275799638
1658,1418,1302,48682.207726525485,0.759914255091104,0.7543453070683661,0.8552472858866104
1659,1419,1303,48767.33580261946,0.7604501607717041,0.7549246813441484,0.8553345388788427
1660,1420,1304,48852.46387871344,0.7609860664523044,0.7555040556199305,0.8554216867469879
1661,1421,1305,48937.591954807416,0.7615219721329046,0.7560834298957126,0.8555087296809151
1662,1422,1306,49022.72003090139,0.7620578778135049,0.7566628041714948,0.855595667870036
1663,1423,1307,49107.84810699537,0.762593783494105,0.7572421784472769,0.8556825015033073
1664,1424,1308,49192.97618308935,0.7631296891747053,0.7578215527230591,0.8557692307692307
1665,1425,1309,49278.104259183325,0.7636655948553055,0.7584009269988412,0.8558558558558559
1666,1426,1310,49363.2323352773,0.7642015005359056,0.7589803012746235,0.8559423769507803
1667,1427,1311,49448.36041137128,0.7647374062165059,0.7595596755504056,0.8560287942411517
1668,1428,1312,49533.488487465256,0.7652733118971061,0.7601390498261877,0.8561151079136691
1669,1429,1312,49554.580546512945,0.7658092175777064,0.7601390498261877,0.8562013181545836
1670,1430,1312,49575.672605560634,0.7663451232583065,0.7601390498261877,0.8562874251497006
1671,1431,1313,49596.76466460832,0.7668810289389068,0.7607184241019699,0.8563734290843806
1672,1432,1313,49617.85672365601,0.767416934619507,0.7607184241019699,0.8564593301435407
1673,1433,1313,49638.9487827037,0.7679528403001071,0.7607184241019699,0.8565451285116558
1674,1434,1313,49660.04084175139,0.7684887459807074,0.7607184241019699,0.8566308243727598
1675,1435,1314,49681.13290079908,0.7690246516613076,0.761297798377752,0.8567164179104477
1676,1436,1314,49702.22495984677,0.7695605573419079,0.761297798377752,0.8568019093078759
1677,1437,1314,49723.31701889446,0.770096463022508,0.761297798377752,0.8568872987477638
1678,1438,1314,49744.409077942146,0.7706323687031083,0.761297798377752,0.8569725864123957
1679,1439,1314,49765.501136989835,0.7711682743837085,0.761297798377752,0.8570577724836212
1680,1440,1315,49786.593196037524,0.7717041800643086,0.7618771726535342,0.8571428571428571
1681,1441,1316,49807.68525508521,0.7722400857449089,0.7624565469293163,0.8572278405710886
1682,1442,1317,49828.7773141329,0.7727759914255091,0.7630359212050984,0.8573127229488704
1683,1443,1318,49849.86937318059,0.7733118971061094,0.7636152954808807,0.857397504456328
1684,1444,1319,49870.96143222828,0.7738478027867095,0.7641946697566628,0.8574821852731591
1685,1445,1320,49892.05349127597,0.7743837084673098,0.764774044032445,0.857566765578635
1686,1446,1321,49913.14555032366,0.77491961414791,0.7653534183082271,0.8576512455516014
1687,1447,1322,49934.23760937135,0.7754555198285101,0.7659327925840093,0.8577356253704801
1688,1448,1323,49955.329668419035,0.7759914255091104,0.7665121668597914,0.8578199052132701
1689,1449,1324,49976.421727466724,0.7765273311897106,0.7670915411355735,0.8579040852575488
1690,1450,1325,49997.51378651441,0.7770632368703109,0.7676709154113557,0.8579881656804734
1691,1451,1326,50018.6058455621,0.777599142550911,0.7682502896871379,0.8580721466587817
1692,1452,1327,50039.69790460979,0.7781350482315113,0.7688296639629201,0.8581560283687943
1693,1453,1328,50060.78996365748,0.7786709539121115,0.7694090382387022,0.8582398109864147
1694,1454,1329,50081.88202270517,0.7792068595927116,0.7699884125144844,0.8583234946871311
1695,1455,1330,50102.97408175286,0.7797427652733119,0.7705677867902665,0.8584070796460177
1696,1456,1331,50124.06614080055,0.7802786709539121,0.7711471610660486,0.8584905660377359
1697,1457,1332,50145.158199848236,0.7808145766345124,0.7717265353418308,0.858573954036535
1698,1458,1333,50166.250258895925,0.7813504823151125,0.772305909617613,0.8586572438162544
1699,1459,1334,50187.342317943614,0.7818863879957128,0.7728852838933952,0.8587404355503238
1700,1460,1335,50208.4343769913,0.782422293676313,0.7734646581691773,0.8588235294117647
1701,1461,1336,50229.52643603899,0.7829581993569131,0.7740440324449595,0.8589065255731922
1702,1462,1337,50250.61849508668,0.7834941050375134,0.7746234067207416,0.8589894242068156
1703,1463,1338,50271.71055413437,0.7840300107181136,0.7752027809965237,0.8590722254844392
1704,1464,1339,50292.80261318206,0.7845659163987139,0.7757821552723059,0.8591549295774648
1705,1465,1340,50313.89467222975,0.785101822079314,0.776361529548088,0.8592375366568915
1706,1466,1341,50334.98673127744,0.7856377277599143,0.7769409038238703,0.8593200468933178
1707,1467,1342,50356.078790325126,0.7861736334405145,0.7775202780996524,0.859402460456942
1708,1468,1343,50377.170849372815,0.7867095391211146,0.7780996523754345,0.8594847775175644
1709,1469,1344,50398.262908420504,0.7872454448017149,0.7786790266512167,0.8595669982445875
1710,1470,1345,50419.35496746819,0.7877813504823151,0.7792584009269988,0.8596491228070176
1711,1471,1346,50440.44702651588,0.7883172561629154,0.779837775202781,0.8597311513734658
1712,1472,1347,50461.53908556357,0.7888531618435155,0.7804171494785631,0.8598130841121495
1713,1473,1348,50482.63114461126,0.7893890675241158,0.7809965237543454,0.8598949211908932
1714,1474,1349,50503.72320365895,0.789924973204716,0.7815758980301275,0.8599766627771295
1715,1475,1350,50524.81526270664,0.7904608788853161,0.7821552723059096,0.8600583090379009
1716,1476,1351,50545.90732175433,0.7909967845659164,0.7827346465816918,0.8601398601398601
1717,1477,1352,50566.999380802015,0.7915326902465166,0.7833140208574739,0.860221316249272
1718,1478,1353,50588.091439849704,0.7920685959271169,0.7838933951332561,0.860302677532014
1719,1479,1354,50609.18349889739,0.792604501607717,0.7844727694090382,0.8603839441535777
1720,1480,1355,50630.27555794508,0.7931404072883173,0.7850521436848203,0.8604651162790697
1721,1481,1356,50651.36761699277,0.7936763129689175,0.7856315179606026,0.8605461940732132
1722,1482,1357,50672.45967604046,0.7942122186495176,0.7862108922363847,0.8606271777003485
1723,1483,1358,50693.55173508815,0.7947481243301179,0.7867902665121669,0.8607080673244342
1724,1484,1359,50714.64379413584,0.7952840300107181,0.787369640787949,0.8607888631090487
1725,1485,1360,50735.73585318353,0.7958199356913184,0.7879490150637312,0.8608695652173913
1726,1486,1361,50756.827912231216,0.7963558413719185,0.7885283893395133,0.8609501738122828
1727,1487,1362,50777.919971278905,0.7968917470525188,0.7891077636152954,0.8610306890561668
1728,1488,1363,50799.012030326594,0.797427652733119,0.7896871378910776,0.8611111111111112
1729,1489,1364,50820.10408937428,0.7979635584137191,0.7902665121668598,0.8611914401388086
1730,1490,1365,50841.19614842197,0.7984994640943194,0.790845886442642,0.861271676300578
1731,1491,1366,50862.28820746966,0.7990353697749196,0.7914252607184241,0.8613518197573656
1732,1492,1367,50883.38026651735,0.7995712754555199,0.7920046349942063,0.8614318706697459
1733,1493,1368,50904.47232556504,0.80010718113612,0.7925840092699884,0.8615118291979227
1734,1494,1369,50925.56438461273,0.8006430868167203,0.7931633835457705,0.8615916955017301
1735,1495,1370,50946.65644366042,0.8011789924973205,0.7937427578215527,0.861671469740634
1736,1496,1371,50967.748502708106,0.8017148981779206,0.7943221320973349,0.8617511520737328
1737,1497,1372,50988.840561755795,0.8022508038585209,0.7949015063731171,0.8618307426597582
1738,1498,1373,51009.93262080348,0.8027867095391211,0.7954808806488992,0.8619102416570771
1739,1499,1374,51031.02467985117,0.8033226152197214,0.7960602549246814,0.8619896492236918
1740,1500,1375,51052.11673889886,0.8038585209003215,0.7966396292004635,0.8620689655172413
1741,1501,1376,51073.20879794655,0.8043944265809218,0.7972190034762456,0.8621481906950029
1742,1502,1377,51094.30085699424,0.804930332261522,0.7977983777520278,0.8622273249138921
1743,1503,1378,51115.39291604193,0.8054662379421221,0.7983777520278099,0.8623063683304647
1744,1504,1379,51136.48497508962,0.8060021436227224,0.7989571263035922,0.8623853211009175
1745,1505,1380,51157.577034137306,0.8065380493033226,0.7995365005793743,0.8624641833810889
1746,1506,1381,51178.669093184995,0.8070739549839229,0.8001158748551565,0.8625429553264605
1747,1507,1382,51199.761152232684,0.807609860664523,0.8006952491309386,0.862621637092158
1748,1508,1383,51220.85321128037,0.8081457663451233,0.8012746234067207,0.8627002288329519
1749,1509,1384,51241.94527032806,0.8086816720257235,0.8018539976825029,0.8627787307032591
1750,1510,1385,51263.03732937575,0.8092175777063236,0.802433371958285,0.8628571428571429
1751,1511,1386,51284.12938842344,0.8097534833869239,0.8030127462340672,0.8629354654483152
1752,1512,1387,51305.22144747113,0.8102893890675241,0.8035921205098494,0.863013698630137
1753,1513,1388,51326.31350651882,0.8108252947481244,0.8041714947856315,0.863091842555619
1754,1514,1389,51347.40556556651,0.8113612004287245,0.8047508690614137,0.863169897377423
1755,1515,1390,51368.497624614196,0.8118971061093248,0.8053302433371958,0.8632478632478633
1756,1516,1391,51389.589683661885,0.812433011789925,0.805909617612978,0.8633257403189066
1757,1517,1392,51410.681742709574,0.8129689174705252,0.8064889918887601,0.8634035287421742
1758,1518,1393,51431.77380175726,0.8135048231511254,0.8070683661645423,0.863481228668942
1759,1519,1394,51452.86586080495,0.8140407288317256,0.8076477404403245,0.8635588402501422
1760,1520,1395,51473.95791985264,0.8145766345123259,0.8082271147161066,0.8636363636363636
1761,1521,1396,51495.04997890033,0.815112540192926,0.8088064889918888,0.8637137989778535
1762,1522,1397,51516.14203794802,0.8156484458735263,0.8093858632676709,0.8637911464245176
1763,1523,1398,51537.23409699571,0.8161843515541265,0.8099652375434531,0.8638684061259218
1764,1524,1399,51558.3261560434,0.8167202572347267,0.8105446118192352,0.8639455782312925
1765,1525,1400,51579.418215091086,0.8172561629153269,0.8111239860950173,0.8640226628895185
1766,1526,1401,51600.510274138775,0.8177920685959271,0.8117033603707995,0.8640996602491506
1767,1527,1402,51621.60233318646,0.8183279742765274,0.8122827346465817,0.8641765704584041
1768,1528,1403,51642.69439223415,0.8188638799571275,0.8128621089223639,0.8642533936651584
1769,1529,1404,51663.78645128184,0.8193997856377278,0.813441483198146,0.8643301300169587
1770,1530,1405,51684.87851032953,0.819935691318328,0.8140208574739282,0.864406779661017
1771,1531,1406,51705.97056937722,0.8204715969989282,0.8146002317497103,0.8644833427442123
1772,1532,1407,51727.06262842491,0.8210075026795284,0.8151796060254924,0.8645598194130926
1773,1533,1408,51748.1546874726,0.8215434083601286,0.8157589803012746,0.8646362098138748
1774,1534,1409,51769.246746520286,0.8220793140407289,0.8163383545770567,0.8647125140924464
1775,1535,1410,51790.338805567975,0.822615219721329,0.816917728852839,0.8647887323943662
1776,1536,1411,51811.430864615664,0.8231511254019293,0.8174971031286211,0.8648648648648649
1777,1537,1412,51832.52292366335,0.8236870310825295,0.8180764774044033,0.8649409116488463
1778,1538,1413,51853.61498271104,0.8242229367631297,0.8186558516801854,0.8650168728908887
1779,1539,1414,51874.70704175873,0.8247588424437299,0.8192352259559675,0.8650927487352446
1780,1540,1415,51895.79910080642,0.8252947481243301,0.8198146002317497,0.8651685393258427
1781,1541,1416,51916.89115985411,0.8258306538049304,0.8203939745075318,0.8652442448062886
1782,1542,1417,51937.9832189018,0.8263665594855305,0.8209733487833141,0.8653198653198653
1783,1543,1418,51959.07527794949,0.8269024651661308,0.8215527230590962,0.8653954010095345
1784,1544,1419,51980.167336997176,0.827438370846731,0.8221320973348784,0.8654708520179372
1785,1545,1420,52001.259396044865,0.8279742765273312,0.8227114716106605,0.865546218487395
1786,1546,1421,52022.351455092554,0.8285101822079314,0.8232908458864426,0.8656215005599104
1787,1547,1422,52043.44351414024,0.8290460878885316,0.8238702201622248,0.8656966983771684
1788,1548,1423,52064.53557318793,0.8295819935691319,0.8244495944380069,0.8657718120805369
1789,1549,1424,52085.62763223562,0.830117899249732,0.8250289687137891,0.8658468418110676
1790,1550,1425,52106.71969128331,0.8306538049303323,0.8256083429895713,0.8659217877094972
1791,1551,1426,52127.811750331,0.8311897106109325,0.8261877172653534,0.8659966499162479
1792,1552,1427,52148.90380937869,0.8317256162915327,0.8267670915411356,0.8660714285714286
1793,1553,1428,52169.99586842638,0.8322615219721329,0.8273464658169177,0.8661461238148355
1794,1554,1429,52191.087927474066,0.8327974276527331,0.8279258400926999,0.8662207357859532
1795,1555,1430,52212.179986521754,0.8333333333333334,0.828505214368482,0.8662952646239555
1796,1556,1431,52233.27204556944,0.8338692390139335,0.8290845886442642,0.8663697104677061
1797,1557,1432,52254.36410461713,0.8344051446945338,0.8296639629200464,0.8664440734557596
1798,1558,1433,52275.45616366482,0.834941050375134,0.8302433371958285,0.8665183537263627
1799,1559,1434,52296.54822271251,0.8354769560557342,0.8308227114716107,0.8665925514174542
1800,1560,1435,52317.6402817602,0.8360128617363344,0.8314020857473928,0.8666666666666667
1801,1561,1436,52338.73234080789,0.8365487674169346,0.831981460023175,0.866740699611327
1802,1562,1437,52359.82439985558,0.8370846730975349,0.8325608342989571,0.8668146503884573
1803,1563,1438,52380.916458903266,0.837620578778135,0.8331402085747392,0.8668885191347754
1804,1564,1439,52402.008517950955,0.8381564844587353,0.8337195828505214,0.8669623059866962
1805,1565,1440,52423.100576998644,0.8386923901393355,0.8342989571263036,0.8670360110803325
1806,1566,1441,52444.19263604633,0.8392282958199357,0.8348783314020858,0.867109634551495
1807,1567,1442,52465.28469509402,0.8397642015005359,0.8354577056778679,0.8671831765356945
1808,1568,1443,52486.37675414171,0.8403001071811361,0.8360370799536501,0.8672566371681416
1809,1569,1444,52507.4688131894,0.8408360128617364,0.8366164542294322,0.867330016583748
1810,1570,1445,52528.56087223709,0.8413719185423365,0.8371958285052143,0.8674033149171271
1811,1571,1446,52549.65293128478,0.8419078242229368,0.8377752027809965,0.8674765323025952
1812,1572,1447,52570.74499033247,0.842443729903537,0.8383545770567786,0.8675496688741722
1813,1573,1448,52591.837049380156,0.8429796355841372,0.8389339513325609,0.8676227247655819
1814,1574,1449,52612.929108427845,0.8435155412647374,0.839513325608343,0.8676957001102535
1815,1575,1450,52634.021167475534,0.8440514469453376,0.8400926998841252,0.8677685950413223
1816,1576,1451,52655.11322652322,0.8445873526259379,0.8406720741599073,0.8678414096916299
1817,1577,1452,52676.20528557091,0.845123258306538,0.8412514484356894,0.8679141441937259
1818,1578,1453,52697.2973446186,0.8456591639871383,0.8418308227114716,0.8679867986798679
1819,1579,1454,52718.38940366629,0.8461950696677385,0.8424101969872537,0.8680593732820231
1820,1580,1455,52739.48146271398,0.8467309753483387,0.842989571263036,0.8681318681318682
1821,1581,1456,52760.57352176167,0.8472668810289389,0.8435689455388181,0.8682042833607908
1822,1582,1457,52781.66558080936,0.8478027867095391,0.8441483198146003,0.8682766190998902
1823,1583,1458,52802.757639857045,0.8483386923901394,0.8447276940903824,0.8683488754799781
1824,1584,1459,52823.849698904734,0.8488745980707395,0.8453070683661645,0.868421052631579
1825,1585,1460,52844.94175795242,0.8494105037513398,0.8458864426419467,0.8684931506849315
1826,1586,1461,52866.03381700011,0.84994640943194,0.8464658169177288,0.8685651697699891
1827,1587,1462,52887.1258760478,0.8504823151125402,0.847045191193511,0.8686371100164204
1828,1588,1463,52908.21793509549,0.8510182207931404,0.8476245654692932,0.8687089715536105
1829,1589,1464,52929.30999414318,0.8515541264737406,0.8482039397450754,0.8687807545106616
1830,1590,1465,52950.40205319087,0.8520900321543409,0.8487833140208575,0.8688524590163934
1831,1591,1466,52971.49411223856,0.852625937834941,0.8493626882966396,0.8689240851993446
1832,1592,1467,52992.586171286246,0.8531618435155413,0.8499420625724218,0.868995633187773
1833,1593,1468,53013.678230333935,0.8536977491961415,0.8505214368482039,0.8690671031096563
1834,1594,1469,53034.770289381624,0.8542336548767417,0.8511008111239861,0.8691384950926936
1835,1595,1470,53055.86234842931,0.8547695605573419,0.8516801853997682,0.8692098092643051
1836,1596,1471,53076.954407477,0.8553054662379421,0.8522595596755504,0.869281045751634
1837,1597,1472,53098.04646652469,0.8558413719185424,0.8528389339513326,0.869352204681546
1838,1598,1473,53119.13852557238,0.8563772775991425,0.8534183082271147,0.8694232861806311
1839,1599,1474,53140.23058462007,0.8569131832797428,0.8539976825028969,0.8694942903752039
1840,1599,1474,53140.23058462007,0.8569131832797428,0.8539976825028969,0.8690217391304348
1841,1599,1474,53140.23058462007,0.8569131832797428,0.8539976825028969,0.8685497012493211
1842,1599,1474,53140.23058462007,0.8569131832797428,0.8539976825028969,0.8680781758957655
1843,1599,1474,53140.23058462007,0.8569131832797428,0.8539976825028969,0.8676071622354856
1844,1599,1474,53140.23058462007,0.8569131832797428,0.8539976825028969,0.8671366594360087
1845,1599,1474,53140.23058462007,0.8569131832797428,0.8539976825028969,0.8666666666666667
1846,1599,1474,53140.23058462007,0.8569131832797428,0.8539976825028969,0.8661971830985915
1847,1599,1474,53140.23058462007,0.8569131832797428,0.8539976825028969,0.8657282079047104
1848,1599,1474,53140.23058462007,0.8569131832797428,0.8539976825028969,0.8652597402597403
1849,1599,1474,53140.23058462007,0.8569131832797428,0.8539976825028969,0.8647917793401839
1850,1599,1474,53140.23058462007,0.8569131832797428,0.8539976825028969,0.8643243243243244
1851,1599,1474,53140.23058462007,0.8569131832797428,0.8539976825028969,0.8638573743922204
1852,1599,1474,53140.23058462007,0.8569131832797428,0.8539976825028969,0.8633909287257019
1853,1599,1474,53140.23058462007,0.8569131832797428,0.8539976825028969,0.8629249865083648
1854,1599,1474,53140.23058462007,0.8569131832797428,0.8539976825028969,0.8624595469255664
1855,1599,1474,53140.23058462007,0.8569131832797428,0.8539976825028969,0.8619946091644205
1856,1599,1474,53140.23058462007,0.8569131832797428,0.8539976825028969,0.8615301724137931
1857,1599,1474,53140.23058462007,0.8569131832797428,0.8539976825028969,0.8610662358642972
1858,1599,1474,53140.23058462007,0.8569131832797428,0.8539976825028969,0.8606027987082885
1859,1599,1474,53140.23058462007,0.8569131832797428,0.8539976825028969,0.8601398601398601
1860,1599,1474,53140.23058462007,0.8569131832797428,0.8539976825028969,0.8596774193548387
1861,1599,1474,53140.23058462007,0.8569131832797428,0.8539976825028969,0.8592154755507792
1862,1599,1474,53140.23058462007,0.8569131832797428,0.8539976825028969,0.8587540279269602
1863,1599,1474,53140.23058462007,0.8569131832797428,0.8539976825028969,0.8582930756843801
1864,1599,1474,53140.23058462007,0.8569131832797428,0.8539976825028969,0.8578326180257511
1865,1599,1474,53140.23058462007,0.8569131832797428,0.8539976825028969,0.857372654155496
1866,1599,1474,53140.23058462007,0.8569131832797428,0.8539976825028969,0.8569131832797428
1867,1599,1474,53140.23058462007,0.8569131832797428,0.8539976825028969,0.8564542046063203
1868,1599,1474,53140.23058462007,0.8569131832797428,0.8539976825028969,0.8559957173447538
1869,1599,1474,53140.23058462007,0.8569131832797428,0.8539976825028969,0.85553772070626
1870,1599,1474,53140.23058462007,0.8569131832797428,0.8539976825028969,0.8550802139037433
1871,1599,1474,53140.23058462007,0.8569131832797428,0.8539976825028969,0.8546231961517905
1872,1599,1474,53140.23058462007,0.8569131832797428,0.8539976825028969,0.8541666666666666
1873,1599,1474,53140.23058462007,0.8569131832797428,0.8539976825028969,0.8537106246663108
1874,1599,1474,53140.23058462007,0.8569131832797428,0.8539976825028969,0.8532550693703308
1875,1599,1474,53140.23058462007,0.8569131832797428,0.8539976825028969,0.8528
1876,1599,1474,53140.23058462007,0.8569131832797428,0.8539976825028969,0.8523454157782516
1877,1599,1474,53140.23058462007,0.8569131832797428,0.8539976825028969,0.851891315929675
1878,1599,1474,53140.23058462007,0.8569131832797428,0.8539976825028969,0.8514376996805112
1879,1599,1474,53140.23058462007,0.8569131832797428,0.8539976825028969,0.8509845662586483
1880,1599,1474,53140.23058462007,0.8569131832797428,0.8539976825028969,0.850531914893617
1881,1599,1474,53140.23058462007,0.8569131832797428,0.8539976825028969,0.8500797448165869
1882,1599,1474,53140.23058462007,0.8569131832797428,0.8539976825028969,0.8496280552603613
1883,1599,1474,53140.23058462007,0.8569131832797428,0.8539976825028969,0.8491768454593733
1884,1599,1474,53140.23058462007,0.8569131832797428,0.8539976825028969,0.8487261146496815
1885,1599,1474,53140.23058462007,0.8569131832797428,0.8539976825028969,0.8482758620689655
1886,1599,1474,53140.23058462007,0.8569131832797428,0.8539976825028969,0.8478260869565217
1887,1599,1474,53140.23058462007,0.8569131832797428,0.8539976825028969,0.8473767885532592
1888,1599,1474,53140.23058462007,0.8569131832797428,0.8539976825028969,0.846927966101695
1889,1599,1474,53140.23058462007,0.8569131832797428,0.8539976825028969,0.8464796188459502
1890,1599,1474,53140.23058462007,0.8569131832797428,0.8539976825028969,0.846031746031746
1891,1599,1474,53140.23058462007,0.8569131832797428,0.8539976825028969,0.8455843469063987
1892,1599,1474,53140.23058462007,0.8569131832797428,0.8539976825028969,0.845137420718816
1893,1599,1474,53140.23058462007,0.8569131832797428,0.8539976825028969,0.8446909667194928
1894,1599,1474,53140.23058462007,0.8569131832797428,0.8539976825028969,0.8442449841605069
1895,1599,1474,53140.23058462007,0.8569131832797428,0.8539976825028969,0.8437994722955146
1896,1599,1474,53140.23058462007,0.8569131832797428,0.8539976825028969,0.8433544303797469
1897,1599,1474,53140.23058462007,0.8569131832797428,0.8539976825028969,0.8429098576700053
1898,1599,1474,53140.23058462007,0.8569131832797428,0.8539976825028969,0.8424657534246576
1899,1599,1474,53140.23058462007,0.8569131832797428,0.8539976825028969,0.8420221169036335
1900,1599,1474,53140.23058462007,0.8569131832797428,0.8539976825028969,0.8415789473684211
1901,1599,1474,53140.23058462007,0.8569131832797428,0.8539976825028969,0.8411362440820621
1902,1599,1474,53140.23058462007,0.8569131832797428,0.8539976825028969,0.8406940063091483
1903,1599,1474,53140.23058462007,0.8569131832797428,0.8539976825028969,0.8402522333158171
1904,1599,1474,53140.23058462007,0.8569131832797428,0.8539976825028969,0.8398109243697479
1905,1599,1474,53140.23058462007,0.8569131832797428,0.8539976825028969,0.8393700787401575
1906,1599,1474,53140.23058462007,0.8569131832797428,0.8539976825028969,0.8389296956977964
1907,1599,1474,53140.23058462007,0.8569131832797428,0.8539976825028969,0.8384897745149449
1908,1599,1474,53140.23058462007,0.8569131832797428,0.8539976825028969,0.8380503144654088
1909,1599,1474,53140.23058462007,0.8569131832797428,0.8539976825028969,0.8376113148245155
1910,1599,1474,53140.23058462007,0.8569131832797428,0.8539976825028969,0.8371727748691099
1911,1599,1474,53140.23058462007,0.8569131832797428,0.8539976825028969,0.8367346938775511
1912,1599,1474,53140.23058462007,0.8569131832797428,0.8539976825028969,0.8362970711297071
1913,1599,1474,53140.23058462007,0.8569131832797428,0.8539976825028969,0.8358599059069525
1914,1599,1474,53140.23058462007,0.8569131832797428,0.8539976825028969,0.835423197492163
1915,1599,1474,53140.23058462007,0.8569131832797428,0.8539976825028969,0.8349869451697128
1916,1599,1474,53140.23058462007,0.8569131832797428,0.8539976825028969,0.8345511482254697
1917,1599,1474,53140.23058462007,0.8569131832797428,0.8539976825028969,0.8341158059467919
1918,1599,1474,53140.23058462007,0.8569131832797428,0.8539976825028969,0.8336809176225235
1919,1599,1474,53140.23058462007,0.8569131832797428,0.8539976825028969,0.8332464825429912
1920,1599,1474,53140.23058462007,0.8569131832797428,0.8539976825028969,0.8328125
1921,1599,1474,53140.23058462007,0.8569131832797428,0.8539976825028969,0.8323789692868298
1922,1599,1474,53140.23058462007,0.8569131832797428,0.8539976825028969,0.831945889698231
1923,1599,1474,53140.23058462007,0.8569131832797428,0.8539976825028969,0.8315132605304212
1924,1599,1474,53140.23058462007,0.8569131832797428,0.8539976825028969,0.831081081081081
1925,1599,1474,53140.23058462007,0.8569131832797428,0.8539976825028969,0.8306493506493506
1926,1599,1474,53140.23058462007,0.8569131832797428,0.8539976825028969,0.8302180685358256
1927,1599,1474,53140.23058462007,0.8569131832797428,0.8539976825028969,0.8297872340425532
1928,1599,1474,53140.23058462007,0.8569131832797428,0.8539976825028969,0.8293568464730291
1929,1599,1474,53140.23058462007,0.8569131832797428,0.8539976825028969,0.8289269051321928
1930,1599,1474,53140.23058462007,0.8569131832797428,0.8539976825028969,0.8284974093264249
1931,1599,1474,53140.23058462007,0.8569131832797428,0.8539976825028969,0.8280683583635422
1932,1599,1474,53140.23058462007,0.8569131832797428,0.8539976825028969,0.827639751552795
1933,1599,1474,53140.23058462007,0.8569131832797428,0.8539976825028969,0.827211588204863
1934,1599,1474,53140.23058462007,0.8569131832797428,0.8539976825028969,0.8267838676318511
1935,1599,1474,53140.23058462007,0.8569131832797428,0.8539976825028969,0.8263565891472868
1936,1599,1474,53140.23058462007,0.8569131832797428,0.8539976825028969,0.8259297520661157
1937,1599,1474,53140.23058462007,0.8569131832797428,0.8539976825028969,0.825503355704698
1938,1599,1474,53140.23058462007,0.8569131832797428,0.8539976825028969,0.8250773993808049
1939,1599,1474,53140.23058462007,0.8569131832797428,0.8539976825028969,0.8246518824136153
1940,1599,1474,53140.23058462007,0.8569131832797428,0.8539976825028969,0.8242268041237113
1941,1599,1474,53140.23058462007,0.8569131832797428,0.8539976825028969,0.8238021638330757
1942,1599,1474,53140.23058462007,0.8569131832797428,0.8539976825028969,0.8233779608650875
1943,1599,1474,53140.23058462007,0.8569131832797428,0.8539976825028969,0.8229541945445188
1944,1599,1474,53140.23058462007,0.8569131832797428,0.8539976825028969,0.8225308641975309
1945,1599,1474,53140.23058462007,0.8569131832797428,0.8539976825028969,0.822107969151671
1946,1599,1474,53140.23058462007,0.8569131832797428,0.8539976825028969,0.8216855087358684
1947,1599,1474,53140.23058462007,0.8569131832797428,0.8539976825028969,0.8212634822804314
1948,1599,1474,53140.23058462007,0.8569131832797428,0.8539976825028969,0.8208418891170431
1949,1599,1474,53140.23058462007,0.8569131832797428,0.8539976825028969,0.8204207285787584
1950,1599,1474,53140.23058462007,0.8569131832797428,0.8539976825028969,0.82
1951,1599,1474,53140.23058462007,0.8569131832797428,0.8539976825028969,0.8195797027165556
1952,1599,1474,53140.23058462007,0.8569131832797428,0.8539976825028969,0.8191598360655737
1953,1599,1474,53140.23058462007,0.8569131832797428,0.8539976825028969,0.8187403993855606
1954,1599,1474,53140.23058462007,0.8569131832797428,0.8539976825028969,0.8183213920163767
1955,1599,1474,53140.23058462007,0.8569131832797428,0.8539976825028969,0.8179028132992328
1956,1599,1474,53140.23058462007,0.8569131832797428,0.8539976825028969,0.8174846625766872
1957,1599,1474,53140.23058462007,0.8569131832797428,0.8539976825028969,0.8170669391926418
1958,1599,1474,53140.23058462007,0.8569131832797428,0.8539976825028969,0.8166496424923391
1959,1599,1474,53140.23058462007,0.8569131832797428,0.8539976825028969,0.8162327718223583
1960,1599,1474,53140.23058462007,0.8569131832797428,0.8539976825028969,0.8158163265306122
1961,1599,1474,53140.23058462007,0.8569131832797428,0.8539976825028969,0.8154003059663437
1962,1599,1474,53140.23058462007,0.8569131832797428,0.8539976825028969,0.8149847094801224
1963,1599,1474,53140.23058462007,0.8569131832797428,0.8539976825028969,0.8145695364238411
1964,1599,1474,53140.23058462007,0.8569131832797428,0.8539976825028969,0.8141547861507128
1965,1599,1474,53140.23058462007,0.8569131832797428,0.8539976825028969,0.8137404580152672
1966,1599,1474,53140.23058462007,0.8569131832797428,0.8539976825028969,0.8133265513733469
1967,1599,1474,53140.23058462007,0.8569131832797428,0.8539976825028969,0.8129130655821047
1968,1599,1474,53140.23058462007,0.8569131832797428,0.8539976825028969,0.8125
1969,1599,1474,53140.23058462007,0.8569131832797428,0.8539976825028969,0.8120873539867953
1970,1599,1474,53140.23058462007,0.8569131832797428,0.8539976825028969,0.8116751269035533
1971,1599,1474,53140.23058462007,0.8569131832797428,0.8539976825028969,0.8112633181126332
1972,1599,1474,53140.23058462007,0.8569131832797428,0.8539976825028969,0.8108519269776876
1973,1599,1474,53140.23058462007,0.8569131832797428,0.8539976825028969,0.8104409528636594
1974,1599,1474,53140.23058462007,0.8569131832797428,0.8539976825028969,0.8100303951367781
1975,1599,1474,53140.23058462007,0.8569131832797428,0.8539976825028969,0.809620253164557
1976,1599,1474,53140.23058462007,0.8569131832797428,0.8539976825028969,0.8092105263157895
1977,1599,1474,53140.23058462007,0.8569131832797428,0.8539976825028969,0.8088012139605463
1978,1599,1474,53140.23058462007,0.8569131832797428,0.8539976825028969,0.8083923154701719
1979,1599,1474,53140.23058462007,0.8569131832797428,0.8539976825028969,0.8079838302172815
1980,1599,1474,53140.23058462007,0.8569131832797428,0.8539976825028969,0.8075757575757576
1981,1599,1474,53140.23058462007,0.8569131832797428,0.8539976825028969,0.8071680969207471
1982,1599,1474,53140.23058462007,0.8569131832797428,0.8539976825028969,0.806760847628658
1983,1599,1474,53140.23058462007,0.8569131832797428,0.8539976825028969,0.8063540090771558
1984,1599,1474,53140.23058462007,0.8569131832797428,0.8539976825028969,0.8059475806451613
1985,1599,1474,53140.23058462007,0.8569131832797428,0.8539976825028969,0.8055415617128463
1986,1599,1474,53140.23058462007,0.8569131832797428,0.8539976825028969,0.8051359516616314
1987,1599,1474,53140.23058462007,0.8569131832797428,0.8539976825028969,0.8047307498741821
1988,1599,1474,53140.23058462007,0.8569131832797428,0.8539976825028969,0.8043259557344065
1989,1599,1474,53140.23058462007,0.8569131832797428,0.8539976825028969,0.803921568627451
1990,1599,1474,53140.23058462007,0.8569131832797428,0.8539976825028969,0.8035175879396985
1991,1599,1474,53140.23058462007,0.8569131832797428,0.8539976825028969,0.8031140130587644
1992,1599,1474,53140.23058462007,0.8569131832797428,0.8539976825028969,0.802710843373494
1993,1599,1474,53140.23058462007,0.8569131832797428,0.8539976825028969,0.8023080782739589
1994,1599,1474,53140.23058462007,0.8569131832797428,0.8539976825028969,0.8019057171514543
1995,1599,1474,53140.23058462007,0.8569131832797428,0.8539976825028969,0.8015037593984963
1996,1599,1474,53140.23058462007,0.8569131832797428,0.8539976825028969,0.8011022044088176
1997,1599,1474,53140.23058462007,0.8569131832797428,0.8539976825028969,0.800701051577366
1998,1599,1474,53140.23058462007,0.8569131832797428,0.8539976825028969,0.8003003003003003
1999,1600,1475,53156.91680819317,0.857449088960343,0.854577056778679,0.80040020010005
2000,1600,1475,53156.91680819317,0.857449088960343,0.854577056778679,0.8
2001,1601,1476,53166.903565292705,0.8579849946409432,0.8551564310544612,0.8000999500249875
2002,1602,1477,53179.68352595202,0.8585209003215434,0.8557358053302433,0.8001998001998002
2003,1602,1477,53179.68352595202,0.8585209003215434,0.8557358053302433,0.799800299550674
2004,1602,1477,53179.68352595202,0.8585209003215434,0.8557358053302433,0.7994011976047904
2005,1602,1477,53179.68352595202,0.8585209003215434,0.8557358053302433,0.7990024937655861
2006,1602,1477,53179.68352595202,0.8585209003215434,0.8557358053302433,0.7986041874376869
2007,1602,1477,53179.68352595202,0.8585209003215434,0.8557358053302433,0.7982062780269058
2008,1602,1477,53179.68352595202,0.8585209003215434,0.8557358053302433,0.797808764940239
2009,1603,1478,53189.67028305156,0.8590568060021436,0.8563151796060255,0.7979094076655052
2010,1603,1478,53189.67028305156,0.8590568060021436,0.8563151796060255,0.7975124378109453
2011,1603,1478,53189.67028305156,0.8590568060021436,0.8563151796060255,0.7971158627548484
2012,1603,1478,53189.67028305156,0.8590568060021436,0.8563151796060255,0.7967196819085487
2013,1603,1478,53189.67028305156,0.8590568060021436,0.8563151796060255,0.7963238946845504
2014,1603,1478,53189.67028305156,0.8590568060021436,0.8563151796060255,0.7959285004965243
2015,1604,1479,53202.450243710875,0.8595927116827439,0.8568945538818077,0.796029776674938
2016,1604,1479,53202.450243710875,0.8595927116827439,0.8568945538818077,0.7956349206349206
2017,1604,1479,53202.450243710875,0.8595927116827439,0.8568945538818077,0.7952404561229549
2018,1604,1479,53202.450243710875,0.8595927116827439,0.8568945538818077,0.7948463825569871
2019,1604,1479,53202.450243710875,0.8595927116827439,0.8568945538818077,0.7944526993561168
2020,1604,1479,53202.450243710875,0.8595927116827439,0.8568945538818077,0.7940594059405941
2021,1604,1479,53202.450243710875,0.8595927116827439,0.8568945538818077,0.793666501731816
2022,1604,1479,53202.450243710875,0.8595927116827439,0.8568945538818077,0.7932739861523245
2023,1604,1479,53202.450243710875,0.8595927116827439,0.8568945538818077,0.7928818586258033
2024,1604,1479,53202.450243710875,0.8595927116827439,0.8568945538818077,0.7924901185770751
2025,1604,1479,53202.450243710875,0.8595927116827439,0.8568945538818077,0.7920987654320988
2026,1604,1479,53202.450243710875,0.8595927116827439,0.8568945538818077,0.7917077986179665
2027,1604,1479,53202.450243710875,0.8595927116827439,0.8568945538818077,0.7913172175629009
2028,1604,1479,53202.450243710875,0.8595927116827439,0.8568945538818077,0.7909270216962525
2029,1605,1480,53219.51622783189,0.860128617363344,0.8574739281575898,0.7910300640709709
2030,1605,1480,53219.51622783189,0.860128617363344,0.8574739281575898,0.7906403940886699
2031,1605,1480,53219.51622783189,0.860128617363344,0.8574739281575898,0.7902511078286558
2032,1606,1481,53297.54097412092,0.8606645230439443,0.858053302433372,0.7903543307086615
2033,1606,1481,53297.54097412092,0.8606645230439443,0.858053302433372,0.7899655681259223
2034,1606,1481,53297.54097412092,0.8606645230439443,0.858053302433372,0.7895771878072763
2035,1606,1481,53297.54097412092,0.8606645230439443,0.858053302433372,0.7891891891891892
2036,1606,1481,53297.54097412092,0.8606645230439443,0.858053302433372,0.7888015717092338
2037,1606,1481,53297.54097412092,0.8606645230439443,0.858053302433372,0.7884143348060874
2038,1607,1482,53322.676841390225,0.8612004287245445,0.8586326767091541,0.7885181550539745
2039,1608,1483,53347.81270865953,0.8617363344051447,0.8592120509849362,0.788621873467386
2040,1608,1483,53347.81270865953,0.8617363344051447,0.8592120509849362,0.788235294117647
2041,1608,1483,53347.81270865953,0.8617363344051447,0.8592120509849362,0.7878490935815776
2042,1608,1483,53347.81270865953,0.8617363344051447,0.8592120509849362,0.7874632713026445
2043,1608,1483,53347.81270865953,0.8617363344051447,0.8592120509849362,0.7870778267254038
2044,1608,1483,53347.81270865953,0.8617363344051447,0.8592120509849362,0.786692759295499
2045,1609,1484,53364.49893223263,0.8622722400857449,0.8597914252607184,0.7867970660146699
2046,1609,1484,53364.49893223263,0.8622722400857449,0.8597914252607184,0.7864125122189638
2047,1609,1484,53364.49893223263,0.8622722400857449,0.8597914252607184,0.7860283341475329
2048,1609,1484,53364.49893223263,0.8622722400857449,0.8597914252607184,0.78564453125
2049,1609,1484,53364.49893223263,0.8622722400857449,0.8597914252607184,0.785261102977062
2050,1609,1484,53364.49893223263,0.8622722400857449,0.8597914252607184,0.7848780487804878
2051,1609,1484,53364.49893223263,0.8622722400857449,0.8597914252607184,0.7844953681131156
2052,1610,1485,53381.73696974716,0.8628081457663451,0.8603707995365005,0.7846003898635477
2053,1610,1485,53381.73696974716,0.8628081457663451,0.8603707995365005,0.784218217243059
2054,1611,1485,53396.22881934546,0.8633440514469454,0.8603707995365005,0.7843232716650438
2055,1611,1485,53396.22881934546,0.8633440514469454,0.8603707995365005,0.7839416058394161
2056,1611,1485,53396.22881934546,0.8633440514469454,0.8603707995365005,0.7835603112840467
2057,1611,1485,53396.22881934546,0.8633440514469454,0.8603707995365005,0.7831793874574623
2058,1611,1485,53396.22881934546,0.8633440514469454,0.8603707995365005,0.782798833819242
2059,1611,1485,53396.22881934546,0.8633440514469454,0.8603707995365005,0.7824186498300145
2060,1611,1485,53396.22881934546,0.8633440514469454,0.8603707995365005,0.7820388349514563
2061,1611,1485,53396.22881934546,0.8633440514469454,0.8603707995365005,0.7816593886462883
2062,1612,1486,53414.82827482561,0.8638799571275455,0.8609501738122828,0.7817652764306499
2063,1612,1486,53414.82827482561,0.8638799571275455,0.8609501738122828,0.7813863305865245
2064,1612,1486,53414.82827482561,0.8638799571275455,0.8609501738122828,0.7810077519379846
2065,1612,1486,53414.82827482561,0.8638799571275455,0.8609501738122828,0.7806295399515738
2066,1612,1486,53414.82827482561,0.8638799571275455,0.8609501738122828,0.7802516940948693
2067,1612,1486,53414.82827482561,0.8638799571275455,0.8609501738122828,0.779874213836478
2068,1612,1486,53414.82827482561,0.8638799571275455,0.8609501738122828,0.7794970986460348
2069,1612,1486,53414.82827482561,0.8638799571275455,0.8609501738122828,0.7791203479942
2070,1612,1486,53414.82827482561,0.8638799571275455,0.8609501738122828,0.778743961352657
2071,1612,1486,53414.82827482561,0.8638799571275455,0.8609501738122828,0.7783679381941091
2072,1612,1486,53414.82827482561,0.8638799571275455,0.8609501738122828,0.777992277992278
2073,1612,1486,53414.82827482561,0.8638799571275455,0.8609501738122828,0.7776169802219006
2074,1612,1486,53414.82827482561,0.8638799571275455,0.8609501738122828,0.7772420443587271
2075,1612,1486,53414.82827482561,0.8638799571275455,0.8609501738122828,0.776867469879518
2076,1612,1486,53414.82827482561,0.8638799571275455,0.8609501738122828,0.7764932562620424
2077,1612,1486,53414.82827482561,0.8638799571275455,0.8609501738122828,0.7761194029850746
2078,1612,1486,53414.82827482561,0.8638799571275455,0.8609501738122828,0.7757459095283927
2079,1612,1486,53414.82827482561,0.8638799571275455,0.8609501738122828,0.7753727753727754
2080,1612,1486,53414.82827482561,0.8638799571275455,0.8609501738122828,0.775
2081,1612,1486,53414.82827482561,0.8638799571275455,0.8609501738122828,0.77462758289284
2082,1612,1486,53414.82827482561,0.8638799571275455,0.8609501738122828,0.7742555235350624
2083,1612,1486,53414.82827482561,0.8638799571275455,0.8609501738122828,0.7738838214114259
2084,1612,1486,53414.82827482561,0.8638799571275455,0.8609501738122828,0.7735124760076776
2085,1612,1486,53414.82827482561,0.8638799571275455,0.8609501738122828,0.7731414868105515
2086,1612,1486,53414.82827482561,0.8638799571275455,0.8609501738122828,0.7727708533077661
2087,1612,1486,53414.82827482561,0.8638799571275455,0.8609501738122828,0.7724005749880211
2088,1612,1486,53414.82827482561,0.8638799571275455,0.8609501738122828,0.7720306513409961
2089,1612,1486,53414.82827482561,0.8638799571275455,0.8609501738122828,0.771661081857348
2090,1612,1486,53414.82827482561,0.8638799571275455,0.8609501738122828,0.7712918660287081
2091,1612,1486,53414.82827482561,0.8638799571275455,0.8609501738122828,0.7709230033476805
2092,1612,1486,53414.82827482561,0.8638799571275455,0.8609501738122828,0.7705544933078394
2093,1612,1486,53414.82827482561,0.8638799571275455,0.8609501738122828,0.7701863354037267
2094,1612,1486,53414.82827482561,0.8638799571275455,0.8609501738122828,0.76981852913085
2095,1612,1486,53414.82827482561,0.8638799571275455,0.8609501738122828,0.7694510739856802
2096,1612,1486,53414.82827482561,0.8638799571275455,0.8609501738122828,0.7690839694656488
2097,1612,1486,53414.82827482561,0.8638799571275455,0.8609501738122828,0.7687172150691464
2098,1613,1487,53443.70991598165,0.8644158628081458,0.8615295480880649,0.7688274547187798
2099,1613,1487,53443.70991598165,0.8644158628081458,0.8615295480880649,0.7684611719866603
2100,1613,1487,53443.70991598165,0.8644158628081458,0.8615295480880649,0.768095238095238
