scenario_id,seed,path,first_line,second_line,converged,critical,total_load_shed_mw,island_load_shed_mw,redispatch_load_shed_mw,final_max_loading_ratio,final_outage_labels,num_final_outages,max_event_loading_ratio,max_pre_redispatch_loading_ratio,num_relay_trips,relay_trip_labels,num_passive_outages,has_overload_cascade,critical_mechanism,error
1,20260708,L076->L173,L076,L173,True,False,0.0,0.0,0.0,1.000000000000023,"L076,L173",2,1.000000000000011,1.000000000000011,0,,0,False,non_critical,
1,20260708,L095->L056,L095,L056,True,False,0.0,0.0,0.0,1.000000000000023,"L056,L095",2,1.0782266174720336,1.0782266174720336,0,,0,False,non_critical,
1,20260708,L011->L088,L011,L088,True,False,0.0,0.0,0.0,1.0000000000000049,"L011,L018,L088",3,1.0828629004487749,1.0828629004487749,0,,1,False,non_critical,
1,20260708,L121->L183,L121,L183,True,True,81.35922639729833,81.35922639729833,0.0,1.000000000000001,"L018,L030,L045,L046,L060,L065,L102,L104,L109,L111,L113,L115,L121,L128,L134,L140,L153,L154,L155,L156,L158,L160,L169,L178,L179,L182,L183",27,36.2888360013123,36.2888360013123,24,"L018,L030,L045,L046,L060,L065,L102,L104,L109,L111,L113,L115,L134,L140,L153,L154,L155,L156,L158,L160,L169,L178,L179,L182",25,True,relay_cascade,
1,20260708,L010->L119,L010,L119,True,False,0.0,0.0,0.0,1.000000000000002,"L010,L018,L019,L044,L045,L046,L060,L102,L104,L109,L110,L111,L113,L114,L115,L119,L120,L126,L127,L128,L134,L140,L150,L153,L154,L155,L156,L158,L160,L169,L178,L179,L182,L186",34,38.07079290957117,38.07079290957117,31,"L019,L044,L045,L046,L060,L102,L104,L109,L110,L111,L113,L114,L115,L120,L126,L127,L128,L134,L140,L150,L153,L154,L155,L156,L158,L160,L169,L178,L179,L182,L186",32,True,non_critical,
1,20260708,L047->L163,L047,L163,True,False,0.0,0.0,0.0,1.0000000000000002,"L018,L044,L045,L046,L047,L056,L057,L060,L065,L077,L078,L082,L095,L102,L104,L109,L110,L111,L113,L115,L128,L134,L140,L150,L153,L154,L155,L156,L158,L160,L163,L169,L178,L179,L182",35,1.0909231047626002,1.0909231047626002,0,,33,False,non_critical,
1,20260708,L155->L071,L155,L071,True,True,70.56694602954056,70.56694602954056,0.0,1.0000000000000175,"L018,L044,L045,L046,L060,L065,L071,L073,L074,L078,L082,L102,L104,L109,L110,L111,L113,L115,L128,L134,L140,L153,L154,L155,L156,L158,L160,L169,L178,L179,L182",31,11.240569930139278,11.240569930139278,29,"L018,L044,L045,L046,L060,L065,L073,L074,L078,L082,L102,L104,L109,L110,L111,L113,L115,L128,L134,L140,L153,L154,L156,L158,L160,L169,L178,L179,L182",29,True,relay_cascade,
1,20260708,L142->L157,L142,L157,True,False,0.0,0.0,0.0,1.0000000000000113,"L128,L142,L157",3,1.0262994238733685,1.0262994238733685,0,,1,False,non_critical,
1,20260708,L018->L008,L018,L008,True,True,40.354199858188814,40.354199858188814,0.0,1.000000000000001,"L008,L017,L018,L019,L020,L022,L037,L044,L045,L046,L060,L102,L109,L110,L111,L113,L115,L128,L134,L140,L150,L153,L154,L155,L156,L157,L158,L160,L169,L178,L179,L182",32,39.52800828397469,39.52800828397469,30,"L017,L019,L020,L022,L037,L044,L045,L046,L060,L102,L109,L110,L111,L113,L115,L128,L134,L140,L150,L153,L154,L155,L156,L157,L158,L160,L169,L178,L179,L182",30,True,relay_cascade,
1,20260708,L001->L072,L001,L072,True,True,3.2519812514692075,0.0,3.2519812514692075,1.000000000000023,"L001,L072",2,1.082046527824238,1.082046527824238,0,,0,False,island_only,
1,20260708,L170->L019,L170,L019,True,False,0.0,0.0,0.0,1.0000000000000009,"L018,L019,L169,L170",4,1.453655058588313,1.453655058588313,1,L018,2,True,non_critical,
1,20260708,L021->L121,L021,L121,True,False,0.0,0.0,0.0,1.0,"L018,L019,L021,L024,L025,L026,L030,L044,L045,L046,L048,L056,L057,L060,L065,L077,L078,L082,L095,L102,L104,L109,L110,L111,L112,L113,L115,L121,L128,L134,L140,L150,L153,L154,L155,L156,L158,L160,L169,L178,L179,L182",42,1.1099668235148452,1.1099668235148452,0,,40,False,non_critical,
1,20260708,L041->L063,L041,L063,True,False,0.0,0.0,0.0,1.0000000000000002,"L018,L041,L044,L045,L046,L060,L063,L065,L102,L104,L109,L110,L111,L113,L115,L128,L134,L140,L150,L153,L154,L155,L156,L158,L160,L169,L178,L179,L182",29,1.1338117404908306,1.1338117404908306,0,,27,False,non_critical,
1,20260708,L169->L089,L169,L089,True,False,0.0,0.0,0.0,1.0000000000000382,"L089,L169",2,1.0926629231057186,1.0926629231057186,0,,0,False,non_critical,
1,20260708,L116->L073,L116,L073,True,False,0.0,0.0,0.0,1.0000000000000004,"L018,L044,L045,L046,L060,L073,L102,L109,L110,L111,L113,L114,L115,L116,L120,L128,L134,L140,L149,L150,L153,L154,L155,L156,L158,L159,L160,L169,L178,L179,L182,L186",32,0.991148694135711,0.991148694135711,0,,30,False,non_critical,
1,20260708,L138->L002,L138,L002,True,False,0.0,0.0,0.0,1.000000000000001,"L001,L002,L018,L044,L045,L046,L060,L065,L102,L104,L109,L110,L111,L113,L115,L128,L134,L138,L140,L150,L153,L154,L155,L156,L158,L160,L169,L178,L179,L182",30,39.04040189140005,39.04040189140005,27,"L001,L018,L044,L045,L046,L060,L065,L102,L104,L109,L110,L111,L113,L115,L128,L134,L150,L153,L154,L155,L156,L158,L160,L169,L178,L179,L182",28,True,non_critical,
1,20260708,L039->L165,L039,L165,True,False,0.0,0.0,0.0,1.0000000000000058,"L039,L165,L178",3,1.0975096244014153,1.0975096244014153,0,,1,False,non_critical,
1,20260708,L020->L090,L020,L090,True,False,0.0,0.0,0.0,1.0000000000000018,"L018,L019,L020,L044,L045,L046,L054,L060,L082,L089,L090,L091,L092,L095,L102,L109,L110,L111,L113,L115,L128,L134,L140,L150,L153,L154,L155,L156,L157,L158,L160,L169,L178,L179,L182",35,41.360245844491025,41.360245844491025,33,"L018,L019,L044,L045,L046,L054,L060,L082,L089,L091,L092,L095,L102,L109,L110,L111,L113,L115,L128,L134,L140,L150,L153,L154,L155,L156,L157,L158,L160,L169,L178,L179,L182",33,True,non_critical,
1,20260708,L097->L010,L097,L010,True,False,0.0,0.0,0.0,1.0000000000000004,"L010,L018,L019,L030,L045,L046,L056,L057,L060,L062,L063,L064,L065,L077,L078,L082,L091,L097,L102,L104,L105,L106,L109,L110,L111,L112,L113,L115,L128,L134,L140,L149,L150,L153,L154,L155,L156,L158,L159,L160,L169,L178,L179,L182",44,0.9610740669093655,0.9610740669093655,0,,42,False,non_critical,
1,20260708,L136->L031,L136,L031,True,False,0.0,0.0,0.0,1.0000000000000004,"L018,L030,L031,L043,L044,L045,L046,L060,L065,L102,L104,L109,L110,L111,L113,L115,L128,L134,L136,L140,L150,L153,L154,L155,L156,L157,L158,L159,L160,L169,L178,L179,L182",33,20.025290893867087,20.025290893867087,29,"L018,L030,L043,L044,L045,L046,L060,L065,L102,L104,L109,L110,L111,L113,L115,L134,L140,L150,L153,L154,L156,L157,L158,L159,L160,L169,L178,L179,L182",31,True,non_critical,
1,20260708,L117->L182,L117,L182,True,False,0.0,0.0,0.0,1.0000000000000007,"L018,L044,L045,L046,L060,L102,L109,L111,L113,L114,L115,L117,L128,L134,L140,L150,L153,L154,L155,L156,L158,L160,L169,L178,L179,L182",26,1.183137610005636,1.183137610005636,0,,24,False,non_critical,
1,20260708,L168->L026,L168,L026,True,False,0.0,0.0,0.0,1.0000000000000022,"L026,L168",2,1.122718686847168,1.122718686847168,0,,0,False,non_critical,
1,20260708,L008->L176,L008,L176,True,False,0.0,0.0,0.0,1.000000000000001,"L008,L014,L015,L017,L018,L019,L020,L022,L037,L044,L045,L046,L060,L102,L109,L110,L111,L113,L115,L128,L134,L140,L150,L153,L154,L155,L156,L157,L158,L160,L169,L176,L178,L179,L182",35,1.0635399271799066,1.0635399271799066,0,,33,False,non_critical,
1,20260708,L054->L071,L054,L071,True,True,70.56694602954056,70.56694602954056,0.0,1.0000000000000004,"L018,L019,L030,L044,L045,L046,L054,L060,L065,L071,L073,L074,L082,L102,L104,L109,L110,L111,L113,L115,L128,L134,L140,L150,L153,L154,L155,L156,L157,L158,L159,L160,L169,L178,L179,L182",36,1.8909160543529844,1.8909160543529844,3,"L073,L074,L082",34,True,relay_cascade,
1,20260708,L129->L165,L129,L165,True,False,0.0,0.0,0.0,1.0000000000000002,"L018,L044,L045,L046,L060,L102,L109,L110,L111,L113,L115,L128,L129,L134,L140,L149,L150,L153,L155,L156,L157,L158,L159,L160,L165,L169,L178,L179,L182",29,1.0896141975395184,1.0896141975395184,0,,27,False,non_critical,
1,20260708,L173->L167,L173,L167,True,False,0.0,0.0,0.0,1.0000000000000069,"L167,L169,L173",3,2.3619256055208018,2.3619256055208018,1,L169,1,True,non_critical,
1,20260708,L103->L015,L103,L015,True,False,0.0,0.0,0.0,1.000000000000004,"L015,L018,L102,L103",4,1.417412921050257,1.417412921050257,1,L018,2,True,non_critical,
1,20260708,L117->L145,L117,L145,True,False,0.0,0.0,0.0,1.0000000000000002,"L018,L044,L045,L046,L060,L102,L109,L111,L113,L114,L115,L117,L128,L134,L140,L145,L150,L153,L154,L155,L156,L158,L160,L169,L178,L179,L182",27,1.1831376100056368,1.1831376100056368,0,,25,False,non_critical,
1,20260708,L155->L148,L155,L148,True,False,0.0,0.0,0.0,1.0000000000000069,"L128,L148,L155",3,2.1006573795489207,2.1006573795489207,1,L128,1,True,non_critical,
1,20260708,L096->L022,L096,L022,True,True,3.373982453970862,0.0,3.373982453970862,1.000000000000005,"L018,L019,L022,L030,L044,L045,L046,L056,L057,L060,L065,L096,L102,L104,L109,L111,L112,L113,L115,L128,L134,L140,L150,L153,L154,L155,L156,L157,L158,L160,L169,L178,L179,L182",34,1.7211765187394086,1.7211765187394086,1,L019,32,True,relay_cascade,
1,20260708,L090->L025,L090,L025,True,False,0.0,0.0,0.0,1.000000000000008,"L025,L090,L091",3,1.0956284289888651,1.0956284289888651,0,,1,False,non_critical,
1,20260708,L165->L152,L165,L152,True,True,31.05817161312981,31.05817161312981,0.0,1.0000000000000004,"L018,L044,L045,L046,L060,L102,L109,L110,L111,L113,L115,L128,L134,L140,L150,L152,L153,L154,L155,L156,L158,L160,L165,L169,L178,L179,L182",27,10.919551985460412,10.919551985460412,25,"L018,L044,L045,L046,L060,L102,L109,L110,L111,L113,L115,L128,L134,L140,L150,L153,L154,L155,L156,L158,L160,L169,L178,L179,L182",25,True,relay_cascade,
1,20260708,L009->L041,L009,L041,True,False,0.0,0.0,0.0,1.0000000000000004,"L009,L018,L019,L030,L041,L045,L046,L060,L065,L102,L104,L109,L111,L112,L113,L115,L128,L134,L140,L150,L153,L154,L155,L156,L157,L158,L159,L160,L169,L178,L179,L182",32,0.9689427130813034,0.9689427130813034,0,,30,False,non_critical,
1,20260708,L090->L181,L090,L181,True,True,28.04448492287076,28.04448492287076,0.0,1.0000000000000009,"L018,L030,L044,L045,L046,L060,L065,L090,L091,L102,L104,L109,L110,L111,L113,L115,L128,L134,L140,L150,L153,L154,L155,L156,L158,L160,L169,L178,L179,L180,L181,L182",32,38.43792678404472,38.43792678404472,29,"L018,L030,L044,L045,L046,L060,L065,L102,L104,L109,L110,L111,L113,L115,L128,L134,L140,L150,L153,L154,L155,L156,L158,L160,L169,L178,L179,L180,L182",30,True,relay_cascade,
1,20260708,L158->L021,L158,L021,True,True,22.50545676159403,22.50545676159403,0.0,1.0000000000000002,"L018,L019,L021,L024,L026,L044,L045,L046,L048,L060,L065,L102,L104,L109,L110,L111,L113,L115,L128,L134,L140,L149,L150,L153,L154,L155,L156,L158,L160,L169,L178,L179,L182",33,11.563638621208186,11.563638621208186,29,"L018,L019,L024,L026,L044,L045,L046,L048,L060,L065,L102,L104,L109,L110,L111,L113,L115,L134,L140,L149,L150,L153,L154,L156,L160,L169,L178,L179,L182",31,True,relay_cascade,
1,20260708,L108->L086,L108,L086,True,False,0.0,0.0,0.0,1.0000000000000115,"L018,L044,L045,L046,L060,L065,L086,L102,L104,L108,L109,L111,L113,L114,L115,L128,L134,L140,L150,L153,L154,L155,L156,L158,L160,L169,L178,L179,L182",29,1.1233181276970057,1.1233181276970057,0,,27,False,non_critical,
1,20260708,L123->L029,L123,L029,True,True,42.3080770354206,42.3080770354206,0.0,1.000000000000001,"L018,L025,L029,L030,L039,L044,L045,L046,L060,L065,L102,L104,L109,L110,L111,L113,L115,L123,L128,L134,L140,L153,L154,L155,L156,L158,L160,L169,L178,L179,L182",31,13.225402110811855,13.225402110811855,27,"L018,L025,L030,L039,L044,L045,L046,L060,L065,L102,L104,L109,L110,L111,L113,L115,L134,L140,L153,L154,L156,L158,L160,L169,L178,L179,L182",29,True,relay_cascade,
1,20260708,L147->L183,L147,L183,True,True,81.35922639729833,81.35922639729833,0.0,1.0000000000000062,"L018,L044,L045,L046,L060,L102,L109,L110,L111,L113,L115,L128,L129,L134,L140,L147,L148,L149,L150,L153,L154,L155,L156,L157,L158,L160,L169,L178,L179,L182,L183",31,1.0680301245470554,1.0680301245470554,0,,29,False,island_only,
1,20260708,L002->L120,L002,L120,True,False,0.0,0.0,0.0,1.0000000000000122,"L001,L002,L018,L044,L045,L046,L060,L065,L102,L104,L109,L110,L111,L113,L115,L120,L128,L134,L140,L150,L153,L154,L155,L156,L158,L160,L169,L178,L179,L182",30,1.1352229154055902,1.1352229154055902,0,,28,False,non_critical,
1,20260708,L004->L084,L004,L084,True,True,12.982362609762252,12.982362609762252,0.0,1.0000000000000018,"L001,L004,L014,L018,L030,L044,L045,L046,L056,L057,L060,L065,L077,L078,L080,L081,L082,L084,L091,L092,L095,L102,L104,L109,L110,L111,L113,L115,L128,L134,L140,L150,L153,L154,L155,L156,L158,L160,L169,L178,L179,L182",42,3.03157557445311,3.03157557445311,10,"L056,L057,L077,L078,L080,L081,L082,L091,L092,L095",40,True,relay_cascade,
1,20260708,L017->L171,L017,L171,True,False,0.0,0.0,0.0,1.0000000000000122,"L017,L018,L019,L044,L045,L046,L060,L065,L102,L104,L109,L110,L111,L113,L115,L128,L134,L140,L150,L153,L154,L155,L156,L158,L160,L169,L171,L178,L179,L182",30,1.1711843589001911,1.1711843589001911,0,,28,False,non_critical,
1,20260708,L045->L171,L045,L171,True,False,0.0,0.0,0.0,1.0000000000000049,"L045,L171",2,1.0000000000000124,1.0000000000000124,0,,0,False,non_critical,
1,20260708,L056->L095,L056,L095,True,False,0.0,0.0,0.0,1.0,"L018,L044,L045,L046,L056,L057,L060,L065,L077,L078,L082,L095,L102,L104,L109,L110,L111,L113,L115,L128,L134,L140,L150,L153,L154,L155,L156,L158,L160,L169,L178,L179,L182",33,38.53959648464427,38.53959648464427,31,"L018,L044,L045,L046,L057,L060,L065,L077,L078,L082,L102,L104,L109,L110,L111,L113,L115,L128,L134,L140,L150,L153,L154,L155,L156,L158,L160,L169,L178,L179,L182",31,True,non_critical,
1,20260708,L023->L168,L023,L168,True,False,0.0,0.0,0.0,1.0000000000000002,"L018,L019,L023,L025,L026,L027,L044,L045,L046,L054,L060,L102,L104,L109,L110,L111,L113,L115,L128,L134,L140,L150,L153,L154,L155,L156,L158,L160,L168,L169,L178,L179,L182",33,0.9722669964170749,0.9722669964170749,0,,31,False,non_critical,
1,20260708,L150->L040,L150,L040,True,False,0.0,0.0,0.0,1.0000000000000062,"L040,L150,L155,L156,L182",5,3.398160019788321,3.398160019788321,1,L182,3,True,non_critical,
1,20260708,L122->L180,L122,L180,True,True,7.272188818003705,7.272188818003705,0.0,1.0,"L018,L044,L045,L046,L060,L065,L102,L104,L109,L110,L111,L113,L115,L122,L128,L134,L140,L150,L153,L154,L155,L156,L158,L160,L169,L178,L179,L180,L182",29,37.97851493879147,37.97851493879147,26,"L018,L044,L045,L046,L060,L065,L102,L104,L109,L110,L111,L113,L115,L134,L140,L150,L153,L154,L155,L156,L158,L160,L169,L178,L179,L182",27,True,relay_cascade,
1,20260708,L137->L109,L137,L109,True,False,0.0,0.0,0.0,1.0000000000000098,"L109,L111,L115,L128,L137,L149,L155,L156,L178",9,1.9797362605469213,1.9797362605469213,3,"L111,L115,L178",7,True,non_critical,
1,20260708,L035->L078,L035,L078,True,False,0.0,0.0,0.0,1.0000000000000226,"L035,L078,L182",3,1.011011613265435,1.011011613265435,0,,1,False,non_critical,
1,20260708,L059->L127,L059,L127,True,False,0.0,0.0,0.0,1.0000000000000013,"L018,L044,L045,L046,L059,L060,L065,L102,L104,L109,L110,L111,L113,L115,L127,L128,L134,L140,L150,L153,L154,L155,L156,L158,L160,L169,L178,L179,L182",29,1.1057418418607323,1.1057418418607323,0,,27,False,non_critical,
1,20260708,L136->L057,L136,L057,True,False,0.0,0.0,0.0,1.000000000000023,"L057,L128,L136,L155",4,1.0403198905351838,1.0403198905351838,0,,2,False,non_critical,
1,20260708,L100->L064,L100,L064,True,False,0.0,0.0,0.0,1.0000000000000009,"L064,L065,L100,L102",4,1.408400788537356,1.408400788537356,1,L065,2,True,non_critical,
1,20260708,L155->L173,L155,L173,True,False,0.0,0.0,0.0,1.0000000000000049,"L155,L173",2,1.00000000000004,1.00000000000004,0,,0,False,non_critical,
1,20260708,L150->L036,L150,L036,True,True,76.98818603996793,76.98818603996793,0.0,1.0000000000000009,"L015,L018,L019,L020,L025,L026,L027,L030,L036,L039,L045,L046,L048,L054,L060,L102,L104,L109,L110,L111,L113,L115,L128,L129,L134,L140,L149,L150,L153,L155,L156,L157,L158,L159,L160,L169,L178,L179,L182",39,13.42765142490492,13.42765142490492,35,"L015,L018,L019,L020,L025,L026,L027,L030,L039,L045,L046,L048,L054,L060,L102,L104,L109,L110,L111,L113,L115,L128,L129,L134,L140,L149,L153,L157,L158,L159,L160,L169,L178,L179,L182",37,True,relay_cascade,
1,20260708,L153->L157,L153,L157,True,False,0.0,0.0,0.0,1.0000000000000004,"L128,L153,L155,L156,L157,L158",6,1.721087183358117,1.721087183358117,2,"L156,L158",4,True,non_critical,
1,20260708,L044->L128,L044,L128,True,False,0.0,0.0,0.0,1.0000000000000018,"L044,L128",2,1.0028276240404013,1.0028276240404013,0,,0,False,non_critical,
1,20260708,L080->L121,L080,L121,True,False,0.0,0.0,0.0,1.0000000000000138,"L080,L121,L128,L155",4,10.246829506700612,10.246829506700612,2,"L128,L155",2,True,non_critical,
1,20260708,L084->L178,L084,L178,True,True,12.982362609762252,12.982362609762252,0.0,1.0000000000000018,"L018,L019,L044,L045,L046,L056,L057,L060,L065,L077,L078,L080,L081,L082,L084,L091,L092,L095,L102,L104,L109,L110,L111,L113,L115,L128,L134,L140,L150,L153,L154,L155,L156,L158,L160,L169,L178,L179,L182",39,39.79433036625867,39.79433036625867,37,"L018,L019,L044,L045,L046,L056,L057,L060,L065,L077,L078,L080,L081,L082,L091,L092,L095,L102,L104,L109,L110,L111,L113,L115,L128,L134,L140,L150,L153,L154,L155,L156,L158,L160,L169,L179,L182",37,True,relay_cascade,
1,20260708,L109->L027,L109,L027,True,False,0.0,0.0,0.0,1.0000000000000675,"L018,L027,L109,L115",4,1.5987796009743167,1.5987796009743167,2,"L018,L115",2,True,non_critical,
1,20260708,L100->L030,L100,L030,True,False,0.0,0.0,0.0,1.0000000000000018,"L030,L100,L102,L115",4,1.32475545121348,1.32475545121348,1,L115,2,True,non_critical,
1,20260708,L009->L156,L009,L156,True,False,0.0,0.0,0.0,1.000000000000005,"L009,L018,L019,L030,L045,L046,L060,L065,L102,L104,L109,L111,L112,L113,L115,L128,L134,L140,L150,L153,L154,L155,L156,L157,L158,L159,L160,L169,L178,L179,L182",31,0.9689427130813034,0.9689427130813034,0,,29,False,non_critical,
1,20260708,L036->L151,L036,L151,True,False,0.0,0.0,0.0,1.0000000000000009,"L018,L019,L020,L025,L036,L039,L044,L045,L046,L048,L054,L060,L102,L104,L109,L110,L111,L113,L115,L128,L134,L140,L149,L150,L151,L153,L154,L155,L156,L158,L160,L169,L178,L179,L182",35,0.9610740669093655,0.9610740669093655,0,,33,False,non_critical,
1,20260708,L149->L066,L149,L066,True,False,0.0,0.0,0.0,1.0000000000000053,"L045,L066,L102,L111,L128,L149",6,1.5471522548428422,1.5471522548428422,3,"L045,L102,L111",4,True,non_critical,
1,20260708,L134->L105,L134,L105,True,False,0.0,0.0,0.0,1.0000000000000033,"L018,L044,L045,L046,L060,L065,L102,L104,L105,L109,L110,L111,L113,L115,L128,L134,L140,L150,L153,L154,L155,L156,L158,L160,L169,L178,L179,L182",28,1.1338117404908408,1.1338117404908408,0,,26,False,non_critical,
1,20260708,L095->L042,L095,L042,True,False,0.0,0.0,0.0,1.0000000000000049,"L042,L095,L182",3,5.659380130751934,5.659380130751934,1,L182,1,True,non_critical,
1,20260708,L049->L095,L049,L095,True,False,0.0,0.0,0.0,1.0000000000000047,"L018,L044,L045,L046,L049,L056,L057,L060,L065,L077,L078,L082,L095,L102,L104,L109,L110,L111,L113,L115,L128,L134,L140,L150,L153,L154,L155,L156,L158,L160,L169,L178,L179,L182",34,2.7384496441754833,2.7384496441754833,5,"L056,L057,L077,L078,L082",32,True,non_critical,
1,20260708,L152->L020,L152,L020,True,False,0.0,0.0,0.0,1.0000000000000007,"L018,L020,L044,L045,L046,L060,L102,L109,L110,L111,L113,L115,L128,L134,L140,L149,L150,L152,L153,L154,L155,L156,L158,L160,L169,L178,L179,L182",28,0.9961115970169633,0.9961115970169633,0,,26,False,non_critical,
1,20260708,L122->L034,L122,L034,True,True,41.04569367595296,41.04569367595296,0.0,1.0000000000000002,"L018,L030,L034,L040,L044,L045,L046,L060,L065,L102,L104,L109,L110,L111,L113,L115,L122,L128,L134,L140,L150,L153,L154,L155,L156,L158,L160,L169,L178,L179,L182",31,37.54995751647964,37.54995751647964,28,"L018,L030,L040,L044,L045,L046,L060,L065,L102,L104,L109,L110,L111,L113,L115,L134,L140,L150,L153,L154,L155,L156,L158,L160,L169,L178,L179,L182",29,True,relay_cascade,
1,20260708,L140->L125,L140,L125,True,False,0.0,0.0,0.0,1.0000000000000024,"L125,L140",2,1.082163315659493,1.082163315659493,0,,0,False,non_critical,
1,20260708,L129->L038,L129,L038,True,False,0.0,0.0,0.0,1.0000000000000049,"L018,L019,L025,L038,L039,L040,L044,L045,L046,L060,L102,L109,L110,L111,L113,L115,L128,L129,L134,L140,L149,L150,L153,L155,L156,L157,L158,L159,L160,L169,L178,L179,L182",33,3.2171691773024023,3.2171691773024023,4,"L019,L025,L039,L040",31,True,non_critical,
1,20260708,L057->L061,L057,L061,True,True,33.88157185629734,33.88157185629734,0.0,1.0,"L018,L044,L045,L046,L056,L057,L060,L061,L065,L077,L078,L082,L095,L102,L104,L109,L110,L111,L113,L115,L128,L134,L140,L150,L153,L154,L155,L156,L158,L160,L169,L178,L179,L182",34,38.362043808566874,38.362043808566874,32,"L018,L044,L045,L046,L056,L060,L065,L077,L078,L082,L095,L102,L104,L109,L110,L111,L113,L115,L128,L134,L140,L150,L153,L154,L155,L156,L158,L160,L169,L178,L179,L182",32,True,relay_cascade,
1,20260708,L018->L035,L018,L035,True,True,1.325370392301095,0.0,1.325370392301095,1.000000000000004,"L018,L035,L182",3,2.474567880148315,2.474567880148315,1,L182,1,True,relay_cascade,
1,20260708,L157->L101,L157,L101,True,False,0.0,0.0,0.0,1.0000000000000009,"L101,L102,L128,L155,L157",5,1.2088306640871505,1.2088306640871505,1,L102,3,True,non_critical,
1,20260708,L051->L073,L051,L073,True,False,0.0,0.0,0.0,1.0000000000000004,"L018,L019,L044,L045,L046,L048,L051,L056,L057,L058,L060,L065,L073,L077,L078,L082,L095,L102,L104,L109,L110,L111,L112,L113,L115,L128,L134,L140,L149,L150,L153,L154,L155,L156,L158,L159,L160,L169,L178,L179,L182",41,0.9610740669093655,0.9610740669093655,0,,39,False,non_critical,
1,20260708,L153->L053,L153,L053,True,False,0.0,0.0,0.0,1.0000000000000013,"L053,L060,L115,L128,L153,L155",6,1.3873177286658338,1.3873177286658338,2,"L060,L115",4,True,non_critical,
1,20260708,L067->L084,L067,L084,True,False,0.0,0.0,0.0,1.000000000000023,"L067,L084",2,1.067753530232564,1.067753530232564,0,,0,False,non_critical,
1,20260708,L037->L093,L037,L093,True,False,0.0,0.0,0.0,1.0,"L018,L019,L020,L037,L044,L045,L046,L056,L057,L060,L065,L091,L093,L095,L102,L104,L109,L110,L111,L113,L115,L128,L134,L140,L150,L153,L154,L155,L156,L157,L158,L160,L169,L178,L179,L182",36,2.5041992454598643,2.5041992454598643,6,"L056,L057,L065,L091,L095,L104",34,True,non_critical,
1,20260708,L163->L178,L163,L178,True,False,0.0,0.0,0.0,1.000000000000008,"L163,L169,L178",3,1.0593940089869478,1.0593940089869478,0,,1,False,non_critical,
1,20260708,L162->L094,L162,L094,True,False,0.0,0.0,0.0,1.000000000000004,"L060,L065,L077,L078,L094,L102,L128,L155,L162",9,1.5323553207379383,1.5323553207379383,5,"L060,L065,L077,L078,L102",7,True,non_critical,
1,20260708,L010->L148,L010,L148,True,False,0.0,0.0,0.0,1.0000000000000138,"L010,L018,L128,L148",4,3.001349369097736,3.001349369097736,1,L128,2,True,non_critical,
1,20260708,L023->L014,L023,L014,True,False,0.0,0.0,0.0,1.0,"L014,L018,L019,L023,L025,L026,L027,L044,L045,L046,L054,L060,L102,L104,L109,L110,L111,L113,L115,L128,L134,L140,L150,L153,L154,L155,L156,L158,L160,L169,L178,L179,L182",33,0.9722669964170749,0.9722669964170749,0,,31,False,non_critical,
1,20260708,L014->L039,L014,L039,True,False,0.0,0.0,0.0,1.0000000000000004,"L014,L018,L039,L044,L045,L046,L060,L065,L102,L104,L109,L110,L111,L113,L115,L128,L134,L140,L150,L153,L154,L155,L156,L158,L160,L169,L178,L179,L182",29,39.77359610283985,39.77359610283985,27,"L018,L044,L045,L046,L060,L065,L102,L104,L109,L110,L111,L113,L115,L128,L134,L140,L150,L153,L154,L155,L156,L158,L160,L169,L178,L179,L182",27,True,non_critical,
1,20260708,L031->L107,L031,L107,True,True,81.35922639729833,81.35922639729833,0.0,1.0000000000000002,"L018,L019,L025,L030,L031,L035,L039,L040,L043,L044,L045,L046,L054,L060,L065,L102,L104,L107,L109,L110,L111,L113,L115,L126,L127,L128,L134,L140,L149,L150,L153,L154,L155,L156,L158,L160,L169,L178,L179,L182",40,1.5149669485071053,1.5149669485071053,3,"L065,L126,L127",38,True,relay_cascade,
1,20260708,L107->L115,L107,L115,True,False,0.0,0.0,0.0,1.0,"L102,L107,L115,L128",4,1.0015935374025668,1.0015935374025668,0,,2,False,non_critical,
1,20260708,L158->L052,L158,L052,True,False,0.0,0.0,0.0,1.000000000000004,"L052,L060,L128,L155,L158",5,1.3231144778516903,1.3231144778516903,1,L060,3,True,non_critical,
1,20260708,L024->L162,L024,L162,True,False,0.0,0.0,0.0,1.0000000000000069,"L024,L128,L155,L162",4,11.506071879786267,11.506071879786267,2,"L128,L155",2,True,non_critical,
1,20260708,L134->L100,L134,L100,True,False,0.0,0.0,0.0,1.0000000000000002,"L018,L044,L045,L046,L060,L065,L100,L102,L104,L109,L110,L111,L113,L115,L128,L134,L140,L150,L153,L154,L155,L156,L158,L160,L169,L178,L179,L182",28,1.1355578329141836,1.1355578329141836,0,,26,False,non_critical,
1,20260708,L086->L129,L086,L129,True,True,58.608730684473244,58.608730684473244,0.0,1.0000000000000004,"L018,L044,L045,L046,L060,L086,L102,L109,L110,L111,L113,L115,L128,L129,L134,L140,L149,L150,L153,L155,L156,L158,L159,L160,L169,L178,L179,L182",28,18.755764274798135,18.755764274798135,26,"L018,L044,L045,L046,L060,L102,L109,L110,L111,L113,L115,L128,L134,L140,L149,L150,L153,L155,L156,L158,L159,L160,L169,L178,L179,L182",26,True,relay_cascade,
1,20260708,L048->L131,L048,L131,True,False,0.0,0.0,0.0,1.000000000000023,"L048,L128,L131,L155,L156,L158",6,6.734684978279494,6.734684978279494,4,"L128,L155,L156,L158",4,True,non_critical,
1,20260708,L093->L085,L093,L085,True,False,0.0,0.0,0.0,1.0000000000000004,"L018,L019,L030,L045,L046,L056,L057,L060,L062,L063,L064,L065,L077,L078,L082,L085,L091,L093,L095,L102,L104,L105,L106,L109,L110,L111,L112,L113,L115,L128,L134,L140,L149,L150,L153,L154,L155,L156,L158,L159,L160,L169,L178,L179,L182",45,0.9610740669093655,0.9610740669093655,0,,43,False,non_critical,
1,20260708,L009->L177,L009,L177,True,False,0.0,0.0,0.0,1.000000000000005,"L009,L018,L019,L030,L045,L046,L060,L065,L102,L104,L109,L111,L112,L113,L115,L128,L134,L140,L150,L153,L154,L155,L156,L157,L158,L159,L160,L169,L177,L178,L179,L182",32,0.9689427130813034,0.9689427130813034,0,,30,False,non_critical,
1,20260708,L118->L132,L118,L132,True,False,0.0,0.0,0.0,1.0,"L018,L044,L045,L046,L060,L065,L102,L104,L109,L110,L111,L113,L115,L118,L128,L132,L134,L140,L150,L153,L154,L155,L156,L158,L160,L169,L178,L179,L182,L186",30,1.1042669415989022,1.1042669415989022,0,,28,False,non_critical,
1,20260708,L096->L009,L096,L009,True,False,0.0,0.0,0.0,1.000000000000005,"L009,L018,L019,L030,L044,L045,L046,L056,L057,L060,L065,L096,L102,L104,L109,L111,L112,L113,L115,L128,L134,L140,L150,L153,L154,L155,L156,L157,L158,L160,L169,L178,L179,L182",34,3.0483500446963823,3.0483500446963823,1,L019,32,True,non_critical,
1,20260708,L130->L149,L130,L149,True,False,0.0,0.0,0.0,1.0000000000000675,"L128,L130,L149",3,1.1523135221656062,1.1523135221656062,0,,1,False,non_critical,
1,20260708,L110->L012,L110,L012,True,False,0.0,0.0,0.0,1.0000000000000004,"L012,L018,L044,L045,L046,L060,L065,L102,L104,L109,L110,L111,L115,L128,L134,L140,L150,L153,L154,L155,L156,L158,L160,L169,L178,L179,L182",27,1.1338117404908357,1.1338117404908357,0,,25,False,non_critical,
1,20260708,L169->L151,L169,L151,True,False,0.0,0.0,0.0,1.000000000000023,"L128,L151,L155,L169",4,11.465121388172985,11.465121388172985,2,"L128,L155",2,True,non_critical,
1,20260708,L004->L002,L004,L002,True,True,38.8500870832418,38.8500870832418,0.0,1.0000000000000018,"L001,L002,L004,L014,L018,L030,L044,L045,L046,L060,L065,L102,L104,L109,L110,L111,L113,L115,L128,L134,L140,L150,L153,L154,L155,L156,L158,L160,L169,L178,L179,L182",32,1.1496365872166234,1.1496365872166234,0,,30,False,island_only,
1,20260708,L063->L114,L063,L114,True,False,0.0,0.0,0.0,1.0000000000000016,"L063,L114,L115,L128",4,1.9303968827523101,1.9303968827523101,2,"L115,L128",2,True,non_critical,
1,20260708,L020->L076,L020,L076,True,False,0.0,0.0,0.0,1.0000000000000022,"L020,L076",2,1.0291347763362475,1.0291347763362475,0,,0,False,non_critical,
1,20260708,L176->L058,L176,L058,True,False,0.0,0.0,0.0,1.0000000000000004,"L018,L044,L045,L046,L058,L060,L102,L109,L110,L111,L113,L115,L128,L134,L140,L155,L156,L158,L169,L176,L178,L179,L182",23,0.9814017395046393,0.9814017395046393,0,,21,False,non_critical,
1,20260708,L171->L162,L171,L162,True,False,0.0,0.0,0.0,1.000000000000023,"L128,L155,L162,L171",4,11.506071866472729,11.506071866472729,2,"L128,L155",2,True,non_critical,
1,20260708,L052->L006,L052,L006,True,False,0.0,0.0,0.0,1.000000000000023,"L006,L052",2,1.0690714368318688,1.0690714368318688,0,,0,False,non_critical,
1,20260708,L154->L143,L154,L143,True,False,0.0,0.0,0.0,1.0000000000000058,"L128,L143,L154,L155",4,1.0130211349586513,1.0130211349586513,0,,2,False,non_critical,
1,20260708,L076->L085,L076,L085,True,False,0.0,0.0,0.0,1.0000000000000675,"L076,L085",2,1.033324675215797,1.033324675215797,0,,0,False,non_critical,
1,20260708,L020->L087,L020,L087,True,False,0.0,0.0,0.0,1.000000000000023,"L020,L087",2,1.0397919049819389,1.0397919049819389,0,,0,False,non_critical,
1,20260708,L018->L083,L018,L083,True,False,0.0,0.0,0.0,1.0000000000000049,"L018,L083",2,1.010703481819112,1.010703481819112,0,,0,False,non_critical,
1,20260708,L132->L085,L132,L085,True,False,0.0,0.0,0.0,1.0000000000000033,"L085,L128,L132",3,1.000326880319979,1.000326880319979,0,,1,False,non_critical,
1,20260708,L001->L106,L001,L106,True,False,0.0,0.0,0.0,1.0,"L001,L018,L030,L044,L045,L046,L060,L064,L065,L102,L104,L106,L109,L111,L112,L113,L115,L128,L134,L140,L150,L153,L154,L155,L156,L157,L158,L160,L169,L178,L179,L182,L186",33,38.84214619184263,38.84214619184263,31,"L018,L030,L044,L045,L046,L060,L064,L065,L102,L104,L109,L111,L112,L113,L115,L128,L134,L140,L150,L153,L154,L155,L156,L157,L158,L160,L169,L178,L179,L182,L186",31,True,non_critical,
1,20260708,L094->L002,L094,L002,True,False,0.0,0.0,0.0,1.0000000000000004,"L002,L018,L019,L030,L045,L046,L056,L057,L060,L062,L063,L064,L065,L077,L078,L082,L091,L094,L095,L102,L104,L105,L106,L109,L110,L111,L112,L113,L115,L128,L134,L140,L149,L150,L153,L154,L155,L156,L158,L159,L160,L169,L178,L179,L182",45,0.9610740669093655,0.9610740669093655,0,,43,False,non_critical,
1,20260708,L020->L101,L020,L101,True,False,0.0,0.0,0.0,1.0000000000000024,"L020,L101",2,1.0133398909854816,1.0133398909854816,0,,0,False,non_critical,
1,20260708,L110->L182,L110,L182,True,False,0.0,0.0,0.0,1.0000000000000002,"L018,L044,L045,L046,L060,L065,L102,L104,L109,L110,L111,L115,L128,L134,L140,L150,L153,L154,L155,L156,L158,L160,L169,L178,L179,L182",26,1.1338117404908408,1.1338117404908408,0,,24,False,non_critical,
1,20260708,L042->L131,L042,L131,True,False,0.0,0.0,0.0,1.0000000000000027,"L042,L128,L131,L155,L156,L158,L182",7,6.734691563249931,6.734691563249931,4,"L128,L155,L156,L158",5,True,non_critical,
1,20260708,L014->L158,L014,L158,True,False,0.0,0.0,0.0,1.0000000000000022,"L014,L128,L155,L158",4,2.6694031239653024,2.6694031239653024,2,"L128,L155",2,True,non_critical,
1,20260708,L160->L024,L160,L024,True,False,0.0,0.0,0.0,1.000000000000023,"L018,L024,L128,L155,L160",5,2.2675315349441565,2.2675315349441565,1,L018,3,True,non_critical,
1,20260708,L157->L053,L157,L053,True,False,0.0,0.0,0.0,1.0000000000000009,"L053,L060,L128,L155,L157",5,1.2438973699177105,1.2438973699177105,1,L060,3,True,non_critical,
1,20260708,L166->L029,L166,L029,True,True,42.3080770354206,42.3080770354206,0.0,1.0000000000000098,"L018,L025,L029,L030,L044,L045,L046,L060,L065,L102,L104,L109,L110,L111,L113,L115,L128,L134,L140,L150,L153,L154,L155,L156,L158,L160,L166,L169,L178,L179,L182",31,37.533938931474054,37.533938931474054,29,"L018,L025,L030,L044,L045,L046,L060,L065,L102,L104,L109,L110,L111,L113,L115,L128,L134,L140,L150,L153,L154,L155,L156,L158,L160,L169,L178,L179,L182",29,True,relay_cascade,
1,20260708,L015->L182,L015,L182,True,False,0.0,0.0,0.0,1.0000000000000022,"L015,L182",2,1.0004002292546494,1.0004002292546494,0,,0,False,non_critical,
1,20260708,L068->L048,L068,L048,True,False,0.0,0.0,0.0,1.000000000000023,"L018,L048,L060,L064,L065,L068,L102,L128",8,1.477358684774633,1.477358684774633,1,L018,6,True,non_critical,
1,20260708,L020->L145,L020,L145,True,False,0.0,0.0,0.0,1.0000000000000027,"L020,L128,L145,L155,L156,L158",6,7.733148978930798,7.733148978930798,4,"L128,L155,L156,L158",4,True,non_critical,
1,20260708,L159->L124,L159,L124,True,False,0.0,0.0,0.0,1.000000000000023,"L124,L128,L155,L158,L159",5,1.1975350156860265,1.1975350156860265,0,,3,False,non_critical,
1,20260708,L186->L002,L186,L002,True,False,0.0,0.0,0.0,1.000000000000001,"L001,L002,L018,L044,L045,L046,L060,L065,L102,L104,L109,L110,L111,L113,L115,L128,L134,L140,L150,L153,L154,L155,L156,L158,L160,L169,L178,L179,L182,L186",30,38.95635864795892,38.95635864795892,28,"L001,L018,L044,L045,L046,L060,L065,L102,L104,L109,L110,L111,L113,L115,L128,L134,L140,L150,L153,L154,L155,L156,L158,L160,L169,L178,L179,L182",28,True,non_critical,
1,20260708,L109->L005,L109,L005,True,False,0.0,0.0,0.0,1.0000000000000016,"L005,L012,L015,L019,L030,L044,L045,L046,L060,L065,L102,L104,L109,L110,L111,L113,L115,L128,L134,L140,L150,L153,L154,L155,L156,L158,L160,L169,L178,L179,L182",31,38.48113312452998,38.48113312452998,29,"L012,L015,L019,L030,L044,L045,L046,L060,L065,L102,L104,L110,L111,L113,L115,L128,L134,L140,L150,L153,L154,L155,L156,L158,L160,L169,L178,L179,L182",29,True,non_critical,
1,20260708,L063->L055,L063,L055,True,False,0.0,0.0,0.0,1.0,"L055,L063",2,1.145004142723211,1.145004142723211,0,,0,False,non_critical,
1,20260708,L092->L051,L092,L051,True,True,36.767162588215044,36.767162588215044,0.0,1.0000000000000033,"L018,L019,L044,L045,L046,L051,L056,L057,L058,L060,L065,L077,L078,L080,L082,L084,L091,L092,L102,L104,L109,L110,L111,L113,L115,L128,L134,L140,L149,L150,L153,L154,L155,L156,L158,L159,L160,L169,L178,L179,L182",41,36.87040342401757,36.87040342401757,39,"L018,L019,L044,L045,L046,L056,L057,L058,L060,L065,L077,L078,L080,L082,L084,L091,L102,L104,L109,L110,L111,L113,L115,L128,L134,L140,L149,L150,L153,L154,L155,L156,L158,L159,L160,L169,L178,L179,L182",39,True,relay_cascade,
1,20260708,L166->L186,L166,L186,True,False,0.0,0.0,0.0,1.0000000000000069,"L166,L186",2,1.0449393893218846,1.0449393893218846,0,,0,False,non_critical,
1,20260708,L014->L074,L014,L074,True,False,0.0,0.0,0.0,1.000000000000008,"L014,L074,L078,L082",4,1.5113033258412258,1.5113033258412258,2,"L078,L082",2,True,non_critical,
1,20260708,L072->L003,L072,L003,True,False,0.0,0.0,0.0,1.0000000000000058,"L003,L072",2,1.0042914392071882,1.0042914392071882,0,,0,False,non_critical,
1,20260708,L136->L017,L136,L017,True,True,14.684099265673353,14.684099265673353,0.0,1.0000000000000002,"L017,L018,L019,L044,L045,L046,L060,L065,L102,L104,L109,L110,L111,L113,L115,L128,L134,L136,L140,L150,L153,L154,L155,L156,L158,L160,L169,L178,L179,L182",30,11.676144820040577,11.676144820040577,26,"L018,L019,L044,L045,L046,L060,L065,L102,L104,L109,L110,L111,L113,L115,L134,L140,L150,L153,L154,L156,L158,L160,L169,L178,L179,L182",28,True,relay_cascade,
1,20260708,L078->L056,L078,L056,True,False,0.0,0.0,0.0,1.000000000000023,"L056,L078",2,1.0138961455402595,1.0138961455402595,0,,0,False,non_critical,
1,20260708,L106->L078,L106,L078,True,False,0.0,0.0,0.0,1.0000000000000029,"L078,L106",2,1.0108162118577226,1.0108162118577226,0,,0,False,non_critical,
1,20260708,L121->L077,L121,L077,True,False,0.0,0.0,0.0,1.0000000000000053,"L077,L121,L128",3,1.0056557490625488,1.0056557490625488,0,,1,False,non_critical,
1,20260708,L098->L167,L098,L167,True,False,0.0,0.0,0.0,1.000000000000023,"L098,L102,L167,L169",4,1.573981490553009,1.573981490553009,1,L169,2,True,non_critical,
1,20260708,L135->L117,L135,L117,True,False,0.0,0.0,0.0,1.000000000000023,"L109,L111,L115,L117,L128,L135,L155",7,3.2143433643254458,3.2143433643254458,3,"L109,L111,L115",5,True,non_critical,
1,20260708,L052->L097,L052,L097,True,False,0.0,0.0,0.0,1.000000000000001,"L052,L060,L065,L091,L097,L102",6,2.610254453920525,2.610254453920525,4,"L060,L065,L091,L102",4,True,non_critical,
1,20260708,L004->L080,L004,L080,True,False,0.0,0.0,0.0,1.0000000000000153,"L001,L004,L014,L018,L030,L044,L045,L046,L060,L065,L080,L102,L104,L109,L110,L111,L113,L115,L128,L134,L140,L150,L153,L154,L155,L156,L158,L160,L169,L178,L179,L182",32,1.1499671559668396,1.1499671559668396,0,,30,False,non_critical,
1,20260708,L110->L025,L110,L025,True,False,0.0,0.0,0.0,1.0,"L018,L025,L044,L045,L046,L060,L065,L102,L104,L109,L110,L111,L115,L128,L134,L140,L150,L153,L154,L155,L156,L158,L160,L169,L178,L179,L182",27,1.1338117404908408,1.1338117404908408,0,,25,False,non_critical,
1,20260708,L028->L170,L028,L170,True,False,0.0,0.0,0.0,1.0000000000000007,"L018,L028,L045,L170,L178",5,1.000000000000023,1.000000000000023,0,,3,False,non_critical,
1,20260708,L093->L125,L093,L125,True,False,0.0,0.0,0.0,1.0000000000000004,"L018,L019,L030,L045,L046,L056,L057,L060,L062,L063,L064,L065,L077,L078,L082,L091,L093,L095,L102,L104,L105,L106,L109,L110,L111,L112,L113,L115,L125,L128,L134,L140,L149,L150,L153,L154,L155,L156,L158,L159,L160,L169,L178,L179,L182",45,0.9610740669093655,0.9610740669093655,0,,43,False,non_critical,
1,20260708,L159->L010,L159,L010,True,False,0.0,0.0,0.0,1.0000000000000009,"L010,L015,L018,L128,L155,L158,L159",7,1.8211978236110533,1.8211978236110533,2,"L015,L018",5,True,non_critical,
1,20260708,L057->L172,L057,L172,True,False,0.0,0.0,0.0,1.000000000000023,"L057,L169,L172",3,1.9202174197547721,1.9202174197547721,1,L169,1,True,non_critical,
1,20260708,L151->L074,L151,L074,True,False,0.0,0.0,0.0,1.000000000000023,"L074,L082,L128,L151,L155",5,1.7043387161327652,1.7043387161327652,1,L082,3,True,non_critical,
1,20260708,L137->L059,L137,L059,True,True,18.346497960874867,18.346497960874867,0.0,1.0000000000000004,"L018,L044,L045,L046,L059,L060,L102,L109,L110,L111,L113,L115,L128,L134,L137,L140,L149,L150,L153,L154,L155,L156,L158,L159,L160,L169,L178,L179,L182",29,11.659041793596819,11.659041793596819,23,"L018,L044,L045,L046,L060,L102,L109,L110,L111,L113,L115,L134,L140,L150,L153,L154,L158,L159,L160,L169,L178,L179,L182",27,True,relay_cascade,
1,20260708,L112->L077,L112,L077,True,False,0.0,0.0,0.0,1.0000000000000004,"L018,L044,L045,L046,L060,L065,L077,L102,L104,L109,L111,L112,L113,L115,L128,L134,L140,L150,L153,L154,L155,L156,L158,L160,L169,L178,L179,L182",28,1.1340498130960184,1.1340498130960184,0,,26,False,non_critical,
1,20260708,L087->L130,L087,L130,True,False,0.0,0.0,0.0,1.0000000000000058,"L087,L128,L130,L155",4,4.1894029139841304,4.1894029139841304,2,"L128,L155",2,True,non_critical,
1,20260708,L158->L141,L158,L141,True,False,0.0,0.0,0.0,1.000000000000003,"L018,L044,L045,L046,L060,L065,L102,L104,L109,L110,L111,L113,L115,L128,L134,L140,L141,L143,L148,L149,L153,L154,L155,L156,L157,L158,L160,L169,L178,L179,L182",31,12.003656079722415,12.003656079722415,27,"L018,L044,L045,L046,L060,L065,L102,L104,L109,L110,L111,L113,L115,L134,L140,L143,L148,L149,L153,L154,L156,L157,L160,L169,L178,L179,L182",29,True,non_critical,
1,20260708,L125->L045,L125,L045,True,False,0.0,0.0,0.0,1.0000000000000082,"L045,L125,L128",3,1.0143034358711465,1.0143034358711465,0,,1,False,non_critical,
1,20260708,L131->L112,L131,L112,True,False,0.0,0.0,0.0,1.0000000000000016,"L018,L044,L045,L046,L060,L065,L102,L104,L109,L111,L112,L113,L115,L128,L131,L134,L140,L150,L153,L154,L155,L156,L158,L160,L169,L178,L179,L182",28,8.432198569768186,8.432198569768186,24,"L018,L044,L045,L046,L060,L065,L102,L104,L109,L111,L113,L115,L134,L140,L150,L153,L154,L156,L158,L160,L169,L178,L179,L182",26,True,non_critical,
1,20260708,L025->L096,L025,L096,True,False,0.0,0.0,0.0,1.0000000000000049,"L018,L025,L030,L044,L045,L046,L056,L057,L060,L096,L102,L109,L111,L112,L113,L115,L128,L134,L140,L150,L153,L154,L155,L156,L157,L158,L160,L169,L178,L179,L182",31,40.45456524552561,40.45456524552561,29,"L018,L030,L044,L045,L046,L056,L057,L060,L102,L109,L111,L112,L113,L115,L128,L134,L140,L150,L153,L154,L155,L156,L157,L158,L160,L169,L178,L179,L182",29,True,non_critical,
1,20260708,L057->L056,L057,L056,True,False,0.0,0.0,0.0,1.0000000000000022,"L056,L057,L102,L111",4,1.3534499980637418,1.3534499980637418,2,"L102,L111",2,True,non_critical,
1,20260708,L125->L064,L125,L064,True,False,0.0,0.0,0.0,1.0000000000000022,"L064,L125,L128",3,1.114445416825219,1.114445416825219,0,,1,False,non_critical,
1,20260708,L022->L045,L022,L045,True,False,0.0,0.0,0.0,1.0000000000000226,"L018,L022,L045",3,1.0700487076970937,1.0700487076970937,0,,1,False,non_critical,
1,20260708,L119->L179,L119,L179,True,False,0.0,0.0,0.0,1.0000000000000113,"L115,L119,L128,L179,L182",5,1.7409866920690575,1.7409866920690575,1,L182,3,True,non_critical,
1,20260708,L035->L006,L035,L006,True,False,0.0,0.0,0.0,1.0000000000000095,"L006,L035,L182",3,1.0645932709734096,1.0645932709734096,0,,1,False,non_critical,
1,20260708,L125->L094,L125,L094,True,False,0.0,0.0,0.0,1.000000000000023,"L094,L125,L128",3,1.1212823765536426,1.1212823765536426,0,,1,False,non_critical,
1,20260708,L011->L167,L011,L167,True,False,0.0,0.0,0.0,1.0000000000000455,"L011,L018,L167",3,1.0000000000001592,1.0000000000001592,0,,1,False,non_critical,
1,20260708,L177->L149,L177,L149,True,True,36.82232008588366,36.82232008588366,0.0,1.000000000000004,"L018,L044,L045,L046,L060,L102,L104,L109,L110,L111,L113,L115,L128,L134,L140,L148,L149,L150,L153,L154,L155,L156,L157,L158,L159,L160,L169,L177,L178,L179,L182",31,1.0370216914327497,1.0370216914327497,0,,29,False,island_only,
1,20260708,L086->L047,L086,L047,True,True,31.300605334860514,31.300605334860514,0.0,1.0000000000000002,"L018,L044,L045,L046,L047,L056,L057,L060,L065,L077,L078,L082,L086,L095,L102,L104,L109,L110,L111,L113,L115,L128,L134,L140,L150,L153,L154,L155,L156,L158,L160,L169,L178,L179,L182",35,38.39448294979561,38.39448294979561,33,"L018,L044,L045,L046,L056,L057,L060,L065,L077,L078,L082,L095,L102,L104,L109,L110,L111,L113,L115,L128,L134,L140,L150,L153,L154,L155,L156,L158,L160,L169,L178,L179,L182",33,True,relay_cascade,
1,20260708,L010->L185,L010,L185,True,True,35.11713329264434,35.11713329264434,0.0,1.0000000000000002,"L010,L018,L044,L045,L046,L060,L102,L109,L110,L111,L113,L115,L128,L134,L140,L150,L153,L154,L155,L156,L158,L160,L169,L178,L179,L182,L185,L186",28,38.2605080853852,38.2605080853852,25,"L044,L045,L046,L060,L102,L109,L110,L111,L113,L115,L128,L134,L140,L150,L153,L154,L155,L156,L158,L160,L169,L178,L179,L182,L186",26,True,relay_cascade,
1,20260708,L135->L130,L135,L130,True,False,0.0,0.0,0.0,1.000000000000003,"L128,L130,L135,L155,L156",5,1.2692515595707308,1.2692515595707308,1,L156,3,True,non_critical,
1,20260708,L082->L117,L082,L117,True,False,0.0,0.0,0.0,1.0,"L018,L044,L045,L046,L060,L082,L102,L109,L111,L113,L114,L115,L117,L128,L134,L140,L150,L153,L154,L155,L156,L158,L160,L169,L178,L179,L182",27,37.72551231179245,37.72551231179245,25,"L018,L044,L045,L046,L060,L102,L109,L111,L113,L114,L115,L128,L134,L140,L150,L153,L154,L155,L156,L158,L160,L169,L178,L179,L182",25,True,non_critical,
1,20260708,L034->L088,L034,L088,True,False,0.0,0.0,0.0,1.0000000000000002,"L018,L030,L034,L040,L044,L045,L046,L060,L065,L088,L102,L104,L109,L110,L111,L113,L115,L128,L134,L140,L150,L153,L154,L155,L156,L158,L160,L169,L178,L179,L182",31,1.1589797165897713,1.1589797165897713,0,,29,False,non_critical,
1,20260708,L008->L058,L008,L058,True,False,0.0,0.0,0.0,1.0,"L008,L014,L015,L017,L018,L019,L020,L022,L037,L044,L045,L046,L058,L060,L102,L109,L110,L111,L113,L115,L128,L134,L140,L150,L153,L154,L155,L156,L157,L158,L160,L169,L178,L179,L182",35,1.0710946383477604,1.0710946383477604,0,,33,False,non_critical,
1,20260708,L037->L075,L037,L075,True,False,0.0,0.0,0.0,1.0,"L018,L019,L020,L037,L044,L045,L046,L060,L075,L102,L109,L110,L111,L113,L115,L128,L134,L140,L150,L153,L154,L155,L156,L157,L158,L160,L169,L178,L179,L182",30,1.0453625260472315,1.0453625260472315,0,,28,False,non_critical,
1,20260708,L136->L080,L136,L080,True,False,0.0,0.0,0.0,1.0000000000000069,"L080,L128,L136,L155",4,1.026590831807892,1.026590831807892,0,,2,False,non_critical,
1,20260708,L033->L029,L033,L029,True,True,42.3080770354206,42.3080770354206,0.0,1.0000000000000004,"L018,L019,L025,L029,L030,L033,L040,L043,L044,L045,L046,L054,L060,L102,L104,L109,L110,L111,L113,L115,L128,L134,L140,L150,L153,L154,L155,L156,L158,L160,L169,L178,L179,L180,L182",35,1.3643791125773717,1.3643791125773717,1,L025,33,True,relay_cascade,
1,20260708,L158->L095,L158,L095,True,False,0.0,0.0,0.0,1.0000000000000036,"L095,L102,L128,L155,L158",5,1.774524418101232,1.774524418101232,1,L102,3,True,non_critical,
1,20260708,L174->L009,L174,L009,True,True,95.4310507703569,95.4310507703569,0.0,1.0000000000000027,"L009,L018,L019,L044,L045,L046,L060,L102,L109,L110,L111,L113,L115,L128,L129,L134,L140,L148,L149,L150,L153,L154,L155,L156,L157,L158,L160,L169,L173,L174,L175,L178,L179,L182",34,3.596077046910351,3.596077046910351,9,"L019,L129,L148,L149,L150,L153,L154,L157,L160",32,True,relay_cascade,
1,20260708,L177->L119,L177,L119,True,False,0.0,0.0,0.0,1.0000000000000122,"L018,L044,L045,L046,L060,L102,L104,L109,L110,L111,L113,L115,L119,L128,L134,L140,L148,L150,L153,L154,L155,L156,L157,L158,L159,L160,L169,L177,L178,L179,L182",31,1.0432816619440903,1.0432816619440903,0,,29,False,non_critical,
1,20260708,L027->L178,L027,L178,True,False,0.0,0.0,0.0,1.0000000000000004,"L027,L178,L182",3,1.5912542255414053,1.5912542255414053,1,L182,1,True,non_critical,
1,20260708,L037->L095,L037,L095,True,False,0.0,0.0,0.0,1.0000000000000004,"L018,L019,L020,L037,L044,L045,L046,L060,L095,L102,L109,L110,L111,L113,L115,L128,L134,L140,L150,L153,L154,L155,L156,L157,L158,L160,L169,L178,L179,L182",30,1.0453625260472341,1.0453625260472341,0,,28,False,non_critical,
1,20260708,L110->L040,L110,L040,True,False,0.0,0.0,0.0,1.0000000000000009,"L018,L040,L044,L045,L046,L060,L065,L102,L104,L109,L110,L111,L115,L128,L134,L140,L150,L153,L154,L155,L156,L158,L160,L169,L178,L179,L182",27,1.1338117404908357,1.1338117404908357,0,,25,False,non_critical,
1,20260708,L055->L157,L055,L157,True,False,0.0,0.0,0.0,1.000000000000023,"L055,L155,L157",3,1.2690605490427351,1.2690605490427351,1,L155,1,True,non_critical,
1,20260708,L163->L164,L163,L164,True,False,0.0,0.0,0.0,1.000000000000023,"L163,L164,L169",3,1.000000000000057,1.000000000000057,0,,1,False,non_critical,
1,20260708,L162->L132,L162,L132,True,False,0.0,0.0,0.0,1.000000000000005,"L128,L132,L140,L149,L155,L156,L162",7,2.6892123844556823,2.6892123844556823,3,"L140,L149,L156",5,True,non_critical,
1,20260708,L151->L007,L151,L007,True,True,53.17287589503822,53.17287589503822,0.0,1.0000000000000004,"L007,L018,L019,L030,L045,L046,L060,L065,L102,L104,L109,L111,L112,L113,L115,L128,L134,L140,L148,L149,L150,L151,L153,L154,L155,L156,L158,L159,L160,L169,L178,L179,L182",33,13.352791456095618,13.352791456095618,29,"L018,L019,L030,L045,L046,L060,L065,L102,L104,L109,L111,L112,L113,L115,L134,L140,L148,L149,L150,L153,L154,L156,L158,L159,L160,L169,L178,L179,L182",31,True,relay_cascade,
1,20260708,L002->L062,L002,L062,True,False,0.0,0.0,0.0,1.0000000000000122,"L001,L002,L018,L044,L045,L046,L060,L062,L065,L102,L104,L109,L110,L111,L113,L115,L128,L134,L140,L150,L153,L154,L155,L156,L158,L160,L169,L178,L179,L182",30,1.1352229154055902,1.1352229154055902,0,,28,False,non_critical,
1,20260708,L125->L069,L125,L069,True,False,0.0,0.0,0.0,1.000000000000023,"L069,L125,L128",3,1.1840314623851216,1.1840314623851216,0,,1,False,non_critical,
1,20260708,L176->L102,L176,L102,True,False,0.0,0.0,0.0,1.000000000000001,"L018,L044,L045,L046,L060,L102,L109,L110,L111,L113,L115,L128,L134,L140,L155,L156,L158,L169,L176,L178,L179,L182",22,0.9814017395046393,0.9814017395046393,0,,20,False,non_critical,
1,20260708,L154->L127,L154,L127,True,False,0.0,0.0,0.0,1.0000000000000004,"L018,L030,L044,L045,L046,L060,L065,L102,L104,L109,L110,L111,L113,L115,L127,L128,L134,L140,L153,L154,L155,L156,L158,L159,L160,L169,L178,L179,L182",29,4.57078860250761,4.57078860250761,25,"L018,L030,L044,L045,L046,L060,L065,L102,L104,L109,L110,L111,L113,L115,L134,L140,L153,L156,L158,L159,L160,L169,L178,L179,L182",27,True,non_critical,
1,20260708,L119->L131,L119,L131,True,False,0.0,0.0,0.0,1.0000000000000002,"L115,L119,L128,L131,L155,L156,L158",7,2.302430005739928,2.302430005739928,3,"L155,L156,L158",5,True,non_critical,
1,20260708,L093->L018,L093,L018,True,False,0.0,0.0,0.0,1.0000000000000004,"L018,L019,L030,L045,L046,L056,L057,L060,L062,L063,L064,L065,L077,L078,L082,L091,L093,L095,L102,L104,L105,L106,L109,L110,L111,L112,L113,L115,L128,L134,L140,L149,L150,L153,L154,L155,L156,L158,L159,L160,L169,L178,L179,L182",44,0.9610740669093655,0.9610740669093655,0,,42,False,non_critical,
1,20260708,L149->L112,L149,L112,True,False,0.0,0.0,0.0,1.0,"L018,L044,L045,L046,L060,L102,L109,L111,L112,L113,L115,L128,L134,L140,L149,L150,L153,L154,L155,L156,L158,L160,L169,L178,L179,L182",26,38.03237045621313,38.03237045621313,23,"L018,L044,L045,L046,L060,L102,L109,L111,L113,L115,L134,L140,L150,L153,L154,L155,L156,L158,L160,L169,L178,L179,L182",24,True,non_critical,
1,20260708,L133->L086,L133,L086,True,False,0.0,0.0,0.0,1.000000000000005,"L018,L044,L045,L046,L060,L065,L086,L102,L104,L109,L110,L111,L113,L115,L128,L133,L134,L140,L150,L153,L154,L155,L156,L157,L158,L160,L169,L178,L179,L182",30,1.1196835047524079,1.1196835047524079,0,,28,False,non_critical,
1,20260708,L074->L077,L074,L077,True,False,0.0,0.0,0.0,1.0000000000000675,"L074,L077",2,1.0000424241033739,1.0000424241033739,0,,0,False,non_critical,
1,20260708,L044->L022,L044,L022,True,True,3.373982453970862,0.0,3.373982453970862,1.000000000000007,"L022,L044",2,1.1513260036121742,1.1513260036121742,0,,0,False,island_only,
1,20260708,L063->L143,L063,L143,True,False,0.0,0.0,0.0,1.0000000000000122,"L018,L044,L045,L046,L060,L063,L065,L102,L104,L109,L110,L111,L113,L115,L128,L134,L140,L143,L149,L150,L153,L154,L155,L156,L157,L158,L160,L169,L178,L179,L182",31,40.652794405095854,40.652794405095854,29,"L018,L044,L045,L046,L060,L065,L102,L104,L109,L110,L111,L113,L115,L128,L134,L140,L149,L150,L153,L154,L155,L156,L157,L158,L160,L169,L178,L179,L182",29,True,non_critical,
1,20260708,L094->L160,L094,L160,True,False,0.0,0.0,0.0,1.0000000000000004,"L018,L019,L030,L045,L046,L056,L057,L060,L062,L063,L064,L065,L077,L078,L082,L091,L094,L095,L102,L104,L105,L106,L109,L110,L111,L112,L113,L115,L128,L134,L140,L149,L150,L153,L154,L155,L156,L158,L159,L160,L169,L178,L179,L182",44,0.9610740669093655,0.9610740669093655,0,,42,False,non_critical,
1,20260708,L129->L008,L129,L008,True,True,40.354199858188814,40.354199858188814,0.0,1.0000000000000122,"L008,L017,L018,L019,L020,L022,L037,L044,L045,L046,L060,L102,L109,L110,L111,L113,L115,L128,L129,L134,L140,L149,L150,L153,L155,L156,L157,L158,L159,L160,L169,L178,L179,L182",34,11.442726523867377,11.442726523867377,5,"L017,L019,L020,L022,L037",32,True,relay_cascade,
1,20260708,L090->L085,L090,L085,True,False,0.0,0.0,0.0,1.0000000000000058,"L085,L090,L091",3,1.0199953277171017,1.0199953277171017,0,,1,False,non_critical,
1,20260708,L054->L078,L054,L078,True,False,0.0,0.0,0.0,1.0000000000000004,"L018,L019,L030,L044,L045,L046,L054,L060,L065,L078,L102,L104,L109,L110,L111,L113,L115,L128,L134,L140,L150,L153,L154,L155,L156,L157,L158,L159,L160,L169,L178,L179,L182",33,0.9722669964170761,0.9722669964170761,0,,31,False,non_critical,
1,20260708,L038->L001,L038,L001,True,False,0.0,0.0,0.0,1.0000000000000022,"L001,L018,L019,L025,L030,L035,L038,L039,L040,L042,L045,L046,L060,L102,L109,L110,L111,L113,L115,L128,L134,L140,L150,L153,L154,L155,L156,L157,L158,L159,L160,L169,L178,L179,L182",35,0.9519955547200981,0.9519955547200981,0,,33,False,non_critical,
1,20260708,L096->L023,L096,L023,True,False,0.0,0.0,0.0,1.000000000000005,"L018,L023,L030,L044,L045,L046,L056,L057,L060,L065,L096,L102,L104,L109,L111,L112,L113,L115,L128,L134,L140,L150,L153,L154,L155,L156,L157,L158,L160,L169,L178,L179,L182",33,0.9334556528568654,0.9334556528568654,0,,31,False,non_critical,
1,20260708,L086->L011,L086,L011,True,False,0.0,0.0,0.0,1.0000000000000058,"L011,L015,L018,L019,L086",5,2.1326708626619286,2.1326708626619286,3,"L015,L018,L019",3,True,non_critical,
1,20260708,L039->L120,L039,L120,True,False,0.0,0.0,0.0,1.0000000000000113,"L039,L120,L178",3,1.0561793953384413,1.0561793953384413,0,,1,False,non_critical,
1,20260708,L115->L087,L115,L087,True,False,0.0,0.0,0.0,1.000000000000023,"L087,L115",2,1.0311169878266304,1.0311169878266304,0,,0,False,non_critical,
1,20260708,L139->L131,L139,L131,True,True,0.07813020233917722,0.0,0.07813020233917722,1.000000000000003,"L018,L044,L045,L046,L060,L065,L102,L104,L109,L110,L111,L113,L115,L128,L131,L134,L139,L140,L143,L149,L150,L153,L154,L155,L156,L157,L158,L159,L160,L169,L178,L179,L182",33,1.067613824608044,1.067613824608044,0,,31,False,island_only,
1,20260708,L097->L184,L097,L184,True,True,21.648461416338748,21.648461416338748,0.0,1.0000000000000004,"L018,L019,L030,L045,L046,L056,L057,L060,L062,L063,L064,L065,L077,L078,L082,L091,L097,L102,L104,L105,L106,L109,L110,L111,L112,L113,L115,L128,L134,L140,L149,L150,L153,L154,L155,L156,L158,L159,L160,L169,L178,L179,L182,L184",44,0.9610740669093655,0.9610740669093655,0,,42,False,island_only,
1,20260708,L105->L097,L105,L097,True,False,0.0,0.0,0.0,1.0000000000000024,"L060,L064,L065,L097,L102,L105",6,1.0772457676808391,1.0772457676808391,0,,4,False,non_critical,
1,20260708,L129->L177,L129,L177,True,False,0.0,0.0,0.0,1.0000000000000004,"L018,L044,L045,L046,L060,L102,L109,L110,L111,L113,L115,L128,L129,L134,L140,L149,L150,L153,L154,L155,L156,L157,L158,L159,L160,L169,L177,L178,L179,L182",30,1.2790022084577086,1.2790022084577086,1,L154,28,True,non_critical,
1,20260708,L036->L180,L036,L180,True,True,7.272188818003705,7.272188818003705,0.0,1.0000000000000009,"L018,L019,L020,L025,L036,L039,L044,L045,L046,L048,L054,L060,L102,L104,L109,L110,L111,L113,L115,L128,L134,L140,L149,L150,L153,L154,L155,L156,L158,L160,L169,L178,L179,L180,L182",35,0.9610740669093655,0.9610740669093655,0,,33,False,island_only,
1,20260708,L034->L159,L034,L159,True,False,0.0,0.0,0.0,1.0000000000000004,"L018,L030,L034,L040,L044,L045,L046,L060,L065,L102,L104,L109,L110,L111,L113,L115,L128,L134,L140,L150,L153,L154,L155,L156,L158,L159,L160,L169,L178,L179,L182",31,1.1527846496435057,1.1527846496435057,0,,29,False,non_critical,
1,20260708,L169->L052,L169,L052,True,False,0.0,0.0,0.0,1.000000000000023,"L052,L060,L169",3,1.3218722094712014,1.3218722094712014,1,L060,1,True,non_critical,
1,20260708,L151->L046,L151,L046,True,False,0.0,0.0,0.0,1.000000000000023,"L046,L128,L151,L155",4,1.0000109213449746,1.0000109213449746,0,,2,False,non_critical,
1,20260708,L174->L013,L174,L013,True,False,0.0,0.0,0.0,1.0000000000000002,"L013,L018,L044,L045,L046,L060,L102,L109,L110,L111,L113,L115,L128,L134,L140,L155,L156,L158,L169,L173,L174,L175,L178,L179,L182",25,1.1326236779724297,1.1326236779724297,0,,23,False,non_critical,
1,20260708,L148->L048,L148,L048,True,False,0.0,0.0,0.0,1.000000000000023,"L048,L128,L148,L155",4,1.0894198228510255,1.0894198228510255,0,,2,False,non_critical,
1,20260708,L100->L010,L100,L010,True,False,0.0,0.0,0.0,1.000000000000023,"L010,L015,L018,L019,L100,L102",6,3.5768239678059808,3.5768239678059808,3,"L015,L018,L019",4,True,non_critical,
1,20260708,L075->L059,L075,L059,True,True,18.346497960874867,18.346497960874867,0.0,1.0,"L018,L044,L045,L046,L059,L060,L065,L075,L102,L104,L109,L110,L111,L113,L115,L128,L134,L140,L150,L153,L154,L155,L156,L158,L160,L169,L178,L179,L182",29,38.682670160200274,38.682670160200274,27,"L018,L044,L045,L046,L060,L065,L102,L104,L109,L110,L111,L113,L115,L128,L134,L140,L150,L153,L154,L155,L156,L158,L160,L169,L178,L179,L182",27,True,relay_cascade,
1,20260708,L127->L090,L127,L090,True,False,0.0,0.0,0.0,1.0000000000000022,"L018,L019,L044,L045,L046,L054,L060,L065,L089,L090,L091,L092,L095,L102,L109,L110,L111,L113,L115,L127,L128,L134,L140,L150,L153,L154,L155,L156,L157,L158,L159,L160,L169,L178,L179,L182",36,39.50497869359289,39.50497869359289,33,"L018,L019,L044,L045,L046,L054,L060,L065,L089,L091,L092,L095,L102,L109,L110,L111,L113,L115,L134,L140,L150,L153,L154,L155,L156,L157,L158,L159,L160,L169,L178,L179,L182",34,True,non_critical,
1,20260708,L116->L065,L116,L065,True,False,0.0,0.0,0.0,1.0000000000000004,"L018,L044,L045,L046,L060,L065,L102,L109,L110,L111,L113,L114,L115,L116,L120,L128,L134,L140,L149,L150,L153,L154,L155,L156,L158,L159,L160,L169,L178,L179,L182,L186",32,0.9911486941357138,0.9911486941357138,0,,30,False,non_critical,
1,20260708,L132->L028,L132,L028,True,True,1.2263267694651137,0.0,1.2263267694651137,1.000000000000023,"L018,L028,L128,L132",4,1.7827084140305878,1.7827084140305878,1,L018,2,True,relay_cascade,
1,20260708,L048->L147,L048,L147,True,True,139.02370200842836,139.02370200842836,0.0,1.0,"L018,L045,L046,L048,L060,L102,L109,L110,L111,L113,L115,L128,L129,L134,L140,L147,L148,L149,L150,L153,L154,L155,L156,L157,L158,L160,L169,L178,L179,L182",30,10.738444753185199,10.738444753185199,28,"L018,L045,L046,L060,L102,L109,L110,L111,L113,L115,L128,L129,L134,L140,L148,L149,L150,L153,L154,L155,L156,L157,L158,L160,L169,L178,L179,L182",28,True,relay_cascade,
1,20260708,L165->L180,L165,L180,True,True,7.272188818003705,7.272188818003705,0.0,1.0000000000000016,"L018,L044,L045,L046,L060,L065,L102,L104,L109,L110,L111,L113,L115,L128,L134,L140,L150,L153,L154,L155,L156,L158,L160,L165,L169,L178,L179,L180,L182",29,38.880083451432625,38.880083451432625,27,"L018,L044,L045,L046,L060,L065,L102,L104,L109,L110,L111,L113,L115,L128,L134,L140,L150,L153,L154,L155,L156,L158,L160,L169,L178,L179,L182",27,True,relay_cascade,
1,20260708,L103->L012,L103,L012,True,False,0.0,0.0,0.0,1.0000000000000002,"L001,L002,L012,L014,L015,L018,L019,L020,L044,L045,L046,L054,L060,L102,L103,L104,L109,L110,L111,L113,L115,L128,L134,L140,L150,L153,L154,L155,L156,L158,L160,L169,L178,L179,L182",35,38.36276912947674,38.36276912947674,32,"L001,L002,L014,L015,L018,L019,L020,L044,L045,L046,L054,L060,L104,L109,L110,L111,L113,L115,L128,L134,L140,L150,L153,L154,L155,L156,L158,L160,L169,L178,L179,L182",33,True,non_critical,
1,20260708,L033->L124,L033,L124,True,False,0.0,0.0,0.0,1.0000000000000002,"L018,L019,L030,L033,L040,L043,L044,L045,L046,L054,L060,L102,L104,L109,L110,L111,L113,L115,L124,L128,L134,L140,L150,L153,L154,L155,L156,L158,L160,L169,L178,L179,L180,L182",34,0.9722669964170749,0.9722669964170749,0,,32,False,non_critical,
1,20260708,L122->L105,L122,L105,True,False,0.0,0.0,0.0,1.0000000000000122,"L018,L030,L044,L045,L046,L060,L065,L102,L104,L105,L109,L110,L111,L113,L115,L122,L128,L134,L140,L150,L153,L154,L155,L156,L157,L158,L160,L169,L178,L179,L182",31,38.438438177019776,38.438438177019776,28,"L018,L030,L044,L045,L046,L060,L065,L102,L104,L109,L110,L111,L113,L115,L134,L140,L150,L153,L154,L155,L156,L157,L158,L160,L169,L178,L179,L182",29,True,non_critical,
1,20260708,L069->L042,L069,L042,True,False,0.0,0.0,0.0,1.0000000000000004,"L018,L042,L044,L045,L046,L060,L065,L069,L102,L104,L109,L110,L111,L113,L115,L128,L134,L140,L150,L153,L154,L155,L156,L158,L160,L169,L178,L179,L182",29,39.830771891755255,39.830771891755255,27,"L018,L044,L045,L046,L060,L065,L102,L104,L109,L110,L111,L113,L115,L128,L134,L140,L150,L153,L154,L155,L156,L158,L160,L169,L178,L179,L182",27,True,non_critical,
1,20260708,L018->L114,L018,L114,True,False,0.0,0.0,0.0,1.0000000000000049,"L018,L114,L115",3,4.665120775437949,4.665120775437949,1,L115,1,True,non_critical,
1,20260708,L164->L099,L164,L099,True,False,0.0,0.0,0.0,1.0000000000000113,"L060,L065,L099,L102,L164",5,3.6514702924607385,3.6514702924607385,3,"L060,L065,L102",3,True,non_critical,
1,20260708,L070->L036,L070,L036,True,True,22.50545676159403,22.50545676159403,0.0,1.0000000000000004,"L018,L019,L020,L025,L030,L032,L036,L039,L044,L045,L046,L048,L054,L060,L070,L077,L078,L082,L102,L104,L109,L111,L112,L113,L115,L128,L134,L140,L149,L150,L153,L154,L155,L156,L158,L159,L160,L169,L178,L179,L182",41,38.803617706568495,38.803617706568495,35,"L018,L019,L020,L025,L030,L032,L039,L044,L045,L046,L048,L054,L060,L104,L109,L111,L112,L113,L115,L128,L134,L140,L149,L150,L153,L154,L155,L156,L158,L159,L160,L169,L178,L179,L182",39,True,relay_cascade,
1,20260708,L110->L085,L110,L085,True,False,0.0,0.0,0.0,1.0000000000000007,"L018,L044,L045,L046,L060,L065,L085,L102,L104,L109,L110,L111,L115,L128,L134,L140,L150,L153,L154,L155,L156,L158,L160,L169,L178,L179,L182",27,1.1509748615653306,1.1509748615653306,0,,25,False,non_critical,
1,20260708,L158->L031,L158,L031,True,True,58.608730684473244,58.608730684473244,0.0,1.0000000000000062,"L018,L031,L044,L045,L046,L060,L102,L109,L110,L111,L113,L115,L128,L129,L134,L140,L149,L150,L153,L154,L155,L156,L158,L160,L169,L178,L179,L182",28,16.585599119266405,16.585599119266405,24,"L018,L044,L045,L046,L060,L102,L109,L110,L111,L113,L115,L129,L134,L140,L149,L150,L153,L154,L156,L160,L169,L178,L179,L182",26,True,relay_cascade,
1,20260708,L012->L122,L012,L122,True,False,0.0,0.0,0.0,1.0000000000000675,"L012,L018,L122,L128",4,2.2656499205160525,2.2656499205160525,1,L128,2,True,non_critical,
1,20260708,L122->L149,L122,L149,True,False,0.0,0.0,0.0,1.0000000000000029,"L122,L128,L140,L149,L155,L156",6,3.235712508205864,3.235712508205864,3,"L140,L155,L156",4,True,non_critical,
1,20260708,L067->L133,L067,L133,True,True,20.77635989697293,20.77635989697293,0.0,1.0000000000000004,"L018,L044,L045,L046,L060,L065,L067,L102,L104,L109,L110,L111,L113,L115,L128,L133,L134,L140,L150,L153,L154,L155,L156,L157,L158,L160,L169,L178,L179,L182",30,40.376593048022855,40.376593048022855,28,"L018,L044,L045,L046,L060,L065,L102,L104,L109,L110,L111,L113,L115,L128,L134,L140,L150,L153,L154,L155,L156,L157,L158,L160,L169,L178,L179,L182",28,True,relay_cascade,
1,20260708,L018->L153,L018,L153,True,False,0.0,0.0,0.0,1.0000000000000027,"L018,L128,L153,L155,L156,L158",6,3.881197721580318,3.881197721580318,4,"L128,L155,L156,L158",4,True,non_critical,
1,20260708,L057->L067,L057,L067,True,False,0.0,0.0,0.0,1.0000000000000675,"L057,L067,L102",3,1.2647392757626017,1.2647392757626017,1,L102,1,True,non_critical,
1,20260708,L172->L114,L172,L114,True,False,0.0,0.0,0.0,1.0000000000000675,"L114,L115,L128,L172",4,2.501498663111268,2.501498663111268,2,"L115,L128",2,True,non_critical,
1,20260708,L186->L024,L186,L024,True,False,0.0,0.0,0.0,1.0000000000000113,"L018,L024,L178,L186",4,1.9868506205234595,1.9868506205234595,2,"L018,L178",2,True,non_critical,
1,20260708,L032->L142,L032,L142,True,False,0.0,0.0,0.0,1.0,"L018,L032,L044,L045,L046,L060,L065,L102,L104,L109,L110,L111,L113,L115,L128,L134,L140,L142,L150,L153,L154,L155,L156,L158,L160,L169,L178,L179,L182",29,1.1338117404908323,1.1338117404908323,0,,27,False,non_critical,
1,20260708,L108->L104,L108,L104,True,False,0.0,0.0,0.0,1.0000000000000007,"L018,L044,L045,L046,L060,L065,L102,L104,L108,L109,L111,L113,L114,L115,L128,L134,L140,L150,L153,L154,L155,L156,L158,L160,L169,L178,L179,L182",28,1.1055932484786122,1.1055932484786122,0,,26,False,non_critical,
1,20260708,L088->L117,L088,L117,True,False,0.0,0.0,0.0,1.0000000000000009,"L018,L044,L045,L046,L060,L065,L088,L102,L104,L109,L110,L111,L113,L115,L117,L128,L134,L140,L150,L153,L154,L155,L156,L158,L160,L169,L178,L179,L182",29,39.88398095235107,39.88398095235107,27,"L018,L044,L045,L046,L060,L065,L102,L104,L109,L110,L111,L113,L115,L128,L134,L140,L150,L153,L154,L155,L156,L158,L160,L169,L178,L179,L182",27,True,non_critical,
1,20260708,L122->L139,L122,L139,True,False,0.0,0.0,0.0,1.000000000000023,"L122,L128,L139,L140",4,3.119765431361017,3.119765431361017,1,L140,2,True,non_critical,
1,20260708,L080->L063,L080,L063,True,False,0.0,0.0,0.0,1.000000000000004,"L018,L030,L044,L045,L046,L060,L063,L065,L080,L102,L104,L109,L111,L112,L113,L115,L128,L134,L140,L150,L153,L154,L155,L156,L157,L158,L160,L169,L178,L179,L182",31,38.84214619184263,38.84214619184263,29,"L018,L030,L044,L045,L046,L060,L065,L102,L104,L109,L111,L112,L113,L115,L128,L134,L140,L150,L153,L154,L155,L156,L157,L158,L160,L169,L178,L179,L182",29,True,non_critical,
1,20260708,L018->L132,L018,L132,True,False,0.0,0.0,0.0,1.000000000000004,"L018,L128,L132",3,5.372009299719863,5.372009299719863,1,L128,1,True,non_critical,
1,20260708,L169->L178,L169,L178,True,False,0.0,0.0,0.0,1.0000000000000058,"L169,L178,L182",3,1.2084442876088453,1.2084442876088453,1,L182,1,True,non_critical,
1,20260708,L181->L003,L181,L003,True,False,0.0,0.0,0.0,1.0,"L003,L018,L030,L044,L045,L046,L060,L065,L102,L104,L109,L110,L111,L113,L115,L128,L134,L140,L150,L153,L154,L155,L156,L158,L160,L169,L178,L179,L180,L181,L182",31,1.1246492696705237,1.1246492696705237,0,,29,False,non_critical,
1,20260708,L153->L030,L153,L030,True,False,0.0,0.0,0.0,1.000000000000023,"L030,L060,L065,L077,L078,L102,L104,L111,L115,L128,L153,L155",12,4.527662804356971,4.527662804356971,8,"L060,L065,L077,L078,L102,L104,L111,L115",10,True,non_critical,
1,20260708,L022->L104,L022,L104,True,False,0.0,0.0,0.0,1.0000000000000018,"L018,L019,L022,L044,L045,L046,L056,L057,L060,L065,L077,L078,L082,L095,L102,L104,L109,L110,L111,L113,L115,L128,L134,L140,L150,L153,L154,L155,L156,L158,L160,L169,L178,L179,L182",35,39.8836565555876,39.8836565555876,32,"L019,L044,L045,L046,L056,L057,L060,L065,L077,L078,L082,L095,L102,L109,L110,L111,L113,L115,L128,L134,L140,L150,L153,L154,L155,L156,L158,L160,L169,L178,L179,L182",33,True,non_critical,
1,20260708,L008->L041,L008,L041,True,False,0.0,0.0,0.0,1.0,"L008,L014,L015,L017,L018,L019,L020,L022,L037,L041,L044,L045,L046,L060,L102,L109,L110,L111,L113,L115,L128,L134,L140,L150,L153,L154,L155,L156,L157,L158,L160,L169,L178,L179,L182",35,1.0635399271799042,1.0635399271799042,0,,33,False,non_critical,
1,20260708,L066->L163,L066,L163,True,False,0.0,0.0,0.0,1.000000000000019,"L066,L163",2,1.1376263871963204,1.1376263871963204,0,,0,False,non_critical,
1,20260708,L148->L078,L148,L078,True,False,0.0,0.0,0.0,1.000000000000002,"L078,L128,L148,L155",4,1.0441113282274384,1.0441113282274384,0,,2,False,non_critical,
1,20260708,L105->L181,L105,L181,True,True,28.04448492287076,28.04448492287076,0.0,1.000000000000005,"L018,L019,L044,L045,L046,L054,L060,L064,L065,L102,L105,L109,L110,L111,L113,L115,L128,L134,L140,L150,L153,L154,L155,L156,L158,L160,L169,L178,L179,L180,L181,L182",32,38.39990781917819,38.39990781917819,26,"L018,L019,L044,L045,L046,L054,L109,L110,L111,L113,L115,L128,L134,L140,L150,L153,L154,L155,L156,L158,L160,L169,L178,L179,L180,L182",30,True,relay_cascade,
1,20260708,L024->L121,L024,L121,True,False,0.0,0.0,0.0,1.0000000000000675,"L024,L121,L128,L155",4,10.246624347270663,10.246624347270663,2,"L128,L155",2,True,non_critical,
1,20260708,L054->L156,L054,L156,True,False,0.0,0.0,0.0,1.000000000000001,"L018,L019,L030,L044,L045,L046,L054,L060,L065,L102,L104,L109,L110,L111,L113,L115,L128,L134,L140,L150,L153,L154,L155,L156,L157,L158,L159,L160,L169,L178,L179,L182",32,0.9722669964170761,0.9722669964170761,0,,30,False,non_critical,
1,20260708,L160->L050,L160,L050,True,True,33.88157185629734,33.88157185629734,0.0,1.000000000000001,"L018,L044,L045,L046,L050,L059,L060,L061,L065,L102,L104,L109,L110,L111,L113,L115,L128,L134,L140,L153,L154,L155,L156,L158,L159,L160,L169,L178,L179,L182",30,11.940413540380332,11.940413540380332,26,"L018,L044,L045,L046,L059,L060,L061,L065,L102,L104,L109,L110,L111,L113,L115,L134,L140,L153,L154,L156,L158,L159,L169,L178,L179,L182",28,True,relay_cascade,
1,20260708,L067->L097,L067,L097,True,False,0.0,0.0,0.0,1.000000000000019,"L060,L065,L067,L097,L102,L115",6,3.5314212333921793,3.5314212333921793,4,"L060,L065,L102,L115",4,True,non_critical,
1,20260708,L156->L123,L156,L123,True,False,0.0,0.0,0.0,1.000000000000023,"L123,L156",2,1.0599003006632408,1.0599003006632408,0,,0,False,non_critical,
1,20260708,L106->L172,L106,L172,True,False,0.0,0.0,0.0,1.0000000000000115,"L106,L169,L172",3,1.7282059116182518,1.7282059116182518,1,L169,1,True,non_critical,
1,20260708,L173->L111,L173,L111,True,False,0.0,0.0,0.0,1.0000000000000004,"L111,L115,L173",3,1.2778916949139831,1.2778916949139831,1,L115,1,True,non_critical,
1,20260708,L064->L077,L064,L077,True,False,0.0,0.0,0.0,1.000000000000023,"L064,L077",2,1.0046433045744454,1.0046433045744454,0,,0,False,non_critical,
1,20260708,L054->L137,L054,L137,True,False,0.0,0.0,0.0,1.0000000000000004,"L018,L019,L030,L044,L045,L046,L054,L060,L065,L102,L104,L109,L110,L111,L113,L115,L128,L134,L137,L140,L150,L153,L154,L155,L156,L157,L158,L159,L160,L169,L178,L179,L182",33,0.9722669964170761,0.9722669964170761,0,,31,False,non_critical,
1,20260708,L179->L071,L179,L071,True,True,70.56694602954056,70.56694602954056,0.0,1.0000000000000002,"L018,L044,L045,L046,L060,L065,L071,L073,L074,L082,L102,L104,L109,L110,L111,L113,L115,L128,L134,L140,L149,L150,L153,L154,L155,L156,L158,L160,L169,L178,L179,L182",32,37.613909279276534,37.613909279276534,30,"L018,L044,L045,L046,L060,L065,L073,L074,L082,L102,L104,L109,L110,L111,L113,L115,L128,L134,L140,L149,L150,L153,L154,L155,L156,L158,L160,L169,L178,L182",30,True,relay_cascade,
1,20260708,L025->L118,L025,L118,True,False,0.0,0.0,0.0,1.0000000000000018,"L018,L025,L044,L045,L046,L060,L065,L102,L104,L109,L110,L111,L113,L115,L118,L128,L134,L140,L150,L153,L154,L155,L156,L158,L160,L169,L178,L179,L182,L186",30,37.78015318266733,37.78015318266733,28,"L018,L044,L045,L046,L060,L065,L102,L104,L109,L110,L111,L113,L115,L128,L134,L140,L150,L153,L154,L155,L156,L158,L160,L169,L178,L179,L182,L186",28,True,non_critical,
1,20260708,L159->L109,L159,L109,True,False,0.0,0.0,0.0,1.0000000000000078,"L109,L111,L128,L155,L158,L159,L178",7,1.984811218461243,1.984811218461243,2,"L111,L178",5,True,non_critical,
1,20260708,L108->L156,L108,L156,True,False,0.0,0.0,0.0,1.0000000000000007,"L018,L044,L045,L046,L060,L065,L102,L104,L108,L109,L111,L113,L114,L115,L128,L134,L140,L150,L153,L154,L155,L156,L158,L160,L169,L178,L179,L182",28,1.1055932484786122,1.1055932484786122,0,,26,False,non_critical,
1,20260708,L097->L049,L097,L049,True,False,0.0,0.0,0.0,1.0000000000000004,"L018,L019,L030,L045,L046,L049,L056,L057,L060,L062,L063,L064,L065,L077,L078,L082,L091,L097,L102,L104,L105,L106,L109,L110,L111,L112,L113,L115,L128,L134,L140,L149,L150,L153,L154,L155,L156,L158,L159,L160,L169,L178,L179,L182",44,0.9610740669093655,0.9610740669093655,0,,42,False,non_critical,
1,20260708,L104->L142,L104,L142,True,False,0.0,0.0,0.0,1.000000000000023,"L104,L142",2,1.1090764464992313,1.1090764464992313,0,,0,False,non_critical,
1,20260708,L084->L024,L084,L024,True,False,0.0,0.0,0.0,1.0000000000000016,"L024,L084",2,1.1927459099250401,1.1927459099250401,0,,0,False,non_critical,
1,20260708,L023->L169,L023,L169,True,False,0.0,0.0,0.0,1.0000000000000002,"L018,L019,L023,L025,L026,L027,L044,L045,L046,L054,L060,L102,L104,L109,L110,L111,L113,L115,L128,L134,L140,L150,L153,L154,L155,L156,L158,L160,L169,L178,L179,L182",32,0.9722669964170749,0.9722669964170749,0,,30,False,non_critical,
1,20260708,L011->L106,L011,L106,True,False,0.0,0.0,0.0,1.0000000000000016,"L011,L018,L030,L044,L045,L046,L060,L063,L065,L102,L104,L106,L109,L110,L111,L113,L115,L128,L134,L140,L150,L153,L154,L155,L156,L158,L160,L169,L178,L179,L182",31,35.281572937610115,35.281572937610115,28,"L030,L044,L045,L046,L060,L063,L065,L102,L104,L109,L110,L111,L113,L115,L128,L134,L140,L150,L153,L154,L155,L156,L158,L160,L169,L178,L179,L182",29,True,non_critical,
1,20260708,L034->L172,L034,L172,True,False,0.0,0.0,0.0,1.0000000000000002,"L018,L030,L034,L040,L044,L045,L046,L060,L065,L102,L104,L109,L110,L111,L113,L115,L128,L134,L140,L150,L153,L154,L155,L156,L158,L160,L169,L172,L178,L179,L182",31,1.1527846496435057,1.1527846496435057,0,,29,False,non_critical,
1,20260708,L163->L153,L163,L153,True,False,0.0,0.0,0.0,1.000000000000023,"L128,L153,L155,L156,L158,L163,L169",7,3.8811977241088425,3.8811977241088425,4,"L128,L155,L156,L158",5,True,non_critical,
1,20260708,L165->L159,L165,L159,True,False,0.0,0.0,0.0,1.000000000000023,"L128,L140,L155,L156,L158,L159,L165",7,7.434962169979837,7.434962169979837,5,"L128,L140,L155,L156,L158",5,True,non_critical,
1,20260708,L072->L034,L072,L034,True,True,41.04569367595296,41.04569367595296,0.0,1.000000000000003,"L018,L030,L034,L040,L044,L045,L046,L060,L065,L072,L102,L104,L109,L110,L111,L113,L115,L128,L134,L140,L150,L153,L154,L155,L156,L158,L160,L169,L178,L179,L182",31,38.10788168674933,38.10788168674933,29,"L018,L030,L040,L044,L045,L046,L060,L065,L102,L104,L109,L110,L111,L113,L115,L128,L134,L140,L150,L153,L154,L155,L156,L158,L160,L169,L178,L179,L182",29,True,relay_cascade,
1,20260708,L178->L114,L178,L114,True,False,0.0,0.0,0.0,1.0000000000000038,"L109,L111,L114,L115,L178",5,3.2894372226641884,3.2894372226641884,3,"L109,L111,L115",3,True,non_critical,
1,20260708,L131->L073,L131,L073,True,False,0.0,0.0,0.0,1.0000000000000033,"L073,L128,L131,L155",4,1.0126232322164967,1.0126232322164967,0,,2,False,non_critical,
1,20260708,L022->L101,L022,L101,True,False,0.0,0.0,0.0,1.0000000000000095,"L018,L022,L101,L102",4,1.2395589869165076,1.2395589869165076,1,L102,2,True,non_critical,
1,20260708,L016->L178,L016,L178,True,False,0.0,0.0,0.0,1.0,"L016,L018,L019,L044,L045,L046,L054,L060,L102,L104,L109,L110,L111,L113,L115,L128,L134,L140,L150,L153,L154,L155,L156,L158,L160,L169,L178,L179,L182",29,0.9722669964170749,0.9722669964170749,0,,27,False,non_critical,
1,20260708,L184->L151,L184,L151,True,True,53.17287589503822,53.17287589503822,0.0,1.0000000000000007,"L018,L044,L045,L046,L060,L065,L102,L104,L109,L110,L111,L113,L115,L128,L134,L140,L148,L149,L150,L151,L153,L154,L155,L156,L158,L160,L169,L178,L179,L182,L184",31,1.5295730426064225,1.5295730426064225,2,"L148,L149",29,True,relay_cascade,
1,20260708,L082->L122,L082,L122,True,False,0.0,0.0,0.0,1.0000000000000022,"L082,L122,L128",3,2.2656655719737584,2.2656655719737584,1,L128,1,True,non_critical,
1,20260708,L045->L136,L045,L136,True,False,0.0,0.0,0.0,1.000000000000008,"L045,L128,L136,L155",4,3.5702374237881784,3.5702374237881784,2,"L128,L155",2,True,non_critical,
1,20260708,L045->L160,L045,L160,True,False,0.0,0.0,0.0,1.000000000000003,"L045,L128,L155,L160",4,2.9352201859782845,2.9352201859782845,2,"L128,L155",2,True,non_critical,
1,20260708,L170->L035,L170,L035,True,True,1.325370392301084,0.0,1.325370392301084,1.0000000000000029,"L035,L169,L170,L182",4,2.49917761563041,2.49917761563041,1,L182,2,True,relay_cascade,
1,20260708,L097->L101,L097,L101,True,False,0.0,0.0,0.0,1.0000000000000004,"L018,L019,L030,L045,L046,L056,L057,L060,L062,L063,L064,L065,L077,L078,L082,L091,L097,L101,L102,L104,L105,L106,L109,L110,L111,L112,L113,L115,L128,L134,L140,L149,L150,L153,L154,L155,L156,L158,L159,L160,L169,L178,L179,L182",44,0.9610740669093655,0.9610740669093655,0,,42,False,non_critical,
1,20260708,L125->L157,L125,L157,True,False,0.0,0.0,0.0,1.0000000000000058,"L125,L128,L155,L157",4,6.045040232497592,6.045040232497592,1,L155,2,True,non_critical,
1,20260708,L047->L176,L047,L176,True,False,0.0,0.0,0.0,1.0000000000000002,"L018,L044,L045,L046,L047,L056,L057,L060,L065,L077,L078,L082,L095,L102,L104,L109,L110,L111,L113,L115,L128,L134,L140,L150,L153,L154,L155,L156,L158,L160,L169,L176,L178,L179,L182",35,1.0909231047626002,1.0909231047626002,0,,33,False,non_critical,
1,20260708,L181->L173,L181,L173,True,False,0.0,0.0,0.0,1.0000000000000004,"L018,L030,L044,L045,L046,L060,L065,L102,L104,L109,L110,L111,L113,L115,L128,L134,L140,L150,L153,L154,L155,L156,L158,L160,L169,L173,L178,L179,L180,L181,L182",31,1.1246492696705175,1.1246492696705175,0,,29,False,non_critical,
1,20260708,L185->L083,L185,L083,True,False,0.0,0.0,0.0,1.0,"L018,L044,L045,L046,L060,L083,L102,L109,L110,L111,L113,L115,L128,L134,L140,L150,L153,L154,L155,L156,L158,L160,L169,L178,L179,L182,L185,L186",28,1.157133372534225,1.157133372534225,0,,26,False,non_critical,
1,20260708,L094->L115,L094,L115,True,False,0.0,0.0,0.0,1.0000000000000004,"L018,L019,L030,L045,L046,L056,L057,L060,L062,L063,L064,L065,L077,L078,L082,L091,L094,L095,L102,L104,L105,L106,L109,L110,L111,L112,L113,L115,L128,L134,L140,L149,L150,L153,L154,L155,L156,L158,L159,L160,L169,L178,L179,L182",44,0.9610740669093655,0.9610740669093655,0,,42,False,non_critical,
1,20260708,L131->L149,L131,L149,True,True,0.07813020233919943,0.0,0.07813020233919943,1.0000000000000033,"L128,L131,L140,L149,L155",5,1.4113084735431012,1.4113084735431012,1,L140,3,True,relay_cascade,
1,20260708,L008->L097,L008,L097,True,False,0.0,0.0,0.0,1.0,"L008,L014,L015,L017,L018,L019,L020,L022,L037,L044,L045,L046,L056,L057,L060,L065,L091,L097,L102,L104,L109,L110,L111,L113,L115,L128,L134,L140,L150,L153,L154,L155,L156,L157,L158,L160,L169,L178,L179,L182",40,2.669800136700193,2.669800136700193,5,"L056,L057,L065,L091,L104",38,True,non_critical,
1,20260708,L056->L035,L056,L035,True,True,1.325370392301095,0.0,1.325370392301095,1.000000000000002,"L018,L035,L044,L045,L046,L056,L057,L060,L065,L077,L078,L082,L095,L102,L104,L109,L110,L111,L113,L115,L128,L134,L140,L150,L153,L154,L155,L156,L158,L160,L169,L178,L179,L182",34,39.789198670365465,39.789198670365465,32,"L018,L044,L045,L046,L057,L060,L065,L077,L078,L082,L095,L102,L104,L109,L110,L111,L113,L115,L128,L134,L140,L150,L153,L154,L155,L156,L158,L160,L169,L178,L179,L182",32,True,relay_cascade,
1,20260708,L135->L180,L135,L180,True,True,7.272188818003705,7.272188818003705,0.0,1.0000000000000007,"L018,L044,L045,L046,L060,L065,L102,L104,L109,L110,L111,L113,L115,L128,L134,L135,L140,L150,L153,L154,L155,L156,L158,L160,L169,L178,L179,L180,L182",29,11.625993939358578,11.625993939358578,25,"L018,L044,L045,L046,L060,L065,L102,L104,L109,L110,L111,L113,L115,L134,L140,L150,L153,L154,L156,L158,L160,L169,L178,L179,L182",27,True,relay_cascade,
1,20260708,L135->L066,L135,L066,True,False,0.0,0.0,0.0,1.0,"L066,L102,L111,L115,L128,L135,L155",7,1.3908414124823354,1.3908414124823354,3,"L102,L111,L115",5,True,non_critical,
1,20260708,L101->L009,L101,L009,True,False,0.0,0.0,0.0,1.0000000000000004,"L009,L018,L019,L030,L045,L046,L060,L065,L101,L102,L104,L109,L111,L112,L113,L115,L128,L134,L140,L150,L153,L154,L155,L156,L157,L158,L159,L160,L169,L178,L179,L182",32,44.112209326862704,44.112209326862704,30,"L018,L019,L030,L045,L046,L060,L065,L102,L104,L109,L111,L112,L113,L115,L128,L134,L140,L150,L153,L154,L155,L156,L157,L158,L159,L160,L169,L178,L179,L182",30,True,non_critical,
1,20260708,L137->L148,L137,L148,True,False,0.0,0.0,0.0,1.0000000000000095,"L128,L137,L148,L149,L155,L156",6,1.000000000000023,1.000000000000023,0,,4,False,non_critical,
1,20260708,L186->L042,L186,L042,True,False,0.0,0.0,0.0,1.0000000000000016,"L042,L182,L186",3,6.4577029426425625,6.4577029426425625,1,L182,1,True,non_critical,
1,20260708,L119->L047,L119,L047,True,True,31.300605334860514,31.300605334860514,0.0,1.000000000000005,"L018,L044,L045,L046,L047,L056,L057,L060,L065,L077,L078,L082,L095,L102,L104,L109,L110,L111,L113,L115,L119,L128,L134,L140,L150,L153,L154,L155,L156,L158,L160,L169,L178,L179,L182",35,37.67361450609996,37.67361450609996,31,"L018,L044,L045,L046,L056,L057,L060,L065,L077,L078,L082,L095,L102,L104,L109,L110,L111,L113,L134,L140,L150,L153,L154,L155,L156,L158,L160,L169,L178,L179,L182",33,True,relay_cascade,
1,20260708,L090->L102,L090,L102,True,False,0.0,0.0,0.0,1.000000000000023,"L090,L091,L102",3,1.1057180472614563,1.1057180472614563,0,,1,False,non_critical,
1,20260708,L110->L042,L110,L042,True,False,0.0,0.0,0.0,1.0000000000000024,"L018,L042,L044,L045,L046,L060,L065,L102,L104,L109,L110,L111,L115,L128,L134,L140,L150,L153,L154,L155,L156,L158,L160,L169,L178,L179,L182",27,1.1338117404908323,1.1338117404908323,0,,25,False,non_critical,
1,20260708,L110->L174,L110,L174,True,False,0.0,0.0,0.0,1.0000000000000002,"L018,L044,L045,L046,L060,L065,L102,L104,L109,L110,L111,L115,L128,L134,L140,L150,L153,L154,L155,L156,L158,L160,L169,L174,L178,L179,L182",27,1.1338117404908408,1.1338117404908408,0,,25,False,non_critical,
1,20260708,L014->L020,L014,L020,True,False,0.0,0.0,0.0,1.000000000000019,"L014,L018,L020",3,1.6164551273578995,1.6164551273578995,1,L018,1,True,non_critical,
1,20260708,L071->L172,L071,L172,True,False,0.0,0.0,0.0,1.0000000000000002,"L018,L044,L045,L046,L060,L065,L071,L073,L074,L082,L102,L104,L109,L110,L111,L113,L115,L128,L134,L140,L149,L150,L153,L154,L155,L156,L158,L159,L160,L169,L172,L178,L179,L182",34,0.9638676581548471,0.9638676581548471,0,,32,False,non_critical,
1,20260708,L081->L037,L081,L037,True,False,0.0,0.0,0.0,1.0000000000000004,"L015,L018,L019,L020,L037,L044,L045,L046,L060,L081,L102,L109,L110,L111,L113,L115,L128,L134,L140,L150,L153,L154,L155,L156,L157,L158,L160,L169,L178,L179,L182",31,40.10707817231799,40.10707817231799,29,"L015,L018,L019,L020,L044,L045,L046,L060,L102,L109,L110,L111,L113,L115,L128,L134,L140,L150,L153,L154,L155,L156,L157,L158,L160,L169,L178,L179,L182",29,True,non_critical,
1,20260708,L093->L117,L093,L117,True,False,0.0,0.0,0.0,1.0000000000000007,"L018,L019,L030,L045,L046,L056,L057,L060,L062,L063,L064,L065,L077,L078,L082,L091,L093,L095,L102,L104,L105,L106,L109,L110,L111,L112,L113,L115,L117,L128,L134,L140,L149,L150,L153,L154,L155,L156,L158,L159,L160,L169,L178,L179,L182",45,0.9610740669093655,0.9610740669093655,0,,43,False,non_critical,
1,20260708,L100->L042,L100,L042,True,False,0.0,0.0,0.0,1.000000000000001,"L042,L100,L102,L182",4,5.526060313421999,5.526060313421999,1,L182,2,True,non_critical,
1,20260708,L042->L089,L042,L089,True,False,0.0,0.0,0.0,1.0000000000000027,"L042,L089,L182",3,1.0242908712711079,1.0242908712711079,0,,1,False,non_critical,
1,20260708,L156->L125,L156,L125,True,False,0.0,0.0,0.0,1.0000000000000113,"L125,L128,L156",3,1.6581459533213996,1.6581459533213996,1,L128,1,True,non_critical,
1,20260708,L121->L028,L121,L028,True,True,1.2263267694651248,0.0,1.2263267694651248,1.0000000000000018,"L018,L028,L044,L045,L046,L060,L065,L102,L104,L109,L110,L111,L113,L115,L121,L128,L134,L140,L150,L153,L154,L155,L156,L158,L160,L169,L178,L179,L182",29,38.53959648464427,38.53959648464427,26,"L018,L044,L045,L046,L060,L065,L102,L104,L109,L110,L111,L113,L115,L134,L140,L150,L153,L154,L155,L156,L158,L160,L169,L178,L179,L182",27,True,relay_cascade,
1,20260708,L014->L142,L014,L142,True,False,0.0,0.0,0.0,1.0000000000000018,"L014,L142",2,1.1089917910506937,1.1089917910506937,0,,0,False,non_critical,
1,20260708,L078->L108,L078,L108,True,False,0.0,0.0,0.0,1.0000000000000007,"L018,L030,L044,L045,L046,L060,L065,L078,L102,L104,L108,L109,L110,L111,L113,L114,L115,L128,L134,L140,L150,L153,L154,L155,L156,L158,L160,L169,L178,L179,L182",31,40.06219949634085,40.06219949634085,29,"L018,L030,L044,L045,L046,L060,L065,L102,L104,L109,L110,L111,L113,L114,L115,L128,L134,L140,L150,L153,L154,L155,L156,L158,L160,L169,L178,L179,L182",29,True,non_critical,
1,20260708,L136->L078,L136,L078,True,False,0.0,0.0,0.0,1.000000000000023,"L078,L128,L136,L155",4,1.0441113282274384,1.0441113282274384,0,,2,False,non_critical,
1,20260708,L118->L151,L118,L151,True,True,53.17287589503822,53.17287589503822,0.0,1.0,"L018,L044,L045,L046,L060,L065,L102,L104,L109,L110,L111,L113,L115,L118,L128,L134,L140,L148,L149,L150,L151,L153,L154,L155,L156,L158,L160,L169,L178,L179,L182,L186",32,1.524496553174314,1.524496553174314,2,"L148,L149",30,True,relay_cascade,
1,20260708,L067->L154,L067,L154,True,False,0.0,0.0,0.0,1.0000000000000058,"L067,L128,L154,L155",4,6.615490393383007,6.615490393383007,2,"L128,L155",2,True,non_critical,
1,20260708,L136->L141,L136,L141,True,False,0.0,0.0,0.0,1.000000000000003,"L018,L044,L045,L046,L060,L065,L102,L104,L109,L110,L111,L113,L115,L128,L134,L136,L140,L141,L143,L149,L150,L153,L154,L155,L156,L157,L158,L159,L160,L169,L178,L179,L182",33,12.003656079722417,12.003656079722417,29,"L018,L044,L045,L046,L060,L065,L102,L104,L109,L110,L111,L113,L115,L134,L140,L143,L149,L150,L153,L154,L156,L157,L158,L159,L160,L169,L178,L179,L182",31,True,non_critical,
1,20260708,L172->L129,L172,L129,True,True,58.608730684473244,58.608730684473244,0.0,1.0000000000000002,"L018,L044,L045,L046,L060,L102,L109,L110,L111,L113,L115,L128,L129,L134,L140,L149,L150,L153,L155,L156,L157,L158,L159,L160,L169,L172,L178,L179,L182",29,31.360434402777727,31.360434402777727,27,"L018,L044,L045,L046,L060,L102,L109,L110,L111,L113,L115,L128,L134,L140,L149,L150,L153,L155,L156,L157,L158,L159,L160,L169,L178,L179,L182",27,True,relay_cascade,
1,20260708,L142->L059,L142,L059,True,True,18.346497960874867,18.346497960874867,0.0,1.0000000000000002,"L018,L044,L045,L046,L059,L060,L065,L102,L104,L109,L110,L111,L113,L115,L128,L134,L140,L142,L150,L153,L154,L155,L156,L158,L160,L169,L178,L179,L182",29,37.654746896313355,37.654746896313355,26,"L018,L044,L045,L046,L060,L065,L102,L104,L109,L110,L111,L113,L115,L134,L140,L150,L153,L154,L155,L156,L158,L160,L169,L178,L179,L182",27,True,relay_cascade,
1,20260708,L025->L165,L025,L165,True,False,0.0,0.0,0.0,1.0000000000000049,"L025,L165",2,1.0427879264031297,1.0427879264031297,0,,0,False,non_critical,
1,20260708,L091->L105,L091,L105,True,False,0.0,0.0,0.0,1.0,"L018,L030,L044,L045,L046,L056,L057,L060,L064,L065,L077,L078,L082,L091,L092,L102,L104,L105,L106,L109,L110,L111,L113,L115,L128,L134,L140,L153,L154,L155,L156,L158,L160,L169,L178,L179,L182",37,33.68429891835017,33.68429891835017,35,"L018,L030,L044,L045,L046,L056,L057,L060,L064,L065,L077,L078,L082,L092,L102,L104,L106,L109,L110,L111,L113,L115,L128,L134,L140,L153,L154,L155,L156,L158,L160,L169,L178,L179,L182",35,True,non_critical,
1,20260708,L163->L143,L163,L143,True,False,0.0,0.0,0.0,1.000000000000023,"L128,L143,L163,L169",4,1.3395079924085471,1.3395079924085471,1,L128,2,True,non_critical,
1,20260708,L030->L029,L030,L029,True,True,42.3080770354206,42.3080770354206,0.0,1.0000000000000098,"L018,L025,L029,L030,L044,L045,L046,L060,L065,L102,L104,L109,L110,L112,L113,L115,L128,L134,L140,L150,L153,L154,L155,L156,L158,L160,L169,L178,L179,L182",30,38.121334271808,38.121334271808,28,"L018,L025,L044,L045,L046,L060,L065,L102,L104,L109,L110,L112,L113,L115,L128,L134,L140,L150,L153,L154,L155,L156,L158,L160,L169,L178,L179,L182",28,True,relay_cascade,
1,20260708,L089->L084,L089,L084,True,False,0.0,0.0,0.0,1.0000000000000036,"L084,L089",2,1.0234699247279093,1.0234699247279093,0,,0,False,non_critical,
1,20260708,L043->L023,L043,L023,True,False,0.0,0.0,0.0,1.0,"L018,L023,L025,L026,L043,L044,L045,L046,L060,L065,L102,L104,L109,L110,L111,L113,L115,L128,L134,L140,L150,L153,L154,L155,L156,L158,L160,L169,L178,L179,L182",31,39.44755778699484,39.44755778699484,28,"L018,L025,L026,L044,L045,L046,L060,L065,L102,L104,L109,L110,L111,L113,L115,L128,L134,L140,L150,L153,L154,L155,L156,L158,L160,L169,L178,L179",29,True,non_critical,
1,20260708,L015->L140,L015,L140,True,False,0.0,0.0,0.0,1.0000000000000016,"L015,L128,L140",3,1.2546543583196903,1.2546543583196903,1,L128,1,True,non_critical,
1,20260708,L122->L001,L122,L001,True,False,0.0,0.0,0.0,1.000000000000023,"L001,L122,L128",3,1.0240821319995268,1.0240821319995268,0,,1,False,non_critical,
1,20260708,L022->L133,L022,L133,True,True,20.77635989697293,20.77635989697293,0.0,1.0000000000000009,"L018,L019,L022,L044,L045,L046,L060,L065,L102,L104,L109,L110,L111,L113,L115,L128,L133,L134,L140,L150,L153,L154,L155,L156,L157,L158,L160,L169,L178,L179,L182",31,40.302847873072466,40.302847873072466,28,"L019,L044,L045,L046,L060,L065,L102,L104,L109,L110,L111,L113,L115,L128,L134,L140,L150,L153,L154,L155,L156,L157,L158,L160,L169,L178,L179,L182",29,True,relay_cascade,
1,20260708,L001->L125,L001,L125,True,False,0.0,0.0,0.0,1.000000000000023,"L001,L125,L128",3,1.653575615662898,1.653575615662898,1,L128,1,True,non_critical,
1,20260708,L162->L064,L162,L064,True,False,0.0,0.0,0.0,1.000000000000006,"L064,L128,L155,L162",4,1.1418261829100238,1.1418261829100238,0,,2,False,non_critical,
1,20260708,L128->L136,L128,L136,True,False,0.0,0.0,0.0,1.0000000000000009,"L128,L136,L155",3,1.5992265280340232,1.5992265280340232,1,L155,1,True,non_critical,
1,20260708,L160->L017,L160,L017,True,True,14.684099265673353,14.684099265673353,0.0,1.0000000000000004,"L017,L018,L019,L044,L045,L046,L060,L065,L102,L104,L109,L110,L111,L113,L115,L128,L134,L140,L153,L154,L155,L156,L158,L159,L160,L169,L178,L179,L182",29,11.677508387800787,11.677508387800787,25,"L018,L019,L044,L045,L046,L060,L065,L102,L104,L109,L110,L111,L113,L115,L134,L140,L153,L154,L156,L158,L159,L169,L178,L179,L182",27,True,relay_cascade,
1,20260708,L010->L090,L010,L090,True,False,0.0,0.0,0.0,1.0000000000000018,"L010,L018,L019,L044,L045,L046,L054,L060,L082,L089,L090,L091,L092,L095,L102,L109,L110,L111,L113,L115,L128,L134,L140,L150,L153,L154,L155,L156,L157,L158,L160,L169,L178,L179,L182",35,41.360160530277156,41.360160530277156,32,"L019,L044,L045,L046,L054,L060,L082,L089,L091,L092,L095,L102,L109,L110,L111,L113,L115,L128,L134,L140,L150,L153,L154,L155,L156,L157,L158,L160,L169,L178,L179,L182",33,True,non_critical,
1,20260708,L179->L006,L179,L006,True,False,0.0,0.0,0.0,1.0000000000000027,"L006,L179",2,1.0749544333676775,1.0749544333676775,0,,0,False,non_critical,
1,20260708,L141->L072,L141,L072,True,True,3.251981251469227,0.0,3.251981251469227,1.000000000000002,"L072,L128,L140,L141,L156",5,1.082046527824238,1.082046527824238,0,,3,False,island_only,
1,20260708,L016->L083,L016,L083,True,False,0.0,0.0,0.0,1.000000000000002,"L016,L018,L019,L044,L045,L046,L054,L060,L083,L102,L104,L109,L110,L111,L113,L115,L128,L134,L140,L150,L153,L154,L155,L156,L158,L160,L169,L178,L179,L182",30,0.9722669964170749,0.9722669964170749,0,,28,False,non_critical,
1,20260708,L073->L186,L073,L186,True,False,0.0,0.0,0.0,1.0000000000000022,"L073,L186",2,1.1098508533832716,1.1098508533832716,0,,0,False,non_critical,
1,20260708,L171->L083,L171,L083,True,False,0.0,0.0,0.0,1.000000000000023,"L083,L171",2,1.0010303619281473,1.0010303619281473,0,,0,False,non_critical,
1,20260708,L011->L049,L011,L049,True,False,0.0,0.0,0.0,1.000000000000001,"L011,L018,L019,L044,L045,L046,L049,L060,L065,L102,L104,L109,L110,L111,L113,L115,L128,L134,L140,L150,L153,L154,L155,L156,L158,L160,L169,L178,L179,L182",30,39.21920645550712,39.21920645550712,27,"L019,L044,L045,L046,L060,L065,L102,L104,L109,L110,L111,L113,L115,L128,L134,L140,L150,L153,L154,L155,L156,L158,L160,L169,L178,L179,L182",28,True,non_critical,
1,20260708,L103->L025,L103,L025,True,False,0.0,0.0,0.0,1.000000000000023,"L025,L102,L103",3,1.1536521649784193,1.1536521649784193,0,,1,False,non_critical,
1,20260708,L048->L019,L048,L019,True,False,0.0,0.0,0.0,1.000000000000023,"L019,L048",2,1.1111440563554706,1.1111440563554706,0,,0,False,non_critical,
1,20260708,L024->L044,L024,L044,True,False,0.0,0.0,0.0,1.0000000000000675,"L024,L044",2,1.0554189054022103,1.0554189054022103,0,,0,False,non_critical,
1,20260708,L158->L135,L158,L135,True,False,0.0,0.0,0.0,1.000000000000023,"L128,L135,L155,L156,L158",5,2.237605732658537,2.237605732658537,1,L156,3,True,non_critical,
1,20260708,L177->L126,L177,L126,True,False,0.0,0.0,0.0,1.0000000000000004,"L018,L044,L045,L046,L060,L102,L104,L109,L110,L111,L113,L115,L126,L128,L134,L140,L148,L150,L153,L154,L155,L156,L157,L158,L159,L160,L169,L177,L178,L179,L182",31,1.0432816619440903,1.0432816619440903,0,,29,False,non_critical,
1,20260708,L154->L131,L154,L131,True,True,0.07813020233937706,0.0,0.07813020233937706,1.0000000000000036,"L128,L131,L140,L149,L154,L155,L156",7,3.232937251666582,3.232937251666582,3,"L140,L149,L156",5,True,relay_cascade,
1,20260708,L186->L104,L186,L104,True,False,0.0,0.0,0.0,1.0000000000000024,"L018,L030,L044,L045,L046,L060,L065,L102,L104,L109,L110,L111,L113,L115,L128,L134,L140,L150,L153,L154,L155,L156,L157,L158,L160,L169,L178,L179,L182,L186",30,39.757231476011675,39.757231476011675,28,"L018,L030,L044,L045,L046,L060,L065,L102,L109,L110,L111,L113,L115,L128,L134,L140,L150,L153,L154,L155,L156,L157,L158,L160,L169,L178,L179,L182",28,True,non_critical,
1,20260708,L022->L171,L022,L171,True,False,0.0,0.0,0.0,1.000000000000019,"L018,L022,L171",3,1.0000000000000682,1.0000000000000682,0,,1,False,non_critical,
1,20260708,L167->L120,L167,L120,True,False,0.0,0.0,0.0,1.0000000000000029,"L115,L120,L128,L167,L169",5,2.3246464287707735,2.3246464287707735,2,"L115,L128",3,True,non_critical,
1,20260708,L019->L122,L019,L122,True,False,0.0,0.0,0.0,1.000000000000023,"L019,L122,L128",3,2.265649669642489,2.265649669642489,1,L128,1,True,non_critical,
1,20260708,L090->L094,L090,L094,True,True,61.840083329074176,61.840083329074176,0.0,1.0000000000000033,"L018,L019,L025,L030,L040,L044,L045,L046,L056,L057,L060,L065,L073,L074,L075,L076,L077,L078,L080,L082,L083,L084,L089,L090,L091,L092,L094,L102,L104,L109,L110,L111,L113,L114,L115,L128,L134,L140,L150,L153,L154,L155,L156,L157,L158,L160,L169,L178,L179,L182,L186",51,39.36351851435453,39.36351851435453,48,"L018,L019,L025,L030,L040,L044,L045,L046,L056,L057,L060,L065,L073,L074,L075,L076,L077,L078,L080,L082,L083,L084,L089,L092,L102,L104,L109,L110,L111,L113,L114,L115,L128,L134,L140,L150,L153,L154,L155,L156,L157,L158,L160,L169,L178,L179,L182,L186",49,True,relay_cascade,
1,20260708,L144->L106,L144,L106,True,False,0.0,0.0,0.0,1.0000000000000004,"L018,L030,L044,L045,L046,L060,L062,L063,L064,L065,L102,L104,L106,L109,L110,L111,L113,L115,L128,L134,L140,L144,L153,L154,L155,L156,L158,L160,L169,L178,L179,L182",32,5.312388596851075,5.312388596851075,27,"L018,L030,L044,L045,L046,L060,L062,L063,L064,L065,L102,L104,L109,L110,L111,L113,L115,L134,L140,L153,L154,L158,L160,L169,L178,L179,L182",30,True,non_critical,
1,20260708,L141->L092,L141,L092,True,False,0.0,0.0,0.0,1.000000000000023,"L091,L092,L128,L140,L141,L156",6,1.2022041615088241,1.2022041615088241,1,L091,4,True,non_critical,
1,20260708,L010->L132,L010,L132,True,False,0.0,0.0,0.0,1.0000000000000013,"L010,L018,L128,L132",4,5.372009282380778,5.372009282380778,1,L128,2,True,non_critical,
1,20260708,L051->L182,L051,L182,True,False,0.0,0.0,0.0,1.000000000000003,"L018,L019,L044,L045,L046,L048,L051,L056,L057,L058,L060,L065,L077,L078,L082,L095,L102,L104,L109,L110,L111,L112,L113,L115,L128,L134,L140,L149,L150,L153,L154,L155,L156,L158,L159,L160,L169,L178,L179,L182",40,0.9610740669093655,0.9610740669093655,0,,38,False,non_critical,
1,20260708,L036->L073,L036,L073,True,False,0.0,0.0,0.0,1.0,"L018,L019,L020,L025,L036,L039,L044,L045,L046,L048,L054,L060,L073,L102,L104,L109,L110,L111,L113,L115,L128,L134,L140,L149,L150,L153,L154,L155,L156,L158,L160,L169,L178,L179,L182",35,0.9610740669093655,0.9610740669093655,0,,33,False,non_critical,
1,20260708,L173->L048,L173,L048,True,False,0.0,0.0,0.0,1.000000000000003,"L018,L048,L173",3,1.4455714285360985,1.4455714285360985,1,L018,1,True,non_critical,
1,20260708,L044->L021,L044,L021,True,False,0.0,0.0,0.0,1.000000000000005,"L018,L019,L021,L024,L026,L030,L044,L045,L046,L060,L065,L102,L104,L109,L110,L111,L113,L115,L128,L134,L140,L150,L153,L154,L155,L156,L158,L160,L169,L178,L179,L182",32,38.177323842604466,38.177323842604466,30,"L018,L019,L024,L026,L030,L045,L046,L060,L065,L102,L104,L109,L110,L111,L113,L115,L128,L134,L140,L150,L153,L154,L155,L156,L158,L160,L169,L178,L179,L182",30,True,non_critical,
1,20260708,L028->L017,L028,L017,True,True,14.684099265673353,14.684099265673353,0.0,1.0000000000000007,"L017,L018,L019,L028,L030,L044,L045,L046,L060,L065,L102,L104,L109,L110,L111,L113,L115,L128,L134,L140,L150,L153,L154,L155,L156,L158,L160,L169,L178,L179,L182",31,38.66174125119983,38.66174125119983,26,"L019,L030,L044,L046,L060,L065,L102,L104,L109,L110,L111,L113,L115,L128,L134,L140,L150,L153,L154,L155,L156,L158,L160,L169,L179,L182",29,True,relay_cascade,
1,20260708,L157->L042,L157,L042,True,False,0.0,0.0,0.0,1.0000000000000009,"L042,L128,L155,L157,L182",5,5.526049954779699,5.526049954779699,1,L182,3,True,non_critical,
1,20260708,L047->L059,L047,L059,True,True,18.346497960874867,18.346497960874867,0.0,1.0,"L018,L044,L045,L046,L047,L056,L057,L059,L060,L065,L077,L078,L082,L095,L102,L104,L109,L110,L111,L113,L115,L128,L134,L140,L150,L153,L154,L155,L156,L158,L160,L169,L178,L179,L182",35,1.1547096329750002,1.1547096329750002,0,,33,False,island_only,
1,20260708,L104->L002,L104,L002,True,False,0.0,0.0,0.0,1.0000000000000122,"L001,L002,L018,L044,L045,L046,L060,L065,L102,L104,L109,L110,L111,L113,L115,L128,L134,L140,L150,L153,L154,L155,L156,L158,L160,L169,L178,L179,L182",29,39.05976384172575,39.05976384172575,27,"L001,L018,L044,L045,L046,L060,L065,L102,L109,L110,L111,L113,L115,L128,L134,L140,L150,L153,L154,L155,L156,L158,L160,L169,L178,L179,L182",27,True,non_critical,
1,20260708,L130->L090,L130,L090,True,False,0.0,0.0,0.0,1.0000000000000004,"L018,L019,L044,L045,L046,L054,L060,L089,L090,L091,L092,L095,L102,L109,L110,L111,L113,L115,L128,L130,L134,L140,L150,L153,L154,L155,L156,L157,L158,L159,L160,L169,L178,L179,L182",35,40.14039329777282,40.14039329777282,32,"L018,L019,L044,L045,L046,L054,L060,L089,L091,L092,L095,L102,L109,L110,L111,L113,L115,L134,L140,L150,L153,L154,L155,L156,L157,L158,L159,L160,L169,L178,L179,L182",33,True,non_critical,
1,20260708,L152->L131,L152,L131,True,True,0.07813020233917722,0.0,0.07813020233917722,1.0,"L018,L044,L045,L046,L060,L102,L109,L110,L111,L113,L115,L128,L131,L134,L140,L149,L150,L152,L153,L154,L155,L156,L158,L160,L169,L178,L179,L182",28,1.0010108836798657,1.0010108836798657,0,,26,False,island_only,
1,20260708,L174->L177,L174,L177,True,False,0.0,0.0,0.0,1.0000000000000002,"L018,L044,L045,L046,L060,L102,L109,L110,L111,L113,L115,L128,L134,L140,L155,L156,L158,L169,L173,L174,L175,L177,L178,L179,L182",25,1.1326236779724297,1.1326236779724297,0,,23,False,non_critical,
1,20260708,L002->L119,L002,L119,True,False,0.0,0.0,0.0,1.0000000000000007,"L001,L002,L018,L044,L045,L046,L060,L065,L102,L104,L109,L110,L111,L113,L115,L119,L128,L134,L140,L150,L153,L154,L155,L156,L158,L160,L169,L178,L179,L182",30,1.1352229154055902,1.1352229154055902,0,,28,False,non_critical,
1,20260708,L075->L091,L075,L091,True,False,0.0,0.0,0.0,1.0000000000000038,"L075,L091",2,1.0864942125622836,1.0864942125622836,0,,0,False,non_critical,
1,20260708,L186->L079,L186,L079,True,False,0.0,0.0,0.0,1.0000000000000382,"L077,L078,L079,L186",4,1.917276137821749,1.917276137821749,2,"L077,L078",2,True,non_critical,
1,20260708,L143->L133,L143,L133,True,True,20.77635989697293,20.77635989697293,0.0,1.000000000000003,"L018,L044,L045,L046,L060,L065,L102,L104,L109,L110,L111,L113,L115,L128,L133,L134,L140,L143,L149,L150,L153,L154,L155,L156,L158,L160,L169,L178,L179,L182",30,40.377591183752926,40.377591183752926,28,"L018,L044,L045,L046,L060,L065,L102,L104,L109,L110,L111,L113,L115,L128,L134,L140,L149,L150,L153,L154,L155,L156,L158,L160,L169,L178,L179,L182",28,True,relay_cascade,
1,20260708,L126->L034,L126,L034,True,True,41.04569367595296,41.04569367595296,0.0,1.0000000000000002,"L018,L030,L034,L040,L044,L045,L046,L060,L065,L102,L104,L109,L110,L111,L113,L115,L126,L128,L134,L140,L150,L153,L154,L155,L156,L158,L160,L169,L178,L179,L182",31,37.54995751647958,37.54995751647958,28,"L018,L030,L040,L044,L045,L046,L060,L065,L102,L104,L109,L110,L111,L113,L115,L134,L140,L150,L153,L154,L155,L156,L158,L160,L169,L178,L179,L182",29,True,relay_cascade,
1,20260708,L062->L185,L062,L185,True,True,35.11713329264434,35.11713329264434,0.0,1.0000000000000004,"L018,L044,L045,L046,L060,L062,L065,L102,L109,L110,L111,L113,L115,L128,L134,L140,L150,L153,L154,L155,L156,L158,L160,L169,L178,L179,L182,L185,L186",29,37.625185970458034,37.625185970458034,26,"L018,L044,L045,L046,L065,L102,L109,L110,L111,L113,L115,L128,L134,L140,L150,L153,L154,L155,L156,L158,L160,L169,L178,L179,L182,L186",27,True,relay_cascade,
1,20260708,L138->L172,L138,L172,True,False,0.0,0.0,0.0,1.000000000000003,"L138,L140,L169,L172",4,1.4825399394770302,1.4825399394770302,1,L169,2,True,non_critical,
1,20260708,L067->L026,L067,L026,True,False,0.0,0.0,0.0,1.000000000000023,"L026,L067",2,1.0108085891116045,1.0108085891116045,0,,0,False,non_critical,
1,20260708,L167->L006,L167,L006,True,False,0.0,0.0,0.0,1.000000000000023,"L006,L018,L167,L169",4,1.4467317433816966,1.4467317433816966,1,L018,2,True,non_critical,
1,20260708,L172->L046,L172,L046,True,False,0.0,0.0,0.0,1.0000000000000049,"L046,L172",2,1.004716691774993,1.004716691774993,0,,0,False,non_critical,
1,20260708,L156->L043,L156,L043,True,False,0.0,0.0,0.0,1.0000000000000018,"L043,L156,L178,L182",4,5.384830918871186,5.384830918871186,2,"L178,L182",2,True,non_critical,
1,20260708,L130->L023,L130,L023,True,False,0.0,0.0,0.0,1.0000000000000058,"L018,L023,L128,L130,L178",5,1.8638346428225065,1.8638346428225065,2,"L018,L178",3,True,non_critical,
1,20260708,L165->L051,L165,L051,True,True,59.27261934980908,59.27261934980908,0.0,1.0,"L018,L024,L044,L045,L046,L048,L051,L056,L057,L058,L060,L065,L077,L078,L082,L095,L102,L104,L109,L110,L111,L112,L113,L115,L128,L134,L140,L149,L150,L153,L154,L155,L156,L158,L159,L160,L165,L169,L178,L179,L182",41,38.62630179602253,38.62630179602253,39,"L018,L024,L044,L045,L046,L048,L056,L057,L058,L060,L065,L077,L078,L082,L095,L102,L104,L109,L110,L111,L112,L113,L115,L128,L134,L140,L149,L150,L153,L154,L155,L156,L158,L159,L160,L169,L178,L179,L182",39,True,relay_cascade,
1,20260708,L071->L170,L071,L170,True,False,0.0,0.0,0.0,1.0000000000000002,"L018,L044,L045,L046,L060,L065,L071,L073,L074,L082,L102,L104,L109,L110,L111,L113,L115,L128,L134,L140,L149,L150,L153,L154,L155,L156,L158,L159,L160,L169,L170,L178,L179,L182",34,0.9638676581548471,0.9638676581548471,0,,32,False,non_critical,
1,20260708,L052->L096,L052,L096,True,False,0.0,0.0,0.0,1.0000000000000049,"L018,L030,L044,L045,L046,L052,L056,L057,L060,L096,L102,L109,L111,L112,L113,L115,L128,L134,L140,L150,L153,L154,L155,L156,L157,L158,L160,L169,L178,L179,L182",31,40.45456524552565,40.45456524552565,29,"L018,L030,L044,L045,L046,L056,L057,L060,L102,L109,L111,L112,L113,L115,L128,L134,L140,L150,L153,L154,L155,L156,L157,L158,L160,L169,L178,L179,L182",29,True,non_critical,
1,20260708,L037->L030,L037,L030,True,False,0.0,0.0,0.0,1.0000000000000004,"L018,L019,L020,L030,L037,L044,L045,L046,L060,L102,L109,L110,L111,L113,L115,L128,L134,L140,L150,L153,L154,L155,L156,L157,L158,L160,L169,L178,L179,L182",30,0.919217743679361,0.919217743679361,0,,28,False,non_critical,
1,20260708,L113->L019,L113,L019,True,False,0.0,0.0,0.0,1.0000000000000024,"L018,L019,L044,L045,L046,L060,L065,L102,L104,L109,L111,L112,L113,L115,L128,L134,L140,L150,L153,L154,L155,L156,L158,L160,L169,L178,L179,L182",28,1.1338117404908372,1.1338117404908372,0,,26,False,non_critical,
1,20260708,L096->L109,L096,L109,True,False,0.0,0.0,0.0,1.000000000000005,"L018,L030,L044,L045,L046,L056,L057,L060,L065,L096,L102,L104,L109,L111,L112,L113,L115,L128,L134,L140,L150,L153,L154,L155,L156,L157,L158,L160,L169,L178,L179,L182",32,0.9588868589826911,0.9588868589826911,0,,30,False,non_critical,
1,20260708,L120->L075,L120,L075,True,False,0.0,0.0,0.0,1.0000000000000049,"L075,L115,L120",3,1.1425480822830125,1.1425480822830125,0,,1,False,non_critical,
1,20260708,L035->L136,L035,L136,True,False,0.0,0.0,0.0,1.0000000000000113,"L035,L128,L136,L182",4,3.68213323540327,3.68213323540327,1,L128,2,True,non_critical,
1,20260708,L170->L061,L170,L061,True,True,33.88157185629734,33.88157185629734,0.0,1.0000000000000013,"L018,L044,L045,L046,L060,L061,L065,L102,L104,L109,L110,L111,L113,L115,L128,L134,L140,L150,L153,L154,L155,L156,L158,L160,L169,L170,L178,L179,L182",29,38.40721020699612,38.40721020699612,26,"L018,L044,L045,L046,L060,L065,L102,L104,L109,L110,L111,L113,L115,L128,L134,L140,L150,L153,L154,L155,L156,L158,L160,L178,L179,L182",27,True,relay_cascade,
1,20260708,L092->L109,L092,L109,True,False,0.0,0.0,0.0,1.000000000000023,"L018,L045,L092,L109,L111,L115,L128,L178",8,2.013549647962013,2.013549647962013,6,"L018,L045,L111,L115,L128,L178",6,True,non_critical,
1,20260708,L121->L132,L121,L132,True,False,0.0,0.0,0.0,1.0000000000000053,"L121,L128,L132,L140,L149,L155,L156",7,3.142914085660352,3.142914085660352,4,"L140,L149,L155,L156",5,True,non_critical,
1,20260708,L164->L135,L164,L135,True,False,0.0,0.0,0.0,1.000000000000004,"L128,L135,L140,L155,L156,L158,L164",7,6.730720055581143,6.730720055581143,5,"L128,L140,L155,L156,L158",5,True,non_critical,
1,20260708,L157->L068,L157,L068,True,False,0.0,0.0,0.0,1.0000000000000007,"L060,L068,L128,L155,L157",5,1.7448789353148089,1.7448789353148089,1,L060,3,True,non_critical,
1,20260708,L094->L090,L094,L090,True,False,0.0,0.0,0.0,1.0000000000000004,"L018,L019,L030,L045,L046,L056,L057,L060,L062,L063,L064,L065,L077,L078,L082,L090,L091,L094,L095,L102,L104,L105,L106,L109,L110,L111,L112,L113,L115,L128,L134,L140,L149,L150,L153,L154,L155,L156,L158,L159,L160,L169,L178,L179,L182",45,1.0017281117468453,1.0017281117468453,0,,43,False,non_critical,
1,20260708,L126->L082,L126,L082,True,False,0.0,0.0,0.0,1.0000000000000022,"L082,L126,L128",3,1.0165324488095024,1.0165324488095024,0,,1,False,non_critical,
1,20260708,L164->L062,L164,L062,True,False,0.0,0.0,0.0,1.0000000000000018,"L018,L044,L045,L046,L056,L057,L060,L062,L064,L065,L077,L078,L082,L095,L102,L104,L106,L109,L110,L111,L113,L115,L128,L134,L140,L153,L154,L155,L156,L158,L160,L164,L169,L178,L179,L182",36,34.815323089842,34.815323089842,34,"L018,L044,L045,L046,L056,L057,L060,L064,L065,L077,L078,L082,L095,L102,L104,L106,L109,L110,L111,L113,L115,L128,L134,L140,L153,L154,L155,L156,L158,L160,L169,L178,L179,L182",34,True,non_critical,
1,20260708,L038->L019,L038,L019,True,False,0.0,0.0,0.0,1.000000000000001,"L018,L019,L025,L030,L035,L038,L039,L040,L042,L045,L046,L060,L102,L109,L110,L111,L113,L115,L128,L134,L140,L150,L153,L154,L155,L156,L157,L158,L159,L160,L169,L178,L179,L182",34,0.9519955547200981,0.9519955547200981,0,,32,False,non_critical,
1,20260708,L052->L079,L052,L079,True,False,0.0,0.0,0.0,1.0000000000000064,"L052,L077,L078,L079",4,1.8790586518793606,1.8790586518793606,2,"L077,L078",2,True,non_critical,
1,20260708,L178->L059,L178,L059,True,True,18.346497960874867,18.346497960874867,0.0,1.0000000000000018,"L018,L030,L044,L045,L046,L059,L060,L065,L102,L104,L109,L110,L111,L113,L115,L128,L134,L140,L150,L153,L154,L155,L156,L158,L160,L169,L178,L179,L182",29,38.67592561735392,38.67592561735392,27,"L018,L030,L044,L045,L046,L060,L065,L102,L104,L109,L110,L111,L113,L115,L128,L134,L140,L150,L153,L154,L155,L156,L158,L160,L169,L179,L182",27,True,relay_cascade,
1,20260708,L021->L182,L021,L182,True,False,0.0,0.0,0.0,1.0000000000000033,"L018,L019,L021,L024,L025,L026,L030,L044,L045,L046,L048,L056,L057,L060,L065,L077,L078,L082,L095,L102,L104,L109,L110,L111,L112,L113,L115,L128,L134,L140,L150,L153,L154,L155,L156,L158,L160,L169,L178,L179,L182",41,1.1099668235148452,1.1099668235148452,0,,39,False,non_critical,
1,20260708,L014->L147,L014,L147,True,True,139.02370200842836,139.02370200842836,0.0,1.0000000000000022,"L014,L018,L044,L045,L046,L060,L102,L109,L110,L111,L113,L115,L128,L129,L134,L140,L147,L148,L149,L150,L153,L154,L155,L156,L157,L158,L160,L169,L178,L179,L182",31,10.705161120872141,10.705161120872141,29,"L018,L044,L045,L046,L060,L102,L109,L110,L111,L113,L115,L128,L129,L134,L140,L148,L149,L150,L153,L154,L155,L156,L157,L158,L160,L169,L178,L179,L182",29,True,relay_cascade,
1,20260708,L044->L050,L044,L050,True,True,33.88157185629734,33.88157185629734,0.0,1.0000000000000018,"L018,L019,L044,L045,L046,L050,L059,L060,L061,L065,L102,L104,L109,L110,L111,L113,L115,L128,L134,L140,L150,L153,L154,L155,L156,L158,L160,L169,L178,L179,L182",31,38.30113293517325,38.30113293517325,29,"L018,L019,L045,L046,L059,L060,L061,L065,L102,L104,L109,L110,L111,L113,L115,L128,L134,L140,L150,L153,L154,L155,L156,L158,L160,L169,L178,L179,L182",29,True,relay_cascade,
1,20260708,L085->L071,L085,L071,True,True,70.56694602954056,70.56694602954056,0.0,1.0000000000000007,"L018,L044,L045,L046,L060,L065,L071,L073,L074,L078,L082,L085,L102,L104,L109,L110,L111,L113,L115,L128,L134,L140,L149,L150,L153,L154,L155,L156,L158,L160,L169,L178,L179,L182",34,37.61850903274226,37.61850903274226,32,"L018,L044,L045,L046,L060,L065,L073,L074,L078,L082,L102,L104,L109,L110,L111,L113,L115,L128,L134,L140,L149,L150,L153,L154,L155,L156,L158,L160,L169,L178,L179,L182",32,True,relay_cascade,
1,20260708,L022->L110,L022,L110,True,False,0.0,0.0,0.0,1.0000000000000122,"L018,L019,L022,L044,L045,L046,L060,L065,L102,L104,L109,L110,L111,L115,L128,L134,L140,L150,L153,L154,L155,L156,L158,L160,L169,L178,L179,L182",28,38.902335463887695,38.902335463887695,25,"L019,L044,L045,L046,L060,L065,L102,L104,L109,L111,L115,L128,L134,L140,L150,L153,L154,L155,L156,L158,L160,L169,L178,L179,L182",26,True,non_critical,
1,20260708,L090->L032,L090,L032,True,True,7.272188818003705,7.272188818003705,0.0,1.000000000000003,"L018,L025,L030,L032,L039,L040,L044,L045,L046,L060,L065,L090,L091,L102,L104,L109,L111,L112,L113,L115,L128,L134,L140,L150,L153,L154,L155,L156,L158,L160,L169,L178,L179,L180,L182",35,40.71444725260956,40.71444725260956,32,"L018,L025,L030,L039,L040,L044,L045,L046,L060,L065,L102,L104,L109,L111,L112,L113,L115,L128,L134,L140,L150,L153,L154,L155,L156,L158,L160,L169,L178,L179,L180,L182",33,True,relay_cascade,
1,20260708,L095->L116,L095,L116,True,False,0.0,0.0,0.0,1.000000000000001,"L018,L044,L045,L046,L060,L065,L095,L102,L104,L109,L110,L111,L113,L114,L115,L116,L119,L126,L127,L128,L134,L140,L149,L150,L153,L154,L155,L156,L158,L160,L169,L178,L179,L182,L186",35,38.07079290957117,38.07079290957117,33,"L018,L044,L045,L046,L060,L065,L102,L104,L109,L110,L111,L113,L114,L115,L119,L126,L127,L128,L134,L140,L149,L150,L153,L154,L155,L156,L158,L160,L169,L178,L179,L182,L186",33,True,non_critical,
1,20260708,L034->L054,L034,L054,True,False,0.0,0.0,0.0,1.0000000000000009,"L018,L019,L030,L034,L040,L044,L045,L046,L054,L060,L065,L102,L104,L109,L110,L111,L113,L115,L128,L134,L140,L150,L153,L154,L155,L156,L158,L160,L169,L178,L179,L182",32,1.680761695409454,1.680761695409454,1,L019,30,True,non_critical,
1,20260708,L132->L069,L132,L069,True,False,0.0,0.0,0.0,1.0000000000000036,"L060,L065,L069,L102,L128,L132",6,1.5021090072173953,1.5021090072173953,3,"L060,L065,L102",4,True,non_critical,
1,20260708,L155->L106,L155,L106,True,False,0.0,0.0,0.0,1.000000000000001,"L018,L030,L044,L045,L046,L060,L062,L063,L064,L065,L102,L104,L106,L109,L110,L111,L113,L115,L128,L134,L140,L153,L154,L155,L156,L158,L159,L160,L169,L178,L179,L182",32,6.02764481264696,6.02764481264696,30,"L018,L030,L044,L045,L046,L060,L062,L063,L064,L065,L102,L104,L109,L110,L111,L113,L115,L128,L134,L140,L153,L154,L156,L158,L159,L160,L169,L178,L179,L182",30,True,non_critical,
1,20260708,L063->L129,L063,L129,True,True,58.608730684473244,58.608730684473244,0.0,1.0000000000000004,"L018,L044,L045,L046,L060,L063,L102,L109,L110,L111,L113,L115,L128,L129,L134,L140,L149,L150,L153,L155,L156,L158,L159,L160,L169,L178,L179,L182",28,18.755736039096917,18.755736039096917,26,"L018,L044,L045,L046,L060,L102,L109,L110,L111,L113,L115,L128,L134,L140,L149,L150,L153,L155,L156,L158,L159,L160,L169,L178,L179,L182",26,True,relay_cascade,
1,20260708,L118->L099,L118,L099,True,False,0.0,0.0,0.0,1.0,"L018,L044,L045,L046,L060,L065,L099,L102,L104,L109,L110,L111,L113,L115,L118,L128,L134,L140,L150,L153,L154,L155,L156,L158,L160,L169,L178,L179,L182,L186",30,1.1544173165549432,1.1544173165549432,0,,28,False,non_critical,
1,20260708,L128->L077,L128,L077,True,False,0.0,0.0,0.0,1.000000000000003,"L077,L128",2,1.0007443111752008,1.0007443111752008,0,,0,False,non_critical,
1,20260708,L099->L102,L099,L102,True,False,0.0,0.0,0.0,1.000000000000023,"L099,L102",2,1.0000000000005231,1.0000000000005231,0,,0,False,non_critical,
1,20260708,L184->L121,L184,L121,True,False,0.0,0.0,0.0,1.0000000000000027,"L018,L044,L045,L046,L060,L065,L102,L104,L109,L110,L111,L113,L115,L121,L128,L134,L140,L150,L153,L154,L155,L156,L158,L160,L169,L178,L179,L182,L184",29,1.1955392917793808,1.1955392917793808,0,,27,False,non_critical,
1,20260708,L159->L121,L159,L121,True,False,0.0,0.0,0.0,1.0000000000000122,"L018,L044,L045,L046,L060,L102,L104,L109,L110,L111,L113,L115,L121,L126,L127,L128,L134,L140,L148,L150,L154,L155,L156,L157,L158,L159,L160,L169,L178,L179,L182",31,8.196665092320448,8.196665092320448,26,"L018,L044,L045,L046,L060,L102,L104,L109,L110,L111,L113,L115,L126,L127,L134,L140,L148,L150,L154,L156,L157,L160,L169,L178,L179,L182",29,True,non_critical,
1,20260708,L186->L040,L186,L040,True,False,0.0,0.0,0.0,1.0,"L040,L182,L186",3,3.4010112934508285,3.4010112934508285,1,L182,1,True,non_critical,
1,20260708,L020->L083,L020,L083,True,False,0.0,0.0,0.0,1.0000000000000049,"L020,L083",2,1.010704975446341,1.010704975446341,0,,0,False,non_critical,
1,20260708,L025->L131,L025,L131,True,False,0.0,0.0,0.0,1.000000000000023,"L025,L128,L131,L155,L156,L158",6,6.734640487163495,6.734640487163495,4,"L128,L155,L156,L158",4,True,non_critical,
1,20260708,L060->L146,L060,L146,True,False,0.0,0.0,0.0,1.0000000000000062,"L060,L128,L146,L155,L156,L158",6,6.7551139297724045,6.7551139297724045,4,"L128,L155,L156,L158",4,True,non_critical,
1,20260708,L092->L084,L092,L084,True,False,0.0,0.0,0.0,1.000000000000023,"L084,L092",2,1.1575068266538207,1.1575068266538207,0,,0,False,non_critical,
1,20260708,L156->L079,L156,L079,True,False,0.0,0.0,0.0,1.0000000000000016,"L077,L078,L079,L156",4,1.6650366812133608,1.6650366812133608,2,"L077,L078",2,True,non_critical,
1,20260708,L015->L047,L015,L047,True,True,31.300605334860514,31.300605334860514,0.0,1.0000000000000033,"L015,L018,L044,L045,L046,L047,L056,L057,L060,L065,L077,L078,L082,L095,L102,L104,L109,L110,L111,L113,L115,L128,L134,L140,L150,L153,L154,L155,L156,L158,L160,L169,L178,L179,L182",35,38.39208356461877,38.39208356461877,33,"L018,L044,L045,L046,L056,L057,L060,L065,L077,L078,L082,L095,L102,L104,L109,L110,L111,L113,L115,L128,L134,L140,L150,L153,L154,L155,L156,L158,L160,L169,L178,L179,L182",33,True,relay_cascade,
1,20260708,L007->L142,L007,L142,True,False,0.0,0.0,0.0,1.0000000000000004,"L007,L018,L019,L030,L045,L046,L060,L065,L102,L104,L109,L111,L112,L113,L115,L128,L134,L140,L142,L150,L153,L154,L155,L156,L157,L158,L159,L160,L169,L178,L179,L182",32,0.9689427130813034,0.9689427130813034,0,,30,False,non_critical,
1,20260708,L059->L130,L059,L130,True,False,0.0,0.0,0.0,1.0000000000000002,"L018,L044,L045,L046,L059,L060,L065,L102,L104,L109,L110,L111,L113,L115,L128,L130,L134,L140,L150,L153,L154,L155,L156,L158,L160,L169,L178,L179,L182",29,1.1057418418607323,1.1057418418607323,0,,27,False,non_critical,
1,20260708,L082->L134,L082,L134,True,False,0.0,0.0,0.0,1.0000000000000062,"L018,L044,L045,L046,L060,L065,L082,L102,L104,L109,L110,L111,L113,L115,L128,L134,L140,L150,L153,L154,L155,L156,L158,L160,L169,L178,L179,L182",28,41.57570205433742,41.57570205433742,26,"L018,L044,L045,L046,L060,L065,L102,L104,L109,L110,L111,L113,L115,L128,L140,L150,L153,L154,L155,L156,L158,L160,L169,L178,L179,L182",26,True,non_critical,
1,20260708,L022->L086,L022,L086,True,False,0.0,0.0,0.0,1.000000000000006,"L018,L022,L086",3,1.0410347229554182,1.0410347229554182,0,,1,False,non_critical,
1,20260708,L133->L041,L133,L041,True,False,0.0,0.0,0.0,1.0000000000000002,"L018,L041,L044,L045,L046,L060,L065,L102,L104,L109,L110,L111,L113,L115,L128,L133,L134,L140,L150,L153,L154,L155,L156,L157,L158,L160,L169,L178,L179,L182",30,1.1020241853152208,1.1020241853152208,0,,28,False,non_critical,
1,20260708,L150->L023,L150,L023,True,False,0.0,0.0,0.0,1.000000000000019,"L023,L150,L155,L156",4,1.0530103343193709,1.0530103343193709,0,,2,False,non_critical,
1,20260708,L085->L131,L085,L131,True,False,0.0,0.0,0.0,1.0000000000000049,"L085,L128,L131,L155,L156,L158",6,6.598015964790643,6.598015964790643,4,"L128,L155,L156,L158",4,True,non_critical,
1,20260708,L013->L082,L013,L082,True,False,0.0,0.0,0.0,1.0000000000000675,"L013,L082",2,1.016660083196854,1.016660083196854,0,,0,False,non_critical,
1,20260708,L102->L097,L102,L097,True,False,0.0,0.0,0.0,1.0000000000000049,"L097,L102",2,1.0278375034074698,1.0278375034074698,0,,0,False,non_critical,
1,20260708,L164->L011,L164,L011,True,False,0.0,0.0,0.0,1.000000000000004,"L011,L015,L018,L019,L164",5,3.839261053299966,3.839261053299966,3,"L015,L018,L019",3,True,non_critical,
1,20260708,L185->L103,L185,L103,True,False,0.0,0.0,0.0,1.000000000000001,"L018,L044,L045,L046,L060,L102,L103,L109,L110,L111,L113,L115,L128,L134,L140,L150,L153,L154,L155,L156,L158,L160,L169,L178,L179,L182,L185,L186",28,1.1041922893651395,1.1041922893651395,0,,26,False,non_critical,
1,20260708,L030->L123,L030,L123,True,False,0.0,0.0,0.0,1.0000000000000022,"L030,L123",2,1.0033015968004504,1.0033015968004504,0,,0,False,non_critical,
1,20260708,L131->L020,L131,L020,True,False,0.0,0.0,0.0,1.000000000000023,"L020,L128,L131,L155",4,1.00219849969704,1.00219849969704,0,,2,False,non_critical,
1,20260708,L123->L118,L123,L118,True,False,0.0,0.0,0.0,1.0000000000000024,"L115,L118,L123,L128,L155",5,1.585848699089206,1.585848699089206,1,L115,3,True,non_critical,
1,20260708,L003->L177,L003,L177,True,False,0.0,0.0,0.0,1.000000000000001,"L003,L018,L044,L045,L046,L060,L102,L104,L109,L110,L111,L113,L115,L128,L134,L140,L148,L150,L153,L154,L155,L156,L157,L158,L159,L160,L169,L177,L178,L179,L182",31,43.09823601500621,43.09823601500621,28,"L044,L045,L046,L060,L102,L104,L109,L110,L111,L113,L115,L128,L134,L140,L148,L150,L153,L154,L155,L156,L157,L158,L159,L160,L169,L178,L179,L182",29,True,non_critical,
1,20260708,L171->L144,L171,L144,True,False,0.0,0.0,0.0,1.0000000000000013,"L128,L140,L144,L155,L156,L158,L171",7,8.57739624162577,8.57739624162577,5,"L128,L140,L155,L156,L158",5,True,non_critical,
1,20260708,L175->L170,L175,L170,True,False,0.0,0.0,0.0,1.000000000000023,"L169,L170,L175",3,1.9404379253974193,1.9404379253974193,1,L169,1,True,non_critical,
1,20260708,L078->L044,L078,L044,True,False,0.0,0.0,0.0,1.0000000000000018,"L018,L044,L045,L078",4,1.6209954449990605,1.6209954449990605,2,"L018,L045",2,True,non_critical,
1,20260708,L130->L033,L130,L033,True,True,35.958503168233044,35.958503168233044,0.0,1.0000000000000004,"L018,L019,L033,L039,L040,L043,L044,L045,L046,L054,L060,L102,L104,L109,L110,L111,L113,L115,L128,L130,L134,L140,L149,L150,L153,L154,L155,L156,L158,L160,L169,L178,L179,L180,L182",35,39.04697747296239,39.04697747296239,32,"L018,L019,L039,L040,L043,L044,L045,L046,L054,L060,L102,L104,L109,L110,L111,L113,L115,L134,L140,L149,L150,L153,L154,L155,L156,L158,L160,L169,L178,L179,L180,L182",33,True,relay_cascade,
1,20260708,L110->L165,L110,L165,True,False,0.0,0.0,0.0,1.0000000000000002,"L018,L044,L045,L046,L060,L065,L102,L104,L109,L110,L111,L115,L128,L134,L140,L150,L153,L154,L155,L156,L158,L160,L165,L169,L178,L179,L182",27,1.1338117404908408,1.1338117404908408,0,,25,False,non_critical,
1,20260708,L179->L053,L179,L053,True,False,0.0,0.0,0.0,1.0000000000000024,"L053,L060,L115,L179",4,1.253932346166707,1.253932346166707,2,"L060,L115",2,True,non_critical,
1,20260708,L141->L176,L141,L176,True,False,0.0,0.0,0.0,1.0000000000000004,"L018,L044,L045,L046,L060,L102,L109,L110,L111,L113,L115,L128,L134,L140,L141,L155,L156,L158,L169,L176,L178,L179,L182",23,27.30953222938252,27.30953222938252,18,"L018,L044,L045,L046,L060,L102,L109,L110,L111,L113,L115,L134,L155,L158,L169,L178,L179,L182",21,True,non_critical,
1,20260708,L176->L113,L176,L113,True,False,0.0,0.0,0.0,1.000000000000001,"L018,L044,L045,L046,L060,L102,L109,L110,L111,L113,L115,L128,L134,L140,L155,L156,L158,L169,L176,L178,L179,L182",22,0.9814017395046393,0.9814017395046393,0,,20,False,non_critical,
1,20260708,L176->L156,L176,L156,True,False,0.0,0.0,0.0,1.000000000000001,"L018,L044,L045,L046,L060,L102,L109,L110,L111,L113,L115,L128,L134,L140,L155,L156,L158,L169,L176,L178,L179,L182",22,0.9814017395046393,0.9814017395046393,0,,20,False,non_critical,
1,20260708,L104->L055,L104,L055,True,False,0.0,0.0,0.0,1.000000000000023,"L045,L055,L060,L104,L115",5,1.3084798892279526,1.3084798892279526,3,"L045,L060,L115",3,True,non_critical,
1,20260708,L083->L116,L083,L116,True,True,51.84086026986975,51.84086026986975,0.0,1.0,"L018,L044,L045,L046,L060,L083,L102,L109,L110,L111,L113,L114,L115,L116,L120,L126,L127,L128,L134,L140,L149,L150,L153,L154,L155,L156,L158,L160,L169,L178,L179,L182,L186",33,36.66719571457181,36.66719571457181,31,"L018,L044,L045,L046,L060,L102,L109,L110,L111,L113,L114,L115,L120,L126,L127,L128,L134,L140,L149,L150,L153,L154,L155,L156,L158,L160,L169,L178,L179,L182,L186",31,True,relay_cascade,
1,20260708,L095->L034,L095,L034,True,True,41.04569367595296,41.04569367595296,0.0,1.0000000000000002,"L018,L030,L034,L040,L044,L045,L046,L056,L057,L060,L065,L077,L078,L082,L095,L102,L104,L109,L110,L111,L113,L115,L128,L134,L140,L150,L153,L154,L155,L156,L158,L160,L169,L178,L179,L182",36,38.181994840755024,38.181994840755024,34,"L018,L030,L040,L044,L045,L046,L056,L057,L060,L065,L077,L078,L082,L102,L104,L109,L110,L111,L113,L115,L128,L134,L140,L150,L153,L154,L155,L156,L158,L160,L169,L178,L179,L182",34,True,relay_cascade,
1,20260708,L149->L083,L149,L083,True,False,0.0,0.0,0.0,1.0000000000000113,"L078,L083,L128,L149",4,1.2016620422666615,1.2016620422666615,1,L078,2,True,non_critical,
1,20260708,L121->L048,L121,L048,True,False,0.0,0.0,0.0,1.000000000000002,"L018,L048,L121,L128",4,1.4332234319684554,1.4332234319684554,1,L018,2,True,non_critical,
1,20260708,L101->L014,L101,L014,True,False,0.0,0.0,0.0,1.000000000000008,"L014,L101",2,1.0091497054362728,1.0091497054362728,0,,0,False,non_critical,
1,20260708,L017->L093,L017,L093,True,False,0.0,0.0,0.0,1.0000000000000002,"L017,L018,L019,L044,L045,L046,L056,L057,L060,L065,L093,L095,L102,L104,L109,L110,L111,L113,L115,L128,L134,L140,L150,L153,L154,L155,L156,L158,L160,L169,L178,L179,L182",33,2.335228169440635,2.335228169440635,3,"L056,L057,L095",31,True,non_critical,
1,20260708,L174->L151,L174,L151,True,False,0.0,0.0,0.0,1.0000000000000016,"L018,L044,L045,L046,L060,L102,L109,L110,L111,L113,L115,L128,L134,L140,L151,L155,L156,L158,L169,L173,L174,L175,L178,L179,L182",25,1.1747012392754788,1.1747012392754788,0,,23,False,non_critical,
1,20260708,L095->L133,L095,L133,True,True,20.77635989697293,20.77635989697293,0.0,1.0000000000000033,"L018,L044,L045,L046,L056,L057,L060,L065,L077,L078,L082,L095,L102,L104,L109,L110,L111,L113,L115,L128,L133,L134,L140,L150,L153,L154,L155,L156,L157,L158,L160,L169,L178,L179,L182",35,40.381154282571586,40.381154282571586,33,"L018,L044,L045,L046,L056,L057,L060,L065,L077,L078,L082,L102,L104,L109,L110,L111,L113,L115,L128,L134,L140,L150,L153,L154,L155,L156,L157,L158,L160,L169,L178,L179,L182",33,True,relay_cascade,
1,20260708,L032->L157,L032,L157,True,False,0.0,0.0,0.0,1.0,"L018,L032,L044,L045,L046,L060,L065,L102,L104,L109,L110,L111,L113,L115,L128,L134,L140,L148,L150,L153,L154,L155,L156,L157,L158,L160,L169,L178,L179,L182",30,1.2152827078865072,1.2152827078865072,1,L148,28,True,non_critical,
1,20260708,L041->L186,L041,L186,True,False,0.0,0.0,0.0,1.0000000000000002,"L018,L041,L044,L045,L046,L060,L065,L102,L104,L109,L110,L111,L113,L115,L128,L134,L140,L150,L153,L154,L155,L156,L158,L160,L169,L178,L179,L182,L186",29,1.1338117404908306,1.1338117404908306,0,,27,False,non_critical,
1,20260708,L006->L137,L006,L137,True,False,0.0,0.0,0.0,1.000000000000023,"L006,L128,L137",3,6.486919007344006,6.486919007344006,1,L128,1,True,non_critical,
1,20260708,L103->L026,L103,L026,True,False,0.0,0.0,0.0,1.0000000000000113,"L026,L102,L103",3,1.0165365354308122,1.0165365354308122,0,,1,False,non_critical,
1,20260708,L160->L096,L160,L096,True,False,0.0,0.0,0.0,1.0000000000000004,"L018,L030,L044,L045,L046,L056,L057,L060,L096,L102,L109,L110,L111,L113,L115,L128,L134,L140,L153,L154,L155,L156,L157,L158,L159,L160,L169,L178,L179,L182",30,5.985972113317697,5.985972113317697,26,"L018,L030,L044,L045,L046,L056,L057,L060,L102,L109,L110,L111,L113,L115,L134,L140,L153,L154,L156,L157,L158,L159,L169,L178,L179,L182",28,True,non_critical,
1,20260708,L169->L104,L169,L104,True,False,0.0,0.0,0.0,1.0000000000000038,"L018,L045,L065,L078,L102,L104,L109,L111,L115,L169,L182",11,3.1961906158701217,3.1961906158701217,9,"L018,L045,L065,L078,L102,L109,L111,L115,L182",9,True,non_critical,
1,20260708,L135->L071,L135,L071,True,True,70.56694602954056,70.56694602954056,0.0,1.0000000000000013,"L018,L044,L045,L046,L060,L065,L071,L073,L074,L078,L082,L102,L104,L109,L110,L111,L113,L115,L128,L134,L135,L140,L149,L150,L153,L154,L155,L156,L158,L160,L169,L178,L179,L182",34,11.203302436767956,11.203302436767956,30,"L018,L044,L045,L046,L060,L065,L073,L074,L078,L082,L102,L104,L109,L110,L111,L113,L115,L134,L140,L149,L150,L153,L154,L156,L158,L160,L169,L178,L179,L182",32,True,relay_cascade,
1,20260708,L143->L097,L143,L097,True,False,0.0,0.0,0.0,1.000000000000003,"L097,L143",2,1.0440127079183819,1.0440127079183819,0,,0,False,non_critical,
1,20260708,L053->L087,L053,L087,True,False,0.0,0.0,0.0,1.000000000000023,"L053,L087",2,1.0013015988789693,1.0013015988789693,0,,0,False,non_critical,
1,20260708,L148->L058,L148,L058,True,False,0.0,0.0,0.0,1.0000000000000022,"L058,L128,L148,L155",4,1.1362409550927344,1.1362409550927344,0,,2,False,non_critical,
1,20260708,L183->L085,L183,L085,True,False,0.0,0.0,0.0,1.0000000000000004,"L018,L044,L045,L046,L060,L065,L085,L102,L104,L109,L110,L111,L113,L115,L128,L134,L140,L149,L150,L153,L154,L155,L156,L158,L159,L160,L169,L178,L179,L182,L183",31,1.0253571767550425,1.0253571767550425,0,,29,False,non_critical,
1,20260708,L177->L026,L177,L026,True,False,0.0,0.0,0.0,1.0000000000000004,"L018,L026,L044,L045,L046,L060,L102,L104,L109,L110,L111,L113,L115,L128,L134,L140,L148,L150,L153,L154,L155,L156,L157,L158,L159,L160,L169,L177,L178,L179,L182",31,1.0432816619440903,1.0432816619440903,0,,29,False,non_critical,
1,20260708,L167->L159,L167,L159,True,False,0.0,0.0,0.0,1.0000000000000022,"L018,L030,L044,L045,L046,L060,L102,L109,L110,L111,L113,L115,L128,L134,L140,L148,L154,L155,L156,L157,L158,L159,L160,L167,L169,L178,L179,L182",28,13.655193518365865,13.655193518365865,25,"L018,L030,L044,L045,L046,L060,L102,L109,L110,L111,L113,L115,L128,L134,L140,L148,L154,L155,L156,L157,L158,L160,L178,L179,L182",26,True,non_critical,
1,20260708,L140->L109,L140,L109,True,False,0.0,0.0,0.0,1.0000000000000002,"L018,L044,L045,L046,L060,L065,L102,L104,L109,L110,L111,L113,L115,L128,L134,L140,L150,L153,L154,L155,L156,L158,L160,L169,L178,L179,L182",27,38.73868053392594,38.73868053392594,25,"L018,L044,L045,L046,L060,L065,L102,L104,L110,L111,L113,L115,L128,L134,L150,L153,L154,L155,L156,L158,L160,L169,L178,L179,L182",25,True,non_critical,
1,20260708,L130->L079,L130,L079,True,False,0.0,0.0,0.0,1.0000000000000069,"L077,L078,L079,L128,L130",5,1.8798784439512994,1.8798784439512994,2,"L077,L078",3,True,non_critical,
1,20260708,L126->L073,L126,L073,True,False,0.0,0.0,0.0,1.0000000000000058,"L073,L126,L128",3,1.0035823940923414,1.0035823940923414,0,,1,False,non_critical,
1,20260708,L174->L021,L174,L021,True,False,0.0,0.0,0.0,1.0000000000000004,"L018,L021,L044,L045,L046,L060,L102,L109,L110,L111,L113,L115,L128,L134,L140,L155,L156,L158,L169,L173,L174,L175,L178,L179,L182",25,1.1326236779724295,1.1326236779724295,0,,23,False,non_critical,
1,20260708,L032->L024,L032,L024,True,False,0.0,0.0,0.0,1.0000000000000004,"L018,L024,L032,L044,L045,L046,L060,L065,L102,L104,L109,L110,L111,L113,L115,L128,L134,L140,L150,L153,L154,L155,L156,L158,L160,L169,L178,L179,L182",29,1.1338117404908306,1.1338117404908306,0,,27,False,non_critical,
1,20260708,L069->L148,L069,L148,True,False,0.0,0.0,0.0,1.0000000000000058,"L069,L128,L148,L155",4,3.4047534115544806,3.4047534115544806,2,"L128,L155",2,True,non_critical,
1,20260708,L066->L106,L066,L106,True,False,0.0,0.0,0.0,1.0,"L018,L044,L045,L046,L060,L063,L064,L065,L066,L102,L104,L106,L109,L110,L111,L113,L115,L128,L134,L140,L150,L153,L154,L155,L156,L158,L160,L169,L178,L179,L182",31,35.281572937610115,35.281572937610115,29,"L018,L044,L045,L046,L060,L063,L064,L065,L102,L104,L109,L110,L111,L113,L115,L128,L134,L140,L150,L153,L154,L155,L156,L158,L160,L169,L178,L179,L182",29,True,non_critical,
1,20260708,L113->L007,L113,L007,True,False,0.0,0.0,0.0,1.000000000000003,"L007,L018,L019,L044,L045,L046,L060,L065,L102,L104,L109,L111,L112,L113,L115,L128,L134,L140,L150,L153,L154,L155,L156,L158,L160,L169,L178,L179,L182",29,3.341288010499765,3.341288010499765,1,L019,27,True,non_critical,
1,20260708,L139->L078,L139,L078,True,False,0.0,0.0,0.0,1.0000000000000004,"L018,L044,L045,L046,L060,L065,L078,L102,L104,L109,L110,L111,L113,L115,L128,L134,L139,L140,L143,L149,L150,L153,L154,L155,L156,L157,L158,L159,L160,L169,L178,L179,L182",33,1.069411403131288,1.069411403131288,0,,31,False,non_critical,
1,20260708,L064->L158,L064,L158,True,False,0.0,0.0,0.0,1.0000000000000138,"L064,L128,L155,L158",4,4.669402787447997,4.669402787447997,2,"L128,L155",2,True,non_critical,
1,20260708,L173->L152,L173,L152,True,True,31.05817161312981,31.05817161312981,0.0,1.0000000000000004,"L018,L044,L045,L046,L060,L102,L109,L110,L111,L113,L115,L128,L134,L140,L150,L152,L153,L154,L155,L156,L158,L160,L169,L173,L178,L179,L182",27,10.919551985460426,10.919551985460426,25,"L018,L044,L045,L046,L060,L102,L109,L110,L111,L113,L115,L128,L134,L140,L150,L153,L154,L155,L156,L158,L160,L169,L178,L179,L182",25,True,relay_cascade,
1,20260708,L133->L072,L133,L072,True,True,3.2519812514692603,0.0,3.2519812514692603,1.0000000000000002,"L018,L044,L045,L046,L060,L065,L072,L102,L104,L109,L110,L111,L113,L115,L128,L133,L134,L140,L150,L153,L154,L155,L156,L157,L158,L160,L169,L178,L179,L182",30,1.0943777757726942,1.0943777757726942,0,,28,False,island_only,
1,20260708,L020->L148,L020,L148,True,False,0.0,0.0,0.0,1.0000000000000113,"L020,L128,L148",3,3.0013492353858764,3.0013492353858764,1,L128,1,True,non_critical,
1,20260708,L044->L009,L044,L009,True,False,0.0,0.0,0.0,1.0000000000000024,"L009,L018,L019,L030,L044,L045,L046,L060,L065,L102,L104,L109,L111,L112,L113,L115,L128,L134,L140,L150,L153,L154,L155,L156,L157,L158,L159,L160,L169,L178,L179,L182",32,44.110960635538,44.110960635538,30,"L018,L019,L030,L045,L046,L060,L065,L102,L104,L109,L111,L112,L113,L115,L128,L134,L140,L150,L153,L154,L155,L156,L157,L158,L159,L160,L169,L178,L179,L182",30,True,non_critical,
1,20260708,L063->L176,L063,L176,True,False,0.0,0.0,0.0,1.0000000000000002,"L018,L044,L045,L046,L060,L063,L102,L109,L110,L111,L113,L115,L128,L134,L140,L155,L156,L158,L169,L176,L178,L179,L182",23,28.515476968437643,28.515476968437643,21,"L018,L044,L045,L046,L060,L102,L109,L110,L111,L113,L115,L128,L134,L140,L155,L156,L158,L169,L178,L179,L182",21,True,non_critical,
1,20260708,L030->L169,L030,L169,True,False,0.0,0.0,0.0,1.0000000000000455,"L030,L169",2,1.0414003236681515,1.0414003236681515,0,,0,False,non_critical,
1,20260708,L110->L118,L110,L118,True,False,0.0,0.0,0.0,1.0000000000000004,"L018,L044,L045,L046,L060,L065,L102,L104,L109,L110,L111,L115,L118,L128,L134,L140,L150,L153,L154,L155,L156,L158,L160,L169,L178,L179,L182",27,1.1338117404908408,1.1338117404908408,0,,25,False,non_critical,
1,20260708,L082->L045,L082,L045,True,False,0.0,0.0,0.0,1.0000000000000058,"L045,L082",2,1.011479729021069,1.011479729021069,0,,0,False,non_critical,
1,20260708,L085->L158,L085,L158,True,False,0.0,0.0,0.0,1.000000000000023,"L085,L128,L155,L158",4,4.669402710597111,4.669402710597111,2,"L128,L155",2,True,non_critical,
1,20260708,L117->L121,L117,L121,True,False,0.0,0.0,0.0,1.0000000000000004,"L018,L044,L045,L046,L060,L102,L109,L111,L113,L114,L115,L117,L121,L128,L134,L140,L150,L153,L154,L155,L156,L158,L160,L169,L178,L179,L182",27,1.1831376100056372,1.1831376100056372,0,,25,False,non_critical,
1,20260708,L029->L030,L029,L030,True,False,0.0,0.0,0.0,1.0000000000000078,"L018,L019,L025,L029,L030,L044,L045,L046,L054,L060,L102,L104,L109,L110,L111,L113,L115,L128,L134,L140,L150,L153,L154,L155,L156,L158,L160,L169,L178,L179,L182",31,0.9722669964170749,0.9722669964170749,0,,29,False,non_critical,
1,20260708,L095->L066,L095,L066,True,False,0.0,0.0,0.0,1.000000000000003,"L045,L066,L095,L102,L111,L128",6,1.59909957076053,1.59909957076053,4,"L045,L102,L111,L128",4,True,non_critical,
1,20260708,L027->L079,L027,L079,True,False,0.0,0.0,0.0,1.000000000000019,"L027,L077,L078,L079",4,2.0072283973127556,2.0072283973127556,2,"L077,L078",2,True,non_critical,
1,20260708,L031->L165,L031,L165,True,False,0.0,0.0,0.0,1.0,"L018,L019,L025,L030,L031,L035,L039,L040,L043,L044,L045,L046,L054,L060,L102,L104,L109,L110,L111,L113,L115,L128,L134,L140,L149,L150,L153,L154,L155,L156,L158,L160,L165,L169,L178,L179,L182",37,0.9610740669093655,0.9610740669093655,0,,35,False,non_critical,
1,20260708,L067->L114,L067,L114,True,False,0.0,0.0,0.0,1.0000000000000058,"L067,L114,L115,L128",4,2.8733971998757637,2.8733971998757637,2,"L115,L128",2,True,non_critical,
1,20260708,L169->L170,L169,L170,True,False,0.0,0.0,0.0,1.0000000000000762,"L169,L170",2,1.0000000000001523,1.0000000000001523,0,,0,False,non_critical,
1,20260708,L146->L060,L146,L060,True,False,0.0,0.0,0.0,1.0000000000000009,"L060,L128,L146,L155,L156",5,1.0108625505284354,1.0108625505284354,0,,3,False,non_critical,
1,20260708,L072->L142,L072,L142,True,False,0.0,0.0,0.0,1.0000000000000113,"L072,L142",2,1.1089918332952688,1.1089918332952688,0,,0,False,non_critical,
1,20260708,L065->L174,L065,L174,True,False,0.0,0.0,0.0,1.000000000000023,"L065,L174",2,1.100806948799589,1.100806948799589,0,,0,False,non_critical,
1,20260708,L048->L009,L048,L009,True,False,0.0,0.0,0.0,1.0000000000000018,"L009,L018,L019,L030,L045,L046,L048,L060,L065,L102,L104,L109,L111,L112,L113,L115,L128,L134,L140,L150,L153,L154,L155,L156,L157,L158,L159,L160,L169,L178,L179,L182",32,44.116694767364,44.116694767364,30,"L018,L019,L030,L045,L046,L060,L065,L102,L104,L109,L111,L112,L113,L115,L128,L134,L140,L150,L153,L154,L155,L156,L157,L158,L159,L160,L169,L178,L179,L182",30,True,non_critical,
1,20260708,L151->L055,L151,L055,True,False,0.0,0.0,0.0,1.000000000000023,"L055,L128,L151,L155",4,1.1152114738252419,1.1152114738252419,0,,2,False,non_critical,
1,20260708,L142->L088,L142,L088,True,False,0.0,0.0,0.0,1.0000000000000018,"L088,L128,L142",3,1.0835904742085203,1.0835904742085203,0,,1,False,non_critical,
1,20260708,L171->L084,L171,L084,True,False,0.0,0.0,0.0,1.000000000000008,"L084,L171",2,1.002995695361974,1.002995695361974,0,,0,False,non_critical,
1,20260708,L086->L064,L086,L064,True,False,0.0,0.0,0.0,1.000000000000001,"L064,L065,L086,L128",4,1.2263359213722187,1.2263359213722187,2,"L065,L128",2,True,non_critical,
1,20260708,L039->L018,L039,L018,True,False,0.0,0.0,0.0,1.0000000000000049,"L018,L039,L178",3,1.0003581829834627,1.0003581829834627,0,,1,False,non_critical,
1,20260708,L081->L098,L081,L098,True,False,0.0,0.0,0.0,1.000000000000005,"L060,L081,L082,L098,L102",5,3.166548993154068,3.166548993154068,3,"L060,L082,L102",3,True,non_critical,
1,20260708,L052->L078,L052,L078,True,False,0.0,0.0,0.0,1.0000000000000018,"L052,L078",2,1.0227313732326693,1.0227313732326693,0,,0,False,non_critical,
1,20260708,L142->L092,L142,L092,True,False,0.0,0.0,0.0,1.0000000000000033,"L092,L128,L142",3,1.0140985150362485,1.0140985150362485,0,,1,False,non_critical,
1,20260708,L060->L098,L060,L098,True,False,0.0,0.0,0.0,1.0000000000000058,"L060,L098,L102",3,3.886838200473047,3.886838200473047,1,L102,1,True,non_critical,
1,20260708,L016->L024,L016,L024,True,False,0.0,0.0,0.0,1.0000000000000004,"L016,L018,L019,L024,L044,L045,L046,L054,L060,L102,L104,L109,L110,L111,L113,L115,L128,L134,L140,L150,L153,L154,L155,L156,L158,L160,L169,L178,L179,L182",30,0.9722669964170749,0.9722669964170749,0,,28,False,non_critical,
1,20260708,L004->L140,L004,L140,True,False,0.0,0.0,0.0,1.0000000000000018,"L001,L004,L014,L018,L030,L044,L045,L046,L060,L065,L102,L104,L109,L110,L111,L113,L115,L128,L134,L140,L150,L153,L154,L155,L156,L158,L160,L169,L178,L179,L182",31,1.1496365872166234,1.1496365872166234,0,,29,False,non_critical,
1,20260708,L110->L028,L110,L028,True,True,1.2263267694651137,0.0,1.2263267694651137,1.0000000000000009,"L018,L028,L044,L045,L046,L060,L065,L102,L104,L109,L110,L111,L115,L128,L134,L140,L150,L153,L154,L155,L156,L158,L160,L169,L178,L179,L182",27,1.1338117404908323,1.1338117404908323,0,,25,False,island_only,
1,20260708,L097->L167,L097,L167,True,False,0.0,0.0,0.0,1.0000000000000004,"L018,L019,L030,L045,L046,L056,L057,L060,L062,L063,L064,L065,L077,L078,L082,L091,L097,L102,L104,L105,L106,L109,L110,L111,L112,L113,L115,L128,L134,L140,L149,L150,L153,L154,L155,L156,L158,L159,L160,L167,L169,L178,L179,L182",44,0.9610740669093655,0.9610740669093655,0,,42,False,non_critical,
1,20260708,L031->L020,L031,L020,True,False,0.0,0.0,0.0,1.0000000000000002,"L018,L019,L020,L025,L030,L031,L035,L039,L040,L043,L044,L045,L046,L054,L060,L102,L104,L109,L110,L111,L113,L115,L128,L134,L140,L149,L150,L153,L154,L155,L156,L158,L160,L169,L178,L179,L182",37,0.9610740669093655,0.9610740669093655,0,,35,False,non_critical,
1,20260708,L037->L130,L037,L130,True,False,0.0,0.0,0.0,1.0,"L018,L019,L020,L037,L044,L045,L046,L060,L102,L109,L110,L111,L113,L115,L128,L130,L134,L140,L150,L153,L154,L155,L156,L157,L158,L160,L169,L178,L179,L182",30,1.0453625260472341,1.0453625260472341,0,,28,False,non_critical,
1,20260708,L033->L181,L033,L181,True,True,16.141806694637093,16.141806694637093,0.0,1.0000000000000002,"L018,L019,L030,L033,L040,L043,L044,L045,L046,L054,L060,L102,L104,L109,L110,L111,L113,L115,L128,L134,L140,L150,L153,L154,L155,L156,L158,L160,L169,L178,L179,L180,L181,L182",34,0.9722669964170749,0.9722669964170749,0,,32,False,island_only,
1,20260708,L096->L047,L096,L047,True,True,31.300605334860514,31.300605334860514,0.0,1.000000000000005,"L018,L030,L044,L045,L046,L047,L056,L057,L060,L065,L096,L102,L104,L109,L111,L112,L113,L115,L128,L134,L140,L150,L153,L154,L155,L156,L157,L158,L160,L169,L178,L179,L182",33,1.0574251818542044,1.0574251818542044,0,,31,False,island_only,
1,20260708,L107->L054,L107,L054,True,True,150.07223526690197,150.07223526690197,0.0,1.0000000000000009,"L018,L019,L024,L026,L030,L039,L044,L045,L046,L054,L057,L060,L062,L063,L064,L065,L091,L102,L104,L105,L106,L107,L109,L110,L111,L113,L115,L126,L127,L128,L134,L140,L148,L149,L150,L153,L154,L155,L156,L157,L158,L159,L160,L169,L178,L179,L182,L186",48,40.93626932121321,40.93626932121321,44,"L018,L019,L024,L026,L030,L039,L044,L045,L046,L057,L060,L062,L063,L064,L065,L091,L104,L105,L106,L109,L110,L111,L113,L115,L126,L127,L134,L140,L148,L149,L150,L153,L154,L155,L156,L157,L158,L159,L160,L169,L178,L179,L182,L186",46,True,relay_cascade,
1,20260708,L040->L155,L040,L155,True,False,0.0,0.0,0.0,1.000000000000002,"L040,L155,L182",3,1.000338408626379,1.000338408626379,0,,1,False,non_critical,
1,20260708,L113->L075,L113,L075,True,False,0.0,0.0,0.0,1.0000000000000027,"L018,L044,L045,L046,L060,L065,L075,L102,L104,L109,L111,L112,L113,L115,L128,L134,L140,L150,L153,L154,L155,L156,L158,L160,L169,L178,L179,L182",28,1.1230847647294486,1.1230847647294486,0,,26,False,non_critical,
1,20260708,L087->L185,L087,L185,True,True,35.11713329264434,35.11713329264434,0.0,1.000000000000001,"L018,L044,L045,L046,L060,L087,L102,L109,L110,L111,L113,L115,L128,L134,L140,L150,L153,L154,L155,L156,L158,L160,L169,L178,L179,L182,L185,L186",28,38.263130440452386,38.263130440452386,26,"L018,L044,L045,L046,L060,L102,L109,L110,L111,L113,L115,L128,L134,L140,L150,L153,L154,L155,L156,L158,L160,L169,L178,L179,L182,L186",26,True,relay_cascade,
1,20260708,L011->L115,L011,L115,True,False,0.0,0.0,0.0,1.0000000000000069,"L011,L018,L115",3,1.0285782986829133,1.0285782986829133,0,,1,False,non_critical,
1,20260708,L103->L073,L103,L073,True,False,0.0,0.0,0.0,1.0000000000000113,"L073,L102,L103",3,1.000781941906356,1.000781941906356,0,,1,False,non_critical,
1,20260708,L109->L155,L109,L155,True,False,0.0,0.0,0.0,1.000000000000003,"L109,L155",2,1.000493036554459,1.000493036554459,0,,0,False,non_critical,
1,20260708,L014->L143,L014,L143,True,False,0.0,0.0,0.0,1.0000000000000007,"L014,L018,L044,L045,L046,L060,L065,L102,L104,L109,L110,L111,L113,L115,L128,L134,L140,L143,L149,L150,L153,L154,L155,L156,L157,L158,L160,L169,L178,L179,L182",31,40.65505500134051,40.65505500134051,29,"L018,L044,L045,L046,L060,L065,L102,L104,L109,L110,L111,L113,L115,L128,L134,L140,L149,L150,L153,L154,L155,L156,L157,L158,L160,L169,L178,L179,L182",29,True,non_critical,
1,20260708,L013->L028,L013,L028,True,True,1.226326769465108,0.0,1.226326769465108,1.0000000000000062,"L013,L018,L028,L044,L045,L046,L060,L065,L102,L104,L109,L110,L111,L113,L115,L128,L134,L140,L150,L153,L154,L155,L156,L158,L160,L169,L178,L179,L182",29,39.81315475214952,39.81315475214952,27,"L018,L044,L045,L046,L060,L065,L102,L104,L109,L110,L111,L113,L115,L128,L134,L140,L150,L153,L154,L155,L156,L158,L160,L169,L178,L179,L182",27,True,relay_cascade,
1,20260708,L184->L034,L184,L034,True,True,41.04569367595296,41.04569367595296,0.0,1.0000000000000002,"L018,L019,L034,L040,L044,L045,L046,L054,L056,L057,L060,L065,L102,L104,L109,L110,L111,L113,L115,L128,L134,L140,L149,L150,L153,L154,L155,L156,L158,L160,L169,L178,L179,L182,L184",35,1.8168638415550193,1.8168638415550193,6,"L019,L040,L054,L056,L057,L149",33,True,relay_cascade,
1,20260708,L062->L085,L062,L085,True,False,0.0,0.0,0.0,1.0000000000000049,"L060,L062,L085",3,1.1661938952183173,1.1661938952183173,0,,1,False,non_critical,
1,20260708,L168->L052,L168,L052,True,False,0.0,0.0,0.0,1.000000000000023,"L052,L060,L168",3,1.3068536163028353,1.3068536163028353,1,L060,1,True,non_critical,
1,20260708,L063->L146,L063,L146,True,False,0.0,0.0,0.0,1.000000000000004,"L063,L128,L146,L155,L156,L158",6,8.41135775408435,8.41135775408435,4,"L128,L155,L156,L158",4,True,non_critical,
1,20260708,L181->L052,L181,L052,True,False,0.0,0.0,0.0,1.000000000000001,"L018,L030,L044,L045,L046,L052,L060,L065,L102,L104,L109,L110,L111,L113,L115,L128,L134,L140,L150,L153,L154,L155,L156,L158,L160,L169,L178,L179,L180,L181,L182",31,1.1048466820266027,1.1048466820266027,0,,29,False,non_critical,
1,20260708,L163->L089,L163,L089,True,False,0.0,0.0,0.0,1.0000000000000069,"L089,L163,L169",3,1.0928630426782604,1.0928630426782604,0,,1,False,non_critical,
1,20260708,L102->L139,L102,L139,True,False,0.0,0.0,0.0,1.000000000000023,"L102,L128,L139,L140",4,3.1208595499124963,3.1208595499124963,2,"L128,L140",2,True,non_critical,
1,20260708,L003->L089,L003,L089,True,False,0.0,0.0,0.0,1.0000000000000049,"L003,L018,L089",3,1.0970834612521487,1.0970834612521487,0,,1,False,non_critical,
1,20260708,L153->L047,L153,L047,True,True,31.300605334860514,31.300605334860514,0.0,1.0000000000000002,"L018,L044,L045,L046,L047,L056,L057,L060,L065,L077,L078,L082,L095,L102,L104,L109,L110,L111,L113,L115,L128,L134,L140,L150,L153,L154,L155,L156,L158,L160,L169,L178,L179,L182",34,11.717582334586732,11.717582334586732,30,"L018,L044,L045,L046,L056,L057,L060,L065,L077,L078,L082,L095,L102,L104,L109,L110,L111,L113,L115,L134,L140,L150,L154,L156,L158,L160,L169,L178,L179,L182",32,True,relay_cascade,
1,20260708,L055->L112,L055,L112,True,False,0.0,0.0,0.0,1.0000000000000002,"L018,L044,L045,L046,L055,L060,L065,L102,L104,L109,L111,L112,L113,L115,L128,L134,L140,L150,L153,L154,L155,L156,L158,L160,L169,L178,L179,L182",28,38.466682784864325,38.466682784864325,26,"L018,L044,L045,L046,L060,L065,L102,L104,L109,L111,L113,L115,L128,L134,L140,L150,L153,L154,L155,L156,L158,L160,L169,L178,L179,L182",26,True,non_critical,
1,20260708,L121->L073,L121,L073,True,False,0.0,0.0,0.0,1.000000000000023,"L073,L121,L128",3,1.0749606622800991,1.0749606622800991,0,,1,False,non_critical,
1,20260708,L059->L184,L059,L184,True,True,21.648461416338748,21.648461416338748,0.0,1.0000000000000004,"L018,L044,L045,L046,L059,L060,L065,L102,L104,L109,L110,L111,L113,L115,L128,L134,L140,L150,L153,L154,L155,L156,L158,L160,L169,L178,L179,L182,L184",29,1.166836913696849,1.166836913696849,0,,27,False,island_only,
1,20260708,L173->L105,L173,L105,True,False,0.0,0.0,0.0,1.0,"L018,L030,L044,L045,L046,L060,L065,L102,L104,L105,L109,L110,L111,L113,L115,L128,L134,L140,L150,L153,L154,L155,L156,L157,L158,L160,L169,L173,L178,L179,L182",31,38.43843817701982,38.43843817701982,29,"L018,L030,L044,L045,L046,L060,L065,L102,L104,L109,L110,L111,L113,L115,L128,L134,L140,L150,L153,L154,L155,L156,L157,L158,L160,L169,L178,L179,L182",29,True,non_critical,
1,20260708,L176->L107,L176,L107,True,False,0.0,0.0,0.0,1.0000000000000007,"L018,L044,L045,L046,L060,L102,L107,L109,L110,L111,L113,L115,L128,L134,L140,L155,L156,L158,L169,L176,L178,L179,L182",23,1.0297006326444549,1.0297006326444549,0,,21,False,non_critical,
1,20260708,L091->L040,L091,L040,True,False,0.0,0.0,0.0,1.000000000000003,"L040,L091,L182",3,3.384830352404844,3.384830352404844,1,L182,1,True,non_critical,
1,20260708,L167->L158,L167,L158,True,False,0.0,0.0,0.0,1.0000000000000049,"L158,L167,L169",3,1.0500146450145167,1.0500146450145167,0,,1,False,non_critical,
1,20260708,L170->L024,L170,L024,True,False,0.0,0.0,0.0,1.000000000000001,"L024,L169,L170,L178",4,1.3227691756015316,1.3227691756015316,1,L178,2,True,non_critical,
1,20260708,L150->L071,L150,L071,True,True,70.56694602954056,70.56694602954056,0.0,1.0000000000000018,"L018,L044,L045,L046,L060,L071,L073,L074,L078,L082,L102,L109,L110,L111,L113,L115,L128,L134,L140,L149,L150,L153,L154,L155,L156,L158,L160,L169,L178,L179,L182",31,11.243901609564402,11.243901609564402,27,"L018,L044,L045,L046,L060,L073,L074,L078,L082,L102,L109,L110,L111,L113,L115,L128,L134,L140,L149,L153,L154,L158,L160,L169,L178,L179,L182",29,True,relay_cascade,
1,20260708,L152->L102,L152,L102,True,False,0.0,0.0,0.0,1.0,"L018,L044,L045,L046,L060,L102,L109,L110,L111,L113,L115,L128,L134,L140,L149,L150,L152,L153,L154,L155,L156,L158,L160,L169,L178,L179,L182",27,0.9961115970169644,0.9961115970169644,0,,25,False,non_critical,
1,20260708,L160->L136,L160,L136,True,False,0.0,0.0,0.0,1.000000000000005,"L128,L136,L140,L149,L155,L156,L160",7,2.9426945117418426,2.9426945117418426,3,"L140,L149,L156",5,True,non_critical,
1,20260708,L037->L053,L037,L053,True,False,0.0,0.0,0.0,1.0000000000000062,"L018,L019,L020,L037,L044,L045,L046,L053,L060,L102,L109,L110,L111,L113,L115,L128,L134,L140,L150,L153,L154,L155,L156,L157,L158,L160,L169,L178,L179,L182",30,1.0453625260472315,1.0453625260472315,0,,28,False,non_critical,
1,20260708,L037->L148,L037,L148,True,False,0.0,0.0,0.0,1.000000000000001,"L018,L019,L020,L037,L044,L045,L046,L060,L102,L109,L110,L111,L113,L115,L128,L134,L140,L148,L150,L153,L154,L155,L156,L157,L158,L160,L169,L178,L179,L182",30,1.0432816619440903,1.0432816619440903,0,,28,False,non_critical,
1,20260708,L121->L085,L121,L085,True,False,0.0,0.0,0.0,1.000000000000023,"L085,L121,L128",3,1.1663521614830787,1.1663521614830787,0,,1,False,non_critical,
1,20260708,L107->L076,L107,L076,True,False,0.0,0.0,0.0,1.000000000000023,"L076,L102,L107,L128",4,1.028682791070761,1.028682791070761,0,,2,False,non_critical,
1,20260708,L182->L140,L182,L140,True,False,0.0,0.0,0.0,1.0000000000000113,"L128,L140,L182",3,1.2546543569426336,1.2546543569426336,1,L128,1,True,non_critical,
1,20260708,L075->L136,L075,L136,True,False,0.0,0.0,0.0,1.0000000000000018,"L075,L128,L136,L155,L156,L158",6,6.592531513325482,6.592531513325482,4,"L128,L155,L156,L158",4,True,non_critical,
1,20260708,L177->L005,L177,L005,True,False,0.0,0.0,0.0,1.0000000000000004,"L005,L018,L019,L044,L045,L046,L060,L102,L104,L109,L110,L111,L113,L115,L128,L134,L140,L148,L150,L153,L154,L155,L156,L157,L158,L159,L160,L169,L177,L178,L179,L182",32,1.2900110285757964,1.2900110285757964,1,L019,30,True,non_critical,
1,20260708,L119->L147,L119,L147,True,True,139.02370200842836,139.02370200842836,0.0,1.0000000000000002,"L018,L044,L045,L046,L060,L102,L109,L110,L111,L113,L115,L119,L128,L129,L134,L140,L147,L148,L149,L150,L153,L154,L155,L156,L157,L158,L160,L169,L178,L179,L182",31,8.037627238317194,8.037627238317194,27,"L018,L044,L045,L046,L060,L102,L109,L110,L111,L113,L129,L134,L140,L148,L149,L150,L153,L154,L155,L156,L157,L158,L160,L169,L178,L179,L182",29,True,relay_cascade,
1,20260708,L149->L104,L149,L104,True,False,0.0,0.0,0.0,1.0000000000000004,"L018,L030,L044,L045,L046,L060,L065,L102,L104,L109,L110,L111,L113,L115,L128,L134,L140,L149,L150,L153,L154,L155,L156,L157,L158,L160,L169,L178,L179,L182",30,37.997571289208864,37.997571289208864,27,"L018,L030,L044,L045,L046,L060,L065,L102,L109,L110,L111,L113,L115,L134,L140,L150,L153,L154,L155,L156,L157,L158,L160,L169,L178,L179,L182",28,True,non_critical,
1,20260708,L072->L176,L072,L176,True,False,0.0,0.0,0.0,1.0000000000000007,"L018,L044,L045,L046,L060,L072,L102,L109,L110,L111,L113,L115,L128,L134,L140,L155,L156,L158,L169,L176,L178,L179,L182",23,28.457696085104335,28.457696085104335,21,"L018,L044,L045,L046,L060,L102,L109,L110,L111,L113,L115,L128,L134,L140,L155,L156,L158,L169,L178,L179,L182",21,True,non_critical,
1,20260708,L145->L052,L145,L052,True,False,0.0,0.0,0.0,1.0000000000000024,"L052,L060,L115,L128,L145,L155,L156",7,1.3023231225835492,1.3023231225835492,2,"L060,L115",5,True,non_critical,
1,20260708,L064->L132,L064,L132,True,False,0.0,0.0,0.0,1.000000000000023,"L064,L128,L132,L155",4,5.2853842492086045,5.2853842492086045,2,"L128,L155",2,True,non_critical,
1,20260708,L133->L175,L133,L175,True,False,0.0,0.0,0.0,1.0000000000000009,"L018,L044,L045,L046,L060,L065,L102,L104,L109,L110,L111,L113,L115,L128,L133,L134,L140,L150,L153,L154,L155,L156,L157,L158,L160,L169,L175,L178,L179,L182",30,1.1020241853152208,1.1020241853152208,0,,28,False,non_critical,
1,20260708,L143->L146,L143,L146,True,False,0.0,0.0,0.0,1.0000000000000018,"L128,L143,L146,L155,L156,L158",6,6.147902255886478,6.147902255886478,4,"L128,L155,L156,L158",4,True,non_critical,
1,20260708,L184->L134,L184,L134,True,False,0.0,0.0,0.0,1.0,"L018,L044,L045,L046,L060,L065,L102,L104,L109,L110,L111,L113,L115,L128,L134,L140,L150,L153,L154,L155,L156,L158,L160,L169,L178,L179,L182,L184",28,1.1955392917793808,1.1955392917793808,0,,26,False,non_critical,
1,20260708,L165->L058,L165,L058,True,False,0.0,0.0,0.0,1.000000000000001,"L018,L044,L045,L046,L057,L058,L060,L065,L102,L104,L109,L110,L111,L113,L115,L128,L134,L140,L150,L153,L154,L155,L156,L158,L160,L165,L169,L178,L179,L182",30,38.539596484644186,38.539596484644186,28,"L018,L044,L045,L046,L057,L060,L065,L102,L104,L109,L110,L111,L113,L115,L128,L134,L140,L150,L153,L154,L155,L156,L158,L160,L169,L178,L179,L182",28,True,non_critical,
1,20260708,L140->L041,L140,L041,True,False,0.0,0.0,0.0,1.0000000000000002,"L018,L041,L044,L045,L046,L060,L065,L102,L104,L109,L110,L111,L113,L115,L128,L134,L140,L150,L153,L154,L155,L156,L158,L160,L169,L178,L179,L182",28,38.738680533925795,38.738680533925795,26,"L018,L044,L045,L046,L060,L065,L102,L104,L109,L110,L111,L113,L115,L128,L134,L150,L153,L154,L155,L156,L158,L160,L169,L178,L179,L182",26,True,non_critical,
1,20260708,L064->L172,L064,L172,True,False,0.0,0.0,0.0,1.0000000000000455,"L064,L169,L172",3,1.5171252208596193,1.5171252208596193,1,L169,1,True,non_critical,
1,20260708,L040->L104,L040,L104,True,False,0.0,0.0,0.0,1.0000000000000455,"L018,L040,L057,L058,L060,L065,L102,L104,L109,L111,L115,L178,L182",13,3.196860219714502,3.196860219714502,10,"L018,L057,L058,L060,L065,L102,L109,L111,L115,L178",11,True,non_critical,
1,20260708,L021->L085,L021,L085,True,False,0.0,0.0,0.0,1.0000000000000064,"L018,L019,L021,L024,L025,L026,L030,L044,L045,L046,L048,L056,L057,L060,L065,L077,L078,L082,L085,L095,L102,L104,L109,L110,L111,L112,L113,L115,L128,L134,L140,L150,L153,L154,L155,L156,L158,L160,L169,L178,L179,L182",42,1.1099668235148614,1.1099668235148614,0,,40,False,non_critical,
1,20260708,L151->L164,L151,L164,True,False,0.0,0.0,0.0,1.000000000000003,"L128,L151,L155,L164",4,1.0562261555432926,1.0562261555432926,0,,2,False,non_critical,
1,20260708,L043->L146,L043,L146,True,False,0.0,0.0,0.0,1.000000000000008,"L043,L128,L146,L155,L156,L158,L182",7,6.755113916800408,6.755113916800408,4,"L128,L155,L156,L158",5,True,non_critical,
1,20260708,L155->L008,L155,L008,True,True,40.354199858188814,40.354199858188814,0.0,1.0000000000000004,"L008,L017,L018,L019,L020,L022,L024,L026,L037,L044,L045,L046,L060,L102,L109,L110,L111,L113,L115,L128,L134,L140,L150,L153,L154,L155,L156,L157,L158,L160,L169,L178,L179,L182",34,43.07648681912567,43.07648681912567,32,"L017,L018,L019,L020,L022,L024,L026,L037,L044,L045,L046,L060,L102,L109,L110,L111,L113,L115,L128,L134,L140,L150,L153,L154,L156,L157,L158,L160,L169,L178,L179,L182",32,True,relay_cascade,
1,20260708,L070->L081,L070,L081,True,True,16.14448705021324,16.14448705021324,0.0,1.0000000000000033,"L018,L044,L045,L046,L060,L065,L070,L077,L078,L081,L082,L102,L104,L109,L110,L111,L113,L115,L128,L134,L140,L150,L153,L154,L155,L156,L158,L160,L169,L178,L179,L182",32,38.71815244253096,38.71815244253096,26,"L018,L044,L045,L046,L060,L065,L104,L109,L110,L111,L113,L115,L128,L134,L140,L150,L153,L154,L155,L156,L158,L160,L169,L178,L179,L182",30,True,relay_cascade,
1,20260708,L035->L181,L035,L181,True,True,20.772296104867053,20.772296104867053,0.0,1.0000000000000024,"L018,L035,L044,L045,L046,L060,L065,L102,L104,L109,L110,L111,L113,L115,L128,L134,L140,L150,L153,L154,L155,L156,L158,L160,L169,L178,L179,L181,L182",29,38.56964959546229,38.56964959546229,26,"L018,L044,L045,L046,L060,L065,L102,L104,L109,L110,L111,L113,L115,L128,L134,L140,L150,L153,L154,L155,L156,L158,L160,L169,L178,L179",27,True,relay_cascade,
1,20260708,L007->L041,L007,L041,True,False,0.0,0.0,0.0,1.0000000000000024,"L007,L018,L019,L030,L041,L045,L046,L060,L065,L102,L104,L109,L111,L112,L113,L115,L128,L134,L140,L150,L153,L154,L155,L156,L157,L158,L159,L160,L169,L178,L179,L182",32,0.9689427130813034,0.9689427130813034,0,,30,False,non_critical,
1,20260708,L111->L049,L111,L049,True,False,0.0,0.0,0.0,1.0000000000000009,"L018,L044,L045,L046,L049,L060,L065,L102,L104,L109,L110,L111,L113,L115,L128,L134,L140,L150,L153,L154,L155,L156,L158,L160,L169,L178,L179,L182",28,39.20969535725516,39.20969535725516,26,"L018,L044,L045,L046,L060,L065,L102,L104,L109,L110,L113,L115,L128,L134,L140,L150,L153,L154,L155,L156,L158,L160,L169,L178,L179,L182",26,True,non_critical,
1,20260708,L101->L118,L101,L118,True,False,0.0,0.0,0.0,1.0000000000000049,"L101,L118",2,1.0184804925609972,1.0184804925609972,0,,0,False,non_critical,
1,20260708,L076->L044,L076,L044,True,False,0.0,0.0,0.0,1.000000000000023,"L044,L045,L076",3,1.719913052889096,1.719913052889096,1,L045,1,True,non_critical,
1,20260708,L137->L144,L137,L144,True,False,0.0,0.0,0.0,1.0000000000000027,"L128,L137,L144,L149,L155,L156,L158",7,1.4137757957920603,1.4137757957920603,1,L158,5,True,non_critical,
1,20260708,L038->L180,L038,L180,True,True,7.272188818003705,7.272188818003705,0.0,1.000000000000001,"L018,L019,L025,L030,L035,L038,L039,L040,L042,L045,L046,L060,L102,L109,L110,L111,L113,L115,L128,L134,L140,L150,L153,L154,L155,L156,L157,L158,L159,L160,L169,L178,L179,L180,L182",35,0.9519955547200981,0.9519955547200981,0,,33,False,island_only,
1,20260708,L075->L001,L075,L001,True,False,0.0,0.0,0.0,1.0000000000000024,"L001,L075",2,1.0206022861628579,1.0206022861628579,0,,0,False,non_critical,
1,20260708,L069->L036,L069,L036,True,True,22.50545676159403,22.50545676159403,0.0,1.0000000000000004,"L018,L019,L020,L032,L036,L044,L045,L046,L048,L054,L060,L069,L102,L104,L109,L110,L111,L113,L115,L128,L134,L140,L149,L150,L153,L154,L155,L156,L158,L160,L169,L178,L179,L182",34,37.2458697811154,37.2458697811154,32,"L018,L019,L020,L032,L044,L045,L046,L048,L054,L060,L102,L104,L109,L110,L111,L113,L115,L128,L134,L140,L149,L150,L153,L154,L155,L156,L158,L160,L169,L178,L179,L182",32,True,relay_cascade,
1,20260708,L117->L159,L117,L159,True,False,0.0,0.0,0.0,1.0000000000000007,"L018,L044,L045,L046,L060,L102,L109,L111,L113,L114,L115,L117,L128,L134,L140,L150,L153,L154,L155,L156,L158,L159,L160,L169,L178,L179,L182",27,1.183137610005636,1.183137610005636,0,,25,False,non_critical,
1,20260708,L159->L174,L159,L174,True,True,7.200998121470781,7.200998121470781,0.0,1.0000000000000013,"L018,L044,L045,L046,L060,L065,L102,L104,L109,L110,L111,L113,L115,L128,L134,L140,L154,L155,L156,L158,L159,L160,L169,L173,L174,L175,L178,L179,L182",29,12.017849916285048,12.017849916285048,24,"L018,L044,L045,L046,L060,L065,L102,L104,L109,L110,L111,L113,L115,L134,L140,L154,L156,L160,L169,L173,L175,L178,L179,L182",27,True,relay_cascade,
1,20260708,L061->L109,L061,L109,True,False,0.0,0.0,0.0,1.0000000000000013,"L018,L044,L045,L046,L060,L061,L065,L102,L104,L109,L110,L111,L113,L115,L128,L134,L140,L150,L153,L154,L155,L156,L158,L160,L169,L178,L179,L182",28,1.0998965281476238,1.0998965281476238,0,,26,False,non_critical,
1,20260708,L030->L109,L030,L109,True,False,0.0,0.0,0.0,1.0000000000000002,"L018,L030,L044,L045,L046,L060,L065,L102,L104,L109,L110,L111,L113,L115,L128,L134,L140,L150,L153,L154,L155,L156,L157,L158,L160,L169,L178,L179,L182",29,39.64098033505373,39.64098033505373,27,"L018,L044,L045,L046,L060,L065,L102,L104,L110,L111,L113,L115,L128,L134,L140,L150,L153,L154,L155,L156,L157,L158,L160,L169,L178,L179,L182",27,True,non_critical,
1,20260708,L151->L166,L151,L166,True,False,0.0,0.0,0.0,1.000000000000023,"L128,L151,L155,L166",4,1.089910227286544,1.089910227286544,0,,2,False,non_critical,
1,20260708,L183->L048,L183,L048,True,True,22.50545676159403,22.50545676159403,0.0,1.0000000000000016,"L018,L044,L045,L046,L048,L060,L065,L102,L104,L109,L110,L111,L113,L115,L128,L134,L140,L149,L150,L153,L154,L155,L156,L158,L159,L160,L169,L178,L179,L182,L183",31,1.0514384823105636,1.0514384823105636,0,,29,False,island_only,
1,20260708,L075->L100,L075,L100,True,False,0.0,0.0,0.0,1.000000000000023,"L075,L100,L102,L128",4,2.05161881393016,2.05161881393016,2,"L102,L128",2,True,non_critical,
1,20260708,L157->L040,L157,L040,True,False,0.0,0.0,0.0,1.0000000000000069,"L040,L128,L155,L157,L182",5,4.02601721025031,4.02601721025031,1,L182,3,True,non_critical,
1,20260708,L004->L089,L004,L089,True,False,0.0,0.0,0.0,1.0000000000000004,"L001,L004,L014,L018,L030,L044,L045,L046,L060,L065,L089,L102,L104,L109,L110,L111,L113,L115,L128,L134,L140,L150,L153,L154,L155,L156,L158,L160,L169,L178,L179,L182",32,1.1597150144888335,1.1597150144888335,0,,30,False,non_critical,
1,20260708,L091->L149,L091,L149,True,False,0.0,0.0,0.0,1.000000000000023,"L091,L128,L149",3,5.385904530142468,5.385904530142468,1,L128,1,True,non_critical,
1,20260708,L088->L185,L088,L185,True,True,35.11713329264434,35.11713329264434,0.0,1.0000000000000018,"L018,L044,L045,L046,L060,L088,L102,L109,L110,L111,L113,L115,L128,L134,L140,L150,L153,L154,L155,L156,L158,L160,L169,L178,L179,L182,L185,L186",28,38.26266470322296,38.26266470322296,26,"L018,L044,L045,L046,L060,L102,L109,L110,L111,L113,L115,L128,L134,L140,L150,L153,L154,L155,L156,L158,L160,L169,L178,L179,L182,L186",26,True,relay_cascade,
1,20260708,L026->L012,L026,L012,True,False,0.0,0.0,0.0,1.000000000000004,"L001,L002,L012,L014,L015,L018,L019,L020,L026,L044,L045,L046,L054,L060,L102,L104,L109,L110,L111,L113,L115,L128,L134,L140,L150,L153,L154,L155,L156,L158,L160,L169,L178,L179,L182",35,39.11918100847101,39.11918100847101,33,"L001,L002,L014,L015,L018,L019,L020,L044,L045,L046,L054,L060,L102,L104,L109,L110,L111,L113,L115,L128,L134,L140,L150,L153,L154,L155,L156,L158,L160,L169,L178,L179,L182",33,True,non_critical,
1,20260708,L186->L032,L186,L032,True,True,7.272188818003705,7.272188818003705,0.0,1.0000000000000007,"L018,L030,L032,L039,L040,L044,L045,L046,L060,L065,L102,L104,L109,L111,L112,L113,L115,L128,L134,L140,L150,L153,L154,L155,L156,L157,L158,L160,L169,L178,L179,L180,L182,L186",34,41.01499696589117,41.01499696589117,32,"L018,L030,L039,L040,L044,L045,L046,L060,L065,L102,L104,L109,L111,L112,L113,L115,L128,L134,L140,L150,L153,L154,L155,L156,L157,L158,L160,L169,L178,L179,L180,L182",32,True,relay_cascade,
1,20260708,L056->L135,L056,L135,True,False,0.0,0.0,0.0,1.0000000000000675,"L056,L128,L135",3,1.7157927433535867,1.7157927433535867,1,L128,1,True,non_critical,
1,20260708,L067->L108,L067,L108,True,False,0.0,0.0,0.0,1.0000000000000004,"L018,L030,L044,L045,L046,L060,L065,L067,L102,L104,L108,L109,L111,L113,L115,L128,L134,L140,L150,L153,L154,L155,L156,L158,L160,L169,L178,L179,L182,L186",30,39.968514864624865,39.968514864624865,28,"L018,L030,L044,L045,L046,L060,L065,L102,L104,L109,L111,L113,L115,L128,L134,L140,L150,L153,L154,L155,L156,L158,L160,L169,L178,L179,L182,L186",28,True,non_critical,
1,20260708,L087->L014,L087,L014,True,False,0.0,0.0,0.0,1.0000000000000058,"L014,L087",2,1.0039761020869011,1.0039761020869011,0,,0,False,non_critical,
1,20260708,L147->L142,L147,L142,True,False,0.0,0.0,0.0,1.0,"L018,L044,L045,L046,L060,L102,L109,L110,L111,L113,L115,L128,L129,L134,L140,L142,L147,L148,L149,L150,L153,L154,L155,L156,L157,L158,L160,L169,L178,L179,L182",31,0.9857125460251699,0.9857125460251699,0,,29,False,non_critical,
1,20260708,L125->L161,L125,L161,True,False,0.0,0.0,0.0,1.0000000000000138,"L125,L128,L155,L161",4,9.701701127274777,9.701701127274777,1,L155,2,True,non_critical,
1,20260708,L046->L018,L046,L018,True,False,0.0,0.0,0.0,1.0000000000000113,"L018,L046",2,1.0034110528035696,1.0034110528035696,0,,0,False,non_critical,
1,20260708,L164->L010,L164,L010,True,False,0.0,0.0,0.0,1.0000000000000095,"L010,L015,L018,L019,L164",5,3.571203403685937,3.571203403685937,3,"L015,L018,L019",3,True,non_critical,
1,20260708,L138->L161,L138,L161,True,False,0.0,0.0,0.0,1.0000000000000058,"L128,L138,L140,L155,L161",5,12.28475370208952,12.28475370208952,2,"L128,L155",3,True,non_critical,
1,20260708,L072->L050,L072,L050,True,True,18.346497960874867,18.346497960874867,0.0,1.0000000000000004,"L018,L044,L045,L046,L050,L059,L060,L065,L072,L102,L104,L109,L110,L111,L113,L115,L128,L134,L140,L150,L153,L154,L155,L156,L158,L160,L169,L178,L179,L182",30,38.55311911609236,38.55311911609236,28,"L018,L044,L045,L046,L059,L060,L065,L102,L104,L109,L110,L111,L113,L115,L128,L134,L140,L150,L153,L154,L155,L156,L158,L160,L169,L178,L179,L182",28,True,relay_cascade,
1,20260708,L152->L017,L152,L017,True,True,14.684099265673353,14.684099265673353,0.0,1.000000000000003,"L017,L018,L019,L044,L045,L046,L060,L102,L109,L110,L111,L113,L115,L128,L134,L140,L149,L150,L152,L153,L154,L155,L156,L158,L160,L169,L178,L179,L182",29,1.78734203881025,1.78734203881025,1,L019,27,True,relay_cascade,
1,20260708,L038->L030,L038,L030,True,False,0.0,0.0,0.0,1.000000000000001,"L018,L019,L025,L030,L035,L038,L039,L040,L042,L045,L046,L060,L102,L109,L110,L111,L113,L115,L128,L134,L140,L150,L153,L154,L155,L156,L157,L158,L159,L160,L169,L178,L179,L182",34,0.9519955547200981,0.9519955547200981,0,,32,False,non_critical,
1,20260708,L114->L124,L114,L124,True,False,0.0,0.0,0.0,1.000000000000023,"L114,L115,L124",3,1.118683431271888,1.118683431271888,0,,1,False,non_critical,
1,20260708,L177->L127,L177,L127,True,False,0.0,0.0,0.0,1.0000000000000004,"L018,L044,L045,L046,L060,L102,L104,L109,L110,L111,L113,L115,L127,L128,L134,L140,L148,L150,L153,L154,L155,L156,L157,L158,L159,L160,L169,L177,L178,L179,L182",31,1.0432816619440903,1.0432816619440903,0,,29,False,non_critical,
1,20260708,L037->L174,L037,L174,True,False,0.0,0.0,0.0,1.0000000000000004,"L018,L019,L020,L037,L044,L045,L046,L060,L102,L109,L110,L111,L113,L115,L128,L134,L140,L150,L153,L154,L155,L156,L157,L158,L160,L169,L174,L178,L179,L182",30,1.0453625260472341,1.0453625260472341,0,,28,False,non_critical,
1,20260708,L027->L077,L027,L077,True,False,0.0,0.0,0.0,1.000000000000023,"L027,L077",2,1.0005962197423544,1.0005962197423544,0,,0,False,non_critical,
1,20260708,L185->L003,L185,L003,True,False,0.0,0.0,0.0,1.000000000000001,"L003,L018,L044,L045,L046,L060,L102,L109,L110,L111,L113,L115,L128,L134,L140,L150,L153,L154,L155,L156,L158,L160,L169,L178,L179,L182,L185,L186",28,1.1663871473623248,1.1663871473623248,0,,26,False,non_critical,
1,20260708,L053->L061,L053,L061,True,True,33.88157185629734,33.88157185629734,0.0,1.0,"L018,L044,L045,L046,L053,L060,L061,L065,L102,L104,L109,L110,L111,L113,L115,L128,L134,L140,L150,L153,L154,L155,L156,L158,L160,L169,L178,L179,L182",29,38.368193036466394,38.368193036466394,27,"L018,L044,L045,L046,L060,L065,L102,L104,L109,L110,L111,L113,L115,L128,L134,L140,L150,L153,L154,L155,L156,L158,L160,L169,L178,L179,L182",27,True,relay_cascade,
1,20260708,L097->L094,L097,L094,True,False,0.0,0.0,0.0,1.0000000000000004,"L018,L019,L030,L045,L046,L056,L057,L060,L062,L063,L064,L065,L077,L078,L082,L091,L094,L097,L102,L104,L105,L106,L109,L110,L111,L112,L113,L115,L128,L134,L140,L149,L150,L153,L154,L155,L156,L158,L159,L160,L169,L178,L179,L182",44,0.9610740669093655,0.9610740669093655,0,,42,False,non_critical,
1,20260708,L128->L152,L128,L152,True,True,31.05817161312981,31.05817161312981,0.0,1.0000000000000004,"L018,L044,L045,L046,L060,L102,L109,L110,L111,L113,L115,L128,L134,L140,L150,L152,L153,L154,L155,L156,L158,L160,L169,L178,L179,L182",26,10.919551985460403,10.919551985460403,24,"L018,L044,L045,L046,L060,L102,L109,L110,L111,L113,L115,L134,L140,L150,L153,L154,L155,L156,L158,L160,L169,L178,L179,L182",24,True,relay_cascade,
1,20260708,L094->L186,L094,L186,True,False,0.0,0.0,0.0,1.0000000000000004,"L018,L019,L030,L045,L046,L056,L057,L060,L062,L063,L064,L065,L077,L078,L082,L091,L094,L095,L102,L104,L105,L106,L109,L110,L111,L112,L113,L115,L128,L134,L140,L149,L150,L153,L154,L155,L156,L158,L159,L160,L169,L178,L179,L182,L186",45,0.9610740669093655,0.9610740669093655,0,,43,False,non_critical,
1,20260708,L082->L078,L082,L078,True,False,0.0,0.0,0.0,1.000000000000023,"L078,L082",2,1.0221467378422335,1.0221467378422335,0,,0,False,non_critical,
1,20260708,L018->L159,L018,L159,True,False,0.0,0.0,0.0,1.0000000000000009,"L018,L128,L155,L156,L159",5,11.062558188436546,11.062558188436546,3,"L128,L155,L156",3,True,non_critical,
1,20260708,L056->L075,L056,L075,True,False,0.0,0.0,0.0,1.000000000000023,"L056,L075",2,1.029390901704893,1.029390901704893,0,,0,False,non_critical,
1,20260708,L113->L133,L113,L133,True,True,20.77635989697293,20.77635989697293,0.0,1.0000000000000004,"L018,L044,L045,L046,L060,L065,L102,L104,L109,L111,L112,L113,L115,L128,L133,L134,L140,L150,L153,L154,L155,L156,L158,L160,L169,L178,L179,L182",28,1.1020241853152228,1.1020241853152228,0,,26,False,island_only,
1,20260708,L167->L082,L167,L082,True,False,0.0,0.0,0.0,1.000000000000023,"L082,L167,L169",3,1.026840149781865,1.026840149781865,0,,1,False,non_critical,
1,20260708,L017->L009,L017,L009,True,False,0.0,0.0,0.0,1.000000000000003,"L009,L017,L018,L019,L044,L045,L046,L060,L065,L102,L104,L109,L110,L111,L113,L115,L128,L134,L140,L150,L153,L154,L155,L156,L158,L160,L169,L178,L179,L182",30,1.1025562712964232,1.1025562712964232,0,,28,False,non_critical,
1,20260708,L002->L013,L002,L013,True,True,20.67354040745169,20.67354040745169,0.0,1.0000000000000062,"L001,L002,L013,L018,L044,L045,L046,L060,L065,L102,L104,L109,L110,L111,L113,L115,L128,L134,L140,L150,L153,L154,L155,L156,L158,L160,L169,L178,L179,L182",30,1.1953160519890225,1.1953160519890225,0,,28,False,island_only,
1,20260708,L032->L075,L032,L075,True,False,0.0,0.0,0.0,1.0000000000000002,"L018,L032,L044,L045,L046,L060,L065,L075,L102,L104,L109,L110,L111,L113,L115,L128,L134,L140,L150,L153,L154,L155,L156,L158,L160,L169,L178,L179,L182",29,1.1230847647294404,1.1230847647294404,0,,27,False,non_critical,
1,20260708,L086->L043,L086,L043,True,False,0.0,0.0,0.0,1.000000000000008,"L043,L086,L182",3,5.3848309238980985,5.3848309238980985,1,L182,1,True,non_critical,
1,20260708,L134->L035,L134,L035,True,True,1.3253703923011173,0.0,1.3253703923011173,1.0000000000000024,"L018,L035,L044,L045,L046,L060,L065,L102,L104,L109,L110,L111,L113,L115,L128,L134,L140,L150,L153,L154,L155,L156,L158,L160,L169,L178,L179,L182",28,1.1338117404908374,1.1338117404908374,0,,26,False,island_only,
1,20260708,L095->L170,L095,L170,True,False,0.0,0.0,0.0,1.0000000000000675,"L095,L170",2,1.0699424793315278,1.0699424793315278,0,,0,False,non_critical,
1,20260708,L121->L046,L121,L046,True,False,0.0,0.0,0.0,1.0,"L046,L121,L128",3,1.0095502656100717,1.0095502656100717,0,,1,False,non_critical,
1,20260708,L085->L138,L085,L138,True,False,0.0,0.0,0.0,1.0000000000000027,"L085,L128,L138,L140",4,1.7492186490204613,1.7492186490204613,2,"L128,L140",2,True,non_critical,
1,20260708,L023->L135,L023,L135,True,False,0.0,0.0,0.0,1.0000000000000002,"L018,L019,L023,L025,L026,L027,L044,L045,L046,L054,L060,L102,L104,L109,L110,L111,L113,L115,L128,L134,L135,L140,L150,L153,L154,L155,L156,L158,L160,L169,L178,L179,L182",33,0.9722669964170749,0.9722669964170749,0,,31,False,non_critical,
1,20260708,L146->L122,L146,L122,True,False,0.0,0.0,0.0,1.000000000000023,"L122,L128,L146,L155,L156",5,1.1788869600929988,1.1788869600929988,0,,3,False,non_critical,
1,20260708,L052->L014,L052,L014,True,False,0.0,0.0,0.0,1.000000000000023,"L014,L052",2,1.0093677244881565,1.0093677244881565,0,,0,False,non_critical,
1,20260708,L089->L143,L089,L143,True,False,0.0,0.0,0.0,1.0000000000000004,"L018,L044,L045,L046,L060,L065,L089,L102,L104,L109,L110,L111,L113,L115,L128,L134,L140,L143,L149,L150,L153,L154,L155,L156,L157,L158,L160,L169,L178,L179,L182",31,40.658193789527324,40.658193789527324,29,"L018,L044,L045,L046,L060,L065,L102,L104,L109,L110,L111,L113,L115,L128,L134,L140,L149,L150,L153,L154,L155,L156,L157,L158,L160,L169,L178,L179,L182",29,True,non_critical,
1,20260708,L135->L070,L135,L070,True,False,0.0,0.0,0.0,1.000000000000023,"L070,L077,L078,L102,L128,L135,L155",7,1.520773933580858,1.520773933580858,3,"L077,L078,L102",5,True,non_critical,
1,20260708,L037->L041,L037,L041,True,False,0.0,0.0,0.0,1.0000000000000002,"L018,L019,L020,L037,L041,L044,L045,L046,L060,L102,L109,L110,L111,L113,L115,L128,L134,L140,L150,L153,L154,L155,L156,L157,L158,L160,L169,L178,L179,L182",30,1.0453625260472341,1.0453625260472341,0,,28,False,non_critical,
1,20260708,L169->L033,L169,L033,True,True,35.958503168233044,35.958503168233044,0.0,1.0000000000000004,"L018,L019,L033,L039,L040,L043,L044,L045,L046,L054,L060,L102,L104,L109,L110,L111,L113,L115,L128,L134,L140,L149,L150,L153,L154,L155,L156,L158,L160,L169,L178,L179,L180,L182",34,39.6464539786921,39.6464539786921,32,"L018,L019,L039,L040,L043,L044,L045,L046,L054,L060,L102,L104,L109,L110,L111,L113,L115,L128,L134,L140,L149,L150,L153,L154,L155,L156,L158,L160,L178,L179,L180,L182",32,True,relay_cascade,
1,20260708,L141->L166,L141,L166,True,False,0.0,0.0,0.0,1.000000000000001,"L128,L140,L141,L156,L166",5,1.0000000000000324,1.0000000000000324,0,,3,False,non_critical,
1,20260708,L003->L148,L003,L148,True,False,0.0,0.0,0.0,1.0000000000000002,"L003,L018,L128,L148",4,3.0013493690979076,3.0013493690979076,1,L128,2,True,non_critical,
1,20260708,L061->L041,L061,L041,True,False,0.0,0.0,0.0,1.0,"L018,L041,L044,L045,L046,L060,L061,L065,L102,L104,L109,L110,L111,L113,L115,L128,L134,L140,L150,L153,L154,L155,L156,L158,L160,L169,L178,L179,L182",29,1.0998965281476238,1.0998965281476238,0,,27,False,non_critical,
1,20260708,L098->L165,L098,L165,True,False,0.0,0.0,0.0,1.000000000000023,"L098,L102,L165",3,1.0427879264031152,1.0427879264031152,0,,1,False,non_critical,
1,20260708,L045->L028,L045,L028,True,True,1.2263267694651137,0.0,1.2263267694651137,1.0000000000000009,"L018,L028,L044,L045,L046,L060,L065,L102,L104,L109,L110,L111,L113,L115,L128,L134,L140,L150,L153,L154,L155,L156,L158,L160,L169,L178,L179,L182",28,39.8115651272651,39.8115651272651,26,"L018,L044,L046,L060,L065,L102,L104,L109,L110,L111,L113,L115,L128,L134,L140,L150,L153,L154,L155,L156,L158,L160,L169,L178,L179,L182",26,True,relay_cascade,
1,20260708,L018->L098,L018,L098,True,False,0.0,0.0,0.0,1.000000000000004,"L018,L060,L098,L102",4,3.0111366113492037,3.0111366113492037,2,"L060,L102",2,True,non_critical,
1,20260708,L033->L007,L033,L007,True,False,0.0,0.0,0.0,1.0,"L007,L018,L019,L020,L030,L033,L040,L043,L044,L045,L046,L054,L060,L102,L104,L109,L110,L111,L113,L115,L128,L134,L140,L150,L153,L154,L155,L156,L158,L160,L169,L178,L179,L180,L182",35,1.2289414387629856,1.2289414387629856,1,L020,33,True,non_critical,
1,20260708,L033->L025,L033,L025,True,False,0.0,0.0,0.0,1.0000000000000002,"L018,L019,L025,L030,L033,L040,L043,L044,L045,L046,L054,L060,L102,L104,L109,L110,L111,L113,L115,L128,L134,L140,L150,L153,L154,L155,L156,L158,L160,L169,L178,L179,L180,L182",34,0.9722669964170749,0.9722669964170749,0,,32,False,non_critical,
1,20260708,L037->L024,L037,L024,True,False,0.0,0.0,0.0,1.0000000000000002,"L018,L019,L020,L024,L037,L044,L045,L046,L060,L102,L109,L110,L111,L113,L115,L128,L134,L140,L150,L153,L154,L155,L156,L157,L158,L160,L169,L178,L179,L182",30,1.0453625260472341,1.0453625260472341,0,,28,False,non_critical,
1,20260708,L128->L133,L128,L133,True,True,20.77635989697293,20.77635989697293,0.0,1.0000000000000009,"L018,L044,L045,L046,L060,L065,L102,L104,L109,L110,L111,L113,L115,L128,L133,L134,L140,L150,L153,L154,L155,L156,L157,L158,L160,L169,L178,L179,L182",29,40.28043255662183,40.28043255662183,27,"L018,L044,L045,L046,L060,L065,L102,L104,L109,L110,L111,L113,L115,L134,L140,L150,L153,L154,L155,L156,L157,L158,L160,L169,L178,L179,L182",27,True,relay_cascade,
1,20260708,L067->L048,L067,L048,True,False,0.0,0.0,0.0,1.0000000000000049,"L018,L048,L067",3,1.237473656987868,1.237473656987868,1,L018,1,True,non_critical,
1,20260708,L043->L108,L043,L108,True,False,0.0,0.0,0.0,1.0000000000000004,"L018,L030,L043,L044,L045,L046,L060,L065,L102,L104,L108,L109,L110,L111,L113,L114,L115,L126,L127,L128,L134,L140,L150,L153,L154,L155,L156,L158,L160,L169,L178,L179,L182",33,38.07079290957111,38.07079290957111,30,"L018,L030,L044,L045,L046,L060,L065,L102,L104,L109,L110,L111,L113,L114,L115,L126,L127,L128,L134,L140,L150,L153,L154,L155,L156,L158,L160,L169,L178,L179",31,True,non_critical,
1,20260708,L061->L175,L061,L175,True,False,0.0,0.0,0.0,1.0000000000000013,"L018,L044,L045,L046,L060,L061,L065,L102,L104,L109,L110,L111,L113,L115,L128,L134,L140,L150,L153,L154,L155,L156,L158,L160,L169,L175,L178,L179,L182",29,1.0998965281476238,1.0998965281476238,0,,27,False,non_critical,
1,20260708,L134->L186,L134,L186,True,False,0.0,0.0,0.0,1.0000000000000007,"L018,L044,L045,L046,L060,L065,L102,L104,L109,L110,L111,L113,L115,L128,L134,L140,L150,L153,L154,L155,L156,L158,L160,L169,L178,L179,L182,L186",28,1.1338117404908408,1.1338117404908408,0,,26,False,non_critical,
1,20260708,L036->L041,L036,L041,True,False,0.0,0.0,0.0,1.0000000000000009,"L018,L019,L020,L025,L036,L039,L041,L044,L045,L046,L048,L054,L060,L102,L104,L109,L110,L111,L113,L115,L128,L134,L140,L149,L150,L153,L154,L155,L156,L158,L160,L169,L178,L179,L182",35,1.157299625421823,1.157299625421823,0,,33,False,non_critical,
1,20260708,L112->L099,L112,L099,True,False,0.0,0.0,0.0,1.0000000000000122,"L018,L044,L045,L046,L060,L065,L099,L102,L104,L109,L111,L112,L113,L115,L128,L134,L140,L150,L153,L154,L155,L156,L158,L160,L169,L178,L179,L182",28,1.1851262954980493,1.1851262954980493,0,,26,False,non_critical,
1,20260708,L034->L020,L034,L020,True,False,0.0,0.0,0.0,1.0000000000000004,"L018,L020,L030,L034,L040,L044,L045,L046,L060,L065,L102,L104,L109,L110,L111,L113,L115,L128,L134,L140,L150,L153,L154,L155,L156,L158,L160,L169,L178,L179,L182",31,1.1527846496435021,1.1527846496435021,0,,29,False,non_critical,
1,20260708,L152->L113,L152,L113,True,False,0.0,0.0,0.0,1.0,"L018,L044,L045,L046,L060,L102,L109,L110,L111,L113,L115,L128,L134,L140,L149,L150,L152,L153,L154,L155,L156,L158,L160,L169,L178,L179,L182",27,0.9961115970169644,0.9961115970169644,0,,25,False,non_critical,
1,20260708,L006->L039,L006,L039,True,False,0.0,0.0,0.0,1.0000000000000007,"L006,L018,L039,L044,L045,L046,L060,L065,L102,L104,L109,L110,L111,L113,L115,L128,L134,L140,L150,L153,L154,L155,L156,L158,L160,L169,L178,L179,L182",29,39.7736215451029,39.7736215451029,27,"L018,L044,L045,L046,L060,L065,L102,L104,L109,L110,L111,L113,L115,L128,L134,L140,L150,L153,L154,L155,L156,L158,L160,L169,L178,L179,L182",27,True,non_critical,
1,20260708,L070->L009,L070,L009,True,False,0.0,0.0,0.0,1.0000000000000024,"L009,L018,L019,L030,L045,L046,L060,L065,L070,L077,L078,L082,L091,L102,L104,L109,L111,L112,L113,L115,L128,L134,L140,L150,L153,L154,L155,L156,L157,L158,L159,L160,L169,L178,L179,L182",36,44.12078797926193,44.12078797926193,30,"L018,L019,L030,L045,L046,L060,L065,L091,L104,L109,L111,L112,L113,L115,L128,L134,L140,L150,L153,L154,L155,L156,L157,L158,L159,L160,L169,L178,L179,L182",34,True,non_critical,
1,20260708,L171->L147,L171,L147,True,True,139.02370200842836,139.02370200842836,0.0,1.0000000000000009,"L018,L044,L045,L046,L060,L102,L109,L110,L111,L113,L115,L128,L129,L134,L140,L147,L148,L149,L150,L153,L154,L155,L156,L157,L158,L160,L169,L171,L178,L179,L182",31,10.704825197236634,10.704825197236634,29,"L018,L044,L045,L046,L060,L102,L109,L110,L111,L113,L115,L128,L129,L134,L140,L148,L149,L150,L153,L154,L155,L156,L157,L158,L160,L169,L178,L179,L182",29,True,relay_cascade,
1,20260708,L094->L042,L094,L042,True,False,0.0,0.0,0.0,1.0000000000000004,"L018,L019,L030,L042,L045,L046,L056,L057,L060,L062,L063,L064,L065,L077,L078,L082,L091,L094,L095,L102,L104,L105,L106,L109,L110,L111,L112,L113,L115,L128,L134,L140,L149,L150,L153,L154,L155,L156,L158,L159,L160,L169,L178,L179,L182",45,0.9610740669093655,0.9610740669093655,0,,43,False,non_critical,
1,20260708,L014->L076,L014,L076,True,False,0.0,0.0,0.0,1.000000000000023,"L014,L076",2,1.0996395778372297,1.0996395778372297,0,,0,False,non_critical,
1,20260708,L026->L156,L026,L156,True,False,0.0,0.0,0.0,1.000000000000023,"L026,L156",2,1.0054485615803632,1.0054485615803632,0,,0,False,non_critical,
1,20260708,L009->L161,L009,L161,True,True,25.8591841142224,25.8591841142224,0.0,1.0000000000000369,"L009,L018,L019,L030,L045,L046,L060,L065,L102,L104,L109,L111,L112,L113,L115,L128,L134,L140,L150,L153,L154,L155,L156,L157,L158,L159,L160,L161,L169,L178,L179,L182",32,0.9606257538318095,0.9606257538318095,0,,30,False,island_only,
1,20260708,L072->L080,L072,L080,True,False,0.0,0.0,0.0,1.000000000000023,"L072,L080",2,1.0171403539740782,1.0171403539740782,0,,0,False,non_critical,
1,20260708,L148->L095,L148,L095,True,False,0.0,0.0,0.0,1.0000000000000042,"L095,L102,L128,L148,L155",5,1.472057229606853,1.472057229606853,1,L102,3,True,non_critical,
1,20260708,L141->L157,L141,L157,True,False,0.0,0.0,0.0,1.0000000000000058,"L128,L140,L141,L155,L156,L157",6,1.2484513550175151,1.2484513550175151,1,L155,4,True,non_critical,
1,20260708,L026->L040,L026,L040,True,False,0.0,0.0,0.0,1.0000000000000002,"L026,L040,L182",3,3.8872329741129974,3.8872329741129974,1,L182,1,True,non_critical,
1,20260708,L080->L099,L080,L099,True,False,0.0,0.0,0.0,1.000000000000003,"L060,L080,L082,L099,L102",5,3.2398719664473363,3.2398719664473363,3,"L060,L082,L102",3,True,non_critical,
1,20260708,L122->L059,L122,L059,True,True,18.346497960874867,18.346497960874867,0.0,1.0000000000000004,"L018,L044,L045,L046,L059,L060,L065,L102,L104,L109,L110,L111,L113,L115,L122,L128,L134,L140,L150,L153,L154,L155,L156,L158,L160,L169,L178,L179,L182",29,37.83799125313561,37.83799125313561,26,"L018,L044,L045,L046,L060,L065,L102,L104,L109,L110,L111,L113,L115,L134,L140,L150,L153,L154,L155,L156,L158,L160,L169,L178,L179,L182",27,True,relay_cascade,
1,20260708,L097->L065,L097,L065,True,False,0.0,0.0,0.0,1.0000000000000004,"L018,L019,L030,L045,L046,L056,L057,L060,L062,L063,L064,L065,L077,L078,L082,L091,L097,L102,L104,L105,L106,L109,L110,L111,L112,L113,L115,L128,L134,L140,L149,L150,L153,L154,L155,L156,L158,L159,L160,L169,L178,L179,L182",43,0.9610740669093655,0.9610740669093655,0,,41,False,non_critical,
1,20260708,L166->L162,L166,L162,True,False,0.0,0.0,0.0,1.000000000000001,"L128,L155,L162,L166",4,11.517745030093682,11.517745030093682,2,"L128,L155",2,True,non_critical,
1,20260708,L101->L182,L101,L182,True,False,0.0,0.0,0.0,1.000000000000008,"L101,L182",2,1.0021938332359712,1.0021938332359712,0,,0,False,non_critical,
1,20260708,L064->L171,L064,L171,True,False,0.0,0.0,0.0,1.0000000000000022,"L064,L171",2,1.0000000000000464,1.0000000000000464,0,,0,False,non_critical,
1,20260708,L097->L014,L097,L014,True,False,0.0,0.0,0.0,1.0000000000000004,"L014,L018,L019,L030,L045,L046,L056,L057,L060,L062,L063,L064,L065,L077,L078,L082,L091,L097,L102,L104,L105,L106,L109,L110,L111,L112,L113,L115,L128,L134,L140,L149,L150,L153,L154,L155,L156,L158,L159,L160,L169,L178,L179,L182",44,0.9610740669093655,0.9610740669093655,0,,42,False,non_critical,
1,20260708,L065->L169,L065,L169,True,False,0.0,0.0,0.0,1.0000000000000049,"L065,L169",2,1.0000000000005336,1.0000000000005336,0,,0,False,non_critical,
1,20260708,L153->L114,L153,L114,True,False,0.0,0.0,0.0,1.0000000000000675,"L114,L128,L153,L155",4,1.0058947848306508,1.0058947848306508,0,,2,False,non_critical,
1,20260708,L043->L112,L043,L112,True,False,0.0,0.0,0.0,1.0000000000000004,"L018,L019,L043,L044,L045,L046,L060,L065,L102,L104,L109,L111,L112,L113,L115,L128,L134,L140,L150,L153,L154,L155,L156,L158,L160,L169,L178,L179,L182",29,38.46668278486428,38.46668278486428,26,"L018,L019,L044,L045,L046,L060,L065,L102,L104,L109,L111,L113,L115,L128,L134,L140,L150,L153,L154,L155,L156,L158,L160,L169,L178,L179",27,True,non_critical,
1,20260708,L179->L095,L179,L095,True,False,0.0,0.0,0.0,1.000000000000014,"L018,L057,L058,L060,L065,L077,L078,L091,L095,L102,L104,L109,L111,L115,L128,L179,L182",17,3.7924669167091265,3.7924669167091265,15,"L018,L057,L058,L060,L065,L077,L078,L091,L102,L104,L109,L111,L115,L128,L182",15,True,non_critical,
1,20260708,L108->L064,L108,L064,True,False,0.0,0.0,0.0,1.0000000000000153,"L018,L044,L045,L046,L060,L064,L065,L102,L104,L108,L109,L111,L113,L114,L115,L128,L134,L140,L150,L153,L154,L155,L156,L158,L160,L169,L178,L179,L182",29,1.1055932484786104,1.1055932484786104,0,,27,False,non_critical,
1,20260708,L035->L134,L035,L134,True,False,0.0,0.0,0.0,1.0000000000000024,"L018,L035,L044,L045,L046,L060,L065,L102,L104,L109,L110,L111,L113,L115,L128,L134,L140,L150,L153,L154,L155,L156,L158,L160,L169,L178,L179,L182",28,41.54648439157578,41.54648439157578,25,"L018,L044,L045,L046,L060,L065,L102,L104,L109,L110,L111,L113,L115,L128,L140,L150,L153,L154,L155,L156,L158,L160,L169,L178,L179",26,True,non_critical,
1,20260708,L119->L152,L119,L152,True,True,31.05817161312981,31.05817161312981,0.0,1.0000000000000002,"L018,L044,L045,L046,L060,L065,L102,L104,L109,L110,L111,L113,L115,L119,L128,L134,L140,L150,L152,L153,L154,L155,L156,L158,L160,L169,L178,L179,L182",29,8.062780563260748,8.062780563260748,25,"L018,L044,L045,L046,L060,L065,L102,L104,L109,L110,L111,L113,L134,L140,L150,L153,L154,L155,L156,L158,L160,L169,L178,L179,L182",27,True,relay_cascade,
1,20260708,L144->L104,L144,L104,True,False,0.0,0.0,0.0,1.0000000000000004,"L018,L044,L045,L046,L060,L065,L102,L104,L109,L110,L111,L113,L115,L128,L134,L140,L144,L153,L154,L155,L156,L158,L159,L160,L169,L178,L179,L182",28,4.464968551072588,4.464968551072588,23,"L018,L044,L045,L046,L060,L065,L102,L109,L110,L111,L113,L115,L134,L140,L153,L154,L158,L159,L160,L169,L178,L179,L182",26,True,non_critical,
1,20260708,L120->L004,L120,L004,True,False,0.0,0.0,0.0,1.000000000000005,"L001,L004,L014,L015,L018,L044,L045,L046,L054,L060,L102,L104,L109,L110,L111,L113,L115,L120,L128,L134,L140,L150,L153,L154,L155,L156,L158,L160,L169,L178,L179,L182",32,38.15651899517834,38.15651899517834,29,"L001,L014,L015,L018,L044,L045,L046,L054,L060,L102,L104,L109,L110,L111,L113,L128,L134,L140,L150,L153,L154,L155,L156,L158,L160,L169,L178,L179,L182",30,True,non_critical,
1,20260708,L114->L060,L114,L060,True,False,0.0,0.0,0.0,1.0000000000000038,"L060,L114,L115",3,1.0367645087496684,1.0367645087496684,0,,1,False,non_critical,
1,20260708,L057->L113,L057,L113,True,False,0.0,0.0,0.0,1.0,"L018,L044,L045,L046,L056,L057,L060,L065,L077,L078,L082,L095,L102,L104,L109,L111,L112,L113,L115,L128,L134,L140,L150,L153,L154,L155,L156,L158,L160,L169,L178,L179,L182",33,39.86064998391915,39.86064998391915,31,"L018,L044,L045,L046,L056,L060,L065,L077,L078,L082,L095,L102,L104,L109,L111,L112,L115,L128,L134,L140,L150,L153,L154,L155,L156,L158,L160,L169,L178,L179,L182",31,True,non_critical,
1,20260708,L079->L087,L079,L087,True,False,0.0,0.0,0.0,1.0000000000000018,"L018,L044,L045,L046,L060,L065,L077,L079,L087,L102,L104,L109,L110,L111,L113,L115,L128,L134,L140,L150,L153,L154,L155,L156,L158,L160,L169,L178,L179,L182",30,38.599928045381425,38.599928045381425,27,"L018,L044,L045,L046,L060,L065,L102,L104,L109,L110,L111,L113,L115,L128,L134,L140,L150,L153,L154,L155,L156,L158,L160,L169,L178,L179,L182",28,True,non_critical,
1,20260708,L017->L039,L017,L039,True,False,0.0,0.0,0.0,1.0000000000000002,"L017,L018,L019,L039,L044,L045,L046,L060,L065,L102,L104,L109,L110,L111,L113,L115,L128,L134,L140,L150,L153,L154,L155,L156,L158,L160,L169,L178,L179,L182",30,1.1711843589001882,1.1711843589001882,0,,28,False,non_critical,
1,20260708,L048->L107,L048,L107,True,True,139.96795708177157,139.96795708177157,0.0,1.0000000000000004,"L018,L045,L046,L048,L056,L057,L060,L063,L065,L091,L095,L102,L104,L106,L107,L109,L111,L114,L115,L119,L120,L126,L127,L128,L129,L134,L140,L149,L150,L153,L154,L155,L156,L158,L160,L169,L178,L179,L182,L186",40,15.288585134925267,15.288585134925267,38,"L018,L045,L046,L056,L057,L060,L063,L065,L091,L095,L102,L104,L106,L109,L111,L114,L115,L119,L120,L126,L127,L128,L129,L134,L140,L149,L150,L153,L154,L155,L156,L158,L160,L169,L178,L179,L182,L186",38,True,relay_cascade,
1,20260708,L097->L071,L097,L071,True,True,70.56694602954056,70.56694602954056,0.0,1.0000000000000004,"L018,L019,L030,L045,L046,L056,L057,L060,L062,L063,L064,L065,L071,L073,L074,L077,L078,L082,L091,L097,L102,L104,L105,L106,L109,L110,L111,L112,L113,L115,L128,L134,L140,L149,L150,L153,L154,L155,L156,L158,L159,L160,L169,L178,L179,L182",46,1.7803832350719915,1.7803832350719915,2,"L073,L074",44,True,relay_cascade,
1,20260708,L055->L004,L055,L004,True,False,0.0,0.0,0.0,1.0000000000000027,"L001,L004,L014,L015,L018,L030,L044,L045,L046,L055,L060,L065,L102,L104,L109,L110,L111,L113,L115,L128,L134,L140,L150,L153,L154,L155,L156,L158,L160,L169,L178,L179,L182",33,38.1335361348218,38.1335361348218,31,"L001,L014,L015,L018,L030,L044,L045,L046,L060,L065,L102,L104,L109,L110,L111,L113,L115,L128,L134,L140,L150,L153,L154,L155,L156,L158,L160,L169,L178,L179,L182",31,True,non_critical,
1,20260708,L163->L064,L163,L064,True,False,0.0,0.0,0.0,1.0000000000000022,"L064,L163,L169",3,1.1970788138178845,1.1970788138178845,0,,1,False,non_critical,
1,20260708,L022->L036,L022,L036,True,True,22.50545676159403,22.50545676159403,0.0,1.0,"L015,L018,L019,L022,L036,L044,L045,L046,L048,L056,L057,L060,L065,L077,L078,L082,L095,L102,L104,L109,L110,L111,L113,L115,L128,L134,L140,L150,L153,L154,L155,L156,L158,L160,L169,L178,L179,L182",38,39.27577920848768,39.27577920848768,35,"L015,L019,L044,L045,L046,L048,L056,L057,L060,L065,L077,L078,L082,L095,L102,L104,L109,L110,L111,L113,L115,L128,L134,L140,L150,L153,L154,L155,L156,L158,L160,L169,L178,L179,L182",36,True,relay_cascade,
1,20260708,L140->L154,L140,L154,True,False,0.0,0.0,0.0,1.0000000000000058,"L128,L140,L154,L155",4,8.53232834608967,8.53232834608967,2,"L128,L155",2,True,non_critical,
1,20260708,L178->L026,L178,L026,True,False,0.0,0.0,0.0,1.000000000000003,"L026,L178",2,1.0064038930148402,1.0064038930148402,0,,0,False,non_critical,
1,20260708,L070->L120,L070,L120,True,False,0.0,0.0,0.0,1.0000000000000226,"L070,L077,L078,L082,L102,L111,L115,L120,L128,L186",10,1.4707469139020506,1.4707469139020506,4,"L111,L115,L128,L186",8,True,non_critical,
1,20260708,L143->L054,L143,L054,True,False,0.0,0.0,0.0,1.0000000000000004,"L018,L019,L030,L039,L044,L045,L046,L054,L057,L060,L065,L078,L102,L104,L109,L110,L111,L113,L115,L128,L134,L140,L143,L150,L153,L154,L155,L156,L157,L158,L159,L160,L169,L178,L179,L182",36,40.91256690921488,40.91256690921488,34,"L018,L019,L030,L039,L044,L045,L046,L057,L060,L065,L078,L102,L104,L109,L110,L111,L113,L115,L128,L134,L140,L150,L153,L154,L155,L156,L157,L158,L159,L160,L169,L178,L179,L182",34,True,non_critical,
1,20260708,L135->L102,L135,L102,True,False,0.0,0.0,0.0,1.000000000000023,"L102,L128,L135,L155",4,1.0553687125777835,1.0553687125777835,0,,2,False,non_critical,
1,20260708,L121->L158,L121,L158,True,False,0.0,0.0,0.0,1.0000000000000455,"L121,L128,L156,L158",4,1.2841360343585917,1.2841360343585917,1,L156,2,True,non_critical,
1,20260708,L022->L103,L022,L103,True,False,0.0,0.0,0.0,1.0000000000000013,"L018,L022,L102,L103,L128",5,2.1107781947890074,2.1107781947890074,2,"L102,L128",3,True,non_critical,
1,20260708,L046->L003,L046,L003,True,False,0.0,0.0,0.0,1.0000000000000675,"L003,L046",2,1.024194990815113,1.024194990815113,0,,0,False,non_critical,
1,20260708,L099->L033,L099,L033,True,True,35.958503168233044,35.958503168233044,0.0,1.0000000000000009,"L018,L019,L033,L039,L040,L043,L044,L045,L046,L054,L060,L099,L102,L104,L109,L110,L111,L113,L115,L128,L134,L140,L149,L150,L153,L154,L155,L156,L158,L160,L169,L178,L179,L180,L182",35,39.68992266404468,39.68992266404468,32,"L018,L019,L039,L040,L043,L044,L045,L046,L054,L060,L104,L109,L110,L111,L113,L115,L128,L134,L140,L149,L150,L153,L154,L155,L156,L158,L160,L169,L178,L179,L180,L182",33,True,relay_cascade,
1,20260708,L028->L078,L028,L078,True,False,0.0,0.0,0.0,1.0000000000000002,"L018,L028,L045,L078,L178",5,1.0413558951466115,1.0413558951466115,0,,3,False,non_critical,
1,20260708,L038->L107,L038,L107,True,False,0.0,0.0,0.0,1.0000000000000004,"L018,L019,L025,L030,L035,L038,L039,L040,L042,L045,L046,L060,L102,L107,L109,L110,L111,L113,L115,L128,L134,L140,L150,L153,L154,L155,L156,L157,L158,L159,L160,L169,L178,L179,L182",35,0.9519955547200987,0.9519955547200987,0,,33,False,non_critical,
1,20260708,L081->L011,L081,L011,True,False,0.0,0.0,0.0,1.0000000000000095,"L011,L015,L018,L019,L081",5,2.138155194476135,2.138155194476135,3,"L015,L018,L019",3,True,non_critical,
1,20260708,L152->L123,L152,L123,True,False,0.0,0.0,0.0,1.0,"L018,L044,L045,L046,L060,L102,L109,L110,L111,L113,L115,L123,L128,L134,L140,L149,L150,L152,L153,L154,L155,L156,L158,L160,L169,L178,L179,L182",28,0.9961115970169644,0.9961115970169644,0,,26,False,non_critical,
1,20260708,L122->L147,L122,L147,True,True,139.02370200842836,139.02370200842836,0.0,1.0000000000000004,"L018,L044,L045,L046,L060,L102,L109,L110,L111,L113,L115,L122,L128,L129,L134,L140,L147,L148,L149,L150,L153,L154,L155,L156,L157,L158,L160,L169,L178,L179,L182",31,10.746268668809737,10.746268668809737,28,"L018,L044,L045,L046,L060,L102,L109,L110,L111,L113,L115,L129,L134,L140,L148,L149,L150,L153,L154,L155,L156,L157,L158,L160,L169,L178,L179,L182",29,True,relay_cascade,
1,20260708,L098->L153,L098,L153,True,False,0.0,0.0,0.0,1.0,"L098,L102,L128,L153,L155,L156,L158",7,3.8811730473695327,3.8811730473695327,4,"L128,L155,L156,L158",5,True,non_critical,
1,20260708,L085->L005,L085,L005,True,False,0.0,0.0,0.0,1.0000000000000002,"L005,L012,L015,L018,L019,L044,L045,L046,L054,L060,L085,L102,L104,L109,L110,L111,L113,L115,L128,L134,L140,L150,L153,L154,L155,L156,L158,L160,L169,L178,L179,L182",32,38.458134685180745,38.458134685180745,30,"L012,L015,L018,L019,L044,L045,L046,L054,L060,L102,L104,L109,L110,L111,L113,L115,L128,L134,L140,L150,L153,L154,L155,L156,L158,L160,L169,L178,L179,L182",30,True,non_critical,
1,20260708,L163->L129,L163,L129,True,True,58.608730684473244,58.608730684473244,0.0,1.0,"L018,L044,L045,L046,L060,L102,L109,L110,L111,L113,L115,L128,L129,L134,L140,L149,L150,L153,L155,L156,L158,L159,L160,L163,L169,L178,L179,L182",28,19.96894928634179,19.96894928634179,25,"L018,L044,L045,L046,L060,L102,L109,L110,L111,L113,L115,L128,L134,L140,L149,L150,L153,L155,L156,L158,L159,L160,L178,L179,L182",26,True,relay_cascade,
1,20260708,L096->L101,L096,L101,True,False,0.0,0.0,0.0,1.0000000000000024,"L018,L030,L044,L045,L046,L056,L057,L060,L065,L096,L101,L102,L104,L109,L111,L112,L113,L115,L128,L134,L140,L150,L153,L154,L155,L156,L157,L158,L160,L169,L178,L179,L182",33,0.9588868589826911,0.9588868589826911,0,,31,False,non_critical,
1,20260708,L107->L091,L107,L091,True,False,0.0,0.0,0.0,1.0000000000000004,"L091,L102,L107,L128",4,1.0074441606121003,1.0074441606121003,0,,2,False,non_critical,
1,20260708,L031->L086,L031,L086,True,False,0.0,0.0,0.0,1.0000000000000018,"L018,L019,L025,L030,L031,L035,L039,L040,L043,L044,L045,L046,L054,L060,L086,L102,L104,L109,L110,L111,L113,L115,L128,L134,L140,L149,L150,L153,L154,L155,L156,L158,L160,L169,L178,L179,L182",37,0.9610740669093655,0.9610740669093655,0,,35,False,non_critical,
1,20260708,L136->L126,L136,L126,True,False,0.0,0.0,0.0,1.000000000000005,"L018,L030,L044,L045,L046,L060,L065,L102,L104,L109,L110,L111,L113,L115,L126,L128,L134,L136,L140,L150,L153,L154,L155,L156,L157,L158,L159,L160,L169,L178,L179,L182",32,4.561584456318281,4.561584456318281,28,"L018,L030,L044,L045,L046,L060,L065,L102,L104,L109,L110,L111,L113,L115,L134,L140,L150,L153,L154,L156,L157,L158,L159,L160,L169,L178,L179,L182",30,True,non_critical,
1,20260708,L156->L062,L156,L062,True,False,0.0,0.0,0.0,1.0000000000000226,"L060,L062,L156",3,2.029427438993333,2.029427438993333,1,L060,1,True,non_critical,
1,20260708,L089->L103,L089,L103,True,False,0.0,0.0,0.0,1.0000000000000049,"L089,L102,L103",3,1.5509593075871868,1.5509593075871868,1,L102,1,True,non_critical,
1,20260708,L096->L130,L096,L130,True,False,0.0,0.0,0.0,1.0000000000000024,"L018,L030,L044,L045,L046,L056,L057,L060,L065,L096,L102,L104,L109,L111,L112,L113,L115,L128,L130,L134,L140,L150,L153,L154,L155,L156,L157,L158,L160,L169,L178,L179,L182",33,0.9588868589826911,0.9588868589826911,0,,31,False,non_critical,
1,20260708,L179->L138,L179,L138,True,False,0.0,0.0,0.0,1.0000000000000007,"L128,L138,L140,L179",4,1.7492186466557171,1.7492186466557171,2,"L128,L140",2,True,non_critical,
1,20260708,L077->L129,L077,L129,True,True,58.608730684473244,58.608730684473244,0.0,1.0000000000000004,"L018,L044,L045,L046,L060,L077,L102,L109,L110,L111,L113,L115,L128,L129,L134,L140,L149,L150,L153,L155,L156,L158,L159,L160,L169,L178,L179,L182",28,18.755793808042476,18.755793808042476,26,"L018,L044,L045,L046,L060,L102,L109,L110,L111,L113,L115,L128,L134,L140,L149,L150,L153,L155,L156,L158,L159,L160,L169,L178,L179,L182",26,True,relay_cascade,
1,20260708,L182->L029,L182,L029,True,True,42.3080770354206,42.3080770354206,0.0,1.0000000000000098,"L018,L025,L029,L030,L044,L045,L046,L060,L065,L102,L104,L109,L110,L111,L113,L115,L128,L134,L140,L150,L153,L154,L155,L156,L158,L160,L169,L178,L179,L182",30,38.186206036299524,38.186206036299524,28,"L018,L025,L030,L044,L045,L046,L060,L065,L102,L104,L109,L110,L111,L113,L115,L128,L134,L140,L150,L153,L154,L155,L156,L158,L160,L169,L178,L179",28,True,relay_cascade,
1,20260708,L136->L089,L136,L089,True,False,0.0,0.0,0.0,1.000000000000023,"L089,L128,L136,L155",4,1.0957978817075922,1.0957978817075922,0,,2,False,non_critical,
1,20260708,L103->L138,L103,L138,True,False,0.0,0.0,0.0,1.0000000000000113,"L102,L103,L138",3,1.0265424288420593,1.0265424288420593,0,,1,False,non_critical,
1,20260708,L115->L031,L115,L031,True,True,23.91687820767109,23.91687820767109,0.0,1.0,"L018,L019,L025,L030,L031,L035,L039,L040,L043,L044,L045,L046,L054,L060,L102,L104,L109,L110,L111,L113,L115,L128,L134,L140,L149,L150,L153,L154,L155,L156,L158,L160,L169,L178,L179,L182",36,38.53959648464427,38.53959648464427,34,"L018,L019,L025,L030,L035,L039,L040,L043,L044,L045,L046,L054,L060,L102,L104,L109,L110,L111,L113,L128,L134,L140,L149,L150,L153,L154,L155,L156,L158,L160,L169,L178,L179,L182",34,True,relay_cascade,
1,20260708,L107->L116,L107,L116,True,False,0.0,0.0,0.0,1.000000000000001,"L102,L107,L115,L116,L128,L186",6,6.441301980868392,6.441301980868392,2,"L115,L186",4,True,non_critical,
1,20260708,L123->L058,L123,L058,True,False,0.0,0.0,0.0,1.0000000000000064,"L030,L045,L057,L058,L060,L065,L077,L078,L102,L104,L111,L115,L123,L128,L155,L178",16,2.860500533842328,2.860500533842328,12,"L030,L045,L057,L060,L065,L077,L078,L102,L104,L111,L115,L178",14,True,non_critical,
1,20260708,L078->L169,L078,L169,True,False,0.0,0.0,0.0,1.0000000000000382,"L078,L169",2,1.000000000000023,1.000000000000023,0,,0,False,non_critical,
1,20260708,L059->L037,L059,L037,True,False,0.0,0.0,0.0,1.0000000000000122,"L018,L019,L020,L037,L044,L045,L046,L059,L060,L065,L102,L104,L109,L110,L111,L113,L115,L128,L134,L140,L150,L153,L154,L155,L156,L158,L160,L169,L178,L179,L182",31,3.954946436284325,3.954946436284325,2,"L019,L020",29,True,non_critical,
1,20260708,L008->L001,L008,L001,True,False,0.0,0.0,0.0,1.000000000000001,"L001,L008,L014,L015,L017,L018,L019,L020,L022,L037,L044,L045,L046,L060,L102,L109,L110,L111,L113,L115,L128,L134,L140,L150,L153,L154,L155,L156,L157,L158,L160,L169,L178,L179,L182",35,1.0635399271799066,1.0635399271799066,0,,33,False,non_critical,
1,20260708,L032->L045,L032,L045,True,False,0.0,0.0,0.0,1.0000000000000004,"L018,L032,L044,L045,L046,L060,L065,L102,L104,L109,L110,L111,L113,L115,L128,L134,L140,L150,L153,L154,L155,L156,L158,L160,L169,L178,L179,L182",28,1.1338117404908323,1.1338117404908323,0,,26,False,non_critical,
1,20260708,L065->L040,L065,L040,True,False,0.0,0.0,0.0,1.0000000000000095,"L040,L065,L182",3,3.4411671122662746,3.4411671122662746,1,L182,1,True,non_critical,
1,20260708,L066->L034,L066,L034,True,True,41.04569367595296,41.04569367595296,0.0,1.0000000000000062,"L018,L030,L034,L040,L044,L045,L046,L060,L065,L066,L102,L104,L109,L110,L111,L113,L115,L128,L134,L140,L150,L153,L154,L155,L156,L158,L160,L169,L178,L179,L182",31,38.15972971566958,38.15972971566958,29,"L018,L030,L040,L044,L045,L046,L060,L065,L102,L104,L109,L110,L111,L113,L115,L128,L134,L140,L150,L153,L154,L155,L156,L158,L160,L169,L178,L179,L182",29,True,relay_cascade,
1,20260708,L041->L035,L041,L035,True,True,1.325370392301095,0.0,1.325370392301095,1.0000000000000004,"L018,L035,L041,L044,L045,L046,L060,L065,L102,L104,L109,L110,L111,L113,L115,L128,L134,L140,L150,L153,L154,L155,L156,L158,L160,L169,L178,L179,L182",29,1.1338117404908339,1.1338117404908339,0,,27,False,island_only,
1,20260708,L074->L132,L074,L132,True,False,0.0,0.0,0.0,1.000000000000023,"L074,L128,L132",3,5.372007774722843,5.372007774722843,1,L128,1,True,non_critical,
1,20260708,L047->L044,L047,L044,True,False,0.0,0.0,0.0,1.0000000000000002,"L018,L044,L045,L046,L047,L056,L057,L060,L065,L077,L078,L082,L095,L102,L104,L109,L110,L111,L113,L115,L128,L134,L140,L150,L153,L154,L155,L156,L158,L160,L169,L178,L179,L182",34,1.0909231047626002,1.0909231047626002,0,,32,False,non_critical,
1,20260708,L089->L064,L089,L064,True,False,0.0,0.0,0.0,1.000000000000003,"L064,L089",2,1.1997315045301675,1.1997315045301675,0,,0,False,non_critical,
1,20260708,L075->L020,L075,L020,True,False,0.0,0.0,0.0,1.0000000000000027,"L018,L020,L075",3,1.5043767331701317,1.5043767331701317,1,L018,1,True,non_critical,
1,20260708,L110->L091,L110,L091,True,False,0.0,0.0,0.0,1.0000000000000018,"L018,L044,L045,L046,L060,L065,L091,L102,L104,L109,L110,L111,L115,L128,L134,L140,L150,L153,L154,L155,L156,L158,L160,L169,L178,L179,L182",27,1.1340272704871914,1.1340272704871914,0,,25,False,non_critical,
1,20260708,L008->L130,L008,L130,True,False,0.0,0.0,0.0,1.0000000000000002,"L008,L014,L015,L017,L018,L019,L020,L022,L037,L044,L045,L046,L060,L102,L109,L110,L111,L113,L115,L128,L130,L134,L140,L150,L153,L154,L155,L156,L157,L158,L160,L169,L178,L179,L182",35,1.0635399271799042,1.0635399271799042,0,,33,False,non_critical,
1,20260708,L006->L078,L006,L078,True,False,0.0,0.0,0.0,1.0000000000000009,"L006,L078",2,1.0441046919807975,1.0441046919807975,0,,0,False,non_critical,
1,20260708,L093->L045,L093,L045,True,False,0.0,0.0,0.0,1.0000000000000004,"L018,L019,L030,L045,L046,L056,L057,L060,L062,L063,L064,L065,L077,L078,L082,L091,L093,L095,L102,L104,L105,L106,L109,L110,L111,L112,L113,L115,L128,L134,L140,L149,L150,L153,L154,L155,L156,L158,L159,L160,L169,L178,L179,L182",44,0.9610740669093655,0.9610740669093655,0,,42,False,non_critical,
1,20260708,L167->L152,L167,L152,True,True,31.05817161312981,31.05817161312981,0.0,1.0,"L018,L044,L045,L046,L060,L102,L109,L110,L111,L113,L115,L128,L134,L140,L149,L150,L152,L153,L154,L155,L156,L158,L160,L167,L169,L178,L179,L182",28,10.919551985460387,10.919551985460387,25,"L018,L044,L045,L046,L060,L102,L109,L110,L111,L113,L115,L128,L134,L140,L149,L150,L153,L154,L155,L156,L158,L160,L178,L179,L182",26,True,relay_cascade,
1,20260708,L106->L020,L106,L020,True,False,0.0,0.0,0.0,1.0000000000000022,"L020,L106",2,1.0147840903870693,1.0147840903870693,0,,0,False,non_critical,
1,20260708,L005->L157,L005,L157,True,False,0.0,0.0,0.0,1.0000000000000122,"L005,L015,L018,L019,L044,L045,L046,L054,L060,L102,L104,L109,L110,L111,L113,L115,L128,L134,L140,L150,L153,L154,L155,L156,L157,L158,L160,L169,L178,L179,L182",31,0.9722669964170749,0.9722669964170749,0,,29,False,non_critical,
1,20260708,L105->L073,L105,L073,True,False,0.0,0.0,0.0,1.0000000000000016,"L060,L064,L065,L073,L102,L105",6,1.0001428661518699,1.0001428661518699,0,,4,False,non_critical,
1,20260708,L180->L028,L180,L028,True,True,1.2263267694651137,0.0,1.2263267694651137,1.0000000000000009,"L018,L028,L044,L045,L046,L060,L065,L102,L104,L109,L110,L111,L113,L115,L128,L134,L140,L150,L153,L154,L155,L156,L158,L160,L169,L178,L179,L180,L182",29,1.1493603548730047,1.1493603548730047,0,,27,False,island_only,
1,20260708,L164->L160,L164,L160,True,False,0.0,0.0,0.0,1.0000000000000027,"L128,L155,L156,L160,L164",5,6.191013726096414,6.191013726096414,3,"L128,L155,L156",3,True,non_critical,
1,20260708,L156->L064,L156,L064,True,False,0.0,0.0,0.0,1.000000000000023,"L064,L156",2,1.0756056781525907,1.0756056781525907,0,,0,False,non_critical,
1,20260708,L079->L012,L079,L012,True,False,0.0,0.0,0.0,1.0000000000000007,"L001,L002,L012,L014,L015,L018,L019,L020,L044,L045,L046,L054,L060,L077,L079,L102,L104,L109,L110,L111,L113,L115,L128,L134,L140,L150,L153,L154,L155,L156,L158,L160,L169,L178,L179,L182",36,38.343171995407616,38.343171995407616,33,"L001,L002,L014,L015,L018,L019,L020,L044,L045,L046,L054,L060,L102,L104,L109,L110,L111,L113,L115,L128,L134,L140,L150,L153,L154,L155,L156,L158,L160,L169,L178,L179,L182",34,True,non_critical,
1,20260708,L027->L033,L027,L033,True,True,35.958503168233044,35.958503168233044,0.0,1.0000000000000002,"L018,L019,L027,L033,L039,L040,L043,L044,L045,L046,L054,L060,L102,L104,L109,L110,L111,L113,L115,L128,L134,L140,L149,L150,L153,L154,L155,L156,L158,L160,L169,L178,L179,L180,L182",35,39.673113378092964,39.673113378092964,33,"L018,L019,L039,L040,L043,L044,L045,L046,L054,L060,L102,L104,L109,L110,L111,L113,L115,L128,L134,L140,L149,L150,L153,L154,L155,L156,L158,L160,L169,L178,L179,L180,L182",33,True,relay_cascade,
1,20260708,L182->L034,L182,L034,True,True,41.04569367595296,41.04569367595296,0.0,1.0000000000000002,"L018,L030,L034,L040,L044,L045,L046,L060,L065,L102,L104,L109,L110,L111,L113,L115,L128,L134,L140,L150,L153,L154,L155,L156,L158,L160,L169,L178,L179,L182",30,38.1759538677076,38.1759538677076,28,"L018,L030,L040,L044,L045,L046,L060,L065,L102,L104,L109,L110,L111,L113,L115,L128,L134,L140,L150,L153,L154,L155,L156,L158,L160,L169,L178,L179",28,True,relay_cascade,
1,20260708,L152->L048,L152,L048,True,True,22.50545676159403,22.50545676159403,0.0,1.0,"L018,L044,L045,L046,L048,L060,L102,L109,L110,L111,L113,L115,L128,L134,L140,L149,L150,L152,L153,L154,L155,L156,L158,L160,L169,L178,L179,L182",28,0.9678515000509266,0.9678515000509266,0,,26,False,island_only,
1,20260708,L040->L027,L040,L027,True,False,0.0,0.0,0.0,1.0000000000000053,"L018,L027,L040,L115,L178,L182",6,1.7270789595517897,1.7270789595517897,3,"L018,L115,L178",4,True,non_critical,
1,20260708,L084->L038,L084,L038,True,False,0.0,0.0,0.0,1.0000000000000009,"L018,L019,L030,L032,L038,L045,L046,L060,L065,L084,L102,L104,L109,L110,L111,L113,L115,L128,L134,L140,L150,L153,L154,L155,L156,L157,L158,L159,L160,L169,L178,L179,L182,L186",34,40.90516158563259,40.90516158563259,32,"L018,L019,L030,L032,L045,L046,L060,L065,L102,L104,L109,L110,L111,L113,L115,L128,L134,L140,L150,L153,L154,L155,L156,L157,L158,L159,L160,L169,L178,L179,L182,L186",32,True,non_critical,
1,20260708,L128->L179,L128,L179,True,False,0.0,0.0,0.0,1.000000000000023,"L128,L179",2,1.039016800020442,1.039016800020442,0,,0,False,non_critical,
1,20260708,L169->L046,L169,L046,True,False,0.0,0.0,0.0,1.000000000000019,"L046,L169",2,1.0046925798852078,1.0046925798852078,0,,0,False,non_critical,
1,20260708,L175->L157,L175,L157,True,False,0.0,0.0,0.0,1.000000000000023,"L155,L157,L175",3,1.2690605382477387,1.2690605382477387,1,L155,1,True,non_critical,
1,20260708,L054->L173,L054,L173,True,False,0.0,0.0,0.0,1.000000000000001,"L018,L019,L030,L044,L045,L046,L054,L060,L065,L102,L104,L109,L110,L111,L113,L115,L128,L134,L140,L150,L153,L154,L155,L156,L157,L158,L159,L160,L169,L173,L178,L179,L182",33,0.9722669964170761,0.9722669964170761,0,,31,False,non_critical,
1,20260708,L171->L035,L171,L035,True,True,1.325370392301073,0.0,1.325370392301073,1.0000000000000113,"L035,L171,L182",3,2.52046804130992,2.52046804130992,1,L182,1,True,relay_cascade,
1,20260708,L173->L174,L173,L174,True,False,0.0,0.0,0.0,1.0000000000000002,"L018,L044,L045,L046,L060,L102,L109,L110,L111,L113,L115,L128,L134,L140,L155,L156,L158,L169,L173,L174,L178,L179,L182",23,33.07837776438006,33.07837776438006,21,"L018,L044,L045,L046,L060,L102,L109,L110,L111,L113,L115,L128,L134,L140,L155,L156,L158,L169,L178,L179,L182",21,True,non_critical,
1,20260708,L002->L166,L002,L166,True,False,0.0,0.0,0.0,1.0000000000000122,"L001,L002,L018,L044,L045,L046,L060,L065,L102,L104,L109,L110,L111,L113,L115,L128,L134,L140,L150,L153,L154,L155,L156,L158,L160,L166,L169,L178,L179,L182",30,1.1352229154055902,1.1352229154055902,0,,28,False,non_critical,
1,20260708,L079->L107,L079,L107,True,True,253.8461123262835,253.8461123262835,0.0,1.0000000000000002,"L018,L045,L046,L056,L057,L058,L060,L062,L063,L064,L065,L068,L069,L077,L078,L079,L082,L091,L095,L101,L102,L104,L105,L106,L107,L109,L111,L114,L115,L119,L120,L126,L127,L128,L134,L140,L150,L153,L154,L155,L156,L158,L160,L169,L178,L179,L182,L186",48,15.408133841442778,15.408133841442778,45,"L018,L045,L046,L056,L057,L058,L060,L062,L063,L064,L065,L068,L069,L078,L082,L091,L095,L101,L102,L104,L105,L106,L109,L111,L114,L115,L119,L120,L126,L127,L128,L134,L140,L150,L153,L154,L155,L156,L158,L160,L169,L178,L179,L182,L186",46,True,relay_cascade,
1,20260708,L122->L018,L122,L018,True,False,0.0,0.0,0.0,1.000000000000003,"L018,L122,L128",3,1.000371233915442,1.000371233915442,0,,1,False,non_critical,
1,20260708,L062->L047,L062,L047,True,True,31.300605334860514,31.300605334860514,0.0,1.0000000000000027,"L018,L030,L044,L045,L046,L047,L060,L062,L102,L104,L109,L110,L111,L113,L115,L128,L134,L140,L150,L153,L154,L155,L156,L158,L160,L169,L178,L179,L182",29,38.385415927601365,38.385415927601365,26,"L018,L030,L044,L045,L046,L102,L104,L109,L110,L111,L113,L115,L128,L134,L140,L150,L153,L154,L155,L156,L158,L160,L169,L178,L179,L182",27,True,relay_cascade,
1,20260708,L081->L016,L081,L016,True,True,31.514792047850804,31.514792047850804,0.0,1.0000000000000009,"L016,L018,L019,L044,L045,L046,L054,L060,L081,L102,L104,L109,L110,L111,L113,L115,L128,L134,L140,L150,L153,L154,L155,L156,L158,L160,L169,L178,L179,L182",30,38.37670644856966,38.37670644856966,28,"L018,L019,L044,L045,L046,L054,L060,L102,L104,L109,L110,L111,L113,L115,L128,L134,L140,L150,L153,L154,L155,L156,L158,L160,L169,L178,L179,L182",28,True,relay_cascade,
1,20260708,L076->L084,L076,L084,True,False,0.0,0.0,0.0,1.0000000000000113,"L060,L073,L076,L077,L078,L084",6,2.9366005178731442,2.9366005178731442,4,"L060,L073,L077,L078",4,True,non_critical,
1,20260708,L105->L173,L105,L173,True,False,0.0,0.0,0.0,1.0000000000000113,"L060,L064,L065,L102,L105,L173",6,1.0000000000002762,1.0000000000002762,0,,4,False,non_critical,
1,20260708,L032->L039,L032,L039,True,False,0.0,0.0,0.0,1.0000000000000002,"L018,L032,L039,L044,L045,L046,L060,L065,L102,L104,L109,L110,L111,L113,L115,L128,L134,L140,L150,L153,L154,L155,L156,L158,L160,L169,L178,L179,L182",29,1.1338117404908323,1.1338117404908323,0,,27,False,non_critical,
1,20260708,L074->L133,L074,L133,True,True,20.77635989697293,20.77635989697293,0.0,1.0000000000000016,"L018,L044,L045,L046,L060,L065,L074,L102,L104,L109,L110,L111,L113,L115,L128,L133,L134,L140,L150,L153,L154,L155,L156,L157,L158,L160,L169,L178,L179,L182",30,40.37681160455471,40.37681160455471,28,"L018,L044,L045,L046,L060,L065,L102,L104,L109,L110,L111,L113,L115,L128,L134,L140,L150,L153,L154,L155,L156,L157,L158,L160,L169,L178,L179,L182",28,True,relay_cascade,
1,20260708,L142->L063,L142,L063,True,False,0.0,0.0,0.0,1.0000000000000122,"L018,L030,L044,L045,L046,L060,L063,L065,L102,L104,L109,L110,L111,L113,L115,L128,L134,L140,L142,L150,L153,L154,L155,L156,L157,L158,L160,L169,L178,L179,L182,L186",32,38.251092688759506,38.251092688759506,29,"L018,L030,L044,L045,L046,L060,L065,L102,L104,L109,L110,L111,L113,L115,L134,L140,L150,L153,L154,L155,L156,L157,L158,L160,L169,L178,L179,L182,L186",30,True,non_critical,
1,20260708,L186->L091,L186,L091,True,False,0.0,0.0,0.0,1.0000000000000058,"L091,L186",2,1.0161823455119166,1.0161823455119166,0,,0,False,non_critical,
1,20260708,L180->L001,L180,L001,True,False,0.0,0.0,0.0,1.0000000000000024,"L001,L018,L044,L045,L046,L060,L065,L102,L104,L109,L110,L111,L113,L115,L128,L134,L140,L150,L153,L154,L155,L156,L158,L160,L169,L178,L179,L180,L182",29,1.149360354873003,1.149360354873003,0,,27,False,non_critical,
1,20260708,L107->L025,L107,L025,True,False,0.0,0.0,0.0,1.0000000000000022,"L025,L102,L107,L128",4,1.0613027111070825,1.0613027111070825,0,,2,False,non_critical,
1,20260708,L145->L081,L145,L081,True,False,0.0,0.0,0.0,1.000000000000023,"L081,L128,L145,L155,L156",5,1.1059629083768663,1.1059629083768663,0,,3,False,non_critical,
1,20260708,L130->L098,L130,L098,True,False,0.0,0.0,0.0,1.000000000000001,"L098,L102,L128,L130",4,1.7713593755062096,1.7713593755062096,1,L102,2,True,non_critical,
1,20260708,L004->L075,L004,L075,True,False,0.0,0.0,0.0,1.0000000000000013,"L001,L004,L014,L018,L030,L044,L045,L046,L060,L065,L075,L102,L104,L109,L110,L111,L113,L115,L128,L134,L140,L150,L153,L154,L155,L156,L158,L160,L169,L178,L179,L182",32,1.145716121381452,1.145716121381452,0,,30,False,non_critical,
1,20260708,L104->L083,L104,L083,True,False,0.0,0.0,0.0,1.000000000000008,"L083,L104",2,1.0035872592314656,1.0035872592314656,0,,0,False,non_critical,
1,20260708,L092->L123,L092,L123,True,False,0.0,0.0,0.0,1.0000000000000058,"L092,L123",2,1.058105335070939,1.058105335070939,0,,0,False,non_critical,
1,20260708,L173->L127,L173,L127,True,False,0.0,0.0,0.0,1.000000000000014,"L018,L057,L058,L060,L065,L077,L078,L102,L104,L109,L111,L115,L127,L128,L155,L173,L178,L186",18,11.372685733113238,11.372685733113238,16,"L018,L057,L058,L060,L065,L077,L078,L102,L104,L109,L111,L115,L128,L155,L178,L186",16,True,non_critical,
1,20260708,L127->L050,L127,L050,True,True,33.88157185629734,33.88157185629734,0.0,1.0000000000000002,"L018,L044,L045,L046,L050,L059,L060,L061,L065,L102,L104,L109,L110,L111,L113,L115,L127,L128,L134,L140,L150,L153,L154,L155,L156,L158,L160,L169,L178,L179,L182",31,37.5967822044441,37.5967822044441,28,"L018,L044,L045,L046,L059,L060,L061,L065,L102,L104,L109,L110,L111,L113,L115,L134,L140,L150,L153,L154,L155,L156,L158,L160,L169,L178,L179,L182",29,True,relay_cascade,
1,20260708,L052->L046,L052,L046,True,False,0.0,0.0,0.0,1.000000000000023,"L046,L052",2,1.0011122858322536,1.0011122858322536,0,,0,False,non_critical,
1,20260708,L142->L068,L142,L068,True,False,0.0,0.0,0.0,1.000000000000023,"L060,L068,L102,L128,L142",5,2.4205776886674717,2.4205776886674717,2,"L060,L102",3,True,non_critical,
1,20260708,L141->L127,L141,L127,True,False,0.0,0.0,0.0,1.0000000000000004,"L018,L030,L044,L045,L046,L060,L065,L102,L104,L109,L110,L111,L113,L115,L127,L128,L134,L140,L141,L150,L153,L154,L155,L156,L157,L158,L160,L169,L178,L179,L182",31,36.227067928060904,36.227067928060904,26,"L018,L030,L044,L045,L046,L060,L065,L102,L104,L109,L110,L111,L113,L115,L134,L150,L153,L154,L155,L157,L158,L160,L169,L178,L179,L182",29,True,non_critical,
1,20260708,L151->L022,L151,L022,True,True,3.3739824539708647,0.0,3.3739824539708647,1.000000000000008,"L022,L128,L151,L155",4,1.1513260036121742,1.1513260036121742,0,,2,False,island_only,
1,20260708,L045->L157,L045,L157,True,False,0.0,0.0,0.0,1.000000000000023,"L045,L157",2,1.0118838672123964,1.0118838672123964,0,,0,False,non_critical,
1,20260708,L075->L148,L075,L148,True,False,0.0,0.0,0.0,1.0000000000000058,"L075,L128,L148,L155",4,4.412003566701469,4.412003566701469,2,"L128,L155",2,True,non_critical,
1,20260708,L071->L135,L071,L135,True,False,0.0,0.0,0.0,1.0000000000000004,"L018,L044,L045,L046,L060,L065,L071,L073,L074,L082,L102,L104,L109,L110,L111,L113,L115,L128,L134,L135,L140,L149,L150,L153,L154,L155,L156,L158,L159,L160,L169,L178,L179,L182",34,0.9638676581548471,0.9638676581548471,0,,32,False,non_critical,
1,20260708,L169->L021,L169,L021,True,True,22.50545676159403,22.50545676159403,0.0,1.0000000000000009,"L018,L019,L021,L024,L026,L030,L039,L044,L045,L046,L048,L056,L057,L060,L065,L077,L078,L082,L095,L102,L104,L109,L110,L111,L113,L115,L128,L134,L140,L150,L153,L154,L155,L156,L158,L160,L169,L178,L179,L182",40,38.471879700932305,38.471879700932305,38,"L018,L019,L024,L026,L030,L039,L044,L045,L046,L048,L056,L057,L060,L065,L077,L078,L082,L095,L102,L104,L109,L110,L111,L113,L115,L128,L134,L140,L150,L153,L154,L155,L156,L158,L160,L178,L179,L182",38,True,relay_cascade,
1,20260708,L149->L180,L149,L180,True,True,7.272188818003705,7.272188818003705,0.0,1.0,"L018,L044,L045,L046,L060,L102,L109,L110,L111,L113,L115,L128,L134,L140,L149,L150,L153,L154,L155,L156,L158,L160,L169,L178,L179,L180,L182",27,37.43091638416142,37.43091638416142,24,"L018,L044,L045,L046,L060,L102,L109,L110,L111,L113,L115,L134,L140,L150,L153,L154,L155,L156,L158,L160,L169,L178,L179,L182",25,True,relay_cascade,
1,20260708,L149->L105,L149,L105,True,False,0.0,0.0,0.0,1.0,"L018,L030,L044,L045,L046,L060,L064,L065,L102,L104,L105,L109,L110,L111,L113,L115,L128,L134,L140,L149,L150,L153,L154,L155,L156,L157,L158,L160,L169,L178,L179,L182",32,37.997571289208864,37.997571289208864,29,"L018,L030,L044,L045,L046,L060,L064,L065,L102,L104,L109,L110,L111,L113,L115,L134,L140,L150,L153,L154,L155,L156,L157,L158,L160,L169,L178,L179,L182",30,True,non_critical,
1,20260708,L127->L124,L127,L124,True,False,0.0,0.0,0.0,1.000000000000023,"L124,L127,L128",3,1.0000000000002018,1.0000000000002018,0,,1,False,non_critical,
1,20260708,L152->L116,L152,L116,True,False,0.0,0.0,0.0,1.000000000000003,"L018,L044,L045,L046,L060,L102,L109,L110,L111,L113,L115,L116,L128,L134,L140,L149,L150,L152,L153,L154,L155,L156,L158,L160,L169,L178,L179,L182,L186",29,1.3231589983306713,1.3231589983306713,1,L186,27,True,non_critical,
1,20260708,L067->L117,L067,L117,True,False,0.0,0.0,0.0,1.0000000000000058,"L067,L111,L115,L117",4,3.214564881709152,3.214564881709152,2,"L111,L115",2,True,non_critical,
1,20260708,L169->L094,L169,L094,True,False,0.0,0.0,0.0,1.0000000000000049,"L060,L065,L077,L078,L094,L102,L169",7,1.4270540695599476,1.4270540695599476,5,"L060,L065,L077,L078,L102",5,True,non_critical,
1,20260708,L180->L147,L180,L147,True,True,43.59265123807146,43.59265123807146,0.0,1.0000000000000016,"L018,L044,L045,L046,L060,L065,L102,L104,L109,L110,L111,L113,L115,L128,L134,L140,L147,L150,L153,L154,L155,L156,L158,L160,L169,L178,L179,L180,L182",29,1.0826641764590217,1.0826641764590217,0,,27,False,island_only,
1,20260708,L080->L022,L080,L022,True,True,3.3739824539708647,0.0,3.3739824539708647,1.000000000000023,"L022,L080",2,1.1513260036121742,1.1513260036121742,0,,0,False,island_only,
1,20260708,L174->L185,L174,L185,True,True,35.11713329264434,35.11713329264434,0.0,1.000000000000002,"L018,L044,L045,L046,L060,L102,L109,L110,L111,L113,L115,L128,L134,L140,L155,L156,L158,L169,L173,L174,L175,L178,L179,L182,L185,L186",26,2.0050045253607194,2.0050045253607194,1,L186,24,True,relay_cascade,
1,20260708,L041->L155,L041,L155,True,False,0.0,0.0,0.0,1.0000000000000002,"L018,L041,L044,L045,L046,L060,L065,L102,L104,L109,L110,L111,L113,L115,L128,L134,L140,L150,L153,L154,L155,L156,L158,L160,L169,L178,L179,L182",28,1.1338117404908306,1.1338117404908306,0,,26,False,non_critical,
1,20260708,L069->L101,L069,L101,True,False,0.0,0.0,0.0,1.000000000000023,"L069,L101",2,1.017563240742055,1.017563240742055,0,,0,False,non_critical,
1,20260708,L009->L064,L009,L064,True,False,0.0,0.0,0.0,1.0000000000000024,"L009,L018,L019,L030,L045,L046,L060,L064,L065,L102,L104,L109,L111,L112,L113,L115,L128,L134,L140,L150,L153,L154,L155,L156,L157,L158,L159,L160,L169,L178,L179,L182",32,0.9689427130813034,0.9689427130813034,0,,30,False,non_critical,
1,20260708,L146->L156,L146,L156,True,False,0.0,0.0,0.0,1.000000000000023,"L128,L146,L155,L156",4,1.0000000000001519,1.0000000000001519,0,,2,False,non_critical,
1,20260708,L056->L150,L056,L150,True,False,0.0,0.0,0.0,1.0000000000000018,"L056,L128,L140,L150,L155,L156,L158",7,3.497308156739511,3.497308156739511,5,"L128,L140,L155,L156,L158",5,True,non_critical,
1,20260708,L016->L131,L016,L131,True,False,0.0,0.0,0.0,1.0,"L016,L018,L019,L044,L045,L046,L054,L060,L102,L104,L109,L110,L111,L113,L115,L128,L131,L134,L140,L150,L153,L154,L155,L156,L158,L160,L169,L178,L179,L182",30,1.065878092411981,1.065878092411981,0,,28,False,non_critical,
1,20260708,L048->L067,L048,L067,True,False,0.0,0.0,0.0,1.000000000000023,"L048,L067,L102,L111",4,1.4014525642537323,1.4014525642537323,2,"L102,L111",2,True,non_critical,
1,20260708,L006->L015,L006,L015,True,True,17.515788549835076,17.515788549835076,0.0,1.0000000000000002,"L006,L015,L018,L044,L045,L046,L060,L065,L102,L104,L109,L110,L111,L113,L115,L128,L134,L140,L150,L153,L154,L155,L156,L158,L160,L169,L178,L179,L182",29,38.670947121939726,38.670947121939726,27,"L018,L044,L045,L046,L060,L065,L102,L104,L109,L110,L111,L113,L115,L128,L134,L140,L150,L153,L154,L155,L156,L158,L160,L169,L178,L179,L182",27,True,relay_cascade,
1,20260708,L090->L060,L090,L060,True,False,0.0,0.0,0.0,1.000000000000006,"L060,L090,L091",3,1.1704593784512616,1.1704593784512616,0,,1,False,non_critical,
1,20260708,L117->L005,L117,L005,True,False,0.0,0.0,0.0,1.000000000000001,"L005,L018,L019,L044,L045,L046,L060,L102,L109,L111,L113,L114,L115,L117,L128,L134,L140,L150,L153,L154,L155,L156,L158,L160,L169,L178,L179,L182",28,1.259890049043316,1.259890049043316,1,L019,26,True,non_critical,
1,20260708,L079->L153,L079,L153,True,False,0.0,0.0,0.0,1.000000000000023,"L077,L079,L128,L153,L155,L156,L158",7,3.881197098183812,3.881197098183812,4,"L128,L155,L156,L158",5,True,non_critical,
1,20260708,L036->L169,L036,L169,True,False,0.0,0.0,0.0,1.0000000000000009,"L018,L019,L020,L025,L036,L039,L044,L045,L046,L048,L054,L060,L102,L104,L109,L110,L111,L113,L115,L128,L134,L140,L149,L150,L153,L154,L155,L156,L158,L160,L169,L178,L179,L182",34,0.9610740669093655,0.9610740669093655,0,,32,False,non_critical,
1,20260708,L001->L023,L001,L023,True,False,0.0,0.0,0.0,1.0000000000000675,"L001,L018,L023,L178",4,2.145695426556032,2.145695426556032,2,"L018,L178",2,True,non_critical,
1,20260708,L171->L061,L171,L061,True,True,33.88157185629734,33.88157185629734,0.0,1.0000000000000013,"L018,L044,L045,L046,L060,L061,L065,L102,L104,L109,L110,L111,L113,L115,L128,L134,L140,L150,L153,L154,L155,L156,L158,L160,L169,L171,L178,L179,L182",29,38.36313202255346,38.36313202255346,27,"L018,L044,L045,L046,L060,L065,L102,L104,L109,L110,L111,L113,L115,L128,L134,L140,L150,L153,L154,L155,L156,L158,L160,L169,L178,L179,L182",27,True,relay_cascade,
1,20260708,L061->L183,L061,L183,True,True,81.35922639729833,81.35922639729833,0.0,1.0000000000000002,"L018,L044,L045,L046,L060,L061,L065,L102,L104,L109,L110,L111,L113,L115,L128,L134,L140,L149,L150,L153,L154,L155,L156,L157,L158,L160,L169,L178,L179,L182,L183",31,1.577891551161669,1.577891551161669,2,"L149,L157",29,True,relay_cascade,
1,20260708,L103->L134,L103,L134,True,False,0.0,0.0,0.0,1.0000000000000002,"L018,L044,L045,L046,L060,L065,L102,L103,L104,L109,L110,L111,L113,L115,L128,L134,L140,L150,L153,L154,L155,L156,L158,L160,L169,L178,L179,L182",28,41.59114700634443,41.59114700634443,25,"L018,L044,L045,L046,L060,L065,L104,L109,L110,L111,L113,L115,L128,L140,L150,L153,L154,L155,L156,L158,L160,L169,L178,L179,L182",26,True,non_critical,
1,20260708,L079->L133,L079,L133,True,True,20.77635989697293,20.77635989697293,0.0,1.0,"L018,L044,L045,L046,L060,L065,L077,L079,L102,L104,L109,L110,L111,L113,L115,L128,L133,L134,L140,L150,L153,L154,L155,L156,L157,L158,L160,L169,L178,L179,L182",31,40.37484980998113,40.37484980998113,28,"L018,L044,L045,L046,L060,L065,L102,L104,L109,L110,L111,L113,L115,L128,L134,L140,L150,L153,L154,L155,L156,L157,L158,L160,L169,L178,L179,L182",29,True,relay_cascade,
1,20260708,L158->L064,L158,L064,True,False,0.0,0.0,0.0,1.0000000000000069,"L064,L065,L128,L155,L158",5,1.2224811704187717,1.2224811704187717,1,L065,3,True,non_critical,
1,20260708,L027->L121,L027,L121,True,False,0.0,0.0,0.0,1.0000000000000024,"L027,L121,L128,L155",4,10.24777971394195,10.24777971394195,2,"L128,L155",2,True,non_critical,
1,20260708,L171->L076,L171,L076,True,False,0.0,0.0,0.0,1.000000000000023,"L076,L171",2,1.1026929654169115,1.1026929654169115,0,,0,False,non_critical,
1,20260708,L145->L160,L145,L160,True,False,0.0,0.0,0.0,1.000000000000023,"L128,L145,L155,L156,L160",5,1.0000000000000484,1.0000000000000484,0,,3,False,non_critical,
1,20260708,L025->L120,L025,L120,True,False,0.0,0.0,0.0,1.0000000000000018,"L025,L120",2,1.0789773354617764,1.0789773354617764,0,,0,False,non_critical,
1,20260708,L082->L007,L082,L007,True,False,0.0,0.0,0.0,1.0000000000000004,"L007,L018,L019,L030,L045,L046,L060,L065,L082,L102,L104,L109,L111,L112,L113,L115,L128,L134,L140,L150,L153,L154,L155,L156,L157,L158,L159,L160,L169,L178,L179,L182",32,44.11324557919052,44.11324557919052,30,"L018,L019,L030,L045,L046,L060,L065,L102,L104,L109,L111,L112,L113,L115,L128,L134,L140,L150,L153,L154,L155,L156,L157,L158,L159,L160,L169,L178,L179,L182",30,True,non_critical,
1,20260708,L184->L057,L184,L057,True,False,0.0,0.0,0.0,1.0000000000000047,"L018,L044,L045,L046,L056,L057,L060,L065,L077,L078,L082,L095,L102,L104,L109,L110,L111,L113,L115,L128,L134,L140,L150,L153,L154,L155,L156,L158,L160,L169,L178,L179,L182,L184",34,2.7529444239439456,2.7529444239439456,5,"L056,L077,L078,L082,L095",32,True,non_critical,
1,20260708,L004->L116,L004,L116,True,False,0.0,0.0,0.0,1.0000000000000007,"L001,L004,L014,L018,L030,L044,L045,L046,L060,L065,L102,L104,L109,L110,L111,L113,L115,L116,L128,L134,L140,L150,L153,L154,L155,L156,L158,L160,L169,L178,L179,L182",32,1.1496365872166234,1.1496365872166234,0,,30,False,non_critical,
1,20260708,L130->L180,L130,L180,True,True,7.272188818003705,7.272188818003705,0.0,1.0000000000000002,"L018,L044,L045,L046,L060,L065,L102,L104,L109,L110,L111,L113,L115,L128,L130,L134,L140,L150,L153,L154,L155,L156,L158,L160,L169,L178,L179,L180,L182",29,38.56371961361794,38.56371961361794,26,"L018,L044,L045,L046,L060,L065,L102,L104,L109,L110,L111,L113,L115,L134,L140,L150,L153,L154,L155,L156,L158,L160,L169,L178,L179,L182",27,True,relay_cascade,
1,20260708,L070->L018,L070,L018,True,False,0.0,0.0,0.0,1.0000000000000113,"L018,L070,L077,L078,L082,L102",6,1.0000406477722634,1.0000406477722634,0,,4,False,non_critical,
1,20260708,L089->L092,L089,L092,True,False,0.0,0.0,0.0,1.000000000000008,"L089,L092",2,1.0455468209190086,1.0455468209190086,0,,0,False,non_critical,
1,20260708,L050->L153,L050,L153,True,False,0.0,0.0,0.0,1.0000000000000002,"L018,L044,L045,L046,L050,L059,L060,L061,L065,L102,L104,L109,L110,L111,L113,L115,L128,L134,L140,L150,L153,L154,L155,L156,L158,L160,L169,L178,L179,L182",30,1.0868783110029365,1.0868783110029365,0,,28,False,non_critical,
1,20260708,L091->L062,L091,L062,True,False,0.0,0.0,0.0,1.000000000000023,"L060,L062,L091",3,1.8297912789021265,1.8297912789021265,1,L060,1,True,non_critical,
1,20260708,L013->L111,L013,L111,True,False,0.0,0.0,0.0,1.000000000000019,"L013,L111,L115",3,1.2778913847843607,1.2778913847843607,1,L115,1,True,non_critical,
1,20260708,L181->L099,L181,L099,True,False,0.0,0.0,0.0,1.0000000000000002,"L018,L030,L044,L045,L046,L060,L065,L099,L102,L104,L109,L110,L111,L113,L115,L128,L134,L140,L150,L153,L154,L155,L156,L158,L160,L169,L178,L179,L180,L181,L182",31,1.1758668996306563,1.1758668996306563,0,,29,False,non_critical,
1,20260708,L095->L016,L095,L016,True,True,31.514792047850804,31.514792047850804,0.0,1.0000000000000062,"L016,L018,L044,L045,L046,L054,L060,L095,L102,L104,L109,L110,L111,L113,L115,L128,L134,L140,L150,L153,L154,L155,L156,L158,L160,L169,L178,L179,L182",29,38.387992798036805,38.387992798036805,27,"L018,L044,L045,L046,L054,L060,L102,L104,L109,L110,L111,L113,L115,L128,L134,L140,L150,L153,L154,L155,L156,L158,L160,L169,L178,L179,L182",27,True,relay_cascade,
1,20260708,L053->L114,L053,L114,True,False,0.0,0.0,0.0,1.0000000000000675,"L053,L114,L115,L128",4,2.1234536319052517,2.1234536319052517,2,"L115,L128",2,True,non_critical,
1,20260708,L013->L087,L013,L087,True,False,0.0,0.0,0.0,1.000000000000003,"L013,L087",2,1.002194628097855,1.002194628097855,0,,0,False,non_critical,
1,20260708,L130->L027,L130,L027,True,False,0.0,0.0,0.0,1.0000000000000033,"L018,L027,L128,L130",4,1.4326516032676608,1.4326516032676608,1,L018,2,True,non_critical,
1,20260708,L176->L138,L176,L138,True,False,0.0,0.0,0.0,1.000000000000001,"L018,L044,L045,L046,L060,L102,L109,L110,L111,L113,L115,L128,L134,L138,L140,L155,L156,L158,L169,L176,L178,L179,L182",23,0.9814017395046393,0.9814017395046393,0,,21,False,non_critical,
1,20260708,L108->L071,L108,L071,True,True,70.56694602954056,70.56694602954056,0.0,1.0000000000000002,"L018,L044,L045,L046,L060,L065,L071,L073,L074,L078,L082,L102,L104,L108,L109,L111,L113,L114,L115,L128,L134,L140,L149,L150,L153,L154,L155,L156,L158,L160,L169,L178,L179,L182",34,1.9030139991163733,1.9030139991163733,5,"L073,L074,L078,L082,L149",32,True,relay_cascade,
1,20260708,L064->L153,L064,L153,True,False,0.0,0.0,0.0,1.0000000000000058,"L064,L128,L153,L155,L156,L158",6,5.881197275718845,5.881197275718845,4,"L128,L155,L156,L158",4,True,non_critical,
1,20260708,L071->L173,L071,L173,True,False,0.0,0.0,0.0,1.0000000000000002,"L018,L044,L045,L046,L060,L065,L071,L073,L074,L082,L102,L104,L109,L110,L111,L113,L115,L128,L134,L140,L149,L150,L153,L154,L155,L156,L158,L159,L160,L169,L173,L178,L179,L182",34,0.9638676581548471,0.9638676581548471,0,,32,False,non_critical,
1,20260708,L128->L104,L128,L104,True,False,0.0,0.0,0.0,1.0000000000000024,"L018,L030,L044,L045,L046,L060,L065,L102,L104,L109,L110,L111,L113,L115,L128,L134,L140,L150,L153,L154,L155,L156,L157,L158,L160,L169,L178,L179,L182,L186",30,38.43843817701972,38.43843817701972,28,"L018,L030,L044,L045,L046,L060,L065,L102,L109,L110,L111,L113,L115,L134,L140,L150,L153,L154,L155,L156,L157,L158,L160,L169,L178,L179,L182,L186",28,True,non_critical,
1,20260708,L076->L185,L076,L185,True,True,35.11713329264434,35.11713329264434,0.0,1.0000000000000009,"L018,L044,L045,L046,L060,L076,L102,L109,L110,L111,L113,L115,L128,L134,L140,L150,L153,L154,L155,L156,L158,L160,L169,L178,L179,L182,L185,L186",28,38.25538285047963,38.25538285047963,26,"L018,L044,L045,L046,L060,L102,L109,L110,L111,L113,L115,L128,L134,L140,L150,L153,L154,L155,L156,L158,L160,L169,L178,L179,L182,L186",26,True,relay_cascade,
1,20260708,L120->L139,L120,L139,True,False,0.0,0.0,0.0,1.000000000000023,"L115,L120,L128,L139,L140",5,3.120858266182203,3.120858266182203,2,"L128,L140",3,True,non_critical,
1,20260708,L118->L090,L118,L090,True,False,0.0,0.0,0.0,1.0,"L018,L044,L045,L046,L056,L057,L060,L065,L077,L078,L082,L090,L091,L092,L102,L104,L109,L110,L111,L113,L115,L118,L128,L134,L140,L150,L153,L154,L155,L156,L158,L160,L169,L178,L179,L182,L186",37,3.7140987820875146,3.7140987820875146,7,"L056,L057,L077,L078,L082,L091,L092",35,True,non_critical,
1,20260708,L009->L089,L009,L089,True,False,0.0,0.0,0.0,1.0000000000000018,"L009,L018,L019,L030,L045,L046,L060,L065,L089,L102,L104,L109,L111,L112,L113,L115,L128,L134,L140,L150,L153,L154,L155,L156,L157,L158,L159,L160,L169,L178,L179,L182",32,0.9689427130813034,0.9689427130813034,0,,30,False,non_critical,
1,20260708,L111->L148,L111,L148,True,False,0.0,0.0,0.0,1.000000000000023,"L111,L128,L148",3,3.001198495616788,3.001198495616788,1,L128,1,True,non_critical,
1,20260708,L102->L133,L102,L133,True,True,20.77635989697293,20.77635989697293,0.0,1.0000000000000009,"L018,L044,L045,L046,L060,L065,L102,L104,L109,L110,L111,L113,L115,L128,L133,L134,L140,L150,L153,L154,L155,L156,L157,L158,L160,L169,L178,L179,L182",29,40.4049303286016,40.4049303286016,27,"L018,L044,L045,L046,L060,L065,L104,L109,L110,L111,L113,L115,L128,L134,L140,L150,L153,L154,L155,L156,L157,L158,L160,L169,L178,L179,L182",27,True,relay_cascade,
1,20260708,L057->L093,L057,L093,True,False,0.0,0.0,0.0,1.0000000000000022,"L057,L060,L093",3,1.2791430991041886,1.2791430991041886,1,L060,1,True,non_critical,
1,20260708,L133->L138,L133,L138,True,False,0.0,0.0,0.0,1.0000000000000009,"L018,L044,L045,L046,L060,L065,L102,L104,L109,L110,L111,L113,L115,L128,L133,L134,L138,L140,L150,L153,L154,L155,L156,L157,L158,L160,L169,L178,L179,L182",30,1.1020241853152208,1.1020241853152208,0,,28,False,non_critical,
1,20260708,L139->L185,L139,L185,True,True,35.11713329264434,35.11713329264434,0.0,1.0000000000000009,"L018,L044,L045,L046,L060,L065,L102,L104,L109,L110,L111,L113,L115,L128,L134,L139,L140,L143,L149,L150,L153,L154,L155,L156,L157,L158,L159,L160,L169,L178,L179,L182,L185,L186",34,2.0050045253607194,2.0050045253607194,1,L186,32,True,relay_cascade,
1,20260708,L176->L104,L176,L104,True,False,0.0,0.0,0.0,1.0000000000000033,"L018,L044,L045,L046,L060,L102,L104,L109,L110,L111,L113,L115,L128,L134,L140,L155,L156,L158,L169,L176,L178,L179,L182",23,0.9814017395046393,0.9814017395046393,0,,21,False,non_critical,
1,20260708,L153->L014,L153,L014,True,False,0.0,0.0,0.0,1.0000000000000138,"L014,L128,L153,L155",4,1.0153881425546423,1.0153881425546423,0,,2,False,non_critical,
1,20260708,L109->L182,L109,L182,True,False,0.0,0.0,0.0,1.000000000000019,"L109,L182",2,1.0002502268957532,1.0002502268957532,0,,0,False,non_critical,
1,20260708,L163->L025,L163,L025,True,False,0.0,0.0,0.0,1.000000000000019,"L025,L163,L169",3,1.0959529193805595,1.0959529193805595,0,,1,False,non_critical,
1,20260708,L062->L103,L062,L103,True,False,0.0,0.0,0.0,1.000000000000023,"L060,L062,L102,L103",4,1.981605291146972,1.981605291146972,1,L102,2,True,non_critical,
1,20260708,L060->L009,L060,L009,True,False,0.0,0.0,0.0,1.000000000000005,"L009,L018,L019,L030,L045,L046,L060,L065,L102,L104,L109,L111,L112,L113,L115,L128,L134,L140,L150,L153,L154,L155,L156,L157,L158,L159,L160,L169,L178,L179,L182",31,44.112619904054114,44.112619904054114,29,"L018,L019,L030,L045,L046,L065,L102,L104,L109,L111,L112,L113,L115,L128,L134,L140,L150,L153,L154,L155,L156,L157,L158,L159,L160,L169,L178,L179,L182",29,True,non_critical,
1,20260708,L167->L103,L167,L103,True,False,0.0,0.0,0.0,1.0000000000000036,"L102,L103,L167,L169",4,1.3742671599710057,1.3742671599710057,1,L102,2,True,non_critical,
1,20260708,L051->L091,L051,L091,True,False,0.0,0.0,0.0,1.0000000000000004,"L018,L019,L044,L045,L046,L048,L051,L056,L057,L058,L060,L065,L077,L078,L082,L091,L095,L102,L104,L109,L110,L111,L112,L113,L115,L128,L134,L140,L149,L150,L153,L154,L155,L156,L158,L159,L160,L169,L178,L179,L182",41,0.9610740669093655,0.9610740669093655,0,,39,False,non_critical,
1,20260708,L083->L128,L083,L128,True,False,0.0,0.0,0.0,1.000000000000023,"L083,L128",2,1.0028276240403915,1.0028276240403915,0,,0,False,non_critical,
1,20260708,L046->L029,L046,L029,True,True,42.3080770354206,42.3080770354206,0.0,1.0000000000000098,"L018,L025,L029,L030,L044,L045,L046,L060,L065,L102,L104,L109,L110,L111,L113,L115,L128,L134,L140,L150,L153,L154,L155,L156,L158,L160,L169,L178,L179,L182",30,37.533938931474054,37.533938931474054,28,"L018,L025,L030,L044,L045,L060,L065,L102,L104,L109,L110,L111,L113,L115,L128,L134,L140,L150,L153,L154,L155,L156,L158,L160,L169,L178,L179,L182",28,True,relay_cascade,
1,20260708,L119->L114,L119,L114,True,False,0.0,0.0,0.0,1.0000000000000675,"L114,L115,L119,L128",4,1.0117084833804157,1.0117084833804157,0,,2,False,non_critical,
1,20260708,L039->L072,L039,L072,True,True,3.2519812514691937,0.0,3.2519812514691937,1.0000000000000049,"L039,L072,L178",3,1.1179944855716857,1.1179944855716857,0,,1,False,island_only,
1,20260708,L163->L010,L163,L010,True,False,0.0,0.0,0.0,1.0000000000000058,"L010,L018,L163,L169",4,3.716904981401134,3.716904981401134,1,L018,2,True,non_critical,
1,20260708,L133->L035,L133,L035,True,True,1.3253703923011173,0.0,1.3253703923011173,1.0000000000000024,"L018,L035,L044,L045,L046,L060,L065,L102,L104,L109,L110,L111,L113,L115,L128,L133,L134,L140,L150,L153,L154,L155,L156,L157,L158,L160,L169,L178,L179,L182",30,1.1020241853152208,1.1020241853152208,0,,28,False,island_only,
1,20260708,L036->L018,L036,L018,True,False,0.0,0.0,0.0,1.0000000000000009,"L018,L019,L020,L025,L036,L039,L044,L045,L046,L048,L054,L060,L102,L104,L109,L110,L111,L113,L115,L128,L134,L140,L149,L150,L153,L154,L155,L156,L158,L160,L169,L178,L179,L182",34,0.9610740669093655,0.9610740669093655,0,,32,False,non_critical,
1,20260708,L134->L056,L134,L056,True,False,0.0,0.0,0.0,1.0,"L018,L044,L045,L046,L056,L057,L060,L065,L077,L078,L082,L095,L102,L104,L109,L110,L111,L113,L115,L128,L134,L140,L150,L153,L154,L155,L156,L158,L160,L169,L178,L179,L182",33,2.6209584096866636,2.6209584096866636,5,"L057,L077,L078,L082,L095",31,True,non_critical,
1,20260708,L172->L103,L172,L103,True,False,0.0,0.0,0.0,1.000000000000023,"L102,L103,L128,L172",4,2.284479344816618,2.284479344816618,2,"L102,L128",2,True,non_critical,
1,20260708,L149->L160,L149,L160,True,False,0.0,0.0,0.0,1.0000000000000024,"L128,L149,L155,L156,L160",5,6.204863864755817,6.204863864755817,2,"L155,L156",3,True,non_critical,
1,20260708,L013->L123,L013,L123,True,False,0.0,0.0,0.0,1.0000000000000675,"L013,L123",2,1.058106463508451,1.058106463508451,0,,0,False,non_critical,
1,20260708,L063->L019,L063,L019,True,False,0.0,0.0,0.0,1.0000000000000029,"L019,L063",2,1.1048494749927735,1.1048494749927735,0,,0,False,non_critical,
1,20260708,L123->L111,L123,L111,True,False,0.0,0.0,0.0,1.000000000000003,"L111,L123,L128,L155",4,1.095039340979002,1.095039340979002,0,,2,False,non_critical,
1,20260708,L022->L049,L022,L049,True,False,0.0,0.0,0.0,1.0000000000000002,"L018,L019,L022,L044,L045,L046,L049,L060,L065,L102,L104,L109,L110,L111,L113,L115,L128,L134,L140,L150,L153,L154,L155,L156,L158,L160,L169,L178,L179,L182",30,39.14776580917269,39.14776580917269,27,"L019,L044,L045,L046,L060,L065,L102,L104,L109,L110,L111,L113,L115,L128,L134,L140,L150,L153,L154,L155,L156,L158,L160,L169,L178,L179,L182",28,True,non_critical,
1,20260708,L041->L099,L041,L099,True,False,0.0,0.0,0.0,1.0000000000000009,"L018,L041,L044,L045,L046,L060,L065,L099,L102,L104,L109,L110,L111,L113,L115,L128,L134,L140,L150,L153,L154,L155,L156,L158,L160,L169,L178,L179,L182",29,1.1851262954980424,1.1851262954980424,0,,27,False,non_critical,
1,20260708,L132->L043,L132,L043,True,False,0.0,0.0,0.0,1.0000000000000113,"L043,L128,L132,L178,L182",5,5.384831354799369,5.384831354799369,2,"L178,L182",3,True,non_critical,
1,20260708,L145->L025,L145,L025,True,False,0.0,0.0,0.0,1.0000000000000675,"L025,L128,L145,L155,L156",5,1.0760764981342819,1.0760764981342819,0,,3,False,non_critical,
1,20260708,L148->L026,L148,L026,True,False,0.0,0.0,0.0,1.0000000000000058,"L018,L026,L128,L148,L155",5,1.2605481724423062,1.2605481724423062,1,L018,3,True,non_critical,
1,20260708,L055->L044,L055,L044,True,False,0.0,0.0,0.0,1.000000000000023,"L044,L055",2,1.040672134165393,1.040672134165393,0,,0,False,non_critical,
1,20260708,L157->L133,L157,L133,True,True,20.77635989697293,20.77635989697293,0.0,1.0,"L018,L044,L045,L046,L060,L102,L109,L110,L111,L113,L115,L128,L133,L134,L140,L148,L150,L153,L154,L155,L156,L157,L158,L160,L169,L178,L179,L182",28,11.85416851340883,11.85416851340883,24,"L018,L044,L045,L046,L060,L102,L109,L110,L111,L113,L115,L134,L140,L148,L150,L153,L154,L156,L158,L160,L169,L178,L179,L182",26,True,relay_cascade,
1,20260708,L052->L168,L052,L168,True,False,0.0,0.0,0.0,1.000000000000008,"L052,L168",2,1.000000000000023,1.000000000000023,0,,0,False,non_critical,
1,20260708,L120->L143,L120,L143,True,False,0.0,0.0,0.0,1.0000000000000002,"L018,L044,L045,L046,L060,L065,L102,L104,L109,L110,L111,L113,L115,L120,L128,L134,L140,L143,L149,L150,L153,L154,L155,L156,L157,L158,L160,L169,L178,L179,L182",31,40.68030567306951,40.68030567306951,28,"L018,L044,L045,L046,L060,L065,L102,L104,L109,L110,L111,L113,L128,L134,L140,L149,L150,L153,L154,L155,L156,L157,L158,L160,L169,L178,L179,L182",29,True,non_critical,
1,20260708,L102->L083,L102,L083,True,False,0.0,0.0,0.0,1.0000000000000049,"L083,L102",2,1.001420802489189,1.001420802489189,0,,0,False,non_critical,
1,20260708,L076->L029,L076,L029,True,True,42.3080770354206,42.3080770354206,0.0,1.000000000000001,"L018,L025,L029,L030,L044,L045,L046,L060,L065,L076,L102,L104,L109,L110,L111,L112,L113,L115,L128,L134,L140,L150,L153,L154,L155,L156,L158,L160,L169,L178,L179,L182",32,37.5339389314741,37.5339389314741,30,"L018,L025,L030,L044,L045,L046,L060,L065,L102,L104,L109,L110,L111,L112,L113,L115,L128,L134,L140,L150,L153,L154,L155,L156,L158,L160,L169,L178,L179,L182",30,True,relay_cascade,
1,20260708,L110->L179,L110,L179,True,False,0.0,0.0,0.0,1.0000000000000002,"L018,L044,L045,L046,L060,L065,L102,L104,L109,L110,L111,L115,L128,L134,L140,L150,L153,L154,L155,L156,L158,L160,L169,L178,L179,L182",26,1.1338117404908408,1.1338117404908408,0,,24,False,non_critical,
1,20260708,L041->L164,L041,L164,True,False,0.0,0.0,0.0,1.0000000000000002,"L018,L041,L044,L045,L046,L060,L065,L102,L104,L109,L110,L111,L113,L115,L128,L134,L140,L150,L153,L154,L155,L156,L158,L160,L164,L169,L178,L179,L182",29,1.1338117404908306,1.1338117404908306,0,,27,False,non_critical,
1,20260708,L036->L159,L036,L159,True,False,0.0,0.0,0.0,1.0000000000000009,"L018,L019,L020,L025,L036,L039,L044,L045,L046,L048,L054,L060,L102,L104,L109,L110,L111,L113,L115,L128,L134,L140,L149,L150,L153,L154,L155,L156,L158,L159,L160,L169,L178,L179,L182",35,0.9610740669093655,0.9610740669093655,0,,33,False,non_critical,
1,20260708,L169->L016,L169,L016,True,True,31.514792047850804,31.514792047850804,0.0,1.0,"L016,L018,L044,L045,L046,L054,L060,L102,L104,L109,L110,L111,L113,L115,L128,L134,L140,L150,L153,L154,L155,L156,L158,L160,L169,L178,L179,L182",28,38.38199134628158,38.38199134628158,26,"L018,L044,L045,L046,L054,L060,L102,L104,L109,L110,L111,L113,L115,L128,L134,L140,L150,L153,L154,L155,L156,L158,L160,L178,L179,L182",26,True,relay_cascade,
1,20260708,L051->L044,L051,L044,True,False,0.0,0.0,0.0,1.000000000000003,"L018,L019,L044,L045,L046,L048,L051,L056,L057,L058,L060,L065,L077,L078,L082,L095,L102,L104,L109,L110,L111,L112,L113,L115,L128,L134,L140,L149,L150,L153,L154,L155,L156,L158,L159,L160,L169,L178,L179,L182",40,0.9610740669093655,0.9610740669093655,0,,38,False,non_critical,
1,20260708,L061->L108,L061,L108,True,False,0.0,0.0,0.0,1.0,"L018,L044,L045,L046,L060,L061,L065,L102,L104,L108,L109,L110,L111,L113,L115,L128,L134,L140,L150,L153,L154,L155,L156,L158,L160,L169,L178,L179,L182",29,1.0998965281476214,1.0998965281476214,0,,27,False,non_critical,
1,20260708,L113->L186,L113,L186,True,False,0.0,0.0,0.0,1.0000000000000007,"L018,L044,L045,L046,L060,L065,L102,L104,L109,L111,L112,L113,L115,L128,L134,L140,L150,L153,L154,L155,L156,L158,L160,L169,L178,L179,L182,L186",28,1.1338117404908397,1.1338117404908397,0,,26,False,non_critical,
1,20260708,L022->L158,L022,L158,True,False,0.0,0.0,0.0,1.0000000000000033,"L018,L022,L128,L155,L158",5,2.669403097186774,2.669403097186774,2,"L128,L155",3,True,non_critical,
1,20260708,L067->L137,L067,L137,True,False,0.0,0.0,0.0,1.0000000000000002,"L067,L128,L137,L155",4,6.375241295823461,6.375241295823461,2,"L128,L155",2,True,non_critical,
1,20260708,L170->L004,L170,L004,True,False,0.0,0.0,0.0,1.0000000000000018,"L001,L004,L014,L018,L030,L044,L045,L046,L060,L065,L102,L104,L109,L110,L111,L113,L115,L128,L134,L140,L150,L153,L154,L155,L156,L158,L160,L169,L170,L178,L179,L182",32,38.13424742931672,38.13424742931672,29,"L001,L014,L018,L030,L044,L045,L046,L060,L065,L102,L104,L109,L110,L111,L113,L115,L128,L134,L140,L150,L153,L154,L155,L156,L158,L160,L178,L179,L182",30,True,non_critical,
1,20260708,L024->L082,L024,L082,True,False,0.0,0.0,0.0,1.0000000000000675,"L024,L082",2,1.0268168540664033,1.0268168540664033,0,,0,False,non_critical,
1,20260708,L012->L163,L012,L163,True,False,0.0,0.0,0.0,1.0000000000000762,"L012,L018,L163",3,1.1484626973238377,1.1484626973238377,0,,1,False,non_critical,
1,20260708,L185->L073,L185,L073,True,False,0.0,0.0,0.0,1.0000000000000004,"L018,L044,L045,L046,L060,L073,L102,L109,L110,L111,L113,L115,L128,L134,L140,L150,L153,L154,L155,L156,L158,L160,L169,L178,L179,L182,L185,L186",28,1.1618863659418854,1.1618863659418854,0,,26,False,non_critical,
1,20260708,L145->L095,L145,L095,True,False,0.0,0.0,0.0,1.000000000000023,"L095,L102,L128,L145,L155,L156",6,1.914816663378587,1.914816663378587,1,L102,4,True,non_critical,
1,20260708,L083->L147,L083,L147,True,True,139.02370200842836,139.02370200842836,0.0,1.0000000000000049,"L018,L044,L045,L046,L060,L083,L102,L109,L110,L111,L113,L115,L128,L129,L134,L140,L147,L148,L149,L150,L153,L154,L155,L156,L157,L158,L160,L169,L178,L179,L182",31,10.710492999454335,10.710492999454335,29,"L018,L044,L045,L046,L060,L102,L109,L110,L111,L113,L115,L128,L129,L134,L140,L148,L149,L150,L153,L154,L155,L156,L157,L158,L160,L169,L178,L179,L182",29,True,relay_cascade,
1,20260708,L167->L091,L167,L091,True,False,0.0,0.0,0.0,1.000000000000023,"L091,L167,L169",3,1.1416521998446794,1.1416521998446794,0,,1,False,non_critical,
1,20260708,L115->L165,L115,L165,True,False,0.0,0.0,0.0,1.000000000000023,"L115,L165",2,1.079147279296233,1.079147279296233,0,,0,False,non_critical,
1,20260708,L058->L071,L058,L071,True,True,70.56694602954056,70.56694602954056,0.0,1.0000000000000002,"L018,L044,L045,L046,L058,L060,L065,L071,L073,L074,L082,L102,L104,L109,L110,L111,L113,L115,L128,L134,L140,L149,L150,L153,L154,L155,L156,L158,L160,L169,L178,L179,L182",33,37.616060844341916,37.616060844341916,31,"L018,L044,L045,L046,L060,L065,L073,L074,L082,L102,L104,L109,L110,L111,L113,L115,L128,L134,L140,L149,L150,L153,L154,L155,L156,L158,L160,L169,L178,L179,L182",31,True,relay_cascade,
1,20260708,L050->L016,L050,L016,True,True,31.514792047850804,31.514792047850804,0.0,1.000000000000005,"L016,L018,L044,L045,L046,L050,L059,L060,L061,L065,L102,L104,L109,L110,L111,L113,L115,L128,L134,L140,L150,L153,L154,L155,L156,L158,L160,L169,L178,L179,L182",31,1.1991419990759038,1.1991419990759038,0,,29,False,island_only,
1,20260708,L136->L109,L136,L109,True,False,0.0,0.0,0.0,1.0000000000000078,"L109,L111,L115,L128,L136,L155",6,1.8621558476657605,1.8621558476657605,2,"L111,L115",4,True,non_critical,
1,20260708,L026->L004,L026,L004,True,False,0.0,0.0,0.0,1.0000000000000122,"L001,L004,L014,L015,L018,L026,L030,L044,L045,L046,L060,L065,L102,L104,L109,L110,L111,L113,L115,L128,L134,L140,L150,L153,L154,L155,L156,L158,L160,L169,L178,L179,L182",33,38.13448678352791,38.13448678352791,31,"L001,L014,L015,L018,L030,L044,L045,L046,L060,L065,L102,L104,L109,L110,L111,L113,L115,L128,L134,L140,L150,L153,L154,L155,L156,L158,L160,L169,L178,L179,L182",31,True,non_critical,
1,20260708,L145->L111,L145,L111,True,False,0.0,0.0,0.0,1.0000000000000675,"L111,L115,L128,L145,L155,L156",6,1.2775156067336746,1.2775156067336746,1,L115,4,True,non_critical,
1,20260708,L040->L152,L040,L152,True,True,31.05817161312981,31.05817161312981,0.0,1.000000000000001,"L018,L040,L044,L045,L046,L060,L102,L109,L110,L111,L113,L115,L128,L134,L140,L150,L152,L153,L154,L155,L156,L158,L160,L169,L178,L179,L182",27,10.871389810995455,10.871389810995455,24,"L018,L044,L045,L046,L060,L102,L109,L110,L111,L113,L115,L128,L134,L140,L150,L153,L154,L155,L156,L158,L160,L169,L178,L179",25,True,relay_cascade,
1,20260708,L141->L003,L141,L003,True,False,0.0,0.0,0.0,1.0000000000000064,"L003,L128,L140,L141,L156",5,1.1373695410230693,1.1373695410230693,0,,3,False,non_critical,
1,20260708,L070->L022,L070,L022,True,True,3.3739824539708634,0.0,3.3739824539708634,1.0000000000000004,"L022,L070,L077,L078,L082,L102",6,1.1513260036121742,1.1513260036121742,0,,4,False,island_only,
1,20260708,L132->L154,L132,L154,True,False,0.0,0.0,0.0,1.000000000000023,"L128,L132,L154,L155,L156",5,8.003094124900315,8.003094124900315,2,"L155,L156",3,True,non_critical,
1,20260708,L123->L100,L123,L100,True,False,0.0,0.0,0.0,1.000000000000023,"L100,L102,L123,L128,L155",5,1.7435800716779084,1.7435800716779084,1,L102,3,True,non_critical,
1,20260708,L020->L079,L020,L079,True,False,0.0,0.0,0.0,1.000000000000023,"L020,L077,L078,L079",4,2.808328361853311,2.808328361853311,2,"L077,L078",2,True,non_critical,
1,20260708,L114->L178,L114,L178,True,False,0.0,0.0,0.0,1.0000000000000062,"L114,L115,L178",3,1.0533187193284297,1.0533187193284297,0,,1,False,non_critical,
1,20260708,L102->L040,L102,L040,True,False,0.0,0.0,0.0,1.0000000000000113,"L040,L102,L182",3,3.9122433263726775,3.9122433263726775,1,L182,1,True,non_critical,
1,20260708,L028->L168,L028,L168,True,False,0.0,0.0,0.0,1.000000000000023,"L018,L028,L045,L168,L178",5,1.000000000000023,1.000000000000023,0,,3,False,non_critical,
1,20260708,L154->L084,L154,L084,True,False,0.0,0.0,0.0,1.0000000000000009,"L084,L128,L154,L155",4,1.0060855097265964,1.0060855097265964,0,,2,False,non_critical,
1,20260708,L062->L132,L062,L132,True,False,0.0,0.0,0.0,1.000000000000023,"L060,L062,L128,L132,L155",5,2.73261585997062,2.73261585997062,2,"L128,L155",3,True,non_critical,
1,20260708,L124->L147,L124,L147,True,True,139.02370200842836,139.02370200842836,0.0,1.0,"L018,L044,L045,L046,L060,L102,L109,L110,L111,L113,L115,L124,L128,L129,L134,L140,L147,L148,L149,L150,L153,L154,L155,L156,L157,L158,L160,L169,L178,L179,L182",31,10.844072255317087,10.844072255317087,28,"L018,L044,L045,L046,L060,L102,L109,L110,L111,L113,L115,L129,L134,L140,L148,L149,L150,L153,L154,L155,L156,L157,L158,L160,L169,L178,L179,L182",29,True,relay_cascade,
1,20260708,L169->L107,L169,L107,True,True,81.35922639729833,81.35922639729833,0.0,1.0000000000000024,"L018,L030,L044,L045,L046,L060,L065,L102,L104,L107,L109,L110,L111,L113,L115,L126,L127,L128,L134,L140,L149,L150,L153,L154,L155,L156,L158,L160,L169,L178,L179,L182",32,38.07079290957117,38.07079290957117,30,"L018,L030,L044,L045,L046,L060,L065,L102,L104,L109,L110,L111,L113,L115,L126,L127,L128,L134,L140,L149,L150,L153,L154,L155,L156,L158,L160,L178,L179,L182",30,True,relay_cascade,
1,20260708,L073->L145,L073,L145,True,False,0.0,0.0,0.0,1.0000000000000024,"L073,L128,L145,L155,L156,L158",6,7.733148929546955,7.733148929546955,4,"L128,L155,L156,L158",4,True,non_critical,
1,20260708,L056->L083,L056,L083,True,False,0.0,0.0,0.0,1.0000000000000022,"L056,L083",2,1.0113716867520297,1.0113716867520297,0,,0,False,non_critical,
1,20260708,L099->L111,L099,L111,True,False,0.0,0.0,0.0,1.0000000000000113,"L099,L102,L111,L115",4,1.2775427843703946,1.2775427843703946,1,L115,2,True,non_critical,
1,20260708,L102->L174,L102,L174,True,False,0.0,0.0,0.0,1.000000000000008,"L102,L174",2,1.0000000000001137,1.0000000000001137,0,,0,False,non_critical,
1,20260708,L026->L109,L026,L109,True,False,0.0,0.0,0.0,1.0000000000000004,"L018,L026,L044,L045,L046,L060,L065,L102,L104,L109,L110,L111,L113,L115,L128,L134,L140,L150,L153,L154,L155,L156,L158,L160,L169,L178,L179,L182",28,38.53959648464427,38.53959648464427,26,"L018,L044,L045,L046,L060,L065,L102,L104,L110,L111,L113,L115,L128,L134,L140,L150,L153,L154,L155,L156,L158,L160,L169,L178,L179,L182",26,True,non_critical,
1,20260708,L182->L151,L182,L151,True,False,0.0,0.0,0.0,1.0000000000000082,"L128,L151,L155,L182",4,5.696897773939525,5.696897773939525,2,"L128,L155",2,True,non_critical,
1,20260708,L020->L105,L020,L105,True,False,0.0,0.0,0.0,1.0000000000000016,"L018,L020,L030,L044,L045,L046,L060,L065,L102,L104,L105,L109,L111,L112,L113,L115,L128,L134,L140,L150,L153,L154,L155,L156,L157,L158,L160,L169,L178,L179,L182",31,38.84214619184268,38.84214619184268,29,"L018,L030,L044,L045,L046,L060,L065,L102,L104,L109,L111,L112,L113,L115,L128,L134,L140,L150,L153,L154,L155,L156,L157,L158,L160,L169,L178,L179,L182",29,True,non_critical,
1,20260708,L116->L071,L116,L071,True,True,70.56694602954056,70.56694602954056,0.0,1.0000000000000009,"L018,L044,L045,L046,L060,L071,L073,L074,L082,L102,L109,L110,L111,L113,L114,L115,L116,L120,L128,L134,L140,L149,L150,L153,L154,L155,L156,L158,L159,L160,L169,L178,L179,L182,L186",35,1.892873893123062,1.892873893123062,3,"L073,L074,L082",33,True,relay_cascade,
1,20260708,L179->L147,L179,L147,True,True,139.02370200842836,139.02370200842836,0.0,1.0,"L018,L044,L045,L046,L060,L102,L109,L110,L111,L113,L115,L128,L129,L134,L140,L147,L148,L149,L150,L153,L154,L155,L156,L157,L158,L160,L169,L178,L179,L182",30,10.790210968257055,10.790210968257055,28,"L018,L044,L045,L046,L060,L102,L109,L110,L111,L113,L115,L128,L129,L134,L140,L148,L149,L150,L153,L154,L155,L156,L157,L158,L160,L169,L178,L182",28,True,relay_cascade,
1,20260708,L162->L001,L162,L001,True,False,0.0,0.0,0.0,1.000000000000023,"L001,L128,L155,L162",4,1.024325928040298,1.024325928040298,0,,2,False,non_critical,
1,20260708,L046->L132,L046,L132,True,False,0.0,0.0,0.0,1.0000000000000049,"L046,L128,L132",3,5.372009287867759,5.372009287867759,1,L128,1,True,non_critical,
1,20260708,L043->L105,L043,L105,True,False,0.0,0.0,0.0,1.000000000000005,"L018,L030,L043,L044,L045,L046,L060,L065,L102,L104,L105,L109,L110,L111,L113,L115,L128,L134,L140,L150,L153,L154,L155,L156,L157,L158,L160,L169,L178,L179,L182",31,38.438438177019904,38.438438177019904,28,"L018,L030,L044,L045,L046,L060,L065,L102,L104,L109,L110,L111,L113,L115,L128,L134,L140,L150,L153,L154,L155,L156,L157,L158,L160,L169,L178,L179",29,True,non_critical,
1,20260708,L161->L157,L161,L157,True,False,0.0,0.0,0.0,1.0000000000000058,"L128,L155,L157,L161",4,1.0256768451624687,1.0256768451624687,0,,2,False,non_critical,
1,20260708,L047->L013,L047,L013,True,False,0.0,0.0,0.0,1.0,"L013,L018,L044,L045,L046,L047,L056,L057,L060,L065,L077,L078,L082,L095,L102,L104,L109,L110,L111,L113,L115,L128,L134,L140,L150,L153,L154,L155,L156,L158,L160,L169,L178,L179,L182",35,1.0909231047626002,1.0909231047626002,0,,33,False,non_critical,
1,20260708,L053->L083,L053,L083,True,False,0.0,0.0,0.0,1.0000000000000042,"L053,L083",2,1.000620875926265,1.000620875926265,0,,0,False,non_critical,
1,20260708,L116->L016,L116,L016,True,True,31.514792047850804,31.514792047850804,0.0,1.0000000000000004,"L016,L018,L044,L045,L046,L060,L102,L109,L110,L111,L113,L114,L115,L116,L120,L128,L134,L140,L149,L150,L153,L154,L155,L156,L158,L159,L160,L169,L178,L179,L182,L186",32,0.9610740669093655,0.9610740669093655,0,,30,False,island_only,
1,20260708,L160->L106,L160,L106,True,False,0.0,0.0,0.0,1.000000000000001,"L018,L030,L044,L045,L046,L060,L062,L063,L064,L065,L102,L104,L106,L109,L110,L111,L113,L115,L128,L134,L140,L153,L154,L155,L156,L158,L159,L160,L169,L178,L179,L182",32,5.235200285307444,5.235200285307444,28,"L018,L030,L044,L045,L046,L060,L062,L063,L064,L065,L102,L104,L109,L110,L111,L113,L115,L134,L140,L153,L154,L156,L158,L159,L169,L178,L179,L182",30,True,non_critical,
1,20260708,L163->L176,L163,L176,True,False,0.0,0.0,0.0,1.0,"L018,L044,L045,L046,L060,L102,L109,L110,L111,L113,L115,L128,L134,L140,L155,L156,L158,L163,L169,L176,L178,L179,L182",23,28.517648110551566,28.517648110551566,20,"L018,L044,L045,L046,L060,L102,L109,L110,L111,L113,L115,L128,L134,L140,L155,L156,L158,L178,L179,L182",21,True,non_critical,
1,20260708,L043->L123,L043,L123,True,False,0.0,0.0,0.0,1.0000000000000382,"L043,L123,L182",3,1.058102412707266,1.058102412707266,0,,1,False,non_critical,
1,20260708,L036->L040,L036,L040,True,False,0.0,0.0,0.0,1.0000000000000009,"L018,L019,L020,L025,L036,L039,L040,L044,L045,L046,L048,L054,L060,L102,L104,L109,L110,L111,L113,L115,L128,L134,L140,L149,L150,L153,L154,L155,L156,L158,L160,L169,L178,L179,L182",35,0.9610740669093655,0.9610740669093655,0,,33,False,non_critical,
1,20260708,L038->L178,L038,L178,True,False,0.0,0.0,0.0,1.000000000000001,"L018,L019,L025,L030,L035,L038,L039,L040,L042,L045,L046,L060,L102,L109,L110,L111,L113,L115,L128,L134,L140,L150,L153,L154,L155,L156,L157,L158,L159,L160,L169,L178,L179,L182",34,0.9519955547200981,0.9519955547200981,0,,32,False,non_critical,
1,20260708,L181->L091,L181,L091,True,False,0.0,0.0,0.0,1.0000000000000002,"L018,L030,L044,L045,L046,L060,L065,L091,L102,L104,L109,L110,L111,L113,L115,L128,L134,L140,L150,L153,L154,L155,L156,L158,L160,L169,L178,L179,L180,L181,L182",31,1.1248112062896998,1.1248112062896998,0,,29,False,non_critical,
1,20260708,L099->L071,L099,L071,True,True,70.56694602954056,70.56694602954056,0.0,1.0,"L018,L044,L045,L046,L060,L065,L071,L073,L074,L082,L099,L102,L104,L109,L110,L111,L113,L115,L128,L134,L140,L149,L150,L153,L154,L155,L156,L158,L160,L169,L178,L179,L182",33,37.62870785283948,37.62870785283948,30,"L018,L044,L045,L046,L060,L065,L073,L074,L082,L104,L109,L110,L111,L113,L115,L128,L134,L140,L149,L150,L153,L154,L155,L156,L158,L160,L169,L178,L179,L182",31,True,relay_cascade,
1,20260708,L013->L157,L013,L157,True,False,0.0,0.0,0.0,1.0000000000000047,"L013,L155,L157",3,1.269060538347115,1.269060538347115,1,L155,1,True,non_critical,
1,20260708,L032->L073,L032,L073,True,False,0.0,0.0,0.0,1.0000000000000002,"L018,L032,L044,L045,L046,L060,L065,L073,L102,L104,L109,L110,L111,L113,L115,L128,L134,L140,L150,L153,L154,L155,L156,L158,L160,L169,L178,L179,L182",29,1.1331026263812767,1.1331026263812767,0,,27,False,non_critical,
1,20260708,L066->L151,L066,L151,True,False,0.0,0.0,0.0,1.0000000000000029,"L066,L128,L151,L155",4,6.100602117815287,6.100602117815287,2,"L128,L155",2,True,non_critical,
1,20260708,L104->L069,L104,L069,True,False,0.0,0.0,0.0,1.0000000000000064,"L045,L060,L065,L069,L104,L115,L178",7,1.8437650169342437,1.8437650169342437,5,"L045,L060,L065,L115,L178",5,True,non_critical,
1,20260708,L111->L118,L111,L118,True,False,0.0,0.0,0.0,1.0000000000000004,"L018,L044,L045,L046,L060,L065,L102,L104,L109,L110,L111,L113,L115,L118,L128,L134,L140,L150,L153,L154,L155,L156,L158,L160,L169,L178,L179,L182,L186",29,37.780153182667284,37.780153182667284,27,"L018,L044,L045,L046,L060,L065,L102,L104,L109,L110,L113,L115,L128,L134,L140,L150,L153,L154,L155,L156,L158,L160,L169,L178,L179,L182,L186",27,True,non_critical,
1,20260708,L088->L003,L088,L003,True,False,0.0,0.0,0.0,1.0000000000000027,"L003,L018,L088",3,1.738739795636173,1.738739795636173,1,L018,1,True,non_critical,
1,20260708,L073->L119,L073,L119,True,False,0.0,0.0,0.0,1.0000000000000002,"L018,L044,L045,L046,L060,L073,L102,L104,L109,L110,L111,L113,L114,L115,L119,L120,L126,L127,L128,L134,L140,L150,L153,L154,L155,L156,L158,L160,L169,L178,L179,L182,L186",33,38.07079290957117,38.07079290957117,31,"L018,L044,L045,L046,L060,L102,L104,L109,L110,L111,L113,L114,L115,L120,L126,L127,L128,L134,L140,L150,L153,L154,L155,L156,L158,L160,L169,L178,L179,L182,L186",31,True,non_critical,
1,20260708,L180->L087,L180,L087,True,False,0.0,0.0,0.0,1.0000000000000004,"L018,L044,L045,L046,L060,L065,L087,L102,L104,L109,L110,L111,L113,L115,L128,L134,L140,L150,L153,L154,L155,L156,L158,L160,L169,L178,L179,L180,L182",29,1.1696706245176547,1.1696706245176547,0,,27,False,non_critical,
1,20260708,L087->L176,L087,L176,True,False,0.0,0.0,0.0,1.0000000000000002,"L018,L044,L045,L046,L060,L087,L102,L109,L110,L111,L113,L115,L128,L134,L140,L155,L156,L158,L169,L176,L178,L179,L182",23,28.520490203111407,28.520490203111407,21,"L018,L044,L045,L046,L060,L102,L109,L110,L111,L113,L115,L128,L134,L140,L155,L156,L158,L169,L178,L179,L182",21,True,non_critical,
1,20260708,L186->L154,L186,L154,True,False,0.0,0.0,0.0,1.000000000000023,"L128,L154,L155,L186",4,9.152874356102778,9.152874356102778,2,"L128,L155",2,True,non_critical,
1,20260708,L099->L004,L099,L004,True,False,0.0,0.0,0.0,1.0000000000000016,"L001,L004,L014,L015,L018,L044,L045,L046,L054,L060,L099,L102,L104,L109,L110,L111,L113,L115,L128,L134,L140,L150,L153,L154,L155,L156,L158,L160,L169,L178,L179,L182",32,38.17899447604843,38.17899447604843,29,"L001,L014,L015,L018,L044,L045,L046,L054,L060,L104,L109,L110,L111,L113,L115,L128,L134,L140,L150,L153,L154,L155,L156,L158,L160,L169,L178,L179,L182",30,True,non_critical,
1,20260708,L071->L032,L071,L032,True,False,0.0,0.0,0.0,1.000000000000005,"L018,L032,L044,L045,L046,L060,L065,L071,L073,L074,L082,L102,L104,L109,L110,L111,L113,L115,L128,L134,L140,L149,L150,L153,L154,L155,L156,L158,L159,L160,L169,L178,L179,L182",34,0.9638676581548431,0.9638676581548431,0,,32,False,non_critical,
1,20260708,L109->L142,L109,L142,True,False,0.0,0.0,0.0,1.000000000000023,"L109,L142",2,1.1090020649018264,1.1090020649018264,0,,0,False,non_critical,
1,20260708,L042->L069,L042,L069,True,False,0.0,0.0,0.0,1.000000000000003,"L042,L069,L182",3,1.1797967133140734,1.1797967133140734,0,,1,False,non_critical,
1,20260708,L148->L084,L148,L084,True,False,0.0,0.0,0.0,1.0000000000000022,"L084,L128,L148,L155",4,1.0185047877246156,1.0185047877246156,0,,2,False,non_critical,
1,20260708,L105->L125,L105,L125,True,False,0.0,0.0,0.0,1.000000000000023,"L060,L064,L065,L102,L105,L115,L125,L128",8,5.050518997963549,5.050518997963549,2,"L115,L128",6,True,non_critical,
1,20260708,L049->L160,L049,L160,True,False,0.0,0.0,0.0,1.0000000000000009,"L018,L044,L045,L046,L049,L060,L065,L102,L104,L109,L110,L111,L113,L115,L128,L134,L140,L150,L153,L154,L155,L156,L158,L160,L169,L178,L179,L182",28,1.139869879092082,1.139869879092082,0,,26,False,non_critical,
1,20260708,L134->L152,L134,L152,True,True,31.05817161312981,31.05817161312981,0.0,1.0000000000000004,"L018,L044,L045,L046,L060,L065,L102,L104,L109,L110,L111,L113,L115,L128,L134,L140,L150,L152,L153,L154,L155,L156,L158,L160,L169,L178,L179,L182",28,1.0900802188089151,1.0900802188089151,0,,26,False,island_only,
1,20260708,L162->L007,L162,L007,True,False,0.0,0.0,0.0,1.0000000000000002,"L007,L018,L019,L030,L045,L046,L060,L065,L102,L104,L109,L111,L112,L113,L115,L128,L134,L140,L150,L153,L154,L155,L156,L157,L158,L159,L162,L169,L178,L179,L182",31,13.352791456095597,13.352791456095597,27,"L018,L019,L030,L045,L046,L060,L065,L102,L104,L109,L111,L112,L113,L115,L134,L140,L150,L153,L154,L156,L157,L158,L159,L169,L178,L179,L182",29,True,non_critical,
1,20260708,L171->L184,L171,L184,True,True,21.648461416338748,21.648461416338748,0.0,1.0000000000000009,"L018,L044,L045,L046,L060,L065,L102,L104,L109,L110,L111,L113,L115,L128,L134,L140,L150,L153,L154,L155,L156,L158,L160,L169,L171,L178,L179,L182,L184",29,38.58547102122941,38.58547102122941,27,"L018,L044,L045,L046,L060,L065,L102,L104,L109,L110,L111,L113,L115,L128,L134,L140,L150,L153,L154,L155,L156,L158,L160,L169,L178,L179,L182",27,True,relay_cascade,
1,20260708,L046->L004,L046,L004,True,False,0.0,0.0,0.0,1.0000000000000007,"L001,L004,L014,L015,L018,L030,L044,L045,L046,L060,L065,L102,L104,L109,L110,L111,L113,L115,L128,L134,L140,L150,L153,L154,L155,L156,L158,L160,L169,L178,L179,L182",32,38.13434755021965,38.13434755021965,30,"L001,L014,L015,L018,L030,L044,L045,L060,L065,L102,L104,L109,L110,L111,L113,L115,L128,L134,L140,L150,L153,L154,L155,L156,L158,L160,L169,L178,L179,L182",30,True,non_critical,
1,20260708,L041->L036,L041,L036,True,True,41.04569367595296,41.04569367595296,0.0,1.0000000000000004,"L018,L019,L020,L025,L034,L035,L036,L039,L040,L041,L043,L044,L045,L046,L054,L056,L057,L060,L065,L102,L104,L109,L110,L111,L113,L115,L128,L134,L140,L149,L150,L153,L154,L155,L156,L157,L158,L160,L169,L178,L179,L182",42,4.6357258621844055,4.6357258621844055,13,"L019,L020,L025,L034,L035,L039,L040,L043,L054,L056,L057,L149,L157",40,True,relay_cascade,
1,20260708,L017->L007,L017,L007,True,False,0.0,0.0,0.0,1.0000000000000002,"L007,L017,L018,L019,L044,L045,L046,L060,L065,L102,L104,L109,L110,L111,L113,L115,L128,L134,L140,L150,L153,L154,L155,L156,L158,L160,L169,L178,L179,L182",30,1.1025562712964232,1.1025562712964232,0,,28,False,non_critical,
1,20260708,L088->L023,L088,L023,True,False,0.0,0.0,0.0,1.000000000000023,"L023,L088",2,1.071711231749584,1.071711231749584,0,,0,False,non_critical,
1,20260708,L073->L162,L073,L162,True,False,0.0,0.0,0.0,1.0000000000000675,"L073,L128,L155,L162",4,11.506072022061652,11.506072022061652,2,"L128,L155",2,True,non_critical,
1,20260708,L089->L060,L089,L060,True,False,0.0,0.0,0.0,1.0000000000000016,"L060,L089",2,1.1032195207707174,1.1032195207707174,0,,0,False,non_critical,
1,20260708,L162->L031,L162,L031,True,True,23.91687820767109,23.91687820767109,0.0,1.0,"L018,L019,L025,L030,L031,L035,L039,L040,L043,L044,L045,L046,L054,L060,L102,L104,L109,L110,L111,L113,L115,L128,L134,L140,L153,L154,L155,L156,L158,L162,L169,L178,L179,L182",34,15.647504438868998,15.647504438868998,30,"L018,L019,L025,L030,L035,L039,L040,L043,L044,L045,L046,L054,L060,L102,L104,L109,L110,L111,L113,L115,L134,L140,L153,L154,L156,L158,L169,L178,L179,L182",32,True,relay_cascade,
1,20260708,L136->L099,L136,L099,True,False,0.0,0.0,0.0,1.000000000000001,"L060,L065,L099,L102,L128,L136,L155",7,4.280403470018422,4.280403470018422,3,"L060,L065,L102",5,True,non_critical,
1,20260708,L136->L002,L136,L002,True,False,0.0,0.0,0.0,1.0000000000000002,"L001,L002,L018,L044,L045,L046,L060,L065,L102,L104,L109,L110,L111,L113,L115,L128,L134,L136,L140,L150,L153,L154,L155,L156,L158,L160,L169,L178,L179,L182",30,11.516591080995934,11.516591080995934,26,"L001,L018,L044,L045,L046,L060,L065,L102,L104,L109,L110,L111,L113,L115,L134,L140,L150,L153,L154,L156,L158,L160,L169,L178,L179,L182",28,True,non_critical,
1,20260708,L129->L101,L129,L101,True,False,0.0,0.0,0.0,1.0000000000000004,"L018,L044,L045,L046,L060,L101,L102,L109,L110,L111,L113,L115,L128,L129,L134,L140,L149,L150,L153,L155,L156,L157,L158,L159,L160,L169,L178,L179,L182",29,1.089614197539518,1.089614197539518,0,,27,False,non_critical,
1,20260708,L039->L133,L039,L133,True,True,20.77635989697293,20.77635989697293,0.0,1.0,"L018,L030,L039,L044,L045,L046,L060,L102,L109,L110,L111,L113,L115,L128,L133,L134,L140,L150,L153,L154,L155,L156,L157,L158,L160,L169,L178,L179,L182",29,40.34632861574335,40.34632861574335,26,"L018,L030,L044,L045,L046,L060,L102,L109,L110,L111,L113,L115,L128,L134,L140,L150,L153,L154,L155,L156,L157,L158,L160,L169,L179,L182",27,True,relay_cascade,
1,20260708,L080->L037,L080,L037,True,False,0.0,0.0,0.0,1.0000000000000002,"L015,L018,L019,L020,L037,L044,L045,L046,L060,L080,L102,L109,L110,L111,L113,L115,L128,L134,L140,L150,L153,L154,L155,L156,L157,L158,L160,L169,L178,L179,L182",31,40.10956365762201,40.10956365762201,29,"L015,L018,L019,L020,L044,L045,L046,L060,L102,L109,L110,L111,L113,L115,L128,L134,L140,L150,L153,L154,L155,L156,L157,L158,L160,L169,L178,L179,L182",29,True,non_critical,
1,20260708,L090->L118,L090,L118,True,False,0.0,0.0,0.0,1.0000000000000018,"L090,L091,L118",3,1.0191159400008418,1.0191159400008418,0,,1,False,non_critical,
1,20260708,L045->L181,L045,L181,True,True,28.04448492287076,28.04448492287076,0.0,1.0000000000000024,"L018,L019,L030,L044,L045,L046,L054,L060,L102,L109,L110,L111,L113,L115,L128,L134,L140,L150,L153,L154,L155,L156,L157,L158,L160,L169,L178,L179,L180,L181,L182",31,38.44076663723497,38.44076663723497,29,"L018,L019,L030,L044,L046,L054,L060,L102,L109,L110,L111,L113,L115,L128,L134,L140,L150,L153,L154,L155,L156,L157,L158,L160,L169,L178,L179,L180,L182",29,True,relay_cascade,
1,20260708,L100->L166,L100,L166,True,False,0.0,0.0,0.0,1.0000000000000113,"L100,L102,L166",3,1.0000000000013027,1.0000000000013027,0,,1,False,non_critical,
1,20260708,L169->L139,L169,L139,True,False,0.0,0.0,0.0,1.000000000000023,"L128,L139,L140,L169",4,3.120859627161118,3.120859627161118,2,"L128,L140",2,True,non_critical,
1,20260708,L039->L153,L039,L153,True,False,0.0,0.0,0.0,1.0000000000000062,"L039,L128,L153,L155,L156,L158,L178",7,3.881190217612718,3.881190217612718,4,"L128,L155,L156,L158",5,True,non_critical,
1,20260708,L081->L024,L081,L024,True,False,0.0,0.0,0.0,1.0000000000000675,"L018,L024,L081,L178",4,2.1428418281334944,2.1428418281334944,2,"L018,L178",2,True,non_critical,
1,20260708,L063->L168,L063,L168,True,False,0.0,0.0,0.0,1.0000000000000018,"L063,L168",2,1.0000000000000675,1.0000000000000675,0,,0,False,non_critical,
1,20260708,L138->L097,L138,L097,True,False,0.0,0.0,0.0,1.0000000000000049,"L097,L138,L140",3,1.035959329293017,1.035959329293017,0,,1,False,non_critical,
1,20260708,L068->L001,L068,L001,True,False,0.0,0.0,0.0,1.0000000000000027,"L001,L060,L064,L065,L068,L102,L128",7,1.0202217479886488,1.0202217479886488,0,,5,False,non_critical,
1,20260708,L140->L149,L140,L149,True,False,0.0,0.0,0.0,1.000000000000006,"L128,L140,L149,L155",4,12.447203095132517,12.447203095132517,2,"L128,L155",2,True,non_critical,
1,20260708,L140->L116,L140,L116,True,False,0.0,0.0,0.0,1.0000000000000002,"L018,L044,L045,L046,L060,L065,L102,L104,L109,L110,L111,L113,L114,L115,L116,L119,L126,L127,L128,L134,L140,L149,L150,L153,L154,L155,L156,L158,L160,L169,L178,L179,L182,L186",34,38.27101104479123,38.27101104479123,32,"L018,L044,L045,L046,L060,L065,L102,L104,L109,L110,L111,L113,L114,L115,L119,L126,L127,L128,L134,L149,L150,L153,L154,L155,L156,L158,L160,L169,L178,L179,L182,L186",32,True,non_critical,
1,20260708,L183->L006,L183,L006,True,False,0.0,0.0,0.0,1.0000000000000004,"L006,L018,L019,L044,L045,L046,L060,L065,L102,L104,L109,L110,L111,L113,L115,L128,L134,L140,L149,L150,L153,L154,L155,L156,L158,L159,L160,L169,L178,L179,L182,L183",32,1.3391753326134577,1.3391753326134577,1,L019,30,True,non_critical,
1,20260708,L027->L037,L027,L037,True,False,0.0,0.0,0.0,1.0000000000000004,"L012,L015,L018,L019,L020,L027,L037,L045,L046,L060,L102,L109,L110,L111,L113,L115,L128,L134,L140,L150,L153,L154,L155,L156,L157,L158,L159,L160,L169,L178,L179,L182",32,40.11977078502088,40.11977078502088,30,"L012,L015,L018,L019,L020,L045,L046,L060,L102,L109,L110,L111,L113,L115,L128,L134,L140,L150,L153,L154,L155,L156,L157,L158,L159,L160,L169,L178,L179,L182",30,True,non_critical,
1,20260708,L161->L023,L161,L023,True,False,0.0,0.0,0.0,1.0000000000000069,"L018,L023,L128,L155,L161",5,1.9811197515222925,1.9811197515222925,1,L018,3,True,non_critical,
1,20260708,L100->L120,L100,L120,True,False,0.0,0.0,0.0,1.000000000000023,"L100,L102,L120",3,1.0729904388471345,1.0729904388471345,0,,1,False,non_critical,
1,20260708,L002->L074,L002,L074,True,False,0.0,0.0,0.0,1.0000000000000004,"L001,L002,L018,L044,L045,L046,L060,L065,L074,L082,L102,L104,L109,L110,L111,L113,L115,L128,L134,L140,L150,L153,L154,L155,L156,L158,L160,L169,L178,L179,L182",31,1.2288644587881108,1.2288644587881108,1,L082,29,True,non_critical,
1,20260708,L084->L061,L084,L061,True,True,33.88157185629734,33.88157185629734,0.0,1.0000000000000244,"L018,L044,L045,L046,L060,L061,L065,L084,L102,L104,L109,L110,L111,L113,L115,L128,L134,L140,L150,L153,L154,L155,L156,L158,L160,L169,L178,L179,L182",29,38.36529473091627,38.36529473091627,27,"L018,L044,L045,L046,L060,L065,L102,L104,L109,L110,L111,L113,L115,L128,L134,L140,L150,L153,L154,L155,L156,L158,L160,L169,L178,L179,L182",27,True,relay_cascade,
1,20260708,L029->L017,L029,L017,True,True,14.684099265673353,14.684099265673353,0.0,1.0000000000000029,"L017,L018,L019,L025,L029,L044,L045,L046,L054,L060,L102,L104,L109,L110,L111,L113,L115,L128,L134,L140,L150,L153,L154,L155,L156,L158,L160,L169,L178,L179,L182",31,0.9722669964170749,0.9722669964170749,0,,29,False,island_only,
1,20260708,L113->L089,L113,L089,True,False,0.0,0.0,0.0,1.0000000000000004,"L018,L044,L045,L046,L060,L065,L089,L102,L104,L109,L111,L112,L113,L115,L128,L134,L140,L150,L153,L154,L155,L156,L158,L160,L169,L178,L179,L182",28,1.1438559953713174,1.1438559953713174,0,,26,False,non_critical,
1,20260708,L152->L154,L152,L154,True,False,0.0,0.0,0.0,1.0,"L018,L044,L045,L046,L060,L102,L109,L110,L111,L113,L115,L128,L134,L140,L149,L150,L152,L153,L154,L155,L156,L158,L160,L169,L178,L179,L182",27,0.9961115970169644,0.9961115970169644,0,,25,False,non_critical,
1,20260708,L151->L073,L151,L073,True,False,0.0,0.0,0.0,1.0000000000000058,"L073,L128,L151,L155",4,1.0561109419946777,1.0561109419946777,0,,2,False,non_critical,
1,20260708,L163->L141,L163,L141,True,True,76.89217663353676,76.89217663353676,0.0,1.0000000000000022,"L018,L030,L044,L045,L046,L060,L102,L109,L110,L111,L113,L115,L128,L134,L140,L141,L142,L143,L149,L150,L153,L154,L155,L156,L158,L160,L163,L169,L178,L179,L182",31,12.773877792081436,12.773877792081436,28,"L018,L030,L044,L045,L046,L060,L102,L109,L110,L111,L113,L115,L128,L134,L140,L142,L143,L149,L150,L153,L154,L155,L156,L158,L160,L178,L179,L182",29,True,relay_cascade,
1,20260708,L019->L103,L019,L103,True,False,0.0,0.0,0.0,1.0000000000000058,"L019,L102,L103,L128",4,2.241312706608401,2.241312706608401,2,"L102,L128",2,True,non_critical,
1,20260708,L094->L076,L094,L076,True,False,0.0,0.0,0.0,1.0000000000000004,"L018,L019,L030,L045,L046,L056,L057,L060,L062,L063,L064,L065,L076,L077,L078,L082,L091,L094,L095,L102,L104,L105,L106,L109,L110,L111,L112,L113,L115,L128,L134,L140,L149,L150,L153,L154,L155,L156,L158,L159,L160,L169,L178,L179,L182",45,0.9610740669093655,0.9610740669093655,0,,43,False,non_critical,
1,20260708,L081->L060,L081,L060,True,False,0.0,0.0,0.0,1.0000000000000226,"L060,L081",2,1.1031220798863657,1.1031220798863657,0,,0,False,non_critical,
1,20260708,L099->L022,L099,L022,True,True,3.3739824539708634,0.0,3.3739824539708634,1.0000000000000016,"L022,L099,L102",3,1.1513260036121742,1.1513260036121742,0,,1,False,island_only,
1,20260708,L118->L153,L118,L153,True,False,0.0,0.0,0.0,1.0000000000000004,"L018,L044,L045,L046,L060,L065,L102,L104,L109,L110,L111,L113,L115,L118,L128,L134,L140,L150,L153,L154,L155,L156,L158,L160,L169,L178,L179,L182,L186",29,1.1042669415989022,1.1042669415989022,0,,27,False,non_critical,
1,20260708,L182->L099,L182,L099,True,False,0.0,0.0,0.0,1.0000000000000036,"L060,L099,L102,L182",4,3.654753304523373,3.654753304523373,2,"L060,L102",2,True,non_critical,
1,20260708,L016->L159,L016,L159,True,False,0.0,0.0,0.0,1.0000000000000004,"L016,L018,L019,L044,L045,L046,L054,L060,L102,L104,L109,L110,L111,L113,L115,L128,L134,L140,L150,L153,L154,L155,L156,L158,L159,L160,L169,L178,L179,L182",30,0.9722669964170749,0.9722669964170749,0,,28,False,non_critical,
1,20260708,L027->L057,L027,L057,True,False,0.0,0.0,0.0,1.000000000000019,"L027,L057,L102",3,1.2640591181495338,1.2640591181495338,1,L102,1,True,non_critical,
1,20260708,L139->L062,L139,L062,True,False,0.0,0.0,0.0,1.0000000000000004,"L018,L044,L045,L046,L060,L062,L065,L102,L104,L109,L110,L111,L113,L115,L128,L134,L139,L140,L143,L149,L150,L153,L154,L155,L156,L157,L158,L159,L160,L169,L178,L179,L182",33,1.067613824608044,1.067613824608044,0,,31,False,non_critical,
1,20260708,L006->L116,L006,L116,True,False,0.0,0.0,0.0,1.0000000000000009,"L006,L018,L019,L044,L045,L046,L060,L065,L102,L104,L109,L110,L111,L113,L114,L115,L116,L119,L126,L127,L128,L134,L140,L149,L150,L153,L154,L155,L156,L158,L160,L169,L178,L179,L182,L186",36,38.07079290957111,38.07079290957111,34,"L018,L019,L044,L045,L046,L060,L065,L102,L104,L109,L110,L111,L113,L114,L115,L119,L126,L127,L128,L134,L140,L149,L150,L153,L154,L155,L156,L158,L160,L169,L178,L179,L182,L186",34,True,non_critical,
1,20260708,L026->L001,L026,L001,True,False,0.0,0.0,0.0,1.0000000000000675,"L001,L026",2,1.0042817049576325,1.0042817049576325,0,,0,False,non_critical,
1,20260708,L038->L033,L038,L033,True,True,4.769436142558263,4.769436142558263,0.0,1.000000000000001,"L018,L019,L025,L030,L033,L035,L038,L039,L040,L042,L043,L045,L046,L060,L102,L109,L110,L111,L113,L115,L128,L134,L140,L150,L153,L154,L155,L156,L157,L158,L159,L160,L169,L178,L179,L182",36,1.826915978031821,1.826915978031821,1,L043,34,True,relay_cascade,
1,20260708,L143->L104,L143,L104,True,False,0.0,0.0,0.0,1.0000000000000002,"L018,L044,L045,L046,L060,L065,L078,L102,L104,L109,L110,L111,L113,L115,L128,L134,L140,L143,L149,L150,L153,L154,L155,L156,L157,L158,L160,L169,L178,L179,L182",31,39.95344063633044,39.95344063633044,29,"L018,L044,L045,L046,L060,L065,L078,L102,L109,L110,L111,L113,L115,L128,L134,L140,L149,L150,L153,L154,L155,L156,L157,L158,L160,L169,L178,L179,L182",29,True,non_critical,
1,20260708,L030->L018,L030,L018,True,False,0.0,0.0,0.0,1.0000000000000069,"L018,L030",2,1.0000023325034175,1.0000023325034175,0,,0,False,non_critical,
1,20260708,L080->L061,L080,L061,True,True,33.88157185629734,33.88157185629734,0.0,1.0000000000000002,"L018,L044,L045,L046,L060,L061,L065,L080,L102,L104,L109,L110,L111,L113,L115,L128,L134,L140,L150,L153,L154,L155,L156,L158,L160,L169,L178,L179,L182",29,38.35955468810027,38.35955468810027,27,"L018,L044,L045,L046,L060,L065,L102,L104,L109,L110,L111,L113,L115,L128,L134,L140,L150,L153,L154,L155,L156,L158,L160,L169,L178,L179,L182",27,True,relay_cascade,
1,20260708,L098->L073,L098,L073,True,False,0.0,0.0,0.0,1.000000000000019,"L073,L098,L102",3,1.062615741294635,1.062615741294635,0,,1,False,non_critical,
1,20260708,L171->L002,L171,L002,True,False,0.0,0.0,0.0,1.0000000000000122,"L001,L002,L018,L044,L045,L046,L060,L065,L102,L104,L109,L110,L111,L113,L115,L128,L134,L140,L150,L153,L154,L155,L156,L158,L160,L169,L171,L178,L179,L182",30,38.94350690918848,38.94350690918848,28,"L001,L018,L044,L045,L046,L060,L065,L102,L104,L109,L110,L111,L113,L115,L128,L134,L140,L150,L153,L154,L155,L156,L158,L160,L169,L178,L179,L182",28,True,non_critical,
1,20260708,L118->L035,L118,L035,True,True,1.3253703923011173,0.0,1.3253703923011173,1.0000000000000004,"L018,L035,L044,L045,L046,L060,L065,L102,L104,L109,L110,L111,L113,L115,L118,L128,L134,L140,L150,L153,L154,L155,L156,L158,L160,L169,L178,L179,L182,L186",30,1.1042669415989008,1.1042669415989008,0,,28,False,island_only,
1,20260708,L122->L083,L122,L083,True,False,0.0,0.0,0.0,1.000000000000001,"L083,L122,L128",3,1.0107046337963381,1.0107046337963381,0,,1,False,non_critical,
1,20260708,L126->L090,L126,L090,True,False,0.0,0.0,0.0,1.0000000000000022,"L018,L019,L044,L045,L046,L054,L060,L065,L089,L090,L091,L092,L095,L102,L109,L110,L111,L113,L115,L126,L128,L134,L140,L150,L153,L154,L155,L156,L157,L158,L159,L160,L169,L178,L179,L182",36,39.50497869359289,39.50497869359289,33,"L018,L019,L044,L045,L046,L054,L060,L065,L089,L091,L092,L095,L102,L109,L110,L111,L113,L115,L134,L140,L150,L153,L154,L155,L156,L157,L158,L159,L160,L169,L178,L179,L182",34,True,non_critical,
1,20260708,L150->L043,L150,L043,True,False,0.0,0.0,0.0,1.0000000000000022,"L043,L150,L155,L156,L182",5,5.384830932539142,5.384830932539142,1,L182,3,True,non_critical,
1,20260708,L057->L092,L057,L092,True,False,0.0,0.0,0.0,1.0000000000000675,"L057,L091,L092",3,1.284730821147308,1.284730821147308,1,L091,1,True,non_critical,
1,20260708,L021->L065,L021,L065,True,False,0.0,0.0,0.0,1.0000000000000033,"L018,L019,L021,L024,L025,L026,L030,L044,L045,L046,L048,L056,L057,L060,L065,L077,L078,L082,L095,L102,L104,L109,L110,L111,L112,L113,L115,L128,L134,L140,L150,L153,L154,L155,L156,L158,L160,L169,L178,L179,L182",41,1.1099668235148452,1.1099668235148452,0,,39,False,non_critical,
1,20260708,L176->L149,L176,L149,True,False,0.0,0.0,0.0,1.0000000000000002,"L018,L044,L045,L046,L060,L102,L109,L110,L111,L113,L115,L128,L134,L140,L149,L155,L156,L158,L169,L176,L178,L179,L182",23,1.038996261114221,1.038996261114221,0,,21,False,non_critical,
1,20260708,L103->L033,L103,L033,True,True,35.958503168233044,35.958503168233044,0.0,1.0000000000000004,"L018,L019,L033,L039,L040,L043,L044,L045,L046,L054,L060,L102,L103,L104,L109,L110,L111,L113,L115,L128,L134,L140,L149,L150,L153,L154,L155,L156,L158,L160,L169,L178,L179,L180,L182",35,39.66432805190014,39.66432805190014,32,"L018,L019,L039,L040,L043,L044,L045,L046,L054,L060,L104,L109,L110,L111,L113,L115,L128,L134,L140,L149,L150,L153,L154,L155,L156,L158,L160,L169,L178,L179,L180,L182",33,True,relay_cascade,
1,20260708,L052->L049,L052,L049,True,False,0.0,0.0,0.0,1.0000000000000122,"L018,L044,L045,L046,L049,L052,L060,L065,L102,L104,L109,L110,L111,L113,L115,L128,L134,L140,L150,L153,L154,L155,L156,L158,L160,L169,L178,L179,L182",29,39.217271273348345,39.217271273348345,27,"L018,L044,L045,L046,L060,L065,L102,L104,L109,L110,L111,L113,L115,L128,L134,L140,L150,L153,L154,L155,L156,L158,L160,L169,L178,L179,L182",27,True,non_critical,
1,20260708,L145->L068,L145,L068,True,False,0.0,0.0,0.0,1.0000000000000122,"L018,L044,L045,L046,L056,L057,L060,L063,L064,L065,L068,L095,L102,L104,L109,L110,L111,L113,L115,L128,L134,L140,L145,L153,L154,L155,L156,L158,L160,L169,L178,L179,L182",33,7.791869954159441,7.791869954159441,28,"L018,L044,L045,L046,L056,L057,L060,L063,L064,L065,L095,L102,L104,L109,L110,L111,L113,L115,L134,L140,L153,L154,L158,L160,L169,L178,L179,L182",31,True,non_critical,
1,20260708,L109->L059,L109,L059,True,True,18.346497960874867,18.346497960874867,0.0,1.0000000000000002,"L018,L044,L045,L046,L059,L060,L065,L102,L104,L109,L110,L111,L113,L115,L128,L134,L140,L150,L153,L154,L155,L156,L158,L160,L169,L178,L179,L182",28,38.723946181693634,38.723946181693634,26,"L018,L044,L045,L046,L060,L065,L102,L104,L110,L111,L113,L115,L128,L134,L140,L150,L153,L154,L155,L156,L158,L160,L169,L178,L179,L182",26,True,relay_cascade,
1,20260708,L143->L050,L143,L050,True,True,33.88157185629734,33.88157185629734,0.0,1.0000000000000004,"L018,L044,L045,L046,L050,L059,L060,L061,L065,L102,L104,L109,L110,L111,L113,L115,L128,L134,L140,L143,L149,L150,L153,L154,L155,L156,L157,L158,L159,L160,L169,L178,L179,L182",34,38.3098733258418,38.3098733258418,32,"L018,L044,L045,L046,L059,L060,L061,L065,L102,L104,L109,L110,L111,L113,L115,L128,L134,L140,L149,L150,L153,L154,L155,L156,L157,L158,L159,L160,L169,L178,L179,L182",32,True,relay_cascade,
1,20260708,L036->L177,L036,L177,True,False,0.0,0.0,0.0,1.0000000000000009,"L018,L019,L020,L025,L036,L039,L044,L045,L046,L048,L054,L060,L102,L104,L109,L110,L111,L113,L115,L128,L134,L140,L149,L150,L153,L154,L155,L156,L158,L160,L169,L177,L178,L179,L182",35,0.9610740669093655,0.9610740669093655,0,,33,False,non_critical,
1,20260708,L090->L077,L090,L077,True,False,0.0,0.0,0.0,1.000000000000023,"L077,L090,L091",3,1.0047139693777145,1.0047139693777145,0,,1,False,non_critical,
1,20260708,L060->L005,L060,L005,True,False,0.0,0.0,0.0,1.0000000000000016,"L005,L012,L015,L019,L030,L044,L045,L046,L060,L065,L102,L104,L109,L110,L111,L113,L115,L128,L134,L140,L150,L153,L154,L155,L156,L158,L160,L169,L178,L179,L182",31,38.45487961303702,38.45487961303702,29,"L012,L015,L019,L030,L044,L045,L046,L065,L102,L104,L109,L110,L111,L113,L115,L128,L134,L140,L150,L153,L154,L155,L156,L158,L160,L169,L178,L179,L182",29,True,non_critical,
1,20260708,L125->L058,L125,L058,True,False,0.0,0.0,0.0,1.0000000000000058,"L018,L046,L057,L058,L060,L065,L077,L078,L095,L102,L104,L109,L111,L115,L125,L128,L178",17,3.513827121854898,3.513827121854898,14,"L018,L046,L057,L060,L065,L077,L078,L095,L102,L104,L109,L111,L115,L178",15,True,non_critical,
1,20260708,L119->L015,L119,L015,True,False,0.0,0.0,0.0,1.000000000000023,"L015,L018,L115,L119,L128",5,1.4174676362583958,1.4174676362583958,1,L018,3,True,non_critical,
1,20260708,L013->L092,L013,L092,True,False,0.0,0.0,0.0,1.000000000000008,"L013,L092",2,1.040978817794735,1.040978817794735,0,,0,False,non_critical,
1,20260708,L164->L089,L164,L089,True,False,0.0,0.0,0.0,1.0000000000000002,"L089,L164",2,1.0928801541687228,1.0928801541687228,0,,0,False,non_critical,
