scenario_id,seed,path,first_line,second_line,converged,critical,total_load_shed_mw,island_load_shed_mw,redispatch_load_shed_mw,final_max_loading_ratio,final_outage_labels,num_final_outages,max_event_loading_ratio,max_pre_redispatch_loading_ratio,num_relay_trips,relay_trip_labels,num_passive_outages,has_overload_cascade,critical_mechanism,error
1,20260708,L076->L173,L076,L173,True,False,0.0,0.0,0.0,1.0000000000000675,"L076,L173",2,1.000000000000023,1.000000000000023,0,,0,False,non_critical,
1,20260708,L095->L056,L095,L056,True,False,0.0,0.0,0.0,1.000000000000023,"L056,L095",2,1.0319609276878086,1.0319609276878086,0,,0,False,non_critical,
1,20260708,L011->L088,L011,L088,True,False,0.0,0.0,0.0,1.0000000000000084,"L011,L018,L088",3,1.0564234837140112,1.0564234837140112,0,,1,False,non_critical,
1,20260708,L121->L183,L121,L183,True,True,81.35922639729833,81.35922639729833,0.0,1.0000000000000002,"L018,L045,L046,L060,L102,L111,L113,L115,L121,L128,L134,L140,L155,L156,L158,L178,L179,L182,L183",19,27.216627000984282,27.216627000984282,16,"L018,L045,L046,L060,L102,L111,L113,L115,L134,L140,L155,L156,L158,L178,L179,L182",17,True,relay_cascade,
1,20260708,L010->L119,L010,L119,True,False,0.0,0.0,0.0,1.0000000000000004,"L010,L018,L045,L046,L060,L102,L109,L111,L113,L115,L119,L126,L127,L128,L134,L140,L155,L156,L158,L169,L178,L179,L182,L186",24,28.553094682178372,28.553094682178372,21,"L045,L046,L060,L102,L109,L111,L113,L115,L126,L127,L128,L134,L140,L155,L156,L158,L169,L178,L179,L182,L186",22,True,non_critical,
1,20260708,L047->L163,L047,L163,True,False,0.0,0.0,0.0,1.0,"L018,L045,L046,L047,L060,L102,L109,L111,L113,L115,L128,L134,L140,L155,L156,L158,L163,L169,L178,L179,L182",21,1.7398725865593574,1.7398725865593574,1,L169,19,True,non_critical,
1,20260708,L155->L071,L155,L071,True,True,70.56694602954055,70.56694602954055,0.0,1.000000000000001,"L018,L045,L046,L060,L071,L074,L082,L102,L113,L115,L128,L134,L140,L155,L158,L178,L179,L182",18,8.429629784763158,8.429629784763158,16,"L018,L045,L046,L060,L074,L082,L102,L113,L115,L128,L134,L140,L158,L178,L179,L182",16,True,relay_cascade,
1,20260708,L142->L157,L142,L157,True,False,0.0,0.0,0.0,1.0000000000000018,"L128,L142,L155,L157",4,2.6380619483535948,2.6380619483535948,1,L155,2,True,non_critical,
1,20260708,L018->L008,L018,L008,True,False,0.0,0.0,0.0,1.0,"L008,L018,L019,L020,L044,L045,L046,L060,L102,L109,L110,L111,L113,L115,L128,L134,L140,L155,L158,L178,L179,L182",22,26.045612088023795,26.045612088023795,20,"L019,L020,L044,L045,L046,L060,L102,L109,L110,L111,L113,L115,L128,L134,L140,L155,L158,L178,L179,L182",20,True,non_critical,
1,20260708,L001->L072,L001,L072,True,False,0.0,0.0,0.0,1.000000000000002,"L001,L072",2,1.0546110814228689,1.0546110814228689,0,,0,False,non_critical,
1,20260708,L170->L019,L170,L019,True,False,0.0,0.0,0.0,1.0000000000000036,"L019,L170",2,1.1479206834138564,1.1479206834138564,0,,0,False,non_critical,
1,20260708,L021->L121,L021,L121,True,False,0.0,0.0,0.0,1.0000000000000004,"L018,L019,L021,L026,L044,L045,L046,L048,L060,L102,L109,L111,L113,L115,L121,L128,L134,L140,L155,L156,L158,L178,L179,L182",24,1.1840417238439263,1.1840417238439263,0,,22,False,non_critical,
1,20260708,L041->L063,L041,L063,True,False,0.0,0.0,0.0,1.0,"L018,L041,L045,L046,L060,L063,L102,L109,L111,L113,L115,L128,L134,L140,L155,L156,L158,L169,L178,L179,L182",21,1.0297229537885677,1.0297229537885677,0,,19,False,non_critical,
1,20260708,L169->L089,L169,L089,True,False,0.0,0.0,0.0,1.0000000000000004,"L089,L169",2,1.0225057250035547,1.0225057250035547,0,,0,False,non_critical,
1,20260708,L116->L073,L116,L073,True,False,0.0,0.0,0.0,1.000000000000023,"L073,L115,L116,L128",4,1.008356375000432,1.008356375000432,0,,2,False,non_critical,
1,20260708,L138->L002,L138,L002,True,False,0.0,0.0,0.0,1.000000000000002,"L002,L138,L140",3,1.1583054405673907,1.1583054405673907,0,,1,False,non_critical,
1,20260708,L039->L165,L039,L165,True,False,0.0,0.0,0.0,1.0000000000000675,"L039,L165",2,1.0670560415844197,1.0670560415844197,0,,0,False,non_critical,
1,20260708,L020->L090,L020,L090,True,False,0.0,0.0,0.0,1.000000000000003,"L020,L090,L091",3,2.655050088579469,2.655050088579469,1,L091,1,True,non_critical,
1,20260708,L097->L010,L097,L010,True,False,0.0,0.0,0.0,0.9999999999999997,"L010,L018,L019,L030,L045,L046,L056,L057,L058,L060,L065,L091,L097,L102,L104,L109,L111,L113,L115,L128,L129,L134,L140,L148,L149,L150,L153,L154,L155,L156,L157,L158,L160,L169,L178,L179,L182",37,1.0219258164245664,1.0219258164245664,0,,35,False,non_critical,
1,20260708,L136->L031,L136,L031,True,False,0.0,0.0,0.0,1.0,"L018,L031,L043,L046,L060,L102,L109,L111,L113,L115,L128,L134,L136,L140,L155,L156,L158,L169,L178,L179,L182",21,15.188087765404878,15.188087765404878,17,"L018,L043,L046,L060,L102,L109,L111,L113,L115,L134,L140,L156,L158,L169,L178,L179,L182",19,True,non_critical,
1,20260708,L117->L182,L117,L182,True,False,0.0,0.0,0.0,1.0000000000000036,"L115,L117,L182",3,1.0081558509132325,1.0081558509132325,0,,1,False,non_critical,
1,20260708,L168->L026,L168,L026,True,False,0.0,0.0,0.0,1.0000000000000675,"L026,L168",2,1.0051649149388,1.0051649149388,0,,0,False,non_critical,
1,20260708,L008->L176,L008,L176,True,False,0.0,0.0,0.0,1.0,"L008,L017,L018,L019,L020,L022,L037,L045,L046,L060,L102,L113,L115,L128,L134,L140,L155,L156,L158,L169,L176,L178,L179,L182",24,0.9122764839125214,0.9122764839125214,0,,22,False,non_critical,
1,20260708,L054->L071,L054,L071,True,True,70.56694602954055,70.56694602954055,0.0,1.0,"L018,L030,L044,L045,L046,L054,L065,L071,L074,L082,L102,L104,L109,L111,L113,L115,L128,L134,L140,L148,L149,L150,L153,L154,L155,L156,L157,L158,L160,L169,L178,L179,L182",33,1.4155241983027194,1.4155241983027194,2,"L074,L082",31,True,relay_cascade,
1,20260708,L129->L165,L129,L165,True,False,0.0,0.0,0.0,1.0000000000000007,"L128,L129,L155,L156,L165",5,1.0002934483486616,1.0002934483486616,0,,3,False,non_critical,
1,20260708,L173->L167,L173,L167,True,False,0.0,0.0,0.0,1.000000000000023,"L167,L169,L173",3,1.9753051779279174,1.9753051779279174,1,L169,1,True,non_critical,
1,20260708,L103->L015,L103,L015,True,False,0.0,0.0,0.0,1.0000000000000004,"L015,L102,L103",3,1.0075900487458482,1.0075900487458482,0,,1,False,non_critical,
1,20260708,L117->L145,L117,L145,True,False,0.0,0.0,0.0,1.0000000000000073,"L115,L117,L128,L145,L155,L158",6,7.719914009375255,7.719914009375255,3,"L128,L155,L158",4,True,non_critical,
1,20260708,L155->L148,L155,L148,True,False,0.0,0.0,0.0,1.000000000000002,"L148,L155",2,1.0076089495823801,1.0076089495823801,0,,0,False,non_critical,
1,20260708,L096->L022,L096,L022,True,False,0.0,0.0,0.0,1.0000000000000018,"L018,L022,L030,L045,L046,L060,L096,L102,L109,L111,L113,L115,L128,L134,L140,L155,L156,L158,L169,L178,L179,L182",22,1.071379885449837,1.071379885449837,0,,20,False,non_critical,
1,20260708,L090->L025,L090,L025,True,False,0.0,0.0,0.0,1.0000000000000036,"L025,L090,L091",3,1.0704327248704586,1.0704327248704586,0,,1,False,non_critical,
1,20260708,L165->L152,L165,L152,True,True,31.05817161312981,31.05817161312981,0.0,1.0000000000000004,"L018,L045,L046,L060,L102,L113,L115,L128,L134,L140,L152,L155,L158,L165,L178,L179,L182",17,8.189663989095315,8.189663989095315,15,"L018,L045,L046,L060,L102,L113,L115,L128,L134,L140,L155,L158,L178,L179,L182",15,True,relay_cascade,
1,20260708,L009->L041,L009,L041,True,False,0.0,0.0,0.0,1.0,"L009,L018,L019,L030,L041,L046,L060,L065,L102,L104,L109,L111,L113,L115,L128,L129,L134,L140,L148,L149,L150,L153,L154,L155,L156,L157,L158,L160,L169,L178,L179,L182",32,0.9571361104219894,0.9571361104219894,0,,30,False,non_critical,
1,20260708,L090->L181,L090,L181,True,True,20.772296104867053,20.772296104867053,0.0,1.0000000000000009,"L018,L045,L046,L060,L090,L091,L102,L109,L111,L113,L115,L128,L134,L140,L155,L156,L158,L178,L179,L181,L182",21,28.95468166097905,28.95468166097905,18,"L018,L045,L046,L060,L102,L109,L111,L113,L115,L128,L134,L140,L155,L156,L158,L178,L179,L182",19,True,relay_cascade,
1,20260708,L158->L021,L158,L021,True,True,22.50545676159403,22.50545676159403,0.0,1.0000000000000002,"L018,L019,L021,L024,L026,L044,L045,L046,L048,L060,L102,L109,L111,L112,L113,L115,L128,L134,L140,L155,L156,L158,L178,L179,L182",25,35.26446134278807,35.26446134278807,23,"L018,L019,L024,L026,L044,L045,L046,L048,L060,L102,L109,L111,L112,L113,L115,L128,L134,L140,L155,L156,L178,L179,L182",23,True,relay_cascade,
1,20260708,L108->L086,L108,L086,True,False,0.0,0.0,0.0,1.0000000000000016,"L086,L108,L111,L115,L128",5,1.013763450857564,1.013763450857564,0,,3,False,non_critical,
1,20260708,L123->L029,L123,L029,True,True,0.9626995955693385,0.0,0.9626995955693385,1.0000000000000022,"L018,L029,L115,L123,L128,L155,L178,L182",8,2.8953673197582797,2.8953673197582797,4,"L018,L115,L178,L182",6,True,relay_cascade,
1,20260708,L147->L183,L147,L183,True,True,81.35922639729833,81.35922639729833,0.0,1.0000000000000047,"L018,L045,L046,L060,L102,L113,L115,L128,L134,L140,L147,L155,L156,L158,L178,L179,L182,L183",18,1.1481494665025613,1.1481494665025613,0,,16,False,island_only,
1,20260708,L002->L120,L002,L120,True,False,0.0,0.0,0.0,1.0000000000000022,"L002,L115,L120",3,1.3044369687714488,1.3044369687714488,1,L115,1,True,non_critical,
1,20260708,L004->L084,L004,L084,True,False,0.0,0.0,0.0,1.0000000000000002,"L001,L004,L014,L045,L046,L060,L084,L102,L109,L111,L113,L115,L128,L134,L140,L155,L156,L158,L178,L179,L182",21,1.1899101194271513,1.1899101194271513,0,,19,False,non_critical,
1,20260708,L017->L171,L017,L171,True,False,0.0,0.0,0.0,1.0,"L017,L018,L019,L045,L046,L060,L102,L109,L111,L113,L115,L128,L134,L140,L155,L156,L158,L171,L178,L179,L182",21,1.1036210838805716,1.1036210838805716,0,,19,False,non_critical,
1,20260708,L045->L171,L045,L171,True,False,0.0,0.0,0.0,1.0000000000000018,"L045,L171",2,1.000000000000023,1.000000000000023,0,,0,False,non_critical,
1,20260708,L056->L095,L056,L095,True,False,0.0,0.0,0.0,1.0000000000000002,"L018,L045,L046,L056,L057,L060,L065,L095,L102,L104,L109,L111,L113,L115,L128,L134,L140,L155,L156,L158,L169,L178,L179,L182",24,28.904697363483205,28.904697363483205,22,"L018,L045,L046,L057,L060,L065,L102,L104,L109,L111,L113,L115,L128,L134,L140,L155,L156,L158,L169,L178,L179,L182",22,True,non_critical,
1,20260708,L023->L168,L023,L168,True,False,0.0,0.0,0.0,1.0,"L018,L023,L025,L026,L045,L046,L060,L102,L113,L115,L128,L134,L140,L155,L156,L158,L168,L178,L179,L182",20,1.1429268096428524,1.1429268096428524,0,,18,False,non_critical,
1,20260708,L150->L040,L150,L040,True,False,0.0,0.0,0.0,1.000000000000003,"L040,L150,L155,L156,L182",5,3.6619323674933923,3.6619323674933923,1,L182,3,True,non_critical,
1,20260708,L122->L180,L122,L180,True,True,7.272188818003705,7.272188818003705,0.0,1.0000000000000009,"L018,L045,L046,L060,L102,L109,L111,L113,L115,L122,L128,L134,L140,L155,L156,L158,L169,L178,L179,L180,L182",21,28.483886204093697,28.483886204093697,18,"L018,L045,L046,L060,L102,L109,L111,L113,L115,L134,L140,L155,L156,L158,L169,L178,L179,L182",19,True,relay_cascade,
1,20260708,L137->L109,L137,L109,True,False,0.0,0.0,0.0,1.0000000000000675,"L109,L111,L115,L128,L137,L155,L156",7,1.7328620789332414,1.7328620789332414,2,"L111,L115",5,True,non_critical,
1,20260708,L035->L078,L035,L078,True,False,0.0,0.0,0.0,1.000000000000002,"L035,L078,L182",3,1.0441047940362311,1.0441047940362311,0,,1,False,non_critical,
1,20260708,L059->L127,L059,L127,True,False,0.0,0.0,0.0,1.0000000000000002,"L018,L045,L046,L059,L060,L102,L113,L115,L127,L128,L134,L140,L155,L156,L158,L178,L179,L182",18,1.1970122870097084,1.1970122870097084,0,,16,False,non_critical,
1,20260708,L136->L057,L136,L057,True,False,0.0,0.0,0.0,1.0000000000000018,"L057,L128,L136,L155",4,1.1509950035150043,1.1509950035150043,0,,2,False,non_critical,
1,20260708,L100->L064,L100,L064,True,False,0.0,0.0,0.0,1.0000000000000675,"L064,L100",2,1.0451037849945204,1.0451037849945204,0,,0,False,non_critical,
1,20260708,L155->L173,L155,L173,True,False,0.0,0.0,0.0,1.0000000000000018,"L155,L173",2,1.0000000000002716,1.0000000000002716,0,,0,False,non_critical,
1,20260708,L150->L036,L150,L036,True,True,22.50545676159403,22.50545676159403,0.0,1.0000000000000004,"L018,L019,L020,L036,L044,L045,L046,L048,L060,L102,L109,L111,L113,L115,L128,L134,L140,L150,L155,L156,L158,L178,L179,L182",24,7.977166912662348,7.977166912662348,20,"L018,L019,L020,L044,L045,L046,L048,L060,L102,L109,L111,L113,L115,L128,L134,L140,L158,L178,L179,L182",22,True,relay_cascade,
1,20260708,L153->L157,L153,L157,True,False,0.0,0.0,0.0,1.000000000000002,"L128,L153,L155,L157",4,1.0150150355757273,1.0150150355757273,0,,2,False,non_critical,
1,20260708,L044->L128,L044,L128,True,False,0.0,0.0,0.0,1.000000000000002,"L044,L128",2,1.0028276240403915,1.0028276240403915,0,,0,False,non_critical,
1,20260708,L080->L121,L080,L121,True,False,0.0,0.0,0.0,1.000000000000002,"L080,L121,L128,L155",4,8.890153991747832,8.890153991747832,2,"L128,L155",2,True,non_critical,
1,20260708,L084->L178,L084,L178,True,False,0.0,0.0,0.0,1.0000000000000044,"L084,L178",2,1.0593927886331533,1.0593927886331533,0,,0,False,non_critical,
1,20260708,L109->L027,L109,L027,True,False,0.0,0.0,0.0,1.000000000000001,"L027,L109,L115",3,1.2552042196463669,1.2552042196463669,1,L115,1,True,non_critical,
1,20260708,L100->L030,L100,L030,True,False,0.0,0.0,0.0,1.0000000000000142,"L030,L100,L115",3,1.4460525891952996,1.4460525891952996,1,L115,1,True,non_critical,
1,20260708,L009->L156,L009,L156,True,False,0.0,0.0,0.0,1.0000000000000044,"L009,L018,L019,L030,L046,L060,L065,L102,L104,L109,L111,L113,L115,L128,L129,L134,L140,L148,L149,L150,L153,L154,L155,L156,L157,L158,L160,L169,L178,L179,L182",31,0.9571361104219894,0.9571361104219894,0,,29,False,non_critical,
1,20260708,L036->L151,L036,L151,True,False,0.0,0.0,0.0,1.0000000000000009,"L018,L019,L020,L036,L045,L046,L060,L102,L111,L113,L115,L128,L134,L140,L151,L155,L156,L158,L169,L178,L179,L182",22,1.0245591408222632,1.0245591408222632,0,,20,False,non_critical,
1,20260708,L149->L066,L149,L066,True,False,0.0,0.0,0.0,1.0000000000000024,"L066,L102,L128,L149",4,1.258277695948207,1.258277695948207,1,L102,2,True,non_critical,
1,20260708,L134->L105,L134,L105,True,False,0.0,0.0,0.0,1.0000000000000004,"L018,L045,L046,L060,L065,L102,L105,L109,L111,L113,L115,L128,L134,L140,L155,L156,L158,L169,L178,L179,L182",21,1.3274435886367901,1.3274435886367901,1,L065,19,True,non_critical,
1,20260708,L095->L042,L095,L042,True,False,0.0,0.0,0.0,1.0000000000000044,"L042,L095,L115,L178,L182",5,6.5609467275039135,6.5609467275039135,3,"L115,L178,L182",3,True,non_critical,
1,20260708,L049->L095,L049,L095,True,False,0.0,0.0,0.0,1.0,"L018,L045,L046,L049,L060,L095,L102,L113,L115,L128,L134,L140,L155,L156,L158,L169,L178,L179,L182",19,1.0440357468541064,1.0440357468541064,0,,17,False,non_critical,
1,20260708,L152->L020,L152,L020,True,False,0.0,0.0,0.0,1.0000000000000018,"L018,L020,L045,L046,L060,L102,L113,L115,L128,L134,L140,L152,L155,L158,L178,L179,L182",17,1.193246765720626,1.193246765720626,0,,15,False,non_critical,
1,20260708,L122->L034,L122,L034,True,True,41.04569367595296,41.04569367595296,0.0,1.0000000000000007,"L018,L034,L040,L045,L046,L060,L102,L109,L111,L112,L113,L115,L122,L128,L134,L140,L155,L156,L158,L178,L179,L182",22,28.16246813735979,28.16246813735979,19,"L018,L040,L045,L046,L060,L102,L109,L111,L112,L113,L115,L134,L140,L155,L156,L158,L178,L179,L182",20,True,relay_cascade,
1,20260708,L140->L125,L140,L125,True,False,0.0,0.0,0.0,1.000000000000001,"L125,L140",2,1.0364022397700807,1.0364022397700807,0,,0,False,non_critical,
1,20260708,L129->L038,L129,L038,True,False,0.0,0.0,0.0,1.000000000000009,"L018,L030,L032,L038,L045,L046,L060,L065,L102,L104,L109,L111,L113,L115,L128,L129,L134,L140,L150,L153,L155,L156,L158,L169,L178,L179,L182",27,15.02366339494916,15.02366339494916,22,"L018,L030,L032,L045,L046,L060,L065,L102,L104,L109,L111,L113,L115,L134,L140,L150,L153,L158,L169,L178,L179,L182",25,True,non_critical,
1,20260708,L057->L061,L057,L061,True,True,33.88157185629734,33.88157185629734,0.0,1.0000000000000009,"L018,L045,L046,L057,L060,L061,L102,L109,L111,L113,L115,L128,L134,L140,L155,L156,L158,L178,L179,L182",20,28.773516375470585,28.773516375470585,18,"L018,L045,L046,L060,L102,L109,L111,L113,L115,L128,L134,L140,L155,L156,L158,L178,L179,L182",18,True,relay_cascade,
1,20260708,L018->L035,L018,L035,True,False,0.0,0.0,0.0,1.0000000000000042,"L018,L035,L182",3,2.7789293600387843,2.7789293600387843,1,L182,1,True,non_critical,
1,20260708,L157->L101,L157,L101,True,False,0.0,0.0,0.0,1.000000000000003,"L101,L102,L128,L155,L157",5,1.3152248378960543,1.3152248378960543,1,L102,3,True,non_critical,
1,20260708,L051->L073,L051,L073,True,False,0.0,0.0,0.0,1.000000000000003,"L018,L019,L030,L044,L045,L046,L051,L056,L057,L058,L060,L073,L102,L109,L111,L113,L115,L128,L134,L140,L155,L156,L158,L178,L179,L182",26,1.1680661018790086,1.1680661018790086,0,,24,False,non_critical,
1,20260708,L153->L053,L153,L053,True,False,0.0,0.0,0.0,1.000000000000023,"L053,L128,L153,L155",4,1.194026335451502,1.194026335451502,0,,2,False,non_critical,
1,20260708,L067->L084,L067,L084,True,False,0.0,0.0,0.0,1.000000000000023,"L067,L084",2,1.039943040240367,1.039943040240367,0,,0,False,non_critical,
1,20260708,L037->L093,L037,L093,True,False,0.0,0.0,0.0,1.0000000000000009,"L018,L019,L020,L037,L045,L046,L060,L065,L093,L095,L102,L111,L113,L115,L128,L134,L140,L155,L156,L158,L169,L178,L179,L182",24,2.223691527408417,2.223691527408417,2,"L065,L095",22,True,non_critical,
1,20260708,L163->L178,L163,L178,True,False,0.0,0.0,0.0,1.0000000000000016,"L018,L045,L046,L060,L102,L113,L115,L128,L134,L140,L155,L156,L158,L163,L169,L178,L179,L182",18,29.843606728490215,29.843606728490215,15,"L018,L045,L046,L060,L102,L113,L115,L128,L134,L140,L155,L156,L158,L179,L182",16,True,non_critical,
1,20260708,L162->L094,L162,L094,True,False,0.0,0.0,0.0,1.0000000000000018,"L094,L128,L155,L162",4,1.1388102090094356,1.1388102090094356,0,,2,False,non_critical,
1,20260708,L010->L148,L010,L148,True,False,0.0,0.0,0.0,1.000000000000007,"L010,L018,L148",3,1.0120746390440245,1.0120746390440245,0,,1,False,non_critical,
1,20260708,L023->L014,L023,L014,True,False,0.0,0.0,0.0,1.0000000000000007,"L014,L018,L023,L025,L026,L045,L046,L060,L102,L113,L115,L128,L134,L140,L155,L156,L158,L178,L179,L182",20,1.1976432999211282,1.1976432999211282,0,,18,False,non_critical,
1,20260708,L014->L039,L014,L039,True,False,0.0,0.0,0.0,1.0000000000000004,"L014,L018,L039,L045,L046,L060,L102,L111,L113,L115,L128,L134,L140,L155,L156,L158,L169,L178,L179,L182",20,29.830197077129892,29.830197077129892,18,"L018,L045,L046,L060,L102,L111,L113,L115,L128,L134,L140,L155,L156,L158,L169,L178,L179,L182",18,True,non_critical,
1,20260708,L031->L107,L031,L107,True,False,0.0,0.0,0.0,1.0000000000000009,"L018,L025,L031,L035,L040,L043,L045,L046,L060,L102,L107,L109,L111,L113,L115,L128,L134,L140,L155,L156,L158,L178,L179,L182",24,1.1953621985963812,1.1953621985963812,0,,22,False,non_critical,
1,20260708,L107->L115,L107,L115,True,False,0.0,0.0,0.0,1.0000000000000009,"L102,L107,L115,L128",4,1.0150531795766249,1.0150531795766249,0,,2,False,non_critical,
1,20260708,L158->L052,L158,L052,True,False,0.0,0.0,0.0,1.0000000000000675,"L052,L060,L115,L158",4,1.2802387994956435,1.2802387994956435,2,"L060,L115",2,True,non_critical,
1,20260708,L024->L162,L024,L162,True,False,0.0,0.0,0.0,1.000000000000006,"L024,L128,L155,L162",4,9.315947847052872,9.315947847052872,2,"L128,L155",2,True,non_critical,
1,20260708,L134->L100,L134,L100,True,False,0.0,0.0,0.0,1.0,"L018,L045,L046,L060,L100,L102,L109,L111,L113,L115,L128,L134,L140,L155,L156,L158,L169,L178,L179,L182",20,1.029722953788566,1.029722953788566,0,,18,False,non_critical,
1,20260708,L086->L129,L086,L129,True,True,7.67017212465726,0.0,7.67017212465726,1.000000000000003,"L086,L128,L129,L155,L156,L158",6,15.273427443517424,15.273427443517424,4,"L128,L155,L156,L158",4,True,relay_cascade,
1,20260708,L048->L131,L048,L131,True,False,0.0,0.0,0.0,1.0000000000000042,"L048,L128,L131,L156",4,5.421149856153789,5.421149856153789,2,"L128,L156",2,True,non_critical,
1,20260708,L093->L085,L093,L085,True,False,0.0,0.0,0.0,1.0000000000000675,"L085,L093,L102",3,1.0280741350112919,1.0280741350112919,0,,1,False,non_critical,
1,20260708,L009->L177,L009,L177,True,False,0.0,0.0,0.0,1.0000000000000044,"L009,L018,L019,L030,L046,L060,L065,L102,L104,L109,L111,L113,L115,L128,L129,L134,L140,L148,L149,L150,L153,L154,L155,L156,L157,L158,L160,L169,L177,L178,L179,L182",32,0.9571361104219894,0.9571361104219894,0,,30,False,non_critical,
1,20260708,L118->L132,L118,L132,True,False,0.0,0.0,0.0,1.0000000000000016,"L018,L045,L046,L060,L102,L113,L115,L118,L128,L132,L134,L140,L155,L156,L158,L178,L179,L182,L186",19,1.1960233171551111,1.1960233171551111,0,,17,False,non_critical,
1,20260708,L096->L009,L096,L009,True,False,0.0,0.0,0.0,1.0000000000000009,"L009,L018,L019,L030,L045,L046,L057,L058,L060,L065,L096,L102,L109,L111,L113,L115,L128,L134,L140,L149,L150,L153,L154,L155,L156,L158,L160,L169,L178,L179,L182",31,2.6660547416703206,2.6660547416703206,9,"L019,L057,L058,L065,L149,L150,L153,L154,L160",29,True,non_critical,
1,20260708,L130->L149,L130,L149,True,False,0.0,0.0,0.0,1.0000000000000002,"L128,L130,L140,L149",4,1.2853098817597164,1.2853098817597164,1,L140,2,True,non_critical,
1,20260708,L110->L012,L110,L012,True,False,0.0,0.0,0.0,1.0000000000000027,"L012,L018,L045,L046,L060,L102,L109,L110,L111,L115,L128,L134,L140,L155,L156,L158,L169,L178,L179,L182",20,1.0744502427694782,1.0744502427694782,0,,18,False,non_critical,
1,20260708,L169->L151,L169,L151,True,False,0.0,0.0,0.0,1.000000000000002,"L128,L151,L155,L169",4,9.877902328794297,9.877902328794297,2,"L128,L155",2,True,non_critical,
1,20260708,L004->L002,L004,L002,True,True,38.8500870832418,38.8500870832418,0.0,1.0000000000000004,"L001,L002,L004,L014,L045,L046,L060,L102,L109,L111,L113,L115,L128,L134,L140,L155,L156,L158,L178,L179,L182",21,1.1899101194271513,1.1899101194271513,0,,19,False,island_only,
1,20260708,L063->L114,L063,L114,True,False,0.0,0.0,0.0,1.000000000000023,"L063,L114,L115",3,1.5122448702059743,1.5122448702059743,1,L115,1,True,non_critical,
1,20260708,L020->L076,L020,L076,True,False,0.0,0.0,0.0,1.0000000000000036,"L020,L076",2,1.0076247515067709,1.0076247515067709,0,,0,False,non_critical,
1,20260708,L176->L058,L176,L058,True,False,0.0,0.0,0.0,1.0000000000000004,"L018,L045,L046,L058,L060,L102,L109,L111,L113,L115,L128,L134,L140,L155,L158,L176,L178,L179,L182",19,0.9846280826660222,0.9846280826660222,0,,17,False,non_critical,
1,20260708,L171->L162,L171,L162,True,False,0.0,0.0,0.0,1.0000000000000675,"L128,L155,L162,L171",4,9.315947836514612,9.315947836514612,2,"L128,L155",2,True,non_critical,
1,20260708,L052->L006,L052,L006,True,False,0.0,0.0,0.0,1.0000000000000036,"L006,L052",2,1.0543220130044222,1.0543220130044222,0,,0,False,non_critical,
1,20260708,L154->L143,L154,L143,True,False,0.0,0.0,0.0,1.000000000000023,"L128,L143,L154,L155",4,1.0028910205597459,1.0028910205597459,0,,2,False,non_critical,
1,20260708,L076->L085,L076,L085,True,False,0.0,0.0,0.0,1.0000000000000286,"L076,L085",2,1.0265299474996377,1.0265299474996377,0,,0,False,non_critical,
1,20260708,L020->L087,L020,L087,True,False,0.0,0.0,0.0,1.0000000000000013,"L020,L087",2,1.0425454834346914,1.0425454834346914,0,,0,False,non_critical,
1,20260708,L018->L083,L018,L083,True,False,0.0,0.0,0.0,1.0000000000000036,"L018,L083",2,1.0099848862173337,1.0099848862173337,0,,0,False,non_critical,
1,20260708,L132->L085,L132,L085,True,False,0.0,0.0,0.0,1.0000000000000675,"L085,L128,L132",3,1.0082989825293778,1.0082989825293778,0,,1,False,non_critical,
1,20260708,L001->L106,L001,L106,True,False,0.0,0.0,0.0,1.0000000000000002,"L001,L018,L030,L045,L046,L060,L064,L065,L102,L104,L106,L109,L111,L112,L113,L115,L128,L134,L140,L155,L156,L158,L169,L178,L179,L182",26,29.13160964388201,29.13160964388201,24,"L018,L030,L045,L046,L060,L064,L065,L102,L104,L109,L111,L112,L113,L115,L128,L134,L140,L155,L156,L158,L169,L178,L179,L182",24,True,non_critical,
1,20260708,L094->L002,L094,L002,True,True,132.19821335857193,132.19821335857193,0.0,1.0000000000000002,"L001,L002,L018,L030,L045,L046,L056,L057,L058,L060,L065,L094,L095,L102,L104,L109,L111,L112,L113,L115,L128,L129,L134,L140,L148,L149,L150,L153,L154,L155,L156,L157,L158,L159,L160,L169,L178,L179,L182",39,29.267978192323685,29.267978192323685,36,"L001,L018,L030,L045,L046,L056,L057,L058,L060,L065,L095,L104,L109,L111,L112,L113,L115,L128,L129,L134,L140,L148,L149,L150,L153,L154,L155,L156,L157,L158,L159,L160,L169,L178,L179,L182",37,True,relay_cascade,
1,20260708,L020->L101,L020,L101,True,False,0.0,0.0,0.0,1.000000000000023,"L020,L101",2,1.007292086008147,1.007292086008147,0,,0,False,non_critical,
1,20260708,L110->L182,L110,L182,True,False,0.0,0.0,0.0,1.0,"L018,L045,L046,L060,L102,L109,L110,L111,L115,L128,L134,L140,L155,L156,L158,L169,L178,L179,L182",19,1.0744502427694786,1.0744502427694786,0,,17,False,non_critical,
1,20260708,L042->L131,L042,L131,True,False,0.0,0.0,0.0,1.000000000000017,"L042,L128,L131,L156,L182",5,5.542629970790328,5.542629970790328,2,"L128,L156",3,True,non_critical,
1,20260708,L014->L158,L014,L158,True,False,0.0,0.0,0.0,1.000000000000006,"L014,L128,L155,L158",4,2.669403123965365,2.669403123965365,2,"L128,L155",2,True,non_critical,
1,20260708,L160->L024,L160,L024,True,False,0.0,0.0,0.0,1.0000000000000675,"L018,L024,L128,L155,L160",5,2.0946063610885024,2.0946063610885024,1,L018,3,True,non_critical,
1,20260708,L157->L053,L157,L053,True,False,0.0,0.0,0.0,1.000000000000002,"L053,L128,L155,L157",4,1.157377374805187,1.157377374805187,0,,2,False,non_critical,
1,20260708,L166->L029,L166,L029,True,True,0.9626995955693607,0.0,0.9626995955693607,1.000000000000023,"L018,L029,L115,L166",4,1.7362056823875636,1.7362056823875636,2,"L018,L115",2,True,relay_cascade,
1,20260708,L015->L182,L015,L182,True,False,0.0,0.0,0.0,1.0000000000000044,"L015,L182",2,1.0081453059272374,1.0081453059272374,0,,0,False,non_critical,
1,20260708,L068->L048,L068,L048,True,False,0.0,0.0,0.0,1.0000000000000053,"L048,L060,L068",3,1.058021550219001,1.058021550219001,0,,1,False,non_critical,
1,20260708,L020->L145,L020,L145,True,False,0.0,0.0,0.0,1.000000000000003,"L020,L128,L145,L155,L158",5,5.932339187479792,5.932339187479792,3,"L128,L155,L158",3,True,non_critical,
1,20260708,L159->L124,L159,L124,True,False,0.0,0.0,0.0,1.000000000000002,"L124,L128,L155,L159",4,1.1252153857819407,1.1252153857819407,0,,2,False,non_critical,
1,20260708,L186->L002,L186,L002,True,False,0.0,0.0,0.0,1.0000000000000675,"L002,L186",2,1.1583054405673912,1.1583054405673912,0,,0,False,non_critical,
1,20260708,L109->L005,L109,L005,True,False,0.0,0.0,0.0,1.0000000000000675,"L005,L109",2,1.0969298198321038,1.0969298198321038,0,,0,False,non_critical,
1,20260708,L063->L055,L063,L055,True,False,0.0,0.0,0.0,1.0000000000000675,"L055,L063",2,1.1051919626205553,1.1051919626205553,0,,0,False,non_critical,
1,20260708,L092->L051,L092,L051,True,True,36.767162588215044,36.767162588215044,0.0,1.000000000000006,"L018,L044,L045,L046,L051,L056,L057,L058,L060,L091,L092,L102,L109,L111,L113,L115,L128,L134,L140,L155,L156,L158,L178,L179,L182",25,27.650962766741582,27.650962766741582,23,"L018,L044,L045,L046,L056,L057,L058,L060,L091,L102,L109,L111,L113,L115,L128,L134,L140,L155,L156,L158,L178,L179,L182",23,True,relay_cascade,
1,20260708,L166->L186,L166,L186,True,False,0.0,0.0,0.0,1.0000000000000004,"L115,L128,L166,L186",4,1.9046410695575746,1.9046410695575746,2,"L115,L128",2,True,non_critical,
1,20260708,L014->L074,L014,L074,True,False,0.0,0.0,0.0,1.0000000000000142,"L014,L074,L082",3,1.286164678740272,1.286164678740272,1,L082,1,True,non_critical,
1,20260708,L072->L003,L072,L003,True,False,0.0,0.0,0.0,1.0000000000000675,"L003,L072",2,1.000525669259654,1.000525669259654,0,,0,False,non_critical,
1,20260708,L136->L017,L136,L017,True,True,14.684099265673353,14.684099265673353,0.0,1.0000000000000018,"L017,L018,L019,L045,L046,L060,L102,L109,L111,L113,L115,L128,L134,L136,L140,L155,L156,L158,L178,L179,L182",21,8.75813129085059,8.75813129085059,17,"L018,L019,L045,L046,L060,L102,L109,L111,L113,L115,L134,L140,L156,L158,L178,L179,L182",19,True,relay_cascade,
1,20260708,L078->L056,L078,L056,True,False,0.0,0.0,0.0,1.0000000000000009,"L056,L078",2,1.0104751171827133,1.0104751171827133,0,,0,False,non_critical,
1,20260708,L106->L078,L106,L078,True,False,0.0,0.0,0.0,1.000000000000023,"L078,L106",2,1.0260740761663731,1.0260740761663731,0,,0,False,non_critical,
1,20260708,L121->L077,L121,L077,True,False,0.0,0.0,0.0,1.000000000000003,"L077,L121,L128",3,1.0003579784120449,1.0003579784120449,0,,1,False,non_critical,
1,20260708,L098->L167,L098,L167,True,False,0.0,0.0,0.0,1.0000000000000009,"L098,L102,L167",3,1.038916686179753,1.038916686179753,0,,1,False,non_critical,
1,20260708,L135->L117,L135,L117,True,False,0.0,0.0,0.0,1.0000000000000342,"L111,L115,L117,L128,L135",5,4.937428393091685,4.937428393091685,2,"L111,L115",3,True,non_critical,
1,20260708,L052->L097,L052,L097,True,False,0.0,0.0,0.0,1.0000000000000044,"L052,L097",2,1.1741684542922555,1.1741684542922555,0,,0,False,non_critical,
1,20260708,L004->L080,L004,L080,True,False,0.0,0.0,0.0,1.0000000000000004,"L001,L004,L014,L045,L046,L060,L080,L102,L109,L111,L113,L115,L128,L134,L140,L155,L156,L158,L178,L179,L182",21,1.1899101194271482,1.1899101194271482,0,,19,False,non_critical,
1,20260708,L110->L025,L110,L025,True,False,0.0,0.0,0.0,1.0000000000000009,"L018,L025,L045,L046,L060,L102,L109,L110,L111,L115,L128,L134,L140,L155,L156,L158,L169,L178,L179,L182",20,1.0744502427694786,1.0744502427694786,0,,18,False,non_critical,
1,20260708,L028->L170,L028,L170,True,False,0.0,0.0,0.0,1.0000000000000004,"L028,L169,L170",3,1.3856781076936282,1.3856781076936282,1,L169,1,True,non_critical,
1,20260708,L093->L125,L093,L125,True,False,0.0,0.0,0.0,1.000000000000017,"L093,L102,L125",3,1.0541927772255644,1.0541927772255644,0,,1,False,non_critical,
1,20260708,L159->L010,L159,L010,True,False,0.0,0.0,0.0,1.000000000000006,"L010,L128,L155,L159",4,1.0434131804123086,1.0434131804123086,0,,2,False,non_critical,
1,20260708,L057->L172,L057,L172,True,False,0.0,0.0,0.0,1.000000000000023,"L057,L172",2,1.1950923176029487,1.1950923176029487,0,,0,False,non_critical,
1,20260708,L151->L074,L151,L074,True,False,0.0,0.0,0.0,1.000000000000001,"L074,L077,L078,L128,L151,L155",6,1.3248955661706836,1.3248955661706836,2,"L077,L078",4,True,non_critical,
1,20260708,L137->L059,L137,L059,True,True,18.346497960874867,18.346497960874867,0.0,1.0000000000000004,"L018,L045,L046,L059,L060,L102,L113,L115,L128,L134,L137,L140,L155,L156,L158,L178,L179,L182",18,8.811576346855718,8.811576346855718,13,"L018,L045,L046,L060,L102,L113,L115,L134,L140,L158,L178,L179,L182",16,True,relay_cascade,
1,20260708,L112->L077,L112,L077,True,False,0.0,0.0,0.0,1.0000000000000004,"L018,L045,L046,L060,L077,L102,L109,L111,L112,L113,L115,L128,L134,L140,L155,L156,L158,L169,L178,L179,L182",21,1.0744502427694789,1.0744502427694789,0,,19,False,non_critical,
1,20260708,L087->L130,L087,L130,True,False,0.0,0.0,0.0,1.000000000000023,"L087,L128,L130",3,3.616229293220075,3.616229293220075,1,L128,1,True,non_critical,
1,20260708,L158->L141,L158,L141,True,False,0.0,0.0,0.0,1.0000000000000018,"L018,L045,L046,L060,L102,L109,L111,L113,L115,L128,L134,L140,L141,L142,L149,L155,L156,L158,L169,L178,L179,L182",22,9.580408344061077,9.580408344061077,20,"L018,L045,L046,L060,L102,L109,L111,L113,L115,L128,L134,L140,L142,L149,L155,L156,L169,L178,L179,L182",20,True,non_critical,
1,20260708,L125->L045,L125,L045,True,False,0.0,0.0,0.0,1.0000000000000675,"L045,L125,L128",3,1.0428192964777594,1.0428192964777594,0,,1,False,non_critical,
1,20260708,L131->L112,L131,L112,True,False,0.0,0.0,0.0,1.0,"L018,L045,L046,L060,L102,L109,L111,L112,L113,L115,L128,L131,L134,L140,L155,L156,L158,L169,L178,L179,L182",21,29.663185634142152,29.663185634142152,18,"L018,L045,L046,L060,L102,L109,L111,L113,L115,L134,L140,L155,L156,L158,L169,L178,L179,L182",19,True,non_critical,
1,20260708,L025->L096,L025,L096,True,False,0.0,0.0,0.0,1.0,"L018,L025,L045,L046,L057,L060,L096,L102,L109,L111,L113,L115,L128,L134,L140,L155,L156,L158,L169,L178,L179,L182",22,29.890693427435963,29.890693427435963,20,"L018,L045,L046,L057,L060,L102,L109,L111,L113,L115,L128,L134,L140,L155,L156,L158,L169,L178,L179,L182",20,True,non_critical,
1,20260708,L057->L056,L057,L056,True,False,0.0,0.0,0.0,1.0000000000000675,"L056,L057,L102",3,1.3108076645618603,1.3108076645618603,1,L102,1,True,non_critical,
1,20260708,L125->L064,L125,L064,True,False,0.0,0.0,0.0,1.0000000000000004,"L064,L125,L128",3,1.1322999741037376,1.1322999741037376,0,,1,False,non_critical,
1,20260708,L022->L045,L022,L045,True,False,0.0,0.0,0.0,1.000000000000006,"L022,L045",2,1.0697053650987949,1.0697053650987949,0,,0,False,non_critical,
1,20260708,L119->L179,L119,L179,True,False,0.0,0.0,0.0,1.000000000000002,"L018,L045,L046,L060,L102,L111,L113,L115,L119,L128,L134,L140,L155,L156,L158,L169,L178,L179,L182",19,28.90469736348327,28.90469736348327,15,"L018,L045,L046,L060,L102,L111,L113,L134,L140,L155,L156,L158,L169,L178,L182",17,True,non_critical,
1,20260708,L035->L006,L035,L006,True,False,0.0,0.0,0.0,1.0000000000000016,"L006,L035,L182",3,1.0551566739154579,1.0551566739154579,0,,1,False,non_critical,
1,20260708,L125->L094,L125,L094,True,False,0.0,0.0,0.0,1.0000000000000675,"L060,L077,L078,L094,L125,L128",6,1.3463382687909773,1.3463382687909773,3,"L060,L077,L078",4,True,non_critical,
1,20260708,L011->L167,L011,L167,True,False,0.0,0.0,0.0,1.000000000000023,"L011,L018,L167",3,1.1064034438180046,1.1064034438180046,0,,1,False,non_critical,
1,20260708,L177->L149,L177,L149,True,False,0.0,0.0,0.0,1.0,"L018,L045,L046,L060,L102,L113,L115,L128,L134,L140,L149,L155,L156,L158,L169,L177,L178,L179,L182",19,1.1161891377867759,1.1161891377867759,0,,17,False,non_critical,
1,20260708,L086->L047,L086,L047,True,True,31.300605334860514,31.300605334860514,0.0,1.0000000000000047,"L018,L045,L046,L047,L060,L086,L102,L109,L111,L113,L115,L128,L134,L140,L155,L156,L158,L178,L179,L182",20,28.795862212346705,28.795862212346705,18,"L018,L045,L046,L060,L102,L109,L111,L113,L115,L128,L134,L140,L155,L156,L158,L178,L179,L182",18,True,relay_cascade,
1,20260708,L010->L185,L010,L185,True,True,35.11713329264434,35.11713329264434,0.0,1.0000000000000009,"L010,L018,L045,L046,L060,L102,L111,L113,L115,L128,L134,L140,L155,L156,L158,L178,L179,L182,L185,L186",20,28.69538106403902,28.69538106403902,17,"L045,L046,L060,L102,L111,L113,L115,L128,L134,L140,L155,L156,L158,L178,L179,L182,L186",18,True,relay_cascade,
1,20260708,L135->L130,L135,L130,True,False,0.0,0.0,0.0,1.0000000000000018,"L128,L130,L135",3,1.173034016973292,1.173034016973292,0,,1,False,non_critical,
1,20260708,L082->L117,L082,L117,True,False,0.0,0.0,0.0,1.0000000000000342,"L082,L111,L115,L117",4,4.935665975950766,4.935665975950766,2,"L111,L115",2,True,non_critical,
1,20260708,L034->L088,L034,L088,True,False,0.0,0.0,0.0,1.0,"L018,L034,L040,L045,L046,L060,L088,L102,L109,L111,L113,L115,L128,L134,L140,L155,L156,L158,L178,L179,L182",21,1.1902882074708296,1.1902882074708296,0,,19,False,non_critical,
1,20260708,L008->L058,L008,L058,True,False,0.0,0.0,0.0,1.000000000000002,"L008,L017,L018,L019,L020,L022,L037,L045,L046,L058,L060,L102,L113,L115,L128,L134,L140,L155,L156,L158,L169,L178,L179,L182",24,1.0850367217379995,1.0850367217379995,0,,22,False,non_critical,
1,20260708,L037->L075,L037,L075,True,False,0.0,0.0,0.0,1.0000000000000004,"L018,L019,L020,L037,L045,L046,L060,L075,L102,L111,L113,L115,L128,L134,L140,L155,L156,L158,L169,L178,L179,L182",22,1.1251460037653112,1.1251460037653112,0,,20,False,non_critical,
1,20260708,L136->L080,L136,L080,True,False,0.0,0.0,0.0,1.000000000000003,"L080,L128,L136,L155",4,1.0221006552674454,1.0221006552674454,0,,2,False,non_critical,
1,20260708,L033->L029,L033,L029,True,True,0.9626995955693385,0.0,0.9626995955693385,1.000000000000001,"L018,L029,L033,L045,L046,L060,L102,L109,L111,L112,L113,L115,L128,L134,L140,L155,L156,L158,L169,L178,L179,L180,L182",23,2.5653245875441235,2.5653245875441235,3,"L109,L111,L112",21,True,relay_cascade,
1,20260708,L158->L095,L158,L095,True,False,0.0,0.0,0.0,1.0000000000000004,"L018,L045,L046,L060,L065,L095,L102,L104,L109,L111,L113,L115,L128,L134,L140,L155,L156,L158,L169,L178,L179,L182",22,36.55140875779628,36.55140875779628,20,"L018,L045,L046,L060,L065,L102,L104,L109,L111,L113,L115,L128,L134,L140,L155,L156,L169,L178,L179,L182",20,True,non_critical,
1,20260708,L174->L009,L174,L009,True,False,0.0,0.0,0.0,1.0000000000000004,"L009,L018,L019,L045,L046,L060,L102,L109,L111,L113,L115,L128,L134,L140,L155,L156,L158,L174,L175,L178,L179,L182",22,2.5207575382792786,2.5207575382792786,1,L019,20,True,non_critical,
1,20260708,L177->L119,L177,L119,True,False,0.0,0.0,0.0,1.0000000000000009,"L018,L045,L046,L060,L102,L113,L115,L119,L128,L134,L140,L155,L156,L158,L169,L177,L178,L179,L182",19,1.1548237620697965,1.1548237620697965,0,,17,False,non_critical,
1,20260708,L027->L178,L027,L178,True,False,0.0,0.0,0.0,1.0000000000000018,"L027,L178,L182",3,1.7883389673869488,1.7883389673869488,1,L182,1,True,non_critical,
1,20260708,L037->L095,L037,L095,True,False,0.0,0.0,0.0,1.0000000000000009,"L018,L019,L020,L037,L045,L046,L060,L095,L102,L111,L113,L115,L128,L134,L140,L155,L156,L158,L169,L178,L179,L182",22,1.1251460037653123,1.1251460037653123,0,,20,False,non_critical,
1,20260708,L110->L040,L110,L040,True,False,0.0,0.0,0.0,1.0000000000000009,"L018,L040,L045,L046,L060,L102,L109,L110,L111,L115,L128,L134,L140,L155,L156,L158,L169,L178,L179,L182",20,1.0744502427694786,1.0744502427694786,0,,18,False,non_critical,
1,20260708,L055->L157,L055,L157,True,False,0.0,0.0,0.0,1.0000000000000004,"L055,L128,L155,L157",4,1.828629800242933,1.828629800242933,2,"L128,L155",2,True,non_critical,
1,20260708,L163->L164,L163,L164,True,False,0.0,0.0,0.0,1.000000000000002,"L163,L164,L169",3,1.0000000000000682,1.0000000000000682,0,,1,False,non_critical,
1,20260708,L162->L132,L162,L132,True,False,0.0,0.0,0.0,1.000000000000002,"L128,L132,L155,L162",4,1.0774901929052216,1.0774901929052216,0,,2,False,non_critical,
1,20260708,L151->L007,L151,L007,True,True,2.2343173352221966,0.0,2.2343173352221966,1.0000000000000075,"L007,L018,L019,L030,L046,L060,L065,L102,L104,L109,L111,L113,L115,L128,L134,L140,L148,L150,L151,L153,L154,L155,L156,L158,L160,L169,L178,L179,L182",29,10.014593592071707,10.014593592071707,25,"L018,L019,L030,L046,L060,L065,L102,L104,L109,L111,L113,L115,L134,L140,L148,L150,L153,L154,L156,L158,L160,L169,L178,L179,L182",27,True,relay_cascade,
1,20260708,L002->L062,L002,L062,True,False,0.0,0.0,0.0,1.0000000000000007,"L002,L060,L062",3,1.7422747471808835,1.7422747471808835,1,L060,1,True,non_critical,
1,20260708,L125->L069,L125,L069,True,False,0.0,0.0,0.0,1.000000000000003,"L069,L125,L128",3,1.0182043208019609,1.0182043208019609,0,,1,False,non_critical,
1,20260708,L176->L102,L176,L102,True,False,0.0,0.0,0.0,1.0000000000000004,"L018,L045,L046,L060,L102,L109,L111,L113,L115,L128,L134,L140,L155,L158,L176,L178,L179,L182",18,0.9901843428803565,0.9901843428803565,0,,16,False,non_critical,
1,20260708,L154->L127,L154,L127,True,False,0.0,0.0,0.0,1.0000000000000018,"L018,L044,L045,L046,L060,L065,L078,L102,L104,L109,L111,L113,L115,L127,L128,L134,L140,L153,L154,L155,L156,L158,L160,L169,L178,L179,L182",27,4.561584456318292,4.561584456318292,23,"L018,L044,L045,L046,L060,L065,L078,L102,L104,L109,L111,L113,L115,L134,L140,L153,L156,L158,L160,L169,L178,L179,L182",25,True,non_critical,
1,20260708,L119->L131,L119,L131,True,False,0.0,0.0,0.0,1.000000000000001,"L115,L119,L128,L131,L155,L156",6,1.6906523179648225,1.6906523179648225,2,"L155,L156",4,True,non_critical,
1,20260708,L093->L018,L093,L018,True,False,0.0,0.0,0.0,1.000000000000017,"L018,L093,L102",3,1.0003864504670643,1.0003864504670643,0,,1,False,non_critical,
1,20260708,L149->L112,L149,L112,True,False,0.0,0.0,0.0,1.0000000000000004,"L018,L045,L046,L060,L102,L109,L111,L112,L113,L115,L128,L134,L140,L149,L155,L156,L158,L169,L178,L179,L182",21,28.52427784215988,28.52427784215988,18,"L018,L045,L046,L060,L102,L109,L111,L113,L115,L134,L140,L155,L156,L158,L169,L178,L179,L182",19,True,non_critical,
1,20260708,L133->L086,L133,L086,True,False,0.0,0.0,0.0,1.0000000000000002,"L018,L045,L046,L060,L086,L102,L113,L115,L128,L133,L134,L140,L155,L156,L158,L178,L179,L182",18,1.1962925000563767,1.1962925000563767,0,,16,False,non_critical,
1,20260708,L074->L077,L074,L077,True,False,0.0,0.0,0.0,1.000000000000003,"L074,L077",2,1.0027649993797676,1.0027649993797676,0,,0,False,non_critical,
1,20260708,L044->L022,L044,L022,True,False,0.0,0.0,0.0,1.0000000000000009,"L018,L022,L044",3,2.305843815077004,2.305843815077004,1,L018,1,True,non_critical,
1,20260708,L063->L143,L063,L143,True,False,0.0,0.0,0.0,1.0000000000000004,"L018,L045,L046,L060,L063,L102,L109,L111,L113,L115,L128,L134,L140,L143,L155,L156,L158,L169,L178,L179,L182",21,30.489595803821903,30.489595803821903,19,"L018,L045,L046,L060,L102,L109,L111,L113,L115,L128,L134,L140,L155,L156,L158,L169,L178,L179,L182",19,True,non_critical,
1,20260708,L094->L160,L094,L160,True,False,0.0,0.0,0.0,1.0000000000000675,"L094,L102,L128,L155,L160",5,4.899016058260213,4.899016058260213,2,"L128,L155",3,True,non_critical,
1,20260708,L129->L008,L129,L008,True,True,40.354199858188814,40.354199858188814,0.0,1.0000000000000002,"L008,L017,L018,L019,L020,L022,L037,L045,L046,L060,L102,L109,L111,L113,L115,L128,L129,L134,L140,L150,L153,L155,L156,L158,L160,L169,L178,L179,L182",29,36.628912733290505,36.628912733290505,24,"L017,L018,L019,L020,L022,L037,L045,L046,L060,L102,L109,L111,L113,L115,L134,L140,L150,L153,L158,L160,L169,L178,L179,L182",27,True,relay_cascade,
1,20260708,L090->L085,L090,L085,True,False,0.0,0.0,0.0,1.000000000000002,"L085,L090,L091",3,1.0000715627882684,1.0000715627882684,0,,1,False,non_critical,
1,20260708,L054->L078,L054,L078,True,False,0.0,0.0,0.0,1.0,"L018,L030,L044,L045,L046,L054,L065,L078,L102,L104,L109,L111,L113,L115,L128,L134,L140,L148,L149,L150,L153,L154,L155,L156,L157,L158,L160,L169,L178,L179,L182",31,1.0028222228137098,1.0028222228137098,0,,29,False,non_critical,
1,20260708,L038->L001,L038,L001,True,False,0.0,0.0,0.0,1.0000000000000007,"L001,L018,L025,L030,L038,L039,L045,L046,L060,L102,L109,L111,L113,L115,L128,L134,L140,L148,L149,L150,L153,L154,L155,L156,L157,L158,L160,L169,L178,L179,L182",31,0.9343849631578811,0.9343849631578811,0,,29,False,non_critical,
1,20260708,L096->L023,L096,L023,True,False,0.0,0.0,0.0,1.000000000000007,"L018,L023,L030,L045,L046,L060,L096,L102,L109,L111,L113,L115,L128,L134,L140,L155,L156,L158,L169,L178,L179,L182",22,1.071379885449836,1.071379885449836,0,,20,False,non_critical,
1,20260708,L086->L011,L086,L011,True,False,0.0,0.0,0.0,1.000000000000023,"L011,L018,L086",3,1.365355130944149,1.365355130944149,1,L018,1,True,non_critical,
1,20260708,L039->L120,L039,L120,True,False,0.0,0.0,0.0,1.0000000000000084,"L039,L120",2,1.0707693043517703,1.0707693043517703,0,,0,False,non_critical,
1,20260708,L115->L087,L115,L087,True,False,0.0,0.0,0.0,1.0000000000000044,"L087,L115",2,1.0175221182022984,1.0175221182022984,0,,0,False,non_critical,
1,20260708,L139->L131,L139,L131,True,False,0.0,0.0,0.0,1.0000000000000044,"L128,L131,L139,L140,L155,L156",6,1.8346645630570542,1.8346645630570542,2,"L155,L156",4,True,non_critical,
1,20260708,L097->L184,L097,L184,True,True,21.648461416338748,21.648461416338748,0.0,0.9999999999999998,"L018,L019,L030,L045,L046,L056,L057,L058,L060,L065,L091,L097,L102,L104,L109,L111,L113,L115,L128,L129,L134,L140,L148,L149,L150,L153,L154,L155,L156,L157,L158,L160,L169,L178,L179,L182,L184",37,1.0219258164245664,1.0219258164245664,0,,35,False,island_only,
1,20260708,L105->L097,L105,L097,True,True,36.767162588215044,36.767162588215044,0.0,1.0000000000000022,"L018,L030,L044,L045,L046,L056,L057,L058,L060,L065,L077,L078,L097,L102,L104,L105,L106,L109,L110,L111,L112,L115,L128,L134,L140,L153,L154,L155,L156,L158,L159,L160,L169,L178,L179,L182",36,7.628232041516798,7.628232041516798,33,"L018,L030,L044,L045,L046,L056,L057,L058,L060,L077,L078,L102,L104,L106,L109,L110,L111,L112,L115,L128,L134,L140,L153,L154,L155,L156,L158,L159,L160,L169,L178,L179,L182",34,True,relay_cascade,
1,20260708,L129->L177,L129,L177,True,False,0.0,0.0,0.0,1.0000000000000002,"L018,L045,L046,L060,L102,L109,L111,L113,L115,L128,L129,L134,L140,L150,L153,L155,L156,L158,L160,L169,L177,L178,L179,L182",24,8.199116237705756,8.199116237705756,19,"L018,L045,L046,L060,L102,L109,L111,L113,L115,L134,L140,L150,L153,L158,L160,L169,L178,L179,L182",22,True,non_critical,
1,20260708,L036->L180,L036,L180,True,True,7.272188818003705,7.272188818003705,0.0,1.0,"L018,L019,L020,L036,L045,L046,L060,L102,L111,L113,L115,L128,L134,L140,L155,L156,L158,L169,L178,L179,L180,L182",22,1.019694986919867,1.019694986919867,0,,20,False,island_only,
1,20260708,L034->L159,L034,L159,True,False,0.0,0.0,0.0,1.0,"L018,L034,L040,L044,L045,L046,L060,L102,L109,L111,L113,L115,L128,L134,L140,L154,L155,L156,L158,L159,L160,L178,L179,L182",24,1.668929592954466,1.668929592954466,3,"L044,L154,L160",22,True,non_critical,
1,20260708,L169->L052,L169,L052,True,False,0.0,0.0,0.0,1.0000000000000009,"L052,L060,L169",3,1.2394265051149878,1.2394265051149878,1,L060,1,True,non_critical,
1,20260708,L151->L046,L151,L046,True,False,0.0,0.0,0.0,1.000000000000001,"L046,L128,L151,L155",4,1.00108120167125,1.00108120167125,0,,2,False,non_critical,
1,20260708,L174->L013,L174,L013,True,False,0.0,0.0,0.0,1.0000000000000016,"L013,L018,L045,L046,L060,L102,L109,L111,L113,L115,L128,L134,L140,L155,L156,L158,L174,L175,L178,L179,L182",21,0.9736111153103171,0.9736111153103171,0,,19,False,non_critical,
1,20260708,L148->L048,L148,L048,True,False,0.0,0.0,0.0,1.0000000000000024,"L048,L128,L148,L155",4,1.1307593737497446,1.1307593737497446,0,,2,False,non_critical,
1,20260708,L100->L010,L100,L010,True,False,0.0,0.0,0.0,1.0000000000000042,"L010,L100",2,1.1290740177452137,1.1290740177452137,0,,0,False,non_critical,
1,20260708,L075->L059,L075,L059,True,True,18.346497960874867,18.346497960874867,0.0,1.0000000000000022,"L018,L045,L046,L059,L060,L075,L102,L113,L115,L128,L134,L140,L155,L156,L158,L178,L179,L182",18,28.988308451670477,28.988308451670477,16,"L018,L045,L046,L060,L102,L113,L115,L128,L134,L140,L155,L156,L158,L178,L179,L182",16,True,relay_cascade,
1,20260708,L127->L090,L127,L090,True,False,0.0,0.0,0.0,1.0000000000000042,"L090,L091,L127,L128",4,2.498065636994804,2.498065636994804,1,L091,2,True,non_critical,
1,20260708,L116->L065,L116,L065,True,False,0.0,0.0,0.0,1.000000000000023,"L065,L115,L116,L128",4,1.0159254321285223,1.0159254321285223,0,,2,False,non_critical,
1,20260708,L132->L028,L132,L028,True,False,0.0,0.0,0.0,1.0000000000000002,"L018,L028,L046,L060,L102,L113,L115,L128,L132,L134,L140,L155,L156,L158,L169,L178,L179,L182",18,29.546639231238004,29.546639231238004,15,"L018,L046,L060,L102,L113,L115,L134,L140,L155,L156,L158,L169,L178,L179,L182",16,True,non_critical,
1,20260708,L048->L147,L048,L147,True,True,43.59265123807146,43.59265123807146,0.0,1.0000000000000002,"L018,L045,L046,L048,L060,L102,L113,L115,L128,L134,L140,L147,L155,L156,L158,L178,L179,L182",18,8.053833564888894,8.053833564888894,16,"L018,L045,L046,L060,L102,L113,L115,L128,L134,L140,L155,L156,L158,L178,L179,L182",16,True,relay_cascade,
1,20260708,L165->L180,L165,L180,True,True,7.272188818003705,7.272188818003705,0.0,1.0000000000000002,"L018,L045,L046,L060,L102,L109,L111,L113,L115,L128,L134,L140,L155,L156,L158,L165,L178,L179,L180,L182",20,29.16006258857447,29.16006258857447,18,"L018,L045,L046,L060,L102,L109,L111,L113,L115,L128,L134,L140,L155,L156,L158,L178,L179,L182",18,True,relay_cascade,
1,20260708,L103->L012,L103,L012,True,False,0.0,0.0,0.0,1.000000000000023,"L012,L018,L102,L103",4,1.6716628431122447,1.6716628431122447,1,L018,2,True,non_critical,
1,20260708,L033->L124,L033,L124,True,False,0.0,0.0,0.0,1.0000000000000007,"L018,L033,L045,L046,L060,L102,L113,L115,L124,L128,L134,L140,L155,L156,L158,L169,L178,L179,L180,L182",20,1.1715463637063837,1.1715463637063837,0,,18,False,non_critical,
1,20260708,L122->L105,L122,L105,True,False,0.0,0.0,0.0,1.0000000000000022,"L018,L045,L046,L060,L065,L078,L102,L104,L105,L109,L111,L113,L115,L122,L128,L134,L140,L155,L156,L158,L169,L178,L179,L182",24,28.90469736348322,28.90469736348322,21,"L018,L045,L046,L060,L065,L078,L102,L104,L109,L111,L113,L115,L134,L140,L155,L156,L158,L169,L178,L179,L182",22,True,non_critical,
1,20260708,L069->L042,L069,L042,True,False,0.0,0.0,0.0,1.0000000000000002,"L018,L042,L045,L046,L060,L069,L102,L113,L115,L128,L134,L140,L155,L156,L158,L169,L178,L179,L182",19,29.840240410015582,29.840240410015582,17,"L018,L045,L046,L060,L102,L113,L115,L128,L134,L140,L155,L156,L158,L169,L178,L179,L182",17,True,non_critical,
1,20260708,L018->L114,L018,L114,True,False,0.0,0.0,0.0,1.000000000000007,"L018,L111,L114,L115",4,2.9518619565060655,2.9518619565060655,2,"L111,L115",2,True,non_critical,
1,20260708,L164->L099,L164,L099,True,False,0.0,0.0,0.0,1.0000000000000042,"L060,L099,L102,L164",4,2.7186044086418613,2.7186044086418613,2,"L060,L102",2,True,non_critical,
1,20260708,L070->L036,L070,L036,True,True,22.50545676159403,22.50545676159403,0.0,1.0000000000000009,"L018,L019,L020,L036,L044,L045,L046,L048,L060,L070,L102,L109,L111,L113,L115,L128,L134,L140,L155,L156,L158,L178,L179,L182",24,28.94747227821974,28.94747227821974,22,"L018,L019,L020,L044,L045,L046,L048,L060,L102,L109,L111,L113,L115,L128,L134,L140,L155,L156,L158,L178,L179,L182",22,True,relay_cascade,
1,20260708,L110->L085,L110,L085,True,False,0.0,0.0,0.0,1.0,"L018,L045,L046,L060,L085,L102,L109,L110,L111,L115,L128,L134,L140,L155,L156,L158,L169,L178,L179,L182",20,1.0744502427694775,1.0744502427694775,0,,18,False,non_critical,
1,20260708,L158->L031,L158,L031,True,False,0.0,0.0,0.0,1.0000000000000002,"L018,L031,L045,L046,L060,L102,L109,L111,L113,L115,L128,L134,L140,L155,L156,L158,L169,L178,L179,L182",20,37.693219498483174,37.693219498483174,18,"L018,L045,L046,L060,L102,L109,L111,L113,L115,L128,L134,L140,L155,L156,L169,L178,L179,L182",18,True,non_critical,
1,20260708,L012->L122,L012,L122,True,False,0.0,0.0,0.0,1.000000000000005,"L012,L018,L122,L128,L155",5,3.0210567521613547,3.0210567521613547,2,"L128,L155",3,True,non_critical,
1,20260708,L122->L149,L122,L149,True,False,0.0,0.0,0.0,1.000000000000017,"L122,L128,L140,L149,L156",5,2.845670847807861,2.845670847807861,2,"L140,L156",3,True,non_critical,
1,20260708,L067->L133,L067,L133,True,True,20.77635989697293,20.77635989697293,0.0,1.0000000000000004,"L018,L045,L046,L060,L067,L102,L113,L115,L128,L133,L134,L140,L155,L156,L158,L178,L179,L182",18,30.28244478601709,30.28244478601709,16,"L018,L045,L046,L060,L102,L113,L115,L128,L134,L140,L155,L156,L158,L178,L179,L182",16,True,relay_cascade,
1,20260708,L018->L153,L018,L153,True,False,0.0,0.0,0.0,1.000000000000023,"L018,L128,L153,L155",4,1.8981881807421708,1.8981881807421708,2,"L128,L155",2,True,non_critical,
1,20260708,L057->L067,L057,L067,True,False,0.0,0.0,0.0,1.0000000000000004,"L057,L067,L102",3,1.2089282794949319,1.2089282794949319,1,L102,1,True,non_critical,
1,20260708,L172->L114,L172,L114,True,False,0.0,0.0,0.0,1.0000000000000036,"L114,L172",2,1.093229390872289,1.093229390872289,0,,0,False,non_critical,
1,20260708,L186->L024,L186,L024,True,False,0.0,0.0,0.0,1.000000000000023,"L018,L024,L178,L186",4,2.0539853341020176,2.0539853341020176,2,"L018,L178",2,True,non_critical,
1,20260708,L032->L142,L032,L142,True,False,0.0,0.0,0.0,1.0000000000000009,"L018,L032,L045,L046,L060,L102,L111,L113,L115,L128,L134,L140,L142,L155,L156,L158,L169,L178,L179,L182",20,1.0252113958070148,1.0252113958070148,0,,18,False,non_critical,
1,20260708,L108->L104,L108,L104,True,False,0.0,0.0,0.0,1.000000000000008,"L060,L065,L104,L108,L109,L111,L115,L128,L178",9,1.9353248016046085,1.9353248016046085,4,"L060,L065,L109,L178",7,True,non_critical,
1,20260708,L088->L117,L088,L117,True,False,0.0,0.0,0.0,1.0000000000000342,"L088,L111,L115,L117",4,4.505047325403992,4.505047325403992,2,"L111,L115",2,True,non_critical,
1,20260708,L122->L139,L122,L139,True,False,0.0,0.0,0.0,1.000000000000023,"L122,L128,L139,L140",4,2.518946657505413,2.518946657505413,1,L140,2,True,non_critical,
1,20260708,L080->L063,L080,L063,True,False,0.0,0.0,0.0,1.0000000000000002,"L018,L030,L045,L046,L060,L063,L065,L080,L102,L104,L109,L111,L113,L115,L128,L134,L140,L155,L156,L158,L169,L178,L179,L182",24,28.828828632764928,28.828828632764928,22,"L018,L030,L045,L046,L060,L065,L102,L104,L109,L111,L113,L115,L128,L134,L140,L155,L156,L158,L169,L178,L179,L182",22,True,non_critical,
1,20260708,L018->L132,L018,L132,True,False,0.0,0.0,0.0,1.0000000000000042,"L018,L128,L132",3,4.438220127492204,4.438220127492204,1,L128,1,True,non_critical,
1,20260708,L169->L178,L169,L178,True,False,0.0,0.0,0.0,1.000000000000005,"L169,L178",2,1.0593940089869447,1.0593940089869447,0,,0,False,non_critical,
1,20260708,L181->L003,L181,L003,True,False,0.0,0.0,0.0,1.0000000000000007,"L003,L018,L045,L046,L060,L102,L109,L111,L113,L115,L128,L134,L140,L155,L156,L158,L178,L179,L181,L182",20,1.1962937038550345,1.1962937038550345,0,,18,False,non_critical,
1,20260708,L153->L030,L153,L030,True,False,0.0,0.0,0.0,1.0000000000000022,"L030,L128,L153,L155",4,1.0919818641010794,1.0919818641010794,0,,2,False,non_critical,
1,20260708,L022->L104,L022,L104,True,False,0.0,0.0,0.0,1.0000000000000022,"L018,L022,L045,L046,L060,L065,L102,L104,L109,L111,L113,L115,L128,L134,L140,L155,L156,L158,L169,L178,L179,L182",22,29.966488789024627,29.966488789024627,20,"L018,L045,L046,L060,L065,L102,L109,L111,L113,L115,L128,L134,L140,L155,L156,L158,L169,L178,L179,L182",20,True,non_critical,
1,20260708,L008->L041,L008,L041,True,False,0.0,0.0,0.0,1.0000000000000007,"L008,L017,L018,L019,L020,L022,L037,L041,L045,L046,L060,L102,L113,L115,L128,L134,L140,L155,L156,L158,L169,L178,L179,L182",24,1.085036721737999,1.085036721737999,0,,22,False,non_critical,
1,20260708,L066->L163,L066,L163,True,False,0.0,0.0,0.0,1.0000000000000675,"L066,L163",2,1.1127880934432428,1.1127880934432428,0,,0,False,non_critical,
1,20260708,L148->L078,L148,L078,True,False,0.0,0.0,0.0,1.0000000000000002,"L078,L128,L148,L155",4,1.0440938345125015,1.0440938345125015,0,,2,False,non_critical,
1,20260708,L105->L181,L105,L181,True,True,20.772296104867053,20.772296104867053,0.0,1.0000000000000002,"L018,L045,L046,L060,L065,L102,L105,L109,L111,L113,L115,L128,L134,L140,L155,L156,L158,L178,L179,L181,L182",21,28.890989329711847,28.890989329711847,18,"L018,L045,L046,L060,L102,L109,L111,L113,L115,L128,L134,L140,L155,L156,L158,L178,L179,L182",19,True,relay_cascade,
1,20260708,L024->L121,L024,L121,True,False,0.0,0.0,0.0,1.000000000000001,"L024,L121,L128,L155",4,9.006787632521723,9.006787632521723,2,"L128,L155",2,True,non_critical,
1,20260708,L054->L156,L054,L156,True,False,0.0,0.0,0.0,1.0,"L018,L030,L044,L045,L046,L054,L065,L102,L104,L109,L111,L113,L115,L128,L134,L140,L148,L149,L150,L153,L154,L155,L156,L157,L158,L160,L169,L178,L179,L182",30,1.0028222228137098,1.0028222228137098,0,,28,False,non_critical,
1,20260708,L160->L050,L160,L050,True,True,18.346497960874867,18.346497960874867,0.0,1.0,"L018,L045,L046,L050,L059,L060,L102,L109,L111,L112,L113,L115,L128,L134,L140,L153,L154,L155,L156,L158,L160,L178,L179,L182",24,6.265021338740473,6.265021338740473,20,"L018,L045,L046,L059,L060,L102,L109,L111,L112,L113,L115,L134,L140,L153,L154,L156,L158,L178,L179,L182",22,True,relay_cascade,
1,20260708,L067->L097,L067,L097,True,False,0.0,0.0,0.0,1.0000000000000007,"L060,L067,L097,L102",4,2.55047737788746,2.55047737788746,2,"L060,L102",2,True,non_critical,
1,20260708,L156->L123,L156,L123,True,False,0.0,0.0,0.0,1.0000000000000675,"L123,L128,L155,L156",4,4.1521840569367985,4.1521840569367985,2,"L128,L155",2,True,non_critical,
1,20260708,L106->L172,L106,L172,True,False,0.0,0.0,0.0,1.000000000000023,"L106,L172",2,1.0893637595215395,1.0893637595215395,0,,0,False,non_critical,
1,20260708,L173->L111,L173,L111,True,False,0.0,0.0,0.0,1.0000000000000042,"L111,L115,L173",3,1.2778916949140073,1.2778916949140073,1,L115,1,True,non_critical,
1,20260708,L064->L077,L064,L077,True,False,0.0,0.0,0.0,1.000000000000023,"L064,L077",2,1.0006421571428696,1.0006421571428696,0,,0,False,non_critical,
1,20260708,L054->L137,L054,L137,True,False,0.0,0.0,0.0,1.0,"L018,L030,L044,L045,L046,L054,L065,L102,L104,L109,L111,L113,L115,L128,L134,L137,L140,L148,L149,L150,L153,L154,L155,L156,L157,L158,L160,L169,L178,L179,L182",31,1.0028222228137098,1.0028222228137098,0,,29,False,non_critical,
1,20260708,L179->L071,L179,L071,True,True,70.56694602954055,70.56694602954055,0.0,1.0000000000000009,"L018,L045,L046,L060,L071,L074,L082,L102,L113,L115,L128,L134,L140,L155,L156,L158,L178,L179,L182",19,28.19618542060599,28.19618542060599,17,"L018,L045,L046,L060,L074,L082,L102,L113,L115,L128,L134,L140,L155,L156,L158,L178,L182",17,True,relay_cascade,
1,20260708,L025->L118,L025,L118,True,False,0.0,0.0,0.0,1.0,"L018,L025,L045,L046,L060,L102,L113,L115,L118,L128,L134,L140,L155,L156,L158,L178,L179,L182,L186",19,28.82861966054831,28.82861966054831,17,"L018,L045,L046,L060,L102,L113,L115,L128,L134,L140,L155,L156,L158,L178,L179,L182,L186",17,True,non_critical,
1,20260708,L159->L109,L159,L109,True,False,0.0,0.0,0.0,1.0000000000000036,"L109,L115,L128,L155,L159",5,1.3034293376959578,1.3034293376959578,1,L115,3,True,non_critical,
1,20260708,L108->L156,L108,L156,True,False,0.0,0.0,0.0,1.000000000000023,"L108,L111,L115,L128,L155,L156",6,1.5847127793057723,1.5847127793057723,1,L155,4,True,non_critical,
1,20260708,L097->L049,L097,L049,True,False,0.0,0.0,0.0,1.0,"L018,L019,L030,L045,L046,L049,L056,L057,L058,L060,L065,L091,L097,L102,L104,L109,L111,L113,L115,L128,L129,L134,L140,L148,L149,L150,L153,L154,L155,L156,L157,L158,L160,L169,L178,L179,L182",37,1.0219258164245664,1.0219258164245664,0,,35,False,non_critical,
1,20260708,L104->L142,L104,L142,True,False,0.0,0.0,0.0,1.0000000000000675,"L104,L142",2,1.001113965010034,1.001113965010034,0,,0,False,non_critical,
1,20260708,L084->L024,L084,L024,True,False,0.0,0.0,0.0,1.000000000000003,"L018,L024,L084,L178",4,1.9358362127135729,1.9358362127135729,2,"L018,L178",2,True,non_critical,
1,20260708,L023->L169,L023,L169,True,False,0.0,0.0,0.0,1.0,"L018,L023,L025,L026,L045,L046,L060,L102,L113,L115,L128,L134,L140,L155,L156,L158,L169,L178,L179,L182",20,1.0185116178439166,1.0185116178439166,0,,18,False,non_critical,
1,20260708,L011->L106,L011,L106,True,False,0.0,0.0,0.0,1.000000000000001,"L011,L018,L030,L045,L046,L060,L065,L102,L104,L106,L109,L111,L113,L115,L128,L134,L140,L155,L156,L158,L169,L178,L179,L182",24,28.828828632764928,28.828828632764928,21,"L030,L045,L046,L060,L065,L102,L104,L109,L111,L113,L115,L128,L134,L140,L155,L156,L158,L169,L178,L179,L182",22,True,non_critical,
1,20260708,L034->L172,L034,L172,True,False,0.0,0.0,0.0,1.0000000000000002,"L018,L034,L040,L045,L046,L060,L102,L109,L111,L113,L115,L128,L134,L140,L155,L156,L158,L169,L172,L178,L179,L182",22,1.2500381873894593,1.2500381873894593,1,L169,20,True,non_critical,
1,20260708,L163->L153,L163,L153,True,False,0.0,0.0,0.0,1.000000000000023,"L128,L153,L155,L156,L158,L163,L169",7,3.5769880526385682,3.5769880526385682,4,"L128,L155,L156,L158",5,True,non_critical,
1,20260708,L165->L159,L165,L159,True,False,0.0,0.0,0.0,1.000000000000023,"L128,L155,L159,L165",4,7.63082888567982,7.63082888567982,2,"L128,L155",2,True,non_critical,
1,20260708,L072->L034,L072,L034,True,True,41.04569367595296,41.04569367595296,0.0,1.0000000000000004,"L018,L034,L040,L045,L046,L060,L072,L102,L109,L111,L113,L115,L128,L134,L140,L155,L156,L158,L178,L179,L182",21,28.630191641565037,28.630191641565037,19,"L018,L040,L045,L046,L060,L102,L109,L111,L113,L115,L128,L134,L140,L155,L156,L158,L178,L179,L182",19,True,relay_cascade,
1,20260708,L178->L114,L178,L114,True,False,0.0,0.0,0.0,1.0000000000000064,"L114,L178",2,1.0379035017224476,1.0379035017224476,0,,0,False,non_critical,
1,20260708,L131->L073,L131,L073,True,False,0.0,0.0,0.0,1.000000000000023,"L073,L128,L131",3,1.0054287504418193,1.0054287504418193,0,,1,False,non_critical,
1,20260708,L022->L101,L022,L101,True,False,0.0,0.0,0.0,1.0000000000000007,"L022,L101",2,1.007393734454029,1.007393734454029,0,,0,False,non_critical,
1,20260708,L016->L178,L016,L178,True,False,0.0,0.0,0.0,1.0,"L016,L018,L045,L046,L060,L102,L109,L111,L113,L115,L128,L134,L140,L155,L156,L158,L178,L179,L182",19,1.193111503125397,1.193111503125397,0,,17,False,non_critical,
1,20260708,L184->L151,L184,L151,True,False,0.0,0.0,0.0,1.000000000000001,"L018,L045,L046,L060,L102,L109,L111,L113,L115,L128,L134,L140,L151,L155,L156,L158,L178,L179,L182,L184",20,1.1960341613885375,1.1960341613885375,0,,18,False,non_critical,
1,20260708,L082->L122,L082,L122,True,False,0.0,0.0,0.0,1.0000000000000675,"L082,L122,L128,L155",4,3.0210817452366068,3.0210817452366068,2,"L128,L155",2,True,non_critical,
1,20260708,L045->L136,L045,L136,True,False,0.0,0.0,0.0,1.000000000000002,"L045,L128,L136",3,3.0683611382750464,3.0683611382750464,1,L128,1,True,non_critical,
1,20260708,L045->L160,L045,L160,True,False,0.0,0.0,0.0,1.0,"L045,L128,L155,L160",4,4.792188870758341,4.792188870758341,2,"L128,L155",2,True,non_critical,
1,20260708,L170->L035,L170,L035,True,False,0.0,0.0,0.0,1.000000000000017,"L035,L170,L182",3,2.3919483891448046,2.3919483891448046,1,L182,1,True,non_critical,
1,20260708,L097->L101,L097,L101,True,False,0.0,0.0,0.0,1.0000000000000009,"L018,L019,L030,L045,L046,L056,L057,L058,L060,L065,L091,L097,L101,L102,L104,L109,L111,L113,L115,L128,L129,L134,L140,L148,L149,L150,L153,L154,L155,L156,L157,L158,L160,L169,L178,L179,L182",37,1.0219258164245664,1.0219258164245664,0,,35,False,non_critical,
1,20260708,L125->L157,L125,L157,True,False,0.0,0.0,0.0,1.0000000000000009,"L125,L128,L155,L157",4,5.329098452857139,5.329098452857139,1,L155,2,True,non_critical,
1,20260708,L047->L176,L047,L176,True,False,0.0,0.0,0.0,1.0000000000000047,"L018,L045,L046,L047,L060,L102,L109,L111,L113,L115,L128,L134,L140,L155,L156,L158,L176,L178,L179,L182",20,0.9014679020393467,0.9014679020393467,0,,18,False,non_critical,
1,20260708,L181->L173,L181,L173,True,False,0.0,0.0,0.0,1.000000000000001,"L018,L045,L046,L060,L102,L109,L111,L113,L115,L128,L134,L140,L155,L156,L158,L173,L178,L179,L181,L182",20,1.0922761825625134,1.0922761825625134,0,,18,False,non_critical,
1,20260708,L185->L083,L185,L083,True,False,0.0,0.0,0.0,1.0000000000000004,"L018,L045,L046,L060,L083,L102,L111,L113,L115,L128,L134,L140,L155,L156,L158,L178,L179,L182,L185,L186",20,1.1920443979574367,1.1920443979574367,0,,18,False,non_critical,
1,20260708,L094->L115,L094,L115,True,False,0.0,0.0,0.0,1.0000000000000142,"L094,L102,L115",3,1.0285343224828474,1.0285343224828474,0,,1,False,non_critical,
1,20260708,L131->L149,L131,L149,True,False,0.0,0.0,0.0,1.0000000000000044,"L128,L131,L149",3,1.1008028455040275,1.1008028455040275,0,,1,False,non_critical,
1,20260708,L008->L097,L008,L097,True,True,95.4310507703569,95.4310507703569,0.0,1.0000000000000002,"L008,L017,L018,L019,L020,L022,L030,L037,L045,L046,L056,L057,L060,L065,L097,L102,L104,L109,L110,L111,L112,L113,L114,L115,L128,L129,L134,L140,L148,L149,L150,L153,L154,L155,L156,L157,L158,L159,L160,L169,L178,L179,L182",43,16.104347891931933,16.104347891931933,19,"L030,L056,L057,L065,L104,L109,L110,L111,L112,L114,L129,L148,L149,L150,L153,L154,L157,L159,L160",41,True,relay_cascade,
1,20260708,L056->L035,L056,L035,True,False,0.0,0.0,0.0,1.000000000000007,"L035,L056,L182",3,2.5129821089914905,2.5129821089914905,1,L182,1,True,non_critical,
1,20260708,L135->L180,L135,L180,True,True,7.272188818003705,7.272188818003705,0.0,1.0000000000000002,"L018,L045,L046,L060,L102,L109,L111,L113,L115,L128,L134,L135,L140,L155,L156,L158,L169,L178,L179,L180,L182",21,28.66952858159415,28.66952858159415,18,"L018,L045,L046,L060,L102,L109,L111,L113,L115,L134,L140,L155,L156,L158,L169,L178,L179,L182",19,True,relay_cascade,
1,20260708,L135->L066,L135,L066,True,False,0.0,0.0,0.0,1.0000000000000042,"L066,L102,L128,L135",4,1.2542610842232031,1.2542610842232031,1,L102,2,True,non_critical,
1,20260708,L101->L009,L101,L009,True,True,95.4310507703569,95.4310507703569,0.0,1.0,"L009,L018,L019,L030,L045,L046,L060,L065,L101,L102,L104,L109,L111,L113,L115,L128,L129,L134,L140,L148,L149,L150,L153,L154,L155,L156,L157,L158,L160,L169,L178,L179,L182",33,33.0841569951471,33.0841569951471,31,"L018,L019,L030,L045,L046,L060,L065,L102,L104,L109,L111,L113,L115,L128,L129,L134,L140,L148,L149,L150,L153,L154,L155,L156,L157,L158,L160,L169,L178,L179,L182",31,True,relay_cascade,
1,20260708,L137->L148,L137,L148,True,False,0.0,0.0,0.0,1.0000000000000044,"L128,L137,L148,L155,L156",5,1.015780496758307,1.015780496758307,0,,3,False,non_critical,
1,20260708,L186->L042,L186,L042,True,False,0.0,0.0,0.0,1.000000000000005,"L042,L182,L186",3,5.6826707153594835,5.6826707153594835,1,L182,1,True,non_critical,
1,20260708,L119->L047,L119,L047,True,True,31.300605334860514,31.300605334860514,0.0,1.0000000000000002,"L018,L045,L046,L047,L060,L102,L109,L111,L113,L115,L119,L128,L134,L140,L155,L156,L158,L178,L179,L182",20,28.25521087957503,28.25521087957503,16,"L018,L045,L046,L060,L102,L109,L111,L113,L134,L140,L155,L156,L158,L178,L179,L182",18,True,relay_cascade,
1,20260708,L090->L102,L090,L102,True,False,0.0,0.0,0.0,1.000000000000003,"L090,L091,L102",3,1.1057180472614632,1.1057180472614632,0,,1,False,non_critical,
1,20260708,L110->L042,L110,L042,True,False,0.0,0.0,0.0,1.0000000000000002,"L018,L042,L045,L046,L060,L102,L109,L110,L111,L115,L128,L134,L140,L155,L156,L158,L169,L178,L179,L182",20,1.0744502427694775,1.0744502427694775,0,,18,False,non_critical,
1,20260708,L110->L174,L110,L174,True,False,0.0,0.0,0.0,1.0000000000000007,"L018,L045,L046,L060,L102,L109,L110,L111,L115,L128,L134,L140,L155,L156,L158,L169,L174,L178,L179,L182",20,1.0744502427694762,1.0744502427694762,0,,18,False,non_critical,
1,20260708,L014->L020,L014,L020,True,False,0.0,0.0,0.0,1.000000000000002,"L014,L018,L020",3,1.5041276740790193,1.5041276740790193,1,L018,1,True,non_critical,
1,20260708,L071->L172,L071,L172,True,False,0.0,0.0,0.0,1.0000000000000047,"L018,L045,L046,L060,L071,L074,L082,L102,L113,L115,L128,L134,L140,L155,L156,L158,L169,L172,L178,L179,L182",21,1.2355988086510368,1.2355988086510368,1,L169,19,True,non_critical,
1,20260708,L081->L037,L081,L037,True,False,0.0,0.0,0.0,1.0000000000000009,"L018,L019,L020,L037,L045,L046,L060,L081,L102,L111,L113,L115,L128,L134,L140,L155,L156,L158,L169,L178,L179,L182",22,30.09492610934204,30.09492610934204,20,"L018,L019,L020,L045,L046,L060,L102,L111,L113,L115,L128,L134,L140,L155,L156,L158,L169,L178,L179,L182",20,True,non_critical,
1,20260708,L093->L117,L093,L117,True,False,0.0,0.0,0.0,1.000000000000023,"L093,L102,L111,L115,L117",5,4.93665792047735,4.93665792047735,2,"L111,L115",3,True,non_critical,
1,20260708,L100->L042,L100,L042,True,False,0.0,0.0,0.0,1.0000000000000004,"L042,L100,L182",3,5.765234982863898,5.765234982863898,1,L182,1,True,non_critical,
1,20260708,L042->L089,L042,L089,True,False,0.0,0.0,0.0,1.0000000000000036,"L042,L089,L182",3,1.065574995344093,1.065574995344093,0,,1,False,non_critical,
1,20260708,L156->L125,L156,L125,True,False,0.0,0.0,0.0,1.0000000000000675,"L125,L156",2,1.032737886081099,1.032737886081099,0,,0,False,non_critical,
1,20260708,L121->L028,L121,L028,True,False,0.0,0.0,0.0,1.0,"L018,L028,L046,L060,L102,L113,L115,L121,L128,L134,L140,L155,L156,L158,L169,L178,L179,L182",18,28.904697363483248,28.904697363483248,15,"L018,L046,L060,L102,L113,L115,L134,L140,L155,L156,L158,L169,L178,L179,L182",16,True,non_critical,
1,20260708,L014->L142,L014,L142,True,False,0.0,0.0,0.0,1.0000000000000004,"L014,L142",2,1.0852792407691498,1.0852792407691498,0,,0,False,non_critical,
1,20260708,L078->L108,L078,L108,True,False,0.0,0.0,0.0,1.0000000000000153,"L018,L030,L045,L046,L057,L060,L065,L078,L102,L104,L108,L109,L111,L114,L115,L128,L134,L140,L155,L156,L158,L169,L178,L179,L182",25,29.29129986287549,29.29129986287549,23,"L018,L030,L045,L046,L057,L060,L065,L102,L104,L109,L111,L114,L115,L128,L134,L140,L155,L156,L158,L169,L178,L179,L182",23,True,non_critical,
1,20260708,L136->L078,L136,L078,True,False,0.0,0.0,0.0,1.000000000000023,"L078,L128,L136,L155",4,1.0439935130066846,1.0439935130066846,0,,2,False,non_critical,
1,20260708,L118->L151,L118,L151,True,False,0.0,0.0,0.0,1.000000000000002,"L018,L045,L046,L060,L102,L113,L115,L118,L128,L134,L140,L151,L155,L156,L158,L178,L179,L182,L186",19,1.1960233171551111,1.1960233171551111,0,,17,False,non_critical,
1,20260708,L067->L154,L067,L154,True,False,0.0,0.0,0.0,1.0000000000000007,"L067,L128,L154,L155",4,7.610166645117564,7.610166645117564,2,"L128,L155",2,True,non_critical,
1,20260708,L136->L141,L136,L141,True,False,0.0,0.0,0.0,1.0000000000000018,"L018,L045,L046,L060,L102,L109,L111,L113,L115,L128,L134,L136,L140,L141,L143,L155,L158,L169,L178,L179,L182",21,9.002742059791814,9.002742059791814,17,"L018,L045,L046,L060,L102,L109,L111,L113,L115,L134,L140,L143,L158,L169,L178,L179,L182",19,True,non_critical,
1,20260708,L172->L129,L172,L129,True,True,7.670172124657226,0.0,7.670172124657226,1.0000000000000027,"L128,L129,L156,L172",4,7.527445496205613,7.527445496205613,2,"L128,L156",2,True,relay_cascade,
1,20260708,L142->L059,L142,L059,True,True,18.346497960874867,18.346497960874867,0.0,1.0000000000000002,"L018,L045,L046,L059,L060,L102,L113,L115,L128,L134,L140,L142,L155,L156,L158,L178,L179,L182",18,28.24106017223505,28.24106017223505,15,"L018,L045,L046,L060,L102,L113,L115,L134,L140,L155,L156,L158,L178,L179,L182",16,True,relay_cascade,
1,20260708,L025->L165,L025,L165,True,False,0.0,0.0,0.0,1.0000000000000002,"L025,L165",2,1.0236036031584619,1.0236036031584619,0,,0,False,non_critical,
1,20260708,L091->L105,L091,L105,True,False,0.0,0.0,0.0,1.000000000000001,"L045,L060,L065,L091,L105,L111,L128",7,1.9394143103792723,1.9394143103792723,5,"L045,L060,L065,L111,L128",5,True,non_critical,
1,20260708,L163->L143,L163,L143,True,False,0.0,0.0,0.0,1.0000000000000004,"L143,L163,L169",3,1.0040644864778692,1.0040644864778692,0,,1,False,non_critical,
1,20260708,L030->L029,L030,L029,True,True,0.9626995955693163,0.0,0.9626995955693163,1.0,"L018,L029,L030,L046,L060,L102,L109,L111,L112,L113,L115,L128,L134,L140,L155,L156,L158,L169,L178,L179,L182",21,29.78798574173102,29.78798574173102,19,"L018,L046,L060,L102,L109,L111,L112,L113,L115,L128,L134,L140,L155,L156,L158,L169,L178,L179,L182",19,True,relay_cascade,
1,20260708,L089->L084,L089,L084,True,False,0.0,0.0,0.0,1.0000000000000022,"L084,L089",2,1.009734201600569,1.009734201600569,0,,0,False,non_critical,
1,20260708,L043->L023,L043,L023,True,False,0.0,0.0,0.0,1.0000000000000007,"L018,L023,L043,L182",4,1.439987912830866,1.439987912830866,1,L018,2,True,non_critical,
1,20260708,L015->L140,L015,L140,True,False,0.0,0.0,0.0,1.000000000000003,"L015,L128,L140",3,1.2546543583208876,1.2546543583208876,1,L128,1,True,non_critical,
1,20260708,L122->L001,L122,L001,True,False,0.0,0.0,0.0,1.0000000000000022,"L001,L122,L128",3,1.0103625375355598,1.0103625375355598,0,,1,False,non_critical,
1,20260708,L022->L133,L022,L133,True,True,20.77635989697293,20.77635989697293,0.0,1.0000000000000004,"L018,L022,L045,L046,L060,L102,L113,L115,L128,L133,L134,L140,L155,L156,L158,L178,L179,L182",18,30.280981951351645,30.280981951351645,16,"L018,L045,L046,L060,L102,L113,L115,L128,L134,L140,L155,L156,L158,L178,L179,L182",16,True,relay_cascade,
1,20260708,L001->L125,L001,L125,True,False,0.0,0.0,0.0,1.0000000000000142,"L001,L125",2,1.0459179373731513,1.0459179373731513,0,,0,False,non_critical,
1,20260708,L162->L064,L162,L064,True,False,0.0,0.0,0.0,1.0000000000000036,"L064,L128,L155,L162",4,1.0528616405678697,1.0528616405678697,0,,2,False,non_critical,
1,20260708,L128->L136,L128,L136,True,False,0.0,0.0,0.0,1.0000000000000675,"L128,L136,L155",3,1.3081636732272048,1.3081636732272048,1,L155,1,True,non_critical,
1,20260708,L160->L017,L160,L017,True,True,14.684099265673353,14.684099265673353,0.0,1.0000000000000007,"L017,L018,L019,L044,L045,L046,L060,L102,L109,L111,L113,L115,L128,L134,L140,L153,L154,L155,L156,L158,L160,L178,L179,L182",24,8.75813129085059,8.75813129085059,20,"L018,L019,L044,L045,L046,L060,L102,L109,L111,L113,L115,L134,L140,L153,L154,L156,L158,L178,L179,L182",22,True,relay_cascade,
1,20260708,L010->L090,L010,L090,True,False,0.0,0.0,0.0,1.0000000000000009,"L010,L018,L090,L091",4,2.539483190921148,2.539483190921148,1,L091,2,True,non_critical,
1,20260708,L179->L006,L179,L006,True,False,0.0,0.0,0.0,1.000000000000006,"L006,L179",2,1.0000067976332379,1.0000067976332379,0,,0,False,non_critical,
1,20260708,L141->L072,L141,L072,True,False,0.0,0.0,0.0,1.0000000000000675,"L072,L128,L140,L141,L156",5,1.0684615034233116,1.0684615034233116,0,,3,False,non_critical,
1,20260708,L016->L083,L016,L083,True,False,0.0,0.0,0.0,1.0,"L016,L018,L045,L046,L060,L083,L102,L109,L111,L113,L115,L128,L134,L140,L155,L156,L158,L178,L179,L182",20,1.193111503125397,1.193111503125397,0,,18,False,non_critical,
1,20260708,L073->L186,L073,L186,True,False,0.0,0.0,0.0,1.000000000000023,"L073,L115,L128,L186",4,1.5640650072273294,1.5640650072273294,2,"L115,L128",2,True,non_critical,
1,20260708,L171->L083,L171,L083,True,False,0.0,0.0,0.0,1.0000000000000675,"L083,L171",2,1.0498696554968485,1.0498696554968485,0,,0,False,non_critical,
1,20260708,L011->L049,L011,L049,True,False,0.0,0.0,0.0,1.0000000000000004,"L011,L018,L045,L046,L049,L060,L102,L113,L115,L128,L134,L140,L155,L156,L158,L169,L178,L179,L182",19,29.41440484163034,29.41440484163034,16,"L045,L046,L060,L102,L113,L115,L128,L134,L140,L155,L156,L158,L169,L178,L179,L182",17,True,non_critical,
1,20260708,L103->L025,L103,L025,True,False,0.0,0.0,0.0,1.0000000000000016,"L025,L102,L103",3,1.1552354433040435,1.1552354433040435,0,,1,False,non_critical,
1,20260708,L048->L019,L048,L019,True,False,0.0,0.0,0.0,1.0000000000000675,"L018,L019,L048",3,1.5950448865363487,1.5950448865363487,1,L018,1,True,non_critical,
1,20260708,L024->L044,L024,L044,True,False,0.0,0.0,0.0,1.0000000000000675,"L024,L044,L045,L115",4,1.2777042168073405,1.2777042168073405,2,"L045,L115",2,True,non_critical,
1,20260708,L158->L135,L158,L135,True,False,0.0,0.0,0.0,1.0000000000000342,"L128,L135,L156,L158",4,5.033488436578928,5.033488436578928,2,"L128,L156",2,True,non_critical,
1,20260708,L177->L126,L177,L126,True,False,0.0,0.0,0.0,1.0,"L018,L045,L046,L060,L102,L113,L115,L126,L128,L134,L140,L155,L156,L158,L169,L177,L178,L179,L182",19,1.1548237620697963,1.1548237620697963,0,,17,False,non_critical,
1,20260708,L154->L131,L154,L131,True,False,0.0,0.0,0.0,1.000000000000023,"L128,L131,L154,L155",4,1.0665313221874781,1.0665313221874781,0,,2,False,non_critical,
1,20260708,L186->L104,L186,L104,True,False,0.0,0.0,0.0,1.0000000000000209,"L045,L065,L077,L078,L102,L104,L109,L111,L115,L178,L182,L186",12,3.2003655461183325,3.2003655461183325,10,"L045,L065,L077,L078,L102,L109,L111,L115,L178,L182",10,True,non_critical,
1,20260708,L022->L171,L022,L171,True,False,0.0,0.0,0.0,1.0000000000000675,"L022,L171",2,1.000000000000015,1.000000000000015,0,,0,False,non_critical,
1,20260708,L167->L120,L167,L120,True,False,0.0,0.0,0.0,1.000000000000005,"L120,L167,L169",3,1.0676438073507635,1.0676438073507635,0,,1,False,non_critical,
1,20260708,L019->L122,L019,L122,True,False,0.0,0.0,0.0,1.0000000000000022,"L019,L122,L128",3,2.780677351597286,2.780677351597286,1,L128,1,True,non_critical,
1,20260708,L090->L094,L090,L094,True,False,0.0,0.0,0.0,1.000000000000023,"L060,L077,L078,L090,L091,L094,L102",7,2.470931006709107,2.470931006709107,4,"L060,L077,L078,L102",5,True,non_critical,
1,20260708,L144->L106,L144,L106,True,False,0.0,0.0,0.0,1.000000000000001,"L018,L030,L045,L046,L060,L065,L102,L104,L106,L109,L111,L113,L115,L128,L134,L140,L144,L155,L156,L158,L169,L178,L179,L182",24,3.7124581511453787,3.7124581511453787,19,"L018,L030,L045,L046,L060,L065,L102,L104,L109,L111,L113,L115,L134,L140,L158,L169,L178,L179,L182",22,True,non_critical,
1,20260708,L141->L092,L141,L092,True,False,0.0,0.0,0.0,1.000000000000023,"L092,L128,L140,L141,L156",5,1.0112935020430214,1.0112935020430214,0,,3,False,non_critical,
1,20260708,L010->L132,L010,L132,True,False,0.0,0.0,0.0,1.000000000000023,"L010,L018,L128,L132",4,4.438220113856836,4.438220113856836,1,L128,2,True,non_critical,
1,20260708,L051->L182,L051,L182,True,False,0.0,0.0,0.0,1.0,"L018,L019,L030,L044,L045,L046,L051,L056,L057,L058,L060,L102,L109,L111,L113,L115,L128,L134,L140,L155,L156,L158,L178,L179,L182",25,1.1680661018790086,1.1680661018790086,0,,23,False,non_critical,
1,20260708,L036->L073,L036,L073,True,False,0.0,0.0,0.0,1.0000000000000002,"L018,L019,L020,L036,L045,L046,L060,L073,L102,L111,L113,L115,L128,L134,L140,L155,L156,L158,L169,L178,L179,L182",22,1.029722953788565,1.029722953788565,0,,20,False,non_critical,
1,20260708,L173->L048,L173,L048,True,False,0.0,0.0,0.0,1.000000000000006,"L048,L173",2,1.1300697350697317,1.1300697350697317,0,,0,False,non_critical,
1,20260708,L044->L021,L044,L021,True,False,0.0,0.0,0.0,1.0000000000000004,"L018,L019,L021,L024,L026,L044,L045,L046,L060,L102,L109,L111,L113,L115,L128,L134,L140,L155,L156,L158,L178,L179,L182",23,28.63776778510369,28.63776778510369,21,"L018,L019,L024,L026,L045,L046,L060,L102,L109,L111,L113,L115,L128,L134,L140,L155,L156,L158,L178,L179,L182",21,True,non_critical,
1,20260708,L028->L017,L028,L017,True,True,14.684099265673353,14.684099265673353,0.0,1.0000000000000009,"L017,L018,L019,L028,L045,L046,L060,L102,L109,L111,L113,L115,L128,L134,L140,L155,L156,L158,L178,L179,L182",21,29.032535094695294,29.032535094695294,19,"L018,L019,L045,L046,L060,L102,L109,L111,L113,L115,L128,L134,L140,L155,L156,L158,L178,L179,L182",19,True,relay_cascade,
1,20260708,L157->L042,L157,L042,True,False,0.0,0.0,0.0,1.000000000000002,"L042,L115,L128,L155,L157,L178,L182",7,6.538647334910541,6.538647334910541,3,"L115,L178,L182",5,True,non_critical,
1,20260708,L047->L059,L047,L059,True,True,18.346497960874867,18.346497960874867,0.0,1.0000000000000007,"L018,L045,L046,L047,L059,L060,L102,L109,L111,L113,L115,L128,L134,L140,L155,L156,L158,L178,L179,L182",20,1.1877402510077038,1.1877402510077038,0,,18,False,island_only,
1,20260708,L104->L002,L104,L002,True,False,0.0,0.0,0.0,1.000000000000009,"L001,L002,L018,L045,L046,L060,L102,L104,L109,L111,L113,L115,L128,L134,L140,L155,L156,L158,L169,L178,L179,L182",22,29.29482288129431,29.29482288129431,20,"L001,L018,L045,L046,L060,L102,L109,L111,L113,L115,L128,L134,L140,L155,L156,L158,L169,L178,L179,L182",20,True,non_critical,
1,20260708,L130->L090,L130,L090,True,False,0.0,0.0,0.0,1.000000000000023,"L090,L091,L128,L130",4,2.420707792549182,2.420707792549182,1,L091,2,True,non_critical,
1,20260708,L152->L131,L152,L131,True,False,0.0,0.0,0.0,1.0,"L018,L045,L046,L060,L102,L113,L115,L128,L131,L134,L140,L152,L155,L156,L158,L178,L179,L182",18,1.5299425895384795,1.5299425895384795,1,L156,16,True,non_critical,
1,20260708,L174->L177,L174,L177,True,False,0.0,0.0,0.0,1.0000000000000047,"L018,L045,L046,L060,L102,L109,L111,L113,L115,L128,L134,L140,L155,L156,L158,L174,L175,L177,L178,L179,L182",21,0.9696577987767068,0.9696577987767068,0,,19,False,non_critical,
1,20260708,L002->L119,L002,L119,True,False,0.0,0.0,0.0,1.0000000000000004,"L002,L018,L045,L046,L060,L102,L109,L111,L113,L115,L119,L126,L127,L128,L134,L140,L155,L156,L158,L169,L178,L179,L182",23,28.553094682178408,28.553094682178408,21,"L018,L045,L046,L060,L102,L109,L111,L113,L115,L126,L127,L128,L134,L140,L155,L156,L158,L169,L178,L179,L182",21,True,non_critical,
1,20260708,L075->L091,L075,L091,True,False,0.0,0.0,0.0,1.000000000000023,"L075,L091",2,1.0706028267840448,1.0706028267840448,0,,0,False,non_critical,
1,20260708,L186->L079,L186,L079,True,False,0.0,0.0,0.0,1.000000000000017,"L077,L078,L079,L186",4,1.7340991325794832,1.7340991325794832,2,"L077,L078",2,True,non_critical,
1,20260708,L143->L133,L143,L133,True,True,20.77635989697293,20.77635989697293,0.0,1.0000000000000002,"L018,L045,L046,L060,L102,L109,L111,L113,L115,L128,L133,L134,L140,L143,L155,L156,L158,L169,L178,L179,L182",21,30.283193387814695,30.283193387814695,19,"L018,L045,L046,L060,L102,L109,L111,L113,L115,L128,L134,L140,L155,L156,L158,L169,L178,L179,L182",19,True,relay_cascade,
1,20260708,L126->L034,L126,L034,True,True,41.04569367595296,41.04569367595296,0.0,1.0,"L018,L034,L040,L045,L046,L060,L102,L109,L111,L113,L115,L126,L128,L134,L140,L155,L156,L158,L178,L179,L182",21,28.162468137359724,28.162468137359724,18,"L018,L040,L045,L046,L060,L102,L109,L111,L113,L115,L134,L140,L155,L156,L158,L178,L179,L182",19,True,relay_cascade,
1,20260708,L062->L185,L062,L185,True,True,35.11713329264434,35.11713329264434,0.0,1.0000000000000002,"L018,L045,L046,L060,L062,L102,L111,L113,L115,L128,L134,L140,L155,L156,L158,L178,L179,L182,L185,L186",20,28.218889477843465,28.218889477843465,18,"L018,L045,L046,L060,L102,L111,L113,L115,L128,L134,L140,L155,L156,L158,L178,L179,L182,L186",18,True,relay_cascade,
1,20260708,L138->L172,L138,L172,True,False,0.0,0.0,0.0,1.000000000000023,"L138,L140,L169,L172",4,1.4566764848814664,1.4566764848814664,1,L169,2,True,non_critical,
1,20260708,L067->L026,L067,L026,True,False,0.0,0.0,0.0,1.0000000000000036,"L026,L067",2,1.0063692157065431,1.0063692157065431,0,,0,False,non_critical,
1,20260708,L167->L006,L167,L006,True,False,0.0,0.0,0.0,1.0000000000000013,"L006,L167,L169",3,1.000006637811989,1.000006637811989,0,,1,False,non_critical,
1,20260708,L172->L046,L172,L046,True,False,0.0,0.0,0.0,1.0000000000000036,"L046,L172",2,1.0011876630745242,1.0011876630745242,0,,0,False,non_critical,
1,20260708,L156->L043,L156,L043,True,False,0.0,0.0,0.0,1.000000000000006,"L043,L156,L182",3,5.384830918871142,5.384830918871142,1,L182,1,True,non_critical,
1,20260708,L130->L023,L130,L023,True,False,0.0,0.0,0.0,1.0000000000000018,"L018,L023,L128,L130",4,1.2806642545803586,1.2806642545803586,1,L018,2,True,non_critical,
1,20260708,L165->L051,L165,L051,True,True,36.767162588215044,36.767162588215044,0.0,1.0000000000000038,"L018,L019,L044,L045,L046,L051,L056,L057,L058,L060,L102,L109,L111,L113,L115,L128,L134,L140,L155,L156,L158,L165,L178,L179,L182",25,27.064821914347075,27.064821914347075,23,"L018,L019,L044,L045,L046,L056,L057,L058,L060,L102,L109,L111,L113,L115,L128,L134,L140,L155,L156,L158,L178,L179,L182",23,True,relay_cascade,
1,20260708,L071->L170,L071,L170,True,False,0.0,0.0,0.0,1.0000000000000018,"L018,L045,L046,L060,L071,L074,L082,L102,L113,L115,L128,L134,L140,L155,L156,L158,L169,L170,L178,L179,L182",21,1.4286012076510675,1.4286012076510675,1,L169,19,True,non_critical,
1,20260708,L052->L096,L052,L096,True,False,0.0,0.0,0.0,1.0,"L018,L045,L046,L052,L057,L060,L096,L102,L109,L111,L113,L115,L128,L134,L140,L155,L156,L158,L169,L178,L179,L182",22,29.92658388283424,29.92658388283424,20,"L018,L045,L046,L057,L060,L102,L109,L111,L113,L115,L128,L134,L140,L155,L156,L158,L169,L178,L179,L182",20,True,non_critical,
1,20260708,L037->L030,L037,L030,True,False,0.0,0.0,0.0,1.0000000000000002,"L018,L019,L020,L030,L037,L045,L046,L060,L102,L109,L111,L113,L115,L128,L134,L140,L155,L156,L158,L169,L178,L179,L182",23,1.6189953807758195,1.6189953807758195,1,L109,21,True,non_critical,
1,20260708,L113->L019,L113,L019,True,False,0.0,0.0,0.0,1.0,"L018,L019,L045,L046,L060,L102,L109,L111,L113,L115,L128,L134,L140,L155,L156,L158,L169,L178,L179,L182",20,1.0297229537885662,1.0297229537885662,0,,18,False,non_critical,
1,20260708,L096->L109,L096,L109,True,False,0.0,0.0,0.0,1.000000000000001,"L018,L030,L045,L046,L060,L096,L102,L109,L111,L113,L115,L128,L134,L140,L155,L156,L158,L169,L178,L179,L182",21,1.071379885449837,1.071379885449837,0,,19,False,non_critical,
1,20260708,L120->L075,L120,L075,True,False,0.0,0.0,0.0,1.0000000000000009,"L075,L115,L120",3,1.0924342291377995,1.0924342291377995,0,,1,False,non_critical,
1,20260708,L035->L136,L035,L136,True,False,0.0,0.0,0.0,1.0000000000000084,"L035,L128,L136,L182",4,3.068369348213252,3.068369348213252,1,L128,2,True,non_critical,
1,20260708,L170->L061,L170,L061,True,True,33.88157185629734,33.88157185629734,0.0,1.0000000000000002,"L018,L045,L046,L060,L061,L102,L109,L111,L113,L115,L128,L134,L140,L155,L156,L158,L169,L170,L178,L179,L182",21,28.770354980662752,28.770354980662752,19,"L018,L045,L046,L060,L102,L109,L111,L113,L115,L128,L134,L140,L155,L156,L158,L169,L178,L179,L182",19,True,relay_cascade,
1,20260708,L092->L109,L092,L109,True,False,0.0,0.0,0.0,1.0000000000000036,"L092,L109,L115",3,1.3086705742827835,1.3086705742827835,1,L115,1,True,non_critical,
1,20260708,L121->L132,L121,L132,True,False,0.0,0.0,0.0,1.0000000000000016,"L121,L128,L132,L155",4,1.396955845914532,1.396955845914532,1,L155,2,True,non_critical,
1,20260708,L164->L135,L164,L135,True,False,0.0,0.0,0.0,1.0000000000000675,"L128,L135,L156,L164",4,4.252415753363751,4.252415753363751,2,"L128,L156",2,True,non_critical,
1,20260708,L157->L068,L157,L068,True,False,0.0,0.0,0.0,1.000000000000001,"L060,L068,L102,L128,L155,L157",6,2.1929763202297354,2.1929763202297354,2,"L060,L102",4,True,non_critical,
1,20260708,L094->L090,L094,L090,True,False,0.0,0.0,0.0,1.0000000000000675,"L060,L090,L091,L094,L102",5,3.2557673575411847,3.2557673575411847,2,"L060,L091",3,True,non_critical,
1,20260708,L126->L082,L126,L082,True,False,0.0,0.0,0.0,1.000000000000023,"L082,L126,L128",3,1.0087135876092774,1.0087135876092774,0,,1,False,non_critical,
1,20260708,L164->L062,L164,L062,True,False,0.0,0.0,0.0,1.0000000000000042,"L060,L062,L164",3,1.6816371168697475,1.6816371168697475,1,L060,1,True,non_critical,
1,20260708,L038->L019,L038,L019,True,False,0.0,0.0,0.0,1.0000000000000002,"L018,L019,L025,L030,L038,L039,L045,L046,L060,L102,L109,L111,L113,L115,L128,L134,L140,L148,L149,L150,L153,L154,L155,L156,L157,L158,L160,L169,L178,L179,L182",31,0.9343849631578814,0.9343849631578814,0,,29,False,non_critical,
1,20260708,L052->L079,L052,L079,True,False,0.0,0.0,0.0,1.0000000000000675,"L052,L079",2,1.155983809163039,1.155983809163039,0,,0,False,non_critical,
1,20260708,L178->L059,L178,L059,True,True,18.346497960874867,18.346497960874867,0.0,1.0000000000000007,"L018,L045,L046,L059,L060,L102,L113,L115,L128,L134,L140,L155,L156,L158,L178,L179,L182",17,28.981720018736564,28.981720018736564,15,"L018,L045,L046,L060,L102,L113,L115,L128,L134,L140,L155,L156,L158,L179,L182",15,True,relay_cascade,
1,20260708,L021->L182,L021,L182,True,False,0.0,0.0,0.0,1.0000000000000009,"L018,L019,L021,L026,L044,L045,L046,L048,L060,L102,L109,L111,L113,L115,L128,L134,L140,L155,L156,L158,L178,L179,L182",23,1.1840417238439263,1.1840417238439263,0,,21,False,non_critical,
1,20260708,L014->L147,L014,L147,True,True,43.59265123807146,43.59265123807146,0.0,1.0000000000000002,"L014,L018,L045,L046,L060,L102,L113,L115,L128,L134,L140,L147,L155,L156,L158,L178,L179,L182",18,8.028870840654116,8.028870840654116,16,"L018,L045,L046,L060,L102,L113,L115,L128,L134,L140,L155,L156,L158,L178,L179,L182",16,True,relay_cascade,
1,20260708,L044->L050,L044,L050,True,True,18.346497960874867,18.346497960874867,0.0,1.0000000000000009,"L018,L044,L045,L046,L050,L059,L060,L102,L109,L111,L113,L115,L128,L134,L140,L155,L156,L158,L178,L179,L182",21,28.93277825387337,28.93277825387337,19,"L018,L045,L046,L059,L060,L102,L109,L111,L113,L115,L128,L134,L140,L155,L156,L158,L178,L179,L182",19,True,relay_cascade,
1,20260708,L085->L071,L085,L071,True,True,70.56694602954055,70.56694602954055,0.0,1.0000000000000004,"L018,L045,L046,L060,L071,L074,L078,L082,L085,L102,L113,L115,L128,L134,L140,L155,L156,L158,L178,L179,L182",21,28.213881774556665,28.213881774556665,19,"L018,L045,L046,L060,L074,L078,L082,L102,L113,L115,L128,L134,L140,L155,L156,L158,L178,L179,L182",19,True,relay_cascade,
1,20260708,L022->L110,L022,L110,True,False,0.0,0.0,0.0,1.0,"L018,L022,L045,L046,L060,L102,L109,L110,L111,L115,L128,L134,L140,L155,L156,L158,L169,L178,L179,L182",20,30.45430726838187,30.45430726838187,18,"L018,L045,L046,L060,L102,L109,L111,L115,L128,L134,L140,L155,L156,L158,L169,L178,L179,L182",18,True,non_critical,
1,20260708,L090->L032,L090,L032,True,False,0.0,0.0,0.0,1.0000000000000018,"L018,L019,L030,L032,L039,L040,L046,L060,L090,L091,L102,L109,L111,L113,L115,L128,L134,L140,L155,L156,L158,L169,L178,L179,L182",25,30.337486375618695,30.337486375618695,22,"L018,L019,L030,L039,L040,L046,L060,L102,L109,L111,L113,L115,L128,L134,L140,L155,L156,L158,L169,L178,L179,L182",23,True,non_critical,
1,20260708,L095->L116,L095,L116,True,False,0.0,0.0,0.0,1.000000000000017,"L095,L115,L116,L128",4,8.123345379429034,8.123345379429034,2,"L115,L128",2,True,non_critical,
1,20260708,L034->L054,L034,L054,True,True,59.32777684747769,59.32777684747769,0.0,1.0000000000000022,"L018,L019,L034,L040,L044,L045,L046,L048,L054,L060,L102,L109,L111,L113,L115,L128,L134,L140,L148,L149,L150,L153,L154,L155,L156,L157,L158,L160,L169,L178,L179,L182",32,5.430959256026641,5.430959256026641,11,"L019,L044,L048,L148,L149,L150,L153,L154,L157,L160,L169",30,True,relay_cascade,
1,20260708,L132->L069,L132,L069,True,False,0.0,0.0,0.0,1.0000000000000004,"L060,L069,L128,L132",4,1.326645732349146,1.326645732349146,1,L060,2,True,non_critical,
1,20260708,L155->L106,L155,L106,True,False,0.0,0.0,0.0,1.0000000000000004,"L018,L030,L045,L046,L060,L065,L102,L104,L106,L109,L111,L113,L115,L128,L134,L140,L155,L156,L158,L169,L178,L179,L182",23,5.603568735011861,5.603568735011861,21,"L018,L030,L045,L046,L060,L065,L102,L104,L109,L111,L113,L115,L128,L134,L140,L156,L158,L169,L178,L179,L182",21,True,non_critical,
1,20260708,L063->L129,L063,L129,True,True,7.670172124657526,0.0,7.670172124657526,1.0,"L018,L030,L044,L045,L046,L060,L063,L065,L102,L104,L109,L110,L111,L113,L115,L128,L129,L134,L140,L150,L153,L155,L156,L158,L160,L178,L179,L182",28,15.821204847865353,15.821204847865353,26,"L018,L030,L044,L045,L046,L060,L065,L102,L104,L109,L110,L111,L113,L115,L128,L134,L140,L150,L153,L155,L156,L158,L160,L178,L179,L182",26,True,relay_cascade,
1,20260708,L118->L099,L118,L099,True,False,0.0,0.0,0.0,1.0000000000000009,"L018,L045,L046,L060,L099,L102,L113,L115,L118,L128,L134,L140,L155,L156,L158,L178,L179,L182,L186",19,1.1960233171551111,1.1960233171551111,0,,17,False,non_critical,
1,20260708,L128->L077,L128,L077,True,False,0.0,0.0,0.0,1.0000000000000042,"L077,L128",2,1.0002198404591724,1.0002198404591724,0,,0,False,non_critical,
1,20260708,L099->L102,L099,L102,True,False,0.0,0.0,0.0,1.0000000000000036,"L099,L102",2,1.000000000000023,1.000000000000023,0,,0,False,non_critical,
1,20260708,L184->L121,L184,L121,True,False,0.0,0.0,0.0,1.0000000000000004,"L018,L045,L046,L060,L102,L109,L111,L113,L115,L121,L128,L134,L140,L155,L156,L158,L178,L179,L182,L184",20,1.1960341613885281,1.1960341613885281,0,,18,False,non_critical,
1,20260708,L159->L121,L159,L121,True,False,0.0,0.0,0.0,1.0000000000000009,"L121,L128,L155,L159",4,1.0443155020348003,1.0443155020348003,0,,2,False,non_critical,
1,20260708,L186->L040,L186,L040,True,False,0.0,0.0,0.0,1.000000000000001,"L040,L182,L186",3,3.921147325607044,3.921147325607044,1,L182,1,True,non_critical,
1,20260708,L020->L083,L020,L083,True,False,0.0,0.0,0.0,1.0000000000000036,"L020,L083",2,1.010226214978508,1.010226214978508,0,,0,False,non_critical,
1,20260708,L025->L131,L025,L131,True,False,0.0,0.0,0.0,1.0000000000000004,"L025,L128,L131,L156",4,5.6164172433803,5.6164172433803,2,"L128,L156",2,True,non_critical,
1,20260708,L060->L146,L060,L146,True,False,0.0,0.0,0.0,1.000000000000002,"L060,L128,L146,L155,L158",5,5.258456150005368,5.258456150005368,3,"L128,L155,L158",3,True,non_critical,
1,20260708,L092->L084,L092,L084,True,False,0.0,0.0,0.0,1.0000000000000024,"L084,L092",2,1.0218873020533525,1.0218873020533525,0,,0,False,non_critical,
1,20260708,L156->L079,L156,L079,True,False,0.0,0.0,0.0,1.0000000000000036,"L079,L156",2,1.037814399388298,1.037814399388298,0,,0,False,non_critical,
1,20260708,L015->L047,L015,L047,True,True,31.300605334860514,31.300605334860514,0.0,1.0000000000000004,"L015,L018,L045,L046,L047,L060,L102,L109,L111,L113,L115,L128,L134,L140,L155,L156,L158,L178,L179,L182",20,28.794062673464097,28.794062673464097,18,"L018,L045,L046,L060,L102,L109,L111,L113,L115,L128,L134,L140,L155,L156,L158,L178,L179,L182",18,True,relay_cascade,
1,20260708,L007->L142,L007,L142,True,False,0.0,0.0,0.0,1.0000000000000004,"L007,L018,L019,L030,L046,L060,L065,L102,L104,L109,L111,L113,L115,L128,L129,L134,L140,L142,L148,L149,L150,L153,L154,L155,L156,L157,L158,L160,L169,L178,L179,L182",32,0.95713611042199,0.95713611042199,0,,30,False,non_critical,
1,20260708,L059->L130,L059,L130,True,False,0.0,0.0,0.0,1.0000000000000004,"L018,L045,L046,L059,L060,L102,L113,L115,L128,L130,L134,L140,L155,L156,L158,L178,L179,L182",18,1.1970122870097113,1.1970122870097113,0,,16,False,non_critical,
1,20260708,L082->L134,L082,L134,True,False,0.0,0.0,0.0,1.0000000000000002,"L018,L045,L046,L060,L082,L102,L109,L111,L113,L115,L128,L134,L140,L155,L156,L158,L169,L178,L179,L182",20,31.181776540753066,31.181776540753066,18,"L018,L045,L046,L060,L102,L109,L111,L113,L115,L128,L140,L155,L156,L158,L169,L178,L179,L182",18,True,non_critical,
1,20260708,L022->L086,L022,L086,True,False,0.0,0.0,0.0,1.0000000000000675,"L022,L086",2,1.0313819161866242,1.0313819161866242,0,,0,False,non_critical,
1,20260708,L133->L041,L133,L041,True,False,0.0,0.0,0.0,1.0000000000000009,"L018,L041,L045,L046,L060,L102,L113,L115,L128,L133,L134,L140,L155,L156,L158,L178,L179,L182",18,1.1962925000563798,1.1962925000563798,0,,16,False,non_critical,
1,20260708,L150->L023,L150,L023,True,False,0.0,0.0,0.0,1.0000000000000675,"L023,L150,L155,L156",4,1.0261010659356806,1.0261010659356806,0,,2,False,non_critical,
1,20260708,L085->L131,L085,L131,True,False,0.0,0.0,0.0,1.000000000000023,"L085,L128,L131,L155,L156",5,5.423382213650898,5.423382213650898,3,"L128,L155,L156",3,True,non_critical,
1,20260708,L013->L082,L013,L082,True,False,0.0,0.0,0.0,1.0000000000000013,"L013,L082",2,1.0090415086384676,1.0090415086384676,0,,0,False,non_critical,
1,20260708,L102->L097,L102,L097,True,False,0.0,0.0,0.0,1.000000000000023,"L060,L097,L102",3,1.3263107287868785,1.3263107287868785,1,L060,1,True,non_critical,
1,20260708,L164->L011,L164,L011,True,False,0.0,0.0,0.0,1.0000000000000084,"L011,L018,L164",3,1.369031623362216,1.369031623362216,1,L018,1,True,non_critical,
1,20260708,L185->L103,L185,L103,True,False,0.0,0.0,0.0,1.0000000000000009,"L018,L045,L046,L060,L102,L103,L111,L113,L115,L128,L134,L140,L155,L156,L158,L178,L179,L182,L185,L186",20,1.1920443979574304,1.1920443979574304,0,,18,False,non_critical,
1,20260708,L030->L123,L030,L123,True,False,0.0,0.0,0.0,1.0000000000000675,"L030,L123,L128,L155",4,3.374898287950052,3.374898287950052,2,"L128,L155",2,True,non_critical,
1,20260708,L131->L020,L131,L020,True,False,0.0,0.0,0.0,1.0000000000000007,"L018,L020,L128,L131",4,1.9183939155106802,1.9183939155106802,1,L018,2,True,non_critical,
1,20260708,L123->L118,L123,L118,True,False,0.0,0.0,0.0,1.000000000000001,"L118,L123,L128,L155",4,1.076158003148028,1.076158003148028,0,,2,False,non_critical,
1,20260708,L003->L177,L003,L177,True,False,0.0,0.0,0.0,1.0000000000000004,"L003,L018,L045,L046,L060,L102,L113,L115,L128,L134,L140,L155,L156,L158,L169,L177,L178,L179,L182",19,32.32367701125465,32.32367701125465,16,"L045,L046,L060,L102,L113,L115,L128,L134,L140,L155,L156,L158,L169,L178,L179,L182",17,True,non_critical,
1,20260708,L171->L144,L171,L144,True,False,0.0,0.0,0.0,1.000000000000003,"L128,L144,L155,L158,L171",5,6.625167884123176,6.625167884123176,3,"L128,L155,L158",3,True,non_critical,
1,20260708,L175->L170,L175,L170,True,False,0.0,0.0,0.0,1.0000000000000009,"L169,L170,L175",3,1.8098778451711441,1.8098778451711441,1,L169,1,True,non_critical,
1,20260708,L078->L044,L078,L044,True,False,0.0,0.0,0.0,1.000000000000002,"L018,L044,L045,L078,L115",5,1.3556381801168749,1.3556381801168749,3,"L018,L045,L115",3,True,non_critical,
1,20260708,L130->L033,L130,L033,True,True,7.272188818003705,7.272188818003705,0.0,1.0000000000000007,"L018,L033,L045,L046,L060,L102,L113,L115,L128,L130,L134,L140,L155,L156,L158,L169,L178,L179,L180,L182",20,29.285233104721723,29.285233104721723,17,"L018,L045,L046,L060,L102,L113,L115,L134,L140,L155,L156,L158,L169,L178,L179,L180,L182",18,True,relay_cascade,
1,20260708,L110->L165,L110,L165,True,False,0.0,0.0,0.0,1.0,"L018,L045,L046,L060,L102,L109,L110,L111,L115,L128,L134,L140,L155,L156,L158,L165,L169,L178,L179,L182",20,1.0744502427694778,1.0744502427694778,0,,18,False,non_critical,
1,20260708,L179->L053,L179,L053,True,False,0.0,0.0,0.0,1.0000000000000286,"L053,L179",2,1.1760381018501804,1.1760381018501804,0,,0,False,non_critical,
1,20260708,L141->L176,L141,L176,True,False,0.0,0.0,0.0,1.0000000000000004,"L018,L045,L046,L060,L102,L109,L111,L113,L115,L128,L134,L140,L141,L155,L156,L158,L176,L178,L179,L182",20,20.482149172036888,20.482149172036888,15,"L018,L045,L046,L060,L102,L109,L111,L113,L115,L134,L155,L158,L178,L179,L182",18,True,non_critical,
1,20260708,L176->L113,L176,L113,True,False,0.0,0.0,0.0,1.0000000000000004,"L018,L045,L046,L060,L102,L109,L111,L113,L115,L128,L134,L140,L155,L158,L176,L178,L179,L182",18,0.9901843428803565,0.9901843428803565,0,,16,False,non_critical,
1,20260708,L176->L156,L176,L156,True,False,0.0,0.0,0.0,1.0000000000000004,"L018,L045,L046,L060,L102,L109,L111,L113,L115,L128,L134,L140,L155,L156,L158,L176,L178,L179,L182",19,0.9901843428803565,0.9901843428803565,0,,17,False,non_critical,
1,20260708,L104->L055,L104,L055,True,False,0.0,0.0,0.0,1.0000000000000675,"L055,L104",2,1.149836129729326,1.149836129729326,0,,0,False,non_critical,
1,20260708,L083->L116,L083,L116,True,False,0.0,0.0,0.0,1.000000000000023,"L083,L115,L116,L186",4,7.207287497974389,7.207287497974389,2,"L115,L186",2,True,non_critical,
1,20260708,L095->L034,L095,L034,True,True,41.04569367595296,41.04569367595296,0.0,1.0000000000000047,"L018,L034,L040,L045,L046,L060,L095,L102,L109,L111,L112,L113,L115,L128,L134,L140,L155,L156,L158,L178,L179,L182",22,28.623559384291784,28.623559384291784,20,"L018,L040,L045,L046,L060,L102,L109,L111,L112,L113,L115,L128,L134,L140,L155,L156,L158,L178,L179,L182",20,True,relay_cascade,
1,20260708,L149->L083,L149,L083,True,False,0.0,0.0,0.0,1.000000000000001,"L083,L128,L149",3,1.060665405217484,1.060665405217484,0,,1,False,non_critical,
1,20260708,L121->L048,L121,L048,True,False,0.0,0.0,0.0,1.0000000000000016,"L048,L121,L128",3,1.1332179354466518,1.1332179354466518,0,,1,False,non_critical,
1,20260708,L101->L014,L101,L014,True,False,0.0,0.0,0.0,1.0000000000000007,"L014,L101",2,1.0158589061920393,1.0158589061920393,0,,0,False,non_critical,
1,20260708,L017->L093,L017,L093,True,True,132.19821335857193,132.19821335857193,0.0,1.0000000000000002,"L017,L018,L019,L044,L045,L046,L055,L056,L057,L058,L060,L065,L093,L095,L102,L104,L109,L111,L113,L115,L128,L129,L134,L140,L148,L149,L150,L153,L154,L155,L156,L157,L158,L160,L169,L178,L179,L182",38,4.078083298314046,4.078083298314046,17,"L044,L055,L056,L057,L058,L065,L095,L104,L129,L148,L149,L150,L153,L154,L157,L160,L169",36,True,relay_cascade,
1,20260708,L174->L151,L174,L151,True,False,0.0,0.0,0.0,1.000000000000001,"L018,L045,L046,L060,L102,L109,L111,L113,L115,L128,L134,L140,L151,L155,L156,L158,L174,L175,L178,L179,L182",21,0.9696577987767068,0.9696577987767068,0,,19,False,non_critical,
1,20260708,L095->L133,L095,L133,True,True,20.77635989697293,20.77635989697293,0.0,1.0000000000000018,"L018,L045,L046,L060,L095,L102,L113,L115,L128,L133,L134,L140,L155,L156,L158,L178,L179,L182",18,30.285865711928693,30.285865711928693,16,"L018,L045,L046,L060,L102,L113,L115,L128,L134,L140,L155,L156,L158,L178,L179,L182",16,True,relay_cascade,
1,20260708,L032->L157,L032,L157,True,False,0.0,0.0,0.0,1.000000000000001,"L018,L032,L045,L046,L060,L102,L111,L113,L115,L128,L134,L140,L155,L156,L157,L158,L169,L178,L179,L182",20,1.0238179818506876,1.0238179818506876,0,,18,False,non_critical,
1,20260708,L041->L186,L041,L186,True,False,0.0,0.0,0.0,1.0,"L018,L041,L045,L046,L060,L102,L109,L111,L113,L115,L128,L134,L140,L155,L156,L158,L169,L178,L179,L182,L186",21,1.0297229537885668,1.0297229537885668,0,,19,False,non_critical,
1,20260708,L006->L137,L006,L137,True,False,0.0,0.0,0.0,1.0000000000000084,"L006,L128,L137,L156",4,5.136902245193661,5.136902245193661,2,"L128,L156",2,True,non_critical,
1,20260708,L103->L026,L103,L026,True,False,0.0,0.0,0.0,1.0000000000000675,"L026,L102,L103",3,1.0055638207148634,1.0055638207148634,0,,1,False,non_critical,
1,20260708,L160->L096,L160,L096,True,False,0.0,0.0,0.0,1.0000000000000027,"L018,L044,L045,L046,L056,L057,L060,L096,L102,L109,L111,L113,L115,L128,L134,L140,L153,L154,L155,L156,L158,L160,L169,L178,L179,L182",26,4.004509777311951,4.004509777311951,22,"L018,L044,L045,L046,L056,L057,L060,L102,L109,L111,L113,L115,L134,L140,L153,L154,L156,L158,L169,L178,L179,L182",24,True,non_critical,
1,20260708,L169->L104,L169,L104,True,False,0.0,0.0,0.0,1.0000000000000069,"L045,L065,L102,L104,L109,L111,L115,L169,L178,L182",10,3.196190615870077,3.196190615870077,8,"L045,L065,L102,L109,L111,L115,L178,L182",8,True,non_critical,
1,20260708,L135->L071,L135,L071,True,True,70.56694602954055,70.56694602954055,0.0,1.0000000000000004,"L018,L045,L046,L060,L071,L074,L082,L102,L113,L115,L128,L134,L135,L140,L155,L156,L158,L178,L179,L182",20,28.053074130418644,28.053074130418644,17,"L018,L045,L046,L060,L074,L082,L102,L113,L115,L134,L140,L155,L156,L158,L178,L179,L182",18,True,relay_cascade,
1,20260708,L143->L097,L143,L097,True,False,0.0,0.0,0.0,1.0000000000000022,"L060,L065,L077,L078,L097,L102,L143",7,3.6706760952051214,3.6706760952051214,5,"L060,L065,L077,L078,L102",5,True,non_critical,
1,20260708,L053->L087,L053,L087,True,False,0.0,0.0,0.0,1.0000000000000044,"L053,L087",2,1.0226359114633825,1.0226359114633825,0,,0,False,non_critical,
1,20260708,L148->L058,L148,L058,True,False,0.0,0.0,0.0,1.000000000000023,"L058,L128,L148,L155",4,1.1997534051063163,1.1997534051063163,0,,2,False,non_critical,
1,20260708,L183->L085,L183,L085,True,False,0.0,0.0,0.0,1.0000000000000004,"L018,L045,L046,L060,L085,L102,L111,L113,L115,L128,L134,L140,L155,L156,L158,L178,L179,L182,L183",19,1.16119776416308,1.16119776416308,0,,17,False,non_critical,
1,20260708,L177->L026,L177,L026,True,False,0.0,0.0,0.0,1.0,"L018,L026,L045,L046,L060,L102,L113,L115,L128,L134,L140,L155,L156,L158,L169,L177,L178,L179,L182",19,1.1548237620697965,1.1548237620697965,0,,17,False,non_critical,
1,20260708,L167->L159,L167,L159,True,False,0.0,0.0,0.0,1.0000000000000675,"L128,L155,L156,L159,L167,L169",6,8.66648092023839,8.66648092023839,3,"L128,L155,L156",4,True,non_critical,
1,20260708,L140->L109,L140,L109,True,False,0.0,0.0,0.0,1.000000000000007,"L109,L111,L115,L128,L140",5,1.7718458705308302,1.7718458705308302,3,"L111,L115,L128",3,True,non_critical,
1,20260708,L130->L079,L130,L079,True,False,0.0,0.0,0.0,1.000000000000023,"L078,L079,L128,L130",4,1.657015703957567,1.657015703957567,1,L078,2,True,non_critical,
1,20260708,L126->L073,L126,L073,True,False,0.0,0.0,0.0,1.000000000000004,"L073,L126,L128",3,1.007320526869233,1.007320526869233,0,,1,False,non_critical,
1,20260708,L174->L021,L174,L021,True,False,0.0,0.0,0.0,1.0000000000000047,"L018,L021,L045,L046,L060,L102,L109,L111,L113,L115,L128,L134,L140,L155,L156,L158,L174,L175,L178,L179,L182",21,0.9783667601176343,0.9783667601176343,0,,19,False,non_critical,
1,20260708,L032->L024,L032,L024,True,False,0.0,0.0,0.0,1.0000000000000004,"L018,L024,L032,L045,L046,L060,L102,L111,L113,L115,L128,L134,L140,L155,L156,L158,L169,L178,L179,L182",20,1.029722953788567,1.029722953788567,0,,18,False,non_critical,
1,20260708,L069->L148,L069,L148,True,False,0.0,0.0,0.0,1.000000000000002,"L069,L128,L148",3,1.7033938586135078,1.7033938586135078,1,L128,1,True,non_critical,
1,20260708,L066->L106,L066,L106,True,False,0.0,0.0,0.0,1.0,"L018,L030,L045,L046,L060,L065,L066,L102,L104,L106,L109,L111,L113,L115,L128,L134,L140,L155,L156,L158,L169,L178,L179,L182",24,28.828828632764896,28.828828632764896,22,"L018,L030,L045,L046,L060,L065,L102,L104,L109,L111,L113,L115,L128,L134,L140,L155,L156,L158,L169,L178,L179,L182",22,True,non_critical,
1,20260708,L113->L007,L113,L007,True,True,95.4310507703569,95.4310507703569,0.0,1.0,"L007,L018,L019,L045,L046,L060,L102,L109,L111,L113,L115,L128,L129,L134,L140,L148,L149,L150,L153,L154,L155,L156,L157,L158,L160,L169,L178,L179,L182",29,3.2176073940040926,3.2176073940040926,9,"L019,L129,L148,L149,L150,L153,L154,L157,L160",27,True,relay_cascade,
1,20260708,L139->L078,L139,L078,True,False,0.0,0.0,0.0,1.0000000000000044,"L078,L128,L139,L140",4,1.0269669944683593,1.0269669944683593,0,,2,False,non_critical,
1,20260708,L064->L158,L064,L158,True,False,0.0,0.0,0.0,1.0000000000000675,"L064,L128,L155,L156,L158",5,2.6694027874480426,2.6694027874480426,3,"L128,L155,L156",3,True,non_critical,
1,20260708,L173->L152,L173,L152,True,True,31.05817161312981,31.05817161312981,0.0,1.0,"L018,L045,L046,L060,L102,L113,L115,L128,L134,L140,L152,L155,L158,L173,L178,L179,L182",17,8.189663989095328,8.189663989095328,15,"L018,L045,L046,L060,L102,L113,L115,L128,L134,L140,L155,L158,L178,L179,L182",15,True,relay_cascade,
1,20260708,L133->L072,L133,L072,True,False,0.0,0.0,0.0,1.0000000000000002,"L018,L045,L046,L060,L072,L102,L113,L115,L128,L133,L134,L140,L155,L156,L158,L178,L179,L182",18,1.1962925000563798,1.1962925000563798,0,,16,False,non_critical,
1,20260708,L020->L148,L020,L148,True,False,0.0,0.0,0.0,1.000000000000017,"L020,L148",2,1.0316760155925127,1.0316760155925127,0,,0,False,non_critical,
1,20260708,L044->L009,L044,L009,True,True,95.4310507703569,95.4310507703569,0.0,1.0000000000000002,"L009,L018,L019,L030,L044,L045,L046,L065,L102,L104,L109,L111,L113,L115,L128,L129,L134,L140,L148,L149,L150,L153,L154,L155,L156,L157,L158,L160,L169,L178,L179,L182",32,33.0832204766535,33.0832204766535,30,"L018,L019,L030,L045,L046,L065,L102,L104,L109,L111,L113,L115,L128,L129,L134,L140,L148,L149,L150,L153,L154,L155,L156,L157,L158,L160,L169,L178,L179,L182",30,True,relay_cascade,
1,20260708,L063->L176,L063,L176,True,False,0.0,0.0,0.0,1.0000000000000002,"L018,L045,L046,L060,L063,L102,L109,L111,L113,L115,L128,L134,L140,L155,L158,L176,L178,L179,L182",19,21.386607726328265,21.386607726328265,17,"L018,L045,L046,L060,L102,L109,L111,L113,L115,L128,L134,L140,L155,L158,L178,L179,L182",17,True,non_critical,
1,20260708,L030->L169,L030,L169,True,False,0.0,0.0,0.0,1.000000000000023,"L030,L169",2,1.0150940767859309,1.0150940767859309,0,,0,False,non_critical,
1,20260708,L110->L118,L110,L118,True,False,0.0,0.0,0.0,1.0000000000000002,"L018,L045,L046,L060,L102,L109,L110,L111,L115,L118,L128,L134,L140,L155,L156,L158,L169,L178,L179,L182",20,1.0744502427694784,1.0744502427694784,0,,18,False,non_critical,
1,20260708,L082->L045,L082,L045,True,False,0.0,0.0,0.0,1.0000000000000675,"L045,L082",2,1.0695227055932948,1.0695227055932948,0,,0,False,non_critical,
1,20260708,L085->L158,L085,L158,True,False,0.0,0.0,0.0,1.0000000000000675,"L085,L128,L155,L158",4,4.555116038640557,4.555116038640557,2,"L128,L155",2,True,non_critical,
1,20260708,L117->L121,L117,L121,True,False,0.0,0.0,0.0,1.000000000000004,"L115,L117,L121,L128",4,6.425965648692812,6.425965648692812,1,L128,2,True,non_critical,
1,20260708,L029->L030,L029,L030,True,False,0.0,0.0,0.0,1.0,"L018,L029,L030,L045,L115,L178",6,1.3945672903894368,1.3945672903894368,1,L115,4,True,non_critical,
1,20260708,L095->L066,L095,L066,True,False,0.0,0.0,0.0,1.000000000000023,"L066,L095,L102,L111,L128",5,1.3969908215989095,1.3969908215989095,3,"L102,L111,L128",3,True,non_critical,
1,20260708,L027->L079,L027,L079,True,False,0.0,0.0,0.0,1.000000000000023,"L027,L077,L078,L079",4,1.7696976661125579,1.7696976661125579,2,"L077,L078",2,True,non_critical,
1,20260708,L031->L165,L031,L165,True,False,0.0,0.0,0.0,1.0,"L018,L025,L031,L035,L040,L043,L045,L046,L060,L102,L109,L111,L113,L115,L128,L134,L140,L155,L156,L158,L165,L178,L179,L182",24,1.1697285335302503,1.1697285335302503,0,,22,False,non_critical,
1,20260708,L067->L114,L067,L114,True,False,0.0,0.0,0.0,1.000000000000007,"L067,L111,L114,L115",4,3.2339506005924905,3.2339506005924905,2,"L111,L115",2,True,non_critical,
1,20260708,L169->L170,L169,L170,True,False,0.0,0.0,0.0,1.0000000000000342,"L169,L170",2,1.000000000000031,1.000000000000031,0,,0,False,non_critical,
1,20260708,L146->L060,L146,L060,True,False,0.0,0.0,0.0,1.000000000000023,"L060,L128,L146,L155,L156",5,1.10324276959012,1.10324276959012,0,,3,False,non_critical,
1,20260708,L072->L142,L072,L142,True,False,0.0,0.0,0.0,1.000000000000002,"L072,L142",2,1.0009163441900744,1.0009163441900744,0,,0,False,non_critical,
1,20260708,L065->L174,L065,L174,True,False,0.0,0.0,0.0,1.000000000000017,"L065,L174",2,1.0507356748296686,1.0507356748296686,0,,0,False,non_critical,
1,20260708,L048->L009,L048,L009,True,True,95.4310507703569,95.4310507703569,0.0,1.0000000000000004,"L009,L018,L019,L030,L045,L046,L048,L060,L065,L102,L104,L109,L111,L113,L115,L128,L129,L134,L140,L148,L149,L150,L153,L154,L155,L156,L157,L158,L160,L169,L178,L179,L182",33,33.08752107552318,33.08752107552318,31,"L018,L019,L030,L045,L046,L060,L065,L102,L104,L109,L111,L113,L115,L128,L129,L134,L140,L148,L149,L150,L153,L154,L155,L156,L157,L158,L160,L169,L178,L179,L182",31,True,relay_cascade,
1,20260708,L151->L055,L151,L055,True,False,0.0,0.0,0.0,1.000000000000001,"L055,L128,L151,L155",4,1.0579172019440901,1.0579172019440901,0,,2,False,non_critical,
1,20260708,L142->L088,L142,L088,True,False,0.0,0.0,0.0,1.000000000000006,"L088,L128,L142",3,1.0558631147267479,1.0558631147267479,0,,1,False,non_critical,
1,20260708,L171->L084,L171,L084,True,False,0.0,0.0,0.0,1.0000000000000018,"L084,L171",2,1.0019915592249997,1.0019915592249997,0,,0,False,non_critical,
1,20260708,L086->L064,L086,L064,True,False,0.0,0.0,0.0,1.0000000000000002,"L064,L086",2,1.1328690858941703,1.1328690858941703,0,,0,False,non_critical,
1,20260708,L039->L018,L039,L018,True,False,0.0,0.0,0.0,1.0000000000000009,"L018,L039",2,1.005016577345514,1.005016577345514,0,,0,False,non_critical,
1,20260708,L081->L098,L081,L098,True,False,0.0,0.0,0.0,1.0000000000000675,"L060,L081,L098,L102",4,2.8247397210085445,2.8247397210085445,2,"L060,L102",2,True,non_critical,
1,20260708,L052->L078,L052,L078,True,False,0.0,0.0,0.0,1.0000000000000024,"L052,L078",2,1.0008277338976306,1.0008277338976306,0,,0,False,non_critical,
1,20260708,L142->L092,L142,L092,True,False,0.0,0.0,0.0,1.000000000000006,"L092,L128,L142",3,1.0114450719715053,1.0114450719715053,0,,1,False,non_critical,
1,20260708,L060->L098,L060,L098,True,False,0.0,0.0,0.0,1.000000000000003,"L060,L098,L102",3,3.477058390371594,3.477058390371594,1,L102,1,True,non_critical,
1,20260708,L016->L024,L016,L024,True,False,0.0,0.0,0.0,1.0000000000000047,"L016,L018,L024,L045,L046,L060,L102,L109,L111,L113,L115,L128,L134,L140,L155,L156,L158,L178,L179,L182",20,1.193111503125397,1.193111503125397,0,,18,False,non_critical,
1,20260708,L004->L140,L004,L140,True,False,0.0,0.0,0.0,1.0000000000000004,"L001,L004,L014,L045,L046,L060,L102,L109,L111,L113,L115,L128,L134,L140,L155,L156,L158,L178,L179,L182",20,1.1899101194271513,1.1899101194271513,0,,18,False,non_critical,
1,20260708,L110->L028,L110,L028,True,False,0.0,0.0,0.0,1.0000000000000004,"L018,L028,L045,L046,L060,L102,L109,L110,L111,L115,L128,L134,L140,L155,L156,L158,L169,L178,L179,L182",20,1.074450242769478,1.074450242769478,0,,18,False,non_critical,
1,20260708,L097->L167,L097,L167,True,False,0.0,0.0,0.0,1.0,"L018,L019,L030,L045,L046,L056,L057,L058,L060,L065,L091,L097,L102,L104,L109,L111,L113,L115,L128,L129,L134,L140,L148,L149,L150,L153,L154,L155,L156,L157,L158,L160,L167,L169,L178,L179,L182",37,1.0219258164245664,1.0219258164245664,0,,35,False,non_critical,
1,20260708,L031->L020,L031,L020,True,False,0.0,0.0,0.0,1.0000000000000004,"L018,L020,L025,L031,L035,L040,L043,L045,L046,L060,L102,L109,L111,L113,L115,L128,L134,L140,L155,L156,L158,L178,L179,L182",24,1.1953621985963796,1.1953621985963796,0,,22,False,non_critical,
1,20260708,L037->L130,L037,L130,True,False,0.0,0.0,0.0,1.0000000000000009,"L018,L019,L020,L037,L045,L046,L060,L102,L111,L113,L115,L128,L130,L134,L140,L155,L156,L158,L169,L178,L179,L182",22,1.1508428735414538,1.1508428735414538,0,,20,False,non_critical,
1,20260708,L033->L181,L033,L181,True,True,20.772296104867053,20.772296104867053,0.0,1.0000000000000018,"L018,L033,L045,L046,L060,L102,L113,L115,L128,L134,L140,L155,L156,L158,L169,L178,L179,L180,L181,L182",20,1.1278922005170726,1.1278922005170726,0,,18,False,island_only,
1,20260708,L096->L047,L096,L047,True,True,31.300605334860514,31.300605334860514,0.0,1.0000000000000036,"L018,L030,L045,L046,L047,L060,L096,L102,L109,L111,L113,L115,L128,L134,L140,L155,L156,L158,L169,L178,L179,L182",22,1.0277666124169227,1.0277666124169227,0,,20,False,island_only,
1,20260708,L107->L054,L107,L054,True,True,81.35922639729833,81.35922639729833,0.0,1.0000000000000002,"L018,L030,L044,L045,L046,L054,L065,L102,L104,L107,L109,L111,L112,L113,L115,L126,L127,L128,L134,L140,L149,L150,L153,L154,L155,L156,L158,L160,L169,L178,L179,L182",32,31.139513504718614,31.139513504718614,28,"L018,L030,L044,L045,L046,L065,L104,L109,L111,L112,L113,L115,L126,L127,L134,L140,L149,L150,L153,L154,L155,L156,L158,L160,L169,L178,L179,L182",30,True,relay_cascade,
1,20260708,L040->L155,L040,L155,True,False,0.0,0.0,0.0,1.000000000000003,"L040,L155,L182",3,1.0002374606315336,1.0002374606315336,0,,1,False,non_critical,
1,20260708,L113->L075,L113,L075,True,False,0.0,0.0,0.0,1.0000000000000002,"L018,L045,L046,L060,L075,L102,L109,L111,L113,L115,L128,L134,L140,L155,L156,L158,L169,L178,L179,L182",20,1.0297229537885673,1.0297229537885673,0,,18,False,non_critical,
1,20260708,L087->L185,L087,L185,True,True,35.11713329264434,35.11713329264434,0.0,1.0000000000000004,"L018,L045,L046,L060,L087,L102,L111,L113,L115,L128,L134,L140,L155,L156,L158,L178,L179,L182,L185,L186",20,28.69734783033929,28.69734783033929,18,"L018,L045,L046,L060,L102,L111,L113,L115,L128,L134,L140,L155,L156,L158,L178,L179,L182,L186",18,True,relay_cascade,
1,20260708,L011->L115,L011,L115,True,False,0.0,0.0,0.0,1.0000000000000036,"L011,L018,L115",3,1.0285782986829224,1.0285782986829224,0,,1,False,non_critical,
1,20260708,L103->L073,L103,L073,True,False,0.0,0.0,0.0,1.0000000000000002,"L073,L102,L103",3,1.0036232357440695,1.0036232357440695,0,,1,False,non_critical,
1,20260708,L109->L155,L109,L155,True,False,0.0,0.0,0.0,1.0000000000000036,"L109,L155",2,1.0004930365544844,1.0004930365544844,0,,0,False,non_critical,
1,20260708,L014->L143,L014,L143,True,False,0.0,0.0,0.0,1.0000000000000002,"L014,L018,L045,L046,L060,L102,L109,L111,L113,L115,L128,L134,L140,L143,L155,L156,L158,L169,L178,L179,L182",21,30.491291251005347,30.491291251005347,19,"L018,L045,L046,L060,L102,L109,L111,L113,L115,L128,L134,L140,L155,L156,L158,L169,L178,L179,L182",19,True,non_critical,
1,20260708,L013->L028,L013,L028,True,False,0.0,0.0,0.0,1.000000000000002,"L013,L018,L028,L115,L178,L182",6,2.6100277101458236,2.6100277101458236,4,"L018,L115,L178,L182",4,True,non_critical,
1,20260708,L184->L034,L184,L034,True,True,41.04569367595296,41.04569367595296,0.0,1.0000000000000018,"L018,L034,L040,L045,L046,L060,L102,L109,L111,L113,L115,L128,L134,L140,L155,L156,L158,L178,L179,L182,L184",21,1.3626478811662541,1.3626478811662541,1,L040,19,True,relay_cascade,
1,20260708,L062->L085,L062,L085,True,False,0.0,0.0,0.0,1.0000000000000036,"L062,L085",2,1.0763925994420085,1.0763925994420085,0,,0,False,non_critical,
1,20260708,L168->L052,L168,L052,True,False,0.0,0.0,0.0,1.0000000000000009,"L052,L060,L115,L168",4,1.2695489802615934,1.2695489802615934,2,"L060,L115",2,True,non_critical,
1,20260708,L063->L146,L063,L146,True,False,0.0,0.0,0.0,1.0000000000000036,"L063,L128,L146,L155,L158",5,5.258455695503313,5.258455695503313,3,"L128,L155,L158",3,True,non_critical,
1,20260708,L181->L052,L181,L052,True,False,0.0,0.0,0.0,1.0000000000000002,"L018,L045,L046,L052,L060,L102,L109,L111,L113,L115,L128,L134,L140,L155,L156,L158,L178,L179,L181,L182",20,1.1962937038550345,1.1962937038550345,0,,18,False,non_critical,
1,20260708,L163->L089,L163,L089,True,False,0.0,0.0,0.0,1.0000000000000675,"L089,L163,L169",3,1.0245969124472853,1.0245969124472853,0,,1,False,non_critical,
1,20260708,L102->L139,L102,L139,True,False,0.0,0.0,0.0,1.000000000000023,"L102,L128,L139,L140",4,2.5197306629864435,2.5197306629864435,2,"L128,L140",2,True,non_critical,
1,20260708,L003->L089,L003,L089,True,False,0.0,0.0,0.0,1.0000000000000009,"L003,L018,L089",3,1.0322832974262948,1.0322832974262948,0,,1,False,non_critical,
1,20260708,L153->L047,L153,L047,True,True,31.300605334860514,31.300605334860514,0.0,1.0,"L018,L045,L046,L047,L060,L102,L109,L111,L113,L115,L128,L134,L140,L153,L154,L155,L156,L158,L160,L178,L179,L182",22,8.788186750940039,8.788186750940039,18,"L018,L045,L046,L060,L102,L109,L111,L113,L115,L134,L140,L154,L156,L158,L160,L178,L179,L182",20,True,relay_cascade,
1,20260708,L055->L112,L055,L112,True,False,0.0,0.0,0.0,1.0000000000000002,"L018,L045,L046,L055,L060,L102,L109,L111,L112,L113,L115,L128,L134,L140,L155,L156,L158,L169,L178,L179,L182",21,29.796924414551945,29.796924414551945,19,"L018,L045,L046,L060,L102,L109,L111,L113,L115,L128,L134,L140,L155,L156,L158,L169,L178,L179,L182",19,True,non_critical,
1,20260708,L121->L073,L121,L073,True,False,0.0,0.0,0.0,1.0000000000000084,"L073,L121,L128",3,1.0045762099917315,1.0045762099917315,0,,1,False,non_critical,
1,20260708,L059->L184,L059,L184,True,True,21.648461416338748,21.648461416338748,0.0,1.0,"L018,L045,L046,L059,L060,L102,L113,L115,L128,L134,L140,L155,L156,L158,L178,L179,L182,L184",18,1.190599461714704,1.190599461714704,0,,16,False,island_only,
1,20260708,L173->L105,L173,L105,True,False,0.0,0.0,0.0,1.0000000000000004,"L018,L030,L045,L046,L060,L065,L102,L104,L105,L109,L111,L113,L115,L128,L134,L140,L155,L156,L158,L173,L178,L179,L182",23,28.82882863276491,28.82882863276491,21,"L018,L030,L045,L046,L060,L065,L102,L104,L109,L111,L113,L115,L128,L134,L140,L155,L156,L158,L178,L179,L182",21,True,non_critical,
1,20260708,L176->L107,L176,L107,True,False,0.0,0.0,0.0,1.0000000000000024,"L018,L045,L046,L060,L102,L107,L109,L111,L113,L115,L128,L134,L140,L155,L158,L176,L178,L179,L182",19,0.9699247738877274,0.9699247738877274,0,,17,False,non_critical,
1,20260708,L091->L040,L091,L040,True,False,0.0,0.0,0.0,1.000000000000006,"L040,L091,L182",3,3.8735689761424386,3.8735689761424386,1,L182,1,True,non_critical,
1,20260708,L167->L158,L167,L158,True,False,0.0,0.0,0.0,1.000000000000002,"L128,L155,L158,L167,L169",5,1.6323254875640414,1.6323254875640414,2,"L128,L155",3,True,non_critical,
1,20260708,L170->L024,L170,L024,True,False,0.0,0.0,0.0,1.000000000000023,"L018,L024,L170,L178",4,2.069110858602038,2.069110858602038,2,"L018,L178",2,True,non_critical,
1,20260708,L150->L071,L150,L071,True,True,70.56694602954055,70.56694602954055,0.0,1.0000000000000013,"L018,L045,L046,L060,L071,L074,L082,L102,L113,L115,L128,L134,L140,L150,L155,L156,L158,L178,L179,L182",20,8.486658027777194,8.486658027777194,16,"L018,L045,L046,L060,L074,L082,L102,L113,L115,L128,L134,L140,L158,L178,L179,L182",18,True,relay_cascade,
1,20260708,L152->L102,L152,L102,True,False,0.0,0.0,0.0,1.0000000000000007,"L018,L045,L046,L060,L102,L113,L115,L128,L134,L140,L152,L155,L158,L178,L179,L182",16,1.1932467657206356,1.1932467657206356,0,,14,False,non_critical,
1,20260708,L160->L136,L160,L136,True,False,0.0,0.0,0.0,1.000000000000023,"L128,L136,L140,L149,L155,L156,L160",7,2.9823838074236058,2.9823838074236058,3,"L140,L149,L156",5,True,non_critical,
1,20260708,L037->L053,L037,L053,True,False,0.0,0.0,0.0,1.0000000000000009,"L018,L019,L020,L037,L045,L046,L053,L060,L102,L111,L113,L115,L128,L134,L140,L155,L156,L158,L169,L178,L179,L182",22,1.1251460037653114,1.1251460037653114,0,,20,False,non_critical,
1,20260708,L037->L148,L037,L148,True,False,0.0,0.0,0.0,1.0000000000000002,"L018,L019,L020,L037,L045,L046,L060,L102,L111,L113,L115,L128,L134,L140,L148,L155,L156,L158,L169,L178,L179,L182",22,1.1071431313241025,1.1071431313241025,0,,20,False,non_critical,
1,20260708,L121->L085,L121,L085,True,False,0.0,0.0,0.0,1.000000000000002,"L085,L121,L128",3,1.049263152561568,1.049263152561568,0,,1,False,non_critical,
1,20260708,L107->L076,L107,L076,True,False,0.0,0.0,0.0,1.0,"L076,L102,L107,L128",4,1.0308833378355533,1.0308833378355533,0,,2,False,non_critical,
1,20260708,L182->L140,L182,L140,True,False,0.0,0.0,0.0,1.000000000000006,"L128,L140,L182",3,1.254654356942717,1.254654356942717,1,L128,1,True,non_critical,
1,20260708,L075->L136,L075,L136,True,False,0.0,0.0,0.0,1.000000000000003,"L075,L128,L136,L155",4,2.9564807772992507,2.9564807772992507,2,"L128,L155",2,True,non_critical,
1,20260708,L177->L005,L177,L005,True,False,0.0,0.0,0.0,1.0000000000000002,"L005,L018,L045,L046,L060,L102,L113,L115,L128,L134,L140,L155,L156,L158,L169,L177,L178,L179,L182",19,1.1548237620697968,1.1548237620697968,0,,17,False,non_critical,
1,20260708,L119->L147,L119,L147,True,True,43.59265123807146,43.59265123807146,0.0,1.0000000000000004,"L018,L045,L046,L060,L102,L109,L111,L113,L115,L119,L128,L134,L140,L147,L155,L156,L158,L178,L179,L182",20,6.028220428737879,6.028220428737879,16,"L018,L045,L046,L060,L102,L109,L111,L113,L134,L140,L155,L156,L158,L178,L179,L182",18,True,relay_cascade,
1,20260708,L149->L104,L149,L104,True,False,0.0,0.0,0.0,1.0000000000000058,"L045,L065,L077,L078,L102,L104,L109,L111,L115,L128,L149,L178,L182",13,3.1963506290000945,3.1963506290000945,10,"L045,L065,L077,L078,L102,L109,L111,L115,L178,L182",11,True,non_critical,
1,20260708,L072->L176,L072,L176,True,False,0.0,0.0,0.0,1.0000000000000004,"L018,L045,L046,L060,L072,L102,L109,L111,L113,L115,L128,L134,L140,L155,L158,L176,L178,L179,L182",19,21.386475422672184,21.386475422672184,17,"L018,L045,L046,L060,L102,L109,L111,L113,L115,L128,L134,L140,L155,L158,L178,L179,L182",17,True,non_critical,
1,20260708,L145->L052,L145,L052,True,False,0.0,0.0,0.0,1.000000000000001,"L052,L060,L128,L145,L155,L156",6,1.217641128241799,1.217641128241799,1,L060,4,True,non_critical,
1,20260708,L064->L132,L064,L132,True,False,0.0,0.0,0.0,1.000000000000001,"L064,L128,L132,L155,L156",5,3.919097966156895,3.919097966156895,3,"L128,L155,L156",3,True,non_critical,
1,20260708,L133->L175,L133,L175,True,False,0.0,0.0,0.0,1.0000000000000004,"L018,L045,L046,L060,L102,L113,L115,L128,L133,L134,L140,L155,L156,L158,L175,L178,L179,L182",18,1.0678085567093125,1.0678085567093125,0,,16,False,non_critical,
1,20260708,L143->L146,L143,L146,True,False,0.0,0.0,0.0,1.000000000000023,"L128,L143,L146,L155,L158",5,5.1395862126192355,5.1395862126192355,3,"L128,L155,L158",3,True,non_critical,
1,20260708,L184->L134,L184,L134,True,False,0.0,0.0,0.0,1.0000000000000004,"L018,L045,L046,L060,L102,L109,L111,L113,L115,L128,L134,L140,L155,L156,L158,L178,L179,L182,L184",19,1.196034161388531,1.196034161388531,0,,17,False,non_critical,
1,20260708,L165->L058,L165,L058,True,False,0.0,0.0,0.0,1.0000000000000675,"L018,L057,L058,L060,L065,L077,L078,L102,L104,L109,L111,L115,L128,L165,L178",15,2.9302668875607734,2.9302668875607734,13,"L018,L057,L060,L065,L077,L078,L102,L104,L109,L111,L115,L128,L178",13,True,non_critical,
1,20260708,L140->L041,L140,L041,True,False,0.0,0.0,0.0,1.0000000000000002,"L018,L041,L045,L046,L060,L102,L113,L115,L128,L134,L140,L155,L156,L158,L169,L178,L179,L182",18,29.05401040044445,29.05401040044445,16,"L018,L045,L046,L060,L102,L113,L115,L128,L134,L155,L156,L158,L169,L178,L179,L182",16,True,non_critical,
1,20260708,L064->L172,L064,L172,True,False,0.0,0.0,0.0,1.0000000000000142,"L064,L172",2,1.1120161441485403,1.1120161441485403,0,,0,False,non_critical,
1,20260708,L040->L104,L040,L104,True,False,0.0,0.0,0.0,1.000000000000005,"L040,L045,L065,L077,L078,L102,L104,L109,L111,L115,L178,L182",12,3.1968602197144964,3.1968602197144964,9,"L045,L065,L077,L078,L102,L109,L111,L115,L178",10,True,non_critical,
1,20260708,L021->L085,L021,L085,True,False,0.0,0.0,0.0,1.0000000000000002,"L018,L019,L021,L026,L044,L045,L046,L048,L060,L085,L102,L109,L111,L113,L115,L128,L134,L140,L155,L156,L158,L178,L179,L182",24,1.1840417238439291,1.1840417238439291,0,,22,False,non_critical,
1,20260708,L151->L164,L151,L164,True,False,0.0,0.0,0.0,1.000000000000002,"L128,L151,L155,L164",4,1.1455392963808004,1.1455392963808004,0,,2,False,non_critical,
1,20260708,L043->L146,L043,L146,True,False,0.0,0.0,0.0,1.0000000000000007,"L043,L128,L146,L155,L158,L182",6,5.263124826731577,5.263124826731577,3,"L128,L155,L158",4,True,non_critical,
1,20260708,L155->L008,L155,L008,True,True,40.354199858188814,40.354199858188814,0.0,1.0000000000000002,"L008,L017,L018,L019,L020,L022,L037,L045,L046,L060,L102,L111,L113,L115,L128,L134,L140,L155,L156,L158,L169,L178,L179,L182",24,36.70171121797716,36.70171121797716,22,"L017,L018,L019,L020,L022,L037,L045,L046,L060,L102,L111,L113,L115,L128,L134,L140,L156,L158,L169,L178,L179,L182",22,True,relay_cascade,
1,20260708,L070->L081,L070,L081,True,True,16.14448705021324,16.14448705021324,0.0,1.000000000000001,"L018,L045,L046,L060,L070,L081,L102,L113,L115,L128,L134,L140,L155,L156,L158,L178,L179,L182",18,29.023370223749055,29.023370223749055,16,"L018,L045,L046,L060,L102,L113,L115,L128,L134,L140,L155,L156,L158,L178,L179,L182",16,True,relay_cascade,
1,20260708,L035->L181,L035,L181,True,True,20.772296104867053,20.772296104867053,0.0,1.0000000000000002,"L018,L035,L045,L046,L060,L102,L109,L111,L113,L115,L128,L134,L140,L155,L156,L158,L178,L179,L181,L182",20,28.947908929997546,28.947908929997546,17,"L018,L045,L046,L060,L102,L109,L111,L113,L115,L128,L134,L140,L155,L156,L158,L178,L179",18,True,relay_cascade,
1,20260708,L007->L041,L007,L041,True,False,0.0,0.0,0.0,1.0000000000000022,"L007,L018,L019,L030,L041,L046,L060,L065,L102,L104,L109,L111,L113,L115,L128,L129,L134,L140,L148,L149,L150,L153,L154,L155,L156,L157,L158,L160,L169,L178,L179,L182",32,0.95713611042199,0.95713611042199,0,,30,False,non_critical,
1,20260708,L111->L049,L111,L049,True,False,0.0,0.0,0.0,1.0000000000000004,"L018,L045,L046,L049,L060,L102,L109,L111,L113,L115,L128,L134,L140,L155,L156,L158,L169,L178,L179,L182",20,29.407271517941368,29.407271517941368,18,"L018,L045,L046,L060,L102,L109,L113,L115,L128,L134,L140,L155,L156,L158,L169,L178,L179,L182",18,True,non_critical,
1,20260708,L101->L118,L101,L118,True,False,0.0,0.0,0.0,1.000000000000002,"L018,L045,L046,L060,L101,L102,L113,L115,L118,L128,L134,L140,L155,L156,L158,L178,L179,L182,L186",19,28.82866196305076,28.82866196305076,17,"L018,L045,L046,L060,L102,L113,L115,L128,L134,L140,L155,L156,L158,L178,L179,L182,L186",17,True,non_critical,
1,20260708,L076->L044,L076,L044,True,False,0.0,0.0,0.0,1.000000000000023,"L044,L076",2,1.0134972761432464,1.0134972761432464,0,,0,False,non_critical,
1,20260708,L137->L144,L137,L144,True,False,0.0,0.0,0.0,1.0000000000000022,"L128,L137,L144,L155,L156,L158",6,1.2140813750493347,1.2140813750493347,1,L158,4,True,non_critical,
1,20260708,L038->L180,L038,L180,True,True,7.272188818003705,7.272188818003705,0.0,1.0000000000000002,"L018,L025,L030,L038,L039,L045,L046,L060,L102,L109,L111,L113,L115,L128,L134,L140,L148,L149,L150,L153,L154,L155,L156,L157,L158,L160,L169,L178,L179,L180,L182",31,0.9343849631578809,0.9343849631578809,0,,29,False,island_only,
1,20260708,L075->L001,L075,L001,True,False,0.0,0.0,0.0,1.0000000000000036,"L001,L075",2,1.0150050890557374,1.0150050890557374,0,,0,False,non_critical,
1,20260708,L069->L036,L069,L036,True,True,22.50545676159403,22.50545676159403,0.0,1.0,"L018,L019,L020,L036,L044,L045,L046,L048,L060,L069,L102,L109,L111,L113,L115,L128,L134,L140,L155,L156,L158,L178,L179,L182",24,29.51047327806804,29.51047327806804,22,"L018,L019,L020,L044,L045,L046,L048,L060,L102,L109,L111,L113,L115,L128,L134,L140,L155,L156,L158,L178,L179,L182",22,True,relay_cascade,
1,20260708,L117->L159,L117,L159,True,False,0.0,0.0,0.0,1.0000000000000029,"L115,L117,L128,L155,L159",5,5.630532290473513,5.630532290473513,2,"L128,L155",3,True,non_critical,
1,20260708,L159->L174,L159,L174,True,True,9.132961630471216,9.132961630471216,0.0,1.0000000000000004,"L018,L045,L046,L060,L102,L109,L111,L113,L115,L128,L134,L140,L154,L155,L156,L158,L159,L160,L171,L173,L174,L175,L178,L179,L182",25,8.987699194636674,8.987699194636674,21,"L018,L045,L046,L060,L102,L109,L111,L113,L115,L134,L140,L154,L156,L158,L160,L171,L173,L175,L178,L179,L182",23,True,relay_cascade,
1,20260708,L061->L109,L061,L109,True,False,0.0,0.0,0.0,1.0000000000000004,"L018,L045,L046,L060,L061,L102,L109,L111,L113,L115,L128,L134,L140,L155,L156,L158,L178,L179,L182",19,1.2211140053004892,1.2211140053004892,1,L111,17,True,non_critical,
1,20260708,L030->L109,L030,L109,True,False,0.0,0.0,0.0,1.0000000000000047,"L018,L030,L045,L046,L060,L102,L109,L111,L113,L115,L128,L134,L140,L155,L156,L158,L169,L178,L179,L182",20,29.730735251290334,29.730735251290334,18,"L018,L045,L046,L060,L102,L111,L113,L115,L128,L134,L140,L155,L156,L158,L169,L178,L179,L182",18,True,non_critical,
1,20260708,L151->L166,L151,L166,True,False,0.0,0.0,0.0,1.000000000000002,"L128,L151,L155,L166",4,1.1042879593443968,1.1042879593443968,0,,2,False,non_critical,
1,20260708,L183->L048,L183,L048,True,False,0.0,0.0,0.0,1.0000000000000002,"L018,L045,L046,L048,L060,L102,L111,L113,L115,L128,L134,L140,L155,L156,L158,L178,L179,L182,L183",19,1.16119776416308,1.16119776416308,0,,17,False,non_critical,
1,20260708,L075->L100,L075,L100,True,False,0.0,0.0,0.0,1.0000000000000004,"L075,L100,L102",3,1.8160482445462192,1.8160482445462192,1,L102,1,True,non_critical,
1,20260708,L157->L040,L157,L040,True,False,0.0,0.0,0.0,1.000000000000002,"L040,L128,L155,L157,L182",5,3.3463991849089325,3.3463991849089325,1,L182,3,True,non_critical,
1,20260708,L004->L089,L004,L089,True,False,0.0,0.0,0.0,1.0000000000000007,"L001,L004,L014,L045,L046,L060,L089,L102,L109,L111,L113,L115,L128,L134,L140,L155,L156,L158,L178,L179,L182",21,1.1899101194271482,1.1899101194271482,0,,19,False,non_critical,
1,20260708,L091->L149,L091,L149,True,False,0.0,0.0,0.0,1.000000000000023,"L091,L128,L149,L155",4,5.003894084972409,5.003894084972409,2,"L128,L155",2,True,non_critical,
1,20260708,L088->L185,L088,L185,True,True,35.11713329264434,35.11713329264434,0.0,1.0000000000000007,"L018,L045,L046,L060,L088,L102,L111,L113,L115,L128,L134,L140,L155,L156,L158,L178,L179,L182,L185,L186",20,28.696998527417218,28.696998527417218,18,"L018,L045,L046,L060,L102,L111,L113,L115,L128,L134,L140,L155,L156,L158,L178,L179,L182,L186",18,True,relay_cascade,
1,20260708,L026->L012,L026,L012,True,False,0.0,0.0,0.0,0.9999999999999998,"L001,L012,L014,L015,L018,L019,L020,L026,L045,L046,L060,L102,L109,L111,L113,L115,L128,L134,L140,L155,L156,L158,L178,L179,L182",25,28.830038526199534,28.830038526199534,23,"L001,L014,L015,L018,L019,L020,L045,L046,L060,L102,L109,L111,L113,L115,L128,L134,L140,L155,L156,L158,L178,L179,L182",23,True,non_critical,
1,20260708,L186->L032,L186,L032,True,False,0.0,0.0,0.0,1.0,"L018,L030,L032,L039,L040,L046,L060,L102,L109,L111,L113,L115,L128,L134,L140,L155,L156,L158,L169,L178,L179,L182,L186",23,30.32814822865339,30.32814822865339,21,"L018,L030,L039,L040,L046,L060,L102,L109,L111,L113,L115,L128,L134,L140,L155,L156,L158,L169,L178,L179,L182",21,True,non_critical,
1,20260708,L056->L135,L056,L135,True,False,0.0,0.0,0.0,1.000000000000002,"L056,L128,L135",3,2.0608128457530546,2.0608128457530546,1,L128,1,True,non_critical,
1,20260708,L067->L108,L067,L108,True,False,0.0,0.0,0.0,1.000000000000017,"L065,L067,L102,L104,L108,L111,L115,L186",8,10.799372437557592,10.799372437557592,6,"L065,L102,L104,L111,L115,L186",6,True,non_critical,
1,20260708,L087->L014,L087,L014,True,False,0.0,0.0,0.0,1.0000000000000044,"L014,L087",2,1.002051244414659,1.002051244414659,0,,0,False,non_critical,
1,20260708,L147->L142,L147,L142,True,False,0.0,0.0,0.0,1.0000000000000002,"L018,L045,L046,L060,L102,L113,L115,L128,L134,L140,L142,L147,L155,L156,L158,L178,L179,L182",18,1.1895337338125993,1.1895337338125993,0,,16,False,non_critical,
1,20260708,L125->L161,L125,L161,True,False,0.0,0.0,0.0,1.0000000000000024,"L125,L128,L155,L161",4,6.680092086735571,6.680092086735571,1,L155,2,True,non_critical,
1,20260708,L046->L018,L046,L018,True,False,0.0,0.0,0.0,1.0000000000000042,"L018,L046",2,1.0034110528035647,1.0034110528035647,0,,0,False,non_critical,
1,20260708,L164->L010,L164,L010,True,False,0.0,0.0,0.0,1.0000000000000675,"L010,L164",2,1.1292975063148034,1.1292975063148034,0,,0,False,non_critical,
1,20260708,L138->L161,L138,L161,True,False,0.0,0.0,0.0,1.0000000000000009,"L128,L138,L140,L155,L161",5,10.25034008006122,10.25034008006122,2,"L128,L155",3,True,non_critical,
1,20260708,L072->L050,L072,L050,True,True,18.346497960874867,18.346497960874867,0.0,1.0,"L018,L045,L046,L050,L059,L060,L072,L102,L113,L115,L128,L134,L140,L155,L156,L158,L178,L179,L182",19,28.974203783168452,28.974203783168452,17,"L018,L045,L046,L059,L060,L102,L113,L115,L128,L134,L140,L155,L156,L158,L178,L179,L182",17,True,relay_cascade,
1,20260708,L152->L017,L152,L017,True,True,14.684099265673353,14.684099265673353,0.0,1.0000000000000013,"L017,L018,L019,L045,L046,L060,L102,L113,L115,L128,L134,L140,L152,L155,L158,L178,L179,L182",18,1.3405065291076863,1.3405065291076863,1,L019,16,True,relay_cascade,
1,20260708,L038->L030,L038,L030,True,False,0.0,0.0,0.0,1.0000000000000002,"L018,L025,L030,L038,L039,L045,L046,L060,L102,L109,L111,L113,L115,L128,L134,L140,L148,L149,L150,L153,L154,L155,L156,L157,L158,L160,L169,L178,L179,L182",30,0.9343849631578809,0.9343849631578809,0,,28,False,non_critical,
1,20260708,L114->L124,L114,L124,True,False,0.0,0.0,0.0,1.0000000000000009,"L114,L115,L124",3,1.1902411875077314,1.1902411875077314,0,,1,False,non_critical,
1,20260708,L177->L127,L177,L127,True,False,0.0,0.0,0.0,1.0000000000000002,"L018,L045,L046,L060,L102,L113,L115,L127,L128,L134,L140,L155,L156,L158,L169,L177,L178,L179,L182",19,1.1548237620697945,1.1548237620697945,0,,17,False,non_critical,
1,20260708,L037->L174,L037,L174,True,False,0.0,0.0,0.0,1.0000000000000009,"L018,L019,L020,L037,L045,L046,L060,L102,L111,L113,L115,L128,L134,L140,L155,L156,L158,L169,L174,L178,L179,L182",22,1.1251460037653072,1.1251460037653072,0,,20,False,non_critical,
1,20260708,L027->L077,L027,L077,True,False,0.0,0.0,0.0,1.0000000000000042,"L027,L077",2,1.0004318544898847,1.0004318544898847,0,,0,False,non_critical,
1,20260708,L185->L003,L185,L003,True,False,0.0,0.0,0.0,1.0000000000000009,"L003,L018,L045,L046,L060,L102,L111,L113,L115,L128,L134,L140,L155,L156,L158,L178,L179,L182,L185,L186",20,1.1920443979574304,1.1920443979574304,0,,18,False,non_critical,
1,20260708,L053->L061,L053,L061,True,True,33.88157185629734,33.88157185629734,0.0,1.0,"L018,L045,L046,L053,L060,L061,L102,L109,L111,L113,L115,L128,L134,L140,L155,L156,L158,L178,L179,L182",20,28.77614477734976,28.77614477734976,18,"L018,L045,L046,L060,L102,L109,L111,L113,L115,L128,L134,L140,L155,L156,L158,L178,L179,L182",18,True,relay_cascade,
1,20260708,L097->L094,L097,L094,True,False,0.0,0.0,0.0,1.0000000000000009,"L018,L019,L030,L045,L046,L056,L057,L058,L060,L065,L091,L094,L097,L102,L104,L109,L111,L113,L115,L128,L129,L134,L140,L148,L149,L150,L153,L154,L155,L156,L157,L158,L160,L169,L178,L179,L182",37,1.0219258164245664,1.0219258164245664,0,,35,False,non_critical,
1,20260708,L128->L152,L128,L152,True,True,31.05817161312981,31.05817161312981,0.0,1.0000000000000002,"L018,L045,L046,L060,L102,L113,L115,L128,L134,L140,L152,L155,L156,L158,L178,L179,L182",17,8.189663989095301,8.189663989095301,15,"L018,L045,L046,L060,L102,L113,L115,L134,L140,L155,L156,L158,L178,L179,L182",15,True,relay_cascade,
1,20260708,L094->L186,L094,L186,True,False,0.0,0.0,0.0,1.0000000000000009,"L094,L102,L186",3,1.1092861073628668,1.1092861073628668,0,,1,False,non_critical,
1,20260708,L082->L078,L082,L078,True,False,0.0,0.0,0.0,1.0000000000000675,"L078,L082",2,1.0672771667423921,1.0672771667423921,0,,0,False,non_critical,
1,20260708,L018->L159,L018,L159,True,False,0.0,0.0,0.0,1.0000000000000064,"L018,L128,L140,L155,L156,L158,L159",7,6.242311383290288,6.242311383290288,5,"L128,L140,L155,L156,L158",5,True,non_critical,
1,20260708,L056->L075,L056,L075,True,False,0.0,0.0,0.0,1.000000000000002,"L056,L075",2,1.0030469056750764,1.0030469056750764,0,,0,False,non_critical,
1,20260708,L113->L133,L113,L133,True,True,20.77635989697293,20.77635989697293,0.0,1.0000000000000002,"L018,L045,L046,L060,L102,L109,L111,L113,L115,L128,L133,L134,L140,L155,L156,L158,L169,L178,L179,L182",20,1.067808556709314,1.067808556709314,0,,18,False,island_only,
1,20260708,L167->L082,L167,L082,True,False,0.0,0.0,0.0,1.0000000000000286,"L082,L167,L169",3,1.025170546569993,1.025170546569993,0,,1,False,non_critical,
1,20260708,L017->L009,L017,L009,True,True,36.82232008588366,36.82232008588366,0.0,1.0,"L009,L017,L018,L019,L045,L046,L060,L102,L109,L111,L113,L115,L128,L134,L140,L148,L149,L150,L153,L154,L155,L156,L157,L158,L160,L169,L178,L179,L182",29,3.143738039847475,3.143738039847475,8,"L148,L149,L150,L153,L154,L157,L160,L169",27,True,relay_cascade,
1,20260708,L002->L013,L002,L013,True,False,0.0,0.0,0.0,1.0000000000000004,"L002,L013,L018,L045,L046,L060,L102,L109,L111,L113,L115,L128,L134,L140,L155,L156,L158,L178,L179,L182",20,28.884576289356474,28.884576289356474,18,"L018,L045,L046,L060,L102,L109,L111,L113,L115,L128,L134,L140,L155,L156,L158,L178,L179,L182",18,True,non_critical,
1,20260708,L032->L075,L032,L075,True,False,0.0,0.0,0.0,1.0000000000000002,"L018,L032,L045,L046,L060,L075,L102,L111,L113,L115,L128,L134,L140,L155,L156,L158,L169,L178,L179,L182",20,1.029722953788567,1.029722953788567,0,,18,False,non_critical,
1,20260708,L086->L043,L086,L043,True,False,0.0,0.0,0.0,1.000000000000003,"L043,L086,L182",3,9.346454727030373,9.346454727030373,1,L182,1,True,non_critical,
1,20260708,L134->L035,L134,L035,True,False,0.0,0.0,0.0,1.0000000000000004,"L018,L035,L045,L046,L060,L102,L109,L111,L113,L115,L128,L134,L140,L155,L156,L158,L169,L178,L179,L182",20,1.0297229537885668,1.0297229537885668,0,,18,False,non_critical,
1,20260708,L095->L170,L095,L170,True,False,0.0,0.0,0.0,1.000000000000017,"L095,L170",2,1.0000000000000242,1.0000000000000242,0,,0,False,non_critical,
1,20260708,L121->L046,L121,L046,True,False,0.0,0.0,0.0,1.0,"L046,L121,L128",3,1.0095502656100874,1.0095502656100874,0,,1,False,non_critical,
1,20260708,L085->L138,L085,L138,True,False,0.0,0.0,0.0,1.000000000000002,"L085,L128,L138,L140",4,1.536862780114156,1.536862780114156,2,"L128,L140",2,True,non_critical,
1,20260708,L023->L135,L023,L135,True,False,0.0,0.0,0.0,1.000000000000001,"L018,L023,L025,L026,L045,L046,L060,L102,L113,L115,L128,L134,L135,L140,L155,L156,L158,L178,L179,L182",20,1.197643299921125,1.197643299921125,0,,18,False,non_critical,
1,20260708,L146->L122,L146,L122,True,False,0.0,0.0,0.0,1.0000000000000009,"L122,L128,L146,L155,L156",5,1.031686669165792,1.031686669165792,0,,3,False,non_critical,
1,20260708,L052->L014,L052,L014,True,False,0.0,0.0,0.0,1.0000000000000342,"L014,L052",2,1.00496094358677,1.00496094358677,0,,0,False,non_critical,
1,20260708,L089->L143,L089,L143,True,False,0.0,0.0,0.0,1.0000000000000002,"L018,L045,L046,L060,L089,L102,L109,L111,L113,L115,L128,L134,L140,L143,L155,L156,L158,L169,L178,L179,L182",21,30.49364534214546,30.49364534214546,19,"L018,L045,L046,L060,L102,L109,L111,L113,L115,L128,L134,L140,L155,L156,L158,L169,L178,L179,L182",19,True,non_critical,
1,20260708,L135->L070,L135,L070,True,False,0.0,0.0,0.0,1.0000000000000024,"L070,L077,L078,L102,L128,L135",6,1.461801636595662,1.461801636595662,3,"L077,L078,L102",4,True,non_critical,
1,20260708,L037->L041,L037,L041,True,False,0.0,0.0,0.0,1.0000000000000009,"L018,L019,L020,L037,L041,L045,L046,L060,L102,L111,L113,L115,L128,L134,L140,L155,L156,L158,L169,L178,L179,L182",22,1.1251460037653145,1.1251460037653145,0,,20,False,non_critical,
1,20260708,L169->L033,L169,L033,True,True,7.272188818003705,7.272188818003705,0.0,1.0000000000000004,"L018,L033,L045,L046,L060,L102,L113,L115,L128,L134,L140,L155,L156,L158,L169,L178,L179,L180,L182",19,29.729031474423287,29.729031474423287,17,"L018,L045,L046,L060,L102,L113,L115,L128,L134,L140,L155,L156,L158,L178,L179,L180,L182",17,True,relay_cascade,
1,20260708,L141->L166,L141,L166,True,False,0.0,0.0,0.0,1.0000000000000042,"L128,L140,L141,L156,L166",5,1.0000000000000182,1.0000000000000182,0,,3,False,non_critical,
1,20260708,L003->L148,L003,L148,True,False,0.0,0.0,0.0,1.0000000000000675,"L003,L018,L128,L148",4,1.3423194056235026,1.3423194056235026,1,L128,2,True,non_critical,
1,20260708,L061->L041,L061,L041,True,False,0.0,0.0,0.0,1.0000000000000016,"L018,L041,L045,L046,L060,L061,L102,L113,L115,L128,L134,L140,L155,L156,L158,L178,L179,L182",18,1.192410402703923,1.192410402703923,0,,16,False,non_critical,
1,20260708,L098->L165,L098,L165,True,False,0.0,0.0,0.0,1.0000000000000007,"L098,L102,L165",3,1.0679454907817931,1.0679454907817931,0,,1,False,non_critical,
1,20260708,L045->L028,L045,L028,True,False,0.0,0.0,0.0,1.0000000000000036,"L018,L028,L045,L115",4,1.6856495728673204,1.6856495728673204,2,"L018,L115",2,True,non_critical,
1,20260708,L018->L098,L018,L098,True,False,0.0,0.0,0.0,1.0000000000000009,"L018,L060,L098,L102",4,2.847131061842908,2.847131061842908,2,"L060,L102",2,True,non_critical,
1,20260708,L033->L007,L033,L007,True,True,95.4310507703569,95.4310507703569,0.0,1.000000000000009,"L007,L018,L019,L030,L033,L045,L046,L060,L065,L102,L104,L109,L111,L113,L115,L128,L129,L134,L140,L148,L149,L150,L153,L154,L155,L156,L157,L158,L160,L169,L178,L179,L180,L182",34,3.3460542194008496,3.3460542194008496,14,"L019,L030,L065,L104,L109,L111,L129,L148,L149,L150,L153,L154,L157,L160",32,True,relay_cascade,
1,20260708,L033->L025,L033,L025,True,False,0.0,0.0,0.0,1.0,"L018,L025,L033,L045,L046,L060,L102,L113,L115,L128,L134,L140,L155,L156,L158,L169,L178,L179,L180,L182",20,1.1650855736984826,1.1650855736984826,0,,18,False,non_critical,
1,20260708,L037->L024,L037,L024,True,False,0.0,0.0,0.0,1.0000000000000002,"L018,L019,L020,L024,L037,L045,L046,L060,L102,L111,L113,L115,L128,L134,L140,L155,L156,L158,L169,L178,L179,L182",22,1.1251460037653125,1.1251460037653125,0,,20,False,non_critical,
1,20260708,L128->L133,L128,L133,True,True,20.77635989697293,20.77635989697293,0.0,1.0000000000000002,"L018,L045,L046,L060,L102,L113,L115,L128,L133,L134,L140,L155,L156,L158,L178,L179,L182",17,30.210324417466406,30.210324417466406,15,"L018,L045,L046,L060,L102,L113,L115,L134,L140,L155,L156,L158,L178,L179,L182",15,True,relay_cascade,
1,20260708,L067->L048,L067,L048,True,False,0.0,0.0,0.0,1.000000000000003,"L048,L067",2,1.177322669282632,1.177322669282632,0,,0,False,non_critical,
1,20260708,L043->L108,L043,L108,True,False,0.0,0.0,0.0,1.0000000000000018,"L018,L043,L045,L046,L060,L102,L108,L111,L113,L115,L128,L134,L140,L155,L156,L158,L169,L178,L179,L182",20,29.874652550319535,29.874652550319535,17,"L018,L045,L046,L060,L102,L111,L113,L115,L128,L134,L140,L155,L156,L158,L169,L178,L179",18,True,non_critical,
1,20260708,L061->L175,L061,L175,True,False,0.0,0.0,0.0,1.0000000000000002,"L018,L045,L046,L060,L061,L102,L113,L115,L128,L134,L140,L155,L156,L158,L175,L178,L179,L182",18,1.0521350972932153,1.0521350972932153,0,,16,False,non_critical,
1,20260708,L134->L186,L134,L186,True,False,0.0,0.0,0.0,1.0,"L018,L045,L046,L060,L102,L109,L111,L113,L115,L128,L134,L140,L155,L156,L158,L169,L178,L179,L182,L186",20,1.0297229537885668,1.0297229537885668,0,,18,False,non_critical,
1,20260708,L036->L041,L036,L041,True,False,0.0,0.0,0.0,1.0000000000000036,"L018,L019,L020,L036,L041,L045,L046,L060,L102,L111,L113,L115,L128,L134,L140,L155,L156,L158,L169,L178,L179,L182",22,1.0297229537885635,1.0297229537885635,0,,20,False,non_critical,
1,20260708,L112->L099,L112,L099,True,False,0.0,0.0,0.0,1.0,"L018,L045,L046,L060,L099,L102,L109,L111,L112,L113,L115,L128,L134,L140,L155,L156,L158,L169,L178,L179,L182",21,1.0744502427694786,1.0744502427694786,0,,19,False,non_critical,
1,20260708,L034->L020,L034,L020,True,False,0.0,0.0,0.0,1.0000000000000004,"L018,L020,L034,L040,L045,L046,L060,L102,L109,L111,L113,L115,L128,L134,L140,L155,L156,L158,L178,L179,L182",21,1.1902882074708325,1.1902882074708325,0,,19,False,non_critical,
1,20260708,L152->L113,L152,L113,True,False,0.0,0.0,0.0,1.0000000000000007,"L018,L045,L046,L060,L102,L113,L115,L128,L134,L140,L152,L155,L158,L178,L179,L182",16,1.1932467657206356,1.1932467657206356,0,,14,False,non_critical,
1,20260708,L006->L039,L006,L039,True,False,0.0,0.0,0.0,1.0000000000000004,"L006,L018,L039,L045,L046,L060,L102,L113,L115,L128,L134,L140,L155,L156,L158,L169,L178,L179,L182",19,29.835332320467423,29.835332320467423,17,"L018,L045,L046,L060,L102,L113,L115,L128,L134,L140,L155,L156,L158,L169,L178,L179,L182",17,True,non_critical,
1,20260708,L070->L009,L070,L009,True,True,95.4310507703569,95.4310507703569,0.0,1.0000000000000007,"L009,L018,L019,L030,L045,L046,L065,L070,L102,L104,L109,L111,L113,L115,L128,L129,L134,L140,L148,L149,L150,L153,L154,L155,L156,L157,L158,L160,L169,L178,L179,L182",32,33.07880291113733,33.07880291113733,30,"L018,L019,L030,L045,L046,L065,L102,L104,L109,L111,L113,L115,L128,L129,L134,L140,L148,L149,L150,L153,L154,L155,L156,L157,L158,L160,L169,L178,L179,L182",30,True,relay_cascade,
1,20260708,L171->L147,L171,L147,True,True,43.59265123807146,43.59265123807146,0.0,1.0000000000000007,"L018,L045,L046,L060,L102,L113,L115,L128,L134,L140,L147,L155,L156,L158,L171,L178,L179,L182",18,8.028618897927476,8.028618897927476,16,"L018,L045,L046,L060,L102,L113,L115,L128,L134,L140,L155,L156,L158,L178,L179,L182",16,True,relay_cascade,
1,20260708,L094->L042,L094,L042,True,False,0.0,0.0,0.0,1.0000000000000018,"L042,L094,L102,L182",4,5.097160631151443,5.097160631151443,1,L182,2,True,non_critical,
1,20260708,L014->L076,L014,L076,True,False,0.0,0.0,0.0,1.000000000000023,"L014,L076",2,1.0184272862423267,1.0184272862423267,0,,0,False,non_critical,
1,20260708,L026->L156,L026,L156,True,False,0.0,0.0,0.0,1.000000000000003,"L026,L155,L156",3,1.2557780646063805,1.2557780646063805,1,L155,1,True,non_critical,
1,20260708,L009->L161,L009,L161,True,True,25.8591841142224,25.8591841142224,0.0,1.0000000000000044,"L009,L018,L019,L030,L046,L060,L065,L102,L104,L109,L111,L113,L115,L128,L129,L134,L140,L148,L149,L150,L153,L154,L155,L156,L157,L158,L160,L161,L169,L178,L179,L182",32,0.9571361104219894,0.9571361104219894,0,,30,False,island_only,
1,20260708,L072->L080,L072,L080,True,False,0.0,0.0,0.0,1.000000000000023,"L072,L080",2,1.016473072021373,1.016473072021373,0,,0,False,non_critical,
1,20260708,L148->L095,L148,L095,True,False,0.0,0.0,0.0,1.0000000000000104,"L095,L102,L128,L148,L155",5,2.2797559876257774,2.2797559876257774,1,L102,3,True,non_critical,
1,20260708,L141->L157,L141,L157,True,False,0.0,0.0,0.0,1.0000000000000675,"L128,L140,L141,L155,L156,L157",6,1.8608029630154745,1.8608029630154745,1,L155,4,True,non_critical,
1,20260708,L026->L040,L026,L040,True,False,0.0,0.0,0.0,1.000000000000001,"L026,L040,L182",3,3.8773525392421515,3.8773525392421515,1,L182,1,True,non_critical,
1,20260708,L080->L099,L080,L099,True,False,0.0,0.0,0.0,1.0000000000000004,"L060,L080,L099,L102",4,2.8587766271479214,2.8587766271479214,2,"L060,L102",2,True,non_critical,
1,20260708,L122->L059,L122,L059,True,True,18.346497960874867,18.346497960874867,0.0,1.0000000000000007,"L018,L045,L046,L059,L060,L102,L113,L115,L122,L128,L134,L140,L155,L156,L158,L178,L179,L182",18,28.37849343985183,28.37849343985183,15,"L018,L045,L046,L060,L102,L113,L115,L134,L140,L155,L156,L158,L178,L179,L182",16,True,relay_cascade,
1,20260708,L097->L065,L097,L065,True,False,0.0,0.0,0.0,1.0,"L018,L019,L030,L045,L046,L056,L057,L058,L060,L065,L091,L097,L102,L104,L109,L111,L113,L115,L128,L129,L134,L140,L148,L149,L150,L153,L154,L155,L156,L157,L158,L160,L169,L178,L179,L182",36,1.0219258164245664,1.0219258164245664,0,,34,False,non_critical,
1,20260708,L166->L162,L166,L162,True,False,0.0,0.0,0.0,1.000000000000023,"L128,L155,L156,L162,L166",5,9.83728314940978,9.83728314940978,3,"L128,L155,L156",3,True,non_critical,
1,20260708,L101->L182,L101,L182,True,False,0.0,0.0,0.0,1.0000000000000142,"L101,L182",2,1.0002578987547288,1.0002578987547288,0,,0,False,non_critical,
1,20260708,L064->L171,L064,L171,True,False,0.0,0.0,0.0,1.0000000000000036,"L064,L169,L171",3,1.3143942932180344,1.3143942932180344,1,L169,1,True,non_critical,
1,20260708,L097->L014,L097,L014,True,False,0.0,0.0,0.0,1.0,"L014,L018,L019,L030,L045,L046,L056,L057,L058,L060,L065,L091,L097,L102,L104,L109,L111,L113,L115,L128,L129,L134,L140,L148,L149,L150,L153,L154,L155,L156,L157,L158,L160,L169,L178,L179,L182",37,1.0219258164245664,1.0219258164245664,0,,35,False,non_critical,
1,20260708,L065->L169,L065,L169,True,False,0.0,0.0,0.0,1.0000000000000018,"L065,L169",2,1.0000000000000786,1.0000000000000786,0,,0,False,non_critical,
1,20260708,L153->L114,L153,L114,True,False,0.0,0.0,0.0,1.0000000000000024,"L114,L128,L153,L155",4,1.0059678132350738,1.0059678132350738,0,,2,False,non_critical,
1,20260708,L043->L112,L043,L112,True,False,0.0,0.0,0.0,1.0000000000000004,"L018,L043,L045,L046,L060,L102,L109,L111,L112,L113,L115,L128,L134,L140,L155,L156,L158,L169,L178,L179,L182",21,29.82256341376587,29.82256341376587,18,"L018,L045,L046,L060,L102,L109,L111,L113,L115,L128,L134,L140,L155,L156,L158,L169,L178,L179",19,True,non_critical,
1,20260708,L179->L095,L179,L095,True,False,0.0,0.0,0.0,1.0000000000000064,"L045,L046,L060,L065,L095,L102,L104,L109,L111,L115,L128,L179,L182",13,3.616163020844805,3.616163020844805,11,"L045,L046,L060,L065,L102,L104,L109,L111,L115,L128,L182",11,True,non_critical,
1,20260708,L108->L064,L108,L064,True,False,0.0,0.0,0.0,1.0000000000000018,"L064,L108,L111,L115,L128",5,1.169309920039013,1.169309920039013,0,,3,False,non_critical,
1,20260708,L035->L134,L035,L134,True,False,0.0,0.0,0.0,1.0000000000000004,"L018,L035,L045,L046,L060,L102,L109,L111,L113,L115,L128,L134,L140,L155,L156,L158,L169,L178,L179,L182",20,31.181134283632147,31.181134283632147,17,"L018,L045,L046,L060,L102,L109,L111,L113,L115,L128,L140,L155,L156,L158,L169,L178,L179",18,True,non_critical,
1,20260708,L119->L152,L119,L152,True,True,31.05817161312981,31.05817161312981,0.0,1.0000000000000002,"L018,L045,L046,L060,L102,L113,L115,L119,L128,L134,L140,L152,L155,L158,L178,L179,L182",17,6.047085422445556,6.047085422445556,13,"L018,L045,L046,L060,L102,L113,L134,L140,L155,L158,L178,L179,L182",15,True,relay_cascade,
1,20260708,L144->L104,L144,L104,True,False,0.0,0.0,0.0,1.0000000000000044,"L045,L065,L102,L104,L109,L111,L115,L128,L144,L155,L156,L178,L182",13,3.1963506290001953,3.1963506290001953,8,"L045,L065,L102,L109,L111,L115,L178,L182",11,True,non_critical,
1,20260708,L120->L004,L120,L004,True,False,0.0,0.0,0.0,1.0000000000000013,"L004,L115,L120",3,1.015455125608499,1.015455125608499,0,,1,False,non_critical,
1,20260708,L114->L060,L114,L060,True,False,0.0,0.0,0.0,1.000000000000001,"L060,L114,L115",3,1.0012338091700936,1.0012338091700936,0,,1,False,non_critical,
1,20260708,L057->L113,L057,L113,True,False,0.0,0.0,0.0,1.0000000000000009,"L018,L045,L046,L057,L060,L102,L109,L111,L113,L115,L128,L134,L140,L155,L156,L158,L169,L178,L179,L182",20,29.895487487939434,29.895487487939434,18,"L018,L045,L046,L060,L102,L109,L111,L115,L128,L134,L140,L155,L156,L158,L169,L178,L179,L182",18,True,non_critical,
1,20260708,L079->L087,L079,L087,True,False,0.0,0.0,0.0,1.0000000000000013,"L079,L087",2,1.012804295996165,1.012804295996165,0,,0,False,non_critical,
1,20260708,L017->L039,L017,L039,True,False,0.0,0.0,0.0,1.0000000000000004,"L017,L018,L019,L039,L045,L046,L060,L102,L109,L111,L113,L115,L128,L134,L140,L155,L156,L158,L178,L179,L182",21,1.198097182723138,1.198097182723138,0,,19,False,non_critical,
1,20260708,L048->L107,L048,L107,True,False,0.0,0.0,0.0,1.000000000000005,"L018,L045,L046,L048,L060,L065,L102,L107,L109,L111,L113,L115,L119,L128,L134,L140,L155,L158,L169,L178,L179,L182,L186",23,13.440549621563394,13.440549621563394,21,"L018,L045,L046,L060,L065,L102,L109,L111,L113,L115,L119,L128,L134,L140,L155,L158,L169,L178,L179,L182,L186",21,True,non_critical,
1,20260708,L097->L071,L097,L071,True,True,70.56694602954055,70.56694602954055,0.0,1.0,"L018,L019,L030,L045,L046,L056,L057,L058,L060,L065,L071,L074,L082,L091,L097,L102,L104,L109,L111,L113,L115,L128,L129,L134,L140,L148,L149,L150,L153,L154,L155,L156,L157,L158,L160,L169,L178,L179,L182",39,1.4018000693448236,1.4018000693448236,2,"L074,L082",37,True,relay_cascade,
1,20260708,L055->L004,L055,L004,True,False,0.0,0.0,0.0,1.000000000000017,"L004,L055",2,1.0178011777223475,1.0178011777223475,0,,0,False,non_critical,
1,20260708,L163->L064,L163,L064,True,False,0.0,0.0,0.0,1.0000000000000675,"L064,L163,L169",3,1.127924096598572,1.127924096598572,0,,1,False,non_critical,
1,20260708,L022->L036,L022,L036,True,True,22.50545676159403,22.50545676159403,0.0,1.0,"L018,L019,L022,L036,L044,L045,L046,L048,L060,L102,L111,L113,L115,L128,L134,L140,L155,L156,L158,L178,L179,L182",22,29.506444093688245,29.506444093688245,20,"L018,L019,L044,L045,L046,L048,L060,L102,L111,L113,L115,L128,L134,L140,L155,L156,L158,L178,L179,L182",20,True,relay_cascade,
1,20260708,L140->L154,L140,L154,True,False,0.0,0.0,0.0,1.0000000000000044,"L128,L140,L154,L155",4,7.432990943000819,7.432990943000819,2,"L128,L155",2,True,non_critical,
1,20260708,L178->L026,L178,L026,True,False,0.0,0.0,0.0,1.0000000000000036,"L026,L178",2,1.0044772356807097,1.0044772356807097,0,,0,False,non_critical,
1,20260708,L070->L120,L070,L120,True,False,0.0,0.0,0.0,1.0000000000000675,"L070,L120",2,1.0591075173373572,1.0591075173373572,0,,0,False,non_critical,
1,20260708,L143->L054,L143,L054,True,False,0.0,0.0,0.0,1.0000000000000004,"L018,L030,L044,L045,L046,L054,L060,L065,L078,L102,L104,L109,L111,L113,L115,L128,L134,L140,L143,L149,L150,L153,L154,L155,L156,L158,L160,L169,L178,L179,L182",31,30.684425181911163,30.684425181911163,29,"L018,L030,L044,L045,L046,L060,L065,L078,L102,L104,L109,L111,L113,L115,L128,L134,L140,L149,L150,L153,L154,L155,L156,L158,L160,L169,L178,L179,L182",29,True,non_critical,
1,20260708,L135->L102,L135,L102,True,False,0.0,0.0,0.0,1.000000000000001,"L102,L128,L135",3,1.0553687125777733,1.0553687125777733,0,,1,False,non_critical,
1,20260708,L121->L158,L121,L158,True,False,0.0,0.0,0.0,1.000000000000003,"L121,L128,L156,L158",4,1.3069066738182058,1.3069066738182058,1,L156,2,True,non_critical,
1,20260708,L022->L103,L022,L103,True,False,0.0,0.0,0.0,1.0000000000000018,"L022,L102,L103",3,1.3610263384492673,1.3610263384492673,1,L102,1,True,non_critical,
1,20260708,L046->L003,L046,L003,True,False,0.0,0.0,0.0,1.0000000000000009,"L003,L046",2,1.0184145009871732,1.0184145009871732,0,,0,False,non_critical,
1,20260708,L099->L033,L099,L033,True,True,7.272188818003705,7.272188818003705,0.0,1.0000000000000013,"L018,L033,L045,L046,L060,L099,L102,L113,L115,L128,L134,L140,L155,L156,L158,L169,L178,L179,L180,L182",20,29.761844973431998,29.761844973431998,17,"L018,L045,L046,L060,L113,L115,L128,L134,L140,L155,L156,L158,L169,L178,L179,L180,L182",18,True,relay_cascade,
1,20260708,L028->L078,L028,L078,True,False,0.0,0.0,0.0,1.0000000000000009,"L028,L078",2,1.0440808899168517,1.0440808899168517,0,,0,False,non_critical,
1,20260708,L038->L107,L038,L107,True,False,0.0,0.0,0.0,1.0,"L018,L025,L030,L038,L039,L045,L046,L060,L102,L107,L109,L111,L113,L115,L128,L134,L140,L148,L149,L150,L153,L154,L155,L156,L157,L158,L160,L169,L178,L179,L182",31,0.9343849631578813,0.9343849631578813,0,,29,False,non_critical,
1,20260708,L081->L011,L081,L011,True,False,0.0,0.0,0.0,1.0000000000000675,"L011,L081",2,1.1516597291880144,1.1516597291880144,0,,0,False,non_critical,
1,20260708,L152->L123,L152,L123,True,False,0.0,0.0,0.0,1.0000000000000016,"L018,L045,L046,L060,L102,L113,L115,L123,L128,L134,L140,L152,L155,L158,L178,L179,L182",17,1.1932467657206356,1.1932467657206356,0,,15,False,non_critical,
1,20260708,L122->L147,L122,L147,True,True,43.59265123807146,43.59265123807146,0.0,1.0000000000000016,"L018,L045,L046,L060,L102,L113,L115,L122,L128,L134,L140,L147,L155,L156,L158,L178,L179,L182",18,8.059701501607298,8.059701501607298,15,"L018,L045,L046,L060,L102,L113,L115,L134,L140,L155,L156,L158,L178,L179,L182",16,True,relay_cascade,
1,20260708,L098->L153,L098,L153,True,False,0.0,0.0,0.0,1.0000000000000004,"L098,L102,L128,L153,L155,L156,L158",7,4.5355018338221,4.5355018338221,4,"L128,L155,L156,L158",5,True,non_critical,
1,20260708,L085->L005,L085,L005,True,False,0.0,0.0,0.0,1.0000000000000044,"L005,L085",2,1.1450956542369717,1.1450956542369717,0,,0,False,non_critical,
1,20260708,L163->L129,L163,L129,True,True,7.670172124657193,0.0,7.670172124657193,1.0000000000000018,"L018,L030,L044,L045,L046,L060,L065,L102,L104,L109,L110,L111,L113,L115,L128,L129,L134,L140,L150,L153,L155,L156,L158,L160,L163,L169,L178,L179,L182",29,15.369082057161998,15.369082057161998,26,"L018,L030,L044,L045,L046,L060,L065,L102,L104,L109,L110,L111,L113,L115,L128,L134,L140,L150,L153,L155,L156,L158,L160,L178,L179,L182",27,True,relay_cascade,
1,20260708,L096->L101,L096,L101,True,False,0.0,0.0,0.0,1.000000000000009,"L018,L030,L045,L046,L060,L096,L101,L102,L109,L111,L113,L115,L128,L134,L140,L155,L156,L158,L169,L178,L179,L182",22,1.0713798854498355,1.0713798854498355,0,,20,False,non_critical,
1,20260708,L107->L091,L107,L091,True,False,0.0,0.0,0.0,1.000000000000017,"L091,L102,L107,L128",4,1.016440251407127,1.016440251407127,0,,2,False,non_critical,
1,20260708,L031->L086,L031,L086,True,False,0.0,0.0,0.0,1.0000000000000009,"L018,L025,L031,L035,L040,L043,L045,L046,L060,L086,L102,L109,L111,L113,L115,L128,L134,L140,L155,L156,L158,L178,L179,L182",24,1.1953621985963783,1.1953621985963783,0,,22,False,non_critical,
1,20260708,L136->L126,L136,L126,True,False,0.0,0.0,0.0,1.000000000000001,"L018,L045,L046,L060,L065,L078,L102,L104,L109,L111,L113,L115,L126,L128,L134,L136,L140,L155,L156,L158,L169,L178,L179,L182",24,4.561584456318303,4.561584456318303,20,"L018,L045,L046,L060,L065,L078,L102,L104,L109,L111,L113,L115,L134,L140,L156,L158,L169,L178,L179,L182",22,True,non_critical,
1,20260708,L156->L062,L156,L062,True,False,0.0,0.0,0.0,1.000000000000023,"L060,L062,L065,L128,L156",5,1.8885588928660115,1.8885588928660115,3,"L060,L065,L128",3,True,non_critical,
1,20260708,L089->L103,L089,L103,True,False,0.0,0.0,0.0,1.000000000000023,"L089,L102,L103",3,1.4337986537100758,1.4337986537100758,1,L102,1,True,non_critical,
1,20260708,L096->L130,L096,L130,True,False,0.0,0.0,0.0,1.0,"L018,L030,L045,L046,L060,L096,L102,L109,L111,L113,L115,L128,L130,L134,L140,L155,L156,L158,L169,L178,L179,L182",22,1.0961257187934093,1.0961257187934093,0,,20,False,non_critical,
1,20260708,L179->L138,L179,L138,True,False,0.0,0.0,0.0,1.000000000000023,"L128,L138,L140,L179",4,1.5368627784196625,1.5368627784196625,2,"L128,L140",2,True,non_critical,
1,20260708,L077->L129,L077,L129,True,True,7.670172124657215,0.0,7.670172124657215,1.0000000000000002,"L018,L030,L044,L045,L046,L060,L065,L077,L102,L104,L109,L110,L111,L113,L115,L128,L129,L134,L140,L150,L153,L155,L156,L158,L159,L160,L178,L179,L182",29,15.821253069204397,15.821253069204397,27,"L018,L030,L044,L045,L046,L060,L065,L102,L104,L109,L110,L111,L113,L115,L128,L134,L140,L150,L153,L155,L156,L158,L159,L160,L178,L179,L182",27,True,relay_cascade,
1,20260708,L182->L029,L182,L029,True,True,0.9626995955693163,0.0,0.9626995955693163,1.0000000000000009,"L018,L029,L046,L060,L102,L113,L115,L128,L134,L140,L155,L156,L158,L169,L178,L179,L182",17,29.85554627177446,29.85554627177446,15,"L018,L046,L060,L102,L113,L115,L128,L134,L140,L155,L156,L158,L169,L178,L179",15,True,relay_cascade,
1,20260708,L136->L089,L136,L089,True,False,0.0,0.0,0.0,1.000000000000002,"L089,L128,L136,L155",4,1.0704865136806483,1.0704865136806483,0,,2,False,non_critical,
1,20260708,L103->L138,L103,L138,True,False,0.0,0.0,0.0,1.0000000000000009,"L102,L103,L128,L138,L140",5,1.5368627521026776,1.5368627521026776,2,"L128,L140",3,True,non_critical,
1,20260708,L115->L031,L115,L031,True,False,0.0,0.0,0.0,1.0000000000000002,"L018,L031,L045,L046,L060,L102,L109,L111,L113,L115,L128,L134,L140,L155,L156,L158,L169,L178,L179,L182",20,29.884113576600914,29.884113576600914,18,"L018,L045,L046,L060,L102,L109,L111,L113,L128,L134,L140,L155,L156,L158,L169,L178,L179,L182",18,True,non_critical,
1,20260708,L107->L116,L107,L116,True,False,0.0,0.0,0.0,1.0000000000000675,"L102,L107,L115,L116,L128,L186",6,2.674214707230508,2.674214707230508,2,"L115,L186",4,True,non_critical,
1,20260708,L123->L058,L123,L058,True,False,0.0,0.0,0.0,1.0000000000000027,"L058,L102,L123,L128,L155",5,1.2192620328837094,1.2192620328837094,1,L102,3,True,non_critical,
1,20260708,L078->L169,L078,L169,True,False,0.0,0.0,0.0,1.0000000000000342,"L078,L169",2,1.0000000000000429,1.0000000000000429,0,,0,False,non_critical,
1,20260708,L059->L037,L059,L037,True,False,0.0,0.0,0.0,1.0000000000000004,"L018,L019,L020,L037,L045,L046,L059,L060,L102,L113,L115,L128,L134,L140,L155,L156,L158,L169,L178,L179,L182",21,2.0395279312926045,2.0395279312926045,3,"L019,L020,L169",19,True,non_critical,
1,20260708,L008->L001,L008,L001,True,False,0.0,0.0,0.0,1.0000000000000007,"L001,L008,L017,L018,L019,L020,L022,L037,L045,L046,L060,L102,L113,L115,L128,L134,L140,L155,L156,L158,L169,L178,L179,L182",24,1.0850367217379968,1.0850367217379968,0,,22,False,non_critical,
1,20260708,L032->L045,L032,L045,True,False,0.0,0.0,0.0,1.0000000000000009,"L018,L032,L045,L046,L060,L102,L111,L113,L115,L128,L134,L140,L155,L156,L158,L169,L178,L179,L182",19,1.0297229537885664,1.0297229537885664,0,,17,False,non_critical,
1,20260708,L065->L040,L065,L040,True,False,0.0,0.0,0.0,1.0000000000000018,"L040,L065,L182",3,4.167853865232751,4.167853865232751,1,L182,1,True,non_critical,
1,20260708,L066->L034,L066,L034,True,True,41.04569367595296,41.04569367595296,0.0,1.0000000000000002,"L018,L034,L040,L045,L046,L060,L066,L102,L113,L115,L128,L134,L140,L155,L156,L158,L178,L179,L182",19,28.619797286752217,28.619797286752217,17,"L018,L040,L045,L046,L060,L102,L113,L115,L128,L134,L140,L155,L156,L158,L178,L179,L182",17,True,relay_cascade,
1,20260708,L041->L035,L041,L035,True,False,0.0,0.0,0.0,1.0000000000000002,"L018,L035,L041,L045,L046,L060,L102,L109,L111,L113,L115,L128,L134,L140,L155,L156,L158,L169,L178,L179,L182",21,1.0297229537885662,1.0297229537885662,0,,19,False,non_critical,
1,20260708,L074->L132,L074,L132,True,False,0.0,0.0,0.0,1.0000000000000004,"L074,L128,L132,L155",4,4.253416934623429,4.253416934623429,2,"L128,L155",2,True,non_critical,
1,20260708,L047->L044,L047,L044,True,False,0.0,0.0,0.0,1.0000000000000018,"L018,L044,L045,L046,L047,L060,L102,L109,L111,L113,L115,L128,L134,L140,L155,L156,L158,L178,L179,L182",20,1.1931749506815308,1.1931749506815308,0,,18,False,non_critical,
1,20260708,L089->L064,L089,L064,True,False,0.0,0.0,0.0,1.0000000000000044,"L064,L089",2,1.1299873602014767,1.1299873602014767,0,,0,False,non_critical,
1,20260708,L075->L020,L075,L020,True,False,0.0,0.0,0.0,1.0000000000000009,"L018,L020,L075",3,1.4582713030111827,1.4582713030111827,1,L018,1,True,non_critical,
1,20260708,L110->L091,L110,L091,True,False,0.0,0.0,0.0,1.0000000000000002,"L018,L045,L046,L060,L091,L102,L109,L110,L111,L115,L128,L134,L140,L155,L156,L158,L169,L178,L179,L182",20,1.0744502427694773,1.0744502427694773,0,,18,False,non_critical,
1,20260708,L008->L130,L008,L130,True,False,0.0,0.0,0.0,1.000000000000001,"L008,L017,L018,L019,L020,L022,L037,L045,L046,L060,L102,L113,L115,L128,L130,L134,L140,L155,L156,L158,L169,L178,L179,L182",24,1.1100241226202092,1.1100241226202092,0,,22,False,non_critical,
1,20260708,L006->L078,L006,L078,True,False,0.0,0.0,0.0,1.0000000000000084,"L006,L078",2,1.0209514186007114,1.0209514186007114,0,,0,False,non_critical,
1,20260708,L093->L045,L093,L045,True,False,0.0,0.0,0.0,1.0000000000000142,"L045,L093,L102",3,1.109026043572751,1.109026043572751,0,,1,False,non_critical,
1,20260708,L167->L152,L167,L152,True,True,31.05817161312981,31.05817161312981,0.0,1.0000000000000002,"L018,L045,L046,L060,L102,L113,L115,L128,L134,L140,L152,L155,L158,L167,L169,L178,L179,L182",18,8.189663989095308,8.189663989095308,15,"L018,L045,L046,L060,L102,L113,L115,L128,L134,L140,L155,L158,L178,L179,L182",16,True,relay_cascade,
1,20260708,L106->L020,L106,L020,True,False,0.0,0.0,0.0,1.0000000000000007,"L018,L020,L106",3,1.4679343673655187,1.4679343673655187,1,L018,1,True,non_critical,
1,20260708,L005->L157,L005,L157,True,False,0.0,0.0,0.0,1.000000000000002,"L005,L128,L155,L157",4,1.8286299653673095,1.8286299653673095,2,"L128,L155",2,True,non_critical,
1,20260708,L105->L073,L105,L073,True,False,0.0,0.0,0.0,1.000000000000017,"L065,L073,L105",3,1.0265395259028343,1.0265395259028343,0,,1,False,non_critical,
1,20260708,L180->L028,L180,L028,True,False,0.0,0.0,0.0,1.0000000000000004,"L018,L028,L045,L046,L060,L102,L109,L111,L113,L115,L128,L134,L140,L155,L156,L158,L169,L178,L179,L180,L182",21,1.019694986919867,1.019694986919867,0,,19,False,non_critical,
1,20260708,L164->L160,L164,L160,True,False,0.0,0.0,0.0,1.0000000000000675,"L128,L155,L160,L164",4,4.93810466829772,4.93810466829772,2,"L128,L155",2,True,non_critical,
1,20260708,L156->L064,L156,L064,True,False,0.0,0.0,0.0,1.000000000000001,"L064,L156",2,1.0021145141685008,1.0021145141685008,0,,0,False,non_critical,
1,20260708,L079->L012,L079,L012,True,False,0.0,0.0,0.0,1.0000000000000009,"L001,L012,L014,L015,L018,L019,L020,L045,L046,L060,L079,L102,L109,L111,L113,L115,L128,L134,L140,L155,L156,L158,L178,L179,L182",25,28.8299356253655,28.8299356253655,23,"L001,L014,L015,L018,L019,L020,L045,L046,L060,L102,L109,L111,L113,L115,L128,L134,L140,L155,L156,L158,L178,L179,L182",23,True,non_critical,
1,20260708,L027->L033,L027,L033,True,True,7.272188818003705,7.272188818003705,0.0,1.0000000000000007,"L018,L027,L033,L046,L060,L102,L113,L115,L128,L134,L140,L155,L156,L158,L169,L178,L179,L180,L182",19,29.717305843640865,29.717305843640865,17,"L018,L046,L060,L102,L113,L115,L128,L134,L140,L155,L156,L158,L169,L178,L179,L180,L182",17,True,relay_cascade,
1,20260708,L182->L034,L182,L034,True,True,41.04569367595296,41.04569367595296,0.0,1.0000000000000016,"L018,L034,L040,L045,L046,L060,L102,L109,L111,L112,L113,L115,L128,L134,L140,L155,L156,L158,L178,L179,L182",21,28.61902651269531,28.61902651269531,19,"L018,L040,L045,L046,L060,L102,L109,L111,L112,L113,L115,L128,L134,L140,L155,L156,L158,L178,L179",19,True,relay_cascade,
1,20260708,L152->L048,L152,L048,True,False,0.0,0.0,0.0,1.0000000000000002,"L018,L045,L046,L048,L060,L102,L113,L115,L128,L134,L140,L152,L155,L158,L178,L179,L182",17,1.193246765720626,1.193246765720626,0,,15,False,non_critical,
1,20260708,L040->L027,L040,L027,True,False,0.0,0.0,0.0,1.0000000000000002,"L018,L027,L040,L115,L178,L182",6,1.6668179737860205,1.6668179737860205,3,"L018,L115,L178",4,True,non_critical,
1,20260708,L084->L038,L084,L038,True,True,36.82232008588366,36.82232008588366,0.0,1.0000000000000022,"L018,L030,L032,L038,L045,L046,L065,L084,L104,L109,L111,L113,L115,L128,L134,L140,L148,L149,L150,L153,L154,L155,L156,L157,L158,L160,L169,L178,L179,L182,L186",31,30.678871189224413,30.678871189224413,29,"L018,L030,L032,L045,L046,L065,L104,L109,L111,L113,L115,L128,L134,L140,L148,L149,L150,L153,L154,L155,L156,L157,L158,L160,L169,L178,L179,L182,L186",29,True,relay_cascade,
1,20260708,L128->L179,L128,L179,True,False,0.0,0.0,0.0,1.000000000000001,"L128,L179",2,1.0771591784380077,1.0771591784380077,0,,0,False,non_critical,
1,20260708,L169->L046,L169,L046,True,False,0.0,0.0,0.0,1.0000000000000675,"L046,L169",2,1.0050957016109532,1.0050957016109532,0,,0,False,non_critical,
1,20260708,L175->L157,L175,L157,True,False,0.0,0.0,0.0,1.000000000000001,"L128,L155,L157,L175",4,1.828629980143936,1.828629980143936,2,"L128,L155",2,True,non_critical,
1,20260708,L054->L173,L054,L173,True,False,0.0,0.0,0.0,1.0,"L018,L030,L044,L045,L046,L054,L065,L102,L104,L109,L111,L113,L115,L128,L134,L140,L148,L149,L150,L153,L154,L155,L156,L157,L158,L160,L169,L173,L178,L179,L182",31,1.0028222228137098,1.0028222228137098,0,,29,False,non_critical,
1,20260708,L171->L035,L171,L035,True,False,0.0,0.0,0.0,1.0000000000000004,"L035,L171,L182",3,2.4398073068141457,2.4398073068141457,1,L182,1,True,non_critical,
1,20260708,L173->L174,L173,L174,True,False,0.0,0.0,0.0,1.0000000000000047,"L018,L045,L046,L060,L102,L109,L111,L113,L115,L128,L134,L140,L155,L156,L158,L173,L174,L178,L179,L182",20,24.80878332328502,24.80878332328502,18,"L018,L045,L046,L060,L102,L109,L111,L113,L115,L128,L134,L140,L155,L156,L158,L178,L179,L182",18,True,non_critical,
1,20260708,L002->L166,L002,L166,True,False,0.0,0.0,0.0,1.000000000000003,"L002,L166",2,1.0670248249087162,1.0670248249087162,0,,0,False,non_critical,
1,20260708,L079->L107,L079,L107,True,True,95.4310507703569,95.4310507703569,0.0,1.0000000000000004,"L018,L045,L046,L057,L060,L065,L078,L079,L102,L104,L107,L109,L111,L113,L115,L119,L120,L128,L129,L134,L140,L148,L149,L150,L153,L154,L155,L156,L157,L158,L159,L160,L169,L178,L179,L182,L186",37,13.861983061691213,13.861983061691213,35,"L018,L045,L046,L057,L060,L065,L078,L102,L104,L109,L111,L113,L115,L119,L120,L128,L129,L134,L140,L148,L149,L150,L153,L154,L155,L156,L157,L158,L159,L160,L169,L178,L179,L182,L186",35,True,relay_cascade,
1,20260708,L122->L018,L122,L018,True,False,0.0,0.0,0.0,1.0000000000000016,"L018,L122,L128",3,1.003410225082958,1.003410225082958,0,,1,False,non_critical,
1,20260708,L062->L047,L062,L047,True,True,31.300605334860514,31.300605334860514,0.0,1.0,"L018,L045,L046,L047,L060,L062,L102,L109,L111,L113,L115,L128,L134,L140,L155,L156,L158,L178,L179,L182",20,28.79156512492539,28.79156512492539,18,"L018,L045,L046,L060,L102,L109,L111,L113,L115,L128,L134,L140,L155,L156,L158,L178,L179,L182",18,True,relay_cascade,
1,20260708,L081->L016,L081,L016,True,True,31.514792047850804,31.514792047850804,0.0,1.0000000000000004,"L016,L018,L019,L045,L046,L060,L081,L102,L109,L111,L113,L115,L128,L134,L140,L155,L156,L158,L178,L179,L182",21,28.78252983642731,28.78252983642731,19,"L018,L019,L045,L046,L060,L102,L109,L111,L113,L115,L128,L134,L140,L155,L156,L158,L178,L179,L182",19,True,relay_cascade,
1,20260708,L076->L084,L076,L084,True,False,0.0,0.0,0.0,1.000000000000002,"L076,L077,L078,L084",4,2.620904473008683,2.620904473008683,2,"L077,L078",2,True,non_critical,
1,20260708,L105->L173,L105,L173,True,False,0.0,0.0,0.0,1.000000000000002,"L065,L105,L169,L173",4,1.2964167832257698,1.2964167832257698,1,L169,2,True,non_critical,
1,20260708,L032->L039,L032,L039,True,False,0.0,0.0,0.0,1.0000000000000029,"L018,L032,L039,L045,L046,L060,L102,L111,L113,L115,L128,L134,L140,L155,L156,L158,L169,L178,L179,L182",20,1.0297229537885657,1.0297229537885657,0,,18,False,non_critical,
1,20260708,L074->L133,L074,L133,True,True,20.77635989697293,20.77635989697293,0.0,1.0000000000000002,"L018,L045,L046,L060,L074,L102,L113,L115,L128,L133,L134,L140,L155,L156,L158,L178,L179,L182",18,30.28260870341598,30.28260870341598,16,"L018,L045,L046,L060,L102,L113,L115,L128,L134,L140,L155,L156,L158,L178,L179,L182",16,True,relay_cascade,
1,20260708,L142->L063,L142,L063,True,False,0.0,0.0,0.0,1.000000000000001,"L060,L063,L128,L142",4,1.427745244566485,1.427745244566485,1,L060,2,True,non_critical,
1,20260708,L186->L091,L186,L091,True,False,0.0,0.0,0.0,1.0000000000000675,"L091,L186",2,1.0171759664057936,1.0171759664057936,0,,0,False,non_critical,
1,20260708,L180->L001,L180,L001,True,False,0.0,0.0,0.0,1.0000000000000004,"L001,L018,L045,L046,L060,L102,L109,L111,L113,L115,L128,L134,L140,L155,L156,L158,L169,L178,L179,L180,L182",21,1.0196949869198657,1.0196949869198657,0,,19,False,non_critical,
1,20260708,L107->L025,L107,L025,True,False,0.0,0.0,0.0,1.0000000000000004,"L025,L102,L107,L128,L178",5,1.2512754925337288,1.2512754925337288,1,L178,3,True,non_critical,
1,20260708,L145->L081,L145,L081,True,False,0.0,0.0,0.0,1.0000000000000018,"L081,L128,L145,L155,L156",5,1.1590398879434975,1.1590398879434975,0,,3,False,non_critical,
1,20260708,L130->L098,L130,L098,True,False,0.0,0.0,0.0,1.000000000000023,"L098,L102,L128,L130",4,1.7049375731898715,1.7049375731898715,1,L102,2,True,non_critical,
1,20260708,L004->L075,L004,L075,True,False,0.0,0.0,0.0,1.0000000000000018,"L001,L004,L014,L045,L046,L060,L075,L102,L109,L111,L113,L115,L128,L134,L140,L155,L156,L158,L178,L179,L182",21,1.1899101194271482,1.1899101194271482,0,,19,False,non_critical,
1,20260708,L104->L083,L104,L083,True,False,0.0,0.0,0.0,1.0000000000000675,"L083,L104",2,1.0000355622400012,1.0000355622400012,0,,0,False,non_critical,
1,20260708,L092->L123,L092,L123,True,False,0.0,0.0,0.0,1.0000000000000007,"L092,L123,L128,L155",4,3.363745203203328,3.363745203203328,2,"L128,L155",2,True,non_critical,
1,20260708,L173->L127,L173,L127,True,False,0.0,0.0,0.0,1.0000000000000004,"L018,L045,L046,L060,L065,L078,L102,L104,L109,L111,L113,L115,L127,L128,L134,L140,L155,L158,L173,L178,L179,L182",22,9.296010966866502,9.296010966866502,20,"L018,L045,L046,L060,L065,L078,L102,L104,L109,L111,L113,L115,L128,L134,L140,L155,L158,L178,L179,L182",20,True,non_critical,
1,20260708,L127->L050,L127,L050,True,True,18.346497960874867,18.346497960874867,0.0,1.0000000000000016,"L018,L045,L046,L050,L059,L060,L102,L113,L115,L127,L128,L134,L140,L155,L156,L158,L178,L179,L182",19,28.348459630498116,28.348459630498116,16,"L018,L045,L046,L059,L060,L102,L113,L115,L134,L140,L155,L156,L158,L178,L179,L182",17,True,relay_cascade,
1,20260708,L052->L046,L052,L046,True,False,0.0,0.0,0.0,1.000000000000003,"L046,L052",2,1.0094197746261095,1.0094197746261095,0,,0,False,non_critical,
1,20260708,L142->L068,L142,L068,True,False,0.0,0.0,0.0,1.0000000000000018,"L060,L068,L102,L128,L142",5,2.214716667139984,2.214716667139984,2,"L060,L102",3,True,non_critical,
1,20260708,L141->L127,L141,L127,True,False,0.0,0.0,0.0,1.0000000000000087,"L045,L065,L077,L078,L102,L104,L109,L111,L115,L127,L128,L140,L141,L156,L178,L182",16,4.561584456318285,4.561584456318285,11,"L045,L065,L077,L078,L102,L104,L109,L111,L115,L178,L182",14,True,non_critical,
1,20260708,L151->L022,L151,L022,True,False,0.0,0.0,0.0,1.000000000000001,"L022,L128,L151,L155",4,1.070494066531058,1.070494066531058,0,,2,False,non_critical,
1,20260708,L045->L157,L045,L157,True,False,0.0,0.0,0.0,1.000000000000023,"L045,L128,L155,L157",4,1.8286195964032843,1.8286195964032843,2,"L128,L155",2,True,non_critical,
1,20260708,L075->L148,L075,L148,True,False,0.0,0.0,0.0,1.000000000000002,"L075,L128,L148,L155",4,1.372752147587643,1.372752147587643,2,"L128,L155",2,True,non_critical,
1,20260708,L071->L135,L071,L135,True,False,0.0,0.0,0.0,1.0000000000000004,"L018,L045,L046,L060,L071,L074,L082,L102,L113,L115,L128,L134,L135,L140,L155,L156,L158,L178,L179,L182",20,1.181543261112178,1.181543261112178,0,,18,False,non_critical,
1,20260708,L169->L021,L169,L021,True,True,22.50545676159403,22.50545676159403,0.0,1.0000000000000002,"L018,L019,L021,L024,L026,L044,L045,L046,L048,L060,L102,L109,L111,L112,L113,L115,L128,L134,L140,L155,L156,L158,L169,L178,L179,L182",26,28.275741337037797,28.275741337037797,24,"L018,L019,L024,L026,L044,L045,L046,L048,L060,L102,L109,L111,L112,L113,L115,L128,L134,L140,L155,L156,L158,L178,L179,L182",24,True,relay_cascade,
1,20260708,L149->L180,L149,L180,True,True,7.272188818003705,7.272188818003705,0.0,1.0000000000000002,"L018,L045,L046,L060,L102,L109,L111,L113,L115,L128,L134,L140,L149,L155,L156,L158,L169,L178,L179,L180,L182",21,28.073187288120995,28.073187288120995,18,"L018,L045,L046,L060,L102,L109,L111,L113,L115,L134,L140,L155,L156,L158,L169,L178,L179,L182",19,True,relay_cascade,
1,20260708,L149->L105,L149,L105,True,False,0.0,0.0,0.0,1.000000000000009,"L018,L030,L045,L046,L060,L065,L102,L104,L105,L109,L111,L113,L115,L128,L134,L140,L149,L155,L156,L158,L169,L178,L179,L182",24,28.498178466906687,28.498178466906687,21,"L018,L030,L045,L046,L060,L065,L102,L104,L109,L111,L113,L115,L134,L140,L155,L156,L158,L169,L178,L179,L182",22,True,non_critical,
1,20260708,L127->L124,L127,L124,True,False,0.0,0.0,0.0,1.000000000000023,"L124,L127,L128",3,1.0000000000000142,1.0000000000000142,0,,1,False,non_critical,
1,20260708,L152->L116,L152,L116,True,False,0.0,0.0,0.0,1.0000000000000002,"L018,L045,L046,L060,L102,L113,L115,L116,L128,L134,L140,L152,L155,L158,L178,L179,L182",17,1.193246765720626,1.193246765720626,0,,15,False,non_critical,
1,20260708,L067->L117,L067,L117,True,False,0.0,0.0,0.0,1.0000000000000009,"L067,L115,L117,L128",4,4.389471653010079,4.389471653010079,2,"L115,L128",2,True,non_critical,
1,20260708,L169->L094,L169,L094,True,False,0.0,0.0,0.0,1.000000000000023,"L094,L169",2,1.1252539118206748,1.1252539118206748,0,,0,False,non_critical,
1,20260708,L180->L147,L180,L147,True,True,43.59265123807146,43.59265123807146,0.0,1.0000000000000004,"L018,L045,L046,L060,L102,L109,L111,L113,L115,L128,L134,L140,L147,L155,L156,L158,L169,L178,L179,L180,L182",21,1.093901292580065,1.093901292580065,0,,19,False,island_only,
1,20260708,L080->L022,L080,L022,True,False,0.0,0.0,0.0,1.0000000000000036,"L022,L080",2,1.0689537831953366,1.0689537831953366,0,,0,False,non_critical,
1,20260708,L174->L185,L174,L185,True,True,35.11713329264434,35.11713329264434,0.0,1.0000000000000007,"L018,L045,L046,L060,L102,L109,L111,L113,L115,L128,L134,L140,L155,L156,L158,L174,L175,L178,L179,L182,L185,L186",22,1.5037533940205388,1.5037533940205388,1,L186,20,True,relay_cascade,
1,20260708,L041->L155,L041,L155,True,False,0.0,0.0,0.0,1.0000000000000004,"L018,L041,L045,L046,L060,L102,L109,L111,L113,L115,L128,L134,L140,L155,L156,L158,L169,L178,L179,L182",20,1.0297229537885662,1.0297229537885662,0,,18,False,non_critical,
1,20260708,L069->L101,L069,L101,True,False,0.0,0.0,0.0,1.000000000000002,"L069,L101",2,1.006870324041397,1.006870324041397,0,,0,False,non_critical,
1,20260708,L009->L064,L009,L064,True,False,0.0,0.0,0.0,1.0000000000000016,"L009,L018,L019,L030,L046,L060,L064,L065,L102,L104,L109,L111,L113,L115,L128,L129,L134,L140,L148,L149,L150,L153,L154,L155,L156,L157,L158,L160,L169,L178,L179,L182",32,0.9571361104219894,0.9571361104219894,0,,30,False,non_critical,
1,20260708,L146->L156,L146,L156,True,False,0.0,0.0,0.0,1.000000000000002,"L128,L146,L155,L156",4,1.0000000000000278,1.0000000000000278,0,,2,False,non_critical,
1,20260708,L056->L150,L056,L150,True,False,0.0,0.0,0.0,1.000000000000023,"L056,L128,L140,L150,L155,L156,L158",7,3.271015476584464,3.271015476584464,5,"L128,L140,L155,L156,L158",5,True,non_critical,
1,20260708,L016->L131,L016,L131,True,False,0.0,0.0,0.0,1.0000000000000004,"L016,L018,L045,L046,L060,L102,L109,L111,L113,L115,L128,L131,L134,L140,L155,L156,L158,L178,L179,L182",20,1.1931115031253936,1.1931115031253936,0,,18,False,non_critical,
1,20260708,L048->L067,L048,L067,True,False,0.0,0.0,0.0,1.0000000000000042,"L048,L067,L102",3,1.264953371692208,1.264953371692208,1,L102,1,True,non_critical,
1,20260708,L006->L015,L006,L015,True,True,17.515788549835076,17.515788549835076,0.0,1.0000000000000004,"L006,L015,L018,L045,L046,L060,L102,L109,L111,L113,L115,L128,L134,L140,L155,L156,L158,L178,L179,L182",20,29.003210341454828,29.003210341454828,18,"L018,L045,L046,L060,L102,L109,L111,L113,L115,L128,L134,L140,L155,L156,L158,L178,L179,L182",18,True,relay_cascade,
1,20260708,L090->L060,L090,L060,True,False,0.0,0.0,0.0,1.0000000000000002,"L060,L090,L091",3,1.170459378451301,1.170459378451301,0,,1,False,non_critical,
1,20260708,L117->L005,L117,L005,True,False,0.0,0.0,0.0,1.000000000000002,"L005,L115,L117",3,1.0196250690019995,1.0196250690019995,0,,1,False,non_critical,
1,20260708,L079->L153,L079,L153,True,False,0.0,0.0,0.0,1.0000000000000142,"L079,L153",2,1.052311729767126,1.052311729767126,0,,0,False,non_critical,
1,20260708,L036->L169,L036,L169,True,False,0.0,0.0,0.0,1.0000000000000004,"L018,L019,L020,L036,L045,L046,L060,L102,L111,L113,L115,L128,L134,L140,L155,L156,L158,L169,L178,L179,L182",21,1.029722953788566,1.029722953788566,0,,19,False,non_critical,
1,20260708,L001->L023,L001,L023,True,False,0.0,0.0,0.0,1.0000000000000675,"L001,L018,L023",3,1.7483805519907938,1.7483805519907938,1,L018,1,True,non_critical,
1,20260708,L171->L061,L171,L061,True,True,33.88157185629734,33.88157185629734,0.0,1.0000000000000004,"L018,L045,L046,L060,L061,L102,L109,L111,L113,L115,L128,L134,L140,L155,L156,L158,L171,L178,L179,L182",20,28.770354980662702,28.770354980662702,18,"L018,L045,L046,L060,L102,L109,L111,L113,L115,L128,L134,L140,L155,L156,L158,L178,L179,L182",18,True,relay_cascade,
1,20260708,L061->L183,L061,L183,True,True,81.35922639729833,81.35922639729833,0.0,1.0000000000000004,"L018,L045,L046,L060,L061,L102,L113,L115,L128,L134,L140,L155,L156,L158,L178,L179,L182,L183",18,1.1510562191496145,1.1510562191496145,0,,16,False,island_only,
1,20260708,L103->L134,L103,L134,True,False,0.0,0.0,0.0,1.0,"L018,L045,L046,L060,L102,L103,L109,L111,L113,L115,L128,L134,L140,L155,L156,L158,L169,L178,L179,L182",20,31.193360254758396,31.193360254758396,17,"L018,L045,L046,L060,L109,L111,L113,L115,L128,L140,L155,L156,L158,L169,L178,L179,L182",18,True,non_critical,
1,20260708,L079->L133,L079,L133,True,True,20.77635989697293,20.77635989697293,0.0,1.0000000000000002,"L018,L045,L046,L060,L079,L102,L113,L115,L128,L133,L134,L140,L155,L156,L158,L178,L179,L182",18,30.28147420881968,30.28147420881968,16,"L018,L045,L046,L060,L102,L113,L115,L128,L134,L140,L155,L156,L158,L178,L179,L182",16,True,relay_cascade,
1,20260708,L158->L064,L158,L064,True,False,0.0,0.0,0.0,1.0000000000000675,"L064,L158",2,1.0052174553317479,1.0052174553317479,0,,0,False,non_critical,
1,20260708,L027->L121,L027,L121,True,False,0.0,0.0,0.0,1.000000000000003,"L027,L121,L128,L155",4,9.114697249658153,9.114697249658153,2,"L128,L155",2,True,non_critical,
1,20260708,L171->L076,L171,L076,True,False,0.0,0.0,0.0,1.0000000000000675,"L076,L171",2,1.1081609965549608,1.1081609965549608,0,,0,False,non_critical,
1,20260708,L145->L160,L145,L160,True,False,0.0,0.0,0.0,1.000000000000001,"L128,L145,L155,L156,L160",5,1.0451012337746608,1.0451012337746608,0,,3,False,non_critical,
1,20260708,L025->L120,L025,L120,True,False,0.0,0.0,0.0,1.000000000000023,"L025,L120",2,1.1297686312348216,1.1297686312348216,0,,0,False,non_critical,
1,20260708,L082->L007,L082,L007,True,True,95.4310507703569,95.4310507703569,0.0,1.0000000000000049,"L007,L018,L019,L030,L046,L060,L065,L082,L102,L104,L109,L111,L113,L115,L128,L129,L134,L140,L148,L149,L150,L153,L154,L155,L156,L157,L158,L160,L169,L178,L179,L182",32,33.08493418439286,33.08493418439286,30,"L018,L019,L030,L046,L060,L065,L102,L104,L109,L111,L113,L115,L128,L129,L134,L140,L148,L149,L150,L153,L154,L155,L156,L157,L158,L160,L169,L178,L179,L182",30,True,relay_cascade,
1,20260708,L184->L057,L184,L057,True,False,0.0,0.0,0.0,1.0,"L018,L045,L046,L057,L060,L102,L109,L111,L113,L115,L128,L134,L140,L155,L156,L158,L178,L179,L182,L184",20,1.196034161388531,1.196034161388531,0,,18,False,non_critical,
1,20260708,L004->L116,L004,L116,True,False,0.0,0.0,0.0,1.0000000000000004,"L001,L004,L014,L045,L046,L060,L102,L109,L111,L113,L115,L116,L128,L134,L140,L155,L156,L158,L178,L179,L182",21,1.1899101194271513,1.1899101194271513,0,,19,False,non_critical,
1,20260708,L130->L180,L130,L180,True,True,7.272188818003705,7.272188818003705,0.0,1.0000000000000002,"L018,L045,L046,L060,L102,L109,L111,L113,L115,L128,L130,L134,L140,L155,L156,L158,L169,L178,L179,L180,L182",21,28.92278971021344,28.92278971021344,18,"L018,L045,L046,L060,L102,L109,L111,L113,L115,L134,L140,L155,L156,L158,L169,L178,L179,L182",19,True,relay_cascade,
1,20260708,L070->L018,L070,L018,True,False,0.0,0.0,0.0,1.0,"L018,L070",2,1.0003723902727772,1.0003723902727772,0,,0,False,non_critical,
1,20260708,L089->L092,L089,L092,True,False,0.0,0.0,0.0,1.0000000000000084,"L089,L092",2,1.0026144114732678,1.0026144114732678,0,,0,False,non_critical,
1,20260708,L050->L153,L050,L153,True,False,0.0,0.0,0.0,1.0,"L018,L045,L046,L050,L059,L060,L102,L109,L111,L112,L113,L115,L128,L134,L140,L153,L154,L155,L156,L158,L160,L178,L179,L182",24,2.991965374045918,2.991965374045918,5,"L109,L111,L112,L154,L160",22,True,non_critical,
1,20260708,L091->L062,L091,L062,True,False,0.0,0.0,0.0,1.0000000000000024,"L060,L062,L091",3,1.5916764590137304,1.5916764590137304,1,L060,1,True,non_critical,
1,20260708,L013->L111,L013,L111,True,False,0.0,0.0,0.0,1.000000000000023,"L013,L111,L115",3,1.277891384784383,1.277891384784383,1,L115,1,True,non_critical,
1,20260708,L181->L099,L181,L099,True,False,0.0,0.0,0.0,1.0,"L018,L045,L046,L060,L099,L102,L109,L111,L113,L115,L128,L134,L140,L155,L156,L158,L178,L179,L181,L182",20,1.1962937038550345,1.1962937038550345,0,,18,False,non_critical,
1,20260708,L095->L016,L095,L016,True,True,31.514792047850804,31.514792047850804,0.0,1.0000000000000004,"L016,L018,L045,L046,L060,L095,L102,L109,L111,L113,L115,L128,L134,L140,L155,L156,L158,L178,L179,L182",20,28.790994598527604,28.790994598527604,18,"L018,L045,L046,L060,L102,L109,L111,L113,L115,L128,L134,L140,L155,L156,L158,L178,L179,L182",18,True,relay_cascade,
1,20260708,L053->L114,L053,L114,True,False,0.0,0.0,0.0,1.000000000000017,"L053,L114",2,1.0262683321076782,1.0262683321076782,0,,0,False,non_critical,
1,20260708,L013->L087,L013,L087,True,False,0.0,0.0,0.0,1.0000000000000022,"L013,L087",2,1.0081478859126698,1.0081478859126698,0,,0,False,non_critical,
1,20260708,L130->L027,L130,L027,True,False,0.0,0.0,0.0,1.0,"L018,L027,L045,L046,L060,L102,L113,L115,L128,L130,L134,L140,L155,L156,L158,L169,L178,L179,L182",19,29.35744259923309,29.35744259923309,16,"L018,L045,L046,L060,L102,L113,L115,L134,L140,L155,L156,L158,L169,L178,L179,L182",17,True,non_critical,
1,20260708,L176->L138,L176,L138,True,False,0.0,0.0,0.0,1.0000000000000004,"L018,L045,L046,L060,L102,L109,L111,L113,L115,L128,L134,L138,L140,L155,L158,L176,L178,L179,L182",19,0.9901843428803565,0.9901843428803565,0,,17,False,non_critical,
1,20260708,L108->L071,L108,L071,True,True,70.56694602954055,70.56694602954055,0.0,1.0000000000000002,"L018,L045,L046,L060,L071,L074,L082,L102,L108,L109,L111,L113,L115,L128,L134,L140,L155,L156,L158,L178,L179,L182",22,27.881518206372053,27.881518206372053,17,"L018,L045,L046,L060,L074,L082,L102,L109,L113,L134,L140,L155,L156,L158,L178,L179,L182",20,True,relay_cascade,
1,20260708,L064->L153,L064,L153,True,False,0.0,0.0,0.0,1.000000000000002,"L064,L128,L153,L155,L156,L158",6,3.5769876321934597,3.5769876321934597,4,"L128,L155,L156,L158",4,True,non_critical,
1,20260708,L071->L173,L071,L173,True,False,0.0,0.0,0.0,1.0000000000000004,"L018,L045,L046,L060,L071,L074,L082,L102,L113,L115,L128,L134,L140,L155,L156,L158,L173,L178,L179,L182",20,1.0811322290533891,1.0811322290533891,0,,18,False,non_critical,
1,20260708,L128->L104,L128,L104,True,False,0.0,0.0,0.0,1.0000000000000087,"L045,L065,L077,L078,L102,L104,L109,L111,L115,L128,L178,L182",12,3.1963506290002055,3.1963506290002055,10,"L045,L065,L077,L078,L102,L109,L111,L115,L178,L182",10,True,non_critical,
1,20260708,L076->L185,L076,L185,True,True,35.11713329264434,35.11713329264434,0.0,1.0000000000000004,"L018,L045,L046,L060,L076,L102,L113,L115,L128,L134,L140,L155,L156,L158,L178,L179,L182,L185,L186",19,28.680369641257695,28.680369641257695,17,"L018,L045,L046,L060,L102,L113,L115,L128,L134,L140,L155,L156,L158,L178,L179,L182,L186",17,True,relay_cascade,
1,20260708,L120->L139,L120,L139,True,False,0.0,0.0,0.0,1.0000000000000018,"L115,L120,L128,L139,L140",5,2.5197297431120966,2.5197297431120966,2,"L128,L140",3,True,non_critical,
1,20260708,L118->L090,L118,L090,True,False,0.0,0.0,0.0,1.0000000000000013,"L018,L045,L046,L060,L090,L091,L102,L113,L115,L118,L128,L134,L140,L155,L156,L158,L178,L179,L182,L186",20,2.220173592669699,2.220173592669699,1,L091,18,True,non_critical,
1,20260708,L009->L089,L009,L089,True,False,0.0,0.0,0.0,1.0000000000000007,"L009,L018,L019,L030,L046,L060,L065,L089,L102,L104,L109,L111,L113,L115,L128,L129,L134,L140,L148,L149,L150,L153,L154,L155,L156,L157,L158,L160,L169,L178,L179,L182",32,0.9571361104219894,0.9571361104219894,0,,30,False,non_critical,
1,20260708,L111->L148,L111,L148,True,False,0.0,0.0,0.0,1.000000000000001,"L111,L148",2,1.0120751713198612,1.0120751713198612,0,,0,False,non_critical,
1,20260708,L102->L133,L102,L133,True,True,20.77635989697293,20.77635989697293,0.0,1.0000000000000002,"L018,L045,L046,L060,L102,L113,L115,L128,L133,L134,L140,L155,L156,L158,L178,L179,L182",17,30.30369774645123,30.30369774645123,15,"L018,L045,L046,L060,L113,L115,L128,L134,L140,L155,L156,L158,L178,L179,L182",15,True,relay_cascade,
1,20260708,L057->L093,L057,L093,True,False,0.0,0.0,0.0,1.000000000000023,"L057,L093",2,1.1378971435532501,1.1378971435532501,0,,0,False,non_critical,
1,20260708,L133->L138,L133,L138,True,False,0.0,0.0,0.0,1.0000000000000047,"L018,L045,L046,L060,L102,L113,L115,L128,L133,L134,L138,L140,L155,L156,L158,L178,L179,L182",18,1.1962925000563798,1.1962925000563798,0,,16,False,non_critical,
1,20260708,L139->L185,L139,L185,True,True,35.11713329264434,35.11713329264434,0.0,1.0000000000000036,"L018,L045,L046,L060,L102,L111,L113,L115,L128,L134,L139,L140,L155,L156,L158,L178,L179,L182,L185,L186",20,28.369861557356586,28.369861557356586,16,"L018,L045,L046,L060,L102,L111,L113,L115,L134,L155,L156,L158,L178,L179,L182,L186",18,True,relay_cascade,
1,20260708,L176->L104,L176,L104,True,False,0.0,0.0,0.0,1.0000000000000009,"L018,L045,L046,L060,L102,L104,L109,L111,L113,L115,L128,L134,L140,L155,L158,L176,L178,L179,L182",19,1.0048485129980318,1.0048485129980318,0,,17,False,non_critical,
1,20260708,L153->L014,L153,L014,True,False,0.0,0.0,0.0,1.0000000000000018,"L014,L128,L153,L155",4,1.0064253025269945,1.0064253025269945,0,,2,False,non_critical,
1,20260708,L109->L182,L109,L182,True,False,0.0,0.0,0.0,1.0000000000000004,"L109,L182",2,1.0003160537639728,1.0003160537639728,0,,0,False,non_critical,
1,20260708,L163->L025,L163,L025,True,False,0.0,0.0,0.0,1.000000000000023,"L025,L163,L169",3,1.095268342833745,1.095268342833745,0,,1,False,non_critical,
1,20260708,L062->L103,L062,L103,True,False,0.0,0.0,0.0,1.0000000000000018,"L062,L102,L103",3,1.7533611994595104,1.7533611994595104,1,L102,1,True,non_critical,
1,20260708,L060->L009,L060,L009,True,True,95.4310507703569,95.4310507703569,0.0,1.0000000000000044,"L009,L018,L019,L030,L046,L060,L065,L102,L104,L109,L111,L113,L115,L128,L129,L134,L140,L148,L149,L150,L153,L154,L155,L156,L157,L158,L160,L169,L178,L179,L182",31,33.0844649280406,33.0844649280406,29,"L018,L019,L030,L046,L065,L102,L104,L109,L111,L113,L115,L128,L129,L134,L140,L148,L149,L150,L153,L154,L155,L156,L157,L158,L160,L169,L178,L179,L182",29,True,relay_cascade,
1,20260708,L167->L103,L167,L103,True,False,0.0,0.0,0.0,1.0000000000000675,"L102,L103,L167,L169",4,1.5148241519486294,1.5148241519486294,1,L102,2,True,non_critical,
1,20260708,L051->L091,L051,L091,True,False,0.0,0.0,0.0,1.0000000000000018,"L018,L019,L030,L044,L045,L046,L051,L056,L057,L058,L060,L091,L102,L109,L111,L113,L115,L128,L134,L140,L155,L156,L158,L178,L179,L182",26,1.1680661018790086,1.1680661018790086,0,,24,False,non_critical,
1,20260708,L083->L128,L083,L128,True,False,0.0,0.0,0.0,1.000000000000023,"L083,L128",2,1.0028276240403988,1.0028276240403988,0,,0,False,non_critical,
1,20260708,L046->L029,L046,L029,True,True,0.9626995955693163,0.0,0.9626995955693163,1.0000000000000009,"L018,L029,L046,L060,L102,L113,L115,L128,L134,L140,L155,L156,L158,L169,L178,L179,L182",17,29.855478091129836,29.855478091129836,15,"L018,L060,L102,L113,L115,L128,L134,L140,L155,L156,L158,L169,L178,L179,L182",15,True,relay_cascade,
1,20260708,L119->L114,L119,L114,True,False,0.0,0.0,0.0,1.000000000000002,"L114,L115,L119,L128",4,1.0962748131039337,1.0962748131039337,0,,2,False,non_critical,
1,20260708,L039->L072,L039,L072,True,False,0.0,0.0,0.0,1.000000000000003,"L039,L072",2,1.0636543154158993,1.0636543154158993,0,,0,False,non_critical,
1,20260708,L163->L010,L163,L010,True,False,0.0,0.0,0.0,1.0000000000000022,"L010,L163,L169",3,1.042811895096053,1.042811895096053,0,,1,False,non_critical,
1,20260708,L133->L035,L133,L035,True,False,0.0,0.0,0.0,1.0,"L018,L035,L045,L046,L060,L102,L113,L115,L128,L133,L134,L140,L155,L156,L158,L178,L179,L182",18,1.1962925000563767,1.1962925000563767,0,,16,False,non_critical,
1,20260708,L036->L018,L036,L018,True,False,0.0,0.0,0.0,1.0000000000000004,"L018,L019,L020,L036,L045,L046,L060,L102,L111,L113,L115,L128,L134,L140,L155,L156,L158,L169,L178,L179,L182",21,1.029722953788566,1.029722953788566,0,,19,False,non_critical,
1,20260708,L134->L056,L134,L056,True,False,0.0,0.0,0.0,1.0,"L018,L045,L046,L056,L060,L102,L109,L111,L113,L115,L128,L134,L140,L155,L156,L158,L169,L178,L179,L182",20,1.1865912219463224,1.1865912219463224,0,,18,False,non_critical,
1,20260708,L172->L103,L172,L103,True,False,0.0,0.0,0.0,1.0000000000000675,"L102,L103,L172",3,1.5002147381355497,1.5002147381355497,1,L102,1,True,non_critical,
1,20260708,L149->L160,L149,L160,True,False,0.0,0.0,0.0,1.0000000000000013,"L128,L149,L155,L160",4,4.945013812405924,4.945013812405924,1,L155,2,True,non_critical,
1,20260708,L013->L123,L013,L123,True,False,0.0,0.0,0.0,1.0000000000000675,"L013,L123,L128,L155",4,3.3637358808920257,3.3637358808920257,2,"L128,L155",2,True,non_critical,
1,20260708,L063->L019,L063,L019,True,False,0.0,0.0,0.0,1.000000000000002,"L019,L063",2,1.0135813597230536,1.0135813597230536,0,,0,False,non_critical,
1,20260708,L123->L111,L123,L111,True,False,0.0,0.0,0.0,1.0000000000000024,"L111,L115,L123,L128,L155",5,1.2745372325570323,1.2745372325570323,1,L115,3,True,non_critical,
1,20260708,L022->L049,L022,L049,True,False,0.0,0.0,0.0,1.0000000000000142,"L022,L049",2,1.0166389942836782,1.0166389942836782,0,,0,False,non_critical,
1,20260708,L041->L099,L041,L099,True,False,0.0,0.0,0.0,1.0000000000000009,"L018,L041,L045,L046,L060,L099,L102,L109,L111,L113,L115,L128,L134,L140,L155,L156,L158,L169,L178,L179,L182",21,1.029722953788566,1.029722953788566,0,,19,False,non_critical,
1,20260708,L132->L043,L132,L043,True,False,0.0,0.0,0.0,1.0,"L043,L128,L132,L182",4,5.384831354799324,5.384831354799324,1,L182,2,True,non_critical,
1,20260708,L145->L025,L145,L025,True,False,0.0,0.0,0.0,1.0000000000000018,"L018,L025,L128,L145,L155,L156,L178,L182",8,1.9978175976055113,1.9978175976055113,3,"L018,L178,L182",6,True,non_critical,
1,20260708,L148->L026,L148,L026,True,False,0.0,0.0,0.0,1.000000000000023,"L026,L128,L148,L155",4,1.0071347678018856,1.0071347678018856,0,,2,False,non_critical,
1,20260708,L055->L044,L055,L044,True,False,0.0,0.0,0.0,1.0000000000000036,"L044,L045,L055",3,1.4717099236029252,1.4717099236029252,1,L045,1,True,non_critical,
1,20260708,L157->L133,L157,L133,True,True,20.77635989697293,20.77635989697293,0.0,1.0000000000000002,"L018,L045,L046,L060,L102,L113,L115,L128,L133,L134,L140,L155,L157,L158,L178,L179,L182",17,8.890626385056613,8.890626385056613,13,"L018,L045,L046,L060,L102,L113,L115,L134,L140,L158,L178,L179,L182",15,True,relay_cascade,
1,20260708,L052->L168,L052,L168,True,False,0.0,0.0,0.0,1.000000000000023,"L052,L168",2,1.0000000000000084,1.0000000000000084,0,,0,False,non_critical,
1,20260708,L120->L143,L120,L143,True,False,0.0,0.0,0.0,1.0000000000000004,"L018,L045,L046,L060,L102,L109,L111,L113,L115,L120,L128,L134,L140,L143,L155,L156,L158,L169,L178,L179,L182",21,30.510229254802166,30.510229254802166,18,"L018,L045,L046,L060,L102,L109,L111,L113,L128,L134,L140,L155,L156,L158,L169,L178,L179,L182",19,True,non_critical,
1,20260708,L102->L083,L102,L083,True,False,0.0,0.0,0.0,1.000000000000023,"L083,L102",2,1.0055281981641064,1.0055281981641064,0,,0,False,non_critical,
1,20260708,L076->L029,L076,L029,True,True,0.9626995955692941,0.0,0.9626995955692941,1.0,"L018,L029,L076,L128,L178",5,2.2370587286413253,2.2370587286413253,3,"L018,L128,L178",3,True,relay_cascade,
1,20260708,L110->L179,L110,L179,True,False,0.0,0.0,0.0,1.0,"L018,L045,L046,L060,L102,L109,L110,L111,L115,L128,L134,L140,L155,L156,L158,L169,L178,L179,L182",19,1.0744502427694786,1.0744502427694786,0,,17,False,non_critical,
1,20260708,L041->L164,L041,L164,True,False,0.0,0.0,0.0,1.0000000000000004,"L018,L041,L045,L046,L060,L102,L109,L111,L113,L115,L128,L134,L140,L155,L156,L158,L164,L169,L178,L179,L182",21,1.0297229537885657,1.0297229537885657,0,,19,False,non_critical,
1,20260708,L036->L159,L036,L159,True,False,0.0,0.0,0.0,1.0000000000000002,"L018,L019,L020,L036,L045,L046,L060,L102,L109,L111,L113,L115,L128,L134,L140,L154,L155,L156,L158,L159,L160,L169,L178,L179,L182",25,1.7151547184331322,1.7151547184331322,3,"L109,L154,L160",23,True,non_critical,
1,20260708,L169->L016,L169,L016,True,True,31.514792047850804,31.514792047850804,0.0,1.0000000000000004,"L016,L018,L045,L046,L060,L102,L109,L111,L113,L115,L128,L134,L140,L155,L156,L158,L169,L178,L179,L182",20,28.786493509711153,28.786493509711153,18,"L018,L045,L046,L060,L102,L109,L111,L113,L115,L128,L134,L140,L155,L156,L158,L178,L179,L182",18,True,relay_cascade,
1,20260708,L051->L044,L051,L044,True,False,0.0,0.0,0.0,1.0,"L018,L019,L030,L044,L045,L046,L051,L056,L057,L058,L060,L102,L109,L111,L113,L115,L128,L134,L140,L155,L156,L158,L178,L179,L182",25,1.1680661018790086,1.1680661018790086,0,,23,False,non_critical,
1,20260708,L061->L108,L061,L108,True,False,0.0,0.0,0.0,1.0000000000000007,"L018,L045,L046,L060,L061,L102,L108,L113,L115,L128,L134,L140,L155,L156,L158,L178,L179,L182",18,1.19241040270392,1.19241040270392,0,,16,False,non_critical,
1,20260708,L113->L186,L113,L186,True,False,0.0,0.0,0.0,1.0,"L018,L045,L046,L060,L102,L109,L111,L113,L115,L128,L134,L140,L155,L156,L158,L169,L178,L179,L182,L186",20,1.0297229537885668,1.0297229537885668,0,,18,False,non_critical,
1,20260708,L022->L158,L022,L158,True,False,0.0,0.0,0.0,1.0000000000000022,"L022,L128,L155,L158",4,2.669403102622407,2.669403102622407,2,"L128,L155",2,True,non_critical,
1,20260708,L067->L137,L067,L137,True,False,0.0,0.0,0.0,1.0000000000000675,"L067,L128,L137,L156",4,5.375536675139229,5.375536675139229,2,"L128,L156",2,True,non_critical,
1,20260708,L170->L004,L170,L004,True,False,0.0,0.0,0.0,1.0000000000000002,"L001,L004,L014,L045,L046,L060,L102,L109,L111,L113,L115,L128,L134,L140,L155,L156,L158,L169,L170,L178,L179,L182",22,28.600699945535812,28.600699945535812,20,"L001,L014,L045,L046,L060,L102,L109,L111,L113,L115,L128,L134,L140,L155,L156,L158,L169,L178,L179,L182",20,True,non_critical,
1,20260708,L024->L082,L024,L082,True,False,0.0,0.0,0.0,1.0000000000000286,"L024,L082",2,1.0220173294791242,1.0220173294791242,0,,0,False,non_critical,
1,20260708,L012->L163,L012,L163,True,False,0.0,0.0,0.0,1.0000000000000036,"L012,L018,L163",3,1.1183473224048213,1.1183473224048213,0,,1,False,non_critical,
1,20260708,L185->L073,L185,L073,True,False,0.0,0.0,0.0,1.0000000000000002,"L018,L045,L046,L060,L073,L102,L111,L113,L115,L128,L134,L140,L155,L156,L158,L178,L179,L182,L185,L186",20,1.1920443979574304,1.1920443979574304,0,,18,False,non_critical,
1,20260708,L145->L095,L145,L095,True,False,0.0,0.0,0.0,1.000000000000023,"L095,L102,L128,L145,L155,L156",6,1.4173818152523208,1.4173818152523208,1,L102,4,True,non_critical,
1,20260708,L083->L147,L083,L147,True,True,43.59265123807146,43.59265123807146,0.0,1.0000000000000007,"L018,L045,L046,L060,L083,L102,L113,L115,L128,L134,L140,L147,L155,L156,L158,L178,L179,L182",18,8.032869749590756,8.032869749590756,16,"L018,L045,L046,L060,L102,L113,L115,L128,L134,L140,L155,L156,L158,L178,L179,L182",16,True,relay_cascade,
1,20260708,L167->L091,L167,L091,True,False,0.0,0.0,0.0,1.0000000000000036,"L091,L167,L169",3,1.0015069559297607,1.0015069559297607,0,,1,False,non_critical,
1,20260708,L115->L165,L115,L165,True,False,0.0,0.0,0.0,1.0000000000000007,"L115,L165",2,1.0450029371223064,1.0450029371223064,0,,0,False,non_critical,
1,20260708,L058->L071,L058,L071,True,True,70.56694602954055,70.56694602954055,0.0,1.0000000000000016,"L018,L045,L046,L058,L060,L071,L074,L082,L102,L113,L115,L128,L134,L140,L155,L156,L158,L178,L179,L182",20,28.198049949134358,28.198049949134358,18,"L018,L045,L046,L060,L074,L082,L102,L113,L115,L128,L134,L140,L155,L156,L158,L178,L179,L182",18,True,relay_cascade,
1,20260708,L050->L016,L050,L016,True,True,31.514792047850804,31.514792047850804,0.0,1.0000000000000009,"L016,L018,L045,L046,L050,L059,L060,L102,L113,L115,L128,L134,L140,L155,L156,L158,L178,L179,L182",19,1.18727503475656,1.18727503475656,0,,17,False,island_only,
1,20260708,L136->L109,L136,L109,True,False,0.0,0.0,0.0,1.0000000000000044,"L109,L111,L115,L128,L136,L155",6,1.7722686210508507,1.7722686210508507,2,"L111,L115",4,True,non_critical,
1,20260708,L026->L004,L026,L004,True,False,0.0,0.0,0.0,1.0,"L001,L004,L014,L026,L045,L046,L060,L102,L109,L111,L113,L115,L128,L134,L140,L155,L156,L158,L178,L179,L182",21,28.600742538091417,28.600742538091417,19,"L001,L014,L045,L046,L060,L102,L109,L111,L113,L115,L128,L134,L140,L155,L156,L158,L178,L179,L182",19,True,non_critical,
1,20260708,L145->L111,L145,L111,True,False,0.0,0.0,0.0,1.000000000000023,"L111,L128,L145,L155,L156",5,1.0302186549008532,1.0302186549008532,0,,3,False,non_critical,
1,20260708,L040->L152,L040,L152,True,True,31.05817161312981,31.05817161312981,0.0,1.000000000000005,"L018,L040,L045,L046,L060,L102,L113,L115,L128,L134,L140,L152,L155,L158,L178,L179,L182",17,8.153542358246606,8.153542358246606,14,"L018,L045,L046,L060,L102,L113,L115,L128,L134,L140,L155,L158,L178,L179",15,True,relay_cascade,
1,20260708,L141->L003,L141,L003,True,False,0.0,0.0,0.0,1.0000000000000084,"L003,L128,L140,L141,L156",5,1.0029772607366345,1.0029772607366345,0,,3,False,non_critical,
1,20260708,L070->L022,L070,L022,True,False,0.0,0.0,0.0,1.0000000000000042,"L022,L070",2,1.069896384987068,1.069896384987068,0,,0,False,non_critical,
1,20260708,L132->L154,L132,L154,True,False,0.0,0.0,0.0,1.0000000000000024,"L128,L132,L154,L155,L156",5,5.961277519807843,5.961277519807843,2,"L155,L156",3,True,non_critical,
1,20260708,L123->L100,L123,L100,True,False,0.0,0.0,0.0,1.0000000000000007,"L100,L102,L123,L128,L155",5,1.594844174609487,1.594844174609487,1,L102,3,True,non_critical,
1,20260708,L020->L079,L020,L079,True,False,0.0,0.0,0.0,1.0000000000000022,"L020,L079",2,1.04216682149738,1.04216682149738,0,,0,False,non_critical,
1,20260708,L114->L178,L114,L178,True,False,0.0,0.0,0.0,1.0000000000000042,"L114,L115,L178,L182",4,1.7675067924602494,1.7675067924602494,1,L182,2,True,non_critical,
1,20260708,L102->L040,L102,L040,True,False,0.0,0.0,0.0,1.0000000000000018,"L040,L102,L182",3,4.152158325747024,4.152158325747024,1,L182,1,True,non_critical,
1,20260708,L028->L168,L028,L168,True,False,0.0,0.0,0.0,1.0000000000000022,"L028,L168",2,1.000000000000023,1.000000000000023,0,,0,False,non_critical,
1,20260708,L154->L084,L154,L084,True,False,0.0,0.0,0.0,1.000000000000006,"L084,L128,L154,L155",4,1.005195866740448,1.005195866740448,0,,2,False,non_critical,
1,20260708,L062->L132,L062,L132,True,False,0.0,0.0,0.0,1.0000000000000675,"L062,L128,L132,L155",4,1.2454675465699894,1.2454675465699894,2,"L128,L155",2,True,non_critical,
1,20260708,L124->L147,L124,L147,True,True,43.59265123807146,43.59265123807146,0.0,1.0000000000000047,"L018,L045,L046,L060,L102,L113,L115,L124,L128,L134,L140,L147,L155,L156,L158,L178,L179,L182",18,8.133054191487822,8.133054191487822,15,"L018,L045,L046,L060,L102,L113,L115,L134,L140,L155,L156,L158,L178,L179,L182",16,True,relay_cascade,
1,20260708,L169->L107,L169,L107,True,False,0.0,0.0,0.0,1.0000000000000004,"L102,L107,L111,L128,L169",5,3.613721939361417,3.613721939361417,3,"L102,L111,L128",3,True,non_critical,
1,20260708,L073->L145,L073,L145,True,False,0.0,0.0,0.0,1.0,"L073,L128,L145,L155,L158",5,7.79918852179321,7.79918852179321,3,"L128,L155,L158",3,True,non_critical,
1,20260708,L056->L083,L056,L083,True,False,0.0,0.0,0.0,1.000000000000002,"L056,L083",2,1.0135834678485993,1.0135834678485993,0,,0,False,non_critical,
1,20260708,L099->L111,L099,L111,True,False,0.0,0.0,0.0,1.000000000000023,"L099,L102,L111",3,1.0895697068571197,1.0895697068571197,0,,1,False,non_critical,
1,20260708,L102->L174,L102,L174,True,True,7.200998121470781,7.200998121470781,0.0,1.0000000000000047,"L018,L045,L046,L060,L102,L109,L111,L113,L115,L128,L134,L140,L155,L156,L158,L173,L174,L175,L178,L179,L182",21,24.830476821220447,24.830476821220447,19,"L018,L045,L046,L060,L109,L111,L113,L115,L128,L134,L140,L155,L156,L158,L173,L175,L178,L179,L182",19,True,relay_cascade,
1,20260708,L026->L109,L026,L109,True,False,0.0,0.0,0.0,1.0000000000000675,"L026,L109,L111,L115,L128,L178",6,1.828480442560626,1.828480442560626,4,"L111,L115,L128,L178",4,True,non_critical,
1,20260708,L182->L151,L182,L151,True,False,0.0,0.0,0.0,1.000000000000002,"L128,L151,L182",3,3.1123340597030804,3.1123340597030804,1,L128,1,True,non_critical,
1,20260708,L020->L105,L020,L105,True,False,0.0,0.0,0.0,1.0000000000000018,"L018,L020,L030,L045,L046,L060,L065,L102,L104,L105,L109,L111,L112,L113,L115,L128,L134,L140,L155,L156,L158,L169,L178,L179,L182",25,29.131609643882026,29.131609643882026,23,"L018,L030,L045,L046,L060,L065,L102,L104,L109,L111,L112,L113,L115,L128,L134,L140,L155,L156,L158,L169,L178,L179,L182",23,True,non_critical,
1,20260708,L116->L071,L116,L071,True,True,70.56694602954055,70.56694602954055,0.0,1.0000000000000007,"L018,L045,L046,L060,L071,L074,L082,L102,L109,L111,L113,L115,L116,L128,L134,L140,L155,L156,L158,L178,L179,L182",22,27.881518206372135,27.881518206372135,18,"L018,L045,L046,L060,L074,L082,L102,L109,L111,L113,L134,L140,L155,L156,L158,L178,L179,L182",20,True,relay_cascade,
1,20260708,L179->L147,L179,L147,True,True,43.59265123807146,43.59265123807146,0.0,1.0000000000000002,"L018,L045,L046,L060,L102,L113,L115,L128,L134,L140,L147,L155,L156,L158,L178,L179,L182",17,8.092658226192793,8.092658226192793,15,"L018,L045,L046,L060,L102,L113,L115,L128,L134,L140,L155,L156,L158,L178,L182",15,True,relay_cascade,
1,20260708,L162->L001,L162,L001,True,False,0.0,0.0,0.0,1.000000000000023,"L001,L128,L155,L162",4,1.0103620276493273,1.0103620276493273,0,,2,False,non_critical,
1,20260708,L046->L132,L046,L132,True,False,0.0,0.0,0.0,1.000000000000006,"L046,L128,L132",3,4.438220118171827,4.438220118171827,1,L128,1,True,non_critical,
1,20260708,L043->L105,L043,L105,True,False,0.0,0.0,0.0,1.000000000000001,"L018,L030,L043,L045,L046,L060,L065,L102,L104,L105,L109,L111,L113,L115,L128,L134,L140,L155,L156,L158,L169,L178,L179,L182",24,28.82882863276491,28.82882863276491,21,"L018,L030,L045,L046,L060,L065,L102,L104,L109,L111,L113,L115,L128,L134,L140,L155,L156,L158,L169,L178,L179",22,True,non_critical,
1,20260708,L161->L157,L161,L157,True,False,0.0,0.0,0.0,1.0000000000000013,"L128,L155,L157,L161",4,1.0280499071546187,1.0280499071546187,0,,2,False,non_critical,
1,20260708,L047->L013,L047,L013,True,False,0.0,0.0,0.0,1.0000000000000004,"L013,L018,L045,L046,L047,L060,L102,L109,L111,L113,L115,L128,L134,L140,L155,L156,L158,L178,L179,L182",20,1.1931749506815308,1.1931749506815308,0,,18,False,non_critical,
1,20260708,L053->L083,L053,L083,True,False,0.0,0.0,0.0,1.0000000000000675,"L053,L083",2,1.0081016687363358,1.0081016687363358,0,,0,False,non_critical,
1,20260708,L116->L016,L116,L016,True,True,31.514792047850804,31.514792047850804,0.0,1.0000000000000007,"L016,L018,L019,L045,L046,L060,L102,L109,L111,L113,L115,L116,L128,L134,L140,L155,L156,L158,L178,L179,L182",21,28.2531724923985,28.2531724923985,17,"L018,L019,L045,L046,L060,L102,L109,L111,L113,L134,L140,L155,L156,L158,L178,L179,L182",19,True,relay_cascade,
1,20260708,L160->L106,L160,L106,True,False,0.0,0.0,0.0,1.000000000000001,"L018,L030,L045,L046,L060,L064,L065,L102,L104,L106,L109,L111,L113,L115,L128,L134,L140,L153,L154,L155,L156,L158,L160,L169,L178,L179,L182",27,4.780794853873001,4.780794853873001,23,"L018,L030,L045,L046,L060,L064,L065,L102,L104,L109,L111,L113,L115,L134,L140,L153,L154,L156,L158,L169,L178,L179,L182",25,True,non_critical,
1,20260708,L163->L176,L163,L176,True,False,0.0,0.0,0.0,1.0,"L018,L045,L046,L060,L102,L109,L111,L113,L115,L128,L134,L140,L155,L158,L163,L169,L176,L178,L179,L182",20,21.388236082913675,21.388236082913675,17,"L018,L045,L046,L060,L102,L109,L111,L113,L115,L128,L134,L140,L155,L158,L178,L179,L182",18,True,non_critical,
1,20260708,L043->L123,L043,L123,True,False,0.0,0.0,0.0,1.0000000000000044,"L043,L123,L128,L155,L182",5,3.3609334936172734,3.3609334936172734,2,"L128,L155",3,True,non_critical,
1,20260708,L036->L040,L036,L040,True,False,0.0,0.0,0.0,1.0000000000000038,"L018,L019,L020,L036,L040,L045,L046,L060,L102,L111,L113,L115,L128,L134,L140,L155,L156,L158,L169,L178,L179,L182",22,1.0297229537885646,1.0297229537885646,0,,20,False,non_critical,
1,20260708,L038->L178,L038,L178,True,False,0.0,0.0,0.0,1.0000000000000002,"L018,L025,L030,L038,L039,L045,L046,L060,L102,L109,L111,L113,L115,L128,L134,L140,L148,L149,L150,L153,L154,L155,L156,L157,L158,L160,L169,L178,L179,L182",30,0.9343849631578809,0.9343849631578809,0,,28,False,non_critical,
1,20260708,L181->L091,L181,L091,True,False,0.0,0.0,0.0,1.0000000000000018,"L018,L045,L046,L060,L091,L102,L109,L111,L113,L115,L128,L134,L140,L155,L156,L158,L178,L179,L181,L182",20,1.1962937038550345,1.1962937038550345,0,,18,False,non_critical,
1,20260708,L099->L071,L099,L071,True,True,70.56694602954055,70.56694602954055,0.0,1.0,"L018,L045,L046,L060,L071,L074,L082,L099,L102,L113,L115,L128,L134,L140,L155,L156,L158,L178,L179,L182",20,28.221530889629644,28.221530889629644,17,"L018,L045,L046,L060,L074,L082,L113,L115,L128,L134,L140,L155,L156,L158,L178,L179,L182",18,True,relay_cascade,
1,20260708,L013->L157,L013,L157,True,False,0.0,0.0,0.0,1.000000000000001,"L013,L128,L155,L157",4,1.8286299784875746,1.8286299784875746,2,"L128,L155",2,True,non_critical,
1,20260708,L032->L073,L032,L073,True,False,0.0,0.0,0.0,1.000000000000002,"L018,L032,L045,L046,L060,L073,L102,L111,L113,L115,L128,L134,L140,L155,L156,L158,L169,L178,L179,L182",20,1.0297229537885677,1.0297229537885677,0,,18,False,non_critical,
1,20260708,L066->L151,L066,L151,True,False,0.0,0.0,0.0,1.0000000000000036,"L066,L128,L151",3,3.0508694686119364,3.0508694686119364,1,L128,1,True,non_critical,
1,20260708,L104->L069,L104,L069,True,False,0.0,0.0,0.0,1.0000000000000018,"L060,L069,L104",3,1.3106918042298157,1.3106918042298157,1,L060,1,True,non_critical,
1,20260708,L111->L118,L111,L118,True,False,0.0,0.0,0.0,1.0,"L018,L045,L046,L060,L102,L109,L111,L113,L115,L118,L128,L134,L140,L155,L156,L158,L178,L179,L182,L186",20,28.822598633830783,28.822598633830783,18,"L018,L045,L046,L060,L102,L109,L113,L115,L128,L134,L140,L155,L156,L158,L178,L179,L182,L186",18,True,non_critical,
1,20260708,L088->L003,L088,L003,True,False,0.0,0.0,0.0,1.000000000000003,"L003,L018,L088",3,1.3828221022244334,1.3828221022244334,1,L018,1,True,non_critical,
1,20260708,L073->L119,L073,L119,True,False,0.0,0.0,0.0,1.0000000000000009,"L018,L045,L046,L060,L073,L102,L109,L111,L113,L115,L119,L126,L127,L128,L134,L140,L155,L158,L169,L178,L179,L182",22,6.327350156232913,6.327350156232913,20,"L018,L045,L046,L060,L102,L109,L111,L113,L115,L126,L127,L128,L134,L140,L155,L158,L169,L178,L179,L182",20,True,non_critical,
1,20260708,L180->L087,L180,L087,True,False,0.0,0.0,0.0,1.0000000000000002,"L018,L045,L046,L060,L087,L102,L109,L111,L113,L115,L128,L134,L140,L155,L156,L158,L169,L178,L179,L180,L182",21,1.0196949869198673,1.0196949869198673,0,,19,False,non_critical,
1,20260708,L087->L176,L087,L176,True,False,0.0,0.0,0.0,1.0000000000000009,"L018,L045,L046,L060,L087,L102,L109,L111,L113,L115,L128,L134,L140,L155,L158,L176,L178,L179,L182",19,21.39036765233352,21.39036765233352,17,"L018,L045,L046,L060,L102,L109,L111,L113,L115,L128,L134,L140,L155,L158,L178,L179,L182",17,True,non_critical,
1,20260708,L186->L154,L186,L154,True,False,0.0,0.0,0.0,1.000000000000023,"L128,L154,L155,L186",4,7.549384919217765,7.549384919217765,2,"L128,L155",2,True,non_critical,
1,20260708,L099->L004,L099,L004,True,False,0.0,0.0,0.0,1.000000000000006,"L004,L099,L102",3,1.0000050628453825,1.0000050628453825,0,,1,False,non_critical,
1,20260708,L071->L032,L071,L032,True,False,0.0,0.0,0.0,1.0000000000000004,"L018,L032,L045,L046,L060,L071,L074,L082,L102,L113,L115,L128,L134,L140,L155,L156,L158,L178,L179,L182",20,1.181543261112178,1.181543261112178,0,,18,False,non_critical,
1,20260708,L109->L142,L109,L142,True,False,0.0,0.0,0.0,1.000000000000001,"L109,L142",2,1.0852872794131068,1.0852872794131068,0,,0,False,non_critical,
1,20260708,L042->L069,L042,L069,True,False,0.0,0.0,0.0,1.000000000000006,"L042,L069,L182",3,1.0910619435325397,1.0910619435325397,0,,1,False,non_critical,
1,20260708,L148->L084,L148,L084,True,False,0.0,0.0,0.0,1.0000000000000027,"L084,L128,L148,L155",4,1.0065398130889363,1.0065398130889363,0,,2,False,non_critical,
1,20260708,L105->L125,L105,L125,True,False,0.0,0.0,0.0,1.0000000000000018,"L065,L105,L125,L128",4,2.0146392756625557,2.0146392756625557,1,L128,2,True,non_critical,
1,20260708,L049->L160,L049,L160,True,False,0.0,0.0,0.0,1.0,"L018,L044,L045,L046,L049,L060,L102,L109,L111,L113,L115,L128,L134,L140,L153,L154,L155,L156,L158,L160,L169,L178,L179,L182",24,1.624912728541591,1.624912728541591,5,"L044,L109,L111,L153,L154",22,True,non_critical,
1,20260708,L134->L152,L134,L152,True,True,31.05817161312981,31.05817161312981,0.0,1.0000000000000002,"L018,L045,L046,L060,L102,L109,L111,L113,L115,L128,L134,L140,L152,L155,L156,L158,L169,L178,L179,L182",20,0.9868953644982866,0.9868953644982866,0,,18,False,island_only,
1,20260708,L162->L007,L162,L007,True,False,0.0,0.0,0.0,1.0000000000000002,"L007,L018,L019,L030,L046,L060,L065,L102,L104,L109,L111,L113,L115,L128,L134,L140,L150,L153,L154,L155,L156,L157,L158,L162,L169,L178,L179,L182",28,10.014593592071709,10.014593592071709,24,"L018,L019,L030,L046,L060,L065,L102,L104,L109,L111,L113,L115,L134,L140,L150,L153,L154,L156,L157,L158,L169,L178,L179,L182",26,True,non_critical,
1,20260708,L171->L184,L171,L184,True,True,21.648461416338748,21.648461416338748,0.0,1.0000000000000004,"L018,L045,L046,L060,L102,L109,L111,L113,L115,L128,L134,L140,L155,L156,L158,L171,L178,L179,L182,L184",20,28.939103265922146,28.939103265922146,18,"L018,L045,L046,L060,L102,L109,L111,L113,L115,L128,L134,L140,L155,L156,L158,L178,L179,L182",18,True,relay_cascade,
1,20260708,L046->L004,L046,L004,True,False,0.0,0.0,0.0,1.0000000000000004,"L001,L004,L014,L045,L046,L060,L102,L109,L111,L113,L115,L128,L134,L140,L155,L156,L158,L178,L179,L182",20,28.600608346238406,28.600608346238406,18,"L001,L014,L045,L060,L102,L109,L111,L113,L115,L128,L134,L140,L155,L156,L158,L178,L179,L182",18,True,non_critical,
1,20260708,L041->L036,L041,L036,True,False,0.0,0.0,0.0,1.0000000000000022,"L018,L019,L020,L036,L041,L045,L046,L060,L102,L109,L111,L113,L115,L128,L134,L140,L155,L156,L158,L169,L178,L179,L182",23,1.4618723629395871,1.4618723629395871,2,"L019,L020",21,True,non_critical,
1,20260708,L017->L007,L017,L007,True,True,36.82232008588366,36.82232008588366,0.0,1.0,"L007,L017,L018,L019,L045,L046,L060,L102,L109,L111,L113,L115,L128,L134,L140,L148,L149,L150,L153,L154,L155,L156,L157,L158,L160,L169,L178,L179,L182",29,3.143738039847475,3.143738039847475,8,"L148,L149,L150,L153,L154,L157,L160,L169",27,True,relay_cascade,
1,20260708,L088->L023,L088,L023,True,False,0.0,0.0,0.0,1.0000000000000036,"L023,L088",2,1.0922578826497529,1.0922578826497529,0,,0,False,non_critical,
1,20260708,L073->L162,L073,L162,True,False,0.0,0.0,0.0,1.0000000000000675,"L073,L128,L155,L162",4,6.9163324468766225,6.9163324468766225,2,"L128,L155",2,True,non_critical,
1,20260708,L089->L060,L089,L060,True,False,0.0,0.0,0.0,1.0000000000000036,"L060,L089",2,1.0403958403810614,1.0403958403810614,0,,0,False,non_critical,
1,20260708,L162->L031,L162,L031,True,False,0.0,0.0,0.0,1.0000000000000004,"L018,L031,L043,L046,L060,L102,L109,L111,L113,L115,L128,L134,L140,L155,L158,L162,L169,L178,L179,L182",20,15.187846788672799,15.187846788672799,16,"L018,L043,L046,L060,L102,L109,L111,L113,L115,L134,L140,L158,L169,L178,L179,L182",18,True,non_critical,
1,20260708,L136->L099,L136,L099,True,False,0.0,0.0,0.0,1.000000000000001,"L060,L065,L099,L102,L128,L136,L155",7,2.6306399591236516,2.6306399591236516,3,"L060,L065,L102",5,True,non_critical,
1,20260708,L136->L002,L136,L002,True,False,0.0,0.0,0.0,1.0000000000000047,"L001,L002,L018,L045,L046,L060,L102,L109,L111,L113,L115,L128,L134,L136,L140,L155,L156,L158,L169,L178,L179,L182",22,8.637443310746963,8.637443310746963,18,"L001,L018,L045,L046,L060,L102,L109,L111,L113,L115,L134,L140,L156,L158,L169,L178,L179,L182",20,True,non_critical,
1,20260708,L129->L101,L129,L101,True,False,0.0,0.0,0.0,1.000000000000003,"L101,L102,L128,L129,L155,L156",6,1.2964882948990424,1.2964882948990424,1,L102,4,True,non_critical,
1,20260708,L039->L133,L039,L133,True,True,20.77635989697293,20.77635989697293,0.0,1.0000000000000002,"L018,L039,L045,L046,L060,L102,L109,L111,L113,L115,L128,L133,L134,L140,L155,L156,L158,L178,L179,L182",20,30.280102134318312,30.280102134318312,18,"L018,L045,L046,L060,L102,L109,L111,L113,L115,L128,L134,L140,L155,L156,L158,L178,L179,L182",18,True,relay_cascade,
1,20260708,L080->L037,L080,L037,True,False,0.0,0.0,0.0,1.0000000000000002,"L018,L019,L020,L037,L045,L046,L060,L080,L102,L111,L113,L115,L128,L134,L140,L155,L156,L158,L169,L178,L179,L182",22,30.09680318892406,30.09680318892406,20,"L018,L019,L020,L045,L046,L060,L102,L111,L113,L115,L128,L134,L140,L155,L156,L158,L169,L178,L179,L182",20,True,non_critical,
1,20260708,L090->L118,L090,L118,True,False,0.0,0.0,0.0,1.0000000000000013,"L018,L045,L046,L060,L090,L091,L102,L113,L115,L118,L128,L134,L140,L155,L156,L158,L178,L179,L182,L186",20,28.834890411823505,28.834890411823505,17,"L018,L045,L046,L060,L102,L113,L115,L128,L134,L140,L155,L156,L158,L178,L179,L182,L186",18,True,non_critical,
1,20260708,L045->L181,L045,L181,True,True,20.772296104867053,20.772296104867053,0.0,1.0000000000000004,"L018,L045,L046,L060,L102,L109,L111,L113,L115,L128,L134,L140,L155,L156,L158,L178,L179,L181,L182",19,28.944607281414953,28.944607281414953,17,"L018,L046,L060,L102,L109,L111,L113,L115,L128,L134,L140,L155,L156,L158,L178,L179,L182",17,True,relay_cascade,
1,20260708,L100->L166,L100,L166,True,False,0.0,0.0,0.0,1.0000000000000042,"L100,L166",2,1.0000000000000242,1.0000000000000242,0,,0,False,non_critical,
1,20260708,L169->L139,L169,L139,True,False,0.0,0.0,0.0,1.000000000000023,"L128,L139,L140,L169",4,2.51973071833999,2.51973071833999,2,"L128,L140",2,True,non_critical,
1,20260708,L039->L153,L039,L153,True,False,0.0,0.0,0.0,1.0000000000000009,"L039,L128,L153,L155,L156,L158",6,4.0852616507813035,4.0852616507813035,4,"L128,L155,L156,L158",4,True,non_critical,
1,20260708,L081->L024,L081,L024,True,False,0.0,0.0,0.0,1.0000000000000675,"L018,L024,L081",3,2.120039149819392,2.120039149819392,1,L018,1,True,non_critical,
1,20260708,L063->L168,L063,L168,True,False,0.0,0.0,0.0,1.0000000000000004,"L063,L168",2,1.0000000000000429,1.0000000000000429,0,,0,False,non_critical,
1,20260708,L138->L097,L138,L097,True,False,0.0,0.0,0.0,1.000000000000023,"L060,L065,L077,L078,L097,L102,L138,L140",8,3.670676095205113,3.670676095205113,5,"L060,L065,L077,L078,L102",6,True,non_critical,
1,20260708,L068->L001,L068,L001,True,False,0.0,0.0,0.0,1.0000000000000016,"L001,L060,L068",3,1.0149124447000293,1.0149124447000293,0,,1,False,non_critical,
1,20260708,L140->L149,L140,L149,True,False,0.0,0.0,0.0,1.0000000000000067,"L128,L140,L149",3,7.612858788743392,7.612858788743392,1,L128,1,True,non_critical,
1,20260708,L140->L116,L140,L116,True,False,0.0,0.0,0.0,1.0000000000000286,"L115,L116,L140,L186",4,8.419160268270435,8.419160268270435,2,"L115,L186",2,True,non_critical,
1,20260708,L183->L006,L183,L006,True,False,0.0,0.0,0.0,1.0000000000000009,"L006,L018,L045,L046,L060,L102,L111,L113,L115,L128,L134,L140,L155,L156,L158,L178,L179,L182,L183",19,1.1611977641630833,1.1611977641630833,0,,17,False,non_critical,
1,20260708,L027->L037,L027,L037,True,False,0.0,0.0,0.0,1.0000000000000022,"L018,L019,L020,L027,L037,L045,L046,L060,L102,L113,L115,L128,L134,L140,L155,L156,L158,L169,L178,L179,L182",21,30.08764021155965,30.08764021155965,19,"L018,L019,L020,L045,L046,L060,L102,L113,L115,L128,L134,L140,L155,L156,L158,L169,L178,L179,L182",19,True,non_critical,
1,20260708,L161->L023,L161,L023,True,False,0.0,0.0,0.0,1.0000000000000675,"L018,L023,L128,L155,L161",5,1.464711778413782,1.464711778413782,1,L018,3,True,non_critical,
1,20260708,L100->L120,L100,L120,True,False,0.0,0.0,0.0,1.0000000000000009,"L100,L111,L115,L120,L186",5,1.863241297714181,1.863241297714181,3,"L111,L115,L186",3,True,non_critical,
1,20260708,L002->L074,L002,L074,True,False,0.0,0.0,0.0,1.0,"L002,L074,L077,L078",4,1.414199919654077,1.414199919654077,2,"L077,L078",2,True,non_critical,
1,20260708,L084->L061,L084,L061,True,True,33.88157185629734,33.88157185629734,0.0,1.0000000000000002,"L018,L045,L046,L060,L061,L084,L102,L109,L111,L113,L115,L128,L134,L140,L155,L156,L158,L178,L179,L182",20,28.775962473497145,28.775962473497145,18,"L018,L045,L046,L060,L102,L109,L111,L113,L115,L128,L134,L140,L155,L156,L158,L178,L179,L182",18,True,relay_cascade,
1,20260708,L029->L017,L029,L017,True,True,14.684099265673353,14.684099265673353,0.0,1.0000000000000004,"L017,L018,L019,L029,L045,L046,L060,L102,L109,L111,L112,L113,L115,L128,L134,L140,L155,L156,L158,L169,L178,L179,L182",23,28.99566808567176,28.99566808567176,18,"L019,L046,L060,L102,L109,L111,L112,L113,L115,L128,L134,L140,L155,L156,L158,L169,L179,L182",21,True,relay_cascade,
1,20260708,L113->L089,L113,L089,True,False,0.0,0.0,0.0,1.0000000000000002,"L018,L045,L046,L060,L089,L102,L109,L111,L113,L115,L128,L134,L140,L155,L156,L158,L169,L178,L179,L182",20,1.0297229537885666,1.0297229537885666,0,,18,False,non_critical,
1,20260708,L152->L154,L152,L154,True,False,0.0,0.0,0.0,1.0000000000000013,"L018,L045,L046,L060,L102,L109,L111,L112,L113,L115,L128,L134,L140,L152,L153,L154,L155,L156,L158,L159,L160,L178,L179,L182",24,2.802570936160917,2.802570936160917,7,"L109,L111,L112,L153,L156,L159,L160",22,True,non_critical,
1,20260708,L151->L073,L151,L073,True,False,0.0,0.0,0.0,1.0000000000000009,"L073,L128,L151,L155",4,1.0019115293274525,1.0019115293274525,0,,2,False,non_critical,
1,20260708,L163->L141,L163,L141,True,False,0.0,0.0,0.0,1.0000000000000018,"L128,L140,L141,L149,L155,L156,L163,L169",8,8.114975621270746,8.114975621270746,5,"L128,L140,L149,L155,L156",6,True,non_critical,
1,20260708,L019->L103,L019,L103,True,False,0.0,0.0,0.0,1.0000000000000036,"L019,L102,L103",3,1.8257528415290576,1.8257528415290576,1,L102,1,True,non_critical,
1,20260708,L094->L076,L094,L076,True,False,0.0,0.0,0.0,1.0000000000000675,"L076,L094,L102",3,1.029116648267277,1.029116648267277,0,,1,False,non_critical,
1,20260708,L081->L060,L081,L060,True,False,0.0,0.0,0.0,1.0000000000000675,"L060,L081",2,1.103122079886382,1.103122079886382,0,,0,False,non_critical,
1,20260708,L099->L022,L099,L022,True,False,0.0,0.0,0.0,1.0000000000000042,"L022,L099,L102",3,1.0869453640067306,1.0869453640067306,0,,1,False,non_critical,
1,20260708,L118->L153,L118,L153,True,False,0.0,0.0,0.0,1.0,"L018,L045,L046,L060,L102,L109,L111,L112,L113,L115,L118,L128,L134,L140,L153,L154,L155,L156,L158,L160,L178,L179,L182,L186",24,2.8820382573072014,2.8820382573072014,5,"L109,L111,L112,L154,L160",22,True,non_critical,
1,20260708,L182->L099,L182,L099,True,False,0.0,0.0,0.0,1.0000000000000142,"L060,L099,L102,L182",4,3.0948306965046637,3.0948306965046637,2,"L060,L102",2,True,non_critical,
1,20260708,L016->L159,L016,L159,True,False,0.0,0.0,0.0,1.0,"L016,L018,L044,L045,L046,L060,L102,L109,L111,L113,L115,L128,L134,L140,L154,L155,L156,L158,L159,L160,L178,L179,L182",23,1.6796631702004023,1.6796631702004023,3,"L044,L154,L160",21,True,non_critical,
1,20260708,L027->L057,L027,L057,True,False,0.0,0.0,0.0,1.0000000000000027,"L027,L057",2,1.1453897445629997,1.1453897445629997,0,,0,False,non_critical,
1,20260708,L139->L062,L139,L062,True,False,0.0,0.0,0.0,1.0000000000000016,"L060,L062,L128,L139,L140",5,1.580944855167283,1.580944855167283,1,L060,3,True,non_critical,
1,20260708,L006->L116,L006,L116,True,False,0.0,0.0,0.0,1.000000000000023,"L006,L115,L116",3,7.575433569064045,7.575433569064045,1,L115,1,True,non_critical,
1,20260708,L026->L001,L026,L001,True,False,0.0,0.0,0.0,1.0000000000000675,"L001,L026",2,1.0131625001012057,1.0131625001012057,0,,0,False,non_critical,
1,20260708,L038->L033,L038,L033,True,False,0.0,0.0,0.0,1.0000000000000002,"L018,L025,L030,L033,L038,L039,L045,L046,L060,L102,L109,L111,L113,L115,L128,L134,L140,L148,L149,L150,L153,L154,L155,L156,L157,L158,L160,L169,L178,L179,L182",31,1.1840109282490843,1.1840109282490843,0,,29,False,non_critical,
1,20260708,L143->L104,L143,L104,True,False,0.0,0.0,0.0,1.0000000000000044,"L065,L077,L078,L102,L104,L109,L111,L115,L143,L178,L182",11,3.1961907310075244,3.1961907310075244,9,"L065,L077,L078,L102,L109,L111,L115,L178,L182",9,True,non_critical,
1,20260708,L030->L018,L030,L018,True,False,0.0,0.0,0.0,1.000000000000006,"L018,L030",2,1.003280663853187,1.003280663853187,0,,0,False,non_critical,
1,20260708,L080->L061,L080,L061,True,True,33.88157185629734,33.88157185629734,0.0,1.0000000000000002,"L018,L045,L046,L060,L061,L080,L102,L109,L111,L113,L115,L128,L134,L140,L155,L156,L158,L178,L179,L182",20,28.769666016075234,28.769666016075234,18,"L018,L045,L046,L060,L102,L109,L111,L113,L115,L128,L134,L140,L155,L156,L158,L178,L179,L182",18,True,relay_cascade,
1,20260708,L098->L073,L098,L073,True,False,0.0,0.0,0.0,1.0000000000000036,"L073,L098,L102",3,1.0037116937889579,1.0037116937889579,0,,1,False,non_critical,
1,20260708,L171->L002,L171,L002,True,False,0.0,0.0,0.0,1.0,"L001,L002,L018,L045,L046,L060,L102,L109,L111,L113,L115,L128,L134,L140,L155,L156,L158,L171,L178,L179,L182",21,29.20763018189138,29.20763018189138,19,"L001,L018,L045,L046,L060,L102,L109,L111,L113,L115,L128,L134,L140,L155,L156,L158,L178,L179,L182",19,True,non_critical,
1,20260708,L118->L035,L118,L035,True,False,0.0,0.0,0.0,1.0000000000000002,"L018,L035,L045,L046,L060,L102,L113,L115,L118,L128,L134,L140,L155,L156,L158,L178,L179,L182,L186",19,1.1960233171551111,1.1960233171551111,0,,17,False,non_critical,
1,20260708,L122->L083,L122,L083,True,False,0.0,0.0,0.0,1.000000000000023,"L083,L122,L128",3,1.0465361573668657,1.0465361573668657,0,,1,False,non_critical,
1,20260708,L126->L090,L126,L090,True,False,0.0,0.0,0.0,1.0000000000000018,"L090,L091,L126,L128",4,2.498065636994804,2.498065636994804,1,L091,2,True,non_critical,
1,20260708,L150->L043,L150,L043,True,False,0.0,0.0,0.0,1.0000000000000036,"L043,L150,L155,L156,L182",5,5.384830932539009,5.384830932539009,1,L182,3,True,non_critical,
1,20260708,L057->L092,L057,L092,True,False,0.0,0.0,0.0,1.0000000000000044,"L057,L091,L092",3,1.3017751408616578,1.3017751408616578,1,L091,1,True,non_critical,
1,20260708,L021->L065,L021,L065,True,False,0.0,0.0,0.0,1.0000000000000002,"L018,L019,L021,L026,L044,L045,L046,L048,L060,L065,L102,L109,L111,L113,L115,L128,L134,L140,L155,L156,L158,L178,L179,L182",24,1.1840417238439263,1.1840417238439263,0,,22,False,non_critical,
1,20260708,L176->L149,L176,L149,True,False,0.0,0.0,0.0,1.0000000000000004,"L018,L045,L046,L060,L102,L109,L111,L113,L115,L128,L134,L140,L149,L155,L158,L176,L178,L179,L182",19,0.990184342880357,0.990184342880357,0,,17,False,non_critical,
1,20260708,L103->L033,L103,L033,True,True,7.272188818003705,7.272188818003705,0.0,1.0000000000000002,"L018,L033,L045,L046,L060,L102,L103,L113,L115,L128,L134,L140,L155,L156,L158,L169,L178,L179,L180,L182",20,29.742606740191995,29.742606740191995,17,"L018,L045,L046,L060,L113,L115,L128,L134,L140,L155,L156,L158,L169,L178,L179,L180,L182",18,True,relay_cascade,
1,20260708,L052->L049,L052,L049,True,False,0.0,0.0,0.0,1.000000000000023,"L049,L052",2,1.0359571907156455,1.0359571907156455,0,,0,False,non_critical,
1,20260708,L145->L068,L145,L068,True,False,0.0,0.0,0.0,1.000000000000002,"L060,L068,L102,L128,L145,L155,L156",7,2.178684743643667,2.178684743643667,2,"L060,L102",5,True,non_critical,
1,20260708,L109->L059,L109,L059,True,True,18.346497960874867,18.346497960874867,0.0,1.0000000000000002,"L018,L045,L046,L059,L060,L102,L109,L111,L112,L113,L115,L128,L134,L140,L155,L156,L158,L169,L178,L179,L182",21,29.010872242338884,29.010872242338884,19,"L018,L045,L046,L060,L102,L111,L112,L113,L115,L128,L134,L140,L155,L156,L158,L169,L178,L179,L182",19,True,relay_cascade,
1,20260708,L143->L050,L143,L050,True,True,18.346497960874867,18.346497960874867,0.0,1.0000000000000002,"L018,L045,L046,L050,L059,L060,L102,L109,L111,L113,L115,L128,L134,L140,L143,L155,L156,L158,L169,L178,L179,L182",22,28.976230033586774,28.976230033586774,20,"L018,L045,L046,L059,L060,L102,L109,L111,L113,L115,L128,L134,L140,L155,L156,L158,L169,L178,L179,L182",20,True,relay_cascade,
1,20260708,L036->L177,L036,L177,True,False,0.0,0.0,0.0,1.0000000000000004,"L018,L019,L020,L036,L045,L046,L060,L102,L111,L113,L115,L128,L134,L140,L155,L156,L158,L169,L177,L178,L179,L182",22,1.1548237620697952,1.1548237620697952,0,,20,False,non_critical,
1,20260708,L090->L077,L090,L077,True,False,0.0,0.0,0.0,1.0000000000000036,"L077,L090,L091",3,1.0009343502519747,1.0009343502519747,0,,1,False,non_critical,
1,20260708,L060->L005,L060,L005,True,False,0.0,0.0,0.0,1.0000000000000004,"L005,L060",2,1.096929819832105,1.096929819832105,0,,0,False,non_critical,
1,20260708,L125->L058,L125,L058,True,False,0.0,0.0,0.0,1.0000000000000009,"L058,L102,L125,L128",4,1.2002060752468022,1.2002060752468022,1,L102,2,True,non_critical,
1,20260708,L119->L015,L119,L015,True,False,0.0,0.0,0.0,1.0,"L015,L115,L119,L128",4,1.0147919942982522,1.0147919942982522,0,,2,False,non_critical,
1,20260708,L013->L092,L013,L092,True,False,0.0,0.0,0.0,1.000000000000007,"L013,L092",2,1.0112710086939811,1.0112710086939811,0,,0,False,non_critical,
1,20260708,L164->L089,L164,L089,True,False,0.0,0.0,0.0,1.0000000000000675,"L089,L164",2,1.019949960773407,1.019949960773407,0,,0,False,non_critical,
